====================================================================================================
SEED 5  rule=T1 g=0.075 N=2000 epochs=1500 (paired directed / symmetric, identical seed)
====================================================================================================
[directed ] status=ok snaps=150 BSW_occ=96 windows=4 dead=1824 audit=OK V_max=1049/2000 first_sat=-
    ep    ph    V  b1_H12 b1_H6 b1_S12 b1_S6  occSCC3 feCYC rung12 refl ndstM evapE  E_S  kmean brfrac occ2ecc  gcf  npts wscale wcont slope   r2    fail
      10    SW    7      5     5     3     3   0.00  0.00  1.00     2  2.29     0     9  2.57  0.22  0.71   1.00    0    -     -     -     -   NO_SCALING_PTS
      20    SW   15     13    13     9     9   0.00  0.00    -      0  3.26     0    23  3.07  0.17  0.73   1.00    0    -   0.18    -     -   NO_SCALING_PTS
      30    SW   24     22    22    15    15   0.29  0.30  1.00     0  5.34     0    38  3.17  0.18  0.71   1.00    1    -   0.45    -     -   FEW_RADII
      40    SW   36     34    34    24    24   0.10  0.11  1.00     0  7.92     0    59  3.28  0.17  0.72   1.00    1    -   0.56    -     -   FEW_RADII
      50    SW   49     47    47    35    35   0.00  0.00    -      0  7.26     0    83  3.39  0.14  0.76   1.00    1    -   0.64    -     -   FEW_RADII
      60    SW   54     52    52    41    41   0.00  0.00  1.00     0 11.47     0    94  3.48  0.12  0.80   1.00    1    -   0.58    -     -   FEW_RADII
      70    SW   62     60    60    50    50   0.07  0.07  1.00     0  9.71     0   111  3.58  0.09  0.84   1.00    1    -   0.59    -     -   FEW_RADII
      80    SW   67     65    65    56    56   0.10  0.16  1.00     0 12.05     0   122  3.64  0.07  0.87   1.00    1    -   0.58    -     -   FEW_RADII
      90    SW   74     72    72    59    59   0.09  0.11  1.00     0 12.41     0   132  3.57  0.10  0.82   1.00    1    -   0.61    -     -   FEW_RADII
     100    SW   78     76    76    64    64   0.00  0.00    -      0 13.40     0   141  3.62  0.09  0.85   1.00    1    -   0.60    -     -   FEW_RADII
     110    SW   83     81    81    66    66   0.00  0.00  1.00     0 11.04     0   148  3.57  0.10  0.82   1.00    1    -   0.60    -     -   FEW_RADII
     120    SW   94     92    92    71    71   0.09  0.14  1.00     0 14.18     0   164  3.49  0.13  0.78   1.00    2  0.41  0.64    -     -   FEW_RADII
     130    SW  101     99    99    77    77   0.09  0.12  1.00     0 15.32     0   177  3.50  0.12  0.78   1.00    2  0.41  0.70    -     -   FEW_RADII
     140    SW  111    109   109    88    88   0.12  0.24  1.00     0 14.08     0   198  3.57  0.11  0.81   1.00    2  0.41  0.78    -     -   FEW_RADII
     150    SW  125    123   123   101   101   0.11  0.18  1.00     0 14.11     0   225  3.60  0.10  0.82   1.00    1    -   0.72    -     -   FEW_RADII
     160    SW  153    151   151   119   119   0.00  0.00    -      0 14.34     0   271  3.54  0.12  0.79   1.00    2  0.41  0.80    -     -   FEW_RADII
     170    SW  162    160   160   122   121   0.00  0.00    -      0 15.16     0   282  3.48  0.14  0.76   1.00    2  0.41  0.75    -     -   FEW_RADII
     180    SW  167    165   165   128   125   0.00  0.00  1.00     0 15.53     0   291  3.49  0.14  0.76   1.00    2  0.41  0.77    -     -   FEW_RADII
     190    SW  180    178   178   144   142   0.05  0.07  1.00     0 16.56     0   321  3.57  0.11  0.80   1.00    2  0.41  0.84    -     -   FEW_RADII
     200    SW  190    188   188   154   152   0.00  0.00  1.00     0 10.93     2   341  3.59  0.11  0.81   1.00    1    -   0.80    -     -   FEW_RADII
     210    SW  202    200   199   164   162   0.00  0.00  1.00     0 18.14     0   363  3.59  0.10  0.81   1.00    1    -   0.88    -     -   FEW_RADII
     220    SW  211    209   205   174   170   0.03  0.05  1.00     0 16.79     0   380  3.60  0.10  0.82   1.00    2  0.41  0.96    -     -   FEW_RADII
     230    SW  220    218   214   181   176   0.05  0.08  1.00     0 16.34     0   395  3.59  0.11  0.81   1.00    2  0.41  1.00    -     -   FEW_RADII
     240    SW  235    233   229   190   185   0.07  0.10  1.00     0 16.47     2   419  3.57  0.11  0.80   1.00    2  0.41  1.11    -     -   FEW_RADII
     250    SW  266    264   257   210   202   0.15  0.25  1.00     0 16.41     2   467  3.51  0.13  0.77   1.00    2  0.41  1.13    -     -   FEW_RADII
     260    SW  312    310   304   246   237   0.07  0.14  1.00     0 17.86     4   548  3.51  0.13  0.78   1.00    2  0.41  1.14    -     -   FEW_RADII
     270    SW  344    342   333   275   266   0.00  0.00  1.00     0 17.10     0   609  3.54  0.12  0.79   1.00    3  1.10  1.23    -     -   FEW_RADII
     280    SW  348    346   334   279   269   0.00  0.00  1.00     0 17.12     0   616  3.54  0.12  0.79   1.00    2  0.41  1.05    -     -   FEW_RADII
     290    SW  347    345   334   283   268   0.03  0.05  1.00     0 19.64     6   614  3.54  0.12  0.79   1.00    2  0.41  1.00    -     -   FEW_RADII
     300    SW  352    350   337   292   275   0.00  0.00    -      0 17.53     4   626  3.56  0.11  0.80   1.00    2  0.41  1.09    -     -   FEW_RADII
     310    SW  361    359   347   297   274   0.04  0.04  1.00     0 21.43     2   634  3.51  0.12  0.78   1.00    2  0.41  1.13    -     -   FEW_RADII
     320    SW  366    364   349   305   279   0.04  0.05  1.00     0 20.97     4   644  3.52  0.12  0.79   1.00    3  1.10  1.19    -     -   FEW_RADII
     330    SW  399    397   373   324   296   0.05  0.09  1.00     0 18.17     2   694  3.48  0.13  0.77   1.00    3  1.10  1.25    -     -   FEW_RADII
     340    SW  412    410   376   336   304   0.03  0.05  1.00     0 21.24     6   715  3.47  0.14  0.76   1.00    3  1.10  1.26    -     -   FEW_RADII
     350    SW  415    411   376   337   299   0.03  0.04  1.00     0 20.14     8   713  3.44  0.15  0.75   1.00    2  0.41  1.24    -     -   FEW_RADII
     360    SW  417    413   375   345   304   0.08  0.09  1.00     0 12.80     8   720  3.45  0.14  0.76   1.00    2  0.41  1.19    -     -   FEW_RADII
     370    SW  427    421   385   351   307   0.06  0.07  1.00     0 20.18    16   733  3.43  0.14  0.76   1.00    2  0.41  1.25    -     -   FEW_RADII
     380    SW  425    419   383   354   305   0.02  0.03  1.00     0 18.12    10   729  3.43  0.14  0.76   1.00    2  0.41  1.29    -     -   FEW_RADII
     390    SW  430    422   386   356   296   0.05  0.08  1.00     0 15.45    18   725  3.37  0.16  0.74   1.00    2  0.41  1.28    -     -   FEW_RADII
     400    SW  425    416   381   354   286   0.08  0.11  1.00     0 22.66    13   710  3.34  0.17  0.72   1.00    2  0.41  1.23    -     -   FEW_RADII
     410    SW  421    413   375   356   285   0.06  0.12  1.00     0 18.15    19   705  3.35  0.17  0.72   1.00    3  1.10  1.26    -     -   FEW_RADII
     420    SW  435    425   386   362   286   0.13  0.24  1.00     0 22.98    24   720  3.31  0.18  0.70   1.00    3  1.10  1.39    -     -   FEW_RADII
     430    SW  467    457   411   382   316   0.08  0.12  1.00     0 16.40    22   782  3.35  0.17  0.72   1.00    3  1.10  1.37    -     -   FEW_RADII
     440  METR  529    518   456   407   347   0.05  0.09  1.00     0 17.91    21   875  3.31  0.18  0.70   1.00    4  1.39  1.39  2.57  0.99  -
     450  METR  563    549   486   428   365   0.05  0.09  1.00     0 19.36    19   927  3.29  0.19  0.69   1.00    4  1.39  1.41  2.43  1.00  -
     460    SW  614    599   533   461   388   0.07  0.12  1.00     0 20.22    11  1001  3.26  0.19  0.68   1.00    3  1.10  1.36    -     -   FEW_RADII
     470    SW  627    614   554   491   412   0.06  0.10  1.00     2 19.27    36  1038  3.31  0.18  0.71   1.00    3  1.10  1.37    -     -   FEW_RADII
     480    SW  641    628   570   498   421   0.02  0.03  1.00     1 21.40    24  1061  3.31  0.17  0.71   1.00    3  1.10  1.36    -     -   FEW_RADII
     490    SW  660    647   587   521   448   0.05  0.09  1.00     0 15.94    16  1107  3.35  0.16  0.73   1.00    3  0.69  1.40    -     -   FEW_RADII
     500  METR  712    696   629   571   486   0.05  0.09  1.00     2 21.63    17  1197  3.36  0.16  0.74   1.00    4  1.39  1.39  2.67  1.00  -
     510  METR  762    744   667   622   540   0.08  0.14  1.00     0 17.94    30  1301  3.41  0.14  0.77   1.00    4  1.39  1.45  2.71  1.00  -
     520  METR  849    831   753   690   609   0.09  0.15  1.00     1 21.39    12  1457  3.43  0.13  0.78   1.00    4  1.39  1.42  2.69  1.00  -
     530  METR  904    885   811   722   642   0.03  0.05  1.00     0 21.42    11  1545  3.42  0.14  0.77   1.00    4  1.39  1.44  2.84  1.00  -
     540  METR  921    900   826   737   662   0.04  0.07  1.00     0 19.33    18  1582  3.44  0.13  0.78   1.00    4  1.39  1.50  3.05  1.00  -
     550  METR  947    928   853   769   694   0.08  0.14  1.00     0 20.66    24  1640  3.46  0.12  0.80   1.00    4  1.39  1.49  2.85  1.00  -
     560  METR  992    972   897   798   717   0.05  0.08  1.00     0 17.92    17  1708  3.44  0.12  0.79   1.00    4  1.39  1.53  2.83  1.00  -
     570  METR 1035   1015   942   838   738   0.06  0.12  1.00     0 18.37     6  1772  3.42  0.13  0.78   1.00    4  1.39  1.50  2.93  1.00  -
     580  METR 1049   1027   958   848   746   0.03  0.04  1.00     0 21.63    26  1794  3.42  0.13  0.78   1.00    4  1.39  1.49  2.92  1.00  -
     590  METR 1043   1020   957   846   732   0.03  0.05  1.00     0 20.02    29  1774  3.40  0.14  0.76   1.00    4  1.39  1.49  3.17  1.00  -
     600    SW 1032   1006   945   839   719   0.00  0.00    -      0 20.31    31  1750  3.39  0.14  0.76   1.00    3  0.69  1.41    -     -   FEW_RADII
     610    SW 1025    997   912   834   703   0.00  0.00  1.00     0 25.14    22  1727  3.37  0.15  0.75   1.00    3  0.69  1.42    -     -   FEW_RADII
     620    SW 1019    988   899   832   695   0.00  0.00    -      0 20.29    23  1713  3.36  0.15  0.75   1.00    3  0.69  1.35    -     -   FEW_RADII
     630    SW  995    960   865   813   690   0.02  0.03  1.00     0 20.33    54  1684  3.38  0.14  0.76   1.00    3  0.69  1.34    -     -   FEW_RADII
     640  METR  992    955   850   813   681   0.07  0.13  1.00     0 15.36    34  1672  3.37  0.14  0.76   1.00    4  1.39  1.39  3.19  1.00  -
     650    SW  983    944   839   807   656   0.05  0.06  1.00     7 18.54    46  1638  3.33  0.15  0.75   1.00    3  1.10  1.38    -     -   FEW_RADII
     660    SW  988    947   844   811   634   0.03  0.05  1.00     0 20.80    40  1621  3.28  0.17  0.72   1.00    3  1.10  1.34    -     -   FEW_RADII
     670    SW  995    947   846   804   612   0.03  0.05  1.00     0 13.28    51  1606  3.23  0.18  0.70   1.00    3  1.10  1.38    -     -   FEW_RADII
     680  METR  993    936   832   791   589   0.03  0.04  1.00     2 15.46    69  1581  3.18  0.20  0.68   1.00    4  1.39  1.43  2.84  1.00  -
     690  METR  997    935   817   786   566   0.04  0.05  1.00     1 18.89    65  1562  3.13  0.21  0.66   1.00    4  1.39  1.45  2.63  1.00  -
     700  METR  982    919   755   767   526   0.07  0.14  0.92     5 12.41    87  1507  3.07  0.24  0.64   1.00    4  1.39  1.57  2.76  1.00  -
     710  METR  943    879   712   741   489   0.02  0.03  1.00     2 17.29   101  1431  3.03  0.24  0.63   1.00    5  1.61  1.65  2.74  1.00  -
     720  METR  901    832   679   714   448   0.02  0.03  1.00     1 15.38    95  1348  2.99  0.25  0.62   1.00    4  0.92  1.64  2.88  1.00  -
     730  METR  858    784   623   679   422   0.05  0.07  1.00     0 14.12   125  1278  2.98  0.24  0.64   1.00    5  1.61  1.64  2.68  1.00  -
     740  METR  834    762   582   658   422   0.00  0.00    -      1 15.97    76  1255  3.01  0.23  0.65   1.00    5  1.61  1.64  2.66  1.00  -
     750  METR  801    723   520   629   413   0.00  0.00  1.00     0 17.14    78  1213  3.03  0.21  0.68   1.00    4  0.92  1.62  2.75  1.00  -
     760  METR  755    679   484   593   399   0.27  0.37  1.00     1  7.30    94  1153  3.05  0.19  0.71   1.00    4  0.92  1.53  2.73  1.00  -
     770  METR  711    636   459   556   382   0.00  0.00  1.00     0 13.45    93  1092  3.07  0.16  0.75   1.00    4  0.92  1.52  2.71  1.00  -
     780  METR  685    608   450   538   372   0.14  0.18  1.00     0  7.35    54  1056  3.08  0.14  0.78   1.00    4  0.92  1.48  2.69  1.00  -
     790  METR  663    582   446   518   360   0.05  0.08  1.00     2 19.78    56  1022  3.08  0.14  0.79   1.00    4  0.92  1.63  2.60  1.00  -
     800  METR  657    579   451   509   355   0.02  0.04  1.00     3  6.73    31  1010  3.07  0.14  0.79   1.00    4  0.92  1.57  2.62  1.00  -
     810  METR  655    571   446   505   351   0.03  0.04  1.00     3 10.58    28  1005  3.07  0.14  0.78   1.00    4  0.92  1.62  2.49  1.00  -
     820  METR  655    571   451   499   326   0.08  0.14  1.00     3  9.28    22   980  2.99  0.18  0.74   1.00    4  0.92  1.67  2.49  1.00  -
     830  METR  650    566   447   488   305   0.07  0.09  1.00     0  7.66    48   953  2.93  0.20  0.70   1.00    4  0.92  1.68  2.61  1.00  -
     840  METR  656    573   452   485   298   0.05  0.08  1.00     1 11.55    41   953  2.91  0.23  0.67   1.00    4  0.92  1.73  2.50  1.00  -
     850  METR  638    550   432   467   287   0.06  0.07  1.00     0 10.39    63   924  2.90  0.23  0.67   1.00    5  1.10  1.70  2.50  1.00  -
     860  METR  619    522   413   442   282   0.09  0.15  0.92     3  8.78    73   900  2.91  0.22  0.68   1.00    5  1.10  1.69  2.43  1.00  -
     870  METR  613    507   392   434   275   0.00  0.00  1.00     4  8.70    81   886  2.89  0.23  0.67   1.00    5  1.10  1.84  2.24  1.00  -
     880  METR  595    483   361   417   257   0.00  0.00  1.00     1 10.24    56   851  2.86  0.25  0.65   1.00    5  1.10  1.76  2.34  1.00  -
     890  METR  552    438   327   378   246   0.00  0.00  1.00     0 10.57   100   797  2.89  0.22  0.68   1.00    5  1.10  1.63  2.45  1.00  -
     900  METR  533    416   319   368   245   0.48  0.53  1.00     0  6.12    47   777  2.92  0.20  0.71   1.00    5  1.10  1.65  2.41  1.00  -
     910  METR  543    426   324   369   251   0.12  0.16  1.00     0  7.69    32   793  2.92  0.20  0.70   1.00    5  1.10  1.85  2.02  1.00  -
     920  METR  536    422   327   361   246   0.00  0.00  1.00     5  9.01    35   781  2.91  0.20  0.71   1.00    5  1.10  1.84  1.88  0.99  -
     930  METR  530    410   327   350   245   0.00  0.00  1.00     2  5.10    37   773  2.92  0.20  0.71   0.99    5  1.10  1.79  1.98  0.99  -
     940  METR  507    384   319   335   238   0.00  0.00  1.00     1  9.98    48   743  2.93  0.19  0.72   1.00    6  1.25  1.71  2.14  0.99  -
     950  METR  496    379   316   320   234   0.00  0.00  0.50     6  6.95    24   729  2.94  0.19  0.72   1.00    6  1.25  1.65  2.24  1.00  -
     960  METR  498    381   324   316   232   0.00  0.00    -      3  3.64    20   729  2.93  0.20  0.71   1.00    5  1.10  1.60  2.41  1.00  -
     970  METR  483    366   311   305   214   0.00  0.00  1.00     0  2.62    30   696  2.88  0.22  0.68   1.00    5  1.10  1.58  2.42  1.00  -
     980  METR  454    343   288   285   204   0.33  0.46  1.00    17  5.16    62   657  2.89  0.24  0.65   1.00    5  1.10  1.70  2.20  1.00  -
     990  METR  427    319   276   264   198   0.21  0.24  1.00     2  4.79    63   620  2.90  0.23  0.67   0.97    5  1.10  1.65  2.21  1.00  -
    1000  METR  406    307   266   255   202   0.00  0.00  1.00    12  6.23    55   606  2.99  0.20  0.70   0.99    4  0.92  1.64  2.29  1.00  -
    1010  METR  385    289   250   249   194   0.00  0.00  1.00     6  5.58    41   578  3.00  0.20  0.70   1.00    4  0.92  1.63  2.32  1.00  -
    1020  METR  378    291   260   240   185   0.21  0.33  1.00     0  6.02    41   562  2.97  0.22  0.67   1.00    5  1.61  1.75  1.96  1.00  -
    1030  METR  364    287   258   237   179   0.00  0.00    -      1  6.36    30   542  2.98  0.21  0.68   1.00    5  1.61  1.74  1.93  1.00  -
    1040  METR  353    275   242   231   167   0.00  0.00  1.00     1  5.54    23   519  2.94  0.24  0.65   1.00    6  1.79  1.80  1.99  1.00  -
    1050  METR  329    250   221   215   155   0.00  0.00  1.00     0  6.95    53   483  2.94  0.22  0.67   1.00    4  0.92  1.64  2.13  0.99  -
    1060  METR  315    235   208   201   149   0.00  0.00    -      6  3.83    43   463  2.94  0.22  0.68   1.00    4  0.92  1.62  2.16  0.99  -
    1070  METR  293    212   195   184   130   0.00  0.00  1.00     2  4.63    51   422  2.88  0.23  0.67   1.00    6  1.25  1.60  1.99  0.99  -
    1080  METR  271    198   179   173   123   0.29  0.41  0.83     8  4.14    42   393  2.90  0.23  0.68   1.00    6  1.25  1.63  2.04  0.99  -
    1090  METR  250    179   160   156   112   0.25  0.27  0.67    11  2.38    42   360  2.88  0.17  0.75   0.88    5  1.10  1.58  2.18  1.00  -
    1100  METR  243    183   159   155   113   0.00  0.00    -      4  4.13    32   354  2.91  0.16  0.77   0.93    6  1.25  1.80  1.85  1.00  -
    1110  METR  235    177   150   150   113   0.00  0.00    -      1  5.70    28   346  2.94  0.16  0.76   0.97    6  1.25  1.82  1.81  1.00  -
    1120  METR  225    171   143   146   111   0.00  0.00  1.00     0  4.06    17   335  2.98  0.16  0.76   1.00    6  1.25  1.76  1.85  1.00  -
    1130  METR  228    173   148   150   114   0.32  0.38  1.00     4  3.87     7   341  2.99  0.16  0.75   1.00    7  1.39  1.71  1.88  1.00  -
    1140  METR  242    187   164   157   127   0.46  0.51  1.00     6  3.63    10   368  3.04  0.15  0.76   1.00    7  1.39  1.79  1.82  1.00  -
    1150  METR  250    196   175   160   126   0.00  0.00    -      8  4.32     5   375  3.00  0.19  0.72   1.00    7  1.39  1.87  1.71  1.00  -
    1160  METR  239    185   167   155   123   0.00  0.00    -      0  3.81    28   361  3.02  0.18  0.73   1.00    7  1.39  1.90  1.67  1.00  -
    1170  METR  226    173   154   145   113   0.00  0.00  1.00     4  3.90    29   338  2.99  0.19  0.72   1.00    7  1.39  1.93  1.66  1.00  -
    1180  METR  219    169   147   140   108   0.00  0.00  1.00     0  3.24    13   326  2.98  0.19  0.71   1.00    7  1.39  1.92  1.67  1.00  -
    1190  METR  214    164   144   137   108   0.00  0.00    -      9  4.59    14   321  3.00  0.18  0.73   1.00    7  1.39  1.82  1.69  1.00  -
    1200  METR  210    160   140   135   110   0.00  0.00  1.00     0  4.38    10   319  3.04  0.16  0.75   1.00    7  1.39  1.73  1.72  1.00  -
    1210  METR  210    159   141   136   112   0.20  0.22  1.00     6  5.06     5   321  3.06  0.15  0.77   1.00    9  1.61  1.89  1.58  1.00  -
    1220  METR  208    159   138   136   110   0.00  0.00    -      1  3.03     8   317  3.05  0.14  0.79   1.00    9  1.61  1.88  1.56  1.00  -
    1230  METR  207    156   137   135   110   0.00  0.00    -      3  3.92     4   316  3.05  0.14  0.79   1.00    8  1.50  1.74  1.69  1.00  -
    1240  METR  206    153   136   134   106   0.00  0.00  0.00     1  3.22     6   311  3.02  0.15  0.78   1.00    8  1.50  1.81  1.61  1.00  -
    1250  METR  203    150   131   131   101   0.00  0.00    -      5  3.20     6   303  2.99  0.16  0.76   1.00    7  1.39  1.69  1.75  1.00  -
    1260  METR  197    142   124   125    95   0.00  0.00  1.00     0  5.76    20   291  2.95  0.19  0.74   1.00    6  1.25  1.68  1.79  1.00  -
    1270  METR  192    136   118   125    90   0.00  0.00    -      1  4.44    19   280  2.92  0.19  0.73   0.97    6  1.25  1.77  1.64  1.00  -
    1280  METR  177    120   106   111    83   0.00  0.00    -      0  4.61    31   259  2.93  0.18  0.74   1.00    6  1.25  1.69  1.65  1.00  -
    1290  METR  170    110   100   101    78   0.00  0.00    -      1  3.77    17   247  2.91  0.18  0.75   1.00    6  1.25  1.69  1.64  1.00  -
    1300  METR  168    108    97   100    75   0.00  0.00    -      0  4.12     4   242  2.88  0.20  0.72   1.00    7  1.39  1.68  1.62  1.00  -
    1310  METR  166    106    94    97    78   0.00  0.00    -      1  3.07     8   243  2.93  0.16  0.77   1.00    6  1.25  1.64  1.67  1.00  -
    1320  METR  162    102    88    96    76   0.00  0.00    -      1  2.75     8   237  2.93  0.16  0.77   1.00    6  1.25  1.62  1.69  1.00  -
    1330  METR  158     97    84    91    67   0.00  0.00    -      0  3.16     9   224  2.84  0.19  0.73   1.00    7  1.39  1.73  1.62  1.00  -
    1340  METR  157     96    84    90    60   0.00  0.00    -      2  2.92     4   216  2.75  0.24  0.68   1.00    7  1.39  1.80  1.49  0.99  -
    1350  METR  151     90    80    85    61   0.00  0.00    -      0  4.77    12   210  2.78  0.20  0.72   0.97    7  1.39  1.53  1.75  1.00  -
    1360  METR  137     85    78    82    60   0.00  0.00    -      2  3.91    21   196  2.86  0.17  0.76   1.00    7  1.39  1.54  1.69  1.00  -
    1370  METR  128     77    69    74    58   0.00  0.00  1.00     0  5.41    17   185  2.89  0.15  0.80   1.00    6  1.25  1.58  1.56  1.00  -
    1380  METR  136     85    77    74    61   0.00  0.00    -      1  3.85     8   196  2.88  0.16  0.79   1.00    6  1.25  1.80  1.34  0.99  -
    1390  METR  137     87    79    76    62   0.00  0.00    -      0  4.04     3   198  2.89  0.17  0.77   1.00    6  1.25  1.85  1.30  0.99  -
    1400  METR  133     83    75    74    62   0.00  0.00    -      0  2.16     8   194  2.92  0.15  0.80   1.00    6  1.25  1.83  1.26  0.99  -
    1410  METR  136     86    79    77    60   0.00  0.00    -      0  5.11     6   195  2.87  0.16  0.78   1.00    7  1.95  1.95  1.21  0.98  -
    1420  METR  135     85    75    77    58   0.00  0.00    -      0  2.96     2   192  2.84  0.17  0.78   1.00    8  2.08  2.10  1.17  0.97  -
    1430  METR  136     86    77    78    59   0.00  0.00  1.00     0  3.78     2   194  2.85  0.17  0.77   1.00    8  1.50  2.16  1.00  0.99  -
    1440  METR  136     85    75    79    60   0.00  0.00    -      0  4.51     3   195  2.87  0.16  0.79   1.00   12  1.87  2.23  0.99  0.95  -
    1450  METR  136     86    75    79    60   0.29  0.38  1.00     0  5.30    11   195  2.87  0.23  0.71   1.00   13  1.95  2.45  0.82  0.93  -
    1460  METR  127     84    75    73    59   0.00  0.00    -      0  3.89    29   184  2.90  0.22  0.71   0.98    8  1.50  2.05  1.01  0.98  -
    1470  METR  127     87    80    72    59   0.00  0.00  1.00     0  3.17    16   182  2.87  0.15  0.78   0.79    4  0.92  1.41  1.48  0.99  -
    1480  METR  109     80    75    68    61   0.00  0.00    -      0  3.62    28   167  3.06  0.13  0.80   0.91    4  0.92  1.32  1.58  0.98  -
    1490  METR  101     78    74    68    60   0.21  0.22  1.00     0  5.31    13   159  3.15  0.13  0.80   0.97    4  0.92  1.46  1.29  0.99  -
    1500  METR  104     82    78    73    65   0.00  0.00    -      0  4.95     3   167  3.21  0.12  0.81   0.97    4  0.92  1.45  1.33  0.99  -
    window ep440-450 len=2 exit=SW
    window ep500-590 len=10 exit=SW
    window ep640-640 len=1 exit=SW
    window ep680-1500 len=83 exit=END
    exit reasons: {'SW': 3, 'END': 1}
    SW breakdown: {'NO_SCALING_PTS': 2, 'FEW_RADII': 52}
    edge lifetimes (theta=1e-12): n_dead=3669 median=237 mean=310.4 p90=559 max=1476 censored_alive=184
    coupling with BSW indicator (point-biserial):
      occ_scc3: r =  0.04
      fe_cyc  : r =  0.01
      occ_scc : r =  0.15
      fe_dyad : r =  0.16
      rung12  : r = -0.15
      b1_H12  : r =  0.05
      b1_H6   : r = -0.00
      b1_S12  : r =  0.07
      b1_S6   : r = -0.02
      evapE   : r =  0.43
      kmean   : r = -0.76
      brfrac  : r =  0.54
      occ2ecc : r = -0.37
    coupling with npts(t) (Pearson):
      occ_scc3: r =  0.04
      fe_cyc  : r = -0.00
      b1_H12  : r = -0.17
      b1_S6   : r = -0.21
      rung12  : r = -0.25
      evapE   : r =  0.14
      kmean   : r = -0.72
      brfrac  : r =  0.45
      occ2ecc : r = -0.25
    coupling with wcont(t) (Pearson):
      occ_scc3: r = -0.00
      fe_cyc  : r = -0.02
      b1_H12  : r =  0.10
      b1_S6   : r =  0.04
      rung12  : r = -0.15
      evapE   : r =  0.36
      kmean   : r = -0.78
      brfrac  : r =  0.60
      occ2ecc : r = -0.43
    DISCRIMINATION (contraction, V_peak@ep580):
      occ2ecc  BSW: 0.725(n=85)  non-BSW: 0.749(n=7)
      brfrac   BSW: 0.188(n=85)  non-BSW: 0.149(n=7)
      kmean    BSW: 2.940(n=85)  non-BSW: 3.362(n=7)
    H->S lag correlation corr(b1_H12(t), b1_S6(t+tau)) [tau in snapshots]:
      all    :  0.99  0.99  0.99  0.98  0.97  0.96  0.94   (tau=-3..3)
      rising :  0.99  0.99  0.99  0.98   (tau=0..3, b1_H increasing)
      falling:  0.98  0.98  0.98  0.97   (tau=0..3, b1_H decreasing)
[symmetric] status=ok snaps=150 BSW_occ=0 windows=0 dead=1675 audit=OK V_max=292/2000 first_sat=-
    ep    ph    V  b1_H12 b1_H6 b1_S12 b1_S6  occSCC3 feCYC rung12 refl ndstM evapE  E_S  kmean brfrac occ2ecc  gcf  npts wscale wcont slope   r2    fail
      10    SW    7      5     5     3     3   0.86  0.90  1.00     0  5.24     0     9  2.57  0.22  0.71   1.00    0    -     -     -     -   NO_SCALING_PTS
      20    SW   19     17    17    11    11   0.16  0.21  1.00     0 10.09     0    29  3.05  0.21  0.68   1.00    1    -   0.23    -     -   FEW_RADII
      30    SW   32     30    30    20    20   0.11  0.12  1.00     0 15.81     0    51  3.19  0.20  0.69   1.00    1    -   0.46    -     -   FEW_RADII
      40    SW   38     36    36    31    31   0.21  0.33  1.00     0 20.37     0    68  3.58  0.07  0.87   1.00    1    -   0.36    -     -   FEW_RADII
      50    SW   56     54    54    45    45   0.20  0.37  1.00     0 22.90     0   100  3.57  0.09  0.84   1.00    1    -   0.48    -     -   FEW_RADII
      60    SW   70     68    68    54    54   0.19  0.35  1.00     0 16.10     0   123  3.51  0.11  0.80   1.00    1    -   0.44    -     -   FEW_RADII
      70    SW   82     80    80    63    63   0.00  0.00  1.00     0 18.76     0   144  3.51  0.12  0.79   1.00    1    -   0.43    -     -   FEW_RADII
      80    SW   97     95    95    72    72   0.15  0.29  1.00     0 24.58     0   168  3.46  0.14  0.76   1.00    1    -   0.66    -     -   FEW_RADII
      90    SW  108    106   106    80    80   0.00  0.00  1.00     0 28.59     0   187  3.46  0.14  0.76   1.00    1    -   0.82    -     -   FEW_RADII
     100    SW  117    115   115    85    85   0.05  0.07  1.00     0 31.55     0   201  3.44  0.15  0.74   1.00    1    -   0.77    -     -   FEW_RADII
     110    SW  126    124   124    90    90   0.14  0.34  1.00     0 31.19     0   215  3.41  0.16  0.73   1.00    1    -   0.77    -     -   FEW_RADII
     120    SW  140    138   138    98    98   0.06  0.07  1.00     0 31.92     0   237  3.39  0.17  0.71   1.00    1    -   0.93    -     -   FEW_RADII
     130    SW  156    154   154   108   108   0.06  0.09  1.00     0 31.22     0   263  3.37  0.17  0.71   1.00    2  0.69  0.92    -     -   FEW_RADII
     140    SW  167    165   165   118   118   0.04  0.05  1.00     0 28.89     0   284  3.40  0.17  0.72   1.00    2  0.69  1.01    -     -   FEW_RADII
     150    SW  174    172   172   123   123   0.06  0.13  1.00     0 57.21     0   296  3.40  0.17  0.72   1.00    2  0.69  1.00    -     -   FEW_RADII
     160    SW  189    187   187   134   132   0.07  0.18  1.00     0 50.98     0   320  3.39  0.17  0.71   1.00    2  0.69  0.98    -     -   FEW_RADII
     170    SW  197    195   195   139   127   0.03  0.06  1.00     0 29.74     0   323  3.28  0.21  0.66   1.00    2  0.69  0.98    -     -   FEW_RADII
     180    SW  200    198   198   144   118   0.04  0.08  1.00     0 56.19     2   317  3.17  0.25  0.61   1.00    2  0.69  0.99    -     -   FEW_RADII
     190    SW  203    201   199   145   107   0.00  0.00  1.00     0 79.34     4   309  3.04  0.30  0.54   1.00    2  0.69  1.02    -     -   FEW_RADII
     200    SW  202    200   191   147   104   0.04  0.09  1.00     0 72.87    14   305  3.02  0.31  0.53   1.00    2  0.69  1.02    -     -   FEW_RADII
     210    SW  194    192   177   143   104   0.05  0.11  1.00     0 47.53    38   297  3.06  0.30  0.55   1.00    2  0.69  1.06    -     -   FEW_RADII
     220    SW  155    152   152   105    94   0.20  0.29  1.00     0 31.27    95   248  3.20  0.23  0.63   1.00    2  0.69  1.05    -     -   FEW_RADII
     230    SW  164    162   162   110    95   0.09  0.21  1.00     0 32.74    13   258  3.15  0.26  0.60   1.00    2  0.69  1.04    -     -   FEW_RADII
     240    SW  168    165   165   116   108   0.08  0.15  1.00     0 52.89    39   275  3.27  0.21  0.66   1.00    2  0.69  1.05    -     -   FEW_RADII
     250    SW  173    171   171   125   123   0.10  0.22  1.00     0 43.69    25   295  3.41  0.16  0.72   1.00    2  0.69  1.03    -     -   FEW_RADII
     260    SW  178    176   176   138   131   0.07  0.18  1.00     0 71.57    14   308  3.46  0.15  0.75   1.00    3  1.10  1.23    -     -   FEW_RADII
     270    SW  182    180   180   137   126   0.03  0.05  1.00     0 31.59    14   307  3.37  0.18  0.70   1.00    3  1.10  1.37    -     -   FEW_RADII
     280    SW  177    175   175   138   121   0.03  0.05  1.00     0 49.12    16   297  3.36  0.18  0.70   1.00    3  1.10  1.31    -     -   FEW_RADII
     290    SW  178    176   176   145   130   0.06  0.13  1.00     0 37.34    34   307  3.45  0.15  0.75   1.00    3  1.10  1.13    -     -   FEW_RADII
     300    SW  186    184   184   146   133   0.05  0.11  1.00     0 56.13    26   318  3.42  0.16  0.73   1.00    2  0.69  1.04    -     -   FEW_RADII
     310    SW  201    198   198   154   143   0.06  0.14  1.00     0 56.40    19   343  3.41  0.16  0.72   1.00    2  0.69  0.99    -     -   FEW_RADII
     320    SW  228    226   226   176   165   0.13  0.28  1.00     0 45.19    19   392  3.44  0.15  0.74   1.00    3  1.10  1.28    -     -   FEW_RADII
     330    SW  231    229   229   180   176   0.09  0.24  1.00     0 57.41    24   406  3.52  0.13  0.77   1.00    3  1.10  1.23    -     -   FEW_RADII
     340    SW  247    245   245   191   186   0.06  0.15  1.00     0 65.52    10   432  3.50  0.14  0.76   1.00    3  1.10  1.17    -     -   FEW_RADII
     350    SW  271    269   269   204   200   0.08  0.22  1.00     0 60.74     8   470  3.47  0.15  0.75   1.00    3  1.10  1.12    -     -   FEW_RADII
     360    SW  279    277   277   212   203   0.02  0.04  1.00     0 77.43     6   481  3.45  0.15  0.73   1.00    3  1.10  1.18    -     -   FEW_RADII
     370    SW  287    285   285   217   199   0.30  0.31  1.00     0 79.87    10   485  3.38  0.18  0.70   1.00    2  0.41  1.13    -     -   FEW_RADII
     380    SW  289    287   287   219   188   0.03  0.09  1.00     0 83.83     8   476  3.29  0.21  0.66   1.00    2  0.41  1.08    -     -   FEW_RADII
     390    SW  292    290   289   221   186   0.04  0.10  1.00     0 95.11    32   477  3.27  0.22  0.64   1.00    2  0.41  1.12    -     -   FEW_RADII
     400    SW  281    278   278   205   182   0.00  0.00  1.00     0 91.14    49   462  3.29  0.21  0.66   1.00    3  1.10  1.12    -     -   FEW_RADII
     410    SW  267    264   264   191   180   0.03  0.09  1.00     0 106.39    42   446  3.34  0.19  0.68   1.00    1    -   1.07    -     -   FEW_RADII
     420    SW  269    267   267   189   174   0.07  0.19  1.00     0 57.33    19   442  3.29  0.21  0.66   1.00    2  0.69  1.06    -     -   FEW_RADII
     430    SW  270    268   267   191   166   0.00  0.00  1.00     0 99.66     8   435  3.22  0.23  0.62   1.00    2  0.69  1.07    -     -   FEW_RADII
     440    SW  270    268   264   192   163   0.03  0.06  1.00     0 69.74     8   432  3.20  0.24  0.61   1.00    2  0.69  1.09    -     -   FEW_RADII
     450    SW  271    269   259   188   153   0.21  0.34  1.00     0 52.89    28   423  3.12  0.27  0.57   1.00    2  0.69  1.07    -     -   FEW_RADII
     460    SW  253    251   251   175   138   0.04  0.09  1.00     0 55.02    62   390  3.08  0.29  0.55   1.00    2  0.69  1.00    -     -   FEW_RADII
     470    SW  278    276   275   196   156   0.06  0.14  1.00     0 62.38    20   433  3.12  0.28  0.57   1.00    2  0.69  0.99    -     -   FEW_RADII
     480    SW  277    275   269   206   159   0.05  0.14  1.00     0 76.88    44   435  3.14  0.26  0.58   1.00    2  0.69  1.05    -     -   FEW_RADII
     490    SW  252    250   246   185   150   0.05  0.15  1.00     0 76.05    86   401  3.18  0.25  0.60   1.00    3  1.10  1.17    -     -   FEW_RADII
     500    SW  241    239   236   179   148   0.03  0.04  1.00     0 49.00    52   388  3.22  0.23  0.62   1.00    3  1.10  1.23    -     -   FEW_RADII
     510    SW  215    213   213   157   146   0.03  0.07  1.00     0 35.10    66   360  3.35  0.19  0.69   1.00    3  1.10  1.13    -     -   FEW_RADII
     520    SW  213    211   211   157   146   0.05  0.14  1.00     0 43.15    38   358  3.36  0.18  0.69   1.00    3  1.10  1.18    -     -   FEW_RADII
     530    SW  221    219   219   165   155   0.10  0.25  1.00     0 46.18    24   375  3.39  0.17  0.71   1.00    2  0.69  1.09    -     -   FEW_RADII
     540    SW  229    227   227   174   165   0.08  0.17  1.00     0 63.34    28   393  3.43  0.16  0.73   1.00    2  0.69  1.02    -     -   FEW_RADII
     550    SW  228    225   225   172   164   0.05  0.10  1.00     0 65.28    19   391  3.43  0.16  0.73   1.00    2  0.69  1.02    -     -   FEW_RADII
     560    SW  237    234   234   179   172   0.09  0.20  1.00     0 52.86    14   408  3.44  0.15  0.73   1.00    2  0.69  1.06    -     -   FEW_RADII
     570    SW  245    243   243   188   177   0.24  0.38  1.00     0 75.01     9   421  3.44  0.16  0.73   1.00    3  1.10  1.10    -     -   FEW_RADII
     580    SW  257    255   255   192   184   0.04  0.11  1.00     0 57.94    18   440  3.42  0.16  0.73   1.00    2  0.69  1.04    -     -   FEW_RADII
     590    SW  259    257   257   194   187   0.20  0.25  1.00     0 80.51    18   445  3.44  0.16  0.73   1.00    3  1.10  1.14    -     -   FEW_RADII
     600    SW  256    254   254   200   183   0.03  0.04  1.00     0 36.89    18   438  3.42  0.16  0.72   1.00    3  1.10  1.15    -     -   FEW_RADII
     610    SW  243    241   241   193   169   0.00  0.00  1.00     0 85.41    32   411  3.38  0.17  0.71   1.00    3  1.10  1.15    -     -   FEW_RADII
     620    SW  235    232   232   188   156   0.05  0.13  1.00     0 59.75    27   390  3.32  0.20  0.67   1.00    3  1.10  1.14    -     -   FEW_RADII
     630    SW  216    214   214   170   145   0.03  0.06  1.00     0 58.14    55   360  3.33  0.19  0.69   1.00    2  0.69  1.06    -     -   FEW_RADII
     640    SW  201    199   199   157   141   0.03  0.05  1.00     0 45.50    38   341  3.39  0.17  0.71   1.00    2  0.69  1.04    -     -   FEW_RADII
     650    SW  192    190   189   155   138   0.00  0.00  1.00     0 75.54    28   329  3.43  0.16  0.73   1.00    2  0.69  1.03    -     -   FEW_RADII
     660    SW  187    185   185   147   133   0.11  0.26  1.00     0 44.64    42   319  3.41  0.16  0.72   1.00    2  0.69  0.97    -     -   FEW_RADII
     670    SW  210    208   208   163   137   0.08  0.20  1.00     0 46.80    12   346  3.30  0.21  0.66   1.00    2  0.69  1.04    -     -   FEW_RADII
     680    SW  234    232   232   186   152   0.08  0.19  1.00     0 49.25    16   385  3.29  0.21  0.66   1.00    3  1.10  1.12    -     -   FEW_RADII
     690    SW  227    225   220   179   149   0.04  0.10  1.00     0 49.44    40   375  3.30  0.20  0.67   1.00    3  1.10  1.11    -     -   FEW_RADII
     700    SW  199    195   195   155   137   0.03  0.04  1.00     0 56.17    62   335  3.37  0.18  0.70   1.00    3  1.10  1.13    -     -   FEW_RADII
     710    SW  190    188   188   149   131   0.03  0.06  1.00     0 79.18    26   320  3.37  0.18  0.70   1.00    2  0.41  1.11    -     -   FEW_RADII
     720    SW  176    174   174   140   130   0.04  0.09  1.00     0 53.63    42   305  3.47  0.14  0.75   1.00    2  0.41  0.92    -     -   FEW_RADII
     730    SW  181    178   178   137   118   0.08  0.20  1.00     0 51.07    17   298  3.29  0.20  0.66   1.00    2  0.41  1.09    -     -   FEW_RADII
     740    SW  175    173   173   134   113   0.03  0.06  1.00     0 48.19    19   287  3.28  0.21  0.66   1.00    2  0.41  1.05    -     -   FEW_RADII
     750    SW  173    170   170   130   115   0.07  0.20  1.00     0 64.74    17   287  3.32  0.19  0.68   1.00    1    -   1.02    -     -   FEW_RADII
     760    SW  177    174   170   131   117   0.00  0.00  1.00     0 64.20    20   293  3.31  0.20  0.67   1.00    2  0.69  1.05    -     -   FEW_RADII
     770    SW  172    170   170   125   117   0.05  0.12  1.00     0 69.67    21   288  3.35  0.18  0.69   1.00    2  0.69  0.99    -     -   FEW_RADII
     780    SW  173    171   171   129   118   0.04  0.08  1.00     0 41.70     6   290  3.35  0.18  0.69   1.00    2  0.69  0.98    -     -   FEW_RADII
     790    SW  172    170   169   126   119   0.07  0.19  1.00     0 70.24    14   290  3.37  0.18  0.70   1.00    2  0.69  0.94    -     -   FEW_RADII
     800    SW  188    186   186   137   129   0.11  0.27  1.00     0 42.96    18   316  3.36  0.18  0.70   1.00    2  0.69  0.88    -     -   FEW_RADII
     810    SW  202    200   200   147   121   0.06  0.16  1.00     0 53.50    10   322  3.19  0.24  0.61   1.00    2  0.69  1.06    -     -   FEW_RADII
     820    SW  203    201   201   155   111   0.03  0.05  1.00     0 63.90    12   313  3.08  0.29  0.56   1.00    3  1.10  1.12    -     -   FEW_RADII
     830    SW  197    195   194   155   102   0.04  0.08  1.00     0 86.21    26   298  3.03  0.31  0.53   1.00    3  1.10  1.13    -     -   FEW_RADII
     840    SW  197    195   179   154   108   0.10  0.25  1.00     0 58.47    36   304  3.09  0.29  0.56   1.00    3  1.10  1.18    -     -   FEW_RADII
     850    SW  156    154   153   113   109   0.05  0.12  1.00     0 61.72   100   264  3.38  0.17  0.72   1.00    2  0.41  1.08    -     -   FEW_RADII
     860    SW  165    163   163   117   114   0.33  0.43  1.00     0 33.84    14   278  3.37  0.18  0.70   1.00    2  0.69  1.10    -     -   FEW_RADII
     870    SW  182    180   180   128   122   0.11  0.28  1.00     0 44.47    10   303  3.33  0.19  0.68   1.00    2  0.69  1.02    -     -   FEW_RADII
     880    SW  187    185   185   134   125   0.00  0.00  1.00     0 49.46     4   311  3.33  0.19  0.68   1.00    2  0.69  1.00    -     -   FEW_RADII
     890    SW  180    178   178   132   120   0.44  0.62  1.00     0 70.48    26   299  3.32  0.19  0.68   1.00    2  0.69  0.98    -     -   FEW_RADII
     900    SW  173    171   171   128   123   0.03  0.04  1.00     0 51.47    30   295  3.41  0.16  0.72   1.00    2  0.69  1.00    -     -   FEW_RADII
     910    SW  173    171   171   128   122   0.06  0.15  1.00     0 52.59    12   294  3.40  0.16  0.72   1.00    2  0.69  1.00    -     -   FEW_RADII
     920    SW  176    174   174   127   124   0.03  0.04  1.00     0 67.65    16   299  3.40  0.17  0.72   1.00    2  0.69  1.04    -     -   FEW_RADII
     930    SW  184    182   182   133   124   0.05  0.14  1.00     0 73.15     0   307  3.34  0.19  0.68   1.00    2  0.69  1.04    -     -   FEW_RADII
     940    SW  193    191   191   141   120   0.06  0.11  1.00     0 38.08     8   312  3.23  0.23  0.63   1.00    2  0.69  1.08    -     -   FEW_RADII
     950    SW  187    185   185   139   118   0.05  0.11  1.00     0 41.64    24   304  3.25  0.22  0.64   1.00    3  1.10  1.13    -     -   FEW_RADII
     960    SW  185    183   183   136   114   0.07  0.19  1.00     0 61.25    24   298  3.22  0.23  0.63   1.00    3  1.10  1.10    -     -   FEW_RADII
     970    SW  165    163   160   124   109   0.00  0.00  1.00     0 72.44    46   273  3.31  0.19  0.68   1.00    2  0.69  1.01    -     -   FEW_RADII
     980    SW  158    156   156   115   107   0.09  0.25  1.00     0 65.15    34   264  3.34  0.18  0.70   1.00    2  0.69  1.00    -     -   FEW_RADII
     990    SW  179    177   177   137   128   0.11  0.27  1.00     0 55.61    20   306  3.42  0.16  0.73   1.00    2  0.69  1.03    -     -   FEW_RADII
    1000    SW  207    205   205   161   144   0.09  0.23  1.00     0 58.72    16   350  3.38  0.17  0.71   1.00    3  1.10  1.33    -     -   FEW_RADII
    1010    SW  213    211   211   168   150   0.03  0.07  1.00     0 59.29    24   362  3.40  0.17  0.71   1.00    3  1.10  1.14    -     -   FEW_RADII
    1020    SW  210    208   208   169   144   0.11  0.14  1.00     0 33.72    14   353  3.36  0.18  0.70   1.00    3  1.10  1.15    -     -   FEW_RADII
    1030    SW  221    219   217   181   149   0.06  0.14  1.00     0 32.08    14   369  3.34  0.19  0.68   1.00    3  1.10  1.19    -     -   FEW_RADII
    1040    SW  211    208   208   171   162   0.23  0.37  1.00     0 36.56    59   372  3.53  0.13  0.78   1.00    3  1.10  1.13    -     -   FEW_RADII
    1050    SW  214    212   212   173   164   0.38  0.50  1.00     0 60.94    13   377  3.52  0.13  0.78   1.00    2  0.41  1.20    -     -   FEW_RADII
    1060    SW  224    222   222   177   170   0.04  0.07  1.00     0 42.08    26   393  3.51  0.13  0.77   1.00    2  0.41  1.20    -     -   FEW_RADII
    1070    SW  223    221   221   176   169   0.00  0.00  1.00     0 28.44    10   391  3.51  0.13  0.77   1.00    2  0.41  1.09    -     -   FEW_RADII
    1080    SW  220    217   217   172   160   0.00  0.00  1.00     0 43.91    15   379  3.45  0.15  0.74   1.00    2  0.41  1.02    -     -   FEW_RADII
    1090    SW  232    230   230   180   165   0.05  0.13  1.00     0 70.41     9   396  3.41  0.16  0.72   1.00    2  0.41  1.04    -     -   FEW_RADII
    1100    SW  249    247   247   197   175   0.06  0.13  1.00     0 43.60     4   423  3.40  0.17  0.72   1.00    3  1.10  1.12    -     -   FEW_RADII
    1110    SW  260    258   255   203   177   0.07  0.15  1.00     0 46.07    10   436  3.35  0.18  0.69   1.00    2  0.69  1.07    -     -   FEW_RADII
    1120    SW  257    255   255   195   180   0.06  0.14  1.00     0 68.37    44   436  3.39  0.17  0.71   1.00    2  0.69  0.99    -     -   FEW_RADII
    1130    SW  258    256   256   191   170   0.00  0.00    -      0 90.39    20   427  3.31  0.20  0.67   1.00    2  0.69  1.03    -     -   FEW_RADII
    1140    SW  256    254   254   193   160   0.00  0.00  1.00     0 112.68     8   415  3.24  0.22  0.64   1.00    2  0.69  1.07    -     -   FEW_RADII
    1150    SW  246    244   244   181   150   0.08  0.21  1.00     0 69.33    44   395  3.21  0.23  0.63   1.00    2  0.69  1.08    -     -   FEW_RADII
    1160    SW  254    251   251   185   143   0.00  0.00  1.00     0 45.63    15   396  3.12  0.27  0.57   1.00    2  0.69  1.08    -     -   FEW_RADII
    1170    SW  258    256   250   189   136   0.05  0.13  1.00     0 64.69     9   393  3.05  0.31  0.53   1.00    2  0.69  1.08    -     -   FEW_RADII
    1180    SW  259    257   230   193   134   0.04  0.11  1.00     0 53.49    16   392  3.03  0.31  0.53   1.00    3  1.10  1.17    -     -   FEW_RADII
    1190    SW  259    256   226   196   145   0.10  0.26  1.00     0 47.51    53   403  3.11  0.28  0.57   1.00    3  1.10  1.21    -     -   FEW_RADII
    1200    SW  225    223   219   167   138   0.07  0.13  1.00     0 38.24    91   362  3.22  0.23  0.62   1.00    2  0.69  1.06    -     -   FEW_RADII
    1210    SW  217    215   213   158   137   0.03  0.06  1.00     0 38.15    42   353  3.25  0.22  0.65   1.00    2  0.69  0.96    -     -   FEW_RADII
    1220    SW  208    206   206   152   135   0.00  0.00  1.00     0 74.29    24   342  3.29  0.20  0.66   1.00    2  0.69  0.99    -     -   FEW_RADII
    1230    SW  195    193   193   140   131   0.36  0.38  1.00     0 58.48    40   325  3.33  0.19  0.69   1.00    2  0.69  1.10    -     -   FEW_RADII
    1240    SW  197    195   195   144   124   0.05  0.10  1.00     0 75.90     8   320  3.25  0.22  0.64   1.00    3  1.10  1.12    -     -   FEW_RADII
    1250    SW  203    201   201   152   128   0.06  0.16  1.00     0 56.82    10   330  3.25  0.22  0.64   1.00    2  0.69  1.09    -     -   FEW_RADII
    1260    SW  199    197   197   148   115   0.06  0.11  1.00     0 35.97    26   313  3.15  0.26  0.59   1.00    2  0.69  1.07    -     -   FEW_RADII
    1270    SW  179    177   173   137   112   0.03  0.05  1.00     0 73.40    56   290  3.24  0.21  0.65   1.00    2  0.69  1.10    -     -   FEW_RADII
    1280    SW  160    156   156   114   107   0.00  0.00  1.00     0 38.26    52   266  3.33  0.19  0.69   1.00    2  0.69  1.08    -     -   FEW_RADII
    1290    SW  157    154   154   111   104   0.07  0.18  1.00     0 58.11    19   260  3.31  0.20  0.68   1.00    2  0.69  1.05    -     -   FEW_RADII
    1300    SW  165    163   163   113   104   0.00  0.00  1.00     0 52.62    13   268  3.25  0.22  0.64   1.00    2  0.69  1.01    -     -   FEW_RADII
    1310    SW  167    165   165   118   104   0.04  0.08  1.00     0 43.63    10   270  3.23  0.23  0.63   1.00    2  0.69  1.00    -     -   FEW_RADII
    1320    SW  161    159   159   116   100   0.00  0.00  1.00     0 68.64    22   260  3.23  0.22  0.64   1.00    2  0.69  1.00    -     -   FEW_RADII
    1330    SW  158    156   156   111    97   0.10  0.24  1.00     0 57.31    28   254  3.22  0.23  0.63   1.00    2  0.69  1.08    -     -   FEW_RADII
    1340    SW  166    164   164   119    92   0.04  0.08  1.00     0 47.64    12   257  3.10  0.28  0.57   1.00    3  1.10  1.13    -     -   FEW_RADII
    1350    SW  158    156   156   118    82   0.00  0.00  1.00     0 79.53    22   239  3.03  0.31  0.54   1.00    3  1.10  1.16    -     -   FEW_RADII
    1360    SW  156    154   152   115    81   0.04  0.10  1.00     0 61.03    14   236  3.03  0.31  0.54   1.00    3  1.10  1.12    -     -   FEW_RADII
    1370    SW  141    139   130   102    83   0.03  0.04  1.00     0 58.66    44   223  3.16  0.25  0.61   1.00    2  0.69  1.04    -     -   FEW_RADII
    1380    SW  126    123   123    87    81   0.04  0.05  1.00     0 74.08    37   206  3.27  0.21  0.66   1.00    1    -   1.00    -     -   FEW_RADII
    1390    SW  142    140   140    96    91   0.08  0.20  1.00     0 53.25    13   232  3.27  0.21  0.66   1.00    2  0.69  1.01    -     -   FEW_RADII
    1400    SW  154    151   151   107    97   0.09  0.11  1.00     0 38.84    11   250  3.25  0.22  0.65   1.00    2  0.69  1.07    -     -   FEW_RADII
    1410    SW  155    153   153   108    96   0.00  0.00  1.00     0 48.06     9   250  3.23  0.23  0.63   1.00    2  0.69  1.03    -     -   FEW_RADII
    1420    SW  151    149   146   110    97   0.03  0.06  1.00     0 76.00    22   247  3.27  0.21  0.66   1.00    2  0.69  0.95    -     -   FEW_RADII
    1430    SW  139    137   137   102    95   0.00  0.00  1.00     0 69.31    34   233  3.35  0.18  0.71   1.00    2  0.69  0.99    -     -   FEW_RADII
    1440    SW  134    131   131    96    91   0.05  0.11  1.00     0 69.59    19   224  3.34  0.18  0.69   1.00    1    -   0.98    -     -   FEW_RADII
    1450    SW  137    135   135    99    90   0.10  0.25  1.00     0 54.58    11   226  3.30  0.20  0.67   1.00    1    -   0.94    -     -   FEW_RADII
    1460    SW  141    139   139   107    99   0.04  0.09  1.00     0 47.93    18   239  3.39  0.17  0.72   1.00    2  0.69  1.09    -     -   FEW_RADII
    1470    SW  144    142   142   104    97   0.08  0.21  1.00     0 53.70    18   240  3.33  0.18  0.70   1.00    2  0.69  1.05    -     -   FEW_RADII
    1480    SW  150    148   148   110    97   0.05  0.09  1.00     0 54.12    10   246  3.28  0.20  0.67   1.00    2  0.69  1.02    -     -   FEW_RADII
    1490    SW  153    151   151   111    98   0.00  0.00  1.00     0 44.79    20   250  3.27  0.21  0.66   1.00    2  0.69  0.93    -     -   FEW_RADII
    1500    SW  152    149   149   111   106   0.11  0.28  1.00     0 51.06    29   257  3.38  0.17  0.72   1.00    2  0.69  0.94    -     -   FEW_RADII
    exit reasons: (no windows)
    SW breakdown: {'NO_SCALING_PTS': 1, 'FEW_RADII': 149}
    edge lifetimes (theta=1e-12): n_dead=3351 median=164 mean=164.5 p90=189 max=230 censored_alive=300
    coupling with BSW indicator (point-biserial):
      occ_scc3: r =    - 
      fe_cyc  : r =    - 
      occ_scc : r =    - 
      fe_dyad : r =    - 
      rung12  : r =    - 
      b1_H12  : r =    - 
      b1_H6   : r =    - 
      b1_S12  : r =    - 
      b1_S6   : r =    - 
      evapE   : r =    - 
      kmean   : r =    - 
      brfrac  : r =    - 
      occ2ecc : r =    - 
    coupling with npts(t) (Pearson):
      occ_scc3: r = -0.26
      fe_cyc  : r = -0.20
      b1_H12  : r =  0.56
      b1_S6   : r =  0.53
      rung12  : r =    - 
      evapE   : r =  0.25
      kmean   : r =  0.02
      brfrac  : r =  0.19
      occ2ecc : r = -0.22
    coupling with wcont(t) (Pearson):
      occ_scc3: r = -0.14
      fe_cyc  : r = -0.13
      b1_H12  : r =  0.69
      b1_S6   : r =  0.65
      rung12  : r =    - 
      evapE   : r =  0.30
      kmean   : r = -0.13
      brfrac  : r =  0.27
      occ2ecc : r = -0.31
    DISCRIMINATION (contraction, V_peak@ep390):
      occ2ecc  BSW:    - (n=0)  non-BSW: 0.679(n=111)
      brfrac   BSW:    - (n=0)  non-BSW: 0.194(n=111)
      kmean    BSW:    - (n=0)  non-BSW: 3.318(n=111)
    H->S lag correlation corr(b1_H12(t), b1_S6(t+tau)) [tau in snapshots]:
      all    :  0.92  0.94  0.95  0.94  0.90  0.84  0.77   (tau=-3..3)
      rising :  0.97  0.94  0.89  0.84   (tau=0..3, b1_H increasing)
      falling:  0.89  0.87  0.83  0.74   (tau=0..3, b1_H decreasing)
    --- asymmetric prediction pre-test (directed minus symmetric, point-biserial r with BSW) ---
      occ_scc3: r_dir= 0.04  r_sym=   -   diff=   - 
      fe_cyc  : r_dir= 0.01  r_sym=   -   diff=   - 
      b1_H12  : r_dir= 0.05  r_sym=   -   diff=   - 
====================================================================================================
SEED 7  rule=T1 g=0.075 N=2000 epochs=1500 (paired directed / symmetric, identical seed)
====================================================================================================
[directed ] status=ok snaps=150 BSW_occ=33 windows=12 dead=1608 audit=OK V_max=780/2000 first_sat=-
    ep    ph    V  b1_H12 b1_H6 b1_S12 b1_S6  occSCC3 feCYC rung12 refl ndstM evapE  E_S  kmean brfrac occ2ecc  gcf  npts wscale wcont slope   r2    fail
      10    SW    7      5     5     3     3   0.00  0.00  1.00    12  1.69     0     9  2.57  0.22  0.71   1.00    0    -     -     -     -   NO_SCALING_PTS
      20    SW   20     18    18    13    13   0.00  0.00    -      0  4.06     0    32  3.20  0.16  0.75   1.00    1    -   0.37    -     -   FEW_RADII
      30    SW   35     33    33    22    22   0.14  0.17  1.00     0  6.55     0    56  3.20  0.20  0.69   1.00    1    -   0.61    -     -   FEW_RADII
      40    SW   46     44    44    31    31   0.11  0.16  1.00     0  8.86     0    76  3.30  0.17  0.72   1.00    1    -   0.58    -     -   FEW_RADII
      50    SW   79     77    77    58    58   0.12  0.21  1.00     0  9.89     0   136  3.44  0.14  0.76   1.00    1    -   0.65    -     -   FEW_RADII
      60    SW  112    110   110    86    86   0.08  0.10  1.00     0 13.25     0   197  3.52  0.12  0.79   1.00    1    -   0.73    -     -   FEW_RADII
      70    SW  126    124   124   101   101   0.06  0.06  1.00     0 16.41     0   226  3.59  0.10  0.82   1.00    1    -   0.71    -     -   FEW_RADII
      80    SW  131    129   129   104   104   0.00  0.00  1.00     0 13.62     0   234  3.57  0.11  0.81   1.00    1    -   0.61    -     -   FEW_RADII
      90    SW  138    136   136   109   109   0.09  0.11  1.00     0 13.00     0   246  3.57  0.11  0.80   1.00    1    -   0.58    -     -   FEW_RADII
     100    SW  149    147   147   121   121   0.08  0.10  1.00     0 17.07     0   269  3.61  0.10  0.83   1.00    1    -   0.70    -     -   FEW_RADII
     110    SW  153    151   151   126   126   0.00  0.00    -      0 17.83     0   278  3.63  0.09  0.84   1.00    1    -   0.77    -     -   FEW_RADII
     120    SW  154    152   152   128   128   0.04  0.05  1.00     0 18.10     0   281  3.65  0.09  0.84   1.00    1    -   0.85    -     -   FEW_RADII
     130    SW  178    176   176   142   142   0.05  0.07  1.00     0 14.72     0   319  3.58  0.11  0.81   1.00    2  0.41  0.92    -     -   FEW_RADII
     140    SW  199    197   197   157   157   0.03  0.04  1.00     0 15.36     0   355  3.57  0.11  0.80   1.00    2  0.41  0.98    -     -   FEW_RADII
     150    SW  221    219   219   171   171   0.04  0.06  1.00     0 17.31     0   391  3.54  0.12  0.78   1.00    2  0.41  1.02    -     -   FEW_RADII
     160    SW  232    230   230   188   188   0.00  0.00  1.00     0 19.66     0   419  3.61  0.10  0.82   1.00    2  0.41  1.06    -     -   FEW_RADII
     170    SW  236    234   234   194   193   0.06  0.08  1.00     0 16.80     0   428  3.63  0.10  0.83   1.00    2  0.41  0.98    -     -   FEW_RADII
     180    SW  240    238   238   197   195   0.00  0.00    -      0 12.21     0   434  3.62  0.10  0.82   1.00    2  0.41  0.90    -     -   FEW_RADII
     190    SW  242    240   240   198   187   0.00  0.00  1.00     0 13.97     2   428  3.54  0.12  0.78   1.00    2  0.41  0.92    -     -   FEW_RADII
     200    SW  243    241   240   203   188   0.03  0.03  1.00     0 22.48     2   430  3.54  0.12  0.78   1.00    2  0.41  1.04    -     -   FEW_RADII
     210    SW  250    248   247   208   190   0.06  0.10  1.00     0 15.38     0   439  3.51  0.13  0.77   1.00    2  0.41  1.10    -     -   FEW_RADII
     220    SW  267    265   263   222   201   0.08  0.14  1.00     0 18.28     0   467  3.50  0.13  0.77   1.00    3  1.10  1.11    -     -   FEW_RADII
     230    SW  307    305   295   252   233   0.11  0.21  1.00     0 17.04     4   539  3.51  0.13  0.77   1.00    3  1.10  1.14    -     -   FEW_RADII
     240    SW  361    359   340   281   257   0.05  0.09  1.00     0 22.76     0   617  3.42  0.17  0.72   1.00    3  1.10  1.26    -     -   FEW_RADII
     250    SW  414    412   387   325   301   0.06  0.07  1.00     0 17.76     8   714  3.45  0.16  0.73   1.00    3  1.10  1.25    -     -   FEW_RADII
     260    SW  467    464   442   370   343   0.04  0.05  1.00     0 22.11     7   809  3.46  0.15  0.74   1.00    3  1.10  1.24    -     -   FEW_RADII
     270    SW  500    498   478   401   372   0.06  0.10  1.00     0 21.88    11   871  3.48  0.14  0.75   1.00    3  1.10  1.26    -     -   FEW_RADII
     280    SW  536    534   512   436   398   0.06  0.09  1.00     0 20.32    10   933  3.48  0.14  0.75   1.00    3  1.10  1.30    -     -   FEW_RADII
     290    SW  548    546   529   452   411   0.03  0.04  1.00     0 26.54    12   958  3.50  0.14  0.76   1.00    2  0.41  1.26    -     -   FEW_RADII
     300    SW  571    569   550   474   426   0.00  0.00  1.00     0 19.92     4   996  3.49  0.14  0.76   1.00    2  0.41  1.18    -     -   FEW_RADII
     310    SW  581    579   551   481   428   0.05  0.08  1.00     0 24.43     8  1008  3.47  0.15  0.75   1.00    2  0.41  1.30    -     -   FEW_RADII
     320    SW  608    606   566   504   451   0.05  0.08  1.00     0 17.64    12  1058  3.48  0.14  0.75   1.00    2  0.41  1.23    -     -   FEW_RADII
     330    SW  616    614   561   511   457   0.03  0.06  1.00     0 25.27    12  1072  3.48  0.14  0.76   1.00    2  0.41  1.33    -     -   FEW_RADII
     340    SW  619    617   559   523   471   0.06  0.08  1.00     0 16.12    16  1089  3.52  0.12  0.79   1.00    2  0.41  1.28    -     -   FEW_RADII
     350    SW  629    625   575   525   485   0.02  0.03  1.00     0 25.06    32  1113  3.54  0.11  0.80   1.00    3  1.10  1.28    -     -   FEW_RADII
     360    SW  635    631   587   528   484   0.02  0.03  1.00     0 17.89    14  1118  3.52  0.12  0.80   1.00    2  0.41  1.31    -     -   FEW_RADII
     370    SW  631    625   590   525   479   0.03  0.06  1.00     0 20.42    20  1109  3.52  0.11  0.80   1.00    2  0.41  1.20    -     -   FEW_RADII
     380    SW  633    628   597   527   473   0.04  0.05  1.00     0 18.20    15  1105  3.49  0.12  0.79   1.00    2  0.41  1.27    -     -   FEW_RADII
     390    SW  646    641   609   547   473   0.03  0.04  1.00     0 16.20     2  1118  3.46  0.13  0.78   1.00    3  1.10  1.31    -     -   FEW_RADII
     400    SW  666    661   619   563   469   0.05  0.09  1.00     0 22.76     4  1134  3.41  0.15  0.75   1.00    3  1.10  1.36    -     -   FEW_RADII
     410  METR  688    679   634   583   477   0.04  0.08  0.94     1 20.14    26  1164  3.38  0.16  0.74   1.00    4  1.39  1.46  2.86  1.00  -
     420  METR  732    721   656   610   495   0.04  0.07  1.00     1 15.24    24  1226  3.35  0.17  0.71   1.00    4  1.39  1.44  2.76  1.00  -
     430    SW  763    751   665   632   509   0.03  0.06  1.00     0 17.50    13  1271  3.33  0.18  0.71   1.00    3  0.69  1.48    -     -   FEW_RADII
     440  METR  771    758   654   643   519   0.06  0.10  1.00     0 18.08    21  1289  3.34  0.17  0.72   1.00    4  1.39  1.50  2.77  1.00  -
     450  METR  780    766   653   651   517   0.04  0.06  1.00     0 21.31    37  1296  3.32  0.17  0.72   1.00    4  1.39  1.55  2.87  1.00  -
     460    SW  764    748   618   639   495   0.00  0.00  1.00     0 16.22    54  1258  3.29  0.18  0.71   1.00    3  0.69  1.48    -     -   FEW_RADII
     470    SW  744    725   608   620   477   0.01  0.02  1.00     1 25.44    59  1220  3.28  0.18  0.71   1.00    3  0.69  1.51    -     -   FEW_RADII
     480    SW  726    704   599   599   458   0.08  0.15  1.00     0 11.68    59  1183  3.26  0.18  0.71   1.00    3  0.69  1.41    -     -   FEW_RADII
     490  METR  728    701   591   603   463   0.06  0.11  1.00     1 16.96    53  1190  3.27  0.17  0.72   1.00    4  1.39  1.53  2.82  1.00  -
     500  METR  735    706   582   601   457   0.04  0.07  1.00     0 17.66    14  1191  3.24  0.17  0.72   1.00    4  1.39  1.52  2.86  1.00  -
     510  METR  738    701   572   604   464   0.04  0.05  1.00     0 15.89    34  1201  3.25  0.17  0.73   1.00    4  1.39  1.55  2.78  1.00  -
     520  METR  743    701   574   606   475   0.02  0.04  1.00     1 18.93    45  1217  3.28  0.16  0.74   1.00    4  1.39  1.50  2.46  1.00  -
     530  METR  741    701   579   606   478   0.03  0.05  1.00     1 17.27    44  1218  3.29  0.15  0.76   1.00    4  1.39  1.45  2.58  1.00  -
     540  METR  734    699   583   602   475   0.16  0.29  1.00     0 13.33    37  1208  3.29  0.14  0.78   1.00    4  1.39  1.55  2.87  1.00  -
     550    SW  740    705   595   599   460   0.04  0.05  1.00     0 13.09    34  1199  3.24  0.16  0.75   1.00    3  0.69  1.55    -     -   FEW_RADII
     560    SW  736    699   598   591   451   0.00  0.00  1.00     0 13.78    30  1186  3.22  0.16  0.74   1.00    3  0.69  1.51    -     -   FEW_RADII
     570    SW  727    685   580   581   439   0.00  0.00  0.75     1 20.71    25  1165  3.20  0.17  0.73   1.00    3  0.69  1.50    -     -   FEW_RADII
     580    SW  721    679   568   576   424   0.00  0.00  1.00     0 12.08    24  1144  3.17  0.18  0.71   1.00    3  0.69  1.41    -     -   FEW_RADII
     590    SW  715    671   551   576   419   0.07  0.14  1.00     3 14.65    34  1133  3.17  0.18  0.71   1.00    3  0.69  1.48    -     -   FEW_RADII
     600  METR  711    663   541   576   417   0.03  0.04  1.00     0 21.69    56  1127  3.17  0.17  0.73   1.00    4  1.39  1.46  2.68  1.00  -
     610  METR  693    646   519   569   415   0.02  0.02  1.00     0 14.86    45  1107  3.19  0.16  0.75   1.00    4  1.39  1.42  2.82  1.00  -
     620  METR  684    635   502   555   392   0.00  0.00    -      2 12.55    50  1075  3.14  0.17  0.74   1.00    4  1.39  1.42  2.68  1.00  -
     630  METR  676    621   475   552   370   0.00  0.00  1.00     1 16.41    32  1045  3.09  0.18  0.72   1.00    4  1.39  1.43  2.85  1.00  -
     640  METR  647    582   454   519   341   0.00  0.00  1.00     2 20.22    72   987  3.05  0.18  0.72   1.00    4  1.39  1.50  2.85  1.00  -
     650    SW  624    556   437   499   317   0.05  0.10  1.00     0  9.01    49   940  3.01  0.19  0.71   1.00    3  0.69  1.41    -     -   FEW_RADII
     660    SW  599    528   416   476   291   0.06  0.08  1.00     1 13.43    55   888  2.96  0.21  0.69   1.00    3  0.69  1.47    -     -   FEW_RADII
     670    SW  571    491   376   447   270   0.00  0.00  1.00     3 14.76    67   839  2.94  0.21  0.68   1.00    3  0.69  1.44    -     -   FEW_RADII
     680  METR  549    461   360   421   256   0.06  0.10  1.00     2  9.96    80   804  2.93  0.22  0.68   1.00    4  1.39  1.45  2.67  1.00  -
     690    SW  525    429   335   396   244   0.00  0.00    -      1  9.51    66   768  2.93  0.21  0.69   1.00    3  0.69  1.50    -     -   FEW_RADII
     700  METR  502    408   308   373   236   0.19  0.30  1.00     0  8.23    70   737  2.94  0.21  0.70   1.00    4  1.39  1.54  2.60  1.00  -
     710  METR  509    410   314   366   247   0.03  0.04  1.00     6 12.93    47   755  2.97  0.20  0.70   1.00    4  1.39  1.58  2.42  1.00  -
     720  METR  507    408   319   355   240   0.00  0.00  1.00     2  8.31    44   746  2.94  0.21  0.69   1.00    4  1.39  1.61  2.51  1.00  -
     730  METR  484    387   310   338   229   0.00  0.00  1.00     3  8.26    48   712  2.94  0.20  0.71   1.00    4  0.92  1.54  2.56  1.00  -
     740  METR  471    371   305   321   218   0.00  0.00    -      0  6.50    31   688  2.92  0.21  0.70   1.00    4  0.92  1.42  2.82  1.00  -
     750  METR  453    358   298   311   211   0.04  0.06  1.00     2 10.01    39   663  2.93  0.21  0.69   1.00    4  0.92  1.43  2.83  1.00  -
     760  METR  434    339   280   295   194   0.12  0.14  1.00     1  6.82    42   626  2.88  0.23  0.67   0.99    4  0.92  1.37  2.79  1.00  -
     770    SW  416    324   264   285   188   0.00  0.00  1.00     2 14.91    41   603  2.90  0.22  0.68   1.00    3  0.69  1.52    -     -   FEW_RADII
     780  METR  401    311   248   279   187   0.00  0.00  1.00     0  5.62    30   587  2.93  0.20  0.71   1.00    4  0.92  1.43  2.54  1.00  -
     790    SW  381    295   232   265   187   0.00  0.00    -      0  6.34    38   567  2.98  0.17  0.75   1.00    3  0.69  1.38    -     -   FEW_RADII
     800  METR  366    277   217   252   174   0.00  0.00    -      3  8.68    33   539  2.95  0.17  0.75   1.00    4  0.92  1.35  2.60  0.99  -
     810  METR  353    261   200   236   168   0.00  0.00    -      0  9.81    29   520  2.95  0.18  0.74   1.00    4  0.92  1.36  2.52  1.00  -
     820    SW  336    246   196   222   156   0.00  0.00  1.00     1 11.06    34   491  2.92  0.17  0.75   1.00    3  0.69  1.43    -     -   FEW_RADII
     830  METR  322    234   192   211   149   0.00  0.00    -      1  5.54    34   470  2.92  0.16  0.76   1.00    4  0.92  1.47  2.11  1.00  -
     840    SW  314    228   184   204   135   0.33  0.32  1.00     0  5.39    18   448  2.85  0.21  0.70   1.00    3  0.69  1.46    -     -   FEW_RADII
     850  METR  302    216   177   194   128   0.00  0.00    -      3  8.78    32   429  2.84  0.21  0.71   1.00    4  1.39  1.59  2.09  1.00  -
     860  METR  290    201   167   183   116   0.06  0.07  1.00     0  5.04    27   404  2.79  0.25  0.65   0.99    4  1.39  1.56  2.16  0.99  -
     870    SW  264    182   154   164   103   0.00  0.00    -      1  7.32    49   366  2.77  0.27  0.62   1.00    3  0.69  1.41    -     -   FEW_RADII
     880  METR  230    150   129   142    97   0.00  0.00    -      0  9.09    68   325  2.83  0.23  0.68   0.99    4  1.39  1.45  2.17  1.00  -
     890    SW  219    141   115   136    91   0.00  0.00    -      3  4.98    24   309  2.82  0.24  0.66   1.00    3  0.69  1.40    -     -   FEW_RADII
     900    SW  206    134   106   127    85   0.00  0.00    -      0  5.74    22   290  2.82  0.26  0.66   1.00    3  0.69  1.34    -     -   FEW_RADII
     910    SW  195    123    97   114    79   0.00  0.00    -      0  3.15    22   272  2.79  0.26  0.64   0.99    3  0.69  1.29    -     -   FEW_RADII
     920    SW  179    114    92   106    77   0.00  0.00    -      0 13.53    25   255  2.85  0.22  0.70   1.00    3  0.69  1.33    -     -   FEW_RADII
     930    SW  176    112    88   104    71   0.00  0.00    -      0  8.00     5   246  2.80  0.23  0.69   1.00    3  0.69  1.25    -     -   FEW_RADII
     940    SW  174    110    85   104    68   0.00  0.00    -     10  7.33     6   241  2.77  0.24  0.68   1.00    3  0.69  1.33    -     -   FEW_RADII
     950    SW  168    102    81   101    69   0.00  0.00  1.00     1  5.39    16   236  2.81  0.22  0.70   1.00    3  0.69  1.34    -     -   FEW_RADII
     960    SW  166    100    81   100    69   0.00  0.00    -      0  5.19     6   233  2.81  0.20  0.73   0.98    3  0.69  1.31    -     -   FEW_RADII
     970    SW  155     96    78    96    65   0.00  0.00    -      0  9.00    17   219  2.83  0.20  0.74   1.00    3  0.69  1.35    -     -   FEW_RADII
     980  METR  151     92    74    90    62   0.00  0.00    -      0  2.72    20   212  2.81  0.21  0.72   1.00    4  0.92  1.32  2.00  1.00  -
     990  METR  157    100    85    93    65   0.00  0.00  1.00     0  6.20    16   221  2.82  0.24  0.68   1.00    5  1.61  1.75  1.52  0.98  -
    1000  METR  167    113    97   104    76   0.15  0.21  1.00     0  9.19     7   242  2.90  0.21  0.70   1.00    5  1.61  1.74  1.10  0.93  -
    1010    SW  179    125   111   111    85   0.08  0.11  1.00     0  9.52    20   262  2.93  0.31  0.62   0.65    3  0.69  1.09    -     -   FEW_RADII
    1020  FRAG  172    121   109   106    84   0.13  0.24  1.00     0 12.13    27   254  2.95  0.34  0.58   0.59    3  0.69  0.96    -     -   FEW_RADII
    1030  FRAG  178    129   111   114    92   0.07  0.10  1.00     0 11.87     6   267  3.00  0.33  0.58   0.54    3  0.69  0.90    -     -   FEW_RADII
    1040  FRAG  174    128   110   112    92   0.00  0.00  1.00     0 13.02    18   264  3.03  0.32  0.61   0.51    3  0.69  0.90    -     -   FEW_RADII
    1050  FRAG  178    133   116   116    97   0.12  0.20  1.00     0 12.75     9   273  3.07  0.10  0.82   0.53    1    -   0.62    -     -   FEW_RADII
    1060    SW  194    152   137   125   108   0.06  0.08  1.00     0 17.87    11   300  3.09  0.13  0.77   0.61    1    -   0.69    -     -   FEW_RADII
    1070    SW  199    161   150   135   123   0.11  0.18  1.00     0 18.09    16   320  3.22  0.11  0.80   0.67    1    -   0.66    -     -   FEW_RADII
    1080    SW  220    189   178   157   141   0.05  0.10  1.00     0 17.84    15   358  3.25  0.11  0.80   0.75    2  0.41  0.78    -     -   FEW_RADII
    1090    SW  212    185   181   154   145   0.00  0.00  1.00     0 19.34    31   352  3.32  0.10  0.82   0.82    1    -   0.75    -     -   FEW_RADII
    1100    SW  201    184   182   150   143   0.00  0.00    -      0 23.91    21   341  3.39  0.11  0.81   0.89    2  0.41  0.69    -     -   FEW_RADII
    1110    SW  192    182   180   149   147   0.06  0.08  1.00     0 12.42    17   335  3.49  0.10  0.82   0.95    1    -   0.63    -     -   FEW_RADII
    1120    SW  189    187   187   150   150   0.06  0.10  1.00     0 17.33    11   338  3.58  0.11  0.80   1.00    1    -   0.73    -     -   FEW_RADII
    1130    SW  213    211   211   175   175   0.10  0.19  1.00     0 21.71     2   387  3.63  0.09  0.83   1.00    1    -   0.91    -     -   FEW_RADII
    1140    SW  263    261   261   197   196   0.07  0.11  1.00     0 18.65     0   458  3.48  0.14  0.75   1.00    1    -   0.97    -     -   FEW_RADII
    1150    SW  296    294   294   220   217   0.04  0.07  1.00     0 23.25     0   512  3.46  0.15  0.74   1.00    2  0.41  0.98    -     -   FEW_RADII
    1160    SW  329    327   327   248   244   0.07  0.13  1.00     0 25.07     0   572  3.48  0.15  0.75   1.00    2  0.41  1.09    -     -   FEW_RADII
    1170    SW  353    351   350   274   271   0.07  0.13  1.00     0 23.74     0   623  3.53  0.13  0.77   1.00    2  0.41  1.08    -     -   FEW_RADII
    1180    SW  384    382   379   306   303   0.05  0.07  1.00     0 23.14     0   686  3.57  0.12  0.79   1.00    2  0.41  1.12    -     -   FEW_RADII
    1190    SW  407    405   401   323   317   0.04  0.08  1.00     0 28.20     4   723  3.55  0.12  0.78   1.00    2  0.41  1.17    -     -   FEW_RADII
    1200    SW  418    416   413   337   328   0.05  0.07  1.00     0 27.37     0   745  3.56  0.12  0.79   1.00    2  0.41  1.14    -     -   FEW_RADII
    1210    SW  436    434   430   360   343   0.02  0.04  1.00     0 28.01     0   778  3.57  0.12  0.79   1.00    2  0.41  1.20    -     -   FEW_RADII
    1220    SW  452    450   446   374   352   0.00  0.00  1.00     0 24.18     2   803  3.55  0.12  0.79   1.00    2  0.41  1.15    -     -   FEW_RADII
    1230    SW  464    462   454   381   358   0.03  0.05  1.00     0 21.36     4   821  3.54  0.12  0.78   1.00    2  0.41  1.22    -     -   FEW_RADII
    1240    SW  475    473   454   391   368   0.04  0.05  1.00     0 20.71    10   842  3.55  0.12  0.79   1.00    2  0.41  1.18    -     -   FEW_RADII
    1250    SW  489    487   462   402   379   0.03  0.05  1.00     0 30.36     4   867  3.55  0.12  0.79   1.00    3  1.10  1.27    -     -   FEW_RADII
    1260    SW  501    499   462   414   392   0.05  0.08  1.00     0 25.82     4   892  3.56  0.11  0.80   1.00    3  1.10  1.29    -     -   FEW_RADII
    1270    SW  511    509   475   428   393   0.02  0.05  1.00     0 37.15     8   903  3.53  0.12  0.79   1.00    3  1.10  1.25    -     -   FEW_RADII
    1280    SW  514    512   483   439   392   0.02  0.04  1.00     0 26.26    16   905  3.52  0.12  0.79   1.00    3  1.10  1.22    -     -   FEW_RADII
    1290    SW  552    549   522   454   399   0.05  0.08  1.00     0 29.60     9   950  3.44  0.15  0.75   1.00    3  1.10  1.20    -     -   FEW_RADII
    1300    SW  554    550   530   455   391   0.03  0.04  1.00     0 35.66    25   944  3.41  0.15  0.74   1.00    3  1.10  1.24    -     -   FEW_RADII
    1310    SW  562    558   531   462   384   0.02  0.03  1.00     0 26.55    10   945  3.36  0.17  0.72   1.00    3  1.10  1.24    -     -   FEW_RADII
    1320    SW  578    574   518   472   383   0.07  0.12  1.00     0 26.88     6   960  3.32  0.18  0.70   1.00    3  1.10  1.25    -     -   FEW_RADII
    1330    SW  579    574   501   476   386   0.02  0.03  1.00     0 26.40    13   964  3.33  0.18  0.70   1.00    3  1.10  1.25    -     -   FEW_RADII
    1340    SW  580    573   497   482   379   0.00  0.00  1.00     0 22.73    18   958  3.30  0.19  0.69   1.00    3  1.10  1.21    -     -   FEW_RADII
    1350    SW  575    568   487   479   377   0.02  0.03  1.00     0 32.31    30   951  3.31  0.18  0.70   1.00    3  1.10  1.21    -     -   FEW_RADII
    1360    SW  564    549   472   476   376   0.04  0.08  1.00     0 24.46    50   939  3.33  0.17  0.72   1.00    3  1.10  1.28    -     -   FEW_RADII
    1370    SW  575    560   479   489   387   0.05  0.08  1.00     0 28.21    20   961  3.34  0.16  0.73   1.00    3  1.10  1.33    -     -   FEW_RADII
    1380    SW  575    561   468   489   388   0.00  0.00  1.00     0 28.67    21   962  3.35  0.16  0.73   1.00    3  1.10  1.28    -     -   FEW_RADII
    1390    SW  563    549   455   482   376   0.02  0.04  1.00     0 18.06    38   938  3.33  0.16  0.74   1.00    3  1.10  1.28    -     -   FEW_RADII
    1400    SW  560    546   453   477   367   0.04  0.07  1.00     1 20.57    40   926  3.31  0.16  0.73   1.00    3  1.10  1.33    -     -   FEW_RADII
    1410    SW  560    545   455   477   363   0.00  0.00  1.00     3 22.15    29   922  3.29  0.16  0.73   1.00    3  1.10  1.34    -     -   FEW_RADII
    1420    SW  549    530   441   464   340   0.03  0.04  1.00     0 18.21    40   888  3.23  0.18  0.71   1.00    2  0.41  1.30    -     -   FEW_RADII
    1430    SW  542    524   431   460   335   0.02  0.04  1.00     1 22.98    37   876  3.23  0.18  0.71   1.00    2  0.41  1.36    -     -   FEW_RADII
    1440    SW  534    512   418   452   325   0.00  0.00  1.00     1 19.08    30   858  3.21  0.17  0.72   1.00    3  0.69  1.38    -     -   FEW_RADII
    1450    SW  523    498   408   439   320   0.04  0.09  1.00     1 15.54    37   842  3.22  0.17  0.72   1.00    3  1.10  1.34    -     -   FEW_RADII
    1460    SW  523    492   407   432   318   0.04  0.08  1.00     1 31.27    32   840  3.21  0.18  0.72   1.00    3  1.10  1.27    -     -   FEW_RADII
    1470    SW  531    499   402   432   321   0.05  0.11  1.00     0 12.95    25   851  3.21  0.18  0.72   1.00    3  1.10  1.33    -     -   FEW_RADII
    1480    SW  520    488   383   427   319   0.00  0.00  1.00     1 26.98    34   838  3.22  0.16  0.73   1.00    3  1.10  1.30    -     -   FEW_RADII
    1490    SW  520    487   381   429   313   0.00  0.00  1.00     1 29.95    11   832  3.20  0.17  0.73   1.00    3  1.10  1.31    -     -   FEW_RADII
    1500    SW  490    458   368   403   296   0.00  0.00    -      0 27.90    61   785  3.20  0.17  0.73   1.00    2  0.41  1.31    -     -   FEW_RADII
    window ep410-420 len=2 exit=SW
    window ep440-450 len=2 exit=SW
    window ep490-540 len=6 exit=SW
    window ep600-640 len=5 exit=SW
    window ep680-680 len=1 exit=SW
    window ep700-760 len=7 exit=SW
    window ep780-780 len=1 exit=SW
    window ep800-810 len=2 exit=SW
    window ep830-830 len=1 exit=SW
    window ep850-860 len=2 exit=SW
    window ep880-880 len=1 exit=SW
    window ep980-1000 len=3 exit=SW
    exit reasons: {'SW': 12}
    SW breakdown: {'NO_SCALING_PTS': 1, 'FEW_RADII': 112}
    edge lifetimes (theta=1e-12): n_dead=3246 median=245 mean=306.6 p90=532 max=1112 censored_alive=947
    coupling with BSW indicator (point-biserial):
      occ_scc3: r = -0.01
      fe_cyc  : r = -0.01
      occ_scc : r =  0.17
      fe_dyad : r =  0.21
      rung12  : r =  0.00
      b1_H12  : r =  0.17
      b1_H6   : r =  0.10
      b1_S12  : r =  0.20
      b1_S6   : r =  0.09
      evapE   : r =  0.47
      kmean   : r = -0.40
      brfrac  : r =  0.26
      occ2ecc : r = -0.24
    coupling with npts(t) (Pearson):
      occ_scc3: r = -0.12
      fe_cyc  : r = -0.11
      b1_H12  : r =  0.40
      b1_S6   : r =  0.30
      rung12  : r = -0.05
      evapE   : r =  0.57
      kmean   : r = -0.50
      brfrac  : r =  0.52
      occ2ecc : r = -0.55
    coupling with wcont(t) (Pearson):
      occ_scc3: r = -0.18
      fe_cyc  : r = -0.18
      b1_H12  : r =  0.57
      b1_S6   : r =  0.48
      rung12  : r = -0.11
      evapE   : r =  0.59
      kmean   : r = -0.47
      brfrac  : r =  0.43
      occ2ecc : r = -0.47
    DISCRIMINATION (contraction, V_peak@ep450):
      occ2ecc  BSW: 0.718(n=29)  non-BSW: 0.731(n=76)
      brfrac   BSW: 0.198(n=29)  non-BSW: 0.169(n=76)
      kmean    BSW: 2.943(n=29)  non-BSW: 3.238(n=76)
    H->S lag correlation corr(b1_H12(t), b1_S6(t+tau)) [tau in snapshots]:
      all    :  0.99  0.99  0.99  0.98  0.97  0.95  0.92   (tau=-3..3)
      rising :  0.99  0.99  0.98  0.97   (tau=0..3, b1_H increasing)
      falling:  0.99  0.98  0.98  0.97   (tau=0..3, b1_H decreasing)
[symmetric] status=ok snaps=150 BSW_occ=0 windows=0 dead=1784 audit=OK V_max=303/2000 first_sat=-
    ep    ph    V  b1_H12 b1_H6 b1_S12 b1_S6  occSCC3 feCYC rung12 refl ndstM evapE  E_S  kmean brfrac occ2ecc  gcf  npts wscale wcont slope   r2    fail
      10    SW    5      3     3     3     3   0.80  0.83  1.00     0  4.77     0     7  2.80  0.00  1.00   1.00    0    -     -     -     -   NO_SCALING_PTS
      20    SW   14     12    12     8     8   0.00  0.00  1.00     0  7.25     0    21  3.00  0.19  0.71   1.00    0    -   0.21    -     -   NO_SCALING_PTS
      30    SW   25     23    23    17    17   0.35  0.55  1.00     0 15.62     0    41  3.28  0.15  0.76   1.00    1    -   0.53    -     -   FEW_RADII
      40    SW   32     30    30    24    24   0.00  0.00  1.00     0 16.26     0    55  3.44  0.11  0.81   1.00    1    -   0.52    -     -   FEW_RADII
      50    SW   36     34    34    27    27   0.10  0.12  1.00     0 24.18     0    62  3.44  0.11  0.81   1.00    1    -   0.54    -     -   FEW_RADII
      60    SW   40     38    38    31    31   0.09  0.15  1.00     0 19.48     0    70  3.50  0.10  0.82   1.00    1    -   0.57    -     -   FEW_RADII
      70    SW   51     49    49    38    38   0.16  0.36  1.00     0 19.21     0    88  3.45  0.12  0.78   1.00    1    -   0.73    -     -   FEW_RADII
      80    SW   63     61    61    45    45   0.00  0.00    -      0 18.14     0   107  3.40  0.15  0.75   1.00    2  0.69  0.85    -     -   FEW_RADII
      90    SW   69     67    67    49    49   0.00  0.00  1.00     0 21.62     0   117  3.39  0.15  0.74   1.00    2  0.69  0.88    -     -   FEW_RADII
     100    SW   72     70    70    52    52   0.06  0.12  1.00     0 31.73     0   123  3.42  0.15  0.75   1.00    1    -   0.82    -     -   FEW_RADII
     110    SW   83     81    81    58    58   0.14  0.32  1.00     0 28.95     0   140  3.37  0.16  0.72   1.00    1    -   0.90    -     -   FEW_RADII
     120    SW   94     92    92    67    67   0.15  0.33  1.00     0 36.46     0   160  3.40  0.16  0.73   1.00    2  0.69  1.03    -     -   FEW_RADII
     130    SW  131    129   129    92    92   0.11  0.22  1.00     0 40.65     0   222  3.39  0.17  0.72   1.00    2  0.69  1.00    -     -   FEW_RADII
     140    SW  141    139   139   102   102   0.03  0.06  1.00     0 44.33     0   242  3.43  0.15  0.74   1.00    3  1.10  1.17    -     -   FEW_RADII
     150    SW  143    141   141   106   103   0.05  0.13  1.00     0 47.33     4   245  3.43  0.15  0.74   1.00    2  0.41  1.13    -     -   FEW_RADII
     160    SW  150    148   148   112   106   0.03  0.06  1.00     0 70.10     4   255  3.40  0.16  0.73   1.00    2  0.41  0.99    -     -   FEW_RADII
     170    SW  156    154   154   114   107   0.05  0.10  1.00     0 57.54    10   262  3.36  0.18  0.71   1.00    2  0.41  0.97    -     -   FEW_RADII
     180    SW  152    150   150   112   105   0.03  0.06  1.00     0 81.63    12   256  3.37  0.18  0.70   1.00    2  0.41  0.93    -     -   FEW_RADII
     190    SW  147    145   145   109   104   0.03  0.04  1.00     0 75.57    20   250  3.40  0.16  0.72   1.00    2  0.41  0.90    -     -   FEW_RADII
     200    SW  147    145   145   110   106   0.06  0.15  1.00     0 66.27    16   252  3.43  0.15  0.73   1.00    1    -   0.96    -     -   FEW_RADII
     210    SW  152    150   150   115   110   0.00  0.00  1.00     0 44.80     6   261  3.43  0.15  0.74   1.00    1    -   1.03    -     -   FEW_RADII
     220    SW  156    154   154   119   112   0.00  0.00  1.00     0 65.58     8   267  3.42  0.16  0.73   1.00    2  0.69  1.00    -     -   FEW_RADII
     230    SW  148    146   146   116   106   0.04  0.08  1.00     0 48.09    22   253  3.42  0.15  0.74   1.00    2  0.69  0.95    -     -   FEW_RADII
     240    SW  150    148   148   117   110   0.07  0.17  1.00     0 55.01    18   259  3.45  0.14  0.75   1.00    2  0.69  0.88    -     -   FEW_RADII
     250    SW  147    145   145   112   108   0.05  0.12  1.00     0 76.56    18   254  3.46  0.15  0.75   1.00    2  0.69  0.85    -     -   FEW_RADII
     260    SW  156    154   154   119   104   0.04  0.07  1.00     0 50.53     4   259  3.32  0.19  0.69   1.00    2  0.69  0.92    -     -   FEW_RADII
     270    SW  166    164   164   129   100   0.08  0.21  1.00     0 50.31    16   265  3.19  0.24  0.61   1.00    2  0.69  1.00    -     -   FEW_RADII
     280    SW  182    180   180   142   114   0.12  0.29  1.00     0 56.89    28   295  3.24  0.22  0.64   1.00    3  1.10  1.11    -     -   FEW_RADII
     290    SW  186    184   184   145   120   0.05  0.13  1.00     0 71.18    38   305  3.28  0.21  0.66   1.00    3  1.10  1.12    -     -   FEW_RADII
     300    SW  182    180   180   136   128   0.09  0.23  1.00     0 65.97    60   309  3.40  0.17  0.72   1.00    3  1.10  1.21    -     -   FEW_RADII
     310    SW  199    197   197   156   149   0.10  0.23  1.00     0 48.19    12   347  3.49  0.14  0.76   1.00    3  1.10  1.21    -     -   FEW_RADII
     320    SW  204    202   202   154   150   0.00  0.00  1.00     0 79.14    20   353  3.46  0.14  0.75   1.00    3  1.10  1.14    -     -   FEW_RADII
     330    SW  209    206   206   157   150   0.06  0.14  1.00     0 64.89    11   358  3.43  0.16  0.73   1.00    3  1.10  1.14    -     -   FEW_RADII
     340    SW  217    215   215   164   153   0.06  0.16  1.00     0 82.65     9   369  3.40  0.17  0.72   1.00    2  0.41  1.05    -     -   FEW_RADII
     350    SW  230    227   227   174   166   0.08  0.21  1.00     0 60.34    11   395  3.43  0.15  0.73   1.00    2  0.69  1.05    -     -   FEW_RADII
     360    SW  240    238   238   183   173   0.05  0.15  1.00     0 74.93    11   412  3.43  0.16  0.73   1.00    2  0.69  1.07    -     -   FEW_RADII
     370    SW  247    244   244   187   182   0.02  0.04  1.00     0 88.22    17   428  3.47  0.14  0.75   1.00    2  0.69  1.06    -     -   FEW_RADII
     380    SW  243    241   241   186   185   0.05  0.13  1.00     0 82.42    21   427  3.51  0.13  0.77   1.00    2  0.69  1.04    -     -   FEW_RADII
     390    SW  266    264   264   204   196   0.08  0.19  1.00     0 51.19     6   461  3.47  0.15  0.74   1.00    2  0.69  1.05    -     -   FEW_RADII
     400    SW  270    268   268   210   199   0.07  0.18  1.00     0 44.78    16   468  3.47  0.15  0.74   1.00    2  0.69  1.03    -     -   FEW_RADII
     410    SW  263    261   261   205   195   0.00  0.00  1.00     0 94.29    22   457  3.48  0.14  0.75   1.00    2  0.69  1.01    -     -   FEW_RADII
     420    SW  258    256   256   202   178   0.03  0.06  1.00     0 118.53    18   435  3.37  0.18  0.70   1.00    2  0.69  1.02    -     -   FEW_RADII
     430    SW  251    249   249   199   161   0.03  0.08  1.00     0 108.62    24   411  3.27  0.21  0.65   1.00    2  0.69  1.03    -     -   FEW_RADII
     440    SW  238    236   235   191   145   0.04  0.09  1.00     0 98.19    42   382  3.21  0.24  0.62   1.00    2  0.69  1.06    -     -   FEW_RADII
     450    SW  217    213   213   172   141   0.08  0.17  1.00     0 33.49    68   357  3.29  0.21  0.66   1.00    2  0.69  1.03    -     -   FEW_RADII
     460    SW  222    220   219   178   146   0.10  0.25  1.00     0 79.73    34   367  3.31  0.20  0.67   1.00    2  0.69  1.03    -     -   FEW_RADII
     470    SW  238    236   236   190   161   0.13  0.29  1.00     0 51.76    36   398  3.34  0.19  0.68   1.00    2  0.69  1.08    -     -   FEW_RADII
     480    SW  216    214   214   169   156   0.05  0.12  1.00     0 90.47    68   371  3.44  0.16  0.73   1.00    2  0.69  0.92    -     -   FEW_RADII
     490    SW  221    219   219   175   162   0.50  0.44  1.00     0 60.28    20   382  3.46  0.15  0.74   1.00    2  0.69  0.97    -     -   FEW_RADII
     500    SW  221    218   218   174   154   0.06  0.17  1.00     0 71.15    27   374  3.38  0.17  0.71   1.00    3  1.10  1.24    -     -   FEW_RADII
     510    SW  223    221   221   175   157   0.00  0.00  1.00     0 70.74    27   379  3.40  0.17  0.71   1.00    3  1.10  1.21    -     -   FEW_RADII
     520    SW  218    216   216   169   153   0.05  0.14  1.00     0 75.25    26   370  3.39  0.17  0.71   1.00    2  0.41  1.11    -     -   FEW_RADII
     530    SW  227    225   225   174   154   0.06  0.15  1.00     0 57.09    22   380  3.35  0.19  0.69   1.00    3  1.10  1.12    -     -   FEW_RADII
     540    SW  235    233   233   175   151   0.05  0.11  1.00     0 72.94    16   385  3.28  0.21  0.66   1.00    2  0.69  1.08    -     -   FEW_RADII
     550    SW  234    232   232   175   151   0.03  0.09  1.00     0 83.54    22   384  3.28  0.21  0.66   1.00    2  0.69  1.06    -     -   FEW_RADII
     560    SW  222    220   220   165   158   0.04  0.08  1.00     0 94.95    56   379  3.41  0.16  0.73   1.00    2  0.69  0.96    -     -   FEW_RADII
     570    SW  219    217   216   163   158   0.05  0.12  1.00     0 48.07    20   376  3.43  0.15  0.74   1.00    2  0.69  0.94    -     -   FEW_RADII
     580    SW  218    216   216   162   157   0.02  0.04  1.00     0 87.19    12   374  3.43  0.16  0.73   1.00    2  0.69  0.96    -     -   FEW_RADII
     590    SW  224    222   222   167   155   0.03  0.04  1.00     0 67.02     8   378  3.38  0.18  0.70   1.00    2  0.69  0.98    -     -   FEW_RADII
     600    SW  232    230   230   172   151   0.07  0.20  1.00     0 93.27     6   382  3.29  0.21  0.66   1.00    2  0.69  1.01    -     -   FEW_RADII
     610    SW  260    258   258   189   160   0.11  0.27  1.00     0 65.35    26   419  3.22  0.23  0.62   1.00    2  0.69  1.03    -     -   FEW_RADII
     620    SW  281    278   278   204   177   0.08  0.21  1.00     0 60.22    43   457  3.25  0.22  0.64   1.00    2  0.69  1.02    -     -   FEW_RADII
     630    SW  272    270   270   209   184   0.03  0.05  1.00     0 102.66    47   455  3.35  0.19  0.69   1.00    2  0.69  1.04    -     -   FEW_RADII
     640    SW  246    243   243   184   162   0.03  0.07  1.00     0 135.25    57   407  3.31  0.20  0.67   1.00    3  1.10  1.13    -     -   FEW_RADII
     650    SW  237    234   234   177   163   0.00  0.00  1.00     0 100.10    30   399  3.37  0.18  0.70   1.00    2  0.41  1.17    -     -   FEW_RADII
     660    SW  231    228   228   174   154   0.03  0.07  1.00     0 85.58    28   384  3.32  0.19  0.68   1.00    2  0.41  1.04    -     -   FEW_RADII
     670    SW  229    226   226   170   155   0.06  0.17  1.00     0 65.27    30   383  3.34  0.19  0.69   1.00    2  0.41  1.16    -     -   FEW_RADII
     680    SW  230    228   228   173   162   0.06  0.15  1.00     0 45.36    25   391  3.40  0.17  0.71   1.00    3  1.10  1.13    -     -   FEW_RADII
     690    SW  238    235   235   174   163   0.08  0.22  1.00     0 65.13    27   400  3.36  0.18  0.69   1.00    2  0.69  1.07    -     -   FEW_RADII
     700    SW  241    239   239   183   168   0.02  0.03  1.00     0 60.65    31   408  3.39  0.17  0.71   1.00    2  0.69  1.00    -     -   FEW_RADII
     710    SW  232    230   230   176   164   0.03  0.07  1.00     0 104.89    26   395  3.41  0.17  0.72   1.00    2  0.69  0.99    -     -   FEW_RADII
     720    SW  226    224   224   172   158   0.03  0.07  1.00     0 101.92    18   383  3.39  0.17  0.71   1.00    2  0.69  0.98    -     -   FEW_RADII
     730    SW  230    228   228   173   162   0.05  0.11  1.00     0 53.36    18   391  3.40  0.17  0.71   1.00    2  0.69  0.94    -     -   FEW_RADII
     740    SW  241    239   239   179   171   0.08  0.21  1.00     0 63.32    22   411  3.41  0.17  0.72   1.00    2  0.69  0.91    -     -   FEW_RADII
     750    SW  264    262   262   194   173   0.06  0.16  1.00     0 75.33    12   436  3.30  0.20  0.66   1.00    3  1.10  1.16    -     -   FEW_RADII
     760    SW  275    273   273   205   156   0.03  0.07  1.00     0 58.34    20   430  3.13  0.27  0.57   1.00    3  1.10  1.19    -     -   FEW_RADII
     770    SW  256    254   254   195   152   0.00  0.00  1.00     0 81.66    60   407  3.18  0.25  0.61   1.00    2  0.69  1.07    -     -   FEW_RADII
     780    SW  248    245   245   187   156   0.06  0.15  1.00     0 83.70    51   403  3.25  0.22  0.65   1.00    2  0.69  1.02    -     -   FEW_RADII
     790    SW  221    218   218   170   159   0.00  0.00  1.00     0 76.42    78   379  3.43  0.16  0.73   1.00    2  0.41  1.20    -     -   FEW_RADII
     800    SW  222    219   219   168   167   0.36  0.38  1.00     0 82.51    22   388  3.50  0.14  0.76   1.00    2  0.41  1.13    -     -   FEW_RADII
     810    SW  229    227   227   176   169   0.04  0.07  1.00     0 65.61     7   397  3.47  0.15  0.75   1.00    3  1.10  1.12    -     -   FEW_RADII
     820    SW  241    239   239   183   163   0.00  0.00  1.00     0 88.94     0   403  3.34  0.19  0.68   1.00    3  1.10  1.12    -     -   FEW_RADII
     830    SW  229    227   227   180   150   0.02  0.04  1.00     0 116.62    26   378  3.30  0.20  0.66   1.00    3  1.10  1.12    -     -   FEW_RADII
     840    SW  220    218   217   172   141   0.03  0.07  1.00     0 82.04    30   360  3.27  0.21  0.65   1.00    2  0.41  1.09    -     -   FEW_RADII
     850    SW  203    201   198   157   140   0.04  0.09  1.00     0 63.48    50   342  3.37  0.18  0.70   1.00    2  0.69  1.02    -     -   FEW_RADII
     860    SW  205    203   203   155   148   0.11  0.27  1.00     0 55.87    40   352  3.43  0.16  0.73   1.00    2  0.69  0.95    -     -   FEW_RADII
     870    SW  213    211   211   164   157   0.03  0.08  1.00     0 52.98     8   369  3.46  0.15  0.75   1.00    2  0.69  0.96    -     -   FEW_RADII
     880    SW  227    225   225   178   162   0.06  0.15  1.00     0 47.57     6   388  3.42  0.16  0.72   1.00    2  0.69  0.98    -     -   FEW_RADII
     890    SW  252    250   250   192   165   0.09  0.24  1.00     0 92.25    14   416  3.30  0.20  0.66   1.00    2  0.69  1.00    -     -   FEW_RADII
     900    SW  237    235   234   185   150   0.00  0.00  1.00     0 85.30    42   386  3.26  0.22  0.64   1.00    2  0.69  1.07    -     -   FEW_RADII
     910    SW  220    217   217   168   142   0.06  0.16  1.00     0 60.79    49   361  3.28  0.20  0.66   1.00    2  0.69  0.99    -     -   FEW_RADII
     920    SW  204    201   201   160   136   0.10  0.25  1.00     0 55.68    62   339  3.32  0.19  0.69   1.00    2  0.41  1.13    -     -   FEW_RADII
     930    SW  221    219   219   168   150   0.09  0.20  1.00     0 55.08    27   370  3.35  0.19  0.69   1.00    3  1.10  1.15    -     -   FEW_RADII
     940    SW  233    231   231   177   162   0.09  0.23  1.00     0 47.59    26   394  3.38  0.17  0.71   1.00    3  1.10  1.10    -     -   FEW_RADII
     950    SW  228    226   226   172   159   0.05  0.12  1.00     0 58.33    38   386  3.39  0.17  0.71   1.00    2  0.69  1.07    -     -   FEW_RADII
     960    SW  238    236   236   181   166   0.05  0.12  1.00     0 59.09    10   403  3.39  0.17  0.71   1.00    2  0.69  1.03    -     -   FEW_RADII
     970    SW  248    246   246   191   177   0.12  0.29  1.00     0 60.72    18   424  3.42  0.16  0.72   1.00    2  0.69  1.06    -     -   FEW_RADII
     980    SW  257    255   255   191   190   0.09  0.20  1.00     0 55.87    36   446  3.47  0.14  0.75   1.00    3  1.10  1.15    -     -   FEW_RADII
     990    SW  267    265   265   197   193   0.04  0.09  1.00     0 52.69     6   459  3.44  0.16  0.73   1.00    3  1.10  1.16    -     -   FEW_RADII
    1000    SW  279    277   277   207   195   0.04  0.10  1.00     0 57.46     4   473  3.39  0.17  0.71   1.00    3  1.10  1.15    -     -   FEW_RADII
    1010    SW  291    289   289   213   197   0.06  0.12  1.00     0 65.10    10   487  3.35  0.19  0.68   1.00    3  1.10  1.11    -     -   FEW_RADII
    1020    SW  301    299   299   222   191   0.04  0.09  1.00     0 75.84    16   491  3.26  0.22  0.64   1.00    3  1.10  1.10    -     -   FEW_RADII
    1030    SW  303    301   299   227   182   0.02  0.03  1.00     0 101.66    16   484  3.19  0.24  0.61   1.00    3  1.10  1.15    -     -   FEW_RADII
    1040    SW  281    279   275   212   170   0.04  0.11  1.00     0 70.33    54   450  3.20  0.24  0.62   1.00    2  0.41  1.16    -     -   FEW_RADII
    1050    SW  260    258   257   191   170   0.33  0.36  1.00     0 49.21    66   429  3.30  0.20  0.67   1.00    2  0.69  1.10    -     -   FEW_RADII
    1060    SW  251    249   249   180   171   0.06  0.13  1.00     0 35.07    40   421  3.35  0.19  0.69   1.00    3  1.10  1.12    -     -   FEW_RADII
    1070    SW  260    258   258   195   170   0.12  0.30  1.00     0 47.86    16   429  3.30  0.21  0.66   1.00    2  0.69  1.09    -     -   FEW_RADII
    1080    SW  271    269   269   201   174   0.04  0.07  1.00     0 50.39    24   444  3.28  0.21  0.65   1.00    2  0.69  1.04    -     -   FEW_RADII
    1090    SW  264    261   261   197   165   0.05  0.10  1.00     0 36.53    37   428  3.24  0.22  0.64   1.00    2  0.69  1.06    -     -   FEW_RADII
    1100    SW  245    243   243   183   159   0.05  0.10  1.00     0 40.63    51   403  3.29  0.21  0.66   1.00    2  0.69  1.03    -     -   FEW_RADII
    1110    SW  247    245   244   185   158   0.21  0.22  1.00     0 56.25    22   404  3.27  0.21  0.65   1.00    2  0.69  1.01    -     -   FEW_RADII
    1120    SW  236    234   231   176   149   0.02  0.05  1.00     0 40.53    34   384  3.25  0.22  0.64   1.00    2  0.69  1.02    -     -   FEW_RADII
    1130    SW  240    238   238   178   148   0.08  0.19  1.00     0 53.46    40   387  3.23  0.23  0.62   1.00    3  1.10  1.25    -     -   FEW_RADII
    1140    SW  250    248   248   191   155   0.05  0.13  1.00     0 48.21    32   404  3.23  0.23  0.63   1.00    3  1.10  1.20    -     -   FEW_RADII
    1150    SW  233    230   230   176   156   0.09  0.24  1.00     0 45.18    65   388  3.33  0.19  0.68   1.00    3  1.10  1.18    -     -   FEW_RADII
    1160    SW  242    240   240   181   161   0.09  0.21  1.00     0 59.91    29   402  3.32  0.20  0.67   1.00    3  1.10  1.15    -     -   FEW_RADII
    1170    SW  239    237   237   182   168   0.11  0.23  1.00     0 45.26    50   406  3.40  0.16  0.72   1.00    3  1.10  1.13    -     -   FEW_RADII
    1180    SW  238    235   235   179   171   0.09  0.22  1.00     0 35.10    27   408  3.43  0.16  0.73   1.00    3  1.10  1.16    -     -   FEW_RADII
    1190    SW  245    243   243   179   170   0.04  0.08  1.00     0 46.44    13   414  3.38  0.17  0.71   1.00    3  1.10  1.21    -     -   FEW_RADII
    1200    SW  248    246   246   182   170   0.07  0.17  1.00     0 35.14     6   417  3.36  0.18  0.69   1.00    3  1.10  1.19    -     -   FEW_RADII
    1210    SW  264    262   262   193   172   0.04  0.11  1.00     0 55.17     8   435  3.30  0.21  0.66   1.00    3  1.10  1.17    -     -   FEW_RADII
    1220    SW  254    252   251   189   167   0.00  0.00  1.00     0 29.42    30   420  3.31  0.20  0.67   1.00    3  1.10  1.10    -     -   FEW_RADII
    1230    SW  246    243   242   181   152   0.00  0.00  1.00     0 69.52    27   397  3.23  0.23  0.63   1.00    2  0.69  1.09    -     -   FEW_RADII
    1240    SW  238    235   234   174   146   0.06  0.15  1.00     0 52.61    30   383  3.22  0.23  0.62   1.00    3  1.10  1.13    -     -   FEW_RADII
    1250    SW  240    237   235   175   151   0.09  0.23  1.00     0 70.29    22   390  3.25  0.22  0.64   1.00    3  1.10  1.14    -     -   FEW_RADII
    1260    SW  236    234   229   173   155   0.27  0.31  1.00     0 44.29    41   390  3.31  0.20  0.67   1.00    2  0.69  1.03    -     -   FEW_RADII
    1270    SW  228    226   226   170   150   0.03  0.06  1.00     0 39.67    32   377  3.31  0.20  0.67   1.00    3  1.10  1.17    -     -   FEW_RADII
    1280    SW  220    218   218   164   136   0.04  0.09  1.00     0 32.19    26   355  3.23  0.23  0.63   1.00    3  1.10  1.18    -     -   FEW_RADII
    1290    SW  217    215   215   164   132   0.00  0.00  1.00     0 61.42    16   348  3.21  0.24  0.62   1.00    3  1.10  1.16    -     -   FEW_RADII
    1300    SW  199    197   196   149   128   0.04  0.09  1.00     0 47.10    62   326  3.28  0.21  0.66   1.00    2  0.69  1.01    -     -   FEW_RADII
    1310    SW  192    190   190   144   120   0.03  0.06  1.00     0 44.65    24   311  3.24  0.23  0.64   1.00    2  0.69  1.00    -     -   FEW_RADII
    1320    SW  189    187   182   150   117   0.11  0.28  1.00     0 38.46    30   305  3.23  0.22  0.65   1.00    2  0.69  0.92    -     -   FEW_RADII
    1330    SW  180    177   177   141   121   0.14  0.32  1.00     0 39.86    49   300  3.33  0.18  0.69   1.00    2  0.69  1.07    -     -   FEW_RADII
    1340    SW  182    180   180   144   111   0.06  0.15  1.00     0 34.39    15   292  3.21  0.24  0.62   1.00    3  1.10  1.19    -     -   FEW_RADII
    1350    SW  201    199   193   156   115   0.06  0.13  1.00     0 58.20     2   315  3.13  0.27  0.58   1.00    3  1.10  1.26    -     -   FEW_RADII
    1360    SW  204    202   184   161   121   0.20  0.27  1.00     0 36.36    20   324  3.18  0.25  0.60   1.00    3  1.10  1.14    -     -   FEW_RADII
    1370    SW  182    179   169   143   121   0.05  0.10  1.00     0 63.64    59   302  3.32  0.20  0.68   1.00    2  0.69  0.99    -     -   FEW_RADII
    1380    SW  164    162   162   127   119   0.06  0.15  1.00     0 51.94    47   282  3.44  0.15  0.74   1.00    2  0.41  1.05    -     -   FEW_RADII
    1390    SW  175    173   173   135   122   0.04  0.06  1.00     0 55.27     8   296  3.38  0.17  0.71   1.00    2  0.41  1.14    -     -   FEW_RADII
    1400    SW  176    174   174   137   120   0.08  0.20  1.00     0 43.40    14   295  3.35  0.18  0.70   1.00    3  1.10  1.19    -     -   FEW_RADII
    1410    SW  189    186   186   143   126   0.10  0.26  1.00     0 52.88    13   314  3.32  0.18  0.69   1.00    3  1.10  1.13    -     -   FEW_RADII
    1420    SW  203    200   200   147   127   0.07  0.15  1.00     0 37.40    14   329  3.24  0.22  0.64   1.00    2  0.69  1.08    -     -   FEW_RADII
    1430    SW  205    203   200   154   128   0.14  0.21  1.00     0 37.92     7   332  3.24  0.23  0.63   1.00    2  0.69  1.07    -     -   FEW_RADII
    1440    SW  208    205   194   158   132   0.09  0.20  1.00     0 61.19    19   339  3.26  0.22  0.64   1.00    2  0.69  1.00    -     -   FEW_RADII
    1450    SW  206    204   201   158   144   0.07  0.13  1.00     0 46.38    43   349  3.39  0.17  0.71   1.00    2  0.69  0.98    -     -   FEW_RADII
    1460    SW  210    208   208   156   149   0.06  0.11  1.00     0 64.54    28   358  3.41  0.16  0.72   1.00    3  1.10  1.12    -     -   FEW_RADII
    1470    SW  210    208   208   154   148   0.00  0.00  1.00     0 82.22    14   357  3.40  0.17  0.71   1.00    3  1.10  1.12    -     -   FEW_RADII
    1480    SW  220    218   218   164   144   0.07  0.19  1.00     0 62.21     6   363  3.30  0.20  0.66   1.00    2  0.41  1.15    -     -   FEW_RADII
    1490    SW  223    221   221   169   141   0.05  0.14  1.00     0 68.76    16   363  3.26  0.22  0.65   1.00    2  0.41  1.15    -     -   FEW_RADII
    1500    SW  209    207   206   160   139   0.04  0.09  1.00     0 57.98    36   347  3.32  0.20  0.67   1.00    2  0.41  1.11    -     -   FEW_RADII
    exit reasons: (no windows)
    SW breakdown: {'NO_SCALING_PTS': 2, 'FEW_RADII': 148}
    edge lifetimes (theta=1e-12): n_dead=3568 median=164 mean=163.0 p90=185 max=230 censored_alive=415
    coupling with BSW indicator (point-biserial):
      occ_scc3: r =    - 
      fe_cyc  : r =    - 
      occ_scc : r =    - 
      fe_dyad : r =    - 
      rung12  : r =    - 
      b1_H12  : r =    - 
      b1_H6   : r =    - 
      b1_S12  : r =    - 
      b1_S6   : r =    - 
      evapE   : r =    - 
      kmean   : r =    - 
      brfrac  : r =    - 
      occ2ecc : r =    - 
    coupling with npts(t) (Pearson):
      occ_scc3: r = -0.28
      fe_cyc  : r = -0.20
      b1_H12  : r =  0.57
      b1_S6   : r =  0.55
      rung12  : r =    - 
      evapE   : r =  0.15
      kmean   : r =  0.05
      brfrac  : r =  0.38
      occ2ecc : r = -0.42
    coupling with wcont(t) (Pearson):
      occ_scc3: r = -0.09
      fe_cyc  : r = -0.03
      b1_H12  : r =  0.69
      b1_S6   : r =  0.66
      rung12  : r =    - 
      evapE   : r =  0.27
      kmean   : r = -0.09
      brfrac  : r =  0.40
      occ2ecc : r = -0.45
    DISCRIMINATION (contraction, V_peak@ep1030):
      occ2ecc  BSW:    - (n=0)  non-BSW: 0.661(n=47)
      brfrac   BSW:    - (n=0)  non-BSW: 0.206(n=47)
      kmean    BSW:    - (n=0)  non-BSW: 3.295(n=47)
    H->S lag correlation corr(b1_H12(t), b1_S6(t+tau)) [tau in snapshots]:
      all    :  0.94  0.96  0.97  0.97  0.95  0.92  0.89   (tau=-3..3)
      rising :  0.98  0.98  0.96  0.94   (tau=0..3, b1_H increasing)
      falling:  0.90  0.86  0.77  0.71   (tau=0..3, b1_H decreasing)
    --- asymmetric prediction pre-test (directed minus symmetric, point-biserial r with BSW) ---
      occ_scc3: r_dir=-0.01  r_sym=   -   diff=   - 
      fe_cyc  : r_dir=-0.01  r_sym=   -   diff=   - 
      b1_H12  : r_dir= 0.17  r_sym=   -   diff=   - 
====================================================================================================
SEED 10  rule=T1 g=0.075 N=2000 epochs=1500 (paired directed / symmetric, identical seed)
====================================================================================================
[directed ] status=ok snaps=150 BSW_occ=72 windows=10 dead=1152 audit=OK V_max=539/2000 first_sat=-
    ep    ph    V  b1_H12 b1_H6 b1_S12 b1_S6  occSCC3 feCYC rung12 refl ndstM evapE  E_S  kmean brfrac occ2ecc  gcf  npts wscale wcont slope   r2    fail
      10    SW    4      2     2     1     1   0.00  0.00    -     12  1.29     0     4  2.00  0.25  0.75   1.00    0    -     -     -     -   NO_SCALING_PTS
      20    SW   26     24    24    17    17   0.35  0.40  1.00     0  5.86     0    42  3.23  0.17  0.73   1.00    1    -   0.31    -     -   FEW_RADII
      30    SW   52     50    50    37    37   0.00  0.00    -      0  8.15     0    88  3.38  0.15  0.75   1.00    1    -   0.54    -     -   FEW_RADII
      40    SW   68     66    66    51    51   0.00  0.00    -      0 12.08     0   118  3.47  0.13  0.78   1.00    1    -   0.49    -     -   FEW_RADII
      50    SW   74     72    72    52    52   0.00  0.00    -      0 15.30     0   125  3.38  0.16  0.73   1.00    1    -   0.43    -     -   FEW_RADII
      60    SW   74     72    72    53    53   0.00  0.00  1.00     0 16.57     0   126  3.41  0.15  0.74   1.00    1    -   0.41    -     -   FEW_RADII
      70    SW   78     76    76    62    62   0.05  0.10  1.00     0 14.70     0   139  3.56  0.10  0.82   1.00    1    -   0.52    -     -   FEW_RADII
      80    SW   88     86    86    71    71   0.11  0.16  1.00     0 16.14     0   158  3.59  0.09  0.83   1.00    1    -   0.63    -     -   FEW_RADII
      90    SW   90     88    88    75    75   0.00  0.00    -      0 16.60     0   164  3.64  0.08  0.86   1.00    1    -   0.62    -     -   FEW_RADII
     100    SW   98     96    96    84    84   0.07  0.09  1.00     0 13.43     0   181  3.69  0.07  0.88   1.00    2  0.41  0.68    -     -   FEW_RADII
     110    SW  120    118   118    94    94   0.15  0.27  1.00     0 18.74     0   213  3.55  0.11  0.80   1.00    2  0.41  0.74    -     -   FEW_RADII
     120    SW  135    133   133   106   106   0.00  0.00  1.00     0 14.30     0   240  3.56  0.11  0.80   1.00    2  0.41  0.82    -     -   FEW_RADII
     130    SW  149    147   147   112   112   0.00  0.00    -      0 13.95     0   260  3.49  0.13  0.77   1.00    2  0.41  0.83    -     -   FEW_RADII
     140    SW  155    153   153   116   116   0.03  0.06  1.00     0 19.94     0   270  3.48  0.14  0.76   1.00    2  0.41  0.81    -     -   FEW_RADII
     150    SW  160    158   158   125   125   0.00  0.00    -      0 14.28     0   284  3.55  0.12  0.79   1.00    2  0.41  0.82    -     -   FEW_RADII
     160    SW  165    163   163   131   131   0.00  0.00  1.00     0 18.53     0   295  3.58  0.11  0.81   1.00    2  0.41  0.90    -     -   FEW_RADII
     170    SW  168    166   166   136   132   0.00  0.00  1.00     0 14.15     0   299  3.56  0.11  0.80   1.00    1    -   0.77    -     -   FEW_RADII
     180    SW  170    168   168   137   130   0.00  0.00    -      0 24.59     0   299  3.52  0.13  0.78   1.00    1    -   0.79    -     -   FEW_RADII
     190    SW  174    172   172   140   131   0.00  0.00  1.00     0 17.47     0   304  3.49  0.13  0.76   1.00    1    -   0.82    -     -   FEW_RADII
     200    SW  181    178   178   146   139   0.06  0.10  1.00     0 12.87     3   319  3.52  0.13  0.78   1.00    1    -   0.86    -     -   FEW_RADII
     210    SW  185    183   180   154   147   0.00  0.00  1.00     0 19.45     3   331  3.58  0.11  0.81   1.00    1    -   1.08    -     -   FEW_RADII
     220    SW  199    197   190   164   156   0.05  0.08  1.00     0 20.00     2   354  3.56  0.12  0.79   1.00    3  1.10  1.10    -     -   FEW_RADII
     230    SW  216    214   208   178   170   0.06  0.10  1.00     0 14.80     2   385  3.56  0.11  0.80   1.00    3  1.10  1.23    -     -   FEW_RADII
     240    SW  238    236   229   193   182   0.00  0.00    -      0 13.48     2   419  3.52  0.13  0.78   1.00    2  0.41  1.22    -     -   FEW_RADII
     250    SW  245    243   235   203   185   0.04  0.05  1.00     0 20.91     6   429  3.50  0.13  0.77   1.00    2  0.41  1.18    -     -   FEW_RADII
     260    SW  259    257   248   210   188   0.07  0.10  1.00     0 20.25     2   446  3.44  0.15  0.74   1.00    2  0.41  1.29    -     -   FEW_RADII
     270    SW  276    274   265   228   198   0.00  0.00  1.00     0 16.08     2   473  3.43  0.15  0.74   1.00    2  0.41  1.33    -     -   FEW_RADII
     280    SW  283    281   272   234   201   0.00  0.00    -      0 12.51     4   483  3.41  0.16  0.73   1.00    2  0.41  1.19    -     -   FEW_RADII
     290    SW  289    287   267   242   207   0.11  0.18  1.00     0 19.30     4   495  3.43  0.15  0.74   1.00    3  0.69  1.16    -     -   FEW_RADII
     300    SW  296    293   260   248   211   0.03  0.05  1.00     0 20.24     5   506  3.42  0.16  0.73   1.00    2  0.41  1.14    -     -   FEW_RADII
     310    SW  308    305   265   260   223   0.03  0.04  1.00     0 24.04     2   530  3.44  0.14  0.75   1.00    2  0.41  1.27    -     -   FEW_RADII
     320    SW  329    325   282   274   241   0.06  0.11  1.00     0 17.88    15   569  3.46  0.14  0.76   1.00    3  1.10  1.32    -     -   FEW_RADII
     330    SW  348    344   306   280   247   0.06  0.13  1.00     0 16.56    12   594  3.41  0.15  0.75   1.00    2  0.41  1.29    -     -   FEW_RADII
     340    SW  371    369   332   292   261   0.07  0.11  1.00     0 15.22    14   631  3.40  0.15  0.75   1.00    3  1.10  1.31    -     -   FEW_RADII
     350    SW  375    373   338   299   262   0.03  0.06  1.00     0 17.46    10   636  3.39  0.15  0.74   1.00    2  0.41  1.30    -     -   FEW_RADII
     360    SW  372    369   340   296   260   0.06  0.07  1.00     0 17.44    15   631  3.39  0.15  0.75   1.00    2  0.41  1.16    -     -   FEW_RADII
     370    SW  369    366   338   296   252   0.00  0.00    -      0 11.52    12   620  3.36  0.16  0.73   1.00    2  0.41  1.09    -     -   FEW_RADII
     380    SW  366    363   333   296   248   0.00  0.00    -      0 15.52     8   613  3.35  0.16  0.73   1.00    2  0.41  1.03    -     -   FEW_RADII
     390    SW  366    362   330   296   247   0.00  0.00  1.00     0 12.72     9   612  3.34  0.16  0.74   1.00    2  0.41  0.99    -     -   FEW_RADII
     400    SW  362    358   317   296   235   0.00  0.00    -      0 14.86     8   596  3.29  0.17  0.72   1.00    2  0.41  1.03    -     -   FEW_RADII
     410    SW  360    356   307   302   235   0.00  0.00  1.00     0 21.32    10   594  3.30  0.16  0.73   1.00    2  0.41  1.13    -     -   FEW_RADII
     420    SW  367    363   303   305   235   0.05  0.08  1.00     1 19.70     2   601  3.28  0.17  0.72   1.00    3  1.10  1.21    -     -   FEW_RADII
     430    SW  382    378   319   314   241   0.00  0.00  1.00     1 15.74    10   622  3.26  0.18  0.71   1.00    3  1.10  1.15    -     -   FEW_RADII
     440    SW  384    380   311   318   240   0.00  0.00  1.00     0 15.30     8   623  3.24  0.18  0.70   1.00    3  1.10  1.21    -     -   FEW_RADII
     450    SW  381    376   306   312   234   0.00  0.00  1.00     6 15.06    23   614  3.22  0.18  0.71   1.00    3  1.10  1.25    -     -   FEW_RADII
     460    SW  384    379   308   316   226   0.00  0.00  1.00     0 18.91     8   609  3.17  0.20  0.69   1.00    3  1.10  1.26    -     -   FEW_RADII
     470    SW  366    358   298   302   206   0.00  0.00    -      0  8.32    39   571  3.12  0.22  0.66   1.00    3  1.10  1.33    -     -   FEW_RADII
     480    SW  362    351   293   301   189   0.00  0.00  1.00     0 15.08    17   550  3.04  0.24  0.64   1.00    2  0.41  1.30    -     -   FEW_RADII
     490    SW  356    340   280   298   175   0.04  0.07  1.00     0 19.72    29   530  2.98  0.26  0.62   1.00    3  1.10  1.25    -     -   FEW_RADII
     500    SW  376    357   284   303   189   0.07  0.13  1.00     0 19.98    33   564  3.00  0.26  0.61   1.00    3  1.10  1.32    -     -   FEW_RADII
     510  METR  377    354   274   303   197   0.07  0.10  1.00     0 16.98    34   573  3.04  0.24  0.63   1.00    4  1.39  1.43  2.08  1.00  -
     520  METR  392    368   276   312   207   0.00  0.00  1.00     0 16.45    19   598  3.05  0.23  0.65   1.00    4  1.39  1.47  2.04  1.00  -
     530  METR  369    335   262   286   211   0.00  0.00  1.00     0 16.26    74   579  3.14  0.20  0.69   1.00    4  1.39  1.48  2.27  1.00  -
     540    SW  355    324   269   275   214   0.04  0.05  1.00     0 12.94    41   568  3.20  0.17  0.73   1.00    3  0.69  1.36    -     -   FEW_RADII
     550    SW  352    320   268   273   213   0.00  0.00  1.00     0 14.52    21   564  3.20  0.16  0.74   1.00    3  0.69  1.34    -     -   FEW_RADII
     560    SW  342    311   274   269   214   0.00  0.00  1.00     0 11.86    33   555  3.25  0.14  0.77   1.00    3  0.69  1.22    -     -   FEW_RADII
     570    SW  340    309   274   269   212   0.00  0.00    -      0 22.90     6   551  3.24  0.15  0.76   1.00    3  0.69  1.35    -     -   FEW_RADII
     580    SW  334    302   274   260   208   0.00  0.00  1.00     7 10.57    19   541  3.24  0.15  0.76   1.00    3  0.69  1.29    -     -   FEW_RADII
     590    SW  342    307   281   267   215   0.08  0.11  1.00     0 17.94    21   556  3.25  0.15  0.75   1.00    3  1.10  1.36    -     -   FEW_RADII
     600    SW  353    317   291   273   228   0.12  0.15  1.00     0 13.72    17   580  3.29  0.14  0.76   1.00    3  1.10  1.36    -     -   FEW_RADII
     610    SW  358    324   287   278   229   0.00  0.00  1.00     0 13.90     6   586  3.27  0.14  0.77   1.00    3  0.69  1.36    -     -   FEW_RADII
     620  METR  378    342   300   296   249   0.10  0.19  1.00     0 18.96     8   626  3.31  0.14  0.78   1.00    4  1.39  1.44  2.35  1.00  -
     630  METR  400    363   325   310   264   0.06  0.09  1.00     0 15.98    13   663  3.31  0.14  0.77   1.00    4  1.39  1.44  2.31  1.00  -
     640  METR  415    378   342   317   265   0.03  0.05  1.00     2 15.91    10   679  3.27  0.15  0.75   1.00    4  1.39  1.44  2.28  1.00  -
     650  METR  411    376   344   321   261   0.00  0.00  1.00     1 17.68    16   671  3.27  0.15  0.75   1.00    4  1.39  1.42  2.59  1.00  -
     660    SW  414    377   346   320   260   0.02  0.02  1.00     0 15.93    14   673  3.25  0.16  0.75   1.00    3  0.69  1.35    -     -   FEW_RADII
     670    SW  412    376   345   326   265   0.00  0.00  1.00     0 11.70     9   676  3.28  0.14  0.76   1.00    3  0.69  1.34    -     -   FEW_RADII
     680    SW  411    374   326   326   264   0.06  0.07  1.00     0 12.18    11   674  3.28  0.14  0.77   1.00    3  0.69  1.24    -     -   FEW_RADII
     690    SW  409    371   311   324   258   0.05  0.08  1.00     1 16.67    13   666  3.26  0.14  0.77   1.00    3  0.69  1.33    -     -   FEW_RADII
     700  METR  408    367   308   322   264   0.05  0.07  1.00     0 15.92    23   671  3.29  0.13  0.79   1.00    4  1.39  1.40  2.53  1.00  -
     710  METR  417    374   310   327   265   0.02  0.03  1.00     1 14.77     6   681  3.27  0.14  0.78   1.00    4  1.39  1.39  2.49  1.00  -
     720    SW  433    391   329   334   269   0.05  0.09  1.00     4 13.40    21   701  3.24  0.14  0.78   1.00    3  1.10  1.38    -     -   FEW_RADII
     730  METR  447    404   349   347   277   0.06  0.09  1.00     0 12.59    25   723  3.23  0.14  0.77   1.00    4  1.39  1.43  2.40  1.00  -
     740  METR  461    421   363   362   291   0.06  0.10  1.00     2 13.02     9   751  3.26  0.13  0.78   1.00    4  1.39  1.47  2.41  1.00  -
     750    SW  467    424   368   360   286   0.00  0.00    -      0 15.47    13   752  3.22  0.15  0.77   1.00    3  0.69  1.45    -     -   FEW_RADII
     760    SW  478    433   381   369   291   0.04  0.05  1.00     0 15.71    14   768  3.21  0.15  0.76   1.00    3  0.69  1.45    -     -   FEW_RADII
     770  METR  470    427   373   371   295   0.00  0.00  1.00     0 11.88    26   764  3.25  0.14  0.78   1.00    4  1.39  1.43  2.63  1.00  -
     780    SW  465    421   369   364   284   0.00  0.00    -      0 13.96    21   748  3.22  0.15  0.76   1.00    3  0.69  1.39    -     -   FEW_RADII
     790    SW  463    416   367   364   281   0.06  0.08  1.00     0 10.31    19   743  3.21  0.15  0.76   1.00    3  0.69  1.31    -     -   FEW_RADII
     800  METR  467    418   363   367   284   0.00  0.00  1.00     1 15.10    26   750  3.21  0.15  0.76   1.00    4  1.39  1.40  2.63  1.00  -
     810  METR  467    417   351   371   297   0.00  0.00  1.00     3 14.64    33   762  3.26  0.13  0.79   0.99    4  1.39  1.42  2.59  1.00  -
     820  METR  475    426   355   374   301   0.06  0.07  1.00     1 14.74    15   775  3.26  0.13  0.79   1.00    4  1.39  1.45  2.50  1.00  -
     830  METR  481    433   359   380   305   0.02  0.04  1.00     2 13.39    11   785  3.26  0.12  0.80   1.00    4  1.39  1.59  2.34  1.00  -
     840  METR  496    445   375   382   313   0.06  0.10  1.00     1 19.62    19   808  3.26  0.12  0.80   1.00    4  1.39  1.57  2.34  1.00  -
     850  METR  518    466   401   401   329   0.05  0.08  1.00     2  9.75    19   846  3.27  0.13  0.80   1.00    4  1.39  1.61  2.46  1.00  -
     860  METR  533    479   419   413   329   0.02  0.02  1.00     0 16.89    18   861  3.23  0.14  0.78   1.00    4  0.92  1.59  2.26  1.00  -
     870    SW  534    473   423   415   321   0.05  0.08  1.00     0 11.18    25   854  3.20  0.16  0.75   1.00    3  0.69  1.49    -     -   FEW_RADII
     880  METR  539    478   427   421   324   0.07  0.12  1.00     5 16.60    22   862  3.20  0.16  0.74   1.00    4  1.39  1.59  2.52  1.00  -
     890    SW  536    474   417   422   327   0.00  0.00  1.00     0 13.44    17   862  3.22  0.15  0.76   1.00    3  0.69  1.52    -     -   FEW_RADII
     900    SW  528    467   402   421   312   0.05  0.05  1.00     2 20.77    21   839  3.18  0.16  0.75   1.00    3  0.69  1.49    -     -   FEW_RADII
     910    SW  526    465   390   413   306   0.03  0.04  1.00     0  8.51    20   831  3.16  0.17  0.74   1.00    3  0.69  1.35    -     -   FEW_RADII
     920    SW  510    446   372   401   305   0.19  0.22  1.00     0  9.87    41   814  3.19  0.14  0.77   1.00    3  0.69  1.34    -     -   FEW_RADII
     930    SW  505    437   359   397   302   0.08  0.12  1.00     1 13.83    22   806  3.19  0.14  0.78   1.00    3  0.69  1.40    -     -   FEW_RADII
     940    SW  498    432   352   392   301   0.00  0.00    -      0 11.91    24   798  3.20  0.12  0.81   1.00    3  0.69  1.35    -     -   FEW_RADII
     950    SW  492    426   346   386   296   0.03  0.04  0.86     3 13.78    20   787  3.20  0.12  0.81   1.00    3  0.69  1.47    -     -   FEW_RADII
     960    SW  489    421   348   385   291   0.00  0.00  1.00     0 11.58    18   779  3.19  0.13  0.80   1.00    3  0.69  1.41    -     -   FEW_RADII
     970  METR  491    420   358   380   297   0.08  0.12  1.00     0 15.45    35   787  3.21  0.12  0.81   1.00    4  1.39  1.51  2.53  1.00  -
     980  METR  493    422   364   382   295   0.18  0.25  1.00     0 12.26    18   787  3.19  0.13  0.79   1.00    4  1.39  1.56  2.45  1.00  -
     990    SW  493    419   360   383   291   0.05  0.08  1.00     1 12.57    19   783  3.18  0.14  0.78   1.00    3  0.69  1.57    -     -   FEW_RADII
    1000  METR  488    409   350   382   274   0.00  0.00    -      2 14.71    19   761  3.12  0.16  0.76   1.00    4  1.39  1.60  2.33  1.00  -
    1010  METR  483    402   341   370   263   0.00  0.00  1.00     0  9.71    28   745  3.08  0.17  0.73   1.00    4  0.92  1.58  2.46  1.00  -
    1020  METR  473    391   321   359   245   0.05  0.08  1.00     0 11.59    31   717  3.03  0.19  0.71   1.00    4  1.39  1.54  2.41  1.00  -
    1030    SW  448    363   296   333   229   0.00  0.00  0.50     1  9.85    53   676  3.02  0.19  0.71   1.00    3  0.69  1.53    -     -   FEW_RADII
    1040  METR  431    347   285   312   223   0.00  0.00  1.00     1  9.68    37   653  3.03  0.19  0.72   1.00    4  0.92  1.51  2.47  1.00  -
    1050  METR  421    340   273   307   212   0.03  0.05  1.00     2  9.02    27   632  3.00  0.18  0.73   1.00    4  0.92  1.52  2.39  1.00  -
    1060  METR  409    327   253   298   206   0.04  0.04  1.00     0  8.32    25   614  3.00  0.17  0.75   1.00    4  0.92  1.48  2.40  1.00  -
    1070  METR  405    319   244   291   199   0.09  0.11  1.00     0  7.98    22   603  2.98  0.17  0.75   1.00    4  0.92  1.46  2.50  1.00  -
    1080  METR  396    306   236   285   201   0.00  0.00  1.00     1 12.38    34   596  3.01  0.15  0.78   1.00    4  0.92  1.48  2.35  1.00  -
    1090  METR  389    296   233   276   192   0.00  0.00    -      1  5.67    17   580  2.98  0.15  0.78   1.00    4  0.92  1.44  2.42  1.00  -
    1100  METR  375    282   228   267   184   0.00  0.00    -      0  7.10    28   558  2.98  0.16  0.78   1.00    4  0.92  1.42  2.38  1.00  -
    1110  METR  367    271   218   255   171   0.00  0.00    -      3  2.43    19   537  2.93  0.17  0.76   1.00    4  0.92  1.39  2.49  1.00  -
    1120  METR  355    257   205   238   151   0.00  0.00    -      0  8.69    26   505  2.85  0.20  0.72   1.00    4  0.92  1.39  2.45  1.00  -
    1130  METR  340    242   188   223   138   0.00  0.00    -      0  2.00    32   477  2.81  0.21  0.72   1.00    4  0.92  1.37  2.49  0.99  -
    1140  METR  339    242   187   222   132   0.09  0.13  1.00     1 10.77    13   470  2.77  0.22  0.70   1.00    4  0.92  1.58  2.19  1.00  -
    1150  METR  336    241   178   219   134   0.00  0.00    -      0  6.21    26   469  2.79  0.20  0.73   1.00    4  0.92  1.63  2.08  1.00  -
    1160  METR  329    232   163   210   125   0.00  0.00  1.00     0  7.76    16   453  2.75  0.23  0.70   1.00    4  0.92  1.57  2.09  1.00  -
    1170  METR  308    214   155   199   122   0.17  0.19  1.00     2  6.78    51   428  2.78  0.20  0.73   0.99    4  0.92  1.52  2.13  0.99  -
    1180  METR  292    197   145   184   117   0.00  0.00  1.00     4  8.89    35   408  2.79  0.20  0.74   1.00    4  0.92  1.56  2.13  1.00  -
    1190  METR  275    188   136   175   105   0.05  0.08  1.00     5  4.98    30   379  2.76  0.22  0.71   1.00    5  1.10  1.55  2.07  1.00  -
    1200  METR  261    174   132   165   104   0.07  0.11  0.86     6  6.04    48   364  2.79  0.22  0.71   1.00    4  0.92  1.55  2.10  1.00  -
    1210  METR  270    188   147   164   111   0.10  0.14  1.00    14  6.48    25   380  2.81  0.21  0.71   1.00    5  1.10  1.60  2.00  1.00  -
    1220  METR  269    186   150   163   113   0.00  0.00    -      7  8.35    15   381  2.83  0.21  0.71   1.00    5  1.10  1.59  2.01  1.00  -
    1230  METR  272    188   151   159   114   0.16  0.21  1.00     0  7.97    15   385  2.83  0.22  0.70   1.00    5  1.10  1.59  2.01  1.00  -
    1240  METR  280    197   163   162   120   0.12  0.12  1.00     7  3.69    13   399  2.85  0.22  0.69   1.00    5  1.10  1.60  2.03  1.00  -
    1250  METR  276    196   166   159   119   0.03  0.04  0.86     4  5.20    21   394  2.86  0.24  0.67   1.00    5  1.10  1.57  2.11  1.00  -
    1260  METR  272    194   165   161   123   0.00  0.00  1.00    17  5.44    20   394  2.90  0.21  0.70   1.00    5  1.10  1.55  2.16  1.00  -
    1270  METR  264    190   163   154   125   0.00  0.00  1.00     1  7.23    18   388  2.94  0.20  0.71   1.00    5  1.10  1.50  2.19  1.00  -
    1280  METR  262    195   168   158   127   0.00  0.00  1.00     0  5.35     9   388  2.96  0.18  0.73   1.00    5  1.10  1.52  2.17  1.00  -
    1290  METR  262    196   169   160   131   0.00  0.00  1.00     6  5.11     5   392  2.99  0.17  0.76   1.00    4  0.92  1.48  2.31  1.00  -
    1300  METR  265    195   174   161   132   0.00  0.00  1.00     0  3.93     8   396  2.99  0.17  0.75   1.00    4  0.92  1.51  2.11  1.00  -
    1310  METR  274    203   184   166   135   0.16  0.19  1.00     0  5.27     3   408  2.98  0.18  0.74   1.00    4  0.92  1.67  1.90  1.00  -
    1320  METR  274    203   184   167   137   0.00  0.00  1.00     3  9.64     0   410  2.99  0.18  0.74   1.00    4  0.92  1.61  2.00  1.00  -
    1330  METR  275    203   180   163   138   0.25  0.24  1.00     1  5.24     5   412  3.00  0.17  0.74   1.00    4  0.92  1.50  2.19  1.00  -
    1340  METR  266    198   178   161   131   0.19  0.26  1.00     0  5.48    20   396  2.98  0.17  0.74   1.00    4  0.92  1.57  2.02  1.00  -
    1350  METR  265    195   181   161   133   0.21  0.27  1.00     0  5.83    18   397  3.00  0.19  0.72   1.00    5  1.10  1.79  1.76  1.00  -
    1360  METR  267    197   183   159   131   0.00  0.00    -      7  5.75    14   397  2.97  0.20  0.70   1.00    6  1.25  1.79  1.75  0.99  -
    1370  METR  262    192   179   155   123   0.14  0.16  1.00     4  4.80    16   384  2.93  0.22  0.68   1.00    6  1.25  1.69  2.00  1.00  -
    1380  METR  246    178   165   151   119   0.11  0.15  1.00     0  5.79    34   363  2.95  0.20  0.71   0.99    6  1.25  1.71  1.94  1.00  -
    1390  METR  236    171   158   148   114   0.12  0.20  1.00     0  5.28    31   349  2.96  0.19  0.72   1.00    6  1.25  1.73  1.84  1.00  -
    1400  METR  230    163   149   141   106   0.15  0.16  0.80     6  7.29    23   334  2.90  0.22  0.68   0.98    6  1.25  1.73  1.82  1.00  -
    1410  METR  212    151   138   133   105   0.00  0.00  1.00     3  4.80    31   316  2.98  0.20  0.71   1.00    6  1.25  1.69  1.85  1.00  -
    1420  METR  209    149   136   134   109   0.00  0.00  1.00     0  5.98     7   317  3.03  0.19  0.72   1.00    7  1.39  1.67  1.67  1.00  -
    1430  METR  205    145   129   128   109   0.00  0.00    -      0  6.12    10   313  3.05  0.18  0.74   1.00    7  1.39  1.64  1.70  1.00  -
    1440  METR  203    143   128   128   106   0.00  0.00    -      2  4.83     4   308  3.03  0.18  0.74   1.00    6  1.25  1.65  1.76  1.00  -
    1450  METR  200    141   124   127   105   0.20  0.28  1.00     0  6.41     7   304  3.04  0.17  0.76   1.00    6  1.25  1.75  1.64  1.00  -
    1460  METR  217    159   139   141   115   0.16  0.18  1.00     1  6.12     5   331  3.05  0.17  0.75   1.00    5  1.10  1.80  1.37  0.98  -
    1470  METR  236    179   159   151   126   0.11  0.15  1.00     2  6.97    11   361  3.06  0.17  0.74   1.00    6  1.25  1.77  1.62  0.99  -
    1480  METR  234    178   157   149   122   0.00  0.00    -      3  3.86     7   355  3.03  0.18  0.74   1.00    6  1.25  1.67  1.77  0.99  -
    1490  METR  228    174   153   147   123   0.00  0.00    -      0  6.00    11   349  3.06  0.15  0.77   0.98    6  1.25  1.67  1.73  0.99  -
    1500  METR  223    172   149   149   120   0.00  0.00    -      1  6.00     6   342  3.07  0.15  0.77   1.00    5  1.10  1.66  1.79  1.00  -
    window ep510-530 len=3 exit=SW
    window ep620-650 len=4 exit=SW
    window ep700-710 len=2 exit=SW
    window ep730-740 len=2 exit=SW
    window ep770-770 len=1 exit=SW
    window ep800-860 len=7 exit=SW
    window ep880-880 len=1 exit=SW
    window ep970-980 len=2 exit=SW
    window ep1000-1020 len=3 exit=SW
    window ep1040-1500 len=47 exit=END
    exit reasons: {'SW': 9, 'END': 1}
    SW breakdown: {'NO_SCALING_PTS': 1, 'FEW_RADII': 77}
    edge lifetimes (theta=1e-12): n_dead=2353 median=245 mean=334.4 p90=630 max=1475 censored_alive=394
    coupling with BSW indicator (point-biserial):
      occ_scc3: r =  0.16
      fe_cyc  : r =  0.13
      occ_scc : r =  0.25
      fe_dyad : r =  0.17
      rung12  : r =  0.02
      b1_H12  : r = -0.06
      b1_H6   : r = -0.13
      b1_S12  : r = -0.02
      b1_S6   : r = -0.11
      evapE   : r =  0.34
      kmean   : r = -0.60
      brfrac  : r =  0.38
      occ2ecc : r = -0.20
    coupling with npts(t) (Pearson):
      occ_scc3: r =  0.16
      fe_cyc  : r =  0.14
      b1_H12  : r =  0.04
      b1_S6   : r = -0.01
      rung12  : r = -0.07
      evapE   : r =  0.38
      kmean   : r = -0.59
      brfrac  : r =  0.45
      occ2ecc : r = -0.32
    coupling with wcont(t) (Pearson):
      occ_scc3: r =  0.10
      fe_cyc  : r =  0.09
      b1_H12  : r =  0.35
      b1_S6   : r =  0.29
      rung12  : r = -0.13
      evapE   : r =  0.48
      kmean   : r = -0.72
      brfrac  : r =  0.48
      occ2ecc : r = -0.32
    DISCRIMINATION (contraction, V_peak@ep880):
      occ2ecc  BSW: 0.731(n=52)  non-BSW: 0.775(n=10)
      brfrac   BSW: 0.184(n=52)  non-BSW: 0.142(n=10)
      kmean    BSW: 2.978(n=52)  non-BSW: 3.189(n=10)
    H->S lag correlation corr(b1_H12(t), b1_S6(t+tau)) [tau in snapshots]:
      all    :  0.98  0.98  0.98  0.98  0.97  0.95  0.93   (tau=-3..3)
      rising :  0.99  0.98  0.97  0.96   (tau=0..3, b1_H increasing)
      falling:  0.98  0.97  0.96  0.95   (tau=0..3, b1_H decreasing)
[symmetric] status=ok snaps=150 BSW_occ=0 windows=0 dead=1564 audit=OK V_max=244/2000 first_sat=-
    ep    ph    V  b1_H12 b1_H6 b1_S12 b1_S6  occSCC3 feCYC rung12 refl ndstM evapE  E_S  kmean brfrac occ2ecc  gcf  npts wscale wcont slope   r2    fail
      10    SW    6      4     4     2     2   0.83  0.88  1.00     0  4.50     0     7  2.33  0.29  0.67   1.00    0    -     -     -     -   NO_SCALING_PTS
      20    SW   25     23    23    15    15   0.36  0.49  1.00     0 11.37     0    39  3.12  0.21  0.68   1.00    1    -   0.33    -     -   FEW_RADII
      30    SW   48     46    46    36    36   0.33  0.54  1.00     0 17.70     0    83  3.46  0.12  0.79   1.00    1    -   0.54    -     -   FEW_RADII
      40    SW   69     67    67    51    51   0.15  0.23  1.00     0 18.58     0   119  3.45  0.13  0.77   1.00    1    -   0.59    -     -   FEW_RADII
      50    SW   74     72    72    56    56   0.09  0.12  1.00     0 34.36     0   129  3.49  0.12  0.78   1.00    1    -   0.60    -     -   FEW_RADII
      60    SW   76     74    74    58    58   0.07  0.12  1.00     0 38.19     0   133  3.50  0.12  0.79   1.00    1    -   0.60    -     -   FEW_RADII
      70    SW   86     84    84    64    64   0.12  0.27  1.00     0 35.80     0   149  3.47  0.13  0.77   1.00    1    -   0.68    -     -   FEW_RADII
      80    SW  110    108   108    80    80   0.13  0.29  1.00     0 30.68     0   189  3.44  0.15  0.75   1.00    2  0.69  0.90    -     -   FEW_RADII
      90    SW  115    113   113    82    82   0.00  0.00  1.00     0 35.24     0   196  3.41  0.16  0.73   1.00    2  0.69  0.91    -     -   FEW_RADII
     100    SW  121    119   119    87    87   0.00  0.00  1.00     0 56.29     0   207  3.42  0.15  0.74   1.00    2  0.69  0.92    -     -   FEW_RADII
     110    SW  129    127   127    95    95   0.08  0.19  1.00     0 49.43     0   223  3.46  0.14  0.75   1.00    1    -   0.89    -     -   FEW_RADII
     120    SW  137    135   135   100   100   0.07  0.16  1.00     0 47.23     0   236  3.45  0.15  0.74   1.00    2  0.69  0.90    -     -   FEW_RADII
     130    SW  152    150   150   111   111   0.06  0.13  1.00     0 58.89     0   262  3.45  0.15  0.74   1.00    2  0.69  0.96    -     -   FEW_RADII
     140    SW  163    161   161   118   118   0.06  0.13  1.00     0 67.06     0   280  3.44  0.15  0.74   1.00    2  0.69  1.01    -     -   FEW_RADII
     150    SW  185    183   183   136   134   0.14  0.35  1.00     0 57.44     0   318  3.44  0.15  0.74   1.00    2  0.69  1.09    -     -   FEW_RADII
     160    SW  209    207   207   152   141   0.04  0.09  1.00     0 59.10     2   349  3.34  0.19  0.68   1.00    2  0.69  1.02    -     -   FEW_RADII
     170    SW  220    218   218   158   132   0.03  0.04  1.00     0 39.44     2   351  3.19  0.25  0.61   1.00    2  0.69  1.02    -     -   FEW_RADII
     180    SW  212    210   210   156   125   0.00  0.00  1.00     0 101.12    22   336  3.17  0.25  0.60   1.00    2  0.69  1.01    -     -   FEW_RADII
     190    SW  192    190   186   141   116   0.05  0.13  1.00     0 89.79    52   307  3.20  0.24  0.61   1.00    3  1.10  1.12    -     -   FEW_RADII
     200    SW  179    176   176   124   118   0.07  0.17  1.00     0 58.72    57   296  3.31  0.20  0.67   1.00    2  0.41  1.03    -     -   FEW_RADII
     210    SW  185    183   183   129   122   0.09  0.21  1.00     0 63.45    15   306  3.31  0.20  0.67   1.00    2  0.69  1.08    -     -   FEW_RADII
     220    SW  187    185   185   131   117   0.00  0.00    -      0 77.76    12   303  3.24  0.22  0.64   1.00    2  0.69  1.08    -     -   FEW_RADII
     230    SW  183    181   181   130   111   0.00  0.00  1.00     0 81.33    14   293  3.20  0.23  0.63   1.00    2  0.69  1.07    -     -   FEW_RADII
     240    SW  173    171   171   124   110   0.03  0.05  1.00     0 102.03    28   282  3.26  0.21  0.65   1.00    2  0.69  1.03    -     -   FEW_RADII
     250    SW  161    159   159   111   109   0.05  0.11  1.00     0 52.10    36   269  3.34  0.19  0.69   1.00    2  0.69  0.97    -     -   FEW_RADII
     260    SW  177    175   175   125   119   0.06  0.13  1.00     0 45.38    12   295  3.33  0.19  0.68   1.00    2  0.69  0.90    -     -   FEW_RADII
     270    SW  182    180   180   128   118   0.05  0.12  1.00     0 53.38     6   299  3.29  0.21  0.66   1.00    2  0.69  0.96    -     -   FEW_RADII
     280    SW  180    178   178   130   119   0.04  0.08  1.00     0 66.13    22   298  3.31  0.20  0.67   1.00    2  0.69  0.97    -     -   FEW_RADII
     290    SW  174    171   171   125   109   0.03  0.05  1.00     0 86.82    27   282  3.24  0.22  0.64   1.00    2  0.69  1.02    -     -   FEW_RADII
     300    SW  188    186   186   137   109   0.12  0.31  1.00     0 53.52    15   296  3.15  0.26  0.59   1.00    2  0.69  1.08    -     -   FEW_RADII
     310    SW  194    191   191   139   113   0.00  0.00    -      0 46.83    33   306  3.15  0.25  0.60   1.00    3  1.10  1.15    -     -   FEW_RADII
     320    SW  174    171   169   128   109   0.00  0.00  1.00     0 103.83    42   282  3.24  0.22  0.64   1.00    3  1.10  1.16    -     -   FEW_RADII
     330    SW  175    173   171   125   117   0.06  0.15  1.00     0 69.73    37   291  3.33  0.19  0.69   1.00    2  0.69  1.06    -     -   FEW_RADII
     340    SW  172    170   170   126   118   0.05  0.10  1.00     0 28.87    18   289  3.36  0.18  0.70   1.00    2  0.69  1.09    -     -   FEW_RADII
     350    SW  172    170   170   130   122   0.03  0.04  1.00     0 28.48    16   293  3.41  0.16  0.72   1.00    2  0.69  1.04    -     -   FEW_RADII
     360    SW  175    173   173   134   123   0.00  0.00  1.00     0 71.56    16   297  3.39  0.16  0.72   1.00    2  0.69  1.05    -     -   FEW_RADII
     370    SW  175    173   173   135   123   0.33  0.38  1.00     0 45.62    18   297  3.39  0.16  0.72   1.00    2  0.69  1.08    -     -   FEW_RADII
     380    SW  173    170   170   135   129   0.04  0.07  1.00     0 40.67    29   301  3.48  0.14  0.76   1.00    2  0.69  1.06    -     -   FEW_RADII
     390    SW  169    167   167   132   126   0.00  0.00  1.00     0 58.43    13   294  3.48  0.14  0.76   1.00    2  0.69  1.04    -     -   FEW_RADII
     400    SW  175    173   173   137   122   0.09  0.22  1.00     0 62.62     4   296  3.38  0.17  0.71   1.00    2  0.69  1.02    -     -   FEW_RADII
     410    SW  180    178   178   141   122   0.00  0.00  1.00     0 56.91     6   301  3.34  0.19  0.69   1.00    2  0.69  1.00    -     -   FEW_RADII
     420    SW  165    163   163   130   114   0.00  0.00  1.00     0 97.85    34   278  3.37  0.18  0.70   1.00    1    -   1.00    -     -   FEW_RADII
     430    SW  160    158   158   124   111   0.05  0.10  1.00     0 73.44    26   270  3.38  0.17  0.71   1.00    1    -   1.04    -     -   FEW_RADII
     440    SW  162    160   158   125   107   0.25  0.24  1.00     0 43.24    20   268  3.31  0.20  0.67   1.00    2  0.69  1.04    -     -   FEW_RADII
     450    SW  159    157   157   119   100   0.03  0.04  1.00     0 37.12    24   258  3.25  0.22  0.65   1.00    2  0.69  0.99    -     -   FEW_RADII
     460    SW  159    157   157   122    93   0.03  0.06  1.00     0 61.57    12   251  3.16  0.25  0.61   1.00    2  0.69  0.97    -     -   FEW_RADII
     470    SW  150    147   145   115    93   0.06  0.14  1.00     0 42.33    37   242  3.23  0.22  0.65   1.00    2  0.69  0.98    -     -   FEW_RADII
     480    SW  141    139   139   105    86   0.06  0.16  1.00     0 54.07    37   226  3.21  0.23  0.62   1.00    2  0.69  0.98    -     -   FEW_RADII
     490    SW  156    154   154   110    87   0.10  0.25  1.00     0 47.06     4   242  3.10  0.28  0.57   1.00    2  0.69  1.06    -     -   FEW_RADII
     500    SW  170    168   168   118    91   0.06  0.13  1.00     0 76.58    14   260  3.06  0.30  0.55   1.00    3  1.10  1.14    -     -   FEW_RADII
     510    SW  184    182   176   124   106   0.10  0.23  1.00     0 64.50    42   289  3.14  0.26  0.59   1.00    3  1.10  1.14    -     -   FEW_RADII
     520    SW  203    201   201   138   129   0.12  0.25  1.00     0 55.08    38   331  3.26  0.22  0.65   1.00    3  1.10  1.17    -     -   FEW_RADII
     530    SW  215    213   213   146   137   0.03  0.08  1.00     0 65.78    10   351  3.27  0.21  0.65   1.00    3  1.10  1.17    -     -   FEW_RADII
     540    SW  222    220   220   147   137   0.03  0.05  1.00     0 69.90    16   358  3.23  0.23  0.64   1.00    3  1.10  1.16    -     -   FEW_RADII
     550    SW  215    213   213   144   139   0.03  0.08  1.00     0 106.00    22   353  3.28  0.21  0.66   1.00    2  0.41  1.11    -     -   FEW_RADII
     560    SW  218    215   215   145   140   0.00  0.00  1.00     0 82.03    11   357  3.28  0.21  0.66   1.00    2  0.41  0.95    -     -   FEW_RADII
     570    SW  214    212   212   143   138   0.00  0.00  1.00     0 97.54     9   351  3.28  0.21  0.65   1.00    2  0.41  0.88    -     -   FEW_RADII
     580    SW  213    211   211   144   136   0.00  0.00  1.00     0 65.20     8   348  3.27  0.22  0.65   1.00    2  0.41  0.87    -     -   FEW_RADII
     590    SW  210    208   208   146   137   0.00  0.00  1.00     0 65.52    22   346  3.30  0.21  0.66   1.00    2  0.41  0.91    -     -   FEW_RADII
     600    SW  213    211   211   148   139   0.06  0.16  1.00     0 73.95    12   351  3.30  0.21  0.66   1.00    1    -   1.04    -     -   FEW_RADII
     610    SW  223    221   221   151   145   0.07  0.17  1.00     0 64.37    22   367  3.29  0.21  0.66   1.00    2  0.69  1.05    -     -   FEW_RADII
     620    SW  228    226   226   154   148   0.13  0.17  1.00     0 38.71    16   375  3.29  0.21  0.66   1.00    2  0.69  1.00    -     -   FEW_RADII
     630    SW  222    220   220   155   146   0.14  0.17  1.00     0 29.24    18   367  3.31  0.20  0.67   1.00    2  0.69  0.95    -     -   FEW_RADII
     640    SW  221    219   219   155   143   0.03  0.04  1.00     0 30.63    36   363  3.29  0.21  0.66   1.00    2  0.69  0.85    -     -   FEW_RADII
     650    SW  216    214   214   153   132   0.06  0.17  1.00     0 73.12    26   347  3.21  0.23  0.62   1.00    2  0.69  0.85    -     -   FEW_RADII
     660    SW  221    218   218   160   120   0.08  0.20  1.00     0 54.12    37   340  3.08  0.29  0.55   1.00    2  0.69  0.94    -     -   FEW_RADII
     670    SW  226    224   224   170   121   0.09  0.22  1.00     0 66.94    29   346  3.06  0.30  0.54   1.00    3  1.10  1.28    -     -   FEW_RADII
     680    SW  219    217   216   169   122   0.07  0.17  1.00     0 69.04    38   340  3.11  0.28  0.57   1.00    3  1.10  1.33    -     -   FEW_RADII
     690    SW  189    187   178   148   122   0.03  0.05  1.00     0 68.54    80   310  3.28  0.21  0.66   1.00    2  0.41  1.10    -     -   FEW_RADII
     700    SW  183    181   181   134   126   0.12  0.30  1.00     0 49.21    58   308  3.37  0.18  0.70   1.00    2  0.69  1.07    -     -   FEW_RADII
     710    SW  188    186   186   132   129   0.03  0.06  1.00     0 53.02    14   316  3.36  0.18  0.70   1.00    2  0.41  1.03    -     -   FEW_RADII
     720    SW  191    189   189   132   130   0.00  0.00  1.00     0 80.83     6   320  3.35  0.18  0.69   1.00    2  0.41  0.96    -     -   FEW_RADII
     730    SW  191    189   189   132   131   0.00  0.00  1.00     0 74.14     4   321  3.36  0.18  0.70   1.00    2  0.41  0.92    -     -   FEW_RADII
     740    SW  197    195   195   137   129   0.04  0.07  1.00     0 81.50     4   325  3.30  0.20  0.66   1.00    2  0.41  0.94    -     -   FEW_RADII
     750    SW  198    196   196   139   124   0.04  0.08  1.00     0 95.84     4   321  3.24  0.22  0.65   1.00    2  0.41  0.98    -     -   FEW_RADII
     760    SW  192    190   190   135   113   0.03  0.05  1.00     0 69.11    20   304  3.17  0.25  0.61   1.00    2  0.41  0.99    -     -   FEW_RADII
     770    SW  202    199   199   144   119   0.16  0.18  1.00     0 46.07    17   320  3.17  0.25  0.60   1.00    2  0.69  1.03    -     -   FEW_RADII
     780    SW  202    200   196   149   120   0.04  0.07  1.00     0 38.66    11   321  3.18  0.25  0.60   1.00    2  0.69  1.01    -     -   FEW_RADII
     790    SW  209    207   198   158   124   0.06  0.16  1.00     0 52.10    14   332  3.18  0.25  0.60   1.00    2  0.69  0.97    -     -   FEW_RADII
     800    SW  207    205   184   165   124   0.04  0.08  1.00     0 55.44    24   330  3.19  0.25  0.61   1.00    2  0.69  0.98    -     -   FEW_RADII
     810    SW  183    181   181   140   110   0.42  0.48  1.00     0 74.37    62   292  3.19  0.24  0.61   1.00    2  0.69  0.95    -     -   FEW_RADII
     820    SW  196    194   194   141   104   0.11  0.28  1.00     0 36.25    20   299  3.05  0.30  0.54   1.00    2  0.69  1.02    -     -   FEW_RADII
     830    SW  203    201   200   148   118   0.04  0.08  1.00     0 60.85    38   320  3.15  0.26  0.60   1.00    3  1.10  1.35    -     -   FEW_RADII
     840    SW  169    166   166   125   111   0.03  0.04  1.00     0 30.95    77   279  3.30  0.20  0.67   1.00    2  0.69  1.04    -     -   FEW_RADII
     850    SW  158    156   156   120   112   0.05  0.13  1.00     0 74.23    33   269  3.41  0.16  0.72   1.00    1    -   1.05    -     -   FEW_RADII
     860    SW  148    146   146   115   110   0.00  0.00  1.00     0 54.17    30   257  3.47  0.14  0.76   1.00    1    -   0.90    -     -   FEW_RADII
     870    SW  162    160   160   120   114   0.13  0.32  1.00     0 53.81    16   275  3.40  0.16  0.72   1.00    3  1.10  1.13    -     -   FEW_RADII
     880    SW  179    177   177   133   129   0.08  0.20  1.00     0 61.28     8   307  3.43  0.15  0.74   1.00    2  0.69  1.09    -     -   FEW_RADII
     890    SW  204    202   202   153   150   0.15  0.34  1.00     0 57.07    12   353  3.46  0.15  0.75   1.00    2  0.69  1.02    -     -   FEW_RADII
     900    SW  214    212   212   160   154   0.38  0.33  1.00     0 57.46     6   367  3.43  0.16  0.73   1.00    2  0.69  1.02    -     -   FEW_RADII
     910    SW  213    211   211   160   147   0.03  0.05  1.00     0 109.81     6   359  3.37  0.18  0.70   1.00    2  0.69  1.04    -     -   FEW_RADII
     920    SW  212    210   210   160   142   0.00  0.00  1.00     0 97.62     6   353  3.33  0.19  0.68   1.00    2  0.69  1.04    -     -   FEW_RADII
     930    SW  211    209   209   158   136   0.04  0.10  1.00     0 75.29    14   346  3.28  0.21  0.65   1.00    2  0.69  1.06    -     -   FEW_RADII
     940    SW  195    193   193   148   132   0.40  0.40  1.00     0 38.18    38   326  3.34  0.19  0.69   1.00    2  0.41  0.99    -     -   FEW_RADII
     950    SW  201    199   199   150   134   0.20  0.22  1.00     0 41.25    18   334  3.32  0.19  0.68   1.00    3  1.10  1.12    -     -   FEW_RADII
     960    SW  197    195   195   147   124   0.03  0.05  1.00     0 56.12    32   320  3.25  0.22  0.64   1.00    2  0.69  1.08    -     -   FEW_RADII
     970    SW  193    191   191   144   116   0.03  0.05  1.00     0 85.77    12   308  3.19  0.24  0.61   1.00    2  0.69  1.09    -     -   FEW_RADII
     980    SW  197    195   195   148   118   0.07  0.17  1.00     0 63.01    24   314  3.19  0.24  0.61   1.00    3  1.10  1.10    -     -   FEW_RADII
     990    SW  182    180   179   141   126   0.07  0.17  1.00     0 55.94    50   307  3.37  0.17  0.71   1.00    2  0.69  0.95    -     -   FEW_RADII
    1000    SW  169    167   167   128   125   0.05  0.07  1.00     0 35.84    40   293  3.47  0.14  0.75   1.00    2  0.69  0.87    -     -   FEW_RADII
    1010    SW  169    167   167   131   118   0.00  0.00  1.00     0 75.36    10   286  3.38  0.17  0.71   1.00    2  0.69  0.86    -     -   FEW_RADII
    1020    SW  171    169   169   133   113   0.06  0.16  1.00     0 85.05     8   283  3.31  0.20  0.67   1.00    2  0.69  0.99    -     -   FEW_RADII
    1030    SW  159    157   157   127   101   0.03  0.06  1.00     0 60.17    42   259  3.26  0.22  0.65   1.00    2  0.69  1.07    -     -   FEW_RADII
    1040    SW  158    156   156   124    92   0.09  0.22  1.00     0 56.85    30   249  3.15  0.25  0.60   1.00    3  1.10  1.10    -     -   FEW_RADII
    1050    SW  156    154   154   122    99   0.04  0.09  1.00     0 33.73    42   254  3.26  0.21  0.66   1.00    2  0.69  1.09    -     -   FEW_RADII
    1060    SW  146    144   144   109   104   0.18  0.26  1.00     0 29.89    54   249  3.41  0.16  0.73   1.00    2  0.69  1.01    -     -   FEW_RADII
    1070    SW  148    146   146   113   108   0.04  0.05  1.00     0 32.39     2   255  3.45  0.15  0.74   1.00    2  0.69  0.99    -     -   FEW_RADII
    1080    SW  152    150   150   115   107   0.05  0.11  1.00     0 52.56     6   258  3.39  0.17  0.72   1.00    2  0.69  0.99    -     -   FEW_RADII
    1090    SW  168    166   166   127   114   0.13  0.30  1.00     0 37.35    10   281  3.35  0.19  0.69   1.00    3  1.10  1.11    -     -   FEW_RADII
    1100    SW  174    172   172   133   122   0.10  0.20  1.00     0 41.20    22   295  3.39  0.17  0.71   1.00    2  0.69  1.09    -     -   FEW_RADII
    1110    SW  175    173   173   132   122   0.05  0.13  1.00     0 54.80    16   296  3.38  0.17  0.71   1.00    2  0.41  1.17    -     -   FEW_RADII
    1120    SW  172    170   170   132   121   0.03  0.06  1.00     0 60.38    16   292  3.40  0.16  0.72   1.00    2  0.41  1.05    -     -   FEW_RADII
    1130    SW  181    179   179   133   117   0.06  0.11  1.00     0 51.10    14   297  3.28  0.21  0.66   1.00    2  0.41  1.11    -     -   FEW_RADII
    1140    SW  176    174   174   131   118   0.04  0.09  1.00     0 33.88    20   293  3.33  0.19  0.69   1.00    2  0.69  1.08    -     -   FEW_RADII
    1150    SW  176    174   174   128   119   0.06  0.15  1.00     0 53.55    32   294  3.34  0.18  0.69   1.00    2  0.69  1.05    -     -   FEW_RADII
    1160    SW  185    182   182   131   123   0.04  0.09  1.00     0 38.79     9   307  3.32  0.20  0.68   1.00    2  0.69  1.04    -     -   FEW_RADII
    1170    SW  196    194   194   140   133   0.10  0.23  1.00     0 58.91    17   328  3.35  0.19  0.69   1.00    2  0.69  1.05    -     -   FEW_RADII
    1180    SW  214    212   212   151   139   0.12  0.28  1.00     0 63.47     6   352  3.29  0.21  0.66   1.00    2  0.69  1.02    -     -   FEW_RADII
    1190    SW  219    217   217   158   141   0.08  0.22  1.00     0 52.41    18   359  3.28  0.21  0.65   1.00    2  0.69  1.08    -     -   FEW_RADII
    1200    SW  225    223   223   163   138   0.07  0.18  1.00     0 55.12    18   362  3.22  0.23  0.62   1.00    3  1.10  1.17    -     -   FEW_RADII
    1210    SW  226    224   224   160   136   0.05  0.12  1.00     0 86.64    18   361  3.19  0.24  0.61   1.00    3  1.10  1.14    -     -   FEW_RADII
    1220    SW  244    242   240   175   145   0.05  0.12  1.00     0 77.27     2   388  3.18  0.25  0.60   1.00    3  1.10  1.15    -     -   FEW_RADII
    1230    SW  237    235   227   172   144   0.06  0.17  1.00     0 39.73    42   380  3.21  0.24  0.62   1.00    3  1.10  1.15    -     -   FEW_RADII
    1240    SW  228    226   226   162   139   0.03  0.04  1.00     0 73.06    44   366  3.21  0.24  0.62   1.00    3  1.10  1.12    -     -   FEW_RADII
    1250    SW  223    220   220   159   141   0.04  0.09  1.00     0 114.00    31   363  3.26  0.22  0.64   1.00    2  0.69  1.09    -     -   FEW_RADII
    1260    SW  216    214   214   154   142   0.06  0.16  1.00     0 75.94    35   357  3.31  0.20  0.67   1.00    2  0.69  1.05    -     -   FEW_RADII
    1270    SW  226    224   224   156   149   0.05  0.12  1.00     0 45.17    26   374  3.31  0.20  0.67   1.00    2  0.69  1.00    -     -   FEW_RADII
    1280    SW  241    239   239   168   159   0.05  0.13  1.00     0 41.49     8   399  3.31  0.20  0.67   1.00    2  0.69  1.00    -     -   FEW_RADII
    1290    SW  244    242   242   178   162   0.03  0.09  1.00     0 63.27    22   405  3.32  0.20  0.67   1.00    2  0.69  1.03    -     -   FEW_RADII
    1300    SW  233    231   231   173   158   0.00  0.00  1.00     0 25.33    30   390  3.35  0.19  0.69   1.00    2  0.69  1.04    -     -   FEW_RADII
    1310    SW  225    223   223   169   150   0.00  0.00  1.00     0 84.56    24   374  3.32  0.20  0.68   1.00    2  0.69  1.04    -     -   FEW_RADII
    1320    SW  218    216   216   164   147   0.07  0.20  1.00     0 99.63    30   364  3.34  0.19  0.68   1.00    2  0.69  1.04    -     -   FEW_RADII
    1330    SW  211    209   209   162   138   0.03  0.07  1.00     0 57.76    26   348  3.30  0.20  0.66   1.00    2  0.69  1.03    -     -   FEW_RADII
    1340    SW  196    194   194   149   131   0.00  0.00  1.00     0 95.90    34   326  3.33  0.19  0.68   1.00    1    -   0.99    -     -   FEW_RADII
    1350    SW  183    181   181   140   123   0.05  0.10  1.00     0 60.10    40   305  3.33  0.19  0.68   1.00    2  0.41  1.03    -     -   FEW_RADII
    1360    SW  173    170   170   133   119   0.07  0.15  1.00     0 34.09    37   291  3.36  0.18  0.70   1.00    2  0.69  1.09    -     -   FEW_RADII
    1370    SW  177    175   175   131   114   0.05  0.11  1.00     0 43.62    19   290  3.28  0.21  0.66   1.00    3  1.10  1.09    -     -   FEW_RADII
    1380    SW  173    171   171   134   114   0.09  0.20  1.00     0 36.43    26   286  3.31  0.20  0.67   1.00    2  0.69  1.03    -     -   FEW_RADII
    1390    SW  173    171   171   134   115   0.09  0.22  1.00     0 58.46    26   287  3.32  0.19  0.68   1.00    2  0.69  0.97    -     -   FEW_RADII
    1400    SW  174    172   172   130   120   0.12  0.29  1.00     0 46.48    42   293  3.37  0.17  0.71   1.00    2  0.69  0.96    -     -   FEW_RADII
    1410    SW  185    183   183   144   128   0.07  0.10  1.00     0 53.45    12   312  3.37  0.18  0.70   1.00    2  0.69  1.11    -     -   FEW_RADII
    1420    SW  189    187   187   148   122   0.05  0.10  1.00     0 69.00     4   310  3.28  0.21  0.66   1.00    3  1.10  1.16    -     -   FEW_RADII
    1430    SW  186    184   184   149   114   0.06  0.13  1.00     0 69.54    26   299  3.22  0.23  0.62   1.00    3  1.10  1.26    -     -   FEW_RADII
    1440    SW  184    182   180   151   112   0.04  0.07  1.00     0 52.60    20   295  3.21  0.24  0.62   1.00    3  1.10  1.21    -     -   FEW_RADII
    1450    SW  166    163   153   138   110   0.00  0.00  1.00     0 41.86    43   275  3.31  0.19  0.68   1.00    2  0.41  1.15    -     -   FEW_RADII
    1460    SW  147    145   145   116   113   0.10  0.27  1.00     0 65.22    61   259  3.52  0.12  0.78   1.00    1    -   1.04    -     -   FEW_RADII
    1470    SW  160    158   158   127   122   0.05  0.11  1.00     0 37.75     8   281  3.51  0.12  0.78   1.00    2  0.69  1.02    -     -   FEW_RADII
    1480    SW  161    159   159   128   122   0.00  0.00  1.00     0 72.95     4   282  3.50  0.13  0.78   1.00    2  0.69  1.01    -     -   FEW_RADII
    1490    SW  163    161   161   128   118   0.06  0.15  1.00     0 70.93     6   280  3.44  0.15  0.74   1.00    2  0.69  0.99    -     -   FEW_RADII
    1500    SW  163    161   161   130   122   0.00  0.00  1.00     0 83.33    18   284  3.48  0.14  0.76   1.00    2  0.69  0.92    -     -   FEW_RADII
    exit reasons: (no windows)
    SW breakdown: {'NO_SCALING_PTS': 1, 'FEW_RADII': 149}
    edge lifetimes (theta=1e-12): n_dead=3128 median=163 mean=162.4 p90=184 max=228 censored_alive=323
    coupling with BSW indicator (point-biserial):
      occ_scc3: r =    - 
      fe_cyc  : r =    - 
      occ_scc : r =    - 
      fe_dyad : r =    - 
      rung12  : r =    - 
      b1_H12  : r =    - 
      b1_H6   : r =    - 
      b1_S12  : r =    - 
      b1_S6   : r =    - 
      evapE   : r =    - 
      kmean   : r =    - 
      brfrac  : r =    - 
      occ2ecc : r =    - 
    coupling with npts(t) (Pearson):
      occ_scc3: r = -0.27
      fe_cyc  : r = -0.20
      b1_H12  : r =  0.53
      b1_S6   : r =  0.40
      rung12  : r =    - 
      evapE   : r =  0.17
      kmean   : r = -0.18
      brfrac  : r =  0.44
      occ2ecc : r = -0.51
    coupling with wcont(t) (Pearson):
      occ_scc3: r = -0.25
      fe_cyc  : r = -0.18
      b1_H12  : r =  0.62
      b1_S6   : r =  0.54
      rung12  : r =    - 
      evapE   : r =  0.32
      kmean   : r = -0.34
      brfrac  : r =  0.43
      occ2ecc : r = -0.45
    DISCRIMINATION (contraction, V_peak@ep1220):
      occ2ecc  BSW:    - (n=0)  non-BSW: 0.677(n=28)
      brfrac   BSW:    - (n=0)  non-BSW: 0.194(n=28)
      kmean    BSW:    - (n=0)  non-BSW: 3.319(n=28)
    H->S lag correlation corr(b1_H12(t), b1_S6(t+tau)) [tau in snapshots]:
      all    :  0.81  0.88  0.92  0.93  0.89  0.82  0.74   (tau=-3..3)
      rising :  0.95  0.93  0.88  0.80   (tau=0..3, b1_H increasing)
      falling:  0.87  0.85  0.79  0.73   (tau=0..3, b1_H decreasing)
    --- asymmetric prediction pre-test (directed minus symmetric, point-biserial r with BSW) ---
      occ_scc3: r_dir= 0.16  r_sym=   -   diff=   - 
      fe_cyc  : r_dir= 0.13  r_sym=   -   diff=   - 
      b1_H12  : r_dir=-0.06  r_sym=   -   diff=   - 
====================================================================================================
SEED 15  rule=T1 g=0.075 N=2000 epochs=1500 (paired directed / symmetric, identical seed)
====================================================================================================
[directed ] status=ok snaps=150 BSW_occ=89 windows=7 dead=2238 audit=OK V_max=1024/2000 first_sat=-
    ep    ph    V  b1_H12 b1_H6 b1_S12 b1_S6  occSCC3 feCYC rung12 refl ndstM evapE  E_S  kmean brfrac occ2ecc  gcf  npts wscale wcont slope   r2    fail
      10    SW   11      9     9     7     7   0.00  0.00    -      9  3.76     0    17  3.09  0.12  0.82   1.00    0    -   0.03    -     -   NO_SCALING_PTS
      20    SW   20     18    18    15    15   0.00  0.00  1.00     0  5.86     0    34  3.40  0.09  0.85   1.00    1    -   0.19    -     -   FEW_RADII
      30    SW   32     30    30    23    23   0.00  0.00    -      0  8.64     0    54  3.38  0.13  0.78   1.00    1    -   0.45    -     -   FEW_RADII
      40    SW   38     36    36    27    27   0.00  0.00  1.00     0 12.63     0    64  3.37  0.14  0.76   1.00    1    -   0.47    -     -   FEW_RADII
      50    SW   72     70    70    51    51   0.14  0.23  1.00     0 12.38     0   122  3.39  0.16  0.74   1.00    1    -   0.68    -     -   FEW_RADII
      60    SW   88     86    86    64    64   0.07  0.09  1.00     0 16.65     0   151  3.43  0.15  0.75   1.00    1    -   0.65    -     -   FEW_RADII
      70    SW   95     93    93    69    69   0.08  0.12  1.00     0 20.30     0   163  3.43  0.15  0.75   1.00    1    -   0.62    -     -   FEW_RADII
      80    SW  119    117   117    85    85   0.07  0.09  1.00     0 19.33     0   203  3.41  0.16  0.73   1.00    1    -   0.72    -     -   FEW_RADII
      90    SW  142    140   140   110   110   0.05  0.08  1.00     0 17.14     0   251  3.54  0.12  0.79   1.00    1    -   0.80    -     -   FEW_RADII
     100    SW  164    162   162   134   134   0.06  0.08  1.00     0 23.00     0   297  3.62  0.09  0.83   1.00    1    -   0.86    -     -   FEW_RADII
     110    SW  193    191   191   158   158   0.07  0.12  1.00     0 18.25     0   350  3.63  0.09  0.83   1.00    2  0.41  0.90    -     -   FEW_RADII
     120    SW  243    241   241   184   184   0.06  0.11  1.00     0 21.34     0   426  3.51  0.13  0.77   1.00    2  0.41  0.96    -     -   FEW_RADII
     130    SW  266    264   264   200   200   0.00  0.00    -      0 21.56     0   465  3.50  0.14  0.76   1.00    2  0.41  1.02    -     -   FEW_RADII
     140    SW  288    286   286   223   223   0.05  0.08  1.00     0 21.84     0   510  3.54  0.12  0.78   1.00    2  0.41  0.98    -     -   FEW_RADII
     150    SW  305    303   303   241   241   0.00  0.00    -      0 22.95     0   545  3.57  0.11  0.80   1.00    2  0.41  1.02    -     -   FEW_RADII
     160    SW  319    317   317   258   258   0.04  0.07  1.00     0 19.61     0   576  3.61  0.10  0.82   1.00    2  0.41  0.99    -     -   FEW_RADII
     170    SW  336    334   334   277   277   0.00  0.00    -      0 20.97     0   612  3.64  0.09  0.83   1.00    2  0.41  1.07    -     -   FEW_RADII
     180    SW  343    341   341   289   288   0.00  0.00    -      0 19.39     0   630  3.67  0.08  0.85   1.00    2  0.41  1.04    -     -   FEW_RADII
     190    SW  346    344   344   293   290   0.00  0.00  1.00     0 25.16     0   635  3.67  0.09  0.84   1.00    2  0.41  1.04    -     -   FEW_RADII
     200    SW  361    359   359   302   296   0.05  0.10  1.00     0 32.43     0   656  3.63  0.10  0.83   1.00    2  0.41  1.16    -     -   FEW_RADII
     210    SW  389    387   386   331   323   0.07  0.11  1.00     0 23.82     2   711  3.66  0.09  0.84   1.00    3  1.10  1.18    -     -   FEW_RADII
     220    SW  436    434   433   358   349   0.05  0.08  1.00     0 23.53     0   784  3.60  0.11  0.81   1.00    3  1.10  1.19    -     -   FEW_RADII
     230    SW  451    449   441   368   354   0.00  0.00    -      0 20.82     0   804  3.57  0.11  0.80   1.00    3  1.10  1.22    -     -   FEW_RADII
     240    SW  466    464   446   379   360   0.05  0.05  1.00     0 17.35     4   825  3.54  0.12  0.78   1.00    2  0.41  1.19    -     -   FEW_RADII
     250    SW  471    469   448   391   364   0.00  0.00  1.00     0 17.90     4   834  3.54  0.12  0.79   1.00    2  0.41  1.12    -     -   FEW_RADII
     260    SW  479    477   454   401   362   0.06  0.09  1.00     0 15.82     8   840  3.51  0.13  0.78   1.00    2  0.41  1.16    -     -   FEW_RADII
     270    SW  504    502   478   422   375   0.05  0.08  1.00     0 27.64    12   878  3.48  0.13  0.77   1.00    3  1.10  1.25    -     -   FEW_RADII
     280    SW  523    520   493   430   380   0.04  0.06  1.00     0 32.22    19   902  3.45  0.14  0.75   1.00    3  1.10  1.26    -     -   FEW_RADII
     290    SW  523    518   476   435   378   0.02  0.03  1.00     0 27.16    18   900  3.44  0.14  0.75   1.00    3  1.10  1.26    -     -   FEW_RADII
     300    SW  534    529   459   443   373   0.00  0.00    -      3 21.64     4   906  3.39  0.16  0.73   1.00    3  1.10  1.23    -     -   FEW_RADII
     310    SW  545    539   460   451   374   0.00  0.00    -      1 27.15     5   918  3.37  0.16  0.73   1.00    3  1.10  1.24    -     -   FEW_RADII
     320    SW  553    545   463   455   381   0.03  0.05  1.00     0 28.42    18   933  3.37  0.15  0.74   1.00    3  1.10  1.24    -     -   FEW_RADII
     330    SW  588    581   500   491   413   0.06  0.12  1.00     0 28.20    15  1000  3.40  0.14  0.76   1.00    3  1.10  1.34    -     -   FEW_RADII
     340    SW  611    601   524   510   430   0.06  0.11  1.00     0 18.53    43  1040  3.40  0.13  0.77   1.00    3  1.10  1.32    -     -   FEW_RADII
     350    SW  615    604   525   511   421   0.00  0.00  1.00     0 20.12    15  1035  3.37  0.15  0.75   1.00    3  1.10  1.30    -     -   FEW_RADII
     360    SW  606    595   524   508   417   0.03  0.05  1.00     0 32.24    40  1022  3.37  0.14  0.77   1.00    3  1.10  1.31    -     -   FEW_RADII
     370    SW  615    603   535   512   413   0.03  0.04  1.00     0 23.29    19  1027  3.34  0.15  0.75   1.00    3  1.10  1.26    -     -   FEW_RADII
     380    SW  615    601   530   509   411   0.03  0.05  1.00     0 26.88    20  1025  3.33  0.15  0.74   1.00    3  1.10  1.27    -     -   FEW_RADII
     390    SW  616    603   519   509   409   0.00  0.00  1.00     0 24.38    13  1024  3.32  0.15  0.74   1.00    3  1.10  1.27    -     -   FEW_RADII
     400    SW  614    602   500   511   394   0.00  0.00    -      0 22.03    11  1007  3.28  0.17  0.73   1.00    3  1.10  1.27    -     -   FEW_RADII
     410    SW  615    598   496   507   383   0.03  0.04  1.00     0 28.12    25   997  3.24  0.18  0.71   1.00    3  1.10  1.27    -     -   FEW_RADII
     420    SW  618    599   507   512   385   0.06  0.13  1.00     0 25.80    42  1002  3.24  0.18  0.71   1.00    3  1.10  1.27    -     -   FEW_RADII
     430    SW  631    615   533   520   403   0.06  0.11  1.00     0 29.78    39  1033  3.27  0.16  0.73   1.00    3  1.10  1.31    -     -   FEW_RADII
     440    SW  618    601   521   518   402   0.00  0.00  1.00     0 20.25    51  1019  3.30  0.16  0.74   1.00    3  1.10  1.38    -     -   FEW_RADII
     450    SW  601    579   489   505   397   0.02  0.04  1.00     0 31.24    43   997  3.32  0.14  0.76   1.00    3  1.10  1.34    -     -   FEW_RADII
     460    SW  599    575   479   508   385   0.03  0.05  1.00     0 19.31    20   983  3.28  0.15  0.75   1.00    3  1.10  1.34    -     -   FEW_RADII
     470    SW  588    560   470   497   359   0.03  0.06  1.00     0 14.96    48   946  3.22  0.18  0.71   1.00    3  1.10  1.36    -     -   FEW_RADII
     480    SW  588    552   465   487   345   0.03  0.06  1.00     0 39.50    36   932  3.17  0.20  0.68   1.00    3  1.10  1.35    -     -   FEW_RADII
     490  METR  586    548   471   473   344   0.04  0.09  1.00     0 20.56    60   929  3.17  0.20  0.68   1.00    4  1.39  1.43  2.24  1.00  -
     500  METR  585    545   471   473   342   0.05  0.11  1.00     3 24.58    54   926  3.17  0.20  0.69   1.00    4  1.39  1.39  2.19  1.00  -
     510  METR  614    573   477   480   343   0.02  0.02  1.00     0 22.05    27   956  3.11  0.22  0.66   1.00    4  1.39  1.40  2.14  1.00  -
     520    SW  601    559   457   467   338   0.00  0.00    -      0 18.68    41   938  3.12  0.21  0.67   1.00    3  1.10  1.36    -     -   FEW_RADII
     530  METR  590    548   437   464   334   0.00  0.00    -      1 20.38    30   923  3.13  0.20  0.69   1.00    4  1.39  1.40  2.81  1.00  -
     540  METR  579    539   431   459   335   0.03  0.05  1.00     0 27.39    38   913  3.15  0.19  0.71   1.00    4  1.39  1.39  2.76  0.99  -
     550    SW  559    518   422   442   329   0.00  0.00    -      0 17.54    49   887  3.17  0.17  0.73   1.00    3  0.69  1.36    -     -   FEW_RADII
     560  METR  561    517   423   448   323   0.00  0.00  1.00     0 22.12    17   883  3.15  0.18  0.71   1.00    4  1.39  1.41  2.83  1.00  -
     570    SW  554    504   421   441   320   0.03  0.06  1.00     0 10.51    32   873  3.15  0.18  0.72   1.00    3  0.69  1.39    -     -   FEW_RADII
     580    SW  543    495   426   433   325   0.01  0.02  0.67     1 11.43    46   867  3.19  0.17  0.74   1.00    3  0.69  1.39    -     -   FEW_RADII
     590    SW  538    488   421   433   331   0.18  0.25  1.00     2 17.99    32   868  3.23  0.15  0.76   1.00    3  0.69  1.42    -     -   FEW_RADII
     600  METR  553    503   422   446   342   0.04  0.08  1.00     0 17.73    16   894  3.23  0.15  0.76   1.00    4  1.39  1.49  2.66  1.00  -
     610  METR  564    513   428   448   352   0.05  0.11  1.00     1 17.70    33   915  3.24  0.15  0.75   1.00    4  1.39  1.55  2.42  1.00  -
     620  METR  597    541   451   459   359   0.01  0.02  1.00     1 19.09    17   955  3.20  0.17  0.72   1.00    4  1.39  1.51  2.44  1.00  -
     630  METR  604    546   462   474   372   0.04  0.05  1.00     3 14.73    32   975  3.23  0.16  0.75   1.00    4  1.39  1.50  2.32  1.00  -
     640  METR  608    551   483   475   369   0.06  0.08  1.00     0 14.55    51   976  3.21  0.16  0.74   1.00    4  1.39  1.54  2.61  1.00  -
     650  METR  648    591   518   495   382   0.10  0.16  1.00     1 16.38    30  1029  3.18  0.18  0.72   1.00    4  1.39  1.58  2.65  1.00  -
     660  METR  710    652   568   544   419   0.04  0.06  1.00     0 13.28    19  1127  3.17  0.18  0.71   1.00    4  0.92  1.54  2.58  1.00  -
     670  METR  763    700   609   574   462   0.05  0.08  0.94     2 14.55    29  1224  3.21  0.18  0.71   1.00    4  0.92  1.55  2.73  1.00  -
     680  METR  777    711   605   588   479   0.03  0.04  1.00     1 21.21    23  1255  3.23  0.17  0.72   1.00    5  1.61  1.62  2.67  1.00  -
     690    SW  778    706   594   585   480   0.00  0.00  1.00     0 14.50    30  1257  3.23  0.17  0.73   1.00    3  0.69  1.58    -     -   FEW_RADII
     700  METR  768    694   592   584   477   0.04  0.06  1.00     2 18.79    40  1244  3.24  0.16  0.74   1.00    4  1.39  1.56  2.68  1.00  -
     710    SW  758    685   590   574   473   0.02  0.03  1.00     0 11.73    29  1230  3.25  0.15  0.75   1.00    3  0.69  1.53    -     -   FEW_RADII
     720    SW  742    669   584   564   465   0.00  0.00  1.00     0  9.58    32  1206  3.25  0.15  0.76   1.00    3  0.69  1.41    -     -   FEW_RADII
     730    SW  731    658   582   555   458   0.00  0.00    -      2 15.19    28  1188  3.25  0.14  0.76   1.00    3  0.69  1.44    -     -   FEW_RADII
     740  METR  719    650   578   548   451   0.00  0.00  1.00     0  9.95    22  1169  3.25  0.14  0.77   1.00    4  0.92  1.38  2.74  1.00  -
     750    SW  707    641   568   540   437   0.00  0.00  1.00     0  6.41    23  1142  3.23  0.15  0.75   1.00    3  0.69  1.31    -     -   FEW_RADII
     760    SW  689    622   550   522   418   0.15  0.18  1.00     0 20.55    37  1105  3.21  0.16  0.74   1.00    3  0.69  1.29    -     -   FEW_RADII
     770    SW  684    616   545   519   411   0.00  0.00  1.00     0 10.07    21  1094  3.20  0.16  0.74   1.00    3  0.69  1.42    -     -   FEW_RADII
     780    SW  668    599   531   509   395   0.07  0.09  1.00     3 14.34    39  1062  3.18  0.17  0.73   1.00    3  0.69  1.51    -     -   FEW_RADII
     790  METR  663    591   518   505   368   0.00  0.00  1.00     0 14.76    23  1030  3.11  0.19  0.70   1.00    4  1.39  1.51  2.83  1.00  -
     800  METR  644    567   493   487   330   0.14  0.15  1.00     1 13.02    55   972  3.02  0.24  0.65   1.00    4  1.39  1.48  2.73  1.00  -
     810  METR  627    559   486   479   295   0.03  0.04  1.00     0 12.81    48   920  2.93  0.27  0.60   1.00    4  1.39  1.46  2.66  1.00  -
     820  METR  593    519   454   442   262   0.02  0.03  1.00     2 11.65    93   854  2.88  0.31  0.56   1.00    4  1.39  1.45  2.62  1.00  -
     830  METR  556    478   406   411   238   0.00  0.00    -      0  9.89    88   792  2.85  0.32  0.55   1.00    4  0.92  1.57  2.77  1.00  -
     840  METR  511    439   349   385   217   0.00  0.00  1.00     4 15.39    88   727  2.85  0.32  0.55   1.00    4  0.92  1.61  2.71  1.00  -
     850  METR  469    396   292   360   209   0.03  0.03  1.00     3 12.57    93   677  2.89  0.29  0.59   1.00    4  0.92  1.62  2.58  1.00  -
     860  METR  431    359   254   331   196   0.05  0.06  1.00     3  7.51    85   626  2.90  0.25  0.63   1.00    5  1.10  1.65  2.40  1.00  -
     870  METR  400    327   223   303   179   0.00  0.00    -      0  6.70    65   578  2.89  0.23  0.67   1.00    6  1.25  1.59  2.32  1.00  -
     880  METR  378    303   213   285   171   0.14  0.16  1.00     0  8.15    52   548  2.90  0.21  0.70   1.00    6  1.25  1.62  2.16  1.00  -
     890  METR  366    295   206   276   167   0.00  0.00  1.00     0  7.79    26   532  2.91  0.19  0.73   1.00    6  1.25  1.66  2.07  1.00  -
     900  METR  356    291   204   265   165   0.00  0.00  1.00     1  7.90    20   520  2.92  0.18  0.74   1.00    5  1.10  1.64  2.08  1.00  -
     910  METR  371    306   218   268   172   0.41  0.61  1.00     0  5.21    16   542  2.92  0.18  0.74   1.00    6  1.25  1.85  1.81  1.00  -
     920  METR  384    316   234   274   184   0.10  0.12  1.00     1  5.95    23   567  2.95  0.18  0.73   1.00    7  1.95  1.97  1.86  0.99  -
     930  METR  415    346   275   287   200   0.12  0.18  1.00     2  8.03    25   614  2.96  0.20  0.70   1.00    6  1.25  1.87  1.88  0.99  -
     940  METR  457    385   321   306   225   0.12  0.19  1.00     5  7.16    25   681  2.98  0.21  0.69   1.00    6  1.25  1.83  2.02  0.99  -
     950  METR  472    397   334   305   225   0.07  0.09  1.00     1  7.22    23   696  2.95  0.23  0.66   1.00    6  1.25  1.80  2.06  0.99  -
     960  METR  487    412   352   319   241   0.22  0.29  1.00     7  8.79    16   725  2.98  0.23  0.66   0.99    6  1.25  1.67  2.32  1.00  -
     970  METR  479    410   357   323   253   0.18  0.24  1.00     0  6.73    32   731  3.05  0.20  0.70   1.00    6  1.25  1.65  2.30  1.00  -
     980  METR  479    409   354   325   253   0.00  0.00    -      0  7.41    13   731  3.05  0.20  0.70   1.00    6  1.25  1.67  2.25  1.00  -
     990  METR  464    398   341   317   251   0.00  0.00  1.00     0  8.54    34   714  3.08  0.21  0.69   1.00    6  1.25  1.70  2.17  1.00  -
    1000  METR  437    373   327   298   246   0.00  0.00  1.00     0  7.76    52   681  3.12  0.18  0.72   0.99    5  1.10  1.65  2.23  1.00  -
    1010  METR  427    369   321   299   245   0.18  0.27  1.00     0  7.36    14   670  3.14  0.17  0.73   1.00    5  1.10  1.63  2.29  0.99  -
    1020  METR  434    372   331   317   258   0.14  0.21  1.00     1  8.24    10   691  3.18  0.16  0.75   1.00    5  1.10  1.73  2.12  1.00  -
    1030  METR  427    363   322   316   257   0.00  0.00    -      3  7.94    22   682  3.19  0.14  0.77   0.99    5  1.10  1.62  2.25  1.00  -
    1040  METR  423    362   326   311   262   0.08  0.12  1.00     1  5.81    16   683  3.23  0.13  0.78   1.00    4  0.92  1.59  2.43  1.00  -
    1050  METR  414    355   323   302   260   0.38  0.36  1.00     1  6.33    21   673  3.25  0.13  0.79   1.00    5  1.10  1.57  2.35  1.00  -
    1060  METR  412    352   323   300   258   0.00  0.00    -      0  7.55     7   669  3.25  0.13  0.79   1.00    5  1.10  1.58  2.31  1.00  -
    1070  METR  409    348   322   297   241   0.00  0.00    -      0  7.37     9   649  3.17  0.16  0.75   1.00    5  1.10  1.56  2.36  1.00  -
    1080  METR  417    355   333   297   233   0.10  0.13  1.00     0  7.67    19   648  3.11  0.18  0.72   0.99    5  1.10  1.79  2.06  1.00  -
    1090  METR  422    362   342   302   221   0.18  0.22  1.00     0  5.53    30   642  3.04  0.22  0.67   1.00    5  1.10  1.87  1.98  1.00  -
    1100  METR  449    389   368   313   232   0.18  0.28  0.96     7  5.88    34   680  3.03  0.23  0.66   1.00    6  1.25  1.83  2.05  1.00  -
    1110  METR  491    431   393   336   254   0.00  0.00  1.00     5  7.25    14   744  3.03  0.24  0.64   1.00    6  1.25  1.79  2.16  1.00  -
    1120  METR  527    466   415   361   275   0.13  0.22  1.00     0  8.61    11   801  3.04  0.23  0.65   1.00    6  1.25  1.77  2.19  1.00  -
    1130  METR  558    498   443   382   306   0.10  0.14  1.00     3  7.86    39   863  3.09  0.21  0.67   1.00    6  1.25  1.82  2.15  1.00  -
    1140  METR  564    507   453   392   324   0.00  0.00  1.00     2  6.76    51   887  3.15  0.19  0.70   1.00    6  1.25  1.89  1.97  1.00  -
    1150  METR  549    496   447   390   329   0.05  0.07  1.00     0  7.85    48   877  3.19  0.17  0.73   1.00    6  1.25  1.88  1.99  1.00  -
    1160  METR  542    486   445   382   330   0.31  0.44  1.00     5  4.95    43   871  3.21  0.15  0.75   1.00    6  1.25  1.78  2.12  1.00  -
    1170  METR  566    511   469   398   347   0.23  0.36  1.00     0  5.57     5   912  3.22  0.15  0.75   1.00    7  1.39  1.79  2.17  1.00  -
    1180  METR  598    538   493   435   383   0.12  0.19  1.00     1  8.45     9   980  3.28  0.14  0.78   1.00    6  1.25  1.88  2.04  1.00  -
    1190  METR  641    580   539   465   416   0.09  0.13  1.00     0  7.52     9  1056  3.29  0.13  0.78   1.00    5  1.10  1.85  2.20  1.00  -
    1200  METR  681    622   579   501   456   0.12  0.17  1.00     0  7.68     8  1136  3.34  0.12  0.80   1.00    6  1.25  1.91  2.07  1.00  -
    1210  METR  734    674   632   533   488   0.07  0.10  1.00     0  8.55     5  1221  3.33  0.13  0.78   1.00    6  1.25  1.94  2.04  0.99  -
    1220  METR  759    700   659   544   498   0.07  0.12  1.00     0  9.37     7  1256  3.31  0.14  0.77   1.00    6  1.25  1.95  2.07  1.00  -
    1230  METR  782    723   681   570   518   0.11  0.17  1.00     0  6.94     6  1299  3.32  0.13  0.78   1.00    6  1.25  1.86  2.22  1.00  -
    1240  METR  831    772   731   614   554   0.10  0.14  1.00     1  9.13    10  1384  3.33  0.14  0.77   1.00    6  1.25  1.93  2.21  1.00  -
    1250  METR  874    814   774   652   582   0.05  0.06  1.00     0  8.24     5  1455  3.33  0.14  0.77   1.00    7  1.39  1.99  2.12  1.00  -
    1260  METR  942    882   840   703   627   0.13  0.23  1.00     0  9.18    10  1568  3.33  0.14  0.76   1.00    7  1.39  2.04  2.13  1.00  -
    1270  METR  997    938   895   739   648   0.12  0.20  1.00     0 10.43    27  1644  3.30  0.16  0.74   1.00    7  1.39  1.98  2.10  1.00  -
    1280  METR 1014    956   907   750   642   0.04  0.05  1.00     0 10.66    35  1655  3.26  0.17  0.72   1.00    7  1.39  2.05  2.02  1.00  -
    1290  METR 1014    954   894   751   639   0.00  0.00  1.00     0 10.21    26  1652  3.26  0.17  0.72   1.00    6  1.25  1.97  2.12  0.99  -
    1300  METR  998    936   882   746   637   0.07  0.08  1.00     0 12.61    48  1634  3.27  0.17  0.73   1.00    6  1.25  1.95  2.11  0.99  -
    1310  METR 1001    933   869   753   643   0.02  0.03  1.00     0 11.70    32  1643  3.28  0.16  0.73   1.00    7  1.95  1.99  2.31  0.99  -
    1320  METR 1009    936   858   766   648   0.17  0.30  1.00     0  7.33    43  1656  3.28  0.16  0.73   1.00    5  1.10  1.86  2.36  1.00  -
    1330  METR 1024    947   872   776   641   0.07  0.08  1.00     0  8.81    54  1664  3.25  0.17  0.72   1.00    6  1.79  1.83  2.45  1.00  -
    1340  METR  999    920   861   753   629   0.05  0.08  1.00     0  8.23    90  1627  3.26  0.17  0.72   1.00    6  1.79  1.83  2.51  1.00  -
    1350  METR  977    897   858   727   610   0.05  0.09  1.00     0 10.52    91  1586  3.25  0.17  0.73   1.00    5  1.10  1.89  2.32  1.00  -
    1360  METR 1004    924   880   742   623   0.12  0.15  1.00     0  8.00    26  1626  3.24  0.17  0.72   1.00    7  1.95  2.00  2.25  0.99  -
    1370  METR 1008    932   858   745   621   0.10  0.12  1.00     0  8.10    40  1628  3.23  0.17  0.72   1.00    7  1.95  2.01  2.30  0.99  -
    1380  METR  996    918   838   736   602   0.08  0.14  1.00     0  9.19    52  1596  3.20  0.17  0.72   1.00    6  1.25  1.90  2.36  1.00  -
    1390  METR  959    885   811   715   559   0.00  0.00  1.00     0  8.97    92  1516  3.16  0.19  0.69   1.00    6  1.25  1.83  2.44  1.00  -
    1400  METR  906    842   773   683   512   0.08  0.12  1.00     0 13.29   122  1417  3.13  0.22  0.66   1.00    6  1.25  1.91  2.21  0.99  -
    1410  METR  863    796   722   655   464   0.07  0.11  1.00     0 12.44   103  1326  3.07  0.23  0.65   1.00    6  1.25  1.88  2.26  0.99  -
    1420  METR  811    743   663   613   434   0.06  0.10  1.00    12  7.71   117  1244  3.07  0.23  0.65   1.00    6  1.25  1.90  2.18  0.99  -
    1430  METR  775    704   620   584   415   0.00  0.00    -      0  9.19    85  1188  3.07  0.22  0.66   1.00    6  1.25  1.95  2.02  0.99  -
    1440  METR  728    655   564   546   398   0.00  0.00  1.00     0  8.09   104  1125  3.09  0.21  0.67   1.00    6  1.25  1.92  2.08  0.98  -
    1450  METR  691    623   526   526   388   0.16  0.20  1.00     0  7.38    83  1078  3.12  0.19  0.70   1.00    6  1.25  1.89  2.18  0.99  -
    1460  METR  677    607   513   506   379   0.11  0.19  0.89     7  9.53    62  1054  3.11  0.18  0.72   1.00    6  1.25  1.99  2.06  0.99  -
    1470  METR  685    616   524   499   374   0.27  0.40  1.00     1  6.30    47  1057  3.09  0.20  0.70   1.00    7  1.39  2.13  1.84  1.00  -
    1480  METR  694    623   534   501   377   0.14  0.22  1.00     4  4.74    34  1070  3.08  0.20  0.69   1.00    7  1.39  2.03  2.00  1.00  -
    1490  METR  682    609   525   488   363   0.21  0.24  1.00     0  8.97    46  1044  3.06  0.21  0.68   1.00    7  1.39  2.08  1.94  1.00  -
    1500  METR  674    595   525   478   351   0.13  0.19  1.00     0  9.05    86  1024  3.04  0.23  0.66   1.00    8  2.08  2.12  1.83  0.98  -
    window ep490-510 len=3 exit=SW
    window ep530-540 len=2 exit=SW
    window ep560-560 len=1 exit=SW
    window ep600-680 len=9 exit=SW
    window ep700-700 len=1 exit=SW
    window ep740-740 len=1 exit=SW
    window ep790-1500 len=72 exit=END
    exit reasons: {'SW': 6, 'END': 1}
    SW breakdown: {'NO_SCALING_PTS': 1, 'FEW_RADII': 60}
    edge lifetimes (theta=1e-12): n_dead=4553 median=220 mean=289.4 p90=515 max=1370 censored_alive=1268
    coupling with BSW indicator (point-biserial):
      occ_scc3: r =  0.33
      fe_cyc  : r =  0.31
      occ_scc : r =  0.39
      fe_dyad : r =  0.16
      rung12  : r =  0.07
      b1_H12  : r =  0.33
      b1_H6   : r =  0.30
      b1_S12  : r =  0.31
      b1_S6   : r =  0.22
      evapE   : r =  0.42
      kmean   : r = -0.65
      brfrac  : r =  0.53
      occ2ecc : r = -0.49
    coupling with npts(t) (Pearson):
      occ_scc3: r =  0.40
      fe_cyc  : r =  0.40
      b1_H12  : r =  0.54
      b1_S6   : r =  0.45
      rung12  : r =  0.03
      evapE   : r =  0.42
      kmean   : r = -0.58
      brfrac  : r =  0.45
      occ2ecc : r = -0.42
    coupling with wcont(t) (Pearson):
      occ_scc3: r =  0.35
      fe_cyc  : r =  0.36
      b1_H12  : r =  0.67
      b1_S6   : r =  0.59
      rung12  : r = -0.01
      evapE   : r =  0.48
      kmean   : r = -0.54
      brfrac  : r =  0.46
      occ2ecc : r = -0.44
    DISCRIMINATION (contraction, V_peak@ep1330):
      occ2ecc  BSW: 0.693(n=17)  non-BSW:    - (n=0)
      brfrac   BSW: 0.196(n=17)  non-BSW:    - (n=0)
      kmean    BSW: 3.114(n=17)  non-BSW:    - (n=0)
    H->S lag correlation corr(b1_H12(t), b1_S6(t+tau)) [tau in snapshots]:
      all    :  0.97  0.98  0.98  0.98  0.96  0.93  0.89   (tau=-3..3)
      rising :  0.98  0.98  0.97  0.95   (tau=0..3, b1_H increasing)
      falling:  0.97  0.96  0.93  0.90   (tau=0..3, b1_H decreasing)
[symmetric] status=ok snaps=150 BSW_occ=0 windows=0 dead=1659 audit=OK V_max=284/2000 first_sat=-
    ep    ph    V  b1_H12 b1_H6 b1_S12 b1_S6  occSCC3 feCYC rung12 refl ndstM evapE  E_S  kmean brfrac occ2ecc  gcf  npts wscale wcont slope   r2    fail
      10    SW    5      3     3     1     1   0.60  0.60  1.00     0  3.26     0     5  2.00  0.40  0.60   1.00    0    -     -     -     -   NO_SCALING_PTS
      20    SW   30     28    28    17    17   0.47  0.62  1.00     0 11.90     0    46  3.07  0.24  0.63   1.00    1    -   0.51    -     -   FEW_RADII
      30    SW   37     35    35    26    26   0.12  0.14  1.00     0 19.44     0    62  3.35  0.15  0.76   1.00    1    -   0.45    -     -   FEW_RADII
      40    SW   43     41    41    28    28   0.13  0.24  1.00     0 23.18     0    70  3.26  0.19  0.70   1.00    1    -   0.48    -     -   FEW_RADII
      50    SW   60     58    58    43    43   0.15  0.31  1.00     0 24.93     0   102  3.40  0.15  0.75   1.00    1    -   0.85    -     -   FEW_RADII
      60    SW   73     71    71    56    56   0.14  0.27  1.00     0 21.85     0   128  3.51  0.12  0.79   1.00    2  0.69  0.89    -     -   FEW_RADII
      70    SW   78     76    76    57    57   0.08  0.16  1.00     0 40.30     0   134  3.44  0.14  0.76   1.00    2  0.69  0.91    -     -   FEW_RADII
      80    SW   84     82    82    66    66   0.14  0.33  1.00     0 35.67     0   149  3.55  0.11  0.81   1.00    1    -   0.83    -     -   FEW_RADII
      90    SW   96     94    94    71    71   0.10  0.23  1.00     0 43.85     0   166  3.46  0.14  0.76   1.00    1    -   0.82    -     -   FEW_RADII
     100    SW  103    101   101    76    76   0.05  0.12  1.00     0 52.85     0   178  3.46  0.14  0.76   1.00    1    -   0.82    -     -   FEW_RADII
     110    SW  107    105   105    81    81   0.04  0.07  1.00     0 49.76     0   187  3.50  0.13  0.78   1.00    1    -   0.81    -     -   FEW_RADII
     120    SW  115    113   113    89    89   0.33  0.35  1.00     0 41.88     0   203  3.53  0.12  0.79   1.00    1    -   0.93    -     -   FEW_RADII
     130    SW  125    123   123    93    93   0.07  0.17  1.00     0 41.84     0   217  3.47  0.14  0.76   1.00    2  0.69  0.99    -     -   FEW_RADII
     140    SW  136    134   134   104   104   0.11  0.29  1.00     0 48.09     0   239  3.51  0.13  0.78   1.00    2  0.69  0.94    -     -   FEW_RADII
     150    SW  168    166   166   125   124   0.11  0.26  1.00     0 43.07     0   291  3.46  0.14  0.75   1.00    2  0.69  0.92    -     -   FEW_RADII
     160    SW  201    199   199   148   139   0.09  0.21  1.00     0 49.21    10   339  3.37  0.17  0.71   1.00    2  0.69  1.08    -     -   FEW_RADII
     170    SW  212    210   210   160   147   0.08  0.15  1.00     0 36.16    12   358  3.38  0.17  0.71   1.00    3  1.10  1.26    -     -   FEW_RADII
     180    SW  225    223   223   176   160   0.04  0.08  1.00     0 51.61    22   384  3.41  0.16  0.72   1.00    3  1.10  1.36    -     -   FEW_RADII
     190    SW  219    216   216   168   157   0.00  0.00  1.00     0 67.27    31   375  3.42  0.16  0.73   1.00    2  0.41  1.27    -     -   FEW_RADII
     200    SW  219    217   217   168   150   0.00  0.00  1.00     0 88.96     9   368  3.36  0.18  0.70   1.00    2  0.41  1.08    -     -   FEW_RADII
     210    SW  216    214   214   168   149   0.05  0.11  1.00     0 46.92    16   364  3.37  0.18  0.70   1.00    2  0.41  0.98    -     -   FEW_RADII
     220    SW  217    215   213   169   152   0.08  0.20  1.00     0 75.00    28   368  3.39  0.17  0.71   1.00    1    -   1.03    -     -   FEW_RADII
     230    SW  223    221   221   170   160   0.05  0.13  1.00     0 62.45    30   382  3.43  0.16  0.73   1.00    2  0.69  1.08    -     -   FEW_RADII
     240    SW  233    231   231   178   168   0.08  0.22  1.00     0 84.79    18   400  3.43  0.15  0.73   1.00    2  0.69  1.04    -     -   FEW_RADII
     250    SW  251    248   248   190   188   0.05  0.10  1.00     0 62.55    23   438  3.49  0.14  0.76   1.00    2  0.69  1.00    -     -   FEW_RADII
     260    SW  262    260   260   199   191   0.05  0.12  1.00     0 36.61     7   452  3.45  0.15  0.74   1.00    2  0.69  0.98    -     -   FEW_RADII
     270    SW  270    268   268   202   193   0.05  0.14  1.00     0 77.20     6   462  3.42  0.16  0.72   1.00    2  0.69  0.98    -     -   FEW_RADII
     280    SW  276    274   274   211   190   0.07  0.18  1.00     0 59.83     8   465  3.37  0.18  0.70   1.00    2  0.69  0.97    -     -   FEW_RADII
     290    SW  284    282   282   212   189   0.06  0.15  1.00     0 60.69    22   472  3.32  0.20  0.67   1.00    2  0.69  1.06    -     -   FEW_RADII
     300    SW  283    281   281   214   181   0.00  0.00  1.00     0 53.09    22   463  3.27  0.22  0.65   1.00    3  1.10  1.13    -     -   FEW_RADII
     310    SW  280    278   278   215   159   0.07  0.19  1.00     0 42.97    22   438  3.13  0.27  0.57   1.00    3  1.10  1.17    -     -   FEW_RADII
     320    SW  278    276   275   209   158   0.06  0.15  1.00     0 63.99    62   435  3.13  0.27  0.58   1.00    3  1.10  1.12    -     -   FEW_RADII
     330    SW  266    263   259   200   159   0.04  0.10  1.00     0 73.51    47   424  3.19  0.24  0.61   1.00    3  1.10  1.15    -     -   FEW_RADII
     340    SW  249    246   236   192   161   0.03  0.07  1.00     0 49.12    52   409  3.29  0.21  0.66   1.00    2  0.69  1.09    -     -   FEW_RADII
     350    SW  223    221   221   166   158   0.03  0.05  1.00     0 82.78    63   380  3.41  0.17  0.72   1.00    2  0.69  1.00    -     -   FEW_RADII
     360    SW  230    228   228   172   160   0.08  0.18  1.00     0 71.69     6   389  3.38  0.17  0.70   1.00    2  0.69  1.01    -     -   FEW_RADII
     370    SW  239    237   237   181   157   0.00  0.00  1.00     0 53.97    16   395  3.31  0.20  0.67   1.00    3  1.10  1.12    -     -   FEW_RADII
     380    SW  232    230   230   174   148   0.00  0.00  1.00     0 61.07    26   379  3.27  0.22  0.65   1.00    3  1.10  1.14    -     -   FEW_RADII
     390    SW  219    217   217   163   138   0.03  0.05  1.00     0 59.13    42   356  3.25  0.22  0.64   1.00    3  1.10  1.12    -     -   FEW_RADII
     400    SW  211    209   209   158   128   0.03  0.05  1.00     0 76.50    36   338  3.20  0.24  0.62   1.00    3  1.10  1.11    -     -   FEW_RADII
     410    SW  222    220   220   167   138   0.18  0.22  1.00     0 63.96    20   359  3.23  0.23  0.63   1.00    3  1.10  1.10    -     -   FEW_RADII
     420    SW  217    215   212   163   133   0.08  0.18  1.00     0 48.37    24   349  3.22  0.23  0.62   1.00    2  0.69  1.09    -     -   FEW_RADII
     430    SW  214    212   212   152   138   0.04  0.09  1.00     0 58.63    62   351  3.28  0.21  0.65   1.00    3  1.10  1.10    -     -   FEW_RADII
     440    SW  219    217   217   159   141   0.06  0.11  1.00     0 45.87     8   359  3.28  0.21  0.65   1.00    3  1.10  1.13    -     -   FEW_RADII
     450    SW  221    219   219   164   138   0.06  0.17  1.00     0 66.99    24   358  3.24  0.22  0.64   1.00    3  1.10  1.10    -     -   FEW_RADII
     460    SW  226    224   222   169   135   0.06  0.16  1.00     0 64.94    28   360  3.19  0.25  0.61   1.00    3  1.10  1.11    -     -   FEW_RADII
     470    SW  221    219   217   166   139   0.05  0.12  1.00     0 71.01    42   359  3.25  0.22  0.64   1.00    3  1.10  1.16    -     -   FEW_RADII
     480    SW  216    214   212   160   137   0.00  0.00  1.00     0 77.92    32   352  3.26  0.22  0.64   1.00    3  1.10  1.12    -     -   FEW_RADII
     490    SW  196    194   194   145   138   0.00  0.00  1.00     0 99.19    48   333  3.40  0.17  0.71   1.00    2  0.69  1.07    -     -   FEW_RADII
     500    SW  195    193   193   146   134   0.00  0.00  1.00     0 76.97    14   328  3.36  0.18  0.70   1.00    1    -   1.07    -     -   FEW_RADII
     510    SW  188    186   186   140   123   0.00  0.00  1.00     0 113.26    18   310  3.30  0.20  0.67   1.00    1    -   1.01    -     -   FEW_RADII
     520    SW  187    185   185   139   122   0.04  0.10  1.00     0 82.88    16   308  3.29  0.20  0.67   1.00    1    -   1.03    -     -   FEW_RADII
     530    SW  178    176   176   135   124   0.00  0.00  1.00     0 71.98    30   301  3.38  0.17  0.71   1.00    1    -   1.03    -     -   FEW_RADII
     540    SW  170    168   168   128   123   0.04  0.05  1.00     0 62.68    32   292  3.44  0.15  0.74   1.00    2  0.69  1.01    -     -   FEW_RADII
     550    SW  165    163   163   126   118   0.04  0.11  1.00     0 93.42    18   282  3.42  0.16  0.73   1.00    2  0.69  1.01    -     -   FEW_RADII
     560    SW  168    166   166   131   113   0.06  0.16  1.00     0 55.02    10   280  3.33  0.19  0.68   1.00    2  0.69  0.99    -     -   FEW_RADII
     570    SW  158    156   156   128   110   0.33  0.47  1.00     0 45.75    36   267  3.38  0.17  0.71   1.00    2  0.69  0.94    -     -   FEW_RADII
     580    SW  149    146   146   118    99   0.06  0.13  1.00     0 20.73    29   247  3.32  0.19  0.68   1.00    2  0.69  0.90    -     -   FEW_RADII
     590    SW  145    142   142   111    89   0.10  0.25  1.00     0 58.07    34   233  3.21  0.23  0.63   1.00    2  0.69  0.88    -     -   FEW_RADII
     600    SW  155    153   153   119    94   0.04  0.06  1.00     0 61.32    13   248  3.20  0.24  0.62   1.00    2  0.69  1.06    -     -   FEW_RADII
     610    SW  146    144   144   112    90   0.03  0.04  1.00     0 64.29    38   235  3.22  0.23  0.64   1.00    2  0.69  0.96    -     -   FEW_RADII
     620    SW  138    136   136   101    84   0.07  0.17  1.00     0 73.01    36   221  3.20  0.23  0.64   1.00    2  0.41  1.09    -     -   FEW_RADII
     630    SW  157    155   155   115   102   0.11  0.24  1.00     0 51.59    36   258  3.29  0.20  0.68   1.00    2  0.69  1.09    -     -   FEW_RADII
     640    SW  174    171   171   131   125   0.04  0.08  1.00     0 44.43    27   298  3.43  0.15  0.74   1.00    2  0.69  1.05    -     -   FEW_RADII
     650    SW  174    172   172   130   127   0.00  0.00  1.00     0 82.00     9   300  3.45  0.15  0.75   1.00    3  1.10  1.13    -     -   FEW_RADII
     660    SW  176    174   174   132   128   0.05  0.12  1.00     0 74.23     8   303  3.44  0.15  0.74   1.00    2  0.41  1.07    -     -   FEW_RADII
     670    SW  185    183   183   139   130   0.03  0.05  1.00     0 50.15     0   314  3.39  0.17  0.71   1.00    2  0.41  0.94    -     -   FEW_RADII
     680    SW  182    180   180   134   129   0.03  0.07  1.00     0 81.63    24   310  3.41  0.16  0.73   1.00    2  0.41  0.89    -     -   FEW_RADII
     690    SW  178    176   176   131   128   0.03  0.05  1.00     0 92.65    14   305  3.43  0.16  0.73   1.00    2  0.41  0.85    -     -   FEW_RADII
     700    SW  180    178   178   130   124   0.03  0.05  1.00     0 67.58     4   303  3.37  0.18  0.70   1.00    2  0.41  0.88    -     -   FEW_RADII
     710    SW  183    181   181   133   129   0.00  0.00  1.00     0 74.18    10   311  3.40  0.17  0.72   1.00    1    -   0.93    -     -   FEW_RADII
     720    SW  183    181   181   134   129   0.03  0.07  1.00     0 59.24     4   311  3.40  0.17  0.72   1.00    1    -   0.94    -     -   FEW_RADII
     730    SW  201    199   199   151   133   0.10  0.26  1.00     0 64.07     8   333  3.31  0.20  0.67   1.00    2  0.69  1.05    -     -   FEW_RADII
     740    SW  232    230   230   169   147   0.04  0.09  1.00     0 73.26    26   378  3.26  0.22  0.65   1.00    2  0.69  0.91    -     -   FEW_RADII
     750    SW  225    223   223   171   156   0.02  0.03  1.00     0 77.25    34   380  3.38  0.17  0.71   1.00    2  0.69  0.91    -     -   FEW_RADII
     760    SW  220    216   216   159   149   0.04  0.11  1.00     0 88.07    36   368  3.35  0.18  0.70   1.00    2  0.69  0.96    -     -   FEW_RADII
     770    SW  231    229   229   173   149   0.08  0.21  1.00     0 65.43    14   379  3.28  0.21  0.65   1.00    3  1.10  1.22    -     -   FEW_RADII
     780    SW  233    231   231   178   134   0.03  0.06  1.00     0 65.20     8   366  3.14  0.26  0.59   1.00    3  1.10  1.28    -     -   FEW_RADII
     790    SW  231    229   229   177   133   0.04  0.09  1.00     0 84.32    40   363  3.14  0.26  0.59   1.00    3  1.10  1.19    -     -   FEW_RADII
     800    SW  212    210   208   165   139   0.03  0.06  1.00     0 79.41    62   350  3.30  0.20  0.67   1.00    2  0.69  1.06    -     -   FEW_RADII
     810    SW  187    185   185   143   137   0.00  0.00  1.00     0 42.90    64   323  3.45  0.15  0.74   1.00    2  0.69  0.97    -     -   FEW_RADII
     820    SW  184    182   182   141   135   0.00  0.00  1.00     0 101.00    12   318  3.46  0.15  0.74   1.00    2  0.69  0.95    -     -   FEW_RADII
     830    SW  181    179   179   139   134   0.00  0.00  1.00     0 92.85    18   314  3.47  0.14  0.76   1.00    2  0.69  0.94    -     -   FEW_RADII
     840    SW  184    181   181   140   136   0.04  0.09  1.00     0 92.20     7   319  3.47  0.14  0.75   1.00    2  0.69  0.94    -     -   FEW_RADII
     850    SW  184    182   182   142   136   0.03  0.05  1.00     0 58.85     9   319  3.47  0.14  0.76   1.00    2  0.69  0.96    -     -   FEW_RADII
     860    SW  181    179   179   141   131   0.00  0.00  1.00     0 119.00     8   311  3.44  0.15  0.73   1.00    1    -   0.94    -     -   FEW_RADII
     870    SW  179    177   177   143   119   0.00  0.00  1.00     0 75.85    22   297  3.32  0.20  0.68   1.00    2  0.69  1.00    -     -   FEW_RADII
     880    SW  169    167   167   138   113   0.00  0.00  1.00     0 40.52    40   281  3.33  0.19  0.68   1.00    2  0.69  0.98    -     -   FEW_RADII
     890    SW  158    156   156   131   105   0.00  0.00  1.00     0 79.08    32   262  3.32  0.19  0.68   1.00    2  0.69  0.98    -     -   FEW_RADII
     900    SW  138    135   135   110    98   0.03  0.06  1.00     0 92.56    51   235  3.41  0.16  0.72   1.00    2  0.69  0.92    -     -   FEW_RADII
     910    SW  155    152   152   118    99   0.13  0.29  1.00     0 49.75    24   253  3.26  0.21  0.65   1.00    2  0.69  0.93    -     -   FEW_RADII
     920    SW  157    155   155   123   102   0.04  0.05  1.00     0 50.17    25   258  3.29  0.21  0.66   1.00    2  0.69  1.02    -     -   FEW_RADII
     930    SW  152    150   150   120   100   0.00  0.00  1.00     0 79.94    20   251  3.30  0.20  0.67   1.00    2  0.69  1.04    -     -   FEW_RADII
     940    SW  138    136   136   105    94   0.00  0.00  1.00     0 74.13    34   231  3.35  0.18  0.70   1.00    2  0.69  1.04    -     -   FEW_RADII
     950    SW  132    130   130   102    90   0.36  0.38  1.00     0 45.34    26   221  3.35  0.17  0.71   1.00    1    -   0.95    -     -   FEW_RADII
     960    SW  135    133   133   105    89   0.07  0.14  1.00     0 34.53    12   223  3.30  0.19  0.69   1.00    2  0.41  1.08    -     -   FEW_RADII
     970    SW  139    136   135   103    91   0.04  0.09  1.00     0 44.05    21   229  3.29  0.19  0.68   1.00    3  1.10  1.10    -     -   FEW_RADII
     980    SW  132    130   130    94    86   0.04  0.10  1.00     0 76.10    23   217  3.29  0.20  0.67   1.00    2  0.69  1.03    -     -   FEW_RADII
     990    SW  139    137   137   102    98   0.50  0.62  1.00     0 43.66    10   236  3.40  0.16  0.73   1.00    2  0.69  0.95    -     -   FEW_RADII
    1000    SW  150    148   148   112   108   0.57  0.52  1.00     0 44.87     8   257  3.43  0.15  0.74   1.00    2  0.69  0.90    -     -   FEW_RADII
    1010    SW  152    149   149   112   107   0.05  0.10  1.00     0 68.16    13   258  3.39  0.17  0.72   1.00    2  0.69  0.90    -     -   FEW_RADII
    1020    SW  157    155   155   114   107   0.06  0.14  1.00     0 54.97     9   263  3.35  0.18  0.69   1.00    2  0.69  1.03    -     -   FEW_RADII
    1030    SW  174    172   172   128   118   0.09  0.22  1.00     0 43.41    10   291  3.34  0.19  0.69   1.00    2  0.69  1.05    -     -   FEW_RADII
    1040    SW  189    187   187   135   128   0.10  0.25  1.00     0 57.82    24   316  3.34  0.18  0.69   1.00    2  0.69  1.04    -     -   FEW_RADII
    1050    SW  205    203   203   150   135   0.06  0.15  1.00     0 65.41    10   339  3.31  0.20  0.67   1.00    2  0.69  1.10    -     -   FEW_RADII
    1060    SW  210    208   208   155   127   0.04  0.08  1.00     0 56.91     6   336  3.20  0.24  0.62   1.00    3  1.10  1.12    -     -   FEW_RADII
    1070    SW  207    205   205   159   133   0.05  0.12  1.00     0 61.55    22   339  3.28  0.21  0.66   1.00    3  1.10  1.13    -     -   FEW_RADII
    1080    SW  196    194   194   144   136   0.06  0.16  1.00     0 83.13    52   331  3.38  0.17  0.71   1.00    2  0.41  1.13    -     -   FEW_RADII
    1090    SW  200    198   198   147   144   0.07  0.19  1.00     0 69.34    24   343  3.43  0.15  0.73   1.00    3  1.10  1.15    -     -   FEW_RADII
    1100    SW  216    214   214   161   154   0.16  0.20  1.00     0 54.41     8   369  3.42  0.16  0.72   1.00    2  0.69  1.09    -     -   FEW_RADII
    1110    SW  216    214   214   166   151   0.00  0.00  1.00     0 48.48    12   366  3.39  0.17  0.71   1.00    2  0.69  1.07    -     -   FEW_RADII
    1120    SW  209    207   205   164   151   0.03  0.06  1.00     0 115.20    20   359  3.44  0.15  0.74   1.00    2  0.69  1.04    -     -   FEW_RADII
    1130    SW  203    200   200   153   144   0.06  0.14  1.00     0 79.07    29   346  3.41  0.16  0.72   1.00    2  0.69  0.99    -     -   FEW_RADII
    1140    SW  210    208   208   159   148   0.04  0.09  1.00     0 66.33    15   357  3.40  0.17  0.71   1.00    2  0.69  0.96    -     -   FEW_RADII
    1150    SW  212    210   210   162   151   0.04  0.07  1.00     0 73.87    26   362  3.42  0.16  0.73   1.00    2  0.69  1.01    -     -   FEW_RADII
    1160    SW  218    215   215   164   157   0.08  0.21  1.00     0 75.59    19   374  3.43  0.16  0.73   1.00    2  0.69  0.99    -     -   FEW_RADII
    1170    SW  233    230   230   169   152   0.26  0.35  1.00     0 43.04    18   384  3.30  0.21  0.66   1.00    2  0.69  1.05    -     -   FEW_RADII
    1180    SW  241    239   239   181   150   0.07  0.18  1.00     0 36.58    17   390  3.24  0.23  0.63   1.00    3  1.10  1.13    -     -   FEW_RADII
    1190    SW  243    241   241   180   143   0.04  0.08  1.00     0 76.69    26   385  3.17  0.25  0.60   1.00    2  0.69  1.05    -     -   FEW_RADII
    1200    SW  238    236   236   177   152   0.08  0.19  1.00     0 51.36    58   389  3.27  0.22  0.65   1.00    3  1.10  1.11    -     -   FEW_RADII
    1210    SW  240    237   237   175   161   0.08  0.17  1.00     0 62.02    49   400  3.33  0.19  0.68   1.00    2  0.69  1.05    -     -   FEW_RADII
    1220    SW  243    240   240   177   164   0.06  0.12  1.00     0 51.73    18   406  3.34  0.19  0.68   1.00    3  1.10  1.21    -     -   FEW_RADII
    1230    SW  246    244   244   180   169   0.15  0.25  1.00     0 42.78    33   414  3.37  0.18  0.70   1.00    3  1.10  1.13    -     -   FEW_RADII
    1240    SW  247    244   244   181   160   0.05  0.11  1.00     0 43.83    23   406  3.29  0.21  0.66   1.00    3  1.10  1.16    -     -   FEW_RADII
    1250    SW  246    244   244   183   160   0.03  0.05  1.00     0 72.51    17   405  3.29  0.20  0.66   1.00    3  1.10  1.17    -     -   FEW_RADII
    1260    SW  238    236   232   177   159   0.03  0.05  1.00     0 94.74    20   396  3.33  0.19  0.68   1.00    2  0.41  1.10    -     -   FEW_RADII
    1270    SW  224    221   221   162   161   0.04  0.07  1.00     0 59.86    47   384  3.43  0.16  0.73   1.00    1    -   0.95    -     -   FEW_RADII
    1280    SW  235    233   233   169   158   0.03  0.05  1.00     0 72.79     1   392  3.34  0.19  0.68   1.00    1    -   1.03    -     -   FEW_RADII
    1290    SW  231    229   229   169   152   0.03  0.08  1.00     0 62.97    18   382  3.31  0.20  0.67   1.00    1    -   1.02    -     -   FEW_RADII
    1300    SW  229    226   226   162   150   0.05  0.12  1.00     0 37.69    25   378  3.30  0.20  0.66   1.00    2  0.69  1.05    -     -   FEW_RADII
    1310    SW  226    224   224   168   152   0.10  0.21  1.00     0 56.37    29   377  3.34  0.19  0.68   1.00    2  0.69  1.06    -     -   FEW_RADII
    1320    SW  245    243   243   178   152   0.06  0.14  1.00     0 58.35    16   396  3.23  0.23  0.63   1.00    2  0.69  1.07    -     -   FEW_RADII
    1330    SW  268    266   266   191   156   0.08  0.23  1.00     0 70.62    10   423  3.16  0.26  0.59   1.00    2  0.69  1.03    -     -   FEW_RADII
    1340    SW  253    251   251   181   153   0.11  0.12  1.00     0 48.64    54   405  3.20  0.24  0.62   1.00    2  0.69  0.98    -     -   FEW_RADII
    1350    SW  266    264   259   195   154   0.07  0.18  1.00     0 29.93    20   419  3.15  0.26  0.59   1.00    3  1.10  1.10    -     -   FEW_RADII
    1360    SW  241    238   232   182   142   0.00  0.00  1.00     0 52.79    55   382  3.17  0.25  0.60   1.00    3  1.10  1.18    -     -   FEW_RADII
    1370    SW  220    217   217   165   128   0.04  0.11  1.00     0 69.61    52   347  3.15  0.26  0.59   1.00    3  1.10  1.29    -     -   FEW_RADII
    1380    SW  211    209   208   163   129   0.03  0.05  1.00     0 74.20    27   339  3.21  0.24  0.62   1.00    3  1.10  1.21    -     -   FEW_RADII
    1390    SW  205    203   195   157   128   0.04  0.08  1.00     0 71.52    40   332  3.24  0.23  0.63   1.00    2  0.41  1.15    -     -   FEW_RADII
    1400    SW  176    174   174   129   127   0.00  0.00  1.00     0 51.69    66   302  3.43  0.15  0.74   1.00    1    -   0.99    -     -   FEW_RADII
    1410    SW  170    168   168   123   117   0.04  0.09  1.00     0 92.37    16   286  3.36  0.18  0.70   1.00    1    -   0.92    -     -   FEW_RADII
    1420    SW  176    174   174   129   121   0.06  0.14  1.00     0 67.96    10   296  3.36  0.18  0.70   1.00    1    -   1.01    -     -   FEW_RADII
    1430    SW  185    183   183   135   127   0.05  0.10  1.00     0 50.93    10   311  3.36  0.18  0.70   1.00    2  0.69  1.07    -     -   FEW_RADII
    1440    SW  187    184   184   133   129   0.06  0.17  1.00     0 48.88    19   315  3.37  0.18  0.70   1.00    2  0.69  1.04    -     -   FEW_RADII
    1450    SW  194    192   192   138   126   0.06  0.16  1.00     0 71.49    15   319  3.29  0.21  0.66   1.00    2  0.69  1.01    -     -   FEW_RADII
    1460    SW  193    191   191   136   114   0.03  0.05  1.00     0 87.17    14   306  3.17  0.25  0.60   1.00    2  0.69  1.01    -     -   FEW_RADII
    1470    SW  182    180   180   133   105   0.00  0.00  1.00     0 80.47    28   286  3.14  0.26  0.59   1.00    2  0.69  0.98    -     -   FEW_RADII
    1480    SW  172    169   169   127    88   0.04  0.09  1.00     0 85.43    27   259  3.01  0.31  0.54   1.00    2  0.69  1.03    -     -   FEW_RADII
    1490    SW  156    152   151   110    83   0.04  0.07  1.00     0 47.00    45   238  3.05  0.30  0.54   1.00    2  0.69  1.02    -     -   FEW_RADII
    1500    SW  150    148   148   107    78   0.00  0.00  1.00     0 58.77    18   227  3.03  0.30  0.54   1.00    2  0.69  1.05    -     -   FEW_RADII
    exit reasons: (no windows)
    SW breakdown: {'NO_SCALING_PTS': 1, 'FEW_RADII': 149}
    edge lifetimes (theta=1e-12): n_dead=3318 median=163 mean=162.1 p90=184 max=244 censored_alive=297
    coupling with BSW indicator (point-biserial):
      occ_scc3: r =    - 
      fe_cyc  : r =    - 
      occ_scc : r =    - 
      fe_dyad : r =    - 
      rung12  : r =    - 
      b1_H12  : r =    - 
      b1_H6   : r =    - 
      b1_S12  : r =    - 
      b1_S6   : r =    - 
      evapE   : r =    - 
      kmean   : r =    - 
      brfrac  : r =    - 
      occ2ecc : r =    - 
    coupling with npts(t) (Pearson):
      occ_scc3: r = -0.25
      fe_cyc  : r = -0.19
      b1_H12  : r =  0.55
      b1_S6   : r =  0.44
      rung12  : r =    - 
      evapE   : r =  0.30
      kmean   : r = -0.07
      brfrac  : r =  0.28
      occ2ecc : r = -0.40
    coupling with wcont(t) (Pearson):
      occ_scc3: r = -0.31
      fe_cyc  : r = -0.29
      b1_H12  : r =  0.67
      b1_S6   : r =  0.60
      rung12  : r =    - 
      evapE   : r =  0.34
      kmean   : r = -0.27
      brfrac  : r =  0.38
      occ2ecc : r = -0.41
    DISCRIMINATION (contraction, V_peak@ep290):
      occ2ecc  BSW:    - (n=0)  non-BSW: 0.677(n=121)
      brfrac   BSW:    - (n=0)  non-BSW: 0.195(n=121)
      kmean    BSW:    - (n=0)  non-BSW: 3.313(n=121)
    H->S lag correlation corr(b1_H12(t), b1_S6(t+tau)) [tau in snapshots]:
      all    :  0.92  0.95  0.96  0.96  0.92  0.87  0.81   (tau=-3..3)
      rising :  0.98  0.97  0.93  0.88   (tau=0..3, b1_H increasing)
      falling:  0.90  0.89  0.85  0.79   (tau=0..3, b1_H decreasing)
    --- asymmetric prediction pre-test (directed minus symmetric, point-biserial r with BSW) ---
      occ_scc3: r_dir= 0.33  r_sym=   -   diff=   - 
      fe_cyc  : r_dir= 0.31  r_sym=   -   diff=   - 
      b1_H12  : r_dir= 0.33  r_sym=   -   diff=   - 
====================================================================================================
SEED 21  rule=T1 g=0.075 N=2000 epochs=1500 (paired directed / symmetric, identical seed)
====================================================================================================
[directed ] status=ok snaps=150 BSW_occ=84 windows=4 dead=1754 audit=OK V_max=689/2000 first_sat=-
    ep    ph    V  b1_H12 b1_H6 b1_S12 b1_S6  occSCC3 feCYC rung12 refl ndstM evapE  E_S  kmean brfrac occ2ecc  gcf  npts wscale wcont slope   r2    fail
      10    SW    6      4     4     2     2   0.67  0.67  1.00    12  1.52     0     7  2.33  0.29  0.67   1.00    0    -     -     -     -   NO_SCALING_PTS
      20    SW   24     22    22    19    19   0.25  0.30  1.00     0  6.41     0    42  3.50  0.07  0.88   1.00    1    -   0.29    -     -   FEW_RADII
      30    SW   59     57    57    35    35   0.20  0.29  1.00     0 11.09     0    93  3.15  0.24  0.63   1.00    1    -   0.54    -     -   FEW_RADII
      40    SW  102    100   100    64    64   0.11  0.18  1.00     0 14.76     0   165  3.24  0.22  0.65   1.00    1    -   0.70    -     -   FEW_RADII
      50    SW  168    166   166   113   113   0.08  0.13  1.00     0 20.85     0   280  3.33  0.19  0.68   1.00    1    -   0.80    -     -   FEW_RADII
      60    SW  195    193   193   135   135   0.00  0.00    -      0 27.25     0   329  3.37  0.18  0.70   1.00    1    -   0.74    -     -   FEW_RADII
      70    SW  201    199   199   142   142   0.03  0.04  1.00     0 30.03     0   342  3.40  0.17  0.72   1.00    1    -   0.65    -     -   FEW_RADII
      80    SW  223    221   221   163   163   0.04  0.05  1.00     0 28.05     0   385  3.45  0.15  0.74   1.00    1    -   0.75    -     -   FEW_RADII
      90    SW  249    247   247   196   196   0.06  0.08  1.00     0 27.33     0   444  3.57  0.11  0.80   1.00    1    -   0.86    -     -   FEW_RADII
     100    SW  273    271   271   213   213   0.02  0.03  1.00     0 31.96     0   485  3.55  0.12  0.79   1.00    1    -   0.96    -     -   FEW_RADII
     110    SW  285    283   283   226   226   0.00  0.00  1.00     0 30.46     0   510  3.58  0.11  0.80   1.00    2  0.41  0.95    -     -   FEW_RADII
     120    SW  293    291   291   233   233   0.02  0.03  1.00     0 27.18     0   525  3.58  0.11  0.80   1.00    2  0.41  0.94    -     -   FEW_RADII
     130    SW  312    310   310   254   254   0.05  0.09  1.00     0 32.46     0   565  3.62  0.10  0.82   1.00    2  0.41  1.11    -     -   FEW_RADII
     140    SW  340    338   338   271   271   0.05  0.09  1.00     0 32.87     0   610  3.59  0.11  0.80   1.00    2  0.69  1.09    -     -   FEW_RADII
     150    SW  369    367   367   291   291   0.05  0.10  1.00     0 34.55     0   659  3.57  0.12  0.79   1.00    2  0.69  1.05    -     -   FEW_RADII
     160    SW  388    386   386   308   308   0.06  0.08  1.00     0 31.66     0   695  3.58  0.11  0.80   1.00    3  1.10  1.13    -     -   FEW_RADII
     170    SW  417    415   415   337   334   0.06  0.11  1.00     0 28.48     0   750  3.60  0.11  0.81   1.00    2  0.41  1.17    -     -   FEW_RADII
     180    SW  454    452   452   356   349   0.09  0.17  1.00     0 26.58     4   802  3.53  0.13  0.77   1.00    3  1.10  1.21    -     -   FEW_RADII
     190    SW  503    501   501   394   378   0.07  0.15  1.00     0 34.25     0   880  3.50  0.14  0.76   1.00    3  1.10  1.14    -     -   FEW_RADII
     200    SW  540    538   538   422   399   0.03  0.06  1.00     0 38.17     2   938  3.47  0.15  0.74   1.00    3  1.10  1.16    -     -   FEW_RADII
     210    SW  560    558   554   441   408   0.02  0.03  1.00     0 38.76     4   967  3.45  0.15  0.74   1.00    3  1.10  1.16    -     -   FEW_RADII
     220    SW  576    574   560   454   413   0.03  0.07  1.00     0 24.29     2   988  3.43  0.16  0.72   1.00    3  1.10  1.19    -     -   FEW_RADII
     230    SW  582    580   548   466   415   0.02  0.05  1.00     0 46.40     6   996  3.42  0.16  0.72   1.00    3  1.10  1.19    -     -   FEW_RADII
     240    SW  601    599   556   488   427   0.03  0.06  1.00     0 31.65     4  1027  3.42  0.17  0.72   1.00    3  1.10  1.18    -     -   FEW_RADII
     250    SW  608    606   550   503   438   0.02  0.03  1.00     0 39.31    10  1045  3.44  0.16  0.73   1.00    3  1.10  1.18    -     -   FEW_RADII
     260    SW  618    616   551   510   444   0.00  0.00  1.00     0 29.81    10  1061  3.43  0.15  0.74   1.00    3  1.10  1.20    -     -   FEW_RADII
     270    SW  610    607   544   501   438   0.00  0.00  1.00     0 34.20    33  1047  3.43  0.15  0.74   1.00    3  1.10  1.18    -     -   FEW_RADII
     280    SW  605    601   535   503   436   0.00  0.00    -      0 36.09    23  1040  3.44  0.15  0.75   1.00    3  1.10  1.18    -     -   FEW_RADII
     290    SW  599    594   530   500   426   0.00  0.00    -      0 44.09    21  1024  3.42  0.15  0.74   1.00    3  1.10  1.15    -     -   FEW_RADII
     300    SW  591    585   528   494   416   0.02  0.02  1.00     0 23.67    17  1006  3.40  0.15  0.74   1.00    3  1.10  1.15    -     -   FEW_RADII
     310    SW  583    578   515   493   412   0.03  0.05  1.00     0 32.99    29   994  3.41  0.15  0.75   1.00    2  0.69  1.09    -     -   FEW_RADII
     320    SW  597    592   526   504   409   0.04  0.07  1.00     0 29.13    16  1005  3.37  0.16  0.73   1.00    3  1.10  1.11    -     -   FEW_RADII
     330    SW  604    599   527   511   396   0.03  0.06  1.00     0 32.99    18   999  3.31  0.18  0.71   1.00    3  1.10  1.13    -     -   FEW_RADII
     340    SW  598    592   512   503   373   0.00  0.00  1.00     0 34.04    27   970  3.24  0.20  0.68   1.00    3  1.10  1.15    -     -   FEW_RADII
     350    SW  589    581   491   503   355   0.00  0.00    -      0 20.60    30   943  3.20  0.21  0.67   1.00    3  1.10  1.15    -     -   FEW_RADII
     360    SW  573    563   451   489   341   0.05  0.07  1.00     0 25.83    44   913  3.19  0.21  0.66   1.00    3  1.10  1.16    -     -   FEW_RADII
     370    SW  564    552   408   482   331   0.03  0.06  1.00     0 30.97    42   894  3.17  0.21  0.66   1.00    2  0.69  1.09    -     -   FEW_RADII
     380    SW  557    541   386   472   316   0.00  0.00  1.00     0 27.87    46   872  3.13  0.22  0.66   1.00    2  0.69  1.08    -     -   FEW_RADII
     390    SW  544    524   366   459   300   0.00  0.00  1.00     0 15.07    54   843  3.10  0.23  0.65   1.00    3  1.10  1.27    -     -   FEW_RADII
     400    SW  540    513   376   456   297   0.06  0.10  1.00     1 29.36    61   836  3.10  0.22  0.66   1.00    3  1.10  1.26    -     -   FEW_RADII
     410    SW  542    507   382   455   310   0.00  0.00  1.00     1 27.01    52   851  3.14  0.20  0.69   1.00    3  1.10  1.36    -     -   FEW_RADII
     420    SW  552    514   388   456   322   0.05  0.07  1.00     2 19.72    43   873  3.16  0.18  0.71   1.00    3  1.10  1.38    -     -   FEW_RADII
     430    SW  551    513   394   455   330   0.04  0.06  1.00     1 27.69    28   880  3.19  0.17  0.73   1.00    3  1.10  1.38    -     -   FEW_RADII
     440    SW  541    503   390   445   319   0.02  0.02  1.00     0 30.21    28   859  3.18  0.17  0.73   1.00    3  1.10  1.35    -     -   FEW_RADII
     450    SW  531    494   382   439   304   0.02  0.03  1.00     1 19.58    33   834  3.14  0.19  0.71   1.00    3  1.10  1.34    -     -   FEW_RADII
     460    SW  500    461   360   411   278   0.00  0.00    -      1 19.23    68   777  3.11  0.20  0.69   1.00    3  1.10  1.28    -     -   FEW_RADII
     470    SW  479    439   352   392   275   0.00  0.00  1.00     0 11.24    49   753  3.14  0.17  0.73   1.00    2  0.41  1.20    -     -   FEW_RADII
     480    SW  476    437   355   386   272   0.02  0.03  1.00     1 25.59    17   747  3.14  0.18  0.72   1.00    3  1.10  1.20    -     -   FEW_RADII
     490    SW  474    436   351   382   266   0.09  0.14  1.00     3 16.24    25   739  3.12  0.18  0.72   1.00    3  1.10  1.27    -     -   FEW_RADII
     500    SW  481    445   349   393   281   0.10  0.17  0.95     3 23.34    20   761  3.16  0.16  0.74   1.00    3  1.10  1.28    -     -   FEW_RADII
     510    SW  497    457   357   403   293   0.00  0.00  1.00     2 15.78    10   789  3.18  0.16  0.74   1.00    3  1.10  1.35    -     -   FEW_RADII
     520  METR  512    470   371   412   303   0.08  0.09  1.00     1 21.10    20   814  3.18  0.17  0.74   1.00    4  1.39  1.41  2.43  1.00  -
     530  METR  506    460   372   405   289   0.12  0.15  1.00     0 16.64    28   794  3.14  0.18  0.72   1.00    4  1.39  1.41  2.60  1.00  -
     540    SW  493    444   373   394   284   0.00  0.00  1.00     0 22.59    35   776  3.15  0.17  0.73   1.00    3  1.10  1.36    -     -   FEW_RADII
     550    SW  482    426   360   381   263   0.00  0.00  1.00     0 22.47    31   744  3.09  0.20  0.70   1.00    3  1.10  1.35    -     -   FEW_RADII
     560    SW  466    404   348   366   242   0.02  0.03  1.00     0 19.94    42   707  3.03  0.22  0.67   1.00    3  1.10  1.32    -     -   FEW_RADII
     570    SW  445    379   325   343   232   0.03  0.04  1.00     0 14.71    54   676  3.04  0.22  0.67   1.00    3  1.10  1.26    -     -   FEW_RADII
     580    SW  425    356   300   316   224   0.00  0.00  1.00     0 23.24    51   648  3.05  0.21  0.68   1.00    3  1.10  1.24    -     -   FEW_RADII
     590    SW  417    344   288   303   219   0.04  0.06  1.00     0  8.44    40   635  3.05  0.21  0.68   1.00    2  0.41  1.27    -     -   FEW_RADII
     600    SW  416    344   281   298   223   0.00  0.00  1.00     1 17.02    17   638  3.07  0.19  0.70   1.00    3  1.10  1.28    -     -   FEW_RADII
     610    SW  414    342   280   291   231   0.00  0.00  1.00     0 16.39    20   644  3.11  0.18  0.73   1.00    3  1.10  1.37    -     -   FEW_RADII
     620  METR  412    349   287   298   238   0.06  0.10  1.00     1 16.93    19   649  3.15  0.16  0.75   1.00    4  1.39  1.43  2.49  1.00  -
     630  METR  424    359   295   312   248   0.08  0.13  1.00     2 17.11    16   671  3.17  0.15  0.76   1.00    4  1.39  1.41  2.31  1.00  -
     640  METR  455    389   339   321   257   0.07  0.11  1.00     2  9.23    37   711  3.13  0.17  0.73   1.00    4  0.92  1.54  2.61  1.00  -
     650  METR  492    428   384   347   270   0.06  0.11  1.00     4 16.40    18   761  3.09  0.19  0.70   1.00    5  1.61  1.61  2.39  1.00  -
     660  METR  512    449   405   363   287   0.04  0.07  1.00     1 14.63    25   798  3.12  0.19  0.70   1.00    4  1.39  1.56  2.22  1.00  -
     670  METR  529    468   420   379   304   0.03  0.05  1.00     2  9.56    34   832  3.15  0.19  0.71   1.00    5  1.61  1.61  2.48  1.00  -
     680  METR  546    484   418   390   319   0.10  0.12  1.00     0 10.30    13   864  3.16  0.18  0.71   1.00    4  0.92  1.47  2.54  1.00  -
     690    SW  547    486   413   398   326   0.00  0.00    -      1 11.87    23   872  3.19  0.17  0.73   1.00    3  0.69  1.43    -     -   FEW_RADII
     700    SW  547    487   407   399   326   0.03  0.05  1.00     0  8.80     7   872  3.19  0.17  0.74   1.00    3  0.69  1.34    -     -   FEW_RADII
     710    SW  546    486   407   401   326   0.18  0.26  1.00     2 15.36    18   871  3.19  0.16  0.74   1.00    3  0.69  1.41    -     -   FEW_RADII
     720    SW  544    488   412   402   328   0.05  0.07  0.92     3 11.75    28   871  3.20  0.15  0.76   1.00    3  0.69  1.48    -     -   FEW_RADII
     730  METR  544    491   429   408   339   0.07  0.14  1.00     0  7.19    33   881  3.24  0.13  0.79   0.99    4  0.92  1.44  2.68  1.00  -
     740    SW  571    518   455   423   357   0.22  0.33  1.00     1 10.02    14   927  3.25  0.14  0.78   1.00    3  0.69  1.53    -     -   FEW_RADII
     750    SW  574    521   462   429   368   0.00  0.00  1.00     0  8.38     4   941  3.28  0.13  0.79   1.00    3  0.69  1.49    -     -   FEW_RADII
     760    SW  582    526   471   440   375   0.03  0.05  1.00     0 10.70     5   956  3.29  0.13  0.79   1.00    3  0.69  1.56    -     -   FEW_RADII
     770  METR  600    544   497   456   390   0.00  0.00  1.00     3  9.28    14   989  3.30  0.13  0.79   1.00    5  1.61  1.62  2.53  1.00  -
     780  METR  602    543   502   460   379   0.10  0.13  1.00     0  6.93    19   980  3.26  0.15  0.76   1.00    4  0.92  1.63  2.65  1.00  -
     790  METR  618    553   515   465   378   0.14  0.23  1.00     1 13.21    22   995  3.22  0.16  0.74   1.00    5  1.61  1.65  2.52  1.00  -
     800  METR  624    557   519   465   370   0.10  0.14  1.00     0  6.47    34   993  3.18  0.18  0.72   1.00    4  0.92  1.66  2.78  1.00  -
     810  METR  675    601   564   490   389   0.09  0.15  1.00     1 10.97    49  1063  3.15  0.20  0.69   1.00    5  1.61  1.71  2.47  1.00  -
     820  METR  689    620   568   498   394   0.00  0.00  1.00     0  9.23    33  1082  3.14  0.21  0.68   1.00    4  0.92  1.66  2.68  1.00  -
     830  METR  678    604   546   482   394   0.23  0.28  1.00     0  8.84    55  1071  3.16  0.20  0.68   1.00    5  1.10  1.59  2.64  1.00  -
     840  METR  660    589   524   473   387   0.07  0.12  1.00     0  7.95    43  1046  3.17  0.19  0.70   1.00    5  1.10  1.54  2.75  1.00  -
     850  METR  657    587   517   474   390   0.15  0.22  1.00     0 10.00    33  1046  3.18  0.18  0.72   1.00    5  1.10  1.65  2.64  1.00  -
     860  METR  656    583   514   481   399   0.11  0.18  1.00     2 10.11    43  1054  3.21  0.16  0.74   1.00    5  1.10  1.66  2.53  1.00  -
     870  METR  638    569   508   475   395   0.10  0.19  1.00     1  7.27    48  1032  3.24  0.15  0.76   1.00    5  1.10  1.69  2.49  1.00  -
     880  METR  643    575   513   479   389   0.11  0.17  1.00     1  8.75    27  1031  3.21  0.16  0.75   1.00    5  1.10  1.80  2.31  1.00  -
     890  METR  638    570   514   474   381   0.00  0.00  1.00     0  9.87    32  1018  3.19  0.16  0.74   1.00    5  1.10  1.79  2.29  1.00  -
     900  METR  657    589   527   480   390   0.22  0.36  1.00     1  7.13    22  1046  3.18  0.17  0.73   1.00    5  1.10  1.76  2.33  1.00  -
     910  METR  676    612   545   496   400   0.13  0.21  1.00     0  7.23    20  1075  3.18  0.17  0.74   1.00    5  1.10  1.78  2.34  1.00  -
     920  METR  674    609   536   492   403   0.00  0.00  1.00     2 10.81    23  1076  3.19  0.16  0.75   1.00    5  1.10  1.76  2.38  1.00  -
     930  METR  663    597   527   484   392   0.00  0.00  1.00     0  5.97    27  1054  3.18  0.16  0.75   1.00    5  1.10  1.71  2.41  1.00  -
     940  METR  659    594   526   480   379   0.13  0.17  1.00     2 10.78    27  1037  3.15  0.17  0.73   1.00    5  1.10  1.80  2.26  1.00  -
     950  METR  650    588   519   479   355   0.10  0.11  1.00     0  5.96    51  1003  3.09  0.19  0.71   1.00    5  1.10  1.79  2.19  1.00  -
     960  METR  633    569   494   462   335   0.18  0.20  1.00     0  8.87    56   967  3.06  0.20  0.69   1.00    5  1.10  1.77  2.20  1.00  -
     970  METR  592    524   452   439   314   0.00  0.00  1.00     1  4.93    96   904  3.05  0.19  0.71   0.98    5  1.10  1.76  2.24  1.00  -
     980  METR  555    489   421   409   295   0.05  0.08  1.00     1  6.27    72   849  3.06  0.19  0.71   1.00    6  1.25  1.68  2.31  1.00  -
     990  METR  522    454   385   388   288   0.14  0.14  1.00     3 10.74    72   808  3.10  0.17  0.75   0.99    6  1.25  1.69  2.22  1.00  -
    1000  METR  508    441   367   377   273   0.06  0.08  1.00     0  6.50    31   780  3.07  0.18  0.72   1.00    6  1.25  1.71  2.17  1.00  -
    1010  METR  475    406   336   357   254   0.09  0.14  1.00     1  9.27    72   728  3.07  0.17  0.74   1.00    6  1.25  1.88  1.87  1.00  -
    1020  METR  453    383   326   339   233   0.11  0.17  1.00     0  7.47    57   685  3.02  0.20  0.70   1.00    5  1.10  1.76  2.11  1.00  -
    1030  METR  442    369   317   321   231   0.04  0.04  1.00     0 10.12    59   671  3.04  0.19  0.71   0.99    5  1.10  1.77  1.98  0.99  -
    1040  METR  439    374   320   321   231   0.23  0.35  1.00     2  6.04    36   669  3.05  0.20  0.70   1.00    6  1.25  1.79  2.14  0.99  -
    1050  METR  427    361   310   307   221   0.41  0.50  1.00     0  4.82    53   647  3.03  0.20  0.70   1.00    6  1.25  1.86  2.05  1.00  -
    1060  METR  419    354   304   301   212   0.00  0.00    -      0  6.11    25   630  3.01  0.20  0.70   1.00    6  1.25  1.84  2.05  1.00  -
    1070  METR  413    347   289   295   203   0.00  0.00    -      1  9.14    23   615  2.98  0.22  0.68   1.00    6  1.25  1.92  1.78  1.00  -
    1080  METR  402    341   287   289   205   0.05  0.06  1.00     0  9.88    39   606  3.01  0.20  0.70   1.00    6  1.79  1.90  1.92  0.99  -
    1090  METR  385    324   266   273   194   0.18  0.25  1.00     0  6.51    38   578  3.00  0.21  0.69   1.00    6  1.79  1.92  1.97  0.99  -
    1100  METR  374    313   257   269   196   0.00  0.00    -      0  6.59    36   569  3.04  0.18  0.72   1.00    6  1.25  1.98  1.65  0.99  -
    1110  METR  360    304   252   261   186   0.00  0.00    -      0  4.79    23   545  3.03  0.19  0.71   1.00    8  1.50  1.91  1.69  0.99  -
    1120  METR  337    283   235   246   171   0.00  0.00  1.00     0  4.65    44   507  3.01  0.18  0.73   1.00    8  1.50  1.89  1.70  0.99  -
    1130  METR  330    273   229   244   172   0.13  0.15  1.00     0  3.81    25   501  3.04  0.17  0.74   1.00    8  1.50  1.81  1.86  0.99  -
    1140  METR  326    267   218   240   167   0.00  0.00    -      0  4.97    18   492  3.02  0.17  0.74   1.00    8  1.50  1.90  1.81  1.00  -
    1150  METR  299    241   197   215   154   0.00  0.00  1.00     0  7.39    53   451  3.02  0.17  0.74   0.99    9  1.61  1.98  1.65  0.99  -
    1160  METR  285    230   190   206   147   0.00  0.00    -      0  6.12    25   431  3.02  0.16  0.76   1.00    7  1.39  1.82  1.82  0.99  -
    1170  METR  280    224   188   205   144   0.22  0.22  1.00     0  6.65    15   423  3.02  0.16  0.76   1.00    9  1.61  1.97  1.63  0.99  -
    1180  METR  265    216   180   197   135   0.00  0.00    -      0  6.11    23   399  3.01  0.16  0.77   1.00    9  1.61  1.95  1.59  0.99  -
    1190  METR  260    210   173   192   127   0.00  0.00    -      0  4.97    11   386  2.97  0.16  0.77   1.00    8  1.50  1.96  1.61  0.99  -
    1200  METR  255    204   160   187   123   0.00  0.00    -      6  4.27    13   377  2.96  0.17  0.76   1.00    8  1.50  2.01  1.55  0.99  -
    1210  METR  245    190   150   175   115   0.20  0.21  1.00     0  5.21    26   359  2.93  0.18  0.75   1.00    7  1.39  1.92  1.63  0.99  -
    1220  METR  236    181   140   169   113   0.00  0.00  1.00     0  7.37    22   348  2.95  0.16  0.76   1.00    7  1.39  2.08  1.39  1.00  -
    1230  METR  228    172   129   162   105   0.00  0.00    -      4  3.61    17   332  2.91  0.16  0.77   1.00    8  1.50  2.09  1.36  1.00  -
    1240  METR  236    179   136   159   101   0.10  0.12  1.00     0  4.29     9   336  2.85  0.21  0.71   1.00    9  1.61  2.23  1.31  1.00  -
    1250  METR  228    171   136   150   104   0.00  0.00    -      0  5.30    40   331  2.90  0.20  0.72   1.00   12  2.48  2.52  1.18  1.00  -
    1260  METR  218    164   133   144    99   0.00  0.00  1.00     0  5.56    23   316  2.90  0.22  0.70   1.00   10  1.70  2.30  1.22  1.00  -
    1270  METR  199    149   127   132    93   0.16  0.19  1.00     0  4.52    42   290  2.91  0.21  0.70   0.96   10  1.70  2.02  1.35  0.99  -
    1280  METR  187    150   126   129    93   0.44  0.57  1.00     0  5.76    41   278  2.97  0.20  0.71   0.98    9  1.61  2.08  1.23  0.98  -
    1290  METR  173    139   120   119    95   0.00  0.00  1.00     0  6.15    29   267  3.09  0.16  0.76   1.00    9  1.61  2.01  1.26  0.97  -
    1300  METR  172    137   120   119    90   0.14  0.18  1.00     0  6.15     3   261  3.03  0.19  0.73   1.00   10  1.70  2.08  1.20  0.98  -
    1310  METR  169    136   122   117    93   0.12  0.15  1.00     0  5.87    14   261  3.09  0.16  0.76   1.00   10  1.70  2.30  1.09  0.99  -
    1320  METR  179    146   132   124   100   0.00  0.00  1.00     1  6.38     0   278  3.11  0.17  0.74   1.00   10  2.30  2.39  1.00  0.99  -
    1330  METR  182    150   137   127   107   0.11  0.18  1.00     1  8.31    13   287  3.15  0.13  0.79   0.94    9  2.20  2.28  0.83  1.00  -
    1340  METR  187    155   139   135   115   0.00  0.00    -      0  6.60     2   300  3.21  0.11  0.82   0.94    9  2.20  2.26  0.80  1.00  -
    1350  METR  183    152   138   130   111   0.20  0.32  1.00     1  5.00    12   292  3.19  0.13  0.79   0.96    6  1.79  1.91  1.25  0.97  -
    1360  METR  186    155   146   128   113   0.00  0.00    -      4  4.70     8   296  3.18  0.14  0.77   0.97    7  1.39  1.66  1.54  0.98  -
    1370  METR  181    156   146   130   118   0.17  0.18  1.00     0  6.01    11   298  3.29  0.13  0.80   1.00    7  1.39  1.70  1.51  0.97  -
    1380  METR  207    182   172   142   128   0.00  0.00    -      0  6.81     0   334  3.23  0.16  0.75   1.00    7  1.39  2.07  1.25  0.96  -
    1390  METR  210    186   175   146   124   0.00  0.00    -      0  7.65     3   333  3.17  0.18  0.72   1.00    8  1.50  2.00  1.25  0.94  -
    1400  METR  209    184   175   147   123   0.00  0.00  1.00     0  7.39     5   331  3.17  0.19  0.71   1.00    9  1.61  2.04  1.21  0.93  -
    1410  METR  215    189   182   151   125   0.14  0.23  1.00     2  6.39     3   339  3.15  0.19  0.70   1.00    7  1.39  1.97  1.39  0.97  -
    1420  METR  221    195   184   156   131   0.09  0.08  1.00     0  4.86     6   351  3.18  0.19  0.70   1.00    6  1.25  1.89  1.54  0.97  -
    1430  METR  228    202   189   164   136   0.10  0.12  1.00     4  4.82     2   363  3.18  0.18  0.71   1.00    5  1.10  1.71  1.82  0.99  -
    1440  METR  225    198   185   163   138   0.05  0.05  1.00     1  8.15    11   362  3.22  0.17  0.73   1.00    7  1.39  1.73  1.68  0.97  -
    1450  METR  223    195   183   163   139   0.00  0.00    -      0  9.94     9   361  3.24  0.16  0.74   1.00    7  1.39  1.76  1.63  0.96  -
    1460  METR  221    192   179   158   138   0.16  0.24  1.00     0 11.22    15   358  3.24  0.16  0.74   1.00    8  1.50  1.93  1.46  0.95  -
    1470  METR  222    193   181   162   140   0.00  0.00    -      1  6.79     8   361  3.25  0.16  0.75   1.00    9  1.61  2.07  1.30  0.95  -
    1480  METR  222    193   179   164   138   0.00  0.00    -      3  4.22     0   359  3.23  0.16  0.75   1.00    8  1.50  1.96  1.43  0.95  -
    1490  METR  218    189   175   161   132   0.00  0.00    -      3  7.43    10   349  3.20  0.17  0.74   1.00    8  1.50  1.91  1.43  0.95  -
    1500  METR  216    187   167   159   132   0.00  0.00    -      1  6.02     6   347  3.21  0.16  0.75   1.00    8  1.50  1.92  1.37  0.95  -
    window ep520-530 len=2 exit=SW
    window ep620-680 len=7 exit=SW
    window ep730-730 len=1 exit=SW
    window ep770-1500 len=74 exit=END
    exit reasons: {'SW': 3, 'END': 1}
    SW breakdown: {'NO_SCALING_PTS': 1, 'FEW_RADII': 65}
    edge lifetimes (theta=1e-12): n_dead=3535 median=245 mean=309.7 p90=544 max=1355 censored_alive=402
    coupling with BSW indicator (point-biserial):
      occ_scc3: r =  0.16
      fe_cyc  : r =  0.15
      occ_scc : r =  0.21
      fe_dyad : r =  0.08
      rung12  : r =  0.13
      b1_H12  : r = -0.26
      b1_H6   : r = -0.26
      b1_S12  : r = -0.27
      b1_S6   : r = -0.31
      evapE   : r =  0.20
      kmean   : r = -0.48
      brfrac  : r =  0.12
      occ2ecc : r =  0.05
    coupling with npts(t) (Pearson):
      occ_scc3: r =  0.01
      fe_cyc  : r = -0.01
      b1_H12  : r = -0.45
      b1_S6   : r = -0.48
      rung12  : r =  0.07
      evapE   : r =  0.08
      kmean   : r = -0.49
      brfrac  : r =  0.10
      occ2ecc : r =  0.10
    coupling with wcont(t) (Pearson):
      occ_scc3: r =  0.10
      fe_cyc  : r =  0.07
      b1_H12  : r = -0.30
      b1_S6   : r = -0.35
      rung12  : r =  0.03
      evapE   : r =  0.19
      kmean   : r = -0.67
      brfrac  : r =  0.20
      occ2ecc : r =  0.04
    DISCRIMINATION (contraction, V_peak@ep820):
      occ2ecc  BSW: 0.736(n=68)  non-BSW:    - (n=0)
      brfrac   BSW: 0.173(n=68)  non-BSW:    - (n=0)
      kmean    BSW: 3.086(n=68)  non-BSW:    - (n=0)
    H->S lag correlation corr(b1_H12(t), b1_S6(t+tau)) [tau in snapshots]:
      all    :  0.98  0.99  0.99  0.98  0.96  0.94  0.90   (tau=-3..3)
      rising :  0.99  0.98  0.97  0.94   (tau=0..3, b1_H increasing)
      falling:  0.99  0.98  0.97  0.96   (tau=0..3, b1_H decreasing)
[symmetric] status=ok snaps=150 BSW_occ=1 windows=1 dead=1916 audit=OK V_max=371/2000 first_sat=-
    ep    ph    V  b1_H12 b1_H6 b1_S12 b1_S6  occSCC3 feCYC rung12 refl ndstM evapE  E_S  kmean brfrac occ2ecc  gcf  npts wscale wcont slope   r2    fail
      10    SW    4      2     2     1     1   0.75  0.75  1.00     0  2.36     0     4  2.00  0.25  0.75   1.00    0    -     -     -     -   NO_SCALING_PTS
      20    SW   10      8     8     4     4   0.40  0.45  1.00     0  8.25     0    13  2.60  0.31  0.60   1.00    0    -     -     -     -   NO_SCALING_PTS
      30    SW   21     19    19    14    14   0.30  0.41  1.00     0 12.47     0    34  3.24  0.15  0.76   1.00    0    -   0.24    -     -   NO_SCALING_PTS
      40    SW   26     24    24    15    15   0.33  0.58  1.00     0 13.31     0    40  3.08  0.23  0.65   1.00    1    -   0.30    -     -   FEW_RADII
      50    SW   49     47    47    33    33   0.46  0.69  1.00     0 20.43     0    81  3.31  0.17  0.71   1.00    1    -   0.77    -     -   FEW_RADII
      60    SW   69     67    67    47    47   0.16  0.31  1.00     0 23.02     0   115  3.33  0.17  0.71   1.00    1    -   0.72    -     -   FEW_RADII
      70    SW   92     90    90    69    69   0.19  0.37  1.00     0 23.93     0   160  3.48  0.13  0.77   1.00    1    -   0.83    -     -   FEW_RADII
      80    SW  118    116   116    89    89   0.14  0.30  1.00     0 34.83     0   206  3.49  0.13  0.77   1.00    1    -   0.93    -     -   FEW_RADII
      90    SW  148    146   146   114   114   0.08  0.14  1.00     0 33.56     0   261  3.53  0.12  0.78   1.00    2  0.69  1.07    -     -   FEW_RADII
     100    SW  170    168   168   129   129   0.12  0.27  1.00     0 38.42     0   298  3.51  0.13  0.77   1.00    1    -   1.06    -     -   FEW_RADII
     110    SW  178    176   176   137   137   0.11  0.14  1.00     0 42.79     0   314  3.53  0.12  0.78   1.00    2  0.69  1.01    -     -   FEW_RADII
     120    SW  185    183   183   141   141   0.04  0.09  1.00     0 73.11     0   325  3.51  0.13  0.77   1.00    2  0.69  1.04    -     -   FEW_RADII
     130    SW  207    205   205   160   160   0.06  0.15  1.00     0 48.31     0   366  3.54  0.12  0.78   1.00    2  0.69  1.03    -     -   FEW_RADII
     140    SW  224    222   222   176   176   0.08  0.15  1.00     0 66.66     0   399  3.56  0.12  0.79   1.00    2  0.69  1.03    -     -   FEW_RADII
     150    SW  247    245   245   192   190   0.07  0.17  1.00     0 74.46     0   436  3.53  0.13  0.78   1.00    2  0.69  1.02    -     -   FEW_RADII
     160    SW  268    266   266   210   201   0.06  0.13  1.00     0 48.40     0   468  3.49  0.14  0.76   1.00    2  0.69  1.02    -     -   FEW_RADII
     170    SW  278    276   276   216   207   0.00  0.00  1.00     0 61.03     4   484  3.48  0.14  0.75   1.00    2  0.69  1.00    -     -   FEW_RADII
     180    SW  281    279   279   219   208   0.03  0.06  1.00     0 107.97     2   488  3.47  0.15  0.75   1.00    2  0.69  1.01    -     -   FEW_RADII
     190    SW  274    272   272   216   201   0.03  0.07  1.00     0 77.23    24   474  3.46  0.15  0.74   1.00    2  0.69  1.01    -     -   FEW_RADII
     200    SW  277    275   275   219   195   0.06  0.17  1.00     0 59.60    26   471  3.40  0.17  0.71   1.00    2  0.69  1.06    -     -   FEW_RADII
     210    SW  284    282   282   223   194   0.04  0.10  1.00     0 60.33    28   477  3.36  0.18  0.69   1.00    2  0.69  1.06    -     -   FEW_RADII
     220    SW  283    280   280   220   190   0.04  0.07  1.00     0 69.51    41   472  3.34  0.19  0.68   1.00    3  1.10  1.12    -     -   FEW_RADII
     230    SW  264    261   260   204   167   0.03  0.06  1.00     0 82.22    56   430  3.26  0.22  0.64   1.00    2  0.69  1.07    -     -   FEW_RADII
     240    SW  259    256   256   200   163   0.25  0.36  1.00     0 64.03    38   421  3.25  0.22  0.64   1.00    2  0.69  1.04    -     -   FEW_RADII
     250    SW  249    247   245   194   158   0.06  0.09  1.00     0 50.16    39   406  3.26  0.22  0.64   1.00    2  0.69  1.07    -     -   FEW_RADII
     260    SW  227    225   224   176   159   0.06  0.15  1.00     0 96.98    56   385  3.39  0.17  0.71   1.00    2  0.69  1.03    -     -   FEW_RADII
     270    SW  238    236   231   191   164   0.06  0.11  1.00     0 54.34    16   401  3.37  0.17  0.71   1.00    3  1.10  1.16    -     -   FEW_RADII
     280    SW  231    229   229   175   152   0.06  0.15  1.00     0 75.35    38   382  3.31  0.20  0.67   1.00    2  0.41  1.22    -     -   FEW_RADII
     290    SW  230    228   228   178   142   0.00  0.00  1.00     0 82.05    16   371  3.23  0.23  0.63   1.00    2  0.41  1.19    -     -   FEW_RADII
     300    SW  215    213   210   165   131   0.05  0.13  1.00     0 77.71    46   345  3.21  0.24  0.62   1.00    2  0.41  1.15    -     -   FEW_RADII
     310    SW  213    210   210   158   131   0.08  0.19  1.00     0 61.23    51   343  3.22  0.23  0.62   1.00    2  0.69  1.03    -     -   FEW_RADII
     320    SW  218    216   216   163   139   0.06  0.17  1.00     0 62.71    13   356  3.27  0.22  0.65   1.00    2  0.69  1.08    -     -   FEW_RADII
     330    SW  224    222   220   169   161   0.13  0.32  1.00     0 58.47    50   384  3.43  0.16  0.73   1.00    2  0.69  1.03    -     -   FEW_RADII
     340    SW  256    254   254   194   183   0.09  0.24  1.00     0 63.86    16   438  3.42  0.16  0.72   1.00    2  0.69  1.08    -     -   FEW_RADII
     350    SW  279    277   277   206   180   0.00  0.00  1.00     0 59.12     2   458  3.28  0.21  0.65   1.00    3  1.10  1.14    -     -   FEW_RADII
     360    SW  275    273   273   206   171   0.00  0.00  1.00     0 118.40    16   445  3.24  0.23  0.63   1.00    3  1.10  1.20    -     -   FEW_RADII
     370    SW  277    275   273   207   167   0.04  0.11  1.00     0 67.48    26   443  3.20  0.24  0.61   1.00    3  1.10  1.27    -     -   FEW_RADII
     380    SW  277    274   268   211   184   0.10  0.25  1.00     0 59.43    49   460  3.32  0.20  0.68   1.00    3  1.10  1.18    -     -   FEW_RADII
     390    SW  311    309   309   229   216   0.13  0.29  1.00     0 56.40    51   526  3.38  0.18  0.70   1.00    2  0.69  1.08    -     -   FEW_RADII
     400    SW  320    318   318   237   220   0.05  0.13  1.00     0 78.13    18   539  3.37  0.18  0.69   1.00    2  0.69  1.07    -     -   FEW_RADII
     410    SW  324    322   321   240   230   0.07  0.20  1.00     0 74.53    40   553  3.41  0.17  0.72   1.00    2  0.69  1.04    -     -   FEW_RADII
     420    SW  334    332   332   250   237   0.06  0.16  1.00     0 66.14    34   570  3.41  0.16  0.72   1.00    3  1.10  1.14    -     -   FEW_RADII
     430    SW  338    336   336   253   245   0.06  0.14  1.00     0 74.99    22   582  3.44  0.15  0.73   1.00    3  1.10  1.18    -     -   FEW_RADII
     440    SW  342    340   340   258   250   0.05  0.12  1.00     0 77.22    24   591  3.46  0.15  0.74   1.00    3  1.10  1.19    -     -   FEW_RADII
     450    SW  358    356   356   267   258   0.08  0.22  1.00     0 68.84    14   615  3.44  0.16  0.73   1.00    3  1.10  1.16    -     -   FEW_RADII
     460    SW  371    369   369   280   262   0.03  0.04  1.00     0 112.47    12   632  3.41  0.17  0.71   1.00    3  1.10  1.13    -     -   FEW_RADII
     470    SW  369    366   366   281   254   0.00  0.00  1.00     0 107.62    33   622  3.37  0.18  0.70   1.00    3  1.10  1.13    -     -   FEW_RADII
     480    SW  350    347   347   269   234   0.02  0.03  1.00     0 155.38    44   583  3.33  0.20  0.67   1.00    3  1.10  1.11    -     -   FEW_RADII
     490    SW  338    336   336   269   230   0.04  0.08  1.00     0 76.68    43   567  3.36  0.19  0.69   1.00    2  0.69  1.07    -     -   FEW_RADII
     500    SW  335    333   333   262   230   0.03  0.06  1.00     0 68.39    56   564  3.37  0.18  0.70   1.00    2  0.69  1.05    -     -   FEW_RADII
     510    SW  308    305   305   235   225   0.03  0.09  1.00     0 94.47    69   532  3.45  0.15  0.74   1.00    2  0.69  1.06    -     -   FEW_RADII
     520    SW  305    303   303   235   208   0.03  0.06  1.00     0 76.89    15   512  3.36  0.19  0.69   1.00    2  0.69  1.06    -     -   FEW_RADII
     530    SW  302    300   300   235   187   0.00  0.00  1.00     0 61.21    20   488  3.23  0.23  0.63   1.00    2  0.69  1.10    -     -   FEW_RADII
     540    SW  291    289   289   228   170   0.06  0.17  1.00     0 97.23    40   460  3.16  0.26  0.59   1.00    3  1.10  1.11    -     -   FEW_RADII
     550    SW  283    281   279   225   174   0.07  0.19  1.00     0 55.26    74   456  3.22  0.23  0.62   1.00    2  0.69  1.08    -     -   FEW_RADII
     560    SW  262    260   260   204   177   0.09  0.19  1.00     0 56.68    92   438  3.34  0.19  0.68   1.00    2  0.69  0.96    -     -   FEW_RADII
     570    SW  280    278   278   216   178   0.08  0.19  1.00     0 70.53    28   457  3.26  0.22  0.64   1.00    3  1.10  1.14    -     -   FEW_RADII
     580    SW  286    284   284   219   187   0.07  0.14  1.00     0 77.16    40   472  3.30  0.21  0.66   1.00    3  1.10  1.10    -     -   FEW_RADII
     590    SW  298    296   293   233   197   0.07  0.19  1.00     0 60.16    38   494  3.32  0.20  0.67   1.00    3  1.10  1.34    -     -   FEW_RADII
     600  METR  298    296   289   234   189   0.07  0.18  1.00     0 81.35    32   486  3.26  0.22  0.64   1.00    4  1.39  1.39  2.06  0.98  -
     610    SW  297    295   295   231   200   0.07  0.18  1.00     0 71.98    60   496  3.34  0.19  0.68   1.00    3  1.10  1.22    -     -   FEW_RADII
     620    SW  294    292   292   219   209   0.04  0.12  1.00     0 73.20    54   502  3.41  0.16  0.72   1.00    2  0.69  1.09    -     -   FEW_RADII
     630    SW  282    280   280   208   197   0.02  0.04  1.00     0 88.53    34   478  3.39  0.17  0.71   1.00    2  0.69  1.08    -     -   FEW_RADII
     640    SW  284    282   282   212   194   0.02  0.04  1.00     0 110.23     8   477  3.36  0.18  0.69   1.00    1    -   1.08    -     -   FEW_RADII
     650    SW  295    293   293   223   201   0.03  0.08  1.00     0 76.68    14   495  3.36  0.18  0.69   1.00    2  0.69  1.05    -     -   FEW_RADII
     660    SW  284    281   281   214   197   0.02  0.04  1.00     0 134.98    29   480  3.38  0.17  0.71   1.00    1    -   1.00    -     -   FEW_RADII
     670    SW  272    270   270   204   196   0.00  0.00  1.00     0 105.85    35   467  3.43  0.16  0.73   1.00    1    -   0.98    -     -   FEW_RADII
     680    SW  274    272   272   207   196   0.03  0.06  1.00     0 115.51     8   469  3.42  0.16  0.73   1.00    1    -   1.03    -     -   FEW_RADII
     690    SW  270    267   267   202   188   0.03  0.06  1.00     0 106.48    17   457  3.39  0.18  0.70   1.00    1    -   1.01    -     -   FEW_RADII
     700    SW  272    270   270   208   165   0.03  0.08  1.00     0 71.16     7   436  3.21  0.24  0.62   1.00    2  0.41  1.10    -     -   FEW_RADII
     710    SW  270    268   268   208   150   0.21  0.28  1.00     0 40.44    20   419  3.10  0.28  0.57   1.00    3  1.10  1.13    -     -   FEW_RADII
     720    SW  254    252   252   189   141   0.05  0.12  1.00     0 50.72    56   394  3.10  0.28  0.56   1.00    2  0.69  1.08    -     -   FEW_RADII
     730    SW  219    216   215   167   131   0.04  0.08  1.00     0 38.16    85   349  3.19  0.24  0.61   1.00    2  0.69  1.00    -     -   FEW_RADII
     740    SW  212    209   209   155   119   0.08  0.17  1.00     0 58.51    64   330  3.11  0.27  0.58   1.00    2  0.69  0.89    -     -   FEW_RADII
     750    SW  214    211   211   160   116   0.09  0.24  1.00     0 67.27    28   329  3.07  0.29  0.55   1.00    2  0.69  0.97    -     -   FEW_RADII
     760    SW  215    213   210   161   117   0.03  0.04  1.00     0 83.58    29   331  3.08  0.29  0.55   1.00    2  0.69  1.00    -     -   FEW_RADII
     770    SW  182    180   171   146   111   0.03  0.07  1.00     0 79.53    74   292  3.21  0.23  0.63   1.00    3  1.10  1.18    -     -   FEW_RADII
     780    SW  147    143   143   112   103   0.03  0.06  1.00     0 95.98    78   249  3.39  0.16  0.72   1.00    1    -   0.94    -     -   FEW_RADII
     790    SW  158    156   156   119   108   0.07  0.17  1.00     0 38.77    14   265  3.35  0.18  0.70   1.00    2  0.69  1.09    -     -   FEW_RADII
     800    SW  169    167   167   129   117   0.14  0.20  1.00     0 28.06    18   285  3.37  0.17  0.72   1.00    2  0.69  1.08    -     -   FEW_RADII
     810    SW  170    167   167   128   115   0.07  0.12  1.00     0 46.50    17   284  3.34  0.18  0.69   1.00    2  0.69  1.00    -     -   FEW_RADII
     820    SW  163    160   160   121   116   0.00  0.00  1.00     0 42.42    22   278  3.41  0.16  0.72   1.00    2  0.69  0.95    -     -   FEW_RADII
     830    SW  168    166   166   125   121   0.00  0.00  1.00     0 53.59     3   288  3.43  0.16  0.73   1.00    2  0.69  0.97    -     -   FEW_RADII
     840    SW  169    167   167   126   122   0.33  0.35  1.00     0 39.25    10   290  3.43  0.16  0.73   1.00    2  0.69  0.98    -     -   FEW_RADII
     850    SW  177    175   175   131   119   0.06  0.16  1.00     0 42.54     6   295  3.33  0.19  0.68   1.00    2  0.69  1.00    -     -   FEW_RADII
     860    SW  180    178   178   135   119   0.18  0.29  1.00     0 48.38    14   298  3.31  0.20  0.67   1.00    2  0.69  1.05    -     -   FEW_RADII
     870    SW  182    180   179   137   120   0.00  0.00  1.00     0 56.92     8   301  3.31  0.20  0.68   1.00    3  1.10  1.16    -     -   FEW_RADII
     880    SW  175    173   172   130   115   0.08  0.22  1.00     0 54.31    36   289  3.30  0.20  0.67   1.00    3  1.10  1.22    -     -   FEW_RADII
     890    SW  183    179   179   133   114   0.06  0.14  1.00     0 47.96    26   296  3.23  0.22  0.64   1.00    3  1.10  1.11    -     -   FEW_RADII
     900    SW  179    175   175   137   115   0.04  0.09  1.00     0 55.24    26   293  3.27  0.21  0.65   1.00    2  0.69  1.03    -     -   FEW_RADII
     910    SW  169    165   165   129   122   0.06  0.12  1.00     0 43.53    48   290  3.43  0.15  0.74   1.00    2  0.69  1.01    -     -   FEW_RADII
     920    SW  164    162   162   124   120   0.05  0.13  1.00     0 42.83    20   283  3.45  0.14  0.76   1.00    2  0.69  1.02    -     -   FEW_RADII
     930    SW  162    160   160   122   117   0.00  0.00  1.00     0 70.43    12   278  3.43  0.15  0.73   1.00    2  0.69  1.06    -     -   FEW_RADII
     940    SW  164    162   162   124   106   0.06  0.14  1.00     0 69.49     6   269  3.28  0.21  0.66   1.00    2  0.69  1.10    -     -   FEW_RADII
     950    SW  178    176   176   133   106   0.14  0.27  1.00     0 43.78    10   283  3.18  0.25  0.61   1.00    3  1.10  1.11    -     -   FEW_RADII
     960    SW  219    217   214   162   132   0.08  0.19  1.00     0 52.26    10   350  3.20  0.24  0.61   1.00    2  0.69  1.10    -     -   FEW_RADII
     970    SW  251    249   237   185   152   0.09  0.25  1.00     0 53.39     6   402  3.20  0.24  0.61   1.00    3  1.10  1.18    -     -   FEW_RADII
     980    SW  237    235   230   177   162   0.00  0.00    -      0 57.58    72   398  3.36  0.18  0.69   1.00    3  1.10  1.31    -     -   FEW_RADII
     990    SW  230    228   228   169   161   0.05  0.14  1.00     0 62.15    26   390  3.39  0.17  0.71   1.00    3  1.10  1.22    -     -   FEW_RADII
    1000    SW  243    241   241   179   170   0.06  0.13  1.00     0 63.53    14   412  3.39  0.17  0.71   1.00    2  0.41  1.17    -     -   FEW_RADII
    1010    SW  246    244   244   181   171   0.03  0.05  1.00     0 86.32    12   416  3.38  0.18  0.70   1.00    2  0.41  1.11    -     -   FEW_RADII
    1020    SW  246    244   244   184   166   0.06  0.15  1.00     0 48.14    22   411  3.34  0.19  0.69   1.00    2  0.41  1.09    -     -   FEW_RADII
    1030    SW  243    241   241   178   165   0.44  0.53  1.00     0 20.18    24   407  3.35  0.19  0.69   1.00    1    -   1.09    -     -   FEW_RADII
    1040    SW  234    232   232   175   159   0.00  0.00  1.00     0 16.21    24   392  3.35  0.19  0.69   1.00    1    -   1.03    -     -   FEW_RADII
    1050    SW  226    224   224   170   152   0.00  0.00  1.00     0 92.46    24   377  3.34  0.19  0.69   1.00    1    -   1.00    -     -   FEW_RADII
    1060    SW  227    225   225   171   152   0.03  0.06  1.00     0 108.23    14   378  3.33  0.19  0.68   1.00    2  0.41  1.04    -     -   FEW_RADII
    1070    SW  233    231   225   174   160   0.10  0.26  1.00     0 57.64    20   392  3.36  0.18  0.70   1.00    2  0.69  1.07    -     -   FEW_RADII
    1080    SW  235    232   232   170   167   0.02  0.03  1.00     0 55.38    33   401  3.41  0.16  0.72   1.00    2  0.69  0.99    -     -   FEW_RADII
    1090    SW  236    234   234   172   154   0.05  0.13  1.00     0 78.00     9   389  3.30  0.21  0.66   1.00    2  0.69  1.01    -     -   FEW_RADII
    1100    SW  237    235   235   175   146   0.04  0.08  1.00     0 58.92    14   382  3.22  0.23  0.62   1.00    2  0.69  1.00    -     -   FEW_RADII
    1110    SW  227    225   225   174   131   0.03  0.03  1.00     0 54.35    42   357  3.15  0.26  0.59   1.00    2  0.69  1.03    -     -   FEW_RADII
    1120    SW  204    202   200   161   117   0.04  0.05  1.00     0 59.76    62   320  3.14  0.27  0.58   1.00    2  0.69  1.05    -     -   FEW_RADII
    1130    SW  189    187   187   152   109   0.03  0.06  1.00     0 77.83    36   297  3.14  0.26  0.59   1.00    3  1.10  1.11    -     -   FEW_RADII
    1140    SW  170    167   166   131   102   0.25  0.24  1.00     0 65.55    71   271  3.19  0.24  0.62   1.00    3  1.10  1.13    -     -   FEW_RADII
    1150    SW  152    150   150   118   102   0.00  0.00  1.00     0 72.19    39   253  3.33  0.19  0.68   1.00    3  1.10  1.11    -     -   FEW_RADII
    1160    SW  149    147   147   116   104   0.10  0.25  1.00     0 53.45    36   252  3.38  0.17  0.71   1.00    2  0.69  1.01    -     -   FEW_RADII
    1170    SW  148    146   146   113   102   0.03  0.06  1.00     0 41.58    20   249  3.36  0.18  0.70   1.00    2  0.69  0.97    -     -   FEW_RADII
    1180    SW  154    152   152   119   107   0.05  0.12  1.00     0 49.26    14   260  3.38  0.17  0.71   1.00    2  0.69  1.03    -     -   FEW_RADII
    1190    SW  148    146   145   114   106   0.00  0.00  1.00     0 75.67    20   253  3.42  0.15  0.74   1.00    2  0.69  1.00    -     -   FEW_RADII
    1200    SW  159    157   157   115   110   0.13  0.30  1.00     0 49.40    18   268  3.37  0.18  0.70   1.00    3  1.10  1.15    -     -   FEW_RADII
    1210    SW  188    186   186   142   129   0.10  0.24  1.00     0 60.47    14   316  3.36  0.18  0.70   1.00    2  0.69  1.10    -     -   FEW_RADII
    1220    SW  190    188   188   143   132   0.14  0.19  1.00     0 56.35    22   321  3.38  0.17  0.71   1.00    3  1.10  1.11    -     -   FEW_RADII
    1230    SW  198    196   196   153   138   0.06  0.12  1.00     0 43.43    12   335  3.38  0.17  0.71   1.00    2  0.69  1.05    -     -   FEW_RADII
    1240    SW  191    189   189   143   137   0.06  0.14  1.00     0 46.26    34   327  3.42  0.16  0.73   1.00    2  0.69  1.02    -     -   FEW_RADII
    1250    SW  188    186   186   146   139   0.03  0.05  1.00     0 66.48    20   326  3.47  0.14  0.75   1.00    3  1.10  1.16    -     -   FEW_RADII
    1260    SW  188    186   186   144   133   0.03  0.05  1.00     0 79.58    16   320  3.40  0.16  0.72   1.00    3  1.10  1.14    -     -   FEW_RADII
    1270    SW  183    181   181   140   133   0.04  0.08  1.00     0 82.15    22   315  3.44  0.15  0.75   1.00    2  0.41  1.00    -     -   FEW_RADII
    1280    SW  190    186   186   140   126   0.03  0.05  1.00     0 51.84    10   315  3.32  0.19  0.68   1.00    1    -   0.99    -     -   FEW_RADII
    1290    SW  188    186   186   140   122   0.00  0.00  1.00     0 69.00     8   309  3.29  0.20  0.66   1.00    1    -   0.96    -     -   FEW_RADII
    1300    SW  181    179   179   136   123   0.00  0.00  1.00     0 74.09    22   303  3.35  0.18  0.70   1.00    1    -   0.96    -     -   FEW_RADII
    1310    SW  183    181   181   136   123   0.10  0.27  1.00     0 54.14    22   305  3.33  0.19  0.68   1.00    1    -   1.07    -     -   FEW_RADII
    1320    SW  199    197   197   148   127   0.34  0.40  1.00     0 39.76     8   325  3.27  0.21  0.65   1.00    2  0.69  1.05    -     -   FEW_RADII
    1330    SW  197    195   195   141   134   0.07  0.16  1.00     0 63.70    50   330  3.35  0.18  0.70   1.00    2  0.69  0.90    -     -   FEW_RADII
    1340    SW  210    207   207   151   140   0.08  0.21  1.00     0 62.95    13   349  3.32  0.19  0.68   1.00    2  0.69  0.88    -     -   FEW_RADII
    1350    SW  222    220   220   162   140   0.05  0.13  1.00     0 51.06    11   361  3.25  0.22  0.64   1.00    2  0.69  1.02    -     -   FEW_RADII
    1360    SW  226    224   224   168   134   0.04  0.08  1.00     0 41.27    18   359  3.18  0.25  0.60   1.00    3  1.10  1.11    -     -   FEW_RADII
    1370    SW  219    217   217   157   121   0.03  0.04  1.00     0 66.05    38   339  3.10  0.28  0.57   1.00    2  0.41  1.35    -     -   FEW_RADII
    1380    SW  211    209   208   151   120   0.05  0.09  1.00     0 70.82    26   330  3.13  0.27  0.58   1.00    2  0.41  1.20    -     -   FEW_RADII
    1390    SW  206    204   189   149   113   0.00  0.00  1.00     0 55.32    18   318  3.09  0.29  0.56   1.00    2  0.41  1.09    -     -   FEW_RADII
    1400    SW  189    186   174   135   113   0.05  0.11  1.00     0 58.03    49   301  3.19  0.25  0.61   1.00    2  0.41  0.97    -     -   FEW_RADII
    1410    SW  170    168   168   120   114   0.04  0.10  1.00     0 47.18    51   283  3.33  0.19  0.68   1.00    1    -   1.00    -     -   FEW_RADII
    1420    SW  176    174   174   124   115   0.11  0.26  1.00     0 32.69    10   290  3.30  0.20  0.67   1.00    2  0.69  1.04    -     -   FEW_RADII
    1430    SW  187    185   185   131   123   0.19  0.21  1.00     0 41.22    18   309  3.30  0.19  0.68   1.00    2  0.69  0.99    -     -   FEW_RADII
    1440    SW  199    197   197   138   132   0.09  0.24  1.00     0 69.07    12   330  3.32  0.19  0.68   1.00    2  0.69  0.94    -     -   FEW_RADII
    1450    SW  248    246   246   171   163   0.13  0.28  1.00     0 52.07     8   410  3.31  0.20  0.67   1.00    2  0.69  1.03    -     -   FEW_RADII
    1460    SW  248    246   246   174   160   0.02  0.04  1.00     0 92.39    16   407  3.28  0.21  0.65   1.00    3  1.10  1.26    -     -   FEW_RADII
    1470    SW  252    250   250   180   154   0.00  0.00  1.00     0 76.34     6   405  3.21  0.24  0.62   1.00    3  1.10  1.33    -     -   FEW_RADII
    1480    SW  240    238   238   179   149   0.03  0.07  1.00     0 93.67    34   388  3.23  0.23  0.63   1.00    2  0.41  1.17    -     -   FEW_RADII
    1490    SW  226    224   223   168   138   0.03  0.07  1.00     0 91.64    42   363  3.21  0.23  0.62   1.00    2  0.41  1.05    -     -   FEW_RADII
    1500    SW  222    220   220   163   134   0.02  0.04  1.00     0 91.93    32   355  3.20  0.24  0.61   1.00    2  0.41  1.08    -     -   FEW_RADII
    window ep600-600 len=1 exit=SW
    exit reasons: {'SW': 1}
    SW breakdown: {'NO_SCALING_PTS': 3, 'FEW_RADII': 146}
    edge lifetimes (theta=1e-12): n_dead=3832 median=164 mean=163.1 p90=185 max=228 censored_alive=441
    coupling with BSW indicator (point-biserial):
      occ_scc3: r = -0.01
      fe_cyc  : r =  0.02
      occ_scc : r = -0.02
      fe_dyad : r = -0.01
      rung12  : r =    - 
      b1_H12  : r =  0.09
      b1_H6   : r =  0.08
      b1_S12  : r =  0.10
      b1_S6   : r =  0.07
      evapE   : r =  0.03
      kmean   : r = -0.03
      brfrac  : r =  0.05
      occ2ecc : r = -0.06
    coupling with npts(t) (Pearson):
      occ_scc3: r = -0.36
      fe_cyc  : r = -0.30
      b1_H12  : r =  0.48
      b1_S6   : r =  0.42
      rung12  : r =    - 
      evapE   : r =  0.22
      kmean   : r =  0.17
      brfrac  : r =  0.12
      occ2ecc : r = -0.23
    coupling with wcont(t) (Pearson):
      occ_scc3: r = -0.40
      fe_cyc  : r = -0.39
      b1_H12  : r =  0.55
      b1_S6   : r =  0.48
      rung12  : r =    - 
      evapE   : r =  0.19
      kmean   : r = -0.04
      brfrac  : r =  0.21
      occ2ecc : r = -0.24
    DISCRIMINATION (contraction, V_peak@ep460):
      occ2ecc  BSW: 0.641(n=1)  non-BSW: 0.683(n=103)
      brfrac   BSW: 0.220(n=1)  non-BSW: 0.190(n=103)
      kmean    BSW: 3.262(n=1)  non-BSW: 3.331(n=103)
    H->S lag correlation corr(b1_H12(t), b1_S6(t+tau)) [tau in snapshots]:
      all    :  0.91  0.95  0.97  0.97  0.93  0.88  0.81   (tau=-3..3)
      rising :  0.98  0.96  0.93  0.86   (tau=0..3, b1_H increasing)
      falling:  0.95  0.93  0.90  0.86   (tau=0..3, b1_H decreasing)
    --- asymmetric prediction pre-test (directed minus symmetric, point-biserial r with BSW) ---
      occ_scc3: r_dir= 0.16  r_sym=-0.01  diff= 0.16
      fe_cyc  : r_dir= 0.15  r_sym= 0.02  diff= 0.13
      b1_H12  : r_dir=-0.26  r_sym= 0.09  diff=-0.35
====================================================================================================
SEED 33  rule=T1 g=0.075 N=2000 epochs=1500 (paired directed / symmetric, identical seed)
====================================================================================================
[directed ] status=ok snaps=150 BSW_occ=104 windows=2 dead=1699 audit=OK V_max=885/2000 first_sat=-
    ep    ph    V  b1_H12 b1_H6 b1_S12 b1_S6  occSCC3 feCYC rung12 refl ndstM evapE  E_S  kmean brfrac occ2ecc  gcf  npts wscale wcont slope   r2    fail
      10    SW    6      4     4     2     2   0.67  0.67  1.00     5  1.74     0     7  2.33  0.29  0.67   1.00    0    -     -     -     -   NO_SCALING_PTS
      20    SW   22     20    20    14    14   0.00  0.00    -      0  4.26     0    35  3.18  0.17  0.73   1.00    1    -   0.28    -     -   FEW_RADII
      30    SW   31     29    29    22    22   0.17  0.22  1.00     0  8.89     0    52  3.35  0.13  0.77   1.00    1    -   0.31    -     -   FEW_RADII
      40    SW   39     37    37    29    29   0.00  0.00    -      0  7.75     0    67  3.44  0.12  0.79   1.00    1    -   0.42    -     -   FEW_RADII
      50    SW   46     44    44    37    37   0.23  0.34  1.00     0 10.93     0    82  3.57  0.09  0.85   1.00    1    -   0.41    -     -   FEW_RADII
      60    SW   64     62    62    52    52   0.12  0.16  1.00     0  9.58     0   115  3.59  0.09  0.84   1.00    1    -   0.53    -     -   FEW_RADII
      70    SW   75     73    73    64    64   0.05  0.05  1.00     0 12.94     0   138  3.68  0.07  0.88   1.00    1    -   0.51    -     -   FEW_RADII
      80    SW   92     90    90    75    75   0.15  0.22  1.00     0 10.78     0   166  3.61  0.09  0.84   1.00    1    -   0.56    -     -   FEW_RADII
      90    SW  114    112   112    89    89   0.07  0.09  1.00     0 13.79     0   202  3.54  0.11  0.80   1.00    1    -   0.60    -     -   FEW_RADII
     100    SW  123    121   121    98    98   0.04  0.06  1.00     0 13.65     0   220  3.58  0.10  0.81   1.00    1    -   0.67    -     -   FEW_RADII
     110    SW  139    137   137   108   108   0.05  0.07  1.00     0 15.25     0   246  3.54  0.12  0.79   1.00    1    -   0.82    -     -   FEW_RADII
     120    SW  147    145   145   119   119   0.11  0.18  1.00     0 14.72     0   265  3.61  0.10  0.82   1.00    1    -   0.77    -     -   FEW_RADII
     130    SW  162    160   160   131   131   0.00  0.00    -      0 18.52     0   292  3.60  0.10  0.82   1.00    2  0.41  0.81    -     -   FEW_RADII
     140    SW  169    167   167   140   140   0.07  0.10  1.00     0 17.22     0   308  3.64  0.09  0.84   1.00    2  0.41  0.82    -     -   FEW_RADII
     150    SW  174    172   172   144   144   0.00  0.00  1.00     0 12.23     0   317  3.64  0.09  0.84   1.00    1    -   0.76    -     -   FEW_RADII
     160    SW  178    176   176   148   148   0.05  0.09  1.00     0 16.56     0   325  3.65  0.09  0.84   1.00    2  0.41  0.77    -     -   FEW_RADII
     170    SW  186    184   184   158   158   0.03  0.04  1.00     0 18.89     0   343  3.69  0.08  0.86   1.00    2  0.41  0.88    -     -   FEW_RADII
     180    SW  204    202   202   173   172   0.06  0.10  1.00     0 20.27     0   375  3.68  0.08  0.85   1.00    2  0.41  1.03    -     -   FEW_RADII
     190    SW  234    232   232   191   190   0.07  0.14  1.00     0 18.20     0   423  3.62  0.10  0.82   1.00    2  0.41  1.12    -     -   FEW_RADII
     200    SW  255    253   253   207   205   0.04  0.08  1.00     0 19.18     0   459  3.60  0.10  0.81   1.00    2  0.41  1.11    -     -   FEW_RADII
     210    SW  263    261   261   215   211   0.00  0.00  1.00     0 22.34     0   473  3.60  0.11  0.81   1.00    2  0.41  1.03    -     -   FEW_RADII
     220    SW  266    264   264   219   208   0.00  0.00  1.00     0 21.00     0   473  3.56  0.12  0.79   1.00    2  0.41  0.95    -     -   FEW_RADII
     230    SW  280    278   275   239   226   0.03  0.06  1.00     0 17.40     2   505  3.61  0.10  0.81   1.00    2  0.41  1.05    -     -   FEW_RADII
     240    SW  293    291   286   254   239   0.06  0.09  1.00     0 17.46     0   531  3.62  0.10  0.82   1.00    2  0.41  1.04    -     -   FEW_RADII
     250    SW  298    296   284   259   239   0.00  0.00  1.00     0 21.50     0   536  3.60  0.10  0.81   1.00    2  0.41  1.16    -     -   FEW_RADII
     260    SW  310    307   290   268   242   0.03  0.05  1.00     0 26.25     3   551  3.55  0.11  0.80   1.00    3  1.10  1.15    -     -   FEW_RADII
     270    SW  310    307   288   278   245   0.07  0.12  1.00     0 14.69     8   554  3.57  0.11  0.81   1.00    2  0.41  1.06    -     -   FEW_RADII
     280    SW  323    317   298   285   258   0.06  0.12  1.00     0 19.19    13   580  3.59  0.10  0.82   1.00    2  0.41  1.12    -     -   FEW_RADII
     290    SW  326    321   303   289   261   0.00  0.00  1.00     0 22.15     7   586  3.60  0.10  0.83   1.00    2  0.41  1.19    -     -   FEW_RADII
     300    SW  326    321   300   287   258   0.00  0.00    -      0 32.51     6   583  3.58  0.10  0.82   1.00    2  0.41  1.11    -     -   FEW_RADII
     310    SW  330    325   301   293   259   0.05  0.07  1.00     0 15.41     6   588  3.56  0.10  0.82   1.00    2  0.41  1.01    -     -   FEW_RADII
     320    SW  334    328   302   299   267   0.07  0.11  1.00     0 20.05     9   600  3.59  0.09  0.84   1.00    2  0.41  1.13    -     -   FEW_RADII
     330    SW  356    350   326   313   271   0.15  0.23  1.00     0 18.54     8   626  3.52  0.11  0.81   1.00    3  1.10  1.29    -     -   FEW_RADII
     340    SW  397    391   366   332   286   0.05  0.10  1.00     0 17.26     6   682  3.44  0.14  0.76   1.00    3  1.10  1.24    -     -   FEW_RADII
     350    SW  421    417   389   355   314   0.07  0.13  1.00     0 21.89    12   734  3.49  0.12  0.79   1.00    3  1.10  1.25    -     -   FEW_RADII
     360    SW  461    457   424   374   331   0.05  0.07  1.00     0 23.11     6   791  3.43  0.14  0.76   1.00    3  1.10  1.24    -     -   FEW_RADII
     370    SW  485    481   431   398   346   0.04  0.08  1.00     0 21.10     8   830  3.42  0.14  0.76   1.00    3  1.10  1.32    -     -   FEW_RADII
     380    SW  504    500   443   411   354   0.02  0.04  1.00     0 23.91     4   857  3.40  0.14  0.75   1.00    3  1.10  1.26    -     -   FEW_RADII
     390    SW  524    520   459   427   361   0.03  0.04  1.00     0 21.79     6   884  3.37  0.15  0.75   1.00    3  1.10  1.28    -     -   FEW_RADII
     400    SW  519    514   458   433   358   0.00  0.00  1.00     0 19.54    15   876  3.38  0.14  0.76   1.00    2  0.41  1.19    -     -   FEW_RADII
     410    SW  523    519   461   440   360   0.05  0.10  1.00     0 18.06    11   882  3.37  0.14  0.77   1.00    2  0.41  1.23    -     -   FEW_RADII
     420    SW  535    530   463   460   376   0.02  0.05  1.00     0 22.93     7   910  3.40  0.13  0.79   1.00    2  0.41  1.34    -     -   FEW_RADII
     430    SW  559    550   480   480   397   0.04  0.07  1.00     0 20.33     8   955  3.42  0.12  0.79   1.00    3  1.10  1.31    -     -   FEW_RADII
     440    SW  580    569   494   491   411   0.06  0.11  1.00     0 20.93     6   990  3.41  0.12  0.79   1.00    3  1.10  1.34    -     -   FEW_RADII
     450    SW  603    589   514   504   428   0.04  0.07  1.00     0 19.65    15  1030  3.42  0.13  0.79   1.00    3  1.10  1.37    -     -   FEW_RADII
     460  METR  621    608   532   519   444   0.05  0.09  1.00     0 27.86    15  1064  3.43  0.12  0.79   1.00    4  1.39  1.39  2.47  1.00  -
     470  METR  642    627   554   532   460   0.06  0.11  1.00     0 15.11    28  1101  3.43  0.12  0.79   1.00    4  1.39  1.45  2.78  1.00  -
     480  METR  665    648   582   546   467   0.00  0.00  1.00     0 25.21    26  1131  3.40  0.13  0.77   1.00    4  1.39  1.46  2.60  1.00  -
     490  METR  671    653   595   559   470   0.00  0.00  1.00     0 24.44    25  1140  3.40  0.13  0.77   1.00    4  1.39  1.49  2.54  1.00  -
     500  METR  689    668   618   575   468   0.05  0.09  1.00     0 20.02    23  1156  3.36  0.15  0.75   1.00    4  1.39  1.48  2.39  1.00  -
     510  METR  710    689   631   593   473   0.04  0.06  1.00     1 26.63    20  1182  3.33  0.15  0.74   1.00    4  1.39  1.45  2.35  1.00  -
     520  METR  732    706   637   602   476   0.01  0.02  1.00     0 19.85    25  1207  3.30  0.16  0.73   1.00    4  1.39  1.45  2.31  1.00  -
     530  METR  736    707   620   599   481   0.04  0.06  1.00     0 19.60    33  1216  3.30  0.16  0.74   1.00    4  1.39  1.49  2.57  1.00  -
     540    SW  734    701   596   602   482   0.11  0.18  1.00     0  9.15    32  1215  3.31  0.15  0.74   1.00    3  0.69  1.39    -     -   FEW_RADII
     550  METR  734    698   583   604   482   0.03  0.05  1.00     0 27.49    29  1215  3.31  0.15  0.75   1.00    4  1.39  1.44  3.03  0.99  -
     560  METR  729    692   575   604   475   0.01  0.02  1.00     0 26.74    25  1203  3.30  0.14  0.77   1.00    4  1.39  1.45  3.00  1.00  -
     570  METR  715    676   570   588   472   0.04  0.07  1.00     0 17.00    48  1186  3.32  0.13  0.79   1.00    4  1.39  1.44  2.94  1.00  -
     580  METR  722    681   580   597   476   0.05  0.08  1.00     1 19.36    14  1197  3.32  0.13  0.79   1.00    4  1.39  1.47  2.75  1.00  -
     590  METR  721    676   586   584   459   0.01  0.02  1.00     0 25.62    34  1179  3.27  0.15  0.76   1.00    4  1.39  1.49  2.68  1.00  -
     600  METR  740    694   604   587   454   0.08  0.15  1.00     0 10.69    25  1193  3.22  0.16  0.74   1.00    4  1.39  1.49  2.77  1.00  -
     610  METR  743    698   605   597   462   0.06  0.12  1.00     1 13.90    33  1204  3.24  0.16  0.75   1.00    4  1.39  1.57  2.72  1.00  -
     620  METR  765    717   612   606   463   0.05  0.07  1.00     0 18.56    33  1227  3.21  0.17  0.72   1.00    4  1.39  1.59  2.50  1.00  -
     630  METR  766    714   609   595   445   0.04  0.08  1.00     1 22.66    38  1210  3.16  0.19  0.70   1.00    5  1.61  1.62  2.54  1.00  -
     640  METR  773    717   603   599   450   0.02  0.03  1.00     0 19.90    34  1222  3.16  0.19  0.70   1.00    5  1.61  1.63  2.55  1.00  -
     650  METR  786    728   606   605   450   0.03  0.04  1.00     0 17.89    36  1235  3.14  0.19  0.69   1.00    5  1.61  1.63  2.49  1.00  -
     660  METR  822    759   626   631   468   0.03  0.06  1.00     1 13.85    47  1289  3.14  0.20  0.69   1.00    5  1.61  1.64  2.53  1.00  -
     670  METR  881    812   671   666   503   0.03  0.05  1.00     4 14.66    38  1383  3.14  0.20  0.69   1.00    5  1.61  1.65  2.38  1.00  -
     680  METR  885    815   672   668   512   0.05  0.07  1.00     3 13.67    43  1396  3.15  0.19  0.70   1.00    5  1.61  1.70  2.52  1.00  -
     690  METR  879    809   656   666   516   0.06  0.07  1.00     1 14.61    52  1394  3.17  0.18  0.72   1.00    5  1.61  1.69  2.60  1.00  -
     700  METR  864    792   635   663   517   0.04  0.07  1.00     0 12.02    48  1380  3.19  0.16  0.74   1.00    5  1.61  1.68  2.61  1.00  -
     710  METR  849    773   625   652   514   0.04  0.05  1.00     2 12.77    52  1362  3.21  0.15  0.76   1.00    5  1.61  1.69  2.67  1.00  -
     720  METR  831    750   616   636   499   0.03  0.05  1.00     0 17.49    47  1328  3.20  0.15  0.76   1.00    4  0.92  1.56  2.68  1.00  -
     730  METR  802    716   605   622   475   0.00  0.00    -      0 10.53    65  1276  3.18  0.14  0.77   1.00    4  0.92  1.48  2.74  1.00  -
     740  METR  786    701   600   611   465   0.00  0.00  1.00     1 17.23    39  1250  3.18  0.15  0.76   1.00    4  0.92  1.60  2.58  1.00  -
     750  METR  787    703   604   605   466   0.07  0.14  1.00     2 15.75    23  1252  3.18  0.15  0.76   1.00    5  1.61  1.61  2.44  1.00  -
     760  METR  790    702   602   604   461   0.04  0.06  1.00     1  7.61    34  1250  3.16  0.15  0.76   1.00    4  1.39  1.57  2.55  1.00  -
     770  METR  801    712   605   604   461   0.03  0.04  1.00     0  9.97    31  1261  3.15  0.16  0.75   1.00    5  1.61  1.63  2.61  1.00  -
     780  METR  798    706   602   603   459   0.06  0.08  1.00     1 11.78    41  1256  3.15  0.16  0.74   1.00    5  1.61  1.71  2.54  1.00  -
     790  METR  779    688   587   595   449   0.02  0.02  1.00     2 19.69    65  1227  3.15  0.16  0.75   1.00    5  1.61  1.77  2.45  1.00  -
     800  METR  763    667   560   577   399   0.05  0.07  1.00     2  7.29    53  1161  3.04  0.20  0.69   1.00    5  1.10  1.77  2.49  1.00  -
     810  METR  737    636   539   550   373   0.15  0.25  1.00     2 13.20    71  1108  3.01  0.20  0.69   0.99    5  1.10  1.76  2.49  1.00  -
     820  METR  713    610   517   517   347   0.07  0.09  1.00     3 11.87    72  1059  2.97  0.22  0.67   1.00    5  1.10  1.82  2.40  1.00  -
     830  METR  692    586   500   512   338   0.12  0.13  1.00     0  6.25    77  1028  2.97  0.22  0.67   0.99    5  1.10  1.83  2.35  1.00  -
     840  METR  687    574   478   498   332   0.09  0.14  1.00     0  7.67    59  1017  2.96  0.22  0.67   1.00    5  1.10  1.81  2.34  1.00  -
     850  METR  668    553   434   483   322   0.05  0.08  1.00     0  9.34    60   989  2.96  0.22  0.68   1.00    5  1.10  1.79  2.26  1.00  -
     860  METR  633    516   410   455   308   0.00  0.00    -      4 13.98    78   940  2.97  0.20  0.71   1.00    5  1.10  1.78  2.29  1.00  -
     870  METR  616    502   395   439   300   0.09  0.12  1.00     1  7.88    41   915  2.97  0.19  0.72   1.00    6  1.25  1.79  2.23  1.00  -
     880  METR  599    487   383   414   290   0.08  0.16  0.90     3  9.13    60   888  2.96  0.18  0.73   1.00    5  1.10  1.75  2.26  0.99  -
     890  METR  567    462   365   395   271   0.05  0.08  1.00     0 11.25    63   837  2.95  0.19  0.71   1.00    5  1.10  1.81  2.13  0.99  -
     900  METR  552    445   360   373   263   0.00  0.00  1.00     0  8.07    60   814  2.95  0.19  0.72   1.00    5  1.10  1.80  2.12  0.99  -
     910  METR  531    428   351   361   248   0.07  0.09  1.00     0  6.15    38   778  2.93  0.20  0.70   1.00    5  1.10  1.68  2.35  0.99  -
     920  METR  528    428   355   357   249   0.08  0.14  1.00     7  7.80    35   776  2.94  0.20  0.71   1.00    5  1.61  1.74  2.21  0.99  -
     930  METR  518    413   343   347   244   0.13  0.18  1.00     1  7.38    35   761  2.94  0.20  0.71   1.00    5  1.10  1.74  2.13  0.99  -
     940  METR  485    385   319   329   229   0.00  0.00    -      1 14.50    64   712  2.94  0.20  0.71   0.99    5  1.10  1.68  2.27  0.99  -
     950  METR  464    367   301   315   222   0.00  0.00    -      0 10.12    38   685  2.95  0.18  0.73   1.00    5  1.10  1.66  2.26  0.99  -
     960  METR  448    348   284   300   209   0.00  0.00    -      0  4.08    37   656  2.93  0.19  0.73   1.00    5  1.10  1.61  2.37  0.99  -
     970  METR  429    328   264   288   190   0.00  0.00  1.00     0 10.86    39   618  2.88  0.20  0.71   1.00    5  1.10  1.60  2.32  0.98  -
     980  METR  407    307   242   272   165   0.04  0.09  1.00     0  8.87    49   571  2.81  0.22  0.69   1.00    5  1.10  1.74  1.96  0.98  -
     990  METR  396    297   233   260   155   0.00  0.00    -      1  4.50    37   550  2.78  0.23  0.68   1.00    5  1.10  1.76  1.83  0.97  -
    1000  METR  364    264   207   234   152   0.00  0.00  1.00     3  7.82    73   515  2.83  0.21  0.70   1.00    5  1.61  1.62  2.13  0.99  -
    1010  METR  348    246   197   223   150   0.09  0.18  1.00     0  6.18    48   496  2.85  0.19  0.73   0.99    4  1.39  1.52  2.10  0.99  -
    1020  METR  354    253   211   218   158   0.23  0.34  1.00     4  5.51    41   511  2.89  0.19  0.73   1.00    5  1.10  1.78  2.03  0.99  -
    1030  METR  362    262   226   221   170   0.03  0.04  1.00     4  7.09    39   531  2.93  0.20  0.71   1.00    5  1.10  1.86  1.90  0.99  -
    1040  METR  371    274   245   228   182   0.03  0.04  0.83     2  6.20    31   552  2.98  0.21  0.70   1.00    6  1.25  1.87  1.77  0.98  -
    1050  METR  354    266   242   215   174   0.00  0.00  1.00     2  7.40    45   526  2.97  0.21  0.69   0.99    5  1.10  1.72  1.96  0.98  -
    1060  METR  339    259   236   212   165   0.00  0.00  1.00     2  3.28    26   503  2.97  0.23  0.67   1.00    5  1.10  1.57  2.14  0.98  -
    1070  METR  319    244   219   198   155   0.00  0.00    -      2  8.71    43   472  2.96  0.23  0.67   0.99    4  0.92  1.68  2.11  1.00  -
    1080  METR  307    240   215   193   157   0.12  0.15  1.00     0  4.42    26   463  3.02  0.22  0.68   1.00    5  1.10  1.53  2.13  0.99  -
    1090  METR  311    243   219   200   167   0.00  0.00  1.00     1  4.89    13   477  3.07  0.19  0.72   1.00    5  1.10  1.44  2.24  0.99  -
    1100  METR  309    242   217   200   166   0.08  0.10  1.00     4  5.74    11   474  3.07  0.18  0.73   1.00    4  0.92  1.53  2.23  1.00  -
    1110  METR  316    250   220   205   173   0.00  0.00  1.00     1  4.81     5   488  3.09  0.18  0.73   1.00    4  0.92  1.50  2.23  1.00  -
    1120  METR  324    257   231   209   176   0.00  0.00    -      1  7.21     9   499  3.08  0.18  0.73   1.00    5  1.10  1.57  2.11  0.99  -
    1130  METR  322    254   233   208   180   0.00  0.00  1.00     2 10.11     7   501  3.11  0.17  0.75   1.00    5  1.10  1.60  2.03  0.98  -
    1140  METR  323    255   231   213   183   0.00  0.00  1.00     0  6.42     5   504  3.12  0.15  0.77   0.95    5  1.10  1.54  2.15  0.99  -
    1150  METR  322    254   233   211   176   0.00  0.00    -      0  7.53    12   496  3.08  0.16  0.75   0.96    4  0.92  1.60  2.17  0.99  -
    1160  METR  316    252   233   208   171   0.06  0.08  1.00     1  7.03    24   485  3.07  0.18  0.73   0.98    4  0.92  1.57  2.10  0.99  -
    1170  METR  297    234   218   197   156   0.11  0.13  1.00     0  7.95    48   452  3.04  0.19  0.71   1.00    4  1.39  1.55  2.33  1.00  -
    1180  METR  282    222   208   190   151   0.12  0.22  1.00     1  7.43    49   432  3.06  0.19  0.72   1.00    4  0.92  1.59  2.14  1.00  -
    1190  METR  285    230   215   197   154   0.05  0.07  1.00     3  5.36    17   437  3.07  0.19  0.71   0.99    4  0.92  1.53  2.27  1.00  -
    1200  METR  280    224   213   189   152   0.27  0.33  1.00     1  9.34    17   431  3.08  0.19  0.72   1.00    4  0.92  1.48  2.33  1.00  -
    1210  METR  293    238   224   194   163   0.23  0.36  1.00     0  7.97    13   455  3.11  0.19  0.72   1.00    5  1.10  1.60  2.01  1.00  -
    1220  METR  319    263   239   217   189   0.22  0.28  1.00     1  7.31     5   507  3.18  0.16  0.75   1.00    5  1.10  1.70  1.99  1.00  -
    1230  METR  326    271   248   225   201   0.00  0.00  1.00     1  6.28    17   526  3.23  0.15  0.77   1.00    5  1.10  1.55  2.22  1.00  -
    1240  METR  315    262   245   220   198   0.00  0.00    -      1  5.91    26   512  3.25  0.13  0.79   1.00    5  1.10  1.47  2.27  1.00  -
    1250  METR  315    261   244   220   194   0.27  0.25  1.00     0  4.00    11   507  3.22  0.13  0.79   0.99    5  1.10  1.44  2.29  1.00  -
    1260  METR  309    256   241   221   190   0.00  0.00    -      0  8.44    11   498  3.22  0.13  0.79   1.00    5  1.10  1.46  2.27  1.00  -
    1270  METR  308    256   239   221   185   0.00  0.00    -      0  6.18     5   492  3.19  0.15  0.77   1.00    5  1.10  1.46  2.24  1.00  -
    1280  METR  301    248   232   210   184   0.00  0.00  1.00     0  4.21    19   484  3.22  0.13  0.79   1.00    5  1.10  1.49  2.23  1.00  -
    1290  METR  298    243   226   209   184   0.00  0.00    -      0  2.74    12   481  3.23  0.13  0.80   1.00    5  1.10  1.47  2.27  1.00  -
    1300  METR  294    239   222   203   181   0.00  0.00    -      2  6.67    10   474  3.22  0.13  0.80   1.00    5  1.10  1.67  1.95  1.00  -
    1310  METR  297    242   224   202   176   0.00  0.00    -      1  5.04     4   472  3.18  0.14  0.78   1.00    4  0.92  1.65  2.00  1.00  -
    1320  METR  300    245   226   205   175   0.00  0.00  1.00     0  6.96     2   474  3.16  0.15  0.78   1.00    4  0.92  1.66  2.03  1.00  -
    1330  METR  295    238   221   202   172   0.00  0.00  1.00     1  8.76    12   466  3.16  0.15  0.77   1.00    4  0.92  1.63  1.98  1.00  -
    1340  METR  293    235   215   205   173   0.00  0.00  1.00     4  6.27    11   465  3.17  0.14  0.78   1.00    5  1.10  1.62  2.10  1.00  -
    1350  METR  287    232   211   205   162   0.00  0.00    -      1  5.92    11   448  3.12  0.16  0.76   1.00    5  1.10  1.62  2.12  1.00  -
    1360  METR  280    224   202   201   141   0.00  0.00    -      0  6.35    19   420  3.00  0.21  0.70   1.00    5  1.10  1.61  2.08  1.00  -
    1370  METR  264    207   188   186   121   0.00  0.00    -      2  5.78    35   383  2.90  0.24  0.66   0.99    5  1.10  1.61  2.06  1.00  -
    1380  METR  257    203   183   179   115   0.13  0.15  1.00     6  5.77    23   371  2.89  0.26  0.64   1.00    6  1.25  1.70  1.92  1.00  -
    1390  METR  271    218   190   184   129   0.19  0.28  1.00     1  7.75    17   399  2.94  0.24  0.65   1.00    6  1.25  1.83  1.56  1.00  -
    1400  METR  273    218   189   179   137   0.20  0.21  1.00     1  5.84    32   409  3.00  0.22  0.67   1.00    6  1.25  1.69  1.86  0.99  -
    1410  METR  255    203   171   173   133   0.00  0.00    -      4  7.08    38   385  3.02  0.19  0.70   0.93    6  1.25  1.58  1.93  0.98  -
    1420  METR  242    193   165   161   130   0.00  0.00  1.00     0  4.13    31   370  3.06  0.17  0.73   0.95    6  1.25  1.59  1.91  0.98  -
    1430  METR  240    195   169   162   134   0.00  0.00  1.00     1  5.54    18   371  3.09  0.15  0.76   0.98    5  1.10  1.61  2.05  1.00  -
    1440  METR  242    199   175   169   141   0.12  0.15  1.00     3  4.90     7   382  3.16  0.14  0.77   1.00    5  1.10  1.52  2.15  1.00  -
    1450  METR  247    203   180   170   142   0.00  0.00    -      6  6.35     3   388  3.14  0.15  0.76   1.00    5  1.10  1.52  2.10  1.00  -
    1460  METR  248    207   185   171   139   0.00  0.00    -      1  5.69     5   386  3.11  0.16  0.75   1.00    5  1.10  1.54  2.05  1.00  -
    1470  METR  253    212   189   178   145   0.11  0.21  1.00     2  7.96     0   397  3.14  0.16  0.75   1.00    4  0.92  1.56  2.03  0.99  -
    1480  METR  252    211   190   175   145   0.00  0.00    -      2  6.11     8   396  3.14  0.15  0.76   1.00    4  0.92  1.47  2.22  1.00  -
    1490  METR  253    210   187   178   150   0.19  0.29  1.00     2  5.42     4   402  3.18  0.15  0.77   1.00    5  1.10  1.48  2.15  1.00  -
    1500  METR  254    211   188   181   149   0.12  0.16  1.00     0  5.95     8   402  3.17  0.14  0.78   1.00    5  1.10  1.64  1.96  1.00  -
    window ep460-530 len=8 exit=SW
    window ep550-1500 len=96 exit=END
    exit reasons: {'SW': 1, 'END': 1}
    SW breakdown: {'NO_SCALING_PTS': 1, 'FEW_RADII': 45}
    edge lifetimes (theta=1e-12): n_dead=3439 median=243 mean=315.2 p90=577 max=1437 censored_alive=464
    coupling with BSW indicator (point-biserial):
      occ_scc3: r = -0.10
      fe_cyc  : r = -0.12
      occ_scc : r =  0.03
      fe_dyad : r =  0.21
      rung12  : r = -0.09
      b1_H12  : r =  0.31
      b1_H6   : r =  0.27
      b1_S12  : r =  0.31
      b1_S6   : r =  0.21
      evapE   : r =  0.60
      kmean   : r = -0.74
      brfrac  : r =  0.65
      occ2ecc : r = -0.64
    coupling with npts(t) (Pearson):
      occ_scc3: r = -0.15
      fe_cyc  : r = -0.15
      b1_H12  : r =  0.32
      b1_S6   : r =  0.23
      rung12  : r = -0.16
      evapE   : r =  0.60
      kmean   : r = -0.72
      brfrac  : r =  0.67
      occ2ecc : r = -0.68
    coupling with wcont(t) (Pearson):
      occ_scc3: r = -0.05
      fe_cyc  : r = -0.06
      b1_H12  : r =  0.45
      b1_S6   : r =  0.36
      rung12  : r = -0.15
      evapE   : r =  0.66
      kmean   : r = -0.80
      brfrac  : r =  0.74
      occ2ecc : r = -0.72
    DISCRIMINATION (contraction, V_peak@ep680):
      occ2ecc  BSW: 0.730(n=82)  non-BSW:    - (n=0)
      brfrac   BSW: 0.182(n=82)  non-BSW:    - (n=0)
      kmean    BSW: 3.069(n=82)  non-BSW:    - (n=0)
    H->S lag correlation corr(b1_H12(t), b1_S6(t+tau)) [tau in snapshots]:
      all    :  0.99  0.99  0.99  0.98  0.98  0.96  0.95   (tau=-3..3)
      rising :  0.99  0.99  0.99  0.98   (tau=0..3, b1_H increasing)
      falling:  0.99  0.98  0.97  0.96   (tau=0..3, b1_H decreasing)
[symmetric] status=ok snaps=150 BSW_occ=0 windows=0 dead=1644 audit=OK V_max=306/2000 first_sat=-
    ep    ph    V  b1_H12 b1_H6 b1_S12 b1_S6  occSCC3 feCYC rung12 refl ndstM evapE  E_S  kmean brfrac occ2ecc  gcf  npts wscale wcont slope   r2    fail
      10    SW    3      1     1     1     1   0.00  0.00  1.00     0  3.14     0     3  2.00  0.00  1.00   1.00    0    -     -     -     -   NO_SCALING_PTS
      20    SW   20     18    18    12    12   0.28  0.32  1.00     0 10.27     0    31  3.10  0.19  0.70   1.00    1    -   0.15    -     -   FEW_RADII
      30    SW   29     27    27    22    22   0.00  0.00  1.00     0 16.54     0    50  3.45  0.10  0.83   1.00    1    -   0.35    -     -   FEW_RADII
      40    SW   34     32    32    26    26   0.12  0.21  1.00     0 18.70     0    59  3.47  0.10  0.82   1.00    1    -   0.33    -     -   FEW_RADII
      50    SW   40     38    38    31    31   0.13  0.24  1.00     0 21.81     0    70  3.50  0.10  0.82   1.00    1    -   0.35    -     -   FEW_RADII
      60    SW   48     46    46    37    37   0.18  0.35  1.00     0 17.20     0    84  3.50  0.11  0.81   1.00    1    -   0.66    -     -   FEW_RADII
      70    SW   66     64    64    50    50   0.30  0.50  1.00     0 23.48     0   115  3.48  0.12  0.79   1.00    2  0.69  0.82    -     -   FEW_RADII
      80    SW   89     87    87    66    66   0.10  0.20  1.00     0 22.02     0   154  3.46  0.14  0.76   1.00    3  1.10  1.26    -     -   FEW_RADII
      90    SW  106    104   104    78    78   0.05  0.07  1.00     0 22.86     0   183  3.45  0.14  0.75   1.00    2  0.41  1.00    -     -   FEW_RADII
     100    SW  114    112   112    82    82   0.00  0.00  1.00     0 28.56     0   195  3.42  0.15  0.74   1.00    2  0.41  0.86    -     -   FEW_RADII
     110    SW  118    116   116    85    85   0.07  0.15  1.00     0 45.78     0   202  3.42  0.15  0.74   1.00    2  0.41  0.77    -     -   FEW_RADII
     120    SW  121    119   119    87    87   0.08  0.19  1.00     0 45.14     0   207  3.42  0.15  0.74   1.00    2  0.41  0.73    -     -   FEW_RADII
     130    SW  146    144   144   107   107   0.20  0.38  1.00     0 35.01     0   252  3.45  0.15  0.75   1.00    2  0.69  1.04    -     -   FEW_RADII
     140    SW  150    148   148   110   109   0.05  0.11  1.00     0 53.00     0   258  3.44  0.15  0.74   1.00    2  0.69  1.04    -     -   FEW_RADII
     150    SW  175    173   173   128   125   0.09  0.22  1.00     0 45.79     0   299  3.42  0.16  0.73   1.00    2  0.69  1.00    -     -   FEW_RADII
     160    SW  214    212   212   153   141   0.11  0.23  1.00     0 43.41     4   354  3.31  0.20  0.67   1.00    2  0.69  1.01    -     -   FEW_RADII
     170    SW  233    231   231   170   154   0.08  0.21  1.00     0 43.65     2   386  3.31  0.20  0.67   1.00    3  1.10  1.27    -     -   FEW_RADII
     180    SW  238    236   236   173   154   0.22  0.26  1.00     0 32.54    10   391  3.29  0.20  0.66   1.00    3  1.10  1.29    -     -   FEW_RADII
     190    SW  232    230   230   168   159   0.06  0.17  1.00     0 54.75    32   390  3.36  0.18  0.70   1.00    3  1.10  1.22    -     -   FEW_RADII
     200    SW  229    227   227   161   161   0.00  0.00  1.00     0 50.34    22   389  3.40  0.17  0.71   1.00    3  1.10  1.18    -     -   FEW_RADII
     210    SW  234    232   232   164   148   0.04  0.09  1.00     0 63.17     0   381  3.26  0.22  0.64   1.00    2  0.41  1.14    -     -   FEW_RADII
     220    SW  230    228   228   165   136   0.00  0.00  1.00     0 68.03    16   365  3.17  0.25  0.60   1.00    2  0.41  1.07    -     -   FEW_RADII
     230    SW  233    231   230   172   139   0.06  0.10  1.00     0 66.73    22   371  3.18  0.25  0.61   1.00    2  0.41  1.17    -     -   FEW_RADII
     240    SW  227    225   223   167   143   0.33  0.38  1.00     0 63.34    48   369  3.25  0.22  0.64   1.00    3  1.10  1.11    -     -   FEW_RADII
     250    SW  212    210   209   156   144   0.05  0.13  1.00     0 74.46    48   355  3.35  0.18  0.69   1.00    2  0.69  1.05    -     -   FEW_RADII
     260    SW  236    234   234   169   156   0.06  0.15  1.00     0 51.08    20   391  3.31  0.20  0.67   1.00    2  0.69  1.00    -     -   FEW_RADII
     270    SW  244    242   242   176   158   0.05  0.12  1.00     0 51.67     8   401  3.29  0.21  0.66   1.00    2  0.69  0.99    -     -   FEW_RADII
     280    SW  252    250   250   182   162   0.04  0.09  1.00     0 61.96    14   413  3.28  0.21  0.65   1.00    2  0.69  1.01    -     -   FEW_RADII
     290    SW  255    253   253   186   166   0.07  0.20  1.00     0 52.03    30   420  3.29  0.20  0.67   1.00    2  0.69  1.04    -     -   FEW_RADII
     300    SW  272    270   270   195   173   0.05  0.11  1.00     0 51.93    38   444  3.26  0.22  0.65   1.00    3  1.10  1.20    -     -   FEW_RADII
     310    SW  267    265   265   197   156   0.03  0.05  1.00     0 71.54    20   422  3.16  0.26  0.59   1.00    3  1.10  1.21    -     -   FEW_RADII
     320    SW  269    267   267   200   160   0.13  0.24  1.00     0 45.35    36   428  3.18  0.25  0.60   1.00    3  1.10  1.28    -     -   FEW_RADII
     330    SW  250    248   247   187   158   0.06  0.16  1.00     0 56.83    60   407  3.26  0.22  0.64   1.00    3  1.10  1.15    -     -   FEW_RADII
     340    SW  255    251   251   185   174   0.10  0.25  1.00     0 69.11    58   427  3.35  0.18  0.70   0.99    3  1.10  1.13    -     -   FEW_RADII
     350    SW  261    259   259   188   181   0.09  0.20  1.00     0 65.53    22   441  3.38  0.17  0.70   1.00    3  1.10  1.10    -     -   FEW_RADII
     360    SW  262    260   260   192   190   0.04  0.08  1.00     0 72.84    22   451  3.44  0.16  0.73   1.00    2  0.69  1.10    -     -   FEW_RADII
     370    SW  270    268   268   198   186   0.73  0.71  1.00     0 33.85     2   455  3.37  0.18  0.70   1.00    2  0.69  1.09    -     -   FEW_RADII
     380    SW  282    280   280   206   193   0.07  0.17  1.00     0 68.65    22   474  3.36  0.18  0.69   1.00    2  0.69  1.08    -     -   FEW_RADII
     390    SW  296    294   294   215   190   0.08  0.19  1.00     0 72.09    18   485  3.28  0.21  0.65   1.00    3  1.10  1.16    -     -   FEW_RADII
     400    SW  306    303   303   219   192   0.04  0.08  1.00     0 88.18    39   497  3.25  0.23  0.63   1.00    3  1.10  1.13    -     -   FEW_RADII
     410    SW  306    304   304   221   193   0.00  0.00    -      0 55.05    11   498  3.25  0.22  0.64   1.00    3  1.10  1.15    -     -   FEW_RADII
     420    SW  296    294   294   218   187   0.00  0.00  1.00     0 128.36    28   482  3.26  0.22  0.64   1.00    3  1.10  1.14    -     -   FEW_RADII
     430    SW  271    269   269   196   175   0.02  0.04  1.00     0 130.91    56   445  3.28  0.21  0.65   1.00    2  0.69  1.10    -     -   FEW_RADII
     440    SW  264    262   262   192   160   0.03  0.04  1.00     0 77.47    24   423  3.20  0.24  0.61   1.00    3  1.10  1.10    -     -   FEW_RADII
     450    SW  245    243   243   180   152   0.04  0.09  1.00     0 105.79    50   396  3.23  0.23  0.63   1.00    1    -   1.04    -     -   FEW_RADII
     460    SW  226    224   224   163   146   0.36  0.35  1.00     0 36.89    48   371  3.28  0.21  0.65   1.00    1    -   1.04    -     -   FEW_RADII
     470    SW  217    215   215   154   140   0.03  0.08  1.00     0 77.71    28   356  3.28  0.21  0.65   1.00    1    -   1.02    -     -   FEW_RADII
     480    SW  208    206   206   152   123   0.00  0.00  1.00     0 97.03    24   330  3.17  0.25  0.60   1.00    2  0.41  1.04    -     -   FEW_RADII
     490    SW  189    187   187   139   111   0.04  0.10  1.00     0 70.73    46   299  3.16  0.25  0.60   1.00    2  0.41  1.06    -     -   FEW_RADII
     500    SW  189    187   186   144   116   0.05  0.13  1.00     0 48.38    36   304  3.22  0.23  0.62   1.00    2  0.69  1.03    -     -   FEW_RADII
     510    SW  195    191   190   136   126   0.12  0.26  1.00     0 54.04    64   320  3.28  0.20  0.67   1.00    2  0.69  0.86    -     -   FEW_RADII
     520    SW  210    208   208   152   139   0.05  0.07  1.00     0 60.76    22   348  3.31  0.20  0.68   1.00    3  1.10  1.10    -     -   FEW_RADII
     530    SW  225    223   223   165   135   0.06  0.14  1.00     0 59.17    14   359  3.19  0.24  0.61   1.00    3  1.10  1.26    -     -   FEW_RADII
     540    SW  233    231   231   177   134   0.11  0.29  1.00     0 62.17    22   366  3.14  0.26  0.59   1.00    3  1.10  1.38    -     -   FEW_RADII
     550    SW  256    253   249   192   146   0.06  0.13  1.00     0 42.68    27   401  3.13  0.26  0.59   1.00    3  1.10  1.28    -     -   FEW_RADII
     560    SW  235    233   227   180   152   0.00  0.00  1.00     0 35.33    57   386  3.29  0.20  0.66   1.00    3  1.10  1.16    -     -   FEW_RADII
     570    SW  212    209   209   157   150   0.00  0.00  1.00     0 94.29    57   361  3.41  0.17  0.72   1.00    2  0.69  1.07    -     -   FEW_RADII
     580    SW  218    216   216   161   158   0.08  0.21  1.00     0 66.66    13   375  3.44  0.15  0.73   1.00    1    -   0.99    -     -   FEW_RADII
     590    SW  233    231   231   172   168   0.04  0.11  1.00     0 32.22     4   400  3.43  0.16  0.73   1.00    2  0.69  1.01    -     -   FEW_RADII
     600    SW  241    239   239   181   172   0.03  0.06  1.00     0 46.63    10   412  3.42  0.16  0.72   1.00    2  0.69  0.99    -     -   FEW_RADII
     610    SW  242    240   240   183   173   0.00  0.00  1.00     0 55.81    10   414  3.42  0.16  0.73   1.00    2  0.69  1.03    -     -   FEW_RADII
     620    SW  240    238   238   181   174   0.00  0.00  1.00     0 97.47    10   413  3.44  0.15  0.73   1.00    2  0.69  1.03    -     -   FEW_RADII
     630    SW  235    233   233   176   170   0.04  0.08  1.00     0 90.77    18   404  3.44  0.16  0.73   1.00    2  0.69  1.03    -     -   FEW_RADII
     640    SW  244    242   242   179   164   0.05  0.12  1.00     0 45.84     8   407  3.34  0.19  0.68   1.00    2  0.69  1.07    -     -   FEW_RADII
     650    SW  248    246   246   185   148   0.04  0.10  1.00     0 89.38     6   395  3.19  0.25  0.61   1.00    2  0.69  1.09    -     -   FEW_RADII
     660    SW  250    248   248   186   142   0.11  0.27  1.00     0 30.33    36   391  3.13  0.27  0.58   1.00    2  0.69  1.05    -     -   FEW_RADII
     670    SW  239    237   237   180   142   0.19  0.29  1.00     0 37.31    44   380  3.18  0.25  0.60   1.00    2  0.69  0.99    -     -   FEW_RADII
     680    SW  224    221   220   166   127   0.09  0.22  1.00     0 50.63    63   350  3.12  0.27  0.58   1.00    3  1.10  1.13    -     -   FEW_RADII
     690    SW  216    212   212   155   117   0.00  0.00  1.00     0 52.12    51   332  3.07  0.29  0.55   1.00    3  1.10  1.12    -     -   FEW_RADII
     700    SW  202    200   200   151   110   0.00  0.00  1.00     0 94.50    28   311  3.08  0.29  0.56   1.00    2  0.69  1.08    -     -   FEW_RADII
     710    SW  196    194   190   148   116   0.04  0.07  1.00     0 63.44    38   311  3.17  0.25  0.61   1.00    2  0.69  1.06    -     -   FEW_RADII
     720    SW  166    163   163   120   110   0.00  0.00  1.00     0 53.67    69   275  3.31  0.19  0.68   1.00    2  0.41  1.08    -     -   FEW_RADII
     730    SW  172    169   169   122   111   0.00  0.00  1.00     0 41.67    14   282  3.28  0.21  0.66   1.00    2  0.41  1.21    -     -   FEW_RADII
     740    SW  172    170   170   127   102   0.05  0.10  1.00     0 44.10    13   273  3.17  0.25  0.60   1.00    3  1.10  1.19    -     -   FEW_RADII
     750    SW  171    169   169   127   100   0.05  0.13  1.00     0 73.07    10   270  3.16  0.25  0.60   1.00    3  1.10  1.15    -     -   FEW_RADII
     760    SW  164    162   157   120   100   0.08  0.21  1.00     0 51.09    30   263  3.21  0.23  0.63   1.00    2  0.69  1.07    -     -   FEW_RADII
     770    SW  168    166   166   121   112   0.08  0.21  1.00     0 45.90    36   279  3.32  0.19  0.68   1.00    2  0.69  0.94    -     -   FEW_RADII
     780    SW  166    163   163   118   112   0.00  0.00  1.00     0 54.39    17   277  3.34  0.19  0.69   1.00    2  0.69  0.96    -     -   FEW_RADII
     790    SW  158    156   156   115   112   0.03  0.06  1.00     0 81.24    23   269  3.41  0.16  0.73   1.00    2  0.69  0.97    -     -   FEW_RADII
     800    SW  162    160   160   117   112   0.04  0.08  1.00     0 39.89     6   273  3.37  0.18  0.70   1.00    2  0.69  1.01    -     -   FEW_RADII
     810    SW  163    161   161   120   108   0.03  0.04  1.00     0 33.33     8   270  3.31  0.20  0.67   1.00    2  0.69  1.08    -     -   FEW_RADII
     820    SW  174    172   172   129   104   0.13  0.34  1.00     0 61.95     8   277  3.18  0.25  0.61   1.00    3  1.10  1.18    -     -   FEW_RADII
     830    SW  173    171   168   136   105   0.07  0.16  1.00     0 61.75    30   277  3.20  0.23  0.62   1.00    3  1.10  1.12    -     -   FEW_RADII
     840    SW  163    160   158   127   110   0.19  0.23  1.00     0 31.33    53   272  3.34  0.18  0.70   1.00    2  0.69  1.05    -     -   FEW_RADII
     850    SW  166    162   160   129   121   0.11  0.26  1.00     0 51.53    39   286  3.45  0.15  0.74   1.00    2  0.69  0.95    -     -   FEW_RADII
     860    SW  192    190   190   153   146   0.09  0.20  1.00     0 48.60    14   337  3.51  0.13  0.78   1.00    3  1.10  1.29    -     -   FEW_RADII
     870    SW  195    193   193   153   141   0.04  0.06  1.00     0 79.19    12   335  3.44  0.16  0.73   1.00    2  0.41  1.16    -     -   FEW_RADII
     880    SW  196    194   194   155   140   0.00  0.00  1.00     0 30.38     8   335  3.42  0.16  0.72   1.00    2  0.41  1.08    -     -   FEW_RADII
     890    SW  198    196   196   159   143   0.03  0.03  1.00     0 53.14    10   340  3.43  0.15  0.74   1.00    2  0.41  1.08    -     -   FEW_RADII
     900    SW  195    193   193   159   138   0.03  0.08  1.00     0 74.64    14   332  3.41  0.16  0.72   1.00    2  0.41  1.05    -     -   FEW_RADII
     910    SW  187    185   185   149   135   0.07  0.19  1.00     0 47.76    38   321  3.43  0.16  0.73   1.00    1    -   1.05    -     -   FEW_RADII
     920    SW  196    194   194   158   139   0.03  0.05  1.00     0 55.64     8   334  3.41  0.16  0.72   1.00    2  0.69  1.07    -     -   FEW_RADII
     930    SW  186    184   184   151   139   0.03  0.05  1.00     0 73.77    28   324  3.48  0.14  0.76   1.00    2  0.69  1.00    -     -   FEW_RADII
     940    SW  178    175   175   143   137   0.06  0.16  1.00     0 75.09    31   314  3.53  0.12  0.79   1.00    2  0.69  0.95    -     -   FEW_RADII
     950    SW  178    176   176   143   135   0.00  0.00  1.00     0 59.12     7   312  3.51  0.13  0.78   1.00    2  0.69  0.96    -     -   FEW_RADII
     960    SW  184    182   182   148   136   0.05  0.12  1.00     0 67.84     0   319  3.47  0.14  0.76   1.00    2  0.69  0.96    -     -   FEW_RADII
     970    SW  197    195   193   157   137   0.07  0.17  1.00     0 55.07     8   333  3.38  0.17  0.71   1.00    2  0.69  0.93    -     -   FEW_RADII
     980    SW  206    204   204   163   139   0.09  0.21  1.00     0 57.03    26   344  3.34  0.19  0.68   1.00    2  0.69  0.96    -     -   FEW_RADII
     990    SW  211    209   209   174   130   0.03  0.05  1.00     0 41.01    20   340  3.22  0.23  0.63   1.00    2  0.69  1.07    -     -   FEW_RADII
    1000    SW  204    202   194   168   126   0.06  0.16  1.00     0 81.89    38   329  3.23  0.23  0.63   1.00    3  1.10  1.12    -     -   FEW_RADII
    1010    SW  177    173   170   142   124   0.23  0.36  1.00     0 49.75    84   300  3.39  0.16  0.72   1.00    3  1.10  1.11    -     -   FEW_RADII
    1020    SW  164    161   161   132   114   0.03  0.06  1.00     0 42.23    41   277  3.38  0.17  0.71   1.00    2  0.41  1.15    -     -   FEW_RADII
    1030    SW  160    158   158   128   114   0.03  0.06  1.00     0 80.33    17   273  3.41  0.16  0.72   1.00    2  0.41  1.01    -     -   FEW_RADII
    1040    SW  164    162   162   131   117   0.06  0.16  1.00     0 50.11     8   280  3.41  0.16  0.73   1.00    2  0.41  0.98    -     -   FEW_RADII
    1050    SW  167    165   162   132   121   0.03  0.04  1.00     0 56.95    20   287  3.44  0.15  0.74   1.00    2  0.69  1.09    -     -   FEW_RADII
    1060    SW  171    169   169   134   124   0.20  0.21  1.00     0 43.84    20   294  3.44  0.15  0.74   1.00    2  0.69  1.00    -     -   FEW_RADII
    1070    SW  170    168   168   131   117   0.05  0.10  1.00     0 63.07    16   286  3.36  0.17  0.71   1.00    2  0.69  0.97    -     -   FEW_RADII
    1080    SW  160    157   157   125   116   0.00  0.00  1.00     0 48.91    27   275  3.44  0.15  0.74   1.00    2  0.69  0.93    -     -   FEW_RADII
    1090    SW  165    163   163   126   120   0.09  0.21  1.00     0 39.77    13   284  3.44  0.15  0.74   1.00    2  0.69  0.97    -     -   FEW_RADII
    1100    SW  177    175   175   136   132   0.19  0.21  1.00     0 46.48     4   308  3.48  0.14  0.76   1.00    2  0.69  0.97    -     -   FEW_RADII
    1110    SW  184    182   182   143   135   0.08  0.22  1.00     0 56.58    12   318  3.46  0.15  0.74   1.00    2  0.69  0.96    -     -   FEW_RADII
    1120    SW  192    190   190   151   127   0.00  0.00  1.00     0 80.91     2   318  3.31  0.19  0.68   1.00    2  0.69  0.99    -     -   FEW_RADII
    1130    SW  190    188   188   150   115   0.00  0.00  1.00     0 90.14    18   304  3.20  0.23  0.63   1.00    3  1.10  1.11    -     -   FEW_RADII
    1140    SW  190    188   186   150   111   0.04  0.10  1.00     0 80.98    20   300  3.16  0.25  0.60   1.00    3  1.10  1.15    -     -   FEW_RADII
    1150    SW  158    155   155   118   105   0.06  0.15  1.00     0 79.06    83   262  3.32  0.19  0.68   1.00    2  0.69  1.03    -     -   FEW_RADII
    1160    SW  183    180   180   129   113   0.19  0.43  1.00     0 62.03    22   295  3.22  0.23  0.63   1.00    2  0.69  1.07    -     -   FEW_RADII
    1170    SW  191    189   189   143   131   0.07  0.16  1.00     0 51.61    21   321  3.36  0.18  0.70   1.00    2  0.69  1.00    -     -   FEW_RADII
    1180    SW  188    186   186   139   133   0.03  0.07  1.00     0 71.20    28   320  3.40  0.17  0.72   1.00    2  0.69  0.96    -     -   FEW_RADII
    1190    SW  202    200   200   151   142   0.06  0.13  1.00     0 49.62     6   343  3.40  0.17  0.71   1.00    2  0.69  1.03    -     -   FEW_RADII
    1200    SW  214    212   212   165   152   0.08  0.16  1.00     0 35.85    20   365  3.41  0.16  0.72   1.00    3  1.10  1.14    -     -   FEW_RADII
    1210    SW  213    211   210   167   152   0.00  0.00  1.00     0 41.60    16   364  3.42  0.16  0.72   1.00    3  1.10  1.17    -     -   FEW_RADII
    1220    SW  209    207   207   164   151   0.03  0.05  1.00     0 94.86    14   359  3.44  0.16  0.73   1.00    3  1.10  1.12    -     -   FEW_RADII
    1230    SW  197    195   195   153   142   0.03  0.05  1.00     0 96.05    26   338  3.43  0.16  0.73   1.00    3  1.10  1.10    -     -   FEW_RADII
    1240    SW  197    195   195   153   137   0.00  0.00  1.00     0 75.21     8   333  3.38  0.17  0.71   1.00    2  0.69  1.09    -     -   FEW_RADII
    1250    SW  192    190   190   149   127   0.00  0.00  1.00     0 96.12    14   318  3.31  0.19  0.68   1.00    2  0.41  1.08    -     -   FEW_RADII
    1260    SW  177    175   174   138   122   0.04  0.09  1.00     0 94.08    40   298  3.37  0.17  0.71   1.00    1    -   0.91    -     -   FEW_RADII
    1270    SW  172    170   170   134   122   0.00  0.00  1.00     0 55.49    26   293  3.41  0.16  0.73   1.00    1    -   0.87    -     -   FEW_RADII
    1280    SW  167    164   164   127   123   0.07  0.17  1.00     0 59.82    29   289  3.46  0.15  0.75   1.00    1    -   1.00    -     -   FEW_RADII
    1290    SW  164    162   162   130   123   0.08  0.22  1.00     0 80.58    21   286  3.49  0.14  0.76   1.00    2  0.41  1.07    -     -   FEW_RADII
    1300    SW  170    168   168   134   117   0.28  0.43  1.00     0 34.52     4   286  3.36  0.17  0.71   1.00    2  0.69  1.08    -     -   FEW_RADII
    1310    SW  165    162   162   127   101   0.05  0.12  1.00     0 66.44    27   265  3.21  0.23  0.63   1.00    2  0.69  1.05    -     -   FEW_RADII
    1320    SW  162    159   159   130   100   0.00  0.00  1.00     0 35.09    24   261  3.22  0.23  0.64   1.00    2  0.69  0.98    -     -   FEW_RADII
    1330    SW  162    159   159   126    92   0.10  0.26  1.00     0 70.29    26   253  3.12  0.26  0.59   1.00    2  0.69  0.92    -     -   FEW_RADII
    1340    SW  147    145   145   113    88   0.00  0.00  1.00     0 45.32    57   234  3.18  0.24  0.62   1.00    3  1.10  1.11    -     -   FEW_RADII
    1350    SW  147    145   145   114    78   0.05  0.14  1.00     0 79.15     6   224  3.05  0.29  0.55   1.00    2  0.69  1.11    -     -   FEW_RADII
    1360    SW  158    156   154   121    83   0.05  0.09  1.00     0 54.18    10   240  3.04  0.30  0.55   1.00    3  1.10  1.26    -     -   FEW_RADII
    1370    SW  150    148   136   119    84   0.05  0.12  1.00     0 59.59    28   233  3.11  0.27  0.58   1.00    3  1.10  1.16    -     -   FEW_RADII
    1380    SW  121    119   119    89    86   0.03  0.06  1.00     0 59.44    70   206  3.40  0.16  0.74   1.00    1    -   0.92    -     -   FEW_RADII
    1390    SW  122    120   120    91    84   0.05  0.14  1.00     0 67.29     4   205  3.36  0.18  0.70   1.00    1    -   0.91    -     -   FEW_RADII
    1400    SW  138    136   136   104    98   0.10  0.25  1.00     0 49.45    10   235  3.41  0.16  0.72   1.00    2  0.69  0.98    -     -   FEW_RADII
    1410    SW  147    145   145   110   103   0.04  0.05  1.00     0 40.67     8   249  3.39  0.17  0.71   1.00    2  0.69  0.93    -     -   FEW_RADII
    1420    SW  151    149   149   112   105   0.07  0.19  1.00     0 49.22     8   255  3.38  0.17  0.71   1.00    2  0.69  0.91    -     -   FEW_RADII
    1430    SW  161    159   159   120   113   0.05  0.08  1.00     0 49.99    14   273  3.39  0.17  0.71   1.00    2  0.69  0.95    -     -   FEW_RADII
    1440    SW  180    178   178   130   122   0.19  0.28  1.00     0 42.65     8   301  3.34  0.19  0.69   1.00    2  0.69  1.03    -     -   FEW_RADII
    1450    SW  189    187   187   137   126   0.10  0.21  1.00     0 39.10    12   314  3.32  0.19  0.68   1.00    3  1.10  1.11    -     -   FEW_RADII
    1460    SW  206    204   204   147   134   0.11  0.30  1.00     0 61.93    16   339  3.29  0.21  0.66   1.00    3  1.10  1.16    -     -   FEW_RADII
    1470    SW  210    208   208   152   134   0.06  0.15  1.00     0 56.57    20   343  3.27  0.21  0.65   1.00    3  1.10  1.13    -     -   FEW_RADII
    1480    SW  215    213   213   155   135   0.00  0.00  1.00     0 75.51    14   349  3.25  0.22  0.64   1.00    2  0.41  1.15    -     -   FEW_RADII
    1490    SW  210    208   208   152   131   0.00  0.00    -      0 43.89    24   340  3.24  0.22  0.64   1.00    2  0.41  1.08    -     -   FEW_RADII
    1500    SW  200    198   198   144   134   0.06  0.16  1.00     0 80.48    38   333  3.33  0.19  0.68   1.00    2  0.41  0.97    -     -   FEW_RADII
    exit reasons: (no windows)
    SW breakdown: {'NO_SCALING_PTS': 1, 'FEW_RADII': 149}
    edge lifetimes (theta=1e-12): n_dead=3288 median=165 mean=163.8 p90=185 max=224 censored_alive=397
    coupling with BSW indicator (point-biserial):
      occ_scc3: r =    - 
      fe_cyc  : r =    - 
      occ_scc : r =    - 
      fe_dyad : r =    - 
      rung12  : r =    - 
      b1_H12  : r =    - 
      b1_H6   : r =    - 
      b1_S12  : r =    - 
      b1_S6   : r =    - 
      evapE   : r =    - 
      kmean   : r =    - 
      brfrac  : r =    - 
      occ2ecc : r =    - 
    coupling with npts(t) (Pearson):
      occ_scc3: r = -0.04
      fe_cyc  : r =  0.01
      b1_H12  : r =  0.48
      b1_S6   : r =  0.40
      rung12  : r =    - 
      evapE   : r =  0.15
      kmean   : r = -0.04
      brfrac  : r =  0.47
      occ2ecc : r = -0.48
    coupling with wcont(t) (Pearson):
      occ_scc3: r = -0.12
      fe_cyc  : r = -0.11
      b1_H12  : r =  0.67
      b1_S6   : r =  0.60
      rung12  : r =    - 
      evapE   : r =  0.22
      kmean   : r = -0.32
      brfrac  : r =  0.48
      occ2ecc : r = -0.51
    DISCRIMINATION (contraction, V_peak@ep400):
      occ2ecc  BSW:    - (n=0)  non-BSW: 0.686(n=110)
      brfrac   BSW:    - (n=0)  non-BSW: 0.188(n=110)
      kmean    BSW:    - (n=0)  non-BSW: 3.337(n=110)
    H->S lag correlation corr(b1_H12(t), b1_S6(t+tau)) [tau in snapshots]:
      all    :  0.90  0.94  0.96  0.95  0.92  0.87  0.81   (tau=-3..3)
      rising :  0.98  0.96  0.94  0.91   (tau=0..3, b1_H increasing)
      falling:  0.89  0.86  0.80  0.68   (tau=0..3, b1_H decreasing)
    --- asymmetric prediction pre-test (directed minus symmetric, point-biserial r with BSW) ---
      occ_scc3: r_dir=-0.10  r_sym=   -   diff=   - 
      fe_cyc  : r_dir=-0.12  r_sym=   -   diff=   - 
      b1_H12  : r_dir= 0.31  r_sym=   -   diff=   - 

========================================================================
AGGREGATE (directed runs)  rule=T1 g=0.075 N=2000 epochs=1500 seeds=[5, 7, 10, 15, 21, 33]
========================================================================

### REGISTRATION EVENTS (label, dV, dE, db1): total 180964 events
    DYAD          n=       6  (dV=+2,dE=+1,db1=+0)x6
    T1            n=   12224  (dV=+1,dE=+2,db1=+1)x12224
    REG           n=  168734  (dV=+0,dE=+0,db1=+0)x168734

### DECAY per-epoch  H*=(1-g): total 9000 events
    (dV=+0,dE=+0,db1=+0) x8112
    (dV=+0,dE=-1,db1=-1) x791
    (dV=+0,dE=-2,db1=-2) x83
    (dV=+0,dE=-3,db1=-3) x12
    (dV=+0,dE=-6,db1=-6) x1
    (dV=+0,dE=-4,db1=-4) x1

### DEATH per-epoch  isolated removal: total 9000 events
    (dV=+0,dE=+0,db1=+0) x4314
    (dV=-1,dE=-2,db1=-1) x1591
    (dV=-2,dE=-4,db1=-2) x672
    (dV=-3,dE=-6,db1=-3) x307
    (dV=-1,dE=-1,db1=+0) x306
    (dV=-2,dE=-3,db1=-1) x275
    (dV=-3,dE=-5,db1=-2) x154
    (dV=-4,dE=-8,db1=-4) x146
    (dV=-1,dE=-3,db1=-2) x144
    (dV=-2,dE=-5,db1=-3) x122
    (dV=-3,dE=-7,db1=-4) x102
    (dV=-4,dE=-7,db1=-3) x94
    (dV=-2,dE=-2,db1=+0) x67
    (dV=-5,dE=-10,db1=-5) x64
    (dV=-3,dE=-4,db1=-1) x62
    (dV=-4,dE=-9,db1=-5) x52
    (dV=-2,dE=-6,db1=-4) x31
    (dV=-6,dE=-12,db1=-6) x31
    (dV=-5,dE=-8,db1=-3) x31
    (dV=-4,dE=-6,db1=-2) x30
    (dV=-5,dE=-9,db1=-4) x29
    (dV=-1,dE=-4,db1=-3) x26
    (dV=-5,dE=-11,db1=-6) x23
    (dV=-6,dE=-11,db1=-5) x22
    (dV=-7,dE=-14,db1=-7) x22
    (dV=-3,dE=-8,db1=-5) x20
    (dV=-6,dE=-13,db1=-7) x19
    (dV=-4,dE=-10,db1=-6) x15
    (dV=-3,dE=-3,db1=+0) x12
    (dV=-7,dE=-15,db1=-8) x11
    (dV=-8,dE=-16,db1=-8) x11
    (dV=-5,dE=-7,db1=-2) x10
    (dV=-2,dE=-1,db1=+0) x10
    (dV=-7,dE=-13,db1=-6) x9
    (dV=-6,dE=-14,db1=-8) x8
    (dV=-6,dE=-10,db1=-4) x8
    (dV=-3,dE=-9,db1=-6) x8
    (dV=-8,dE=-17,db1=-9) x7
    (dV=-8,dE=-14,db1=-6) x6
    (dV=-5,dE=-12,db1=-7) x6
    (dV=-4,dE=-5,db1=-1) x6
    (dV=-4,dE=-11,db1=-7) x5
    (dV=-10,dE=-18,db1=-8) x4
    (dV=-9,dE=-17,db1=-8) x4
    (dV=-2,dE=-4,db1=-1) x4
    (dV=-6,dE=-9,db1=-3) x4
    (dV=-1,dE=-3,db1=-1) x4
    (dV=-2,dE=-7,db1=-5) x4
    (dV=-3,dE=-3,db1=-1) x4
    (dV=-1,dE=-5,db1=-4) x4
    (dV=-8,dE=-15,db1=-7) x4
    (dV=-2,dE=-5,db1=-2) x3
    (dV=-7,dE=-12,db1=-5) x3
    (dV=-9,dE=-18,db1=-9) x2
    (dV=-10,dE=-19,db1=-9) x2
    (dV=-7,dE=-16,db1=-9) x2
    (dV=-5,dE=-13,db1=-8) x2
    (dV=-7,dE=-9,db1=-3) x2
    (dV=-6,dE=-8,db1=-3) x2
    (dV=-3,dE=-5,db1=-1) x2
    (dV=-2,dE=-8,db1=-6) x2
    (dV=-7,dE=-11,db1=-4) x2
    (dV=-8,dE=-13,db1=-5) x2
    (dV=-1,dE=-2,db1=+0) x2
    (dV=-6,dE=-6,db1=+0) x2
    (dV=-3,dE=-4,db1=-2) x2
    (dV=-1,dE=-4,db1=-2) x2
    (dV=-11,dE=-21,db1=-10) x2
    (dV=-10,dE=-20,db1=-10) x2
    (dV=-6,dE=-15,db1=-9) x2
    (dV=-3,dE=-7,db1=-3) x2
    (dV=-4,dE=-5,db1=-2) x2
    (dV=-11,dE=-22,db1=-11) x1
    (dV=-11,dE=-25,db1=-14) x1
    (dV=-7,dE=-16,db1=-8) x1
    (dV=-7,dE=-17,db1=-8) x1
    (dV=-4,dE=-3,db1=+0) x1
    (dV=-9,dE=-15,db1=-7) x1
    (dV=-5,dE=-11,db1=-5) x1
    (dV=-3,dE=-6,db1=-2) x1
    (dV=-5,dE=-5,db1=+0) x1
    (dV=-4,dE=-13,db1=-9) x1
    (dV=-5,dE=-6,db1=-1) x1
    (dV=-3,dE=-2,db1=+0) x1
    (dV=-9,dE=-15,db1=-5) x1
    (dV=-7,dE=-9,db1=-2) x1
    (dV=-6,dE=-10,db1=-5) x1
    (dV=-9,dE=-15,db1=-6) x1
    (dV=-7,dE=-10,db1=-3) x1
    (dV=-9,dE=-16,db1=-7) x1
    (dV=-6,dE=-14,db1=-7) x1
    (dV=-13,dE=-24,db1=-11) x1
    (dV=-11,dE=-20,db1=-9) x1
    (dV=-9,dE=-12,db1=-4) x1
    (dV=-13,dE=-29,db1=-16) x1
    (dV=-3,dE=-13,db1=-10) x1
    (dV=-6,dE=-16,db1=-10) x1
    (dV=-5,dE=-9,db1=-3) x1
    (dV=-8,dE=-15,db1=-6) x1
    (dV=-6,dE=-8,db1=-2) x1
    (dV=-5,dE=-8,db1=-4) x1
    (dV=-10,dE=-17,db1=-7) x1
    (dV=-5,dE=-10,db1=-4) x1
    (dV=-4,dE=-4,db1=+0) x1
