13.513388766415497
11.132854104585521
13.734576765150338
5.013787439223643
12.367261872550284
8.1414619376770361
12.594443358879367
4.3334562253077218
12.640109987839104
10.640351203416213
8.6078036209312554
8.5067667391866184
5.3143108808232133
5.2948674971259946
9.4627377289567285
9.6106190674379306
4.0813475198537033
10.682695762083295
4.557458271729903
10.119827914649088
6.2194903496646621
12.783158274078769
12.444999955002194
8.4080246537844339
3.9505837373992998
3.8159260111023809
12.291476100150621
10.039018294099515
5.4483796439920935
4.2325558170750908
3.8865533641323342
8.4270372051180065
11.399481986749986
4.4701912548608878
4.8596876016007071
10.635210835557421
5.4478872594855288
10.74214949991525
5.3096514711878893
12.724983470016108
7.2593444599884585
13.687209645039729
8.9969926440501418
10.510861922818794
12.548118206046716
12.432385039683689
8.6910636870776141
2.6286756360245316
11.666341001854034
13.650563095215366
4.7144229439177865
13.687631821468802
9.9913673617908021
9.6496257457722852
3.5131897354032358
3.6289414337276398
13.246825016721031
8.4140248804647335
11.752011426932301
10.471461309846175
9.0847902324956848
13.756512660601253
13.73051390143805
5.6390217869445021
4.8327511756209383
9.1866149423820982
9.2525178780950146
9.1103307151931325
6.030736471665195
13.732535104132833
10.552659054053489
8.5017674430133212
4.2396255956462658
4.7351061830636318
9.7458820998289841
13.810359012616486
9.8930410525890444
13.664818450075694
13.807861932972443
10.633126520507879
3.765982633176753
9.8244466603458314
4.3247569436646076
9.3953789869417914
4.5524617539895198
4.4966297358206608
3.8442792247019075
4.4966297959090467
9.3953789507264194
3.407950077158493
4.5527004025563418
11.125357051718886
4.5527004025563418
5.1325399163245464
4.0698245039172463
3.9708770808779459
4.5527004025563418
5.4533451937140462
6.4918147916625042
9.5071694979092278
6.9385919867111667
4.0698245139422227
3.3540969731181742
12.687439697861681
6.5352066649121427
3.5580148123873028
13.687209645039729
3.7711037816571675
3.6129347186272525
10.477561096841063
4.366513178568451
3.0674073298260356
4.1252541732123271
13.311329754567312
9.8081773768117682
8.9667986812601779
4.7130974745418523
4.0730779031041164
4.0472626539662508
10.705232183342293
4.7140815376143337
13.513388766415497
13.076589558476261
10.633126520507879
6.4972813373064229
6.4191145592867018
4.0428807484198623
4.209320613857181
8.9969926440501418
11.449743181936141
11.741417989273847
13.107716600618005
13.520418508861141
5.5641363531896024
10.985668011474161
11.372202710330937
10.510861922818794
11.132854104585521
6.4972813373064229
7.3411010260361094
7.3044070938412737
8.1080151087568453
3.765982633176753
3.9648084811518762
2.2608185368477405
3.4191533142122772
3.7711037816571675
3.7781476766493807
12.548118206046716
12.621595510536586
13.734576765150338
8.6623913288838033
6.280891024547687
8.6625345161964429
12.432385039683689
8.6910636870776141
11.929656804824246
7.3411010260361094
7.267597152481116
7.3399158898963224
8.123578754664825
9.8244466603458314
5.5566828687625494
5.9447395262423823
6.3523185642324558
7.1724766111203024
5.2791178467074946
5.7144793849738376
11.449743181936141
13.168129469620196
4.3247569436646076
9.1351710038598757
5.013787439223643
7.5297699414272721
4.809687457232739
12.367261872550284
13.16933826123616
13.360989371854297
3.8806366774200809
4.2565991302546067
4.258508431663973
4.000008423505987
13.739623569846186
10.720718827363431
4.9285195276109883
11.903655372784719
12.380752416047743
11.781873554574508
2.6286756360245316
2.2608185368477405
3.2834159873431412
9.0493629597727008
5.2585152764980378
3.610879819727459
6.2607500045986235
5.7754112580778978
3.2260183630980834
4.9319404819217034
3.0305287429734635
3.2823044184348373
13.69920003573246
13.752190451889062
5.5566828687625494
7.0412593874878739
7.3283996940597262
7.3283996940597262
5.8912930863927446
7.1035851823242409
13.464417237675198
13.639745277325492
13.351955139195526
3.2834159873431412
9.3953789869417914
4.1252541732123271
3.8806366774200809
11.515945966666573
11.147659443282217
10.40272482345399
12.909365525708163
13.609759981394438
13.066944108240035
7.9416196254573839
8.1134957799665592
8.1448192720191823
8.1414619376770361
6.5136636271978068
13.029157992710035
11.048846916911927
12.594443358879367
11.741417989273847
13.311329754567312
13.384626628924391
11.666341001854034
10.148135633300926
4.3334562253077218
6.6698717287155294
13.650563095215366
12.909365525708163
12.209990272089135
5.9447395262423823
6.9467701753052786
3.279092939038712
3.2003670318072674
9.9904037063515201
9.3824335887094836
13.230684312207009
12.640109987839104
11.201749791812306
11.484984424528612
4.5524617539895198
3.6848575571956661
5.3426576262136756
3.5393346157682184
4.7144229439177865
5.7939690762128144
7.267597152481116
7.9416196254573839
7.3723991164424172
8.1951208414707715
5.2810146531983859
11.473671202431071
5.7202129654421618
5.2847288779687256
10.640351203416213
12.209990272089135
10.553417975976632
9.0493629597727008
12.363007024577822
12.685240769381096
6.8947094693784852
5.5370830143283696
6.1756033876539362
4.8860169192068312
5.6979440939007242
13.107716600618005
13.076589558476261
11.879386504668647
12.748779029053727
4.4966297358206608
13.755372052219229
3.9927702097377651
8.591732388647408
9.7717430278316435
9.3500412427509954
13.42916402995643
8.606356001726672
3.8442792247019075
4.0428807484198623
13.687631821468802
9.9913673617908021
9.6496257457722852
13.520418508861141
4.4966297959090467
8.6201577107775922
8.6989328272132127
5.2585152764980378
3.4297486160147872
9.9904037063515201
13.127672375689718
10.030852287179284
13.464417237675198
13.720663118806632
8.6078036209312554
8.5067667391866184
8.591732388647408
9.2160274922368348
9.3351048146633087
5.5641363531896024
5.2810146531983859
9.7717430278316435
9.3548778707905846
13.316290913684286
11.1310210956053
12.880258110965261
9.3824335887094836
9.3500412427509954
9.3548778707905846
9.3646596899290273
6.8947094693784852
5.6988791955291642
3.9781863584504991
5.0842317903137308
4.5412528585955378
3.610879819727459
13.029157992710035
3.2356170647371987
6.2463391272415354
3.2356165485434079
2.942881838349785
3.2360496732844268
3.0255286658133889
9.4700202801979074
3.5131897354032358
4.6992503875921816
9.6265148785956463
5.442175225243389
4.1178837520512133
12.092303014285825
5.3143108808232133
13.316290913684286
6.6246025022237056
7.685710054409971
6.6843625769180131
6.626458672840152
7.0184935020833867
12.621595510536586
12.672444694275521
11.473671202431071
11.491170889416136
6.1756033876539362
5.6979555059106444
3.279092939038712
3.2356170647371987
2.8855021393396965
3.524089630720769
13.609759981394438
13.340453023250459
4.6992503875921816
5.2401548732531547
9.3953789507264194
13.755372052219229
12.685240769381096
7.9036699537983051
6.2607500045986235
4.4286045921825625
5.2948674971259946
10.553417975976632
8.6623913288838033
8.5847443006835178
5.0842317903137308
9.6265148785956463
5.0842317903137308
3.7024773396151849
3.9747894422881358
10.101055025894244
9.8162332180786365
11.1310210956053
4.5411971817449404
3.9393871849198034
11.420014702452583
3.407950077158493
3.6848575571956661
9.4627377289567285
9.5360414426325359
6.3523185642324558
4.5527004025563418
6.5655010782382561
9.6106190674379306
9.2184011371967838
8.8186302777583645
9.3022093821478382
8.4095051132302512
7.3044070938412737
7.3399158898963224
8.0469811863994618
12.482448012646088
5.0227808494840085
5.0842317903137308
4.5412528585955378
3.6129347186272525
2.5937155886430867
3.6861712023647812
9.3646596899290273
10.852103032516194
5.6988791955291642
6.3602440899747386
6.2463391272415354
6.3602440899747386
11.125357051718886
11.201749791812306
3.6289414337276398
5.2688990741280204
5.7754112580778978
3.2356165485434079
13.246825016721031
13.752190451889062
9.8081773768117682
12.594338342385589
13.47221399662371
11.426726967796391
10.477561096841063
10.021991283169282
11.608088893602009
10.659785817541492
4.5527004025563418
8.6201577107775922
9.2184011371967838
4.0813475198537033
11.515945966666573
11.608088893602009
10.912471139545252
5.4134972475477721
8.9667986812601779
11.438357674133329
4.7130974745418523
13.445898589614728
5.1787243447164562
10.682695762083295
7.5480723882212004
6.896431944462976
4.557458271729903
6.4646829011139797
2.5937155886430867
8.4140248804647335
11.491170889416136
12.380752416047743
5.3426576262136756
6.704707362302031
7.1724766111203024
7.0412593874878739
5.442175225243389
5.3793611573169295
10.119827914649088
13.69920003573246
13.639745277325492
12.482448012646088
3.2260183630980834
4.4286045921825625
2.723364958176492
5.0970893777376611
12.748779029053727
11.718084736760462
12.792892466194857
12.566737247611018
12.397609881680157
3.5393346157682184
5.5370830143283696
3.9781863584504991
6.704707362302031
11.929656804824246
11.718084736760462
6.2194903496646621
6.5136636271978068
6.6246025022237056
6.6153580587275158
7.8741304843477096
12.783158274078769
11.752011426932301
10.471461309846175
13.230684312207009
11.484984424528612
11.034881329997493
11.147659443282217
10.912471139545252
5.1536270145499028
5.4159038278827074
13.351955139195526
13.720663118806632
4.0730779031041164
13.445898589614728
8.8186302777583645
7.5480723882212004
8.896246502745397
12.444999955002194
9.2160274922368348
9.5360414426325359
10.101055025894244
10.021991283169282
9.0847902324956848
11.903655372784719
13.756512660601253
8.4080246537844339
12.289294482789986
4.2565991302546067
10.659785817541492
5.4134972475477721
13.73051390143805
5.6390217869445021
4.8860169192068312
4.8390572533749268
4.832567644256744
7.3283996940597262
7.1814951930271826
3.9505837373992998
5.0227808494840085
7.7443535209275129
4.8327511756209383
4.8390572533749268
5.1325399163245464
5.2791178467074946
5.1536270145499028
6.1342893583790943
6.7929656798828049
6.1654902260494655
7.685710054409971
7.3283996940597262
7.1814951930271826
2.942881838349785
2.8855021393396965
10.478289055586467
4.0028634621933969
4.6041404725635156
13.42916402995643
3.8304256895412321
3.7508767760017796
4.0698245039172463
9.1351710038598757
4.5411971817449404
11.048846916911927
12.880258110965261
3.9393871849198034
10.478289055586467
3.8304256895412321
3.9141503461226073
13.106567932710417
8.123578754664825
7.3723991164424172
4.5412528585955378
4.1178837520512133
5.2401548732531547
3.7024773396151849
4.5412528585955378
5.3793611573169295
5.2862521423039652
5.1787243447164562
5.1011490697407043
9.1866149423820982
12.092303014285825
9.3022093821478382
8.896246502745397
3.8159260111023809
6.280891024547687
3.8805535447282189
12.291476100150621
10.039018294099515
7.9036699537983051
7.9861223549452376
9.2525178780950146
3.4191533142122772
12.363007024577822
5.6979440939007242
5.6979555059106444
4.9319404819217034
3.4297486160147872
3.2360496732844268
4.0472626539662508
12.594338342385589
11.438357674133329
4.0028634621933969
4.2355121005562539
13.168129469620196
13.16933826123616
10.705232183342293
12.380752416047743
12.317938348121285
3.9708770808779459
6.2313369169484121
5.4483796439920935
4.2325558170750908
6.896431944462976
9.1103307151931325
8.1134957799665592
7.0230747804930678
4.258508431663973
4.000008423505987
3.9747894422881358
5.6473142245696835
5.7252487955809661
3.8865533641323342
4.6041404725635156
3.8805535447282189
4.2355121005562539
6.030736471665195
4.832567644256744
10.148135633300926
10.658671882858759
8.6908225031248048
10.985668011474161
3.0255286658133889
3.7508767760017796
3.9141503461226073
8.4270372051180065
12.672444694275521
3.0305287429734635
3.2003670318072674
9.4700202801979074
3.524089630720769
2.723364958176492
3.0213218774355668
9.899874603661079
2.8628848028214855
3.3770669384114171
11.420014702452583
13.106567932710417
12.792892466194857
13.732535104132833
5.7939690762128144
5.7202129654421618
13.127672375689718
11.399481986749986
3.2823044184348373
3.0213218774355668
6.6698717287155294
6.6205893991054587
10.552659054053489
6.4191145592867018
6.6843625769180131
10.40272482345399
13.384626628924391
13.739623569846186
12.566737247611018
10.720718827363431
4.4701912548608878
4.7140815376143337
5.1011490697407043
3.6861712023647812
3.7135274485973451
8.5017674430133212
11.426726967796391
4.5527004025563418
7.7443535209275129
9.2612708126958587
7.7115469053384365
8.1448192720191823
8.1951208414707715
4.8596876016007071
5.8912930863927446
7.1814951930271826
7.1814951930271826
6.6714324607824356
7.1814951930271826
4.2396255956462658
7.0230747804930678
5.6473142245696835
5.4533451937140462
5.4159038278827074
6.2796977997787007
12.426312202068448
4.7351061830636318
6.1342893583790943
6.2796977997787007
4.366513178568451
3.7781476766493807
3.7135274485973451
6.626458672840152
6.6153580587275158
9.7458820998289841
13.810359012616486
9.8930410525890444
5.2688990741280204
5.7252487955809661
6.6205893991054587
6.6714324607824356
5.2847288779687256
9.899874603661079
12.707746055469844
7.0184935020833867
7.8741304843477096
7.1035851823242409
7.1814951930271826
6.4918147916625042
10.658671882858759
10.852103032516194
5.0970893777376611
2.8628848028214855
12.707746055469844
9.5071694979092278
6.2313369169484121
10.635210835557421
6.4646829011139797
9.2612708126958587
7.2809022947816793
6.9385919867111667
6.7929656798828049
11.372202710330937
13.360989371854297
12.289294482789986
5.2862521423039652
5.4478872594855288
7.9861223549452376
8.606356001726672
9.3351048146633087
4.0698245139422227
3.9927702097377651
10.74214949991525
5.3096514711878893
7.5297699414272721
13.664818450075694
13.807861932972443
7.7115469053384365
7.2809022947816793
12.724983470016108
11.781873554574508
11.879386504668647
12.317938348121285
10.030852287179284
13.47221399662371
5.7144793849738376
6.9467701753052786
6.1654902260494655
6.885336304548451
4.9285195276109883
3.3540969731181742
3.0674073298260356
3.9648084811518762
6.5655010782382561
6.885336304548451
12.687439697861681
12.426312202068448
12.380752416047743
4.209320613857181
4.809687457232739
12.397609881680157
8.6989328272132127
8.4095051132302512
3.3770669384114171
8.6625345161964429
8.5847443006835178
6.5352066649121427
9.8162332180786365
3.5580148123873028
8.6908225031248048
7.2593444599884585
11.034881329997493
8.1080151087568453
8.0469811863994618
13.066944108240035
13.340453023250459
12.297817038767207
1.7625217852597486
3.943198148821188
3.9998680906453341
2.9638439660771119
1.5488115783312342
11.775770178333559
9.6673406230291601
10.065997568580855
5.3045297872330996
1.5588863606843371
11.021968558350967
10.705452446265987
1.8215123440241958
11.81012979197868
4.2971876041388004
2.4635187499443845
2.8233881639915981
2.7724066113577579
9.457751412216691
1.9009967306296596
1.5262464614177251
13.510532925509645
11.154516017899034
5.2701456593615985
1.6874527991013355
2.8378334456793692
9.4753087290514362
12.573952590640053
1.6568200014274941
1.9435671483617791
11.770980564105693
5.2701624265930276
1.8901000814016118
5.3005054660392936
2.4636522611342895
1.9687135357798247
2.9134970228893855
8.2295209652837098
3.3113181292648428
11.40960833151175
13.565262250658625
9.2607061224369627
3.7421278384176468
13.225571831248272
2.3531771502175474
2.7492201618207535
2.4851807267973718
2.2837393520618159
3.7613284498048087
2.3310675154797846
8.9341337932790754
12.831337987939833
11.350342261185419
4.7118509845284446
9.6924515789424923
2.9383046848674002
3.3437172791777576
9.6836150024880308
9.8558077845564753
9.5564955078257565
2.9210715453040819
11.467507312544152
8.9925961797528
2.657847686493775
2.9045438098826768
10.561099334083176
3.0260830992793473
4.5997457426198114
12.192357349902116
5.3252134625709902
11.300423565399456
5.8839877730588448
10.954609816336028
6.111692583383757
6.0558605652148971
5.4035100540961443
6.0558606253032838
10.954609780120657
4.9671809065527297
6.111931231950579
12.684587881113124
6.111931231950579
5.9125016696176873
5.6290553333114834
5.5301079102721831
6.111931231950579
7.0125760231082834
8.0510456210567423
11.066400327303466
8.4978228161054048
5.629055343336459
4.9133278025124119
8.0944374943063799
5.1172456417815404
1.5771776465409422
2.6929994412057909
5.3303346110514047
5.1721655480214901
12.036791926235299
5.9257440079626882
4.6266381592202732
1.5771776465409422
2.3815785826661195
1.6472638005408957
2.6582426726350152
2.1169576853823098
2.1169576853823098
2.3815785826661195
9.6962427747410214
8.5921949852777431
1.5646406353403857
1.4341576239732816
2.7865430829449993
1.432399953720648
10.703453421440884
2.3815785826661195
1.4923438954492934
3.3692886982167507
3.5405969579711534
12.192357349902116
3.8732732843125337
3.6933523945556206
4.537149681426409
3.4559549438040422
3.3113181292648428
12.245887415086411
2.7634501388154722
4.711617528382309
3.2027432385079018
2.9649954120733546
10.873444115220257
2.537960755632497
11.40960833151175
12.297817038767207
3.8732732843125337
6.4307138933048149
4.4913173623773748
9.6672459381510816
5.3252134625709902
5.5240393105461134
3.491593640742352
4.98955344996837
3.7038869969242705
5.3303346110514047
5.3373785060436179
2.3815785826661195
8.7590457683400444
3.4021062583801411
9.242797020693164
13.565262250658625
9.2607061224369627
13.488887634218482
6.4307138933048149
3.2393207690450709
3.6534994973744785
9.6828095840590613
11.300423565399456
3.3331960099644369
3.4685770012240091
7.0478527187421571
7.6339868951680012
3.4083337073672819
6.4186202891019413
12.245887415086411
5.8839877730588448
10.694401833254114
1.7625217852597486
9.0890007708215084
2.8218564959503842
3.943198148821188
2.8120495907167684
3.7512890265159715
2.3018872992814701
3.8368471267983413
3.096417141095547
3.7512890265159715
2.793239828626163
2.5016997507572611
2.4185699117446053
3.2970801865641457
10.742780412728811
2.5095701784537043
13.462886202178955
13.341104383968744
3.7421278384176468
3.491593640742352
4.1121300865424368
10.423542339503514
6.817746105892275
5.1701106491216962
7.8199808339928607
7.334642087472135
4.7852491924923202
6.4911713113159406
4.5897595723677007
4.841535247829075
3.7512890265159715
3.3331960099644369
3.5361846661750183
3.4181481886636198
8.8876305234539625
4.617925954136183
8.662816011718478
3.3013142260667481
3.5371729009380406
4.98955344996837
4.1121300865424368
10.954609816336028
1.6472638005408957
2.3018872992814701
1.8344833855288094
4.0877422012014337
3.5534794416116213
3.8980918693924043
1.835162062034791
2.2040320988900666
10.442863098561647
3.557800346756431
3.9069498647190626
6.6233260225633357
3.4951136866112051
4.8226364723048443
2.935922096423631
3.9998680906453341
3.652510621578831
12.608077746306163
2.9638439660771119
2.7634501388154722
3.5636027023597894
3.8368471267983413
3.2272730517459167
13.225571831248272
11.707366462695163
1.5488115783312342
2.3923408361494851
2.6582426726350152
1.8344833855288094
3.9069498647190626
3.9848777618713105
3.4685770012240091
7.2589892553569113
4.8383237684329492
4.7595978612015042
11.549634535745756
10.941664418103722
12.760980621206542
13.04421525392285
6.111692583383757
5.2440883865899037
6.9018884556079128
5.0985654451624551
2.3531771502175474
3.519761722178413
3.2393207690450709
6.6233260225633357
6.6458893289317098
3.1181321462709506
2.7084877861270713
13.032902031825307
4.099478848919702
3.165028637386786
2.7252033640140456
11.775770178333559
3.9848777618713105
2.3717191607492882
10.423542339503514
2.1169576853823098
8.4539402987727215
7.0963138437226068
4.3006931409183284
3.4464855337686573
3.1688463182628719
3.6520611651871051
2.1169576853823098
13.438617334062883
2.3815785826661195
6.0558605652148971
5.5520010391320023
10.150963218041646
11.33097385722588
10.909272072145232
10.16558683112091
5.4035100540961443
4.537149681426409
3.915019488504734
2.7492201618207535
3.4951136866112051
2.4851807267973718
4.711617528382309
6.0558606253032838
10.17938854017183
10.258163656607449
6.817746105892275
4.9889794454090248
11.549634535745756
11.590083116573521
3.096417141095547
3.9760534108621162
9.6673406230291601
10.065997568580855
10.150963218041646
10.775258321631073
10.894335644057547
3.2027432385079018
2.7084877861270713
11.33097385722588
10.914108700184823
12.690251924999536
10.941664418103722
10.909272072145232
10.914108700184823
10.923890519323264
8.4539402987727215
7.2581100249234014
5.5374171878447358
6.643462619707968
4.2177230453002874
5.1701106491216962
4.7948478941314354
7.8055699566357726
4.7948473779376455
4.5021126677440222
4.795280502678664
4.584759495207626
11.029251109592144
2.2837393520618159
4.5574171150587945
10.575580555237696
3.8531824472248486
3.1727630859764133
13.651533843680063
5.3045297872330996
3.3051652004546779
4.13197649380154
3.5792909587967361
7.4282091603659648
3.628724696070333
3.6671539949463723
3.6954225690683193
2.2315058140643482
13.032902031825307
13.050401718810374
4.3006931409183284
3.6520673845205089
4.8383237684329492
4.7948478941314354
4.4447329687339341
5.0833204601150062
3.7613284498048087
4.5574171150587945
6.7993857026473918
10.954609780120657
9.4629007831925414
7.8199808339928607
5.9878354215768006
1.5588863606843371
2.3717191607492882
8.7590457683400444
10.143975130077754
6.643462619707968
10.575580555237696
3.3051652004546779
3.3488927900289696
4.070731751207477
2.7518645749790216
2.4746981695710657
3.9296840060455867
3.3051652004546779
11.66028585528848
11.375464047472873
12.690251924999536
6.1004280111391775
5.4986180143140411
12.979245531846821
4.9671809065527297
5.2440883865899037
11.021968558350967
11.095272272026772
7.0478527187421571
6.111931231950579
8.1247319076324924
10.705452446265987
10.77763196659102
8.914000760361688
10.861440211542075
9.9687359426244875
4.4913173623773748
3.6534994973744785
8.5725995367925947
3.3977665694297743
2.7663864494286576
3.3488927900289696
2.9664235384820921
5.1721655480214901
4.1529464180373239
5.245402031759018
10.923890519323264
12.41133386191043
7.2581100249234014
7.9194749193689757
7.8055699566357726
7.9194749193689757
12.684587881113124
12.760980621206542
2.3310675154797846
3.3013142260667481
4.1571729370307553
7.334642087472135
4.7948473779376455
4.070731751207477
3.5346129230966099
9.6962427747410214
4.099478848919702
4.1770384147217117
12.036791926235299
11.58122211256352
13.167319722996245
10.632196992458253
6.111931231950579
10.17938854017183
10.77763196659102
1.8215123440241958
3.7421687864529805
4.0877422012014337
13.167319722996245
3.1471753977196602
2.8550151165717867
8.5921949852777431
12.997588503527565
2.6929994412057909
1.5646406353403857
1.8514251239904034
1.7870576575886192
11.81012979197868
4.0099243512175873
4.0677949755022773
4.2971876041388004
8.023913730508216
4.1529464180373239
8.9341337932790754
13.050401718810374
6.9018884556079128
8.2639381916962691
7.6339868951680012
3.5361846661750183
3.8531824472248486
4.0039857345709269
2.4635187499443845
3.9322225465533549
3.3977665694297743
4.7852491924923202
5.9878354215768006
4.2825957875707292
6.6563202071318983
13.2773155661547
5.0985654451624551
7.0963138437226068
5.5374171878447358
8.2639381916962691
13.488887634218482
13.2773155661547
2.8233881639915981
3.652510621578831
3.5792909587967361
3.6116321603573507
4.1465744509974281
2.7724066113577579
2.0864284700929563
12.831337987939833
11.350342261185419
4.7118509845284446
13.04421525392285
12.594112159391731
3.5534794416116213
3.1471753977196602
6.256895961015319
6.9751346572769446
4.2998641627934227
1.4341576239732816
1.8514251239904034
8.914000760361688
4.0099243512175873
9.4252873635319947
10.775258321631073
11.095272272026772
11.66028585528848
11.58122211256352
9.6924515789424923
13.462886202178955
3.7512890265159715
3.8980918693924043
9.457751412216691
2.793239828626163
10.632196992458253
2.8550151165717867
3.7096712142913062
3.4464855337686573
3.4171135478531336
2.9383046848674002
3.1688463182628719
4.2998641627934227
3.4171135478531336
2.8899898361390219
2.8847098934492124
3.6444108280454923
3.4181481886636198
2.7225824879418123
1.9009967306296596
2.7663864494286576
9.303584350321751
3.3437172791777576
2.8899898361390219
5.9125016696176873
3.4083337073672819
6.256895961015319
7.100072876073888
7.747123204738589
7.7247210554437027
7.4282091603659648
8.8876305234539625
6.9535936559336982
4.5021126677440222
4.4447329687339341
12.037519884980703
2.2539021617247208
2.5884532791863655
2.7865430829449993
1.835162062034791
4.1679627549682809
5.3896565189354693
5.3101076053960163
5.6290553333114834
10.694401833254114
6.1004280111391775
12.608077746306163
5.4986180143140411
12.037519884980703
5.3896565189354693
5.4733811755168444
9.6828095840590613
6.6458893289317098
4.2177230453002874
3.1727630859764133
6.7993857026473918
2.7518645749790216
2.9664235384820921
3.5346129230966099
4.0039857345709269
3.6278962525261251
2.2315058140643482
1.7870576575886192
2.0029010016002275
3.3692886982167507
9.6836150024880308
13.651533843680063
10.861440211542075
9.4252873635319947
1.5262464614177251
3.4021062583801411
3.7477310571428304
13.510532925509645
11.154516017899034
9.4629007831925414
9.5453531843394757
9.8558077845564753
3.7038869969242705
3.6520611651871051
3.6520673845205089
6.4911713113159406
4.9889794454090248
4.795280502678664
1.432399953720648
12.997588503527565
2.2539021617247208
2.6778735335673827
2.9649954120733546
3.5636027023597894
10.703453421440884
5.5301079102721831
7.7905677463426493
5.2701456593615985
1.6874527991013355
4.0677949755022773
9.5564955078257565
4.8226364723048443
4.8909494360023853
2.5016997507572611
3.9760534108621162
3.7096712142913062
2.4185699117446053
3.2272730517459167
3.915019488504734
4.13197649380154
2.4746981695710657
2.5567123347920977
2.9555940523708371
3.1078318471103832
2.8378334456793692
2.5884532791863655
3.7477310571428304
2.6778735335673827
2.9210715453040819
2.8847098934492124
3.1834049229049293
4.5217842011500995
11.707366462695163
12.217902712252995
10.250053332519041
10.873444115220257
4.584759495207626
5.3101076053960163
5.4733811755168444
9.4753087290514362
4.5897595723677007
4.7595978612015042
11.029251109592144
5.0833204601150062
4.2825957875707292
4.5805527068298035
11.459105433055317
4.4221156322157231
4.9362977678056543
12.979245531846821
2.2040320988900666
4.1679627549682809
3.519761722178413
3.165028637386786
3.2970801865641457
2.5567123347920977
12.573952590640053
3.9322225465533549
4.841535247829075
4.5805527068298035
2.3923408361494851
2.6781016022455701
11.467507312544152
3.6933523945556206
3.628724696070333
10.442863098561647
2.3815785826661195
10.742780412728811
1.6568200014274941
1.4923438954492934
2.0864284700929563
2.0029010016002275
5.245402031759018
5.2727582779915823
8.9925961797528
4.1770384147217117
4.2553848738931892
6.111931231950579
9.303584350321751
10.820501642090097
9.2707777347326736
2.935922096423631
3.1181321462709506
1.9435671483617791
4.617925954136183
2.7225824879418123
6.9535936559336982
3.0799184752845727
6.9535936559336982
2.657847686493775
4.8909494360023853
2.9555940523708371
7.0125760231082834
6.9751346572769446
7.8389286291729379
2.9045438098826768
4.2553848738931892
7.100072876073888
7.8389286291729379
5.9257440079626882
5.3373785060436179
5.2727582779915823
3.6671539949463723
3.6116321603573507
10.561099334083176
3.0260830992793473
3.5371729009380406
4.1571729370307553
3.1078318471103832
2.6781016022455701
3.0799184752845727
2.7252033640140456
11.459105433055317
3.6954225690683193
4.1465744509974281
8.662816011718478
6.9535936559336982
8.0510456210567423
12.217902712252995
12.41133386191043
6.6563202071318983
4.4221156322157231
11.066400327303466
7.7905677463426493
11.770980564105693
8.023913730508216
10.820501642090097
8.8401331241759173
8.4978228161054048
7.747123204738589
3.5405969579711534
2.537960755632497
2.8120495907167684
3.9296840060455867
3.6278962525261251
5.2701624265930276
9.5453531843394757
10.16558683112091
10.894335644057547
5.629055343336459
5.5520010391320023
1.8901000814016118
5.3005054660392936
9.0890007708215084
4.5997457426198114
3.1834049229049293
9.2707777347326736
8.8401331241759173
2.4636522611342895
13.341104383968744
13.438617334062883
11.590083116573521
3.6444108280454923
4.5217842011500995
6.4186202891019413
7.2589892553569113
7.7247210554437027
8.4445671339426873
2.5095701784537043
3.557800346756431
4.9133278025124119
4.6266381592202732
5.5240393105461134
8.1247319076324924
8.4445671339426873
1.9687135357798247
3.7421687864529805
2.9134970228893855
3.3692886982167507
3.4559549438040422
2.8218564959503842
3.3692886982167507
10.258163656607449
9.9687359426244875
4.9362977678056543
9.242797020693164
10.143975130077754
8.0944374943063799
11.375464047472873
5.1172456417815404
10.250053332519041
8.2295209652837098
12.594112159391731
9.6672459381510816
8.5725995367925947
3.3051652004546779
12.952304892738731
3.6029625023892056
1.5428111567632459
4.7228135635183062
4.7794835053424531
3.7434593807742305
1.4779222005745807
12.423198112529128
10.297764633033692
10.845612983277974
5.8020074521459852
1.4624650129681214
11.801583973048084
3.7265412448261634
1.8340464758240163
12.455693553430896
4.7772622899269654
2.0500731206474492
3.6030035786887167
3.0521377300475776
10.086088905188728
1.8555477793398978
1.5159791497913913
11.79732655855204
5.7575238364896002
1.66513903354865
3.6174488603764878
10.103339131561549
13.230768048362551
1.6276072161091655
1.7126187628670435
2.7146708826780466
12.418490805716139
5.7575683826118
1.7043907785704659
5.7980181286317283
2.0501104133462107
1.721501837611761
1.9280749584105701
8.8418093899890504
4.0909335439619614
12.189223746208867
10.040321537134082
4.5217432531147654
13.515666374098846
3.1327925649146664
3.5288355765178721
3.2647961414944904
3.0633547667589349
4.5409438645019273
3.1106829301769032
9.7137492079761945
13.610953402636952
12.129957675882537
5.4914663992255637
10.472066993639611
3.7179200995645187
4.1233326938748753
10.46323041718515
10.635423199253594
10.336110922522876
3.7006869600012005
12.247122727241271
9.772211594449919
3.4374631011908936
3.6841592245797949
11.340714748780295
3.8056985139764659
5.3793611573169295
12.871919312962572
4.4361766881118294
12.028153377083173
6.3468425759927634
11.619199783615157
6.3475942923172104
6.3455674615667066
6.1831254687932633
6.3455674900813648
11.619199710817025
4.278289526707332
6.347712741011879
13.464203295810242
6.347712741011879
2.6338235011831648
4.5307487466255063
5.8657988128327805
6.347712741011879
7.7921914378054016
8.6948089972460565
11.735692851556264
9.2774382308025221
3.3720179894991111
4.5307487478884436
4.2523643121559207
3.8755074247116381
3.4789359312258159
2.3567930612380605
3.0032313006408944
6.1099500257485229
5.9517809627186082
12.816407340932418
6.7053594226598072
5.4062535739173914
2.3567930612380605
3.1611939973632381
2.4268792152380141
3.4378580873321338
2.8965731000794284
2.8965731000794284
3.1611939973632381
10.475858189438139
9.3718103999748621
2.3442560500375045
2.2137730386704004
3.5661584976421179
2.2120153684177666
11.483068836138001
3.1611939973632381
2.2719593101464119
4.1489041129138693
4.320212372668272
12.871919312962572
4.6528886990096527
4.4729678092527392
5.3167650961235271
3.6899157865315217
4.0909335439619614
13.02550282978353
3.5430655535125908
5.491232943079428
3.9823586532050204
3.7446108267704732
11.653059529917376
3.3175761703296156
12.189223746208867
12.952304892738731
4.6528886990096527
7.2103293080019339
5.2709327770744938
10.446861352848201
4.4361766881118294
6.3036547252432316
4.2712090554394706
5.7691688646654891
4.4835024116213891
6.1099500257485229
6.116993920740736
3.1611939973632381
9.5386611830371617
4.1817216730772593
10.022412435390283
3.6029625023892056
4.2440817357101741
10.040321537134082
7.2103293080019339
4.0189361837421895
4.4331149120715976
10.46242499875618
12.028153377083173
3.30943699756142
3.3236678174612604
7.5007180320718794
4.2902450961560499
3.0966897846303216
6.8727089305727711
13.02550282978353
6.3468425759927634
11.474017247951231
1.5428111567632459
9.8686161855186274
2.6201589388094826
4.7228135635183062
3.5916650054138866
4.5309044412130905
3.0815027139785887
4.6164625414954603
3.8760325557926656
4.5309044412130905
3.5728552433232816
3.2813151654543793
3.1981853264417239
4.0766956012612647
11.522395827425928
3.2891855931508225
4.5217432531147654
4.2712090554394706
4.8917455012395559
11.203157754200634
7.5973615205893941
5.9497260638188143
8.5995962486899789
8.114257502169254
5.5648646071894392
7.2707867260130596
5.3693749870648189
5.6211506625261931
4.5309044412130905
3.0023253635498963
3.30943699756142
3.2314367552225569
2.9305174424240437
9.6672459381510816
4.5059230503275511
4.4396423703760135
4.0809296407638662
4.3167883156351596
5.7691688646654891
4.8917455012395559
11.619199783615157
2.4268792152380141
3.0815027139785887
2.6140988002259276
4.8673576158985519
4.3330948563087404
4.6777072840895233
2.6147774767319096
2.9836475135871852
11.222478513258766
4.33741576145355
4.6865652794161816
7.4029414372604538
4.2747291013083242
5.6022518870019633
3.7155375111207496
4.7794835053424531
4.4321260362759487
13.387693161003282
3.7434593807742305
3.5430655535125908
4.3432181170569075
4.6164625414954603
4.0068884664430353
13.515666374098846
4.0876073619594422
1.4779222005745807
2.4380862414907747
3.4378580873321338
2.6140988002259276
4.6865652794161816
4.7644931765684291
3.3236678174612604
4.0028590704547762
5.6179391831300673
5.5392132758986232
12.329249950442875
11.721279832800841
4.0101843318593442
12.72078152085126
6.3475942923172104
6.0237038012870219
7.6815038703050318
5.8781808598595742
3.1327925649146664
4.2993771368755311
4.0189361837421895
7.4029414372604538
7.425504743628828
3.8977475609680692
3.4881032008241899
13.812517446522426
4.8790942636168202
3.9446440520839046
3.5048187787111638
12.423198112529128
4.7644931765684291
2.8567992038667835
11.203157754200634
2.8965731000794284
9.2335557134698405
7.8759292584197258
5.0803085556154466
4.2261009484657759
3.9484617329599905
4.4316765798842237
2.8965731000794284
3.1611939973632381
6.3455674615667066
6.3316164538291204
10.930578632738763
12.110589271922999
11.688887486842351
10.945202245818029
6.1831254687932633
5.3167650961235271
4.6946349032018526
3.5288355765178721
4.2747291013083242
3.2647961414944904
5.491232943079428
6.3455674900813648
10.959003954868948
11.037779071304568
7.5973615205893941
5.768594860106143
12.329249950442875
12.36969853127064
3.8760325557926656
4.7556688255592352
10.297764633033692
10.845612983277974
10.930578632738763
11.554873736328192
11.673951058754664
3.9823586532050204
3.4881032008241899
12.110589271922999
11.69372411488194
13.469867339696656
11.721279832800841
11.688887486842351
11.69372411488194
11.703505934020383
9.2335557134698405
8.0377254396205196
6.3170326025418548
7.4230780344050862
4.9973384599974064
5.9497260638188143
5.5744633088285545
8.5851853713328907
5.5744627926347645
5.2817280824411412
5.5748959173757822
5.3643749099047442
11.808866524289263
3.0633547667589349
5.3370325297559127
11.355195969934815
4.6327978619219667
3.9523785006735319
5.8020074521459852
4.0847806151517965
4.9115919084986581
4.3589063734938547
8.2078245750630838
4.4083401107674511
4.4467694096434904
4.4750379837654384
2.2003662417461096
13.812517446522426
5.0803085556154466
4.4316827992176275
5.6179391831300673
5.5744633088285545
5.2243483834310522
5.8629358748121243
4.5409438645019273
5.3370325297559127
7.57900111734451
11.619199710817025
10.24251619788966
8.5995962486899789
6.7674508362739187
1.4624650129681214
2.8567992038667835
9.5386611830371617
10.923590544774873
7.4230780344050862
11.355195969934815
4.0847806151517965
4.1285082047260877
4.8503471659045951
3.5314799896761402
3.2543135842681838
4.7092994207427052
4.0847806151517965
12.439901269985599
11.684980528646177
13.469867339696656
6.8800434258362957
6.2782334290111601
13.75886094654394
4.278289526707332
6.0237038012870219
11.801583973048084
11.874887686723891
7.5007180320718794
6.347712741011879
8.9043473223296115
3.7265412448261634
4.0101843318593442
11.557247381288139
9.693616175058807
11.641055626239194
10.748351357321607
5.2709327770744938
4.4331149120715976
9.3522149514897137
2.7466964539109733
2.6318252088517271
4.1285082047260877
3.7460389531792107
5.9517809627186082
4.932561832734442
6.025017446456137
11.703505934020383
13.190949276607549
8.0377254396205196
8.6990903340660939
8.5851853713328907
8.6990903340660939
13.464203295810242
12.72078152085126
3.1106829301769032
4.0809296407638662
4.9367883517278734
8.114257502169254
5.5744627926347645
4.8503471659045951
4.3142283377937289
10.475858189438139
4.8790942636168202
4.9566538294188298
12.816407340932418
12.360837527260637
11.411812407155372
6.347712741011879
10.959003954868948
11.557247381288139
1.8340464758240163
3.7222942667266685
4.8673576158985519
3.9267908124167787
3.6346305312689053
9.3718103999748621
13.777203918224684
3.0032313006408944
2.3442560500375045
2.2329971800150821
1.9864731639119519
3.4592278131773684
12.455693553430896
4.7895397659147063
4.0424875617554585
4.7772622899269654
8.803529145205335
4.932561832734442
9.7137492079761945
7.6815038703050318
9.0435536063933863
4.2902450961560499
3.2314367552225569
4.6327978619219667
4.7836011492680459
2.0500731206474492
4.7118379612504739
2.7466964539109733
5.5648646071894392
6.7674508362739187
5.0622112022678483
7.4359356218290174
5.8781808598595742
7.8759292584197258
6.3170326025418548
9.0435536063933863
3.6030035786887167
4.4321260362759487
4.3589063734938547
4.3912475750544688
4.9261898656945471
3.0521377300475776
1.8414559884598389
13.610953402636952
12.129957675882537
5.4914663992255637
13.373727574088848
4.3330948563087404
3.9267908124167787
5.7696968573188725
7.7547500719740636
5.0794795774905408
2.2137730386704004
2.2329971800150821
4.1168290202582876
4.2099380352712519
9.693616175058807
4.7895397659147063
10.204902778229114
11.554873736328192
11.874887686723891
12.439901269985599
12.360837527260637
10.472066993639611
4.5309044412130905
4.6777072840895233
10.086088905188728
3.5728552433232816
11.411812407155372
3.6346305312689053
4.4892866289884248
4.2261009484657759
4.1967289625502522
3.7179200995645187
3.9484617329599905
5.0794795774905408
4.1967289625502522
3.6696052508361405
3.664325308146331
4.4240262427426105
2.9305174424240437
2.0945483021024143
1.8555477793398978
2.6318252088517271
10.083199765018868
3.4678802883597717
4.1233326938748753
3.6696052508361405
2.6338235011831648
3.0966897846303216
5.7696968573188725
6.4627875193603748
7.0980912802291725
2.6615041655139509
3.8926463528933439
8.2078245750630838
9.6672459381510816
6.9219112469975226
5.2817280824411412
5.2243483834310522
12.817135299677823
3.0335175764218394
3.3680686938834841
3.5661584976421179
2.6147774767319096
4.9475781696654
6.1692719336325874
6.0897230200931354
4.5307487466255063
11.474017247951231
6.8800434258362957
13.387693161003282
6.2782334290111601
12.817135299677823
6.1692719336325874
6.2529965902139635
10.46242499875618
7.425504743628828
4.9973384599974064
3.9523785006735319
7.57900111734451
3.5314799896761402
3.7460389531792107
4.3142283377937289
4.7836011492680459
4.4075116672232433
2.2003662417461096
1.9864731639119519
1.925878150962042
2.4406309638005448
10.46323041718515
11.641055626239194
10.204902778229114
1.5159791497913913
4.1817216730772593
4.527346471839949
11.79732655855204
10.24251619788966
10.324968599036593
10.635423199253594
4.4835024116213891
4.4316765798842237
4.4316827992176275
7.2707867260130596
5.768594860106143
5.5748959173757822
2.2120153684177666
13.777203918224684
3.0335175764218394
3.4574889482645013
3.7446108267704732
4.3432181170569075
11.483068836138001
3.4592278131773684
5.8657988128327805
8.5701831610397683
5.7575238364896002
1.66513903354865
4.0424875617554585
10.336110922522876
5.6022518870019633
5.6705648506995034
3.2813151654543793
4.7556688255592352
4.4892866289884248
3.1981853264417239
4.0068884664430353
4.6946349032018526
4.9115919084986581
3.2543135842681838
3.3363277494892163
3.7352094670679561
3.8874472618075022
3.6174488603764878
3.3680686938834841
4.527346471839949
3.4574889482645013
3.7006869600012005
3.664325308146331
3.9630203376020479
5.3013996158472176
4.0876073619594422
12.997518126950114
4.1647779619702252
11.653059529917376
5.3643749099047442
6.0897230200931354
6.2529965902139635
10.103339131561549
5.3693749870648189
5.5392132758986232
11.808866524289263
5.8629358748121243
5.0622112022678483
5.3601681215269226
12.238720847752434
5.2017310469128413
5.7159131825027734
13.75886094654394
2.9836475135871852
4.9475781696654
4.2993771368755311
3.9446440520839046
4.0766956012612647
3.3363277494892163
13.230768048362551
4.7118379612504739
5.6211506625261931
5.3601681215269226
2.4380862414907747
2.3744033310703254
12.247122727241271
4.4729678092527392
4.4083401107674511
11.222478513258766
3.1611939973632381
11.522395827425928
1.6276072161091655
2.2719593101464119
4.2440817357101741
1.8414559884598389
1.925878150962042
3.4505044030718683
6.025017446456137
6.0523736926887004
9.772211594449919
4.9566538294188298
5.0350002885903073
6.347712741011879
10.083199765018868
11.600117056787214
10.050393149429791
3.7155375111207496
3.8977475609680692
1.7126187628670435
3.0023253635498963
4.5059230503275511
2.0945483021024143
6.9219112469975226
2.4032735441153279
2.6144690705741196
3.4374631011908936
5.6705648506995034
3.7352094670679561
7.7921914378054016
7.7547500719740636
8.618544043870056
3.6841592245797949
5.0350002885903073
6.4627875193603748
8.618544043870056
6.7053594226598072
6.116993920740736
6.0523736926887004
4.4467694096434904
4.3912475750544688
11.340714748780295
2.7146708826780466
3.8056985139764659
4.3167883156351596
4.9367883517278734
3.8874472618075022
2.3744033310703254
2.4032735441153279
3.5048187787111638
12.238720847752434
4.4750379837654384
4.9261898656945471
4.4396423703760135
2.6144690705741196
8.6948089972460565
12.997518126950114
13.190949276607549
7.4359356218290174
5.2017310469128413
11.735692851556264
8.5701831610397683
12.418490805716139
8.803529145205335
11.600117056787214
9.6197485388730346
9.2774382308025221
7.0980912802291725
4.320212372668272
3.3175761703296156
3.5916650054138866
3.3720179894991111
2.6615041655139509
4.7092994207427052
4.4075116672232433
5.7575683826118
10.324968599036593
10.945202245818029
11.673951058754664
4.5307487478884436
6.3316164538291204
1.7043907785704659
5.7980181286317283
9.8686161855186274
5.3793611573169295
3.9630203376020479
4.1168290202582876
10.050393149429791
9.6197485388730346
2.0501104133462107
12.36969853127064
4.4240262427426105
5.3013996158472176
6.8727089305727711
4.0028590704547762
3.8926463528933439
7.7498546405636155
3.2891855931508225
4.33741576145355
4.2523643121559207
5.4062535739173914
6.3036547252432316
8.9043473223296115
7.7498546405636155
1.721501837611761
3.7222942667266685
1.9280749584105701
3.4678802883597717
2.4406309638005448
3.4505044030718683
3.6899157865315217
2.6201589388094826
4.1489041129138693
4.2099380352712519
11.037779071304568
10.748351357321607
5.7159131825027734
10.022412435390283
10.923590544774873
3.8755074247116381
11.684980528646177
3.4789359312258159
4.1647779619702252
8.8418093899890504
13.373727574088848
10.446861352848201
9.3522149514897137
4.0847806151517965
13.731920307435848
4.3825779170863246
2.3224265714603645
5.5024289782154243
5.5590989200395722
4.5230747954713495
2.257537615271699
13.202813527226246
11.077380047730811
11.625228397975093
6.5816228668431034
2.2420804276652402
12.581199387745203
4.506156659523282
2.6136618905211351
13.235308968128015
5.5568777046240845
2.8296885353445678
4.3826189933858348
3.8317531447446962
10.865704319885845
2.6351631940370162
2.2955945644885096
12.576941973249157
6.5371392511867192
2.4447544482457686
4.397064275073606
10.882954546258668
2.4072226308062841
2.4922341775641623
3.4942862973751652
13.198106220413258
6.5371837973089182
2.4840061932675845
6.5776335433288473
2.8297258280433293
2.5011172523088794
2.7076903731076887
9.6214248046861695
4.8705489586590796
12.968839160905986
10.819936951831199
5.3013586678118836
3.912407979611785
4.3084509912149906
4.0444115561916085
3.8429701814560531
5.3205592791990464
3.8902983448740218
10.493364622673312
12.909573090579656
6.2710818139226827
11.25168240833673
4.4975355142616369
4.9029481085719944
11.242845831882267
11.415038613950713
11.115726337219993
4.4803023746983186
13.02673814193839
10.551827009147038
4.2170785158880122
4.463774639276914
12.120330163477414
4.5853139286735844
6.1589765720140486
13.165614033591664
2.152546693091101
12.243349107265038
6.1042509232295004
3.2911163365103584
11.859970939099959
2.2484587031645895
5.8623352789359853
6.9627408834903814
5.8623352716914168
11.859970741286057
2.1385975748828696
2.2484593655201102
5.8068595241668364
1.6667610778755984
2.7863480864376373
5.438765642049094
5.8068595241668364
2.4419026517015379
8.8675670508855635
11.992702804091545
2.4055005178033366
1.7570804687624229
3.4729538217228102
2.1361877089464794
1.947369388940019
1.9169429778391729
3.1364084759351791
3.782846715338013
3.148267435800336
3.140842412473817
13.596022755629537
6.3021083059756791
2.5431258454273062
3.1364084759351791
3.9408094120603567
3.2064946299351327
4.217473502029252
3.6761885147765474
3.6761885147765474
3.9408094120603567
11.255473604135258
10.151425814671981
3.1238714647346231
2.993388453367519
4.3457739123392365
2.9916307831148852
12.26268425083512
3.9408094120603567
3.0515747248435305
4.9285195276109883
5.0998277873653901
13.165614033591664
5.4325041137067709
5.2525832239498582
6.0963805108206461
4.4695312012286399
4.8705489586590796
13.805118244480648
4.3226809682097089
6.270848357776547
4.7619740679021394
4.5242262414675913
12.432674944614494
4.0971915850267342
12.968839160905986
13.731920307435848
5.4325041137067709
7.9899447226990521
6.050548191771612
11.22647676754532
2.152546693091101
2.726015305327274
5.0508244701365888
6.5487842793626081
5.2631178263185072
3.148267435800336
4.8693393474565214
3.9408094120603567
10.318276597734281
4.9613370877743783
10.8020278500874
4.3825779170863246
5.0236971504072923
10.819936951831199
7.9899447226990521
4.7985515984393077
5.2127303267687157
11.242040413453299
12.243349107265038
2.9112475461763587
2.5173174449552795
3.6376632683677643
3.0495581758517614
3.0184067469697031
2.4055419688391417
6.0208423014835315
13.805118244480648
6.1042509232295004
12.25363266264835
2.3224265714603645
10.648231600215746
3.3997743535066012
5.5024289782154243
4.3712804201110051
5.3105198559102087
3.8611181286757073
5.3960779561925785
4.6556479704897837
5.3105198559102087
4.3524706580204002
4.0609305801514983
3.9778007411388425
4.8563110159583829
12.302011242123047
4.0688010078479415
3.2911163365103584
3.3978252735758185
5.3013586678118836
5.0508244701365888
5.671360915936674
11.982773168897753
8.3769769352865122
6.7293414785159333
9.3792116633870979
8.893872916866373
6.3444800218865582
8.0504021407101778
6.148990401761937
6.4007660772233113
5.3105198559102087
3.2636299944299076
2.9112475461763587
2.8246527529155321
3.2449866828252554
3.9388733277919514
5.0527733779887525
3.3227957556574692
4.8605450554609853
5.0964037303322778
6.5487842793626081
5.671360915936674
11.859970939099959
3.2064946299351327
3.8611181286757073
3.3937142149230461
5.64697303059567
5.1127102710058585
5.4573226987866414
3.3943928914290278
3.7632629282843038
12.002093927955883
5.1170311761506682
5.4661806941132998
8.1825568519575729
5.0543445160054423
6.3818673016990815
4.4951529258178677
5.5590989200395722
5.2117414509730677
2.7306091777898533
3.5862457035135571
4.5230747954713495
4.3226809682097089
5.1228335317540266
5.3960779561925785
4.7865038811401535
4.0469840657130662
2.257537615271699
3.2177016561878933
4.217473502029252
3.3937142149230461
5.4661806941132998
5.5441085912655472
2.5173174449552795
3.5965424796246195
3.5965424796246195
2.5142077596460886
6.3975545978271864
6.3188286905957414
13.108865365139994
12.500895247497958
4.7897997465564632
13.500396935548379
2.2484587031645895
2.5967945509838639
7.1507324940151182
2.60242742879614
3.912407979611785
5.0789925515726502
4.7985515984393077
8.1825568519575729
8.205120158325947
4.6773629756651882
4.2677186155213089
5.6587096783139383
4.7242594667810236
4.2844341934082824
13.202813527226246
5.5441085912655472
3.6364146185639021
11.982773168897753
3.6761885147765474
10.01317112816696
7.5185856245435874
5.8599239703125647
5.005716363162894
4.7280771476571095
5.2112919945813427
3.6761885147765474
3.9408094120603567
5.8623352789359853
7.1112318685262395
11.710194047435882
12.890204686620118
12.46850290153947
11.724817660515146
6.9627408834903814
6.0963805108206461
5.4742503178989717
4.3084509912149906
5.0543445160054423
4.0444115561916085
6.270848357776547
5.8623352716914168
11.738619369566067
11.817394486001685
8.3769769352865122
6.5482102748032611
13.108865365139994
13.149313945967759
4.6556479704897837
5.5352842402563533
11.077380047730811
11.625228397975093
11.710194047435882
12.334489151025309
12.453566473451783
4.7619740679021394
4.2677186155213089
12.890204686620118
12.473339529579059
3.5965424796246195
12.500895247497958
12.46850290153947
12.473339529579059
12.4831213487175
10.01317112816696
8.8173408543176386
5.1185440548671579
8.2026934491022043
5.7769538746945246
6.7293414785159333
6.3540787235256726
9.3648007860300098
6.3540782073318827
6.0613434971382594
6.3545113320729012
6.1439903246018632
12.58848193898638
3.8429701814560531
6.1166479444530317
12.134811384631934
5.4124132766190858
4.7319939153706505
6.5816228668431034
4.8643960298489146
5.6912073231957772
5.1385217881909728
8.9874399897602011
5.1879555254645702
5.2263848243406095
5.2546533984625574
2.9799816564432282
3.5965424796246195
5.8599239703125647
5.2112982139147457
6.3975545978271864
6.3540787235256726
6.0039637981281704
6.6425512895092433
5.3205592791990464
6.1166479444530317
8.3586165320416281
11.859970741286057
11.022131612586779
9.3792116633870979
7.5470662509710378
2.2420804276652402
3.6364146185639021
10.318276597734281
11.703205959471992
8.2026934491022043
12.134811384631934
4.8643960298489146
4.9081236194232067
5.6299625806017142
4.3110954043732592
4.0339289989653029
5.4889148354398243
4.8643960298489146
12.216976828293271
3.4928992944959982
6.7655852980384363
7.0578488437082783
2.1385975748828696
2.5967945509838639
12.581199387745203
12.65450310142101
3.6376632683677643
3.6289616575965069
2.2484593655201102
3.3911327761660575
4.506156659523282
4.7897997465564632
12.336862795985258
10.473231589755926
12.420671040936311
11.527966772018726
6.050548191771612
5.2127303267687157
10.131830366186833
3.5263118686080919
3.4114406235488461
4.9081236194232067
4.5256543678763288
3.140842412473817
4.5128526775551983
6.8046328611532552
12.4831213487175
8.8173408543176386
9.4787057487632129
9.3648007860300098
9.4787057487632129
13.500396935548379
3.8902983448740218
4.8605450554609853
5.7164037664249925
8.893872916866373
6.3540782073318827
5.6299625806017142
5.0938437524908471
11.255473604135258
5.6587096783139383
5.7362692441159489
13.596022755629537
13.140452941957756
12.191427821852489
5.8068595241668364
11.738619369566067
12.336862795985258
2.6136618905211351
4.5019096814237871
5.64697303059567
4.7064062271138978
4.4142459459660239
10.151425814671981
3.782846715338013
3.1238714647346231
3.0126125947122011
2.7660885786090703
4.2388432278744865
13.235308968128015
5.5691551806118245
4.8221029764525776
5.5568777046240845
9.5831445599024541
4.5128526775551983
10.493364622673312
7.1507324940151182
9.8231690210905054
3.0495581758517614
2.8246527529155321
3.7512890265159715
5.4124132766190858
5.5632165639651641
2.8296885353445678
5.4914533759475921
3.5263118686080919
6.3444800218865582
7.5470662509710378
5.8418266169649664
8.2155510365261364
2.9054634081948447
2.60242742879614
7.5185856245435874
5.1185440548671579
9.8231690210905054
2.7306091777898533
3.5862457035135571
4.3826189933858348
5.2117414509730677
5.1385217881909728
5.1708629897515879
5.7058052803916652
3.8317531447446962
2.6210714031569573
3.0184067469697031
12.909573090579656
6.2710818139226827
2.7306091777898533
5.1127102710058585
4.7064062271138978
4.7668727367026484
8.5343654866711827
5.8590949921876598
2.993388453367519
3.0126125947122011
4.8964444349554066
4.98955344996837
10.473231589755926
5.5691551806118245
10.984518192926231
12.334489151025309
12.65450310142101
12.216976828293271
13.140452941957756
11.25168240833673
5.3105198559102087
5.4573226987866414
10.865704319885845
4.3524706580204002
12.191427821852489
4.4142459459660239
5.2689020436855429
5.005716363162894
4.9763443772473712
4.4975355142616369
4.7280771476571095
5.8590949921876598
4.9763443772473712
4.4492206655332591
4.4439407228434495
5.2036416574397295
3.2449866828252554
2.5958850953896828
2.6351631940370162
3.4114406235488461
10.862815179715987
4.2474957030568898
4.9029481085719944
4.4492206655332591
1.6667610778755984
2.4055419688391417
3.3978252735758185
2.7306091777898533
3.6289616575965069
2.7306091777898533
2.7306091777898533
4.7668727367026484
2.0802562487681082
2.0841934526956365
1.6712563532352553
2.4723457025117224
3.4381485011773925
8.9874399897602011
3.9388733277919514
3.9965085831188061
6.0613434971382594
6.0039637981281704
13.59675071437494
3.813132991118958
4.1476841085806022
4.3457739123392365
3.3943928914290278
5.7271935843625181
6.9488873483297064
6.8693384347902535
2.7863480864376373
12.25363266264835
6.7655852980384363
7.0578488437082783
13.59675071437494
6.9488873483297064
7.0326120049110816
11.242040413453299
8.205120158325947
5.7769538746945246
4.7319939153706505
8.3586165320416281
4.3110954043732592
4.5256543678763288
5.0938437524908471
5.5632165639651641
5.1871270819203623
2.9799816564432282
2.7660885786090703
2.7054935656591605
3.2202463784976634
11.242845831882267
12.420671040936311
10.984518192926231
2.2955945644885096
4.9613370877743783
5.3069618865370671
12.576941973249157
11.022131612586779
11.104584013733712
11.415038613950713
5.2631178263185072
5.2112919945813427
5.2112982139147457
8.0504021407101778
6.5482102748032611
6.3545113320729012
2.9916307831148852
3.813132991118958
4.2371043629616194
4.5242262414675913
5.1228335317540266
12.26268425083512
4.2388432278744865
5.438765642049094
9.3497985757368873
6.5371392511867192
2.4447544482457686
4.8221029764525776
11.115726337219993
6.3818673016990815
6.4501802653966216
4.0609305801514983
5.5352842402563533
5.2689020436855429
3.9778007411388425
4.7865038811401535
5.4742503178989717
5.6912073231957772
4.0339289989653029
4.1159431641863353
4.5148248817650742
4.6670626765046208
4.397064275073606
4.1476841085806022
5.3069618865370671
4.2371043629616194
4.4803023746983186
4.4439407228434495
4.7426357522991669
6.0810150305443367
4.0469840657130662
13.777133541647233
2.9336081111302037
12.432674944614494
6.1439903246018632
6.8693384347902535
7.0326120049110816
10.882954546258668
6.148990401761937
6.3188286905957414
12.58848193898638
6.6425512895092433
5.8418266169649664
6.1397835362240407
13.018336262449553
5.9813464616099603
6.4955285971998915
3.7512890265159715
3.7632629282843038
5.7271935843625181
5.0789925515726502
4.7242594667810236
4.8563110159583829
4.1159431641863353
5.4914533759475921
6.4007660772233113
6.1397835362240407
3.2177016561878933
3.154018745767444
13.02673814193839
5.2525832239498582
5.1879555254645702
12.002093927955883
3.9408094120603567
12.302011242123047
2.4072226308062841
3.0515747248435305
5.0236971504072923
2.6210714031569573
2.7054935656591605
4.2301198177689869
6.8046328611532552
6.8319891073858194
10.551827009147038
5.7362692441159489
5.8146157032874264
5.8068595241668364
10.862815179715987
12.379732471484333
10.83000856412691
4.4951529258178677
4.6773629756651882
2.4922341775641623
3.2636299944299076
5.0527733779887525
2.5958850953896828
3.9965085831188061
3.1828889588124465
2.9535531164954851
4.0215176053335133
4.2170785158880122
6.4501802653966216
4.5148248817650742
2.4419026517015379
8.5343654866711827
2.0280345226704473
4.463774639276914
5.8146157032874264
2.0802562487681082
2.0280345226704473
6.3021083059756791
4.8693393474565214
6.8319891073858194
5.2263848243406095
5.1708629897515879
12.120330163477414
3.4942862973751652
4.5853139286735844
5.0964037303322778
5.7164037664249925
4.6670626765046208
3.154018745767444
3.1828889588124465
4.2844341934082824
13.018336262449553
5.2546533984625574
5.7058052803916652
3.3227957556574692
2.9535531164954851
8.8675670508855635
13.777133541647233
8.2155510365261364
5.9813464616099603
11.992702804091545
9.3497985757368873
13.198106220413258
9.5831445599024541
12.379732471484333
10.399363953570154
2.4055005178033366
2.0841934526956365
5.0998277873653901
4.0971915850267342
4.3712804201110051
1.7570804687624229
3.5862457035135571
2.9054634081948447
3.5862457035135571
1.6712563532352553
5.4889148354398243
5.1871270819203623
6.5371837973089182
11.104584013733712
11.724817660515146
12.453566473451783
3.4729538217228102
7.1112318685262395
2.4840061932675845
6.5776335433288473
10.648231600215746
6.1589765720140486
4.7426357522991669
4.8964444349554066
10.83000856412691
10.399363953570154
2.8297258280433293
4.0215176053335133
13.149313945967759
5.2036416574397295
6.0810150305443367
6.0208423014835315
2.5142077596460886
2.4723457025117224
3.4955551760266053
4.0688010078479415
5.1170311761506682
2.1361877089464794
2.5431258454273062
2.726015305327274
3.3911327761660575
3.4381485011773925
3.4955551760266053
2.5011172523088794
4.5019096814237871
2.7076903731076887
4.2474957030568898
3.2202463784976634
4.2301198177689869
4.4695312012286399
3.3997743535066012
4.9285195276109883
4.98955344996837
11.817394486001685
11.527966772018726
6.4955285971998915
10.8020278500874
11.703205959471992
1.947369388940019
3.4928992944959982
1.9169429778391729
2.9336081111302037
9.6214248046861695
11.22647676754532
10.131830366186833
4.8643960298489146
5.1621933317834428
3.1020419861574831
6.2820443929125434
6.3387143347366903
5.3026902101684676
3.0371530299688181
11.856995462427928
12.40484381267221
7.3612382815402224
3.0216958423623588
13.360814802442322
5.2857720742204002
3.3932773052182532
6.3364931193212026
3.6093039500416864
5.1622344080829539
4.6113685594418152
11.645319734582964
3.4147786087341343
3.0752099791856282
13.356557387946276
7.3167546658838374
3.2243698629428872
5.176679689770725
11.662569960955786
3.1868380455034027
3.2718495922612809
4.2739017120722833
7.3167992120060363
3.2636216079647036
7.3572489580259655
3.6093412427404479
3.280732667005998
3.4873057878048068
10.401040219383288
5.6501643733561986
13.748454575603105
11.599552366528318
3.8652596819453473
4.6920233943089036
5.0880664059121088
4.8240269708887276
4.6225855961531712
6.1001746938961645
4.6699137595711404
11.272980037370431
13.689188505276775
7.0506972286198009
12.031297823033848
5.2771509289587559
5.6825635232691125
12.022461246579386
12.194654028647832
11.895341751917112
5.2599177893954376
13.806353556635509
11.331442423844157
4.9966939305851312
5.2433900539740321
12.899945578174531
5.3649293433707035
6.9385919867111667
2.3869106478617512
13.022964521962157
6.7290378262573993
4.070731751207477
12.536422475541281
2.4790756902852698
6.4698456008909417
7.7423562981875005
6.4698455914034376
12.536422260565072
2.3781868639353871
2.4454220328148928
3.3053941495457368
6.4108342967763958
2.4463764925727167
2.7404876114139323
3.2067346012238382
6.4108342967763958
2.8399172974547557
9.5350205863379021
12.671404396209532
3.1851159325004552
2.5366958834595414
4.044533741893181
2.3767845687835512
2.2623540119573446
2.2431261527843422
3.9160238906322982
4.5624621300351311
1.9928578406560773
2.9933884273367815
1.992807267432583
3.0181814127695903
2.6161896903204371
2.6161894875978606
3.6046882938230254
2.3391169604981763
3.9160238906322982
4.7204248267574753
3.9861100446322508
4.9970889167263701
4.4558039294736664
4.4558039294736664
4.7204248267574753
12.035089018832377
10.931041229369098
3.9034868794317417
3.7730038680646372
5.1253893270363555
3.7712461978120038
13.042299665532239
4.7204248267574753
3.8311901395406491
5.7081349423081065
5.8794432020625091
6.212119528403889
6.0321986386469764
6.8759959255177643
5.2491466159257589
5.6501643733561986
5.102296382906828
7.0504637724736652
5.5415894825992575
5.3038416561647104
13.212290359311613
4.8768069997238523
13.748454575603105
2.5077622284356158
2.0462322956839567
6.212119528403889
8.7695601373961711
6.830163606468731
12.006092182242437
2.3869106478617512
2.7429348882381674
2.7975817116006949
6.2392252092896241
3.8007154905367058
1.9928578406560773
2.9999722810348457
3.8980918693924043
1.9092799766334014
4.7204248267574753
11.0978920124314
5.7409525024714965
11.581643264784519
5.1621933317834428
5.8033125651044113
11.599552366528318
8.7695601373961711
5.5781670131364267
5.9923457414658348
12.021655828150418
13.022964521962157
3.6908629608734773
3.2969328596523981
4.4172786830648825
3.8291735905488795
3.7980221616668213
3.1851573835362603
6.8004577161806505
3.86559452239409
6.7290378262573993
13.033248077345469
3.1020419861574831
11.427847014912865
4.1793897682037198
6.2820443929125434
5.1508958348081233
6.0901352706073268
4.6407335433728258
6.1756933708896966
5.4352633851869028
6.0901352706073268
5.1320860727175184
4.8405459948486165
4.7574161558359611
5.6359264306555019
13.081626656820166
4.8484164225450597
4.070731751207477
4.1774406882729371
3.8652596819453473
2.7975817116006949
3.1839757118765548
12.526880601317643
9.1565923499836313
3.2391667894810343
10.158827078084217
3.2812750972413762
7.1240954365836764
8.8300175554072968
6.4408376119595001
7.1803814919204303
6.0901352706073268
4.0432454091270262
3.6908629608734773
3.6042681676126507
4.024602097522374
4.71848874248907
5.8323887926858715
4.1024111703545874
5.6401604701581034
5.8760191450293968
6.2392252092896241
3.1839757118765548
12.536422475541281
3.9861100446322508
4.6407335433728258
4.1733296296201647
6.4265884452927891
5.8923256857029767
6.2369381134837605
4.1740083061261464
4.5428783429814219
12.781709342653002
5.8966465908477863
6.2457961088104188
8.9621722666546919
5.8339599307025605
7.1614827163961996
5.2747683405149868
6.3387143347366903
5.9913568656701868
3.5102245924869719
4.3658611182106757
5.3026902101684676
5.102296382906828
5.9024489464511447
6.1756933708896966
5.5661192958372725
4.3712205708252583
3.0371530299688181
3.9973170708850119
4.9970889167263701
4.1733296296201647
6.2457961088104188
6.3237240059626654
3.2969328596523981
4.3761578943217376
4.3761578943217376
3.2938231743432071
3.2244939094140475
5.8262449625847177
13.280510662195077
5.5694151612535814
2.4790756902852698
2.6239179173845932
4.13197649380154
7.5480817237514914
2.3602780579823488
4.0388674787885757
4.6920233943089036
5.8586079662697683
5.5781670131364267
8.9621722666546919
8.984735573023066
5.4569783903623064
5.0473340302184271
6.4383250930110574
5.5038748814781417
5.0640496081054014
6.3237240059626654
4.4160300332610207
12.526880601317643
4.4558039294736664
2.7468448146220199
3.5082841620438452
3.6676650563894171
2.6052147346511552
6.6395393850096838
5.7853317778600131
5.5076925623542277
5.9909074092784609
4.4558039294736664
2.9933884273367815
4.7204248267574753
6.4698456008909417
7.8908472832233576
12.489809462133001
13.669820101317237
13.248118316236589
12.504433075212265
7.7423562981875005
6.8759959255177643
6.2538657325960898
5.0880664059121088
5.8339599307025605
4.8240269708887276
7.0504637724736652
6.4698455914034376
2.7468448146220199
3.5082841620438452
12.518234784263186
12.597009900698804
9.1565923499836313
7.3278256895003802
5.4352633851869028
6.3148996549534724
11.856995462427928
12.40484381267221
12.489809462133001
13.114104565722428
13.233181888148902
5.5415894825992575
5.0473340302184271
13.669820101317237
13.252954944276178
4.3761578943217376
13.280510662195077
13.248118316236589
13.252954944276178
13.262736763414619
3.6676650563894171
2.6262827667368365
2.47468095442744
8.9823088637993234
6.5565692893916427
3.2391667894810343
3.2283243272611304
2.5922943177425313
3.228323218899904
3.1487666860024568
4.7458271239743386
6.9236057392989814
12.735912844286023
4.6225855961531712
6.8962633591501499
12.914426799329052
6.1920286913162039
5.5116093300677687
7.3612382815402224
5.6440114445460328
6.4708227378928962
5.9181372028880919
9.7670554044573201
5.9675709401616883
6.0060002390377276
6.0342688131596756
3.7595970711403468
4.3761578943217376
6.6395393850096838
5.9909136286118647
3.2244939094140475
3.2283243272611304
3.1661778668370788
3.2689444483630954
6.1001746938961645
6.8962633591501499
9.1382319467387472
2.1377075684674156
3.6642072449832686
12.536422260565072
11.801747027283898
10.158827078084217
8.3266816656681559
3.0216958423623588
4.4160300332610207
11.0978920124314
12.482821374169109
8.9823088637993234
12.914426799329052
5.6440114445460328
5.6877390341203249
6.4095779952988323
5.0907108190703774
4.813544413662421
6.2685302501369424
5.6440114445460328
2.817513645772916
2.944393576206656
7.5452007127355554
7.8374642584053973
2.3781868639353871
2.6239179173845932
13.360814802442322
13.434118516118129
4.4172786830648825
4.4085770722936255
2.4454220328148928
3.5208576316190059
5.2857720742204002
5.5694151612535814
13.116478210682377
11.252847004453043
13.20028645563343
12.307582186715843
6.830163606468731
5.9923457414658348
10.91144578088395
4.3059272833052109
4.1910560382459643
5.6877390341203249
5.3052697825734478
1.992807267432583
2.7468448146220199
2.7468448146220199
2.1377075684674156
1.2955225211684853
1.8850151610940176
1.942067073631456
1.6204232174090702
13.262736763414619
3.3053941495457368
4.13197649380154
4.0610650624561488
2.7966188779375325
2.6262827667368365
2.5382449960666644
2.5922943177425313
2.5382449960666644
3.4406193966851957
2.4678641164740625
4.6699137595711404
5.6401604701581034
6.4960191811221106
3.2812750972413762
3.228323218899904
6.4095779952988323
5.8734591671879661
12.035089018832377
6.4383250930110574
6.515884658813067
3.0181814127695903
2.7332704961612286
12.971043236549608
6.4108342967763958
12.518234784263186
13.116478210682377
3.3932773052182532
5.2815250961209053
6.4265884452927891
5.4860216418110159
5.1938613606631421
10.931041229369098
4.5624621300351311
3.9034868794317417
3.7922280094093197
3.5457039933061889
5.0184586425716056
6.3487705953089435
5.6017183911496966
6.3364931193212026
10.362759974599571
3.5082841620438452
3.6642072449832686
1.2955225211684853
4.090001213498569
2.5699709676503595
11.272980037370431
7.5480817237514914
10.602784435787624
3.8291735905488795
3.6042681676126507
4.5309044412130905
6.1920286913162039
6.3428319786622831
3.6093039500416864
6.2710687906447111
4.3059272833052109
7.1240954365836764
8.3266816656681559
6.2820250284540329
8.9951664512232536
1.8850151610940176
4.090001213498569
3.6850788228919633
2.3602780579823488
2.6052147346511552
2.47468095442744
10.602784435787624
3.5102245924869719
4.3658611182106757
5.1622344080829539
5.9913568656701868
5.9181372028880919
5.9504784044487069
6.4854206950887834
4.6113685594418152
3.4006868178540759
3.7980221616668213
13.689188505276775
7.0506972286198009
3.5102245924869719
5.8923256857029767
5.4860216418110159
5.5464881513997666
9.3139809013682999
6.638710406884778
3.7730038680646372
3.7922280094093197
5.6760598496525247
5.7691688646654891
11.252847004453043
6.3487705953089435
11.76413360762335
13.114104565722428
13.434118516118129
2.817513645772916
2.7332704961612286
12.031297823033848
6.0901352706073268
6.2369381134837605
11.645319734582964
5.1320860727175184
12.971043236549608
5.1938613606631421
6.048517458382662
5.7853317778600131
5.7559597919444894
5.2771509289587559
5.5076925623542277
6.638710406884778
5.7559597919444894
5.2288360802303773
5.2235561375405686
5.9832570721368477
4.024602097522374
3.3755005100868014
3.4147786087341343
4.1910560382459643
11.642430594413106
5.0271111177540089
5.6825635232691125
5.2288360802303773
2.4463764925727167
3.1851573835362603
4.1774406882729371
3.5102245924869719
4.4085770722936255
3.5102245924869719
3.5102245924869719
5.5464881513997666
2.8598716634652268
2.8638088673927551
2.4508717679323739
3.251961117208841
4.217763915874511
9.7670554044573201
2.9999722810348457
4.71848874248907
4.7761239978159251
3.1487666860024568
3.1661778668370788
2.6161896903204371
3.8980918693924043
4.5927484058160761
4.9272995232777212
5.1253893270363555
4.1740083061261464
6.5068089990596372
7.7285027630268246
7.6489538494873726
2.7404876114139323
13.033248077345469
7.5452007127355554
7.8374642584053973
7.7285027630268246
7.8122274196081998
12.021655828150418
8.984735573023066
6.5565692893916427
5.5116093300677687
9.1382319467387472
5.0907108190703774
5.3052697825734478
5.8734591671879661
6.3428319786622831
5.9667424966174805
3.7595970711403468
3.5457039933061889
3.4851089803562791
3.999861793194782
12.022461246579386
13.20028645563343
11.76413360762335
3.0752099791856282
5.7409525024714965
6.0865773012341862
4.0388674787885757
3.4406193966851957
13.356557387946276
11.801747027283898
11.884199428430831
12.194654028647832
3.8007154905367058
5.9909074092784609
5.9909136286118647
8.8300175554072968
7.3278256895003802
4.7458271239743386
3.5082841620438452
1.942067073631456
2.5699709676503595
3.7712461978120038
4.5927484058160761
5.0167197776587384
5.3038416561647104
5.9024489464511447
13.042299665532239
5.0184586425716056
3.2067346012238382
9.1199491084802418
7.3167546658838374
3.2243698629428872
5.6017183911496966
11.895341751917112
7.1614827163961996
7.2297956800937406
4.8405459948486165
6.3148996549534724
6.048517458382662
4.7574161558359611
5.5661192958372725
6.2538657325960898
6.4708227378928962
4.813544413662421
4.8955585788834535
5.2944402964621933
5.446678091201739
5.176679689770725
4.9272995232777212
6.0865773012341862
5.0167197776587384
5.2599177893954376
5.2235561375405686
5.5222511669962859
6.8606304452414548
4.3712205708252583
2.9156362036421108
13.212290359311613
6.9236057392989814
7.6489538494873726
7.8122274196081998
11.662569960955786
6.4408376119595001
5.8262449625847177
12.735912844286023
3.2689444483630954
6.2820250284540329
6.1346734944914019
13.741405206241694
6.3133061702018338
6.6658696171497143
4.5309044412130905
4.5428783429814219
6.5068089990596372
5.8586079662697683
5.5038748814781417
5.6359264306555019
4.8955585788834535
6.2710687906447111
7.1803814919204303
6.1346734944914019
3.9973170708850119
3.933634160464563
13.806353556635509
6.0321986386469764
5.9675709401616883
12.781709342653002
4.7204248267574753
13.081626656820166
3.1868380455034027
3.8311901395406491
5.8033125651044113
3.4006868178540759
3.4851089803562791
5.009735232466106
2.6161894875978606
2.5077622284356158
1.6204232174090702
4.0610650624561488
1.7914871133148871
11.331442423844157
6.515884658813067
6.5942311179845445
6.4108342967763958
11.642430594413106
13.159347886181452
11.609623978824029
5.2747683405149868
5.4569783903623064
3.2718495922612809
4.0432454091270262
5.8323887926858715
3.3755005100868014
4.7761239978159251
3.9625043735095651
3.7331685311926033
4.8011330200306324
4.9966939305851312
7.2297956800937406
5.2944402964621933
2.8399172974547557
9.3139809013682999
2.8076499373675659
5.2433900539740321
6.5942311179845445
2.8598716634652268
2.8076499373675659
3.6046882938230254
2.0462322956839567
1.9092799766334014
2.7966188779375325
2.4678641164740625
1.7914871133148871
6.0060002390377276
5.9504784044487069
12.899945578174531
4.2739017120722833
5.3649293433707035
5.8760191450293968
6.4960191811221106
5.446678091201739
3.933634160464563
3.9625043735095651
5.0640496081054014
13.741405206241694
6.0342688131596756
6.4854206950887834
4.1024111703545874
3.7331685311926033
9.5350205863379021
8.9951664512232536
6.3133061702018338
12.671404396209532
9.1199491084802418
10.362759974599571
13.159347886181452
11.178979368267273
3.1851159325004552
2.8638088673927551
5.8794432020625091
4.8768069997238523
5.1508958348081233
2.5366958834595414
4.3658611182106757
3.6850788228919633
4.3658611182106757
2.4508717679323739
6.2685302501369424
5.9667424966174805
7.3167992120060363
11.884199428430831
12.504433075212265
13.233181888148902
4.044533741893181
7.8908472832233576
3.2636216079647036
7.3572489580259655
11.427847014912865
6.9385919867111667
5.5222511669962859
5.6760598496525247
11.609623978824029
11.178979368267273
3.6093412427404479
4.8011330200306324
5.9832570721368477
6.8606304452414548
6.8004577161806505
3.2938231743432071
3.251961117208841
4.2751705907237243
4.8484164225450597
5.8966465908477863
2.3767845687835512
2.3391169604981763
2.7429348882381674
3.86559452239409
3.5208576316190059
4.217763915874511
4.2751705907237243
3.280732667005998
5.2815250961209053
3.4873057878048068
5.0271111177540089
3.999861793194782
5.009735232466106
5.2491466159257589
4.1793897682037198
5.7081349423081065
5.7691688646654891
12.597009900698804
12.307582186715843
6.6658696171497143
11.581643264784519
12.482821374169109
2.2623540119573446
2.944393576206656
2.2431261527843422
2.9156362036421108
10.401040219383288
12.006092182242437
10.91144578088395
5.6440114445460328
5.9418087464805618
3.6868982145999971
7.0616598076096624
7.1183297494338094
3.1698886207047261
3.6130937259084397
12.628940377605346
13.184459227369329
8.1272251869904295
3.6193795084963223
5.3750835713989797
4.1071195472651025
7.1016321806282541
4.2993756006136499
5.941849822780072
5.3909839741389334
12.417165608469009
4.123379303229231
3.7404684818229041
8.0823192416476441
3.9078273712586022
5.9562951044678432
12.434401289099021
3.9664534602005213
3.9281242736474948
4.8169619173873555
8.0823649386889063
3.9304570537782806
8.1232370677867358
4.2994088039336775
3.9358335671534581
4.0937052373668914
11.172131029120587
2.7323022636182763
12.100597765654298
2.9398775653070297
2.1978427066754631
3.8360748671931089
2.2208127599450505
3.0489635915931537
4.3694275667478424
2.1364181479309621
11.767056827407336
4.3503666040011639
2.3357680626533766
12.537966848123393
1.8270682655502122
2.2136955085064951
2.2268259075046228
12.700676525815684
12.379835217430502
6.0395332040925558
11.821608992482446
2.4138527502830711
4.3081945393547718
13.441920570169076
4.4068347196579785
7.7182074014082858
3.1665260625588698
13.802579936659276
7.5086532409545184
4.8503471659045951
13.3160378902384
3.2586911049823883
7.2494610155880608
8.5219717128846195
7.2494610061005558
13.316037675262191
3.1578022786325062
3.2250374475120114
4.0850095642428554
7.190449711473514
3.2259919072698353
3.5201030261110509
3.9863500159209568
7.190449711473514
3.6195327121518743
10.314636001035021
13.451019810906651
3.9647313471975738
3.31631129815666
4.8241491565902992
3.1563999834806697
3.0419694266544637
3.0227415674814608
4.6956393053294168
5.3420775447322502
2.7724732553531957
3.7730038420338996
2.7724226821297018
3.7977968274667084
3.3958051050175557
3.3958049022949792
4.3843037085201439
3.1187323751952949
4.6956393053294168
5.5000402414545935
4.7657254593293699
5.7767043314234892
5.2354193441707846
5.2354193441707846
5.5000402414545935
12.814704433529496
11.710656644066217
4.6831022941288598
4.5526192827617553
5.9050047417334737
4.5508616125091228
5.5000402414545935
4.6108055542377677
6.4877503570052255
6.6590586167596273
6.9917349431010081
6.8118140533440954
7.6556113402148833
6.028762030622878
2.7323022636182763
3.3193018366646876
3.4259752543177675
4.7370958986724512
3.2026655796498567
13.651121871071002
4.1017560079630373
3.2873776431327344
2.8258477103810753
6.9917349431010081
9.5491755520932902
7.6097790211658491
12.785707596939556
3.1665260625588698
3.522550302935286
1.938593479920512
2.5841977298412169
2.580316538865393
3.6642072449832686
1.6516401668312686
1.9084113025962735
2.7724732553531957
3.7795876957319643
4.6777072840895233
2.68889539133052
5.5000402414545935
11.877507427128517
6.5205679171686155
12.361258679481638
5.9418087464805618
6.5829279798015294
12.100597765654298
9.5491755520932902
6.3577824278335449
6.7719611561629529
12.801271242847536
13.802579936659276
4.4704783755705959
4.0765482743495163
5.1968940977620015
4.6087890052459981
4.5776375763639399
3.9647727982333789
7.5800731308777696
4.6452099370912086
7.5086532409545184
13.812863492042588
3.6868982145999971
12.207462429609983
4.9590051829008379
7.0616598076096624
5.9305112495052423
6.8697506853044459
5.4203489580699449
6.9553087855868156
6.2148787998840209
6.8697506853044459
5.9117014874146374
5.6201614095457346
5.5370315705330793
6.4155418453526201
5.6280318372421787
4.8503471659045951
4.9570561029700562
2.9398775653070297
1.938593479920512
2.0414499180121441
12.853978410802293
9.9362077646807503
2.2512952989789614
4.0187822041781533
3.7067669965257286
4.0608905119384948
2.9504570287341489
3.5955029221884072
9.6096329701044159
3.7083383963636565
6.0794409915536978
6.8697506853044459
4.8228608238241453
4.4704783755705959
4.3838835823097693
4.8042175122194921
5.4981041571861882
6.6120042073829897
4.8820265850517055
3.2317751259327765
3.1998188295171652
2.5841977298412169
2.0414499180121441
3.7270213129097285
13.3160378902384
4.7657254593293699
5.4203489580699449
4.9529450443172829
7.2062038599899081
6.6719411004000957
7.0165535281808786
4.9536237208232654
5.3224937576785409
13.561324757350121
6.6762620055449053
7.0254115235075369
9.5010172961384569
6.6135753453996795
3.8791114122335322
3.6599041435145607
7.1183297494338094
6.7709722803673049
4.2898400071840905
5.1454765329077938
3.1698886207047261
3.3193018366646876
3.179782669434629
6.9553087855868156
6.3457347105343915
5.1508359855223764
3.6130937259084397
4.7769324855821305
5.7767043314234892
4.9529450443172829
7.0254115235075369
7.1033394206597844
4.0765482743495163
5.1557733090188567
5.1557733090188567
4.0734385890403262
3.3014288750908998
3.2314421698894598
6.3490305759506995
3.2586911049823883
3.4035333320817118
4.9115919084986581
8.3276971384486114
3.1398934726794674
4.8184828934856947
2.1978427066754631
2.6474678414697608
6.3577824278335449
9.5010172961384569
9.7643509877201833
5.6132442897867945
2.9560020754522403
7.2179405077081755
2.5073616143466473
2.9021585069597129
7.1033394206597844
5.1956454479581389
12.853978410802293
5.2354193441707846
3.5264602293191389
4.2878995767409638
4.4472804710865361
3.3848301493482742
2.3962632731830316
1.7510029379802881
1.8103278274361991
1.5382249395297112
5.2354193441707846
3.7730038420338996
5.5000402414545935
7.2494610155880608
8.6704626979204757
13.26942487683012
13.284048489909384
8.5219717128846195
7.6556113402148833
7.0334811472932079
3.8360748671931089
6.6135753453996795
2.2208127599450505
3.4259752543177675
7.2494610061005558
3.5264602293191389
4.2878995767409638
13.297850198960305
13.376625315395923
9.9362077646807503
8.1074411041974983
2.580316538865393
2.2512952989789614
6.2148787998840209
7.0945150696505905
12.628940377605346
13.184459227369329
13.26942487683012
4.7370958986724512
2.9560020754522403
5.1557733090188567
3.2991053969417052
4.4472804710865361
3.4058981814339551
3.2542963691245586
9.7619242784964424
7.3361847040887618
4.0187822041781533
4.007939741958249
3.3719097324396494
4.0079386335970231
3.9283821006995754
5.5254425386714567
7.7032211539961004
13.51552825898314
3.0489635915931537
7.5234239675437093
13.614257174930392
6.1850608570204644
5.1482213252927229
3.5537416954563716
8.1272251869904295
6.4236268592431518
7.2504381525900143
6.69775261758521
10.546670819154439
6.7471863548588074
6.7856156537348467
6.8138842278567937
4.5392124858374654
5.1557733090188567
2.3962632731830316
1.6241172246743736
3.3014288750908998
4.007939741958249
3.9457932815341974
3.373896008734008
4.3694275667478424
7.5234239675437093
9.9178473614358662
2.9173229831645342
4.4438226596803876
13.316037675262191
12.581362441981016
3.7067669965257286
3.0140873143122389
3.6193795084963223
5.1956454479581389
11.877507427128517
13.262436788866228
9.7619242784964424
13.614257174930392
6.4236268592431518
6.4673544488174439
7.1891934099959514
5.8703262337674964
5.5931598283595392
7.0481456648340615
6.4236268592431518
3.597129060470035
3.7240089909037741
8.3248161274326744
8.6170796731025163
3.1578022786325062
3.4035333320817118
3.6642072449832686
3.7270213129097285
5.1968940977620015
5.1881924869907436
3.2250374475120114
4.3004730463161245
5.3750835713989797
6.3490305759506995
12.032462419150162
13.087197601412962
7.6097790211658491
6.7719611561629529
11.691061195581069
5.0855426980023291
4.9706714529430833
6.4673544488174439
6.084885197270566
2.7724226821297018
3.5264602293191389
3.5264602293191389
2.9173229831645342
2.0751379358656039
2.6646305757911364
2.7216824883285748
2.4000386321061891
2.640223537045824
4.0850095642428554
4.9115919084986581
4.840680477153267
3.5762342926346511
3.4058981814339551
3.3178604107637826
3.3719097324396494
3.3178604107637826
4.2202348113823138
3.247479531171181
2.1364181479309621
3.2317751259327765
6.6700851797331353
4.0608905119384948
4.0079386335970231
7.1891934099959514
6.6530745818850843
12.814704433529496
7.2179405077081755
7.295500073510186
3.7977968274667084
3.5128859108583472
13.750658651246727
7.190449711473514
13.297850198960305
4.1071195472651025
6.0611405108180243
7.2062038599899081
6.265637056508135
5.9734767753602611
11.710656644066217
5.3420775447322502
4.6831022941288598
4.5718434241064383
4.3253194080033071
5.7980740572687237
7.1283860100060616
6.3813338058468148
7.1016321806282541
11.14237538929669
4.2878995767409638
4.4438226596803876
2.0751379358656039
4.8696166281956881
2.9260594139375353
11.767056827407336
8.3276971384486114
11.382399850484743
4.6087890052459981
4.3838835823097693
5.3105198559102087
6.1850608570204644
7.1224473933594012
4.2993756006136499
7.0506842053418293
5.0855426980023291
2.9504570287341489
3.0140873143122389
3.7085756591234613
3.0940416134303579
2.6646305757911364
4.8696166281956881
4.4646942375890823
3.1398934726794674
3.3848301493482742
3.2542963691245586
11.382399850484743
4.2898400071840905
5.1454765329077938
5.941849822780072
6.7709722803673049
6.69775261758521
6.7300938191458251
7.2650361097859024
5.3909839741389334
4.1803022325511945
4.5776375763639399
3.5955029221884072
4.3503666040011639
4.2898400071840905
6.6719411004000957
6.265637056508135
6.3261035660968856
10.093596316065419
2.3357680626533766
1.9185715291981007
4.5526192827617553
4.5718434241064383
6.4556752643496429
6.5487842793626081
12.032462419150162
7.1283860100060616
12.543749022320469
3.2991053969417052
3.597129060470035
3.5128859108583472
12.537966848123393
6.8697506853044459
7.0165535281808786
12.417165608469009
5.9117014874146374
13.750658651246727
5.9734767753602611
6.8281328730797801
1.7510029379802881
2.3858101886704448
1.8270682655502122
1.8103278274361991
1.9185715291981007
2.3858101886704448
1.8382185920807754
3.1637905254145418
4.6809632627622992
4.8042175122194921
4.15511592478392
4.123379303229231
4.9706714529430833
12.422046009110225
5.806726532451127
2.2136955085064951
1.8382185920807754
3.2259919072698353
3.9647727982333789
4.9570561029700562
4.2898400071840905
5.1881924869907436
4.2898400071840905
4.2898400071840905
6.3261035660968856
3.6394870781623454
3.6434242820898737
3.2304871826294925
4.0315765319059595
4.9973793305716301
10.546670819154439
3.7795876957319643
5.4981041571861882
5.5557394125130433
3.9283821006995754
3.9457932815341974
3.3958051050175557
4.6777072840895233
5.3723638205131952
5.7069149379748394
5.9050047417334737
4.9536237208232654
7.2864244137567553
8.5081181777239436
8.4285692641844907
3.5201030261110509
13.812863492042588
8.3248161274326744
8.6170796731025163
8.5081181777239436
8.5918428343053179
12.801271242847536
9.7643509877201833
7.3361847040887618
5.1482213252927229
9.9178473614358662
5.8703262337674964
6.084885197270566
6.6530745818850843
7.1224473933594012
6.7463579113145995
4.5392124858374654
4.3253194080033071
4.2647243950533973
4.7794772078919001
2.2268259075046228
3.5537416954563716
12.543749022320469
3.7404684818229041
6.5205679171686155
6.8661927159313043
4.8184828934856947
4.2202348113823138
12.581362441981016
12.663814843127948
12.700676525815684
1.6516401668312686
1.5382249395297112
3.2991053969417052
1.6241172246743736
2.640223537045824
3.2991053969417052
2.4652188500023273
9.6096329701044159
8.1074411041974983
5.5254425386714567
4.2878995767409638
2.7216824883285748
2.9260594139375353
4.5508616125091228
5.3723638205131952
5.7963351923558566
3.2026655796498567
3.179782669434629
3.2863641236871683
5.7980740572687237
3.9863500159209568
9.8995645231773608
8.0823192416476441
3.9078273712586022
6.3813338058468148
12.379835217430502
3.8791114122335322
3.9570456967907832
5.6201614095457346
7.0945150696505905
6.8281328730797801
5.5370315705330793
6.3457347105343915
7.0334811472932079
7.2504381525900143
5.5931598283595392
5.6751739935805716
4.7215055268535604
2.9962653886577484
5.9562951044678432
5.7069149379748394
6.8661927159313043
5.7963351923558566
6.0395332040925558
3.1637905254145418
6.3018665816934041
7.6402458599385739
5.1508359855223764
3.6952516183392294
13.651121871071002
7.7032211539961004
8.4285692641844907
8.5918428343053179
12.434401289099021
3.7083383963636565
3.2314421698894598
13.51552825898314
3.373896008734008
3.7085756591234613
3.6233659109437597
2.8502043287385526
3.1556083264628985
5.3105198559102087
5.3224937576785409
7.2864244137567553
2.6474678414697608
2.5073616143466473
6.4155418453526201
5.6751739935805716
7.0506842053418293
6.0794409915536978
3.6233659109437597
4.7769324855821305
4.7132495751616812
1.9084113025962735
2.4652188500023273
6.8118140533440954
6.7471863548588074
13.561324757350121
5.5000402414545935
3.9664534602005213
4.6108055542377677
6.5829279798015294
4.1803022325511945
4.2647243950533973
5.7893506471632241
3.3958049022949792
3.2873776431327344
2.4000386321061891
4.840680477153267
2.5711025280120055
11.821608992482446
7.295500073510186
7.3738465326816636
7.190449711473514
12.422046009110225
12.389239393521148
3.6599041435145607
5.6132442897867945
3.9281242736474948
4.8228608238241453
6.6120042073829897
4.15511592478392
5.5557394125130433
4.7421197882066837
4.5127839458897219
5.5807484347277505
2.4138527502830711
3.9570456967907832
4.7215055268535604
3.6195327121518743
10.093596316065419
3.5872653520646844
4.3081945393547718
7.3738465326816636
3.6394870781623454
3.5872653520646844
4.3843037085201439
2.8258477103810753
2.68889539133052
3.5762342926346511
3.247479531171181
2.5711025280120055
6.7856156537348467
6.7300938191458251
13.441920570169076
4.8169619173873555
4.4068347196579785
3.1998188295171652
6.6700851797331353
2.9962653886577484
4.7132495751616812
4.7421197882066837
2.9021585069597129
3.2863641236871683
6.8138842278567937
7.2650361097859024
4.8820265850517055
4.5127839458897219
10.314636001035021
3.0940416134303579
2.8502043287385526
3.8521054230711442
13.451019810906651
9.8995645231773608
11.14237538929669
11.95859478296439
3.9647313471975738
3.6434242820898737
6.6590586167596273
4.1017560079630373
5.9305112495052423
3.31631129815666
5.1454765329077938
4.4646942375890823
5.1454765329077938
3.2304871826294925
7.0481456648340615
6.7463579113145995
8.0823649386889063
12.663814843127948
13.284048489909384
4.8241491565902992
8.6704626979204757
3.9304570537782806
8.1232370677867358
12.207462429609983
7.7182074014082858
6.3018665816934041
6.4556752643496429
12.389239393521148
11.95859478296439
4.2994088039336775
5.5807484347277505
4.6809632627622992
7.6402458599385739
7.5800731308777696
4.0734385890403262
4.0315765319059595
5.0547860054208424
5.6280318372421787
6.6762620055449053
3.1563999834806697
3.1187323751952949
3.522550302935286
4.6452099370912086
4.3004730463161245
4.9973793305716301
5.0547860054208424
3.9358335671534581
6.0611405108180243
4.0937052373668914
5.806726532451127
4.7794772078919001
5.7893506471632241
6.028762030622878
4.9590051829008379
6.4877503570052255
6.5487842793626081
13.376625315395923
13.087197601412962
3.1556083264628985
3.8521054230711442
12.361258679481638
13.262436788866228
3.0419694266544637
3.7240089909037741
3.0227415674814608
3.6952516183392294
11.172131029120587
12.785707596939556
11.691061195581069
6.4236268592431518
3.026301390957197
6.7214241611776799
2.0878368256567219
3.4003338477643603
7.8979451641309275
2.1582578682062667
2.1790948036357243
13.202164381574223
8.5661229417842399
2.0875094067023192
3.5440733550000973
3.8701281089008543
7.5230365898335458
3.8691341092433422
6.721465237477191
6.1705993888360524
12.987994023394952
3.8415106173099915
3.2161789069675573
3.3657542719900997
8.5123783897306122
3.4645842099327981
6.7359105191649622
13.004878357259701
3.026301390957197
4.7460688748976398
2.2703696858768265
2.6930051706360496
8.5124480689047424
2.0887842976970297
8.5621605136301771
2.3352067306647455
3.3379073321500723
2.1810996758174612
11.72489070779525
2.2741248773981764
12.751446486921759
3.7194929800041483
2.0099691085287095
4.1887555494312236
2.0342735613753518
3.1381930065873038
2.921093988796585
4.7138026610760431
1.9805377728183307
12.415296821837638
4.6741492928752697
3.1153834773504951
13.190939114060921
2.1853540986860507
2.4252616446480486
2.1561659990956752
13.353403906406305
13.024528966628196
3.6508480783727513
12.468396272168345
2.0856149625435694
2.9619060433117395
4.7905163419904584
8.4978228161054048
3.946141477255988
8.2882686556516365
5.6299625806017142
4.0383065196795069
8.0290764302851798
9.3015871275817368
8.0290764207976739
3.9374176933296248
4.00465286220913
4.8646249789399736
7.970065126170633
4.0056073219669539
4.2997184408081699
4.765965430618075
7.970065126170633
4.3991481268489929
11.09425141573214
4.7443467618946924
4.0959267128537782
5.6037645712874173
3.9360153981777879
3.8215848413515818
3.802356982178579
5.4752547200265349
6.1216929594293683
3.5520886700503143
4.5526192567310177
3.5520380968268199
4.5774122421638275
4.1754205197146748
4.1754203169920974
5.163919123217263
3.8983477898924139
5.4752547200265349
6.2796556561517125
5.545340874026488
6.5563197461206073
6.0150347588679036
6.0150347588679036
6.2796556561517125
13.594319848226615
12.490272058763336
5.4627177088259788
5.3322346974588744
6.6846201564305918
5.3304770272062409
6.2796556561517125
5.3904209689348859
7.2673657717023437
3.5210870659467628
2.7305239099161716
3.3638398922283343
3.2465834131612019
8.4352267549120015
6.3585855060668086
2.2741248773981764
1.6632498865932668
3.4998743716755514
2.2138100216234831
2.2814191175079128
1.7231564134169088
13.75645458593111
1.9351471949826451
3.026301390957197
3.6029625023892056
4.066993057829853
3.6054631250781939
3.3638398922283343
9.9472684172178418
3.9734608549402095
13.565323011636675
3.946141477255988
4.3021657176324046
2.7182088946176308
3.3638131445383355
3.3599319535625116
4.4438226596803876
2.4312555815283869
2.6880267172933916
3.5520886700503143
4.5592031104290829
5.4573226987866414
3.4685108060276386
6.2796556561517125
12.657122841825636
7.3001833318657336
13.140874094178756
6.7214241611776799
7.3625433944986485
12.751446486921759
9.9472684172178418
3.6830098739179857
4.0336495219106485
12.596598102895847
3.0998594366877104
3.8380626654843404
5.0515971598951932
2.4155291353162274
5.0278174283187651
4.1920360274110937
5.6097895239496802
8.3327957894979754
5.4248253517883267
8.2882686556516365
2.0878368256567219
12.987077844307102
3.6000144345504883
3.4003338477643603
3.5210870659467628
2.8007361176931758
6.0290306671517389
4.0011726268483301
6.5063594233975355
7.9158276043958766
5.9118948785196501
6.0290306671517389
5.0325656302328525
5.2881471608845096
2.8767593461942429
3.1248846148617955
5.0151333194524117
5.6299625806017142
5.7366715176671743
3.7194929800041483
2.7182088946176308
2.8210653327092627
13.633593825499412
10.715823179377868
3.03091071367608
4.7983976188752715
4.4863824112228468
4.8405059266356139
3.7300724434312675
4.3751183368855262
10.389248384801533
4.4879538110607751
6.8590564062508168
6.0290306671517389
4.8790235094946093
3.0998594366877104
2.3667028081869543
3.8819034533040817
6.2777195718833072
7.153336199831573
3.1088175364769426
3.3761764008355337
3.9794342442142838
3.3638131445383355
2.8210653327092627
4.5066367276068471
5.545340874026488
4.0011726268483301
5.7325604590144019
7.9858192746870262
7.4515565150972138
7.7961689428779977
5.7332391355203836
6.10210917237566
7.4558774202420244
5.4855277649426801
9.9244042246546762
7.3931907600967977
3.0788473054499148
2.9704995214078367
7.8979451641309275
7.550587695064424
5.0694554218812096
5.9250919476049129
2.1582578682062667
1.6632498865932668
2.7447669339690441
2.5881831538720572
6.5063594233975355
2.8696492661970994
5.9304514002194955
2.1790948036357243
5.0896754205226298
6.5563197461206073
5.7325604590144019
5.4855277649426801
3.6271019884934148
3.8380626654843404
5.9353887237159748
5.9353887237159748
4.8530540037374443
4.0810442897880188
4.0110575845865784
3.8370579470350221
7.1286459906478186
4.0383065196795069
4.1831487467788309
5.6912073231957772
9.1073125531457286
3.9195088873765855
5.5980983081828128
2.0099691085287095
3.4270832561668798
3.6830098739179857
9.9244042246546762
3.8033944020837831
3.5850404418354356
2.261314550821742
3.3874707866365004
3.2869770290437659
2.2490717537404481
3.6271019884934148
3.6214532103357349
13.633593825499412
6.0150347588679036
4.3060756440162571
5.0675149914380819
5.2268958857836543
4.1644455640453923
2.8907606809263693
2.3207403739003456
2.3685595899801002
2.3178403542268295
6.0150347588679036
4.5526192567310177
6.2796556561517125
8.0290764302851798
9.4500781126175948
9.3015871275817368
8.4352267549120015
7.9158276043958766
2.8749918579107607
4.1887555494312236
7.3931907600967977
2.0342735613753518
3.4998743716755514
8.0290764207976739
4.3060756440162571
5.0675149914380819
10.715823179377868
8.8870565188946173
3.3599319535625116
3.03091071367608
5.9118948785196501
7.8741304843477096
13.202164381574223
2.2138100216234831
2.261314550821742
3.1381930065873038
5.9353887237159748
4.2099380352712519
4.0787208116388243
5.2268958857836543
4.1855135961310737
4.0339117838216776
10.541539693193561
7.8734966572268643
4.7983976188752715
4.7875551566553671
4.151525147136768
4.7875540482941412
4.707997515396694
6.3050579533685758
8.4828365686932194
2.921093988796585
8.1706666379813573
6.5250095404568977
3.9991408414226131
4.3333571101534902
8.5661229417842399
3.3796468639286359
3.81327578577707
7.477368032282329
11.326286233851556
6.1506055492529166
7.5652310684319648
7.5934996425539127
5.3188279005345835
5.9353887237159748
2.8907606809263693
4.2099380352712519
2.403732639371492
4.0810442897880188
4.7875551566553671
4.725408696231316
4.1535114234311266
4.7138026610760431
8.1706666379813573
10.697462776132985
3.6969383978616528
5.2234380743775057
13.360977856678135
4.4863824112228468
3.7937027290093575
2.0875094067023192
3.6214532103357349
12.657122841825636
10.541539693193561
3.3796468639286359
3.4391058529815361
4.0008690765565547
5.1888888084397085
3.0745685055585881
7.8277610795311796
3.3796483401257271
4.3767444751671531
4.5036244056008927
9.1044315421297934
9.3966950877996336
3.9374176933296248
4.1831487467788309
4.4438226596803876
4.5066367276068471
5.0515971598951932
5.9678079016878618
4.00465286220913
5.0800884610132426
3.5440733550000973
7.1286459906478186
12.812077833847281
3.9734608549402095
4.0336495219106485
11.972711954774603
2.1756019537931759
2.308668305822613
3.4391058529815361
3.546141053283371
3.5520380968268199
4.3060756440162571
4.3060756440162571
3.6969383978616528
2.8547533505627225
3.444245990488255
3.501297903025693
3.1796540468033077
3.4198389517429426
4.8646249789399736
5.6912073231957772
5.620295891850386
4.3558497073317692
4.1855135961310737
4.0974758254609016
4.151525147136768
4.0974758254609016
4.9998502260794329
4.0270949458683001
1.9805377728183307
3.3761764008355337
7.3865966725222458
4.8405059266356139
4.7875540482941412
4.0008690765565547
3.6453795368583544
13.594319848226615
3.3874707866365004
3.5124075476040293
4.5774122421638275
4.2925013255554658
2.2814191175079128
7.970065126170633
3.8701281089008543
6.8407559255151424
7.9858192746870262
7.0452524712052531
6.7530921900573802
12.490272058763336
6.1216929594293683
5.4627177088259788
5.3514588388035564
5.1049348227004261
6.5776894719658419
7.9080014247031798
7.1609492205439338
7.5230365898335458
11.921990803993809
5.0675149914380819
5.2234380743775057
2.8547533505627225
5.6492320428928062
3.7056748286346544
12.415296821837638
9.1073125531457286
12.162015265181861
2.4155291353162274
2.3667028081869543
2.5004839785640387
6.5250095404568977
7.9020628080565194
3.8691341092433422
7.8302996200389483
2.1756019537931759
3.7300724434312675
3.7937027290093575
4.4881910738205804
3.8736570281274765
3.444245990488255
5.6492320428928062
5.2443096522862005
3.9195088873765855
4.1644455640453923
4.0339117838216776
12.162015265181861
5.0694554218812096
5.9250919476049129
6.721465237477191
7.550587695064424
7.477368032282329
7.5097092338429432
8.0446515244830206
6.1705993888360524
4.9599176472483135
5.0278174283187651
4.3751183368855262
4.6741492928752697
5.0694554218812096
7.4515565150972138
7.0452524712052531
7.1057189807940038
10.873211730762538
3.1153834773504951
2.245440379197011
5.3322346974588744
5.3514588388035564
7.2352906790467619
7.3283996940597262
12.812077833847281
7.9080014247031798
13.323364437017586
4.0787208116388243
4.3767444751671531
4.2925013255554658
13.190939114060921
6.0290306671517389
7.7961689428779977
12.987994023394952
5.0325656302328525
6.7530921900573802
7.6077482877768983
2.3207403739003456
2.5274136535094218
2.1853540986860507
2.3685595899801002
2.245440379197011
2.5274136535094218
2.1927167637258798
2.8889951940030278
3.7491840427556773
3.8819034533040817
2.8609348043421616
3.8415106173099915
2.308668305822613
13.201661423807344
7.5341832034668732
2.2421726057756435
2.4252616446480486
2.1927167637258798
4.0056073219669539
4.1920360274110937
5.7366715176671743
5.0694554218812096
5.9678079016878618
5.0694554218812096
5.0694554218812096
7.1057189807940038
4.419102492859464
4.4230396967869927
4.0101025973266111
4.8111919466030786
5.7769947452687482
11.326286233851556
4.5592031104290829
6.2777195718833072
4.7158862988076882
4.707997515396694
4.725408696231316
4.1754205197146748
5.4573226987866414
6.1519792352103133
6.4865303526719575
6.6846201564305918
5.7332391355203836
8.0660398284538743
9.2877335924210627
9.2081846788816097
4.2997184408081699
9.1044315421297934
9.3966950877996336
9.2877335924210627
9.371458249002437
12.596598102895847
3.8033944020837831
7.8734966572268643
3.9991408414226131
10.697462776132985
5.1888888084397085
3.546141053283371
3.6453795368583544
7.9020628080565194
6.3548814740848334
5.3188279005345835
5.1049348227004261
5.0443398097505163
5.5590926225890183
2.1561659990956752
4.3333571101534902
13.323364437017586
3.2161789069675573
7.3001833318657336
7.6458081306284233
5.5980983081828128
4.9998502260794329
13.360977856678135
13.443430257825067
13.353403906406305
2.4312555815283869
2.3178403542268295
4.0787208116388243
2.403732639371492
3.4198389517429426
4.0787208116388243
3.2448342646994459
10.389248384801533
8.8870565188946173
6.3050579533685758
5.0675149914380819
3.501297903025693
3.7056748286346544
5.3304770272062409
6.1519792352103133
6.5759506070529747
1.7231564134169088
2.7447669339690441
3.1109852943438958
3.3657542719900997
2.5881831538720572
3.8370579470350221
6.5776894719658419
4.765965430618075
10.67917993787448
8.5123783897306122
3.4645842099327981
7.1609492205439338
13.024528966628196
3.0788473054499148
2.8410411626100811
5.2881471608845096
7.8741304843477096
7.6077482877768983
2.8767593461942429
2.8696492661970994
2.8749918579107607
3.81327578577707
3.0745685055585881
2.6084777777111299
3.3788415499998279
4.0215176053335133
3.7865985758541352
3.775880803354867
6.7359105191649622
6.4865303526719575
7.6458081306284233
6.5759506070529747
3.6508480783727513
2.8889951940030278
6.5518267329927209
4.3339035588936632
5.9304514002194955
4.4748670330363476
13.75645458593111
8.4828365686932194
9.2081846788816097
9.371458249002437
13.004878357259701
4.4879538110607751
4.0110575845865784
4.1535114234311266
4.4881910738205804
4.4029813256408783
3.6298197434356712
3.9352237411600166
5.6097895239496802
2.5004839785640387
6.10210917237566
8.0660398284538743
3.4270832561668798
3.2869770290437659
3.1248846148617955
2.6084777777111299
7.8302996200389483
6.8590564062508168
4.4029813256408783
5.0896754205226298
5.4928649898588002
2.6880267172933916
3.2448342646994459
3.2465834131612019
6.1506055492529166
3.026301390957197
6.2796556561517125
4.0215176053335133
4.13197649380154
4.7460688748976398
5.3904209689348859
7.3625433944986485
4.9599176472483135
5.0443398097505163
6.5689660618603432
4.1754203169920974
4.066993057829853
3.1796540468033077
5.620295891850386
3.350717942709124
12.468396272168345
3.5124075476040293
3.6244004616501586
7.970065126170633
13.201661423807344
13.168854808218267
2.9704995214078367
3.5850404418354356
2.2703696858768265
4.8790235094946093
7.153336199831573
2.8609348043421616
4.7158862988076882
4.0964544776466161
5.5217352029038018
3.136838532149965
4.7214259069378048
2.0856149625435694
2.8410411626100811
3.7865985758541352
4.13197649380154
4.3991481268489929
10.873211730762538
4.3668807667618035
2.9619060433117395
3.6244004616501586
4.419102492859464
4.3668807667618035
5.163919123217263
3.6054631250781939
3.4685108060276386
4.3558497073317692
4.0270949458683001
3.350717942709124
7.5652310684319648
7.5097092338429432
2.6930051706360496
4.0964544776466161
4.7905163419904584
3.9794342442142838
7.3865966725222458
3.775880803354867
5.4928649898588002
5.5217352029038018
2.2490717537404481
3.1109852943438958
7.5934996425539127
8.0446515244830206
3.1088175364769426
3.136838532149965
11.09425141573214
3.8736570281274765
3.6298197434356712
4.6317208377682633
10.67917993787448
11.921990803993809
12.738210197661509
4.7443467618946924
4.4230396967869927
2.7305239099161716
1.9351471949826451
2.8007361176931758
4.0959267128537782
5.9250919476049129
5.2443096522862005
5.9250919476049129
4.0101025973266111
7.8277610795311796
6.3548814740848334
8.5124480689047424
13.443430257825067
5.6037645712874173
9.4500781126175948
2.0887842976970297
8.5621605136301771
12.987077844307102
8.4978228161054048
6.5518267329927209
7.2352906790467619
13.168854808218267
12.738210197661509
2.3352067306647455
7.5341832034668732
4.7214259069378048
3.7491840427556773
4.3339035588936632
8.3327957894979754
4.8530540037374443
4.8111919466030786
5.8344014201179615
5.0151333194524117
7.4558774202420244
3.9360153981777879
3.8983477898924139
4.3021657176324046
5.4248253517883267
5.0800884610132426
5.7769947452687482
5.8344014201179615
3.3379073321500723
6.8407559255151424
2.1810996758174612
3.6029625023892056
2.2421726057756435
5.5590926225890183
6.5689660618603432
6.3585855060668086
3.6000144345504883
7.2673657717023437
7.3283996940597262
3.9352237411600166
4.6317208377682633
13.140874094178756
3.8215848413515818
4.5036244056008927
3.802356982178579
4.4748670330363476
11.72489070779525
13.565323011636675
11.972711954774603
3.3796483401257271
3.3788415499998279
2.247770276388144
7.5010395758747981
1.5890633099839713
4.1799492624614789
8.6775605788280448
2.650943791848074
2.0566890130020363
3.7881836020438517
9.2278120405083772
1.6936372038010907
3.9315534169631063
4.3870009314437279
8.1799120749239762
2.1733531159760067
7.5010806521743092
5.4773884030397095
13.689118051871866
4.3515077769588375
3.6702602703955618
3.0110271576130025
9.1716562845400631
3.9418074049754988
7.5155259338620803
2.2617543832940425
13.705888181148637
2.247770276388144
2.0115529415287452
2.1176995963570491
2.1644138895595417
9.1717324669618474
1.7369052484254695
9.2238565118876235
2.1510562338822394
2.484196254518487
1.8337646576543096
12.420209074816778
3.053740292095295
13.531061901618878
4.4991083947012669
2.7895845232258281
4.9683709641283418
2.8138889760724703
3.9178084212844224
3.7007094034937036
5.4934180757731621
2.7601531875154497
13.194912236534757
5.4537647075723878
3.8949988920476137
2.9649695133831693
3.2048770593451672
2.9357814137927938
13.804144381325315
4.4304634930698699
13.248011686865464
2.8652303772406875
3.741521458008858
5.5701317566875765
9.2774382308025221
3.7107521377677277
9.0096782967808782
6.4095779952988323
3.3863439212243884
8.7446447120240389
10.081202542278856
8.7446447017902678
3.4492765603447237
3.9413826123736686
4.5615014677402739
8.6844477734642673
4.205885690116709
3.5184489361823235
3.4305549539608338
4.0799685051927348
8.6844477734642673
5.1787635415461111
11.830602344907025
5.5239621765918114
3.4084592309291217
6.3038754847202627
3.4580395611773396
3.3915967424101274
3.1079576942553135
4.9979966120225896
6.9013083741264873
4.3317040847474324
5.3322346714281368
4.331653511523939
5.3570276568609456
4.9550359344117938
4.9550357316892164
5.9435345379143811
4.6779632045895321
4.9979966120225896
5.8751673001899904
4.8004450312313116
7.3359351608177263
5.834414978668887
5.834414978668887
5.8751673001899904
13.166726602016176
5.0041665746465656
3.4196576366228917
3.1118880567222562
4.6340840090494257
5.8751673001899904
3.0317451751188083
3.1276955454775694
4.3007024806438814
3.5101393246132901
4.1434553069254525
4.0261988278583205
8.3086725211616397
3.5910308054939866
3.053740292095295
2.4428653012903854
4.27948978637267
2.9934254363206017
3.0610345322050314
2.5027718281140277
2.7147626096797635
2.247770276388144
4.3825779170863246
4.846608472526972
4.3850785397753125
4.1434553069254525
10.726883831914961
4.7530762696373277
3.7107521377677277
5.0817811323295237
3.497824309314749
4.1434285592354536
4.1395473682596302
5.2234380743775057
3.210870996225506
3.4676421319905102
4.3317040847474324
5.338818525126201
6.2369381134837605
4.2481262207247568
5.8751673001899904
13.436738256522755
8.0797987465628527
7.5010395758747981
4.8589551411371925
13.531061901618878
10.726883831914961
4.4626252886151043
4.8132649366077667
13.376213517592966
3.8794748513848289
4.1175416616934388
5.3575563564437392
3.195144550013346
5.5596389033533953
4.6158586543226177
6.3894049386467984
4.5455163165366681
6.2044407664854457
9.0096782967808782
1.5890633099839713
13.766693259004221
3.2328653625865105
4.1799492624614789
4.3007024806438814
3.5803515323902944
6.6568612926215138
3.9327392437584447
7.2859748380946536
8.6954430190929948
6.564959690107556
6.6568612926215138
5.6533878937272126
5.937237472403627
3.6563747608913615
3.9045000295589136
5.6470350605543409
6.4095779952988323
5.0691886640334065
4.4991083947012669
3.497824309314749
3.6006807474063813
11.495438594074987
3.8105261283731986
3.503881517497129
5.2659978259199658
4.452189959735624
4.5096878581283857
5.1547337515826444
11.168863799498652
5.2675692257578941
7.638671820947935
6.6568612926215138
5.6586389241917283
3.8794748513848289
3.1463182228840729
4.6615188680012007
7.0573349865804254
7.932951614528692
3.8884329511740612
4.1557918155326519
4.759049658911402
4.1434285592354536
3.6006807474063813
5.2862521423039652
4.8004450312313116
3.9327392437584447
5.3663234743596995
8.7654346893841453
8.231171929794332
8.5757843575751167
3.9764820969773824
4.0242872864931476
8.2354928349391425
6.2651431796397992
10.704019639351795
8.1728061747939158
3.858462720147033
3.7501149361049553
8.6775605788280448
8.330203109761543
4.9130058577547882
6.704707362302031
2.650943791848074
2.4428653012903854
3.5243823486661627
3.0122971249502961
7.2859748380946536
3.649264680894218
6.7100668149166136
2.0566890130020363
5.8692908352197479
7.3359351608177263
5.3663234743596995
6.2651431796397992
4.406717403190533
4.1175416616934388
6.7150041384130938
6.7150041384130938
5.6326694184345634
4.860659704485137
4.7906729992836965
3.7881836020438517
3.3396512581356541
7.9082614053449367
3.3863439212243884
4.962764161475949
6.4708227378928962
9.7591120325727214
3.1025135678602065
5.0114547763444204
2.7895845232258281
4.2066986708639984
4.4626252886151043
10.704019639351795
4.5830098167809012
4.3646558565325542
3.0409299655188606
4.1670862013336194
4.066592443740884
3.0286871684375662
4.406717403190533
3.7284174600394993
5.834414978668887
5.0856910587133761
5.847130406135201
3.4142735731097908
3.0619555921675139
3.6703760956234879
3.1003557885974642
3.1481750046772183
3.0974557689239481
5.834414978668887
5.3322346714281368
5.8751673001899904
8.7446447120240389
10.229693527314714
10.081202542278856
8.3086725211616397
8.6954430190929948
3.6546072726078793
4.9683709641283418
8.1728061747939158
2.8138889760724703
4.27948978637267
8.7446447017902678
5.0856910587133761
5.847130406135201
11.495438594074987
9.6666719335917364
4.1395473682596302
3.8105261283731986
6.564959690107556
8.6537458990448286
2.9934254363206017
3.0409299655188606
3.9178084212844224
6.7150041384130938
4.98955344996837
4.8583362263359424
3.4142735731097908
2.3894985057242026
3.0909575362929909
11.32115510789068
8.6531120719239834
3.503881517497129
4.4434335318883269
3.3692886080804927
3.4714877706141674
3.2741613081017986
3.9636891798338092
6.9283341038096919
3.5403468383804193
3.7007094034937036
8.9502820526784745
7.3046249551540159
4.7787562561197321
5.1129725248506084
9.2278120405083772
4.1592622786257545
4.5928912004741891
8.2569834469794472
12.105901648548675
6.9302209639500356
8.3448464831290838
8.3731150572510309
3.3331776839521585
3.3293561790849218
6.7150041384130938
3.6703760956234879
4.98955344996837
3.1833480540686105
4.860659704485137
4.4434335318883269
5.5050241109284341
4.9331268381282447
5.4934180757731621
8.9502820526784745
11.477078190830104
4.4765538125587714
6.0030534890746248
5.2659978259199658
4.5733181437064765
1.6936372038010907
3.7284174600394993
13.436738256522755
11.32115510789068
4.1592622786257545
4.2187212676786547
4.7804844912536737
5.9685042231368275
3.8541839202557071
8.6073764942282978
4.1592637548228462
5.1563598898642722
5.2832398202980109
4.1601174334702788
3.5143700041354369
3.4492765603447237
4.962764161475949
5.2234380743775057
5.2862521423039652
5.3575563564437392
6.7474233163849808
3.9413826123736686
5.8597038757103617
3.9315534169631063
7.9082614053449367
13.591693248544399
4.7530762696373277
4.8132649366077667
12.752327369471722
2.9552173684902945
3.0882837205197315
4.2187212676786547
4.3257564679804901
4.331653511523939
5.0856910587133761
5.0856910587133761
4.4765538125587714
3.6343687652598411
4.2238614051853736
4.2809133177228116
3.9592694615004258
4.1994543664400608
4.5615014677402739
6.4708227378928962
6.3999113065475042
5.1354651220288883
2.3894985057242026
3.3692886080804927
2.6100772881857828
3.4714877706141674
2.6100772881857828
4.8403639629913604
4.8067103605654182
2.7601531875154497
4.1557918155326519
8.166212087219364
4.452189959735624
3.2741613081017986
4.7804844912536737
4.4249949515554734
4.1670862013336194
4.2920229623011474
5.3570276568609456
5.072116740252584
3.0610345322050314
8.6844477734642673
4.3870009314437279
4.0007261736549733
8.7654346893841453
7.8248678859023721
7.5327076047544983
13.166726602016176
6.9013083741264873
5.0041665746465656
3.4333186531553017
3.171948775016157
5.5391041105949368
8.6876168394002988
7.9405646352410519
8.1799120749239762
12.701606218690928
5.847130406135201
6.0030534890746248
3.6343687652598411
6.4288474575899253
4.4852902433317725
13.194912236534757
9.7591120325727214
12.94163067987898
3.195144550013346
3.1463182228840729
3.2800993932611573
7.3046249551540159
8.6816782227536393
2.1733531159760067
4.2808010715817435
2.9552173684902945
4.5096878581283857
4.5733181437064765
5.2678064885176985
4.6532724428245951
4.2238614051853736
6.4288474575899253
5.317814619331978
3.1025135678602065
3.0619555921675139
3.0909575362929909
12.94163067987898
4.9130058577547882
6.704707362302031
7.5010806521743092
8.330203109761543
8.2569834469794472
8.2893246485400631
8.8242669391801396
5.4773884030397095
2.1197082420425777
5.5596389033533953
5.1547337515826444
5.4537647075723878
4.205885690116709
3.7682007377739235
8.231171929794332
7.8248678859023721
7.8176273728657621
11.652827145459657
3.8949988920476137
3.0250557938941296
3.4196576366228917
3.4333186531553017
5.9321622797380211
4.1673414385224374
13.591693248544399
8.6876168394002988
4.8583362263359424
5.1563598898642722
5.072116740252584
6.6568612926215138
8.5757843575751167
13.689118051871866
5.6533878937272126
7.5327076047544983
8.3873637024740155
3.1003557885974642
3.3070290682065404
2.9649695133831693
3.1481750046772183
3.0250557938941296
3.3070290682065404
2.9723321784229983
3.6686106087001464
4.5287994574527959
4.6615188680012007
3.6405502190392802
4.3515077769588375
3.0882837205197315
8.3137986181639913
3.0217880204727621
3.2048770593451672
2.9723321784229983
3.5184489361823235
4.6158586543226177
5.0691886640334065
4.9130058577547882
6.7474233163849808
4.9130058577547882
3.7682007377739235
7.8176273728657621
3.7900175641480387
4.1023655576489526
3.259137890327819
3.3954097364163465
5.1791565020982251
12.105901648548675
5.338818525126201
7.0573349865804254
5.4955017135048063
3.9636891798338092
5.5050241109284341
4.9550359344117938
6.2369381134837605
6.9315946499074315
7.2661457673690766
3.1118880567222562
3.9764820969773824
3.8489324394178741
3.4316857835566443
3.911444654293875
3.4305549539608338
4.1601174334702788
3.5143700041354369
3.4316857835566443
3.4348322439003902
13.376213517592966
4.5830098167809012
8.6531120719239834
4.7787562561197321
11.477078190830104
5.9685042231368275
4.3257564679804901
4.4249949515554734
8.6816782227536393
7.1344968887819515
3.3331776839521585
3.171948775016157
3.0867329604577827
3.2851676638562735
2.9357814137927938
5.1129725248506084
3.6702602703955618
8.0797987465628527
8.4254235453255415
5.0114547763444204
4.8403639629913604
3.210870996225506
3.0974557689239481
4.8583362263359424
3.1833480540686105
4.1994543664400608
4.8583362263359424
4.0244496793965645
11.168863799498652
9.6666719335917364
6.9283341038096919
5.847130406135201
4.2809133177228116
4.4852902433317725
4.6340840090494257
6.9315946499074315
7.3555660217500938
2.5027718281140277
3.5243823486661627
3.8906007090410144
3.0110271576130025
3.0122971249502961
3.3396512581356541
5.5391041105949368
4.0799685051927348
11.458795352571597
9.1716562845400631
3.9418074049754988
7.9405646352410519
13.804144381325315
3.858462720147033
3.6206565773071997
5.937237472403627
8.6537458990448286
8.3873637024740155
3.6563747608913615
3.649264680894218
3.6546072726078793
4.5928912004741891
3.8541839202557071
3.3880931924082485
4.1584569646969465
4.8011330200306324
4.5662139905512538
4.555496218051986
7.5155259338620803
7.2661457673690766
8.4254235453255415
7.3555660217500938
4.4304634930698699
3.6686106087001464
7.331442147689839
5.1135189735907813
6.7100668149166136
4.7740795586976237
2.2617543832940425
3.5403468383804193
3.911444654293875
3.4348322439003902
13.705888181148637
5.2675692257578941
4.7906729992836965
4.9331268381282447
5.2678064885176985
5.1825967403379973
4.4094351581327897
4.7148391558571348
6.3894049386467984
3.2800993932611573
4.0242872864931476
3.8489324394178741
4.2066986708639984
4.066592443740884
3.9045000295589136
3.3880931924082485
4.2808010715817435
7.638671820947935
5.1825967403379973
5.8692908352197479
6.2724804045559184
3.4676421319905102
4.0244496793965645
4.0261988278583205
6.9302209639500356
2.247770276388144
5.8751673001899904
4.8011330200306324
4.9115919084986581
2.0115529415287452
3.0317451751188083
4.8589551411371925
3.3293561790849218
2.1197082420425777
3.0867329604577827
3.3198637321061071
3.8592166131400316
3.3198637321061071
4.9550357316892164
4.846608472526972
3.9592694615004258
6.3999113065475042
4.1303333574062426
13.248011686865464
4.2920229623011474
4.4040158763472776
8.6844477734642673
3.3198637321061071
3.7501149361049553
4.3646558565325542
2.1176995963570491
5.6586389241917283
7.932951614528692
3.6405502190392802
5.4955017135048063
4.8760698923437351
6.3013506176009209
3.9164539468470836
5.5010413216349239
2.8652303772406875
3.6206565773071997
4.5662139905512538
4.9115919084986581
5.1787635415461111
11.652827145459657
5.1464961814589216
3.741521458008858
4.4040158763472776
3.7900175641480387
5.1464961814589216
5.9435345379143811
4.3850785397753125
4.2481262207247568
5.1354651220288883
4.8067103605654182
4.1303333574062426
8.3448464831290838
8.2893246485400631
2.1644138895595417
4.8760698923437351
5.5701317566875765
4.759049658911402
8.166212087219364
4.555496218051986
6.2724804045559184
6.3013506176009209
3.0286871684375662
3.8906007090410144
8.3731150572510309
8.8242669391801396
3.8884329511740612
3.9164539468470836
11.830602344907025
4.6532724428245951
4.4094351581327897
5.4113362524653814
11.458795352571597
12.701606218690928
13.517825612358628
5.5239621765918114
4.1023655576489526
3.5101393246132901
2.7147626096797635
3.5803515323902944
3.4084592309291217
6.704707362302031
5.317814619331978
6.704707362302031
3.259137890327819
8.6073764942282978
7.1344968887819515
9.1717324669618474
6.3038754847202627
10.229693527314714
1.7369052484254695
9.2238565118876235
13.766693259004221
9.2774382308025221
7.331442147689839
5.9321622797380211
13.517825612358628
2.1510562338822394
8.3137986181639913
5.5010413216349239
4.5287994574527959
5.1135189735907813
4.5455163165366681
5.6326694184345634
3.3954097364163465
3.8594336633950062
5.6470350605543409
8.2354928349391425
3.4580395611773396
4.6779632045895321
5.0817811323295237
6.2044407664854457
5.8597038757103617
5.1791565020982251
3.8594336633950062
2.484196254518487
4.0007261736549733
1.8337646576543096
4.3825779170863246
3.0217880204727621
3.2851676638562735
3.8592166131400316
3.5910308054939866
3.2328653625865105
3.1276955454775694
4.1673414385224374
4.7148391558571348
5.4113362524653814
3.3198637321061071
3.3915967424101274
5.2832398202980109
3.1079576942553135
4.7740795586976237
12.420209074816778
12.752327369471722
4.1592637548228462
4.1584569646969465
2.8479915798779905
8.2806549905719162
2.1918380662591965
4.9595646771585971
9.4571759935251638
2.9830130453551744
2.6993319769881507
4.5677990167409703
9.9820807751732552
2.3077715955114049
4.6386218499656584
5.1145510001725762
8.933220573499236
2.6558455347193606
8.2806960668714282
6.2570038177368277
5.0778944850516261
4.387381568562132
3.7906425723101216
9.9254435365923896
4.6627148649547623
8.2951413485592003
2.7889526830713458
2.8479915798779905
2.7911683562258633
2.7581359169709274
2.7770872273346274
9.9255210157312774
2.3249293251947738
4.0683107656518978
2.7890096819580803
2.8795138607855573
2.3952559610008115
13.181340565565851
2.2327224106028103
3.9693921205986653
2.1060578966105417
2.6952537857681911
2.1456798635850838
3.0559677774896294
2.9623029977857893
5.9665561292943892
2.2525575628536378
5.9167322586223055
4.0440888201102689
2.1739770600222856
1.9585031298210076
3.019457173765058
3.5578800019567236
2.4088099224482331
2.637832570495231
6.0634437630748597
10.057053645499641
3.2445697722688367
9.7450494412344568
7.1891934099959514
3.1140379947590975
9.4758177001385153
3.6272236510817701
9.4758176893711106
3.6935702389520584
4.3169450004131145
4.8976942914821118
9.4147736883158917
4.9855011048138271
4.2980643508794421
2.8844300481973217
4.3382695700843747
9.4147736883158917
5.9583789562432292
12.576905215280155
6.3035775912889296
4.1880746456262399
7.0240875197882735
3.7053967831992272
3.64181340848276
2.9253176705236461
5.7776120267197086
7.6809237888236055
3.2961436900212817
3.1899382370854377
3.1996389518537258
6.1366430715580647
4.7064879297075359
3.1412159098191426
4.8367583932277807
2.9953816806050253
5.7776120267197086
6.6547827148871095
5.5800604459284298
8.1155505755148454
6.6140303933660052
6.6140303933660052
6.6547827148871095
5.7837819893436837
4.1992730513200103
3.8915034714193752
5.4136994237465439
6.6547827148871095
3.8113605898159268
3.907310960174688
5.0803178953409995
4.2897547393104087
4.9230707216225715
4.8058142425554387
3.7022685082457651
2.9083237476961328
2.2327224106028103
2.5146864631419468
4.4937243744262974
3.7730408510177198
3.5689852354195848
2.8171537329744867
2.9872840108617744
2.8479915798779905
5.1621933317834428
5.6262238872240902
5.1646939544724306
4.9230707216225715
11.50649924661208
5.5326916843344467
3.2445697722688367
3.2962953706746823
2.4475779288566022
4.9230439739325718
4.9191627829567492
6.0030534890746248
3.1818685802918152
3.6617918418179034
2.3013042470184693
2.4081518407176237
3.8829443958491523
3.2961436900212817
6.1184339398233201
7.0165535281808786
5.0277416354218758
6.6547827148871095
8.8594141612599699
8.2806549905719162
5.6385705558343107
3.3770669384114171
11.50649924661208
5.2422407033122225
5.5928803513048857
4.6590902660819475
4.8971570763905579
6.1371717711408573
3.9747599647104641
6.3392543180505134
5.3954740690197367
7.1690203533439174
5.3251317312337871
5.3378814762547737
9.7450494412344568
2.1918380662591965
4.4778206057817531
2.9980890472494157
4.9595646771585971
5.0803178953409995
4.3599669470874129
7.436476707318632
4.7123546584555642
8.0655902527917718
9.4750584337901138
7.344575104804675
7.436476707318632
6.4330033084243317
6.716852887100746
4.4359901755884801
4.6841154442560322
6.426650475251459
7.1891934099959514
5.8488040787305255
3.9693921205986653
2.4475779288566022
3.0807884130572862
12.275054008772106
2.9654596674703013
2.6782056761403581
6.0456132406170839
4.7041220725345978
5.2893032728255047
2.7766783810888653
11.948479214195771
4.9176776885498708
7.7848600595473521
7.436476707318632
6.4382543388888465
4.6590902660819475
3.9259336375811911
5.4411342826983198
7.8369504012775444
8.7125670292258093
4.6680483658711793
4.9354072302297709
5.538665073608521
4.9230439739325718
3.0807884130572862
6.0658675570010843
5.5800604459284298
4.7123546584555642
6.1459388890568176
9.5450501040812625
9.010787344491451
9.355399772272234
4.7560975116745006
4.8039027011902666
9.0151082496362616
7.0447585943369182
11.483635054048912
8.1716891253434589
4.6380781348441511
4.5297303508020734
9.4571759935251638
9.1098185244586602
5.6926212724519063
7.4843227769991501
2.9830130453551744
2.5146864631419468
4.3039977633632809
3.387484420266019
8.0655902527917718
4.4288800955913361
7.4896822296137326
2.6993319769881507
6.648906249916867
8.1155505755148454
6.1459388890568176
7.0447585943369182
5.186332817887652
4.8971570763905579
7.494619553110212
7.494619553110212
6.4122848331316815
3.3801138510019615
4.2045984320569287
4.5677990167409703
4.1192666728327723
8.6878768200420549
3.1140379947590975
5.742379576173068
7.2504381525900143
10.538727447269839
3.8821289825573246
5.7910701910415394
2.1060578966105417
3.4229728168520994
5.2422407033122225
11.483635054048912
5.3626252314780203
5.1442712712296723
3.8205453802159792
4.9467016160307375
4.8462078584380031
3.8083025831346848
5.186332817887652
4.5080328747366183
6.6140303933660052
5.8653064734104943
6.62674582083232
4.1938889878069094
3.841571006864632
2.558113269517118
2.4191671280384899
3.5309026685706941
2.0772247966287529
2.0565045035342027
1.9931609259760408
6.6140303933660052
3.1899382370854377
6.987446014915311
6.6547827148871095
9.4758177001385153
11.009308942011833
3.6272236510817701
3.7022685082457651
9.4750584337901138
4.4342226873049979
2.6952537857681911
8.1716891253434589
2.1456798635850838
4.4937243744262974
9.4758176893711106
5.8653064734104943
6.62674582083232
12.275054008772106
10.446287348288854
4.9191627829567492
2.9654596674703013
7.344575104804675
9.4333613137419459
3.7730408510177198
3.8205453802159792
3.0559677774896294
7.494619553110212
3.3209141173305188
2.5921270320134777
4.1938889878069094
3.1691139204213212
3.870572950990109
12.100770522587798
9.4327274866211024
2.6782056761403581
4.1961050139466911
4.1489040227776108
3.4172196223081515
2.6885130482990158
2.8059165620779511
4.3440206242781807
7.3480189902097308
4.3199622530775379
2.9623029977857893
9.7298974673755936
8.084240369851134
5.5583716708168502
5.8925879395477274
9.9820807751732552
4.9388776933228735
5.3725066151713072
9.0365988616765662
12.885517063245794
7.7098363786471538
9.1244618978262029
9.1527304719481499
4.1127930986492771
4.1089715937820399
7.494619553110212
2.558113269517118
3.3209141173305188
2.1796979865962451
3.3801138510019615
4.1961050139466911
3.5675467678234747
3.5890558851476371
5.9665561292943892
9.7298974673755936
12.256693605527222
5.2561692272558904
6.7826689037717429
6.0456132406170839
5.3529335584035946
2.3077715955114049
4.5080328747366183
2.4191671280384899
12.100770522587798
4.9388776933228735
4.9983366823757729
5.5600999059507918
6.7481196378339456
4.6337993349528261
9.3869919089254168
4.9388791695199643
5.9359753045613903
6.062855234995129
4.135439413381504
4.2939854188325555
3.6935702389520584
5.742379576173068
6.0030534890746248
6.0658675570010843
6.1371717711408573
7.527038731082099
4.3169450004131145
6.6393192904074807
4.6386218499656584
8.6878768200420549
3.1818685802918152
3.8980918693924043
5.5326916843344467
5.5928803513048857
13.531942784168839
3.7348327831874131
3.8678991352168501
4.9983366823757729
5.1053718826776082
3.1996389518537258
5.8653064734104943
6.987446014915311
5.8653064734104943
5.2561692272558904
4.4139841799569597
5.0034768198824917
5.0605287324199297
3.3823982665136998
3.5309026685706941
2.5627427217719587
4.8976942914821118
7.2504381525900143
7.1795267212446232
5.9150805367260064
3.1691139204213212
4.1489040227776108
3.3896927028829018
3.4172196223081515
3.3896927028829018
3.8667470416974599
5.5863257752625373
2.2525575628536378
4.9354072302297709
8.945827501916483
4.7041220725345978
2.6885130482990158
5.5600999059507918
5.2046103662525915
4.9467016160307375
5.0716383769982665
6.1366430715580647
5.851732154949703
3.5689852354195848
9.4147736883158917
5.1145510001725762
4.7803415883520923
9.5450501040812625
8.6044833005994903
8.3123230194516164
3.4931366885005928
7.6809237888236055
5.7837819893436837
4.2129340678524203
3.9515641897132756
6.3187195252920549
9.4672322540974179
8.7201800499381701
8.933220573499236
13.481221633388046
6.62674582083232
6.7826689037717429
4.4139841799569597
7.2084628722870434
5.2649056580288915
10.538727447269839
13.721246094576099
3.9747599647104641
3.9259336375811911
4.0597148079582759
8.084240369851134
9.4612936374507566
2.6558455347193606
3.4019455903008811
3.7348327831874131
5.2893032728255047
5.3529335584035946
4.4577933734894639
5.4328878575217132
5.0034768198824917
7.2084628722870434
6.0974300340290961
3.8821289825573246
3.841571006864632
3.870572950990109
13.721246094576099
5.6926212724519063
7.4843227769991501
8.2806960668714282
9.1098185244586602
9.0365988616765662
9.0689400632371804
9.6038823538772569
6.2570038177368277
2.8993236567396963
6.3392543180505134
3.6617918418179034
2.7766783810888653
5.9167322586223055
4.9855011048138271
4.5478161524710421
9.010787344491451
8.6044833005994903
8.5972427875628803
12.432442560156774
4.0440888201102689
2.1149388966899965
4.1992730513200103
4.2129340678524203
6.7117776944351402
4.9469568532195565
9.4672322540974179
3.3207236635877471
5.9359753045613903
5.851732154949703
7.436476707318632
9.355399772272234
6.4330033084243317
8.3123230194516164
9.1669791171711346
2.0772247966287529
2.3512476664857886
2.1739770600222856
3.3770669384114171
2.0565045035342027
2.1149388966899965
2.3512476664857886
2.0110782517452988
2.1795751917789756
3.3770669384114171
2.5772792352241809
5.4411342826983198
4.4201656337363993
5.0778944850516261
3.8678991352168501
9.0934140328611104
3.3168328698688598
1.9585031298210076
3.4931366885005928
2.0110782517452988
4.2980643508794421
5.3954740690197367
5.8488040787305255
5.6926212724519063
7.527038731082099
5.6926212724519063
4.5478161524710421
8.5972427875628803
4.5696329788451573
4.8819809723460708
4.0387533050249376
4.1750251511134646
5.9587719167953432
12.885517063245794
6.1184339398233201
7.8369504012775444
6.2751171282019254
2.8059165620779511
3.5675467678234747
4.7064879297075359
7.0165535281808786
7.7112100646045505
8.0457611820661956
3.8915034714193752
4.7560975116745006
4.6285478541149923
4.2113011982537634
4.6910600689909936
2.8844300481973217
4.135439413381504
4.2939854188325555
4.2113011982537634
4.2144476585975088
5.3626252314780203
9.4327274866211024
5.5583716708168502
12.256693605527222
6.7481196378339456
5.1053718826776082
5.2046103662525915
9.4612936374507566
7.9141123034790706
4.1127930986492771
3.9515641897132756
3.8663483751549013
4.0647830785533925
3.019457173765058
5.8925879395477274
4.387381568562132
8.8594141612599699
9.2050389600226605
5.7910701910415394
4.3440206242781807
3.8667470416974599
2.3013042470184693
1.9931609259760408
2.5921270320134777
2.1796979865962451
2.5627427217719587
3.3207236635877471
2.2887034463276805
11.948479214195771
10.446287348288854
7.3480189902097308
6.62674582083232
5.0605287324199297
5.2649056580288915
5.4136994237465439
7.7112100646045505
8.1351814364472119
2.8171537329744867
4.3039977633632809
4.6702161237381326
3.7906425723101216
3.387484420266019
4.1192666728327723
6.3187195252920549
4.3382695700843747
12.238410767268716
9.9254435365923896
4.6627148649547623
8.7201800499381701
4.6380781348441511
4.4002719920043178
6.716852887100746
9.4333613137419459
9.1669791171711346
4.4359901755884801
4.4288800955913361
4.4342226873049979
5.3725066151713072
4.6337993349528261
4.1677086071053671
4.9380723793940655
5.5807484347277505
5.3458294052483719
5.3351116327491042
8.2951413485592003
8.0457611820661956
9.2050389600226605
8.1351814364472119
3.5578800019567236
2.1795751917789756
7.8678845813656846
5.0451881855804528
7.4896822296137326
5.5536949733947418
2.7889526830713458
4.3199622530775379
4.6910600689909936
4.2144476585975088
3.3770669384114171
4.9176776885498708
4.2045984320569287
3.5890558851476371
4.4577933734894639
3.9221828365297138
3.8762034460942947
4.7413215802053914
7.1690203533439174
4.0597148079582759
4.8039027011902666
4.6285478541149923
3.4229728168520994
4.8462078584380031
4.6841154442560322
4.1677086071053671
3.4019455903008811
7.7848600595473521
3.9221828365297138
6.648906249916867
7.0520958192530374
2.4081518407176237
3.8980918693924043
2.2887034463276805
4.8058142425554387
7.7098363786471538
2.8479915798779905
6.6547827148871095
5.5807484347277505
5.6912073231957772
2.7911683562258633
3.8113605898159268
5.6385705558343107
4.1089715937820399
2.8993236567396963
3.8663483751549013
4.0994791468032252
4.6388320278371502
4.0994791468032252
3.1412159098191426
5.6262238872240902
3.3823982665136998
7.1795267212446232
4.9099487721033617
5.0716383769982665
5.1836312910443958
9.4147736883158917
4.0994791468032252
4.5297303508020734
5.1442712712296723
2.7581359169709274
6.4382543388888465
8.7125670292258093
4.4201656337363993
6.2751171282019254
5.6556853070408533
7.080966032298039
4.6960693615442022
6.280656736332042
2.4088099224482331
4.4002719920043178
5.3458294052483719
5.6912073231957772
5.9583789562432292
12.432442560156774
5.9261115961560407
2.637832570495231
5.1836312910443958
4.5696329788451573
5.9261115961560407
4.8367583932277807
5.1646939544724306
5.0277416354218758
5.9150805367260064
5.5863257752625373
4.9099487721033617
9.1244618978262029
9.0689400632371804
2.7770872273346274
5.6556853070408533
6.0634437630748597
5.538665073608521
8.945827501916483
5.3351116327491042
7.0520958192530374
7.080966032298039
3.8083025831346848
4.6702161237381326
9.1527304719481499
9.6038823538772569
4.6680483658711793
4.6960693615442022
12.576905215280155
5.4328878575217132
3.8762034460942947
6.1909516671624996
12.238410767268716
13.481221633388046
6.3035775912889296
4.8819809723460708
4.2897547393104087
2.9872840108617744
4.3599669470874129
4.1880746456262399
7.4843227769991501
6.0974300340290961
7.4843227769991501
4.0387533050249376
9.3869919089254168
7.9141123034790706
9.9255210157312774
7.0240875197882735
11.009308942011833
2.3249293251947738
4.0683107656518978
4.4778206057817531
10.057053645499641
7.8678845813656846
6.7117776944351402
3.8829443958491523
2.7890096819580803
9.0934140328611104
6.280656736332042
2.5772792352241809
5.0451881855804528
5.3251317312337871
6.4122848331316815
4.1750251511134646
4.6390490780921247
6.426650475251459
9.0151082496362616
3.7053967831992272
2.9953816806050253
3.2962953706746823
5.3378814762547737
6.6393192904074807
5.9587719167953432
4.6390490780921247
2.8795138607855573
4.7803415883520923
2.3952559610008115
5.1621933317834428
3.3168328698688598
4.0647830785533925
4.6388320278371502
2.9083237476961328
2.9980890472494157
3.907310960174688
4.9469568532195565
4.7413215802053914
6.1909516671624996
4.0994791468032252
3.64181340848276
6.062855234995129
2.9253176705236461
5.5536949733947418
13.181340565565851
13.531942784168839
4.9388791695199643
4.9380723793940655
4.4841195130889622
13.737962893451748
4.6681845076405448
10.416872580038428
4.9099241552542239
7.4054540778707292
10.0251069196208
6.7124221398125403
9.6926882232539722
10.266337827757607
5.2796447976196497
13.738003969751258
11.714311720616658
6.1938794345614294
10.223870715981517
4.5801042466086246
6.0970905615592432
9.7810351922471721
13.75244925143903
5.9360487618324704
4.8938805801309284
8.2484762591056935
7.4629693902464824
7.3624873796929329
4.5125198322999465
6.748125736936049
6.0327930227948316
6.4186281598483585
4.8029630664349483
6.0420850971837581
7.6420718588301533
5.0913654828844637
5.6590409287564754
5.9898957696208575
4.7437374491329285
7.7002244716847503
4.7007457504678483
11.14170120093346
4.6998632338874069
3.439587867927052
11.084894840828705
3.3076908152698286
6.5350764185872325
4.6985545534832855
7.9405499920289246
7.0375783969015062
4.7745028129254585
6.9840990106359566
7.1281823402801958
3.2932060592789401
4.4143971908011697
12.646501312875781
4.5087803450069259
5.5041018832218409
4.4312727027287737
4.480008298758082
4.5012393881386457
9.1667496129163251
10.442809007693656
9.7553722537592709
4.5716691301939907
8.5040181276595508
11.41568685912306
5.1465644956145598
11.760885494168759
9.6453825485060705
12.17347879893051
7.8318625629111702
7.7675212207293685
6.5395125594942698
11.234919929599538
13.138231691703435
7.6489370380169648
5.5681580840266358
4.2394474083909808
4.268871075010181
11.593950974437895
9.3562746853841574
4.1622288843885107
9.3187683751531161
4.2830246485913337
11.234919929599538
12.112090617766938
11.037368348808259
13.572858478394675
12.071338296245834
12.071338296245834
12.112090617766938
11.241089892223515
9.6565809541998391
9.3488113742992045
10.871007326626374
12.112090617766938
9.2686684926957561
9.3646188630545186
10.53762579822083
9.7470626421902384
10.380378624502402
10.263122145435268
4.5067751531851741
4.5636008512769966
6.0420850971837581
5.0721581860256997
5.9705561418058659
9.9510322773061279
6.0259617252196689
8.4037963756895149
6.3976667626231301
7.5010149649568181
4.4841195130889622
4.7165991511561831
11.083531790103921
10.622001857352261
10.380378624502402
10.989999587214276
4.4143971908011697
4.530188358278739
2.7780517437900913
5.5875760932392176
3.2227667572177627
3.6263890623163513
6.7293226543357836
2.3377789044925934
3.9498059201525026
6.5998586461799507
2.518374208291462
3.9563769777904518
3.0268471562253496
2.3877948122382535
3.8368471267983413
3.2227667572177627
3.4500617909651248
2.3472783145615121
7.6489370380169648
11.575741842703151
12.473861431060708
10.485049538301705
12.112090617766938
3.2991053969417052
13.737962893451748
11.095878458714141
3.8854289648443285
6.5067070887655705
10.699548606192053
11.050188254184715
10.116398168961778
10.354464979270388
11.594479674020686
9.4320678675902947
11.796562220930344
10.852781971899566
12.626328256223747
10.782439634113617
5.5681580840266358
4.6201411932435477
4.6681845076405448
6.1030717979936311
9.9351285086615828
4.6929513217157028
10.416872580038428
10.53762579822083
9.8172748499672426
12.893784610198463
10.169662561335395
13.522898155671601
12.801883007684506
12.893784610198463
11.890311211304162
12.174160789980577
9.8932980784683089
10.141423347135863
11.88395837813129
12.646501312875781
11.306111981610355
7.6420718588301533
2.7780517437900913
3.3627420338722818
3.0874453567695697
7.2504381525900143
4.1742236005746207
3.7247144365787372
9.7905319434247779
3.2497747929461305
3.7377273121659598
2.6692523760042537
8.588246544513277
12.578552992539333
12.893784610198463
11.895562241768676
10.116398168961778
9.3832415404610217
10.898442185578149
13.294258304157374
10.125356268751009
9.2463734309024641
10.99597297648835
5.5875760932392176
3.3627420338722818
5.7896478931038136
11.037368348808259
10.169662561335395
11.603246791936648
10.21340541455433
10.261210604070095
12.502066497216747
13.195850212844437
10.095386037723982
9.9870382536819022
3.2227667572177627
3.7512388991266312
11.149929175331737
12.94163067987898
4.9099241552542239
5.0721581860256997
7.8490671124042022
5.6250375915488116
10.615901513321523
13.522898155671601
9.8861879984711667
12.946990132493562
7.4054540778707292
12.106214152796698
13.572858478394675
11.603246791936648
12.502066497216747
10.643640720767481
10.354464979270388
12.951927455990042
12.951927455990042
11.869592736011512
4.8981975061661922
6.677399200092581
10.0251069196208
8.6979437258915944
4.5087803450069259
5.6331254812811942
12.707746055469844
6.4193846495494151
5.3538718953632145
5.0913654828844637
7.8809760228076371
10.699548606192053
10.81993313435785
10.601579174109503
5.9705561418058659
5.6761428051228
10.404009518910566
6.0936712826894812
5.6869756102944935
10.643640720767481
9.9653407776164489
6.073307377360436
2.6062286654190903
12.071338296245834
8.6843891214431697
12.084053723712149
6.9800636352148988
5.957298433826189
3.2991053969417052
1.8629174630001613
2.0412450013395929
3.2173761084344821
1.8772245645892183
5.4035860090993575
1.8398238927883297
2.6471942108255218
2.6471942108255218
2.9584735387911874
2.1361232509742294
1.6097811513420899
1.5863438454255665
2.1089448347986273
12.071338296245834
4.2394474083909808
4.1714390748063277
12.112090617766938
5.5041018832218409
5.6132457817260653
5.5522118593686836
4.4312727027287737
4.5067751531851741
4.6100981148115183
9.8915305901848285
5.6590409287564754
13.195850212844437
5.9898957696208575
9.9510322773061279
8.6843891214431697
12.084053723712149
4.7231714785609205
3.6263890623163513
3.0874453567695697
3.9227977286994
12.801883007684506
7.2504381525900143
4.5651985392534291
4.7437374491329285
6.0259617252196689
5.6761428051228
7.7002244716847503
12.951927455990042
3.9426332919128431
2.0468310182765128
6.9800636352148988
4.5370094673294714
5.0679905327718284
1.8629174630001613
4.3658611182106757
4.1742236005746207
5.1034192560397029
6.0396260236250034
4.4217026886445892
5.2930157809385276
4.2918485373331485
4.8206333385271121
12.250800085536213
6.9205086979268744
4.7007457504678483
13.377035124264435
10.230582310092267
11.349895842427557
10.396185596202704
10.829814518051137
13.167144281526983
9.5701010015291068
9.5662794966618705
12.951927455990042
2.0412450013395929
3.9426332919128431
3.085193205699166
1.8183230367354626
4.8981975061661922
5.1034192560397029
4.7432211717425226
4.2353443906259765
6.1681543533999719
11.14170120093346
4.1053120442109758
4.125844920908782
4.7725964446715645
3.2173761084344821
3.085193205699166
5.4618694287459766
3.7247144365787372
3.578940843817509
6.7124221398125403
9.9653407776164489
10.34253235126006
1.8772245645892183
3.2911163365103584
2.2793354167306146
3.9126140154773332
10.396185596202704
10.455644585255603
11.017407808830621
12.205427540713776
10.091107237832656
10.396187072399794
11.39328320744122
11.52016313787496
7.0175393183517647
7.5543360911971309
4.480008298758082
5.6331254812811942
6.7293226543357836
5.7896478931038136
11.594479674020686
12.98434663396193
4.5012393881386457
5.7214943543126733
9.6926882232539722
2.3377789044925934
2.3533428987955598
5.7998269342139732
10.989999587214276
11.050188254184715
5.6132457817260653
4.44664077033746
5.0731977776803845
5.5201367667131009
10.455644585255603
10.562679785557437
4.268871075010181
8.6843891214431697
4.1714390748063277
8.6843891214431697
4.1053120442109758
4.0691378026646188
8.1319944822888015
4.0318386908289732
4.812944195548754
5.4035860090993575
1.9383154485960907
9.1667496129163251
12.707746055469844
12.636834624124452
11.372388439605837
4.5370094673294714
6.0396260236250034
4.3292678481570057
6.1488108639037984
6.2947487104361137
4.4217026886445892
4.3292678481570057
4.3926864068986715
11.043633678142367
4.6998632338874069
9.2463734309024641
9.7905319434247779
5.2930157809385276
11.017407808830621
10.661918269132421
3.9498059201525026
10.404009518910566
10.528946279878097
11.593950974437895
11.309040057829533
8.4037963756895149
10.266337827757607
10.237649491231922
13.769630922331446
6.827106833805777
13.138231691703435
11.241089892223515
9.6702419707322491
9.4088720925931053
11.776027428171885
1.8398238927883297
4.1390266039258607
12.084053723712149
4.125844920908782
4.0691378026646188
4.8336303670289462
12.665770775166873
4.0271278859024777
3.439587867927052
8.8480014105878713
4.7725964446715645
4.8336303670289462
9.4320678675902947
9.3832415404610217
9.5170227108381056
13.377035124264435
5.2796447976196497
8.7317074405145405
5.3744252884670694
4.44664077033746
3.2497747929461305
4.5651985392534291
3.578940843817509
4.0274401906372645
4.0808179073922206
8.1319944822888015
12.665770775166873
11.554737936908927
6.4193846495494151
5.957298433826189
5.0679905327718284
5.3539752679696271
11.149929175331737
12.94163067987898
13.738003969751258
11.714311720616658
8.356631559619526
11.796562220930344
6.5998586461799507
3.7377273121659598
11.084894840828705
10.442809007693656
10.005124055350873
2.6471942108255218
2.6471942108255218
3.2911163365103584
3.3076908152698286
2.2575508624636909
9.6565809541998391
9.6702419707322491
12.16908559731497
10.404264756099385
2.9584735387911874
2.1505966165051058
11.39328320744122
11.309040057829533
4.0706962335742514
6.9262713639135427
12.893784610198463
6.1938794345614294
8.7317074405145405
11.890311211304162
13.769630922331446
2.1361232509742294
2.2793354167306146
2.7311136383466104
6.5350764185872325
3.8854289648443285
1.6097811513420899
4.1390266039258607
2.2575508624636909
2.7311136383466104
2.1724519337179862
4.0453485196425074
3.2504713921351387
5.6646516356813921
10.898442185578149
9.877473536616229
10.223870715981517
5.5522118593686836
5.0731977776803845
9.0675754138571012
4.7622893874974759
4.6985545534832855
6.5067070887655705
6.827106833805777
2.1724519337179862
9.0036475648434742
9.7553722537592709
10.852781971899566
11.306111981610355
11.149929175331737
12.98434663396193
11.149929175331737
10.005124055350873
10.026940881724988
10.3392888752259
9.4960612079047682
9.6323330539932961
11.416079819675174
7.9369445522741682
11.575741842703151
13.294258304157374
11.732425031081757
4.2918485373331485
4.7432211717425226
9.3562746853841574
12.473861431060708
13.16851796748438
13.503069084946025
9.3488113742992045
10.21340541455433
10.085855756994823
7.2876133968459165
7.4460064897541134
4.5716691301939907
7.0175393183517647
7.5543360911971309
7.2876133968459165
7.2210002285428567
10.81993313435785
10.230582310092267
12.205427540713776
10.562679785557437
10.661918269132421
13.3714202063589
9.5701010015291068
9.4088720925931053
9.323656278034731
9.5220909814332213
7.9405499920289246
11.349895842427557
2.518374208291462
4.2815070327072648
4.5801042466086246
5.3538718953632145
5.3539752679696271
4.8206333385271121
4.3926864068986715
3.9563769777904518
1.5863438454255665
4.3658611182106757
3.9126140154773332
3.0268471562253496
2.6692523760042537
3.7512388991266312
6.073307377360436
2.1089448347986273
2.0468310182765128
1.8183230367354626
1.9383154485960907
2.1505966165051058
2.3287024178711753
12.250800085536213
12.084053723712149
4.7231714785609205
4.0318386908289732
4.0271278859024777
10.871007326626374
13.16851796748438
13.592489339327043
6.3976667626231301
7.8490671124042022
8.0260687530150481
6.0970905615592432
5.6250375915488116
8.6979437258915944
11.776027428171885
8.5040181276595508
9.7810351922471721
10.095386037723982
9.8575798948841484
12.174160789980577
9.8932980784683089
9.8861879984711667
9.8915305901848285
10.829814518051137
10.091107237832656
9.6250165099851976
10.395380282273896
11.03805633760758
10.803137308128202
9.0013225016953857
13.75244925143903
13.503069084946025
13.592489339327043
7.0375783969015062
4.0453485196425074
13.129634069500192
10.502496088460283
12.946990132493562
11.011002876274571
5.9360487618324704
10.34253235126006
6.9205086979268744
7.9369445522741682
7.4460064897541134
7.2210002285428567
3.2504713921351387
9.0036475648434742
8.588246544513277
6.677399200092581
4.2353443906259765
4.0274401906372645
4.0706962335742514
5.0969573319950419
7.2595082652636647
4.1011757823588413
5.2054083433247103
12.626328256223747
9.5170227108381056
10.261210604070095
10.085855756994823
4.7745028129254585
7.8809760228076371
6.0936712826894812
10.141423347135863
9.6250165099851976
5.3744252884670694
12.578552992539333
6.9262713639135427
5.0969573319950419
12.106214152796698
12.509403722132866
2.3877948122382535
2.6062286654190903
2.3533428987955598
2.3287024178711753
2.6716761047249573
10.263122145435268
13.167144281526983
4.8938805801309284
6.1030717979936311
12.112090617766938
11.03805633760758
11.148515226075608
8.2484762591056935
9.2686684926957561
11.095878458714141
9.5662794966618705
8.356631559619526
9.323656278034731
9.5567870496830558
10.09613993071698
9.5567870496830558
4.1622288843885107
11.083531790103921
4.812944195548754
12.636834624124452
10.367256674983192
10.528946279878097
9.3669502734999686
9.5567870496830558
9.9870382536819022
10.601579174109503
7.4629693902464824
11.895562241768676
9.877473536616229
11.732425031081757
11.112993209920683
12.53827393517787
10.153377264424032
11.737964639211873
6.9840990106359566
9.8575798948841484
10.803137308128202
11.148515226075608
11.41568685912306
11.38341949903587
7.1281823402801958
8.8480014105878713
9.3669502734999686
10.026940881724988
11.38341949903587
9.3187683751531161
10.622001857352261
10.485049538301705
11.372388439605837
11.043633678142367
10.367256674983192
3.8368471267983413
3.9227977286994
5.5201367667131009
7.3624873796929329
11.112993209920683
3.2932060592789401
10.99597297648835
9.0013225016953857
12.509403722132866
12.53827393517787
5.6869756102944935
10.615901513321523
8.0260687530150481
3.2227667572177627
10.125356268751009
10.153377264424032
6.1681543533999719
7.2595082652636647
4.0808179073922206
4.1011757823588413
7.2604385339002917
3.4500617909651248
5.7998269342139732
5.1465644956145598
4.6100981148115183
11.760885494168759
10.3392888752259
9.7470626421902384
7.5010149649568181
9.8172748499672426
9.6453825485060705
12.94163067987898
11.554737936908927
12.94163067987898
9.4960612079047682
13.3714202063589
5.5980983081828128
12.17347879893051
4.5125198322999465
6.748125736936049
9.9351285086615828
13.129634069500192
12.16908559731497
2.3472783145615121
4.2815070327072648
2.6716761047249573
6.0327930227948316
9.0675754138571012
11.737964639211873
5.6646516356813921
10.502496088460283
10.782439634113617
11.869592736011512
9.6323330539932961
10.096356980971954
11.88395837813129
7.8318625629111702
4.2830246485913337
4.530188358278739
4.6201411932435477
5.7214943543126733
11.416079819675174
10.096356980971954
6.4186281598483585
10.237649491231922
4.8029630664349483
4.7165991511561831
4.7622893874974759
9.5220909814332213
10.09613993071698
4.5636008512769966
4.6929513217157028
5.5980983081828128
9.3646188630545186
10.404264756099385
5.4618694287459766
5.2054083433247103
7.2604385339002917
9.5567870496830558
7.7675212207293685
11.52016313787496
6.5395125594942698
11.011002876274571
6.1488108639037984
6.2947487104361137
10.396187072399794
10.395380282273896
2.5529358833235265
3.0465919745652905
11.196487994735545
2.1934420672621897
7.7187523715254951
10.804722334317919
6.9000762561746711
10.172755239927154
10.801938751949702
2.6861021146060757
12.493927135313776
5.9954589674887453
10.75593999284307
2.4634097612301615
2.8478399265421879
10.296520958609484
2.8700022553004945
2.6825075366116335
9.0280916738028125
7.7772678235013961
2.4524514338295473
2.5456747321549789
2.7345407916055127
5.9134569001403756
6.4202574451570653
3.5357806427661607
5.9573450340694176
8.4216872735272723
2.4997934259042585
5.4579083838214695
5.9070620116946202
4.0619520071477382
7.8791983802910677
3.2781304754743692
11.618580853465373
4.2901829003615211
2.2852483840408713
4.0540149523318281
2.5382517810769158
2.401643822220549
6.9556670629361941
2.7793267506240045
8.2458498347116684
3.6737794567721398
3.0190718970703228
3.7496155248676488
3.8477561730636909
7.1250531286913681
7.2445952185816109
2.2589825241006425
5.1940126054982887
13.4261167275729
5.2883957597040441
6.2837172979189591
5.2108881174258928
5.2596237134552011
5.2808548028357638
9.9463650276134441
11.222424422390775
10.53498766845639
5.3512845448911097
9.283633542356668
12.195302273820179
5.9261799103116779
12.540500908865878
10.424997963203189
12.953094213627628
8.6114779776082884
8.5471366354264866
7.3191279741913888
12.014535344296657
8.4285524527140829
6.3477734987237548
5.0190628230880998
5.0484864897072992
12.373566389135012
10.135890100081275
4.9418442990856288
10.098383789850233
5.0626400632884518
12.014535344296657
12.891706032464057
11.816983763505378
12.850953710942953
12.850953710942953
12.891706032464057
12.020705306920632
10.436196368896958
10.128426788996324
11.650622741323492
12.891706032464057
10.048283907392875
10.144234277751638
11.317241212917947
10.526678056887357
9.3588625865095665
11.042737560132387
5.2863905678822931
5.3432162659741156
5.9573450340694176
1.9800563427829929
2.4973423422254055
10.730647692003247
2.4664568331754366
8.3627369602368482
3.2834696503083602
2.5110636316714552
3.6029625023892056
7.2800673800253648
2.5529358833235265
3.1058104973841485
11.863147204801038
11.401617272049378
9.3588625865095665
3.2828766383449453
5.1940126054982887
5.309803772975858
3.5576671584872099
6.3671915079363366
4.0023821719148813
4.4060044770134699
7.5089380690329017
3.117394319189712
4.7294213348496212
7.3794740608770688
3.2979896229885806
4.7359923924875709
3.8064625709224682
3.1674102269353721
4.6164625414954603
4.0023821719148813
4.2296772056622434
3.1268937292586307
8.4285524527140829
12.355357257400268
13.253476845757827
11.264664952998825
12.891706032464057
4.0787208116388243
11.875493873411259
4.0376449727039985
7.2863225034626886
4.0088725120255395
3.3614265867945381
10.896013583658897
11.134080393967505
12.374095088717805
10.211683282287412
12.576177635627463
11.632397386596685
13.405943670920864
11.562055048810736
6.3477734987237548
5.3997566079406658
3.0465919745652905
3.2194894219708439
3.3173908171601076
3.5632599210713445
11.196487994735545
11.317241212917947
10.596890264664362
13.673400024895582
10.949277976032512
13.581498422381623
13.673400024895582
12.66992662600128
12.953776204677695
10.672913493165428
10.92103876183298
12.663573792828409
13.4261167275729
12.085727396307474
8.4216872735272723
3.5576671584872099
4.1423574485694008
3.8670607714666883
8.0300535672871334
4.9538390152717389
4.5043298512758554
10.570147358121897
4.0293902076432486
4.5173427268630784
3.4488677907013718
9.367861959210396
13.35816840723645
13.673400024895582
12.484229889511257
10.896013583658897
10.162856955158139
10.950570284326281
10.904971683448128
3.6282893080881777
4.0845655733221857
6.3671915079363366
4.1423574485694008
6.5692633078009317
11.816983763505378
10.949277976032512
12.382862206633765
10.993020829251449
11.040826018767214
13.281681911913866
4.2408340188485258
4.1628206028163754
4.0023821719148813
4.5308543138237498
11.929544590028854
13.721246094576099
2.1934420672621897
1.9800563427829929
3.6350969057852276
2.2789834269959917
3.3973030006039315
10.665803413168284
13.72660554719068
7.7187523715254951
12.885829567493815
12.382862206633765
13.281681911913866
11.4232561354646
11.134080393967505
13.731542870687161
13.731542870687161
12.649208150708631
5.6778129208633104
7.4570146147896992
10.804722334317919
8.5729265560703496
2.5668552368946931
3.8201303279226924
5.2883957597040441
6.4127408959783123
13.487361470166963
7.1990000642465342
6.1334873100603335
2.4997934259042585
2.5925105439489635
4.0088725120255395
10.484346210319854
4.0859981690480467
2.4973423422254055
2.5668552368946931
2.4114250768450893
8.2694215883018707
3.6490597714400166
2.4571913586286045
2.5668552368946931
2.3505303978594543
11.4232561354646
10.211388759613618
6.8529227920575551
3.3858440801162089
12.850953710942953
9.4640045361402887
12.863669138409268
7.7596790499120178
6.7369138485233071
4.0787208116388243
2.6425328776972798
2.8208604160367114
3.9969915231316002
2.6568399792863366
6.1832014237964765
2.6194393074854485
3.4268096255226403
3.4268096255226403
3.7380889534883059
2.915738665671348
2.3893965660392085
2.3659592601226849
2.8885602494957459
12.850953710942953
5.0190628230880998
4.9510544895034467
12.891706032464057
6.2837172979189591
6.3928611964231843
6.3318272740658017
5.2108881174258928
5.2863905678822931
5.3897135295086365
10.671146004881948
5.4579083838214695
5.9070620116946202
10.730647692003247
9.4640045361402887
12.863669138409268
5.5027868932580386
4.4060044770134699
3.8670607714666883
4.7024131433965186
13.581498422381623
8.0300535672871334
5.3448139539505473
4.0619520071477382
2.4664568331754366
2.4114250768450893
3.9322355698313265
7.8791983802910677
13.731542870687161
4.7222487066099612
2.8264464329736314
7.7596790499120178
5.3166248820265904
5.8476059474689475
2.6425328776972798
5.1454765329077938
4.9538390152717389
5.8830346707368211
6.8192414383221225
5.2013181033417073
6.0726311956356458
5.0714639520302667
5.6002487532242302
13.030415500233332
7.7001241126239934
3.2781304754743692
10.573835947881316
12.129511257124676
11.175801010899821
11.609429932748256
10.349716416226226
10.34589491135899
13.731542870687161
2.8208604160367114
4.7222487066099612
3.8648086203962841
2.5979384514325816
5.6778129208633104
5.8830346707368211
5.5228365864396416
5.0149598053230946
6.9477697680970909
11.618580853465373
4.884927458908094
4.9054603356059001
5.5522118593686836
3.9969915231316002
3.8648086203962841
6.2414848434430956
4.5043298512758554
4.3585562585146276
6.9000762561746711
10.211388759613618
3.8525009914659947
2.6568399792863366
3.9929810299744459
4.070731751207477
2.4577588629234985
3.903964122645589
11.175801010899821
11.235259999952721
11.79702322352774
12.985042955410895
10.870722652529775
11.175802487096911
12.172898622138339
12.299778552572077
7.7971547330488837
8.3339515058942482
5.2596237134552011
6.4127408959783123
7.5089380690329017
6.5692633078009317
12.374095088717805
13.763962048659049
5.2808548028357638
6.5011097690097923
10.172755239927154
3.117394319189712
3.1329583134926784
6.5794423489110914
3.2828766383449453
3.3614265867945381
6.3928611964231843
5.2262561850345781
5.8528131923775035
6.29975218141022
11.235259999952721
11.342295200254556
5.0484864897072992
9.4640045361402887
4.9510544895034467
9.4640045361402887
4.884927458908094
4.8487532173617378
8.9116098969859205
4.8114541055260913
5.5925596102458721
6.1832014237964765
2.7179308632932089
9.9463650276134441
13.487361470166963
13.416450038821571
12.152003854302954
5.3166248820265904
6.8192414383221225
5.1088832628541239
6.9284262786009165
7.0743641251332319
5.2013181033417073
5.1088832628541239
5.1723018215957897
11.823249092839486
4.2901829003615211
3.6282893080881777
2.9949958887438735
10.570147358121897
6.0726311956356458
11.79702322352774
11.44153368382954
4.7294213348496212
8.2694215883018707
3.4354252662040068
12.373566389135012
12.088655472526652
8.3627369602368482
10.801938751949702
11.017264905929041
3.9929810299744459
6.8645733693455142
12.020705306920632
10.449857385429368
10.188487507290223
12.555642842869004
3.3732326570131161
2.6194393074854485
4.9186420186229789
12.863669138409268
4.9054603356059001
4.8487532173617378
5.6132457817260653
13.445386189863992
4.8067433005995959
2.2852483840408713
3.6241331223222231
5.5522118593686836
5.6132457817260653
10.211683282287412
10.162856955158139
10.296638125535223
3.2834696503083602
3.9322355698313265
2.6861021146060757
9.5113228552116578
5.2466331557139583
5.2262561850345781
4.0293902076432486
5.3448139539505473
4.3585562585146276
4.8070556053343827
4.8604333220893396
8.9116098969859205
13.445386189863992
12.334353351606046
7.1990000642465342
6.7369138485233071
5.8476059474689475
6.1335906826667461
11.929544590028854
13.721246094576099
4.0540149523318281
3.0207109907416352
12.493927135313776
9.136246974316645
12.576177635627463
7.3794740608770688
4.5173427268630784
2.5382517810769158
2.9949958887438735
11.222424422390775
10.784739470047992
3.4268096255226403
3.4268096255226403
4.070731751207477
2.401643822220549
3.0207109907416352
2.0362247540060436
10.436196368896958
10.449857385429368
12.948701012012089
11.183880170796504
3.7380889534883059
2.9302120312022244
12.172898622138339
12.088655472526652
4.8503116482713695
7.7058867786106617
13.673400024895582
5.9954589674887453
9.5113228552116578
12.66992662600128
2.915738665671348
2.4577588629234985
2.4086090048946525
6.9556670629361941
4.0376449727039985
2.3893965660392085
3.3732326570131161
4.9186420186229789
2.0362247540060436
2.4086090048946525
1.998828694358473
3.0906669651001244
2.4499688367055037
5.9707657868564743
10.950570284326281
3.8526452007300942
10.75593999284307
6.3318272740658017
5.8528131923775035
9.8471908285542202
4.4285593585559084
2.7793267506240045
7.2863225034626886
6.8645733693455142
1.998828694358473
9.7832629795405932
10.53498766845639
11.632397386596685
12.085727396307474
11.929544590028854
13.763962048659049
11.929544590028854
10.784739470047992
10.806556296422105
11.118904289923019
10.275676622601885
10.411948468690415
12.195695234372291
8.7165599669712872
12.355357257400268
12.224052329263092
5.0714639520302667
5.5228365864396416
10.135890100081275
13.253476845757827
10.128426788996324
10.993020829251449
10.86547117169194
8.0672288115430355
8.2256219044512324
5.3512845448911097
7.7971547330488837
8.3339515058942482
8.0672288115430355
8.0006156432399749
10.484346210319854
10.573835947881316
12.985042955410895
11.342295200254556
11.44153368382954
10.349716416226226
10.188487507290223
10.10327169273185
10.30170639613034
8.2458498347116684
12.129511257124676
3.2979896229885806
5.061122447404383
2.4634097612301615
3.6737794567721398
6.1334873100603335
6.1335906826667461
5.6002487532242302
5.1723018215957897
4.7359923924875709
2.3659592601226849
5.1454765329077938
3.903964122645589
3.8064625709224682
3.4488677907013718
4.5308543138237498
6.8529227920575551
2.8885602494957459
2.8264464329736314
2.5979384514325816
2.7179308632932089
2.9302120312022244
3.1083178325682939
13.030415500233332
12.863669138409268
5.5027868932580386
4.8114541055260913
4.8067433005995959
11.650622741323492
2.5110636316714552
3.6350969057852276
3.6322747914673577
2.8478399265421879
2.2789834269959917
8.5729265560703496
12.555642842869004
9.283633542356668
10.296520958609484
3.0190718970703228
4.2408340188485258
10.637195309581266
12.953776204677695
10.672913493165428
10.665803413168284
10.671146004881948
11.609429932748256
10.870722652529775
10.404631924682317
11.174995696971013
3.6021526258650876
3.5218107805663457
2.91277532398929
3.6490597714400166
3.7496155248676488
3.0906669651001244
13.673024034694944
11.282111503157401
13.72660554719068
11.79061829097169
2.8700022553004945
3.8525009914659947
7.7001241126239934
8.7165599669712872
8.2256219044512324
8.0006156432399749
2.4499688367055037
9.7832629795405932
9.367861959210396
7.4570146147896992
5.0149598053230946
4.8070556053343827
4.8503116482713695
5.87657274669216
8.0391236799607828
4.8807911970559603
5.9850237580218293
13.405943670920864
10.296638125535223
11.040826018767214
10.86547117169194
3.8477561730636909
2.5925105439489635
2.4571913586286045
3.5537483565152423
10.92103876183298
10.404631924682317
5.2466331557139583
13.35816840723645
7.7058867786106617
5.87657274669216
12.885829567493815
13.289019136829985
3.1674102269353721
3.3858440801162089
3.1329583134926784
3.1083178325682939
3.4512915194220759
11.042737560132387
2.6825075366116335
3.2194894219708439
12.891706032464057
3.6021526258650876
4.0088016482918789
9.0280916738028125
10.048283907392875
11.875493873411259
10.34589491135899
9.136246974316645
10.10327169273185
10.336402464380173
10.875755345414099
10.336402464380173
4.9418442990856288
11.863147204801038
5.5925596102458721
13.416450038821571
11.14687208968031
3.4354252662040068
3.5498796779624269
3.6029625023892056
2.5668552368946931
10.336402464380173
4.1628206028163754
4.0859981690480467
7.7772678235013961
12.484229889511257
3.8526452007300942
12.224052329263092
3.9311880633596288
13.317889349874987
9.7124446659497696
12.228409585422218
7.1250531286913681
10.637195309581266
3.5218107805663457
4.0088016482918789
12.195302273820179
12.163034913732989
7.2445952185816109
3.6241331223222231
3.5498796779624269
10.806556296422105
12.163034913732989
10.098383789850233
11.401617272049378
11.264664952998825
12.152003854302954
11.823249092839486
11.14687208968031
4.6164625414954603
4.7024131433965186
6.29975218141022
2.4524514338295473
3.9311880633596288
2.2589825241006425
4.0845655733221857
2.91277532398929
13.289019136829985
13.317889349874987
3.8201303279226924
2.3505303978594543
3.3973030006039315
3.6322747914673577
4.0023821719148813
10.904971683448128
9.7124446659497696
6.9477697680970909
8.0391236799607828
4.8604333220893396
4.8807911970559603
8.0400539485974107
4.2296772056622434
6.5794423489110914
5.9261799103116779
5.3897135295086365
12.540500908865878
11.118904289923019
10.526678056887357
7.2800673800253648
10.596890264664362
10.424997963203189
13.721246094576099
12.334353351606046
13.721246094576099
10.275676622601885
3.5537483565152423
6.377713722879931
12.953094213627628
2.5456747321549789
2.7345407916055127
3.3173908171601076
13.673024034694944
12.948701012012089
3.1268937292586307
5.061122447404383
3.4512915194220759
5.9134569001403756
9.8471908285542202
12.228409585422218
5.9707657868564743
11.282111503157401
11.562055048810736
12.649208150708631
10.411948468690415
10.875972395669072
12.663573792828409
8.6114779776082884
5.0626400632884518
5.309803772975858
5.3997566079406658
6.5011097690097923
12.195695234372291
10.875972395669072
6.4202574451570653
11.017264905929041
3.5357806427661607
3.1058104973841485
4.4285593585559084
10.30170639613034
10.875755345414099
5.3432162659741156
3.5632599210713445
6.377713722879931
10.144234277751638
11.183880170796504
6.2414848434430956
5.9850237580218293
8.0400539485974107
10.336402464380173
8.5471366354264866
12.299778552572077
7.3191279741913888
11.79061829097169
6.9284262786009165
7.0743641251332319
11.175802487096911
11.174995696971013
1.9976405568245894
3.1706086089774943
11.976103409432664
2.0022030829733493
8.2450987468228938
11.584337749015038
3.6317098979849542
7.3825478360766068
10.770025578517798
3.6313135551930951
1.9916155736877754
13.273542550010895
6.3790115526527602
11.379020048070757
3.2940564480293992
1.8506570016274659
2.3925607323997493
10.911149877105501
2.0261511479717935
2.0384587468657638
9.8077070884999316
8.3040020260480247
1.9379256462269887
1.8925238949403898
1.9371275811938908
2.3934482002949289
6.8494579904337591
3.739815478997631
6.7369604487665358
9.2013026882243896
3.2794088406013771
6.2375237985185876
6.6866774263917383
4.8415674218448563
8.6588137949881858
4.0577458901714873
12.398196268162492
5.0697983150586401
3.0648637987379899
4.8336303670289462
3.3178671957740344
3.1812592369176675
7.7352824776333131
3.5589421653211231
9.0254652494087857
4.4533948714692579
3.7986873117674418
4.5292309395647674
4.627371587760809
7.9046685433884862
8.0242106332787291
3.0385979387977606
2.9753286720234935
3.3300435716737349
6.3556065142159355
3.1867334404284713
3.2201933627755523
3.3506636948234352
10.337274286332006
12.002039837087894
11.314603083153509
3.2106958941557293
9.6591279277124151
12.974917688517296
3.4481118988735551
13.320116323562997
11.204613377900307
13.56699824853084
8.9788481085124303
8.913971294388185
7.6154185728893529
12.794150758993776
8.5755099578634866
3.2217182567295222
2.8310188131613256
2.5077983691499273
13.153181803832132
10.369972669711807
2.7182224872213641
10.281405729437529
3.5862457035135571
2.8706148379862837
12.794150758993776
13.671321447161176
12.596599178202498
13.630569125640072
13.630569125640072
13.671321447161176
12.800320721617751
11.215811783594077
10.908042203693443
12.430238156020611
13.671321447161176
10.827899322089994
10.923849692448755
12.096856627615066
11.306293471584477
4.019281655223609
4.4748036939586857
3.3040804804039232
3.5734551720337069
6.7369604487665358
2.5022108334433577
3.2769577569225241
11.510263106700366
3.2460722478725552
8.9795323836158083
4.0630850650054784
2.8856277732657394
4.3825779170863246
7.8775467809143551
1.9976405568245894
3.8854259120812671
12.642762619498157
12.181232686746498
4.019281655223609
4.0624920530420638
2.9753286720234935
3.3284096553041671
4.3372825731843285
7.1468069226334547
4.7819975866119995
5.185619891710588
8.2885534837300199
3.8970097338868306
5.5090367495467403
8.1590894755741878
4.0776050376856983
5.515607807184689
4.5860779856195872
3.9470256416324907
5.3960779561925785
4.7819975866119995
5.0092926203593624
3.9065091439557493
8.5755099578634866
13.134972672097387
12.044280367695942
13.671321447161176
4.8583362263359424
12.655109288108378
4.8172603874011175
8.0659379181598077
4.7884879267226585
4.1410420014916571
11.39959384732254
11.913695808664624
13.153710503414924
10.991298696984531
13.355793050324582
12.412012801293804
12.341670463507855
3.2217182567295222
3.1965425221252071
3.1706086089774943
3.9991048366679625
3.2022801196480657
3.4551346768873912
11.976103409432664
12.096856627615066
11.376505679361479
11.728893390729631
13.449542040698399
13.733391619374814
11.452528907862547
11.700654176530099
13.443189207525528
12.865342811004593
9.2013026882243896
4.3372825731843285
4.9219728632665189
4.6466761861638064
8.8096689819842506
5.7334544299688579
5.2839452659729744
11.349762772819014
4.8090056223403677
5.2969581415601965
4.2284832053984909
10.147477373907515
12.965484792609006
11.39959384732254
9.9291978033575869
3.1197764416996181
11.684587098145245
4.4079047227852968
4.8641809880193039
7.1468069226334547
4.9219728632665189
7.3488787224980507
12.596599178202498
11.728893390729631
13.162477621330885
11.772636243948568
11.820441433464332
4.0100827848800789
5.020449433545644
4.9424360175134945
4.7819975866119995
5.310469728520868
12.709160004725973
2.0022030829733493
2.5022108334433577
2.7649327777460866
3.0379490937213944
2.0341433748238789
2.8887052020357671
11.445418827865403
8.2450987468228938
13.665444982190934
13.162477621330885
4.0100827848800789
3.5166522389715462
11.913695808664624
13.428823565405748
6.4574283355604294
8.2366300294868182
11.584337749015038
8.6242752202149511
3.3464706515918121
4.5997457426198114
3.3300435716737349
3.3677535980908839
6.9505329402096061
3.3776484089710817
3.2794088406013771
3.3721259586460821
4.7884879267226585
11.263961625016973
4.8656135837451648
3.2769577569225241
3.3464706515918121
3.1910404915422079
9.0490370029989897
4.4286751861371352
3.2368067733257231
3.3464706515918121
3.1301458125565729
3.5166522389715462
3.5938879174161595
7.6325382067546741
4.1654594948133274
13.630569125640072
10.0670388025211
13.643284553106387
7.8070401796328825
3.536378443913256
4.8583362263359424
3.4221482923943989
3.60047583073383
4.7766069378287188
3.4364553939834552
6.9628168384935947
3.3990547221825667
4.2064250402197585
4.2064250402197585
4.5177043681854245
3.6953540803684666
3.1690119807363271
3.1455746748198035
3.6681756641928644
13.630569125640072
2.8310188131613256
3.876937148176856
13.671321447161176
6.3556065142159355
7.1724766111203024
5.6172136077433494
3.1867334404284713
3.3040804804039232
3.4939130388004664
11.450761419579065
6.2375237985185876
6.6866774263917383
11.510263106700366
10.0670388025211
13.643284553106387
5.6698734783126259
5.185619891710588
4.6466761861638064
5.4820285580936376
3.6317098979849542
8.8096689819842506
6.1244293686476663
4.8415674218448563
3.2460722478725552
3.1910404915422079
4.7118509845284446
8.6588137949881858
5.5018641213070802
3.60606184767075
7.8070401796328825
3.1774412316821699
3.4157700800741861
3.4221482923943989
5.9250919476049129
5.7334544299688579
6.6626500854339401
7.2999817932028765
5.9809335180388263
6.8522466103327639
5.8510793667273857
6.3798641679213492
13.810030914930449
7.5672324731837941
4.0577458901714873
11.353451362578435
12.909126671821795
11.95541642559694
12.389045347445375
11.129331830923343
11.125510326056109
3.60047583073383
5.5018641213070802
4.6444240350934027
3.3775538661296998
6.4574283355604294
6.6626500854339401
6.3024520011367597
5.7945752200202127
7.7273851827942091
12.398196268162492
3.7510872580355952
5.6850757503030183
6.3318272740658017
4.7766069378287188
4.6444240350934027
7.0211002581402138
5.2839452659729744
5.1381716732117457
7.3825478360766068
3.5938879174161595
3.0824024525582394
3.4364553939834552
4.7725964446715645
4.8503471659045951
3.2373742776206171
4.6835795373427072
11.95541642559694
12.01487541464984
12.576638638224859
13.764658370108013
11.650338067226892
11.95541790179403
12.952514036835456
13.079393967269196
4.0717147393016466
3.9835256287949887
3.2201933627755523
3.3677535980908839
8.2885534837300199
7.3488787224980507
13.153710503414924
3.3506636948234352
3.4626584553192026
10.770025578517798
3.8970097338868306
3.912573728189797
7.3590577636082104
4.0624920530420638
4.1410420014916571
7.1724766111203024
5.4681319703554969
4.0459413271629927
6.3837360895829978
12.01487541464984
12.121910614951675
2.5077983691499273
10.0670388025211
3.876937148176856
10.0670388025211
3.7510872580355952
3.2343328880677777
3.2973800303020866
3.0495901143941473
4.7469605939079997
6.9628168384935947
3.4975462779903279
10.337274286332006
12.931619269000073
3.1774412316821699
7.2999817932028765
4.6832073944740982
7.4325881718079874
7.519904155700627
5.9809335180388263
4.6832073944740982
5.9519172362929087
12.602864507536605
5.0697983150586401
4.4079047227852968
3.7746113034409925
11.349762772819014
6.8522466103327639
12.576638638224859
12.221149098526659
5.5090367495467403
9.0490370029989897
4.2150406809011258
13.153181803832132
12.868270887223771
8.9795323836158083
3.6313135551930951
11.796880320626158
4.7725964446715645
7.6441887840426332
12.800320721617751
11.229472800126487
10.968102921987342
13.335258257566123
4.1528480717102347
3.3990547221825667
5.6982574333200979
13.643284553106387
5.6850757503030183
3.2343328880677777
6.3928611964231843
13.364078054838879
4.3424357489961363
3.0648637987379899
4.4037485370193412
6.3318272740658017
6.3928611964231843
10.991298696984531
9.9291978033575869
11.076253540232342
4.0630850650054784
4.7118509845284446
1.9916155736877754
10.290938269908777
3.9131635469340651
5.4681319703554969
4.8090056223403677
6.1244293686476663
5.1381716732117457
5.5866710200315017
5.6400487367864578
3.2973800303020866
13.364078054838879
13.113968766303165
6.9505329402096061
3.536378443913256
3.4157700800741861
3.3650003798920798
12.709160004725973
4.8336303670289462
3.8003264054387538
13.273542550010895
9.915862389013764
13.355793050324582
8.1590894755741878
5.2969581415601965
3.3178671957740344
3.7746113034409925
12.002039837087894
11.564354884745109
4.2064250402197585
4.2064250402197585
4.8503471659045951
3.1812592369176675
3.8003264054387538
2.8158401687031622
11.215811783594077
11.229472800126487
13.728316426709208
11.963495585493623
4.5177043681854245
3.709827445899343
12.952514036835456
12.868270887223771
5.6299270629684877
8.4855021933077808
6.3790115526527602
10.290938269908777
13.449542040698399
3.6953540803684666
3.2373742776206171
3.1882244195917711
7.7352824776333131
4.8172603874011175
3.1690119807363271
4.1528480717102347
5.6982574333200979
2.8158401687031622
3.1882244195917711
2.7784441090555916
3.870282379797243
3.2295842514026227
6.7503812015535933
3.1197764416996181
2.9849036548025949
11.379020048070757
5.6172136077433494
4.0459413271629927
9.7261378689599258
3.7274243862149352
3.5589421653211231
8.0659379181598077
7.6441887840426332
2.7784441090555916
10.562878394237712
11.314603083153509
12.412012801293804
12.865342811004593
12.709160004725973
12.709160004725973
11.564354884745109
11.586171711119224
11.898519704620139
11.055292037299004
11.191563883387532
12.97531064906941
8.3812682989676635
13.134972672097387
12.597898433455434
5.8510793667273857
6.3024520011367597
10.369972669711807
3.2940564480293992
2.7649327777460866
10.908042203693443
11.772636243948568
11.645086586389059
3.3516908194885087
3.2813264665315427
3.2106958941557293
4.0717147393016466
3.9835256287949887
3.3516908194885087
7.1436083230902705
11.263961625016973
11.353451362578435
13.764658370108013
12.121910614951675
12.221149098526659
11.129331830923343
10.968102921987342
10.882887107428969
11.081321810827459
9.0254652494087857
12.909126671821795
4.0776050376856983
5.840737862101502
1.8506570016274659
4.4533948714692579
3.3776484089710817
3.3650003798920798
6.3798641679213492
5.9519172362929087
5.515607807184689
3.1455746748198035
5.9250919476049129
4.6835795373427072
4.5860779856195872
4.2284832053984909
5.310469728520868
7.6325382067546741
3.6681756641928644
3.60606184767075
3.3775538661296998
3.4975462779903279
3.709827445899343
3.8879332472654125
13.810030914930449
13.643284553106387
5.6698734783126259
3.0495901143941473
4.3424357489961363
12.430238156020611
2.8856277732657394
3.0379490937213944
3.031231000533213
2.3925607323997493
2.0341433748238789
8.6242752202149511
13.335258257566123
9.6591279277124151
10.911149877105501
3.7986873117674418
5.020449433545644
11.416810724278385
13.733391619374814
11.452528907862547
11.445418827865403
11.450761419579065
12.389045347445375
11.650338067226892
11.184247339379434
11.954611111668132
4.3817680405622061
4.3014261952634634
3.6923907386864085
4.4286751861371352
4.5292309395647674
3.870282379797243
12.06172691785452
12.570233705668809
2.0261511479717935
3.0824024525582394
7.5672324731837941
8.3812682989676635
3.2813264665315427
7.1436083230902705
3.2295842514026227
10.562878394237712
10.147477373907515
8.2366300294868182
5.7945752200202127
5.5866710200315017
5.6299270629684877
6.656188161389279
8.8187390946579018
5.6604066117530785
6.7646391727189474
11.076253540232342
11.820441433464332
11.645086586389059
4.627371587760809
3.3721259586460821
3.2368067733257231
4.3333637712123609
11.700654176530099
11.184247339379434
3.9131635469340651
8.4855021933077808
6.656188161389279
13.665444982190934
3.9470256416324907
4.1654594948133274
3.912573728189797
3.8879332472654125
4.2309069341191945
4.4748036939586857
2.0384587468657638
3.9991048366679625
13.671321447161176
4.3817680405622061
4.7884170629889971
9.8077070884999316
10.827899322089994
12.655109288108378
11.125510326056109
9.915862389013764
10.882887107428969
11.116017879077292
11.655370760111218
11.116017879077292
2.7182224872213641
12.642762619498157
4.7469605939079997
11.926487504377429
4.2150406809011258
4.3294950926595455
4.3825779170863246
3.3464706515918121
11.116017879077292
4.9424360175134945
4.8656135837451648
8.3040020260480247
12.965484792609006
2.9849036548025949
12.597898433455434
3.1119665517442772
9.6125965753733951
12.601075458719393
7.9046685433884862
11.416810724278385
4.3014261952634634
4.7884170629889971
12.974917688517296
12.942650328430108
8.0242106332787291
4.4037485370193412
4.3294950926595455
11.586171711119224
12.942650328430108
10.281405729437529
12.181232686746498
12.044280367695942
12.931619269000073
12.602864507536605
11.926487504377429
5.3960779561925785
5.4820285580936376
6.3837360895829978
1.9379256462269887
3.1119665517442772
3.0385979387977606
4.8641809880193039
3.6923907386864085
3.5862457035135571
3.4422872066265922
4.5997457426198114
3.1301458125565729
2.8887052020357671
3.031231000533213
4.7819975866119995
11.684587098145245
9.6125965753733951
7.7273851827942091
8.8187390946579018
5.6400487367864578
5.6604066117530785
8.8196693632945298
5.0092926203593624
7.3590577636082104
3.4481118988735551
3.4939130388004664
13.320116323562997
11.898519704620139
11.306293471584477
7.8775467809143551
11.376505679361479
11.204613377900307
13.113968766303165
11.055292037299004
4.3333637712123609
4.9198323218408353
13.56699824853084
1.8925238949403898
1.9371275811938908
3.2022801196480657
13.728316426709208
3.9065091439557493
5.840737862101502
4.2309069341191945
2.3934482002949289
9.7261378689599258
12.601075458719393
6.7503812015535933
12.06172691785452
12.341670463507855
13.428823565405748
11.191563883387532
11.655587810366191
13.443189207525528
8.9788481085124303
2.8706148379862837
3.3284096553041671
3.1965425221252071
3.4626584553192026
3.4422872066265922
12.97531064906941
11.655587810366191
6.8494579904337591
11.796880320626158
3.739815478997631
3.8854259120812671
3.7274243862149352
11.081321810827459
11.655370760111218
3.5734551720337069
3.4551346768873912
4.9198323218408353
10.923849692448755
11.963495585493623
7.0211002581402138
6.7646391727189474
8.8196693632945298
11.116017879077292
8.913971294388185
13.079393967269196
7.6154185728893529
12.570233705668809
7.4325881718079874
7.519904155700627
11.95541790179403
11.954611111668132
2.7772559715217082
3.9502240236746129
12.755718824129783
2.7818184976704678
9.024714161520011
12.363953163712155
4.4113253126820728
8.1621632507737267
11.549640993214917
4.4109289698902137
2.771230988384894
7.1586269673498784
12.158635462767876
4.0736718627265178
2.6302724163245843
3.1721761470968679
11.69076529180262
2.8057665626689117
2.8180741615628819
10.587322503197051
9.0836174407451438
2.7175410609241073
2.6721393096375086
2.7167429958910096
3.1730636149920475
7.6290734051308773
4.5194308936947492
7.4914791699866843
9.9053154598635604
3.6020718377720509
6.989848561500061
7.4412179993522667
5.585128126768911
9.4189652662347143
4.4094814807249954
13.16651874073451
5.817592464529727
3.4801805810925615
4.575482998655743
3.7574020900175205
3.1975058830529299
8.3260908287801456
2.7732293193479616
9.7887820812758868
4.6533218251442294
4.2568194101517856
5.3088463542618856
5.3673316107702655
8.6639187973592904
8.7829190084900439
3.3769604272399492
3.7549440867206121
4.1096589863708539
7.1352219289130536
3.9663488551255899
3.9998087774726709
4.1302791095205533
11.116889701029125
12.781655251785011
12.094218497850628
3.9903113088528479
10.438743342409534
13.754533103214415
4.2277273135706732
11.984228792597426
9.7584635232095476
9.6935867090853041
8.395033987586471
13.573766173690894
9.3551253725606056
4.0013336714266412
3.6106342278584442
3.2874137838470454
11.149588084408924
3.4978379019184831
11.061021144134648
4.3658611182106757
3.6502302526834023
13.573766173690894
13.376214592899617
13.579936136314871
11.995427198291196
11.687657618390562
13.20985357071773
11.607514736787113
11.703465107145874
12.876472042312185
12.085908886281594
4.7988970699207281
5.2544191086558039
4.0836958951010418
4.3530705867308255
7.4914791699866843
3.2818262481404759
4.0565731716196431
12.289878521397483
4.0256876625696734
9.7591477983129256
4.8427004797025974
3.665243187962858
5.1621933317834428
8.6571621956114733
2.7772559715217082
4.6650413267783852
13.422378034195276
12.960848101443617
4.7988970699207281
4.8421074677391829
3.7549440867206121
4.1080250700012853
3.8108374136643852
6.7306276979352528
5.5616130013091185
5.965235306407707
7.8608696359243764
4.6766251485839492
6.2886521642438584
8.9387048902713069
4.8572204523828173
6.2952232218818081
5.3656934003167054
4.7266410563296093
6.1756933708896966
5.5616130013091185
5.7889080350564805
4.6861245586528684
9.3551253725606056
12.823895782393061
2.9320473596797849
3.8074600676049499
13.434724702805497
2.6135975687871502
3.8318644695022246
5.5681033414197767
4.9206574161887753
12.179209262019659
12.693311223361743
11.77091411168165
13.191628215990923
13.121285878204972
4.0013336714266412
3.9761579368223261
3.9502240236746129
4.7787202513650806
3.9818955343451843
4.2347500915845098
12.755718824129783
12.876472042312185
12.156121094058598
12.50850880542675
12.232144322559664
12.480269591227218
13.644958225701711
9.9053154598635604
3.8108374136643852
3.843188808024613
3.9760521485192091
9.5892843966813697
3.7225841733732294
6.0635606806700926
12.129378187516133
5.5886210370374858
5.8772913969675367
3.6306189773676434
10.927092788604634
13.745100207306125
12.179209262019659
10.708813218054706
3.8993918563967367
12.464202512842364
5.1875201374824158
5.6437964027164229
6.7306276979352528
3.843188808024613
4.2776537625151798
13.376214592899617
12.50850880542675
12.552251658645687
12.600056848161451
4.789698199577197
5.800064848242763
5.7220514322106126
5.5616130013091185
6.090085143217987
13.488775419423092
2.7818184976704678
3.2818262481404759
3.5445481924432052
3.817564508418513
2.813758789520997
3.6683206167328857
12.225034242562522
9.024714161520011
4.789698199577197
4.2962676536686653
12.693311223361743
7.2370437502575484
9.0162454441839373
12.363953163712155
9.4038906349120701
4.1260860662889307
5.3793611573169295
4.1096589863708539
4.147369012788003
7.7301483549067251
4.1572638236682007
3.6020718377720509
4.1517413733432011
5.5681033414197767
12.043577039714092
5.6452289984422839
4.0565731716196431
4.1260860662889307
3.9706559062393265
9.828652417696107
5.2082906008342533
4.0164221880228421
4.1260860662889307
3.9097612272536915
4.2962676536686653
4.3735033321132786
8.4121536214517931
4.9450749095104465
10.586787350147967
8.5866555943300007
4.3159938586103745
2.9320473596797849
3.5725541809109966
3.2176422864676497
3.3286965105259885
2.4339083286006278
7.7424322531907137
2.4684088834264397
3.3586651006544201
2.8976082881525049
5.2973197828825436
2.3823246816451999
2.3809411629076118
2.2518934333847951
3.3936844620992352
2.9232230055189072
3.6106342278584442
3.5723298989632855
7.1352219289130536
7.9520920258174215
6.3968290224404676
3.9663488551255899
4.0836958951010418
4.2735284534975841
12.230376834276184
6.989848561500061
7.4412179993522667
12.289878521397483
10.586787350147967
5.5898388101562499
5.965235306407707
3.9760521485192091
6.2616439727907558
4.4113253126820728
9.5892843966813697
6.9040447833447853
5.585128126768911
4.0256876625696734
3.9706559062393265
5.4914663992255637
9.4189652662347143
6.2814795360041984
4.1411171162580809
8.5866555943300007
3.9570566463792884
4.1953854947713047
3.5725541809109966
6.704707362302031
3.7225841733732294
6.8691128976336673
8.0795972078999956
6.7605489327359445
7.1669798692986948
3.7003392124869623
7.1594795826184674
3.9729394205656607
4.4094814807249954
12.133066777275552
13.688742086518912
12.735031840294059
13.168660762142494
11.908947245620462
11.905125740753226
3.2176422864676497
6.2814795360041984
3.5613635621765853
3.1318185697261098
7.2370437502575484
6.8691128976336673
6.3157834676776998
6.5741906347173318
8.5070005974913272
13.16651874073451
3.6110698443711673
6.4646911650001373
7.1114426887629199
3.3286965105259885
3.5613635621765853
7.1954110354605447
6.0635606806700926
5.9177870879088648
8.1621632507737267
4.3735033321132786
3.862017867255358
2.4339083286006278
2.1975714367068964
3.4245955075413383
1.9663492314891866
3.3537973598441506
12.735031840294059
12.794490829346959
13.356254052921978
12.429953481924011
12.735033316491149
13.732129451532575
4.8513301539987657
4.7631410434921078
3.9998087774726709
4.147369012788003
7.8608696359243764
4.2776537625151798
4.1302791095205533
4.2422738700163212
11.549640993214917
4.6766251485839492
4.6921891428869156
8.1386731783053285
4.8421074677391829
4.9206574161887753
7.9520920258174215
6.247747385052616
4.8255567418601117
7.1633515042801168
12.794490829346959
12.901526029648794
3.2874137838470454
10.586787350147967
3.5723298989632855
10.586787350147967
3.6110698443711673
2.9521151862421013
2.8920080728181778
2.8076155564982415
4.1887915910195446
7.7424322531907137
3.8121435305660363
11.116889701029125
13.711234683697192
3.9570566463792884
8.0795972078999956
5.4628228091712172
8.2122035865051064
8.2995195703977451
6.7605489327359445
5.4628228091712172
6.7315326509900268
13.382479922233724
5.817592464529727
5.1875201374824158
4.5542267181381106
12.129378187516133
7.1669798692986948
13.356254052921978
13.000764513223777
6.2886521642438584
9.828652417696107
4.994656095598244
13.64788630192089
9.7591477983129256
4.4109289698902137
12.576495735323277
2.1975714367068964
2.6227301231557134
8.1674391162878965
13.579936136314871
12.009088214823604
11.747718336684461
3.1787679398870354
2.4684088834264397
3.6236997720549389
3.7421687864529805
6.4646911650001373
2.9521151862421013
7.1724766111203024
3.6383323367367435
3.5862145858825971
3.4801805810925615
5.1833639517164602
7.1114426887629199
7.1724766111203024
11.77091411168165
10.708813218054706
11.855868954929461
4.8427004797025974
5.4914663992255637
2.771230988384894
11.070553684605896
4.6927789616311832
6.247747385052616
5.5886210370374858
6.9040447833447853
5.9177870879088648
6.3662864347286199
6.4196641514835768
2.8920080728181778
3.6383323367367435
7.7301483549067251
4.3159938586103745
4.1953854947713047
4.1446157945891979
13.488775419423092
4.575482998655743
3.3223329096501155
10.695477803710883
8.9387048902713069
5.8772913969675367
3.7574020900175205
4.5542267181381106
12.781655251785011
12.343970299442228
3.3586651006544201
2.8976082881525049
3.4245955075413383
3.1975058830529299
3.3223329096501155
2.0931442615226841
11.995427198291196
12.009088214823604
12.743111000190742
5.2973197828825436
3.8494212398602485
13.732129451532575
13.64788630192089
6.4095424776656067
9.2651176080048998
7.1586269673498784
11.070553684605896
2.3823246816451999
1.9663492314891866
2.6227301231557134
1.8163071038033638
3.4931366885005928
8.3260908287801456
3.8074600676049499
2.6135975687871502
2.3809411629076118
3.1787679398870354
3.6236997720549389
2.0931442615226841
1.8163071038033638
2.0676492708559895
3.1225742098255549
3.0678161946656868
7.297998224632896
3.8993918563967367
3.7645190694997139
12.158635462767876
6.3968290224404676
4.8255567418601117
10.505753283657045
4.5070398009120538
2.7732293193479616
3.8318644695022246
8.1674391162878965
2.0676492708559895
11.34249380893483
12.094218497850628
13.191628215990923
13.644958225701711
13.488775419423092
13.488775419423092
12.343970299442228
12.365787125816343
12.678135119317256
11.834907451996123
11.971179298084651
13.754926063766529
8.4641037858684243
3.4931366885005928
13.377513848152553
3.7003392124869623
6.3157834676776998
11.149588084408924
4.0736718627265178
3.5445481924432052
11.687657618390562
12.552251658645687
12.424702001086178
4.1313062341856277
4.0609418812286613
3.9903113088528479
4.8513301539987657
4.7631410434921078
4.1313062341856277
7.9232237377873895
12.043577039714092
12.133066777275552
12.901526029648794
13.000764513223777
11.908947245620462
11.747718336684461
11.662502522126086
11.860937225524578
9.7887820812758868
13.688742086518912
4.8572204523828173
6.6203532767986202
2.6302724163245843
4.6533218251442294
4.1572638236682007
4.1446157945891979
7.1594795826184674
6.7315326509900268
6.2952232218818081
2.2518934333847951
6.704707362302031
3.3537973598441506
5.3656934003167054
3.6306189773676434
6.090085143217987
8.4121536214517931
3.3936844620992352
4.1411171162580809
3.1318185697261098
3.8121435305660363
3.8494212398602485
4.667548661962531
5.5898388101562499
2.8076155564982415
3.5862145858825971
13.20985357071773
3.665243187962858
3.817564508418513
3.8108464152303316
3.1721761470968679
2.813758789520997
9.4038906349120701
10.438743342409534
11.69076529180262
4.2568194101517856
5.800064848242763
12.196426138975504
12.232144322559664
12.225034242562522
12.230376834276184
13.168660762142494
12.429953481924011
11.963862754076553
12.734226526365251
5.1613834552593243
5.0810416099605824
4.4720061533835267
5.2082906008342533
5.3088463542618856
3.1225742098255549
12.841342332551639
13.349849120365926
2.8057665626689117
3.862017867255358
3.9729394205656607
8.4641037858684243
4.0609418812286613
7.9232237377873895
3.0678161946656868
11.34249380893483
10.927092788604634
9.0162454441839373
6.5741906347173318
6.3662864347286199
6.4095424776656067
7.4358035760863972
9.5983545093550209
6.4400220264501975
7.5442545874160665
11.855868954929461
12.600056848161451
12.424702001086178
5.3673316107702655
4.1517413733432011
4.0164221880228421
5.1129791859094791
12.480269591227218
11.963862754076553
4.6927789616311832
9.2651176080048998
7.4358035760863972
4.7266410563296093
4.9450749095104465
4.6921891428869156
4.667548661962531
5.0105223488163126
5.2544191086558039
2.8180741615628819
4.7787202513650806
5.1613834552593243
5.5680324776861161
10.587322503197051
11.607514736787113
13.434724702805497
11.905125740753226
10.695477803710883
11.662502522126086
11.895633293774411
12.434986174808335
11.895633293774411
3.4978379019184831
13.422378034195276
4.1887915910195446
12.706102919074548
4.994656095598244
5.1091105073566645
5.1621933317834428
4.1260860662889307
11.895633293774411
5.7220514322106126
5.6452289984422839
9.0836174407451438
13.745100207306125
3.7645190694997139
13.377513848152553
3.8915819664413958
10.392211990070512
13.380690873416512
8.6639187973592904
12.196426138975504
5.0810416099605824
5.5680324776861161
13.754533103214415
13.722265743127227
8.7829190084900439
5.1833639517164602
5.1091105073566645
12.365787125816343
13.722265743127227
11.061021144134648
12.960848101443617
12.823895782393061
13.711234683697192
13.382479922233724
12.706102919074548
6.1756933708896966
6.2616439727907558
7.1633515042801168
2.7175410609241073
3.8915819664413958
3.3769604272399492
5.6437964027164229
4.4720061533835267
4.3658611182106757
4.2219026213237107
5.3793611573169295
3.9097612272536915
3.6683206167328857
3.8108464152303316
5.5616130013091185
12.464202512842364
10.392211990070512
8.5070005974913272
9.5983545093550209
6.4196641514835768
6.4400220264501975
9.599284777991647
5.7889080350564805
8.1386731783053285
4.2277273135706732
4.2735284534975841
12.678135119317256
12.085908886281594
8.6571621956114733
12.156121094058598
11.984228792597426
11.834907451996123
5.1129791859094791
5.6994477365379543
2.6721393096375086
2.7167429958910096
3.9818955343451843
4.6861245586528684
6.6203532767986202
5.0105223488163126
3.1730636149920475
10.505753283657045
13.380690873416512
7.297998224632896
12.841342332551639
13.121285878204972
11.971179298084651
12.43520322506331
2.9232230055189072
3.7421687864529805
9.7584635232095476
3.6502302526834023
4.1080250700012853
3.9761579368223261
4.2422738700163212
4.2219026213237107
13.754926063766529
12.43520322506331
7.6290734051308773
12.576495735323277
4.5194308936947492
4.6650413267783852
4.5070398009120538
11.860937225524578
12.434986174808335
4.3530705867308255
4.2347500915845098
5.6994477365379543
11.703465107145874
12.743111000190742
7.1954110354605447
7.5442545874160665
9.599284777991647
11.895633293774411
9.6935867090853041
8.395033987586471
13.349849120365926
8.2122035865051064
8.2995195703977451
12.735033316491149
12.734226526365251
3.3805053055756975
4.6695974270840912
13.5353342388269
2.3730725432573494
9.7783411419832085
13.143568578409274
4.2653960628663858
8.9119641979651245
12.309835772680668
4.2652450732368612
3.218345282929342
7.9004011923823256
12.921347518842806
4.853287277423636
2.8863531608872282
3.9517915617939865
12.452645191113149
3.2515498065475028
3.4198151946594124
11.366937917894168
9.8372793228471238
3.1979318685586997
3.070052083544017
3.0042086378711144
3.6463735417792189
8.3744578342906362
5.2465331152387904
8.0108307055352554
10.684930874560679
2.852468150968936
7.4897237257208964
7.9607720585180299
6.0119577437636202
9.9905129409570712
3.6596649454572865
6.2790085549317993
2.8427431713518954
3.4372620002070091
3.2150971104121653
3.4165062369371806
9.0748997989605549
2.5161243331187606
10.391095388518762
3.7145402025404493
3.6783895999515557
6.0884617689590037
5.765998294979453
3.7541827854341769
9.3407893310316989
2.5604373637899256
4.5345595014177302
4.8892744010679721
7.9148373436101718
4.7459642698227089
4.7794241921697891
4.9098945242176724
11.896505115726244
13.56127066648213
12.873833912547745
4.7699267235499665
11.218358757106651
5.0073427282677923
12.763844207294545
10.538078937906667
10.473202123782421
9.17464940228359
10.134740787257723
4.7809490861237594
4.3902496425555624
4.067029198544164
11.929203499106043
4.2774533166156017
11.840636558831765
5.1454765329077938
4.4298456673805209
12.775042612988315
12.467273033087679
12.387130151484232
12.483080521842993
13.656087457009303
12.865524300978713
5.5785124846178462
6.0340345233529229
4.86331130979816
5.1326860014279436
8.0108307055352554
2.1086744824571797
2.9927636475167341
13.069493936094602
2.0929016937365499
3.2829645377324379
2.6665994596789959
2.1775342326362068
3.1001513744306957
8.892955765347093
3.3805053055756975
5.4446567414755034
13.740463516140734
5.5785124846178462
5.621722882436301
4.5345595014177302
4.8876404846984043
4.5904528283615038
7.5102431126323719
6.3412284160062367
6.7448507211048252
8.6404850506214945
5.4562405632810682
7.0682675789409766
9.7183203049684241
5.6368358670799354
7.0748386365789262
6.1453088150138244
5.5062564710267274
6.9553087855868156
6.3412284160062367
6.5685234497535996
5.4657399733499865
10.134740787257723
13.60351119709018
3.711662774376904
4.5870754823020681
3.0425306488283921
4.6114798841993432
6.3477187561168948
5.7002728308858934
12.958824676716779
13.472926638058862
12.550529526378769
4.7809490861237594
4.7557733515194451
4.6695974270840912
5.5583356660621996
4.7615109490423029
5.0143655062816288
13.5353342388269
13.656087457009303
12.935736508755717
13.288124220123869
13.011759737256783
13.259885005924337
10.684930874560679
4.5904528283615038
4.6228042227217312
4.7556675632163277
10.368899811378489
4.502199588070348
6.8431760953672116
12.908993602213251
6.3682364517346048
6.6569068116646557
4.410234392064762
11.706708203301751
12.958824676716779
11.488428632751825
4.6790072710938553
13.243817927539483
5.967135552179534
6.4234118174135419
7.5102431126323719
4.6228042227217312
5.0572691772122988
13.288124220123869
13.331867073342805
13.37967226285857
5.569313614274316
6.5796802629398821
6.5016668469077317
6.3412284160062367
6.8697005579151051
3.5953659435765482
2.3730725432573494
2.1086744824571797
3.2846963137457719
2.8264933043735763
2.7377506339253399
2.3438318276409063
4.4479360314300038
13.004649657259639
9.7783411419832085
5.569313614274316
5.0758830683657834
13.472926638058862
8.0166591649546675
9.7958608588810545
13.143568578409274
10.183506049609189
2.494358429730549
3.1801147570949468
4.8892744010679721
4.9269844274851211
8.5097637696038433
4.9368792383653188
2.852468150968936
3.0276977251988724
6.3477187561168948
12.82319245441121
6.4248444131394029
2.9927636475167341
2.494358429730549
2.3900897681727393
10.608267832393226
3.7421687864529805
2.5266198067289922
3.4461321821845274
2.8034300899653077
2.4943252634160613
2.37700470316882
3.3797958681696887
5.0758830683657834
5.1531187468103967
9.1917690361489104
5.7246903242075655
11.366402764845086
9.3662710090271197
5.0956092733074927
3.711662774376904
4.3521695956081148
3.9972577011647688
4.1083119252231066
3.2135237432977464
8.5220476678878327
3.2480242981235583
4.1382805153515392
3.6772237028496231
6.0769351975796617
3.1619400963423185
3.1605565776047304
3.0315088480819141
4.1732998767963538
3.7028384202160258
4.3902496425555624
4.351945313660404
7.9148373436101718
8.7317074405145405
7.1764444371375866
4.7459642698227089
4.86331130979816
5.0531438681947032
13.009992248973303
7.4897237257208964
7.9607720585180299
13.069493936094602
11.366402764845086
6.3694542248533681
6.7448507211048252
4.7556675632163277
7.0412593874878739
4.2653960628663858
10.368899811378489
7.6836601980419035
6.0119577437636202
2.0929016937365499
2.3900897681727393
2.3151277724186277
2.6817018177880416
2.2373530009044775
2.3046271679995338
9.9905129409570712
7.0610949507013165
4.920732530955199
9.3662710090271197
4.7366720610764066
4.9750009094684238
4.3521695956081148
7.4843227769991501
4.502199588070348
7.6487283123307854
8.8592126225971146
7.5401643474330635
7.9465952839958138
4.4799546271840809
7.9390949973155864
4.7525548352627789
3.6596649454572865
12.912682191972671
13.514647254991177
12.688562660317581
12.684741155450345
3.9972577011647688
7.0610949507013165
4.3409789768737044
3.9114339844232284
8.0166591649546675
7.6487283123307854
7.0953988823748189
7.3538060494144508
9.2866160121884462
4.3906852590682854
7.2443065796972563
7.8910581034600389
4.1083119252231066
4.3409789768737044
7.9750264501576638
6.8431760953672116
6.6974025026059829
8.9119641979651245
5.1531187468103967
4.641633281952477
3.2135237432977464
2.977186851404015
4.2042109222384569
2.7459646461863056
4.1334127745412692
13.514647254991177
13.574106244044076
13.20956889662113
13.514648731188268
5.6309455686958838
5.5427564581892259
4.7794241921697891
4.9269844274851211
8.6404850506214945
5.0572691772122988
4.9098945242176724
5.0218892847134393
12.309835772680668
5.4562405632810682
5.4718045575840346
8.9182885930024476
5.621722882436301
5.7002728308858934
8.7317074405145405
7.0273627997497341
5.6051721565572299
7.9429669189772349
13.574106244044076
13.681141444345911
4.067029198544164
11.366402764845086
4.351945313660404
11.366402764845086
4.3906852590682854
3.7317306009392199
3.6716234875152964
3.5872309711953596
4.9684070057166636
8.5220476678878327
4.5917589452631553
11.896505115726244
4.7366720610764066
8.8592126225971146
6.2424382238683362
8.9918190012022254
9.0791349850948642
7.5401643474330635
6.2424382238683362
7.5111480656871459
3.3692886982167507
6.2790085549317993
5.967135552179534
5.3338421328352297
12.908993602213251
7.9465952839958138
13.780379927920896
7.0682675789409766
10.608267832393226
5.7742715102953621
3.2829645377324379
4.2652450732368612
13.356111150020396
2.977186851404015
3.402345537852832
8.8197667566473328
12.788703629520723
12.527333751381578
3.3650466489052122
4.2884687966707098
3.2480242981235583
4.4033151867520575
4.5217842011500995
7.2443065796972563
3.7317306009392199
7.9520920258174215
4.4179477514338616
4.3658300005797157
2.8427431713518954
3.788700455235642
7.8910581034600389
7.9520920258174215
12.550529526378769
11.488428632751825
12.63548436962658
2.6665994596789959
2.3151277724186277
3.218345282929342
11.850169099303013
5.4723943763283023
7.0273627997497341
6.3682364517346048
7.6836601980419035
6.6974025026059829
7.145901849425738
7.199279566180695
3.6716234875152964
4.4179477514338616
8.5097637696038433
5.0956092733074927
4.9750009094684238
4.924231209286317
3.7421687864529805
3.5953659435765482
3.4372620002070091
3.0561660311745071
11.475093218408
9.7183203049684241
6.6569068116646557
3.2150971104121653
5.3338421328352297
13.56127066648213
13.123585714139347
4.1382805153515392
3.6772237028496231
4.2042109222384569
3.4165062369371806
3.0561660311745071
2.5956329571431649
12.775042612988315
12.788703629520723
13.52272641488786
6.0769351975796617
4.6290366545573676
7.1891578923627248
10.044733022702017
7.9004011923823256
11.850169099303013
3.1619400963423185
2.7459646461863056
3.402345537852832
2.5959225185004824
4.2727521031977114
9.0748997989605549
4.5870754823020681
3.0425306488283921
3.1605565776047304
3.3650466489052122
4.4033151867520575
2.5956329571431649
2.5959225185004824
2.5708824861884731
3.7556947919499022
3.7337426183612887
8.0406458661009044
4.6790072710938553
4.5441344841968325
12.921347518842806
7.1764444371375866
5.6051721565572299
11.285368698354164
5.286655215609172
2.5161243331187606
4.6114798841993432
8.8197667566473328
4.2884687966707098
2.5708824861884731
12.122109223631949
12.873833912547745
13.123585714139347
13.14540254051346
13.457750534014375
12.614522866693243
12.75079471278177
9.2437192005655415
4.2727521031977114
3.2846963137457719
4.4799546271840809
7.0953988823748189
11.929203499106043
4.853287277423636
2.8264933043735763
12.467273033087679
13.331867073342805
13.204317415783297
4.9109216488827458
4.8405572959257794
4.7699267235499665
5.6309455686958838
5.5427564581892259
4.9109216488827458
8.7028391524845077
12.82319245441121
12.912682191972671
13.681141444345911
13.780379927920896
12.688562660317581
12.527333751381578
12.442117936823205
12.640552640221696
10.391095388518762
5.6368358670799354
7.3999686914957392
2.8863531608872282
3.7145402025404493
4.9368792383653188
4.924231209286317
7.9390949973155864
7.5111480656871459
7.0748386365789262
3.0315088480819141
7.4843227769991501
4.1334127745412692
6.1453088150138244
4.410234392064762
6.8697005579151051
9.1917690361489104
4.1732998767963538
4.920732530955199
3.9114339844232284
4.5917589452631553
4.6290366545573676
5.4471640766596501
6.3694542248533681
3.5872309711953596
4.3658300005797157
2.6817018177880416
2.1775342326362068
2.7377506339253399
2.8230427661052238
3.9517915617939865
2.3438318276409063
10.183506049609189
11.218358757106651
12.452645191113149
3.6783895999515557
6.5796802629398821
12.25624067458997
13.011759737256783
13.004649657259639
13.009992248973303
13.20956889662113
12.743478168773672
13.513841941062369
3.494822013320964
3.3582381376042445
2.9153888470003917
2.5266198067289922
2.2373530009044775
3.3692886982167507
3.3614311917780721
6.0884617689590037
3.7556947919499022
13.620957747248758
3.4461321821845274
3.3614311917780721
3.2515498065475028
4.641633281952477
4.7525548352627789
9.2437192005655415
4.8405572959257794
8.7028391524845077
3.7337426183612887
12.122109223631949
11.706708203301751
9.7958608588810545
7.3538060494144508
7.145901849425738
7.1891578923627248
8.2154189907835153
10.37796992405214
7.2196374411473156
8.3238700021131837
12.63548436962658
13.37967226285857
13.204317415783297
5.765998294979453
3.5953659435765482
3.0276977251988724
2.8034300899653077
3.5953659435765482
3.1596416547747634
13.259885005924337
12.743478168773672
5.4723943763283023
10.044733022702017
8.2154189907835153
5.5062564710267274
5.7246903242075655
5.4718045575840346
5.4471640766596501
5.7901377635134317
6.0340345233529229
3.4198151946594124
5.5583356660621996
3.494822013320964
3.5122576262321306
11.366937917894168
12.387130151484232
12.684741155450345
11.475093218408
12.442117936823205
12.67524870847153
13.214601589505454
12.67524870847153
4.2774533166156017
4.9684070057166636
13.485718333771667
5.7742715102953621
4.9451427227277422
3.1001513744306957
2.4943252634160613
12.67524870847153
6.5016668469077317
6.4248444131394029
9.8372793228471238
4.5441344841968325
4.6711973811385148
11.171827404767631
3.7541827854341769
12.25624067458997
3.3582381376042445
3.5122576262321306
9.3407893310316989
3.788700455235642
4.9451427227277422
13.14540254051346
11.840636558831765
13.740463516140734
13.60351119709018
13.485718333771667
6.9553087855868156
7.0412593874878739
7.9429669189772349
3.1979318685586997
4.6711973811385148
2.5604373637899256
6.4234118174135419
2.9153888470003917
5.1454765329077938
5.0015180360208289
3.1801147570949468
2.37700470316882
4.4479360314300038
2.8230427661052238
6.3412284160062367
13.243817927539483
11.171827404767631
9.2866160121884462
10.37796992405214
7.199279566180695
7.2196374411473156
10.378900192688766
6.5685234497535996
8.9182885930024476
5.0073427282677923
5.0531438681947032
13.457750534014375
12.865524300978713
8.892955765347093
12.935736508755717
12.763844207294545
12.614522866693243
3.3797958681696887
3.1596416547747634
6.4790631512350725
3.070052083544017
3.0042086378711144
4.7615109490423029
5.4657399733499865
7.3999686914957392
5.7901377635134317
3.6463735417792189
11.285368698354164
2.3046271679995338
8.0406458661009044
13.620957747248758
12.75079471278177
13.214818639760427
3.7028384202160258
4.5217842011500995
10.538078937906667
4.4298456673805209
4.8876404846984043
4.7557733515194451
5.0218892847134393
5.0015180360208289
13.214818639760427
8.3744578342906362
13.356111150020396
5.2465331152387904
5.4446567414755034
5.286655215609172
12.640552640221696
13.214601589505454
5.1326860014279436
5.0143655062816288
6.4790631512350725
12.483080521842993
13.52272641488786
7.9750264501576638
8.3238700021131837
10.378900192688766
12.67524870847153
10.473202123782421
9.17464940228359
8.9918190012022254
9.0791349850948642
13.514648731188268
13.513841941062369
3.0135645454128297
2.6419500857303406
2.6271418258695514
4.8252519154960378
2.0664642155476347
10.232406498542339
2.0959400499230423
2.5194114028226551
2.3882980184086637
12.835973611131916
2.2350438968178143
2.0225633266704226
2.9703814039739949
13.476684629085348
2.6648209436150521
1.7026082170521779
2.1826357805281038
12.998226889491326
2.5608846618692453
3.0449981558356605
12.146553332591287
10.29171257008379
2.0294691823995206
1.9450784725676877
1.90331511324681
2.9443651301736558
8.7454872362330764
5.4592563737264932
8.7904461202323727
11.464546289257799
3.6320835656660542
8.2693391404180154
8.740387473215149
6.7915731584607384
10.770128355654188
4.4392803601544051
7.0586239696289184
3.6223585860490135
4.2168774149041273
3.9947125251092839
4.1961216516342992
9.8545152136576739
3.2957397478158792
11.170710803215881
4.4941556172375678
4.4580050146486743
6.8680771836561227
6.5456137096765712
4.5337982001312955
10.120404745728818
3.3400527784870442
4.6728193900204458
4.6530258589660933
8.6648215349210087
5.5255796845198271
4.4459458267024266
5.1879432966111327
12.657350928756085
13.47026310332388
3.283617499796073
5.0872341111992085
11.978604179767517
5.7869581429649104
12.900051329535252
11.298008989684032
11.233111216810038
9.931932599296454
10.914356201954842
5.5605645008208784
5.1698650572526814
4.846644613241283
12.708818913803162
5.0570687313127198
12.620251973528884
5.9250919476049129
5.209461082077639
13.554658027685432
13.246888447784798
13.16674556618135
13.26269593654011
13.645139715675832
6.3581278993149652
6.813649938050041
5.6429267244952781
3.9408286319047856
8.7904461202323727
2.1534200903546443
3.7723790622138527
2.5927402919732523
2.5773825600360363
3.4462148743761145
2.1858761670883848
3.8797667891278147
9.5511536194227578
3.5458418298294836
3.0135645454128297
6.2242721561726224
2.6419500857303406
2.5222719333917576
6.3581278993149652
6.4013382971334201
4.6728193900204458
5.6672558993955224
5.370068243058622
8.2898585273294891
7.1208438307033557
7.5244661358019433
9.4201004653186136
6.2358559779781872
7.8478829936380956
10.497935719665543
6.4164512817770536
7.8544540512760443
6.9249242297109426
6.2858718857238465
7.7349242002839338
7.1208438307033557
7.3481388644507177
6.2453553880471055
10.914356201954842
4.4912781890740217
5.3666908969991871
2.6271418258695514
3.8221460635255107
5.3910952988964613
7.1273341708140139
6.4798882455830125
3.7269696102052134
3.6489519777884225
3.6490115705815493
5.5605645008208784
5.5353887662165642
4.8252519154960378
6.3379510807593178
3.5676433377304755
3.2998239539167011
13.715351923452836
13.791375151953902
11.464546289257799
5.370068243058622
5.4024196374188502
5.5352829779134458
11.148515226075608
5.2818150027674662
7.6227915100643306
13.68860901691037
7.147851866431723
7.4365222263617747
5.1898498067618801
12.48632361799887
3.7269696102052134
3.7267435914590332
3.6989944461825632
6.7467509668766521
7.2030272321106601
8.2898585273294891
5.4024196374188502
5.836884591909417
3.7762890830897105
7.3592956776370002
7.2812822616048498
7.1208438307033557
7.6493159726122242
4.3749813582736667
2.0664642155476347
2.1534200903546443
2.7617399095650135
2.3271899461271617
2.2006821333299849
2.4089543728281919
2.056404434689433
3.6968313570551539
13.784265071956758
10.232406498542339
3.7762890830897105
3.259385312528241
8.7962745796517847
10.575476273578174
10.31072230923159
3.2739738444276676
3.9597301717920654
4.6530258589660933
5.7065998421822401
9.2893791843009623
5.716494653062437
3.6320835656660542
3.807313139895991
7.1273341708140139
13.602807869108329
7.2044598278365211
3.7723790622138527
3.2739738444276676
3.1697051828698579
11.387883247090345
4.5217842011500995
3.3062352214261108
4.2257475968816456
3.5830455046624268
3.2739406781131799
3.1566201178659381
4.1594112828668077
3.259385312528241
3.4122126291634038
9.9713844508460294
6.5043057389046837
12.146018179542205
10.145886423724239
5.8752246880046117
4.4912781890740217
5.1317850103052338
4.7768731158618873
4.8879273399202257
3.993139157994865
9.30166308258495
4.0276397128206769
4.9178959300486573
4.4568391175467417
6.8565506122767808
3.9415555110394371
3.940171992301849
3.8111242627790323
4.9529152914934729
4.4824538349131444
5.1698650572526814
5.1315607283575231
8.6648215349210087
9.5113228552116578
7.9560598518347048
5.5255796845198271
5.6429267244952781
5.8327592828918213
13.78960766367042
8.2693391404180154
8.740387473215149
12.146018179542205
7.1490696395504871
7.5244661358019433
5.5352829779134458
7.820874802184993
2.0959400499230423
3.73779475722541
11.148515226075608
8.4632756127390216
6.7915731584607384
2.5927402919732523
3.1697051828698579
2.7594381891949102
3.1975941249186648
3.0169684156015961
2.816594997886376
10.770128355654188
7.8407103653984356
5.7003479456523172
10.145886423724239
5.5162874757735256
5.7546163241655419
5.1317850103052338
8.2639381916962691
5.2818150027674662
8.4283437270279045
9.6388280372942319
8.3197797621301817
8.7262106986929329
5.259570041881199
8.7187104120127046
5.5321702499598979
4.4392803601544051
13.69229760666979
13.468178075014698
13.464356570147464
4.7768731158618873
7.8407103653984356
5.1205943915708225
4.691049399120347
8.7962745796517847
8.4283437270279045
7.875014297071937
8.133421464111569
10.066231426885565
2.5194114028226551
2.9325657524715738
5.1703006737654045
8.0239219943943745
8.670673518157157
4.8879273399202257
5.1205943915708225
8.7546418648547828
7.6227915100643306
7.4770179173031019
2.3882980184086637
3.4122126291634038
5.4212486966495952
3.993139157994865
3.756802266101134
4.9838263369355751
3.5255800608834242
4.9130281892383874
6.4105609833930028
6.3223718728863449
4.4459458267024266
5.7065998421822401
9.4201004653186136
5.836884591909417
5.1879432966111327
5.8015046994105584
12.835973611131916
6.2358559779781872
6.2514199722811528
9.6979040076995666
6.4013382971334201
6.4798882455830125
9.5113228552116578
7.8069782144468531
6.3847875712543489
8.7225823336743531
4.846644613241283
12.146018179542205
5.1315607283575231
12.146018179542205
5.1703006737654045
4.511346015636339
4.451238902212415
4.3668463858924786
5.7480224204137818
9.30166308258495
5.3713743599602735
12.657350928756085
5.5162874757735256
9.6388280372942319
7.0220536385654544
9.7714344158993427
9.8587503997919832
8.3197797621301817
7.0220536385654544
8.290763480384264
4.1489041129138693
7.0586239696289184
6.7467509668766521
6.1134575475323478
13.68860901691037
8.7262106986929329
2.7617399095650135
7.8478829936380956
11.387883247090345
6.5538869249924812
2.5773825600360363
3.306853073064802
2.2350438968178143
3.756802266101134
4.1819609525499502
9.59938217134445
13.568319044217843
13.306949166078697
4.1446620636023308
5.0680842113678288
4.0276397128206769
5.1829306014491756
5.3013996158472176
8.0239219943943745
4.511346015636339
8.7317074405145405
5.1975631661309807
5.1454454152768339
3.6223585860490135
4.5683158699327606
8.670673518157157
8.7317074405145405
3.6489519777884225
3.7267435914590332
3.6489513446301336
3.4462148743761145
2.7594381891949102
2.0225633266704226
4.165311346806635
4.7551493756042049
7.8069782144468531
7.147851866431723
8.4632756127390216
7.4770179173031019
7.9255172641228571
7.9788949808778131
4.451238902212415
5.1975631661309807
9.2893791843009623
5.8752246880046117
5.7546163241655419
5.7038466239834351
4.5217842011500995
4.3749813582736667
4.2168774149041273
3.8357814458716257
12.254708633105119
10.497935719665543
7.4365222263617747
3.9947125251092839
6.1134575475323478
13.47026310332388
3.2836120726349853
4.9178959300486573
4.4568391175467417
4.9838263369355751
4.1961216516342992
3.8357814458716257
3.3752483718402835
13.554658027685432
13.568319044217843
6.8565506122767808
5.4086520692544857
7.968773307059843
10.824348437399136
2.9703814039739949
4.165311346806635
3.9415555110394371
3.5255800608834242
4.1819609525499502
3.375537933197601
5.0523675178948295
9.8545152136576739
5.3666908969991871
3.8221460635255107
3.940171992301849
4.1446620636023308
5.1829306014491756
3.3752483718402835
3.375537933197601
3.3504979008855917
4.5353102066470203
4.5133580330584069
8.8202612807980234
3.6989944461825632
3.7391047087365887
13.476684629085348
7.9560598518347048
6.3847875712543489
12.064984113051281
6.066270630306291
3.2957397478158792
5.3910952988964613
9.59938217134445
5.0680842113678288
3.3504979008855917
12.901724638329068
3.283617499796073
3.2836120726349853
3.2833847007930235
3.2835896547755437
3.3977231976744231
3.2833933895223941
10.023334615262661
5.0523675178948295
2.3271899461271617
5.259570041881199
7.875014297071937
12.708818913803162
2.6648209436150521
2.2006821333299849
13.246888447784798
5.6905370635798649
5.6201727106228976
5.0872341111992085
6.4105609833930028
6.3223718728863449
5.6905370635798649
9.4824545671816267
13.602807869108329
13.69229760666979
13.468178075014698
13.306949166078697
13.221733351520324
13.420168054918815
11.170710803215881
6.4164512817770536
8.1795841061928574
1.7026082170521779
4.4941556172375678
5.716494653062437
5.7038466239834351
8.7187104120127046
8.290763480384264
7.8544540512760443
3.8111242627790323
8.2639381916962691
4.9130281892383874
6.9249242297109426
5.1898498067618801
7.6493159726122242
9.9713844508460294
4.9529152914934729
5.7003479456523172
4.691049399120347
5.3713743599602735
5.4086520692544857
6.2267794913567691
7.1490696395504871
4.3668463858924786
5.1454454152768339
3.1975941249186648
2.1858761670883848
2.4089543728281919
3.306853073064802
2.6682756909009799
2.1826357805281038
2.5222719333917576
2.056404434689433
10.31072230923159
11.978604179767517
12.998226889491326
4.4580050146486743
7.3592956776370002
13.035856089287089
13.791375151953902
13.784265071956758
13.78960766367042
13.523093583470791
4.2744374280180821
4.1378535523013626
3.6950042616975103
3.3062352214261108
3.0169684156015961
4.1489041129138693
4.1410466064751903
6.8680771836561227
4.5353102066470203
4.2257475968816456
4.1410466064751903
2.5608846618692453
5.4212486966495952
5.5321702499598979
10.023334615262661
5.6201727106228976
9.4824545671816267
4.5133580330584069
12.901724638329068
12.48632361799887
10.575476273578174
8.133421464111569
7.9255172641228571
7.968773307059843
8.9950344054806344
11.157585338749257
7.9992528558444347
9.1034854168103028
3.6489513446301336
6.5456137096765712
4.3749813582736667
3.807313139895991
3.5830455046624268
4.3749813582736667
3.939257069471882
13.523093583470791
4.7551493756042049
10.824348437399136
8.9950344054806344
6.2858718857238465
6.5043057389046837
6.2514199722811528
6.2267794913567691
6.5697531782105498
6.813649938050041
3.0449981558356605
6.3379510807593178
4.2744374280180821
4.2918730409292492
12.146553332591287
13.16674556618135
13.464356570147464
12.254708633105119
13.221733351520324
13.454864123168647
13.454864123168647
5.0570687313127198
5.7480224204137818
6.5538869249924812
5.7247581374248604
3.8797667891278147
3.2739406781131799
13.454864123168647
7.2812822616048498
7.2044598278365211
10.29171257008379
3.7391047087365887
3.6387402102513935
11.694762798256651
4.5337982001312955
13.035856089287089
4.1378535523013626
4.2918730409292492
10.120404745728818
4.5683158699327606
5.7247581374248604
3.2833847007930235
12.620251973528884
7.7349242002839338
7.820874802184993
8.7225823336743531
2.0294691823995206
3.6387402102513935
3.3400527784870442
7.2030272321106601
3.6950042616975103
5.9250919476049129
5.7811334507179479
3.9597301717920654
3.1566201178659381
3.6968313570551539
2.6682756909009799
7.1208438307033557
11.694762798256651
10.066231426885565
11.157585338749257
7.9788949808778131
7.9992528558444347
11.158515607385885
7.3481388644507177
9.6979040076995666
5.7869581429649104
5.8327592828918213
13.645139715675832
9.5511536194227578
13.715351923452836
12.900051329535252
3.2835896547755437
4.1594112828668077
3.939257069471882
6.9756620841392643
1.9450784725676877
3.73779475722541
2.9325657524715738
1.90331511324681
3.5676433377304755
6.2453553880471055
8.1795841061928574
6.5697531782105498
2.9443651301736558
12.064984113051281
3.5458418298294836
2.816594997886376
8.8202612807980234
3.6490115705815493
3.3977231976744231
3.3613773437554104
4.4824538349131444
5.3013996158472176
11.298008989684032
5.209461082077639
5.6672558993955224
5.5353887662165642
5.8015046994105584
5.7811334507179479
3.2833933895223941
3.3613773437554104
8.7454872362330764
5.4592563737264932
6.2242721561726224
6.066270630306291
13.420168054918815
3.9408286319047856
3.2998239539167011
6.9756620841392643
13.26269593654011
8.7546418648547828
9.1034854168103028
11.158515607385885
13.454864123168647
11.233111216810038
9.931932599296454
9.7714344158993427
9.8587503997919832
3.7931799601099483
3.4215655004274597
3.4067572405666695
5.604867330193156
2.8460796302447533
11.012021913239458
2.8755554646201609
3.2990268175197737
3.1679134331057823
13.615589025829035
3.0146593115149329
2.8021787413675407
3.749996818671113
3.4444363583121707
2.4822236317492963
2.9622511952252224
13.777842304188445
3.3405000765663639
3.8246135705327791
12.926168747288406
11.071327984780908
2.8090845970966392
2.7246938872648059
2.6829305279439284
3.7239805448707743
9.5251026509301937
6.2388717884236122
9.5700615349294917
12.244161703954918
4.4116989803631723
9.0489545551151345
9.5200028879122662
7.5711885731578565
11.549743770351308
5.2188957748515232
7.8382393843260365
4.4019740007461321
4.9964928296012463
4.7743279398064029
4.9757370663314173
10.634130628354793
4.0753551625129978
11.950326217912998
5.2737710319346869
5.2376204293457924
7.6476925983532409
7.3252291243736902
5.3134136148284146
10.900020160425937
4.1196681931841628
2.9370782018202202
2.9736585099209152
3.1832504553158167
6.3051950992169461
3.0515735680836471
3.0342966315641249
13.120777532667541
3.3523323775852436
3.3304410058650467
3.0259903626271583
3.8448361872296886
3.8446631565174374
6.5665735576620294
3.2527706051028469
11.748428571245524
11.683235496694579
10.345755098907139
11.290766057411744
2.6531606116927011
2.3551837953900163
2.4884313883249964
13.120166425062923
2.5644927040021708
13.010679512876159
3.4314105832808988
2.7260414862137248
7.1377433140120834
7.5932653527471601
6.4225421391923971
4.7204440466019042
9.5700615349294917
2.9330355050517625
4.5519944769109708
3.3723557066703704
3.3569979747331549
4.2258302890732331
2.965491581785503
4.6593822038249337
10.330769034119877
4.3254572445266017
3.7931799601099483
7.0038875708697415
3.4215655004274597
3.3018873480888757
7.1377433140120834
7.1809537118305382
2.9370782018202202
3.9760534108621162
2.6732399721956468
6.1496836577557401
9.0694739420266082
7.9004592454004738
8.3040815504990615
10.199715880015733
7.0154713926753054
8.6274984083352138
11.277551134362662
7.1960666964741726
8.6340694659731625
7.7045396444080616
7.0654873004209655
8.5145396149810519
7.9004592454004738
8.1277542791478368
7.0249708027442237
11.290766057411744
5.2708936037711407
6.1463063116963053
3.4067572405666695
4.6017614782226284
6.1707107135935804
7.906949585511132
7.2595036602801306
4.506585024902332
4.4285673924855411
4.4286269852786679
2.6531606116927011
2.6328014305483678
5.604867330193156
7.1175664954564368
4.3472587524275941
4.0794393686138202
12.244161703954918
6.1496836577557401
6.1820350521159693
6.314898392610564
11.928130640772725
4.3094009852461994
8.4024069247614488
7.9274672811288411
8.2161376410588929
5.9694652214589992
13.265939032695989
4.506585024902332
4.5063590061561518
4.4786098608796818
7.5263663815737711
7.9826426468077791
9.0694739420266082
6.1820350521159693
6.6165000066065351
4.5559044977868286
8.1389110923341192
8.060897676301968
7.9004592454004738
8.4289313873093423
5.1545967729707849
2.8460796302447533
2.9330355050517625
3.5413553242621321
3.1068053608242807
2.9802975480271034
3.1885697875253105
2.8360198493865516
4.476446771752272
11.012021913239458
4.5559044977868286
4.0390007272253596
9.5758899943489038
11.355091688275293
11.090337723928709
4.0535892591247862
4.7393455864891836
2.9736585099209152
6.4862152568793583
9.8521100135872199
3.6341878518508026
4.4116989803631723
4.5869285545931096
7.906949585511132
7.9840752425336392
4.5519944769109708
4.0535892591247862
3.9493205975669761
12.167498661787462
5.3013996158472176
4.0858506361232294
5.0053630115787646
4.3626609193595449
4.0535560928102985
3.9362355325630571
4.9390266975639259
4.0390007272253596
4.1918280438605224
10.750999865543148
7.2839211536018027
12.638283928716293
3.5527738699684415
3.9866041907588472
5.2708936037711407
5.911400425002352
5.5564885305590055
5.6675427546173438
4.7727545726919836
10.081278497282069
4.8072551275177959
5.6975113447457764
5.2364545322438607
7.6361660269738998
4.7211709257365557
4.719787406998968
4.5907396774761509
5.732530706190591
5.2620692496102635
2.3551837953900163
2.5252968054614611
3.1832504553158167
10.290938269908777
8.7356752665318229
6.3051950992169461
6.4225421391923971
6.6123746975889404
9.0489545551151345
9.5200028879122662
2.7599880079638943
9.548687988209414
3.8169405942146244
8.3040815504990615
6.314898392610564
8.6004902168821111
2.8755554646201609
4.5174101719225286
11.928130640772725
9.2428910274361407
7.5711885731578565
3.3723557066703704
3.9493205975669761
3.5390536038920284
3.9772095396157838
3.7965838302987147
3.5962104125834946
11.549743770351308
8.6203257800955537
6.4799633603494362
3.5527738699684415
3.2651505486398409
5.5060309845932229
5.911400425002352
9.0435536063933863
4.3094009852461994
8.9514253711650049
9.7733753708655566
3.2639252709343234
9.2837037873851429
4.7310625023726987
7.9625177927413704
6.3117856646570161
3.8540453672981712
5.2188957748515232
5.5564885305590055
8.6203257800955537
5.9002098062679416
5.4706648138174661
9.5758899943489038
8.9514253711650049
8.654629711769056
8.913036878808688
10.845846841582684
3.2990268175197737
3.7121811671686924
5.1987492464515563
8.8035374090914935
9.4502889328542761
5.6675427546173438
5.9002098062679416
9.5342572795519001
8.4024069247614488
8.2566333320002201
3.1679134331057823
4.1918280438605224
6.2008641113467142
4.7727545726919836
4.5364176807982526
5.7634417516326941
4.3051954755805424
5.6926436039355064
3.7363134259940658
3.6574067776322003
3.0515735680836471
6.4862152568793583
10.199715880015733
6.6165000066065351
3.0342966315641249
3.4735294141201374
13.615589025829035
7.0154713926753054
7.0310353869782718
10.477519422396684
7.1809537118305382
7.2595036602801306
10.290938269908777
8.5865936291439713
7.1644029859514671
9.5021977483714721
2.4884313883249964
12.638283928716293
2.5252968054614611
2.7599880079638943
5.1987492464515563
2.5635537086686506
2.935964401072594
2.422727428830902
3.698232680530587
10.081278497282069
6.1509897746573916
13.120777532667541
3.2651505486398409
9.7733753708655566
3.3407741082967162
9.9390331074053755
3.3761599343942441
3.2639252709343234
3.3407741082967162
3.2711271380731604
4.9285195276109883
7.8382393843260365
7.5263663815737711
6.8930729622294669
9.2837037873851429
3.5413553242621321
8.6274984083352138
12.167498661787462
7.3335023396895993
3.3569979747331549
4.0864684877619206
3.0146593115149329
4.5364176807982526
4.9615763672470692
10.378997586041569
4.9242774782994498
5.847699626064947
4.8072551275177959
5.9625460161462946
6.0810150305443367
9.548687988209414
8.8035374090914935
2.5635537086686506
9.5113228552116578
5.9771785808280988
2.6693217898647048
4.4019740007461321
5.3479312846298797
9.4502889328542761
9.5113228552116578
4.4285673924855411
4.5063590061561518
4.4285667593272517
4.2258302890732331
3.5390536038920284
2.8021787413675407
4.9449267615037531
5.534764790301324
8.5865936291439713
7.9274672811288411
9.2428910274361407
8.2566333320002201
8.7051326788199752
8.7585103955749322
2.935964401072594
5.9771785808280988
9.8521100135872199
3.9866041907588472
5.5060309845932229
3.8557167307817704
5.3013996158472176
5.1545967729707849
4.9964928296012463
4.6153968605687439
13.034324047802238
11.277551134362662
8.2161376410588929
4.7743279398064029
6.8930729622294669
3.3523323775852436
3.330438386626795
5.6975113447457764
5.2364545322438607
5.7634417516326941
4.9757370663314173
4.6153968605687439
4.1548637865374021
7.6361660269738998
6.1882674839516048
8.748388721756962
11.603963852096255
3.749996818671113
4.9449267615037531
4.7211709257365557
4.3051954755805424
4.9615763672470692
4.1551533478947196
5.8319829325919486
10.634130628354793
6.1463063116963053
4.6017614782226284
4.719787406998968
4.9242774782994498
5.9625460161462946
4.1548637865374021
4.1551533478947196
4.1301133155827099
5.3149256213441394
5.2929734477555259
9.5998766954951407
4.4786098608796818
4.5187201234337069
8.7356752665318229
7.1644029859514671
12.8445995277484
6.8458860450034091
4.0753551625129978
6.1707107135935804
10.378997586041569
5.847699626064947
4.1301133155827099
13.681340053026185
3.3304410058650467
3.330438386626795
3.3301322844641108
3.3302301466299182
4.1773386123715417
4.0630088042195123
10.80295002995978
5.8319829325919486
3.1068053608242807
4.7310625023726987
8.654629711769056
13.120166425062923
3.4444363583121707
2.9802975480271034
4.8160603827557775
6.3997881253200166
3.0259903626271583
3.7363134259940658
3.6574067776322003
4.8160603827557775
9.9221013497759358
3.8448361872296886
3.9760534108621162
11.950326217912998
7.1960666964741726
8.9591995208899764
2.4822236317492963
5.2737710319346869
3.6341878518508026
3.8557167307817704
7.9625177927413704
3.2711271380731604
8.6340694659731625
4.5907396774761509
9.0435536063933863
5.6926436039355064
7.7045396444080616
5.9694652214589992
8.4289313873093423
10.750999865543148
5.732530706190591
6.4799633603494362
5.4706648138174661
6.1509897746573916
6.1882674839516048
7.0063949060538873
3.8169405942146244
2.422727428830902
2.6693217898647048
3.9772095396157838
2.965491581785503
3.1885697875253105
4.0864684877619206
3.4478911055980985
2.9622511952252224
3.3018873480888757
2.8360198493865516
11.090337723928709
3.8446631565174374
13.777842304188445
5.2376204293457924
8.1389110923341192
13.815471503984206
5.0540528427152012
4.9174689669984817
4.4746196763946289
4.0858506361232294
3.7965838302987147
4.9285195276109883
4.9206620211723093
7.6476925983532409
5.3149256213441394
5.0053630115787646
4.9206620211723093
3.3405000765663639
6.2008641113467142
6.3117856646570161
10.80295002995978
6.3997881253200166
9.9221013497759358
5.2929734477555259
13.681340053026185
13.265939032695989
11.355091688275293
8.913036878808688
8.7051326788199752
8.748388721756962
9.7746498201777534
11.937200753446376
8.7788682705415528
9.8831008315074218
4.4285667593272517
7.3252291243736902
5.1545967729707849
4.5869285545931096
4.3626609193595449
5.1545967729707849
4.7188724841690002
5.534764790301324
11.603963852096255
9.7746498201777534
7.0654873004209655
7.2839211536018027
7.0310353869782718
7.0063949060538873
7.3493685929076689
7.5932653527471601
3.8246135705327791
7.1175664954564368
5.0540528427152012
5.0714884556263682
12.926168747288406
13.034324047802238
2.5644927040021708
3.698232680530587
7.3335023396895993
6.5043735521219785
4.6593822038249337
4.0535560928102985
8.060897676301968
7.9840752425336392
11.071327984780908
4.5187201234337069
4.4183556249485125
12.474378212953768
5.3134136148284146
13.815471503984206
4.9174689669984817
5.0714884556263682
10.900020160425937
5.3479312846298797
6.5043735521219785
3.3301322844641108
13.010679512876159
8.5145396149810519
8.6004902168821111
9.5021977483714721
2.8090845970966392
4.4183556249485125
4.1196681931841628
7.9826426468077791
4.4746196763946289
3.4314105832808988
3.2161350332162582
4.7393455864891836
3.9362355325630571
4.476446771752272
3.4478911055980985
7.9004592454004738
12.474378212953768
10.845846841582684
11.937200753446376
8.7585103955749322
8.7788682705415528
11.938131022083004
8.1277542791478368
10.477519422396684
6.5665735576620294
6.6123746975889404
10.330769034119877
3.2527706051028469
3.3302301466299182
4.9390266975639259
4.7188724841690002
7.7552774988363824
2.7246938872648059
4.5174101719225286
3.7121811671686924
2.6829305279439284
4.3472587524275941
7.0249708027442237
8.9591995208899764
7.3493685929076689
3.7239805448707743
12.8445995277484
4.3254572445266017
3.5962104125834946
9.5998766954951407
4.4286269852786679
4.1773386123715417
4.140992758452529
5.2620692496102635
6.0810150305443367
11.748428571245524
2.7260414862137248
2.6732399721956468
2.6328014305483678
3.4735294141201374
3.2161350332162582
4.0630088042195123
4.140992758452529
9.5251026509301937
6.2388717884236122
7.0038875708697415
6.8458860450034091
4.7204440466019042
4.0794393686138202
7.7552774988363824
9.5342572795519001
9.8831008315074218
11.938131022083004
11.683235496694579
10.345755098907139
9.9390331074053755
3.8540453672981712
3.3761599343942441
4.5727953748070664
4.2011809151245778
4.1863726552637885
6.384482744890275
3.6256950449418719
11.791637327936577
3.6551708793172795
4.0786422322168923
3.9475288478029009
3.7942747262120515
3.5817941560646593
4.5296122333682316
4.2240517730092897
3.2618390464464149
3.7418666099223414
4.1201154912634825
4.6042289852298977
13.705784161985525
11.850943399478027
3.5887000117937577
3.5043093019619245
3.462545942641047
4.5035959595678925
10.304718065627313
7.0184872031207304
10.349676949626611
12.599861973800966
5.1913143950602914
9.8285699698122535
10.299618302609385
8.3508039878549756
12.329359185048427
5.9985111895486423
8.6178547990231547
5.1815894154432511
5.7761082442983653
5.5539433545035211
5.7553524810285364
11.398690189279113
4.8549705772101159
12.729941632610117
6.053386446631805
6.0172358440429115
8.427308013050359
8.1048445390708075
6.0930290295255327
11.679635575123054
4.8992836078812809
3.7166936165173388
3.7532739246180333
3.9628658700129353
7.0848105139140642
3.8311889827807657
3.813912046261243
4.1319477922823626
4.1100564205621648
3.8056057773242769
4.6244516019268067
4.624278571214556
7.3461889723591476
4.0323860197999659
12.528043985942643
12.462850911391698
11.125370513604258
12.070381472108863
3.4327760263898193
3.1347992100871345
3.268046803022115
3.3441081186992894
13.790294927573276
4.2110259979780169
3.5056569009108434
7.9173587287092024
8.3728807674442773
7.2021575538895153
5.5000594612990223
10.349676949626611
3.7126509197488811
5.3316098916080898
4.151971121367489
4.1366133894302735
5.0054457037703513
3.7451069964826216
5.4389976185220519
11.110384448816994
5.1050726592237208
4.5727953748070664
7.7835029855668596
4.2011809151245778
4.0815027627859948
7.9173587287092024
7.9605691265276564
3.7166936165173388
4.7556688255592352
3.4528553868927654
2.4566810895489661
8.2664820963702574
2.1693238014121405
9.0836969651961805
2.1229586008307932
3.5710982299703047
2.1104079566857359
2.3192472756049929
4.0091090909661515
2.3131310847610842
8.6606563158502539
7.6578004938304609
2.1677251345345696
9.294155029678171
6.2513891130230137
2.6169548005069974
2.585390834121331
12.070381472108863
4.2475361555974205
6.9259217263934243
4.1863726552637885
5.1402579076029893
6.9503261282906985
8.6865650002082511
8.0391190749772488
5.2862004395994502
5.2081828071826592
5.2082423999757861
3.4327760263898193
3.4124168452454864
6.384482744890275
7.897181910153555
5.1268741671247131
4.8590547833109383
12.599861973800966
2.4566810895489661
2.202879991437046
5.0640053207692386
3.7505394265282934
3.1043821890447441
9.1820223394585678
2.6373045421790811
3.5933313489631611
2.3916487853444162
13.678239308735826
3.6317092019002675
5.2862004395994502
5.2859744208532708
5.2582252755768
8.3059817962708902
8.7622580615048964
8.2664820963702574
2.202879991437046
2.164465185690394
5.3355199124839476
8.9185265070312365
8.840513090999087
2.1693238014121405
4.0371331012065106
5.934212187667903
3.6256950449418719
3.7126509197488811
4.3209707389592511
3.8864207755213993
3.759912962724222
3.9681852022224291
3.6156352640836698
5.256062186449391
11.791637327936577
5.3355199124839476
4.8186161419224778
3.748076898129769
11.106012780175714
11.869953138625828
4.8332046738219043
5.5189610011863026
3.7532739246180333
7.2658306715764773
10.631725428284339
4.4138032665479212
5.1913143950602914
5.3665439692902277
8.6865650002082511
8.7636906572307574
5.3316098916080898
4.8332046738219043
4.7289360122640947
12.947114076484581
6.0810150305443367
4.8654660508203476
5.7849784262758828
5.142276334056664
4.8331715075074175
4.7158509472601757
5.718642112261044
4.8186161419224778
4.9714434585576406
11.116658810614704
3.5241726086118876
13.417899343413412
4.3323892846655596
4.7662196054559658
4.2475361555974205
3.4000626148622182
5.5149045624783346
6.4471581693144628
3.0893897618856121
10.860893911979188
4.1680650837008724
3.3807948873412306
4.2500208029170601
2.7681301669525635
4.2141001135600602
4.6473694774736654
3.1614183649216057
2.403565117276786
2.7500165700844166
3.1347992100871345
3.3049122201585797
3.9628658700129353
11.070553684605896
9.5152906812289419
7.0848105139140642
7.2021575538895153
7.3919901122860585
9.8285699698122535
10.299618302609385
3.5396034226610134
4.5515170502248772
4.596556008911743
9.0836969651961805
5.0640053207692386
9.3801056315792302
3.6551708793172795
5.2970255866196476
3.7505394265282934
2.6252261998279085
8.3508039878549756
4.151971121367489
4.7289360122640947
4.318669018589147
4.7568249543129024
4.5761992449958333
4.3758258272806136
12.329359185048427
3.546873417982737
2.4633863822143343
4.3323892846655596
4.0447659633369595
6.2856463992903411
3.4000626148622182
8.7234679312946195
3.1043821890447441
3.3036055940496243
10.552990785562674
4.0435406856314415
9.5642451279383867
3.1528176408861968
3.9770644849047487
7.0914010793541351
3.3052345930737315
4.6336607819952897
5.9985111895486423
5.5149045624783346
3.546873417982737
5.7222443090733703
4.1162700432756747
3.748076898129769
3.3036055940496243
3.8174813570417947
3.7294612993712311
10.279054098000891
4.0786422322168923
4.4917965818658114
5.9783646611486754
9.5831528237886126
10.229904347551395
6.4471581693144628
5.7222443090733703
10.313872694249019
9.1820223394585678
6.3217727310232874
3.9475288478029009
4.9714434585576406
6.9804795260438324
3.0893897618856121
2.7991787936241788
6.5430571663298123
2.4955151634427448
3.1142808989901627
4.5159288406911839
4.4370221923293185
3.8311889827807657
7.2658306715764773
2.1229586008307932
2.164465185690394
3.813912046261243
4.2531448288172555
3.5710982299703047
3.5082841620438452
2.1104079566857359
3.3986283100730916
10.498506270059357
7.9605691265276564
8.0391190749772488
11.070553684605896
9.3662090438410903
7.9440184006485861
10.281813163068591
3.268046803022115
13.417899343413412
3.3049122201585797
3.5396034226610134
5.9783646611486754
3.3431691233657692
3.7155798157697126
3.2023428435280206
4.4778480952277055
10.860893911979188
5.9087790781715608
4.0447659633369595
10.552990785562674
4.1203895229938343
10.718648522102495
4.1557753490913631
4.0435406856314415
4.1203895229938343
4.0507425527702789
5.7081349423081065
8.6178547990231547
8.3059817962708902
7.672688376926585
9.5642451279383867
4.3209707389592511
2.3192472756049929
3.5082841620438452
2.9459948289847326
12.947114076484581
8.1131177543867175
4.1366133894302735
4.8660839024590388
3.7942747262120515
2.7991787936241788
4.6092969899551601
11.158613000738688
5.3189177188060937
6.627315040762066
4.1680650837008724
6.0228932265892601
3.8143544426610734
4.5515170502248772
9.5831528237886126
3.3431691233657692
10.290938269908777
6.7567939955252179
3.4489372045618234
5.1815894154432511
6.1275466993269978
10.229904347551395
10.290938269908777
5.2081828071826592
5.2859744208532708
5.2081821740243708
5.0054457037703513
4.318669018589147
3.5817941560646593
5.7245421762008721
6.3143802049984421
9.3662090438410903
2.6373045421790811
2.6252261998279085
6.3217727310232874
2.8268743550842008
9.5381258102720512
3.7155798157697126
6.7567939955252179
10.631725428284339
4.7662196054559658
6.2856463992903411
4.6353321454788885
6.0810150305443367
5.934212187667903
5.7761082442983653
5.3950122752658629
13.813939462499356
4.0091090909661515
3.5933313489631611
5.5539433545035211
7.672688376926585
4.1319477922823626
4.1100538013239136
3.3807948873412306
9.0039244935272951
4.2500208029170601
6.5430571663298123
5.7553524810285364
5.3950122752658629
4.5811108543090944
2.7681301669525635
2.0955848406252326
7.3350248838178294
12.383579266793374
4.5296122333682316
5.7245421762008721
4.2141001135600602
2.4955151634427448
4.6092969899551601
3.0350704127569204
3.2434637623132896
11.398690189279113
6.9259217263934243
5.1402579076029893
4.6473694774736654
5.3189177188060937
6.0228932265892601
9.0039244935272951
4.5811108543090944
3.0350704127569204
4.4571620609391545
6.6035503008812126
6.0226175267579576
6.0164699155826451
10.361502915336118
5.2582252755768
5.2983355381308259
9.5152906812289419
7.9440184006485861
13.624214942445519
7.6255014597005282
4.8549705772101159
6.9503261282906985
11.158613000738688
6.627315040762066
4.4571620609391545
4.1100564205621648
4.1100538013239136
4.109747699161229
4.1098455613270373
4.9569540270686598
4.8426242189166313
11.582565444656897
3.2434637623132896
6.6035503008812126
3.8864207755213993
3.1528176408861968
3.8174813570417947
4.2240517730092897
3.759912962724222
5.5956757974528966
7.1794035400171348
3.8056057773242769
4.5159288406911839
4.4370221923293185
5.5956757974528966
10.701716764473053
4.6244516019268067
4.7556688255592352
12.729941632610117
2.3131310847610842
8.9314664818048559
3.2618390464464149
6.053386446631805
4.4138032665479212
4.6353321454788885
3.9770644849047487
4.0507425527702789
8.6606563158502539
3.1614183649216057
8.7234679312946195
3.1142808989901627
7.6578004938304609
2.3916487853444162
4.0371331012065106
11.116658810614704
2.403565117276786
2.4633863822143343
4.1162700432756747
5.9087790781715608
2.0955848406252326
3.481078853038952
4.596556008911743
3.2023428435280206
3.4489372045618234
4.7568249543129024
3.7451069964826216
3.9681852022224291
4.8660839024590388
4.2275065202952167
3.7418666099223414
4.0815027627859948
3.6156352640836698
11.869953138625828
4.624278571214556
6.0172358440429115
8.9185265070312365
5.8336682574123193
5.6970843816955998
5.254235091091747
4.8654660508203476
4.5761992449958333
5.7081349423081065
5.7002774358694275
8.427308013050359
6.0226175267579576
5.7849784262758828
5.7002774358694275
4.1201154912634825
6.9804795260438324
7.0914010793541351
11.582565444656897
7.1794035400171348
10.701716764473053
6.0164699155826451
13.678239308735826
11.106012780175714
3.3052345930737315
3.7294612993712311
2.8268743550842008
7.3350248838178294
3.6872264161974511
12.716816168143495
7.3833550822446652
9.9222725861829577
5.2081821740243708
8.1048445390708075
5.934212187667903
5.3665439692902277
5.142276334056664
5.934212187667903
5.4984878988661192
6.3143802049984421
3.6317092019002675
12.383579266793374
3.6872264161974511
2.1677251345345696
3.5241726086118876
3.3986283100730916
3.481078853038952
3.9643190202527943
8.3728807674442773
4.6042289852298977
7.897181910153555
5.8336682574123193
5.8511038703234863
13.705784161985525
13.813939462499356
3.3441081186992894
4.4778480952277055
8.1131177543867175
7.2839889668190976
5.4389976185220519
4.8331715075074175
8.840513090999087
8.7636906572307574
11.850943399478027
5.2983355381308259
5.1979710396456307
13.253993627650887
6.0930290295255327
5.6970843816955998
5.8511038703234863
11.679635575123054
6.1275466993269978
7.2839889668190976
4.109747699161229
13.790294927573276
9.294155029678171
9.3801056315792302
10.281813163068591
3.5887000117937577
5.1979710396456307
4.8992836078812809
8.7622580615048964
5.254235091091747
4.2110259979780169
3.9957504479133767
5.5189610011863026
4.7158509472601757
5.256062186449391
4.2275065202952167
6.2513891130230137
13.253993627650887
10.279054098000891
12.716816168143495
9.5381258102720512
7.3833550822446652
12.717746436780121
2.6169548005069974
10.498506270059357
7.3461889723591476
7.3919901122860585
11.110384448816994
4.0323860197999659
4.1098455613270373
5.718642112261044
5.4984878988661192
8.5348929135335005
3.5043093019619245
5.2970255866196476
4.4917965818658114
3.462545942641047
5.1268741671247131
2.585390834121331
2.9459948289847326
8.9314664818048559
3.9643190202527943
4.5035959595678925
13.624214942445519
5.1050726592237208
4.3758258272806136
10.361502915336118
5.2082423999757861
4.9569540270686598
4.9206081731496472
2.7500165700844166
3.8143544426610734
12.528043985942643
3.5056569009108434
3.4528553868927654
3.4124168452454864
4.2531448288172555
3.9957504479133767
4.8426242189166313
4.9206081731496472
10.304718065627313
7.0184872031207304
7.7835029855668596
7.6255014597005282
5.5000594612990223
4.8590547833109383
8.5348929135335005
10.313872694249019
9.9222725861829577
12.717746436780121
12.462850911391698
11.125370513604258
10.718648522102495
4.6336607819952897
4.1557753490913631
5.3524107895041855
4.9807963298216968
4.9659880699609067
7.1640981595873932
4.40531045963899
12.571252742633694
4.4347862940143976
4.8582576469140113
4.72714426250002
4.5738901409091701
4.3614095707617784
5.3092276480653506
5.0036671877064078
4.041454461143533
4.52148202461946
4.8997309059606016
5.3838443999270158
12.630558814175146
4.3683154264908763
4.2839247166590431
4.2421613573381656
5.2832113742650115
11.084333480324432
7.7981026178178494
11.020751538726397
13.379477388498083
4.3218563577408364
10.492936857278915
10.970759592029383
3.1690248118400568
13.01919706196353
6.3866351628945095
9.2691918543194021
4.7526072353491342
2.813552276395626
5.9237213553893868
5.5767205260387804
11.963929751099373
4.8702647647232382
13.431448423799308
6.4268628009842335
6.4273246740624854
3.2784896310642537
8.7362546521329136
5.0954788346975528
2.7305166988272589
4.030948763250052
4.4963090312144578
4.5328893393151519
4.7424812847100535
7.8644259286111833
4.6108043974778843
4.5935274609583621
4.9115632069794808
4.8896718352592838
4.5852211920213959
5.4040670166239257
5.4038939859116741
8.1258043870562666
4.8120014344970841
13.307659400639761
13.242466326088817
11.904985928301375
12.849996886805982
4.2123914410869379
3.9144146247842531
4.0476622177192336
4.123723533396408
4.9906414126751359
4.285272315607962
8.6969741434063206
9.1524961821413964
7.9817729685866343
6.2796748759961414
11.020751538726397
4.4922663344459997
6.111225306305208
4.9315865360646072
4.9162288041273916
5.7850611184674703
4.5247224111797406
6.2186130332191709
11.889999863514113
5.8846880739208389
5.3524107895041855
8.5631184002639777
4.9807963298216968
4.8611181774831129
8.6969741434063206
8.7401845412247745
4.4963090312144578
5.5352842402563533
4.2324708015898844
3.2362965042460852
9.0460975110673765
2.9489392161092596
9.8633123798932996
2.9025740155279118
4.3507136446674233
2.8900233713828545
3.0988626903021115
4.7887245056632706
3.0927464994582023
9.4402717305473711
8.4374159085275799
2.9473405492316882
10.07377044437529
7.0310045277201318
3.396570215204116
3.3650062488184491
12.849996886805982
4.8750498867622536
7.7055371410905424
4.9659880699609067
4.456387040847388
7.7299415429878175
9.4661804149053683
8.8187344896743678
6.0658158542965692
5.9877982218797774
5.9878578146729042
4.2123914410869379
4.1920322599426045
7.1640981595873932
8.6767973248506731
5.9064895818218313
5.6386701980080574
13.379477388498083
3.2362965042460852
2.9824954061341646
5.8436207354663567
4.5301548412254125
3.8839976037418626
9.9616377541556851
3.4169199568761992
4.3729467636602797
3.1712642000415348
4.4113246165973861
6.0658158542965692
6.065589835550389
6.037840690273919
3.9890374390727183
3.3568343601449833
9.0460975110673765
2.9824954061341646
2.9440806003875126
6.1151353271810658
9.6981419217283555
9.620128505696206
2.9489392161092596
4.8167485159036296
6.7138276023650221
4.40531045963899
4.4922663344459997
5.1005861536563692
4.6660361902185183
4.5395283774213402
4.7478006169195472
4.3952506787807888
6.0356776011465092
12.571252742633694
6.1151353271810658
5.5982315566195968
4.5276923128268871
11.885628194872833
12.649568553322945
5.6128200885190225
6.2985764158834217
4.5328893393151519
8.0454460862735964
11.411340842981458
5.1934186812450402
4.3218563577408364
6.1461593839873458
9.4661804149053683
9.5433060719278764
6.111225306305208
5.6128200885190225
5.5085514269612128
13.7267294911817
6.8606304452414548
5.6450814655174666
6.5645938409730009
5.9218917487537821
5.6127869222045357
5.4954663619572939
6.4982575269581631
5.5982315566195968
5.7510588732547596
11.604368433097219
3.1309952746384826
5.1120046993626787
5.5458350201530839
4.8750498867622536
3.3648409764511631
6.2945199771754528
7.226773584011581
3.0078117337049126
11.640509326676307
4.8088954072583858
3.3554841471731507
4.8786989918532147
3.5477455816496821
4.8616876312330968
5.3244589560641362
2.8567087190958609
2.7097123477295302
3.0374270203113971
3.9144146247842531
4.0845276348556974
4.7424812847100535
11.850169099303013
10.294906095926061
7.8644259286111833
7.9817729685866343
8.1716055269831767
10.492936857278915
10.970759592029383
4.3192188373581315
5.3311324649219962
5.376171423608862
9.8633123798932996
5.8436207354663567
10.159721046276349
4.4347862940143976
6.0766410013167658
4.5301548412254125
3.4048416145250271
3.1690248118400568
4.0879299917073064
4.9315865360646072
5.5085514269612128
5.098284433286266
5.5364403690100206
5.3558146596929515
5.1554412419777318
13.01919706196353
4.3264888326798552
2.8854597168550979
5.1120046993626787
4.8243813780340776
7.0652618139874601
3.3648409764511631
9.5030833459917385
3.8839976037418626
4.0832210087467429
11.332606200259793
4.8231561003285606
10.343860542635504
3.9324330555833154
4.7566798996018678
7.8710164940512533
4.0848500077708501
5.4132761966924088
6.3866351628945095
6.2945199771754528
4.3264888326798552
6.5018597237704894
4.7606281340071899
4.5276923128268871
4.0832210087467429
4.5970967717389133
4.5090767140683496
11.058669512698009
4.8582576469140113
5.2714119965629296
6.7579800758457935
10.36276823848573
11.009519762248512
7.226773584011581
6.5018597237704894
11.093488108946138
9.9616377541556851
7.1013881457204064
4.72714426250002
5.7510588732547596
7.7600949407409514
3.0078117337049126
2.6775184534416199
7.3226725810269313
2.5240367086793962
3.8938963136872813
5.295544255388303
5.2166376070264375
4.6108043974778843
8.0454460862735964
2.9025740155279118
2.9440806003875126
4.5935274609583621
5.0327602435143746
4.3507136446674233
4.2878995767409638
2.8900233713828545
4.1782437247702102
11.278121684756476
8.7401845412247745
8.8187344896743678
11.850169099303013
10.145824458538208
8.7236338153457051
11.06142857776571
4.0476622177192336
4.0845276348556974
4.3192188373581315
6.7579800758457935
4.1227845380628878
4.4951952304668312
3.9819582582251392
5.2574635099248237
11.640509326676307
6.5937925692642656
4.8243813780340776
11.332606200259793
4.9000049376909534
11.498263936799612
4.9353907637884813
4.8231561003285606
4.9000049376909534
4.8303579674673971
6.4877503570052255
9.2691918543194021
3.9890374390727183
4.0879299917073064
8.452303791623704
10.343860542635504
5.1005861536563692
3.0988626903021115
4.2878995767409638
3.2676106619879977
13.7267294911817
8.8927331690838365
4.9162288041273916
5.6456993171561578
4.5738901409091701
2.6775184534416199
2.5850173898845008
11.861553924173258
4.3211587458917586
7.4069304554591842
4.8088954072583858
6.8025086412863782
4.593969857358192
5.3311324649219962
10.36276823848573
4.1227845380628878
11.070553684605896
7.536409410222336
4.2285526192589424
4.7526072353491342
6.9071621140241168
11.009519762248512
11.070553684605896
5.9877982218797774
6.065589835550389
5.9877975887214889
5.7850611184674703
5.098284433286266
4.3614095707617784
6.5041575908979903
7.0939956196955611
10.145824458538208
3.4169199568761992
3.4048416145250271
7.1013881457204064
3.606489769781319
10.317741224969168
4.4951952304668312
7.536409410222336
11.411340842981458
5.5458350201530839
7.0652618139874601
5.4149475601760075
6.8606304452414548
6.7138276023650221
2.813552276395626
2.7748416540204039
4.7887245056632706
4.3729467636602797
5.9237213553893868
8.452303791623704
4.9115632069794808
4.8896692160210327
3.3554841471731507
9.7835399082244123
4.8786989918532147
7.3226725810269313
5.5767205260387804
2.7748416540204039
2.0406785658130691
3.5477455816496821
2.3511676317714509
8.1146402985149475
13.163194681490491
5.3092276480653506
6.5041575908979903
4.8616876312330968
2.5240367086793962
2.5850173898845008
2.1002143353423364
2.380630340361249
2.8252929103382076
11.963929751099373
7.7055371410905424
4.456387040847388
5.3244589560641362
4.3211587458917586
6.8025086412863782
9.7835399082244123
2.0406785658130691
2.1002143353423364
2.3178697436588318
6.6886963482525621
2.5650294955400117
6.1700216902087117
3.5704587921937665
6.037840690273919
6.0779509528279441
10.294906095926061
8.7236338153457051
8.4051168743976472
4.8702647647232382
7.7299415429878175
11.861553924173258
7.4069304554591842
2.3178697436588318
4.8896718352592838
4.8896692160210327
4.889363113858348
4.8894609760241554
5.7365694417657789
5.6222396336137503
12.362180859354016
2.380630340361249
6.6886963482525621
4.6660361902185183
3.9324330555833154
4.5970967717389133
5.0036671877064078
4.5395283774213402
6.3752912121500147
7.9590189547142529
4.5852211920213959
5.295544255388303
5.2166376070264375
6.3752912121500147
11.481332179170172
5.4040670166239257
5.5352842402563533
13.431448423799308
3.0927464994582023
9.711081896501975
4.041454461143533
6.4268628009842335
5.1934186812450402
5.4149475601760075
4.7566798996018678
4.8303579674673971
9.4402717305473711
2.8567087190958609
9.5030833459917385
3.8938963136872813
8.4374159085275799
3.1712642000415348
4.8167485159036296
11.604368433097219
2.7097123477295302
2.8854597168550979
4.7606281340071899
6.5937925692642656
2.3511676317714509
3.1165068828051488
5.376171423608862
3.9819582582251392
4.2285526192589424
5.5364403690100206
4.5247224111797406
4.7478006169195472
5.6456993171561578
5.0071219349923357
4.52148202461946
4.8611181774831129
4.3952506787807888
12.649568553322945
5.4038939859116741
6.4273246740624854
9.6981419217283555
4.8937594898575822
4.8287652669195316
3.0671484376029317
5.6450814655174666
5.3558146596929515
6.4877503570052255
6.4798928505665465
3.2784896310642537
2.5650294955400117
3.8542693537599146
6.5645938409730009
6.4798928505665465
4.8997309059606016
7.7600949407409514
7.8710164940512533
12.362180859354016
7.9590189547142529
11.481332179170172
6.1700216902087117
11.885628194872833
4.0848500077708501
4.5090767140683496
3.606489769781319
8.1146402985149475
4.4668418308945697
13.496431582840613
8.1629704969417833
10.701888000880077
5.9877975887214889
8.7362546521329136
6.7138276023650221
6.1461593839873458
5.9218917487537821
6.7138276023650221
6.2781033135632374
7.0939956196955611
4.4113246165973861
13.163194681490491
4.4668418308945697
2.9473405492316882
3.1309952746384826
4.1782437247702102
3.1165068828051488
3.4127303559953952
9.1524961821413964
5.3838443999270158
8.6767973248506731
4.8937594898575822
6.6307192850206045
4.123723533396408
5.2574635099248237
8.8927331690838365
7.5526347556942603
6.2186130332191709
5.6127869222045357
9.620128505696206
9.5433060719278764
12.630558814175146
6.0779509528279441
5.9775864543427497
5.0954788346975528
4.8287652669195316
6.6307192850206045
2.7305166988272589
6.9071621140241168
7.5526347556942603
4.889363113858348
2.8252929103382076
10.07377044437529
10.159721046276349
11.06142857776571
4.3683154264908763
5.9775864543427497
4.030948763250052
3.3568343601449833
3.0671484376029317
4.9906414126751359
4.7753658626104949
6.2985764158834217
5.4954663619572939
6.0356776011465092
5.0071219349923357
7.0310045277201318
11.058669512698009
13.496431582840613
10.317741224969168
8.1629704969417833
13.49736185147724
3.396570215204116
11.278121684756476
8.1258043870562666
8.1716055269831767
11.889999863514113
4.8120014344970841
4.8894609760241554
6.4982575269581631
6.2781033135632374
9.3145083282306196
4.2839247166590431
6.0766410013167658
5.2714119965629296
4.2421613573381656
5.9064895818218313
3.3650062488184491
3.2676106619879977
9.711081896501975
3.4127303559953952
5.2832113742650115
5.8846880739208389
5.1554412419777318
3.5704587921937665
3.8542693537599146
5.9878578146729042
5.7365694417657789
5.7002235878467662
3.0374270203113971
4.593969857358192
13.307659400639761
4.285272315607962
4.2324708015898844
4.1920322599426045
5.0327602435143746
4.7753658626104949
5.6222396336137503
5.7002235878467662
11.084333480324432
7.7981026178178494
8.5631184002639777
8.4051168743976472
6.2796748759961414
5.6386701980080574
9.3145083282306196
11.093488108946138
10.701888000880077
13.49736185147724
13.242466326088817
11.904985928301375
11.498263936799612
5.4132761966924088
4.9353907637884813
5.9782051188083631
4.9551663311628422
4.8015571954295675
7.8532786777019554
3.5142253930836547
3.446360761123155
2.8048529091173453
4.2671828454788603
4.7428347977448082
4.6031071074421828
4.5137016660137501
4.8691972035985058
4.1840528829938775
5.7832826024035269
3.2740203202928004
4.5003091662669918
5.4719790197031735
6.0100099017674049
13.356137349693151
2.7972692808604851
4.4679161481704632
4.4076871100924082
5.8820499680676104
11.799003749060649
8.4939571104700597
11.718128826952652
4.6005013119752967
11.185721648261909
3.5499248869091709
2.985618929744017
13.729702059499642
6.9276352465684257
9.953203845509119
5.0790772686641592
3.5931676910927446
6.456947640815268
6.3563359407358986
12.743545165796492
5.6498801794203564
6.9614379519812388
6.9781816259319722
3.3287329410328375
9.4072128474746997
5.3555843182575202
2.777399704485279
4.3143073818025375
5.2759244459115759
5.3125047540122701
5.5220966994071725
8.6440413433083023
5.3904198121750024
5.3731428756554802
5.6911786216765998
5.6692872499564029
5.364836606718514
6.1836824313210439
6.1835094006087932
8.9054198017533857
5.5916168491942031
12.684601342998494
13.6296123015031
4.9920068557840569
4.6940300394813717
4.8272776324163518
4.9033389480935261
5.7702568273722541
5.0648877303050801
9.4765895581034396
9.9321115968385154
8.7613883832837534
7.0592902906932595
11.718128826952652
3.7312448976253649
6.7715794343301496
4.4779601627782961
5.7112019507617262
5.1386749927371476
6.5646765331645884
4.3611344525988338
6.9982284479162891
12.641430287155801
6.664303488617958
5.9782051188083631
9.3427338149610968
4.9551663311628422
3.9106123902519836
9.4765895581034396
9.5197999559218935
5.2759244459115759
6.3148996549534724
5.0120862162870026
2.8066820530517123
9.7558923921935428
3.7285546308063777
9.3792578059839169
3.6821894302250304
5.1303290593645414
3.6696387860799731
3.8784781049992301
4.7066059135469089
3.8723619141553214
10.21988714524449
9.2170313232246972
3.7269559639288068
10.853385859072409
7.8106199424172509
4.1761856299012345
4.1446216635155677
13.6296123015031
5.6546653014593726
8.4851525557876606
4.8015571954295675
5.2360024555445062
8.5095569576849357
10.245795829602487
9.5983499043714868
6.8454312689936874
6.7674136365768964
6.7674732293700233
4.9920068557840569
4.9716476746397236
7.8532786777019554
9.4564127395477922
6.6861049965189503
6.4182856127051755
2.8066820530517123
2.5981045494859187
3.8617085753025351
5.3097702559225306
4.6636130184389817
10.741253168852804
4.1965353715733178
3.1552393725361494
2.7813538182435606
5.1909400312945042
6.8454312689936874
6.845205250247508
6.817456104971038
3.1355384380747262
2.8451597201283811
9.7558923921935428
2.5981045494859187
3.1272605894031034
6.8947507418781848
10.477757336425475
10.399743920393325
3.7285546308063777
5.5963639306007478
7.4934430170621411
3.5142253930836547
3.7312448976253649
5.1778704684842323
3.626552545991216
4.5636204191138674
5.5274160316166663
3.3860156090176394
6.8152930158436282
3.446360761123155
6.8947507418781848
6.377846971316715
5.3073077275240061
12.66524360956995
13.371003929199945
3.7467058802510982
3.9085351998146782
5.3125047540122701
8.8250615009707136
12.190956257678575
5.9730340959421584
4.6005013119752967
6.9257747986844649
10.245795829602487
10.322921486624995
6.7715794343301496
3.7467058802510982
4.8839616242632111
4.3219891042488507
7.6402458599385739
5.1055024516464185
3.8186167111128442
6.7015071634509011
5.113101461114673
5.5930327743051134
7.2778729416552812
6.377846971316715
6.5306742879518778
12.383983847794338
3.9106106893356012
5.8916201140597968
6.325450434850203
5.6546653014593726
4.1444563911482817
7.0741353918725718
8.0063889987086991
3.7874271484020308
12.420124741373424
5.588510821955504
4.1350995618702688
5.6583144065503337
4.3273609963468003
5.6413030459302158
6.1040743707612553
3.6363241337929799
3.4893277624266488
3.8170424350085157
4.6940300394813717
4.8641430495528155
5.5220966994071725
12.629784514000132
11.07452151062318
8.6440413433083023
8.7613883832837534
8.9512209416802957
11.185721648261909
3.5499248869091709
4.4779601627782961
5.0988342520552505
6.1107478796191144
6.1557868383059802
9.3792578059839169
3.8617085753025351
10.326595476730514
2.8048529091173453
3.9158373232126391
5.3097702559225306
4.1844570292221457
2.985618929744017
3.2680909386982799
5.7112019507617262
4.8839616242632111
5.8778998479833842
6.3160557837071396
6.1354300743900705
5.9350566566748499
13.729702059499642
5.1061042473769742
3.6650751315522165
5.8916201140597968
5.6039967927311958
7.8448772286845792
4.1444563911482817
10.282698760688856
4.6636130184389817
4.8628364234438619
12.112221614956912
5.6027715150256787
11.123475957332623
4.7120484702804335
5.5362953142989859
8.6506319087483714
4.8644654224679691
6.1928916113895269
6.9276352465684257
7.0741353918725718
5.1061042473769742
7.2814751384676084
5.540243548704308
5.3073077275240061
4.8628364234438619
5.3767121864360314
5.2886921287654687
11.838284927395128
4.2671828454788603
6.0510274112600477
7.5375954905429117
11.142383653182849
11.789135176945631
8.0063889987086991
7.2814751384676084
11.873103523643257
10.741253168852804
7.8810035604175246
4.7428347977448082
6.5306742879518778
8.5397103554380696
3.7874271484020308
3.4571338681387385
8.1022879957240495
3.3036521233765153
4.6735117283844003
6.0751596700854211
5.9962530217235557
5.3904198121750024
8.8250615009707136
3.6821894302250304
3.1272605894031034
5.3731428756554802
5.8123756582114927
5.1303290593645414
5.0675149914380819
3.6696387860799731
4.9578591394673284
12.057737099453593
9.5197999559218935
9.5983499043714868
12.629784514000132
10.925439873235327
9.5032492300428224
11.841043992462827
4.8272776324163518
4.8641430495528155
5.0988342520552505
7.5375954905429117
4.902399952760006
5.2748106451639503
4.7615736729222577
6.0370789246219427
12.420124741373424
7.3734079839613846
5.6039967927311958
12.112221614956912
5.6796203523880715
12.277879351496731
5.7150061784856003
5.6027715150256787
5.6796203523880715
5.6099733821645161
7.2673657717023437
9.953203845509119
3.1355384380747262
3.2680909386982799
9.2319192063208213
11.123475957332623
5.1778704684842323
3.8784781049992301
5.0675149914380819
4.0472260766851162
4.3219891042488507
4.3650493622156565
5.1386749927371476
6.425314731853276
4.6031071074421828
3.4571338681387385
3.3646328045816194
12.641169338870375
5.1007741605888768
8.1865458701563032
5.588510821955504
7.5821240559834973
5.3735852720553101
6.1107478796191144
11.142383653182849
4.902399952760006
11.850169099303013
8.3160248249194542
5.0081680339560606
5.0790772686641592
7.686777528721235
11.789135176945631
11.850169099303013
6.7674136365768964
6.845205250247508
6.7674130034186071
6.5646765331645884
5.8778998479833842
4.5137016660137501
7.2837730055951093
7.8736110343926793
10.925439873235327
4.1965353715733178
4.1844570292221457
7.8810035604175246
4.3861051844784376
11.097356639666287
5.2748106451639503
8.3160248249194542
12.190956257678575
6.325450434850203
7.8448772286845792
6.1945629748731257
7.6402458599385739
7.4934430170621411
3.5931676910927446
3.5544570687175221
4.7066059135469089
3.1552393725361494
6.456947640815268
9.2319192063208213
5.6911786216765998
5.6692846307181508
4.1350995618702688
10.563155322921531
5.6583144065503337
8.1022879957240495
6.3563359407358986
3.5544570687175221
2.8202939805101876
4.3273609963468003
3.13078304646857
8.8942557132120665
4.8691972035985058
7.2837730055951093
5.6413030459302158
3.3036521233765153
3.3646328045816194
2.879829750039455
3.1602457550583676
3.6049083250353262
12.743545165796492
8.4851525557876606
5.2360024555445062
6.1040743707612553
5.1007741605888768
7.5821240559834973
10.563155322921531
2.8202939805101876
2.879829750039455
3.0974851583559504
7.4683117629496811
3.3446449102371303
6.9496371049058308
4.3500742068908851
6.817456104971038
6.1621889408329569
11.07452151062318
9.5032492300428224
9.1847322890947645
5.6498801794203564
8.5095569576849357
12.641169338870375
8.1865458701563032
3.0974851583559504
5.6692872499564029
5.6692846307181508
5.6689785285554661
5.6690763907212736
6.516184856462897
6.4018550483108685
13.141796274051135
3.1602457550583676
7.4683117629496811
4.1840528829938775
3.626552545991216
4.7120484702804335
5.3767121864360314
5.7832826024035269
4.5636204191138674
7.1549066268471337
8.7386343694113719
5.364836606718514
6.0751596700854211
5.9962530217235557
7.1549066268471337
12.260947593867291
6.1836824313210439
6.3148996549534724
3.8723619141553214
10.490697311199094
3.2740203202928004
6.9614379519812388
5.9730340959421584
6.1945629748731257
5.5362953142989859
5.6099733821645161
10.21988714524449
3.6363241337929799
10.282698760688856
4.6735117283844003
9.2170313232246972
2.7813538182435606
5.5963639306007478
12.383983847794338
3.4893277624266488
3.6650751315522165
5.540243548704308
7.3734079839613846
3.13078304646857
3.8961222975022674
6.1557868383059802
4.7615736729222577
5.0081680339560606
6.3160557837071396
4.3611344525988338
5.5274160316166663
6.425314731853276
5.7867373496894539
4.5003091662669918
3.9106123902519836
3.3860156090176394
13.371003929199945
6.1835094006087932
6.9781816259319722
10.477757336425475
4.6912461960888558
2.5541634503090243
2.6584161064173362
5.1055024516464185
6.1354300743900705
7.2673657717023437
5.8426340583358947
3.3287329410328375
3.3446449102371303
4.6338847684570332
3.8186167111128442
5.8426340583358947
5.4719790197031735
8.5397103554380696
8.6506319087483714
13.141796274051135
8.7386343694113719
12.260947593867291
6.9496371049058308
12.66524360956995
4.8644654224679691
5.2886921287654687
4.3861051844784376
8.8942557132120665
5.2464572455916878
8.9425859116389024
11.481503415577196
6.7674130034186071
9.4072128474746997
7.4934430170621411
6.9257747986844649
6.7015071634509011
7.4934430170621411
7.0577187282603564
7.8736110343926793
5.1909400312945042
5.2464572455916878
3.7269559639288068
3.9106106893356012
4.9578591394673284
3.8961222975022674
4.1923457706925138
9.9321115968385154
6.0100099017674049
9.4564127395477922
4.6912461960888558
7.4103346997177235
4.9033389480935261
6.0370789246219427
4.3650493622156565
3.9260439675554815
6.9982284479162891
5.113101461114673
10.399743920393325
10.322921486624995
13.356137349693151
6.1621889408329569
4.0018770018445178
5.3555843182575202
2.5541634503090243
7.4103346997177235
2.777399704485279
7.686777528721235
3.9260439675554815
5.6689785285554661
3.6049083250353262
10.853385859072409
10.326595476730514
11.841043992462827
2.7972692808604851
4.0018770018445178
4.3143073818025375
2.8451597201283811
2.6584161064173362
5.7702568273722541
5.5549812773076139
3.9085351998146782
5.5930327743051134
6.8152930158436282
5.7867373496894539
7.8106199424172509
11.838284927395128
11.097356639666287
8.9425859116389024
4.1761856299012345
12.057737099453593
8.9054198017533857
8.9512209416802957
12.641430287155801
5.5916168491942031
5.6690763907212736
7.2778729416552812
7.0577187282603564
10.094123742927739
4.4679161481704632
3.9158373232126391
6.0510274112600477
4.4076871100924082
6.6861049965189503
4.1446216635155677
4.0472260766851162
10.490697311199094
4.1923457706925138
5.8820499680676104
6.664303488617958
5.9350566566748499
4.3500742068908851
4.6338847684570332
6.7674732293700233
6.516184856462897
6.4798390025438852
3.8170424350085157
5.3735852720553101
5.0648877303050801
5.0120862162870026
4.9716476746397236
5.8123756582114927
5.5549812773076139
6.4018550483108685
6.4798390025438852
11.799003749060649
8.4939571104700597
9.3427338149610968
9.1847322890947645
7.0592902906932595
6.4182856127051755
10.094123742927739
11.873103523643257
11.481503415577196
12.684601342998494
12.277879351496731
6.1928916113895269
5.7150061784856003
6.7578205335054822
5.7347817458599604
5.5811726101266865
8.6328940923990736
4.2938408077807733
4.2259761758202732
3.5844683238144643
5.0467982601759793
5.5224502124419264
5.3827225221393009
5.2933170807108683
5.648812618295624
4.9636682976909956
6.562898017100645
4.0536357349899186
5.2799245809641109
6.2515944344002925
6.7896253164645239
3.5768846955576032
5.2475315628675814
5.1873025247895264
6.6616653827647285
12.578619163757766
9.2735725251671788
12.497744241649771
5.3801167266724157
11.965337062959028
4.329540301606289
3.7652343444411356
7.7072506612655447
10.732819260206238
5.8586926833612782
4.3727831057898632
7.2365630555123861
7.0057730810752803
13.346726430653087
6.1716041724597419
7.741053366678357
7.7577970406290913
3.3355839950846766
10.186828262171817
6.1351997329546384
3.5570151191823975
5.0939227964996556
6.0555398606086941
6.0921201687093891
6.3017121141042907
9.4236567580054196
6.1700352268721215
6.1527582903525992
6.470794036373718
6.448902664653521
6.1444520214156322
6.9632978460181629
6.9631248153059113
9.6850352164505029
6.3712322638913221
13.464216757695613
5.771622270481175
5.4736454541784898
5.6068930471134708
5.6829543627906451
6.5498722420693731
5.8445031450021983
10.256204972800557
10.711727011535634
9.5410037979808706
7.8389057053903777
12.497744241649771
4.5108603123224835
7.5511948490272678
5.2575755774754143
6.4908173654588452
5.9182904074342657
7.3442919478617066
5.1407498672959528
7.7778438626134072
13.421045701852918
7.4439189033150761
6.7578205335054822
10.122349229658216
5.7347817458599604
4.6902278049491022
10.256204972800557
10.299415370619013
6.0555398606086941
7.0945150696505905
5.7917016309841207
3.5862974677488308
10.408988211531209
3.0793102687727765
10.158873220681036
3.1059048325734406
3.7705653950086089
2.9995893748072007
3.2324167400979236
5.4862213282440271
3.6233327991488116
10.792384087839709
9.7776588532841675
3.0789960404835952
11.633001273769528
8.2538776117617072
3.680861576277962
3.6706548114193844
5.5284109510111552
9.2647679704847796
5.5811726101266865
5.4307241492223532
9.2891723723820547
11.025411244299606
10.377965319068604
7.6250466836908055
7.5470290512740146
7.5470886440671414
5.771622270481175
5.7512630893368417
8.6328940923990736
10.236028154244911
7.4657204112160693
7.1979010274022936
3.5862974677488308
3.3777199641830373
4.6413239899996537
6.0893856706196496
5.4432284331360998
11.520868583549923
4.9761507862704368
3.934854787233268
3.5609692329406792
5.9705554459916232
7.6250466836908055
7.6248206649446262
7.5970715196681562
3.9151538527718452
3.6247751348254993
10.408988211531209
3.3777199641830373
3.2570909680165432
7.674366156575303
11.257372751122594
11.179359335090442
3.0793102687727765
5.525251624735696
8.2730584317592601
4.2938408077807733
4.5108603123224835
5.9574858831813513
4.4061679606883351
5.3432358338109855
6.3070314463137844
4.1656310237147585
7.5949084305407464
4.2259761758202732
7.674366156575303
7.157462386013834
6.0869231422211243
13.444859024267069
4.5263212949482163
4.6881506145117973
6.0921201687093891
9.6046769156678327
12.970571672375694
6.7526495106392774
5.3801167266724157
7.705390213381583
11.025411244299606
11.102536901322114
7.5511948490272678
4.5263212949482163
5.6635770389603302
5.1016045189459689
8.4198612746356929
5.8851178663435366
4.5982321258099628
7.4811225781480193
5.892716875811792
6.3726481890022315
8.0574883563523994
7.157462386013834
7.3102897026489968
3.59515521312278
2.5575518844379665
6.6712355287569158
7.1050658495473211
5.5284109510111552
2.4645536834352448
7.3953572324449928
3.832884632972104
2.143476063328114
4.0100459217282198
5.5120435517528099
2.3365660066029608
2.7004820659831719
2.7995193891493919
2.4364495011407996
6.1801448332247997
2.1236291448093159
2.7120468082826812
3.040693506293159
5.4736454541784898
5.6437584642499345
6.3017121141042907
13.409399928697251
11.854136925320297
9.4236567580054196
9.5410037979808706
9.7308363563774147
11.965337062959028
4.329540301606289
5.2575755774754143
5.8784496667523687
6.8903632943162325
6.9354022530030992
10.158873220681036
4.6413239899996537
11.106210891427633
3.5844683238144643
4.6954527379097577
6.0893856706196496
4.9640724439192647
3.7652343444411356
4.047706353395399
6.4908173654588452
5.6635770389603302
6.6575152626805032
7.0956711984042578
6.9150454890871886
6.714672071371969
3.4781388662241017
2.910660816969489
6.6712355287569158
6.3836122074283148
8.6244926433816964
2.4645536834352448
10.550653385032408
5.4432284331360998
5.6424518381409801
12.891837029654029
6.3823869297227978
11.903091372029742
5.4916638849775525
6.315910728996105
9.4302473234454904
5.6440808371650872
6.972507026086646
7.7072506612655447
7.3953572324449928
3.4781388662241017
3.9093486147005363
5.5629492921084376
6.0869231422211243
5.6424518381409801
6.1563276011331496
6.0683075434625868
12.617900342092247
5.0467982601759793
6.8306428259571668
8.3172109052400298
11.921999067879968
12.568750591642749
3.832884632972104
3.9093486147005363
12.387442903592605
11.520868583549923
8.6606189751146427
5.5224502124419264
7.3102897026489968
9.3193257701351886
2.143476063328114
2.5614788212604371
3.3076065909151073
2.5743843730835607
2.7677534777660138
6.8547750847825393
6.7758684364206738
6.1700352268721215
9.6046769156678327
3.1059048325734406
3.2570909680165432
6.1527582903525992
6.5919910729086117
3.7705653950086089
5.847130406135201
2.9995893748072007
3.2882814565876535
12.837352514150712
10.299415370619013
10.377965319068604
13.409399928697251
11.705055287932446
10.282864644739941
12.620659407159946
5.6068930471134708
5.6437584642499345
5.8784496667523687
8.3172109052400298
5.682015367457125
6.0544260598610684
5.5411890876193759
6.8166943393190618
4.0100459217282198
3.5044254008540325
6.3836122074283148
12.891837029654029
6.4592357670851905
13.05749476619385
6.4946215931827185
6.3823869297227978
6.4592357670851905
6.3895887968616343
8.0469811863994618
10.732819260206238
3.9151538527718452
4.047706353395399
10.01153462101794
11.903091372029742
5.9574858831813513
3.2324167400979236
5.847130406135201
3.3151807046454396
5.1016045189459689
5.1446647769127756
5.9182904074342657
7.204930146550395
5.3827225221393009
2.5614788212604371
3.4667022004989887
13.384544659380953
5.256365474893121
8.9661612848534205
5.5120435517528099
8.3617394706806163
6.1532006867524291
6.8903632943162325
11.921999067879968
5.682015367457125
12.629784514000132
9.0956402396165732
5.7877834486531796
5.8586926833612782
8.466392943418354
12.568750591642749
12.629784514000132
7.5470290512740146
7.6248206649446262
7.5470284181157261
7.3442919478617066
6.6575152626805032
5.2933170807108683
8.0633884202922275
8.6532264490897983
11.705055287932446
4.9761507862704368
4.9640724439192647
8.6606189751146427
5.1657205991755557
11.876972054363407
6.0544260598610684
9.0956402396165732
12.970571672375694
7.1050658495473211
8.6244926433816964
6.9741783895702438
8.4198612746356929
8.2730584317592601
4.3727831057898632
3.2914308821717966
5.4862213282440271
3.934854787233268
7.2365630555123861
10.01153462101794
6.470794036373718
6.448900045415269
2.3365660066029608
3.3612485694804262
2.7004820659831719
3.3076065909151073
7.0057730810752803
3.2914308821717966
2.355699921997592
2.7995193891493919
2.5855041251527857
9.6738711279091856
5.648812618295624
8.0633884202922275
2.4364495011407996
2.5743843730835607
3.4667022004989887
2.1450230002509119
2.3589256116618604
3.2414802942549286
13.346726430653087
9.2647679704847796
5.4307241492223532
6.1801448332247997
5.256365474893121
8.3617394706806163
3.3612485694804262
2.355699921997592
2.1450230002509119
2.5056778729827145
3.2835197776977005
3.2694567843005977
2.5593415290701476
7.3460544625723099
2.7543385177038839
7.5970715196681562
6.9418043555300759
11.854136925320297
10.282864644739941
9.9643477037918835
6.1716041724597419
9.2891723723820547
13.384544659380953
8.9661612848534205
2.5056778729827145
6.448902664653521
6.448900045415269
6.4485939432525852
6.4486918054183926
7.2958002711600161
7.1814704630079875
3.2835197776977005
2.3589256116618604
3.2694567843005977
4.9636682976909956
4.4061679606883351
5.4916638849775525
6.1563276011331496
6.562898017100645
5.3432358338109855
7.9345220415442519
9.518249784108491
6.1444520214156322
6.8547750847825393
6.7758684364206738
7.9345220415442519
13.04056300856441
6.9632978460181629
7.0945150696505905
3.6233327991488116
11.270312725896211
4.0536357349899186
7.741053366678357
6.7526495106392774
6.9741783895702438
6.315910728996105
6.3895887968616343
10.792384087839709
2.1236291448093159
10.550653385032408
2.7677534777660138
9.7776588532841675
3.5609692329406792
5.525251624735696
3.59515521312278
2.7120468082826812
2.910660816969489
5.5629492921084376
3.5044254008540325
2.5855041251527857
2.6535267193598626
6.9354022530030992
5.5411890876193759
5.7877834486531796
7.0956711984042578
5.1407498672959528
6.3070314463137844
7.204930146550395
6.5663527643865729
5.2799245809641109
4.6902278049491022
4.1656310237147585
6.9631248153059113
7.7577970406290913
11.257372751122594
5.4708616107859749
3.3337788650061428
3.4380315211144548
5.8851178663435366
6.9150454890871886
8.0469811863994618
6.6222494730330137
3.3355839950846766
2.5593415290701476
4.1647193841175056
4.5982321258099628
6.6222494730330137
6.2515944344002925
9.3193257701351886
9.4302473234454904
9.518249784108491
13.04056300856441
7.3460544625723099
13.444859024267069
5.6440808371650872
6.0683075434625868
5.1657205991755557
9.6738711279091856
6.0260726602888059
9.7222013263360214
12.261118830274315
7.5470284181157261
10.186828262171817
8.2730584317592601
7.705390213381583
7.4811225781480193
8.2730584317592601
7.8373341429574745
8.6532264490897983
5.9705554459916232
6.0260726602888059
3.0789960404835952
2.5575518844379665
3.2882814565876535
2.6535267193598626
3.1039111366662797
10.711727011535634
6.7896253164645239
10.236028154244911
5.4708616107859749
8.1899501144148417
5.6829543627906451
6.8166943393190618
5.1446647769127756
4.7056593822526001
7.7778438626134072
5.892716875811792
11.179359335090442
11.102536901322114
6.9418043555300759
4.7814924165416368
6.1351997329546384
3.3337788650061428
8.1899501144148417
3.5570151191823975
8.466392943418354
4.7056593822526001
6.4485939432525852
3.2414802942549286
11.633001273769528
11.106210891427633
12.620659407159946
3.5768846955576032
4.7814924165416368
5.0939227964996556
3.6247751348254993
3.4380315211144548
6.5498722420693731
6.3345966920047321
4.6881506145117973
6.3726481890022315
7.5949084305407464
6.5663527643865729
8.2538776117617072
12.617900342092247
11.876972054363407
9.7222013263360214
3.680861576277962
12.837352514150712
9.6850352164505029
9.7308363563774147
13.421045701852918
6.3712322638913221
6.4486918054183926
8.0574883563523994
7.8373341429574745
10.873739157624858
5.2475315628675814
4.6954527379097577
6.8306428259571668
5.1873025247895264
7.4657204112160693
3.6706548114193844
3.3151807046454396
11.270312725896211
3.1039111366662797
6.6616653827647285
7.4439189033150761
6.714672071371969
2.7543385177038839
4.1647193841175056
7.5470886440671414
7.2958002711600161
7.2594544172410034
3.040693506293159
6.1532006867524291
5.8445031450021983
5.7917016309841207
5.7512630893368417
6.5919910729086117
6.3345966920047321
7.1814704630079875
7.2594544172410034
12.578619163757766
9.2735725251671788
10.122349229658216
9.9643477037918835
7.8389057053903777
7.1979010274022936
10.873739157624858
12.387442903592605
12.261118830274315
13.464216757695613
13.05749476619385
6.972507026086646
6.4946215931827185
7.3238794972648238
6.050195964445666
5.6449950013325827
9.2778600912011324
1.6004059019688504
3.0464405513173283
2.9588126908620422
4.986502803333237
5.6536208746191035
5.517944169469791
5.486242879376892
5.6359811606782824
5.7432837123881146
7.3425134317977641
2.5438050152916971
5.28978464480684
6.7585750605609523
7.3561258306287387
2.9559470094100417
5.4568759765406147
2.2414459413306593
7.1973184492381721
13.258568311801181
9.9275016963121914
12.686650640734857
4.4018473793774167
4.5173139871223995
2.0776548945619617
1.8523304180379374
1.8143478009378176
3.0849810196826413
7.3333839498309885
2.5115123031483568
10.854900904387806
3.5202487480963041
5.0711882412576035
2.5697078540862321
6.8424053633598279
7.2361330804411343
3.369853242673662
2.2623614009056903
3.5202487480963041
3.5202487480963041
2.5054647063861615
7.4095145373154168
2.2661024759990323
10.248461878958379
2.0702261220071043
5.2653982348874875
1.8026857613736915
4.2269247158395578
3.5202487480963041
2.8680116335145009
6.8351552753058131
6.8717355834065073
7.0813275288014097
10.203272172702539
6.9496506415692396
6.9323737050497174
7.250409451070837
7.2285180793506401
6.9240674361127512
7.7429132607152811
7.7427402300030304
10.464650631147622
7.1508476785884403
6.5512376851782932
6.2532608688756079
6.386508461810589
6.4625697774877633
7.3294876567664913
6.6241185596993173
3.5250009609194937
3.1473816472985212
11.035820387497676
11.491342426232752
10.32061921267799
8.6185211200874967
12.686650640734857
1.4876301073079172
2.8233494831075192
1.5879172054353541
3.1964175410801698
1.5742546838050278
6.9247767229414547
1.5583918548168227
8.5574592773105262
13.785811633224187
7.2854323899945994
7.3238794972648238
10.901964644355333
6.050195964445666
2.9077228728497713
11.035820387497676
11.079030785316132
6.8351552753058131
7.8741304843477096
6.5713170456812398
4.365912882445949
11.188603626228327
3.8589256834698951
10.938488635378153
3.8855202472705588
4.5501808097057275
3.7792047895043193
4.0120321547950422
6.2658367429411461
4.4029482138459297
11.571999502536828
10.557274267981287
3.8586114551807138
12.412616688466645
9.0334930264588245
4.4604769909750805
4.450270226116503
4.4018473793774167
2.7594604725427101
6.2796390199072443
10.044383385181899
5.6449950013325827
2.9916891922435149
4.2351315678327364
11.805026658996725
11.157580733765723
8.4046620983879237
8.3266444659711336
8.3267040587642605
6.5512376851782932
6.5308785040339608
9.2778600912011324
11.01564356894203
3.3209369371871706
6.9974942651838337
4.365912882445949
4.1573353788801555
5.4209394046967727
6.8690010853167678
6.222843847833218
12.300483998247042
5.755766200967555
4.7144702019303866
4.3405846476377974
6.7501708606887414
8.4046620983879237
8.4044360796417443
8.3766869343652743
2.12944232615027
2.5393083589921788
11.188603626228327
4.1573353788801555
4.0367063827136613
8.453981571272422
12.036988165819713
11.958974749787561
3.8589256834698951
6.3048670394328141
9.0526738464563774
1.6004059019688504
1.4876301073079172
5.2914468903363607
2.45937121020622
4.6170785684286901
1.8477562957265412
1.6863100610229431
8.3745238452378654
2.6471942108255218
3.0464405513173283
8.453981571272422
7.937077800710953
6.8665385569182433
2.8574459246862074
2.0453930454660672
2.4799390595127249
3.4800961276095923
6.8717355834065073
10.384292330364952
13.750187087072813
7.5322649253363956
4.5173139871223995
8.4850056280787012
11.805026658996725
11.882152316019232
2.8233494831075192
2.4799390595127249
2.3495209805903472
2.3462631824447278
9.1994766893328102
5.2137630475245951
2.2601182675244305
8.2607379928451383
5.2333051936497883
5.9992995321120759
8.8371037710495184
7.937077800710953
8.0899051173461149
4.374770627819899
3.3371672991350851
3.1543250369331264
4.0540149523318281
7.450850943454034
7.8846812642444402
6.2796390199072443
3.0195934745774942
8.1749726471421109
4.6125000476692222
2.6561855986372742
4.7896613364253389
6.264248871617351
2.9221660049557334
3.0505391424157855
3.5791348038465105
3.0140095029847846
6.9358363851511795
2.6405545020424595
3.4916622229797998
3.7714081800593475
6.2532608688756079
6.4233738789470527
7.0813275288014097
12.633752340017416
10.203272172702539
10.32061921267799
10.510451771074534
2.0776548945619617
3.5250009609194937
1.8523304180379374
1.5879172054353541
4.2459242964379929
2.2931445776239316
6.6580650814494868
7.6699787090133515
7.7150176677002174
10.938488635378153
5.4209394046967727
11.88582630612475
2.9588126908620422
5.4750681526068767
6.8690010853167678
5.7436878586163829
1.8143478009378176
1.6467655053490859
3.1090506842802159
2.2767226403244987
3.6642072449832686
3.1964175410801698
2.3495209805903472
3.2728792393073656
3.2072343772448675
6.0663353056546283
3.273444437691913
3.2436804297430113
3.0849810196826413
2.7593905976447819
4.2577542809212199
3.690276231666608
7.450850943454034
7.163227622125433
9.4041080580788154
3.0195934745774942
11.330268799729525
6.222843847833218
6.4220672528380991
13.671452444351148
7.1620023444199159
12.682706786726859
6.2712792996746707
7.095526143693224
10.209862738142609
6.4236962518622063
7.7521224407837641
7.3333839498309885
8.1749726471421109
4.2577542809212199
4.6889640293976544
6.3425647068055566
6.8665385569182433
6.4220672528380991
6.9359430158302686
6.8479229581597059
13.397515756789364
4.986502803333237
7.6102582406542849
9.0968263199371489
12.701614482577087
13.348366006339868
4.6125000476692222
4.6889640293976544
13.167058318289723
12.300483998247042
9.4402343898117618
5.6536208746191035
8.0899051173461149
10.098941184832306
2.6561855986372742
2.4184302793807491
3.0100119282016315
2.3635487501972543
3.5473688924631324
7.6343904994796574
7.5554838511177929
6.9496506415692396
10.384292330364952
3.8855202472705588
4.0367063827136613
6.9323737050497174
7.3716064876057308
4.5501808097057275
6.62674582083232
3.7792047895043193
4.0678968712847716
13.616967928847831
11.079030785316132
11.157580733765723
12.484670702629563
11.06248005943706
13.400274821857066
6.386508461810589
6.4233738789470527
6.6580650814494868
9.0968263199371489
6.4616307821542431
6.8340414745581874
6.3208045023164949
7.5963097540161799
4.7896613364253389
4.2840408155511511
2.5115123031483568
3.8201303279226924
7.163227622125433
13.671452444351148
7.2388511817823087
7.2742370078798375
7.1620023444199159
7.2388511817823087
7.1692042115587533
3.2728792393073656
3.3421076977932622
10.854900904387806
2.12944232615027
1.6467655053490859
10.791150035715059
12.682706786726859
5.2914468903363607
4.0120321547950422
6.62674582083232
4.0947961193425577
3.5250009609194937
2.3462631824447278
2.4319831232868547
1.5742546838050278
1.8735645295906465
5.517944169469791
2.4184302793807491
2.4127025742414943
3.3526150823495859
3.1090506842802159
3.5202487480963041
2.2765304055097384
8.8959773986912634
6.264248871617351
9.1413548853777336
6.9328161014495473
7.6699787090133515
12.701614482577087
6.4616307821542431
13.409399928697251
9.8752556543136922
6.5673988633502978
5.0711882412576035
9.2460083581154713
13.348366006339868
13.409399928697251
8.3266444659711336
8.4044360796417443
8.3266438328128451
6.9247767229414547
3.2072343772448675
5.486242879376892
8.8430038349893465
9.4328418637869156
12.484670702629563
5.755766200967555
5.7436878586163829
9.4402343898117618
5.9453360138726739
12.656587469060524
6.8340414745581874
9.8752556543136922
13.750187087072813
7.8846812642444402
9.4041080580788154
7.7537938042673629
9.1994766893328102
9.0526738464563774
2.5697078540862321
2.0527127952640782
4.0540149523318281
2.704380172214885
6.2658367429411461
4.7144702019303866
6.8424053633598279
10.791150035715059
7.250409451070837
7.228515460112388
2.9221660049557334
4.1408639841775443
3.0505391424157855
3.0100119282016315
7.2361330804411343
2.8574459246862074
2.0527127952640782
1.7162744192289985
2.7934841533606978
3.5791348038465105
3.3651195398499043
10.453486542606303
5.6359811606782824
8.8430038349893465
3.1543250369331264
3.0140095029847846
2.3635487501972543
2.4127025742414943
1.9981928585592432
2.0616658546531794
3.4450365541041514
10.044383385181899
2.9916891922435149
2.0453930454660672
4.0540149523318281
6.9358363851511795
2.2765304055097384
9.1413548853777336
2.704380172214885
4.1408639841775443
1.7162744192289985
1.9981928585592432
1.959473444754793
1.9991078189606599
2.2205685811251237
1.9561252503713327
7.7904384965793652
1.8094091990947152
8.3766869343652743
7.7214197702271941
12.633752340017416
11.06248005943706
10.743963118489003
3.369853242673662
4.2351315678327364
8.8959773986912634
1.959473444754793
7.2285180793506401
7.228515460112388
7.2282093579497033
7.2283072201155107
8.0754156858571342
7.9610858777051057
1.9991078189606599
3.3899187468900598
2.0616658546531794
2.2205685811251237
5.7432837123881146
2.45937121020622
6.2712792996746707
6.9359430158302686
2.2623614009056903
4.2459242964379929
7.3425134317977641
4.6170785684286901
3.5202487480963041
8.7141374562413709
10.297865198805608
6.9240674361127512
7.6343904994796574
7.5554838511177929
8.7141374562413709
7.7429132607152811
7.8741304843477096
3.5202487480963041
3.3526150823495859
4.4029482138459297
12.04992814059333
2.5438050152916971
2.5054647063861615
3.5955006300045818
7.5322649253363956
7.7537938042673629
7.095526143693224
7.1692042115587533
11.571999502536828
2.6405545020424595
11.330268799729525
3.5473688924631324
10.557274267981287
4.3405846476377974
6.3048670394328141
4.374770627819899
3.4916622229797998
3.690276231666608
6.3425647068055566
4.2840408155511511
3.3651195398499043
3.4331421340569808
7.7150176677002174
6.3208045023164949
6.5673988633502978
6.0663353056546283
1.5583918548168227
1.8477562957265412
1.8735645295906465
5.5904963324540224
5.28978464480684
2.9077228728497713
1.6863100610229431
7.7427402300030304
2.2767226403244987
7.4095145373154168
12.036988165819713
5.7409226487978202
2.5609937830480498
2.6430261916581022
5.2137630475245951
3.273444437691913
3.3421076977932622
2.7137975059128352
2.2661024759990323
2.7594604725427101
2.7593905976447819
1.9561252503713327
3.3899187468900598
2.35041158950192
2.7671150523049559
2.2601182675244305
2.7137975059128352
6.7585750605609523
10.098941184832306
10.209862738142609
10.297865198805608
7.7904384965793652
6.4236962518622063
6.8479229581597059
5.9453360138726739
10.453486542606303
6.805688074985925
10.501816741033139
13.040734244971432
8.3266438328128451
10.248461878958379
9.0526738464563774
8.4850056280787012
8.2607379928451383
9.0526738464563774
8.6169495576545927
9.4328418637869156
6.7501708606887414
6.805688074985925
3.8586114551807138
3.3371672991350851
4.0678968712847716
3.4331421340569808
3.8835265513633979
11.491342426232752
7.3561258306287387
11.01564356894203
5.7409226487978202
8.9695655291119607
2.0702261220071043
2.2931445776239316
6.4625697774877633
7.5963097540161799
3.1473816472985212
2.4319831232868547
2.1632359795558886
8.5574592773105262
5.2333051936497883
11.958974749787561
11.882152316019232
7.7214197702271941
5.561107831238755
5.2653982348874875
2.5609937830480498
8.9695655291119607
1.8026857613736915
3.8201303279226924
9.2460083581154713
2.1632359795558886
7.2282093579497033
3.4450365541041514
12.412616688466645
11.88582630612475
13.400274821857066
2.9559470094100417
5.561107831238755
4.2269247158395578
2.5393083589921788
3.5955006300045818
2.6430261916581022
7.3294876567664913
7.1142121067018511
3.4800961276095923
5.9992995321120759
8.3745238452378654
5.5904963324540224
9.0334930264588245
4.0540149523318281
2.7934841533606978
13.397515756789364
12.656587469060524
10.501816741033139
4.4604769909750805
13.616967928847831
10.464650631147622
10.510451771074534
13.785811633224187
7.1508476785884403
7.2283072201155107
8.8371037710495184
8.6169495576545927
11.653354572321975
5.4568759765406147
5.4750681526068767
7.6102582406542849
2.2414459413306593
3.3209369371871706
4.450270226116503
4.0947961193425577
12.04992814059333
3.8835265513633979
7.1973184492381721
7.2854323899945994
3.2436804297430113
1.8094091990947152
2.35041158950192
8.3267040587642605
8.0754156858571342
8.0390698319381215
3.7714081800593475
6.9328161014495473
6.6241185596993173
6.5713170456812398
6.5308785040339608
7.3716064876057308
7.1142121067018511
7.9610858777051057
8.0390698319381215
13.258568311801181
9.9275016963121914
10.901964644355333
10.743963118489003
2.6471942108255218
8.6185211200874967
6.9974942651838337
11.653354572321975
3.5202487480963041
3.6642072449832686
13.167058318289723
13.040734244971432
2.7671150523049559
2.8680116335145009
3.5250009609194937
7.7521224407837641
7.2742370078798375
7.3822915745692059
3.1302658272311459
5.0935783829507839
9.5310711858319195
3.5416589963178735
1.8603164111922068
1.2358572569508863
1.4905001008670249
2.4989963866543032
1.3357686384720684
4.3643790616953746
1.6335902216027407
3.3198637321061071
1.4931249415291989
5.0369296131855288
5.0345223739366087
3.5724873050616477
3.4529871054958443
2.5034091104957792
1.411787494078131
5.1227840719236006
6.7007069271413009
1.7407962064940827
7.415480060402599
2.2034075721560615
1.3351129299075948
1.8603164111922068
1.7229285162061538
1.2043370093732528
7.1931972268763547
13.6183341665581
3.3188759717870098
1.9716275884973986
3.3198637321061071
13.466266055431975
5.1814627940745348
5.2969294018195185
2.8572703092590799
2.631945832735056
2.5939632156349361
3.8645964343797594
8.1129993645281075
3.2911277178454759
11.634516319084923
4.2998641627934227
5.8508036559547225
3.3493232687833507
7.622020778056946
8.0157484951382543
4.1494686573707806
3.0419768156028089
4.2998641627934227
4.2998641627934227
3.2850801210832796
8.1891299520125358
3.0457178906961508
11.028077293655496
2.8498415367042225
6.0450136495846065
2.5823011760708101
5.0065401305366768
4.2998641627934227
3.6476270482116195
6.2587710775264949
6.8753508317578342
7.0709276440571864
3.8499010700031246
7.5007389268910769
6.5678524791450688
7.1709173719247836
3.2616543854066622
6.5781156856646241
7.2640672549439245
7.2640208426764454
11.244266045844741
6.8218760033429184
7.3308530998754122
7.032876283572727
7.1661238765077071
7.2421851921848814
8.1091030714636112
7.4037339743964354
4.3046163756166127
3.9269970619956394
3.8291650821323699
11.815435802194795
12.270957840929871
3.357087680451996
3.4360207850493718
13.466266055431975
3.8291650821323699
3.8291650821323699
1.8077969622493413
3.8291650821323699
3.6029648978046374
3.8291650821323699
2.3675326201324727
3.2873932024891372
3.1742426487898596
1.8616324208195729
3.8268401915634818
3.8291650821323699
9.7831398819192401
1.8519065990654051
3.8291650821323699
3.8291650821323699
9.3370746920076453
3.2440907265161307
7.3822915745692059
11.681580059052452
3.1302658272311459
2.4393716107715315
11.815435802194795
11.858646200013251
6.2587710775264949
8.6537458990448286
7.3509324603783579
5.145528297143068
11.968219040925446
4.6385410981670141
11.718104050075272
4.6651356619676774
5.3297962244028456
4.5588202042014379
4.7916475694921603
7.0454521576382643
5.1825636285430488
12.351614917233945
11.336889682678404
4.6382268698778324
13.192232103163764
9.8131084411559435
5.2400924056721987
5.2298856408136212
5.1814627940745348
3.5390758872398287
7.0592544346043633
10.823998799879016
5.0935783829507839
3.7713046069406335
5.0147469825298545
12.584642073693843
11.937196148462842
2.7763219920242306
6.890621935815969
3.2839717262255181
2.2735222993852386
7.3308530998754122
7.3104939187310798
9.5310711858319195
11.795258983639147
2.5784079692976212
4.0276420764181866
3.8291650821323699
3.5416589963178735
2.1945650616720522
3.6642072449832686
5.145528297143068
4.9369507935772745
6.2005548193938909
7.6486165000138868
7.002459262530337
13.080099412944159
6.535381615664674
5.4940856166275047
5.1202000623349164
7.5297862753858604
2.7763219920242306
3.455028479881129
2.7761240669209171
2.083824037076853
2.9090577408473881
3.3189237736892974
11.968219040925446
4.9369507935772745
4.8163217974107795
1.8603164111922068
3.6029625023892056
9.233596985969541
12.81660358051683
12.73859016448468
4.6385410981670141
7.0844824541299332
9.8322892611534964
1.2358572569508863
1.8077969622493413
2.1945650616720522
4.0540149523318281
2.1945650616720522
5.2331895354513911
1.7477686074608452
2.8790444540667419
1.8780178232466194
1.4325329060766676
1.2718497047402111
9.1541392599349827
3.0638148047434841
1.4693257940577424
3.8291650821323699
1.4905001008670249
9.233596985969541
7.9024540284273712
2.4989963866543032
2.6332796892539156
7.6461539716153615
3.6370613393833264
2.8250084601631857
3.2595544742098435
4.2597115423067109
6.8753508317578342
11.163907745062071
8.3118803400335146
5.2969294018195185
9.2646210427758202
12.584642073693843
12.661767730716351
3.6029648978046374
3.2595544742098435
3.1291363952874658
3.1258785971418463
9.9790921040299292
5.9933784622217132
3.0397336822215495
9.0403534075422574
6.0129206083469073
6.778914946809194
9.6167191857466374
7.9024540284273712
3.2671708545065057
5.1543860425170172
4.1167827138322037
3.933940451630245
4.8336303670289462
8.230466358151153
8.6642966789415592
7.0592544346043633
3.7992088892746128
8.95458806183923
5.3921154623663412
3.4358010133343928
5.569276751122457
7.0438642863144691
3.701781419652852
3.8301545571129041
4.3587502185436291
3.7936249176819032
7.7154517998482985
3.420169916739578
4.2712776376769188
4.5510235947564661
7.032876283572727
7.2029892936441717
7.0709276440571864
13.413367754714535
3.8499010700031246
3.357087680451996
8.921947712404215
3.8291650821323699
3.9760534108621162
2.8572703092590799
4.3046163756166127
2.631945832735056
2.3675326201324727
5.0255397111351119
3.0727599923210502
7.4376804961466059
8.4495941237104706
8.4946330823973355
11.718104050075272
6.2005548193938909
12.665441720821869
1.3357686384720684
3.6029625023892056
2.218295008043643
7.6486165000138868
6.5233032733135019
2.5939632156349361
2.4263809200462045
3.8886660989773345
3.0563380550216173
4.4438226596803876
3.2873932024891372
3.1291363952874658
4.0524946540044837
3.2928114282775325
3.9306289072104454
4.0530598523890315
3.3108521963408837
3.8645964343797594
3.5390060123419005
5.0373696956183389
4.4698916463637266
8.230466358151153
7.9428430368225511
10.183723472775934
3.7992088892746128
12.109884214426645
7.002459262530337
7.2016826675352172
7.941617759117034
13.462322201423978
7.0508947143717897
7.8751415583903421
10.989478152839727
7.2033116665593244
8.5317378554808823
8.1129993645281075
3.1742426487898596
4.0540149523318281
8.95458806183923
5.0373696956183389
5.4685794440947735
7.1221801215026748
7.6461539716153615
7.2016826675352172
7.7155584305273868
7.6275383728568249
4.3643790616953746
8.3898736553514031
9.8764417346342679
13.481229897274206
5.3921154623663412
5.4685794440947735
13.080099412944159
10.219849804508881
1.6335902216027407
3.2671708545065057
10.878556599529425
3.4358010133343928
3.1980456940778677
3.7896273428987501
3.1431641648943729
4.3269843071602514
2.1945650616720522
8.4140059141767765
8.335099265814911
7.5007389268910769
11.163907745062071
4.6651356619676774
4.8163217974107795
6.5678524791450688
8.1512219023028489
5.3297962244028456
7.4063612355294381
4.5588202042014379
4.8475122859818907
11.858646200013251
11.937196148462842
13.264286117326682
11.842095474134178
3.3198637321061071
7.1661238765077071
7.2029892936441717
7.4376804961466059
9.8764417346342679
7.2412461968513622
7.6136568892553056
7.1004199170136131
8.3759251687132981
5.569276751122457
5.0636562302482702
3.2911277178454759
4.5997457426198114
7.9428430368225511
8.0184665964794277
8.0538524225769557
7.941617759117034
8.0184665964794277
7.9488196262558724
4.0524946540044837
4.1217231124903808
11.634516319084923
2.9090577408473881
2.4263809200462045
11.570765450412178
13.462322201423978
5.2331895354513911
4.7916475694921603
7.4063612355294381
4.8744115340396768
4.3046163756166127
3.1258785971418463
3.2115985379839733
1.8616324208195729
3.9760534108621162
3.9760534108621162
1.7164235462800324
2.294542068861404
2.2662177358047604
2.3155887850417525
1.4931249415291989
3.1980456940778677
3.1923179889386124
4.1322304970467041
3.8886660989773345
4.2998641627934227
3.056145820206857
9.6755928133883824
7.0438642863144691
9.9209703000748526
7.7124315161466663
8.4495941237104706
13.481229897274206
7.2412461968513622
10.654871069010809
7.3470142780474159
5.8508036559547225
10.02562377281259
3.455028479881129
6.890621935815969
2.7761240669209171
3.3425864092128093
3.8268401915634818
3.2928114282775325
5.0369296131855288
9.6226192496864638
10.212457278484035
13.264286117326682
6.535381615664674
6.5233032733135019
10.219849804508881
6.7249514285697929
13.436202883757643
7.6136568892553056
10.654871069010809
8.6642966789415592
10.183723472775934
8.533409218964481
9.9790921040299292
9.8322892611534964
3.3493232687833507
2.8323282099611968
4.8336303670289462
3.4839955869120036
7.0454521576382643
5.4940856166275047
7.622020778056946
11.570765450412178
7.1709173719247836
3.2951115209603294
3.701781419652852
4.9204793988746633
3.8301545571129041
3.7896273428987501
8.0157484951382543
3.6370613393833264
2.8323282099611968
2.4958898339261171
3.5730995680578168
3.8291650821323699
3.9760534108621162
4.3587502185436291
4.1447349545470233
11.233101957303422
5.0345223739366087
9.6226192496864638
3.933940451630245
3.7936249176819032
3.1431641648943729
3.1923179889386124
2.7778082732563618
2.841281269350298
4.22465196880127
10.823998799879016
3.7713046069406335
2.8250084601631857
4.8336303670289462
7.7154517998482985
3.056145820206857
9.9209703000748526
3.4839955869120036
4.9204793988746633
2.4958898339261171
2.7778082732563618
2.7390888594519121
2.7787232336577787
3.0001839958222418
2.7357406650684513
8.5700539112764851
2.5890246137918336
2.083824037076853
1.8996420484689993
13.413367754714535
11.842095474134178
10.427431682847919
4.1494686573707806
5.0147469825298545
9.6755928133883824
2.7390888594519121
3.2616543854066622
3.2951115209603294
5.9078332392367878
3.2873257166265848
3.3467871336447121
5.9059243566714867
2.7787232336577787
4.1695341615871779
2.841281269350298
3.0001839958222418
3.5724873050616477
1.7477686074608452
7.0508947143717897
7.7155584305273868
3.0419768156028089
5.0255397111351119
3.4529871054958443
2.8790444540667419
4.2998641627934227
9.49375287093849
11.077480613502727
6.5781156856646241
8.4140059141767765
8.335099265814911
9.49375287093849
2.5034091104957792
1.8780178232466194
7.2640672549439245
8.6537458990448286
4.2998641627934227
4.1322304970467041
5.1825636285430488
12.829543555290449
1.411787494078131
3.2850801210832796
4.3751160447017003
8.3118803400335146
8.533409218964481
7.8751415583903421
7.9488196262558724
12.351614917233945
3.420169916739578
12.109884214426645
4.3269843071602514
11.336889682678404
5.1202000623349164
7.0844824541299332
5.1543860425170172
4.2712776376769188
4.4698916463637266
7.1221801215026748
5.0636562302482702
4.1447349545470233
4.2127575487540989
8.4946330823973355
7.1004199170136131
7.3470142780474159
9.7831398819192401
3.9306289072104454
1.8519065990654051
1.4325329060766676
1.7164235462800324
3.437351100863685
5.5509949096424229
2.933604703521739
4.4798089208471286
5.1227840719236006
2.4393716107715315
1.2718497047402111
7.2640208426764454
3.0563380550216173
8.1891299520125358
12.81660358051683
3.8291650821323699
6.5205380634949393
3.3406091977451684
3.4226416063552207
5.9933784622217132
4.0530598523890315
4.1217231124903808
3.4934129206099538
3.0457178906961508
3.5390758872398287
3.5390060123419005
2.7357406650684513
4.1695341615871779
3.1300270041990386
3.5467304670020745
3.0397336822215495
3.4934129206099538
6.7007069271413009
10.878556599529425
10.989478152839727
11.077480613502727
8.5700539112764851
7.2033116665593244
7.6275383728568249
6.7249514285697929
11.233101957303422
7.5853034896830431
11.281432155730258
3.2839717262255181
3.3425864092128093
1.7407962064940827
11.028077293655496
9.8322892611534964
9.2646210427758202
9.0403534075422574
9.8322892611534964
9.3965649723517117
3.8291650821323699
10.212457278484035
7.5297862753858604
7.5853034896830431
4.6382268698778324
4.1167827138322037
4.8475122859818907
4.2127575487540989
4.6631419660605165
12.270957840929871
7.415480060402599
11.795258983639147
6.5205380634949393
9.7491809438090797
2.8498415367042225
3.0727599923210502
7.2421851921848814
8.3759251687132981
3.9269970619956394
3.2115985379839733
2.9428513942530072
9.3370746920076453
6.0129206083469073
2.294542068861404
3.437351100863685
12.73859016448468
12.661767730716351
1.8996420484689993
1.9624329984997793
3.5710982299703047
6.0450136495846065
3.3406091977451684
9.7491809438090797
2.5823011760708101
4.5997457426198114
10.02562377281259
2.9428513942530072
5.9078332392367878
4.22465196880127
13.192232103163764
12.665441720821869
2.2034075721560615
3.6642072449832686
1.3351129299075948
1.9624329984997793
3.6642072449832686
3.8201303279226924
5.0065401305366768
3.3189237736892974
4.3751160447017003
3.4226416063552207
8.1091030714636112
7.8938275213989693
4.2597115423067109
6.778914946809194
9.1541392599349827
5.5509949096424229
9.8131084411559435
4.8336303670289462
3.5730995680578168
3.6642072449832686
3.0638148047434841
13.436202883757643
11.281432155730258
5.2400924056721987
11.244266045844741
8.921947712404215
1.8603164111922068
3.8201303279226924
2.933604703521739
6.8218760033429184
3.2873257166265848
9.6167191857466374
9.3965649723517117
12.147584779770131
1.7229285162061538
2.218295008043643
8.3898736553514031
1.2043370093732528
2.5784079692976212
5.2298856408136212
4.8744115340396768
12.829543555290449
4.6631419660605165
7.1931972268763547
3.2440907265161307
3.3108521963408837
2.5890246137918336
3.1300270041990386
2.2735222993852386
3.3467871336447121
3.3263222964579588
4.5510235947564661
7.7124315161466663
7.4037339743964354
7.3509324603783579
7.3104939187310798
8.1512219023028489
7.8938275213989693
5.9059243566714867
3.3263222964579588
13.6183341665581
3.3188759717870098
11.681580059052452
10.427431682847919
1.9716275884973986
1.4693257940577424
2.6332796892539156
3.4360207850493718
4.0276420764181866
12.147584779770131
4.2998641627934227
4.4438226596803876
3.3198637321061071
2.2662177358047604
4.4798089208471286
3.5467304670020745
3.6476270482116195
4.3046163756166127
2.3155887850417525
8.5317378554808823
8.0538524225769557
3.5710982299703047
8.1619069892663241
3.9098812419282645
5.8731937976479029
10.310686600529037
4.3212744110149925
2.6399318258893252
2.0154726716480051
2.2701155155641435
3.2786118013514218
2.115384053169187
5.1439944763924927
2.4132056362998591
4.0994791468032252
2.2727403562263175
5.8165450278826469
5.8141377886337278
4.3521027197587667
4.2326025201929633
3.2830245251928978
2.1914029087752498
5.9023994866207188
7.4803223418384199
2.5204116211912013
8.195095475099718
2.9830229868531806
2.1147283446047136
2.6399318258893252
2.502543930903272
1.9839524240703712
7.9728126415734737
4.0984913864841284
2.7512430031945176
4.0994791468032252
5.9610782087716538
6.0765448165166367
3.6368857239561985
3.4115612474321746
3.3735786303320543
4.6442118490768785
8.8926147792252266
4.070743132542594
12.414131733782042
5.0794795774905408
6.6304190706518407
4.1289386834804693
8.401636192754065
8.7953639098353715
4.9290840720678988
3.8215922302999275
5.0794795774905408
5.0794795774905408
4.0646955357803982
8.9687453667096548
3.8253333053932694
11.807692708352615
3.6294569514013411
6.8246290642817256
3.3619165907679283
5.7861555452337949
5.0794795774905408
4.4272424629087377
2.6380661481980745
6.5633924403911736
6.7511090369018971
4.6295164847002432
7.7212700047503455
2.5209056655726978
7.9505327866219018
2.8721329104106146
6.1116591258423227
6.7558780154747735
2.5184953629245141
12.02388146054186
2.9242026813553084
8.1104685145725295
2.1105437778556793
5.5258547629842045
3.6642072449832686
2.0521511856256778
2.6903120568172008
2.6428945219812463
5.0842317903137308
4.706612476692758
4.608780496829489
12.595051216891912
13.05057325562699
4.1367030951491151
4.2156361997464904
4.608780496829489
4.608780496829489
2.5874123769464599
4.608780496829489
4.3825803125017559
4.608780496829489
3.1471480348295913
4.0670086171862554
3.9538580634869782
2.6412478355166917
4.6064556062606004
4.608780496829489
10.562755296616359
2.6315220137625235
4.608780496829489
4.608780496829489
10.116690106704764
4.0237061412132489
8.1619069892663241
12.461195473749571
3.9098812419282645
3.2189870254686497
12.595051216891912
12.638261614710368
2.6380661481980745
9.4333613137419459
2.7187496281266146
5.9251437118401862
12.747834455622565
5.4181565128641322
12.497719464772391
5.4447510766647964
6.1094116390999647
5.338435618898556
5.5712629841892793
7.8250675723353833
5.9621790432401669
13.131230331931064
12.116505097375523
5.4178422845749505
10.592723855853063
6.0197078203693177
6.0095010555107402
5.9610782087716538
4.3186913019369468
7.8388698493014815
11.603614214576135
5.8731937976479029
4.5509200216377517
5.7943623972269727
13.364257488390962
12.716811563159959
3.5559374067213487
7.6702373505130881
4.0635871409226363
2.7211781960115902
8.1104685145725295
4.861458585873673
10.310686600529037
12.574874398336267
3.3580233839947398
4.8072574911153048
4.608780496829489
4.3212744110149925
2.9741804763691713
4.4438226596803876
5.9251437118401862
5.7165662082743927
6.980170234091009
8.4282319147110059
7.7820746772274552
7.3149970303617922
6.2737010313246238
5.8998154770320346
8.3094016900829786
3.5559374067213487
4.2346438945782472
3.5557394816180357
2.8634394517739716
3.6886731555445071
4.0985391883864155
12.747834455622565
5.7165662082743927
5.5959372121078985
2.6399318258893252
4.3825779170863246
10.013212400666658
13.596218995213949
13.518205579181799
5.4181565128641322
7.8640978688270513
10.611904675850615
2.0154726716480051
2.5874123769464599
2.9741804763691713
4.8336303670289462
2.9741804763691713
6.0128049501485092
2.527384022157964
3.6586598687638605
2.6576332379437377
2.2121483207737862
2.0514651194373297
9.9337546746321017
3.8434302194406027
2.2489412087548613
4.608780496829489
2.2701155155641435
10.013212400666658
8.6820694431244902
3.2786118013514218
3.4128951039510342
8.4257693863124796
4.416676754080445
3.6046238748603039
4.0391698889069625
5.039326957003829
6.5633924403911736
11.943523159759188
9.0914957547306336
6.0765448165166367
10.044236457472939
13.364257488390962
13.44138314541347
4.3825803125017559
4.0391698889069625
3.9087518099845844
3.9054940118389654
10.758707518727048
6.7729938769188323
3.8193490969186676
9.8199688222393746
6.7925360230440264
7.5585303615063122
10.396334600443755
8.6820694431244902
4.0467862692036247
5.9340014572141362
4.8963981285293228
4.713555866327364
5.6132457817260653
9.0100817728482721
9.4439120936386765
7.8388698493014815
4.5788243039717313
9.734203476536349
6.1717308770634594
4.215416428031511
6.3488921658195761
7.8234797010115882
4.4813968343499706
4.6097699718100227
5.1383656332407481
4.5732403323790214
8.4950672145454167
4.1997853314366962
5.050893052374037
5.3306390094535852
2.1105437778556793
3.1985387704622692
6.7511090369018971
4.6295164847002432
4.1367030951491151
9.7015631271013341
4.608780496829489
4.7556688255592352
3.6368857239561985
5.0842317903137308
3.4115612474321746
3.1471480348295913
5.80515512583223
3.8523754070181688
6.2945283838551758
9.2292095384075878
6.8872922132799612
12.497719464772391
6.980170234091009
13.445057135518988
2.115384053169187
4.3825779170863246
2.997910422740762
8.4282319147110059
7.3029186880106201
3.3735786303320543
3.2059963347433231
4.6682815136744527
3.8359534697187354
5.2234380743775057
4.0670086171862554
3.9087518099845844
4.8321100687016019
4.0724268429746511
4.710244321907564
4.8326752670861497
4.0904676110380018
4.6442118490768785
4.3186214270390195
5.8169851103154571
5.2495070610608447
9.0100817728482721
8.7224584515196693
10.963338887473054
4.5788243039717313
12.889499629123764
7.7820746772274552
7.9812980822323354
8.7212331738141522
7.8305101290689079
8.6547569730874603
11.769093567536846
7.9829270812564426
9.3113532701780013
8.8926147792252266
3.9538580634869782
4.8336303670289462
9.734203476536349
5.8169851103154571
6.2481948587918916
7.9017955361997938
8.4257693863124796
7.9812980822323354
8.4951738452245049
8.407153787553943
5.1439944763924927
9.1694890700485221
10.270479443782442
6.1717308770634594
6.2481948587918916
10.999465219205998
2.4132056362998591
4.0467862692036247
11.658172014226544
4.215416428031511
3.9776611087749862
4.5692427575958687
3.9227795795914915
5.1065997218573695
2.9741804763691713
9.1936213288738955
9.11471468051203
7.7212700047503455
11.943523159759188
5.4447510766647964
5.5959372121078985
2.5209056655726978
4.3255130952007832
6.1094116390999647
8.1859766502265572
5.338435618898556
5.6271277006790088
12.638261614710368
12.716811563159959
11.910196079805456
4.0994791468032252
5.5258547629842045
3.1985387704622692
6.2945283838551758
10.270479443782442
2.564481607715507
7.6266806861054883
2.5543025676820794
2.3470541458319381
6.3488921658195761
5.8432716449453883
4.070743132542594
5.3793611573169295
8.7224584515196693
8.7980820111765468
8.8334678372740747
8.7212331738141522
8.7980820111765468
8.7284350409529914
4.8321100687016019
4.9013385271874998
12.414131733782042
3.6886731555445071
3.2059963347433231
12.350380865109297
3.6642072449832686
3.5537483565152423
6.0128049501485092
5.5712629841892793
8.1859766502265572
5.6540269487367958
5.0842317903137308
3.9054940118389654
3.9912139526810915
2.6412478355166917
4.7556688255592352
4.7556688255592352
2.4960389609771512
3.0741574835585226
3.045833150501879
3.0952041997388715
2.2727403562263175
3.9776611087749862
3.9719334036357306
4.9118459117438231
4.6682815136744527
5.0794795774905408
3.8357612349039756
10.455208228085501
7.8234797010115882
10.700585714771972
8.4920469308437845
9.2292095384075878
2.564481607715507
11.434486483707929
2.9267106792273916
6.6304190706518407
10.805239187509709
4.2346438945782472
7.6702373505130881
3.5557394816180357
4.1222018239099274
4.6064556062606004
4.0724268429746511
5.8165450278826469
10.402234664383583
10.992072693181154
7.3149970303617922
7.3029186880106201
10.999465219205998
7.504566843266911
7.6266806861054883
11.434486483707929
9.4439120936386765
10.963338887473054
9.3130246336616
10.758707518727048
10.611904675850615
4.1289386834804693
3.6119436246583154
5.6132457817260653
4.2636110016091227
7.8250675723353833
6.2737010313246238
8.401636192754065
12.350380865109297
7.9505327866219018
3.1201038729289952
4.4813968343499706
5.7000948135717815
4.6097699718100227
4.5692427575958687
8.7953639098353715
4.416676754080445
3.6119436246583154
3.2755052486232357
4.352714982754935
4.608780496829489
4.7556688255592352
5.1383656332407481
4.9243503692441415
12.012717372000541
5.8141377886337278
10.402234664383583
4.713555866327364
4.5732403323790214
3.9227795795914915
3.9719334036357306
3.5574236879534804
3.6208966840474162
5.0042673834983882
11.603614214576135
4.5509200216377517
3.6046238748603039
5.6132457817260653
8.4950672145454167
3.8357612349039756
10.700585714771972
4.2636110016091227
5.7000948135717815
3.2755052486232357
3.5574236879534804
3.5187042741490302
3.5583386483548973
3.7797994105193604
3.5153560797655699
9.3496693259736023
3.3686400284889517
2.8634394517739716
2.6792574631661177
11.910196079805456
4.554281291834239
4.9290840720678988
5.7943623972269727
10.455208228085501
3.5187042741490302
2.8721329104106146
3.1201038729289952
6.3201285672696308
2.9999185871353187
3.0284843490310389
4.2731014512835879
3.5583386483548973
4.949149576284297
3.6208966840474162
3.7797994105193604
4.3521027197587667
2.527384022157964
7.8305101290689079
8.4951738452245049
3.8215922302999275
5.80515512583223
4.2326025201929633
3.6586598687638605
5.0794795774905408
10.273368285635607
11.857096028199846
6.1116591258423227
9.1936213288738955
9.11471468051203
10.273368285635607
3.2830245251928978
2.6576332379437377
6.7558780154747735
9.4333613137419459
5.0794795774905408
4.9118459117438231
5.9621790432401669
13.609158969987568
2.1914029087752498
4.0646955357803982
5.1547314593988194
9.0914957547306336
9.3130246336616
8.6547569730874603
8.7284350409529914
13.131230331931064
4.1997853314366962
12.889499629123764
5.1065997218573695
12.116505097375523
5.8998154770320346
7.8640978688270513
5.9340014572141362
5.050893052374037
5.2495070610608447
7.9017955361997938
5.8432716449453883
4.9243503692441415
4.9923729634512179
6.8872922132799612
2.5543025676820794
2.9267106792273916
10.562755296616359
4.710244321907564
2.6315220137625235
2.2121483207737862
2.4960389609771512
4.216966515560804
6.3306103243395411
3.713220118218858
5.2594243355442467
5.9023994866207188
3.2189870254686497
2.0514651194373297
2.5184953629245141
3.8359534697187354
8.9687453667096548
13.596218995213949
4.608780496829489
7.3001534781920574
4.1202246124422865
4.2022570210523398
6.7729938769188323
4.8326752670861497
4.9013385271874998
4.2730283353070728
3.8253333053932694
4.3186913019369468
4.3186214270390195
3.5153560797655699
4.949149576284297
3.9096424188961572
4.3263458816991927
3.8193490969186676
4.2730283353070728
7.4803223418384199
11.658172014226544
11.769093567536846
11.857096028199846
9.3496693259736023
7.9829270812564426
8.407153787553943
7.504566843266911
12.012717372000541
8.3649189043801613
12.061047570427377
4.0635871409226363
4.1222018239099274
2.5204116211912013
11.807692708352615
10.611904675850615
10.044236457472939
9.8199688222393746
10.611904675850615
10.176180387048831
4.608780496829489
10.992072693181154
8.3094016900829786
8.3649189043801613
5.4178422845749505
4.8963981285293228
5.6271277006790088
4.9923729634512179
5.4427573807576346
13.05057325562699
8.195095475099718
12.574874398336267
7.3001534781920574
10.528796358506197
3.6294569514013411
3.8523754070181688
2.0521511856256778
2.3470541458319381
4.706612476692758
3.9912139526810915
3.7224668089501258
10.116690106704764
6.7925360230440264
3.0741574835585226
4.216966515560804
13.518205579181799
13.44138314541347
2.6792574631661177
2.7420484131968976
4.3507136446674233
6.8246290642817256
4.1202246124422865
10.528796358506197
3.3619165907679283
5.3793611573169295
10.805239187509709
3.7224668089501258
6.3201285672696308
5.0042673834983882
13.445057135518988
2.9830229868531806
4.4438226596803876
2.1147283446047136
2.7420484131968976
4.4438226596803876
4.5997457426198114
5.7861555452337949
4.0985391883864155
5.1547314593988194
4.2022570210523398
2.6903120568172008
2.5607396749548963
5.039326957003829
7.5585303615063122
9.9337546746321017
6.3306103243395411
10.592723855853063
5.6132457817260653
4.352714982754935
4.4438226596803876
3.8434302194406027
12.061047570427377
6.0197078203693177
12.02388146054186
9.7015631271013341
2.6399318258893252
4.5997457426198114
3.713220118218858
2.9242026813553084
2.9999185871353187
4.2440817357101741
10.396334600443755
10.176180387048831
12.927200194467249
2.502543930903272
2.997910422740762
9.1694890700485221
1.9839524240703712
3.3580233839947398
6.0095010555107402
5.6540269487367958
13.609158969987568
5.4427573807576346
7.9728126415734737
4.0237061412132489
4.0904676110380018
3.3686400284889517
3.9096424188961572
2.7211781960115902
3.0284843490310389
2.9106356147637804
5.3306390094535852
8.4920469308437845
2.6428945219812463
2.7187496281266146
4.861458585873673
4.3255130952007832
3.5537483565152423
2.5607396749548963
4.2731014512835879
2.9106356147637804
4.2440817357101741
4.0984913864841284
12.461195473749571
4.554281291834239
2.7512430031945176
2.2489412087548613
3.4128951039510342
4.2156361997464904
4.8072574911153048
12.927200194467249
5.0794795774905408
5.2234380743775057
4.0994791468032252
3.045833150501879
5.2594243355442467
4.3263458816991927
4.4272424629087377
5.0842317903137308
3.0952041997388715
9.3113532701780013
8.8334678372740747
4.3507136446674233
8.9415224039634431
4.6894966566253835
6.652809212345022
11.090302015226156
5.1008898257121107
3.4195472405864442
2.2061237914118554
3.0497309302612621
4.0582272160485404
2.8949994678663056
5.9236098910896118
3.1928210509969777
4.8790945615003443
3.0523557709234361
6.596160442579766
6.5937532033308459
5.1317181344558849
5.0122179348900815
3.4628190744630549
2.9710183234723684
6.6305067826255986
8.259937756535539
3.3000270358883199
8.9747108897968371
3.7626384015502987
2.8943437593018317
3.4195472405864442
3.2821593456003906
2.7635678387674898
8.7524280562705918
4.8781068011812465
3.5308584178916362
4.8790945615003443
6.7406936234687729
6.8561602312137557
4.4165011386533175
4.1911766621292941
4.1531940450291733
5.4238272637739966
9.6722301939223438
4.850358547239713
13.193747148479162
5.8590949921876598
7.4100344853489597
4.9085540981775884
9.1812516074511823
9.5749793245324906
5.7086994867650169
4.6012076449970456
5.8590949921876598
5.8590949921876598
4.8443109504775173
9.7483607814067721
4.6049487200903885
12.587308123049734
4.4090723660984601
7.6042444789788437
4.1415320054650469
6.5657709599309131
5.8590949921876598
5.2068578776058567
3.4176815628951931
7.3430078550882918
7.5307244515990153
5.4091318993973623
8.5008854194474637
3.3005210802698168
8.7301482013190199
3.6517483251077332
6.8912745405394409
7.5354934301718917
3.2981107776216327
12.803496875238977
3.7038180960524265
8.8900839292696485
2.8901591925527974
6.3054701776813227
4.4438226596803876
2.8317666003227959
3.4699274715143194
3.4225099366783645
5.8638472050108499
5.4862278913898761
3.0256627060663619
5.6260296275074522
13.374666631589031
4.9163185098462332
4.9952516144436094
3.0256627060663619
3.5469091641355366
2.3188361103617656
3.5469091641355366
4.8074261894118502
3.0256627060663619
3.9267634495267103
3.5866115320130123
3.4548913330350977
2.3381571382465212
5.3860710209577185
3.5469091641355366
11.342370711313476
2.3594744035690951
3.5469091641355366
3.5469091641355366
10.896305521401882
2.8267731436450072
8.9415224039634431
13.24081088844669
4.6894966566253835
3.2678452305593426
13.374666631589031
13.417877029407487
3.4176815628951931
10.212976728439065
3.4983650428237332
6.7047591265373052
13.527449870319684
6.1977719275612513
13.27733487946951
6.2243664913619146
6.8890270537970828
6.118051033595675
6.3508783988863975
8.6046829870325023
6.741794457937285
12.89612051207264
6.1974576992720696
11.372339270550182
6.7993232350664359
6.7891164702078584
6.7406936234687729
5.098306716634065
8.6184852639986005
12.383229629273254
6.652809212345022
5.3305354363348707
6.5739778119240917
13.496426977857078
4.3355528214184673
8.4498527652102062
4.8432025556197553
3.5007936107087088
8.8900839292696485
5.6410740005707911
11.090302015226156
13.354489813033386
4.1376387986918584
5.5868729058124229
3.5469091641355366
5.1008898257121107
3.3612443593520895
5.2234380743775057
6.7047591265373052
6.4961816229715117
7.759785648788128
9.2078473294081231
8.5616900919245733
8.0946124450589103
7.0533164460217419
6.6794308917291527
9.0890171047800976
4.3355528214184673
5.0142593092753662
4.3353548963151542
3.6430548664710902
4.4682885702416257
4.8781546030835345
13.527449870319684
6.4961816229715117
6.3755526268050176
3.4195472405864442
5.1621933317834428
10.792827815363777
6.1977719275612513
8.6437132835241695
11.391520090547733
2.2061237914118554
5.6260296275074522
2.3188361103617656
3.3612443593520895
5.6132457817260653
3.3612443593520895
6.753099444478452
3.0410220601646367
3.664032527560988
2.5743517164030032
2.5467170462541322
2.2463846599185975
10.713370089329221
3.7412285948179189
2.3493244758573977
3.5469091641355366
3.0497309302612621
10.792827815363777
9.4616848578216093
4.0582272160485404
4.1925105186481524
9.2053848010095987
5.1962921687775641
4.3842392895574225
4.5238093353329987
5.8189423717009481
7.3430078550882918
12.723138574456307
9.8711111694277509
6.8561602312137557
10.823851872170057
4.8074261894118502
4.5238093353329987
4.2900202912960488
4.6851094265360835
11.538322933424167
4.2828315240951911
4.0922563873987983
10.599584236936494
7.5139228009594703
8.2863992410981506
11.175950015140874
9.4616848578216093
4.8264016839007429
6.7136168719112543
5.6760135432264409
5.4931712810244822
6.3928611964231843
9.7896971875453893
10.223527508335795
8.6184852639986005
5.3584397186688495
10.513818891233466
6.9513462917605784
4.99503184272863
7.1285075805166951
8.6030951157087063
5.2610122490470896
5.3893853865071417
5.9179810479378663
5.3528557470761404
9.2746826292425357
4.9794007461338152
5.830508467071156
6.1102544241507033
2.8901591925527974
3.9781541851593878
7.5307244515990153
5.4091318993973623
4.9163185098462332
10.481178541798453
3.0256627060663619
3.3471454059616033
4.4165011386533175
5.8638472050108499
4.1911766621292941
3.9267634495267103
6.5847705405293491
4.6319908217152879
6.8546664312045475
4.3888160337257229
4.4158996215444439
13.27733487946951
7.759785648788128
2.8949994678663056
5.1621933317834428
3.7775258374378806
9.2078473294081231
8.0825341027077382
4.1531940450291733
3.9856117494404417
5.4478969283715717
4.615568884415854
6.0030534890746248
3.5866115320130123
4.2900202912960488
3.2247648550299672
3.448586595851987
4.5767665238425552
4.2911299587053318
3.3348479963072881
5.4238272637739966
5.0982368417361377
6.5966005250125752
6.0291224757579638
9.7896971875453893
9.5020738662167883
11.742954302170173
5.3584397186688495
13.669115043820881
8.5616900919245733
8.7609134969294544
9.5008485885112712
8.610125543766026
9.4343723877845793
12.548708982233965
8.7625424959535625
10.09096868487512
9.6722301939223438
3.4548913330350977
5.6132457817260653
10.513818891233466
6.5966005250125752
7.0278102734890107
8.6814109508969128
9.2053848010095987
8.7609134969294544
9.274789259921624
9.1867692022510621
5.9236098910896118
9.9491044847456411
4.0206331872142407
4.4778908623140143
6.9513462917605784
7.0278102734890107
11.779080633903117
3.1928210509969777
4.8264016839007429
12.437787428923663
4.99503184272863
4.7572765234721048
5.3488581722929869
4.7023949942886105
5.8862151365544877
3.3612443593520895
9.9732367435710128
9.8943300952091491
8.5008854194474637
12.723138574456307
6.2243664913619146
6.3755526268050176
3.3005210802698168
5.1051285098979022
6.8890270537970828
8.9655920649236744
6.118051033595675
6.406743115376127
13.417877029407487
13.496426977857078
12.689811494502575
4.8790945615003443
6.3054701776813227
3.9781541851593878
6.8546664312045475
4.0206331872142407
2.9225932200716849
8.2638195629955788
2.9142570168578312
3.1266695605290571
7.1285075805166951
6.6228870596425065
4.850358547239713
6.1589765720140486
9.5020738662167883
9.577697425873664
9.6130832519711937
9.5008485885112712
9.577697425873664
9.5080504556501086
3.2247648550299672
3.5833812404044183
13.193747148479162
4.4682885702416257
3.9856117494404417
13.129996279806415
4.4438226596803876
4.3333637712123609
6.753099444478452
6.3508783988863975
8.9655920649236744
6.4336423634339139
5.8638472050108499
4.6851094265360835
4.7708293673782105
2.3381571382465212
3.3471454059616033
5.5352842402563533
2.6059941166849407
3.3756908182410434
3.367041886751831
3.6125699030402267
3.0523557709234361
4.7572765234721048
4.7515488183328491
5.6914613264409413
5.4478969283715717
5.8590949921876598
4.6153766496010942
11.23482364278262
8.6030951157087063
11.480201129469091
9.2716623455409035
4.3888160337257229
4.4778908623140143
2.9225932200716849
12.214101898405048
2.8033578575315219
7.4100344853489597
11.584854602206828
5.0142593092753662
8.4498527652102062
4.3353548963151542
4.9018172386070464
5.3860710209577185
3.448586595851987
6.596160442579766
11.181850079080702
11.771688107878271
8.0946124450589103
8.0825341027077382
11.779080633903117
8.2841822579640301
8.2638195629955788
12.214101898405048
10.223527508335795
11.742954302170173
10.092640048358719
11.538322933424167
11.391520090547733
4.9085540981775884
4.3915590393554345
6.3928611964231843
5.0432264163062408
8.6046829870325023
7.0533164460217419
9.1812516074511823
13.129996279806415
8.7301482013190199
3.8997192876261138
5.2610122490470896
6.4797102282689005
5.3893853865071417
5.3488581722929869
9.5749793245324906
5.1962921687775641
4.3915590393554345
4.0551206633203538
5.132330397452054
3.5469091641355366
5.5352842402563533
5.9179810479378663
5.7039657839412605
12.79233278669766
6.5937532033308459
11.181850079080702
5.4931712810244822
5.3528557470761404
4.7023949942886105
4.7515488183328491
4.337039102650599
4.4005120987445352
5.7838827981955072
12.383229629273254
5.3305354363348707
4.3842392895574225
6.3928611964231843
9.2746826292425357
4.6153766496010942
11.480201129469091
5.0432264163062408
6.4797102282689005
4.0551206633203538
4.337039102650599
4.2983196888461483
4.3379540630520159
4.5594148252164786
4.294971494462688
10.129284740670721
4.1482554431860708
3.6430548664710902
3.4588728778632367
12.689811494502575
5.3338967065313581
5.7086994867650169
6.5739778119240917
11.23482364278262
4.2983196888461483
3.6517483251077332
3.8997192876261138
7.0997439819667489
3.7795340018324368
3.8080997637281575
5.0527168659807069
4.3379540630520159
5.7287649909814151
4.4005120987445352
4.5594148252164786
5.1317181344558849
3.0410220601646367
8.610125543766026
9.274789259921624
4.6012076449970456
6.5847705405293491
5.0122179348900815
3.664032527560988
5.8590949921876598
11.052983700332726
12.636711442896964
6.8912745405394409
9.9732367435710128
9.8943300952091491
11.052983700332726
3.4628190744630549
2.5743517164030032
7.5354934301718917
10.212976728439065
5.8590949921876598
5.6914613264409413
6.741794457937285
2.9710183234723684
4.8443109504775173
5.9343468740959375
9.8711111694277509
10.092640048358719
9.4343723877845793
9.5080504556501086
4.9794007461338152
13.669115043820881
5.8862151365544877
12.89612051207264
6.6794308917291527
8.6437132835241695
6.7136168719112543
5.830508467071156
6.0291224757579638
8.6814109508969128
6.6228870596425065
5.7039657839412605
5.7719883781483361
4.4158996215444439
2.9142570168578312
2.8033578575315219
11.342370711313476
4.5767665238425552
2.3594744035690951
2.5467170462541322
2.6059941166849407
4.9965819302579222
7.0887885508792108
4.1555534142793586
6.0390397502413657
6.6305067826255986
3.2678452305593426
2.2463846599185975
3.2981107776216327
4.615568884415854
9.7483607814067721
3.5469091641355366
8.0797688928891755
4.8998400271394056
4.9818724357494579
4.2828315240951911
4.2911299587053318
3.5833812404044183
5.052643750004191
4.6049487200903885
5.098306716634065
5.0982368417361377
4.294971494462688
5.7287649909814151
4.6892578335932757
5.1059612963963117
4.0922563873987983
5.052643750004191
8.259937756535539
12.437787428923663
12.548708982233965
12.636711442896964
10.129284740670721
8.7625424959535625
9.1867692022510621
8.2841822579640301
12.79233278669766
9.1445343190772803
12.840662985124496
4.8432025556197553
4.9018172386070464
3.3000270358883199
12.587308123049734
11.391520090547733
10.823851872170057
10.599584236936494
11.391520090547733
10.955795801745948
3.5469091641355366
11.771688107878271
9.0890171047800976
9.1445343190772803
6.1974576992720696
5.6760135432264409
6.406743115376127
5.7719883781483361
6.2223727954547536
8.9747108897968371
13.354489813033386
8.0797688928891755
11.308411773203316
4.4090723660984601
4.6319908217152879
2.8317666003227959
3.1266695605290571
5.4862278913898761
4.7708293673782105
4.5020822236472444
10.896305521401882
7.5139228009594703
3.3756908182410434
4.9965819302579222
3.4588728778632367
3.5216638278940162
5.1303290593645414
7.6042444789788437
4.8998400271394056
11.308411773203316
4.1415320054650469
6.1589765720140486
11.584854602206828
4.5020822236472444
7.0997439819667489
5.7838827981955072
3.7626384015502987
5.2234380743775057
2.8943437593018317
3.5216638278940162
5.2234380743775057
5.3793611573169295
6.5657709599309131
4.8781546030835345
5.9343468740959375
4.9818724357494579
3.4699274715143194
3.3403550896520149
5.8189423717009481
8.2863992410981506
10.713370089329221
7.0887885508792108
11.372339270550182
6.3928611964231843
5.132330397452054
5.2234380743775057
3.7412285948179189
12.840662985124496
6.7993232350664359
12.803496875238977
10.481178541798453
3.4195472405864442
5.3793611573169295
4.1555534142793586
3.7038180960524265
3.7795340018324368
5.0236971504072923
11.175950015140874
10.955795801745948
13.706815609164368
3.2821593456003906
3.7775258374378806
9.9491044847456411
2.7635678387674898
4.1376387986918584
6.7891164702078584
6.4336423634339139
6.2223727954547536
8.7524280562705918
2.8267731436450072
3.3348479963072881
4.1482554431860708
4.6892578335932757
3.5007936107087088
3.8080997637281575
3.690251029460899
6.1102544241507033
9.2716623455409035
3.4225099366783645
3.4983650428237332
5.6410740005707911
5.1051285098979022
4.3333637712123609
3.3403550896520149
5.0527168659807069
3.690251029460899
5.0236971504072923
4.8781068011812465
13.24081088844669
5.3338967065313581
3.5308584178916362
2.3493244758573977
4.1925105186481524
4.9952516144436094
5.5868729058124229
13.706815609164368
5.8590949921876598
6.0030534890746248
4.8790945615003443
3.367041886751831
6.0390397502413657
5.1059612963963117
5.2068578776058567
5.8638472050108499
3.6125699030402267
10.09096868487512
9.6130832519711937
5.1303290593645414
9.6577242194972968
4.2380951573392522
7.3415821669382968
11.819134274787988
5.8805052404092297
3.5935984052673242
2.3395860037052629
2.8339843306458139
4.8378426307456595
2.8547720058452244
6.6086752740347183
3.5158068413010355
3.8710592105694728
3.1664606758661233
7.2882682762010509
7.2808963764562735
5.911333549153003
5.7918333495872005
3.0653410240018681
2.9118574884761648
7.3611345393294565
8.9696919396547372
3.5550060511436374
3.6294662001541811
3.6915806068419283
2.8468374884496028
3.5935984052673242
3.5448128711683577
2.6503378811304166
9.4650925706093254
3.8709143372824504
4.3104738325887544
3.8710592105694728
7.520309038165891
7.6357756459108739
5.1961165533504357
4.9707920768264122
4.9328094597262915
6.2034426784711156
10.451845608619463
5.6299739619368312
6.638710406884778
8.1896499000460778
5.6881695128747065
9.9608670221483013
10.35459473922961
6.488314901462136
5.3808230596941646
6.638710406884778
6.638710406884778
5.6239263651746354
10.527976196103891
5.3845641347875066
13.366923537746853
5.1886877807955782
8.3838598936759627
4.9211474201621659
7.3453863746280312
6.638710406884778
5.9864732923029749
4.1972969775923117
8.1226232697854108
8.3103398662961343
4.5969653513125062
9.2805008341445827
4.0801364949669354
9.509763616016139
4.4313637398048513
7.670889955236559
8.3151088448690107
4.0777261923187513
13.583112289936096
4.4834335107495455
9.6696993439667676
3.669774607249916
7.0850855923784417
5.2234380743775057
3.6113820150199145
4.2495428862114375
4.202125351375483
6.643462619707968
6.2658433060869951
3.8052781207634805
6.4056450422045703
2.679826877663483
2.8090964823786
3.8052781207634805
4.3265245788326547
3.0984515250588838
4.3265245788326547
5.5870416041089692
3.8052781207634805
4.7063788642238285
4.3662269467101309
4.2345067477322162
3.1177725529436398
6.1656864356548375
4.3265245788326547
12.121986126010595
3.1390898182662137
4.3265245788326547
4.3265245788326547
11.675920936099001
3.6063885583421258
9.6577242194972968
4.2380951573392522
3.4458273728177473
4.1972969775923117
10.992592143136184
4.2779804575208518
7.4843745412344234
6.9773873422583694
7.0039819060590336
7.6686424684942009
6.8976664482927932
7.1304938135835165
9.3842984017296196
7.5214098726344041
13.675735926769759
6.9770731139691886
12.151954685247299
7.5789386497635549
7.5687318849049774
7.520309038165891
5.877922131331184
9.3981006786957177
13.162845043970371
7.3415821669382968
6.1101508510319897
7.3535932266212098
5.1151682361155864
9.2294681799073253
5.6228179703168735
4.2804090254058274
9.6696993439667676
6.4206894152679101
11.819134274787988
3.5177735823272758
3.4851225823547041
3.1695756955178935
4.3265245788326547
5.8805052404092297
3.6383649458630218
6.0030534890746248
7.4843745412344234
7.2757970376686298
8.5394010634852471
9.9874627441052422
9.3413055066216923
8.8742278597560293
7.8329318607188609
7.4590463064262718
9.8686325194772149
5.1151682361155864
5.7938747239724853
5.1149703110122724
4.4226702811682088
5.2479039849387439
5.6577700177806527
7.2757970376686298
7.1551680415021357
3.5935984052673242
5.9418087464805618
11.572443230060896
6.9773873422583694
9.4233286982212885
12.171135505244852
2.3395860037052629
6.4056450422045703
3.0984515250588838
3.6383649458630218
6.3928611964231843
3.1639273387460758
7.4584264298581875
3.4356583407931804
3.7088698335206978
2.3789481845581122
2.609898843577231
2.2649532343813013
11.492985504026338
3.7416400026402679
3.6874503711145254
2.4330073020969252
4.3265245788326547
2.8339843306458139
11.572443230060896
10.241300272518728
4.8378426307456595
4.9721259333452714
9.9850002157067177
5.9759075834746822
5.1638547042545415
5.3034247500301168
6.5985577863980662
8.1226232697854108
13.502753989153426
10.65072658412487
7.6357756459108739
11.603467286867176
5.5870416041089692
5.3034247500301168
5.0696357059931678
5.4647248412332026
12.317938348121285
5.0624469387923101
4.8718718020959164
11.379199651633613
8.2935382156565893
9.0660146557952697
11.955565429837993
10.241300272518728
5.6060170985978619
7.4932322866083725
6.4556289579235591
6.2727866957216012
7.1724766111203024
10.569312602242508
11.003142923032915
9.3981006786957177
6.1380551333659685
11.293434305930585
7.7309617064576965
5.7746472574257481
7.9081229952138132
9.3827105304058254
6.0406276637442078
6.1690008012042599
6.6975964626349844
6.1324711617732586
10.054298043939655
5.7590161608309334
6.6101238817682741
6.8898698388478223
3.669774607249916
4.7577695998565064
8.3103398662961343
4.5969653513125062
2.679826877663483
10.826159872572656
3.8052781207634805
4.1267608206587214
5.1961165533504357
6.643462619707968
4.9707920768264122
4.7063788642238285
7.3643859552264672
5.411606236412406
7.6342818459016657
5.1684314484228411
5.1955150362415621
8.5394010634852471
2.8547720058452244
5.9418087464805618
4.5571412521349997
9.9874627441052422
8.8621495174048572
4.9328094597262915
4.7652271641375599
6.2275123430686907
5.395184299112973
6.7826689037717429
4.3662269467101309
5.0696357059931678
4.0043802697270854
4.2282020105491052
5.3563819385396734
5.0707453734024499
4.1144634110044072
6.2034426784711156
5.8778522564332567
7.3762159397096942
6.8087378904550828
10.569312602242508
10.281689280913907
12.52256971686729
6.1380551333659685
9.3413055066216923
9.5405289116265735
10.28046400320839
9.389740958463145
10.213987802481698
13.328324396931084
9.5421579106506798
10.870584099572238
10.451845608619463
4.2345067477322162
6.3928611964231843
11.293434305930585
7.3762159397096942
7.8074256881861288
9.4610263655940301
9.9850002157067177
9.5405289116265735
10.054404674618741
9.9663846169481811
6.6086752740347183
10.72871989944276
4.8002486019113588
5.2575062770111334
7.7309617064576965
7.8074256881861288
12.558696048600236
3.5158068413010355
5.6060170985978619
13.21740284362078
5.7746472574257481
5.536891938169223
6.1284735869901059
5.4820104089857287
6.6658305512516067
3.1639273387460758
6.3132260057203036
10.752852158268132
10.673945509906266
9.2805008341445827
13.502753989153426
7.0039819060590336
7.1551680415021357
4.0801364949669354
5.8847439245950213
7.6686424684942009
9.7452074796207935
6.8976664482927932
7.186358530073246
13.469426909199694
3.8710592105694728
7.0850855923784417
4.7577695998565064
7.6342818459016657
4.8002486019113588
3.7022086347688035
9.0434349776926961
3.6938724315549494
3.9062849752261757
7.9081229952138132
7.4025024743396255
5.6299739619368312
6.9385919867111667
10.281689280913907
10.357312840570783
10.392698666668311
10.28046400320839
10.357312840570783
10.287665870347228
4.0043802697270854
4.3629966551015373
5.2479039849387439
4.7652271641375599
5.2234380743775057
5.1129791859094791
7.4584264298581875
7.1304938135835165
9.7452074796207935
7.213257778131033
6.643462619707968
5.4647248412332026
5.5504447820753295
3.1177725529436398
4.1267608206587214
6.3148996549534724
2.9484766305814469
3.757959912080759
3.7587554279505055
3.5173290347921302
3.1664606758661233
5.536891938169223
5.5311642330299682
6.4710767411380594
6.2275123430686907
6.638710406884778
5.3949920642982132
12.01443905747974
9.3827105304058254
12.259816544166208
10.051277760238023
5.1684314484228411
5.2575062770111334
3.7022086347688035
12.993717313102167
3.58297327222864
8.1896499000460778
12.364470016903946
5.7938747239724853
9.2294681799073253
5.1149703110122724
5.6814326533041646
6.1656864356548375
4.2282020105491052
7.2882682762010509
11.961465493777821
12.55130352257539
8.8742278597560293
8.8621495174048572
12.558696048600236
9.0637976726611491
9.0434349776926961
12.993717313102167
11.003142923032915
12.52256971686729
10.872255463055836
12.317938348121285
12.171135505244852
5.6881695128747065
5.1711744540525526
7.1724766111203024
5.8228418310033589
9.3842984017296196
7.8329318607188609
9.9608670221483013
9.509763616016139
4.6793347023232323
6.0406276637442078
7.2593256429660187
6.1690008012042599
6.1284735869901059
10.35459473922961
5.9759075834746822
5.1711744540525526
4.8347360780174728
5.9119458121491721
4.3265245788326547
6.3148996549534724
6.6975964626349844
6.4835811986383796
13.571948201394777
7.2808963764562735
11.961465493777821
6.2727866957216012
6.1324711617732586
5.4820104089857287
5.5311642330299682
5.1166545173477171
5.1801275134416533
6.5634982128926254
13.162845043970371
6.1101508510319897
5.1638547042545415
7.1724766111203024
10.054298043939655
5.3949920642982132
12.259816544166208
5.8228418310033589
7.2593256429660187
4.8347360780174728
5.1166545173477171
5.0779351035432674
5.117569477749135
5.3390302399135976
5.074586909159807
10.90890015536784
4.9278708578831889
4.4226702811682088
4.2384882925603558
13.469426909199694
6.1135121212284762
6.488314901462136
7.3535932266212098
12.01443905747974
5.0779351035432674
4.4313637398048513
4.6793347023232323
7.879359396663868
4.5591494165295554
4.5877151784252765
5.8323322806778251
5.117569477749135
6.5083804056785342
5.1801275134416533
5.3390302399135976
5.911333549153003
3.4356583407931804
9.389740958463145
10.054404674618741
5.3808230596941646
7.3643859552264672
5.7918333495872005
3.7088698335206978
6.638710406884778
11.832599115029845
13.416326857594083
7.670889955236559
10.752852158268132
10.673945509906266
11.832599115029845
3.0653410240018681
2.3789481845581122
8.3151088448690107
10.992592143136184
6.638710406884778
6.4710767411380594
7.5214098726344041
2.9118574884761648
5.6239263651746354
6.7139622887930557
10.65072658412487
10.872255463055836
10.213987802481698
10.287665870347228
5.7590161608309334
6.6658305512516067
13.675735926769759
7.4590463064262718
9.4233286982212885
7.4932322866083725
6.6101238817682741
6.8087378904550828
9.4610263655940301
7.4025024743396255
6.4835811986383796
6.5516037928454551
5.1955150362415621
3.6938724315549494
3.58297327222864
12.121986126010595
5.3563819385396734
3.1390898182662137
2.609898843577231
2.9484766305814469
5.7761973449550412
7.7486675401329528
3.4675580004824726
6.8186551649384848
6.5471106301294393
7.3611345393294565
3.4458273728177473
2.2649532343813013
6.3132260057203036
4.0777261923187513
5.395184299112973
10.527976196103891
4.3265245788326547
8.8593843075862946
5.6794554418365237
5.761487850446577
5.0624469387923101
5.0707453734024499
4.3629966551015373
5.83225916470131
5.3845641347875066
5.877922131331184
5.8778522564332567
5.074586909159807
6.5083804056785342
5.4688732482903939
5.8855767110934298
4.8718718020959164
5.83225916470131
8.9696919396547372
13.21740284362078
13.328324396931084
13.416326857594083
10.90890015536784
9.5421579106506798
9.9663846169481811
9.0637976726611491
13.571948201394777
9.9241497337743994
13.620278399821613
5.6228179703168735
5.6814326533041646
3.5550060511436374
13.366923537746853
12.171135505244852
11.603467286867176
11.379199651633613
12.171135505244852
11.735411216443067
4.3265245788326547
12.55130352257539
9.8686325194772149
9.9241497337743994
6.9770731139691886
6.4556289579235591
7.186358530073246
6.5516037928454551
7.0019882101518718
3.6294662001541811
3.5177735823272758
8.8593843075862946
12.088027187900435
5.1886877807955782
5.411606236412406
3.6113820150199145
3.9062849752261757
6.2658433060869951
5.5504447820753295
5.2816976383443626
11.675920936099001
8.2935382156565893
3.757959912080759
5.7761973449550412
4.2384882925603558
4.3012792425911348
5.9099444740616605
8.3838598936759627
5.6794554418365237
12.088027187900435
4.9211474201621659
6.9385919867111667
12.364470016903946
5.2816976383443626
7.879359396663868
6.5634982128926254
3.6915806068419283
6.0030534890746248
2.8468374884496028
4.3012792425911348
6.0030534890746248
6.1589765720140486
7.3453863746280312
5.6577700177806527
6.7139622887930557
5.761487850446577
4.2495428862114375
4.1199705043491335
6.5985577863980662
9.0660146557952697
11.492985504026338
7.7486675401329528
12.151954685247299
7.1724766111203024
5.9119458121491721
6.0030534890746248
3.7416400026402679
13.620278399821613
7.5789386497635549
13.583112289936096
10.826159872572656
3.5935984052673242
6.1589765720140486
3.6874503711145254
3.4675580004824726
4.4834335107495455
4.5591494165295554
5.8033125651044113
11.955565429837993
11.735411216443067
3.5448128711683577
4.5571412521349997
10.72871989944276
2.6503378811304166
3.4851225823547041
7.5687318849049774
7.213257778131033
7.0019882101518718
9.4650925706093254
3.6063885583421258
4.1144634110044072
4.9278708578831889
5.4688732482903939
4.2804090254058274
4.5877151784252765
4.4698664441580176
6.8898698388478223
10.051277760238023
4.202125351375483
4.2779804575208518
6.4206894152679101
5.8847439245950213
5.1129791859094791
4.1199705043491335
5.8323322806778251
4.4698664441580176
5.8033125651044113
3.8709143372824504
6.1135121212284762
4.3104738325887544
2.4330073020969252
4.9721259333452714
2.8090964823786
3.1695756955178935
6.638710406884778
6.7826689037717429
3.8710592105694728
3.7587554279505055
6.8186551649384848
5.8855767110934298
5.9864732923029749
6.643462619707968
3.5173290347921302
6.5471106301294393
10.870584099572238
10.392698666668311
5.9099444740616605
