cycle_id	birth	death	lifetime	died_by	len
0	6	306	300	new	3
1	6	447	441	new	3
2	6	338	332	new	3
3	6	542	536	path	3
4	6	332	326	new	3
5	8	296	288	new	3
6	8	293	285	new	3
7	8	223	215	new	3
8	8	302	294	new	3
9	10	298	288	new	3
10	12	272	260	new	3
11	14	240	226	new	3
12	14	190	176	new	3
13	15	724	709	path	3
14	16	334	318	new	3
15	16	624	608	path	3
16	17	532	515	path	3
17	18	532	514	new	3
18	20	223	203	path	3
19	22	378	356	new	3
20	22	306	284	path	3
21	23	303	280	new	3
22	23	542	519	path	3
23	23	196	173	new	3
24	24	356	332	path	3
25	24	327	303	new	3
26	26	282	256	path	3
27	27	273	246	new	3
28	28	191	163	new	3
29	28	246	218	new	3
30	30	451	421	new	3
31	33	293	260	path	3
32	36	302	266	path	3
33	36	326	290	new	3
34	38	284	246	new	3
35	38	332	294	path	3
36	40	272	232	path	3
37	40	267	227	new	3
38	41	272	231	path	3
39	41	296	255	path	3
40	41	332	291	path	3
41	42	322	280	path	3
42	42	241	199	new	3
43	43	173	130	new	3
44	43	330	287	new	3
45	44	277	233	new	3
46	44	236	192	new	3
47	44	264	220	new	3
48	44	302	258	path	3
49	45	264	219	new	3
50	45	293	248	path	3
51	45	255	210	new	3
52	45	339	294	new	3
53	45	230	185	new	3
54	45	262	217	new	3
55	46	334	288	path	3
56	46	303	257	path	3
57	46	334	288	path	3
58	46	334	288	path	3
59	47	183	136	new	3
60	47	298	251	path	3
61	47	282	235	new	3
62	47	493	446	path	3
63	47	343	296	new	3
64	47	280	233	new	3
65	47	344	297	new	3
66	48	356	308	new	3
67	49	542	493	path	3
68	49	200	151	new	3
69	49	195	146	new	3
70	50	180	130	new	3
71	50	269	219	new	3
72	50	376	326	path	3
73	50	302	252	path	3
74	51	277	226	new	3
75	51	273	222	path	3
76	53	246	193	path	3
77	53	267	214	path	3
78	54	286	232	new	3
79	54	208	154	new	3
80	56	222	166	new	3
81	56	418	362	new	3
82	58	250	192	new	3
83	58	269	211	new	3
84	58	520	462	new	3
85	59	216	157	new	3
86	60	305	245	new	3
87	60	365	305	new	3
88	62	303	241	path	3
89	64	305	241	new	3
90	64	293	229	new	3
91	69	332	263	path	3
92	69	528	459	new	3
93	70	266	196	new	3
94	70	338	268	path	3
95	71	255	184	new	3
96	72	304	232	new	3
97	72	284	212	path	3
98	72	286	214	path	3
99	73	207	134	new	3
100	74	316	242	new	3
101	74	532	458	path	3
102	74	324	250	new	3
103	74	253	179	new	3
104	74	293	219	path	3
105	74	284	210	path	3
106	75	273	198	new	3
107	75	347	272	new	3
108	76	417	341	new	3
109	76	274	198	new	3
110	76	263	187	new	3
111	77	239	162	new	3
112	77	267	190	path	3
113	78	322	244	path	3
114	78	267	189	new	3
115	79	469	390	new	3
116	79	259	180	new	3
117	80	416	336	new	3
118	80	418	338	path	3
119	81	319	238	new	3
120	82	327	245	new	3
121	82	300	218	new	3
122	82	305	223	path	3
123	82	356	274	new	3
124	83	455	372	new	3
125	83	378	295	new	3
126	83	349	266	new	3
127	83	240	157	path	3
128	84	334	250	path	3
129	84	426	342	new	3
130	85	238	153	new	3
131	85	259	174	new	3
132	86	269	183	new	3
133	86	528	442	path	3
134	86	454	368	path	3
135	87	283	196	new	3
136	88	308	220	new	3
137	88	262	174	new	3
138	89	319	230	path	3
139	89	360	271	new	3
140	90	340	250	new	3
141	90	326	236	path	3
142	91	296	205	path	3
143	91	308	217	new	3
144	91	453	362	new	3
145	91	225	134	new	3
146	93	226	133	new	3
147	93	254	161	new	3
148	94	500	406	new	3
149	94	344	250	new	3
150	95	327	232	path	3
151	95	315	220	new	3
152	96	316	220	path	3
153	96	244	148	new	3
154	96	241	145	new	3
155	96	339	243	path	3
156	97	229	132	new	3
157	97	321	224	path	3
158	97	514	417	new	3
159	97	426	329	path	3
160	98	244	146	new	3
161	99	447	348	path	3
162	100	236	136	new	3
163	100	408	308	new	3
164	101	412	311	new	3
165	102	584	482	new	3
166	102	299	197	new	3
167	102	254	152	new	3
168	103	252	149	new	3
169	104	238	134	new	3
170	104	447	343	path	3
171	104	316	212	path	3
172	104	302	198	path	3
173	105	506	401	new	3
174	105	305	200	path	3
175	105	321	216	path	3
176	106	277	171	new	3
177	106	260	154	new	3
178	106	356	250	path	3
179	107	384	277	new	3
180	107	591	484	path	3
181	107	261	154	new	3
182	107	324	217	new	3
183	108	326	218	new	3
184	108	629	521	path	3
185	108	326	218	new	3
186	108	454	346	new	3
187	108	282	174	path	3
188	109	243	134	new	3
189	109	365	256	new	3
190	109	273	164	new	3
191	110	308	198	path	3
192	110	289	179	new	3
193	110	319	209	path	3
194	110	459	349	new	3
195	110	522	412	new	3
196	111	239	128	new	3
197	111	486	375	new	3
198	111	371	260	new	3
199	111	322	211	new	3
200	111	558	447	new	3
201	112	329	217	new	3
202	112	245	133	new	3
203	113	306	193	new	3
204	113	285	172	new	3
205	114	324	210	path	3
206	114	290	176	new	3
207	114	248	134	new	3
208	114	300	186	path	3
209	114	343	229	new	3
210	114	416	302	new	3
211	114	278	164	new	3
212	114	246	132	new	3
213	115	280	165	new	3
214	115	256	141	new	3
215	115	249	134	new	3
216	115	339	224	new	3
217	115	268	153	new	3
218	115	271	156	new	3
219	115	451	336	path	3
220	116	332	216	new	3
221	116	327	211	path	3
222	116	498	382	path	3
223	117	335	218	new	3
224	117	496	379	path	3
225	117	251	134	new	3
226	118	254	136	new	3
227	118	287	169	new	3
228	118	276	158	path	3
229	118	319	201	path	3
230	118	330	212	new	3
231	118	371	253	new	3
232	118	254	136	new	3
233	119	312	193	new	3
234	119	251	132	new	3
235	119	337	218	new	3
236	119	317	198	new	3
237	119	337	218	new	3
238	119	286	167	new	3
239	119	343	224	path	3
240	119	288	169	new	3
241	120	252	132	new	3
242	120	451	331	path	3
243	120	356	236	path	3
244	120	356	236	path	3
245	121	473	352	new	3
246	121	301	180	new	3
247	121	253	132	new	3
248	122	393	271	new	3
249	122	255	133	new	3
250	123	412	289	new	3
251	124	282	158	new	3
252	124	580	456	new	3
253	124	343	219	path	3
254	125	342	217	new	3
255	125	360	235	path	3
256	126	285	159	new	3
257	127	326	199	new	3
258	127	356	229	path	3
259	128	479	351	path	3
260	128	321	193	path	3
261	128	326	198	new	3
262	129	301	172	path	3
263	129	261	132	new	3
264	131	265	134	new	3
265	131	511	380	new	3
266	131	292	161	new	3
267	132	332	200	new	3
268	132	525	393	new	3
269	132	332	200	new	3
270	132	397	265	new	3
271	133	285	152	new	3
272	133	354	221	new	3
273	134	406	272	new	3
274	134	319	185	path	3
275	135	353	218	new	3
276	135	287	152	new	3
277	136	365	229	new	3
278	137	337	200	path	3
279	137	287	150	new	3
280	138	366	228	new	3
281	138	272	134	new	3
282	139	273	134	new	3
283	139	313	174	new	3
284	139	362	223	path	3
285	139	308	169	path	3
286	140	326	186	path	3
287	140	359	219	new	3
288	140	671	531	new	3
289	140	294	154	new	3
290	140	306	166	path	3
291	141	443	302	path	3
292	141	288	147	new	3
293	142	312	170	new	3
294	143	399	256	new	3
295	144	296	152	path	3
296	145	534	389	path	3
297	145	664	519	path	3
298	146	498	352	new	3
299	147	365	218	path	3
300	147	500	353	new	3
301	148	430	282	new	3
302	149	514	365	new	3
303	153	362	209	new	3
304	155	353	198	new	3
305	155	456	301	path	3
306	155	298	143	new	3
307	155	333	178	new	3
308	155	431	276	new	3
309	156	290	134	new	3
310	157	339	182	new	3
311	157	399	242	new	3
312	157	339	182	new	3
313	157	291	134	new	3
314	158	456	298	path	3
315	158	361	203	new	3
316	158	375	217	new	3
317	160	293	133	new	3
318	160	580	420	path	3
319	160	418	258	path	3
320	161	435	274	new	3
321	161	295	134	new	3
322	163	358	195	new	3
323	163	297	134	new	3
324	163	447	284	path	3
325	163	505	342	new	3
326	164	421	257	path	3
327	165	539	374	new	3
328	165	331	166	new	3
329	165	474	309	new	3
330	166	427	261	new	3
331	166	313	147	new	3
332	166	365	199	new	3
333	167	277	110	path	3
334	171	478	307	path	3
335	171	348	177	new	3
336	171	460	289	new	3
337	172	339	167	new	3
338	172	354	182	path	3
339	173	340	167	path	3
340	173	385	212	new	3
341	185	560	375	new	3
342	188	412	224	new	3
343	189	443	254	path	3
344	193	393	200	path	3
345	194	340	146	new	3
346	196	372	176	new	3
347	196	514	318	new	3
348	196	353	157	new	3
349	197	425	228	new	3
350	197	434	237	path	3
351	198	399	201	path	3
352	198	399	201	path	3
353	199	333	134	new	3
354	199	415	216	new	3
355	199	540	341	new	3
356	199	333	134	new	3
357	199	405	206	new	3
358	199	383	184	path	3
359	200	334	134	new	3
360	200	655	455	new	3
361	201	356	155	new	3
362	201	391	190	new	3
363	201	394	193	new	3
364	201	386	185	new	3
365	202	596	394	new	3
366	203	455	252	path	3
367	204	414	210	new	3
368	204	469	265	new	3
369	204	464	260	new	3
370	204	496	292	new	3
371	205	339	134	new	3
372	205	338	133	new	3
373	205	339	134	new	3
374	205	421	216	new	3
375	205	402	197	new	3
376	206	434	228	new	3
377	206	480	274	new	3
378	206	340	134	new	3
379	206	392	186	new	3
380	206	383	177	new	3
381	207	352	145	new	3
382	207	407	200	new	3
383	207	505	298	new	3
384	207	493	286	new	3
385	208	365	157	new	3
386	209	454	245	path	3
387	209	480	271	new	3
388	210	649	439	new	3
389	210	399	189	new	3
390	210	369	159	new	3
391	210	427	217	path	3
392	210	384	174	path	3
393	211	345	134	new	3
394	211	508	297	path	3
395	211	429	218	new	3
396	211	380	169	path	3
397	211	645	434	new	3
398	213	374	161	new	3
399	213	523	310	path	3
400	213	361	148	new	3
401	213	519	306	path	3
402	213	359	146	new	3
403	213	343	130	new	3
404	213	357	144	new	3
405	214	520	306	path	3
406	214	348	134	new	3
407	214	757	543	path	3
408	214	479	265	path	3
409	215	349	134	new	3
410	215	366	151	new	3
411	215	428	213	new	3
412	216	406	190	new	3
413	216	414	198	path	3
414	216	404	188	new	3
415	216	404	188	new	3
416	216	700	484	new	3
417	217	473	256	path	3
418	217	415	198	path	3
419	218	360	142	new	3
420	218	352	134	new	3
421	218	382	164	new	3
422	218	641	423	new	3
423	218	360	142	new	3
424	218	435	217	new	3
425	218	468	250	new	3
426	218	399	181	new	3
427	219	489	270	new	3
428	219	352	133	new	3
429	219	436	217	new	3
430	219	436	217	new	3
431	219	429	210	path	3
432	219	369	150	new	3
433	219	424	205	new	3
434	219	395	176	new	3
435	220	405	185	path	3
436	221	448	227	path	3
437	221	415	194	new	3
438	221	438	217	new	3
439	221	684	463	new	3
440	221	356	135	new	3
441	222	624	402	new	3
442	222	356	134	new	3
443	222	407	185	path	3
444	223	412	189	new	3
445	226	372	146	new	3
446	226	411	185	path	3
447	227	395	168	new	3
448	227	375	148	new	3
449	229	380	151	new	3
450	230	502	272	new	3
451	230	362	132	new	3
452	232	531	299	path	3
453	232	453	221	path	3
454	233	450	217	path	3
455	233	414	181	new	3
456	234	392	158	new	3
457	234	525	291	path	3
458	235	414	179	new	3
459	236	454	218	path	3
460	236	441	205	new	3
461	237	441	204	new	3
462	237	460	223	new	3
463	238	512	274	path	3
464	239	649	410	path	3
465	239	373	134	new	3
466	239	498	259	new	3
467	240	392	152	path	3
468	241	509	268	new	3
469	242	473	231	new	3
470	242	384	142	new	3
471	247	420	173	new	3
472	247	453	206	path	3
473	248	454	206	new	3
474	250	384	134	new	3
475	250	453	203	path	3
476	251	419	168	new	3
477	252	400	148	new	3
478	254	458	204	path	3
479	255	471	216	new	3
480	256	416	160	path	3
481	256	398	142	new	3
482	257	432	175	new	3
483	258	442	184	new	3
484	258	620	362	new	3
485	258	408	150	new	3
486	260	635	375	new	3
487	261	394	133	new	3
488	262	396	134	new	3
489	263	455	192	new	3
490	263	394	131	new	3
491	263	404	141	new	3
492	263	397	134	new	3
493	263	397	134	new	3
494	264	398	134	new	3
495	264	398	134	new	3
496	264	447	183	new	3
497	264	499	235	new	3
498	265	433	168	new	3
499	265	401	136	new	3
500	265	639	374	new	3
501	265	399	134	new	3
502	265	401	136	new	3
503	265	399	134	new	3
504	266	755	489	path	3
505	266	447	181	new	3
506	267	435	168	new	3
507	267	400	133	new	3
508	267	455	188	path	3
509	267	435	168	new	3
510	267	435	168	new	3
511	268	406	138	new	3
512	268	401	133	new	3
513	268	439	171	new	3
514	268	435	167	new	3
515	269	746	477	new	3
516	269	403	134	new	3
517	270	446	176	path	3
518	270	405	135	path	3
519	270	404	134	new	3
520	271	476	205	path	3
521	271	438	167	new	3
522	271	405	134	new	3
523	271	486	215	new	3
524	272	560	288	path	3
525	272	415	143	new	3
526	272	467	195	new	3
527	273	482	209	new	3
528	273	424	151	new	3
529	273	522	249	path	3
530	274	683	409	path	3
531	275	656	381	new	3
532	275	411	136	new	3
533	276	493	217	path	3
534	276	481	205	path	3
535	277	606	329	new	3
536	277	494	217	new	3
537	277	409	132	new	3
538	277	485	208	path	3
539	277	461	184	new	3
540	278	610	332	new	3
541	278	411	133	new	3
542	279	648	369	new	3
543	279	458	179	new	3
544	279	462	183	new	3
545	280	468	188	new	3
546	280	496	216	new	3
547	281	781	500	new	3
548	281	499	218	new	3
549	281	485	204	path	3
550	285	511	226	path	3
551	286	492	206	path	3
552	287	443	156	new	3
553	290	496	206	path	3
554	290	492	202	new	3
555	290	476	186	new	3
556	290	626	336	new	3
557	293	511	218	new	3
558	293	732	439	new	3
559	293	440	147	new	3
560	293	458	165	new	3
561	294	455	161	new	3
562	296	521	225	path	3
563	297	481	184	new	3
564	298	431	133	new	3
565	299	456	157	path	3
566	300	456	156	new	3
567	300	432	132	new	3
568	301	445	144	new	3
569	301	465	164	new	3
570	301	463	162	new	3
571	301	437	136	new	3
572	302	459	157	new	3
573	307	494	187	new	3
574	307	639	332	path	3
575	307	600	293	new	3
576	307	684	377	path	3
577	307	458	151	new	3
578	307	523	216	new	3
579	312	498	186	path	3
580	314	716	402	path	3
581	314	475	161	new	3
582	315	451	136	new	3
583	316	431	115	path	3
584	316	458	142	new	3
585	316	450	134	new	3
586	316	448	132	new	3
587	317	491	174	new	3
588	317	451	134	new	3
589	318	466	148	new	3
590	319	556	237	new	3
591	319	710	391	path	3
592	319	605	286	path	3
593	319	496	177	path	3
594	319	561	242	new	3
595	320	493	173	path	3
596	320	558	238	new	3
597	320	522	202	path	3
598	320	558	238	new	3
599	321	521	200	path	3
600	321	476	155	new	3
601	322	530	208	path	3
602	322	456	134	new	3
603	322	509	187	new	3
604	322	500	178	new	3
605	322	758	436	new	3
606	323	494	171	new	3
607	323	457	134	new	3
608	323	505	182	path	3
609	323	610	287	new	3
610	324	472	148	new	3
611	324	460	136	new	3
612	324	469	145	new	3
613	324	595	271	path	3
614	324	532	208	path	3
615	324	508	184	new	3
616	325	541	216	new	3
617	325	466	141	new	3
618	325	641	316	path	3
619	327	463	136	new	3
620	327	665	338	new	3
621	327	517	190	new	3
622	327	573	246	new	3
623	327	474	147	new	3
624	327	478	151	new	3
625	327	724	397	path	3
626	328	543	215	new	3
627	328	515	187	new	3
628	328	462	134	new	3
629	328	460	132	new	3
630	328	478	150	new	3
631	329	465	136	new	3
632	329	544	215	new	3
633	329	506	177	path	3
634	329	463	134	new	3
635	329	565	236	new	3
636	329	463	134	new	3
637	329	494	165	new	3
638	330	464	134	new	3
639	330	483	153	new	3
640	330	679	349	path	3
641	331	465	134	new	3
642	332	532	200	new	3
643	332	547	215	path	3
644	332	549	217	path	3
645	332	514	182	new	3
646	332	547	215	new	3
647	332	465	133	new	3
648	332	552	220	new	3
649	332	526	194	new	3
650	332	465	133	new	3
651	332	466	134	new	3
652	332	521	189	new	3
653	332	460	128	new	3
654	332	557	225	new	3
655	332	547	215	new	3
656	333	766	433	new	3
657	334	468	134	new	3
658	334	508	174	new	3
659	334	468	134	new	3
660	334	548	214	new	3
661	335	503	168	new	3
662	335	541	206	new	3
663	335	487	152	path	3
664	335	469	134	new	3
665	336	530	194	new	3
666	336	547	211	new	3
667	336	767	431	path	3
668	337	496	159	new	3
669	337	548	211	new	3
670	337	569	232	path	3
671	337	485	148	new	3
672	337	587	250	path	3
673	338	472	134	new	3
674	338	515	177	new	3
675	338	870	532	path	3
676	338	486	148	new	3
677	339	681	342	new	3
678	339	473	134	new	3
679	339	521	182	new	3
680	339	472	133	new	3
681	340	493	153	new	3
682	340	555	215	new	3
683	340	555	215	new	3
684	340	474	134	new	3
685	341	750	409	new	3
686	344	478	134	new	3
687	345	534	189	path	3
688	345	560	215	new	3
689	346	513	167	new	3
690	346	528	182	new	3
691	348	610	262	new	3
692	350	484	134	new	3
693	350	350	0	new	3
694	351	532	181	path	3
695	352	548	196	new	3
696	352	572	220	path	3
697	353	526	173	new	3
698	355	570	215	new	3
699	357	493	136	new	3
700	358	644	286	new	3
701	358	492	134	new	3
702	358	492	134	new	3
703	360	645	285	new	3
704	362	543	181	new	3
705	363	497	134	new	3
706	363	619	256	new	3
707	363	510	147	new	3
708	363	497	134	new	3
709	364	498	134	new	3
710	364	498	134	new	3
711	364	688	324	new	3
712	364	497	133	new	3
713	364	500	136	new	3
714	365	521	156	new	3
715	366	678	312	new	3
716	366	759	393	new	3
717	366	533	167	new	3
718	366	553	187	new	3
719	366	555	189	new	3
720	368	501	133	new	3
721	372	574	202	new	3
722	373	812	439	new	3
723	373	628	255	new	3
724	375	509	134	new	3
725	375	555	180	path	3
726	377	377	0	new	3
727	377	565	188	new	3
728	378	511	133	new	3
729	379	532	153	new	3
730	381	549	168	new	3
731	381	595	214	new	3
732	382	382	0	new	3
733	383	651	268	new	3
734	385	734	349	new	3
735	385	573	188	new	3
736	387	612	225	path	3
737	388	573	185	path	3
738	391	538	147	new	3
739	392	525	133	new	3
740	396	612	216	new	3
741	398	643	245	new	3
742	400	860	460	new	3
743	401	770	369	new	3
744	402	402	0	new	3
745	403	614	211	new	3
746	404	600	196	new	3
747	405	633	228	path	3
748	405	715	310	path	3
749	405	538	133	new	3
750	407	562	155	new	3
751	409	671	262	path	3
752	409	637	228	path	3
753	410	624	214	path	3
754	411	626	215	new	3
755	412	713	301	path	3
756	412	591	179	new	3
757	412	715	303	path	3
758	414	699	285	path	3
759	415	700	285	path	3
760	415	831	416	path	3
761	415	695	280	path	3
762	415	569	154	new	3
763	416	596	180	new	3
764	416	732	316	path	3
765	416	680	264	new	3
766	416	581	165	new	3
767	416	560	144	new	3
768	417	679	262	new	3
769	417	583	166	new	3
770	418	769	351	new	3
771	418	561	143	new	3
772	418	645	227	path	3
773	418	623	205	new	3
774	419	696	277	new	3
775	419	820	401	new	3
776	420	651	231	path	3
777	420	548	128	new	3
778	420	653	233	new	3
779	420	556	136	new	3
780	420	572	152	new	3
781	420	695	275	path	3
782	420	596	176	path	3
783	421	557	136	new	3
784	421	554	133	new	3
785	421	634	213	new	3
786	422	633	211	new	3
787	422	726	304	path	3
788	422	948	526	path	3
789	422	601	179	new	3
790	422	555	133	new	3
791	422	738	316	new	3
792	423	820	397	new	3
793	423	637	214	new	3
794	424	716	292	path	3
795	424	716	292	path	3
796	424	606	182	new	3
797	425	559	134	new	3
798	425	633	208	path	3
799	426	639	213	new	3
800	426	426	0	new	3
801	426	758	332	new	3
802	426	735	309	new	3
803	427	561	134	new	3
804	428	732	304	path	3
805	428	711	283	path	3
806	429	645	216	new	3
807	429	563	134	new	3
808	429	625	196	new	3
809	429	624	195	path	3
810	430	812	382	path	3
811	430	637	207	path	3
812	431	612	181	new	3
813	431	565	134	new	3
814	432	647	215	new	3
815	432	566	134	new	3
816	435	610	175	new	3
817	437	646	209	new	3
818	437	569	132	new	3
819	437	571	134	new	3
820	438	626	188	path	3
821	439	621	182	new	3
822	445	653	208	new	3
823	448	834	386	new	3
824	450	633	183	path	3
825	454	606	152	new	3
826	455	781	326	path	3
827	456	648	192	new	3
828	457	622	165	new	3
829	457	457	0	new	3
830	459	679	220	path	3
831	460	709	249	path	3
832	461	594	133	new	3
833	461	768	307	path	3
834	462	642	180	new	3
835	462	638	176	new	3
836	464	650	186	new	3
837	465	633	168	new	3
838	467	838	371	new	3
839	467	626	159	new	3
840	468	641	173	new	3
841	469	626	157	new	3
842	471	471	0	new	3
843	472	604	132	new	3
844	473	615	142	new	3
845	476	671	195	path	3
846	476	634	158	new	3
847	477	635	158	new	3
848	477	611	134	new	3
849	477	688	211	new	3
850	478	637	159	new	3
851	478	632	154	new	3
852	478	478	0	new	3
853	479	630	151	new	3
854	479	787	308	new	3
855	479	663	184	path	3
856	480	680	200	path	3
857	480	728	248	path	3
858	480	691	211	new	3
859	480	677	197	new	3
860	481	685	204	path	3
861	481	679	198	path	3
862	481	696	215	path	3
863	482	657	175	new	3
864	482	773	291	path	3
865	483	697	214	new	3
866	484	870	386	new	3
867	486	809	323	path	3
868	486	772	286	path	3
869	486	688	202	new	3
870	486	674	188	new	3
871	486	796	310	new	3
872	486	652	166	new	3
873	486	775	289	new	3
874	487	757	270	new	3
875	487	714	227	new	3
876	487	781	294	new	3
877	487	677	190	new	3
878	488	635	147	new	3
879	488	803	315	new	3
880	488	701	213	new	3
881	489	710	221	path	3
882	489	489	0	new	3
883	490	633	143	new	3
884	490	666	176	new	3
885	490	624	134	new	3
886	491	811	320	new	3
887	491	812	321	path	3
888	491	649	158	new	3
889	492	626	134	new	3
890	492	626	134	new	3
891	493	646	153	new	3
892	493	686	193	new	3
893	493	706	213	new	3
894	493	639	146	new	3
895	493	702	209	path	3
896	494	691	197	new	3
897	494	713	219	path	3
898	495	651	156	new	3
899	495	854	359	path	3
900	495	685	190	new	3
901	495	653	158	new	3
902	498	635	137	new	3
903	498	788	290	new	3
904	499	856	357	new	3
905	499	693	194	new	3
906	499	499	0	new	3
907	499	746	247	new	3
908	500	500	0	new	3
909	500	773	273	new	3
910	500	781	281	path	3
911	500	644	144	new	3
912	500	500	0	new	3
913	500	843	343	new	3
914	500	710	210	new	3
915	501	855	354	new	3
916	501	635	134	new	3
917	501	713	212	new	3
918	502	502	0	new	3
919	503	646	143	new	3
920	503	783	280	new	3
921	503	801	298	path	3
922	503	691	188	path	3
923	503	827	324	new	3
924	503	636	133	new	3
925	504	637	133	new	3
926	504	774	270	new	3
927	504	780	276	new	3
928	504	824	320	path	3
929	504	701	197	new	3
930	505	669	164	new	3
931	505	801	296	new	3
932	505	753	248	new	3
933	505	639	134	new	3
934	505	693	188	new	3
935	506	736	230	new	3
936	506	994	488	new	3
937	506	671	165	new	3
938	506	640	134	new	3
939	507	697	190	new	3
940	507	640	133	new	3
941	507	763	256	new	3
942	508	654	146	path	3
943	508	720	212	new	3
944	508	703	195	path	3
945	509	649	140	new	3
946	509	643	134	new	3
947	509	649	140	new	3
948	509	700	191	path	3
949	509	792	283	path	3
950	510	766	256	new	3
951	512	724	212	new	3
952	517	649	132	new	3
953	517	683	166	new	3
954	517	792	275	path	3
955	518	653	135	new	3
956	519	655	136	new	3
957	522	814	292	path	3
958	522	719	197	path	3
959	523	657	134	new	3
960	527	812	285	path	3
961	532	666	134	new	3
962	534	798	264	new	3
963	534	726	192	new	3
964	535	714	179	path	3
965	536	730	194	new	3
966	536	796	260	path	3
967	536	802	266	new	3
968	537	537	0	new	3
969	537	671	134	new	3
970	540	674	134	new	3
971	542	688	146	path	3
972	542	788	246	new	3
973	545	715	170	path	3
974	551	747	196	new	3
975	553	685	132	new	3
976	554	791	237	new	3
977	554	699	145	new	3
978	555	904	349	new	3
979	557	691	134	new	3
980	557	793	236	new	3
981	558	712	154	new	3
982	559	854	295	path	3
983	560	560	0	new	3
984	562	767	205	new	3
985	562	1082	520	new	3
986	563	885	322	path	3
987	568	702	134	new	3
988	568	760	192	path	3
989	570	926	356	path	3
990	572	821	249	new	3
991	572	787	215	new	3
992	572	930	358	new	3
993	572	814	242	new	3
994	573	1011	438	new	3
995	573	704	131	new	3
996	573	707	134	new	3
997	575	747	172	new	3
998	576	729	153	new	3
999	576	710	134	new	3
1000	577	896	319	new	3
1001	577	753	176	path	3
1002	581	757	176	path	3
1003	581	863	282	path	3
1004	583	583	0	new	3
1005	584	718	134	new	3
1006	585	732	147	new	3
1007	586	843	257	path	3
1008	587	801	214	new	3
1009	589	804	215	new	3
1010	589	1186	597	path	3
1011	589	932	343	new	3
1012	590	744	154	new	3
1013	590	771	181	new	3
1014	591	863	272	new	3
1015	591	797	206	new	3
1016	592	782	190	new	3
1017	593	803	210	new	3
1018	593	729	136	new	3
1019	593	727	134	new	3
1020	593	798	205	new	3
1021	593	772	179	new	3
1022	594	830	236	path	3
1023	595	731	136	new	3
1024	595	743	148	new	3
1025	596	778	182	new	3
1026	596	789	193	path	3
1027	596	788	192	new	3
1028	596	778	182	new	3
1029	597	762	165	new	3
1030	598	791	193	new	3
1031	599	771	172	new	3
1032	599	733	134	new	3
1033	599	733	134	new	3
1034	599	781	182	path	3
1035	600	751	151	new	3
1036	600	754	154	new	3
1037	601	735	134	new	3
1038	602	768	166	new	3
1039	602	772	170	path	3
1040	603	774	171	new	3
1041	603	759	156	new	3
1042	603	754	151	new	3
1043	604	747	143	path	3
1044	604	764	160	new	3
1045	604	744	140	new	3
1046	604	754	150	new	3
1047	604	813	209	new	3
1048	605	747	142	new	3
1049	605	865	260	new	3
1050	606	813	207	new	3
1051	606	798	192	new	3
1052	606	793	187	new	3
1053	606	787	181	new	3
1054	606	886	280	new	3
1055	607	607	0	new	3
1056	607	854	247	path	3
1057	608	837	229	new	3
1058	608	785	177	new	3
1059	608	802	194	new	3
1060	608	801	193	path	3
1061	609	952	343	path	3
1062	610	786	176	new	3
1063	610	854	244	path	3
1064	610	783	173	new	3
1065	610	967	357	path	3
1066	610	774	164	new	3
1067	610	821	211	new	3
1068	610	807	197	new	3
1069	611	779	168	new	3
1070	611	745	134	new	3
1071	613	790	177	path	3
1072	613	794	181	new	3
1073	613	873	260	new	3
1074	613	846	233	new	3
1075	613	820	207	new	3
1076	613	820	207	new	3
1077	613	867	254	path	3
1078	614	822	208	new	3
1079	614	799	185	new	3
1080	614	851	237	path	3
1081	614	844	230	new	3
1082	614	614	0	new	3
1083	615	809	194	new	3
1084	615	776	161	new	3
1085	615	820	205	new	3
1086	615	776	161	new	3
1087	615	777	162	new	3
1088	615	904	289	path	3
1089	615	828	213	new	3
1090	616	833	217	new	3
1091	616	808	192	new	3
1092	616	781	165	path	3
1093	616	827	211	new	3
1094	616	805	189	new	3
1095	616	819	203	new	3
1096	617	809	192	path	3
1097	617	832	215	new	3
1098	617	772	155	new	3
1099	618	759	141	new	3
1100	618	842	224	new	3
1101	620	855	235	path	3
1102	622	756	134	new	3
1103	622	755	133	new	3
1104	622	782	160	new	3
1105	623	823	200	new	3
1106	623	802	179	new	3
1107	624	836	212	path	3
1108	624	886	262	path	3
1109	624	788	164	new	3
1110	624	843	219	path	3
1111	625	840	215	new	3
1112	626	860	234	path	3
1113	626	855	229	new	3
1114	626	862	236	new	3
1115	626	825	199	new	3
1116	627	814	187	new	3
1117	627	627	0	new	3
1118	627	796	169	new	3
1119	627	763	136	new	3
1120	628	762	134	new	3
1121	628	871	243	path	3
1122	628	856	228	new	3
1123	630	848	218	new	3
1124	630	822	192	new	3
1125	631	862	231	new	3
1126	631	818	187	new	3
1127	631	807	176	new	3
1128	631	910	279	path	3
1129	632	960	328	new	3
1130	632	804	172	new	3
1131	634	829	195	new	3
1132	635	769	134	new	3
1133	635	844	209	new	3
1134	635	814	179	new	3
1135	635	833	198	new	3
1136	636	871	235	path	3
1137	636	1051	415	path	3
1138	636	812	176	new	3
1139	637	798	161	new	3
1140	637	863	226	path	3
1141	637	773	136	new	3
1142	637	797	160	new	3
1143	637	863	226	path	3
1144	637	860	223	path	3
1145	638	838	200	new	3
1146	638	834	196	new	3
1147	639	819	180	new	3
1148	639	824	185	new	3
1149	639	860	221	path	3
1150	639	773	134	new	3
1151	639	826	187	new	3
1152	639	774	135	new	3
1153	640	774	134	new	3
1154	640	817	177	new	3
1155	640	784	144	new	3
1156	641	811	170	new	3
1157	641	827	186	new	3
1158	641	976	335	new	3
1159	642	810	168	new	3
1160	642	776	134	new	3
1161	642	842	200	new	3
1162	643	831	188	new	3
1163	643	859	216	new	3
1164	643	806	163	new	3
1165	643	1418	775	new	3
1166	644	885	241	path	3
1167	644	1096	452	new	3
1168	644	845	201	new	3
1169	644	1092	448	new	3
1170	644	869	225	new	3
1171	644	778	134	new	3
1172	644	948	304	path	3
1173	645	791	146	new	3
1174	645	866	221	path	3
1175	645	810	165	new	3
1176	645	1040	395	new	3
1177	645	778	133	new	3
1178	645	848	203	new	3
1179	645	857	212	path	3
1180	645	843	198	path	3
1181	645	837	192	new	3
1182	646	779	133	new	3
1183	646	780	134	new	3
1184	646	876	230	path	3
1185	646	812	166	new	3
1186	646	779	133	new	3
1187	646	806	160	new	3
1188	646	851	205	path	3
1189	646	1011	365	path	3
1190	646	779	133	new	3
1191	646	857	211	path	3
1192	647	830	183	new	3
1193	647	815	168	new	3
1194	647	1043	396	new	3
1195	647	848	201	new	3
1196	647	821	174	new	3
1197	647	1415	768	path	3
1198	647	1022	375	path	3
1199	648	785	137	new	3
1200	648	824	176	new	3
1201	648	835	187	new	3
1202	649	801	152	new	3
1203	649	830	181	new	3
1204	649	822	173	new	3
1205	649	816	167	new	3
1206	649	1408	759	new	3
1207	649	806	157	new	3
1208	650	806	156	new	3
1209	650	870	220	path	3
1210	650	832	182	new	3
1211	650	809	159	new	3
1212	650	803	153	new	3
1213	651	833	182	new	3
1214	651	787	136	new	3
1215	651	870	219	path	3
1216	651	805	154	new	3
1217	651	828	177	new	3
1218	651	815	164	new	3
1219	651	808	157	new	3
1220	651	842	191	new	3
1221	651	784	133	new	3
1222	652	890	238	path	3
1223	652	788	136	new	3
1224	652	786	134	new	3
1225	652	788	136	new	3
1226	652	788	136	new	3
1227	652	863	211	path	3
1228	652	804	152	new	3
1229	653	826	173	new	3
1230	653	870	217	path	3
1231	653	789	136	new	3
1232	653	784	131	new	3
1233	653	844	191	new	3
1234	653	809	156	new	3
1235	653	787	134	new	3
1236	653	789	136	new	3
1237	653	818	165	new	3
1238	653	804	151	new	3
1239	654	788	134	new	3
1240	654	790	136	new	3
1241	654	863	209	path	3
1242	654	854	200	new	3
1243	654	842	188	path	3
1244	654	935	281	path	3
1245	655	806	151	new	3
1246	655	784	129	new	3
1247	655	998	343	new	3
1248	655	1022	367	path	3
1249	655	790	135	new	3
1250	656	978	322	new	3
1251	656	835	179	new	3
1252	656	818	162	new	3
1253	656	789	133	new	3
1254	656	791	135	new	3
1255	656	806	150	new	3
1256	656	840	184	new	3
1257	656	978	322	path	3
1258	656	842	186	path	3
1259	656	837	181	new	3
1260	656	790	134	new	3
1261	656	844	188	new	3
1262	656	837	181	new	3
1263	656	790	134	new	3
1264	657	896	239	path	3
1265	657	1148	491	new	3
1266	657	838	181	new	3
1267	657	838	181	new	3
1268	657	812	155	new	3
1269	657	838	181	new	3
1270	658	838	180	new	3
1271	658	868	210	new	3
1272	658	816	158	new	3
1273	658	792	134	new	3
1274	659	846	187	new	3
1275	659	836	177	path	3
1276	659	793	134	new	3
1277	659	854	195	new	3
1278	659	845	186	path	3
1279	660	808	148	new	3
1280	660	793	133	new	3
1281	660	904	244	path	3
1282	660	794	134	new	3
1283	660	793	133	new	3
1284	660	824	164	new	3
1285	660	904	244	path	3
1286	660	843	183	new	3
1287	661	795	134	new	3
1288	661	790	129	new	3
1289	661	845	184	new	3
1290	661	843	182	new	3
1291	661	884	223	new	3
1292	661	1380	719	new	3
1293	661	795	134	new	3
1294	662	811	149	new	3
1295	662	832	170	new	3
1296	662	796	134	new	3
1297	662	1464	802	new	3
1298	662	851	189	new	3
1299	662	796	134	new	3
1300	662	804	142	new	3
1301	662	992	330	new	3
1302	662	793	131	new	3
1303	662	805	143	new	3
1304	663	832	169	new	3
1305	663	846	183	path	3
1306	663	815	152	new	3
1307	663	822	159	new	3
1308	663	797	134	new	3
1309	664	843	179	new	3
1310	664	838	174	new	3
1311	664	862	198	path	3
1312	664	828	164	new	3
1313	664	853	189	new	3
1314	664	888	224	new	3
1315	664	853	189	new	3
1316	664	855	191	path	3
1317	664	994	330	path	3
1318	664	811	147	new	3
1319	664	854	190	new	3
1320	664	807	143	new	3
1321	665	799	134	new	3
1322	665	1023	358	new	3
1323	665	801	136	new	3
1324	665	875	210	new	3
1325	665	851	186	path	3
1326	665	812	147	new	3
1327	665	856	191	path	3
1328	665	853	188	new	3
1329	665	811	146	new	3
1330	666	852	186	new	3
1331	666	800	134	new	3
1332	666	820	154	new	3
1333	666	820	154	new	3
1334	666	800	134	new	3
1335	667	815	148	new	3
1336	667	826	159	new	3
1337	667	803	136	new	3
1338	668	825	157	new	3
1339	668	849	181	new	3
1340	669	802	133	new	3
1341	669	844	175	new	3
1342	669	842	173	new	3
1343	669	842	173	new	3
1344	670	885	215	path	3
1345	670	856	186	path	3
1346	671	843	172	new	3
1347	671	865	194	path	3
1348	671	807	136	new	3
1349	672	839	167	new	3
1350	672	806	134	new	3
1351	672	1082	410	path	3
1352	672	808	136	new	3
1353	672	825	153	new	3
1354	672	893	221	path	3
1355	673	886	213	path	3
1356	673	852	179	path	3
1357	674	847	173	new	3
1358	674	808	134	new	3
1359	675	873	198	new	3
1360	675	809	134	new	3
1361	675	838	163	new	3
1362	676	810	134	new	3
1363	676	817	141	new	3
1364	677	846	169	new	3
1365	677	805	128	new	3
1366	678	863	185	new	3
1367	679	1118	439	new	3
1368	681	681	0	new	3
1369	681	865	184	new	3
1370	681	929	248	new	3
1371	681	865	184	new	3
1372	681	865	184	new	3
1373	681	861	180	new	3
1374	682	816	134	new	3
1375	685	826	141	new	3
1376	685	819	134	new	3
1377	685	819	134	new	3
1378	685	873	188	new	3
1379	688	822	134	new	3
1380	689	831	142	new	3
1381	692	828	136	new	3
1382	693	851	158	new	3
1383	693	845	152	new	3
1384	693	827	134	new	3
1385	696	878	182	new	3
1386	697	833	136	new	3
1387	697	831	134	new	3
1388	699	880	181	path	3
1389	699	699	0	new	3
1390	700	875	175	new	3
1391	703	886	183	path	3
1392	703	884	181	new	3
1393	706	955	249	path	3
1394	707	861	154	new	3
1395	724	911	187	new	3
1396	725	902	177	path	3
1397	726	921	195	new	3
1398	738	928	190	new	3
1399	740	873	133	new	3
1400	764	1002	238	new	3
1401	765	898	133	new	3
1402	765	967	202	path	3
1403	766	1029	263	new	3
1404	767	1027	260	path	3
1405	770	1164	394	path	3
1406	776	975	199	new	3
1407	777	949	172	new	3
1408	781	939	158	new	3
1409	782	991	209	new	3
1410	784	784	0	new	3
1411	784	918	134	new	3
1412	787	941	154	new	3
1413	791	925	134	new	3
1414	791	791	0	new	3
1415	791	1069	278	new	3
1416	791	957	166	new	3
1417	793	926	133	new	3
1418	795	971	176	new	3
1419	801	947	146	new	3
1420	801	969	168	new	3
1421	802	955	153	path	3
1422	802	981	179	new	3
1423	802	1315	513	new	3
1424	803	936	133	new	3
1425	803	945	142	new	3
1426	803	939	136	new	3
1427	804	1089	285	new	3
1428	804	804	0	new	3
1429	808	992	184	new	3
1430	811	939	128	new	3
1431	812	1125	313	path	3
1432	813	1017	204	path	3
1433	813	996	183	new	3
1434	813	954	141	new	3
1435	813	1121	308	new	3
1436	814	1118	304	path	3
1437	814	1118	304	new	3
1438	815	949	134	new	3
1439	816	1080	264	new	3
1440	820	1007	187	new	3
1441	821	1125	304	new	3
1442	828	1154	326	new	3
1443	829	1218	389	path	3
1444	829	1218	389	path	3
1445	831	987	156	new	3
1446	831	1031	200	path	3
1447	844	978	134	new	3
1448	846	982	136	new	3
1449	846	982	136	new	3
1450	849	1022	173	new	3
1451	854	1020	166	new	3
1452	855	1021	166	new	3
1453	858	1123	265	path	3
1454	859	993	134	new	3
1455	859	1243	384	new	3
1456	860	1094	234	path	3
1457	873	1092	219	new	3
1458	876	1010	134	new	3
1459	879	1060	181	new	3
1460	880	1016	136	new	3
1461	882	1025	143	new	3
1462	888	1068	180	new	3
1463	893	1033	140	path	3
1464	895	895	0	new	3
1465	899	1077	178	new	3
1466	900	1111	211	new	3
1467	901	1381	480	new	3
1468	901	1087	186	new	3
1469	903	1173	270	new	3
1470	903	1532	629	new	3
1471	905	1125	220	path	3
1472	905	1098	193	new	3
1473	906	1140	234	path	3
1474	906	1112	206	new	3
1475	907	1082	175	new	3
1476	907	1104	197	new	3
1477	907	1097	190	new	3
1478	907	1115	208	new	3
1479	907	1087	180	new	3
1480	908	1114	206	new	3
1481	908	1112	204	new	3
1482	909	1100	191	new	3
1483	909	1105	196	new	3
1484	909	1105	196	new	3
1485	909	1097	188	new	3
1486	909	1045	136	new	3
1487	909	1114	205	new	3
1488	909	1123	214	new	3
1489	910	1178	268	path	3
1490	910	1095	185	new	3
1491	911	1400	489	new	3
1492	911	1139	228	new	3
1493	912	1053	141	new	3
1494	912	1054	142	new	3
1495	912	1045	133	new	3
1496	913	1396	483	new	3
1497	913	1117	204	new	3
1498	913	1055	142	new	3
1499	913	1065	152	new	3
1500	913	1093	180	new	3
1501	913	1178	265	path	3
1502	914	1178	264	path	3
1503	915	1135	220	new	3
1504	916	1118	202	new	3
1505	916	1072	156	new	3
1506	916	1118	202	path	3
1507	917	1149	232	new	3
1508	918	1273	355	path	3
1509	918	1069	151	new	3
1510	918	1273	355	path	3
1511	919	1334	415	new	3
1512	920	1173	253	path	3
1513	920	1277	357	new	3
1514	920	1148	228	path	3
1515	920	1089	169	new	3
1516	920	1153	233	new	3
1517	920	1218	298	new	3
1518	921	1062	141	new	3
1519	921	1139	218	new	3
1520	921	1126	205	new	3
1521	922	1089	167	new	3
1522	922	1079	157	new	3
1523	922	1286	364	new	3
1524	922	1084	162	new	3
1525	923	1070	147	new	3
1526	924	1067	143	new	3
1527	924	1130	206	new	3
1528	925	1126	201	new	3
1529	925	925	0	new	3
1530	925	1059	134	new	3
1531	925	1091	166	new	3
1532	925	1079	154	new	3
1533	926	1060	134	new	3
1534	926	1108	182	new	3
1535	926	1062	136	new	3
1536	927	1075	148	new	3
1537	927	1150	223	path	3
1538	928	1343	415	path	3
1539	928	1075	147	new	3
1540	928	928	0	new	3
1541	928	1072	144	new	3
1542	928	1122	194	new	3
1543	928	1062	134	new	3
1544	928	1061	133	new	3
1545	928	1267	339	new	3
1546	928	1087	159	new	3
1547	929	929	0	new	3
1548	929	1062	133	new	3
1549	929	1074	145	new	3
1550	929	1087	158	new	3
1551	929	1150	221	new	3
1552	929	1065	136	new	3
1553	929	929	0	new	3
1554	929	1063	134	new	3
1555	930	1456	526	path	3
1556	930	1063	133	new	3
1557	930	1131	201	new	3
1558	930	1122	192	new	3
1559	930	1204	274	path	3
1560	930	930	0	new	3
1561	930	1087	157	new	3
1562	930	1256	326	new	3
1563	930	1064	134	new	3
1564	931	1444	513	path	3
1565	931	1132	201	path	3
1566	931	1064	133	new	3
1567	931	1080	149	new	3
1568	931	1076	145	new	3
1569	932	1118	186	path	3
1570	932	932	0	new	3
1571	932	1222	290	path	3
1572	932	1066	134	new	3
1573	932	1117	185	new	3
1574	932	1080	148	new	3
1575	932	1066	134	new	3
1576	932	1098	166	new	3
1577	932	1098	166	new	3
1578	932	1068	136	new	3
1579	933	1067	134	new	3
1580	933	1067	134	new	3
1581	933	1067	134	new	3
1582	934	1067	133	new	3
1583	934	1491	557	path	3
1584	935	1152	217	path	3
1585	935	1083	148	new	3
1586	935	1102	167	new	3
1587	935	1351	416	path	3
1588	935	935	0	new	3
1589	935	1133	198	new	3
1590	936	1346	410	path	3
1591	936	1218	282	path	3
1592	936	1341	405	path	3
1593	936	1130	194	new	3
1594	936	1070	134	new	3
1595	936	1113	177	new	3
1596	936	1096	160	new	3
1597	937	1218	281	path	3
1598	938	1086	148	new	3
1599	938	1093	155	new	3
1600	938	1071	133	new	3
1601	938	1334	396	path	3
1602	938	1351	413	new	3
1603	938	1218	280	path	3
1604	939	1081	142	new	3
1605	939	1146	207	path	3
1606	939	1334	395	new	3
1607	939	1138	199	new	3
1608	940	1375	435	path	3
1609	940	1140	200	new	3
1610	940	1276	336	new	3
1611	940	1341	401	path	3
1612	940	1073	133	new	3
1613	941	1084	143	new	3
1614	941	1139	198	path	3
1615	941	1143	202	new	3
1616	941	1334	393	path	3
1617	942	1076	134	new	3
1618	942	1148	206	path	3
1619	943	1145	202	new	3
1620	943	1091	148	new	3
1621	943	1149	206	new	3
1622	944	1072	128	new	3
1623	944	1264	320	new	3
1624	945	1139	194	new	3
1625	945	1079	134	new	3
1626	945	1139	194	new	3
1627	947	1125	178	new	3
1628	948	1085	137	new	3
1629	948	1139	191	new	3
1630	948	1089	141	path	3
1631	949	1281	332	new	3
1632	949	1139	190	new	3
1633	950	1082	132	new	3
1634	951	1272	321	new	3
1635	952	1129	177	new	3
1636	953	1104	151	new	3
1637	953	1085	132	new	3
1638	953	1087	134	new	3
1639	953	1087	134	new	3
1640	953	1089	136	new	3
1641	953	1110	157	new	3
1642	956	1159	203	path	3
1643	957	1563	606	path	3
1644	957	1124	167	new	3
1645	957	1091	134	new	3
1646	957	1398	441	new	3
1647	957	1368	411	new	3
1648	957	1447	490	new	3
1649	957	1093	136	new	3
1650	959	1112	153	new	3
1651	959	1382	423	new	3
1652	959	1110	151	new	3
1653	959	1361	402	path	3
1654	959	1098	139	new	3
1655	959	1142	183	new	3
1656	960	1094	134	new	3
1657	961	1344	383	new	3
1658	962	1244	282	new	3
1659	963	1400	437	path	3
1660	963	1204	241	new	3
1661	963	1148	185	new	3
1662	963	1115	152	path	3
1663	964	1159	195	path	3
1664	965	1101	136	new	3
1665	965	1142	177	new	3
1666	965	1147	182	new	3
1667	971	1141	170	new	3
1668	972	1106	134	new	3
1669	973	1107	134	new	3
1670	973	1109	136	new	3
1671	973	1152	179	new	3
1672	977	1178	201	path	3
1673	983	1306	323	path	3
1674	983	1158	175	new	3
1675	983	1167	184	new	3
1676	986	1315	329	path	3
1677	1012	1334	322	path	3
1678	1013	1286	273	new	3
1679	1015	1272	257	path	3
1680	1015	1341	326	new	3
1681	1016	1490	474	new	3
1682	1017	1282	265	new	3
1683	1017	1305	288	new	3
1684	1017	1246	229	new	3
1685	1018	1562	544	path	3
1686	1019	1019	0	new	3
1687	1020	1156	136	new	3
1688	1024	1212	188	new	3
1689	1026	1518	492	path	3
1690	1031	1226	195	new	3
1691	1035	1229	194	new	3
1692	1035	1229	194	new	3
1693	1039	1241	202	new	3
1694	1039	1312	273	new	3
1695	1040	1173	133	new	3
1696	1043	1438	395	new	3
1697	1049	1383	334	new	3
1698	1051	1246	195	new	3
1699	1063	1402	339	path	3
1700	1071	1400	329	new	3
1701	1072	1277	205	new	3
1702	1073	1419	346	new	3
1703	1074	1365	291	new	3
1704	1074	1409	335	path	3
1705	1075	1433	358	new	3
1706	1075	1426	351	new	3
1707	1076	1288	212	new	3
1708	1077	1274	197	new	3
1709	1077	1492	415	new	3
1710	1077	1283	206	new	3
1711	1077	1279	202	new	3
1712	1078	1334	256	path	3
1713	1078	1281	203	new	3
1714	1078	1277	199	new	3
1715	1078	1211	133	new	3
1716	1079	1386	307	path	3
1717	1080	1380	300	new	3
1718	1080	1248	168	new	3
1719	1080	1399	319	new	3
1720	1080	1433	353	path	3
1721	1080	1214	134	new	3
1722	1081	1875	794	new	3
1723	1081	1215	134	new	3
1724	1082	1238	156	new	3
1725	1083	1261	178	new	3
1726	1083	1551	468	new	3
1727	1083	1327	244	new	3
1728	1084	1218	134	new	3
1729	1084	1269	185	new	3
1730	1085	1456	371	new	3
1731	1087	1378	291	new	3
1732	1087	1337	250	path	3
1733	1088	1344	256	path	3
1734	1088	1379	291	new	3
1735	1088	1316	228	new	3
1736	1089	1617	528	path	3
1737	1089	1224	135	new	3
1738	1090	1274	184	new	3
1739	1090	1344	254	path	3
1740	1091	1225	134	new	3
1741	1092	1319	227	new	3
1742	1092	1272	180	new	3
1743	1092	1326	234	new	3
1744	1093	1265	172	new	3
1745	1093	1349	256	path	3
1746	1093	1227	134	new	3
1747	1093	1227	134	new	3
1748	1093	1281	188	new	3
1749	1094	1677	583	new	3
1750	1094	1344	250	path	3
1751	1094	1322	228	new	3
1752	1094	1322	228	new	3
1753	1094	1282	188	new	3
1754	1095	1095	0	new	3
1755	1095	1268	173	new	3
1756	1095	1231	136	new	3
1757	1096	1322	226	new	3
1758	1096	1392	296	new	3
1759	1096	1273	177	new	3
1760	1096	1273	177	new	3
1761	1096	1327	231	new	3
1762	1097	1259	162	new	3
1763	1097	1325	228	new	3
1764	1097	1271	174	new	3
1765	1097	1360	263	path	3
1766	1097	1291	194	new	3
1767	1098	1292	194	new	3
1768	1098	1418	320	new	3
1769	1098	1376	278	path	3
1770	1098	1296	198	new	3
1771	1098	1234	136	new	3
1772	1098	1367	269	new	3
1773	1098	1392	294	new	3
1774	1098	1232	134	new	3
1775	1098	1320	222	new	3
1776	1098	1310	212	new	3
1777	1099	1301	202	new	3
1778	1099	1364	265	path	3
1779	1099	1498	399	new	3
1780	1099	1291	192	new	3
1781	1099	1233	134	new	3
1782	1100	1317	217	new	3
1783	1100	1100	0	new	3
1784	1100	1324	224	new	3
1785	1100	1234	134	new	3
1786	1100	1361	261	path	3
1787	1100	1281	181	new	3
1788	1101	1332	231	new	3
1789	1101	1331	230	new	3
1790	1101	1264	163	new	3
1791	1101	1316	215	new	3
1792	1101	1234	133	new	3
1793	1102	1236	134	new	3
1794	1102	1460	358	path	3
1795	1102	1415	313	path	3
1796	1102	1334	232	new	3
1797	1102	1393	291	new	3
1798	1103	1338	235	new	3
1799	1103	1239	136	new	3
1800	1103	1383	280	path	3
1801	1104	1291	187	path	3
1802	1104	1521	417	new	3
1803	1104	1240	136	new	3
1804	1104	1327	223	new	3
1805	1104	1395	291	new	3
1806	1104	1514	410	new	3
1807	1104	1295	191	new	3
1808	1104	1439	335	new	3
1809	1104	1295	191	new	3
1810	1105	1342	237	new	3
1811	1105	1351	246	new	3
1812	1105	1489	384	new	3
1813	1105	1300	195	new	3
1814	1105	1237	132	new	3
1815	1106	1321	215	new	3
1816	1106	1334	228	new	3
1817	1106	1378	272	new	3
1818	1107	1329	222	new	3
1819	1107	1252	145	new	3
1820	1107	1427	320	path	3
1821	1107	1305	198	new	3
1822	1107	1315	208	new	3
1823	1107	1441	334	path	3
1824	1108	1314	206	new	3
1825	1108	1325	217	new	3
1826	1108	1372	264	new	3
1827	1109	1317	208	new	3
1828	1109	1404	295	new	3
1829	1109	1382	273	path	3
1830	1109	1243	134	new	3
1831	1110	1294	184	new	3
1832	1110	1244	134	new	3
1833	1110	1244	134	new	3
1834	1111	1560	449	new	3
1835	1111	1304	193	new	3
1836	1111	1241	130	new	3
1837	1111	1334	223	new	3
1838	1111	1298	187	new	3
1839	1112	1267	155	new	3
1840	1112	1502	390	path	3
1841	1113	1273	160	new	3
1842	1113	1326	213	path	3
1843	1113	1418	305	path	3
1844	1113	1342	229	path	3
1845	1113	1306	193	new	3
1846	1114	1290	176	new	3
1847	1114	1266	152	new	3
1848	1115	1293	178	new	3
1849	1115	1249	134	new	3
1850	1115	1766	651	new	3
1851	1115	1277	162	path	3
1852	1115	1435	320	new	3
1853	1115	1258	143	new	3
1854	1116	1395	279	new	3
1855	1116	1304	188	new	3
1856	1116	1400	284	path	3
1857	1116	1285	169	new	3
1858	1116	1287	171	new	3
1859	1116	1245	129	new	3
1860	1116	1426	310	path	3
1861	1117	1351	234	path	3
1862	1117	1251	134	new	3
1863	1117	1402	285	new	3
1864	1118	1286	168	new	3
1865	1118	1254	136	new	3
1866	1118	1611	493	path	3
1867	1118	1321	203	new	3
1868	1118	1387	269	new	3
1869	1119	1400	281	new	3
1870	1119	1419	300	path	3
1871	1119	1336	217	new	3
1872	1120	1447	327	path	3
1873	1120	1273	153	new	3
1874	1120	1351	231	path	3
1875	1120	1275	155	new	3
1876	1120	1289	169	new	3
1877	1121	1517	396	new	3
1878	1121	1461	340	new	3
1879	1121	1265	144	new	3
1880	1122	1344	222	path	3
1881	1122	1322	200	new	3
1882	1122	1457	335	path	3
1883	1122	1294	172	new	3
1884	1122	1264	142	new	3
1885	1122	1307	185	new	3
1886	1122	1349	227	path	3
1887	1122	1502	380	path	3
1888	1123	1391	268	new	3
1889	1123	1277	154	new	3
1890	1124	1258	134	new	3
1891	1124	1327	203	path	3
1892	1124	1260	136	new	3
1893	1124	1317	193	new	3
1894	1124	1260	136	new	3
1895	1125	1453	328	new	3
1896	1125	1312	187	new	3
1897	1125	1317	192	new	3
1898	1125	1447	322	new	3
1899	1125	1315	190	new	3
1900	1126	1261	135	new	3
1901	1126	1271	145	new	3
1902	1126	1274	148	new	3
1903	1126	1327	201	new	3
1904	1126	1585	459	new	3
1905	1126	1566	440	path	3
1906	1126	1258	132	new	3
1907	1127	1272	145	new	3
1908	1127	1261	134	new	3
1909	1127	1330	203	new	3
1910	1127	1406	279	new	3
1911	1127	1281	154	new	3
1912	1127	1343	216	path	3
1913	1127	1337	210	path	3
1914	1127	1453	326	new	3
1915	1128	1326	198	new	3
1916	1128	1297	169	new	3
1917	1128	1262	134	new	3
1918	1129	1307	178	new	3
1919	1129	1319	190	new	3
1920	1129	1261	132	new	3
1921	1129	1492	363	path	3
1922	1129	1278	149	new	3
1923	1130	1329	199	new	3
1924	1130	1710	580	path	3
1925	1130	1337	207	new	3
1926	1130	1275	145	new	3
1927	1130	1340	210	new	3
1928	1131	1415	284	path	3
1929	1131	1265	134	new	3
1930	1131	1555	424	new	3
1931	1132	1266	134	new	3
1932	1132	1266	134	new	3
1933	1132	1441	309	new	3
1934	1132	1402	270	new	3
1935	1132	1328	196	new	3
1936	1133	1434	301	new	3
1937	1133	1534	401	new	3
1938	1134	1331	197	new	3
1939	1134	1299	165	new	3
1940	1134	1559	425	new	3
1941	1134	1268	134	new	3
1942	1134	1293	159	new	3
1943	1134	1275	141	new	3
1944	1134	1316	182	new	3
1945	1136	1279	143	new	3
1946	1136	1272	136	new	3
1947	1136	1270	134	new	3
1948	1137	1318	181	new	3
1949	1137	1271	134	new	3
1950	1137	1288	151	new	3
1951	1137	1336	199	new	3
1952	1138	1272	134	new	3
1953	1138	1272	134	new	3
1954	1139	1337	198	path	3
1955	1139	1476	337	path	3
1956	1141	1141	0	new	3
1957	1144	1341	197	path	3
1958	1144	1280	136	new	3
1959	1145	1491	346	path	3
1960	1145	1279	134	new	3
1961	1146	1552	406	new	3
1962	1146	1345	199	new	3
1963	1146	1697	551	new	3
1964	1149	1344	195	path	3
1965	1149	1327	178	new	3
1966	1149	1712	563	new	3
1967	1153	1523	370	new	3
1968	1153	1394	241	path	3
1969	1153	1313	160	path	3
1970	1154	1382	228	new	3
1971	1154	1291	137	new	3
1972	1155	1407	252	path	3
1973	1155	1289	134	new	3
1974	1156	1419	263	path	3
1975	1156	1373	217	new	3
1976	1156	1290	134	new	3
1977	1156	1320	164	new	3
1978	1157	1310	153	new	3
1979	1158	1341	183	new	3
1980	1160	1492	332	path	3
1981	1161	1339	178	new	3
1982	1162	1386	224	new	3
1983	1163	1380	217	path	3
1984	1163	1339	176	new	3
1985	1164	1346	182	new	3
1986	1164	1427	263	path	3
1987	1164	1300	136	new	3
1988	1165	1423	258	path	3
1989	1165	1375	210	path	3
1990	1165	1302	137	new	3
1991	1167	1296	129	new	3
1992	1167	1315	148	new	3
1993	1167	1503	336	new	3
1994	1167	1352	185	new	3
1995	1168	1376	208	new	3
1996	1168	1332	164	new	3
1997	1168	1355	187	new	3
1998	1168	1297	129	new	3
1999	1169	1298	129	new	3
2000	1169	1516	347	new	3
2001	1169	1303	134	new	3
2002	1169	1313	144	new	3
2003	1169	1303	134	new	3
2004	1169	1495	326	new	3
2005	1169	1301	132	new	3
2006	1169	1320	151	new	3
2007	1170	1306	136	new	3
2008	1170	1380	210	new	3
2009	1170	1326	156	new	3
2010	1170	1306	136	new	3
2011	1170	1321	151	new	3
2012	1171	1372	201	new	3
2013	1171	1331	160	new	3
2014	1172	1358	186	new	3
2015	1172	1404	232	path	3
2016	1173	1360	187	path	3
2017	1173	1376	203	path	3
2018	1173	1332	159	new	3
2019	1173	1363	190	path	3
2020	1174	1326	152	new	3
2021	1174	1322	148	new	3
2022	1174	1338	164	new	3
2023	1174	1304	130	new	3
2024	1175	1311	136	new	3
2025	1175	1391	216	new	3
2026	1175	1364	189	path	3
2027	1175	1175	0	new	3
2028	1176	1398	222	path	3
2029	1176	1310	134	new	3
2030	1176	1323	147	new	3
2031	1176	1341	165	new	3
2032	1176	1525	349	new	3
2033	1176	1341	165	new	3
2034	1177	1311	134	new	3
2035	1177	1312	135	new	3
2036	1178	1418	240	new	3
2037	1178	1338	160	new	3
2038	1178	1320	142	new	3
2039	1179	1430	251	path	3
2040	1179	1365	186	new	3
2041	1180	1321	141	new	3
2042	1180	1481	301	new	3
2043	1180	1314	134	new	3
2044	1180	1364	184	new	3
2045	1180	1381	201	new	3
2046	1181	1409	228	new	3
2047	1181	1333	152	new	3
2048	1181	1439	258	path	3
2049	1181	1382	201	new	3
2050	1181	1361	180	new	3
2051	1181	1517	336	new	3
2052	1181	1418	237	path	3
2053	1181	1315	134	new	3
2054	1182	1318	136	new	3
2055	1182	1352	170	new	3
2056	1182	1438	256	path	3
2057	1183	1317	134	new	3
2058	1183	1382	199	new	3
2059	1183	1394	211	new	3
2060	1183	1612	429	path	3
2061	1184	1366	182	new	3
2062	1185	1636	451	path	3
2063	1185	1374	189	new	3
2064	1185	1471	286	new	3
2065	1185	1805	620	new	3
2066	1185	1372	187	new	3
2067	1185	1385	200	new	3
2068	1186	1334	148	new	3
2069	1186	1370	184	new	3
2070	1186	1364	178	new	3
2071	1186	1406	220	new	3
2072	1186	1320	134	new	3
2073	1186	1334	148	new	3
2074	1187	1386	199	new	3
2075	1187	1331	144	new	3
2076	1187	1386	199	new	3
2077	1187	1399	212	new	3
2078	1188	1376	188	new	3
2079	1188	1340	152	new	3
2080	1188	1349	161	new	3
2081	1188	1419	231	new	3
2082	1188	1510	322	new	3
2083	1188	1521	333	path	3
2084	1189	1323	134	new	3
2085	1189	1369	180	new	3
2086	1189	1321	132	new	3
2087	1189	1366	177	new	3
2088	1190	1369	179	new	3
2089	1190	1327	137	new	3
2090	1190	1349	159	new	3
2091	1190	1377	187	new	3
2092	1190	1324	134	new	3
2093	1190	1326	136	new	3
2094	1191	1191	0	new	3
2095	1191	1346	155	new	3
2096	1192	1431	239	new	3
2097	1192	1381	189	new	3
2098	1192	1328	136	new	3
2099	1192	1328	136	new	3
2100	1192	1326	134	new	3
2101	1193	1379	186	new	3
2102	1193	1407	214	new	3
2103	1193	1415	222	new	3
2104	1193	1402	209	path	3
2105	1193	1338	145	new	3
2106	1193	1391	198	new	3
2107	1193	1326	133	new	3
2108	1194	1352	158	new	3
2109	1194	1347	153	new	3
2110	1194	1365	171	new	3
2111	1194	1452	258	new	3
2112	1194	1382	188	new	3
2113	1195	1642	447	new	3
2114	1195	1329	134	new	3
2115	1196	1329	133	new	3
2116	1196	1330	134	new	3
2117	1196	1332	136	new	3
2118	1196	1384	188	new	3
2119	1196	1383	187	new	3
2120	1196	1344	148	new	3
2121	1197	1331	134	new	3
2122	1197	1349	152	new	3
2123	1197	1440	243	path	3
2124	1198	1396	198	path	3
2125	1198	1368	170	new	3
2126	1198	1372	174	path	3
2127	1198	1390	192	new	3
2128	1198	1332	134	new	3
2129	1198	1464	266	path	3
2130	1199	1404	205	new	3
2131	1199	1332	133	new	3
2132	1199	1417	218	new	3
2133	1200	1393	193	new	3
2134	1200	1398	198	new	3
2135	1200	1392	192	new	3
2136	1201	1514	313	new	3
2137	1201	1433	232	path	3
2138	1201	1335	134	new	3
2139	1202	1414	212	new	3
2140	1202	1341	139	new	3
2141	1202	1453	251	path	3
2142	1202	1443	241	path	3
2143	1202	1342	140	new	3
2144	1202	1477	275	new	3
2145	1203	1421	218	new	3
2146	1203	1349	146	new	3
2147	1203	1531	328	path	3
2148	1203	1444	241	new	3
2149	1203	1336	133	new	3
2150	1203	1351	148	new	3
2151	1203	1336	133	new	3
2152	1203	1405	202	new	3
2153	1204	1601	397	path	3
2154	1204	1509	305	new	3
2155	1204	1357	153	new	3
2156	1204	1428	224	new	3
2157	1204	1352	148	new	3
2158	1204	1396	192	new	3
2159	1204	1379	175	path	3
2160	1205	1460	255	path	3
2161	1205	1385	180	new	3
2162	1205	1384	179	new	3
2163	1205	1372	167	new	3
2164	1205	1530	325	new	3
2165	1205	1383	178	new	3
2166	1206	1412	206	new	3
2167	1206	1554	348	new	3
2168	1206	1408	202	new	3
2169	1206	1340	134	new	3
2170	1206	1340	134	new	3
2171	1206	1413	207	new	3
2172	1207	1445	238	new	3
2173	1208	1342	134	new	3
2174	1208	1391	183	path	3
2175	1208	1342	134	new	3
2176	1208	1538	330	path	3
2177	1208	1400	192	new	3
2178	1208	1447	239	path	3
2179	1208	1423	215	path	3
2180	1208	1428	220	new	3
2181	1208	1344	136	new	3
2182	1209	1460	251	path	3
2183	1209	1502	293	path	3
2184	1209	1382	173	new	3
2185	1209	1405	196	new	3
2186	1209	1408	199	new	3
2187	1209	1380	171	new	3
2188	1210	1585	375	path	3
2189	1210	1585	375	path	3
2190	1210	1566	356	path	3
2191	1211	1506	295	new	3
2192	1211	1377	166	new	3
2193	1211	1339	128	new	3
2194	1212	1402	190	path	3
2195	1212	1411	199	new	3
2196	1212	1533	321	new	3
2197	1212	1408	196	new	3
2198	1212	1212	0	new	3
2199	1212	1377	165	path	3
2200	1213	1412	199	new	3
2201	1215	1398	183	new	3
2202	1215	1693	478	path	3
2203	1215	1379	164	new	3
2204	1215	1375	160	new	3
2205	1215	1423	208	path	3
2206	1215	1349	134	new	3
2207	1216	1397	181	new	3
2208	1216	1379	163	path	3
2209	1217	1463	246	new	3
2210	1217	1627	410	new	3
2211	1217	1483	266	new	3
2212	1218	1630	412	path	3
2213	1219	1367	148	new	3
2214	1219	1503	284	new	3
2215	1219	1648	429	new	3
2216	1219	1393	174	new	3
2217	1220	1423	203	path	3
2218	1221	1392	171	new	3
2219	1221	1579	358	new	3
2220	1221	1573	352	new	3
2221	1222	1550	328	new	3
2222	1222	1356	134	new	3
2223	1224	1438	214	new	3
2224	1224	1429	205	new	3
2225	1225	1711	486	new	3
2226	1225	1439	214	new	3
2227	1225	1418	193	new	3
2228	1225	1456	231	path	3
2229	1225	1422	197	new	3
2230	1226	1378	152	new	3
2231	1226	1528	302	new	3
2232	1227	1371	144	new	3
2233	1227	1453	226	path	3
2234	1227	1357	130	new	3
2235	1227	1447	220	path	3
2236	1228	1390	162	new	3
2237	1228	1417	189	new	3
2238	1228	1498	270	new	3
2239	1229	1400	171	new	3
2240	1229	1380	151	new	3
2241	1229	1402	173	path	3
2242	1229	1470	241	path	3
2243	1230	1364	134	new	3
2244	1230	1372	142	new	3
2245	1230	1391	161	new	3
2246	1230	1657	427	new	3
2247	1231	1364	133	new	3
2248	1231	1553	322	new	3
2249	1231	1553	322	new	3
2250	1232	1452	220	new	3
2251	1232	1403	171	new	3
2252	1232	1395	163	new	3
2253	1232	1555	323	new	3
2254	1232	1390	158	new	3
2255	1233	1497	264	new	3
2256	1233	1384	151	new	3
2257	1233	1377	144	new	3
2258	1233	1494	261	new	3
2259	1233	1375	142	new	3
2260	1233	1367	134	new	3
2261	1234	1512	278	new	3
2262	1234	1385	151	new	3
2263	1234	1477	243	path	3
2264	1234	1493	259	new	3
2265	1234	1370	136	new	3
2266	1234	1394	160	new	3
2267	1234	1425	191	new	3
2268	1234	1385	151	new	3
2269	1234	1396	162	new	3
2270	1235	1454	219	new	3
2271	1235	1399	164	new	3
2272	1235	1627	392	path	3
2273	1235	1378	143	new	3
2274	1235	1381	146	new	3
2275	1236	1393	157	new	3
2276	1236	1382	146	new	3
2277	1236	1370	134	new	3
2278	1236	1386	150	new	3
2279	1236	1370	134	new	3
2280	1236	1370	134	new	3
2281	1236	1369	133	new	3
2282	1237	1389	152	new	3
2283	1237	1384	147	new	3
2284	1237	1486	249	new	3
2285	1237	1523	286	new	3
2286	1237	1409	172	new	3
2287	1237	1461	224	path	3
2288	1238	1372	134	new	3
2289	1238	1374	136	new	3
2290	1238	1415	177	new	3
2291	1238	1429	191	new	3
2292	1238	1400	162	new	3
2293	1238	1400	162	new	3
2294	1239	1407	168	new	3
2295	1239	1542	303	new	3
2296	1239	1422	183	new	3
2297	1240	1478	238	new	3
2298	1240	1376	136	new	3
2299	1240	1552	312	path	3
2300	1240	1494	254	path	3
2301	1240	1374	134	new	3
2302	1240	1529	289	new	3
2303	1240	1456	216	path	3
2304	1241	1399	158	new	3
2305	1241	1386	145	new	3
2306	1241	1430	189	new	3
2307	1241	1430	189	new	3
2308	1241	1382	141	new	3
2309	1241	1441	200	path	3
2310	1241	1512	271	new	3
2311	1241	1406	165	new	3
2312	1241	1433	192	path	3
2313	1242	1388	146	new	3
2314	1242	1506	264	path	3
2315	1243	1407	164	new	3
2316	1243	1423	180	path	3
2317	1243	1469	226	new	3
2318	1243	1377	134	new	3
2319	1243	1457	214	path	3
2320	1243	1377	134	new	3
2321	1243	1540	297	new	3
2322	1244	1415	171	new	3
2323	1244	1391	147	new	3
2324	1244	1427	183	new	3
2325	1244	1486	242	path	3
2326	1244	1402	158	new	3
2327	1245	1489	244	path	3
2328	1245	1403	158	new	3
2329	1246	1432	186	new	3
2330	1246	1403	157	new	3
2331	1246	1421	175	new	3
2332	1246	1445	199	new	3
2333	1246	1496	250	new	3
2334	1247	1458	211	path	3
2335	1247	1395	148	new	3
2336	1248	1382	134	new	3
2337	1248	1382	134	new	3
2338	1248	1446	198	new	3
2339	1248	1382	134	new	3
2340	1249	1409	160	new	3
2341	1249	1383	134	new	3
2342	1250	1503	253	new	3
2343	1250	1386	136	new	3
2344	1250	1433	183	new	3
2345	1250	1497	247	path	3
2346	1250	1431	181	path	3
2347	1250	1384	134	new	3
2348	1251	1418	167	new	3
2349	1251	1507	256	new	3
2350	1251	1403	152	new	3
2351	1251	1401	150	new	3
2352	1251	1385	134	new	3
2353	1252	1635	383	new	3
2354	1252	1395	143	new	3
2355	1252	1386	134	new	3
2356	1252	1417	165	new	3
2357	1252	1461	209	new	3
2358	1252	1442	190	new	3
2359	1252	1386	134	new	3
2360	1252	1408	156	new	3
2361	1252	1400	148	new	3
2362	1252	1388	136	new	3
2363	1253	1387	134	new	3
2364	1253	1387	134	new	3
2365	1253	1432	179	new	3
2366	1253	1387	134	new	3
2367	1253	1389	136	new	3
2368	1253	1440	187	path	3
2369	1253	1406	153	new	3
2370	1253	1489	236	new	3
2371	1253	1390	137	new	3
2372	1253	1387	134	new	3
2373	1253	1429	176	path	3
2374	1253	1387	134	new	3
2375	1253	1389	136	new	3
2376	1254	1443	189	new	3
2377	1254	1456	202	path	3
2378	1254	1402	148	new	3
2379	1254	1546	292	path	3
2380	1254	1388	134	new	3
2381	1254	1390	136	new	3
2382	1254	1405	151	new	3
2383	1254	1388	134	new	3
2384	1255	1389	134	new	3
2385	1255	1440	185	new	3
2386	1255	1389	134	new	3
2387	1255	1445	190	new	3
2388	1255	1391	136	new	3
2389	1255	1402	147	new	3
2390	1256	1416	160	new	3
2391	1256	1410	154	new	3
2392	1256	1390	134	new	3
2393	1256	1390	134	new	3
2394	1256	1389	133	new	3
2395	1256	1400	144	new	3
2396	1256	1399	143	new	3
2397	1257	1498	241	path	3
2398	1257	1391	134	new	3
2399	1257	1390	133	new	3
2400	1257	1433	176	new	3
2401	1257	1391	134	new	3
2402	1257	1413	156	new	3
2403	1258	1392	134	new	3
2404	1258	1458	200	new	3
2405	1258	1392	134	new	3
2406	1258	1392	134	new	3
2407	1259	1434	175	new	3
2408	1259	1395	136	new	3
2409	1259	1535	276	new	3
2410	1259	1532	273	new	3
2411	1259	1429	170	new	3
2412	1259	1434	175	new	3
2413	1259	1395	136	new	3
2414	1259	1525	266	new	3
2415	1260	1432	172	new	3
2416	1260	1453	193	path	3
2417	1260	1402	142	new	3
2418	1260	1404	144	new	3
2419	1260	1394	134	new	3
2420	1260	1432	172	new	3
2421	1260	1417	157	new	3
2422	1261	1403	142	new	3
2423	1261	1395	134	new	3
2424	1261	1396	135	new	3
2425	1261	1395	134	new	3
2426	1262	1398	136	new	3
2427	1262	1462	200	new	3
2428	1262	1445	183	new	3
2429	1262	1438	176	new	3
2430	1262	1410	148	new	3
2431	1262	1432	170	new	3
2432	1262	1398	136	new	3
2433	1262	1431	169	new	3
2434	1263	1424	161	new	3
2435	1263	1397	134	new	3
2436	1263	1517	254	path	3
2437	1264	1398	134	new	3
2438	1264	1424	160	new	3
2439	1264	1407	143	new	3
2440	1264	1452	188	path	3
2441	1264	1532	268	path	3
2442	1264	1477	213	new	3
2443	1264	1398	134	new	3
2444	1264	1432	168	new	3
2445	1264	1453	189	path	3
2446	1265	1498	233	path	3
2447	1265	1411	146	new	3
2448	1265	1684	419	path	3
2449	1265	1394	129	new	3
2450	1266	1446	180	new	3
2451	1266	1400	134	new	3
2452	1266	1460	194	new	3
2453	1266	1400	134	new	3
2454	1266	1414	148	new	3
2455	1266	1400	134	new	3
2456	1266	1515	249	new	3
2457	1266	1409	143	new	3
2458	1267	1408	141	new	3
2459	1267	1446	179	new	3
2460	1267	1422	155	new	3
2461	1267	1401	134	new	3
2462	1267	1408	141	new	3
2463	1268	1476	208	path	3
2464	1268	1561	293	new	3
2465	1268	1409	141	new	3
2466	1268	1414	146	new	3
2467	1268	1452	184	path	3
2468	1268	1473	205	new	3
2469	1268	1507	239	new	3
2470	1268	1449	181	new	3
2471	1268	1404	136	new	3
2472	1268	1419	151	new	3
2473	1268	1402	134	new	3
2474	1269	1458	189	new	3
2475	1269	1405	136	new	3
2476	1269	1418	149	new	3
2477	1269	1419	150	new	3
2478	1269	1524	255	new	3
2479	1269	1775	506	new	3
2480	1269	1403	134	new	3
2481	1269	1405	136	new	3
2482	1269	1403	134	new	3
2483	1269	1495	226	new	3
2484	1270	1419	149	new	3
2485	1270	1508	238	new	3
2486	1270	1404	134	new	3
2487	1270	1420	150	new	3
2488	1270	1436	166	new	3
2489	1271	1471	200	path	3
2490	1271	1412	141	new	3
2491	1271	1404	133	new	3
2492	1271	1460	189	new	3
2493	1272	1406	134	new	3
2494	1272	1449	177	new	3
2495	1272	1442	170	new	3
2496	1272	1405	133	new	3
2497	1272	1414	142	new	3
2498	1272	1406	134	new	3
2499	1273	1535	262	path	3
2500	1273	1556	283	new	3
2501	1273	1407	134	new	3
2502	1274	1407	133	new	3
2503	1274	1407	133	new	3
2504	1274	1449	175	new	3
2505	1274	1417	143	new	3
2506	1274	1407	133	new	3
2507	1274	1481	207	new	3
2508	1275	1403	128	new	3
2509	1275	1410	135	new	3
2510	1275	1417	142	new	3
2511	1275	1451	176	new	3
2512	1275	1434	159	new	3
2513	1277	1410	133	new	3
2514	1278	1445	167	new	3
2515	1278	1489	211	new	3
2516	1279	1413	134	new	3
2517	1279	1413	134	new	3
2518	1279	1407	128	new	3
2519	1282	1517	235	new	3
2520	1283	1443	160	path	3
2521	1283	1417	134	new	3
2522	1283	1611	328	path	3
2523	1286	1479	193	new	3
2524	1286	1479	193	new	3
2525	1287	1423	136	new	3
2526	1287	1688	401	path	3
2527	1288	1288	0	new	3
2528	1288	1482	194	new	3
2529	1289	1667	378	path	3
2530	1289	1572	283	new	3
2531	1292	1426	134	new	3
2532	1292	1470	178	new	3
2533	1292	1426	134	new	3
2534	1295	1430	135	new	3
2535	1296	1533	237	new	3
2536	1297	1494	197	new	3
2537	1298	1484	186	new	3
2538	1300	1494	194	path	3
2539	1300	1434	134	new	3
2540	1301	1449	148	new	3
2541	1303	1582	279	new	3
2542	1303	1542	239	new	3
2543	1303	1451	148	new	3
2544	1303	1616	313	path	3
2545	1304	1440	136	new	3
2546	1306	1442	136	new	3
2547	1307	1554	247	new	3
2548	1308	1438	130	new	3
2549	1308	1560	252	new	3
2550	1308	1498	190	path	3
2551	1308	1452	144	new	3
2552	1309	1537	228	path	3
2553	1309	1554	245	new	3
2554	1310	1497	187	path	3
2555	1310	1492	182	new	3
2556	1310	1532	222	new	3
2557	1310	1525	215	new	3
2558	1311	1879	568	new	3
2559	1311	1535	224	path	3
2560	1312	1519	207	new	3
2561	1313	1472	159	new	3
2562	1314	1561	247	new	3
2563	1314	1456	142	new	3
2564	1315	1511	196	path	3
2565	1315	1507	192	path	3
2566	1315	1487	172	new	3
2567	1315	1471	156	new	3
2568	1315	1466	151	new	3
2569	1316	1490	174	new	3
2570	1316	1512	196	new	3
2571	1316	1696	380	new	3
2572	1317	1462	145	new	3
2573	1317	1511	194	path	3
2574	1317	1596	279	new	3
2575	1318	1689	371	new	3
2576	1318	1987	669	new	3
2577	1318	1452	134	new	3
2578	1319	1506	187	new	3
2579	1319	1712	393	path	3
2580	1319	1453	134	new	3
2581	1320	1597	277	new	3
2582	1320	1512	192	new	3
2583	1320	1698	378	new	3
2584	1320	1695	375	new	3
2585	1321	1698	377	new	3
2586	1321	1585	264	new	3
2587	1321	1489	168	new	3
2588	1321	1486	165	new	3
2589	1321	1696	375	path	3
2590	1322	1498	176	new	3
2591	1322	1509	187	new	3
2592	1322	1473	151	new	3
2593	1322	1591	269	new	3
2594	1322	1680	358	new	3
2595	1322	1679	357	new	3
2596	1322	1756	434	path	3
2597	1323	1577	254	new	3
2598	1323	1452	129	new	3
2599	1323	1520	197	new	3
2600	1324	1598	274	new	3
2601	1324	1801	477	new	3
2602	1324	1532	208	new	3
2603	1325	1499	174	new	3
2604	1325	1325	0	new	3
2605	1326	1462	136	new	3
2606	1326	1500	174	new	3
2607	1326	1460	134	new	3
2608	1326	1506	180	new	3
2609	1326	1694	368	new	3
2610	1327	1461	134	new	3
2611	1327	1502	175	new	3
2612	1327	1513	186	new	3
2613	1327	1522	195	new	3
2614	1328	1514	186	new	3
2615	1328	1600	272	new	3
2616	1328	1518	190	new	3
2617	1328	1518	190	new	3
2618	1329	1465	136	new	3
2619	1329	1506	177	new	3
2620	1329	1598	269	new	3
2621	1330	1485	155	new	3
2622	1330	1495	165	new	3
2623	1330	1464	134	new	3
2624	1330	1463	133	new	3
2625	1330	1464	134	new	3
2626	1331	1494	163	new	3
2627	1331	1465	134	new	3
2628	1331	1475	144	new	3
2629	1331	1482	151	new	3
2630	1332	1510	178	new	3
2631	1333	1532	199	path	3
2632	1334	1517	183	new	3
2633	1334	1518	184	new	3
2634	1336	1470	134	new	3
2635	1336	1488	152	new	3
2636	1337	1471	134	new	3
2637	1338	1491	153	new	3
2638	1338	1554	216	path	3
2639	1339	1525	186	new	3
2640	1340	1502	162	new	3
2641	1340	1517	177	new	3
2642	1341	1520	179	new	3
2643	1341	1511	170	new	3
2644	1341	1483	142	new	3
2645	1341	1575	234	path	3
2646	1341	1489	148	new	3
2647	1342	1538	196	path	3
2648	1342	1476	134	new	3
2649	1344	1643	299	new	3
2650	1344	1495	151	new	3
2651	1345	1481	136	new	3
2652	1345	1493	148	new	3
2653	1346	1755	409	new	3
2654	1347	1481	134	new	3
2655	1347	1537	190	new	3
2656	1347	1528	181	new	3
2657	1348	1494	146	new	3
2658	1349	1514	165	new	3
2659	1349	1661	312	new	3
2660	1349	1672	323	new	3
2661	1349	1702	353	new	3
2662	1349	1805	456	new	3
2663	1350	1545	195	new	3
2664	1350	1501	151	new	3
2665	1350	1534	184	new	3
2666	1351	1659	308	path	3
2667	1351	1351	0	new	3
2668	1351	1486	135	new	3
2669	1351	1497	146	new	3
2670	1351	1552	201	new	3
2671	1351	1534	183	new	3
2672	1351	1485	134	new	3
2673	1352	1504	152	new	3
2674	1352	1627	275	new	3
2675	1353	1612	259	path	3
2676	1353	1562	209	new	3
2677	1353	1548	195	new	3
2678	1354	1502	148	new	3
2679	1354	1554	200	path	3
2680	1354	1526	172	new	3
2681	1354	1516	162	new	3
2682	1354	1556	202	path	3
2683	1354	1514	160	new	3
2684	1354	1502	148	new	3
2685	1355	1491	136	new	3
2686	1355	1489	134	new	3
2687	1355	1491	136	new	3
2688	1355	1491	136	new	3
2689	1355	1517	162	new	3
2690	1355	1506	151	new	3
2691	1356	1567	211	path	3
2692	1356	1546	190	new	3
2693	1356	1515	159	new	3
2694	1357	1576	219	new	3
2695	1357	1546	189	new	3
2696	1357	1506	149	new	3
2697	1357	1546	189	new	3
2698	1357	1491	134	new	3
2699	1358	1548	190	new	3
2700	1358	1533	175	new	3
2701	1358	1491	133	new	3
2702	1358	1513	155	new	3
2703	1360	1494	134	new	3
2704	1360	1512	152	new	3
2705	1360	1556	196	new	3
2706	1360	1518	158	new	3
2707	1360	1494	134	new	3
2708	1361	1497	136	new	3
2709	1361	1520	159	new	3
2710	1361	1554	193	new	3
2711	1361	1705	344	path	3
2712	1361	1509	148	new	3
2713	1362	1496	134	new	3
2714	1362	1516	154	new	3
2715	1362	1503	141	new	3
2716	1363	1514	151	new	3
2717	1363	1499	136	new	3
2718	1364	1550	186	new	3
2719	1364	1515	151	new	3
2720	1364	1617	253	path	3
2721	1364	1862	498	new	3
2722	1365	1499	134	new	3
2723	1365	1553	188	new	3
2724	1366	1560	194	path	3
2725	1368	1515	147	new	3
2726	1368	1502	134	new	3
2727	1368	1502	134	new	3
2728	1368	1852	484	new	3
2729	1370	1506	136	new	3
2730	1370	1504	134	new	3
2731	1370	1527	157	new	3
2732	1371	1525	154	new	3
2733	1371	1561	190	path	3
2734	1373	1514	141	new	3
2735	1373	1514	141	new	3
2736	1374	1516	142	new	3
2737	1374	1374	0	new	3
2738	1375	1521	146	new	3
2739	1377	1532	155	path	3
2740	1377	1511	134	new	3
2741	1379	1585	206	new	3
2742	1380	1485	105	path	3
2743	1380	1583	203	new	3
2744	1381	1720	339	new	3
2745	1381	1698	317	new	3
2746	1383	1517	134	new	3
2747	1383	1583	200	path	3
2748	1383	1578	195	new	3
2749	1383	1576	193	new	3
2750	1385	1520	135	new	3
2751	1385	1580	195	new	3
2752	1385	1661	276	new	3
2753	1392	1875	483	path	3
2754	1392	1544	152	new	3
2755	1393	1560	167	path	3
2756	1396	1661	265	new	3
2757	1396	1629	233	new	3
2758	1396	1554	158	new	3
2759	1397	1530	133	new	3
2760	1397	1660	263	new	3
2761	1397	1586	189	new	3
2762	1397	1518	121	path	3
2763	1399	1647	248	new	3
2764	1399	1644	245	new	3
2765	1399	1568	169	new	3
2766	1401	1662	261	new	3
2767	1401	1542	141	new	3
2768	1405	1627	222	path	3
2769	1408	2130	722	new	3
2770	1408	1541	133	new	3
2771	1408	1542	134	new	3
2772	1409	1610	201	new	3
2773	1410	1676	266	new	3
2774	1413	1547	134	new	3
2775	1413	1541	128	new	3
2776	1414	1571	157	new	3
2777	1415	1654	239	new	3
2778	1417	1552	135	new	3
2779	1422	1774	352	path	3
2780	1422	1550	128	new	3
2781	1426	1755	329	new	3
2782	1427	1561	134	new	3
2783	1428	1562	134	new	3
2784	1431	1621	190	new	3
2785	1434	1567	133	new	3
2786	1435	1616	181	new	3
2787	1438	1572	134	new	3
2788	1442	1593	151	new	3
2789	1443	1626	183	new	3
2790	1446	1580	134	new	3
2791	1447	1622	175	new	3
2792	1447	1581	134	new	3
2793	1448	1623	175	new	3
2794	1448	1623	175	new	3
2795	1450	1624	174	new	3
2796	1451	1648	197	path	3
2797	1451	1624	173	new	3
2798	1453	1582	129	new	3
2799	1455	1588	133	new	3
2800	1455	1622	167	new	3
2801	1455	1605	150	new	3
2802	1455	1720	265	path	3
2803	1456	1590	134	new	3
2804	1456	1590	134	new	3
2805	1456	1624	168	new	3
2806	1456	1590	134	new	3
2807	1457	1602	145	new	3
2808	1458	1592	134	new	3
2809	1458	1617	159	new	3
2810	1459	1622	163	new	3
2811	1460	1639	179	new	3
2812	1460	1869	409	new	3
2813	1460	1639	179	new	3
2814	1460	1795	335	new	3
2815	1462	1659	197	new	3
2816	1462	1596	134	new	3
2817	1463	1597	134	new	3
2818	1463	1710	247	new	3
2819	1463	1615	152	new	3
2820	1463	1599	136	new	3
2821	1463	1700	237	new	3
2822	1463	1615	152	new	3
2823	1463	1642	179	new	3
2824	1464	1598	134	new	3
2825	1464	1600	136	new	3
2826	1465	1599	134	new	3
2827	1465	1607	142	new	3
2828	1466	1623	157	new	3
2829	1466	1623	157	new	3
2830	1466	1681	215	path	3
2831	1466	1661	195	path	3
2832	1466	1623	157	new	3
2833	1466	1746	280	path	3
2834	1466	1707	241	new	3
2835	1467	1887	420	new	3
2836	1467	1659	192	path	3
2837	1467	1880	413	new	3
2838	1467	1632	165	new	3
2839	1468	1615	147	new	3
2840	1469	1625	156	new	3
2841	1469	1704	235	new	3
2842	1469	1836	367	path	3
2843	1470	1606	136	new	3
2844	1470	1645	175	new	3
2845	1470	1604	134	new	3
2846	1470	1648	178	new	3
2847	1470	1627	157	new	3
2848	1471	1711	240	path	3
2849	1472	1606	134	new	3
2850	1472	1623	151	new	3
2851	1472	1623	151	new	3
2852	1472	1649	177	new	3
2853	1473	1646	173	new	3
2854	1473	1607	134	new	3
2855	1473	1473	0	new	3
2856	1473	1622	149	new	3
2857	1474	1648	174	path	3
2858	1475	1650	175	new	3
2859	1476	1610	134	new	3
2860	1476	1650	174	new	3
2861	1477	1628	151	new	3
2862	1477	1613	136	new	3
2863	1477	1654	177	new	3
2864	1477	1613	136	new	3
2865	1477	1731	254	new	3
2866	1478	1655	177	new	3
2867	1478	1606	128	new	3
2868	1480	1646	166	new	3
2869	1481	1615	134	new	3
2870	1481	1658	177	new	3
2871	1483	1715	232	new	3
2872	1485	1639	154	new	3
2873	1487	1623	136	new	3
2874	1489	1623	134	new	3
2875	1489	1658	169	new	3
2876	1489	1643	154	new	3
2877	1489	1639	150	new	3
2878	1490	1652	162	new	3
2879	1491	1625	134	new	3
2880	1491	1657	166	new	3
2881	1491	1625	134	new	3
2882	1492	1626	134	new	3
2883	1492	1626	134	new	3
2884	1492	1626	134	new	3
2885	1492	1653	161	new	3
2886	1492	1653	161	new	3
2887	1492	1632	140	new	3
2888	1493	1493	0	new	3
2889	1494	1688	194	path	3
2890	1494	1994	500	new	3
2891	1495	1629	134	new	3
2892	1495	1647	152	new	3
2893	1495	1495	0	new	3
2894	1496	1632	136	new	3
2895	1496	1702	206	path	3
2896	1496	1630	134	new	3
2897	1496	1630	134	new	3
2898	1496	1660	164	new	3
2899	1497	1631	134	new	3
2900	1497	1682	185	new	3
2901	1498	1733	235	new	3
2902	1498	1664	166	new	3
2903	1498	1664	166	new	3
2904	1499	1654	155	new	3
2905	1499	1688	189	path	3
2906	1499	1651	152	new	3
2907	1499	1663	164	new	3
2908	1499	1663	164	new	3
2909	1499	1631	132	new	3
2910	1500	1633	133	new	3
2911	1500	1663	163	new	3
2912	1500	1634	134	new	3
2913	1500	1634	134	new	3
2914	1501	1845	344	new	3
2915	1501	1634	133	new	3
2916	1502	1710	208	path	3
2917	1502	1631	129	new	3
2918	1502	1636	134	new	3
2919	1502	1677	175	new	3
2920	1502	1636	134	new	3
2921	1502	1661	159	new	3
2922	1503	1652	149	new	3
2923	1504	1665	161	new	3
2924	1504	1638	134	new	3
2925	1504	1632	128	new	3
2926	1506	1665	159	new	3
2927	1508	1645	137	new	3
2928	1510	1664	154	new	3
2929	1511	1843	332	new	3
2930	1511	1733	222	new	3
2931	1513	1698	185	new	3
2932	1513	1782	269	path	3
2933	1513	1698	185	new	3
2934	1514	1648	134	new	3
2935	1514	1648	134	new	3
2936	1514	1766	252	path	3
2937	1515	1657	142	new	3
2938	1515	1720	205	new	3
2939	1516	1698	182	new	3
2940	1518	1855	337	path	3
2941	1520	1729	209	new	3
2942	1533	1700	167	new	3
2943	1533	1666	133	new	3
2944	1535	1958	423	new	3
2945	1535	1975	440	path	3
2946	1536	1773	237	new	3
2947	1536	1748	212	path	3
2948	1536	1702	166	new	3
2949	1537	1671	134	new	3
2950	1537	1671	134	new	3
2951	1538	1773	235	new	3
2952	1538	1692	154	new	3
2953	1538	1679	141	new	3
2954	1538	1743	205	path	3
2955	1538	1671	133	new	3
2956	1538	1672	134	new	3
2957	1539	1675	136	new	3
2958	1540	1780	240	path	3
2959	1540	1713	173	new	3
2960	1540	1763	223	new	3
2961	1541	1707	166	new	3
2962	1541	1853	312	new	3
2963	1541	1703	162	new	3
2964	1542	1677	135	new	3
2965	1543	1764	221	new	3
2966	1543	1710	167	new	3
2967	1544	1677	133	new	3
2968	1544	1679	135	new	3
2969	1544	1692	148	new	3
2970	1544	1680	136	new	3
2971	1544	1678	134	new	3
2972	1544	1678	134	new	3
2973	1544	1677	133	new	3
2974	1545	1754	209	path	3
2975	1545	1709	164	new	3
2976	1546	1680	134	new	3
2977	1546	1681	135	new	3
2978	1547	1695	148	new	3
2979	1548	1708	160	new	3
2980	1548	1682	134	new	3
2981	1550	1769	219	new	3
2982	1550	2249	699	new	3
2983	1553	1695	142	new	3
2984	1560	1798	238	new	3
2985	1563	1797	234	new	3
2986	1565	1789	224	new	3
2987	1565	1719	154	new	3
2988	1568	1746	178	new	3
2989	1570	1704	134	new	3
2990	1572	1813	241	new	3
2991	1577	1746	169	new	3
2992	1580	1714	134	new	3
2993	1582	1725	143	new	3
2994	1583	1753	170	new	3
2995	1584	1766	182	new	3
2996	1584	1766	182	new	3
2997	1585	1719	134	new	3
2998	1589	1722	133	new	3
2999	1593	1778	185	path	3
3000	1603	1832	229	new	3
3001	1610	1778	168	new	3
3002	1611	1754	143	new	3
3003	1614	1779	165	new	3
3004	1616	1750	134	new	3
3005	1619	1830	211	new	3
3006	1620	1849	229	new	3
3007	1621	1754	133	new	3
3008	1622	1833	211	new	3
3009	1629	1781	152	new	3
3010	1630	1799	169	path	3
3011	1630	1766	136	new	3
3012	1637	1984	347	new	3
3013	1645	2119	474	path	3
3014	1648	1805	157	new	3
3015	1648	1796	148	new	3
3016	1650	1650	0	new	3
3017	1655	1826	171	new	3
3018	1655	1888	233	new	3
3019	1655	1900	245	new	3
3020	1656	1863	207	path	3
3021	1656	1826	170	new	3
3022	1657	1906	249	new	3
3023	1658	1894	236	new	3
3024	1659	1841	182	new	3
3025	1659	1887	228	new	3
3026	1660	1850	190	path	3
3027	1661	1790	129	new	3
3028	1663	1842	179	new	3
3029	1664	1798	134	new	3
3030	1665	1858	193	path	3
3031	1665	1813	148	new	3
3032	1666	1836	170	new	3
3033	1666	1800	134	new	3
3034	1668	1802	134	new	3
3035	1668	1813	145	new	3
3036	1668	1797	129	new	3
3037	1669	1798	129	new	3
3038	1670	1908	238	new	3
3039	1670	1818	148	new	3
3040	1672	1833	161	new	3
3041	1673	1825	152	new	3
3042	1673	1835	162	new	3
3043	1673	1832	159	new	3
3044	1673	1844	171	new	3
3045	1674	1804	130	new	3
3046	1674	1821	147	new	3
3047	1675	1824	149	new	3
3048	1675	1819	144	new	3
3049	1675	1827	152	new	3
3050	1675	1824	149	new	3
3051	1676	1812	136	new	3
3052	1676	1839	163	new	3
3053	1676	1826	150	new	3
3054	1676	1817	141	new	3
3055	1677	1845	168	new	3
3056	1677	1813	136	new	3
3057	1677	1822	145	new	3
3058	1677	1805	128	new	3
3059	1678	1812	134	new	3
3060	1678	1811	133	new	3
3061	1678	1847	169	new	3
3062	1679	1813	134	new	3
3063	1679	1853	174	new	3
3064	1679	1813	134	new	3
3065	1679	1813	134	new	3
3066	1680	1680	0	new	3
3067	1680	1847	167	new	3
3068	1680	1967	287	path	3
3069	1682	1830	148	new	3
3070	1682	1863	181	new	3
3071	1683	1967	284	path	3
3072	1683	1845	162	new	3
3073	1684	1828	144	new	3
3074	1684	1845	161	new	3
3075	1686	2048	362	new	3
3076	1687	1839	152	new	3
3077	1687	2032	345	new	3
3078	1688	1921	233	new	3
3079	1688	2022	334	path	3
3080	1692	1842	150	new	3
3081	1692	2114	422	new	3
3082	1693	1847	154	new	3
3083	1699	1833	134	new	3
3084	1704	1840	136	new	3
3085	1706	1847	141	new	3
3086	1706	1839	133	new	3
3087	1709	1864	155	new	3
3088	1709	1864	155	new	3
3089	1710	1968	258	new	3
3090	1710	1959	249	new	3
3091	1710	1862	152	new	3
3092	1710	1879	169	path	3
3093	1711	1847	136	new	3
3094	1711	1875	164	new	3
3095	1711	1845	134	new	3
3096	1713	1847	134	new	3
3097	1715	1984	269	path	3
3098	1715	1970	255	new	3
3099	1715	2140	425	new	3
3100	1716	1866	150	new	3
3101	1717	1870	153	new	3
3102	1717	2117	400	path	3
3103	1717	1909	192	new	3
3104	1718	2260	542	new	3
3105	1719	1856	137	new	3
3106	1720	1874	154	new	3
3107	1720	1857	137	new	3
3108	1720	1976	256	new	3
3109	1720	1894	174	new	3
3110	1720	1981	261	new	3
3111	1721	1869	148	new	3
3112	1721	1854	133	new	3
3113	1721	2009	288	new	3
3114	1722	1909	187	path	3
3115	1722	1856	134	new	3
3116	1722	1858	136	new	3
3117	1723	1871	148	new	3
3118	1723	1851	128	new	3
3119	1724	2006	282	path	3
3120	1725	2009	284	path	3
3121	1725	1725	0	new	3
3122	1725	1978	253	new	3
3123	1725	1859	134	new	3
3124	1726	1878	152	new	3
3125	1726	1726	0	new	3
3126	1726	1860	134	new	3
3127	1727	1861	134	new	3
3128	1727	2134	407	new	3
3129	1728	2142	414	new	3
3130	1728	1993	265	new	3
3131	1728	2031	303	new	3
3132	1729	1862	133	new	3
3133	1730	1942	212	path	3
3134	1731	1977	246	new	3
3135	1732	1910	178	new	3
3136	1732	2008	276	new	3
3137	1734	2209	475	path	3
3138	1735	1900	165	new	3
3139	1736	1933	197	path	3
3140	1737	1917	180	new	3
3141	1737	1737	0	new	3
3142	1738	1874	136	new	3
3143	1754	1888	134	new	3
3144	1755	1890	135	new	3
3145	1755	1898	143	new	3
3146	1756	1891	135	new	3
3147	1757	1893	136	new	3
3148	1759	1895	136	new	3
3149	1761	1897	136	new	3
3150	1763	1898	135	new	3
3151	1763	1897	134	new	3
3152	1764	1898	134	new	3
3153	1765	1898	133	new	3
3154	1765	1893	128	new	3
3155	1769	1902	133	new	3
3156	1774	1908	134	new	3
3157	1774	1917	143	new	3
3158	1776	1928	152	new	3
3159	1777	1953	176	new	3
3160	1806	1934	128	new	3
3161	1824	1957	133	new	3
3162	1826	2007	181	path	3
3163	1827	1989	162	new	3
3164	1827	1961	134	new	3
3165	1828	1962	134	new	3
3166	1829	2006	177	path	3
3167	1830	1964	134	new	3
3168	1831	2000	169	new	3
3169	1832	2283	451	path	3
3170	1834	1968	134	new	3
3171	1837	2176	339	new	3
3172	1837	2000	163	new	3
3173	1837	1971	134	new	3
3174	1838	1985	147	new	3
3175	1838	1972	134	new	3
3176	1839	2031	192	path	3
3177	1839	1990	151	new	3
3178	1839	2002	163	new	3
3179	1840	2268	428	path	3
3180	1840	1974	134	new	3
3181	1841	2047	206	path	3
3182	1842	1998	156	new	3
3183	1842	2037	195	path	3
3184	1843	2159	316	path	3
3185	1843	1977	134	new	3
3186	1843	2007	164	new	3
3187	1844	1844	0	new	3
3188	1845	2035	190	path	3
3189	1845	2021	176	new	3
3190	1845	2014	169	new	3
3191	1846	2032	186	new	3
3192	1846	2142	296	path	3
3193	1846	2100	254	new	3
3194	1847	1980	133	new	3
3195	1849	2021	172	new	3
3196	1849	2307	458	new	3
3197	1850	2590	740	path	3
3198	1850	2030	180	new	3
3199	1852	2483	631	new	3
3200	1860	1996	136	new	3
3201	1862	1994	132	new	3
3202	1868	2031	163	new	3
3203	1876	2059	183	new	3
3204	1880	2124	244	new	3
3205	1891	2024	133	new	3
3206	1891	2025	134	new	3
3207	1893	2029	136	new	3
3208	1894	2028	134	new	3
3209	1895	2028	133	new	3
3210	1895	2050	155	new	3
3211	1895	2050	155	new	3
3212	1895	2031	136	new	3
3213	1896	2048	152	new	3
3214	1896	2078	182	path	3
3215	1896	2024	128	new	3
3216	1896	2030	134	new	3
3217	1899	2050	151	new	3
3218	1899	2066	167	new	3
3219	1899	2086	187	path	3
3220	1901	2055	154	new	3
3221	1902	2072	170	new	3
3222	1902	2081	179	path	3
3223	1904	2121	217	new	3
3224	1907	2041	134	new	3
3225	1934	2122	188	new	3
3226	1935	2123	188	new	3
3227	1935	2462	527	new	3
3228	1936	2134	198	path	3
3229	1937	2310	373	new	3
3230	1938	2134	196	path	3
3231	1951	2119	168	new	3
3232	1952	2085	133	new	3
3233	1954	2200	246	new	3
3234	1955	2380	425	new	3
3235	1956	2560	604	new	3
3236	1956	2245	289	path	3
3237	1957	2260	303	new	3
3238	1957	2420	463	new	3
3239	1958	2245	287	path	3
3240	1960	2105	145	new	3
3241	1960	2094	134	new	3
3242	1961	2307	346	path	3
3243	1967	2154	187	new	3
3244	1967	2338	371	new	3
3245	1968	2104	136	new	3
3246	1969	2370	401	path	3
3247	1969	2177	208	new	3
3248	2035	2249	214	path	3
3249	2040	2188	148	new	3
3250	2048	2458	410	path	3
3251	2055	2283	228	path	3
3252	2060	2278	218	new	3
3253	2060	2370	310	new	3
3254	2061	2262	201	path	3
3255	2061	2287	226	path	3
3256	2064	2394	330	path	3
3257	2064	2235	171	new	3
3258	2066	2247	181	new	3
3259	2066	2483	417	new	3
3260	2066	2457	391	new	3
3261	2067	2366	299	new	3
3262	2067	2245	178	new	3
3263	2068	2216	148	new	3
3264	2068	2229	161	new	3
3265	2070	2363	293	path	3
3266	2071	2469	398	path	3
3267	2072	2581	509	new	3
3268	2092	2225	133	new	3
3269	2092	2278	186	path	3
3270	2094	2276	182	new	3
3271	2096	2610	514	path	3
3272	2099	2099	0	new	3
3273	2101	2528	427	new	3
3274	2103	2408	305	new	3
3275	2109	2290	181	new	3
3276	2109	2244	135	new	3
3277	2110	2286	176	new	3
3278	2110	2302	192	new	3
3279	2110	2575	465	new	3
3280	2111	2403	292	new	3
3281	2111	2541	430	new	3
3282	2112	2723	611	path	3
3283	2112	2590	478	path	3
3284	2115	2469	354	new	3
3285	2126	2262	136	new	3
3286	2134	2380	246	new	3
3287	2158	2338	180	path	3
3288	2170	2305	135	new	3
3289	2177	2311	134	new	3
3290	2177	2380	203	new	3
3291	2191	2462	271	new	3
3292	2192	2395	203	new	3
3293	2200	2435	235	new	3
3294	2201	2445	244	new	3
3295	2207	2455	248	new	3
3296	2208	2364	156	new	3
3297	2209	2491	282	path	3
3298	2209	2343	134	new	3
3299	2212	2435	223	new	3
3300	2212	2385	173	new	3
3301	2213	2373	160	new	3
3302	2213	2440	227	path	3
3303	2214	2214	0	new	3
3304	2214	2602	388	new	3
3305	2214	2356	142	new	3
3306	2216	2370	154	path	3
3307	2217	2371	154	new	3
3308	2217	2391	174	new	3
3309	2218	2475	257	new	3
3310	2218	2447	229	path	3
3311	2219	2399	180	new	3
3312	2220	2387	167	new	3
3313	2220	2469	249	path	3
3314	2222	2393	171	new	3
3315	2224	2438	214	new	3
3316	2225	2225	0	new	3
3317	2225	2359	134	new	3
3318	2225	2367	142	new	3
3319	2226	2360	134	new	3
3320	2227	2384	157	new	3
3321	2229	2545	316	new	3
3322	2230	2391	161	new	3
3323	2231	2457	226	path	3
3324	2235	2610	375	new	3
3325	2235	2386	151	new	3
3326	2236	2598	362	path	3
3327	2236	2598	362	path	3
3328	2236	2607	371	new	3
3329	2236	2370	134	new	3
3330	2237	2528	291	path	3
3331	2237	2426	189	new	3
3332	2238	2434	196	new	3
3333	2238	2238	0	new	3
3334	2238	2528	290	path	3
3335	2238	2461	223	new	3
3336	2238	2372	134	new	3
3337	2239	2640	401	new	3
3338	2240	2434	194	new	3
3339	2240	2475	235	new	3
3340	2240	2374	134	new	3
3341	2240	2591	351	new	3
3342	2241	2437	196	new	3
3343	2241	2448	207	path	3
3344	2242	2376	134	new	3
3345	2244	2633	389	new	3
3346	2244	2475	231	path	3
3347	2245	2422	177	new	3
3348	2245	2392	147	new	3
3349	2246	2508	262	new	3
3350	2247	2658	411	path	3
3351	2247	2247	0	new	3
3352	2248	2759	511	path	3
3353	2248	2575	327	path	3
3354	2249	2589	340	new	3
3355	2249	2461	212	new	3
3356	2249	2249	0	new	3
3357	2250	2529	279	new	3
3358	2250	2628	378	new	3
3359	2252	2539	287	new	3
3360	2252	2393	141	new	3
3361	2253	2443	190	new	3
3362	2266	2412	146	new	3
3363	2267	2415	148	new	3
3364	2275	2630	355	new	3
3365	2279	2560	281	path	3
3366	2279	2426	147	path	3
3367	2279	2460	181	new	3
3368	2280	2483	203	path	3
3369	2280	2649	369	path	3
3370	2280	2640	360	new	3
3371	2281	2480	199	new	3
3372	2283	2482	199	new	3
3373	2283	2727	444	new	3
3374	2283	2732	449	new	3
3375	2289	2532	243	path	3
3376	2290	2453	163	new	3
3377	2290	2462	172	path	3
3378	2297	2637	340	new	3
3379	2314	2447	133	new	3
3380	2317	2497	180	path	3
3381	2321	2598	277	new	3
3382	2322	2608	286	new	3
3383	2322	2455	133	new	3
3384	2322	2592	270	new	3
3385	2323	2597	274	new	3
3386	2324	2475	151	new	3
3387	2325	2612	287	path	3
3388	2325	2598	273	path	3
3389	2326	2584	258	new	3
3390	2327	2463	136	new	3
3391	2328	2610	282	path	3
3392	2328	2606	278	new	3
3393	2331	2601	270	new	3
3394	2333	2522	189	new	3
3395	2335	2589	254	path	3
3396	2338	2733	395	path	3
3397	2343	2529	186	new	3
3398	2355	2489	134	new	3
3399	2355	2513	158	path	3
3400	2357	2491	134	new	3
3401	2357	2485	128	new	3
3402	2359	2579	220	new	3
3403	2360	2607	247	new	3
3404	2361	2613	252	new	3
3405	2361	2608	247	path	3
3406	2363	2539	176	new	3
3407	2364	2497	133	new	3
3408	2364	2554	190	new	3
3409	2364	2627	263	new	3
3410	2365	2642	277	new	3
3411	2365	2582	217	new	3
3412	2365	2543	178	new	3
3413	2365	2617	252	path	3
3414	2366	2640	274	path	3
3415	2366	2640	274	new	3
3416	2366	2644	278	new	3
3417	2367	2620	253	new	3
3418	2367	2498	131	new	3
3419	2368	2583	215	new	3
3420	2368	2633	265	path	3
3421	2369	2503	134	new	3
3422	2369	2503	134	new	3
3423	2370	2549	179	new	3
3424	2370	2614	244	new	3
3425	2371	2562	191	new	3
3426	2371	2724	353	new	3
3427	2372	2569	197	new	3
3428	2372	2725	353	new	3
3429	2372	2638	266	new	3
3430	2372	2578	206	new	3
3431	2373	2590	217	new	3
3432	2373	2585	212	new	3
3433	2375	2590	215	path	3
3434	2377	2544	167	new	3
3435	2378	2574	196	new	3
3436	2378	2511	133	new	3
3437	2378	2569	191	new	3
3438	2381	2536	155	new	3
3439	2382	2767	385	new	3
3440	2385	2783	398	path	3
3441	2388	2618	230	new	3
3442	2388	2522	134	new	3
3443	2389	2534	145	new	3
3444	2390	2580	190	new	3
3445	2391	2639	248	new	3
3446	2391	2760	369	new	3
3447	2392	2580	188	new	3
3448	2392	2526	134	new	3
3449	2392	2742	350	new	3
3450	2392	2751	359	new	3
3451	2392	2578	186	new	3
3452	2392	2552	160	new	3
3453	2392	2609	217	path	3
3454	2393	2723	330	path	3
3455	2393	2689	296	new	3
3456	2393	2529	136	new	3
3457	2394	2628	234	path	3
3458	2394	2775	381	new	3
3459	2394	2394	0	new	3
3460	2396	2539	143	new	3
3461	2396	2747	351	path	3
3462	2398	2574	176	new	3
3463	2398	2577	179	new	3
3464	2400	2400	0	new	3
3465	2400	2591	191	new	3
3466	2416	2605	189	new	3
3467	2423	2584	161	new	3
3468	2423	2581	158	new	3
3469	2423	2626	203	new	3
3470	2424	2574	150	new	3
3471	2424	2573	149	new	3
3472	2424	2585	161	new	3
3473	2424	2595	171	new	3
3474	2424	2592	168	new	3
3475	2425	2561	136	new	3
3476	2425	2607	182	new	3
3477	2425	2739	314	new	3
3478	2426	2558	132	new	3
3479	2426	2663	237	new	3
3480	2426	2592	166	new	3
3481	2426	2573	147	new	3
3482	2426	2576	150	new	3
3483	2426	2578	152	new	3
3484	2426	2742	316	path	3
3485	2427	2615	188	new	3
3486	2427	2427	0	new	3
3487	2427	2613	186	path	3
3488	2427	2633	206	new	3
3489	2428	2801	373	new	3
3490	2428	2630	202	new	3
3491	2428	2607	179	new	3
3492	2428	2562	134	new	3
3493	2428	2582	154	new	3
3494	2428	2558	130	new	3
3495	2428	2627	199	new	3
3496	2428	3074	646	path	3
3497	2429	2560	131	new	3
3498	2429	2429	0	new	3
3499	2429	2642	213	path	3
3500	2429	2601	172	new	3
3501	2429	2597	168	new	3
3502	2429	2723	294	new	3
3503	2429	2618	189	new	3
3504	2430	2587	157	new	3
3505	2430	2627	197	path	3
3506	2430	2566	136	new	3
3507	2430	2666	236	new	3
3508	2430	2564	134	new	3
3509	2431	2603	172	new	3
3510	2431	2637	206	new	3
3511	2431	2685	254	path	3
3512	2431	2583	152	new	3
3513	2431	2575	144	new	3
3514	2431	2565	134	new	3
3515	2432	2583	151	new	3
3516	2432	2661	229	new	3
3517	2432	2587	155	new	3
3518	2432	2607	175	new	3
3519	2432	2661	229	new	3
3520	2432	2577	145	new	3
3521	2432	2685	253	new	3
3522	2433	2587	154	new	3
3523	2433	2629	196	path	3
3524	2433	2759	326	new	3
3525	2434	2732	298	path	3
3526	2434	2723	289	new	3
3527	2434	2617	183	path	3
3528	2434	2596	162	new	3
3529	2434	2609	175	new	3
3530	2435	2569	134	new	3
3531	2435	2616	181	new	3
3532	2435	2616	181	new	3
3533	2435	2578	143	new	3
3534	2435	2590	155	new	3
3535	2436	2572	136	new	3
3536	2436	2570	134	new	3
3537	2436	2567	131	new	3
3538	2436	2666	230	path	3
3539	2436	2666	230	path	3
3540	2436	2569	133	new	3
3541	2436	2685	249	path	3
3542	2437	2622	185	new	3
3543	2437	2571	134	new	3
3544	2437	2571	134	new	3
3545	2437	2572	135	new	3
3546	2438	2575	137	new	3
3547	2438	2438	0	new	3
3548	2438	2601	163	new	3
3549	2438	2627	189	path	3
3550	2438	2618	180	new	3
3551	2438	2572	134	new	3
3552	2439	2607	168	new	3
3553	2439	2626	187	path	3
3554	2440	2595	155	new	3
3555	2440	2607	167	new	3
3556	2440	2577	137	new	3
3557	2441	2602	161	new	3
3558	2441	2575	134	new	3
3559	2441	2587	146	new	3
3560	2442	2640	198	new	3
3561	2442	2597	155	new	3
3562	2442	2603	161	new	3
3563	2442	2593	151	new	3
3564	2442	2603	161	new	3
3565	2443	2759	316	new	3
3566	2443	2596	153	new	3
3567	2443	2602	159	new	3
3568	2443	2610	167	new	3
3569	2443	2589	146	new	3
3570	2443	2585	142	new	3
3571	2443	2596	153	new	3
3572	2444	2580	136	new	3
3573	2444	2607	163	new	3
3574	2444	2578	134	new	3
3575	2444	2590	146	new	3
3576	2446	2624	178	new	3
3577	2446	2596	150	new	3
3578	2446	2606	160	new	3
3579	2446	2579	133	new	3
3580	2446	2580	134	new	3
3581	2447	2603	156	new	3
3582	2447	2624	177	new	3
3583	2448	2587	139	new	3
3584	2449	2585	136	new	3
3585	2449	2603	154	new	3
3586	2450	2591	141	new	3
3587	2451	2596	145	new	3
3588	2451	2585	134	new	3
3589	2451	2603	152	new	3
3590	2452	2586	134	new	3
3591	2452	2623	171	new	3
3592	2452	2581	129	new	3
3593	2453	2628	175	new	3
3594	2453	2644	191	new	3
3595	2453	2628	175	new	3
3596	2453	2659	206	path	3
3597	2453	2453	0	new	3
3598	2454	2587	133	new	3
3599	2455	2589	134	new	3
3600	2455	2762	307	path	3
3601	2455	2589	134	new	3
3602	2456	2688	232	path	3
3603	2456	2590	134	new	3
3604	2457	2591	134	new	3
3605	2457	2622	165	path	3
3606	2457	2638	181	new	3
3607	2458	2601	143	new	3
3608	2458	2754	296	new	3
3609	2459	2625	166	new	3
3610	2461	2461	0	new	3
3611	2463	2630	167	new	3
3612	2463	2654	191	new	3
3613	2464	2682	218	new	3
3614	2465	2734	269	new	3
3615	2475	2475	0	new	3
3616	2476	2742	266	path	3
3617	2476	2743	267	new	3
3618	2480	2743	263	path	3
3619	2487	2622	135	new	3
3620	2487	2621	134	new	3
3621	2491	2491	0	new	3
3622	2494	2628	134	new	3
3623	2496	2632	136	new	3
3624	2498	2663	165	new	3
3625	2498	2632	134	new	3
3626	2498	2688	190	path	3
3627	2502	2751	249	new	3
3628	2503	2722	219	new	3
3629	2504	2671	167	new	3
3630	2509	2694	185	new	3
3631	2509	2745	236	new	3
3632	2509	2645	136	new	3
3633	2511	2752	241	new	3
3634	2514	2699	185	new	3
3635	2518	2689	171	new	3
3636	2535	2760	225	new	3
3637	2537	2733	196	path	3
3638	2538	2703	165	new	3
3639	2540	2699	159	path	3
3640	2540	2696	156	new	3
3641	2555	2762	207	new	3
3642	2556	2716	160	new	3
3643	2557	2705	148	new	3
3644	2558	2759	201	new	3
3645	2558	2733	175	new	3
3646	2559	2710	151	new	3
3647	2560	2784	224	new	3
3648	2567	2702	135	new	3
3649	2570	2704	134	new	3
3650	2584	2927	343	path	3
3651	2585	2730	145	new	3
3652	2585	2973	388	path	3
3653	2586	2751	165	new	3
3654	2586	2950	364	path	3
3655	2588	2746	158	new	3
3656	2588	2721	133	new	3
3657	2589	2589	0	new	3
3658	2589	2589	0	new	3
3659	2589	2723	134	new	3
3660	2590	2803	213	new	3
3661	2590	2749	159	new	3
3662	2590	2737	147	new	3
3663	2591	2824	233	new	3
3664	2591	2947	356	path	3
3665	2592	2751	159	new	3
3666	2592	3380	788	path	3
3667	2593	2593	0	new	3
3668	2593	2743	150	new	3
3669	2594	3046	452	new	3
3670	2595	2729	134	new	3
3671	2596	2730	134	new	3
3672	2596	2730	134	new	3
3673	2596	2753	157	new	3
3674	2596	2748	152	new	3
3675	2596	2758	162	new	3
3676	2596	2744	148	new	3
3677	2597	2757	160	new	3
3678	2597	2731	134	new	3
3679	2598	2967	369	path	3
3680	2598	2756	158	new	3
3681	2598	2752	154	new	3
3682	2598	2755	157	new	3
3683	2599	3065	466	path	3
3684	2599	2733	134	new	3
3685	2599	3113	514	new	3
3686	2599	2785	186	path	3
3687	2599	2774	175	path	3
3688	2599	2747	148	new	3
3689	2600	2734	134	new	3
3690	2600	2733	133	new	3
3691	2601	2729	128	new	3
3692	2601	2735	134	new	3
3693	2601	2735	134	new	3
3694	2602	2740	138	new	3
3695	2602	2738	136	new	3
3696	2602	2752	150	new	3
3697	2602	2745	143	new	3
3698	2602	2740	138	new	3
3699	2602	2743	141	new	3
3700	2603	2736	133	new	3
3701	2603	2737	134	new	3
3702	2603	2737	134	new	3
3703	2604	2750	146	new	3
3704	2605	2741	136	new	3
3705	2605	2749	144	new	3
3706	2605	2755	150	new	3
3707	2605	2739	134	new	3
3708	2605	2739	134	new	3
3709	2605	2739	134	new	3
3710	2606	2735	129	new	3
3711	2608	2752	144	new	3
3712	2610	2744	134	new	3
3713	2616	2748	132	new	3
3714	2619	2752	133	new	3
3715	2632	2766	134	new	3
3716	2642	2776	134	new	3
3717	2642	2776	134	new	3
3718	2661	3088	427	new	3
3719	2661	3080	419	new	3
3720	2664	2915	251	path	3
3721	2664	2846	182	new	3
3722	2664	2959	295	path	3
3723	2664	2984	320	new	3
3724	2666	2944	278	path	3
3725	2668	2801	133	new	3
3726	2669	2854	185	path	3
3727	2669	2806	137	new	3
3728	2671	2856	185	new	3
3729	2671	2822	151	new	3
3730	2671	2822	151	new	3
3731	2672	2962	290	new	3
3732	2672	2826	154	new	3
3733	2672	3091	419	path	3
3734	2672	2805	133	new	3
3735	2672	2881	209	new	3
3736	2673	3100	427	path	3
3737	2673	2806	133	new	3
3738	2674	2877	203	path	3
3739	2674	2944	270	path	3
3740	2674	2885	211	new	3
3741	2675	2863	188	new	3
3742	2676	2854	178	new	3
3743	2676	2810	134	new	3
3744	2677	3204	527	path	3
3745	2678	3165	487	new	3
3746	2680	3041	361	new	3
3747	2681	2846	165	path	3
3748	2681	2828	147	new	3
3749	2684	3003	319	new	3
3750	2687	2911	224	new	3
3751	2689	2901	212	new	3
3752	2692	3046	354	path	3
3753	2694	3015	321	new	3
3754	2697	2994	297	new	3
3755	2697	3011	314	new	3
3756	2710	3003	293	new	3
3757	2711	3163	452	new	3
3758	2711	3090	379	new	3
3759	2712	3073	361	new	3
3760	2713	3008	295	new	3
3761	2714	3074	360	path	3
3762	2714	2856	142	new	3
3763	2715	2892	177	new	3
3764	2715	2849	134	new	3
3765	2716	2913	197	new	3
3766	2716	2970	254	new	3
3767	2716	2920	204	new	3
3768	2717	2918	201	new	3
3769	2717	2959	242	path	3
3770	2717	2983	266	new	3
3771	2717	3040	323	new	3
3772	2717	3277	560	path	3
3773	2717	3317	600	new	3
3774	2718	3053	335	path	3
3775	2718	2852	134	new	3
3776	2719	2950	231	path	3
3777	2720	2854	134	new	3
3778	2720	2910	190	new	3
3779	2721	3069	348	path	3
3780	2721	3091	370	path	3
3781	2722	2915	193	path	3
3782	2723	2970	247	path	3
3783	2723	3031	308	new	3
3784	2724	3012	288	new	3
3785	2726	2915	189	new	3
3786	2726	2915	189	new	3
3787	2727	3069	342	path	3
3788	2727	3074	347	path	3
3789	2727	2897	170	new	3
3790	2729	2903	174	new	3
3791	2730	2911	181	path	3
3792	2730	2933	203	new	3
3793	2730	3061	331	new	3
3794	2735	3046	311	new	3
3795	2737	3077	340	new	3
3796	2741	2961	220	new	3
3797	2741	2962	221	path	3
3798	2744	2900	156	new	3
3799	2746	2944	198	path	3
3800	2748	3044	296	new	3
3801	2749	3037	288	new	3
3802	2751	2988	237	new	3
3803	2752	2970	218	new	3
3804	2753	3011	258	path	3
3805	2762	2975	213	path	3
3806	2763	3146	383	new	3
3807	2764	2972	208	path	3
3808	2766	2958	192	new	3
3809	2767	3056	289	new	3
3810	2770	2994	224	path	3
3811	2771	2968	197	new	3
3812	2771	3063	292	new	3
3813	2771	2922	151	new	3
3814	2773	3076	303	new	3
3815	2776	3131	355	new	3
3816	2778	2950	172	new	3
3817	2783	2988	205	path	3
3818	2783	3011	228	new	3
3819	2784	3050	266	new	3
3820	2784	3031	247	path	3
3821	2784	3100	316	new	3
3822	2784	3049	265	new	3
3823	2786	3110	324	new	3
3824	2789	2988	199	path	3
3825	2790	2923	133	new	3
3826	2790	2973	183	path	3
3827	2801	3352	551	path	3
3828	2810	3113	303	path	3
3829	2817	2953	136	new	3
3830	2821	2955	134	new	3
3831	2823	2823	0	new	3
3832	2825	3370	545	new	3
3833	2825	2825	0	new	3
3834	2826	3210	384	new	3
3835	2828	3107	279	new	3
3836	2828	3090	262	new	3
3837	2830	2989	159	new	3
3838	2830	3169	339	new	3
3839	2830	2978	148	new	3
3840	2833	3066	233	path	3
3841	2834	3009	175	new	3
3842	2837	3066	229	path	3
3843	2838	3014	176	new	3
3844	2839	3004	165	new	3
3845	2840	2997	157	new	3
3846	2840	3009	169	new	3
3847	2840	2985	145	new	3
3848	2840	2998	158	new	3
3849	2840	3006	166	new	3
3850	2841	3187	346	new	3
3851	2842	3000	158	new	3
3852	2842	3041	199	new	3
3853	2842	3152	310	new	3
3854	2843	3108	265	path	3
3855	2845	3155	310	new	3
3856	2847	3022	175	new	3
3857	2848	3011	163	path	3
3858	2850	2850	0	new	3
3859	2850	3265	415	path	3
3860	2851	3300	449	path	3
3861	2851	3010	159	new	3
3862	2851	3063	212	new	3
3863	2851	2981	130	new	3
3864	2851	3143	292	new	3
3865	2851	2985	134	new	3
3866	2852	3088	236	path	3
3867	2853	3062	209	new	3
3868	2853	3065	212	new	3
3869	2853	3045	192	new	3
3870	2854	2988	134	new	3
3871	2854	3062	208	path	3
3872	2854	2998	144	new	3
3873	2854	3101	247	path	3
3874	2854	2987	133	new	3
3875	2854	2988	134	new	3
3876	2854	2984	130	new	3
3877	2855	2997	142	new	3
3878	2855	2989	134	new	3
3879	2855	2987	132	new	3
3880	2855	2989	134	new	3
3881	2855	3472	617	new	3
3882	2855	2988	133	new	3
3883	2856	3062	206	path	3
3884	2856	3281	425	path	3
3885	2857	3027	170	path	3
3886	2857	3050	193	new	3
3887	2857	2993	136	new	3
3888	2857	3322	465	new	3
3889	2857	3294	437	new	3
3890	2857	3179	322	new	3
3891	2858	2997	139	path	3
3892	2858	3037	179	new	3
3893	2858	2999	141	new	3
3894	2858	3023	165	new	3
3895	2858	2992	134	new	3
3896	2858	3078	220	new	3
3897	2858	2858	0	new	3
3898	2859	3062	203	new	3
3899	2859	3296	437	new	3
3900	2859	3045	186	new	3
3901	2859	3058	199	path	3
3902	2860	3199	339	new	3
3903	2860	3018	158	new	3
3904	2860	3065	205	path	3
3905	2860	2860	0	new	3
3906	2860	3073	213	path	3
3907	2861	3051	190	new	3
3908	2861	3063	202	new	3
3909	2861	3055	194	new	3
3910	2861	2994	133	new	3
3911	2861	3051	190	new	3
3912	2861	2995	134	new	3
3913	2861	2861	0	new	3
3914	2862	2996	134	new	3
3915	2863	2996	133	new	3
3916	2863	3058	195	path	3
3917	2864	3156	292	new	3
3918	2864	3058	194	path	3
3919	2864	2998	134	new	3
3920	2864	3011	147	new	3
3921	2864	3110	246	path	3
3922	2864	3117	253	new	3
3923	2864	2998	134	new	3
3924	2864	3254	390	path	3
3925	2865	3058	193	new	3
3926	2865	3058	193	new	3
3927	2865	3043	178	new	3
3928	2865	3050	185	new	3
3929	2866	3127	261	new	3
3930	2867	3058	191	path	3
3931	2868	3070	202	new	3
3932	2868	3002	134	new	3
3933	2869	3025	156	new	3
3934	2870	3472	602	path	3
3935	2870	3062	192	new	3
3936	2870	3122	252	path	3
3937	2870	3006	136	new	3
3938	2871	3051	180	new	3
3939	2871	3022	151	new	3
3940	2872	3073	201	new	3
3941	2872	3076	204	path	3
3942	2873	3363	490	path	3
3943	2874	3020	146	new	3
3944	2874	3061	187	new	3
3945	2875	3121	246	new	3
3946	2875	3254	379	path	3
3947	2875	3224	349	new	3
3948	2878	3062	184	path	3
3949	2880	3064	184	new	3
3950	2884	3020	136	new	3
3951	2884	3071	187	path	3
3952	2886	3059	173	new	3
3953	2888	3080	192	path	3
3954	2888	2888	0	new	3
3955	2889	3036	147	new	3
3956	2889	3281	392	path	3
3957	2889	3074	185	new	3
3958	2890	3023	133	new	3
3959	2891	3057	166	new	3
3960	2891	3054	163	new	3
3961	2891	3144	253	new	3
3962	2891	3081	190	new	3
3963	2891	3048	157	new	3
3964	2894	3037	143	new	3
3965	2894	3067	173	new	3
3966	2894	3082	188	new	3
3967	2902	3051	149	new	3
3968	2902	3102	200	new	3
3969	2902	3036	134	new	3
3970	2903	3120	217	new	3
3971	2904	3060	156	new	3
3972	2904	3049	145	new	3
3973	2906	3057	151	new	3
3974	2906	3466	560	new	3
3975	2906	3158	252	path	3
3976	2908	3057	149	new	3
3977	2909	3090	181	path	3
3978	2909	3144	235	new	3
3979	2910	3119	209	path	3
3980	2910	3108	198	new	3
3981	2911	3047	136	new	3
3982	2911	3109	198	new	3
3983	2913	3100	187	path	3
3984	2913	3091	178	new	3
3985	2913	3094	181	path	3
3986	2913	3059	146	new	3
3987	2914	3048	134	new	3
3988	2915	3068	153	new	3
3989	2917	2917	0	new	3
3990	2917	3099	182	new	3
3991	2917	3053	136	new	3
3992	2917	3110	193	path	3
3993	2917	3099	182	new	3
3994	2918	3093	175	new	3
3995	2919	3105	186	new	3
3996	2919	3097	178	new	3
3997	2919	3109	190	path	3
3998	2919	3105	186	new	3
3999	2919	3053	134	new	3
4000	2920	3054	134	new	3
4001	2920	3071	151	new	3
4002	2920	2920	0	new	3
4003	2920	3163	243	new	3
4004	2920	3153	233	new	3
4005	2921	3090	169	new	3
4006	2922	3091	169	path	3
4007	2922	3275	353	path	3
4008	2923	3057	134	new	3
4009	2925	3158	233	new	3
4010	2925	3090	165	new	3
4011	2925	3134	209	path	3
4012	2925	3083	158	new	3
4013	2927	3363	436	path	3
4014	2929	3108	179	new	3
4015	2930	3157	227	new	3
4016	2933	3080	147	new	3
4017	2934	3111	177	new	3
4018	2934	3082	148	new	3
4019	2935	3111	176	new	3
4020	2936	3070	134	new	3
4021	2939	3073	134	new	3
4022	2939	3131	192	path	3
4023	2942	2942	0	new	3
4024	2942	3121	179	path	3
4025	2944	3109	165	new	3
4026	2946	3080	134	new	3
4027	2958	3120	162	path	3
4028	2961	3157	196	new	3
4029	2964	3186	222	path	3
4030	2969	3412	443	new	3
4031	2981	3187	206	path	3
4032	2982	3134	152	new	3
4033	2983	3144	161	path	3
4034	2984	3237	253	path	3
4035	2986	3244	258	new	3
4036	2987	3188	201	new	3
4037	2987	3221	234	path	3
4038	2988	3253	265	new	3
4039	2988	3151	163	new	3
4040	2988	3204	216	new	3
4041	2989	3153	164	new	3
4042	2989	3211	222	new	3
4043	2990	3170	180	new	3
4044	2990	3165	175	new	3
4045	2990	3154	164	new	3
4046	2990	3193	203	path	3
4047	2991	3124	133	new	3
4048	2992	3139	147	new	3
4049	2992	3189	197	new	3
4050	2992	3181	189	path	3
4051	2992	3147	155	new	3
4052	2993	3137	144	new	3
4053	2994	3187	193	path	3
4054	2994	3157	163	new	3
4055	2994	3142	148	new	3
4056	2994	3149	155	new	3
4057	2994	3128	134	new	3
4058	2994	3139	145	new	3
4059	2994	3130	136	new	3
4060	2994	3160	166	new	3
4061	2994	3150	156	new	3
4062	2994	3137	143	new	3
4063	2995	3128	133	new	3
4064	2995	3322	327	path	3
4065	2996	3215	219	new	3
4066	2996	3176	180	new	3
4067	2997	3176	179	new	3
4068	2997	3216	219	new	3
4069	2997	3176	179	new	3
4070	2997	3255	258	new	3
4071	2998	3260	262	new	3
4072	2998	3169	171	new	3
4073	2998	3152	154	path	3
4074	2998	3273	275	path	3
4075	2998	3204	206	path	3
4076	2999	3189	190	new	3
4077	2999	3146	147	new	3
4078	2999	3204	205	path	3
4079	2999	3204	205	path	3
4080	2999	3199	200	new	3
4081	2999	3162	163	new	3
4082	2999	3161	162	new	3
4083	3000	3187	187	new	3
4084	3001	3294	293	path	3
4085	3001	3176	175	path	3
4086	3001	3446	445	path	3
4087	3001	3248	247	new	3
4088	3001	3160	159	new	3
4089	3001	3260	259	new	3
4090	3001	3182	181	new	3
4091	3001	3358	357	new	3
4092	3001	3169	168	new	3
4093	3001	3249	248	new	3
4094	3002	3199	197	path	3
4095	3002	3296	294	path	3
4096	3002	3199	197	path	3
4097	3002	3228	226	path	3
4098	3002	3257	255	new	3
4099	3002	3176	174	new	3
4100	3002	3214	212	new	3
4101	3002	3364	362	new	3
4102	3002	3205	203	new	3
4103	3003	3179	176	new	3
4104	3003	3421	418	path	3
4105	3003	3136	133	new	3
4106	3003	3401	398	new	3
4107	3003	3137	134	new	3
4108	3003	3177	174	new	3
4109	3003	3139	136	new	3
4110	3003	3170	167	new	3
4111	3004	3138	134	new	3
4112	3004	3193	189	new	3
4113	3004	3209	205	path	3
4114	3004	3228	224	path	3
4115	3004	3377	373	new	3
4116	3005	3196	191	new	3
4117	3005	3206	201	new	3
4118	3005	3187	182	new	3
4119	3005	3139	134	new	3
4120	3005	3293	288	path	3
4121	3005	3196	191	new	3
4122	3005	3139	134	new	3
4123	3006	3138	132	new	3
4124	3006	3233	227	new	3
4125	3006	3195	189	new	3
4126	3006	3402	396	path	3
4127	3007	3203	196	new	3
4128	3007	3197	190	new	3
4129	3007	3213	206	new	3
4130	3008	3193	185	new	3
4131	3008	3181	173	path	3
4132	3008	3238	230	new	3
4133	3008	3386	378	new	3
4134	3009	3360	351	path	3
4135	3009	3466	457	path	3
4136	3009	3198	189	new	3
4137	3009	3186	177	new	3
4138	3010	3206	196	new	3
4139	3010	3144	134	new	3
4140	3010	3213	203	path	3
4141	3010	3380	370	path	3
4142	3010	3180	170	new	3
4143	3011	3144	133	new	3
4144	3011	3159	148	new	3
4145	3011	3156	145	new	3
4146	3011	3458	447	new	3
4147	3012	3362	350	new	3
4148	3012	3165	153	new	3
4149	3012	3168	156	new	3
4150	3013	3312	299	path	3
4151	3013	3149	136	new	3
4152	3013	3159	146	new	3
4153	3013	3371	358	path	3
4154	3013	3180	167	new	3
4155	3013	3200	187	new	3
4156	3013	3149	136	new	3
4157	3014	3142	128	new	3
4158	3014	3155	141	new	3
4159	3014	3147	133	new	3
4160	3014	3147	133	new	3
4161	3015	3303	288	new	3
4162	3015	3281	266	path	3
4163	3015	3149	134	new	3
4164	3016	3150	134	new	3
4165	3016	3150	134	new	3
4166	3016	3553	537	path	3
4167	3016	3150	134	new	3
4168	3016	3486	470	new	3
4169	3016	3150	134	new	3
4170	3017	3195	178	new	3
4171	3017	3157	140	new	3
4172	3017	3299	282	new	3
4173	3017	3260	243	path	3
4174	3017	3163	146	new	3
4175	3017	3218	201	new	3
4176	3017	3194	177	new	3
4177	3018	3232	214	new	3
4178	3019	3207	188	new	3
4179	3019	3152	133	new	3
4180	3019	3431	412	new	3
4181	3019	3152	133	new	3
4182	3019	3259	240	path	3
4183	3019	3207	188	new	3
4184	3020	3220	200	new	3
4185	3021	3198	177	new	3
4186	3023	3352	329	new	3
4187	3024	3157	133	new	3
4188	3024	3200	176	new	3
4189	3024	3290	266	path	3
4190	3024	3209	185	new	3
4191	3025	3224	199	new	3
4192	3026	3189	163	path	3
4193	3028	3206	178	new	3
4194	3031	3579	548	path	3
4195	3035	3241	206	new	3
4196	3037	3171	134	new	3
4197	3039	3370	331	new	3
4198	3039	3202	163	new	3
4199	3040	3174	134	new	3
4200	3040	3275	235	path	3
4201	3040	3198	158	path	3
4202	3041	3175	134	new	3
4203	3052	3231	179	path	3
4204	3057	3367	310	new	3
4205	3058	3245	187	new	3
4206	3060	3233	173	path	3
4207	3061	3255	194	new	3
4208	3061	3395	334	new	3
4209	3062	3265	203	new	3
4210	3062	3062	0	new	3
4211	3063	3239	176	path	3
4212	3069	3220	151	new	3
4213	3072	3255	183	new	3
4214	3074	3416	342	new	3
4215	3081	3370	289	path	3
4216	3081	3215	134	new	3
4217	3090	3224	134	new	3
4218	3092	3226	134	new	3
4219	3094	3244	150	new	3
4220	3095	3231	136	new	3
4221	3097	3275	178	new	3
4222	3098	3391	293	new	3
4223	3098	3248	150	new	3
4224	3098	3249	151	new	3
4225	3098	3249	151	new	3
4226	3099	3283	184	new	3
4227	3099	3412	313	path	3
4228	3100	3361	261	new	3
4229	3101	3235	134	new	3
4230	3102	3499	397	path	3
4231	3103	3442	339	path	3
4232	3103	3237	134	new	3
4233	3103	3239	136	new	3
4234	3105	3407	302	new	3
4235	3105	3402	297	new	3
4236	3105	3239	134	new	3
4237	3105	3277	172	new	3
4238	3106	3298	192	new	3
4239	3107	3288	181	new	3
4240	3108	3277	169	new	3
4241	3108	3453	345	new	3
4242	3110	3314	204	new	3
4243	3112	3272	160	new	3
4244	3114	3418	304	path	3
4245	3115	3115	0	new	3
4246	3116	3304	188	new	3
4247	3117	3485	368	new	3
4248	3120	3256	136	new	3
4249	3121	3250	129	new	3
4250	3121	3288	167	new	3
4251	3123	3320	197	new	3
4252	3123	3307	184	path	3
4253	3127	3499	372	path	3
4254	3127	3634	507	path	3
4255	3127	3299	172	new	3
4256	3127	3611	484	new	3
4257	3127	3311	184	new	3
4258	3130	3274	144	new	3
4259	3130	3283	153	new	3
4260	3131	3131	0	new	3
4261	3136	3270	134	new	3
4262	3139	3139	0	new	3
4263	3139	3272	133	path	3
4264	3163	3297	134	new	3
4265	3170	3362	192	path	3
4266	3174	3174	0	new	3
4267	3176	3453	277	path	3
4268	3189	3509	320	new	3
4269	3189	3359	170	new	3
4270	3191	3409	218	new	3
4271	3191	3397	206	new	3
4272	3193	3356	163	new	3
4273	3194	3377	183	path	3
4274	3194	3364	170	new	3
4275	3195	3366	171	new	3
4276	3195	3338	143	new	3
4277	3196	3457	261	new	3
4278	3198	3380	182	path	3
4279	3198	3367	169	new	3
4280	3198	3521	323	new	3
4281	3200	3347	147	new	3
4282	3200	3449	249	path	3
4283	3200	3386	186	new	3
4284	3200	3358	158	new	3
4285	3200	3378	178	new	3
4286	3201	3517	316	new	3
4287	3203	3441	238	path	3
4288	3203	3382	179	new	3
4289	3203	3203	0	new	3
4290	3204	3387	183	new	3
4291	3204	3435	231	new	3
4292	3205	3359	154	new	3
4293	3206	3340	134	new	3
4294	3207	3368	161	new	3
4295	3208	3458	250	path	3
4296	3208	3396	188	new	3
4297	3210	3404	194	new	3
4298	3212	3364	152	path	3
4299	3213	3390	177	new	3
4300	3216	3431	215	new	3
4301	3220	3403	183	new	3
4302	3220	3354	134	new	3
4303	3222	3486	264	new	3
4304	3223	3359	136	new	3
4305	3223	3366	143	new	3
4306	3225	3358	133	new	3
4307	3227	3376	149	new	3
4308	3228	3362	134	new	3
4309	3228	3517	289	new	3
4310	3229	3383	154	new	3
4311	3229	3378	149	new	3
4312	3229	3383	154	new	3
4313	3230	3397	167	path	3
4314	3231	3371	140	path	3
4315	3231	3360	129	new	3
4316	3231	3421	190	new	3
4317	3232	3416	184	new	3
4318	3232	3413	181	new	3
4319	3234	3469	235	path	3
4320	3235	3235	0	new	3
4321	3235	3382	147	new	3
4322	3235	3371	136	new	3
4323	3235	3371	136	new	3
4324	3235	3409	174	new	3
4325	3235	3429	194	new	3
4326	3235	3469	234	path	3
4327	3236	3457	221	path	3
4328	3236	3469	233	path	3
4329	3236	3412	176	new	3
4330	3236	3370	134	new	3
4331	3236	3370	134	new	3
4332	3236	3463	227	path	3
4333	3237	3370	133	new	3
4334	3237	3453	216	path	3
4335	3237	3371	134	new	3
4336	3237	3371	134	new	3
4337	3238	3372	134	new	3
4338	3238	3617	379	new	3
4339	3238	3530	292	new	3
4340	3238	3366	128	new	3
4341	3238	3367	129	path	3
4342	3238	3372	134	new	3
4343	3238	3402	164	new	3
4344	3239	3432	193	new	3
4345	3239	3437	198	new	3
4346	3240	3401	161	new	3
4347	3241	3465	224	new	3
4348	3241	3619	378	path	3
4349	3241	3449	208	new	3
4350	3241	3462	221	new	3
4351	3242	3376	134	new	3
4352	3242	3611	369	new	3
4353	3242	3418	176	new	3
4354	3242	3384	142	new	3
4355	3242	3455	213	new	3
4356	3242	3477	235	new	3
4357	3243	3424	181	new	3
4358	3243	3410	167	new	3
4359	3243	3467	224	path	3
4360	3243	3407	164	new	3
4361	3244	3417	173	new	3
4362	3244	3474	230	new	3
4363	3244	3432	188	new	3
4364	3244	3391	147	new	3
4365	3244	3428	184	new	3
4366	3244	3443	199	new	3
4367	3244	3405	161	new	3
4368	3244	3433	189	new	3
4369	3246	3435	189	new	3
4370	3246	3480	234	path	3
4371	3246	3423	177	new	3
4372	3246	3388	142	new	3
4373	3246	3430	184	new	3
4374	3246	3407	161	new	3
4375	3246	3548	302	new	3
4376	3246	3486	240	path	3
4377	3246	3434	188	new	3
4378	3247	3434	187	new	3
4379	3247	3383	136	new	3
4380	3248	3476	228	path	3
4381	3248	3465	217	path	3
4382	3248	3402	154	new	3
4383	3248	3416	168	path	3
4384	3248	3406	158	new	3
4385	3248	3419	171	new	3
4386	3248	3442	194	new	3
4387	3248	3626	378	new	3
4388	3249	3425	176	new	3
4389	3249	3385	136	new	3
4390	3250	3440	190	new	3
4391	3250	3386	136	new	3
4392	3250	3386	136	new	3
4393	3251	3455	204	path	3
4394	3251	3501	250	new	3
4395	3252	3436	184	new	3
4396	3252	3455	203	path	3
4397	3253	3430	177	new	3
4398	3253	3253	0	new	3
4399	3253	3403	150	new	3
4400	3253	3438	185	new	3
4401	3253	3482	229	path	3
4402	3253	3494	241	new	3
4403	3254	3482	228	path	3
4404	3254	3390	136	new	3
4405	3254	3430	176	new	3
4406	3255	3496	241	new	3
4407	3255	3646	391	new	3
4408	3255	3389	134	new	3
4409	3255	3500	245	path	3
4410	3255	3434	179	new	3
4411	3255	3544	289	path	3
4412	3257	3636	379	new	3
4413	3257	3500	243	path	3
4414	3257	3591	334	new	3
4415	3257	3482	225	path	3
4416	3257	3636	379	new	3
4417	3257	3391	134	new	3
4418	3257	3635	378	new	3
4419	3257	3391	134	new	3
4420	3258	3498	240	new	3
4421	3258	3574	316	new	3
4422	3258	3562	304	new	3
4423	3260	3597	337	path	3
4424	3260	3462	202	new	3
4425	3261	3441	180	new	3
4426	3261	3412	151	new	3
4427	3262	3482	220	path	3
4428	3262	3524	262	new	3
4429	3262	3524	262	new	3
4430	3262	3426	164	new	3
4431	3263	3446	183	new	3
4432	3263	3397	134	new	3
4433	3264	3466	202	new	3
4434	3264	3445	181	new	3
4435	3264	3495	231	new	3
4436	3265	3399	134	new	3
4437	3267	3401	134	new	3
4438	3268	3743	475	path	3
4439	3269	3563	294	new	3
4440	3269	3468	199	path	3
4441	3269	3611	342	new	3
4442	3270	3418	148	new	3
4443	3270	3469	199	new	3
4444	3271	3407	136	new	3
4445	3271	3463	192	path	3
4446	3271	3433	162	new	3
4447	3272	3401	129	new	3
4448	3272	3509	237	path	3
4449	3272	3426	154	new	3
4450	3273	3413	140	new	3
4451	3273	3407	134	new	3
4452	3273	3474	201	new	3
4453	3274	3408	134	new	3
4454	3274	3455	181	path	3
4455	3275	3446	171	new	3
4456	3275	3411	136	new	3
4457	3276	3457	181	new	3
4458	3276	3416	140	new	3
4459	3277	3427	150	new	3
4460	3277	3431	154	new	3
4461	3277	3454	177	new	3
4462	3278	3462	184	path	3
4463	3279	3454	175	new	3
4464	3279	3455	176	path	3
4465	3280	3280	0	new	3
4466	3280	3426	146	new	3
4467	3280	3507	227	new	3
4468	3281	3417	136	new	3
4469	3281	3423	142	new	3
4470	3281	3483	202	path	3
4471	3282	3456	174	new	3
4472	3282	3467	185	path	3
4473	3282	3415	133	new	3
4474	3283	3531	248	new	3
4475	3283	3468	185	path	3
4476	3283	3578	295	path	3
4477	3283	3488	205	new	3
4478	3284	3417	133	new	3
4479	3284	3464	180	new	3
4480	3284	3475	191	new	3
4481	3286	3466	180	new	3
4482	3286	3466	180	new	3
4483	3286	3432	146	new	3
4484	3286	3499	213	new	3
4485	3286	3486	200	path	3
4486	3287	3287	0	new	3
4487	3287	3420	133	new	3
4488	3288	3472	184	path	3
4489	3288	3471	183	new	3
4490	3288	3456	168	new	3
4491	3288	3422	134	new	3
4492	3288	3471	183	new	3
4493	3289	3484	195	new	3
4494	3290	3290	0	new	3
4495	3290	3486	196	path	3
4496	3291	3425	134	new	3
4497	3292	3472	180	path	3
4498	3292	3636	344	new	3
4499	3292	3464	172	new	3
4500	3292	3493	201	new	3
4501	3292	3471	179	new	3
4502	3292	3503	211	new	3
4503	3292	3472	180	path	3
4504	3292	3428	136	new	3
4505	3292	3482	190	new	3
4506	3292	3464	172	new	3
4507	3292	3498	206	new	3
4508	3293	3501	208	new	3
4509	3294	3490	196	new	3
4510	3295	3636	341	new	3
4511	3296	3475	179	new	3
4512	3296	3453	157	new	3
4513	3298	3504	206	path	3
4514	3298	3513	215	new	3
4515	3299	3432	133	new	3
4516	3299	3441	142	new	3
4517	3299	3432	133	new	3
4518	3300	3555	255	new	3
4519	3302	3506	204	new	3
4520	3302	3727	425	new	3
4521	3303	3499	196	new	3
4522	3304	3516	212	new	3
4523	3304	3480	176	new	3
4524	3305	3544	239	path	3
4525	3305	3562	257	path	3
4526	3305	3522	217	new	3
4527	3306	3439	133	new	3
4528	3307	3541	234	new	3
4529	3308	3516	208	new	3
4530	3309	3511	202	new	3
4531	3312	3607	295	new	3
4532	3312	3570	258	new	3
4533	3314	3952	638	new	3
4534	3314	3448	134	new	3
4535	3316	3586	270	path	3
4536	3316	3316	0	new	3
4537	3317	-1	-1	censored	3
4538	3317	3451	134	new	3
4539	3318	3465	147	new	3
4540	3318	3600	282	new	3
4541	3319	3508	189	new	3
4542	3319	3473	154	new	3
4543	3320	3585	265	new	3
4544	3321	3455	134	new	3
4545	3322	3585	263	path	3
4546	3322	3509	187	new	3
4547	3339	3480	141	new	3
4548	3339	3473	134	new	3
4549	3340	3475	135	new	3
4550	3342	3476	134	new	3
4551	3343	3497	154	new	3
4552	3343	3476	133	new	3
4553	3344	3489	145	new	3
4554	3345	3489	144	new	3
4555	3347	3475	128	new	3
4556	3352	3498	146	new	3
4557	3352	3486	134	new	3
4558	3353	3481	128	new	3
4559	3353	3538	185	new	3
4560	3354	3520	166	new	3
4561	3355	3524	169	new	3
4562	3355	3500	145	new	3
4563	3356	3490	134	new	3
4564	3358	3528	170	new	3
4565	3359	3493	134	new	3
4566	3359	3542	183	new	3
4567	3359	3638	279	new	3
4568	3360	3494	134	new	3
4569	3360	3637	277	new	3
4570	3360	3514	154	new	3
4571	3361	3361	0	new	3
4572	3361	3361	0	new	3
4573	3362	3496	134	new	3
4574	3362	3538	176	new	3
4575	3362	3362	0	new	3
4576	3362	3496	134	new	3
4577	3363	3497	134	new	3
4578	3363	3636	273	new	3
4579	3363	3535	172	new	3
4580	3363	3553	190	new	3
4581	3363	3497	134	new	3
4582	3363	3659	296	new	3
4583	3363	3671	308	new	3
4584	3364	3500	136	new	3
4585	3364	3727	363	new	3
4586	3364	3507	143	new	3
4587	3365	3506	141	new	3
4588	3365	3559	194	new	3
4589	3365	3681	316	path	3
4590	3365	3559	194	new	3
4591	3365	3673	308	new	3
4592	3365	3560	195	new	3
4593	3365	3498	133	new	3
4594	3365	3681	316	path	3
4595	3365	3755	390	path	3
4596	3366	3510	144	new	3
4597	3366	3588	222	new	3
4598	3367	3512	145	new	3
4599	3367	3501	134	new	3
4600	3367	3367	0	new	3
4601	3367	3501	134	new	3
4602	3367	3510	143	new	3
4603	3367	3367	0	new	3
4604	3368	3557	189	path	3
4605	3368	3530	162	new	3
4606	3368	3537	169	new	3
4607	3368	3533	165	new	3
4608	3368	3520	152	new	3
4609	3368	3532	164	new	3
4610	3369	3564	195	new	3
4611	3369	3528	159	new	3
4612	3369	3505	136	new	3
4613	3369	3564	195	new	3
4614	3369	3528	159	new	3
4615	3370	3503	133	new	3
4616	3370	3504	134	new	3
4617	3371	3505	134	new	3
4618	3371	3505	134	new	3
4619	3371	3535	164	new	3
4620	3372	3507	135	new	3
4621	3373	3508	135	new	3
4622	3373	3514	141	new	3
4623	3373	3508	135	new	3
4624	3373	3568	195	new	3
4625	3373	3568	195	new	3
4626	3373	3507	134	new	3
4627	3375	3508	133	new	3
4628	3375	3511	136	new	3
4629	3376	3533	157	new	3
4630	3376	3544	168	new	3
4631	3377	3591	214	path	3
4632	3378	3520	142	new	3
4633	3378	3514	136	new	3
4634	3378	3589	211	new	3
4635	3379	3611	232	path	3
4636	3380	3522	142	new	3
4637	3380	3380	0	new	3
4638	3380	3514	134	new	3
4639	3380	3610	230	new	3
4640	3381	3585	204	new	3
4641	3381	3558	177	new	3
4642	3382	3611	229	path	3
4643	3383	-1	-1	censored	3
4644	3383	3517	134	new	3
4645	3383	3547	164	new	3
4646	3383	3538	155	new	3
4647	3383	3524	141	new	3
4648	3384	3518	134	new	3
4649	3384	3573	189	new	3
4650	3384	3518	134	new	3
4651	3385	3519	134	new	3
4652	3385	3519	134	new	3
4653	3385	3518	133	new	3
4654	3385	3539	154	new	3
4655	3385	3533	148	new	3
4656	3385	3531	146	new	3
4657	3385	3519	134	new	3
4658	3386	3658	272	path	3
4659	3387	3530	143	new	3
4660	3387	3387	0	new	3
4661	3387	3537	150	new	3
4662	3388	3616	228	new	3
4663	3389	3813	424	path	3
4664	3389	3523	134	new	3
4665	3389	3535	146	new	3
4666	3392	3547	155	new	3
4667	3395	3529	134	new	3
4668	3396	3562	166	new	3
4669	3405	3566	161	new	3
4670	3406	3539	133	new	3
4671	3409	3586	177	path	3
4672	3412	3601	189	new	3
4673	3419	3637	218	new	3
4674	3421	3646	225	new	3
4675	3422	3658	236	new	3
4676	3424	3749	325	path	3
4677	3444	3861	417	path	3
4678	3454	3647	193	new	3
4679	3456	3456	0	new	3
4680	3456	3777	321	new	3
4681	3456	3596	140	new	3
4682	3458	3647	189	path	3
4683	3460	3594	134	new	3
4684	3461	3595	134	new	3
4685	3462	3596	134	new	3
4686	3462	3596	134	new	3
4687	3505	3641	136	new	3
4688	3505	3639	134	new	3
4689	3505	3641	136	new	3
4690	3506	3640	134	new	3
4691	3506	3640	134	new	3
4692	3507	3643	136	new	3
4693	3507	3643	136	new	3
4694	3508	3641	133	new	3
4695	3510	3722	212	new	3
4696	3510	3644	134	new	3
4697	3511	3511	0	new	3
4698	3511	3645	134	new	3
4699	3511	3674	163	new	3
4700	3512	3661	149	new	3
4701	3512	3663	151	new	3
4702	3512	3646	134	new	3
4703	3512	3673	161	new	3
4704	3512	3683	171	new	3
4705	3513	3683	170	new	3
4706	3516	3835	319	new	3
4707	3517	3651	134	new	3
4708	3517	3747	230	new	3
4709	3517	3651	134	new	3
4710	3520	3654	134	new	3
4711	3529	3912	383	new	3
4712	3534	3740	206	new	3
4713	3535	3767	232	new	3
4714	3536	3707	171	new	3
4715	3536	3861	325	path	3
4716	3536	3786	250	path	3
4717	3536	3786	250	path	3
4718	3537	3920	383	path	3
4719	3537	3902	365	new	3
4720	3538	3847	309	new	3
4721	3547	3763	216	new	3
4722	3549	3822	273	new	3
4723	3552	3745	193	new	3
4724	3554	3706	152	new	3
4725	3555	3555	0	new	3
4726	3557	3731	174	new	3
4727	3558	3692	134	new	3
4728	3559	3739	180	new	3
4729	3561	3991	430	path	3
4730	3563	3696	133	new	3
4731	3563	3715	152	new	3
4732	3564	3898	334	new	3
4733	3564	3888	324	new	3
4734	3564	3698	134	new	3
4735	3566	3829	263	new	3
4736	3566	3952	386	path	3
4737	3567	-1	-1	censored	3
4738	3567	-1	-1	censored	3
4739	3567	3782	215	path	3
4740	3568	3739	171	new	3
4741	3569	3779	210	path	3
4742	3569	3952	383	path	3
4743	3569	3891	322	new	3
4744	3570	-1	-1	censored	3
4745	3570	3777	207	path	3
4746	3571	3826	255	new	3
4747	3571	3916	345	new	3
4748	3572	3813	241	path	3
4749	3572	3901	329	new	3
4750	3572	3706	134	new	3
4751	3573	3882	309	new	3
4752	3573	3861	288	path	3
4753	3573	3707	134	new	3
4754	3574	3966	392	new	3
4755	3574	3851	277	new	3
4756	3576	3758	182	new	3
4757	3576	-1	-1	censored	3
4758	3576	3848	272	new	3
4759	3576	3945	369	path	3
4760	3576	3759	183	new	3
4761	3576	3767	191	new	3
4762	3580	3761	181	new	3
4763	3583	3719	136	new	3
4764	3603	3776	173	new	3
4765	3605	3807	202	new	3
4766	3605	3758	153	new	3
4767	3606	3813	207	new	3
4768	3609	-1	-1	censored	3
4769	3610	3839	229	new	3
4770	3610	3610	0	new	3
4771	3612	3830	218	new	3
4772	3614	3922	308	path	3
4773	3614	3848	234	new	3
4774	3615	-1	-1	censored	3
4775	3615	3821	206	new	3
4776	3616	3865	249	new	3
4777	3616	3751	135	new	3
4778	3617	3818	201	new	3
4779	3617	3916	299	new	3
4780	3617	3829	212	path	3
4781	3617	3838	221	new	3
4782	3617	3779	162	path	3
4783	3618	3752	134	new	3
4784	3619	3860	241	path	3
4785	3620	3756	136	new	3
4786	3620	3754	134	new	3
4787	3621	3846	225	path	3
4788	3621	3869	248	path	3
4789	3621	3803	182	new	3
4790	3623	3839	216	path	3
4791	3623	3783	160	new	3
4792	3624	3827	203	path	3
4793	3625	3879	254	new	3
4794	3626	3862	236	new	3
4795	3626	3760	134	new	3
4796	3627	-1	-1	censored	3
4797	3628	3869	241	new	3
4798	3628	3764	136	new	3
4799	3628	3861	233	path	3
4800	3628	3902	274	new	3
4801	3629	3794	165	new	3
4802	3630	3894	264	new	3
4803	3630	3776	146	new	3
4804	3630	-1	-1	censored	3
4805	3632	3847	215	path	3
4806	3634	3786	152	new	3
4807	3639	3906	267	new	3
4808	3640	3792	152	new	3
4809	3648	3923	275	new	3
4810	3657	3892	235	new	3
4811	3668	3803	135	new	3
4812	3673	3813	140	path	3
4813	3673	3832	159	new	3
4814	3674	3815	141	new	3
4815	3674	3837	163	new	3
4816	3675	3812	137	new	3
4817	3675	3783	108	path	3
4818	3675	3872	197	path	3
4819	3676	3812	136	new	3
4820	3676	3919	243	path	3
4821	3676	3870	194	new	3
4822	3677	3854	177	new	3
4823	3677	3870	193	new	3
4824	3677	3872	195	new	3
4825	3678	3812	134	new	3
4826	3679	3814	135	new	3
4827	3679	3808	129	new	3
4828	3679	3872	193	path	3
4829	3681	3894	213	path	3
4830	3682	3875	193	new	3
4831	3684	3818	134	new	3
4832	3685	3819	134	new	3
4833	3685	3819	134	new	3
4834	3686	3867	181	new	3
4835	3686	3870	184	path	3
4836	3687	3875	188	path	3
4837	3687	3859	172	new	3
4838	3687	3864	177	new	3
4839	3687	3835	148	new	3
4840	3688	3861	173	new	3
4841	3688	3985	297	new	3
4842	3688	-1	-1	censored	3
4843	3688	3861	173	new	3
4844	3688	3853	165	new	3
4845	3689	3871	182	new	3
4846	3689	3823	134	new	3
4847	3689	-1	-1	censored	3
4848	3689	3853	164	new	3
4849	3689	3861	172	new	3
4850	3689	3881	192	new	3
4851	3689	3855	166	new	3
4852	3690	3855	165	new	3
4853	3690	3824	134	new	3
4854	3691	3825	134	new	3
4855	3691	3825	134	new	3
4856	3691	-1	-1	censored	3
4857	3691	3959	268	path	3
4858	3692	3912	220	path	3
4859	3692	-1	-1	censored	3
4860	3693	3988	295	new	3
4861	3693	3915	222	new	3
4862	3693	-1	-1	censored	3
4863	3693	3890	197	new	3
4864	3694	3885	191	new	3
4865	3694	-1	-1	censored	3
4866	3695	-1	-1	censored	3
4867	3695	3695	0	new	3
4868	3695	3906	211	path	3
4869	3695	-1	-1	censored	3
4870	3695	3894	199	new	3
4871	3696	3928	232	path	3
4872	3696	3858	162	new	3
4873	3697	3874	177	new	3
4874	3697	-1	-1	censored	3
4875	3697	3831	134	new	3
4876	3697	3853	156	new	3
4877	3697	3831	134	new	3
4878	3697	3862	165	new	3
4879	3697	3831	134	new	3
4880	3699	3828	129	new	3
4881	3699	-1	-1	censored	3
4882	3699	3994	295	new	3
4883	3699	3833	134	new	3
4884	3700	-1	-1	censored	3
4885	3700	3950	250	new	3
4886	3700	3888	188	path	3
4887	3700	3854	154	new	3
4888	3700	3860	160	new	3
4889	3701	3980	279	new	3
4890	3701	3892	191	new	3
4891	3702	3898	196	path	3
4892	3702	3859	157	new	3
4893	3702	3928	226	path	3
4894	3703	3923	220	path	3
4895	3703	3837	134	new	3
4896	3703	3907	204	new	3
4897	3703	-1	-1	censored	3
4898	3703	3844	141	new	3
4899	3703	3892	189	new	3
4900	3703	3703	0	new	3
4901	3703	3852	149	new	3
4902	3703	3950	247	path	3
4903	3704	-1	-1	censored	3
4904	3704	-1	-1	censored	3
4905	3704	3858	154	new	3
4906	3704	3928	224	path	3
4907	3704	3704	0	new	3
4908	3704	3869	165	new	3
4909	3705	-1	-1	censored	3
4910	3705	3894	189	new	3
4911	3705	-1	-1	censored	3
4912	3705	3997	292	new	3
4913	3706	-1	-1	censored	3
4914	3706	-1	-1	censored	3
4915	3708	-1	-1	censored	3
4916	3709	3959	250	new	3
4917	3710	-1	-1	censored	3
4918	3710	-1	-1	censored	3
4919	3712	3846	134	new	3
4920	3713	3847	134	new	3
4921	3715	3715	0	new	3
4922	3715	-1	-1	censored	3
4923	3715	3900	185	new	3
4924	3715	3844	129	new	3
4925	3715	3858	143	new	3
4926	3716	3850	134	new	3
4927	3717	3900	183	new	3
4928	3718	3852	134	new	3
4929	3718	3879	161	new	3
4930	3718	3854	136	new	3
4931	3719	3853	134	new	3
4932	3719	3853	134	new	3
4933	3719	3923	204	path	3
4934	3719	3856	137	new	3
4935	3719	3852	133	new	3
4936	3720	3918	198	new	3
4937	3721	3919	198	new	3
4938	3724	3911	187	new	3
4939	3734	3876	142	new	3
4940	3749	3912	163	path	3
4941	3755	-1	-1	censored	3
4942	3757	-1	-1	censored	3
4943	3758	-1	-1	censored	3
4944	3759	3959	200	path	3
4945	3764	3899	135	new	3
4946	3766	-1	-1	censored	3
4947	3772	-1	-1	censored	3
4948	3804	3993	189	new	3
4949	3804	3989	185	new	3
4950	3804	3946	142	new	3
4951	3804	3970	166	new	3
4952	3805	-1	-1	censored	3
4953	3806	-1	-1	censored	3
4954	3807	-1	-1	censored	3
4955	3810	-1	-1	censored	3
4956	3810	3994	184	new	3
4957	3812	-1	-1	censored	3
4958	3812	-1	-1	censored	3
4959	3816	-1	-1	censored	3
4960	3817	3960	143	new	3
4961	3817	-1	-1	censored	3
4962	3818	-1	-1	censored	3
4963	3818	-1	-1	censored	3
4964	3819	-1	-1	censored	3
4965	3819	-1	-1	censored	3
4966	3820	3984	164	new	3
4967	3820	3957	137	new	3
4968	3820	-1	-1	censored	3
4969	3821	3821	0	new	3
4970	3821	-1	-1	censored	3
4971	3821	-1	-1	censored	3
4972	3822	-1	-1	censored	3
4973	3822	-1	-1	censored	3
4974	3822	-1	-1	censored	3
4975	3822	-1	-1	censored	3
4976	3823	3969	146	new	3
4977	3824	-1	-1	censored	3
4978	3824	-1	-1	censored	3
4979	3825	3959	134	new	3
4980	3826	-1	-1	censored	3
4981	3827	3991	164	new	3
4982	3827	-1	-1	censored	3
4983	3827	3984	157	new	3
4984	3828	3996	168	new	3
4985	3828	-1	-1	censored	3
4986	3828	3964	136	new	3
4987	3828	-1	-1	censored	3
4988	3828	-1	-1	censored	3
4989	3829	-1	-1	censored	3
4990	3829	-1	-1	censored	3
4991	3830	-1	-1	censored	3
4992	3830	-1	-1	censored	3
4993	3830	-1	-1	censored	3
4994	3830	3964	134	new	3
4995	3830	-1	-1	censored	3
4996	3830	-1	-1	censored	3
4997	3831	-1	-1	censored	3
4998	3831	-1	-1	censored	3
4999	3831	-1	-1	censored	3
5000	3831	-1	-1	censored	3
5001	3831	3985	154	new	3
5002	3831	-1	-1	censored	3
5003	3831	3981	150	new	3
5004	3831	3985	154	new	3
5005	3832	-1	-1	censored	3
5006	3832	3966	134	new	3
5007	3832	-1	-1	censored	3
5008	3832	-1	-1	censored	3
5009	3832	-1	-1	censored	3
5010	3833	3967	134	new	3
5011	3833	-1	-1	censored	3
5012	3833	-1	-1	censored	3
5013	3833	-1	-1	censored	3
5014	3834	3982	148	new	3
5015	3835	3997	162	new	3
5016	3835	-1	-1	censored	3
5017	3835	3968	133	new	3
5018	3835	3969	134	new	3
5019	3835	3968	133	new	3
5020	3837	-1	-1	censored	3
5021	3839	-1	-1	censored	3
5022	3840	3988	148	new	3
5023	3841	-1	-1	censored	3
5024	3843	-1	-1	censored	3
5025	3845	3979	134	new	3
5026	3854	-1	-1	censored	3
5027	3855	-1	-1	censored	3
5028	3855	-1	-1	censored	3
5029	3856	-1	-1	censored	3
5030	3858	3858	0	new	3
5031	3860	3994	134	new	3
5032	3862	-1	-1	censored	3
5033	3862	-1	-1	censored	3
5034	3863	-1	-1	censored	3
5035	3863	-1	-1	censored	3
5036	3864	-1	-1	censored	3
5037	3865	-1	-1	censored	3
5038	3867	-1	-1	censored	3
5039	3867	-1	-1	censored	3
5040	3868	-1	-1	censored	3
5041	3870	-1	-1	censored	3
5042	3872	-1	-1	censored	3
5043	3873	-1	-1	censored	3
5044	3873	-1	-1	censored	3
5045	3873	-1	-1	censored	3
5046	3873	-1	-1	censored	3
5047	3873	-1	-1	censored	3
5048	3873	-1	-1	censored	3
5049	3874	-1	-1	censored	3
5050	3874	-1	-1	censored	3
5051	3874	-1	-1	censored	3
5052	3876	-1	-1	censored	3
5053	3876	-1	-1	censored	3
5054	3877	-1	-1	censored	3
5055	3877	3877	0	new	3
5056	3878	-1	-1	censored	3
5057	3879	-1	-1	censored	3
5058	3879	-1	-1	censored	3
5059	3879	-1	-1	censored	3
5060	3879	-1	-1	censored	3
5061	3879	-1	-1	censored	3
5062	3881	-1	-1	censored	3
5063	3882	-1	-1	censored	3
5064	3882	-1	-1	censored	3
5065	3883	-1	-1	censored	3
5066	3884	-1	-1	censored	3
5067	3884	-1	-1	censored	3
5068	3884	-1	-1	censored	3
5069	3885	-1	-1	censored	3
5070	3885	-1	-1	censored	3
5071	3886	-1	-1	censored	3
5072	3887	-1	-1	censored	3
5073	3887	-1	-1	censored	3
5074	3887	-1	-1	censored	3
5075	3888	-1	-1	censored	3
5076	3888	-1	-1	censored	3
5077	3888	-1	-1	censored	3
5078	3888	-1	-1	censored	3
5079	3889	-1	-1	censored	3
5080	3890	-1	-1	censored	3
5081	3891	-1	-1	censored	3
5082	3891	-1	-1	censored	3
5083	3893	-1	-1	censored	3
5084	3894	-1	-1	censored	3
5085	3895	-1	-1	censored	3
5086	3897	-1	-1	censored	3
5087	3911	-1	-1	censored	3
5088	3912	-1	-1	censored	3
5089	3914	-1	-1	censored	3
5090	3917	-1	-1	censored	3
5091	3934	-1	-1	censored	3
5092	3934	-1	-1	censored	3
5093	3937	-1	-1	censored	3
5094	3940	-1	-1	censored	3
5095	3941	-1	-1	censored	3
5096	3941	-1	-1	censored	3
5097	3943	-1	-1	censored	3
5098	3944	-1	-1	censored	3
5099	3944	-1	-1	censored	3
5100	3944	-1	-1	censored	3
5101	3945	-1	-1	censored	3
5102	3945	3945	0	new	3
5103	3945	-1	-1	censored	3
5104	3945	-1	-1	censored	3
5105	3945	-1	-1	censored	3
5106	3947	-1	-1	censored	3
5107	3949	-1	-1	censored	3
5108	3952	-1	-1	censored	3
5109	3952	-1	-1	censored	3
5110	3953	-1	-1	censored	3
5111	3955	-1	-1	censored	3
5112	3955	-1	-1	censored	3
5113	3964	-1	-1	censored	3
5114	3965	-1	-1	censored	3
5115	3968	-1	-1	censored	3
5116	3970	-1	-1	censored	3
5117	3971	-1	-1	censored	3
5118	3971	3971	0	new	3
5119	3972	-1	-1	censored	3
5120	3972	-1	-1	censored	3
5121	3974	3974	0	new	3
5122	3974	-1	-1	censored	3
5123	3974	-1	-1	censored	3
5124	3975	-1	-1	censored	3
5125	3976	3976	0	new	3
5126	3976	3976	0	new	3
5127	3978	-1	-1	censored	3
5128	3978	-1	-1	censored	3
5129	3979	-1	-1	censored	3
5130	3979	-1	-1	censored	3
5131	3983	-1	-1	censored	3
5132	3983	-1	-1	censored	3
5133	3986	-1	-1	censored	3
5134	3990	-1	-1	censored	3
