cycle_id	birth	death	lifetime	died_by	len
0	2	512	510	path	3
1	4	346	342	new	3
2	6	253	247	new	3
3	8	346	338	path	3
4	9	410	401	new	3
5	12	243	231	new	3
6	12	497	485	new	3
7	14	394	380	new	3
8	15	389	374	path	3
9	15	355	340	new	3
10	16	253	237	path	3
11	18	245	227	new	3
12	19	253	234	path	3
13	20	346	326	path	3
14	22	341	319	new	3
15	25	179	154	new	3
16	27	243	216	path	3
17	28	300	272	new	3
18	29	643	614	new	3
19	29	214	185	new	3
20	29	245	216	path	3
21	29	440	411	new	3
22	30	646	616	path	3
23	30	197	167	new	3
24	30	329	299	new	3
25	30	471	441	new	3
26	30	282	252	new	3
27	32	389	357	path	3
28	36	169	133	new	3
29	37	748	711	path	3
30	37	240	203	new	3
31	37	369	332	new	3
32	38	406	368	new	3
33	39	355	316	path	3
34	40	282	242	path	3
35	40	172	132	new	3
36	40	505	465	new	3
37	40	407	367	new	3
38	42	346	304	path	3
39	42	346	304	path	3
40	43	482	439	new	3
41	44	343	299	new	3
42	44	302	258	new	3
43	46	368	322	new	3
44	46	224	178	new	3
45	47	369	322	path	3
46	49	313	264	new	3
47	51	514	463	new	3
48	55	512	457	path	3
49	55	549	494	path	3
50	56	550	494	new	3
51	58	425	367	path	3
52	61	242	181	new	3
53	61	380	319	path	3
54	64	514	450	path	3
55	64	341	277	path	3
56	64	329	265	path	3
57	65	271	206	new	3
58	65	328	263	new	3
59	67	503	436	path	3
60	70	254	184	new	3
61	74	288	214	new	3
62	74	303	229	new	3
63	78	300	222	path	3
64	78	291	213	new	3
65	80	633	553	path	3
66	80	282	202	path	3
67	80	251	171	new	3
68	81	451	370	path	3
69	83	512	429	path	3
70	89	440	351	path	3
71	89	341	252	path	3
72	95	552	457	path	3
73	95	282	187	path	3
74	97	239	142	new	3
75	97	330	233	new	3
76	104	285	181	new	3
77	104	451	347	path	3
78	108	646	538	path	3
79	109	540	431	path	3
80	109	498	389	new	3
81	110	305	195	path	3
82	111	370	259	new	3
83	114	368	254	path	3
84	114	404	290	new	3
85	114	460	346	new	3
86	115	257	142	new	3
87	116	306	190	new	3
88	117	457	340	new	3
89	117	281	164	new	3
90	118	370	252	new	3
91	119	748	629	new	3
92	120	337	217	new	3
93	120	453	333	path	3
94	121	300	179	new	3
95	124	359	235	path	3
96	124	368	244	path	3
97	125	305	180	path	3
98	128	290	162	new	3
99	130	287	157	new	3
100	131	402	271	new	3
101	132	601	469	new	3
102	133	439	306	new	3
103	134	360	226	new	3
104	135	413	278	new	3
105	136	379	243	new	3
106	136	634	498	new	3
107	138	272	134	new	3
108	139	368	229	path	3
109	140	288	148	new	3
110	142	388	246	new	3
111	142	378	236	new	3
112	142	502	360	new	3
113	145	448	303	new	3
114	146	291	145	new	3
115	146	359	213	new	3
116	146	342	196	new	3
117	147	314	167	new	3
118	147	495	348	new	3
119	147	467	320	new	3
120	148	282	134	new	3
121	149	470	321	new	3
122	149	311	162	new	3
123	150	453	303	path	3
124	150	510	360	new	3
125	150	359	209	path	3
126	150	334	184	new	3
127	151	471	320	new	3
128	152	364	212	new	3
129	152	317	165	new	3
130	152	471	319	path	3
131	152	537	385	path	3
132	152	449	297	new	3
133	153	309	156	new	3
134	153	454	301	new	3
135	153	347	194	new	3
136	153	471	318	path	3
137	154	288	134	new	3
138	155	352	197	new	3
139	155	380	225	path	3
140	156	522	366	new	3
141	156	333	177	new	3
142	156	434	278	new	3
143	156	356	200	new	3
144	156	511	355	new	3
145	156	769	613	path	3
146	156	368	212	new	3
147	157	343	186	new	3
148	157	700	543	new	3
149	158	370	212	new	3
150	158	370	212	new	3
151	161	386	225	new	3
152	161	295	134	new	3
153	162	698	536	new	3
154	163	439	276	path	3
155	163	717	554	new	3
156	164	377	213	new	3
157	166	299	133	new	3
158	167	362	195	new	3
159	168	428	260	new	3
160	170	331	161	new	3
161	171	391	220	new	3
162	176	312	136	new	3
163	177	346	169	new	3
164	179	323	144	new	3
165	181	366	185	new	3
166	181	440	259	path	3
167	182	500	318	path	3
168	182	368	186	path	3
169	182	342	160	new	3
170	183	530	347	path	3
171	184	448	264	new	3
172	184	348	164	new	3
173	185	334	149	new	3
174	185	691	506	new	3
175	186	348	162	new	3
176	189	386	197	new	3
177	189	540	351	path	3
178	193	494	301	path	3
179	194	748	554	new	3
180	194	370	176	path	3
181	194	540	346	path	3
182	194	397	203	new	3
183	196	424	228	new	3
184	196	703	507	new	3
185	197	399	202	new	3
186	197	684	487	path	3
187	198	413	215	new	3
188	199	662	463	new	3
189	200	471	271	path	3
190	200	332	132	new	3
191	200	378	178	new	3
192	201	638	437	new	3
193	202	355	153	new	3
194	202	403	201	path	3
195	205	606	401	new	3
196	207	612	405	new	3
197	209	458	249	path	3
198	209	621	412	new	3
199	209	413	204	path	3
200	209	412	203	new	3
201	210	358	148	new	3
202	210	412	202	new	3
203	211	458	247	new	3
204	211	345	134	new	3
205	212	522	310	new	3
206	212	407	195	path	3
207	212	413	201	new	3
208	215	666	451	path	3
209	217	439	222	new	3
210	221	434	213	new	3
211	222	537	315	path	3
212	224	400	176	new	3
213	224	360	136	new	3
214	224	370	146	path	3
215	226	523	297	new	3
216	226	440	214	new	3
217	226	466	240	new	3
218	228	470	242	path	3
219	230	470	240	path	3
220	231	415	184	new	3
221	231	446	215	new	3
222	231	363	132	new	3
223	231	510	279	path	3
224	231	482	251	path	3
225	233	412	179	new	3
226	236	424	188	path	3
227	236	450	214	new	3
228	237	542	305	path	3
229	238	494	256	path	3
230	238	567	329	new	3
231	238	474	236	new	3
232	238	391	153	new	3
233	238	494	256	path	3
234	239	540	301	path	3
235	240	483	243	new	3
236	240	414	174	new	3
237	242	376	134	new	3
238	242	477	235	path	3
239	242	698	456	new	3
240	243	748	505	path	3
241	244	728	484	path	3
242	244	400	156	new	3
243	245	460	215	new	3
244	245	385	140	new	3
245	246	397	151	new	3
246	246	662	416	path	3
247	246	466	220	new	3
248	246	394	148	new	3
249	246	756	510	path	3
250	247	712	465	new	3
251	247	434	187	path	3
252	247	434	187	path	3
253	248	555	307	path	3
254	248	397	149	new	3
255	248	768	520	new	3
256	248	412	164	new	3
257	248	453	205	new	3
258	249	462	213	new	3
259	249	383	134	new	3
260	249	383	134	new	3
261	249	381	132	new	3
262	249	633	384	path	3
263	249	385	136	new	3
264	249	498	249	path	3
265	249	390	141	new	3
266	249	464	215	new	3
267	250	422	172	new	3
268	250	406	156	new	3
269	250	390	140	new	3
270	250	697	447	new	3
271	250	384	134	new	3
272	251	379	128	new	3
273	251	412	161	path	3
274	251	490	239	new	3
275	252	386	134	new	3
276	252	389	137	new	3
277	252	456	204	new	3
278	252	385	133	new	3
279	252	461	209	path	3
280	253	402	149	new	3
281	253	467	214	new	3
282	253	676	423	new	3
283	253	494	241	path	3
284	253	399	146	new	3
285	253	387	134	new	3
286	254	555	301	path	3
287	254	517	263	new	3
288	254	461	207	path	3
289	254	540	286	path	3
290	254	537	283	new	3
291	255	719	464	path	3
292	255	418	163	new	3
293	255	389	134	new	3
294	255	583	328	new	3
295	255	446	191	new	3
296	255	389	134	new	3
297	255	389	134	new	3
298	256	723	467	new	3
299	256	446	190	new	3
300	256	499	243	new	3
301	257	411	154	new	3
302	257	460	203	new	3
303	257	460	203	new	3
304	257	724	467	new	3
305	257	454	197	path	3
306	257	428	171	new	3
307	257	419	162	new	3
308	258	566	308	new	3
309	258	392	134	new	3
310	258	430	172	new	3
311	258	537	279	path	3
312	258	471	213	path	3
313	259	645	386	new	3
314	259	451	192	new	3
315	260	464	204	new	3
316	260	435	175	new	3
317	260	867	607	path	3
318	260	414	154	new	3
319	260	522	262	path	3
320	260	394	134	new	3
321	261	550	289	path	3
322	261	537	276	path	3
323	261	728	467	path	3
324	261	465	204	new	3
325	262	480	218	path	3
326	262	440	178	path	3
327	262	462	200	new	3
328	263	497	234	new	3
329	264	412	148	new	3
330	264	514	250	path	3
331	264	422	158	new	3
332	264	497	233	new	3
333	264	398	134	new	3
334	264	725	461	new	3
335	265	549	284	new	3
336	265	399	134	new	3
337	265	419	154	new	3
338	266	437	171	new	3
339	266	400	134	new	3
340	266	516	250	new	3
341	267	457	190	path	3
342	267	437	170	new	3
343	267	470	203	new	3
344	268	731	463	path	3
345	269	403	134	new	3
346	269	497	228	new	3
347	270	521	251	new	3
348	271	512	241	new	3
349	276	516	240	path	3
350	278	665	387	new	3
351	284	418	134	new	3
352	286	448	162	new	3
353	291	440	149	path	3
354	292	469	177	new	3
355	293	534	241	path	3
356	295	545	250	new	3
357	297	439	142	new	3
358	297	467	170	new	3
359	299	481	182	new	3
360	302	719	417	path	3
361	302	438	136	new	3
362	303	471	168	new	3
363	304	505	201	path	3
364	304	682	378	new	3
365	305	437	132	new	3
366	307	496	189	new	3
367	308	500	192	new	3
368	308	501	193	new	3
369	309	619	310	new	3
370	314	571	257	new	3
371	317	492	175	new	3
372	318	452	134	new	3
373	318	691	373	path	3
374	318	452	134	new	3
375	318	452	134	new	3
376	318	508	190	new	3
377	320	454	134	new	3
378	320	502	182	path	3
379	320	583	263	path	3
380	320	890	570	path	3
381	321	483	162	new	3
382	322	579	257	new	3
383	322	506	184	new	3
384	322	699	377	new	3
385	322	584	262	new	3
386	322	583	261	new	3
387	323	599	276	new	3
388	323	537	214	new	3
389	323	482	159	new	3
390	323	468	145	new	3
391	323	644	321	new	3
392	323	469	146	new	3
393	324	514	190	path	3
394	325	587	262	new	3
395	325	703	378	path	3
396	325	721	396	new	3
397	325	500	175	new	3
398	326	828	502	path	3
399	326	540	214	path	3
400	326	709	383	new	3
401	327	569	242	new	3
402	327	526	199	new	3
403	327	873	546	path	3
404	327	527	200	new	3
405	328	496	168	new	3
406	328	511	183	path	3
407	328	492	164	new	3
408	328	462	134	new	3
409	328	623	295	new	3
410	329	552	223	new	3
411	330	656	326	path	3
412	331	494	163	new	3
413	333	554	221	path	3
414	333	596	263	new	3
415	333	550	217	path	3
416	334	551	217	new	3
417	334	574	240	new	3
418	334	829	495	new	3
419	335	469	134	new	3
420	335	469	134	new	3
421	336	643	307	path	3
422	337	691	354	new	3
423	338	637	299	new	3
424	338	507	169	new	3
425	338	527	189	new	3
426	339	542	203	path	3
427	344	549	205	path	3
428	345	730	385	new	3
429	345	495	150	new	3
430	347	699	352	new	3
431	349	624	275	new	3
432	349	569	220	new	3
433	353	638	285	path	3
434	354	540	186	path	3
435	354	669	315	new	3
436	355	550	195	path	3
437	356	551	195	path	3
438	358	491	133	new	3
439	361	504	143	path	3
440	361	748	387	path	3
441	361	643	282	path	3
442	361	553	192	new	3
443	361	545	184	new	3
444	361	492	131	new	3
445	362	654	292	path	3
446	363	547	184	new	3
447	364	649	285	new	3
448	364	720	356	path	3
449	364	700	336	path	3
450	365	556	191	new	3
451	366	516	150	new	3
452	367	566	199	path	3
453	367	834	467	new	3
454	368	614	246	new	3
455	369	369	0	new	3
456	370	567	197	new	3
457	378	592	214	new	3
458	379	650	271	path	3
459	380	661	281	new	3
460	380	584	204	path	3
461	380	566	186	path	3
462	380	566	186	path	3
463	382	582	200	path	3
464	383	793	410	new	3
465	384	652	268	new	3
466	384	572	188	new	3
467	384	584	200	new	3
468	388	567	179	new	3
469	389	671	282	path	3
470	389	615	226	new	3
471	389	389	0	new	3
472	392	668	276	path	3
473	403	712	309	path	3
474	404	608	204	new	3
475	405	564	159	new	3
476	407	604	197	path	3
477	408	1060	652	new	3
478	409	718	309	new	3
479	411	627	216	new	3
480	411	607	196	new	3
481	411	588	177	new	3
482	411	740	329	new	3
483	411	563	152	new	3
484	411	643	232	new	3
485	413	636	223	path	3
486	413	601	188	new	3
487	414	913	499	path	3
488	414	590	176	new	3
489	416	565	149	new	3
490	417	729	312	new	3
491	417	620	203	new	3
492	417	572	155	new	3
493	418	657	239	new	3
494	418	633	215	new	3
495	418	669	251	new	3
496	419	681	262	path	3
497	419	725	306	new	3
498	419	761	342	path	3
499	419	691	272	new	3
500	419	566	147	new	3
501	419	588	169	new	3
502	419	767	348	path	3
503	419	613	194	new	3
504	420	888	468	new	3
505	420	713	293	new	3
506	420	730	310	path	3
507	420	777	357	path	3
508	420	609	189	new	3
509	420	571	151	new	3
510	421	557	136	new	3
511	421	744	323	path	3
512	421	551	130	new	3
513	422	596	174	new	3
514	423	559	136	new	3
515	423	560	137	new	3
516	424	636	212	new	3
517	425	686	261	new	3
518	425	639	214	new	3
519	425	748	323	path	3
520	425	691	266	new	3
521	426	557	131	new	3
522	426	668	242	path	3
523	426	646	220	new	3
524	426	761	335	new	3
525	426	605	179	new	3
526	427	622	195	new	3
527	427	672	245	new	3
528	427	563	136	new	3
529	427	564	137	new	3
530	427	561	134	new	3
531	428	564	136	new	3
532	428	645	217	new	3
533	428	602	174	new	3
534	428	561	133	new	3
535	428	613	185	new	3
536	428	623	195	new	3
537	428	691	263	new	3
538	428	597	169	new	3
539	428	847	419	new	3
540	428	671	243	path	3
541	429	700	271	new	3
542	429	609	180	path	3
543	429	936	507	path	3
544	429	576	147	new	3
545	429	672	243	path	3
546	429	584	155	new	3
547	430	571	141	new	3
548	430	563	133	new	3
549	430	626	196	new	3
550	430	571	141	new	3
551	430	775	345	new	3
552	430	665	235	new	3
553	430	571	141	new	3
554	430	564	134	new	3
555	430	576	146	new	3
556	430	590	160	new	3
557	430	564	134	new	3
558	431	645	214	new	3
559	431	594	163	new	3
560	431	614	183	new	3
561	431	675	244	new	3
562	431	669	238	new	3
563	431	658	227	path	3
564	431	657	226	new	3
565	431	565	134	new	3
566	431	612	181	new	3
567	431	681	250	new	3
568	431	721	290	path	3
569	431	816	385	new	3
570	431	563	132	new	3
571	431	599	168	new	3
572	432	643	211	new	3
573	432	635	203	new	3
574	432	580	148	new	3
575	432	605	173	new	3
576	432	609	177	new	3
577	432	601	169	path	3
578	432	596	164	path	3
579	432	688	256	new	3
580	432	561	129	new	3
581	432	609	177	path	3
582	433	859	426	path	3
583	433	633	200	path	3
584	433	677	244	new	3
585	433	646	213	new	3
586	433	720	287	path	3
587	433	586	153	new	3
588	433	656	223	path	3
589	433	714	281	new	3
590	434	647	213	new	3
591	434	666	232	path	3
592	434	796	362	new	3
593	434	680	246	path	3
594	435	715	280	path	3
595	435	674	239	new	3
596	435	724	289	new	3
597	435	669	234	new	3
598	435	738	303	path	3
599	436	436	0	new	3
600	436	570	134	new	3
601	436	681	245	new	3
602	436	578	142	new	3
603	436	592	156	new	3
604	437	719	282	new	3
605	437	588	151	new	3
606	437	653	216	new	3
607	437	601	164	new	3
608	437	638	201	path	3
609	437	708	271	new	3
610	437	616	179	new	3
611	438	633	195	new	3
612	438	609	171	new	3
613	438	740	302	path	3
614	438	601	163	new	3
615	438	574	136	new	3
616	438	824	386	new	3
617	439	836	397	new	3
618	439	754	315	path	3
619	440	696	256	path	3
620	440	637	197	path	3
621	440	698	258	path	3
622	441	594	153	new	3
623	441	643	202	path	3
624	442	726	284	new	3
625	442	764	322	path	3
626	442	658	216	new	3
627	442	638	196	new	3
628	442	669	227	new	3
629	443	721	278	new	3
630	443	709	266	new	3
631	443	657	214	new	3
632	443	657	214	new	3
633	443	577	134	new	3
634	443	617	174	new	3
635	443	746	303	new	3
636	443	624	181	new	3
637	444	676	232	new	3
638	444	866	422	new	3
639	444	623	179	new	3
640	444	659	215	new	3
641	444	669	225	path	3
642	444	601	157	new	3
643	444	685	241	new	3
644	445	779	334	path	3
645	445	641	196	new	3
646	446	671	225	path	3
647	446	748	302	path	3
648	447	655	208	new	3
649	447	628	181	new	3
650	447	649	202	new	3
651	448	582	134	new	3
652	448	900	452	new	3
653	448	627	179	new	3
654	448	643	195	new	3
655	448	598	150	new	3
656	448	614	166	new	3
657	448	654	206	path	3
658	449	680	231	path	3
659	449	851	402	new	3
660	449	829	380	path	3
661	450	661	211	path	3
662	450	756	306	path	3
663	450	583	133	new	3
664	450	779	329	new	3
665	450	697	247	new	3
666	450	580	130	new	3
667	450	584	134	new	3
668	451	803	352	new	3
669	451	686	235	new	3
670	451	623	172	new	3
671	451	593	142	new	3
672	451	637	186	path	3
673	451	599	148	new	3
674	451	667	216	new	3
675	451	585	134	new	3
676	451	627	176	new	3
677	451	654	203	new	3
678	452	664	212	new	3
679	452	655	203	new	3
680	452	780	328	path	3
681	454	740	286	path	3
682	454	740	286	path	3
683	454	659	205	new	3
684	454	646	192	new	3
685	455	589	134	new	3
686	455	648	193	new	3
687	455	589	134	new	3
688	455	666	211	new	3
689	455	657	202	new	3
690	455	721	266	path	3
691	455	648	193	new	3
692	456	714	258	path	3
693	456	656	200	new	3
694	456	765	309	path	3
695	456	877	421	new	3
696	456	678	222	new	3
697	456	590	134	new	3
698	457	688	231	new	3
699	457	661	204	new	3
700	457	591	134	new	3
701	457	594	137	new	3
702	458	644	186	new	3
703	458	728	270	new	3
704	458	709	251	path	3
705	458	681	223	path	3
706	458	763	305	path	3
707	458	609	151	path	3
708	458	725	267	path	3
709	458	594	136	new	3
710	458	786	328	path	3
711	459	1062	603	path	3
712	459	724	265	new	3
713	459	686	227	new	3
714	459	631	172	new	3
715	459	777	318	path	3
716	459	709	250	new	3
717	460	931	471	new	3
718	460	694	234	path	3
719	460	694	234	path	3
720	460	653	193	new	3
721	460	785	325	new	3
722	460	646	186	new	3
723	460	683	223	new	3
724	460	653	193	new	3
725	461	594	133	new	3
726	461	716	255	new	3
727	462	686	224	new	3
728	462	651	189	new	3
729	462	784	322	path	3
730	462	738	276	path	3
731	462	805	343	new	3
732	464	731	267	path	3
733	464	638	174	new	3
734	464	650	186	new	3
735	464	709	245	path	3
736	465	705	240	new	3
737	466	680	214	new	3
738	466	686	220	new	3
739	466	848	382	new	3
740	467	658	191	new	3
741	467	697	230	new	3
742	467	694	227	new	3
743	467	935	468	path	3
744	467	601	134	new	3
745	469	650	181	new	3
746	469	684	215	new	3
747	469	690	221	new	3
748	469	702	233	new	3
749	470	645	175	new	3
750	471	686	215	path	3
751	471	650	179	new	3
752	472	606	134	new	3
753	472	718	246	new	3
754	472	614	142	new	3
755	472	950	478	new	3
756	473	687	214	new	3
757	473	710	237	new	3
758	473	606	133	new	3
759	475	693	218	new	3
760	476	476	0	new	3
761	476	642	166	new	3
762	476	729	253	new	3
763	476	657	181	new	3
764	476	675	199	path	3
765	476	652	176	new	3
766	476	700	224	path	3
767	476	803	327	new	3
768	476	661	185	new	3
769	477	610	133	new	3
770	477	647	170	new	3
771	478	612	134	new	3
772	478	657	179	new	3
773	478	692	214	new	3
774	478	728	250	path	3
775	481	481	0	new	3
776	481	669	188	path	3
777	481	661	180	new	3
778	482	643	161	new	3
779	482	635	153	path	3
780	482	722	240	new	3
781	482	672	190	new	3
782	484	692	208	path	3
783	484	720	236	path	3
784	484	855	371	path	3
785	484	616	132	new	3
786	485	704	219	new	3
787	485	619	134	new	3
788	486	693	207	new	3
789	486	824	338	new	3
790	487	764	277	path	3
791	487	1041	554	new	3
792	487	683	196	new	3
793	488	613	125	path	3
794	488	673	185	new	3
795	489	696	207	new	3
796	489	756	267	path	3
797	489	724	235	new	3
798	489	707	218	new	3
799	489	643	154	new	3
800	489	676	187	new	3
801	489	883	394	path	3
802	490	680	190	new	3
803	490	619	129	new	3
804	490	668	178	new	3
805	490	690	200	new	3
806	490	639	149	new	3
807	491	713	222	new	3
808	491	662	171	path	3
809	491	682	191	path	3
810	491	670	179	path	3
811	491	627	136	new	3
812	491	985	494	new	3
813	492	669	177	new	3
814	492	659	167	path	3
815	492	708	216	new	3
816	492	686	194	new	3
817	492	658	166	new	3
818	492	658	166	new	3
819	493	627	134	new	3
820	493	703	210	new	3
821	493	630	137	new	3
822	493	810	317	new	3
823	493	713	220	new	3
824	493	719	226	path	3
825	493	719	226	new	3
826	494	883	389	new	3
827	494	652	158	new	3
828	494	675	181	new	3
829	494	682	188	new	3
830	494	636	142	new	3
831	494	657	163	path	3
832	494	628	134	new	3
833	494	675	181	new	3
834	495	635	140	new	3
835	495	756	261	new	3
836	495	832	337	new	3
837	495	629	134	new	3
838	495	650	155	path	3
839	495	708	213	new	3
840	495	687	192	new	3
841	495	851	356	new	3
842	496	752	256	new	3
843	496	630	134	new	3
844	497	682	185	new	3
845	497	715	218	path	3
846	497	654	157	new	3
847	497	707	210	path	3
848	497	724	227	path	3
849	498	731	233	path	3
850	498	716	218	new	3
851	498	630	132	new	3
852	498	632	134	new	3
853	499	843	344	new	3
854	499	681	182	new	3
855	499	633	134	new	3
856	499	672	173	path	3
857	499	699	200	new	3
858	499	673	174	path	3
859	499	708	209	new	3
860	499	645	146	new	3
861	500	759	259	path	3
862	500	788	288	new	3
863	500	726	226	new	3
864	500	712	212	new	3
865	500	662	162	new	3
866	500	758	258	new	3
867	501	920	419	new	3
868	501	704	203	new	3
869	501	762	261	path	3
870	501	635	134	new	3
871	502	667	165	new	3
872	502	638	136	new	3
873	502	658	156	new	3
874	502	714	212	new	3
875	502	684	182	new	3
876	503	749	246	path	3
877	503	704	201	new	3
878	503	850	347	path	3
879	503	634	131	new	3
880	503	756	253	path	3
881	503	712	209	new	3
882	504	698	194	path	3
883	504	670	166	new	3
884	504	638	134	new	3
885	504	680	176	new	3
886	504	690	186	new	3
887	504	717	213	path	3
888	505	717	212	new	3
889	505	886	381	new	3
890	505	674	169	new	3
891	505	913	408	path	3
892	505	701	196	new	3
893	505	681	176	new	3
894	505	650	145	new	3
895	505	641	136	new	3
896	505	730	225	path	3
897	506	682	176	new	3
898	506	792	286	new	3
899	506	774	268	path	3
900	506	654	148	new	3
901	506	718	212	new	3
902	506	661	155	new	3
903	506	648	142	new	3
904	506	752	246	path	3
905	506	869	363	new	3
906	506	697	191	new	3
907	506	652	146	new	3
908	506	699	193	new	3
909	506	693	187	new	3
910	506	718	212	new	3
911	507	635	128	new	3
912	507	732	225	new	3
913	507	764	257	path	3
914	507	719	212	new	3
915	507	679	172	new	3
916	507	659	152	new	3
917	507	683	176	new	3
918	508	655	147	new	3
919	508	700	192	new	3
920	508	642	134	new	3
921	508	686	178	new	3
922	508	683	175	new	3
923	509	701	192	new	3
924	509	673	164	new	3
925	510	661	151	new	3
926	510	678	168	new	3
927	510	655	145	new	3
928	510	837	327	new	3
929	510	643	133	new	3
930	510	764	254	path	3
931	511	701	190	new	3
932	511	898	387	new	3
933	511	689	178	new	3
934	511	752	241	new	3
935	511	689	178	new	3
936	511	667	156	new	3
937	511	647	136	new	3
938	511	667	156	new	3
939	511	719	208	path	3
940	511	682	171	new	3
941	511	678	167	new	3
942	511	743	232	new	3
943	512	753	241	new	3
944	512	706	194	new	3
945	512	645	133	new	3
946	512	658	146	new	3
947	512	670	158	new	3
948	512	642	130	new	3
949	512	704	192	new	3
950	512	648	136	new	3
951	513	667	154	new	3
952	513	707	194	new	3
953	513	691	178	new	3
954	513	661	148	new	3
955	513	649	136	new	3
956	513	719	206	path	3
957	513	649	136	new	3
958	513	709	196	new	3
959	513	647	134	new	3
960	513	666	153	new	3
961	513	641	128	new	3
962	513	707	194	new	3
963	514	514	0	new	3
964	514	663	149	new	3
965	514	725	211	new	3
966	514	678	164	new	3
967	514	710	196	path	3
968	514	725	211	new	3
969	515	645	130	new	3
970	515	649	134	new	3
971	515	779	264	path	3
972	515	748	233	path	3
973	515	725	210	new	3
974	515	649	134	new	3
975	515	661	146	new	3
976	515	703	188	path	3
977	515	795	280	path	3
978	515	690	175	new	3
979	516	704	188	path	3
980	516	650	134	new	3
981	516	874	358	new	3
982	516	748	232	path	3
983	517	710	193	path	3
984	517	707	190	new	3
985	517	651	134	new	3
986	517	721	204	new	3
987	517	690	173	new	3
988	517	730	213	path	3
989	517	671	154	new	3
990	517	669	152	new	3
991	517	710	193	new	3
992	517	691	174	new	3
993	517	765	248	new	3
994	518	652	134	new	3
995	518	968	450	new	3
996	518	652	134	new	3
997	518	685	167	new	3
998	518	652	134	new	3
999	518	704	186	new	3
1000	518	745	227	new	3
1001	518	725	207	path	3
1002	518	713	195	new	3
1003	518	669	151	new	3
1004	518	673	155	new	3
1005	519	872	353	new	3
1006	519	728	209	new	3
1007	519	715	196	path	3
1008	519	898	379	new	3
1009	519	727	208	new	3
1010	519	709	190	path	3
1011	519	725	206	path	3
1012	519	652	133	new	3
1013	519	839	320	new	3
1014	519	655	136	new	3
1015	519	697	178	new	3
1016	519	690	171	new	3
1017	519	700	181	new	3
1018	520	686	166	new	3
1019	520	722	202	new	3
1020	520	702	182	new	3
1021	520	771	251	path	3
1022	520	687	167	new	3
1023	520	710	190	new	3
1024	520	716	196	new	3
1025	520	720	200	new	3
1026	520	793	273	path	3
1027	521	688	167	new	3
1028	521	672	151	new	3
1029	521	655	134	new	3
1030	521	692	171	new	3
1031	521	657	136	new	3
1032	521	663	142	new	3
1033	521	730	209	new	3
1034	521	699	178	new	3
1035	521	669	148	new	3
1036	522	691	169	new	3
1037	522	736	214	new	3
1038	522	756	234	path	3
1039	522	672	150	new	3
1040	523	657	134	new	3
1041	523	686	163	new	3
1042	523	657	134	new	3
1043	523	677	154	new	3
1044	523	710	187	new	3
1045	524	819	295	new	3
1046	524	683	159	new	3
1047	524	784	260	path	3
1048	524	659	135	new	3
1049	525	667	142	new	3
1050	525	702	177	new	3
1051	525	708	183	new	3
1052	525	705	180	new	3
1053	525	847	322	path	3
1054	525	761	236	path	3
1055	525	714	189	new	3
1056	525	734	209	new	3
1057	526	708	182	new	3
1058	526	697	171	new	3
1059	526	706	180	new	3
1060	526	682	156	new	3
1061	526	792	266	new	3
1062	526	663	137	new	3
1063	527	715	188	new	3
1064	527	695	168	new	3
1065	527	686	159	new	3
1066	527	712	185	path	3
1067	527	674	147	new	3
1068	527	784	257	path	3
1069	527	716	189	new	3
1070	527	712	185	new	3
1071	528	745	217	new	3
1072	528	685	157	new	3
1073	529	676	147	new	3
1074	529	718	189	new	3
1075	529	717	188	new	3
1076	529	711	182	new	3
1077	529	707	178	new	3
1078	530	664	134	new	3
1079	530	826	296	new	3
1080	530	987	457	new	3
1081	530	702	172	new	3
1082	531	659	128	new	3
1083	532	668	136	new	3
1084	532	666	134	new	3
1085	532	713	181	new	3
1086	532	696	164	new	3
1087	534	697	163	new	3
1088	534	698	164	path	3
1089	535	719	184	new	3
1090	535	671	136	new	3
1091	535	666	131	new	3
1092	535	669	134	new	3
1093	536	709	173	new	3
1094	536	670	134	new	3
1095	536	858	322	new	3
1096	536	745	209	new	3
1097	537	671	134	new	3
1098	538	716	178	new	3
1099	538	724	186	new	3
1100	538	773	235	path	3
1101	539	729	190	new	3
1102	539	705	166	new	3
1103	540	700	160	new	3
1104	540	750	210	new	3
1105	540	725	185	path	3
1106	540	722	182	new	3
1107	540	729	189	new	3
1108	541	711	170	new	3
1109	542	676	134	new	3
1110	542	709	167	new	3
1111	542	676	134	new	3
1112	543	826	283	new	3
1113	543	710	167	new	3
1114	543	722	179	new	3
1115	543	677	134	new	3
1116	544	688	144	new	3
1117	544	754	210	path	3
1118	544	677	133	new	3
1119	545	722	177	new	3
1120	545	678	133	new	3
1121	546	740	194	path	3
1122	546	766	220	path	3
1123	546	708	162	new	3
1124	546	734	188	new	3
1125	546	862	316	path	3
1126	547	730	183	path	3
1127	547	730	183	path	3
1128	548	771	223	path	3
1129	548	731	183	new	3
1130	548	888	340	path	3
1131	548	682	134	new	3
1132	548	714	166	new	3
1133	548	682	134	new	3
1134	549	720	171	new	3
1135	549	729	180	new	3
1136	549	719	170	new	3
1137	549	704	155	new	3
1138	549	685	136	new	3
1139	549	695	146	new	3
1140	549	729	180	new	3
1141	549	683	134	new	3
1142	550	697	147	new	3
1143	550	695	145	new	3
1144	550	726	176	path	3
1145	550	698	148	new	3
1146	550	757	207	path	3
1147	550	789	239	new	3
1148	550	986	436	new	3
1149	550	684	134	new	3
1150	551	733	182	new	3
1151	551	708	157	path	3
1152	551	720	169	new	3
1153	551	729	178	new	3
1154	551	703	152	new	3
1155	551	952	401	new	3
1156	552	704	152	new	3
1157	552	727	175	new	3
1158	552	699	147	new	3
1159	552	685	133	new	3
1160	552	756	204	new	3
1161	552	703	151	new	3
1162	553	681	128	new	3
1163	553	878	325	path	3
1164	553	873	320	new	3
1165	553	711	158	new	3
1166	553	817	264	new	3
1167	553	1257	704	path	3
1168	554	772	218	new	3
1169	554	722	168	path	3
1170	554	713	159	new	3
1171	554	687	133	new	3
1172	554	695	141	new	3
1173	554	760	206	new	3
1174	555	729	174	new	3
1175	555	728	173	new	3
1176	555	729	174	path	3
1177	555	728	173	new	3
1178	555	753	198	new	3
1179	556	720	164	path	3
1180	557	768	211	path	3
1181	557	698	141	new	3
1182	557	698	141	new	3
1183	557	708	151	new	3
1184	557	690	133	new	3
1185	558	717	159	new	3
1186	558	742	184	new	3
1187	558	761	203	new	3
1188	558	751	193	path	3
1189	559	746	187	new	3
1190	559	723	164	new	3
1191	559	721	162	new	3
1192	559	726	167	new	3
1193	559	693	134	new	3
1194	559	940	381	new	3
1195	560	694	134	new	3
1196	560	694	134	new	3
1197	560	749	189	path	3
1198	561	723	162	new	3
1199	561	713	152	new	3
1200	561	712	151	new	3
1201	561	845	284	path	3
1202	561	1010	449	new	3
1203	561	902	341	path	3
1204	561	812	251	new	3
1205	562	716	154	new	3
1206	562	696	134	new	3
1207	563	697	134	new	3
1208	563	697	134	new	3
1209	563	697	134	new	3
1210	563	738	175	path	3
1211	563	697	134	new	3
1212	564	720	156	new	3
1213	564	697	133	new	3
1214	564	726	162	new	3
1215	564	695	131	new	3
1216	564	698	134	new	3
1217	564	779	215	path	3
1218	564	740	176	path	3
1219	565	698	133	new	3
1220	565	701	136	new	3
1221	565	757	192	new	3
1222	565	709	144	new	3
1223	565	733	168	new	3
1224	566	752	186	new	3
1225	566	752	186	new	3
1226	566	771	205	new	3
1227	567	732	165	new	3
1228	567	701	134	new	3
1229	567	774	207	new	3
1230	567	696	129	new	3
1231	567	760	193	new	3
1232	567	748	181	new	3
1233	567	748	181	new	3
1234	567	759	192	new	3
1235	568	741	173	new	3
1236	568	717	149	new	3
1237	569	703	134	new	3
1238	569	843	274	new	3
1239	569	868	299	new	3
1240	569	745	176	new	3
1241	570	703	133	new	3
1242	570	712	142	new	3
1243	570	763	193	path	3
1244	570	739	169	new	3
1245	570	761	191	new	3
1246	570	730	160	new	3
1247	571	743	172	new	3
1248	571	729	158	new	3
1249	571	742	171	new	3
1250	571	782	211	new	3
1251	571	859	288	new	3
1252	571	707	136	new	3
1253	571	699	128	new	3
1254	571	725	154	new	3
1255	571	725	154	new	3
1256	572	764	192	new	3
1257	572	849	277	path	3
1258	573	772	199	path	3
1259	573	973	400	new	3
1260	573	822	249	path	3
1261	573	779	206	new	3
1262	574	715	141	new	3
1263	574	1063	489	new	3
1264	577	757	180	path	3
1265	577	1049	472	path	3
1266	578	743	165	path	3
1267	580	789	209	new	3
1268	581	753	172	path	3
1269	582	760	178	new	3
1270	582	716	134	new	3
1271	582	703	121	path	3
1272	584	775	191	path	3
1273	586	776	190	new	3
1274	589	768	179	new	3
1275	590	724	134	new	3
1276	590	766	176	new	3
1277	592	786	194	new	3
1278	606	1013	407	path	3
1279	608	888	280	new	3
1280	608	744	136	new	3
1281	610	744	134	new	3
1282	611	969	358	new	3
1283	611	870	259	new	3
1284	615	786	171	path	3
1285	622	770	148	new	3
1286	630	814	184	new	3
1287	630	823	193	new	3
1288	631	812	181	new	3
1289	633	785	152	new	3
1290	633	847	214	path	3
1291	633	835	202	new	3
1292	633	1462	829	new	3
1293	635	1087	452	new	3
1294	635	827	192	new	3
1295	635	1019	384	new	3
1296	636	764	128	new	3
1297	636	814	178	new	3
1298	639	954	315	new	3
1299	640	806	166	new	3
1300	642	782	140	new	3
1301	643	918	275	new	3
1302	646	981	335	new	3
1303	646	812	166	new	3
1304	647	836	189	path	3
1305	647	862	215	new	3
1306	647	1060	413	path	3
1307	647	919	272	new	3
1308	648	782	134	new	3
1309	648	836	188	path	3
1310	648	784	136	new	3
1311	649	842	193	new	3
1312	650	792	142	new	3
1313	651	785	134	new	3
1314	652	834	182	new	3
1315	653	653	0	new	3
1316	653	866	213	new	3
1317	653	859	206	new	3
1318	653	840	187	new	3
1319	653	801	148	new	3
1320	654	829	175	new	3
1321	654	877	223	path	3
1322	655	860	205	new	3
1323	655	824	169	new	3
1324	656	849	193	path	3
1325	656	1020	364	new	3
1326	657	828	171	new	3
1327	657	836	179	new	3
1328	657	886	229	path	3
1329	657	870	213	new	3
1330	657	825	168	new	3
1331	658	870	212	path	3
1332	659	930	271	new	3
1333	659	891	232	path	3
1334	659	863	204	new	3
1335	659	793	134	new	3
1336	660	909	249	path	3
1337	660	931	271	path	3
1338	661	953	292	new	3
1339	661	870	209	path	3
1340	662	809	147	new	3
1341	662	856	194	new	3
1342	663	865	202	new	3
1343	663	830	167	new	3
1344	663	819	156	new	3
1345	663	821	158	new	3
1346	664	1003	339	path	3
1347	664	843	179	new	3
1348	664	1107	443	path	3
1349	664	882	218	path	3
1350	665	827	162	new	3
1351	665	852	187	new	3
1352	666	882	216	path	3
1353	666	887	221	path	3
1354	666	856	190	path	3
1355	667	819	152	new	3
1356	667	825	158	new	3
1357	667	801	134	new	3
1358	667	801	134	new	3
1359	668	834	166	new	3
1360	668	849	181	new	3
1361	668	854	186	new	3
1362	668	982	314	path	3
1363	669	870	201	new	3
1364	669	1107	438	path	3
1365	670	839	169	new	3
1366	671	858	187	new	3
1367	671	1041	370	new	3
1368	671	843	172	new	3
1369	671	819	148	new	3
1370	671	829	158	new	3
1371	672	975	303	new	3
1372	672	814	142	new	3
1373	672	806	134	new	3
1374	672	844	172	new	3
1375	673	967	294	new	3
1376	673	1056	383	new	3
1377	674	808	134	new	3
1378	674	808	134	new	3
1379	675	859	184	new	3
1380	675	809	134	new	3
1381	675	860	185	new	3
1382	675	859	184	new	3
1383	676	861	185	new	3
1384	676	839	163	new	3
1385	677	893	216	path	3
1386	677	817	140	new	3
1387	677	865	188	new	3
1388	677	872	195	new	3
1389	677	958	281	new	3
1390	677	805	128	new	3
1391	678	973	295	new	3
1392	679	946	267	path	3
1393	680	814	134	new	3
1394	681	1040	359	new	3
1395	682	959	277	new	3
1396	682	866	184	new	3
1397	682	834	152	new	3
1398	682	840	158	new	3
1399	683	817	134	new	3
1400	683	819	136	new	3
1401	683	843	160	new	3
1402	683	862	179	new	3
1403	683	825	142	new	3
1404	683	835	152	new	3
1405	684	885	201	new	3
1406	684	818	134	new	3
1407	685	869	184	path	3
1408	685	846	161	new	3
1409	685	819	134	new	3
1410	685	864	179	new	3
1411	686	880	194	path	3
1412	686	871	185	new	3
1413	686	818	132	new	3
1414	686	823	137	new	3
1415	686	886	200	new	3
1416	686	847	161	new	3
1417	687	989	302	new	3
1418	688	822	134	new	3
1419	688	822	134	new	3
1420	688	877	189	new	3
1421	688	688	0	new	3
1422	689	860	171	new	3
1423	689	845	156	new	3
1424	689	823	134	new	3
1425	689	890	201	new	3
1426	689	946	257	new	3
1427	690	837	147	new	3
1428	690	894	204	path	3
1429	690	824	134	new	3
1430	690	891	201	new	3
1431	690	831	141	new	3
1432	690	891	201	new	3
1433	691	874	183	new	3
1434	691	852	161	new	3
1435	691	881	190	new	3
1436	691	837	146	new	3
1437	691	870	179	new	3
1438	691	825	134	new	3
1439	691	842	151	new	3
1440	692	848	156	new	3
1441	692	832	140	new	3
1442	692	850	158	new	3
1443	693	886	193	new	3
1444	693	887	194	new	3
1445	694	851	157	new	3
1446	696	859	163	new	3
1447	697	1032	335	new	3
1448	697	907	210	new	3
1449	697	831	134	new	3
1450	698	918	220	path	3
1451	698	883	185	new	3
1452	698	889	191	new	3
1453	699	873	174	new	3
1454	699	833	134	new	3
1455	700	700	0	new	3
1456	700	900	200	new	3
1457	700	892	192	new	3
1458	701	835	134	new	3
1459	703	914	211	new	3
1460	704	837	133	new	3
1461	705	1082	377	new	3
1462	706	861	155	new	3
1463	708	841	133	new	3
1464	709	869	160	new	3
1465	709	893	184	new	3
1466	711	1033	322	new	3
1467	711	891	180	path	3
1468	713	875	162	new	3
1469	721	907	186	path	3
1470	722	931	209	path	3
1471	722	907	185	path	3
1472	725	912	187	path	3
1473	725	968	243	new	3
1474	725	912	187	path	3
1475	726	909	183	new	3
1476	726	889	163	new	3
1477	726	889	163	new	3
1478	726	1073	347	new	3
1479	727	879	152	new	3
1480	727	912	185	new	3
1481	727	915	188	path	3
1482	727	861	134	new	3
1483	728	862	134	new	3
1484	729	865	136	new	3
1485	729	892	163	new	3
1486	730	864	134	new	3
1487	730	907	177	path	3
1488	730	864	134	new	3
1489	731	865	134	new	3
1490	731	891	160	new	3
1491	731	898	167	path	3
1492	732	928	196	new	3
1493	732	867	135	new	3
1494	733	868	135	new	3
1495	734	869	135	path	3
1496	734	868	134	new	3
1497	736	870	134	new	3
1498	737	896	159	new	3
1499	737	871	134	new	3
1500	737	873	136	new	3
1501	742	876	134	new	3
1502	745	1064	319	new	3
1503	746	1214	468	new	3
1504	750	884	134	new	3
1505	756	995	239	path	3
1506	762	896	134	new	3
1507	762	938	176	new	3
1508	767	895	128	new	3
1509	782	1070	288	new	3
1510	785	785	0	new	3
1511	787	950	163	path	3
1512	787	921	134	new	3
1513	791	1030	239	path	3
1514	792	1030	238	path	3
1515	793	985	192	new	3
1516	793	985	192	new	3
1517	793	1214	421	path	3
1518	795	1041	246	path	3
1519	796	1060	264	new	3
1520	796	944	148	new	3
1521	797	1037	240	new	3
1522	798	988	190	new	3
1523	799	1056	257	new	3
1524	800	966	166	new	3
1525	804	938	134	new	3
1526	804	1243	439	new	3
1527	804	997	193	new	3
1528	805	993	188	new	3
1529	806	1050	244	new	3
1530	807	1052	245	new	3
1531	808	1005	197	new	3
1532	809	962	153	new	3
1533	813	1082	269	new	3
1534	814	1087	273	path	3
1535	816	950	134	new	3
1536	816	1088	272	path	3
1537	817	989	172	new	3
1538	818	1019	201	new	3
1539	818	951	133	new	3
1540	818	1041	223	path	3
1541	819	967	148	new	3
1542	819	1008	189	new	3
1543	819	1048	229	path	3
1544	820	968	148	new	3
1545	820	1066	246	new	3
1546	821	1002	181	new	3
1547	821	1002	181	new	3
1548	822	1066	244	new	3
1549	822	964	142	new	3
1550	822	969	147	new	3
1551	822	1012	190	path	3
1552	823	1003	180	path	3
1553	825	1001	176	new	3
1554	825	982	157	new	3
1555	825	1041	216	path	3
1556	827	1008	181	new	3
1557	827	1000	173	new	3
1558	827	993	166	new	3
1559	828	1067	239	new	3
1560	828	1009	181	new	3
1561	828	1009	181	new	3
1562	829	962	133	new	3
1563	830	1002	172	new	3
1564	830	1068	238	new	3
1565	831	1011	180	new	3
1566	831	974	143	new	3
1567	831	967	136	new	3
1568	831	1063	232	new	3
1569	831	967	136	new	3
1570	832	966	134	new	3
1571	832	1063	231	new	3
1572	832	965	133	new	3
1573	833	833	0	new	3
1574	833	833	0	new	3
1575	833	967	134	new	3
1576	833	833	0	new	3
1577	833	1026	193	path	3
1578	833	969	136	new	3
1579	834	968	134	new	3
1580	834	967	133	new	3
1581	837	971	134	new	3
1582	837	1016	179	new	3
1583	837	980	143	new	3
1584	838	974	136	new	3
1585	839	967	128	new	3
1586	839	1081	242	new	3
1587	839	973	134	new	3
1588	839	973	134	new	3
1589	839	973	134	new	3
1590	840	974	134	new	3
1591	841	1072	231	path	3
1592	841	1021	180	new	3
1593	842	975	133	new	3
1594	843	1025	182	new	3
1595	843	1028	185	new	3
1596	845	1030	185	path	3
1597	845	1070	225	path	3
1598	846	1017	171	path	3
1599	846	980	134	new	3
1600	849	1001	152	new	3
1601	850	1094	244	new	3
1602	850	1052	202	new	3
1603	851	1046	195	new	3
1604	851	1029	178	path	3
1605	856	1047	191	new	3
1606	857	1213	356	path	3
1607	858	1041	183	new	3
1608	858	1041	183	new	3
1609	858	1112	254	new	3
1610	858	1052	194	path	3
1611	858	1054	196	new	3
1612	859	1044	185	new	3
1613	859	859	0	new	3
1614	860	1095	235	path	3
1615	860	1028	168	new	3
1616	860	1046	186	new	3
1617	860	1046	186	new	3
1618	860	1043	183	new	3
1619	860	1071	211	new	3
1620	861	1052	191	new	3
1621	861	1016	155	new	3
1622	861	1064	203	new	3
1623	862	1100	238	path	3
1624	862	1139	277	new	3
1625	862	1021	159	new	3
1626	862	996	134	new	3
1627	862	1053	191	new	3
1628	863	1040	177	new	3
1629	864	1276	412	new	3
1630	864	1032	168	new	3
1631	864	1099	235	new	3
1632	864	998	134	new	3
1633	864	1240	376	new	3
1634	865	1150	285	new	3
1635	865	1013	148	new	3
1636	866	1082	216	path	3
1637	866	1000	134	new	3
1638	866	1040	174	new	3
1639	868	1073	205	new	3
1640	868	1002	134	new	3
1641	868	1016	148	new	3
1642	869	1205	336	path	3
1643	869	1126	257	new	3
1644	871	1005	134	new	3
1645	872	1006	134	new	3
1646	872	1026	154	path	3
1647	872	1167	295	new	3
1648	873	1174	301	new	3
1649	878	1073	195	path	3
1650	879	1015	136	new	3
1651	881	1075	194	new	3
1652	882	1015	133	new	3
1653	885	1019	134	new	3
1654	885	1019	134	new	3
1655	886	1020	134	new	3
1656	888	1045	157	new	3
1657	895	1023	128	new	3
1658	896	1034	138	new	3
1659	897	1051	154	new	3
1660	900	1068	168	new	3
1661	900	1048	148	new	3
1662	900	1062	162	path	3
1663	900	1042	142	new	3
1664	900	1036	136	new	3
1665	900	1100	200	path	3
1666	900	1176	276	new	3
1667	900	1048	148	new	3
1668	901	1031	130	new	3
1669	901	1270	369	new	3
1670	901	1035	134	new	3
1671	901	1049	148	new	3
1672	902	1043	141	new	3
1673	903	1069	166	new	3
1674	904	1081	177	new	3
1675	905	1039	134	new	3
1676	905	1070	165	path	3
1677	905	1041	136	new	3
1678	906	1213	307	path	3
1679	907	1075	168	new	3
1680	907	1076	169	new	3
1681	907	1035	128	new	3
1682	907	1076	169	new	3
1683	908	1041	133	new	3
1684	908	1076	168	new	3
1685	909	1267	358	new	3
1686	910	1084	174	new	3
1687	910	1084	174	new	3
1688	910	1125	215	new	3
1689	910	1046	136	new	3
1690	910	1046	136	new	3
1691	911	1085	174	new	3
1692	913	1046	133	new	3
1693	914	1115	201	path	3
1694	914	1121	207	new	3
1695	915	1048	133	new	3
1696	918	1078	160	new	3
1697	918	1089	171	path	3
1698	920	1104	184	new	3
1699	921	1055	134	new	3
1700	922	1128	206	new	3
1701	924	1112	188	new	3
1702	924	1078	154	new	3
1703	926	1109	183	new	3
1704	928	1152	224	new	3
1705	928	1056	128	new	3
1706	929	1095	166	new	3
1707	944	1080	136	new	3
1708	946	1080	134	new	3
1709	947	1091	144	new	3
1710	948	1083	135	new	3
1711	950	950	0	new	3
1712	951	1085	134	new	3
1713	952	1097	145	new	3
1714	952	1086	134	new	3
1715	952	1081	129	new	3
1716	953	1101	148	new	3
1717	953	1081	128	new	3
1718	953	1112	159	new	3
1719	955	1089	134	new	3
1720	955	1090	135	new	3
1721	957	1102	145	new	3
1722	958	1092	134	new	3
1723	970	1176	206	path	3
1724	971	1105	134	new	3
1725	974	1116	142	new	3
1726	975	1157	182	new	3
1727	978	1112	134	new	3
1728	980	1160	180	new	3
1729	985	1166	181	new	3
1730	987	1165	178	new	3
1731	988	1166	178	new	3
1732	988	1161	173	new	3
1733	989	1162	173	new	3
1734	990	1164	174	new	3
1735	990	1444	454	path	3
1736	990	1210	220	path	3
1737	990	1162	172	new	3
1738	992	1156	164	new	3
1739	993	1327	334	new	3
1740	994	1152	158	path	3
1741	995	1173	178	new	3
1742	995	1266	271	new	3
1743	996	1146	150	new	3
1744	996	1326	330	new	3
1745	1001	1153	152	new	3
1746	1011	1145	134	new	3
1747	1012	1146	134	new	3
1748	1012	1163	151	new	3
1749	1014	1320	306	new	3
1750	1014	1155	141	new	3
1751	1015	1149	134	new	3
1752	1015	1149	134	new	3
1753	1015	1160	145	new	3
1754	1016	1170	154	new	3
1755	1016	1152	136	new	3
1756	1016	1149	133	new	3
1757	1017	1246	229	new	3
1758	1017	1166	149	new	3
1759	1018	1445	427	new	3
1760	1018	1182	164	new	3
1761	1019	1148	129	new	3
1762	1019	1163	144	new	3
1763	1019	1163	144	new	3
1764	1020	1207	187	path	3
1765	1021	1155	134	new	3
1766	1021	1186	165	new	3
1767	1023	1362	339	new	3
1768	1023	1217	194	path	3
1769	1027	1161	134	new	3
1770	1040	1239	199	new	3
1771	1048	1385	337	new	3
1772	1051	1199	148	new	3
1773	1052	1383	331	new	3
1774	1053	1467	414	path	3
1775	1054	1240	186	path	3
1776	1056	1455	399	new	3
1777	1057	1468	411	new	3
1778	1059	1400	341	path	3
1779	1062	1456	394	path	3
1780	1063	1244	181	new	3
1781	1064	1200	136	new	3
1782	1076	1587	511	new	3
1783	1076	1255	179	new	3
1784	1078	1323	245	new	3
1785	1080	1306	226	new	3
1786	1092	1262	170	new	3
1787	1093	1240	147	new	3
1788	1093	1227	134	new	3
1789	1093	1229	136	new	3
1790	1093	1245	152	new	3
1791	1094	1260	166	new	3
1792	1094	1262	168	new	3
1793	1094	1257	163	new	3
1794	1095	1224	129	new	3
1795	1095	1261	166	new	3
1796	1096	1230	134	new	3
1797	1096	1254	158	new	3
1798	1096	1249	153	new	3
1799	1097	1259	162	new	3
1800	1102	1238	136	new	3
1801	1103	1256	153	new	3
1802	1103	1232	129	new	3
1803	1104	1238	134	new	3
1804	1105	1238	133	new	3
1805	1106	1292	186	path	3
1806	1106	1270	164	new	3
1807	1116	1364	248	path	3
1808	1120	1282	162	new	3
1809	1125	1266	141	new	3
1810	1125	1261	136	new	3
1811	1127	1261	134	new	3
1812	1127	1261	134	new	3
1813	1128	1264	136	new	3
1814	1130	1273	143	new	3
1815	1132	1268	136	new	3
1816	1133	1283	150	new	3
1817	1133	1565	432	new	3
1818	1134	1376	242	new	3
1819	1136	1325	189	new	3
1820	1136	1386	250	new	3
1821	1136	1270	134	new	3
1822	1136	1270	134	new	3
1823	1137	1372	235	path	3
1824	1137	1271	134	new	3
1825	1137	1372	235	path	3
1826	1138	1272	134	new	3
1827	1138	1306	168	new	3
1828	1138	1331	193	new	3
1829	1138	1272	134	new	3
1830	1139	1403	264	new	3
1831	1139	1372	233	path	3
1832	1139	1408	269	new	3
1833	1140	1334	194	new	3
1834	1141	1291	150	new	3
1835	1142	1296	154	new	3
1836	1143	1337	194	new	3
1837	1143	1313	170	new	3
1838	1145	1145	0	new	3
1839	1146	1336	190	new	3
1840	1146	1334	188	new	3
1841	1146	1570	424	new	3
1842	1147	1315	168	new	3
1843	1149	1317	168	new	3
1844	1152	1357	205	new	3
1845	1155	1360	205	new	3
1846	1155	1362	207	new	3
1847	1162	1323	161	path	3
1848	1163	1331	168	new	3
1849	1179	1351	172	new	3
1850	1180	1400	220	path	3
1851	1185	1364	179	new	3
1852	1195	1410	215	new	3
1853	1205	1339	134	new	3
1854	1209	1483	274	path	3
1855	1211	1346	135	new	3
1856	1211	1346	135	new	3
1857	1211	1843	632	path	3
1858	1236	1405	169	new	3
1859	1253	1404	151	new	3
1860	1257	1409	152	new	3
1861	1259	1388	129	new	3
1862	1262	1396	134	new	3
1863	1262	1397	135	new	3
1864	1264	1400	136	new	3
1865	1267	1403	136	new	3
1866	1300	1463	163	new	3
1867	1307	1440	133	new	3
1868	1334	1475	141	new	3
1869	1356	1731	375	new	3
1870	1372	1505	133	new	3
1871	1373	1580	207	new	3
1872	1374	1570	196	path	3
1873	1374	1546	172	new	3
1874	1374	1546	172	new	3
1875	1375	1588	213	path	3
1876	1376	1510	134	new	3
1877	1376	1582	206	new	3
1878	1376	1376	0	new	3
1879	1377	1541	164	new	3
1880	1377	1587	210	path	3
1881	1378	1708	330	new	3
1882	1380	1674	294	path	3
1883	1381	1672	291	path	3
1884	1384	1651	267	new	3
1885	1404	1537	133	new	3
1886	1406	1584	178	new	3
1887	1406	1585	179	new	3
1888	1406	1587	181	new	3
1889	1408	1542	134	new	3
1890	1409	1716	307	path	3
1891	1420	1553	133	new	3
1892	1420	1633	213	new	3
1893	1434	1568	134	new	3
1894	1441	1575	134	new	3
1895	1441	1577	136	new	3
1896	1441	1577	136	new	3
1897	1445	1578	133	new	3
1898	1445	1716	271	path	3
1899	1449	1626	177	new	3
1900	1450	1739	289	new	3
1901	1450	1736	286	new	3
1902	1451	1676	225	path	3
1903	1451	1730	279	path	3
1904	1453	1647	194	new	3
1905	1454	1638	184	new	3
1906	1454	1638	184	new	3
1907	1456	1604	148	new	3
1908	1458	2084	626	path	3
1909	1460	1848	388	path	3
1910	1464	1929	465	new	3
1911	1466	1923	457	new	3
1912	1466	2053	587	new	3
1913	1467	1467	0	new	3
1914	1467	1946	479	new	3
1915	1468	2084	616	path	3
1916	1468	1846	378	path	3
1917	1469	1736	267	new	3
1918	1472	1912	440	new	3
1919	1474	1718	244	new	3
1920	1482	1630	148	new	3
1921	1490	1672	182	new	3
1922	1492	1736	244	new	3
1923	1493	1794	301	new	3
1924	1495	1854	359	new	3
1925	1495	1672	177	path	3
1926	1501	1752	251	new	3
1927	1505	1505	0	new	3
1928	1506	1506	0	new	3
1929	1508	1768	260	new	3
1930	1512	1729	217	new	3
1931	1512	1646	134	new	3
1932	1513	1923	410	path	3
1933	1515	1651	136	new	3
1934	1529	1698	169	new	3
1935	1530	1989	459	new	3
1936	1535	2146	611	path	3
1937	1538	1727	189	new	3
1938	1538	1809	271	new	3
1939	1542	1961	419	new	3
1940	1556	2015	459	path	3
1941	1560	1694	134	new	3
1942	1560	1724	164	new	3
1943	1562	1716	154	new	3
1944	1562	1732	170	new	3
1945	1568	1714	146	new	3
1946	1575	1787	212	new	3
1947	1586	2053	467	path	3
1948	1586	1898	312	new	3
1949	1587	2051	464	new	3
1950	1587	1946	359	path	3
1951	1590	1724	134	new	3
1952	1591	1808	217	new	3
1953	1592	2253	661	path	3
1954	1593	1727	134	new	3
1955	1607	1757	150	new	3
1956	1622	1756	134	new	3
1957	1633	1866	233	new	3
1958	1634	2030	396	new	3
1959	1635	1898	263	path	3
1960	1636	1838	202	new	3
1961	1637	1820	183	new	3
1962	1637	2104	467	new	3
1963	1637	2037	400	path	3
1964	1638	2064	426	new	3
1965	1639	1871	232	new	3
1966	1639	1862	223	new	3
1967	1639	1775	136	new	3
1968	1639	2248	609	new	3
1969	1640	1822	182	new	3
1970	1640	1846	206	path	3
1971	1640	1897	257	new	3
1972	1640	2053	413	new	3
1973	1641	1797	156	new	3
1974	1641	2077	436	new	3
1975	1641	2024	383	new	3
1976	1641	1961	320	path	3
1977	1641	1898	257	path	3
1978	1642	1923	281	path	3
1979	1642	2084	442	path	3
1980	1643	1844	201	new	3
1981	1643	1873	230	new	3
1982	1643	2154	511	new	3
1983	1644	1856	212	new	3
1984	1644	1978	334	new	3
1985	1644	2123	479	new	3
1986	1644	1846	202	new	3
1987	1645	1983	338	new	3
1988	1646	2072	426	new	3
1989	1646	1797	151	new	3
1990	1646	1996	350	new	3
1991	1646	2016	370	new	3
1992	1648	2073	425	new	3
1993	1648	1853	205	new	3
1994	1649	1908	259	new	3
1995	1649	2154	505	path	3
1996	1651	2160	509	path	3
1997	1651	1840	189	new	3
1998	1653	1860	207	new	3
1999	1654	1862	208	path	3
2000	1663	1799	136	new	3
2001	1667	1801	134	new	3
2002	1668	1854	186	path	3
2003	1675	1871	196	path	3
2004	1676	2110	434	new	3
2005	1679	2030	351	path	3
2006	1681	1681	0	new	3
2007	1684	2037	353	path	3
2008	1686	1686	0	new	3
2009	1687	1867	180	path	3
2010	1688	1868	180	new	3
2011	1690	2078	388	path	3
2012	1692	1924	232	new	3
2013	1693	2015	322	path	3
2014	1699	1994	295	new	3
2015	1701	2147	446	path	3
2016	1702	1976	274	new	3
2017	1706	1923	217	path	3
2018	1706	2004	298	path	3
2019	1707	1932	225	path	3
2020	1707	1923	216	path	3
2021	1707	1888	181	path	3
2022	1708	2055	347	new	3
2023	1709	1969	260	new	3
2024	1709	2244	535	new	3
2025	1709	1923	214	new	3
2026	1710	1989	279	path	3
2027	1710	1864	154	new	3
2028	1712	2056	344	path	3
2029	1713	2146	433	path	3
2030	1713	2053	340	path	3
2031	1714	2373	659	path	3
2032	1714	2053	339	path	3
2033	1715	1715	0	new	3
2034	1717	1853	136	new	3
2035	1717	1929	212	path	3
2036	1718	2024	306	path	3
2037	1719	2127	408	new	3
2038	1719	1899	180	new	3
2039	1722	2090	368	path	3
2040	1722	1936	214	new	3
2041	1722	1923	201	new	3
2042	1722	2053	331	path	3
2043	1723	2030	307	path	3
2044	1723	1937	214	new	3
2045	1724	1963	239	new	3
2046	1724	2036	312	new	3
2047	1728	1860	132	new	3
2048	1730	2277	547	path	3
2049	1730	1933	203	new	3
2050	1734	1888	154	new	3
2051	1734	1986	252	path	3
2052	1750	2110	360	path	3
2053	1751	2053	302	path	3
2054	1753	2118	365	new	3
2055	1754	1963	209	path	3
2056	1755	1937	182	path	3
2057	1759	1920	161	new	3
2058	1761	1978	217	path	3
2059	1762	1904	142	new	3
2060	1762	1937	175	new	3
2061	1762	2053	291	path	3
2062	1763	1897	134	new	3
2063	1764	1898	134	new	3
2064	1765	1991	226	new	3
2065	1766	2084	318	path	3
2066	1766	1902	136	new	3
2067	1766	1932	166	path	3
2068	1766	1766	0	new	3
2069	1767	1972	205	new	3
2070	1768	2146	378	new	3
2071	1769	2169	400	new	3
2072	1769	2087	318	path	3
2073	1770	1925	155	new	3
2074	1770	1937	167	new	3
2075	1772	1906	134	new	3
2076	1773	1907	134	new	3
2077	1773	1921	148	new	3
2078	1775	1986	211	new	3
2079	1775	1919	144	new	3
2080	1776	2127	351	path	3
2081	1778	1914	136	new	3
2082	1780	1987	207	new	3
2083	1780	1914	134	new	3
2084	1780	2069	289	new	3
2085	1780	2013	233	new	3
2086	1783	1919	136	new	3
2087	1783	1978	195	new	3
2088	1783	1996	213	new	3
2089	1783	1916	133	new	3
2090	1783	2443	660	path	3
2091	1783	2011	228	new	3
2092	1784	2047	263	path	3
2093	1785	1978	193	new	3
2094	1786	2052	266	new	3
2095	1787	2094	307	new	3
2096	1789	1984	195	new	3
2097	1792	1994	202	new	3
2098	1793	1793	0	new	3
2099	1796	1969	173	path	3
2100	1796	1976	180	path	3
2101	1796	1976	180	path	3
2102	1796	2139	343	path	3
2103	1797	1989	192	new	3
2104	1798	1992	194	new	3
2105	1799	2154	355	path	3
2106	1799	1979	180	new	3
2107	1801	2012	211	new	3
2108	1802	1990	188	new	3
2109	1804	2101	297	path	3
2110	1804	2002	198	new	3
2111	1804	1997	193	new	3
2112	1805	1997	192	new	3
2113	1806	1964	158	new	3
2114	1806	1942	136	new	3
2115	1807	1970	163	new	3
2116	1808	1980	172	new	3
2117	1809	2186	377	new	3
2118	1809	2212	403	new	3
2119	1811	2139	328	path	3
2120	1812	1981	169	new	3
2121	1812	1987	175	new	3
2122	1812	1980	168	new	3
2123	1813	2155	342	new	3
2124	1813	2027	214	new	3
2125	1814	2029	215	new	3
2126	1816	2054	238	path	3
2127	1818	1995	177	new	3
2128	1818	1966	148	new	3
2129	1819	1953	134	new	3
2130	1819	2002	183	path	3
2131	1819	2015	196	new	3
2132	1819	2002	183	path	3
2133	1819	2101	282	path	3
2134	1819	2101	282	path	3
2135	1821	2030	209	path	3
2136	1822	2028	206	new	3
2137	1822	1979	157	new	3
2138	1823	1971	148	new	3
2139	1824	2008	184	new	3
2140	1824	1979	155	new	3
2141	1824	2210	386	new	3
2142	1825	2217	392	new	3
2143	1825	1998	173	new	3
2144	1825	1958	133	new	3
2145	1825	2109	284	path	3
2146	1825	2109	284	path	3
2147	1825	2081	256	new	3
2148	1826	2090	264	new	3
2149	1826	2163	337	new	3
2150	1828	2009	181	path	3
2151	1828	2046	218	new	3
2152	1828	2098	270	new	3
2153	1829	2087	258	path	3
2154	1829	2021	192	new	3
2155	1829	2154	325	new	3
2156	1829	2028	199	path	3
2157	1829	2143	314	new	3
2158	1829	2114	285	new	3
2159	1830	2136	306	new	3
2160	1830	1990	160	new	3
2161	1830	2054	224	path	3
2162	1830	2080	250	new	3
2163	1831	1986	155	new	3
2164	1831	2298	467	path	3
2165	1831	2071	240	new	3
2166	1831	2104	273	path	3
2167	1831	2096	265	new	3
2168	1831	2020	189	new	3
2169	1832	1966	134	new	3
2170	1832	2038	206	new	3
2171	1832	2093	261	new	3
2172	1833	1982	149	new	3
2173	1833	2100	267	new	3
2174	1833	1987	154	new	3
2175	1834	2137	303	path	3
2176	1834	1834	0	new	3
2177	1834	2071	237	new	3
2178	1834	2199	365	path	3
2179	1836	2070	234	new	3
2180	1836	2094	258	new	3
2181	1836	1970	134	new	3
2182	1837	1970	133	new	3
2183	1837	2069	232	path	3
2184	1837	2127	290	new	3
2185	1838	2118	280	new	3
2186	1838	2079	241	new	3
2187	1839	2054	215	new	3
2188	1839	2167	328	new	3
2189	1839	2002	163	new	3
2190	1840	2055	215	path	3
2191	1840	2190	350	new	3
2192	1840	2005	165	path	3
2193	1841	1989	148	new	3
2194	1841	1974	133	new	3
2195	1841	2205	364	new	3
2196	1841	2135	294	new	3
2197	1841	1995	154	new	3
2198	1841	1975	134	new	3
2199	1843	2144	301	path	3
2200	1845	1845	0	new	3
2201	1846	2168	322	new	3
2202	1846	1982	136	new	3
2203	1847	2028	181	path	3
2204	1847	2054	207	new	3
2205	1847	2038	191	path	3
2206	1847	2116	269	new	3
2207	1847	2038	191	new	3
2208	1847	2042	195	new	3
2209	1847	1981	134	new	3
2210	1847	2102	255	new	3
2211	1847	2076	229	path	3
2212	1847	1991	144	new	3
2213	1847	2095	248	new	3
2214	1847	2073	226	new	3
2215	1848	1984	136	new	3
2216	1848	2033	185	new	3
2217	1848	2071	223	path	3
2218	1849	2187	338	path	3
2219	1849	2000	151	new	3
2220	1849	2169	320	path	3
2221	1849	1983	134	new	3
2222	1849	1982	133	new	3
2223	1850	1984	134	new	3
2224	1850	2107	257	new	3
2225	1850	1984	134	new	3
2226	1850	2089	239	new	3
2227	1851	1985	134	new	3
2228	1851	2069	218	path	3
2229	1851	2210	359	path	3
2230	1851	2027	176	new	3
2231	1852	2018	166	new	3
2232	1853	2066	213	new	3
2233	1854	2001	147	new	3
2234	1854	2176	322	new	3
2235	1854	2001	147	new	3
2236	1855	2141	286	path	3
2237	1855	2158	303	new	3
2238	1855	2003	148	new	3
2239	1855	2020	165	path	3
2240	1855	1989	134	new	3
2241	1855	2055	200	new	3
2242	1856	2155	299	path	3
2243	1856	2027	171	new	3
2244	1857	2003	146	new	3
2245	1857	2055	198	new	3
2246	1858	2015	157	path	3
2247	1858	2092	234	new	3
2248	1858	2046	188	path	3
2249	1858	2087	229	path	3
2250	1859	2042	183	new	3
2251	1860	2050	190	new	3
2252	1861	1998	137	new	3
2253	1861	1995	134	new	3
2254	1862	1998	136	new	3
2255	1862	2132	270	path	3
2256	1863	2046	183	new	3
2257	1864	2013	149	new	3
2258	1865	2086	221	path	3
2259	1867	2034	167	new	3
2260	1868	2145	277	path	3
2261	1868	2073	205	path	3
2262	1868	2126	258	path	3
2263	1869	2096	227	new	3
2264	1872	2070	198	new	3
2265	1873	2059	186	new	3
2266	1873	2023	150	new	3
2267	1874	2059	185	new	3
2268	1874	2059	185	new	3
2269	1875	1875	0	new	3
2270	1875	2065	190	new	3
2271	1879	2071	192	new	3
2272	1881	2099	218	new	3
2273	1881	2216	335	new	3
2274	1883	2284	401	new	3
2275	1885	2097	212	new	3
2276	1885	2067	182	new	3
2277	1886	2070	184	path	3
2278	1889	2057	168	new	3
2279	1889	2441	552	path	3
2280	1891	2066	175	new	3
2281	1892	2080	188	new	3
2282	1892	2156	264	new	3
2283	1892	2155	263	path	3
2284	1892	2040	148	new	3
2285	1892	2043	151	new	3
2286	1892	2028	136	new	3
2287	1893	2157	264	new	3
2288	1893	2404	511	path	3
2289	1893	2116	223	new	3
2290	1894	2079	185	new	3
2291	1895	2028	133	new	3
2292	1895	2091	196	new	3
2293	1896	2027	131	new	3
2294	1896	2057	161	new	3
2295	1897	2069	172	new	3
2296	1897	2107	210	path	3
2297	1897	2199	302	path	3
2298	1898	2187	289	new	3
2299	1899	2195	296	new	3
2300	1900	2054	154	new	3
2301	1900	2054	154	new	3
2302	1901	2129	228	new	3
2303	1902	2097	195	path	3
2304	1902	2063	161	new	3
2305	1903	2229	326	path	3
2306	1904	2125	221	new	3
2307	1904	2055	151	path	3
2308	1904	2193	289	path	3
2309	1905	2168	263	new	3
2310	1905	2033	128	new	3
2311	1907	2067	160	new	3
2312	1908	2051	143	new	3
2313	1910	2082	172	new	3
2314	1910	2181	271	path	3
2315	1910	2067	157	new	3
2316	1911	2190	279	path	3
2317	1911	2091	180	new	3
2318	1912	2199	287	new	3
2319	1912	2093	181	new	3
2320	1912	2064	152	new	3
2321	1913	2102	189	new	3
2322	1913	2078	165	new	3
2323	1914	2450	536	path	3
2324	1914	2065	151	new	3
2325	1915	2193	278	new	3
2326	1915	2284	369	path	3
2327	1915	2129	214	path	3
2328	1916	2077	161	path	3
2329	1916	2188	272	new	3
2330	1917	2085	168	new	3
2331	1917	2071	154	new	3
2332	1918	2206	288	path	3
2333	1918	2086	168	new	3
2334	1918	2096	178	new	3
2335	1918	2094	176	new	3
2336	1919	2194	275	path	3
2337	1919	2103	184	new	3
2338	1919	2052	133	new	3
2339	1920	2160	240	new	3
2340	1921	2090	169	new	3
2341	1921	2083	162	new	3
2342	1921	2084	163	new	3
2343	1921	2055	134	new	3
2344	1921	2087	166	new	3
2345	1921	2184	263	path	3
2346	1921	2153	232	path	3
2347	1921	2071	150	new	3
2348	1921	2091	170	new	3
2349	1921	2116	195	path	3
2350	1922	2205	283	new	3
2351	1922	2068	146	new	3
2352	1922	2086	164	new	3
2353	1922	2056	134	new	3
2354	1923	2056	133	new	3
2355	1923	2386	463	new	3
2356	1923	2099	176	new	3
2357	1923	2057	134	new	3
2358	1924	2107	183	new	3
2359	1924	2064	140	new	3
2360	1924	2058	134	new	3
2361	1925	2091	166	path	3
2362	1925	2154	229	path	3
2363	1925	2067	142	new	3
2364	1925	2084	159	new	3
2365	1926	2223	297	path	3
2366	1926	2142	216	new	3
2367	1926	2101	175	path	3
2368	1926	2220	294	new	3
2369	1926	2558	632	path	3
2370	1926	2136	210	path	3
2371	1927	2082	155	new	3
2372	1928	2061	133	new	3
2373	1928	2069	141	new	3
2374	1928	2106	178	path	3
2375	1929	2416	487	path	3
2376	1930	2063	133	new	3
2377	1930	2139	209	path	3
2378	1931	2123	192	path	3
2379	1931	2133	202	new	3
2380	1931	2157	226	path	3
2381	1931	2124	193	new	3
2382	1932	2216	284	path	3
2383	1933	2145	212	new	3
2384	1933	2067	134	new	3
2385	1933	2151	218	path	3
2386	1933	2109	176	new	3
2387	1934	2236	302	new	3
2388	1934	2316	382	path	3
2389	1934	2068	134	new	3
2390	1935	2072	137	new	3
2391	1935	2128	193	new	3
2392	1935	2215	280	path	3
2393	1935	2100	165	new	3
2394	1935	2094	159	new	3
2395	1936	2136	200	path	3
2396	1936	2070	134	new	3
2397	1936	2089	153	new	3
2398	1937	2083	146	new	3
2399	1937	2084	147	new	3
2400	1937	2118	181	path	3
2401	1937	2071	134	new	3
2402	1937	2187	250	new	3
2403	1937	2071	134	new	3
2404	1937	2141	204	new	3
2405	1938	2068	130	new	3
2406	1938	2116	178	path	3
2407	1938	2104	166	new	3
2408	1938	2194	256	path	3
2409	1938	2246	308	new	3
2410	1939	2188	249	new	3
2411	1939	2156	217	new	3
2412	1939	2124	185	path	3
2413	1939	2108	169	new	3
2414	1939	2073	134	new	3
2415	1940	2169	229	new	3
2416	1940	2120	180	new	3
2417	1940	2074	134	new	3
2418	1940	2157	217	new	3
2419	1941	2175	234	new	3
2420	1941	2077	136	new	3
2421	1942	2168	226	new	3
2422	1942	2078	136	new	3
2423	1943	2160	217	new	3
2424	1943	2105	162	new	3
2425	1943	2168	225	new	3
2426	1943	2084	141	path	3
2427	1944	2078	134	new	3
2428	1944	2078	134	new	3
2429	1944	2284	340	path	3
2430	1944	2140	196	new	3
2431	1945	2112	167	new	3
2432	1945	2081	136	new	3
2433	1945	2188	243	new	3
2434	1945	2175	230	new	3
2435	1945	2079	134	new	3
2436	1946	2119	173	new	3
2437	1946	2298	352	path	3
2438	1946	2191	245	new	3
2439	1946	2154	208	new	3
2440	1946	2094	148	new	3
2441	1946	2102	156	new	3
2442	1946	2096	150	new	3
2443	1946	2082	136	new	3
2444	1946	2137	191	new	3
2445	1947	2230	283	new	3
2446	1947	2173	226	new	3
2447	1947	2107	160	new	3
2448	1947	2123	176	path	3
2449	1947	2081	134	new	3
2450	1947	2114	167	new	3
2451	1948	2482	534	new	3
2452	1949	2099	150	new	3
2453	1949	2083	134	new	3
2454	1949	2082	133	new	3
2455	1950	2086	136	new	3
2456	1950	2277	327	path	3
2457	1950	2084	134	new	3
2458	1951	2087	136	new	3
2459	1951	2156	205	path	3
2460	1952	2086	134	new	3
2461	1952	2225	273	path	3
2462	1952	2125	173	path	3
2463	1952	2118	166	path	3
2464	1953	2134	181	new	3
2465	1953	2396	443	path	3
2466	1953	2268	315	new	3
2467	1953	2144	191	new	3
2468	1954	2205	251	new	3
2469	1954	2088	134	new	3
2470	1954	2088	134	new	3
2471	1954	2131	177	new	3
2472	1955	2115	160	new	3
2473	1955	2136	181	new	3
2474	1955	2154	199	path	3
2475	1957	2091	134	new	3
2476	1958	2144	186	path	3
2477	1960	2187	227	path	3
2478	1960	2159	199	new	3
2479	1961	2094	133	new	3
2480	1961	1961	0	new	3
2481	1962	2116	154	new	3
2482	1964	2212	248	path	3
2483	1964	2098	134	new	3
2484	1965	2184	219	new	3
2485	1966	2114	148	new	3
2486	1966	2223	257	new	3
2487	1967	2095	128	new	3
2488	1967	2122	155	new	3
2489	1967	2149	182	new	3
2490	1968	2116	148	new	3
2491	1969	2165	196	new	3
2492	1970	2275	305	new	3
2493	1970	2117	147	new	3
2494	1971	2156	185	path	3
2495	1974	2169	195	new	3
2496	1978	2184	206	path	3
2497	1978	2660	682	new	3
2498	1980	2164	184	new	3
2499	1981	2126	145	new	3
2500	1981	2115	134	new	3
2501	1981	2500	519	new	3
2502	1984	2112	128	new	3
2503	1986	2122	136	new	3
2504	1986	2127	141	new	3
2505	1989	2123	134	new	3
2506	1994	2210	216	new	3
2507	1997	2131	134	new	3
2508	1999	2182	183	new	3
2509	2000	2136	136	new	3
2510	2004	2549	545	new	3
2511	2004	2225	221	new	3
2512	2005	2175	170	new	3
2513	2007	2191	184	new	3
2514	2008	2190	182	new	3
2515	2008	2185	177	new	3
2516	2008	2142	134	new	3
2517	2008	2261	253	path	3
2518	2009	2143	134	new	3
2519	2009	2009	0	new	3
2520	2010	2215	205	path	3
2521	2010	2155	145	new	3
2522	2010	2216	206	path	3
2523	2011	2186	175	new	3
2524	2012	2215	203	path	3
2525	2012	2166	154	new	3
2526	2012	2529	517	new	3
2527	2012	2146	134	new	3
2528	2012	2178	166	new	3
2529	2012	2239	227	new	3
2530	2013	2147	134	new	3
2531	2013	2185	172	new	3
2532	2014	2224	210	new	3
2533	2014	2235	221	new	3
2534	2014	2148	134	new	3
2535	2015	2174	159	new	3
2536	2016	2150	134	new	3
2537	2016	2409	393	new	3
2538	2016	2336	320	new	3
2539	2016	2186	170	new	3
2540	2016	2217	201	path	3
2541	2016	2186	170	new	3
2542	2017	2227	210	new	3
2543	2017	2364	347	path	3
2544	2017	2186	169	path	3
2545	2018	2152	134	new	3
2546	2018	2189	171	new	3
2547	2018	2210	192	path	3
2548	2018	2165	147	new	3
2549	2018	2277	259	path	3
2550	2019	2232	213	path	3
2551	2021	2189	168	new	3
2552	2021	2155	134	new	3
2553	2022	2170	148	new	3
2554	2023	2385	362	new	3
2555	2025	2238	213	path	3
2556	2025	2378	353	path	3
2557	2026	2378	352	path	3
2558	2027	2216	189	path	3
2559	2028	2162	134	new	3
2560	2028	2162	134	new	3
2561	2029	2163	134	new	3
2562	2030	2030	0	new	3
2563	2030	2163	133	new	3
2564	2030	2214	184	new	3
2565	2030	2284	254	new	3
2566	2032	2242	210	new	3
2567	2035	2415	380	path	3
2568	2035	2212	177	new	3
2569	2035	2226	191	new	3
2570	2036	2206	170	new	3
2571	2038	2247	209	new	3
2572	2039	2173	134	new	3
2573	2039	2190	151	new	3
2574	2040	2238	198	new	3
2575	2040	2215	175	new	3
2576	2041	2242	201	path	3
2577	2042	2423	381	new	3
2578	2042	2253	211	path	3
2579	2042	2042	0	new	3
2580	2042	2189	147	new	3
2581	2043	2248	205	new	3
2582	2043	2205	162	new	3
2583	2044	2547	503	new	3
2584	2044	2249	205	new	3
2585	2044	2195	151	new	3
2586	2044	2232	188	new	3
2587	2044	2249	205	new	3
2588	2045	2213	168	new	3
2589	2045	2216	171	new	3
2590	2047	2480	433	new	3
2591	2047	2284	237	path	3
2592	2047	2210	163	new	3
2593	2048	2532	484	new	3
2594	2048	2530	482	new	3
2595	2049	2284	235	path	3
2596	2049	2482	433	path	3
2597	2049	2183	134	new	3
2598	2050	2184	134	new	3
2599	2051	2185	134	new	3
2600	2053	2214	161	new	3
2601	2055	2365	310	new	3
2602	2058	2236	178	new	3
2603	2060	2543	483	new	3
2604	2061	2208	147	new	3
2605	2063	2155	92	path	3
2606	2063	2197	134	new	3
2607	2065	2252	187	new	3
2608	2067	2377	310	new	3
2609	2070	2237	167	new	3
2610	2073	2252	179	new	3
2611	2074	2262	188	new	3
2612	2079	2212	133	new	3
2613	2080	2212	132	new	3
2614	2080	2214	134	new	3
2615	2086	2481	395	path	3
2616	2094	2251	157	path	3
2617	2095	2275	180	new	3
2618	2097	2279	182	path	3
2619	2098	2339	241	new	3
2620	2098	2098	0	new	3
2621	2098	2242	144	path	3
2622	2099	2467	368	new	3
2623	2099	2233	134	new	3
2624	2102	2276	174	path	3
2625	2104	2596	492	new	3
2626	2104	2321	217	new	3
2627	2105	2237	132	new	3
2628	2105	2290	185	new	3
2629	2106	2258	152	new	3
2630	2106	2576	470	new	3
2631	2106	2385	279	new	3
2632	2111	2285	174	path	3
2633	2112	2311	199	new	3
2634	2114	2301	187	path	3
2635	2114	2266	152	new	3
2636	2116	2290	174	path	3
2637	2117	2251	134	new	3
2638	2118	2331	213	path	3
2639	2118	2283	165	new	3
2640	2118	2279	161	new	3
2641	2119	2414	295	path	3
2642	2119	2327	208	new	3
2643	2120	2254	134	new	3
2644	2120	2660	540	path	3
2645	2122	2333	211	new	3
2646	2122	2323	201	new	3
2647	2126	2272	146	new	3
2648	2126	2279	153	new	3
2649	2126	2923	797	new	3
2650	2126	2301	175	new	3
2651	2127	2323	196	path	3
2652	2128	2325	197	path	3
2653	2128	2271	143	new	3
2654	2130	2266	136	new	3
2655	2131	2304	173	new	3
2656	2132	2266	134	new	3
2657	2132	2266	134	new	3
2658	2134	2292	158	new	3
2659	2137	2282	145	new	3
2660	2137	2374	237	new	3
2661	2139	2290	151	new	3
2662	2141	2385	244	path	3
2663	2150	2410	260	path	3
2664	2150	2398	248	new	3
2665	2156	2381	225	new	3
2666	2160	2160	0	new	3
2667	2161	2310	149	new	3
2668	2162	2336	174	new	3
2669	2162	2436	274	path	3
2670	2163	2556	393	new	3
2671	2163	2496	333	new	3
2672	2163	2348	185	new	3
2673	2164	2425	261	new	3
2674	2164	2359	195	new	3
2675	2165	2410	245	new	3
2676	2165	2374	209	path	3
2677	2166	2362	196	new	3
2678	2166	2385	219	path	3
2679	2168	2398	230	path	3
2680	2168	2341	173	new	3
2681	2168	2430	262	new	3
2682	2168	2399	231	new	3
2683	2168	2335	167	new	3
2684	2169	2325	156	new	3
2685	2171	2469	298	new	3
2686	2172	2395	223	new	3
2687	2172	2480	308	path	3
2688	2172	2335	163	new	3
2689	2172	2516	344	new	3
2690	2172	2306	134	new	3
2691	2173	2587	414	path	3
2692	2173	2446	273	path	3
2693	2173	2399	226	path	3
2694	2174	2321	147	new	3
2695	2174	2325	151	new	3
2696	2174	2174	0	new	3
2697	2174	2350	176	new	3
2698	2174	2325	151	new	3
2699	2176	2310	134	new	3
2700	2176	2310	134	new	3
2701	2176	2352	176	new	3
2702	2176	2312	136	new	3
2703	2176	2350	174	new	3
2704	2177	2346	169	new	3
2705	2177	2354	177	new	3
2706	2177	2484	307	path	3
2707	2179	2492	313	new	3
2708	2179	2413	234	new	3
2709	2179	2370	191	new	3
2710	2179	2426	247	new	3
2711	2180	2531	351	new	3
2712	2180	2453	273	new	3
2713	2180	2600	420	new	3
2714	2180	2393	213	path	3
2715	2180	2351	171	new	3
2716	2181	2363	182	path	3
2717	2184	2417	233	new	3
2718	2184	2332	148	new	3
2719	2185	2470	285	path	3
2720	2186	2397	211	new	3
2721	2186	2533	347	new	3
2722	2187	2496	309	new	3
2723	2187	2321	134	new	3
2724	2187	2457	270	new	3
2725	2187	2444	257	new	3
2726	2187	2345	158	new	3
2727	2187	2187	0	new	3
2728	2188	2322	134	new	3
2729	2189	2424	235	new	3
2730	2191	2402	211	new	3
2731	2193	2516	323	new	3
2732	2193	2455	262	new	3
2733	2194	2370	176	new	3
2734	2195	2370	175	new	3
2735	2195	2195	0	new	3
2736	2195	2583	388	new	3
2737	2199	2333	134	new	3
2738	2199	2381	182	path	3
2739	2199	2414	215	new	3
2740	2200	2334	134	new	3
2741	2200	2536	336	new	3
2742	2201	2560	359	path	3
2743	2202	2373	171	new	3
2744	2204	2486	282	path	3
2745	2204	2571	367	new	3
2746	2204	2549	345	path	3
2747	2204	2346	142	new	3
2748	2205	2406	201	new	3
2749	2206	2339	133	new	3
2750	2206	2342	136	new	3
2751	2207	2560	353	path	3
2752	2207	2560	353	new	3
2753	2207	2385	178	new	3
2754	2208	2412	204	new	3
2755	2208	2414	206	path	3
2756	2208	2208	0	new	3
2757	2208	2586	378	new	3
2758	2208	2548	340	new	3
2759	2209	2357	148	new	3
2760	2209	2343	134	new	3
2761	2209	2505	296	new	3
2762	2209	2209	0	new	3
2763	2209	2431	222	new	3
2764	2210	2390	180	new	3
2765	2210	2516	306	new	3
2766	2210	2453	243	path	3
2767	2210	2457	247	new	3
2768	2210	2344	134	new	3
2769	2210	2344	134	new	3
2770	2211	2421	210	new	3
2771	2211	2424	213	new	3
2772	2211	2430	219	new	3
2773	2211	2588	377	new	3
2774	2211	2353	142	new	3
2775	2212	2425	213	path	3
2776	2213	2347	134	new	3
2777	2213	2347	134	new	3
2778	2213	2347	134	new	3
2779	2213	2444	231	path	3
2780	2213	2516	303	new	3
2781	2214	2393	179	new	3
2782	2214	2529	315	path	3
2783	2214	2521	307	new	3
2784	2215	2422	207	new	3
2785	2215	2564	349	path	3
2786	2215	2482	267	path	3
2787	2216	2537	321	new	3
2788	2216	2410	194	new	3
2789	2216	2375	159	new	3
2790	2216	2458	242	path	3
2791	2216	2344	128	new	3
2792	2216	2410	194	new	3
2793	2216	2428	212	new	3
2794	2217	2371	154	new	3
2795	2217	2533	316	new	3
2796	2217	2423	206	new	3
2797	2217	2350	133	new	3
2798	2218	2471	253	new	3
2799	2218	2391	173	new	3
2800	2218	2422	204	path	3
2801	2218	2431	213	path	3
2802	2219	2419	200	new	3
2803	2219	2577	358	new	3
2804	2219	2419	200	new	3
2805	2219	2397	178	new	3
2806	2219	2560	341	new	3
2807	2219	2353	134	new	3
2808	2220	2532	312	path	3
2809	2221	2504	283	path	3
2810	2221	2355	134	new	3
2811	2221	2532	311	path	3
2812	2221	2500	279	path	3
2813	2221	2398	177	path	3
2814	2222	2543	321	path	3
2815	2222	2370	148	new	3
2816	2222	2567	345	new	3
2817	2222	2543	321	path	3
2818	2222	2482	260	path	3
2819	2223	2424	201	new	3
2820	2223	2526	303	new	3
2821	2224	2420	196	new	3
2822	2224	2423	199	path	3
2823	2225	2414	189	new	3
2824	2225	2386	161	new	3
2825	2225	2361	136	new	3
2826	2226	2444	218	path	3
2827	2226	2422	196	new	3
2828	2228	2470	242	new	3
2829	2230	2565	335	new	3
2830	2230	2434	204	new	3
2831	2232	2366	134	new	3
2832	2234	2377	143	new	3
2833	2234	2423	189	new	3
2834	2234	2234	0	new	3
2835	2234	2402	168	new	3
2836	2234	2440	206	new	3
2837	2234	2415	181	path	3
2838	2234	2388	154	new	3
2839	2235	2396	161	new	3
2840	2236	2369	133	new	3
2841	2236	2401	165	new	3
2842	2236	2387	151	new	3
2843	2236	2410	174	new	3
2844	2237	2371	134	new	3
2845	2237	2476	239	new	3
2846	2239	2372	133	new	3
2847	2239	2422	183	path	3
2848	2239	2456	217	new	3
2849	2239	2239	0	new	3
2850	2240	2387	147	new	3
2851	2240	2517	277	new	3
2852	2240	2373	133	new	3
2853	2240	2469	229	path	3
2854	2241	2377	136	new	3
2855	2241	2391	150	new	3
2856	2241	2394	153	new	3
2857	2242	2378	136	new	3
2858	2242	2389	147	new	3
2859	2242	2390	148	new	3
2860	2242	2535	293	new	3
2861	2242	2417	175	path	3
2862	2243	2398	155	new	3
2863	2243	2386	143	new	3
2864	2243	2390	147	new	3
2865	2244	2412	168	path	3
2866	2246	2438	192	new	3
2867	2247	2399	152	new	3
2868	2248	2510	262	path	3
2869	2249	2383	134	new	3
2870	2249	2441	192	new	3
2871	2249	2446	197	new	3
2872	2251	2251	0	new	3
2873	2251	2422	171	new	3
2874	2251	2422	171	new	3
2875	2252	2570	318	new	3
2876	2252	2404	152	new	3
2877	2252	2471	219	path	3
2878	2253	2400	147	new	3
2879	2253	2429	176	new	3
2880	2253	2400	147	new	3
2881	2253	2387	134	new	3
2882	2253	2387	134	new	3
2883	2254	2436	182	new	3
2884	2254	2436	182	new	3
2885	2254	2461	207	new	3
2886	2255	2558	303	new	3
2887	2255	2255	0	new	3
2888	2256	2392	136	new	3
2889	2257	2419	162	new	3
2890	2257	2413	156	new	3
2891	2257	2457	200	new	3
2892	2257	2257	0	new	3
2893	2257	2409	152	new	3
2894	2257	2419	162	new	3
2895	2257	2391	134	new	3
2896	2258	2458	200	new	3
2897	2258	2406	148	new	3
2898	2258	2426	168	new	3
2899	2258	2389	131	new	3
2900	2258	2543	285	path	3
2901	2258	2412	154	new	3
2902	2258	2554	296	path	3
2903	2258	2474	216	path	3
2904	2259	2516	257	path	3
2905	2259	2393	134	new	3
2906	2259	2481	222	new	3
2907	2259	2471	212	path	3
2908	2260	2396	136	new	3
2909	2260	2411	151	new	3
2910	2260	2397	137	new	3
2911	2261	2396	135	new	3
2912	2261	2527	266	new	3
2913	2261	2423	162	new	3
2914	2261	2397	136	new	3
2915	2261	2459	198	new	3
2916	2262	2450	188	path	3
2917	2262	2395	133	new	3
2918	2262	2403	141	new	3
2919	2263	2453	190	new	3
2920	2263	2423	160	new	3
2921	2263	2567	304	new	3
2922	2264	2431	167	new	3
2923	2264	2400	136	new	3
2924	2264	2398	134	new	3
2925	2265	2442	177	new	3
2926	2265	2423	158	new	3
2927	2265	2439	174	new	3
2928	2265	2455	190	new	3
2929	2265	2452	187	new	3
2930	2266	2402	136	new	3
2931	2267	2438	171	new	3
2932	2267	2438	171	new	3
2933	2267	2470	203	path	3
2934	2268	2423	155	new	3
2935	2269	2437	168	new	3
2936	2270	2462	192	new	3
2937	2270	2568	298	new	3
2938	2271	2407	136	new	3
2939	2271	2446	175	new	3
2940	2273	2409	136	new	3
2941	2274	2483	209	new	3
2942	2274	2482	208	path	3
2943	2274	2441	167	new	3
2944	2274	2482	208	path	3
2945	2275	2532	257	new	3
2946	2275	2443	168	new	3
2947	2278	2412	134	new	3
2948	2278	2468	190	new	3
2949	2278	2278	0	new	3
2950	2279	2427	148	new	3
2951	2279	2464	185	new	3
2952	2280	2434	154	new	3
2953	2280	2414	134	new	3
2954	2281	2525	244	path	3
2955	2281	2475	194	new	3
2956	2281	2597	316	new	3
2957	2282	2554	272	path	3
2958	2284	2492	208	path	3
2959	2285	2549	264	new	3
2960	2285	2593	308	new	3
2961	2286	2491	205	new	3
2962	2286	2481	195	new	3
2963	2286	2554	268	path	3
2964	2287	2471	184	path	3
2965	2287	2435	148	new	3
2966	2287	2287	0	new	3
2967	2288	2505	217	path	3
2968	2288	2424	136	new	3
2969	2289	2577	288	path	3
2970	2291	2436	145	new	3
2971	2292	2492	200	new	3
2972	2292	2562	270	new	3
2973	2293	2293	0	new	3
2974	2293	2603	310	path	3
2975	2294	2446	152	new	3
2976	2295	2526	231	new	3
2977	2296	2518	222	new	3
2978	2296	2430	134	new	3
2979	2296	2446	150	new	3
2980	2298	2298	0	new	3
2981	2299	2521	222	new	3
2982	2300	2540	240	new	3
2983	2300	2448	148	new	3
2984	2300	2460	160	new	3
2985	2300	2492	192	path	3
2986	2300	2488	188	new	3
2987	2301	2480	179	new	3
2988	2301	2522	221	new	3
2989	2302	2563	261	new	3
2990	2303	2496	193	new	3
2991	2303	2552	249	new	3
2992	2304	2454	150	new	3
2993	2304	2555	251	path	3
2994	2304	2512	208	path	3
2995	2304	2482	178	path	3
2996	2305	2493	188	new	3
2997	2306	2558	252	new	3
2998	2306	2440	134	new	3
2999	2306	2525	219	new	3
3000	2307	2490	183	new	3
3001	2307	2548	241	new	3
3002	2307	2500	193	new	3
3003	2307	2545	238	new	3
3004	2309	2457	148	new	3
3005	2310	2606	296	path	3
3006	2311	2487	176	new	3
3007	2312	2608	296	new	3
3008	2312	2464	152	new	3
3009	2312	2466	154	new	3
3010	2313	2446	133	path	3
3011	2315	2490	175	new	3
3012	2316	2471	155	new	3
3013	2317	2500	183	new	3
3014	2323	2537	214	new	3
3015	2323	2457	134	new	3
3016	2325	2518	193	new	3
3017	2326	2591	265	new	3
3018	2327	2565	238	new	3
3019	2330	2615	285	new	3
3020	2334	2586	252	new	3
3021	2334	2468	134	new	3
3022	2335	2584	249	path	3
3023	2335	2468	133	new	3
3024	2335	2505	170	path	3
3025	2337	2557	220	new	3
3026	2338	2590	252	new	3
3027	2338	2536	198	new	3
3028	2338	2564	226	new	3
3029	2338	2472	134	new	3
3030	2339	2565	226	new	3
3031	2339	2473	134	new	3
3032	2342	2501	159	new	3
3033	2343	2510	167	path	3
3034	2343	2497	154	new	3
3035	2344	2477	133	new	3
3036	2344	2481	137	path	3
3037	2345	2517	172	path	3
3038	2345	2520	175	new	3
3039	2346	2480	134	new	3
3040	2347	2526	179	new	3
3041	2347	2541	194	new	3
3042	2348	2499	151	new	3
3043	2348	2561	213	new	3
3044	2349	2527	178	path	3
3045	2349	2522	173	new	3
3046	2350	2593	243	new	3
3047	2350	2534	184	new	3
3048	2351	2528	177	new	3
3049	2351	2485	134	new	3
3050	2352	2514	162	new	3
3051	2352	2503	151	new	3
3052	2353	2544	191	new	3
3053	2353	2536	183	new	3
3054	2353	2548	195	path	3
3055	2354	2530	176	new	3
3056	2355	2555	200	path	3
3057	2356	2519	163	new	3
3058	2357	2537	180	new	3
3059	2357	2524	167	new	3
3060	2357	2538	181	new	3
3061	2357	2558	201	new	3
3062	2357	2504	147	new	3
3063	2358	2538	180	new	3
3064	2359	2577	218	path	3
3065	2359	2511	152	new	3
3066	2360	2540	180	new	3
3067	2363	2497	134	new	3
3068	2363	2541	178	path	3
3069	2363	2538	175	new	3
3070	2363	2586	223	new	3
3071	2364	2562	198	new	3
3072	2364	2498	134	new	3
3073	2364	2539	175	new	3
3074	2364	2546	182	new	3
3075	2365	2563	198	new	3
3076	2365	2541	176	new	3
3077	2365	2561	196	new	3
3078	2365	2513	148	new	3
3079	2365	2507	142	new	3
3080	2365	2507	142	new	3
3081	2366	2500	134	new	3
3082	2366	2508	142	new	3
3083	2367	2521	154	new	3
3084	2367	2518	151	new	3
3085	2367	2578	211	new	3
3086	2368	2554	186	new	3
3087	2369	2617	248	path	3
3088	2369	2574	205	new	3
3089	2370	2504	134	new	3
3090	2370	2523	153	new	3
3091	2370	2511	141	new	3
3092	2371	2504	133	new	3
3093	2372	2508	136	new	3
3094	2375	2569	194	new	3
3095	2375	2539	164	new	3
3096	2375	2557	182	new	3
3097	2375	2575	200	new	3
3098	2377	2508	131	new	3
3099	2378	2585	207	new	3
3100	2378	2546	168	new	3
3101	2378	2378	0	new	3
3102	2380	2380	0	new	3
3103	2382	2555	173	new	3
3104	2382	2583	201	new	3
3105	2383	2556	173	new	3
3106	2383	2552	169	new	3
3107	2383	2541	158	new	3
3108	2383	2811	428	path	3
3109	2383	2553	170	new	3
3110	2383	2516	133	new	3
3111	2383	2516	133	new	3
3112	2384	2565	181	path	3
3113	2384	2546	162	new	3
3114	2384	2518	134	new	3
3115	2385	2583	198	path	3
3116	2385	2575	190	new	3
3117	2386	2520	134	new	3
3118	2386	2599	213	new	3
3119	2386	2532	146	new	3
3120	2387	2519	132	new	3
3121	2387	2556	169	new	3
3122	2389	2523	134	new	3
3123	2389	2556	167	path	3
3124	2389	2564	175	path	3
3125	2389	2611	222	new	3
3126	2390	2549	159	new	3
3127	2392	2545	153	new	3
3128	2392	2567	175	path	3
3129	2393	2543	150	new	3
3130	2394	2574	180	new	3
3131	2394	2564	170	new	3
3132	2394	2587	193	new	3
3133	2395	2548	153	new	3
3134	2395	2395	0	new	3
3135	2395	2529	134	new	3
3136	2396	2529	133	new	3
3137	2398	2604	206	new	3
3138	2399	2572	173	new	3
3139	2400	2571	171	new	3
3140	2401	2535	134	new	3
3141	2402	2607	205	new	3
3142	2403	2547	144	new	3
3143	2404	2538	134	new	3
3144	2405	2568	163	new	3
3145	2406	2596	190	new	3
3146	2406	2586	180	path	3
3147	2406	2558	152	new	3
3148	2407	2575	168	new	3
3149	2408	2536	128	new	3
3150	2410	2544	134	new	3
3151	2410	2552	142	new	3
3152	2411	2545	134	new	3
3153	2411	2574	163	new	3
3154	2413	2547	134	new	3
3155	2415	2601	186	new	3
3156	2416	2550	134	new	3
3157	2416	2550	134	new	3
3158	2417	2551	134	new	3
3159	2419	2595	176	new	3
3160	2419	2553	134	new	3
3161	2419	2552	133	new	3
3162	2421	2598	177	new	3
3163	2422	2568	146	new	3
3164	2423	2566	143	new	3
3165	2423	2580	157	new	3
3166	2423	2564	141	new	3
3167	2424	2562	138	path	3
3168	2425	2558	133	path	3
3169	2426	2812	386	new	3
3170	2426	2589	163	new	3
3171	2426	2560	134	new	3
3172	2428	2794	366	path	3
3173	2429	2759	330	new	3
3174	2429	2592	163	new	3
3175	2430	2612	182	new	3
3176	2430	2804	374	path	3
3177	2430	2564	134	new	3
3178	2430	2584	154	new	3
3179	2431	2567	136	new	3
3180	2432	2615	183	new	3
3181	2432	2660	228	path	3
3182	2433	2433	0	new	3
3183	2433	2828	395	new	3
3184	2433	2794	361	path	3
3185	2434	2660	226	path	3
3186	2434	2804	370	path	3
3187	2434	2660	226	path	3
3188	2434	2833	399	new	3
3189	2434	2568	134	new	3
3190	2436	2584	148	new	3
3191	2436	2780	344	new	3
3192	2436	2811	375	path	3
3193	2437	2573	136	new	3
3194	2437	2573	136	new	3
3195	2437	2788	351	new	3
3196	2437	2573	136	new	3
3197	2438	2583	145	new	3
3198	2438	2586	148	new	3
3199	2438	2827	389	new	3
3200	2439	2575	136	new	3
3201	2439	2854	415	path	3
3202	2439	2573	134	new	3
3203	2439	2638	199	new	3
3204	2440	2574	134	new	3
3205	2441	2618	177	new	3
3206	2441	2650	209	new	3
3207	2441	2575	134	new	3
3208	2441	2574	133	new	3
3209	2443	2578	135	new	3
3210	2443	2775	332	new	3
3211	2444	2654	210	new	3
3212	2445	2773	328	new	3
3213	2446	2741	295	new	3
3214	2446	2594	148	new	3
3215	2450	2853	403	path	3
3216	2450	2592	142	new	3
3217	2450	2584	134	new	3
3218	2454	2587	133	new	3
3219	2456	2598	142	new	3
3220	2456	2598	142	new	3
3221	2456	2590	134	new	3
3222	2463	2591	128	new	3
3223	2463	2584	121	path	3
3224	2466	2600	134	new	3
3225	2468	2603	135	new	3
3226	2468	2603	135	new	3
3227	2470	2610	140	new	3
3228	2470	2599	129	new	3
3229	2471	2605	134	new	3
3230	2471	2606	135	new	3
3231	2472	2617	145	new	3
3232	2474	2608	134	new	3
3233	2475	2609	134	new	3
3234	2478	2614	136	new	3
3235	2479	2479	0	new	3
3236	2480	2613	133	new	3
3237	2484	2760	276	new	3
3238	2502	2789	287	new	3
3239	2502	2887	385	new	3
3240	2504	2726	222	new	3
3241	2505	2670	165	new	3
3242	2505	2760	255	path	3
3243	2507	2800	293	new	3
3244	2507	2844	337	new	3
3245	2507	2778	271	new	3
3246	2507	2782	275	new	3
3247	2509	2743	234	new	3
3248	2509	2751	242	new	3
3249	2514	2729	215	new	3
3250	2516	2811	295	new	3
3251	2520	2680	160	new	3
3252	2521	2768	247	new	3
3253	2521	2923	402	path	3
3254	2521	2789	268	new	3
3255	2522	2785	263	new	3
3256	2523	2743	220	path	3
3257	2523	2690	167	new	3
3258	2524	3106	582	path	3
3259	2524	2814	290	new	3
3260	2526	2758	232	new	3
3261	2528	2751	223	new	3
3262	2528	2756	228	new	3
3263	2528	2757	229	new	3
3264	2528	2802	274	new	3
3265	2529	2821	292	new	3
3266	2529	2759	230	new	3
3267	2529	2738	209	new	3
3268	2529	2663	134	new	3
3269	2529	2805	276	path	3
3270	2529	2861	332	new	3
3271	2530	2799	269	path	3
3272	2531	2810	279	path	3
3273	2531	2664	133	new	3
3274	2532	2716	184	new	3
3275	2532	2937	405	path	3
3276	2533	2774	241	new	3
3277	2534	2788	254	path	3
3278	2538	2828	290	path	3
3279	2538	2734	196	new	3
3280	2539	2858	319	new	3
3281	2539	2817	278	path	3
3282	2540	2721	181	new	3
3283	2540	2674	134	new	3
3284	2540	2800	260	path	3
3285	2540	2800	260	path	3
3286	2540	2789	249	new	3
3287	2541	2844	303	new	3
3288	2541	3060	519	new	3
3289	2541	2541	0	new	3
3290	2543	2765	222	new	3
3291	2543	2774	231	new	3
3292	2543	2731	188	new	3
3293	2545	2732	187	new	3
3294	2545	2790	245	new	3
3295	2546	2680	134	new	3
3296	2546	2752	206	new	3
3297	2546	2759	213	path	3
3298	2547	2855	308	new	3
3299	2547	2688	141	new	3
3300	2548	2747	199	new	3
3301	2548	2760	212	new	3
3302	2549	2887	338	path	3
3303	2551	2745	194	new	3
3304	2551	2788	237	path	3
3305	2551	2751	200	new	3
3306	2552	2800	248	path	3
3307	2552	2688	136	new	3
3308	2552	2753	201	new	3
3309	2553	3038	485	path	3
3310	2553	2977	424	new	3
3311	2554	2739	185	new	3
3312	2555	2761	206	new	3
3313	2556	2812	256	path	3
3314	2556	2723	167	new	3
3315	2557	2973	416	new	3
3316	2557	2706	149	new	3
3317	2557	2736	179	new	3
3318	2558	2741	183	new	3
3319	2558	2694	136	new	3
3320	2559	2813	254	new	3
3321	2560	2697	137	new	3
3322	2561	2799	238	path	3
3323	2561	2760	199	new	3
3324	2561	2718	157	new	3
3325	2561	2883	322	new	3
3326	2561	2914	353	path	3
3327	2561	2736	175	new	3
3328	2561	2740	179	new	3
3329	2562	2831	269	new	3
3330	2562	2918	356	path	3
3331	2562	2790	228	new	3
3332	2562	2730	168	new	3
3333	2562	2741	179	new	3
3334	2562	2918	356	path	3
3335	2563	2749	186	new	3
3336	2563	2699	136	new	3
3337	2563	3019	456	path	3
3338	2564	2759	195	new	3
3339	2564	2564	0	new	3
3340	2564	2842	278	new	3
3341	2564	2804	240	path	3
3342	2564	2805	241	path	3
3343	2564	2993	429	new	3
3344	2566	2802	236	path	3
3345	2566	2766	200	new	3
3346	2566	2812	246	path	3
3347	2567	2700	133	new	3
3348	2567	2771	204	new	3
3349	2567	3070	503	new	3
3350	2567	2776	209	new	3
3351	2568	2849	281	new	3
3352	2568	2756	188	new	3
3353	2568	2760	192	new	3
3354	2568	2755	187	new	3
3355	2569	2805	236	path	3
3356	2570	2724	154	new	3
3357	2570	3219	649	path	3
3358	2571	2799	228	path	3
3359	2573	2816	243	new	3
3360	2573	2833	260	path	3
3361	2574	2874	300	new	3
3362	2574	2766	192	new	3
3363	2574	2780	206	new	3
3364	2576	2760	184	new	3
3365	2577	2855	278	new	3
3366	2577	2711	134	new	3
3367	2578	3042	464	new	3
3368	2579	2720	141	new	3
3369	2579	3044	465	new	3
3370	2579	2764	185	new	3
3371	2579	3065	486	new	3
3372	2580	2747	167	new	3
3373	2580	2799	219	new	3
3374	2580	2778	198	new	3
3375	2581	2770	189	new	3
3376	2581	2727	146	new	3
3377	2581	3025	444	new	3
3378	2581	2718	137	new	3
3379	2581	2737	156	new	3
3380	2581	2715	134	new	3
3381	2582	2773	191	new	3
3382	2582	2815	233	new	3
3383	2582	2775	193	new	3
3384	2583	2805	222	path	3
3385	2583	2745	162	new	3
3386	2583	2757	174	new	3
3387	2585	2733	148	new	3
3388	2586	2719	133	new	3
3389	2586	2823	237	new	3
3390	2586	2799	213	path	3
3391	2586	2789	203	new	3
3392	2586	2742	156	new	3
3393	2586	2926	340	new	3
3394	2586	2811	225	path	3
3395	2587	2810	223	new	3
3396	2587	2752	165	path	3
3397	2587	3043	456	new	3
3398	2587	2842	255	path	3
3399	2587	2789	202	new	3
3400	2588	2588	0	new	3
3401	2588	2735	147	new	3
3402	2588	2735	147	new	3
3403	2588	2722	134	new	3
3404	2589	2589	0	new	3
3405	2589	2910	321	path	3
3406	2590	2737	147	new	3
3407	2590	2777	187	new	3
3408	2590	2759	169	new	3
3409	2590	2793	203	new	3
3410	2590	2793	203	new	3
3411	2590	2737	147	new	3
3412	2590	2740	150	new	3
3413	2590	2847	257	new	3
3414	2590	2901	311	path	3
3415	2590	3015	425	path	3
3416	2590	2738	148	new	3
3417	2591	2725	134	new	3
3418	2591	2821	230	path	3
3419	2592	2762	170	new	3
3420	2592	2765	173	new	3
3421	2592	2946	354	path	3
3422	2592	2865	273	new	3
3423	2592	2829	237	new	3
3424	2593	2827	234	path	3
3425	2593	2791	198	new	3
3426	2593	2814	221	path	3
3427	2593	2778	185	new	3
3428	2594	2751	157	new	3
3429	2594	2766	172	new	3
3430	2594	3254	660	path	3
3431	2594	2770	176	new	3
3432	2595	2853	258	path	3
3433	2595	2806	211	new	3
3434	2595	2809	214	path	3
3435	2595	2875	280	new	3
3436	2596	2776	180	new	3
3437	2596	2837	241	new	3
3438	2597	2767	170	new	3
3439	2597	2789	192	path	3
3440	2597	2912	315	new	3
3441	2597	2597	0	new	3
3442	2597	2852	255	new	3
3443	2597	2971	374	path	3
3444	2598	2734	136	new	3
3445	2598	2801	203	new	3
3446	2598	2752	154	new	3
3447	2598	2801	203	new	3
3448	2599	2736	137	new	3
3449	2599	2843	244	new	3
3450	2599	3066	467	path	3
3451	2600	3106	506	path	3
3452	2600	2744	144	new	3
3453	2600	2783	183	new	3
3454	2600	2783	183	new	3
3455	2601	2732	131	new	3
3456	2602	2736	134	new	3
3457	2602	2810	208	path	3
3458	2602	2805	203	new	3
3459	2602	2918	316	path	3
3460	2602	2761	159	new	3
3461	2602	2736	134	new	3
3462	2602	2746	144	new	3
3463	2603	2853	250	path	3
3464	2603	2737	134	new	3
3465	2603	2862	259	new	3
3466	2604	2740	136	new	3
3467	2604	2738	134	new	3
3468	2604	2765	161	new	3
3469	2604	2750	146	new	3
3470	2605	2751	146	new	3
3471	2605	2739	134	new	3
3472	2605	2807	202	new	3
3473	2606	2734	128	new	3
3474	2606	2740	134	new	3
3475	2606	2764	158	new	3
3476	2606	2766	160	new	3
3477	2607	2764	157	new	3
3478	2607	2792	185	new	3
3479	2607	2776	169	new	3
3480	2608	2772	164	new	3
3481	2608	2796	188	path	3
3482	2608	2862	254	new	3
3483	2608	2904	296	new	3
3484	2608	2766	158	new	3
3485	2608	2741	133	new	3
3486	2608	2839	231	new	3
3487	2608	2770	162	new	3
3488	2608	2742	134	new	3
3489	2608	2795	187	new	3
3490	2609	2743	134	new	3
3491	2609	2790	181	new	3
3492	2609	2867	258	new	3
3493	2609	2745	136	new	3
3494	2609	2802	193	path	3
3495	2609	2805	196	path	3
3496	2609	2834	225	new	3
3497	2609	2767	158	new	3
3498	2610	2799	189	new	3
3499	2611	2743	132	new	3
3500	2611	2764	153	new	3
3501	2611	2796	185	new	3
3502	2611	2876	265	path	3
3503	2611	3242	631	path	3
3504	2611	2926	315	path	3
3505	2611	2850	239	new	3
3506	2612	2894	282	new	3
3507	2612	2765	153	new	3
3508	2612	2775	163	path	3
3509	2612	2793	181	new	3
3510	2613	2747	134	new	3
3511	2613	2883	270	new	3
3512	2613	2970	357	new	3
3513	2614	2937	323	new	3
3514	2614	2860	246	path	3
3515	2615	2784	169	new	3
3516	2615	2784	169	new	3
3517	2615	3059	444	new	3
3518	2616	2750	134	new	3
3519	2616	2760	144	path	3
3520	2617	2754	137	new	3
3521	2618	2758	140	new	3
3522	2618	2813	195	path	3
3523	2619	2821	202	new	3
3524	2619	2804	185	path	3
3525	2619	2801	182	path	3
3526	2620	3015	395	path	3
3527	2620	2766	146	new	3
3528	2620	2754	134	new	3
3529	2621	2858	237	path	3
3530	2621	2800	179	new	3
3531	2621	2772	151	new	3
3532	2622	2812	190	new	3
3533	2622	2751	129	new	3
3534	2622	2812	190	new	3
3535	2622	2756	134	new	3
3536	2623	2913	290	new	3
3537	2623	2757	134	new	3
3538	2624	2810	186	path	3
3539	2625	2755	130	new	3
3540	2625	2772	147	new	3
3541	2625	2759	134	new	3
3542	2625	2824	199	new	3
3543	2626	2825	199	new	3
3544	2627	3190	563	new	3
3545	2627	2781	154	new	3
3546	2627	2761	134	new	3
3547	2627	2757	130	new	3
3548	2628	2758	130	new	3
3549	2628	2829	201	new	3
3550	2628	2763	135	new	3
3551	2628	3051	423	path	3
3552	2628	2829	201	new	3
3553	2629	2763	134	new	3
3554	2629	2833	204	new	3
3555	2630	2770	140	path	3
3556	2630	2813	183	new	3
3557	2631	2794	163	path	3
3558	2632	2836	204	new	3
3559	2633	2954	321	new	3
3560	2633	2901	268	path	3
3561	2633	2633	0	new	3
3562	2633	2795	162	new	3
3563	2633	2818	185	new	3
3564	2634	2828	194	new	3
3565	2635	2783	148	new	3
3566	2636	2829	193	path	3
3567	2636	2838	202	new	3
3568	2636	3253	617	new	3
3569	2636	2771	135	new	3
3570	2636	2784	148	new	3
3571	2638	2825	187	new	3
3572	2639	2775	136	new	3
3573	2639	2773	134	new	3
3574	2641	2776	135	new	3
3575	2642	2826	184	new	3
3576	2643	2790	147	path	3
3577	2647	2781	134	new	3
3578	2648	2782	134	new	3
3579	2656	2837	181	new	3
3580	2661	2797	136	new	3
3581	2667	2851	184	new	3
3582	2668	2855	187	new	3
3583	2669	2860	191	path	3
3584	2672	2805	133	new	3
3585	2681	3255	574	new	3
3586	2685	2816	131	path	3
3587	2687	2974	287	path	3
3588	2689	2854	165	new	3
3589	2691	3030	339	new	3
3590	2693	2904	211	new	3
3591	2697	2838	141	new	3
3592	2697	2865	168	new	3
3593	2698	2832	134	new	3
3594	2698	3027	329	path	3
3595	2699	2840	141	new	3
3596	2699	2699	0	new	3
3597	2699	2933	234	path	3
3598	2700	3254	554	new	3
3599	2700	2904	204	path	3
3600	2703	3069	366	path	3
3601	2703	2905	202	new	3
3602	2706	2900	194	new	3
3603	2706	2900	194	new	3
3604	2707	2841	134	new	3
3605	2707	2891	184	new	3
3606	2707	2900	193	new	3
3607	2707	2896	189	new	3
3608	2707	2841	134	new	3
3609	2707	2841	134	new	3
3610	2708	2941	233	new	3
3611	2708	2873	165	new	3
3612	2708	2883	175	new	3
3613	2709	2865	156	new	3
3614	2709	2867	158	new	3
3615	2709	2843	134	new	3
3616	2709	2913	204	new	3
3617	2709	2867	158	new	3
3618	2710	2870	160	new	3
3619	2711	2985	274	new	3
3620	2712	2846	134	new	3
3621	2714	2915	201	new	3
3622	2716	2858	142	new	3
3623	2716	3007	291	new	3
3624	2717	2851	134	new	3
3625	2718	2914	196	new	3
3626	2718	2890	172	new	3
3627	2718	2852	134	new	3
3628	2719	2915	196	new	3
3629	2720	2924	204	new	3
3630	2720	2985	265	new	3
3631	2720	2901	181	new	3
3632	2721	2883	162	path	3
3633	2721	2898	177	new	3
3634	2721	2883	162	path	3
3635	2724	2892	168	new	3
3636	2724	2994	270	new	3
3637	2724	2905	181	new	3
3638	2734	3065	331	path	3
3639	2736	3085	349	path	3
3640	2737	2924	187	new	3
3641	2744	2904	160	path	3
3642	2744	3042	298	path	3
3643	2747	2956	209	path	3
3644	2747	2881	134	new	3
3645	2750	2971	221	new	3
3646	2750	2973	223	new	3
3647	2754	2930	176	path	3
3648	2769	2905	136	new	3
3649	2772	2979	207	new	3
3650	2774	3045	271	new	3
3651	2777	2911	134	new	3
3652	2778	3116	338	new	3
3653	2778	2912	134	new	3
3654	2779	3247	468	path	3
3655	2779	2912	133	new	3
3656	2780	2992	212	path	3
3657	2782	2970	188	new	3
3658	2783	2916	133	new	3
3659	2784	2918	134	new	3
3660	2784	3167	383	path	3
3661	2785	3146	361	path	3
3662	2785	3079	294	path	3
3663	2788	3020	232	new	3
3664	2788	3010	222	new	3
3665	2788	3074	286	new	3
3666	2789	3212	423	path	3
3667	2791	2988	197	new	3
3668	2792	2994	202	new	3
3669	2792	2971	179	path	3
3670	2793	2973	180	path	3
3671	2795	2998	203	new	3
3672	2795	3375	580	new	3
3673	2795	3145	350	new	3
3674	2796	3051	255	path	3
3675	2797	2984	187	new	3
3676	2797	2974	177	path	3
3677	2798	3061	263	path	3
3678	2798	2973	175	new	3
3679	2798	2932	134	new	3
3680	2799	3290	491	path	3
3681	2799	2992	193	new	3
3682	2799	2990	191	new	3
3683	2800	2994	194	new	3
3684	2801	3001	200	path	3
3685	2801	3035	234	new	3
3686	2802	3276	474	path	3
3687	2803	3261	458	new	3
3688	2804	2999	195	new	3
3689	2804	3006	202	new	3
3690	2804	2940	136	new	3
3691	2805	2966	161	new	3
3692	2805	3225	420	new	3
3693	2807	3038	231	new	3
3694	2807	2941	134	new	3
3695	2809	3389	580	path	3
3696	2809	3008	199	new	3
3697	2811	2988	177	new	3
3698	2811	2988	177	new	3
3699	2811	2945	134	new	3
3700	2812	3074	262	path	3
3701	2813	2990	177	new	3
3702	2814	2982	168	new	3
3703	2816	3019	203	path	3
3704	2819	3064	245	new	3
3705	2820	3002	182	new	3
3706	2822	3029	207	path	3
3707	2822	3019	197	path	3
3708	2823	2980	157	new	3
3709	2824	2960	136	new	3
3710	2825	2970	145	path	3
3711	2825	3043	218	path	3
3712	2825	3161	336	new	3
3713	2825	3008	183	new	3
3714	2829	3288	459	path	3
3715	2830	3132	302	path	3
3716	2830	3028	198	new	3
3717	2830	3020	190	new	3
3718	2831	3042	211	path	3
3719	2831	3468	637	path	3
3720	2831	3079	248	new	3
3721	2832	2971	139	new	3
3722	2833	3334	501	new	3
3723	2833	2998	165	new	3
3724	2833	3011	178	new	3
3725	2834	3288	454	new	3
3726	2834	3009	175	new	3
3727	2835	2835	0	new	3
3728	2835	2993	158	new	3
3729	2835	3035	200	new	3
3730	2837	3045	208	new	3
3731	2837	3064	227	path	3
3732	2837	2973	136	new	3
3733	2838	2989	151	new	3
3734	2838	3049	211	new	3
3735	2838	2972	134	new	3
3736	2838	3062	224	path	3
3737	2839	3025	186	path	3
3738	2839	3065	226	path	3
3739	2839	3251	412	path	3
3740	2840	2973	133	new	3
3741	2840	3029	189	new	3
3742	2840	2979	139	new	3
3743	2840	3097	257	path	3
3744	2841	3019	178	new	3
3745	2841	3192	351	path	3
3746	2841	3192	351	path	3
3747	2841	2974	133	new	3
3748	2841	3367	526	new	3
3749	2842	3019	177	new	3
3750	2842	3019	177	new	3
3751	2842	3029	187	path	3
3752	2842	3409	567	path	3
3753	2843	2977	134	new	3
3754	2843	3039	196	new	3
3755	2843	3394	551	new	3
3756	2843	2977	134	new	3
3757	2844	2973	129	new	3
3758	2844	3090	246	path	3
3759	2844	2988	144	new	3
3760	2844	3062	218	new	3
3761	2844	3051	207	path	3
3762	2844	2978	134	new	3
3763	2845	2979	134	new	3
3764	2845	3365	520	new	3
3765	2845	3423	578	new	3
3766	2845	3054	209	new	3
3767	2846	3097	251	new	3
3768	2846	2993	147	new	3
3769	2846	2993	147	new	3
3770	2846	3027	181	new	3
3771	2846	3005	159	new	3
3772	2847	3455	608	path	3
3773	2847	3029	182	new	3
3774	2847	2981	134	new	3
3775	2847	3067	220	new	3
3776	2847	3052	205	new	3
3777	2847	3044	197	path	3
3778	2848	2981	133	new	3
3779	2848	3056	208	new	3
3780	2848	2991	143	new	3
3781	2849	2982	133	new	3
3782	2849	3037	188	path	3
3783	2849	3011	162	new	3
3784	2849	3044	195	path	3
3785	2850	3019	169	new	3
3786	2850	3037	187	new	3
3787	2851	2993	142	new	3
3788	2851	2984	133	new	3
3789	2851	3337	486	new	3
3790	2851	3149	298	path	3
3791	2851	3011	160	new	3
3792	2851	3020	169	new	3
3793	2852	3001	149	new	3
3794	2852	3255	403	path	3
3795	2852	3006	154	new	3
3796	2852	2988	136	new	3
3797	2853	3198	345	path	3
3798	2854	2988	134	new	3
3799	2854	3002	148	new	3
3800	2854	2854	0	new	3
3801	2855	3092	237	new	3
3802	2856	3079	223	new	3
3803	2858	3206	348	new	3
3804	2858	3138	280	new	3
3805	2858	3086	228	path	3
3806	2858	3067	209	new	3
3807	2858	3011	153	new	3
3808	2859	3006	147	new	3
3809	2859	2993	134	new	3
3810	2859	3086	227	path	3
3811	2859	3245	386	new	3
3812	2859	3056	197	new	3
3813	2860	2994	134	new	3
3814	2861	3145	284	path	3
3815	2861	3022	161	new	3
3816	2862	3007	145	new	3
3817	2863	3035	172	path	3
3818	2863	3016	153	new	3
3819	2863	2999	136	new	3
3820	2863	3079	216	path	3
3821	2864	2998	134	new	3
3822	2864	3115	251	new	3
3823	2865	3070	205	new	3
3824	2865	3006	141	new	3
3825	2865	3033	168	new	3
3826	2866	3079	213	path	3
3827	2866	3040	174	new	3
3828	2866	3070	204	new	3
3829	2867	3021	154	new	3
3830	2867	3097	230	new	3
3831	2867	3050	183	new	3
3832	2867	3187	320	new	3
3833	2868	3077	209	new	3
3834	2869	3003	134	new	3
3835	2870	3072	202	new	3
3836	2870	3016	146	new	3
3837	2871	3046	175	new	3
3838	2872	3008	136	new	3
3839	2875	3243	368	path	3
3840	2877	3011	134	new	3
3841	2877	3026	149	new	3
3842	2878	3076	198	new	3
3843	2879	3013	134	new	3
3844	2879	3015	136	new	3
3845	2880	3034	154	new	3
3846	2880	3046	166	path	3
3847	2880	3156	276	path	3
3848	2882	3070	188	new	3
3849	2883	3075	192	new	3
3850	2885	3032	147	new	3
3851	2886	3262	376	new	3
3852	2886	3054	168	new	3
3853	2888	3047	159	new	3
3854	2888	3022	134	new	3
3855	2889	3048	159	new	3
3856	2890	3037	147	new	3
3857	2891	3116	225	path	3
3858	2892	3410	518	path	3
3859	2899	3076	177	new	3
3860	2900	3080	180	new	3
3861	2901	3132	231	new	3
3862	2902	3073	171	path	3
3863	2902	3073	171	new	3
3864	2903	3045	142	new	3
3865	2904	3095	191	new	3
3866	2909	3056	147	new	3
3867	2911	3251	340	path	3
3868	2911	3251	340	path	3
3869	2911	3057	146	path	3
3870	2911	3175	264	path	3
3871	2913	3097	184	new	3
3872	2913	3070	157	new	3
3873	2914	3048	134	new	3
3874	2915	3051	136	new	3
3875	2915	3098	183	new	3
3876	2917	3113	196	new	3
3877	2917	3051	134	new	3
3878	2918	3125	207	path	3
3879	2920	3282	362	new	3
3880	2920	3269	349	new	3
3881	2920	3056	136	new	3
3882	2920	3092	172	new	3
3883	2921	3055	134	new	3
3884	2921	3055	134	new	3
3885	2921	3288	367	new	3
3886	2921	2921	0	new	3
3887	2922	3077	155	new	3
3888	2923	3101	178	new	3
3889	2923	3074	151	new	3
3890	2924	3145	221	path	3
3891	2924	3112	188	new	3
3892	2925	3104	179	new	3
3893	2925	3108	183	new	3
3894	2925	3055	130	new	3
3895	2930	3110	180	new	3
3896	2930	3064	134	new	3
3897	2931	3136	205	new	3
3898	2931	3421	490	new	3
3899	2932	3270	338	new	3
3900	2932	3158	226	new	3
3901	2932	3094	162	new	3
3902	2932	3272	340	new	3
3903	2933	3067	134	new	3
3904	2933	3117	184	new	3
3905	2934	3097	163	new	3
3906	2934	3114	180	new	3
3907	2935	3191	256	path	3
3908	2936	3107	171	new	3
3909	2936	2936	0	new	3
3910	2937	3241	304	path	3
3911	2937	3177	240	path	3
3912	2937	3246	309	path	3
3913	2938	3375	437	new	3
3914	2938	3172	234	path	3
3915	2938	3100	162	new	3
3916	2938	3380	442	path	3
3917	2939	3191	252	new	3
3918	2939	3376	437	new	3
3919	2939	3115	176	new	3
3920	2939	3171	232	new	3
3921	2940	3099	159	new	3
3922	2940	3589	649	path	3
3923	2940	3074	134	new	3
3924	2940	3111	171	new	3
3925	2941	3225	284	new	3
3926	2941	3156	215	path	3
3927	2941	3085	144	new	3
3928	2941	3171	230	path	3
3929	2941	3332	391	path	3
3930	2941	3120	179	new	3
3931	2941	3149	208	new	3
3932	2942	3108	166	new	3
3933	2943	3365	422	path	3
3934	2943	3130	187	new	3
3935	2943	3143	200	new	3
3936	2943	3236	293	new	3
3937	2943	3150	207	new	3
3938	2943	3150	207	new	3
3939	2944	3318	374	new	3
3940	2945	3079	134	new	3
3941	2945	3308	363	new	3
3942	2945	3078	133	new	3
3943	2945	3173	228	new	3
3944	2945	3169	224	new	3
3945	2945	3189	244	new	3
3946	2946	3157	211	path	3
3947	2946	3080	134	new	3
3948	2947	2947	0	new	3
3949	2948	3227	279	new	3
3950	2948	3125	177	new	3
3951	2949	3083	134	new	3
3952	2949	3082	133	new	3
3953	2950	3135	185	path	3
3954	2951	3118	167	new	3
3955	2951	3384	433	new	3
3956	2952	3168	216	path	3
3957	2952	2952	0	new	3
3958	2952	3256	304	new	3
3959	2952	3400	448	path	3
3960	2953	3129	176	new	3
3961	2954	3088	134	new	3
3962	2955	3103	148	new	3
3963	2956	3124	168	new	3
3964	2956	3163	207	new	3
3965	2957	3092	135	new	3
3966	2957	3117	160	new	3
3967	2957	3275	318	path	3
3968	2960	3150	190	new	3
3969	2964	3215	251	path	3
3970	2967	2967	0	new	3
3971	2970	3211	241	new	3
3972	2970	3153	183	new	3
3973	2971	3183	212	new	3
3974	2972	3106	134	new	3
3975	2973	3405	432	path	3
3976	2974	3250	276	new	3
3977	2974	3379	405	new	3
3978	2975	3164	189	new	3
3979	2976	3299	323	new	3
3980	2976	2976	0	new	3
3981	2977	3305	328	path	3
3982	2978	3152	174	new	3
3983	2980	3171	191	new	3
3984	2980	3122	142	new	3
3985	2980	3150	170	path	3
3986	2981	3170	189	new	3
3987	2981	3240	259	new	3
3988	2981	3117	136	new	3
3989	2982	3199	217	new	3
3990	2982	3180	198	new	3
3991	2982	3137	155	new	3
3992	2982	3116	134	new	3
3993	2982	3153	171	path	3
3994	2982	3156	174	new	3
3995	2984	3244	260	new	3
3996	2984	3254	270	path	3
3997	2985	3133	148	new	3
3998	2985	3119	134	new	3
3999	2985	3181	196	new	3
4000	2985	3262	277	path	3
4001	2985	3128	143	new	3
4002	2986	3170	184	new	3
4003	2986	3177	191	new	3
4004	2987	3299	312	path	3
4005	2987	3244	257	new	3
4006	2987	3169	182	new	3
4007	2988	3121	133	new	3
4008	2988	3357	369	new	3
4009	2989	3122	133	new	3
4010	2992	3284	292	path	3
4011	2993	3127	134	new	3
4012	2998	3166	168	new	3
4013	2998	3242	244	path	3
4014	3002	3136	134	new	3
4015	3002	3223	221	new	3
4016	3003	3137	134	new	3
4017	3004	3212	208	path	3
4018	3004	3188	184	new	3
4019	3005	3298	293	new	3
4020	3005	3267	262	new	3
4021	3006	3177	171	new	3
4022	3006	3233	227	new	3
4023	3007	3238	231	new	3
4024	3008	3249	241	new	3
4025	3015	3245	230	new	3
4026	3019	3196	177	new	3
4027	3021	3231	210	path	3
4028	3023	3225	202	new	3
4029	3025	3270	245	new	3
4030	3027	3255	228	path	3
4031	3028	3164	136	new	3
4032	3029	3163	134	new	3
4033	3030	3248	218	new	3
4034	3031	3160	129	new	3
4035	3033	3170	137	new	3
4036	3033	3234	201	new	3
4037	3033	3212	179	new	3
4038	3033	3273	240	new	3
4039	3033	3277	244	new	3
4040	3034	3211	177	path	3
4041	3035	3198	163	path	3
4042	3037	3210	173	new	3
4043	3038	3172	134	new	3
4044	3038	3287	249	path	3
4045	3038	3175	137	new	3
4046	3039	3247	208	new	3
4047	3039	3259	220	new	3
4048	3039	3259	220	new	3
4049	3040	3320	280	new	3
4050	3040	3368	328	new	3
4051	3041	3244	203	path	3
4052	3041	3237	196	new	3
4053	3041	3185	144	new	3
4054	3041	3255	214	new	3
4055	3041	3175	134	new	3
4056	3042	3399	357	path	3
4057	3042	3310	268	path	3
4058	3042	3250	208	new	3
4059	3043	3360	317	new	3
4060	3043	3478	435	path	3
4061	3043	3190	147	new	3
4062	3043	3316	273	path	3
4063	3044	3277	233	path	3
4064	3044	3253	209	path	3
4065	3044	3255	211	path	3
4066	3044	3269	225	new	3
4067	3044	3233	189	new	3
4068	3044	3380	336	new	3
4069	3045	3204	159	new	3
4070	3046	3192	146	new	3
4071	3048	3264	216	new	3
4072	3048	3254	206	new	3
4073	3048	3329	281	new	3
4074	3048	3376	328	new	3
4075	3050	3604	554	path	3
4076	3050	3540	490	new	3
4077	3050	3364	314	new	3
4078	3051	3236	185	new	3
4079	3051	3220	169	new	3
4080	3051	3185	134	new	3
4081	3051	3252	201	new	3
4082	3052	3225	173	new	3
4083	3052	3225	173	path	3
4084	3052	3229	177	new	3
4085	3052	3258	206	path	3
4086	3052	3228	176	new	3
4087	3053	3233	180	new	3
4088	3053	3276	223	new	3
4089	3053	3252	199	new	3
4090	3053	3367	314	new	3
4091	3055	3236	181	new	3
4092	3058	3058	0	new	3
4093	3058	3543	485	path	3
4094	3058	3489	431	new	3
4095	3062	3265	203	new	3
4096	3066	3229	163	new	3
4097	3066	3323	257	path	3
4098	3069	3203	134	new	3
4099	3070	3376	306	new	3
4100	3072	3382	310	new	3
4101	3073	3290	217	path	3
4102	3075	3239	164	new	3
4103	3076	3427	351	path	3
4104	3079	3259	180	new	3
4105	3080	3262	182	path	3
4106	3082	3258	176	path	3
4107	3086	3286	200	path	3
4108	3087	3375	288	path	3
4109	3089	3242	153	new	3
4110	3090	3224	134	new	3
4111	3090	3224	134	new	3
4112	3091	3225	134	new	3
4113	3092	3278	186	new	3
4114	3092	3226	134	new	3
4115	3092	3240	148	new	3
4116	3092	3291	199	new	3
4117	3092	3235	143	new	3
4118	3094	3275	181	new	3
4119	3094	3399	305	path	3
4120	3094	3245	151	new	3
4121	3095	3241	146	new	3
4122	3095	3273	178	new	3
4123	3095	3278	183	new	3
4124	3095	3229	134	new	3
4125	3096	3230	134	new	3
4126	3096	3096	0	new	3
4127	3096	3475	379	new	3
4128	3096	3374	278	new	3
4129	3096	3276	180	new	3
4130	3096	3230	134	new	3
4131	3097	3292	195	new	3
4132	3097	3503	406	new	3
4133	3097	3231	134	new	3
4134	3098	3273	175	path	3
4135	3098	3293	195	new	3
4136	3098	3769	671	new	3
4137	3098	3232	134	new	3
4138	3098	3258	160	new	3
4139	3099	3293	194	path	3
4140	3099	3318	219	path	3
4141	3099	3412	313	path	3
4142	3099	3311	212	path	3
4143	3099	3235	136	new	3
4144	3099	3294	195	path	3
4145	3099	3580	481	new	3
4146	3100	3254	154	new	3
4147	3100	3263	163	path	3
4148	3101	3235	134	new	3
4149	3101	3361	260	new	3
4150	3102	3311	209	path	3
4151	3103	3420	317	path	3
4152	3103	3251	148	new	3
4153	3103	3425	322	new	3
4154	3104	3311	207	new	3
4155	3104	3238	134	new	3
4156	3105	3290	185	new	3
4157	3105	3350	245	path	3
4158	3105	3350	245	path	3
4159	3106	3310	204	new	3
4160	3107	3240	133	new	3
4161	3107	3307	200	new	3
4162	3108	3511	403	path	3
4163	3108	3108	0	new	3
4164	3108	3227	119	path	3
4165	3108	3108	0	new	3
4166	3108	3313	205	new	3
4167	3109	3243	134	new	3
4168	3109	3580	471	path	3
4169	3110	3275	165	path	3
4170	3110	3253	143	new	3
4171	3110	3414	304	new	3
4172	3110	3258	148	new	3
4173	3110	3313	203	new	3
4174	3110	3246	136	new	3
4175	3110	3313	203	new	3
4176	3111	3245	134	new	3
4177	3111	3312	201	path	3
4178	3112	3248	136	new	3
4179	3113	3423	310	new	3
4180	3113	3292	179	new	3
4181	3113	3247	134	new	3
4182	3114	3300	186	new	3
4183	3114	3277	163	new	3
4184	3116	3116	0	new	3
4185	3116	3318	202	new	3
4186	3116	3388	272	new	3
4187	3117	3375	258	path	3
4188	3117	3251	134	new	3
4189	3120	3352	232	new	3
4190	3130	3405	275	new	3
4191	3132	3302	170	new	3
4192	3135	3269	134	new	3
4193	3135	3279	144	new	3
4194	3136	3476	340	new	3
4195	3146	3492	346	path	3
4196	3151	3357	206	new	3
4197	3152	3313	161	path	3
4198	3161	3407	246	new	3
4199	3162	3352	190	path	3
4200	3162	3333	171	new	3
4201	3162	3404	242	new	3
4202	3162	3333	171	new	3
4203	3162	3560	398	new	3
4204	3162	3333	171	new	3
4205	3163	3720	557	new	3
4206	3163	3329	166	path	3
4207	3163	3347	184	new	3
4208	3163	3458	295	new	3
4209	3164	3357	193	new	3
4210	3164	3298	134	new	3
4211	3164	3336	172	path	3
4212	3165	3548	383	new	3
4213	3165	3382	217	path	3
4214	3166	3559	393	path	3
4215	3167	3347	180	path	3
4216	3167	3300	133	new	3
4217	3179	3358	179	new	3
4218	3180	3372	192	new	3
4219	3181	3408	227	path	3
4220	3181	3400	219	new	3
4221	3182	3424	242	new	3
4222	3182	3912	730	new	3
4223	3183	3371	188	new	3
4224	3184	3339	155	new	3
4225	3185	3802	617	new	3
4226	3186	3320	134	new	3
4227	3186	3370	184	new	3
4228	3186	3320	134	new	3
4229	3186	3378	192	new	3
4230	3188	3389	201	path	3
4231	3188	3321	133	new	3
4232	3188	3334	146	new	3
4233	3188	3418	230	path	3
4234	3188	3518	330	path	3
4235	3189	3353	164	new	3
4236	3189	3323	134	new	3
4237	3189	3389	200	new	3
4238	3189	3506	317	new	3
4239	3189	3189	0	new	3
4240	3189	3323	134	new	3
4241	3189	3346	157	new	3
4242	3190	3324	134	new	3
4243	3191	3662	471	new	3
4244	3191	3355	164	new	3
4245	3191	3380	189	new	3
4246	3191	3350	159	new	3
4247	3191	3409	218	path	3
4248	3192	3647	455	path	3
4249	3192	3366	174	new	3
4250	3192	3819	627	new	3
4251	3192	3391	199	new	3
4252	3192	3364	172	new	3
4253	3193	3511	318	new	3
4254	3193	3467	274	new	3
4255	3193	3419	226	new	3
4256	3193	3392	199	new	3
4257	3194	3371	177	new	3
4258	3194	3474	280	new	3
4259	3194	3331	137	new	3
4260	3194	3382	188	new	3
4261	3194	3618	424	new	3
4262	3194	3379	185	new	3
4263	3194	3365	171	new	3
4264	3194	3375	181	new	3
4265	3196	3371	175	new	3
4266	3196	3369	173	new	3
4267	3196	3357	161	new	3
4268	3196	3347	151	new	3
4269	3197	3791	594	new	3
4270	3197	3357	160	path	3
4271	3197	3521	324	path	3
4272	3197	3480	283	new	3
4273	3198	3445	247	path	3
4274	3198	3468	270	path	3
4275	3198	3327	129	new	3
4276	3198	3508	310	path	3
4277	3199	3390	191	new	3
4278	3199	3693	494	new	3
4279	3199	3721	522	new	3
4280	3200	3334	134	new	3
4281	3200	3368	168	new	3
4282	3201	3362	161	new	3
4283	3201	3382	181	new	3
4284	3201	3334	133	new	3
4285	3202	3430	228	new	3
4286	3202	3405	203	path	3
4287	3202	3427	225	new	3
4288	3202	3390	188	new	3
4289	3203	3386	183	new	3
4290	3203	3393	190	new	3
4291	3203	3399	196	new	3
4292	3203	3403	200	new	3
4293	3204	3338	134	new	3
4294	3204	3384	180	new	3
4295	3204	3400	196	new	3
4296	3205	3205	0	new	3
4297	3205	3205	0	new	3
4298	3205	3378	173	new	3
4299	3205	3540	335	path	3
4300	3205	3539	334	path	3
4301	3206	3357	151	new	3
4302	3207	3341	134	new	3
4303	3207	3561	354	new	3
4304	3208	3549	341	path	3
4305	3208	3208	0	new	3
4306	3208	3342	134	new	3
4307	3208	3342	134	new	3
4308	3209	3343	134	new	3
4309	3209	3343	134	new	3
4310	3209	3395	186	new	3
4311	3209	3404	195	new	3
4312	3210	3365	155	path	3
4313	3210	3358	148	new	3
4314	3210	3344	134	new	3
4315	3210	3347	137	new	3
4316	3210	3362	152	new	3
4317	3210	3385	175	new	3
4318	3211	3344	133	new	3
4319	3211	3385	174	new	3
4320	3211	3365	154	new	3
4321	3212	3342	130	new	3
4322	3212	3610	398	new	3
4323	3212	3346	134	new	3
4324	3212	3424	212	path	3
4325	3212	3583	371	new	3
4326	3212	3346	134	new	3
4327	3213	3375	162	new	3
4328	3213	3448	235	new	3
4329	3214	3405	191	new	3
4330	3214	3359	145	new	3
4331	3214	3383	169	new	3
4332	3214	3398	184	new	3
4333	3214	3351	137	new	3
4334	3215	3583	368	path	3
4335	3215	3503	288	path	3
4336	3215	3370	155	new	3
4337	3215	3736	521	new	3
4338	3215	3379	164	new	3
4339	3215	3427	212	path	3
4340	3215	3349	134	new	3
4341	3215	3449	234	new	3
4342	3215	3367	152	new	3
4343	3216	3350	134	new	3
4344	3216	3216	0	new	3
4345	3217	3406	189	path	3
4346	3217	3516	299	path	3
4347	3218	3425	207	path	3
4348	3218	3408	190	new	3
4349	3219	3392	173	new	3
4350	3219	3389	170	new	3
4351	3219	3354	135	new	3
4352	3220	3354	134	new	3
4353	3220	3373	153	new	3
4354	3220	3353	133	new	3
4355	3220	3369	149	new	3
4356	3221	3338	117	path	3
4357	3221	3406	185	path	3
4358	3221	3387	166	new	3
4359	3221	3387	166	new	3
4360	3221	3394	173	new	3
4361	3221	3371	150	new	3
4362	3221	3365	144	new	3
4363	3221	3355	134	new	3
4364	3221	3520	299	new	3
4365	3221	3395	174	new	3
4366	3221	3374	153	new	3
4367	3221	3363	142	new	3
4368	3221	3693	472	path	3
4369	3221	3387	166	new	3
4370	3222	3356	134	new	3
4371	3222	3396	174	new	3
4372	3222	3400	178	path	3
4373	3222	3358	136	new	3
4374	3222	3404	182	path	3
4375	3222	3421	199	path	3
4376	3222	3427	205	path	3
4377	3222	3404	182	new	3
4378	3222	3364	142	new	3
4379	3223	3368	145	new	3
4380	3223	3397	174	new	3
4381	3223	3377	154	new	3
4382	3223	3372	149	new	3
4383	3223	3357	134	new	3
4384	3223	3357	134	new	3
4385	3223	3415	192	new	3
4386	3223	3357	134	new	3
4387	3224	3396	172	new	3
4388	3224	3358	134	new	3
4389	3224	3358	134	new	3
4390	3224	3358	134	new	3
4391	3224	3224	0	new	3
4392	3224	3515	291	path	3
4393	3225	3381	156	new	3
4394	3225	3404	179	new	3
4395	3225	3359	134	new	3
4396	3225	3403	178	path	3
4397	3226	3478	252	path	3
4398	3226	3360	134	new	3
4399	3226	3468	242	new	3
4400	3226	3417	191	new	3
4401	3226	3388	162	new	3
4402	3227	3381	154	path	3
4403	3227	3425	198	path	3
4404	3227	3410	183	new	3
4405	3227	3512	285	path	3
4406	3227	3361	134	new	3
4407	3227	3410	183	new	3
4408	3227	3584	357	new	3
4409	3228	3430	202	new	3
4410	3228	3410	182	new	3
4411	3228	3362	134	new	3
4412	3229	3444	215	path	3
4413	3230	3487	257	new	3
4414	3230	3444	214	path	3
4415	3230	3404	174	path	3
4416	3230	3355	125	path	3
4417	3230	3366	136	new	3
4418	3230	3405	175	new	3
4419	3230	-1	-1	censored	3
4420	3230	3366	136	new	3
4421	3231	3365	134	new	3
4422	3231	3365	134	new	3
4423	3232	3382	150	new	3
4424	3232	3379	147	new	3
4425	3232	3366	134	new	3
4426	3233	3916	683	new	3
4427	3233	3369	136	new	3
4428	3233	3376	143	new	3
4429	3234	3520	286	path	3
4430	3234	3363	129	new	3
4431	3234	3370	136	new	3
4432	3234	3394	160	new	3
4433	3234	3382	148	new	3
4434	3235	3369	134	new	3
4435	3235	3448	213	path	3
4436	3235	3378	143	new	3
4437	3235	3378	143	new	3
4438	3235	3378	143	new	3
4439	3236	3514	278	path	3
4440	3237	3599	362	path	3
4441	3237	3371	134	new	3
4442	3237	3371	134	new	3
4443	3237	3603	366	new	3
4444	3238	3503	265	new	3
4445	3238	3238	0	new	3
4446	3239	3382	143	new	3
4447	3239	3391	152	new	3
4448	3240	3382	142	new	3
4449	3240	3435	195	new	3
4450	3240	3399	159	new	3
4451	3241	3386	145	new	3
4452	3241	3398	157	new	3
4453	3241	3372	131	new	3
4454	3241	3384	143	new	3
4455	3241	3385	144	new	3
4456	3242	3433	191	new	3
4457	3242	3376	134	new	3
4458	3243	3392	149	new	3
4459	3244	3400	156	new	3
4460	3244	3445	201	path	3
4461	3245	3245	0	new	3
4462	3245	3404	159	new	3
4463	3246	3418	172	new	3
4464	3246	3444	198	path	3
4465	3246	3374	128	new	3
4466	3246	3380	134	new	3
4467	3247	3577	330	new	3
4468	3247	3381	134	new	3
4469	3247	3376	129	new	3
4470	3248	3389	141	new	3
4471	3249	3413	164	new	3
4472	3249	3503	254	new	3
4473	3249	3384	135	new	3
4474	3249	3384	135	new	3
4475	3249	3413	164	new	3
4476	3251	3386	135	new	3
4477	3252	3505	253	new	3
4478	3254	3388	134	new	3
4479	3255	3389	134	new	3
4480	3256	3498	242	new	3
4481	3257	3387	130	new	3
4482	3258	3494	236	new	3
4483	3258	3392	134	new	3
4484	3261	3506	245	new	3
4485	3261	3395	134	new	3
4486	3263	3534	271	new	3
4487	3264	3449	185	new	3
4488	3264	3400	136	new	3
4489	3264	3405	141	path	3
4490	3265	3408	143	new	3
4491	3266	3454	188	new	3
4492	3266	3560	294	path	3
4493	3267	3540	273	new	3
4494	3268	3402	134	new	3
4495	3268	3506	238	new	3
4496	3269	3420	151	new	3
4497	3269	3403	134	new	3
4498	3271	3539	268	path	3
4499	3273	3506	233	path	3
4500	3274	3440	166	new	3
4501	3274	3274	0	new	3
4502	3275	3560	285	new	3
4503	3285	3419	134	new	3
4504	3288	3421	133	new	3
4505	3296	3443	147	new	3
4506	3306	3489	183	new	3
4507	3309	3445	136	new	3
4508	3309	3491	182	new	3
4509	3314	3462	148	new	3
4510	3315	3473	158	new	3
4511	3316	3735	419	new	3
4512	3318	3512	194	new	3
4513	3318	3452	134	new	3
4514	3319	3468	149	new	3
4515	3319	3466	147	new	3
4516	3320	3454	134	new	3
4517	3320	3597	277	new	3
4518	3320	3479	159	new	3
4519	3321	3463	142	new	3
4520	3321	3471	150	new	3
4521	3321	3454	133	new	3
4522	3323	3525	202	path	3
4523	3324	3510	186	new	3
4524	3325	3617	292	new	3
4525	3325	3613	288	new	3
4526	3326	3558	232	new	3
4527	3328	3524	196	path	3
4528	3328	3472	144	new	3
4529	3329	3466	137	new	3
4530	3330	3490	160	new	3
4531	3331	3506	175	new	3
4532	3332	3466	134	new	3
4533	3332	3468	136	new	3
4534	3333	3466	133	new	3
4535	3333	3508	175	new	3
4536	3334	3481	147	new	3
4537	3336	3538	202	new	3
4538	3337	3608	271	new	3
4539	3338	3523	185	new	3
4540	3340	3514	174	new	3
4541	3343	3528	185	new	3
4542	3344	3514	170	new	3
4543	3345	3502	157	new	3
4544	3346	3575	229	new	3
4545	3351	3588	237	new	3
4546	3352	3583	231	new	3
4547	3352	3529	177	new	3
4548	3353	3519	166	new	3
4549	3353	3487	134	new	3
4550	3354	3505	151	new	3
4551	3355	3488	133	new	3
4552	3355	3524	169	new	3
4553	3356	3498	142	new	3
4554	3356	3490	134	new	3
4555	3356	3496	140	new	3
4556	3357	3538	181	path	3
4557	3358	3733	375	path	3
4558	3359	3494	135	new	3
4559	3360	3582	222	path	3
4560	3360	3520	160	new	3
4561	3361	-1	-1	censored	3
4562	3362	3505	143	new	3
4563	3363	3499	136	new	3
4564	3365	-1	-1	censored	3
4565	3365	3513	148	new	3
4566	3368	3541	173	new	3
4567	3368	3502	134	new	3
4568	3368	3510	142	new	3
4569	3370	3504	134	new	3
4570	3370	3745	375	path	3
4571	3370	3564	194	path	3
4572	3370	3370	0	new	3
4573	3372	3758	386	new	3
4574	3372	3556	184	new	3
4575	3373	3509	136	new	3
4576	3373	3569	196	new	3
4577	3373	3516	143	new	3
4578	3374	3553	179	new	3
4579	3375	3555	180	path	3
4580	3375	3375	0	new	3
4581	3377	3527	150	new	3
4582	3377	3644	267	new	3
4583	3377	3545	168	new	3
4584	3378	3555	177	path	3
4585	3379	3550	171	new	3
4586	3380	3528	148	new	3
4587	3381	3544	163	new	3
4588	3382	3382	0	new	3
4589	3382	3516	134	new	3
4590	3383	3604	221	path	3
4591	3385	3685	300	new	3
4592	3393	3580	187	new	3
4593	3394	3528	134	new	3
4594	3394	3545	151	new	3
4595	3396	3609	213	path	3
4596	3397	3609	212	path	3
4597	3397	3592	195	new	3
4598	3401	3604	203	new	3
4599	3402	3595	193	new	3
4600	3414	3548	134	new	3
4601	3420	3889	469	new	3
4602	3421	3550	129	new	3
4603	3425	3559	134	new	3
4604	3426	3604	178	new	3
4605	3427	3623	196	path	3
4606	3428	3576	148	new	3
4607	3428	3576	148	new	3
4608	3429	3615	186	new	3
4609	3429	3562	133	new	3
4610	3429	3562	133	new	3
4611	3429	3747	318	new	3
4612	3430	3558	128	new	3
4613	3431	3565	134	new	3
4614	3431	3576	145	new	3
4615	3432	3566	134	new	3
4616	3433	3567	134	new	3
4617	3434	3595	161	path	3
4618	3434	3575	141	new	3
4619	3436	3564	128	new	3
4620	3436	3581	145	new	3
4621	3437	3573	136	new	3
4622	3441	3627	186	new	3
4623	3442	3576	134	new	3
4624	3442	3652	210	path	3
4625	3443	3577	134	new	3
4626	3444	3609	165	new	3
4627	3444	3444	0	new	3
4628	3444	3640	196	path	3
4629	3444	3918	474	new	3
4630	3446	3591	145	new	3
4631	3446	3585	139	new	3
4632	3447	3993	546	new	3
4633	3447	3600	153	new	3
4634	3448	3584	136	new	3
4635	3448	3578	130	new	3
4636	3448	3585	137	new	3
4637	3450	3584	134	new	3
4638	3451	3677	226	new	3
4639	3452	3606	154	new	3
4640	3452	3586	134	new	3
4641	3453	3803	350	new	3
4642	3453	3928	475	path	3
4643	3453	3626	173	new	3
4644	3453	3587	134	new	3
4645	3454	3588	134	new	3
4646	3454	3638	184	new	3
4647	3454	3657	203	path	3
4648	3455	3641	186	new	3
4649	3455	3588	133	new	3
4650	3455	3657	202	path	3
4651	3456	3648	192	path	3
4652	3458	3600	142	new	3
4653	3458	3643	185	new	3
4654	3458	3592	134	new	3
4655	3459	3609	150	new	3
4656	3461	3595	134	new	3
4657	3462	3603	141	new	3
4658	3467	-1	-1	censored	3
4659	3479	3724	245	new	3
4660	3483	3715	232	path	3
4661	3489	3791	302	path	3
4662	3494	3697	203	new	3
4663	3496	3682	186	new	3
4664	3500	3500	0	new	3
4665	3501	3702	201	new	3
4666	3502	3714	212	new	3
4667	3522	3676	154	new	3
4668	3523	3686	163	new	3
4669	3533	3796	263	new	3
4670	3537	3716	179	new	3
4671	3537	3726	189	path	3
4672	3538	3917	379	new	3
4673	3538	3716	178	new	3
4674	3540	3817	277	new	3
4675	3545	3933	388	new	3
4676	3546	3918	372	new	3
4677	3547	3734	187	new	3
4678	3547	3940	393	new	3
4679	3547	3909	362	path	3
4680	3548	3721	173	new	3
4681	3551	3823	272	new	3
4682	3552	3688	136	new	3
4683	3554	3708	154	new	3
4684	3556	-1	-1	censored	3
4685	3557	3872	315	new	3
4686	3558	-1	-1	censored	3
4687	3559	3804	245	path	3
4688	3559	3804	245	path	3
4689	3560	3746	186	new	3
4690	3560	3905	345	path	3
4691	3560	3836	276	new	3
4692	3561	3818	257	new	3
4693	3561	3752	191	new	3
4694	3563	3705	142	new	3
4695	3563	3754	191	new	3
4696	3564	3739	175	new	3
4697	3565	3741	176	new	3
4698	3567	3733	166	new	3
4699	3569	3705	136	new	3
4700	3570	3784	214	path	3
4701	3571	3887	316	new	3
4702	3571	3705	134	new	3
4703	3572	3731	159	new	3
4704	3572	-1	-1	censored	3
4705	3572	3726	154	new	3
4706	3572	3572	0	new	3
4707	3572	3777	205	new	3
4708	3573	3737	164	new	3
4709	3574	3800	226	new	3
4710	3574	3734	160	new	3
4711	3574	3719	145	new	3
4712	3574	3814	240	path	3
4713	3575	3718	143	new	3
4714	3575	3721	146	new	3
4715	3575	3716	141	new	3
4716	3575	3721	146	new	3
4717	3575	3764	189	new	3
4718	3575	3721	146	new	3
4719	3575	3782	207	path	3
4720	3577	3705	128	new	3
4721	3577	3784	207	path	3
4722	3577	3711	134	new	3
4723	3577	3706	129	new	3
4724	3578	3885	307	new	3
4725	3578	3883	305	path	3
4726	3578	3714	136	new	3
4727	3578	3714	136	new	3
4728	3578	3712	134	new	3
4729	3578	3883	305	path	3
4730	3578	3952	374	path	3
4731	3579	3812	233	path	3
4732	3579	3713	134	new	3
4733	3581	3841	260	new	3
4734	3582	3762	180	new	3
4735	3582	-1	-1	censored	3
4736	3584	3720	136	new	3
4737	3584	3800	216	path	3
4738	3585	-1	-1	censored	3
4739	3586	3744	158	new	3
4740	3587	3730	143	new	3
4741	3587	3721	134	path	3
4742	3590	3724	134	new	3
4743	3591	-1	-1	censored	3
4744	3592	-1	-1	censored	3
4745	3593	3901	308	new	3
4746	3604	3738	134	new	3
4747	3605	3920	315	new	3
4748	3607	3741	134	new	3
4749	3609	3745	136	new	3
4750	3611	3818	207	new	3
4751	3611	-1	-1	censored	3
4752	3617	3751	134	new	3
4753	3618	-1	-1	censored	3
4754	3618	3766	148	new	3
4755	3620	3800	180	new	3
4756	3621	3758	137	new	3
4757	3644	-1	-1	censored	3
4758	3655	3789	134	new	3
4759	3659	3909	250	new	3
4760	3667	3800	133	new	3
4761	3668	3801	133	new	3
4762	3670	3670	0	new	3
4763	3671	3841	170	new	3
4764	3672	3920	248	path	3
4765	3675	3809	134	new	3
4766	3675	3809	134	new	3
4767	3676	3923	247	new	3
4768	3677	3825	148	new	3
4769	3677	3825	148	new	3
4770	3679	3821	142	new	3
4771	3679	3999	320	new	3
4772	3679	3815	136	new	3
4773	3682	3856	174	new	3
4774	3684	3871	187	new	3
4775	3686	3820	134	new	3
4776	3687	3970	283	new	3
4777	3691	3938	247	new	3
4778	3692	3988	296	path	3
4779	3694	3868	174	new	3
4780	3698	-1	-1	censored	3
4781	3700	3892	192	new	3
4782	3701	-1	-1	censored	3
4783	3701	3874	173	new	3
4784	3701	-1	-1	censored	3
4785	3702	3884	182	new	3
4786	3704	3704	0	new	3
4787	3704	3787	83	path	3
4788	3704	3883	179	new	3
4789	3704	3838	134	new	3
4790	3709	-1	-1	censored	3
4791	3709	3901	192	new	3
4792	3721	3869	148	new	3
4793	3727	3928	201	new	3
4794	3730	3864	134	new	3
4795	3735	-1	-1	censored	3
4796	3736	3870	134	new	3
4797	3743	-1	-1	censored	3
4798	3744	3744	0	new	3
4799	3745	3946	201	path	3
4800	3746	3946	200	path	3
4801	3747	3747	0	new	3
4802	3749	3939	190	path	3
4803	3750	-1	-1	censored	3
4804	3750	-1	-1	censored	3
4805	3761	3944	183	new	3
4806	3763	3896	133	new	3
4807	3765	3765	0	new	3
4808	3765	3935	170	new	3
4809	3779	3914	135	new	3
4810	3785	3968	183	path	3
4811	3789	3941	152	new	3
4812	3789	3918	129	new	3
4813	3791	3975	184	new	3
4814	3792	3977	185	new	3
4815	3793	3954	161	new	3
4816	3793	-1	-1	censored	3
4817	3793	3985	192	new	3
4818	3794	3997	203	new	3
4819	3797	3931	134	new	3
4820	3806	-1	-1	censored	3
4821	3808	3962	154	new	3
4822	3808	-1	-1	censored	3
4823	3808	3997	189	new	3
4824	3809	-1	-1	censored	3
4825	3812	3812	0	new	3
4826	3812	3988	176	new	3
4827	3815	3993	178	new	3
4828	3815	-1	-1	censored	3
4829	3815	3988	173	path	3
4830	3818	-1	-1	censored	3
4831	3818	-1	-1	censored	3
4832	3820	-1	-1	censored	3
4833	3821	-1	-1	censored	3
4834	3822	3956	134	new	3
4835	3823	-1	-1	censored	3
4836	3823	-1	-1	censored	3
4837	3823	-1	-1	censored	3
4838	3824	3957	133	new	3
4839	3824	-1	-1	censored	3
4840	3825	3959	134	new	3
4841	3827	-1	-1	censored	3
4842	3827	-1	-1	censored	3
4843	3828	-1	-1	censored	3
4844	3833	-1	-1	censored	3
4845	3833	-1	-1	censored	3
4846	3845	3978	133	new	3
4847	3850	3984	134	new	3
4848	3854	3990	136	new	3
4849	3855	3989	134	new	3
4850	3855	3989	134	new	3
4851	3855	3989	134	new	3
4852	3858	3992	134	new	3
4853	3858	3992	134	new	3
4854	3859	-1	-1	censored	3
4855	3859	3859	0	new	3
4856	3859	-1	-1	censored	3
4857	3859	-1	-1	censored	3
4858	3859	3993	134	new	3
4859	3860	3860	0	new	3
4860	3860	3993	133	new	3
4861	3861	-1	-1	censored	3
4862	3863	3998	135	new	3
4863	3863	-1	-1	censored	3
4864	3866	-1	-1	censored	3
4865	3866	-1	-1	censored	3
4866	3866	-1	-1	censored	3
4867	3867	-1	-1	censored	3
4868	3869	-1	-1	censored	3
4869	3871	-1	-1	censored	3
4870	3872	-1	-1	censored	3
4871	3873	-1	-1	censored	3
4872	3873	-1	-1	censored	3
4873	3877	-1	-1	censored	3
4874	3879	-1	-1	censored	3
4875	3880	-1	-1	censored	3
4876	3880	-1	-1	censored	3
4877	3880	-1	-1	censored	3
4878	3881	-1	-1	censored	3
4879	3883	-1	-1	censored	3
4880	3884	-1	-1	censored	3
4881	3884	-1	-1	censored	3
4882	3885	-1	-1	censored	3
4883	3885	3885	0	new	3
4884	3885	-1	-1	censored	3
4885	3886	-1	-1	censored	3
4886	3886	-1	-1	censored	3
4887	3886	-1	-1	censored	3
4888	3886	-1	-1	censored	3
4889	3886	-1	-1	censored	3
4890	3886	-1	-1	censored	3
4891	3887	-1	-1	censored	3
4892	3889	-1	-1	censored	3
4893	3890	-1	-1	censored	3
4894	3890	-1	-1	censored	3
4895	3891	-1	-1	censored	3
4896	3891	-1	-1	censored	3
4897	3894	-1	-1	censored	3
4898	3894	-1	-1	censored	3
4899	3894	-1	-1	censored	3
4900	3895	-1	-1	censored	3
4901	3895	-1	-1	censored	3
4902	3896	-1	-1	censored	3
4903	3898	-1	-1	censored	3
4904	3908	-1	-1	censored	3
4905	3923	3923	0	new	3
4906	3924	-1	-1	censored	3
4907	3924	-1	-1	censored	3
4908	3924	-1	-1	censored	3
4909	3926	-1	-1	censored	3
4910	3928	-1	-1	censored	3
4911	3930	-1	-1	censored	3
4912	3932	-1	-1	censored	3
4913	3933	-1	-1	censored	3
4914	3936	-1	-1	censored	3
4915	3939	-1	-1	censored	3
4916	3939	-1	-1	censored	3
4917	3965	-1	-1	censored	3
4918	3971	-1	-1	censored	3
4919	3972	-1	-1	censored	3
4920	3973	-1	-1	censored	3
4921	3975	3975	0	new	3
4922	3975	-1	-1	censored	3
4923	3976	-1	-1	censored	3
4924	3977	-1	-1	censored	3
4925	3977	-1	-1	censored	3
4926	3977	3977	0	new	3
4927	3978	-1	-1	censored	3
4928	3978	3978	0	new	3
4929	3978	-1	-1	censored	3
4930	3978	-1	-1	censored	3
4931	3979	-1	-1	censored	3
4932	3979	-1	-1	censored	3
4933	3980	-1	-1	censored	3
4934	3980	-1	-1	censored	3
4935	3981	-1	-1	censored	3
4936	3982	-1	-1	censored	3
4937	3983	-1	-1	censored	3
