cycle_id	birth	death	lifetime	died_by	len
0	4	466	462	new	3
1	6	283	277	new	3
2	9	586	577	path	3
3	9	586	577	path	3
4	10	370	360	new	3
5	10	466	456	path	3
6	11	309	298	new	3
7	11	442	431	new	3
8	11	413	402	new	3
9	12	375	363	new	3
10	12	438	426	new	3
11	12	283	271	path	3
12	13	274	261	new	3
13	14	405	391	new	3
14	14	488	474	new	3
15	16	260	244	new	3
16	16	309	293	new	3
17	16	300	284	new	3
18	17	274	257	path	3
19	18	478	460	new	3
20	20	409	389	new	3
21	20	481	461	new	3
22	21	376	355	new	3
23	24	444	420	new	3
24	24	421	397	new	3
25	24	289	265	new	3
26	26	209	183	new	3
27	29	214	185	new	3
28	29	466	437	path	3
29	32	539	507	new	3
30	32	354	322	new	3
31	34	405	371	new	3
32	34	340	306	new	3
33	35	413	378	path	3
34	35	386	351	new	3
35	38	328	290	new	3
36	38	243	205	new	3
37	43	283	240	path	3
38	43	289	246	new	3
39	45	355	310	new	3
40	45	178	133	new	3
41	45	248	203	new	3
42	46	586	540	path	3
43	49	375	326	path	3
44	50	300	250	path	3
45	50	505	455	new	3
46	50	364	314	new	3
47	51	379	328	new	3
48	51	518	467	new	3
49	51	253	202	new	3
50	51	267	216	path	3
51	51	283	232	path	3
52	53	697	644	path	3
53	53	386	333	path	3
54	53	267	214	new	3
55	54	211	157	new	3
56	54	349	295	new	3
57	54	323	269	new	3
58	55	255	200	new	3
59	56	557	501	path	3
60	56	382	326	new	3
61	59	360	301	path	3
62	61	216	155	new	3
63	61	297	236	new	3
64	63	197	134	new	3
65	64	376	312	path	3
66	64	456	392	new	3
67	64	289	225	path	3
68	64	333	269	new	3
69	64	405	341	path	3
70	65	227	162	new	3
71	66	394	328	new	3
72	68	274	206	path	3
73	70	348	278	new	3
74	70	217	147	new	3
75	70	253	183	new	3
76	70	203	133	new	3
77	72	252	180	new	3
78	72	219	147	new	3
79	73	295	222	new	3
80	73	466	393	path	3
81	73	398	325	path	3
82	74	259	185	new	3
83	75	395	320	new	3
84	75	554	479	new	3
85	79	379	300	path	3
86	79	215	136	new	3
87	79	396	317	path	3
88	79	376	297	path	3
89	79	268	189	new	3
90	80	638	558	new	3
91	80	248	168	path	3
92	80	213	133	new	3
93	81	237	156	new	3
94	81	333	252	new	3
95	81	317	236	new	3
96	81	297	216	path	3
97	81	268	187	new	3
98	81	228	147	new	3
99	81	268	187	new	3
100	81	247	166	new	3
101	82	245	163	new	3
102	82	349	267	path	3
103	82	289	207	new	3
104	82	538	456	new	3
105	83	444	361	path	3
106	85	340	255	path	3
107	85	593	508	path	3
108	85	395	310	path	3
109	85	325	240	new	3
110	89	222	133	new	3
111	89	328	239	new	3
112	90	271	181	new	3
113	90	303	213	new	3
114	91	309	218	path	3
115	94	340	246	path	3
116	94	253	159	path	3
117	95	376	281	path	3
118	96	315	219	new	3
119	98	697	599	path	3
120	99	233	134	new	3
121	101	232	131	new	3
122	101	396	295	path	3
123	101	408	307	path	3
124	102	323	221	path	3
125	102	396	294	path	3
126	102	388	286	new	3
127	103	375	272	path	3
128	104	459	355	path	3
129	105	413	308	path	3
130	106	266	160	new	3
131	107	415	308	new	3
132	107	328	221	path	3
133	109	289	180	path	3
134	109	257	148	new	3
135	109	503	394	path	3
136	109	855	746	new	3
137	111	265	154	new	3
138	114	248	134	new	3
139	116	375	259	path	3
140	116	250	134	new	3
141	116	405	289	path	3
142	118	323	205	new	3
143	118	306	188	path	3
144	119	374	255	new	3
145	120	629	509	new	3
146	120	254	134	new	3
147	120	394	274	path	3
148	120	375	255	path	3
149	120	388	268	path	3
150	122	503	381	path	3
151	122	255	133	new	3
152	122	253	131	new	3
153	122	328	206	path	3
154	123	529	406	new	3
155	123	268	145	new	3
156	123	565	442	new	3
157	124	661	537	new	3
158	124	355	231	path	3
159	126	308	182	new	3
160	130	288	158	new	3
161	131	267	136	new	3
162	131	398	267	new	3
163	136	328	192	new	3
164	137	484	347	new	3
165	139	539	400	new	3
166	139	405	266	path	3
167	142	385	243	new	3
168	147	402	255	new	3
169	148	330	182	new	3
170	148	557	409	path	3
171	149	493	344	path	3
172	150	365	215	new	3
173	154	335	181	new	3
174	155	289	134	new	3
175	159	293	134	new	3
176	160	294	134	new	3
177	161	386	225	path	3
178	165	482	317	new	3
179	165	399	234	new	3
180	166	366	200	new	3
181	167	467	300	new	3
182	167	300	133	new	3
183	168	724	556	new	3
184	172	445	273	path	3
185	172	395	223	new	3
186	173	500	327	new	3
187	173	481	308	path	3
188	173	580	407	path	3
189	174	384	210	new	3
190	174	319	145	new	3
191	176	398	222	new	3
192	176	479	303	path	3
193	176	308	132	new	3
194	177	366	189	path	3
195	177	456	279	path	3
196	177	466	289	path	3
197	177	402	225	new	3
198	177	448	271	new	3
199	178	811	633	new	3
200	178	365	187	new	3
201	179	518	339	path	3
202	180	487	307	new	3
203	180	545	365	new	3
204	180	386	206	new	3
205	181	416	235	new	3
206	182	385	203	new	3
207	182	735	553	new	3
208	182	353	171	new	3
209	182	392	210	new	3
210	183	364	181	path	3
211	183	330	147	new	3
212	184	321	137	new	3
213	184	360	176	new	3
214	185	386	201	path	3
215	185	388	203	path	3
216	185	321	136	new	3
217	185	590	405	new	3
218	185	343	158	new	3
219	185	376	191	new	3
220	186	497	311	new	3
221	187	339	152	new	3
222	187	321	134	new	3
223	187	473	286	new	3
224	187	398	211	new	3
225	188	522	334	path	3
226	188	400	212	new	3
227	188	331	143	new	3
228	189	610	421	new	3
229	189	323	134	new	3
230	189	413	224	path	3
231	189	466	277	new	3
232	190	500	310	path	3
233	190	492	302	new	3
234	190	365	175	new	3
235	190	629	439	path	3
236	190	479	289	path	3
237	190	324	134	new	3
238	190	369	179	new	3
239	191	470	279	new	3
240	192	473	281	new	3
241	192	407	215	new	3
242	192	481	289	path	3
243	193	324	131	new	3
244	193	538	345	new	3
245	195	466	271	path	3
246	195	329	134	new	3
247	195	482	287	new	3
248	196	510	314	new	3
249	197	488	291	path	3
250	197	464	267	new	3
251	197	412	215	new	3
252	198	369	171	new	3
253	200	638	438	path	3
254	202	368	166	new	3
255	203	469	266	path	3
256	204	392	188	new	3
257	204	394	190	path	3
258	204	385	181	new	3
259	205	623	418	path	3
260	209	399	190	path	3
261	214	584	370	path	3
262	217	448	231	new	3
263	217	350	133	new	3
264	220	795	575	new	3
265	224	685	461	new	3
266	224	402	178	path	3
267	225	565	340	path	3
268	225	565	340	path	3
269	226	412	186	new	3
270	226	580	354	path	3
271	227	506	279	new	3
272	227	394	167	new	3
273	228	394	166	new	3
274	228	458	230	path	3
275	229	407	178	path	3
276	229	482	253	new	3
277	229	470	241	new	3
278	229	365	136	new	3
279	230	358	128	new	3
280	231	573	342	path	3
281	233	392	159	path	3
282	234	529	295	path	3
283	235	367	132	new	3
284	235	369	134	new	3
285	236	498	262	new	3
286	237	533	296	path	3
287	238	434	196	new	3
288	238	565	327	path	3
289	239	453	214	new	3
290	239	555	316	new	3
291	239	610	371	new	3
292	240	410	170	new	3
293	241	388	147	new	3
294	246	636	390	path	3
295	247	442	195	path	3
296	249	545	296	new	3
297	250	393	143	new	3
298	251	500	249	new	3
299	251	383	132	new	3
300	251	468	217	new	3
301	251	437	186	new	3
302	252	522	270	new	3
303	252	479	227	new	3
304	253	550	297	new	3
305	253	630	377	path	3
306	254	584	330	path	3
307	255	471	216	new	3
308	259	459	200	path	3
309	259	416	157	new	3
310	262	557	295	path	3
311	263	584	321	path	3
312	264	647	383	path	3
313	266	511	245	new	3
314	271	448	177	new	3
315	271	585	314	new	3
316	271	461	190	new	3
317	271	503	232	path	3
318	271	626	355	new	3
319	272	565	293	new	3
320	272	456	184	path	3
321	275	508	233	new	3
322	275	472	197	new	3
323	275	479	204	path	3
324	276	511	235	path	3
325	276	476	200	new	3
326	277	489	212	path	3
327	277	466	189	path	3
328	278	490	212	new	3
329	278	492	214	path	3
330	278	495	217	new	3
331	279	726	447	path	3
332	280	280	0	new	3
333	281	547	266	new	3
334	281	653	372	path	3
335	283	827	544	new	3
336	283	498	215	new	3
337	285	419	134	new	3
338	289	490	201	new	3
339	292	460	168	new	3
340	292	558	266	path	3
341	298	635	337	new	3
342	304	559	255	new	3
343	304	479	175	path	3
344	306	558	252	new	3
345	307	497	190	new	3
346	307	559	252	path	3
347	308	503	195	new	3
348	309	495	186	new	3
349	310	589	279	path	3
350	313	591	278	new	3
351	313	590	277	path	3
352	315	532	217	path	3
353	318	489	171	path	3
354	319	660	341	path	3
355	319	519	200	path	3
356	319	459	140	new	3
357	323	485	162	new	3
358	323	533	210	new	3
359	323	742	419	new	3
360	323	457	134	new	3
361	323	473	150	new	3
362	323	649	326	new	3
363	323	485	162	new	3
364	323	539	216	new	3
365	323	576	253	new	3
366	324	468	144	new	3
367	325	471	146	new	3
368	325	540	215	path	3
369	325	574	249	path	3
370	326	538	212	new	3
371	326	511	185	new	3
372	326	497	171	new	3
373	326	550	224	path	3
374	327	509	182	path	3
375	327	547	220	new	3
376	327	689	362	new	3
377	327	562	235	path	3
378	328	539	211	new	3
379	328	462	134	new	3
380	328	498	170	new	3
381	329	550	221	new	3
382	329	545	216	path	3
383	330	541	211	new	3
384	330	590	260	new	3
385	330	477	147	new	3
386	330	655	325	new	3
387	331	545	214	path	3
388	331	509	178	new	3
389	331	509	178	new	3
390	332	569	237	new	3
391	333	679	346	new	3
392	333	788	455	new	3
393	333	675	342	new	3
394	333	467	134	new	3
395	334	609	275	new	3
396	334	480	146	new	3
397	334	490	156	new	3
398	334	519	185	path	3
399	334	723	389	path	3
400	335	562	227	new	3
401	335	554	219	new	3
402	335	551	216	new	3
403	335	532	197	path	3
404	336	573	237	new	3
405	336	506	170	new	3
406	336	470	134	new	3
407	336	496	160	new	3
408	336	496	160	new	3
409	336	513	177	new	3
410	336	557	221	path	3
411	336	486	150	new	3
412	336	513	177	new	3
413	337	735	398	path	3
414	337	471	134	new	3
415	337	473	136	new	3
416	338	626	288	new	3
417	338	505	167	new	3
418	339	486	147	new	3
419	339	513	174	new	3
420	339	519	180	new	3
421	339	475	136	new	3
422	339	645	306	path	3
423	339	571	232	new	3
424	339	513	174	new	3
425	339	499	160	new	3
426	339	539	200	path	3
427	340	516	176	new	3
428	340	500	160	path	3
429	340	498	158	new	3
430	340	602	262	path	3
431	342	642	300	new	3
432	342	664	322	new	3
433	342	570	228	path	3
434	342	565	223	path	3
435	342	520	178	new	3
436	342	472	130	new	3
437	342	476	134	new	3
438	342	530	188	new	3
439	343	499	156	new	3
440	343	645	302	path	3
441	343	494	151	new	3
442	343	507	164	new	3
443	343	602	259	path	3
444	344	478	134	new	3
445	344	560	216	new	3
446	344	520	176	new	3
447	346	502	156	new	3
448	346	561	215	new	3
449	347	506	159	path	3
450	347	562	215	new	3
451	348	512	164	new	3
452	348	482	134	new	3
453	348	481	133	new	3
454	348	484	136	new	3
455	348	676	328	new	3
456	348	482	134	new	3
457	349	649	300	path	3
458	350	492	142	new	3
459	351	539	188	path	3
460	351	576	225	new	3
461	351	555	204	path	3
462	351	723	372	new	3
463	352	585	233	path	3
464	352	486	134	new	3
465	352	543	191	new	3
466	352	593	241	new	3
467	352	705	353	path	3
468	352	522	170	new	3
469	353	486	133	new	3
470	353	549	196	new	3
471	353	487	134	new	3
472	353	614	261	new	3
473	353	557	204	path	3
474	353	500	147	new	3
475	353	503	150	new	3
476	354	557	203	path	3
477	354	488	134	new	3
478	354	544	190	path	3
479	354	569	215	new	3
480	354	633	279	path	3
481	354	551	197	path	3
482	355	488	133	new	3
483	355	517	162	new	3
484	355	489	134	new	3
485	356	489	133	new	3
486	356	649	293	path	3
487	356	695	339	path	3
488	357	557	200	new	3
489	357	538	181	new	3
490	357	489	132	new	3
491	357	572	215	new	3
492	357	566	209	new	3
493	357	504	147	new	3
494	357	673	316	new	3
495	357	491	134	new	3
496	357	535	178	new	3
497	358	539	181	new	3
498	359	492	133	new	3
499	359	574	215	new	3
500	359	493	134	new	3
501	360	497	137	new	3
502	360	626	266	path	3
503	361	588	227	path	3
504	361	565	204	path	3
505	361	514	153	new	3
506	361	525	164	new	3
507	361	495	134	new	3
508	362	553	191	path	3
509	363	636	273	new	3
510	363	684	321	new	3
511	363	584	221	new	3
512	363	497	134	new	3
513	363	499	136	new	3
514	363	493	130	new	3
515	364	558	194	path	3
516	364	571	207	path	3
517	364	606	242	path	3
518	365	806	441	new	3
519	365	643	278	new	3
520	365	802	437	new	3
521	366	500	134	new	3
522	366	503	137	new	3
523	366	557	191	path	3
524	367	610	243	path	3
525	367	522	155	new	3
526	367	608	241	new	3
527	368	604	236	new	3
528	369	667	298	new	3
529	370	835	465	path	3
530	370	513	143	path	3
531	370	586	216	new	3
532	371	610	239	path	3
533	372	565	193	path	3
534	373	576	203	path	3
535	373	625	252	new	3
536	373	565	192	path	3
537	373	509	136	new	3
538	373	608	235	new	3
539	373	532	159	new	3
540	374	509	135	path	3
541	375	757	382	new	3
542	375	591	216	path	3
543	376	558	182	path	3
544	377	773	396	new	3
545	377	593	216	new	3
546	378	579	201	path	3
547	379	515	136	new	3
548	379	654	275	new	3
549	379	516	137	new	3
550	380	576	196	path	3
551	381	550	169	path	3
552	382	518	136	new	3
553	383	547	164	new	3
554	384	651	267	new	3
555	384	551	167	new	3
556	384	622	238	path	3
557	384	847	463	new	3
558	385	649	264	path	3
559	386	520	134	new	3
560	386	602	216	new	3
561	386	585	199	new	3
562	386	949	563	path	3
563	387	549	162	new	3
564	387	623	236	new	3
565	387	578	191	new	3
566	387	649	262	new	3
567	388	561	173	path	3
568	388	731	343	new	3
569	388	572	184	new	3
570	388	555	167	path	3
571	388	643	255	path	3
572	389	652	263	new	3
573	395	692	297	new	3
574	397	620	223	new	3
575	402	593	191	path	3
576	403	726	323	path	3
577	406	599	193	new	3
578	407	407	0	new	3
579	407	854	447	new	3
580	408	663	255	new	3
581	408	554	146	path	3
582	408	583	175	new	3
583	409	605	196	new	3
584	409	622	213	new	3
585	410	544	134	new	3
586	411	654	243	new	3
587	411	569	158	path	3
588	411	869	458	new	3
589	411	611	200	new	3
590	412	546	134	new	3
591	413	891	478	new	3
592	413	617	204	path	3
593	413	547	134	new	3
594	414	608	194	path	3
595	416	577	161	new	3
596	416	796	380	new	3
597	416	613	197	new	3
598	417	669	252	new	3
599	419	588	169	new	3
600	421	616	195	new	3
601	421	593	172	new	3
602	421	635	214	path	3
603	421	793	372	path	3
604	421	591	170	new	3
605	421	651	230	path	3
606	421	740	319	new	3
607	421	657	236	new	3
608	423	600	177	new	3
609	423	590	167	new	3
610	424	695	271	new	3
611	424	800	376	new	3
612	425	559	134	new	3
613	425	585	160	new	3
614	425	593	168	new	3
615	426	633	207	new	3
616	426	684	258	path	3
617	427	602	175	new	3
618	427	647	220	path	3
619	427	623	196	path	3
620	427	561	134	new	3
621	428	576	148	new	3
622	428	630	202	new	3
623	428	626	198	new	3
624	429	661	232	path	3
625	429	657	228	new	3
626	430	748	318	new	3
627	430	733	303	new	3
628	430	710	280	new	3
629	431	690	259	path	3
630	431	625	194	new	3
631	431	564	133	new	3
632	431	585	154	new	3
633	432	605	173	new	3
634	432	623	191	new	3
635	432	756	324	new	3
636	433	661	228	path	3
637	434	610	176	path	3
638	435	660	225	new	3
639	436	572	136	new	3
640	436	626	190	new	3
641	437	652	215	new	3
642	437	638	201	new	3
643	437	636	199	path	3
644	438	784	346	new	3
645	439	660	221	new	3
646	439	600	161	new	3
647	439	585	146	new	3
648	439	649	210	new	3
649	440	574	134	new	3
650	440	628	188	new	3
651	440	592	152	new	3
652	441	633	192	path	3
653	441	655	214	new	3
654	441	930	489	new	3
655	441	626	185	path	3
656	441	620	179	new	3
657	442	691	249	path	3
658	442	667	225	path	3
659	443	783	340	new	3
660	443	649	206	new	3
661	443	579	136	new	3
662	443	649	206	new	3
663	443	587	144	new	3
664	444	596	152	new	3
665	445	819	374	new	3
666	445	581	136	new	3
667	445	639	194	new	3
668	446	806	360	new	3
669	446	690	244	new	3
670	447	792	345	new	3
671	447	806	359	new	3
672	447	725	278	path	3
673	448	581	133	new	3
674	448	582	134	new	3
675	448	608	160	path	3
676	448	621	173	new	3
677	449	811	362	path	3
678	450	836	386	new	3
679	450	836	386	path	3
680	450	620	170	new	3
681	450	586	136	new	3
682	450	763	313	path	3
683	451	654	203	new	3
684	451	901	450	path	3
685	451	624	173	new	3
686	452	680	228	new	3
687	453	663	210	path	3
688	453	587	134	new	3
689	453	654	201	path	3
690	454	668	214	new	3
691	454	653	199	new	3
692	454	688	234	new	3
693	456	585	129	new	3
694	456	662	206	new	3
695	457	692	235	path	3
696	458	638	180	new	3
697	458	673	215	path	3
698	458	594	136	new	3
699	458	628	170	new	3
700	458	592	134	new	3
701	459	617	158	new	3
702	459	616	157	new	3
703	459	615	156	new	3
704	460	893	433	new	3
705	460	714	254	path	3
706	460	666	206	new	3
707	460	604	144	new	3
708	460	714	254	path	3
709	461	688	227	new	3
710	461	626	165	new	3
711	461	595	134	new	3
712	461	676	215	new	3
713	461	613	152	new	3
714	461	651	190	new	3
715	461	616	155	new	3
716	461	614	153	new	3
717	462	737	275	new	3
718	462	824	362	new	3
719	462	656	194	new	3
720	463	654	191	path	3
721	463	723	260	path	3
722	463	659	196	new	3
723	463	631	168	new	3
724	463	617	154	new	3
725	463	596	133	new	3
726	464	750	286	path	3
727	464	598	134	new	3
728	464	847	383	path	3
729	465	750	285	path	3
730	465	654	189	path	3
731	465	639	174	new	3
732	466	598	132	new	3
733	467	673	206	new	3
734	467	684	217	path	3
735	469	920	451	new	3
736	469	610	141	new	3
737	469	796	327	new	3
738	470	603	133	new	3
739	470	617	147	new	3
740	470	604	134	new	3
741	470	837	367	new	3
742	471	623	152	new	3
743	471	601	130	new	3
744	471	706	235	path	3
745	471	605	134	new	3
746	471	809	338	new	3
747	471	689	218	path	3
748	472	691	219	path	3
749	472	606	134	new	3
750	473	667	194	new	3
751	473	670	197	new	3
752	473	631	158	new	3
753	473	645	172	new	3
754	474	705	231	path	3
755	474	688	214	new	3
756	474	608	134	new	3
757	474	756	282	new	3
758	474	867	393	new	3
759	475	668	193	new	3
760	475	603	128	new	3
761	475	821	346	new	3
762	475	650	175	new	3
763	476	690	214	new	3
764	476	675	199	path	3
765	477	709	232	new	3
766	477	691	214	new	3
767	477	714	237	path	3
768	478	612	134	new	3
769	478	869	391	new	3
770	478	651	173	new	3
771	479	626	147	new	3
772	479	659	180	new	3
773	480	612	132	new	3
774	481	715	234	path	3
775	481	814	333	new	3
776	481	686	205	path	3
777	481	656	175	new	3
778	482	615	133	new	3
779	483	742	259	path	3
780	484	670	186	new	3
781	484	660	176	new	3
782	484	784	300	new	3
783	486	778	292	path	3
784	486	632	146	new	3
785	487	951	464	path	3
786	487	720	233	new	3
787	488	648	160	new	3
788	488	720	232	new	3
789	489	680	191	path	3
790	489	649	160	path	3
791	490	693	203	new	3
792	490	706	216	path	3
793	490	623	133	new	3
794	491	623	132	new	3
795	492	707	215	path	3
796	492	705	213	new	3
797	492	761	269	new	3
798	492	672	180	new	3
799	493	668	175	new	3
800	494	729	235	path	3
801	494	878	384	path	3
802	495	666	171	path	3
803	495	649	154	new	3
804	495	744	249	path	3
805	495	1275	780	path	3
806	496	709	213	new	3
807	496	648	152	new	3
808	496	709	213	new	3
809	497	766	269	path	3
810	497	804	307	path	3
811	497	641	144	new	3
812	498	709	211	path	3
813	498	671	173	new	3
814	498	632	134	new	3
815	498	735	237	new	3
816	498	650	152	new	3
817	499	688	189	new	3
818	499	728	229	path	3
819	500	902	402	new	3
820	500	648	148	new	3
821	500	667	167	new	3
822	501	667	166	path	3
823	501	667	166	path	3
824	501	635	134	new	3
825	501	681	180	new	3
826	501	637	136	new	3
827	501	714	213	new	3
828	502	644	142	new	3
829	502	662	160	path	3
830	503	651	148	new	3
831	503	691	188	new	3
832	503	700	197	new	3
833	503	788	285	path	3
834	503	778	275	new	3
835	503	971	468	new	3
836	504	638	134	new	3
837	504	795	291	path	3
838	504	791	287	new	3
839	504	695	191	path	3
840	505	835	330	path	3
841	505	782	277	new	3
842	506	640	134	new	3
843	506	669	163	new	3
844	506	698	192	new	3
845	507	641	134	new	3
846	509	717	208	new	3
847	509	705	196	new	3
848	509	709	200	path	3
849	509	783	274	path	3
850	510	843	333	new	3
851	511	724	213	new	3
852	511	645	134	new	3
853	512	814	302	new	3
854	512	857	345	new	3
855	513	693	180	path	3
856	513	647	134	new	3
857	513	695	182	path	3
858	513	757	244	path	3
859	513	695	182	path	3
860	513	880	367	path	3
861	514	725	211	new	3
862	514	650	136	new	3
863	514	717	203	new	3
864	514	721	207	new	3
865	514	714	200	new	3
866	515	727	212	new	3
867	515	695	180	path	3
868	515	756	241	new	3
869	515	720	205	path	3
870	517	729	212	new	3
871	517	1292	775	new	3
872	517	651	134	new	3
873	518	775	257	new	3
874	518	654	136	new	3
875	518	693	175	path	3
876	518	652	134	new	3
877	519	731	212	new	3
878	519	766	247	new	3
879	519	696	177	new	3
880	519	652	133	new	3
881	519	721	202	new	3
882	520	702	182	new	3
883	520	721	201	new	3
884	520	713	193	new	3
885	521	854	333	path	3
886	521	655	134	new	3
887	521	756	235	new	3
888	521	682	161	new	3
889	522	661	139	new	3
890	522	734	212	new	3
891	522	656	134	new	3
892	523	820	297	new	3
893	524	720	196	new	3
894	526	705	179	path	3
895	527	661	134	new	3
896	527	775	248	new	3
897	528	853	325	path	3
898	528	705	177	path	3
899	528	715	187	new	3
900	529	763	234	path	3
901	530	664	134	new	3
902	530	706	176	new	3
903	531	671	140	path	3
904	532	715	183	new	3
905	532	680	148	new	3
906	533	717	184	new	3
907	534	733	199	new	3
908	534	777	243	new	3
909	534	728	194	new	3
910	535	707	172	new	3
911	535	721	186	path	3
912	536	707	171	new	3
913	540	696	156	new	3
914	542	860	318	new	3
915	542	716	174	new	3
916	544	729	185	new	3
917	545	872	327	path	3
918	545	708	163	new	3
919	545	740	195	new	3
920	545	747	202	new	3
921	546	1070	524	new	3
922	547	864	317	new	3
923	548	758	210	new	3
924	548	788	240	path	3
925	548	827	279	path	3
926	550	728	178	new	3
927	550	841	291	new	3
928	551	685	134	new	3
929	551	704	153	new	3
930	551	754	203	new	3
931	553	819	266	new	3
932	559	728	169	new	3
933	564	885	321	path	3
934	566	799	233	new	3
935	566	809	243	new	3
936	566	855	289	path	3
937	567	853	286	path	3
938	568	702	134	new	3
939	569	803	234	new	3
940	569	763	194	path	3
941	569	747	178	new	3
942	570	851	281	path	3
943	570	754	184	new	3
944	572	1020	448	new	3
945	572	755	183	new	3
946	573	992	419	new	3
947	574	802	228	new	3
948	575	575	0	new	3
949	575	1023	448	new	3
950	576	802	226	new	3
951	576	712	136	new	3
952	577	817	240	new	3
953	579	715	136	new	3
954	579	712	133	new	3
955	580	722	142	new	3
956	581	753	172	new	3
957	581	752	171	new	3
958	581	833	252	new	3
959	581	791	210	new	3
960	582	582	0	new	3
961	583	754	171	new	3
962	585	785	200	new	3
963	585	719	134	new	3
964	585	785	200	new	3
965	586	718	132	new	3
966	586	799	213	path	3
967	587	800	213	path	3
968	589	828	239	new	3
969	590	724	134	new	3
970	590	792	202	path	3
971	590	872	282	new	3
972	591	736	145	new	3
973	591	858	267	path	3
974	592	726	134	new	3
975	593	883	290	new	3
976	594	727	133	new	3
977	594	728	134	new	3
978	594	837	243	new	3
979	594	775	181	new	3
980	594	911	317	new	3
981	594	594	0	new	3
982	595	780	185	path	3
983	595	775	180	new	3
984	595	1062	467	new	3
985	595	595	0	new	3
986	596	824	228	new	3
987	596	761	165	new	3
988	596	777	181	new	3
989	596	732	136	new	3
990	596	850	254	path	3
991	597	799	202	new	3
992	597	817	220	new	3
993	597	730	133	new	3
994	597	731	134	new	3
995	598	814	216	path	3
996	598	598	0	new	3
997	598	820	222	new	3
998	599	599	0	new	3
999	599	733	134	new	3
1000	601	735	134	new	3
1001	602	784	182	new	3
1002	602	877	275	new	3
1003	602	804	202	path	3
1004	603	745	142	new	3
1005	603	761	158	new	3
1006	603	790	187	new	3
1007	604	761	157	path	3
1008	604	932	328	new	3
1009	604	809	205	path	3
1010	604	738	134	new	3
1011	604	738	134	new	3
1012	606	812	206	new	3
1013	606	778	172	new	3
1014	606	740	134	new	3
1015	607	1063	456	new	3
1016	607	741	134	new	3
1017	608	784	176	new	3
1018	608	837	229	path	3
1019	609	836	227	path	3
1020	610	812	202	new	3
1021	610	837	227	path	3
1022	610	972	362	path	3
1023	610	800	190	path	3
1024	611	837	226	path	3
1025	611	798	187	new	3
1026	611	784	173	new	3
1027	611	926	315	new	3
1028	611	759	148	new	3
1029	611	792	181	new	3
1030	612	741	129	new	3
1031	612	755	143	new	3
1032	612	746	134	new	3
1033	613	804	191	new	3
1034	613	803	190	new	3
1035	614	821	207	new	3
1036	614	1060	446	path	3
1037	614	903	289	new	3
1038	614	827	213	path	3
1039	614	814	200	path	3
1040	614	779	165	path	3
1041	615	776	161	new	3
1042	615	797	182	new	3
1043	616	778	162	path	3
1044	616	1321	705	new	3
1045	616	812	196	new	3
1046	616	784	168	path	3
1047	616	783	167	new	3
1048	616	822	206	new	3
1049	617	846	229	new	3
1050	618	752	134	new	3
1051	618	853	235	new	3
1052	618	751	133	new	3
1053	619	829	210	new	3
1054	619	826	207	new	3
1055	619	766	147	new	3
1056	619	761	142	new	3
1057	620	891	271	new	3
1058	620	852	232	path	3
1059	621	810	189	new	3
1060	621	753	132	new	3
1061	622	799	177	new	3
1062	622	863	241	path	3
1063	622	799	177	new	3
1064	622	832	210	new	3
1065	623	790	167	new	3
1066	624	843	219	new	3
1067	624	624	0	new	3
1068	624	758	134	new	3
1069	625	773	148	new	3
1070	626	795	169	new	3
1071	626	835	209	new	3
1072	626	823	197	new	3
1073	628	800	172	new	3
1074	629	765	136	new	3
1075	630	960	330	path	3
1076	631	776	145	new	3
1077	631	789	158	new	3
1078	631	776	145	new	3
1079	632	788	156	new	3
1080	632	768	136	new	3
1081	632	813	181	new	3
1082	632	902	270	new	3
1083	633	797	164	new	3
1084	633	780	147	new	3
1085	633	776	143	new	3
1086	634	802	168	new	3
1087	634	774	140	new	3
1088	634	781	147	new	3
1089	634	768	134	new	3
1090	634	864	230	path	3
1091	636	795	159	new	3
1092	636	636	0	new	3
1093	637	978	341	new	3
1094	638	798	160	new	3
1095	638	786	148	new	3
1096	639	847	208	new	3
1097	640	791	151	new	3
1098	640	974	334	new	3
1099	640	794	154	new	3
1100	640	955	315	path	3
1101	641	855	214	new	3
1102	641	793	152	new	3
1103	642	820	178	new	3
1104	642	977	335	path	3
1105	642	792	150	new	3
1106	642	789	147	new	3
1107	643	822	179	new	3
1108	643	777	134	new	3
1109	643	837	194	new	3
1110	643	805	162	path	3
1111	644	879	235	new	3
1112	644	798	154	new	3
1113	645	806	161	new	3
1114	645	836	191	path	3
1115	645	812	167	new	3
1116	645	854	209	path	3
1117	645	810	165	new	3
1118	645	852	207	path	3
1119	647	816	169	new	3
1120	648	779	131	new	3
1121	648	814	166	new	3
1122	648	1066	418	new	3
1123	649	938	289	new	3
1124	649	917	268	new	3
1125	649	775	126	path	3
1126	649	951	302	new	3
1127	650	852	202	path	3
1128	650	823	173	new	3
1129	650	1004	354	path	3
1130	650	845	195	path	3
1131	650	804	154	new	3
1132	651	866	215	path	3
1133	651	1018	367	path	3
1134	651	867	216	path	3
1135	651	866	215	path	3
1136	651	872	221	path	3
1137	651	855	204	new	3
1138	652	781	129	new	3
1139	652	909	257	new	3
1140	652	869	217	path	3
1141	652	845	193	new	3
1142	652	826	174	new	3
1143	652	827	175	path	3
1144	652	799	147	new	3
1145	652	817	165	new	3
1146	652	826	174	new	3
1147	652	829	177	new	3
1148	653	787	134	new	3
1149	653	849	196	new	3
1150	653	810	157	new	3
1151	653	789	136	new	3
1152	654	883	229	path	3
1153	654	788	134	new	3
1154	654	921	267	new	3
1155	654	837	183	new	3
1156	655	789	134	new	3
1157	655	789	134	new	3
1158	655	843	188	new	3
1159	655	961	306	path	3
1160	655	798	143	new	3
1161	655	842	187	new	3
1162	656	850	194	new	3
1163	656	1000	344	path	3
1164	656	790	134	new	3
1165	656	1042	386	path	3
1166	656	819	163	new	3
1167	656	924	268	new	3
1168	656	790	134	new	3
1169	657	965	308	new	3
1170	657	787	130	new	3
1171	657	879	222	new	3
1172	658	792	134	new	3
1173	658	859	201	new	3
1174	658	839	181	path	3
1175	658	850	192	new	3
1176	658	792	134	new	3
1177	658	886	228	new	3
1178	658	801	143	new	3
1179	659	821	162	new	3
1180	659	889	230	new	3
1181	659	902	243	new	3
1182	659	820	161	path	3
1183	659	793	134	new	3
1184	660	844	184	path	3
1185	660	807	147	new	3
1186	660	988	328	new	3
1187	660	879	219	new	3
1188	660	882	222	path	3
1189	660	825	165	new	3
1190	660	891	231	new	3
1191	660	916	256	new	3
1192	660	808	148	new	3
1193	661	819	158	new	3
1194	661	872	211	path	3
1195	661	797	136	new	3
1196	661	798	137	new	3
1197	661	852	191	new	3
1198	662	1013	351	path	3
1199	662	907	245	new	3
1200	662	810	148	new	3
1201	662	798	136	new	3
1202	662	844	182	new	3
1203	663	814	151	new	3
1204	663	791	128	new	3
1205	663	797	134	new	3
1206	663	799	136	new	3
1207	663	797	134	new	3
1208	663	820	157	new	3
1209	663	798	135	new	3
1210	663	911	248	new	3
1211	663	970	307	new	3
1212	663	857	194	path	3
1213	663	797	134	new	3
1214	663	843	180	new	3
1215	663	986	323	path	3
1216	664	798	134	new	3
1217	664	798	134	new	3
1218	664	880	216	path	3
1219	664	792	128	new	3
1220	664	1172	508	new	3
1221	664	797	133	new	3
1222	664	798	134	new	3
1223	664	846	182	new	3
1224	664	798	134	new	3
1225	664	812	148	new	3
1226	664	858	194	new	3
1227	665	801	136	new	3
1228	665	863	198	path	3
1229	665	837	172	path	3
1230	665	1068	403	new	3
1231	665	942	277	new	3
1232	665	840	175	new	3
1233	665	849	184	new	3
1234	665	837	172	new	3
1235	666	799	133	new	3
1236	666	841	175	new	3
1237	666	800	134	new	3
1238	666	802	136	new	3
1239	666	807	141	new	3
1240	666	800	134	new	3
1241	666	802	136	new	3
1242	666	799	133	new	3
1243	666	1071	405	new	3
1244	666	800	134	new	3
1245	666	848	182	path	3
1246	666	1090	424	path	3
1247	666	820	154	new	3
1248	666	809	143	new	3
1249	667	796	129	new	3
1250	668	870	202	new	3
1251	668	799	131	new	3
1252	668	824	156	new	3
1253	668	836	168	new	3
1254	668	929	261	new	3
1255	668	867	199	path	3
1256	669	803	134	new	3
1257	669	859	190	path	3
1258	669	803	134	new	3
1259	670	798	128	new	3
1260	670	833	163	new	3
1261	670	853	183	path	3
1262	671	850	179	new	3
1263	672	972	300	path	3
1264	672	908	236	new	3
1265	672	826	154	new	3
1266	673	807	134	new	3
1267	673	806	133	new	3
1268	674	890	216	new	3
1269	674	975	301	path	3
1270	674	936	262	new	3
1271	674	881	207	path	3
1272	674	879	205	path	3
1273	674	854	180	path	3
1274	674	906	232	new	3
1275	674	880	206	new	3
1276	675	859	184	new	3
1277	675	935	260	path	3
1278	676	871	195	new	3
1279	677	812	135	new	3
1280	678	814	136	new	3
1281	679	937	258	path	3
1282	679	903	224	new	3
1283	679	893	214	path	3
1284	681	989	308	new	3
1285	682	1040	358	new	3
1286	683	868	185	new	3
1287	683	824	141	new	3
1288	683	829	146	new	3
1289	684	855	171	new	3
1290	685	829	144	new	3
1291	685	915	230	new	3
1292	685	1194	509	new	3
1293	685	868	183	path	3
1294	686	823	137	new	3
1295	687	823	136	new	3
1296	687	856	169	new	3
1297	687	860	173	new	3
1298	687	1110	423	new	3
1299	688	856	168	new	3
1300	688	1233	545	path	3
1301	688	822	134	new	3
1302	688	831	143	new	3
1303	689	823	134	new	3
1304	691	837	146	path	3
1305	693	868	175	new	3
1306	694	841	147	new	3
1307	694	830	136	new	3
1308	694	881	187	new	3
1309	696	972	276	path	3
1310	696	832	136	new	3
1311	697	858	161	path	3
1312	700	920	220	new	3
1313	702	875	173	new	3
1314	703	884	181	new	3
1315	704	870	166	new	3
1316	704	908	204	new	3
1317	705	947	242	new	3
1318	706	840	134	new	3
1319	707	880	173	path	3
1320	709	880	171	path	3
1321	710	962	252	new	3
1322	712	895	183	new	3
1323	716	864	148	path	3
1324	728	925	197	path	3
1325	732	937	205	path	3
1326	736	872	136	new	3
1327	736	941	205	path	3
1328	738	874	136	new	3
1329	740	876	136	new	3
1330	742	876	134	new	3
1331	742	878	136	new	3
1332	745	881	136	new	3
1333	745	893	148	new	3
1334	745	879	134	new	3
1335	745	889	144	new	3
1336	746	887	141	new	3
1337	746	879	133	new	3
1338	746	894	148	new	3
1339	747	883	136	new	3
1340	747	934	187	new	3
1341	748	937	189	path	3
1342	751	885	134	new	3
1343	751	885	134	new	3
1344	752	914	162	new	3
1345	752	888	136	new	3
1346	753	948	195	new	3
1347	754	883	129	new	3
1348	754	919	165	new	3
1349	754	888	134	new	3
1350	755	930	175	new	3
1351	755	910	155	new	3
1352	755	910	155	new	3
1353	755	888	133	new	3
1354	755	910	155	new	3
1355	755	888	133	new	3
1356	756	915	159	new	3
1357	757	907	150	new	3
1358	757	934	177	new	3
1359	758	959	201	new	3
1360	760	896	136	new	3
1361	760	932	172	new	3
1362	760	965	205	new	3
1363	761	932	171	new	3
1364	762	909	147	new	3
1365	762	1170	408	new	3
1366	762	896	134	new	3
1367	763	1090	327	new	3
1368	763	891	128	new	3
1369	763	895	132	new	3
1370	763	1143	380	new	3
1371	764	968	204	new	3
1372	764	920	156	new	3
1373	765	938	173	new	3
1374	765	899	134	new	3
1375	765	910	145	new	3
1376	765	1074	309	path	3
1377	766	1062	296	new	3
1378	766	938	172	new	3
1379	766	1062	296	path	3
1380	767	929	162	new	3
1381	767	959	192	path	3
1382	768	972	204	new	3
1383	768	949	181	new	3
1384	768	1027	259	path	3
1385	768	983	215	path	3
1386	772	908	136	new	3
1387	772	907	135	new	3
1388	773	926	153	new	3
1389	773	910	137	new	3
1390	773	907	134	new	3
1391	773	957	184	new	3
1392	774	945	171	new	3
1393	774	959	185	path	3
1394	775	909	134	new	3
1395	775	967	192	new	3
1396	775	962	187	new	3
1397	776	983	207	path	3
1398	776	1003	227	path	3
1399	777	979	202	new	3
1400	777	1090	313	path	3
1401	777	1058	281	new	3
1402	780	1016	236	new	3
1403	780	947	167	new	3
1404	780	1047	267	new	3
1405	781	1062	281	new	3
1406	781	980	199	new	3
1407	782	1061	279	new	3
1408	785	1167	382	new	3
1409	785	947	162	new	3
1410	786	1034	248	new	3
1411	786	920	134	new	3
1412	788	1052	264	path	3
1413	788	917	129	new	3
1414	788	1111	323	new	3
1415	789	924	135	new	3
1416	791	957	166	new	3
1417	794	930	136	new	3
1418	794	1372	578	new	3
1419	796	958	162	new	3
1420	796	969	173	new	3
1421	797	1000	203	path	3
1422	797	969	172	new	3
1423	798	987	189	new	3
1424	800	979	179	new	3
1425	800	934	134	new	3
1426	801	963	162	new	3
1427	802	1001	199	new	3
1428	807	941	134	new	3
1429	807	993	186	new	3
1430	809	1054	245	new	3
1431	811	1059	248	new	3
1432	813	970	157	new	3
1433	814	965	151	new	3
1434	814	1383	569	new	3
1435	815	973	158	new	3
1436	815	1063	248	new	3
1437	816	1116	300	path	3
1438	817	1004	187	new	3
1439	817	817	0	new	3
1440	818	994	176	path	3
1441	819	961	142	new	3
1442	820	979	159	new	3
1443	821	955	134	new	3
1444	823	974	151	new	3
1445	824	957	133	new	3
1446	824	972	148	new	3
1447	824	958	134	new	3
1448	825	971	146	new	3
1449	825	967	142	new	3
1450	825	1014	189	path	3
1451	825	970	145	new	3
1452	828	961	133	new	3
1453	828	994	166	new	3
1454	828	979	151	new	3
1455	829	985	156	new	3
1456	829	980	151	new	3
1457	829	965	136	new	3
1458	830	977	147	new	3
1459	830	977	147	new	3
1460	831	965	134	new	3
1461	832	1024	192	new	3
1462	834	998	164	new	3
1463	834	977	143	new	3
1464	834	998	164	new	3
1465	834	994	160	new	3
1466	834	834	0	new	3
1467	834	986	152	new	3
1468	834	986	152	new	3
1469	835	1010	175	new	3
1470	836	985	149	new	3
1471	836	970	134	new	3
1472	837	992	155	new	3
1473	837	1007	170	new	3
1474	837	1000	163	new	3
1475	837	1000	163	new	3
1476	837	971	134	new	3
1477	839	975	136	new	3
1478	839	993	154	new	3
1479	840	968	128	new	3
1480	841	969	128	new	3
1481	841	1037	196	new	3
1482	843	977	134	new	3
1483	843	978	135	new	3
1484	843	976	133	new	3
1485	844	978	134	new	3
1486	846	1004	158	new	3
1487	846	997	151	new	3
1488	848	998	150	new	3
1489	850	1034	184	path	3
1490	852	1011	159	new	3
1491	853	981	128	new	3
1492	868	1254	386	new	3
1493	868	1030	162	new	3
1494	868	1046	178	new	3
1495	869	1056	187	new	3
1496	869	1136	267	new	3
1497	870	1107	237	new	3
1498	870	1167	297	new	3
1499	872	1005	133	new	3
1500	873	1111	238	path	3
1501	874	1002	128	new	3
1502	874	1010	136	new	3
1503	877	1059	182	new	3
1504	878	1175	297	new	3
1505	878	1051	173	new	3
1506	878	1153	275	new	3
1507	878	1362	484	path	3
1508	879	1081	202	new	3
1509	879	1027	148	new	3
1510	879	1164	285	new	3
1511	881	1146	265	path	3
1512	887	1089	202	new	3
1513	889	1023	134	new	3
1514	890	1024	134	new	3
1515	890	1023	133	new	3
1516	891	1033	142	new	3
1517	891	1143	252	new	3
1518	893	1343	450	new	3
1519	893	1090	197	path	3
1520	894	1087	193	new	3
1521	895	1074	179	new	3
1522	896	1254	358	path	3
1523	896	1090	194	path	3
1524	896	1146	250	new	3
1525	896	1120	224	new	3
1526	897	897	0	new	3
1527	899	1065	166	new	3
1528	912	1040	128	new	3
1529	913	1095	182	path	3
1530	913	913	0	new	3
1531	914	1057	143	new	3
1532	914	1067	153	new	3
1533	915	1051	136	new	3
1534	915	1396	481	new	3
1535	915	1049	134	new	3
1536	915	1058	143	new	3
1537	916	1050	134	new	3
1538	916	1050	134	new	3
1539	916	1060	144	new	3
1540	916	1049	133	new	3
1541	916	1060	144	new	3
1542	917	1090	173	path	3
1543	919	1160	241	new	3
1544	921	1093	172	new	3
1545	926	1060	134	new	3
1546	926	1176	250	new	3
1547	927	1180	253	new	3
1548	927	1177	250	new	3
1549	932	1367	435	path	3
1550	958	1092	134	new	3
1551	971	1304	333	new	3
1552	978	1112	134	new	3
1553	979	1247	268	path	3
1554	981	1321	340	path	3
1555	981	1160	179	new	3
1556	983	1535	552	new	3
1557	984	1186	202	new	3
1558	985	1329	344	new	3
1559	987	1169	182	new	3
1560	987	1179	192	new	3
1561	988	1185	197	new	3
1562	995	1345	350	new	3
1563	998	1183	185	new	3
1564	998	1295	297	new	3
1565	999	1204	205	new	3
1566	1000	1186	186	new	3
1567	1005	1400	395	new	3
1568	1006	1162	156	new	3
1569	1007	1139	132	new	3
1570	1007	1428	421	new	3
1571	1008	1174	166	new	3
1572	1009	1143	134	new	3
1573	1010	1138	128	new	3
1574	1011	1165	154	new	3
1575	1011	1165	154	new	3
1576	1011	1165	154	new	3
1577	1012	1146	134	new	3
1578	1013	1156	143	new	3
1579	1014	1166	152	new	3
1580	1014	1250	236	new	3
1581	1014	1148	134	new	3
1582	1015	1226	211	path	3
1583	1015	1149	134	new	3
1584	1015	1170	155	new	3
1585	1015	1185	170	new	3
1586	1016	1168	152	new	3
1587	1016	1168	152	new	3
1588	1016	1170	154	new	3
1589	1016	1150	134	new	3
1590	1016	1748	732	new	3
1591	1017	1161	144	new	3
1592	1017	1174	157	new	3
1593	1017	1146	129	new	3
1594	1018	1647	629	path	3
1595	1018	1166	148	new	3
1596	1019	1153	134	new	3
1597	1019	1364	345	new	3
1598	1019	1154	135	new	3
1599	1019	1383	364	path	3
1600	1020	1171	151	new	3
1601	1020	1165	145	new	3
1602	1020	1154	134	new	3
1603	1021	1369	348	new	3
1604	1021	1155	134	new	3
1605	1021	1155	134	new	3
1606	1022	1152	130	new	3
1607	1022	1155	133	new	3
1608	1023	1172	149	new	3
1609	1023	1167	144	new	3
1610	1023	1157	134	new	3
1611	1023	1172	149	new	3
1612	1024	1560	536	new	3
1613	1024	1158	134	new	3
1614	1024	1184	160	new	3
1615	1024	1301	277	path	3
1616	1024	1304	280	new	3
1617	1025	1169	144	new	3
1618	1025	1159	134	new	3
1619	1026	1170	144	new	3
1620	1026	1170	144	new	3
1621	1026	1160	134	new	3
1622	1027	1353	326	new	3
1623	1027	1162	135	new	3
1624	1027	1161	134	new	3
1625	1028	1161	133	new	3
1626	1028	1176	148	new	3
1627	1028	1164	136	new	3
1628	1030	1731	701	new	3
1629	1030	1395	365	new	3
1630	1030	1164	134	new	3
1631	1030	1164	134	new	3
1632	1032	1383	351	path	3
1633	1033	1304	271	path	3
1634	1034	1262	228	path	3
1635	1034	1168	134	new	3
1636	1035	1176	141	new	3
1637	1035	1553	518	new	3
1638	1035	1249	214	new	3
1639	1035	1355	320	new	3
1640	1036	1243	207	path	3
1641	1036	1275	239	path	3
1642	1036	1229	193	new	3
1643	1036	1350	314	path	3
1644	1036	1172	136	new	3
1645	1036	1210	174	new	3
1646	1036	1169	133	new	3
1647	1037	1266	229	new	3
1648	1037	1216	179	new	3
1649	1037	1304	267	path	3
1650	1037	1187	150	new	3
1651	1037	1395	358	path	3
1652	1037	1230	193	new	3
1653	1039	1251	212	new	3
1654	1040	1173	133	new	3
1655	1042	1321	279	path	3
1656	1042	1196	154	new	3
1657	1042	1577	535	path	3
1658	1044	1275	231	path	3
1659	1044	1243	199	path	3
1660	1045	1178	133	new	3
1661	1047	1494	447	new	3
1662	1049	1260	211	path	3
1663	1049	1260	211	path	3
1664	1051	1324	273	path	3
1665	1059	1250	191	path	3
1666	1064	1227	163	new	3
1667	1064	1250	186	new	3
1668	1066	1486	420	path	3
1669	1068	1235	167	new	3
1670	1074	1208	134	new	3
1671	1075	1369	294	path	3
1672	1076	1255	179	new	3
1673	1076	1238	162	new	3
1674	1078	1244	166	new	3
1675	1080	1227	147	new	3
1676	1080	1423	343	new	3
1677	1081	1361	280	new	3
1678	1081	1306	225	path	3
1679	1082	1495	413	path	3
1680	1082	1431	349	new	3
1681	1083	1313	230	path	3
1682	1084	1364	280	new	3
1683	1087	1363	276	path	3
1684	1088	1392	304	path	3
1685	1096	1271	175	new	3
1686	1098	1388	290	path	3
1687	1099	1372	273	new	3
1688	1099	1233	134	new	3
1689	1100	1236	136	new	3
1690	1100	1249	149	new	3
1691	1105	1251	146	new	3
1692	1105	1646	541	new	3
1693	1105	1331	226	new	3
1694	1106	1242	136	new	3
1695	1106	1240	134	new	3
1696	1108	1236	128	new	3
1697	1108	1236	128	new	3
1698	1109	1415	306	new	3
1699	1110	1246	136	new	3
1700	1110	1288	178	new	3
1701	1111	1306	195	path	3
1702	1111	1284	173	new	3
1703	1112	1377	265	new	3
1704	1112	1254	142	new	3
1705	1112	1415	303	new	3
1706	1113	1416	303	new	3
1707	1114	1269	155	new	3
1708	1116	1334	218	new	3
1709	1117	1283	166	new	3
1710	1119	1342	223	path	3
1711	1123	1362	239	path	3
1712	1130	1304	174	path	3
1713	1135	1338	203	new	3
1714	1139	1796	657	new	3
1715	1143	1336	193	new	3
1716	1146	1352	206	new	3
1717	1147	1304	157	new	3
1718	1147	1358	211	new	3
1719	1149	1353	204	new	3
1720	1153	1355	202	new	3
1721	1154	1288	134	new	3
1722	1154	1334	180	new	3
1723	1154	1308	154	new	3
1724	1154	1328	174	new	3
1725	1156	1368	212	new	3
1726	1157	1291	134	new	3
1727	1158	1435	277	new	3
1728	1160	1351	191	new	3
1729	1160	1750	590	new	3
1730	1162	1546	384	new	3
1731	1163	1759	596	path	3
1732	1168	1400	232	path	3
1733	1169	1350	181	new	3
1734	1173	1355	182	new	3
1735	1174	1390	216	new	3
1736	1174	1510	336	new	3
1737	1175	1369	194	new	3
1738	1175	1309	134	new	3
1739	1176	1365	189	new	3
1740	1176	1312	136	new	3
1741	1177	1310	133	new	3
1742	1177	1380	203	new	3
1743	1177	1177	0	new	3
1744	1179	1321	142	new	3
1745	1180	1180	0	new	3
1746	1180	1406	226	path	3
1747	1180	1314	134	new	3
1748	1181	1404	223	path	3
1749	1182	1354	172	new	3
1750	1183	1368	185	new	3
1751	1184	1560	376	new	3
1752	1185	1357	172	new	3
1753	1185	1459	274	new	3
1754	1185	1375	190	new	3
1755	1185	1321	136	new	3
1756	1185	1356	171	new	3
1757	1186	1186	0	new	3
1758	1187	1546	359	new	3
1759	1190	1372	182	new	3
1760	1196	1455	259	new	3
1761	1197	1388	191	new	3
1762	1200	1337	137	new	3
1763	1201	1719	518	new	3
1764	1203	1369	166	new	3
1765	1203	1458	255	new	3
1766	1203	1369	166	new	3
1767	1206	1340	134	new	3
1768	1207	1585	378	new	3
1769	1207	1341	134	new	3
1770	1207	1457	250	new	3
1771	1207	1837	630	new	3
1772	1208	1359	151	new	3
1773	1208	1454	246	new	3
1774	1208	1208	0	new	3
1775	1208	1352	144	new	3
1776	1208	1424	216	path	3
1777	1209	1321	112	path	3
1778	1209	1402	193	new	3
1779	1209	1531	322	new	3
1780	1209	1357	148	new	3
1781	1209	1537	328	new	3
1782	1210	1353	143	new	3
1783	1210	1346	136	new	3
1784	1210	1344	134	new	3
1785	1210	1403	193	new	3
1786	1211	1371	160	new	3
1787	1211	1345	134	new	3
1788	1211	1406	195	new	3
1789	1211	1345	134	new	3
1790	1211	1659	448	path	3
1791	1212	1516	304	path	3
1792	1212	1360	148	new	3
1793	1212	1346	134	new	3
1794	1212	1356	144	new	3
1795	1212	1377	165	new	3
1796	1213	1544	331	new	3
1797	1213	1346	133	new	3
1798	1213	1502	289	new	3
1799	1214	1348	134	new	3
1800	1214	1897	683	new	3
1801	1214	1348	134	new	3
1802	1216	1350	134	new	3
1803	1216	1394	178	new	3
1804	1216	1349	133	new	3
1805	1216	1476	260	new	3
1806	1216	1367	151	new	3
1807	1217	1354	137	new	3
1808	1218	1351	133	new	3
1809	1219	1742	523	new	3
1810	1220	1708	488	path	3
1811	1220	1354	134	new	3
1812	1221	1552	331	path	3
1813	1221	1355	134	new	3
1814	1221	1369	148	new	3
1815	1221	1355	134	new	3
1816	1221	1465	244	new	3
1817	1221	1355	134	new	3
1818	1222	1356	134	new	3
1819	1223	1357	134	new	3
1820	1224	1224	0	new	3
1821	1224	1360	136	new	3
1822	1224	1360	136	new	3
1823	1226	1475	249	new	3
1824	1226	1402	176	new	3
1825	1229	1363	134	new	3
1826	1231	1418	187	new	3
1827	1232	1232	0	new	3
1828	1237	1390	153	new	3
1829	1242	1394	152	new	3
1830	1243	1404	161	new	3
1831	1244	1422	178	new	3
1832	1249	1396	147	new	3
1833	1249	1422	173	new	3
1834	1264	1475	211	path	3
1835	1264	1444	180	new	3
1836	1274	1409	135	new	3
1837	1279	1407	128	new	3
1838	1280	1413	133	new	3
1839	1288	1391	103	path	3
1840	1298	1526	228	path	3
1841	1300	1473	173	new	3
1842	1303	1566	263	new	3
1843	1306	1850	544	new	3
1844	1308	1644	336	path	3
1845	1309	1917	608	new	3
1846	1311	1519	208	new	3
1847	1311	1500	189	new	3
1848	1313	1714	401	new	3
1849	1314	1732	418	new	3
1850	1332	1618	286	path	3
1851	1338	1530	192	new	3
1852	1338	1570	232	new	3
1853	1344	1612	268	new	3
1854	1351	1684	333	new	3
1855	1359	1492	133	new	3
1856	1366	1555	189	new	3
1857	1373	1713	340	new	3
1858	1375	1678	303	new	3
1859	1375	1375	0	new	3
1860	1376	1573	197	new	3
1861	1377	1757	380	new	3
1862	1378	1642	264	new	3
1863	1381	1782	401	path	3
1864	1381	1585	204	path	3
1865	1381	1532	151	new	3
1866	1381	1540	159	new	3
1867	1381	1609	228	new	3
1868	1382	1585	203	path	3
1869	1383	1517	134	new	3
1870	1383	1561	178	new	3
1871	1383	1519	136	new	3
1872	1383	1532	149	new	3
1873	1384	1538	154	new	3
1874	1384	1588	204	new	3
1875	1384	1517	133	new	3
1876	1385	1949	564	new	3
1877	1385	1576	191	new	3
1878	1385	1576	191	new	3
1879	1386	1585	199	path	3
1880	1386	1577	191	new	3
1881	1387	1600	213	new	3
1882	1387	1577	190	new	3
1883	1387	1521	134	new	3
1884	1387	1520	133	new	3
1885	1388	1531	143	new	3
1886	1390	1524	134	new	3
1887	1390	1700	310	new	3
1888	1391	1555	164	new	3
1889	1391	1655	264	path	3
1890	1392	1569	177	new	3
1891	1393	1544	151	new	3
1892	1394	1610	216	new	3
1893	1395	1555	160	new	3
1894	1395	1553	158	new	3
1895	1395	1549	154	new	3
1896	1395	1529	134	new	3
1897	1396	1540	144	new	3
1898	1396	1555	159	new	3
1899	1397	1577	180	new	3
1900	1398	1544	146	new	3
1901	1398	1547	149	new	3
1902	1399	1618	219	path	3
1903	1400	1547	147	new	3
1904	1400	1546	146	new	3
1905	1412	1546	134	new	3
1906	1417	1893	476	new	3
1907	1418	1592	174	new	3
1908	1419	1593	174	path	3
1909	1421	1569	148	new	3
1910	1421	1578	157	new	3
1911	1421	1655	234	path	3
1912	1422	1665	243	new	3
1913	1424	1613	189	path	3
1914	1425	1559	134	new	3
1915	1426	1426	0	new	3
1916	1427	1561	134	new	3
1917	1428	1615	187	new	3
1918	1430	1611	181	new	3
1919	1431	1619	188	new	3
1920	1431	1624	193	path	3
1921	1431	1590	159	new	3
1922	1432	1654	222	path	3
1923	1433	1567	134	new	3
1924	1435	1612	177	path	3
1925	1443	1630	187	new	3
1926	1445	1879	434	path	3
1927	1445	1642	197	path	3
1928	1446	1668	222	new	3
1929	1446	1790	344	path	3
1930	1446	2221	775	path	3
1931	1454	1644	190	new	3
1932	1454	1793	339	path	3
1933	1456	1643	187	new	3
1934	1458	1613	155	new	3
1935	1459	1840	381	new	3
1936	1462	1723	261	new	3
1937	1463	1644	181	new	3
1938	1464	1870	406	path	3
1939	1466	1884	418	new	3
1940	1468	1602	134	new	3
1941	1473	1767	294	new	3
1942	1474	1675	201	new	3
1943	1474	1876	402	new	3
1944	1480	1666	186	new	3
1945	1488	1622	134	new	3
1946	1490	1724	234	new	3
1947	1490	1619	129	new	3
1948	1491	1664	173	new	3
1949	1492	1673	181	new	3
1950	1498	1632	134	new	3
1951	1500	1636	136	new	3
1952	1500	1686	186	new	3
1953	1502	2154	652	path	3
1954	1503	1637	134	new	3
1955	1503	2181	678	new	3
1956	1503	1712	209	new	3
1957	1503	1652	149	new	3
1958	1504	1657	153	new	3
1959	1504	1677	173	new	3
1960	1504	1757	253	path	3
1961	1506	1873	367	new	3
1962	1506	2106	600	new	3
1963	1507	1916	409	path	3
1964	1507	1650	143	new	3
1965	1507	1641	134	new	3
1966	1507	1643	136	new	3
1967	1508	1675	167	new	3
1968	1509	1679	170	new	3
1969	1509	1681	172	new	3
1970	1510	1657	147	new	3
1971	1510	1643	133	new	3
1972	1510	1665	155	new	3
1973	1511	2079	568	new	3
1974	1511	1675	164	new	3
1975	1511	1666	155	new	3
1976	1511	1645	134	new	3
1977	1513	1513	0	new	3
1978	1513	1931	418	new	3
1979	1516	1681	165	new	3
1980	1517	1731	214	path	3
1981	1517	1651	134	new	3
1982	1517	1908	391	path	3
1983	1519	1820	301	new	3
1984	1522	1656	134	new	3
1985	1522	1661	139	new	3
1986	1522	1705	183	new	3
1987	1524	1951	427	new	3
1988	1524	1896	372	new	3
1989	1524	1694	170	new	3
1990	1524	1660	136	new	3
1991	1524	1658	134	new	3
1992	1524	1658	134	new	3
1993	1525	1681	156	new	3
1994	1528	1676	148	new	3
1995	1531	1705	174	new	3
1996	1532	1734	202	new	3
1997	1532	1734	202	new	3
1998	1533	1707	174	new	3
1999	1537	1685	148	new	3
2000	1537	1679	142	new	3
2001	1539	1834	295	path	3
2002	1540	1668	128	new	3
2003	1542	1725	183	new	3
2004	1542	1542	0	new	3
2005	1545	1749	204	new	3
2006	1546	1742	196	new	3
2007	1552	1721	169	path	3
2008	1554	1784	230	path	3
2009	1555	1753	198	new	3
2010	1561	1761	200	new	3
2011	1566	1700	134	new	3
2012	1567	1876	309	new	3
2013	1568	1882	314	new	3
2014	1582	1923	341	new	3
2015	1583	1757	174	new	3
2016	1585	1719	134	new	3
2017	1586	1775	189	new	3
2018	1586	1873	287	new	3
2019	1588	1722	134	new	3
2020	1590	1877	287	new	3
2021	1590	1782	192	new	3
2022	1591	1776	185	new	3
2023	1591	1870	279	new	3
2024	1591	1725	134	new	3
2025	1591	1791	200	new	3
2026	1592	1847	255	path	3
2027	1592	1782	190	new	3
2028	1593	1749	156	new	3
2029	1593	1840	247	path	3
2030	1594	1814	220	new	3
2031	1598	1768	170	new	3
2032	1598	1598	0	new	3
2033	1598	1598	0	new	3
2034	1598	1732	134	new	3
2035	1600	1814	214	path	3
2036	1601	1763	162	new	3
2037	1601	1735	134	new	3
2038	1606	1867	261	path	3
2039	1609	1781	172	new	3
2040	1617	1899	282	new	3
2041	1622	1790	168	new	3
2042	1623	1778	155	path	3
2043	1628	1897	269	new	3
2044	1632	1767	135	new	3
2045	1634	1806	172	new	3
2046	1643	1855	212	new	3
2047	1656	1836	180	new	3
2048	1658	1791	133	new	3
2049	1660	1837	177	path	3
2050	1660	1814	154	new	3
2051	1661	1795	134	new	3
2052	1661	1822	161	new	3
2053	1662	1865	203	new	3
2054	1664	1886	222	new	3
2055	1665	1799	134	new	3
2056	1665	1842	177	new	3
2057	1667	1876	209	new	3
2058	1667	1667	0	new	3
2059	1668	1834	166	new	3
2060	1669	1805	136	new	3
2061	1672	1806	134	new	3
2062	1673	1673	0	new	3
2063	1679	1813	134	new	3
2064	1685	1899	214	new	3
2065	1686	2135	449	path	3
2066	1687	1853	166	new	3
2067	1691	1820	129	new	3
2068	1695	1695	0	new	3
2069	1696	1842	146	path	3
2070	1698	2137	439	new	3
2071	1698	1928	230	new	3
2072	1699	1928	229	new	3
2073	1699	1983	284	new	3
2074	1700	1700	0	new	3
2075	1700	1700	0	new	3
2076	1701	1898	197	new	3
2077	1701	1968	267	new	3
2078	1702	1877	175	new	3
2079	1702	1848	146	new	3
2080	1703	2195	492	path	3
2081	1703	2119	416	new	3
2082	1703	1703	0	new	3
2083	1707	1875	168	new	3
2084	1707	1707	0	new	3
2085	1707	2123	416	new	3
2086	1708	1889	181	new	3
2087	1709	1933	224	new	3
2088	1710	1906	196	new	3
2089	1710	1903	193	new	3
2090	1711	1845	134	new	3
2091	1711	2239	528	new	3
2092	1711	2109	398	new	3
2093	1711	1928	217	path	3
2094	1711	1859	148	new	3
2095	1712	1923	211	path	3
2096	1712	1917	205	path	3
2097	1712	1893	181	new	3
2098	1713	1899	186	path	3
2099	1713	1893	180	new	3
2100	1713	1968	255	path	3
2101	1715	2165	450	new	3
2102	1717	1869	152	new	3
2103	1717	2135	418	path	3
2104	1720	1917	197	path	3
2105	1720	2126	406	new	3
2106	1721	2188	467	path	3
2107	1721	1852	131	new	3
2108	1721	1867	146	new	3
2109	1721	2283	562	new	3
2110	1722	2108	386	new	3
2111	1722	1884	162	new	3
2112	1722	2233	511	path	3
2113	1723	1918	195	new	3
2114	1723	2135	412	path	3
2115	1723	2296	573	new	3
2116	1723	1885	162	new	3
2117	1723	1857	134	new	3
2118	1723	2172	449	new	3
2119	1724	1928	204	path	3
2120	1724	1949	225	new	3
2121	1724	1871	147	new	3
2122	1724	2011	287	new	3
2123	1725	1858	133	new	3
2124	1725	1859	134	new	3
2125	1725	2119	394	new	3
2126	1725	1910	185	new	3
2127	1725	1899	174	new	3
2128	1725	1983	258	path	3
2129	1725	1885	160	new	3
2130	1726	1854	128	new	3
2131	1726	1917	191	path	3
2132	1726	1917	191	new	3
2133	1726	1925	199	new	3
2134	1727	1727	0	new	3
2135	1727	1860	133	new	3
2136	1727	1891	164	new	3
2137	1727	1918	191	new	3
2138	1728	1933	205	path	3
2139	1728	1932	204	path	3
2140	1728	1898	170	new	3
2141	1728	1862	134	new	3
2142	1728	1861	133	new	3
2143	1729	1879	150	new	3
2144	1729	1928	199	new	3
2145	1729	1887	158	new	3
2146	1730	1937	207	path	3
2147	1730	1973	243	new	3
2148	1730	1953	223	new	3
2149	1731	2119	388	path	3
2150	1731	2077	346	new	3
2151	1731	2105	374	new	3
2152	1731	1921	190	new	3
2153	1732	1732	0	new	3
2154	1732	2101	369	new	3
2155	1733	2143	410	new	3
2156	1733	1899	166	new	3
2157	1734	2119	385	path	3
2158	1735	1935	200	new	3
2159	1735	1907	172	new	3
2160	1735	1883	148	new	3
2161	1736	1930	194	new	3
2162	1736	1908	172	new	3
2163	1736	1869	133	new	3
2164	1736	1870	134	new	3
2165	1737	1737	0	new	3
2166	1737	2022	285	new	3
2167	1737	2109	372	path	3
2168	1737	2005	268	new	3
2169	1738	2008	270	new	3
2170	1739	1909	170	new	3
2171	1740	1908	168	new	3
2172	1740	1740	0	new	3
2173	1742	1876	134	new	3
2174	1744	1880	136	new	3
2175	1745	1886	141	new	3
2176	1745	1893	148	new	3
2177	1745	1887	142	new	3
2178	1746	1949	203	new	3
2179	1746	1902	156	new	3
2180	1747	1893	146	new	3
2181	1747	1891	144	new	3
2182	1748	1882	134	new	3
2183	1749	1883	134	new	3
2184	1749	2065	316	new	3
2185	1749	1883	134	new	3
2186	1750	1891	141	new	3
2187	1752	1903	151	new	3
2188	1753	1887	134	new	3
2189	1753	1927	174	new	3
2190	1753	1889	136	new	3
2191	1753	1896	143	new	3
2192	1755	1898	143	new	3
2193	1757	1893	136	new	3
2194	1758	1892	134	new	3
2195	1759	1893	134	new	3
2196	1760	1895	135	new	3
2197	1761	1895	134	new	3
2198	1776	1992	216	new	3
2199	1791	1995	204	new	3
2200	1803	2175	372	new	3
2201	1803	2010	207	new	3
2202	1803	2170	367	new	3
2203	1806	2005	199	path	3
2204	1808	2123	315	new	3
2205	1809	2015	206	new	3
2206	1812	2022	210	path	3
2207	1812	2022	210	path	3
2208	1812	2024	212	new	3
2209	1814	2090	276	new	3
2210	1815	2199	384	new	3
2211	1816	1958	142	new	3
2212	1818	2034	216	new	3
2213	1819	1953	134	new	3
2214	1819	2182	363	new	3
2215	1821	2007	186	new	3
2216	1823	2065	242	path	3
2217	1828	1962	134	new	3
2218	1832	2370	538	new	3
2219	1843	2005	162	path	3
2220	1849	2035	186	new	3
2221	1850	2196	346	new	3
2222	1852	2296	444	path	3
2223	1852	2107	255	new	3
2224	1856	2119	263	path	3
2225	1859	2041	182	new	3
2226	1859	1859	0	new	3
2227	1859	2271	412	new	3
2228	1859	2058	199	new	3
2229	1860	1994	134	new	3
2230	1860	2165	305	new	3
2231	1861	2066	205	new	3
2232	1862	2090	228	new	3
2233	1862	2294	432	new	3
2234	1862	2068	206	new	3
2235	1863	2648	785	path	3
2236	1863	2275	412	new	3
2237	1863	2184	321	new	3
2238	1864	2283	419	path	3
2239	1864	2172	308	path	3
2240	1864	2063	199	new	3
2241	1864	2474	610	new	3
2242	1865	2683	818	path	3
2243	1865	2137	272	path	3
2244	1865	2172	307	path	3
2245	1866	2011	145	path	3
2246	1866	2065	199	path	3
2247	1867	2019	152	new	3
2248	1868	2181	313	path	3
2249	1869	2003	134	new	3
2250	1869	2065	196	path	3
2251	1869	2003	134	new	3
2252	1871	2005	134	new	3
2253	1875	2231	356	new	3
2254	1876	2129	253	new	3
2255	1876	2128	252	path	3
2256	1881	2172	291	path	3
2257	1882	2016	134	new	3
2258	1883	2088	205	new	3
2259	1883	2193	310	new	3
2260	1885	2195	310	path	3
2261	1885	2066	181	new	3
2262	1886	2089	203	new	3
2263	1889	2106	217	new	3
2264	1894	2093	199	new	3
2265	1896	2101	205	new	3
2266	1898	2098	200	new	3
2267	1899	2193	294	new	3
2268	1904	2196	292	new	3
2269	1904	2164	260	new	3
2270	1906	2819	913	new	3
2271	1908	2109	201	path	3
2272	1912	2139	227	new	3
2273	1919	2471	552	new	3
2274	1923	2068	145	path	3
2275	1926	2097	171	new	3
2276	1932	2244	312	new	3
2277	1933	2273	340	new	3
2278	1935	2087	152	new	3
2279	1936	2070	134	new	3
2280	1936	2213	277	new	3
2281	1937	2143	206	path	3
2282	1941	2143	202	new	3
2283	1941	2284	343	new	3
2284	1941	2343	402	new	3
2285	1941	2098	157	new	3
2286	1941	2099	158	new	3
2287	1941	2071	130	new	3
2288	1942	2449	507	new	3
2289	1942	2382	440	new	3
2290	1942	2302	360	new	3
2291	1943	2366	423	path	3
2292	1943	2073	130	new	3
2293	1943	2073	130	new	3
2294	1943	2550	607	new	3
2295	1944	2110	166	new	3
2296	1944	2272	328	new	3
2297	1944	2170	226	path	3
2298	1944	2078	134	new	3
2299	1945	2155	210	new	3
2300	1945	2241	296	new	3
2301	1945	2092	147	new	3
2302	1945	2102	157	new	3
2303	1945	2079	134	new	3
2304	1946	2138	192	new	3
2305	1946	2086	140	new	3
2306	1946	2161	215	new	3
2307	1946	2140	194	new	3
2308	1946	2119	173	path	3
2309	1946	2165	219	path	3
2310	1946	2098	152	new	3
2311	1947	2142	195	new	3
2312	1947	2127	180	new	3
2313	1947	2288	341	path	3
2314	1947	2216	269	new	3
2315	1947	2161	214	new	3
2316	1947	2217	270	new	3
2317	1947	2420	473	new	3
2318	1948	2399	451	new	3
2319	1948	2175	227	path	3
2320	1948	2151	203	new	3
2321	1948	2184	236	path	3
2322	1948	2082	134	new	3
2323	1948	2082	134	new	3
2324	1948	2077	129	new	3
2325	1948	2193	245	path	3
2326	1948	2097	149	new	3
2327	1948	2079	131	new	3
2328	1949	2260	311	new	3
2329	1950	2234	284	new	3
2330	1950	2151	201	new	3
2331	1950	2233	283	new	3
2332	1950	1950	0	new	3
2333	1950	2084	134	new	3
2334	1950	2084	134	new	3
2335	1950	2327	377	path	3
2336	1951	2171	220	new	3
2337	1951	2085	134	new	3
2338	1951	2084	133	new	3
2339	1951	2085	134	new	3
2340	1951	2134	183	new	3
2341	1951	2085	134	new	3
2342	1951	2127	176	new	3
2343	1952	2263	311	new	3
2344	1952	2284	332	path	3
2345	1952	2115	163	new	3
2346	1952	1952	0	new	3
2347	1952	2279	327	new	3
2348	1952	2118	166	new	3
2349	1952	2081	129	new	3
2350	1953	2450	497	path	3
2351	1953	2166	213	new	3
2352	1953	2167	214	new	3
2353	1953	2342	389	path	3
2354	1953	2108	155	new	3
2355	1953	2089	136	new	3
2356	1953	2146	193	new	3
2357	1953	2448	495	new	3
2358	1953	2087	134	new	3
2359	1954	2088	134	new	3
2360	1954	2140	186	new	3
2361	1954	2088	134	new	3
2362	1954	2135	181	new	3
2363	1954	2088	134	new	3
2364	1954	2104	150	new	3
2365	1955	2157	202	new	3
2366	1955	2147	192	new	3
2367	1955	2190	235	new	3
2368	1955	2282	327	new	3
2369	1955	2219	264	new	3
2370	1955	2089	134	new	3
2371	1955	2230	275	new	3
2372	1955	2450	495	path	3
2373	1956	2231	275	new	3
2374	1956	2092	136	new	3
2375	1956	2400	444	new	3
2376	1956	2103	147	new	3
2377	1957	2091	134	new	3
2378	1957	2118	161	new	3
2379	1958	2124	166	new	3
2380	1958	2216	258	path	3
2381	1958	2452	494	new	3
2382	1958	2192	234	new	3
2383	1958	2092	134	new	3
2384	1959	2093	134	new	3
2385	1959	2154	195	path	3
2386	1960	2096	136	new	3
2387	1960	2094	134	new	3
2388	1961	2153	192	new	3
2389	1961	2250	289	new	3
2390	1962	2398	436	new	3
2391	1962	2105	143	new	3
2392	1963	1963	0	new	3
2393	1963	1963	0	new	3
2394	1964	2186	222	new	3
2395	1964	2283	319	path	3
2396	1965	2166	201	new	3
2397	1965	2181	216	path	3
2398	1965	2108	143	new	3
2399	1965	2108	143	new	3
2400	1966	2167	201	new	3
2401	1966	2100	134	new	3
2402	1966	2444	478	new	3
2403	1966	1966	0	new	3
2404	1966	2161	195	path	3
2405	1966	2099	133	new	3
2406	1967	2146	179	new	3
2407	1967	1967	0	new	3
2408	1968	1968	0	new	3
2409	1968	2170	202	new	3
2410	1968	2170	202	new	3
2411	1969	2169	200	new	3
2412	1970	2140	170	new	3
2413	1970	2147	177	new	3
2414	1971	2459	488	new	3
2415	1971	2172	201	new	3
2416	1972	2230	258	path	3
2417	1972	2125	153	new	3
2418	1972	2177	205	new	3
2419	1973	2280	307	path	3
2420	1973	2188	215	new	3
2421	1974	2164	190	new	3
2422	1975	2216	241	path	3
2423	1975	2181	206	path	3
2424	1976	2161	185	new	3
2425	1977	2250	273	new	3
2426	1978	2284	306	new	3
2427	1978	2146	168	new	3
2428	1981	2245	264	new	3
2429	1981	2135	154	new	3
2430	1982	2377	395	new	3
2431	1983	2229	246	new	3
2432	1983	2182	199	path	3
2433	1983	2240	257	new	3
2434	1984	2120	136	new	3
2435	1984	2229	245	new	3
2436	1984	2188	204	new	3
2437	1988	2362	374	new	3
2438	1991	2151	160	new	3
2439	2001	2264	263	new	3
2440	2001	2188	187	path	3
2441	2003	2248	245	new	3
2442	2004	2479	475	new	3
2443	2010	2198	188	new	3
2444	2011	2275	264	path	3
2445	2013	2281	268	new	3
2446	2015	2149	134	new	3
2447	2015	2217	202	path	3
2448	2015	2189	174	path	3
2449	2018	2190	172	new	3
2450	2021	2163	142	new	3
2451	2021	2154	133	new	3
2452	2022	2196	174	new	3
2453	2022	2196	174	path	3
2454	2022	2224	202	new	3
2455	2024	2158	134	new	3
2456	2024	2160	136	new	3
2457	2025	2192	167	new	3
2458	2026	2197	171	new	3
2459	2026	2206	180	new	3
2460	2026	2200	174	new	3
2461	2027	2160	133	new	3
2462	2029	2205	176	new	3
2463	2031	2260	229	path	3
2464	2032	2321	289	new	3
2465	2034	2164	130	new	3
2466	2036	2239	203	new	3
2467	2039	2294	255	path	3
2468	2040	2187	147	new	3
2469	2042	2441	399	new	3
2470	2043	2204	161	new	3
2471	2044	2221	177	path	3
2472	2047	2181	134	new	3
2473	2049	2220	171	new	3
2474	2052	2255	203	new	3
2475	2055	2220	165	new	3
2476	2056	2282	226	new	3
2477	2058	2343	285	path	3
2478	2059	2404	345	new	3
2479	2059	2231	172	path	3
2480	2061	2340	279	new	3
2481	2062	2250	188	new	3
2482	2067	2272	205	path	3
2483	2067	2370	303	new	3
2484	2067	2201	134	new	3
2485	2067	2230	163	new	3
2486	2068	2255	187	new	3
2487	2069	2269	200	new	3
2488	2069	2262	193	new	3
2489	2070	2282	212	new	3
2490	2072	2255	183	new	3
2491	2072	2224	152	new	3
2492	2074	2235	161	new	3
2493	2076	2355	279	new	3
2494	2078	2300	222	path	3
2495	2078	2300	222	path	3
2496	2078	2300	222	path	3
2497	2078	2237	159	new	3
2498	2080	2311	231	new	3
2499	2080	2346	266	path	3
2500	2081	2342	261	path	3
2501	2081	2342	261	path	3
2502	2081	2081	0	new	3
2503	2081	2303	222	path	3
2504	2081	2259	178	new	3
2505	2083	2217	134	new	3
2506	2083	2216	133	new	3
2507	2084	2229	145	path	3
2508	2084	2301	217	new	3
2509	2086	2343	257	path	3
2510	2087	2399	312	new	3
2511	2087	2820	733	new	3
2512	2087	2220	133	new	3
2513	2088	2088	0	new	3
2514	2088	2310	222	new	3
2515	2088	2260	172	path	3
2516	2089	2239	150	new	3
2517	2089	2402	313	new	3
2518	2089	2225	136	new	3
2519	2090	2090	0	new	3
2520	2091	2320	229	path	3
2521	2091	2227	136	new	3
2522	2091	2584	493	new	3
2523	2091	2239	148	new	3
2524	2091	2288	197	new	3
2525	2091	2261	170	new	3
2526	2091	2255	164	path	3
2527	2091	2281	190	new	3
2528	2093	2227	134	new	3
2529	2093	2246	153	new	3
2530	2093	2410	317	new	3
2531	2095	2263	168	path	3
2532	2095	2291	196	new	3
2533	2095	2229	134	new	3
2534	2096	2311	215	new	3
2535	2097	2231	134	new	3
2536	2097	2415	318	new	3
2537	2098	2098	0	new	3
2538	2098	2450	352	new	3
2539	2098	2268	170	new	3
2540	2098	2253	155	new	3
2541	2098	2098	0	new	3
2542	2099	2268	169	new	3
2543	2099	2235	136	new	3
2544	2099	2099	0	new	3
2545	2099	2275	176	new	3
2546	2100	2281	181	new	3
2547	2100	2332	232	new	3
2548	2101	2395	294	new	3
2549	2101	2404	303	new	3
2550	2102	2238	136	new	3
2551	2102	2296	194	new	3
2552	2102	2297	195	new	3
2553	2102	2236	134	new	3
2554	2103	2292	189	new	3
2555	2104	2243	139	new	3
2556	2104	2232	128	new	3
2557	2105	2360	255	path	3
2558	2105	2360	255	path	3
2559	2105	2239	134	new	3
2560	2105	2239	134	new	3
2561	2105	2287	182	new	3
2562	2106	2283	177	new	3
2563	2106	2239	133	new	3
2564	2106	2240	134	new	3
2565	2106	2299	193	new	3
2566	2106	2283	177	new	3
2567	2107	2304	197	path	3
2568	2108	2305	197	new	3
2569	2108	2242	134	new	3
2570	2108	2270	162	new	3
2571	2108	2327	219	path	3
2572	2109	2281	172	new	3
2573	2109	2370	261	new	3
2574	2110	2244	134	new	3
2575	2110	2243	133	new	3
2576	2111	2111	0	new	3
2577	2111	2259	148	new	3
2578	2112	2305	193	new	3
2579	2113	2292	179	new	3
2580	2114	2334	220	path	3
2581	2115	2270	155	new	3
2582	2116	2249	133	new	3
2583	2117	2322	205	path	3
2584	2117	2251	134	new	3
2585	2117	2383	266	new	3
2586	2118	2439	321	new	3
2587	2119	2253	134	new	3
2588	2120	2312	192	new	3
2589	2120	2322	202	new	3
2590	2121	2371	250	new	3
2591	2121	2311	190	path	3
2592	2121	2269	148	new	3
2593	2124	2300	176	new	3
2594	2125	2317	192	new	3
2595	2125	2312	187	new	3
2596	2127	2331	204	new	3
2597	2127	2467	340	new	3
2598	2129	2263	134	new	3
2599	2129	2360	231	path	3
2600	2130	2314	184	path	3
2601	2130	2306	176	new	3
2602	2131	2324	193	new	3
2603	2131	2820	689	path	3
2604	2133	2269	136	new	3
2605	2133	2318	185	new	3
2606	2133	2267	134	new	3
2607	2137	2298	161	new	3
2608	2137	2320	183	new	3
2609	2138	2315	177	new	3
2610	2139	2584	445	path	3
2611	2141	2141	0	new	3
2612	2141	2275	134	new	3
2613	2142	2307	165	new	3
2614	2143	2592	449	new	3
2615	2155	2371	216	new	3
2616	2157	2393	236	new	3
2617	2163	2526	363	path	3
2618	2170	2170	0	new	3
2619	2171	2370	199	new	3
2620	2173	2307	134	new	3
2621	2175	2395	220	new	3
2622	2176	2623	447	new	3
2623	2176	2350	174	new	3
2624	2177	2177	0	new	3
2625	2177	2499	322	new	3
2626	2180	2316	136	new	3
2627	2182	2390	208	new	3
2628	2183	2342	159	path	3
2629	2183	2373	190	new	3
2630	2183	2317	134	new	3
2631	2183	2373	190	new	3
2632	2184	2449	265	path	3
2633	2185	2659	474	path	3
2634	2186	2555	369	new	3
2635	2187	2423	236	new	3
2636	2187	2343	156	path	3
2637	2187	2389	202	path	3
2638	2189	2363	174	new	3
2639	2189	2352	163	new	3
2640	2191	2444	253	path	3
2641	2191	2439	248	new	3
2642	2192	2355	163	path	3
2643	2193	2449	256	new	3
2644	2193	2390	197	new	3
2645	2195	2423	228	new	3
2646	2197	2397	200	new	3
2647	2197	2396	199	new	3
2648	2199	2391	192	new	3
2649	2202	2417	215	new	3
2650	2203	2203	0	new	3
2651	2206	2392	186	new	3
2652	2208	2371	163	path	3
2653	2210	2383	173	new	3
2654	2215	2376	161	new	3
2655	2216	2404	188	new	3
2656	2217	2353	136	new	3
2657	2217	2478	261	new	3
2658	2218	2352	134	new	3
2659	2220	2404	184	new	3
2660	2221	2355	134	new	3
2661	2222	2448	226	path	3
2662	2223	2685	462	path	3
2663	2224	2406	182	new	3
2664	2224	2224	0	new	3
2665	2224	2630	406	new	3
2666	2224	2399	175	new	3
2667	2225	2396	171	new	3
2668	2228	2387	159	new	3
2669	2228	2650	422	new	3
2670	2228	2637	409	path	3
2671	2229	2399	170	new	3
2672	2230	2498	268	path	3
2673	2231	2367	136	new	3
2674	2232	2647	415	new	3
2675	2232	2474	242	path	3
2676	2232	2449	217	new	3
2677	2232	2433	201	new	3
2678	2232	2405	173	new	3
2679	2232	2378	146	new	3
2680	2232	2385	153	new	3
2681	2232	2366	134	new	3
2682	2233	2389	156	new	3
2683	2233	2407	174	new	3
2684	2233	2400	167	new	3
2685	2233	2574	341	path	3
2686	2233	2367	134	new	3
2687	2233	2367	134	new	3
2688	2233	2367	134	new	3
2689	2233	2710	477	path	3
2690	2234	2408	174	new	3
2691	2234	2397	163	new	3
2692	2234	2710	476	path	3
2693	2234	2387	153	new	3
2694	2234	2488	254	new	3
2695	2234	2367	133	new	3
2696	2234	2444	210	path	3
2697	2234	2386	152	new	3
2698	2235	2380	145	new	3
2699	2235	2439	204	path	3
2700	2235	2409	174	new	3
2701	2236	2370	134	new	3
2702	2236	2450	214	path	3
2703	2236	2385	149	new	3
2704	2236	2389	153	new	3
2705	2236	2711	475	path	3
2706	2236	2397	161	new	3
2707	2237	2371	134	new	3
2708	2237	2388	151	new	3
2709	2237	2382	145	new	3
2710	2237	2237	0	new	3
2711	2237	2435	198	new	3
2712	2238	2436	198	new	3
2713	2238	2463	225	new	3
2714	2238	2238	0	new	3
2715	2238	2372	134	new	3
2716	2238	2372	134	new	3
2717	2238	2388	150	new	3
2718	2238	2450	212	path	3
2719	2238	2371	133	new	3
2720	2239	2381	142	new	3
2721	2239	2392	153	new	3
2722	2239	2375	136	new	3
2723	2240	2414	174	new	3
2724	2240	2376	136	new	3
2725	2240	2404	164	new	3
2726	2240	2453	213	new	3
2727	2240	2387	147	new	3
2728	2240	2535	295	new	3
2729	2241	2469	228	path	3
2730	2241	2691	450	new	3
2731	2241	2393	152	new	3
2732	2241	2375	134	new	3
2733	2241	2439	198	new	3
2734	2242	2396	154	new	3
2735	2242	2376	134	new	3
2736	2242	2441	199	new	3
2737	2243	2378	135	new	3
2738	2243	2512	269	path	3
2739	2243	2389	146	new	3
2740	2243	2439	196	path	3
2741	2243	2377	134	new	3
2742	2244	2378	134	new	3
2743	2244	2398	154	new	3
2744	2244	2395	151	new	3
2745	2244	2389	145	new	3
2746	2244	2400	156	new	3
2747	2244	2482	238	new	3
2748	2245	2379	134	new	3
2749	2245	2379	134	new	3
2750	2245	2405	160	new	3
2751	2245	2379	134	new	3
2752	2245	2399	154	new	3
2753	2246	2246	0	new	3
2754	2246	2380	134	new	3
2755	2246	2414	168	new	3
2756	2246	2448	202	new	3
2757	2246	2389	143	new	3
2758	2247	2380	133	new	3
2759	2247	2449	202	new	3
2760	2247	2380	133	new	3
2761	2248	2381	133	new	3
2762	2248	2382	134	new	3
2763	2248	2401	153	new	3
2764	2248	2381	133	new	3
2765	2248	2393	145	new	3
2766	2250	2378	128	new	3
2767	2250	2384	134	new	3
2768	2250	2610	360	new	3
2769	2251	2398	147	new	3
2770	2251	2452	201	new	3
2771	2251	2425	174	new	3
2772	2252	2701	449	new	3
2773	2253	2568	315	new	3
2774	2253	2442	189	path	3
2775	2254	2387	133	new	3
2776	2255	2398	143	new	3
2777	2256	2476	220	path	3
2778	2258	2459	201	path	3
2779	2258	2455	197	new	3
2780	2258	2405	147	new	3
2781	2258	2742	484	path	3
2782	2259	2407	148	new	3
2783	2259	2556	297	new	3
2784	2259	2418	159	path	3
2785	2259	2452	193	path	3
2786	2259	2416	157	new	3
2787	2260	2432	172	new	3
2788	2262	2569	307	new	3
2789	2263	2481	218	new	3
2790	2263	2613	350	path	3
2791	2264	2398	134	new	3
2792	2265	2700	435	new	3
2793	2265	2648	383	new	3
2794	2265	2408	143	new	3
2795	2266	2400	134	new	3
2796	2266	2466	200	new	3
2797	2267	2474	207	path	3
2798	2268	2466	198	new	3
2799	2269	2429	160	new	3
2800	2269	2402	133	new	3
2801	2269	2426	157	new	3
2802	2274	2432	158	new	3
2803	2279	2599	320	new	3
2804	2280	2569	289	path	3
2805	2284	2582	298	new	3
2806	2284	2447	163	path	3
2807	2286	2544	258	new	3
2808	2286	2550	264	path	3
2809	2290	2449	159	new	3
2810	2295	2589	294	new	3
2811	2298	2637	339	path	3
2812	2299	2640	341	new	3
2813	2300	2658	358	new	3
2814	2301	2500	199	new	3
2815	2302	2446	144	new	3
2816	2302	2437	135	new	3
2817	2303	2437	134	new	3
2818	2304	2438	134	new	3
2819	2304	2495	191	new	3
2820	2306	2618	312	new	3
2821	2306	2506	200	path	3
2822	2310	2458	148	new	3
2823	2315	2466	151	new	3
2824	2316	2796	480	new	3
2825	2317	2604	287	new	3
2826	2322	2457	135	new	3
2827	2322	2457	135	new	3
2828	2322	2802	480	path	3
2829	2322	2536	214	path	3
2830	2323	2500	177	new	3
2831	2324	2739	415	path	3
2832	2324	2536	212	path	3
2833	2324	2458	134	new	3
2834	2331	2627	296	path	3
2835	2331	2486	155	new	3
2836	2336	2591	255	new	3
2837	2337	2613	276	path	3
2838	2338	2918	580	new	3
2839	2353	2594	241	new	3
2840	2353	2524	171	new	3
2841	2354	2621	267	new	3
2842	2359	2652	293	path	3
2843	2359	2521	162	new	3
2844	2359	2493	134	new	3
2845	2360	2610	250	new	3
2846	2361	2495	134	new	3
2847	2363	2557	194	new	3
2848	2363	2497	134	new	3
2849	2363	2560	197	path	3
2850	2363	2497	134	new	3
2851	2365	2564	199	new	3
2852	2366	2659	293	path	3
2853	2366	2594	228	path	3
2854	2369	2502	133	new	3
2855	2372	2599	227	path	3
2856	2374	2833	459	path	3
2857	2375	2525	150	new	3
2858	2377	2561	184	new	3
2859	2378	2512	134	new	3
2860	2379	2572	193	new	3
2861	2380	2531	151	new	3
2862	2381	2626	245	new	3
2863	2382	2683	301	new	3
2864	2382	2779	397	new	3
2865	2382	2554	172	new	3
2866	2383	2568	185	new	3
2867	2385	2575	190	new	3
2868	2385	2576	191	new	3
2869	2385	2533	148	new	3
2870	2386	2949	563	new	3
2871	2386	2750	364	new	3
2872	2387	2720	333	new	3
2873	2387	2600	213	new	3
2874	2387	2997	610	path	3
2875	2387	2573	186	new	3
2876	2388	2585	197	new	3
2877	2388	2594	206	path	3
2878	2388	2596	208	new	3
2879	2388	2637	249	path	3
2880	2388	2590	202	new	3
2881	2388	2388	0	new	3
2882	2389	2673	284	path	3
2883	2389	2708	319	new	3
2884	2390	2716	326	new	3
2885	2390	2570	180	new	3
2886	2390	2847	457	path	3
2887	2390	2727	337	new	3
2888	2390	2637	247	path	3
2889	2390	2577	187	new	3
2890	2391	2862	471	new	3
2891	2391	2650	259	path	3
2892	2391	2702	311	new	3
2893	2392	2640	248	path	3
2894	2392	2528	136	new	3
2895	2392	2841	449	path	3
2896	2393	2640	247	path	3
2897	2393	2537	144	new	3
2898	2393	2640	247	path	3
2899	2393	2594	201	new	3
2900	2393	2534	141	new	3
2901	2393	2758	365	new	3
2902	2393	2618	225	new	3
2903	2394	2648	254	new	3
2904	2394	2528	134	new	3
2905	2395	2529	134	new	3
2906	2395	2822	427	new	3
2907	2395	2531	136	new	3
2908	2395	2537	142	new	3
2909	2396	2599	203	new	3
2910	2396	2396	0	new	3
2911	2397	2659	262	path	3
2912	2397	2652	255	new	3
2913	2397	2659	262	path	3
2914	2397	2586	189	new	3
2915	2398	2532	134	new	3
2916	2402	2658	256	new	3
2917	2403	2571	168	new	3
2918	2404	2538	134	new	3
2919	2405	2736	331	new	3
2920	2405	2622	217	new	3
2921	2406	2648	242	new	3
2922	2407	2610	203	path	3
2923	2407	2689	282	new	3
2924	2408	2652	244	path	3
2925	2408	2619	211	new	3
2926	2409	2568	159	new	3
2927	2409	2646	237	new	3
2928	2412	2546	134	new	3
2929	2413	2659	246	path	3
2930	2414	2548	134	new	3
2931	2415	2760	345	new	3
2932	2416	2691	275	path	3
2933	2417	2770	353	new	3
2934	2417	2614	197	new	3
2935	2418	2726	308	new	3
2936	2418	2646	228	path	3
2937	2418	2599	181	new	3
2938	2419	2602	183	new	3
2939	2419	2419	0	new	3
2940	2419	2419	0	new	3
2941	2419	2555	136	new	3
2942	2420	2691	271	new	3
2943	2420	2609	189	path	3
2944	2420	2420	0	new	3
2945	2420	2420	0	new	3
2946	2421	2555	134	new	3
2947	2421	2555	134	new	3
2948	2421	2568	147	new	3
2949	2422	2422	0	new	3
2950	2422	2590	168	new	3
2951	2423	2690	267	new	3
2952	2423	2557	134	new	3
2953	2424	2558	134	new	3
2954	2425	2561	136	new	3
2955	2425	2977	552	new	3
2956	2425	2593	168	new	3
2957	2425	2561	136	new	3
2958	2425	2559	134	new	3
2959	2426	2591	165	new	3
2960	2427	2560	133	new	3
2961	2427	2612	185	new	3
2962	2427	2628	201	new	3
2963	2428	2428	0	new	3
2964	2428	2612	184	new	3
2965	2428	2626	198	path	3
2966	2428	2629	201	new	3
2967	2429	2613	184	new	3
2968	2429	2613	184	new	3
2969	2429	2746	317	path	3
2970	2429	2630	201	new	3
2971	2430	2713	283	new	3
2972	2430	2705	275	new	3
2973	2431	2597	166	new	3
2974	2432	2784	352	new	3
2975	2432	2648	216	path	3
2976	2432	2566	134	new	3
2977	2433	2714	281	new	3
2978	2434	2621	187	new	3
2979	2434	2568	134	new	3
2980	2434	2760	326	new	3
2981	2434	2618	184	new	3
2982	2434	2596	162	new	3
2983	2435	2605	170	new	3
2984	2435	2651	216	path	3
2985	2436	2565	129	new	3
2986	2437	2571	134	new	3
2987	2437	2571	134	new	3
2988	2437	2568	131	new	3
2989	2437	2582	145	new	3
2990	2437	2614	177	new	3
2991	2437	2708	271	path	3
2992	2438	2623	185	new	3
2993	2438	2636	198	new	3
2994	2439	2616	177	new	3
2995	2439	2600	161	new	3
2996	2440	2646	206	new	3
2997	2440	2630	190	new	3
2998	2440	2706	266	new	3
2999	2440	2628	188	new	3
3000	2440	2606	166	new	3
3001	2440	2630	190	new	3
3002	2440	2769	329	path	3
3003	2441	2574	133	new	3
3004	2441	2750	309	new	3
3005	2441	2638	197	new	3
3006	2441	2669	228	new	3
3007	2441	2583	142	new	3
3008	2442	2611	169	new	3
3009	2442	2636	194	new	3
3010	2442	2665	223	new	3
3011	2443	2691	248	path	3
3012	2443	2597	154	new	3
3013	2443	2646	203	path	3
3014	2443	2637	194	path	3
3015	2443	2638	195	new	3
3016	2443	2605	162	new	3
3017	2444	2632	188	new	3
3018	2444	2590	146	new	3
3019	2444	2578	134	new	3
3020	2444	2780	336	new	3
3021	2444	2619	175	new	3
3022	2444	2639	195	new	3
3023	2444	2637	193	new	3
3024	2445	2650	205	new	3
3025	2445	2581	136	new	3
3026	2445	2753	308	new	3
3027	2445	3122	677	path	3
3028	2445	2597	152	new	3
3029	2445	2705	260	path	3
3030	2445	2625	180	new	3
3031	2445	2731	286	new	3
3032	2445	2581	136	new	3
3033	2446	2609	163	new	3
3034	2446	2639	193	new	3
3035	2446	2657	211	new	3
3036	2446	2705	259	path	3
3037	2446	2578	132	new	3
3038	2446	2676	230	new	3
3039	2446	2606	160	new	3
3040	2446	2642	196	new	3
3041	2446	2596	150	new	3
3042	2446	2709	263	path	3
3043	2446	2608	162	new	3
3044	2446	2578	132	new	3
3045	2446	2637	191	new	3
3046	2446	2659	213	path	3
3047	2447	2652	205	new	3
3048	2447	2635	188	new	3
3049	2447	2706	259	new	3
3050	2447	2729	282	new	3
3051	2447	2655	208	new	3
3052	2447	2649	202	new	3
3053	2447	2799	352	new	3
3054	2447	2674	227	new	3
3055	2447	2623	176	new	3
3056	2447	2709	262	path	3
3057	2448	2596	148	new	3
3058	2448	2594	146	new	3
3059	2448	2600	152	new	3
3060	2448	2647	199	path	3
3061	2448	2641	193	new	3
3062	2449	2614	165	new	3
3063	2449	2652	203	new	3
3064	2449	2627	178	path	3
3065	2449	2854	405	path	3
3066	2449	2581	132	new	3
3067	2449	2729	280	new	3
3068	2450	2669	219	new	3
3069	2450	2616	166	new	3
3070	2450	2591	141	new	3
3071	2450	2626	176	new	3
3072	2450	2650	200	new	3
3073	2450	2652	202	new	3
3074	2450	2586	136	new	3
3075	2451	2916	465	new	3
3076	2451	2618	167	path	3
3077	2451	2592	141	new	3
3078	2451	2677	226	new	3
3079	2451	2714	263	new	3
3080	2451	2733	282	new	3
3081	2452	2608	156	new	3
3082	2452	2586	134	new	3
3083	2452	2709	257	new	3
3084	2452	2600	148	new	3
3085	2452	2605	153	new	3
3086	2453	2614	161	new	3
3087	2453	2603	150	new	3
3088	2453	2453	0	new	3
3089	2453	2587	134	new	3
3090	2453	2643	190	new	3
3091	2454	2645	191	new	3
3092	2454	2618	164	new	3
3093	2454	2648	194	path	3
3094	2454	2733	279	new	3
3095	2454	2587	133	new	3
3096	2454	2666	212	new	3
3097	2454	2704	250	path	3
3098	2455	2600	145	new	3
3099	2455	2455	0	new	3
3100	2455	2589	134	new	3
3101	2455	2741	286	new	3
3102	2455	2658	203	path	3
3103	2455	2591	136	new	3
3104	2455	2585	130	new	3
3105	2456	2590	134	new	3
3106	2456	2617	161	new	3
3107	2456	2659	203	path	3
3108	2457	2647	190	new	3
3109	2457	2591	134	new	3
3110	2457	2604	147	new	3
3111	2457	2659	202	path	3
3112	2457	2648	191	new	3
3113	2457	2845	388	path	3
3114	2457	2655	198	new	3
3115	2457	2650	193	path	3
3116	2458	2597	139	new	3
3117	2458	2677	219	path	3
3118	2458	2609	151	new	3
3119	2458	2646	188	new	3
3120	2458	2458	0	new	3
3121	2459	2641	182	new	3
3122	2459	2593	134	new	3
3123	2459	2602	143	new	3
3124	2459	2593	134	new	3
3125	2459	2650	191	new	3
3126	2460	2659	199	path	3
3127	2460	2640	180	new	3
3128	2460	2599	139	new	3
3129	2460	2640	180	new	3
3130	2460	2824	364	new	3
3131	2460	2608	148	new	3
3132	2460	2596	136	new	3
3133	2460	2618	158	new	3
3134	2461	2663	202	new	3
3135	2461	2648	187	new	3
3136	2461	2654	193	new	3
3137	2461	2619	158	new	3
3138	2462	2718	256	new	3
3139	2462	2628	166	new	3
3140	2462	2616	154	new	3
3141	2462	2628	166	new	3
3142	2462	2643	181	new	3
3143	2462	2605	143	new	3
3144	2462	2705	243	path	3
3145	2462	2640	178	new	3
3146	2463	2596	133	new	3
3147	2463	2641	178	new	3
3148	2463	2809	346	new	3
3149	2463	2645	182	new	3
3150	2463	2755	292	new	3
3151	2463	2597	134	new	3
3152	2464	2648	184	new	3
3153	2464	2628	164	new	3
3154	2464	3617	1153	path	3
3155	2464	2648	184	path	3
3156	2464	2648	184	path	3
3157	2464	2648	184	path	3
3158	2464	2649	185	path	3
3159	2464	2598	134	new	3
3160	2465	2646	181	new	3
3161	2465	2632	167	new	3
3162	2465	2599	134	new	3
3163	2465	2607	142	new	3
3164	2466	2649	183	new	3
3165	2466	2603	137	new	3
3166	2466	2603	137	new	3
3167	2466	2658	192	new	3
3168	2466	2600	134	new	3
3169	2466	2612	146	new	3
3170	2467	2616	149	new	3
3171	2468	2654	186	new	3
3172	2468	2602	134	new	3
3173	2469	2654	185	new	3
3174	2469	2660	191	new	3
3175	2469	2469	0	new	3
3176	2469	2658	189	path	3
3177	2470	2604	134	new	3
3178	2470	2631	161	new	3
3179	2471	2605	134	new	3
3180	2471	2600	129	new	3
3181	2471	2626	155	new	3
3182	2474	2622	148	new	3
3183	2474	2610	136	new	3
3184	2475	2475	0	new	3
3185	2475	2659	184	new	3
3186	2477	2642	165	new	3
3187	2477	2611	134	new	3
3188	2478	2649	171	new	3
3189	2478	2648	170	path	3
3190	2479	2699	220	new	3
3191	2479	2697	218	new	3
3192	2479	2632	153	new	3
3193	2480	2663	183	new	3
3194	2480	2629	149	new	3
3195	2481	2671	190	new	3
3196	2481	2615	134	new	3
3197	2481	2638	157	new	3
3198	2481	2735	254	new	3
3199	2482	2616	134	new	3
3200	2482	2482	0	new	3
3201	2483	2678	195	new	3
3202	2484	2914	430	path	3
3203	2485	2619	134	new	3
3204	2485	2657	172	new	3
3205	2485	2619	134	new	3
3206	2485	2769	284	new	3
3207	2485	2649	164	path	3
3208	2486	2620	134	new	3
3209	2486	2679	193	new	3
3210	2487	2647	160	new	3
3211	2487	2985	498	new	3
3212	2488	2703	215	new	3
3213	2488	2622	134	new	3
3214	2489	2709	220	new	3
3215	2491	2639	148	new	3
3216	2491	2666	175	new	3
3217	2491	2639	148	new	3
3218	2492	2628	136	new	3
3219	2495	2709	214	new	3
3220	2496	2705	209	path	3
3221	2497	2740	243	path	3
3222	2502	2644	142	new	3
3223	2503	2668	165	new	3
3224	2503	2750	247	path	3
3225	2504	2652	148	new	3
3226	2504	2780	276	new	3
3227	2504	2638	134	new	3
3228	2505	2742	237	new	3
3229	2507	2731	224	new	3
3230	2508	2508	0	new	3
3231	2508	2657	149	new	3
3232	2509	2696	187	new	3
3233	2510	3123	613	new	3
3234	2510	2510	0	new	3
3235	2511	2743	232	new	3
3236	2511	2655	144	new	3
3237	2512	2640	128	new	3
3238	2512	2709	197	new	3
3239	2513	2667	154	new	3
3240	2513	2727	214	new	3
3241	2513	2679	166	new	3
3242	2514	2843	329	new	3
3243	2515	3132	617	new	3
3244	2515	2649	134	new	3
3245	2515	2650	135	new	3
3246	2516	2734	218	new	3
3247	2516	2683	167	new	3
3248	2519	2693	174	new	3
3249	2520	2778	258	path	3
3250	2521	2701	180	new	3
3251	2523	2780	257	path	3
3252	2524	2698	174	new	3
3253	2525	2659	134	new	3
3254	2529	2762	233	new	3
3255	2537	2671	134	new	3
3256	2538	2672	134	new	3
3257	2540	2668	128	new	3
3258	2540	2731	191	new	3
3259	2540	2699	159	path	3
3260	2541	2681	140	new	3
3261	2544	2695	151	new	3
3262	2545	2723	178	new	3
3263	2548	2676	128	new	3
3264	2550	2927	377	new	3
3265	2551	2707	156	new	3
3266	2551	2777	226	new	3
3267	2552	2796	244	path	3
3268	2553	2695	142	new	3
3269	2554	2688	134	new	3
3270	2556	2742	186	new	3
3271	2556	2751	195	path	3
3272	2556	2905	349	new	3
3273	2558	2715	157	new	3
3274	2558	2692	134	new	3
3275	2559	2693	134	new	3
3276	2559	2693	134	new	3
3277	2562	2810	248	new	3
3278	2562	2846	284	new	3
3279	2562	2562	0	new	3
3280	2562	2705	143	new	3
3281	2563	2808	245	path	3
3282	2566	2700	134	new	3
3283	2566	2794	228	new	3
3284	2566	2566	0	new	3
3285	2566	2699	133	new	3
3286	2568	2847	279	new	3
3287	2571	2727	156	new	3
3288	2572	2774	202	path	3
3289	2572	2720	148	new	3
3290	2573	2725	152	new	3
3291	2573	2709	136	new	3
3292	2574	2722	148	new	3
3293	2574	2774	200	path	3
3294	2574	2710	136	new	3
3295	2574	2782	208	path	3
3296	2574	2733	159	new	3
3297	2575	3005	430	new	3
3298	2575	2718	143	new	3
3299	2576	2738	162	new	3
3300	2577	2706	129	new	3
3301	2577	2711	134	new	3
3302	2578	2757	179	new	3
3303	2579	2712	133	new	3
3304	2579	2720	141	new	3
3305	2579	2758	179	new	3
3306	2579	2758	179	new	3
3307	2579	2725	146	new	3
3308	2580	2758	178	path	3
3309	2581	2764	183	new	3
3310	2581	2729	148	new	3
3311	2582	2772	190	path	3
3312	2583	2731	148	new	3
3313	2584	2922	338	path	3
3314	2585	2800	215	new	3
3315	2585	2778	193	path	3
3316	2589	2812	223	new	3
3317	2589	2771	182	new	3
3318	2589	2768	179	new	3
3319	2590	2724	134	new	3
3320	2591	2850	259	path	3
3321	2592	2799	207	new	3
3322	2593	2726	133	new	3
3323	2594	2857	263	path	3
3324	2597	2731	134	new	3
3325	2599	2765	166	new	3
3326	2599	2780	181	new	3
3327	2600	2759	159	new	3
3328	2600	2781	181	new	3
3329	2600	2781	181	new	3
3330	2600	2804	204	new	3
3331	2600	2813	213	new	3
3332	2601	2814	213	new	3
3333	2603	2757	154	new	3
3334	2603	2736	133	new	3
3335	2604	2751	147	new	3
3336	2605	2824	219	new	3
3337	2606	2739	133	new	3
3338	2606	2812	206	new	3
3339	2606	2787	181	new	3
3340	2607	2813	206	new	3
3341	2607	2819	212	new	3
3342	2607	2741	134	new	3
3343	2608	2754	146	new	3
3344	2608	2744	136	new	3
3345	2609	2753	144	new	3
3346	2610	2808	198	path	3
3347	2610	2743	133	new	3
3348	2610	2744	134	new	3
3349	2610	2787	177	path	3
3350	2611	2763	152	new	3
3351	2612	2851	239	path	3
3352	2614	2892	278	new	3
3353	2614	2726	112	path	3
3354	2615	2828	213	new	3
3355	2615	2760	145	new	3
3356	2616	2750	134	new	3
3357	2617	2804	187	new	3
3358	2617	2759	142	new	3
3359	2617	2800	183	new	3
3360	2617	2751	134	new	3
3361	2619	2801	182	new	3
3362	2619	2753	134	new	3
3363	2621	2916	295	new	3
3364	2624	2752	128	new	3
3365	2630	2914	284	new	3
3366	2630	2773	143	new	3
3367	2631	2780	149	new	3
3368	2631	2631	0	new	3
3369	2631	2810	179	new	3
3370	2633	2925	292	new	3
3371	2636	2947	311	new	3
3372	2636	2770	134	new	3
3373	2640	2878	238	path	3
3374	2642	2842	200	new	3
3375	2642	2808	166	new	3
3376	2645	2779	134	new	3
3377	2645	2986	341	path	3
3378	2659	2764	105	path	3
3379	2661	2794	133	new	3
3380	2662	3001	339	path	3
3381	2662	2842	180	new	3
3382	2670	2837	167	new	3
3383	2670	2804	134	new	3
3384	2672	2845	173	new	3
3385	2673	2870	197	path	3
3386	2673	2867	194	path	3
3387	2674	2870	196	path	3
3388	2676	2813	137	new	3
3389	2678	2814	136	new	3
3390	2679	2815	136	new	3
3391	2680	2816	136	new	3
3392	2682	2858	176	path	3
3393	2683	2845	162	new	3
3394	2686	2823	137	new	3
3395	2686	2844	158	new	3
3396	2688	2844	156	new	3
3397	2689	2689	0	new	3
3398	2691	2899	208	new	3
3399	2692	2893	201	new	3
3400	2692	2826	134	new	3
3401	2694	2828	134	new	3
3402	2695	2829	134	new	3
3403	2696	2983	287	new	3
3404	2697	2922	225	new	3
3405	2699	2923	224	new	3
3406	2717	3083	366	path	3
3407	2719	2973	254	new	3
3408	2722	2880	158	new	3
3409	2724	2858	134	new	3
3410	2727	3113	386	new	3
3411	2736	3112	376	new	3
3412	2737	3084	347	new	3
3413	2738	3006	268	path	3
3414	2740	2914	174	new	3
3415	2741	3078	337	path	3
3416	2743	2951	208	path	3
3417	2743	2934	191	new	3
3418	2743	3136	393	new	3
3419	2743	3051	308	new	3
3420	2745	2878	133	new	3
3421	2746	3057	311	new	3
3422	2763	2906	143	new	3
3423	2765	2899	134	new	3
3424	2767	2999	232	path	3
3425	2768	2904	136	new	3
3426	2769	2923	154	new	3
3427	2769	2902	133	new	3
3428	2772	2905	133	new	3
3429	2773	2938	165	new	3
3430	2775	2976	201	new	3
3431	2779	2928	149	new	3
3432	2779	2926	147	new	3
3433	2780	2921	141	new	3
3434	2780	2915	135	new	3
3435	2780	2919	139	new	3
3436	2782	3078	296	new	3
3437	2783	3081	298	new	3
3438	2783	2917	134	new	3
3439	2783	2934	151	new	3
3440	2783	2975	192	path	3
3441	2784	2938	154	new	3
3442	2784	2956	172	new	3
3443	2784	2920	136	new	3
3444	2784	2918	134	new	3
3445	2785	2915	130	new	3
3446	2785	2928	143	new	3
3447	2785	2918	133	new	3
3448	2786	2786	0	new	3
3449	2786	2967	181	new	3
3450	2787	2917	130	new	3
3451	2787	2921	134	new	3
3452	2787	2968	181	new	3
3453	2788	2939	151	new	3
3454	2789	2922	133	new	3
3455	2790	3093	303	path	3
3456	2790	2926	136	new	3
3457	2790	2940	150	new	3
3458	2790	3028	238	path	3
3459	2791	3092	301	path	3
3460	2791	3086	295	new	3
3461	2791	2970	179	new	3
3462	2792	3027	235	path	3
3463	2793	2926	133	new	3
3464	2794	3083	289	new	3
3465	2795	2929	134	new	3
3466	2796	2930	134	new	3
3467	2796	3005	209	new	3
3468	2797	2933	136	new	3
3469	2797	2963	166	new	3
3470	2797	3016	219	new	3
3471	2797	3020	223	new	3
3472	2798	3084	286	new	3
3473	2798	2952	154	new	3
3474	2800	2983	183	path	3
3475	2801	2934	133	new	3
3476	2801	2938	137	new	3
3477	2802	2935	133	new	3
3478	2802	2994	192	new	3
3479	2803	2973	170	new	3
3480	2804	2938	134	new	3
3481	2804	3101	297	new	3
3482	2805	2983	178	new	3
3483	2805	3003	198	new	3
3484	2805	2939	134	new	3
3485	2806	2994	188	path	3
3486	2806	2949	143	path	3
3487	2806	2979	173	path	3
3488	2806	2976	170	new	3
3489	2806	2940	134	new	3
3490	2807	2968	161	new	3
3491	2807	2948	141	new	3
3492	2810	3023	213	new	3
3493	2810	2943	133	new	3
3494	2812	3030	218	path	3
3495	2820	3066	246	new	3
3496	2821	3044	223	new	3
3497	2821	3123	302	path	3
3498	2825	3099	274	path	3
3499	2840	2973	133	new	3
3500	2858	3086	228	new	3
3501	2870	3037	167	new	3
3502	2871	3098	227	new	3
3503	2875	3113	238	new	3
3504	2876	3017	141	new	3
3505	2877	3110	233	new	3
3506	2877	3117	240	new	3
3507	2878	3019	141	new	3
3508	2880	3063	183	new	3
3509	2880	3035	155	new	3
3510	2882	3019	137	new	3
3511	2883	3027	144	new	3
3512	2884	3084	200	path	3
3513	2884	3102	218	new	3
3514	2885	3081	196	path	3
3515	2885	3021	136	new	3
3516	2885	3195	310	new	3
3517	2885	3019	134	new	3
3518	2885	3081	196	path	3
3519	2885	3130	245	new	3
3520	2886	3020	134	new	3
3521	2887	3039	152	new	3
3522	2888	3071	183	new	3
3523	2890	3111	221	path	3
3524	2890	3202	312	new	3
3525	2890	3229	339	new	3
3526	2891	3078	187	new	3
3527	2891	3240	349	new	3
3528	2892	3160	268	path	3
3529	2892	3202	310	path	3
3530	2893	3064	171	new	3
3531	2893	2893	0	new	3
3532	2894	3027	133	new	3
3533	2895	3245	350	path	3
3534	2895	3031	136	new	3
3535	2895	3029	134	new	3
3536	2897	3181	284	new	3
3537	2897	3031	134	new	3
3538	2898	3046	148	new	3
3539	2898	3105	207	new	3
3540	2899	3075	176	new	3
3541	2899	2899	0	new	3
3542	2899	2899	0	new	3
3543	2899	3196	297	new	3
3544	2899	3086	187	new	3
3545	2899	3174	275	path	3
3546	2901	3111	210	path	3
3547	2901	3072	171	new	3
3548	2903	3084	181	new	3
3549	2903	3213	310	path	3
3550	2903	3167	264	new	3
3551	2904	3080	176	new	3
3552	2905	3236	331	new	3
3553	2906	3087	181	path	3
3554	2906	3040	134	new	3
3555	2908	3042	134	new	3
3556	2908	3041	133	new	3
3557	2909	3050	141	new	3
3558	2911	3054	143	new	3
3559	2911	3045	134	new	3
3560	2911	3052	141	new	3
3561	2911	3061	150	new	3
3562	2911	3282	371	new	3
3563	2912	2912	0	new	3
3564	2912	3040	128	new	3
3565	2912	3046	134	new	3
3566	2913	3047	134	new	3
3567	2913	3105	192	path	3
3568	2913	3047	134	new	3
3569	2913	3057	144	new	3
3570	2913	2913	0	new	3
3571	2913	3041	128	new	3
3572	2913	3092	179	new	3
3573	2913	3092	179	new	3
3574	2914	3089	175	new	3
3575	2914	3174	260	path	3
3576	2914	3065	151	new	3
3577	2915	3063	148	new	3
3578	2915	3065	150	new	3
3579	2915	3051	136	new	3
3580	2916	3099	183	path	3
3581	2916	3093	177	new	3
3582	2917	3068	151	new	3
3583	2917	3094	177	new	3
3584	2917	3094	177	new	3
3585	2917	3233	316	path	3
3586	2917	3599	682	new	3
3587	2917	3050	133	new	3
3588	2919	3095	176	new	3
3589	2919	3095	176	path	3
3590	2922	3578	656	new	3
3591	2922	3097	175	new	3
3592	2925	3088	163	new	3
3593	2925	3059	134	new	3
3594	2942	3076	134	new	3
3595	2942	3086	144	new	3
3596	2942	3086	144	new	3
3597	2944	3080	136	new	3
3598	2944	3078	134	new	3
3599	2951	3084	133	new	3
3600	2952	3080	128	new	3
3601	2954	3082	128	new	3
3602	2956	3089	133	new	3
3603	2960	3093	133	new	3
3604	2961	3089	128	new	3
3605	2964	3112	148	new	3
3606	2965	3099	134	new	3
3607	2965	3100	135	new	3
3608	2966	3113	147	new	3
3609	2967	3110	143	new	3
3610	2967	3101	134	new	3
3611	2968	3124	156	new	3
3612	2968	3104	136	new	3
3613	2968	3104	136	new	3
3614	2968	3104	136	new	3
3615	2971	3104	133	new	3
3616	2971	3120	149	new	3
3617	2972	3106	134	new	3
3618	2972	3100	128	new	3
3619	2973	3117	144	new	3
3620	2974	3126	152	new	3
3621	2974	3126	152	new	3
3622	2976	3127	151	new	3
3623	2977	3138	161	new	3
3624	2978	3136	158	new	3
3625	2978	3195	217	path	3
3626	2980	3166	186	new	3
3627	2982	3119	137	new	3
3628	2982	3148	166	new	3
3629	2985	3161	176	path	3
3630	2986	3116	130	new	3
3631	2987	3144	157	new	3
3632	2987	3121	134	new	3
3633	2988	3124	136	new	3
3634	2988	3167	179	path	3
3635	2989	3202	213	new	3
3636	2989	3126	137	new	3
3637	2990	3196	206	new	3
3638	2991	3152	161	new	3
3639	2991	3125	134	new	3
3640	2992	3164	172	new	3
3641	2993	3184	191	new	3
3642	2997	3210	213	new	3
3643	3000	3255	255	new	3
3644	3017	3609	592	path	3
3645	3048	3185	137	new	3
3646	3051	3199	148	new	3
3647	3064	3248	184	new	3
3648	3075	3275	200	new	3
3649	3084	3591	507	new	3
3650	3109	3282	173	path	3
3651	3112	3269	157	new	3
3652	3112	3245	133	new	3
3653	3112	3269	157	new	3
3654	3127	3890	763	path	3
3655	3132	3364	232	new	3
3656	3132	3321	189	new	3
3657	3133	3410	277	path	3
3658	3133	3385	252	path	3
3659	3133	3385	252	path	3
3660	3133	3385	252	path	3
3661	3134	3356	222	new	3
3662	3134	3446	312	path	3
3663	3135	3385	250	path	3
3664	3135	3384	249	path	3
3665	3135	3297	162	new	3
3666	3141	3542	401	new	3
3667	3142	3310	168	new	3
3668	3142	3408	266	new	3
3669	3144	3412	268	new	3
3670	3145	3317	172	new	3
3671	3146	3889	743	new	3
3672	3147	3321	174	path	3
3673	3147	3313	166	new	3
3674	3148	3334	186	new	3
3675	3149	3415	266	new	3
3676	3149	3149	0	new	3
3677	3149	3330	181	new	3
3678	3149	3417	268	new	3
3679	3150	3341	191	new	3
3680	3150	3350	200	new	3
3681	3150	3431	281	new	3
3682	3150	3456	306	new	3
3683	3151	3519	368	path	3
3684	3151	3284	133	new	3
3685	3152	3321	169	new	3
3686	3153	3326	173	new	3
3687	3154	3287	133	new	3
3688	3154	3836	682	new	3
3689	3154	3446	292	path	3
3690	3155	3384	229	path	3
3691	3156	3526	370	path	3
3692	3158	3414	256	new	3
3693	3158	3401	243	new	3
3694	3179	3313	134	new	3
3695	3182	3407	225	new	3
3696	3183	3618	435	new	3
3697	3183	3514	331	new	3
3698	3184	3361	177	new	3
3699	3184	3334	150	path	3
3700	3185	3361	176	new	3
3701	3185	3368	183	new	3
3702	3186	3397	211	path	3
3703	3186	3362	176	new	3
3704	3186	3344	158	new	3
3705	3186	3320	134	new	3
3706	3186	3369	183	new	3
3707	3187	3365	178	new	3
3708	3187	3559	372	new	3
3709	3188	3616	428	path	3
3710	3189	3446	257	path	3
3711	3191	3330	139	new	3
3712	3192	3344	152	new	3
3713	3195	3470	275	new	3
3714	3201	3381	180	new	3
3715	3202	3474	272	path	3
3716	3204	3351	147	new	3
3717	3205	3339	134	new	3
3718	3206	3423	217	new	3
3719	3206	3348	142	new	3
3720	3207	3570	363	new	3
3721	3208	3446	238	path	3
3722	3208	3393	185	new	3
3723	3209	3363	154	new	3
3724	3209	3381	172	new	3
3725	3211	3381	170	path	3
3726	3212	3401	189	path	3
3727	3214	3605	391	new	3
3728	3215	3367	152	new	3
3729	3217	3414	197	path	3
3730	3227	3361	134	new	3
3731	3239	3402	163	new	3
3732	3243	3525	282	new	3
3733	3247	3446	199	path	3
3734	3249	3385	136	new	3
3735	3256	3599	343	path	3
3736	3258	3734	476	path	3
3737	3259	3566	307	new	3
3738	3259	3563	304	new	3
3739	3263	3414	151	new	3
3740	3264	3734	470	path	3
3741	3264	3264	0	new	3
3742	3264	3596	332	new	3
3743	3265	3555	290	path	3
3744	3268	3538	270	new	3
3745	3268	3268	0	new	3
3746	3274	3410	136	new	3
3747	3275	3568	293	new	3
3748	3276	3409	133	new	3
3749	3284	3418	134	new	3
3750	3284	3585	301	new	3
3751	3286	3619	333	path	3
3752	3286	3569	283	new	3
3753	3288	3609	321	path	3
3754	3289	3465	176	new	3
3755	3294	3596	302	new	3
3756	3303	3578	275	path	3
3757	3306	3533	227	new	3
3758	3306	3551	245	new	3
3759	3308	3463	155	new	3
3760	3308	3308	0	new	3
3761	3309	3517	208	new	3
3762	3311	3448	137	new	3
3763	3312	3579	267	new	3
3764	3312	3572	260	path	3
3765	3313	3535	222	new	3
3766	3314	3840	526	path	3
3767	3315	3611	296	new	3
3768	3318	3555	237	path	3
3769	3320	3563	243	path	3
3770	3320	3486	166	new	3
3771	3321	3518	197	new	3
3772	3322	3557	235	new	3
3773	3323	3457	134	new	3
3774	3323	3587	264	new	3
3775	3323	3555	232	new	3
3776	3323	3538	215	path	3
3777	3325	3793	468	new	3
3778	3326	3493	167	new	3
3779	3329	3584	255	new	3
3780	3329	3463	134	new	3
3781	3334	3608	274	new	3
3782	3336	3599	263	new	3
3783	3344	3344	0	new	3
3784	3348	3348	0	new	3
3785	3348	3480	132	new	3
3786	3350	3525	175	new	3
3787	3352	3508	156	new	3
3788	3352	3789	437	path	3
3789	3353	3506	153	new	3
3790	3354	3737	383	new	3
3791	3354	3840	486	new	3
3792	3354	3759	405	new	3
3793	3355	3551	196	path	3
3794	3355	3509	154	new	3
3795	3356	3526	170	new	3
3796	3356	3516	160	new	3
3797	3357	3485	128	new	3
3798	3358	3526	168	new	3
3799	3358	3651	293	new	3
3800	3359	3519	160	new	3
3801	3361	3361	0	new	3
3802	3362	3498	136	new	3
3803	3363	3672	309	new	3
3804	3364	3498	134	new	3
3805	3364	3504	140	new	3
3806	3364	3509	145	new	3
3807	3364	3616	252	new	3
3808	3365	3520	155	new	3
3809	3365	3599	234	path	3
3810	3365	3749	384	new	3
3811	3365	3599	234	path	3
3812	3367	3367	0	new	3
3813	3367	3560	193	path	3
3814	3367	3525	158	new	3
3815	3367	3720	353	new	3
3816	3367	3611	244	path	3
3817	3368	3551	183	new	3
3818	3369	3641	272	new	3
3819	3370	3550	180	new	3
3820	3370	3570	200	new	3
3821	3371	3581	210	new	3
3822	3371	3514	143	new	3
3823	3371	3526	155	new	3
3824	3371	3596	225	path	3
3825	3371	3507	136	new	3
3826	3372	3372	0	new	3
3827	3372	3650	278	new	3
3828	3372	3738	366	new	3
3829	3373	3507	134	new	3
3830	3373	3566	193	path	3
3831	3373	3513	140	new	3
3832	3373	3557	184	path	3
3833	3374	3536	162	new	3
3834	3374	3629	255	new	3
3835	3374	3852	478	new	3
3836	3375	3526	151	new	3
3837	3375	3679	304	new	3
3838	3375	3526	151	new	3
3839	3375	3532	157	new	3
3840	3375	3587	212	path	3
3841	3376	3588	212	new	3
3842	3379	3552	173	new	3
3843	3379	3567	188	new	3
3844	3380	3599	219	path	3
3845	3381	3916	535	path	3
3846	3381	3593	212	path	3
3847	3382	3793	411	new	3
3848	3382	3579	197	path	3
3849	3382	3562	180	new	3
3850	3383	3517	134	new	3
3851	3383	3517	134	new	3
3852	3383	3383	0	new	3
3853	3384	3618	234	path	3
3854	3384	3596	212	new	3
3855	3384	3583	199	new	3
3856	3386	3565	179	new	3
3857	3386	3579	193	path	3
3858	3390	3599	209	path	3
3859	3392	3573	181	new	3
3860	3394	3394	0	new	3
3861	3403	3578	175	new	3
3862	3417	3595	178	new	3
3863	3419	3596	177	path	3
3864	3419	3596	177	path	3
3865	3419	3595	176	new	3
3866	3419	3595	176	new	3
3867	3419	3877	458	path	3
3868	3423	3890	467	new	3
3869	3423	3567	144	new	3
3870	3424	3582	158	new	3
3871	3424	3622	198	path	3
3872	3424	3582	158	new	3
3873	3424	3616	192	path	3
3874	3424	3583	159	new	3
3875	3425	3585	160	new	3
3876	3426	3576	150	new	3
3877	3426	3601	175	path	3
3878	3426	3426	0	new	3
3879	3427	3572	145	new	3
3880	3427	3596	169	new	3
3881	3427	3561	134	new	3
3882	3427	3596	169	new	3
3883	3427	3561	134	new	3
3884	3427	3563	136	new	3
3885	3428	3874	446	new	3
3886	3428	3562	134	new	3
3887	3429	3564	135	new	3
3888	3429	3836	407	path	3
3889	3431	3564	133	new	3
3890	3431	3565	134	new	3
3891	3431	3565	134	new	3
3892	3432	3906	474	path	3
3893	3432	3566	134	new	3
3894	3432	3606	174	new	3
3895	3432	3608	176	new	3
3896	3433	3567	134	new	3
3897	3433	3567	134	new	3
3898	3433	3741	308	new	3
3899	3434	3804	370	new	3
3900	3434	3571	137	new	3
3901	3435	3591	156	new	3
3902	3435	3575	140	new	3
3903	3436	3590	154	new	3
3904	3436	3569	133	new	3
3905	3436	3572	136	new	3
3906	3437	3571	134	new	3
3907	3437	3613	176	new	3
3908	3437	3578	141	new	3
3909	3438	3572	134	new	3
3910	3439	3572	133	new	3
3911	3440	3574	134	new	3
3912	3441	3575	134	new	3
3913	3441	3575	134	new	3
3914	3441	3575	134	new	3
3915	3441	3910	469	new	3
3916	3443	3576	133	new	3
3917	3443	3577	134	new	3
3918	3447	3580	133	new	3
3919	3458	3720	262	path	3
3920	3459	3629	170	new	3
3921	3460	3647	187	new	3
3922	3461	3461	0	new	3
3923	3464	3634	170	new	3
3924	3464	3679	215	path	3
3925	3467	3598	131	new	3
3926	3467	3601	134	new	3
3927	3467	3679	212	path	3
3928	3468	3700	232	new	3
3929	3468	3641	173	new	3
3930	3469	3759	290	new	3
3931	3469	3720	251	path	3
3932	3469	3734	265	path	3
3933	3470	3470	0	new	3
3934	3470	3789	319	path	3
3935	3470	3648	178	new	3
3936	3470	3694	224	new	3
3937	3470	3694	224	new	3
3938	3470	3784	314	path	3
3939	3470	3760	290	new	3
3940	3470	3680	210	new	3
3941	3471	3609	138	new	3
3942	3472	3660	188	new	3
3943	3472	3472	0	new	3
3944	3472	3647	175	new	3
3945	3472	3734	262	path	3
3946	3473	3607	134	new	3
3947	3473	3607	134	new	3
3948	3473	3739	266	new	3
3949	3473	3655	182	new	3
3950	3474	3733	259	new	3
3951	3474	3625	151	new	3
3952	3474	3679	205	path	3
3953	3474	3680	206	new	3
3954	3474	3679	205	new	3
3955	3474	3608	134	new	3
3956	3474	3729	255	new	3
3957	3474	3679	205	path	3
3958	3474	3656	182	new	3
3959	3474	3670	196	path	3
3960	3474	3708	234	new	3
3961	3474	3726	252	new	3
3962	3475	3732	257	path	3
3963	3475	3634	159	new	3
3964	3475	3616	141	new	3
3965	3475	3639	164	new	3
3966	3475	3752	277	new	3
3967	3476	3735	259	path	3
3968	3476	3734	258	new	3
3969	3477	3650	173	new	3
3970	3477	3707	230	path	3
3971	3477	3771	294	path	3
3972	3477	3707	230	path	3
3973	3477	3632	155	new	3
3974	3478	3680	202	path	3
3975	3478	3716	238	path	3
3976	3478	3734	256	path	3
3977	3479	3712	233	new	3
3978	3479	3734	255	path	3
3979	3480	3710	230	new	3
3980	3480	3716	236	path	3
3981	3480	3679	199	path	3
3982	3480	3662	182	new	3
3983	3481	3791	310	path	3
3984	3481	3739	258	new	3
3985	3481	3716	235	path	3
3986	3481	3716	235	path	3
3987	3482	3675	193	new	3
3988	3483	3619	136	new	3
3989	3485	3676	191	new	3
3990	3488	3624	136	new	3
3991	3489	3625	136	new	3
3992	3489	3623	134	new	3
3993	3491	3625	134	new	3
3994	3491	3697	206	new	3
3995	3492	3625	133	new	3
3996	3496	3823	327	new	3
3997	3497	3752	255	new	3
3998	3498	3693	195	path	3
3999	3499	3640	141	new	3
4000	3500	3716	216	new	3
4001	3500	-1	-1	censored	3
4002	3500	3631	131	new	3
4003	3502	3703	201	new	3
4004	3505	3505	0	new	3
4005	3505	3637	132	new	3
4006	3505	3721	216	new	3
4007	3505	3744	239	path	3
4008	3506	3758	252	path	3
4009	3506	3768	262	new	3
4010	3507	3660	153	new	3
4011	3507	3678	171	new	3
4012	3507	3696	189	new	3
4013	3507	3759	252	path	3
4014	3509	3707	198	new	3
4015	3509	3828	319	path	3
4016	3510	3783	273	new	3
4017	3510	3643	133	new	3
4018	3510	3760	250	path	3
4019	3510	3736	226	new	3
4020	3510	3707	197	new	3
4021	3510	3737	227	path	3
4022	3510	3916	406	path	3
4023	3511	3690	179	new	3
4024	3511	3719	208	new	3
4025	3511	3662	151	new	3
4026	3511	3734	223	path	3
4027	3511	3645	134	new	3
4028	3512	3700	188	new	3
4029	3512	3738	226	new	3
4030	3514	3688	174	new	3
4031	3514	3756	242	new	3
4032	3514	3722	208	new	3
4033	3514	3685	171	new	3
4034	3515	3765	250	path	3
4035	3516	3817	301	new	3
4036	3516	3786	270	new	3
4037	3516	3692	176	new	3
4038	3516	3820	304	path	3
4039	3517	3650	133	new	3
4040	3517	3919	402	path	3
4041	3517	3517	0	new	3
4042	3519	3723	204	new	3
4043	3520	3652	132	new	3
4044	3521	3761	240	path	3
4045	3522	3749	227	new	3
4046	3523	3739	216	path	3
4047	3524	3768	244	path	3
4048	3525	3737	212	new	3
4049	3526	3662	136	new	3
4050	3527	3895	368	new	3
4051	3527	3661	134	new	3
4052	3528	3671	143	new	3
4053	3528	3745	217	new	3
4054	3529	-1	-1	censored	3
4055	3531	3683	152	path	3
4056	3532	3703	171	new	3
4057	3532	3693	161	path	3
4058	3535	3754	219	new	3
4059	3536	3856	320	new	3
4060	3540	3934	394	new	3
4061	3540	3747	207	new	3
4062	3540	3734	194	path	3
4063	3541	3541	0	new	3
4064	3544	3703	159	new	3
4065	3545	3682	137	new	3
4066	3545	3696	151	new	3
4067	3545	3735	190	new	3
4068	3547	3791	244	path	3
4069	3547	3547	0	new	3
4070	3548	3783	235	path	3
4071	3549	3697	148	new	3
4072	3549	3717	168	new	3
4073	3549	3744	195	path	3
4074	3549	3755	206	path	3
4075	3549	3793	244	path	3
4076	3550	3717	167	new	3
4077	3550	3892	342	new	3
4078	3550	3684	134	new	3
4079	3550	3717	167	new	3
4080	3551	3736	185	new	3
4081	3551	3684	133	new	3
4082	3551	3867	316	path	3
4083	3552	3772	220	new	3
4084	3552	3685	133	new	3
4085	3552	3704	152	new	3
4086	3553	3687	134	new	3
4087	3553	3807	254	path	3
4088	3553	3697	144	new	3
4089	3553	3901	348	path	3
4090	3554	3793	239	path	3
4091	3556	3556	0	new	3
4092	3556	3736	180	path	3
4093	3556	3690	134	new	3
4094	3556	3800	244	path	3
4095	3556	3735	179	new	3
4096	3557	3823	266	new	3
4097	3558	3733	175	new	3
4098	3558	3882	324	new	3
4099	3559	3759	200	new	3
4100	3559	3713	154	new	3
4101	3560	3708	148	new	3
4102	3560	3891	331	new	3
4103	3560	3560	0	new	3
4104	3562	3740	178	new	3
4105	3563	3697	134	new	3
4106	3563	3745	182	new	3
4107	3563	3750	187	new	3
4108	3564	3724	160	new	3
4109	3564	3762	198	new	3
4110	3565	3711	146	new	3
4111	3566	3760	194	new	3
4112	3566	3733	167	new	3
4113	3566	3700	134	new	3
4114	3567	3727	160	new	3
4115	3567	3715	148	new	3
4116	3567	3701	134	new	3
4117	3568	3759	191	new	3
4118	3568	3759	191	new	3
4119	3569	3760	191	new	3
4120	3569	3715	146	new	3
4121	3570	3745	175	new	3
4122	3570	3817	247	path	3
4123	3570	3761	191	new	3
4124	3571	3705	134	new	3
4125	3571	3766	195	new	3
4126	3571	3901	330	new	3
4127	3572	3879	307	new	3
4128	3572	3714	142	new	3
4129	3572	3793	221	path	3
4130	3573	3757	184	new	3
4131	3573	3705	132	new	3
4132	3573	3742	169	new	3
4133	3573	3732	159	new	3
4134	3574	3750	176	new	3
4135	3575	3865	290	new	3
4136	3575	3760	185	path	3
4137	3575	3575	0	new	3
4138	3576	3707	131	new	3
4139	3576	3924	348	new	3
4140	3576	-1	-1	censored	3
4141	3576	3754	178	new	3
4142	3577	3724	147	new	3
4143	3577	3744	167	path	3
4144	3577	3767	190	new	3
4145	3577	3749	172	new	3
4146	3577	3821	244	path	3
4147	3577	3711	134	new	3
4148	3578	3725	147	new	3
4149	3578	3782	204	new	3
4150	3578	3764	186	path	3
4151	3578	3711	133	new	3
4152	3579	3792	213	new	3
4153	3580	3714	134	new	3
4154	3582	3816	234	new	3
4155	3583	3850	267	new	3
4156	3584	3720	136	new	3
4157	3585	3719	134	new	3
4158	3587	3811	224	new	3
4159	3587	3773	186	new	3
4160	3588	3823	235	path	3
4161	3590	3726	136	new	3
4162	3591	3916	325	new	3
4163	3591	3755	164	new	3
4164	3598	3744	146	new	3
4165	3598	3732	134	new	3
4166	3601	3737	136	new	3
4167	3607	3607	0	new	3
4168	3608	3828	220	path	3
4169	3610	3874	264	new	3
4170	3610	3809	199	new	3
4171	3611	3762	151	new	3
4172	3611	3984	373	path	3
4173	3612	3765	153	new	3
4174	3612	3766	154	new	3
4175	3613	3765	152	new	3
4176	3613	3743	130	new	3
4177	3614	-1	-1	censored	3
4178	3614	3767	153	new	3
4179	3614	3770	156	new	3
4180	3614	3834	220	new	3
4181	3615	3770	155	new	3
4182	3615	3840	225	path	3
4183	3615	3838	223	new	3
4184	3615	3772	157	new	3
4185	3616	3887	271	new	3
4186	3616	3762	146	new	3
4187	3617	3877	260	new	3
4188	3617	3817	200	new	3
4189	3617	3917	300	new	3
4190	3617	3758	141	new	3
4191	3618	3751	133	new	3
4192	3618	3832	214	path	3
4193	3619	3804	185	new	3
4194	3619	3978	359	new	3
4195	3619	3875	256	new	3
4196	3620	3891	271	new	3
4197	3620	3768	148	new	3
4198	3620	3620	0	new	3
4199	3621	3874	253	path	3
4200	3622	3869	247	new	3
4201	3622	3622	0	new	3
4202	3624	3894	270	new	3
4203	3625	3818	193	new	3
4204	3626	3760	134	new	3
4205	3626	3961	335	path	3
4206	3627	3761	134	new	3
4207	3628	3786	158	new	3
4208	3628	3809	181	new	3
4209	3629	3763	134	new	3
4210	3630	3908	278	new	3
4211	3631	3832	201	path	3
4212	3631	3765	134	new	3
4213	3632	3919	287	new	3
4214	3632	3809	177	new	3
4215	3633	3826	193	new	3
4216	3633	3767	134	new	3
4217	3635	3932	297	new	3
4218	3635	3872	237	new	3
4219	3635	3769	134	new	3
4220	3638	3772	134	new	3
4221	3639	3781	142	new	3
4222	3640	3774	134	new	3
4223	3641	3906	265	path	3
4224	3642	3831	189	new	3
4225	3642	3899	257	new	3
4226	3642	3816	174	path	3
4227	3644	3778	134	new	3
4228	3645	3645	0	new	3
4229	3645	3830	185	new	3
4230	3646	3780	134	new	3
4231	3646	3895	249	new	3
4232	3647	3799	152	new	3
4233	3648	3905	257	new	3
4234	3648	3795	147	new	3
4235	3649	3797	148	new	3
4236	3649	3857	208	new	3
4237	3650	3804	154	new	3
4238	3651	3800	149	new	3
4239	3651	3785	134	new	3
4240	3651	3780	129	new	3
4241	3652	3852	200	path	3
4242	3652	3822	170	new	3
4243	3653	3796	143	new	3
4244	3653	3789	136	new	3
4245	3653	3818	165	new	3
4246	3653	3825	172	new	3
4247	3653	3796	143	new	3
4248	3654	3817	163	new	3
4249	3654	3916	262	new	3
4250	3656	3904	248	new	3
4251	3657	3804	147	new	3
4252	3657	3802	145	new	3
4253	3658	3915	257	new	3
4254	3659	3852	193	path	3
4255	3684	-1	-1	censored	3
4256	3689	3856	167	new	3
4257	3689	-1	-1	censored	3
4258	3689	-1	-1	censored	3
4259	3690	3858	168	new	3
4260	3692	-1	-1	censored	3
4261	3692	3692	0	new	3
4262	3694	3863	169	new	3
4263	3695	3829	134	new	3
4264	3698	3870	172	new	3
4265	3700	3837	137	new	3
4266	3701	-1	-1	censored	3
4267	3702	3879	177	new	3
4268	3704	-1	-1	censored	3
4269	3706	3840	134	new	3
4270	3706	3899	193	new	3
4271	3707	3863	156	new	3
4272	3708	3902	194	new	3
4273	3709	3843	134	new	3
4274	3709	3859	150	new	3
4275	3711	3911	200	new	3
4276	3712	3859	147	new	3
4277	3712	3884	172	new	3
4278	3712	-1	-1	censored	3
4279	3714	3911	197	path	3
4280	3714	3881	167	new	3
4281	3714	3890	176	new	3
4282	3716	3885	169	new	3
4283	3716	3885	169	new	3
4284	3716	3858	142	new	3
4285	3716	3879	163	new	3
4286	3717	3851	134	new	3
4287	3717	3865	148	new	3
4288	3717	3899	182	new	3
4289	3717	3920	203	new	3
4290	3717	-1	-1	censored	3
4291	3717	3881	164	new	3
4292	3718	3875	157	new	3
4293	3719	3894	175	new	3
4294	3719	3946	227	new	3
4295	3719	3891	172	new	3
4296	3721	3721	0	new	3
4297	3721	3863	142	new	3
4298	3722	3945	223	new	3
4299	3722	3974	252	new	3
4300	3722	3856	134	new	3
4301	3723	3884	161	new	3
4302	3723	-1	-1	censored	3
4303	3723	3917	194	path	3
4304	3723	3857	134	new	3
4305	3724	3724	0	new	3
4306	3724	3905	181	new	3
4307	3724	3858	134	new	3
4308	3725	3913	188	new	3
4309	3725	3886	161	new	3
4310	3725	-1	-1	censored	3
4311	3725	3873	148	new	3
4312	3725	3900	175	new	3
4313	3726	-1	-1	censored	3
4314	3726	3927	201	path	3
4315	3727	3893	166	new	3
4316	3727	3889	162	new	3
4317	3727	3925	198	new	3
4318	3728	3876	148	new	3
4319	3728	3894	166	new	3
4320	3728	3862	134	new	3
4321	3729	3904	175	new	3
4322	3729	3924	195	new	3
4323	3730	3730	0	new	3
4324	3730	3880	150	new	3
4325	3730	3897	167	new	3
4326	3730	3872	142	new	3
4327	3731	3865	134	new	3
4328	3731	3904	173	new	3
4329	3732	3898	166	new	3
4330	3732	3873	141	new	3
4331	3732	3899	167	new	3
4332	3732	3888	156	new	3
4333	3733	3894	161	new	3
4334	3733	3898	165	new	3
4335	3733	3880	147	new	3
4336	3733	3898	165	new	3
4337	3734	3868	134	new	3
4338	3734	3877	143	new	3
4339	3734	3877	143	new	3
4340	3735	3907	172	new	3
4341	3736	3883	147	new	3
4342	3736	3870	134	new	3
4343	3736	3897	161	new	3
4344	3737	3916	179	new	3
4345	3738	3874	136	new	3
4346	3738	3874	136	new	3
4347	3739	3873	134	new	3
4348	3739	3874	135	new	3
4349	3740	3876	136	new	3
4350	3740	3883	143	new	3
4351	3740	3932	192	path	3
4352	3741	3741	0	new	3
4353	3741	3741	0	new	3
4354	3742	3876	134	new	3
4355	3742	-1	-1	censored	3
4356	3742	3889	147	new	3
4357	3743	3879	136	new	3
4358	3743	3951	208	new	3
4359	3743	3879	136	new	3
4360	3743	3877	134	new	3
4361	3744	3898	154	new	3
4362	3745	3922	177	new	3
4363	3745	3922	177	new	3
4364	3745	3916	171	path	3
4365	3745	3890	145	new	3
4366	3746	3881	135	new	3
4367	3746	3880	134	new	3
4368	3747	3881	134	new	3
4369	3748	3910	162	new	3
4370	3748	3889	141	new	3
4371	3749	3912	163	new	3
4372	3750	3899	149	new	3
4373	3750	3891	141	new	3
4374	3751	3900	149	new	3
4375	3752	3911	159	new	3
4376	3752	3898	146	new	3
4377	3753	3886	133	new	3
4378	3753	3882	129	new	3
4379	3753	3887	134	new	3
4380	3754	3888	134	new	3
4381	3755	3908	153	new	3
4382	3755	3889	134	new	3
4383	3755	3907	152	new	3
4384	3756	3905	149	new	3
4385	3756	3919	163	new	3
4386	3756	3890	134	new	3
4387	3757	3902	145	new	3
4388	3757	3902	145	new	3
4389	3757	3891	134	new	3
4390	3757	3910	153	new	3
4391	3761	3761	0	new	3
4392	3761	3895	134	new	3
4393	3761	3761	0	new	3
4394	3763	3916	153	new	3
4395	3764	3898	134	new	3
4396	3768	3896	128	new	3
4397	3771	3899	128	new	3
4398	3798	-1	-1	censored	3
4399	3800	-1	-1	censored	3
4400	3801	-1	-1	censored	3
4401	3801	-1	-1	censored	3
4402	3801	-1	-1	censored	3
4403	3802	-1	-1	censored	3
4404	3803	-1	-1	censored	3
4405	3803	3803	0	new	3
4406	3803	3961	158	new	3
4407	3805	-1	-1	censored	3
4408	3805	-1	-1	censored	3
4409	3807	-1	-1	censored	3
4410	3808	3808	0	new	3
4411	3808	-1	-1	censored	3
4412	3809	3945	136	new	3
4413	3811	-1	-1	censored	3
4414	3811	-1	-1	censored	3
4415	3811	3946	135	new	3
4416	3811	3945	134	new	3
4417	3811	-1	-1	censored	3
4418	3812	-1	-1	censored	3
4419	3812	-1	-1	censored	3
4420	3813	3813	0	new	3
4421	3817	-1	-1	censored	3
4422	3819	-1	-1	censored	3
4423	3819	-1	-1	censored	3
4424	3819	3982	163	new	3
4425	3819	3967	148	new	3
4426	3821	3997	176	new	3
4427	3821	-1	-1	censored	3
4428	3822	3998	176	new	3
4429	3823	-1	-1	censored	3
4430	3823	-1	-1	censored	3
4431	3823	-1	-1	censored	3
4432	3824	3958	134	new	3
4433	3824	-1	-1	censored	3
4434	3824	-1	-1	censored	3
4435	3825	3825	0	new	3
4436	3825	-1	-1	censored	3
4437	3827	-1	-1	censored	3
4438	3838	-1	-1	censored	3
4439	3838	-1	-1	censored	3
4440	3840	-1	-1	censored	3
4441	3843	-1	-1	censored	3
4442	3845	3845	0	new	3
4443	3847	-1	-1	censored	3
4444	3849	-1	-1	censored	3
4445	3857	-1	-1	censored	3
4446	3861	3861	0	new	3
4447	3862	-1	-1	censored	3
4448	3862	3998	136	new	3
4449	3863	-1	-1	censored	3
4450	3863	-1	-1	censored	3
4451	3864	3864	0	new	3
4452	3870	-1	-1	censored	3
4453	3871	-1	-1	censored	3
4454	3871	-1	-1	censored	3
4455	3872	-1	-1	censored	3
4456	3872	-1	-1	censored	3
4457	3874	-1	-1	censored	3
4458	3875	3875	0	new	3
4459	3876	-1	-1	censored	3
4460	3877	-1	-1	censored	3
4461	3877	-1	-1	censored	3
4462	3877	-1	-1	censored	3
4463	3878	-1	-1	censored	3
4464	3878	-1	-1	censored	3
4465	3878	-1	-1	censored	3
4466	3878	-1	-1	censored	3
4467	3878	-1	-1	censored	3
4468	3878	-1	-1	censored	3
4469	3879	-1	-1	censored	3
4470	3879	-1	-1	censored	3
4471	3879	-1	-1	censored	3
4472	3879	-1	-1	censored	3
4473	3880	-1	-1	censored	3
4474	3880	-1	-1	censored	3
4475	3881	-1	-1	censored	3
4476	3882	-1	-1	censored	3
4477	3882	3882	0	new	3
4478	3882	-1	-1	censored	3
4479	3882	-1	-1	censored	3
4480	3883	-1	-1	censored	3
4481	3883	-1	-1	censored	3
4482	3883	-1	-1	censored	3
4483	3883	-1	-1	censored	3
4484	3884	-1	-1	censored	3
4485	3884	-1	-1	censored	3
4486	3885	-1	-1	censored	3
4487	3885	-1	-1	censored	3
4488	3886	-1	-1	censored	3
4489	3889	-1	-1	censored	3
4490	3889	-1	-1	censored	3
4491	3890	-1	-1	censored	3
4492	3891	-1	-1	censored	3
4493	3891	-1	-1	censored	3
4494	3893	-1	-1	censored	3
4495	3893	-1	-1	censored	3
4496	3895	-1	-1	censored	3
4497	3896	-1	-1	censored	3
4498	3896	-1	-1	censored	3
4499	3897	-1	-1	censored	3
4500	3898	-1	-1	censored	3
4501	3899	-1	-1	censored	3
4502	3900	-1	-1	censored	3
4503	3900	-1	-1	censored	3
4504	3902	-1	-1	censored	3
4505	3904	-1	-1	censored	3
4506	3909	-1	-1	censored	3
4507	3911	3911	0	new	3
4508	3911	-1	-1	censored	3
4509	3911	-1	-1	censored	3
4510	3911	-1	-1	censored	3
4511	3913	-1	-1	censored	3
4512	3914	-1	-1	censored	3
4513	3915	-1	-1	censored	3
4514	3916	-1	-1	censored	3
4515	3917	-1	-1	censored	3
4516	3917	-1	-1	censored	3
4517	3918	-1	-1	censored	3
4518	3918	-1	-1	censored	3
4519	3918	-1	-1	censored	3
4520	3919	-1	-1	censored	3
4521	3922	-1	-1	censored	3
4522	3924	-1	-1	censored	3
4523	3924	-1	-1	censored	3
4524	3925	-1	-1	censored	3
4525	3925	-1	-1	censored	3
4526	3926	-1	-1	censored	3
4527	3931	3931	0	new	3
4528	3932	-1	-1	censored	3
4529	3932	-1	-1	censored	3
4530	3934	-1	-1	censored	3
4531	3934	-1	-1	censored	3
4532	3938	-1	-1	censored	3
4533	3938	-1	-1	censored	3
4534	3940	-1	-1	censored	3
4535	3941	-1	-1	censored	3
4536	3947	-1	-1	censored	3
4537	3951	-1	-1	censored	3
4538	3952	-1	-1	censored	3
4539	3956	-1	-1	censored	3
4540	3958	3958	0	new	3
4541	3960	-1	-1	censored	3
4542	3960	-1	-1	censored	3
4543	3964	-1	-1	censored	3
4544	3964	-1	-1	censored	3
4545	3964	-1	-1	censored	3
4546	3965	-1	-1	censored	3
4547	3965	-1	-1	censored	3
4548	3966	-1	-1	censored	3
4549	3966	-1	-1	censored	3
4550	3966	-1	-1	censored	3
4551	3966	-1	-1	censored	3
4552	3967	-1	-1	censored	3
4553	3968	-1	-1	censored	3
4554	3968	-1	-1	censored	3
4555	3969	-1	-1	censored	3
4556	3969	-1	-1	censored	3
4557	3970	-1	-1	censored	3
4558	3970	-1	-1	censored	3
4559	3970	-1	-1	censored	3
4560	3970	-1	-1	censored	3
4561	3971	-1	-1	censored	3
4562	3971	-1	-1	censored	3
4563	3971	-1	-1	censored	3
4564	3971	-1	-1	censored	3
4565	3972	-1	-1	censored	3
4566	3972	-1	-1	censored	3
4567	3972	-1	-1	censored	3
4568	3973	-1	-1	censored	3
4569	3973	-1	-1	censored	3
4570	3973	-1	-1	censored	3
4571	3973	-1	-1	censored	3
4572	3975	-1	-1	censored	3
4573	3976	3976	0	new	3
4574	3976	-1	-1	censored	3
4575	3976	-1	-1	censored	3
4576	3976	-1	-1	censored	3
4577	3977	-1	-1	censored	3
4578	3977	-1	-1	censored	3
4579	3978	-1	-1	censored	3
4580	3978	-1	-1	censored	3
4581	3978	-1	-1	censored	3
4582	3979	-1	-1	censored	3
4583	3979	-1	-1	censored	3
4584	3980	-1	-1	censored	3
4585	3981	-1	-1	censored	3
4586	3982	-1	-1	censored	3
4587	3983	-1	-1	censored	3
4588	3985	-1	-1	censored	3
4589	3990	-1	-1	censored	3
4590	3991	-1	-1	censored	3
4591	3997	-1	-1	censored	3
