cycle_id	birth	death	lifetime	died_by	len
0	6	379	373	new	3
1	7	276	269	new	3
2	9	301	292	new	3
3	9	334	325	new	3
4	10	244	234	new	3
5	11	280	269	new	3
6	11	389	378	new	3
7	11	276	265	path	3
8	11	306	295	new	3
9	12	271	259	new	3
10	12	372	360	path	3
11	13	273	260	new	3
12	13	446	433	new	3
13	15	250	235	new	3
14	15	391	376	new	3
15	16	239	223	new	3
16	17	366	349	new	3
17	17	321	304	new	3
18	17	290	273	new	3
19	18	250	232	new	3
20	18	197	179	new	3
21	19	280	261	new	3
22	20	262	242	new	3
23	20	207	187	new	3
24	21	379	358	path	3
25	21	250	229	path	3
26	21	261	240	new	3
27	21	251	230	new	3
28	23	447	424	path	3
29	23	276	253	path	3
30	23	229	206	new	3
31	23	184	161	new	3
32	25	393	368	path	3
33	26	306	280	path	3
34	26	276	250	path	3
35	26	276	250	path	3
36	26	350	324	new	3
37	26	246	220	new	3
38	26	193	167	new	3
39	26	330	304	new	3
40	26	199	173	new	3
41	26	195	169	new	3
42	27	249	222	new	3
43	27	206	179	new	3
44	27	209	182	new	3
45	27	208	181	new	3
46	27	276	249	path	3
47	28	264	236	new	3
48	28	238	210	new	3
49	28	389	361	path	3
50	28	459	431	new	3
51	28	286	258	new	3
52	28	370	342	new	3
53	29	273	244	path	3
54	29	205	176	new	3
55	29	199	170	new	3
56	29	216	187	new	3
57	30	224	194	new	3
58	30	506	476	new	3
59	30	177	147	new	3
60	30	232	202	new	3
61	30	345	315	new	3
62	31	395	364	new	3
63	31	232	201	new	3
64	31	301	270	path	3
65	32	388	356	new	3
66	32	369	337	new	3
67	32	408	376	new	3
68	32	289	257	new	3
69	32	389	357	new	3
70	32	188	156	new	3
71	32	362	330	new	3
72	33	366	333	path	3
73	33	166	133	new	3
74	33	244	211	path	3
75	34	168	134	new	3
76	34	255	221	new	3
77	34	328	294	path	3
78	34	167	133	new	3
79	34	381	347	new	3
80	34	276	242	path	3
81	35	343	308	new	3
82	35	262	227	path	3
83	35	353	318	new	3
84	35	182	147	new	3
85	36	366	330	path	3
86	36	226	190	new	3
87	36	259	223	new	3
88	37	379	342	path	3
89	37	289	252	path	3
90	37	330	293	new	3
91	37	312	275	new	3
92	38	345	307	new	3
93	38	327	289	new	3
94	38	256	218	new	3
95	39	175	136	new	3
96	39	250	211	path	3
97	39	206	167	new	3
98	39	173	134	new	3
99	39	698	659	new	3
100	40	289	249	path	3
101	40	350	310	path	3
102	40	306	266	path	3
103	40	374	334	new	3
104	40	372	332	path	3
105	40	262	222	new	3
106	40	334	294	path	3
107	41	263	222	new	3
108	41	263	222	new	3
109	41	325	284	path	3
110	41	238	197	new	3
111	41	280	239	new	3
112	41	246	205	path	3
113	41	184	143	new	3
114	41	310	269	new	3
115	41	367	326	new	3
116	41	249	208	new	3
117	41	193	152	new	3
118	41	175	134	new	3
119	41	174	133	new	3
120	42	307	265	new	3
121	42	218	176	new	3
122	42	310	268	new	3
123	42	264	222	new	3
124	42	372	330	path	3
125	43	234	191	new	3
126	43	216	173	new	3
127	43	194	151	new	3
128	44	290	246	path	3
129	44	320	276	path	3
130	44	196	152	new	3
131	44	180	136	new	3
132	44	331	287	new	3
133	44	178	134	new	3
134	44	379	335	path	3
135	45	236	191	new	3
136	45	239	194	path	3
137	45	452	407	new	3
138	45	203	158	new	3
139	45	239	194	path	3
140	45	715	670	path	3
141	45	249	204	path	3
142	46	280	234	new	3
143	46	265	219	new	3
144	46	324	278	new	3
145	46	272	226	path	3
146	46	294	248	new	3
147	46	263	217	path	3
148	46	334	288	new	3
149	47	250	203	path	3
150	47	224	177	new	3
151	47	250	203	path	3
152	47	181	134	new	3
153	47	255	208	path	3
154	48	182	134	new	3
155	48	492	444	path	3
156	48	225	177	new	3
157	48	280	232	path	3
158	49	366	317	path	3
159	49	196	147	new	3
160	49	185	136	new	3
161	49	236	187	new	3
162	49	212	163	new	3
163	49	197	148	new	3
164	49	258	209	new	3
165	49	301	252	path	3
166	50	183	133	new	3
167	50	269	219	new	3
168	50	440	390	new	3
169	50	521	471	path	3
170	50	280	230	path	3
171	50	215	165	new	3
172	50	271	221	path	3
173	50	341	291	new	3
174	51	224	173	new	3
175	51	234	183	new	3
176	52	432	380	new	3
177	52	447	395	new	3
178	52	323	271	new	3
179	53	272	219	new	3
180	53	275	222	new	3
181	53	380	327	new	3
182	53	239	186	new	3
183	53	218	165	new	3
184	54	391	337	path	3
185	55	258	203	new	3
186	56	264	208	path	3
187	56	204	148	new	3
188	56	281	225	new	3
189	57	273	216	new	3
190	57	239	182	new	3
191	58	204	146	new	3
192	58	238	180	new	3
193	61	276	215	path	3
194	61	306	245	path	3
195	63	262	199	path	3
196	64	222	158	new	3
197	65	273	208	new	3
198	69	282	213	new	3
199	70	379	309	path	3
200	70	386	316	new	3
201	70	277	207	new	3
202	70	215	145	new	3
203	70	204	134	new	3
204	71	406	335	new	3
205	72	226	154	new	3
206	72	206	134	new	3
207	72	400	328	new	3
208	72	324	252	new	3
209	73	207	134	new	3
210	74	488	414	new	3
211	74	370	296	new	3
212	74	263	189	path	3
213	74	315	241	new	3
214	75	450	375	new	3
215	75	269	194	new	3
216	75	397	322	path	3
217	76	279	203	new	3
218	76	299	223	new	3
219	76	417	341	new	3
220	76	381	305	path	3
221	80	391	311	path	3
222	80	408	328	path	3
223	80	685	605	new	3
224	80	214	134	new	3
225	80	247	167	new	3
226	82	264	182	new	3
227	82	234	152	new	3
228	83	217	134	new	3
229	84	268	184	new	3
230	84	297	213	new	3
231	85	221	136	new	3
232	85	242	157	new	3
233	85	268	183	new	3
234	85	412	327	path	3
235	85	301	216	new	3
236	86	310	224	path	3
237	86	421	335	path	3
238	86	318	232	new	3
239	86	301	215	path	3
240	86	374	288	new	3
241	86	290	204	path	3
242	87	231	144	new	3
243	87	221	134	new	3
244	88	246	158	new	3
245	88	353	265	path	3
246	89	438	349	path	3
247	90	280	190	path	3
248	90	342	252	path	3
249	91	391	300	path	3
250	91	223	132	new	3
251	92	362	270	path	3
252	92	260	168	new	3
253	92	225	133	new	3
254	92	365	273	path	3
255	92	273	181	new	3
256	93	334	241	path	3
257	93	247	154	new	3
258	93	299	206	new	3
259	94	290	196	path	3
260	94	354	260	new	3
261	94	310	216	path	3
262	94	348	254	path	3
263	95	411	316	new	3
264	95	514	419	path	3
265	95	229	134	new	3
266	97	369	272	path	3
267	98	295	197	new	3
268	98	229	131	new	3
269	98	325	227	path	3
270	99	454	355	path	3
271	100	385	285	new	3
272	102	289	187	new	3
273	103	320	217	new	3
274	103	303	200	new	3
275	105	353	248	new	3
276	105	285	180	new	3
277	106	350	244	path	3
278	106	459	353	new	3
279	106	299	193	path	3
280	106	259	153	path	3
281	106	365	259	path	3
282	107	306	199	path	3
283	110	327	217	new	3
284	113	316	203	new	3
285	113	589	476	new	3
286	113	312	199	new	3
287	114	315	201	path	3
288	114	272	158	new	3
289	115	301	186	path	3
290	118	324	206	new	3
291	121	401	280	new	3
292	122	331	209	path	3
293	123	290	167	new	3
294	124	339	215	new	3
295	125	329	204	new	3
296	125	344	219	new	3
297	126	332	206	new	3
298	126	260	134	new	3
299	126	349	223	new	3
300	126	379	253	new	3
301	126	390	264	new	3
302	126	342	216	new	3
303	126	354	228	path	3
304	127	310	183	new	3
305	127	299	172	new	3
306	127	632	505	path	3
307	127	364	237	new	3
308	129	388	259	new	3
309	129	431	302	path	3
310	130	359	229	new	3
311	130	304	174	new	3
312	130	381	251	new	3
313	130	346	216	new	3
314	131	351	220	new	3
315	131	288	157	new	3
316	131	286	155	new	3
317	132	354	222	path	3
318	133	288	155	new	3
319	133	288	155	new	3
320	134	442	308	new	3
321	134	477	343	path	3
322	134	340	206	new	3
323	135	287	152	new	3
324	136	329	193	new	3
325	136	354	218	new	3
326	136	328	192	new	3
327	136	521	385	path	3
328	136	397	261	path	3
329	137	306	169	new	3
330	137	378	241	new	3
331	137	312	175	new	3
332	137	361	224	new	3
333	138	422	284	path	3
334	138	354	216	path	3
335	139	302	163	new	3
336	139	610	471	path	3
337	139	405	266	path	3
338	140	272	132	new	3
339	141	277	136	new	3
340	141	397	256	path	3
341	142	289	147	new	3
342	142	337	195	new	3
343	143	325	182	new	3
344	143	277	134	new	3
345	143	356	213	new	3
346	143	276	133	new	3
347	144	508	364	new	3
348	144	334	190	new	3
349	144	370	226	path	3
350	144	370	226	path	3
351	144	451	307	new	3
352	146	317	171	new	3
353	146	410	264	path	3
354	146	440	294	path	3
355	147	414	267	path	3
356	148	310	162	new	3
357	148	342	194	path	3
358	148	340	192	new	3
359	148	333	185	new	3
360	148	504	356	new	3
361	148	328	180	new	3
362	149	303	154	new	3
363	149	340	191	new	3
364	149	319	170	path	3
365	149	428	279	new	3
366	149	283	134	new	3
367	151	309	158	new	3
368	151	361	210	path	3
369	152	284	132	new	3
370	152	404	252	path	3
371	154	408	254	path	3
372	154	299	145	new	3
373	154	370	216	new	3
374	155	373	218	path	3
375	156	393	237	path	3
376	156	321	165	new	3
377	156	301	145	new	3
378	158	422	264	path	3
379	158	323	165	new	3
380	158	340	182	new	3
381	159	398	239	path	3
382	159	319	160	new	3
383	159	411	252	path	3
384	159	401	242	new	3
385	159	482	323	path	3
386	160	381	221	path	3
387	161	312	151	new	3
388	161	312	151	new	3
389	161	324	163	new	3
390	161	370	209	path	3
391	161	360	199	path	3
392	161	294	133	new	3
393	161	525	364	new	3
394	162	303	141	new	3
395	163	395	232	path	3
396	163	310	147	new	3
397	164	298	134	new	3
398	165	351	186	new	3
399	166	388	222	path	3
400	166	300	134	new	3
401	166	407	241	new	3
402	167	350	183	new	3
403	167	317	150	new	3
404	167	335	168	new	3
405	167	326	159	new	3
406	167	379	212	new	3
407	167	315	148	new	3
408	167	353	186	new	3
409	168	326	158	new	3
410	168	383	215	new	3
411	168	302	134	new	3
412	169	453	284	new	3
413	169	366	197	new	3
414	169	397	228	path	3
415	170	446	276	new	3
416	170	304	134	new	3
417	170	446	276	new	3
418	171	339	168	new	3
419	171	347	176	new	3
420	171	387	216	new	3
421	171	304	133	new	3
422	172	306	134	new	3
423	172	329	157	new	3
424	172	435	263	new	3
425	172	346	174	path	3
426	173	334	161	new	3
427	173	407	234	new	3
428	173	324	151	new	3
429	174	412	238	path	3
430	175	366	191	new	3
431	175	350	175	new	3
432	176	395	219	new	3
433	176	370	194	path	3
434	176	451	275	new	3
435	176	799	623	new	3
436	177	381	204	path	3
437	177	381	204	path	3
438	177	308	131	new	3
439	177	443	266	path	3
440	177	374	197	new	3
441	177	392	215	new	3
442	177	452	275	new	3
443	178	344	166	new	3
444	178	375	197	new	3
445	178	375	197	new	3
446	178	375	197	new	3
447	179	394	215	new	3
448	179	456	277	path	3
449	179	364	185	new	3
450	179	313	134	new	3
451	179	330	151	new	3
452	179	344	165	new	3
453	179	390	211	new	3
454	180	382	202	path	3
455	180	347	167	new	3
456	180	360	180	new	3
457	180	314	134	new	3
458	180	365	185	new	3
459	181	391	210	path	3
460	181	314	133	new	3
461	181	397	216	path	3
462	181	369	188	path	3
463	181	394	213	new	3
464	181	480	299	path	3
465	181	325	144	new	3
466	182	458	276	new	3
467	182	379	197	path	3
468	182	349	167	new	3
469	183	390	207	path	3
470	183	398	215	new	3
471	183	398	215	new	3
472	183	335	152	new	3
473	184	397	213	path	3
474	184	369	185	new	3
475	184	345	161	new	3
476	185	365	180	new	3
477	185	366	181	new	3
478	185	389	204	path	3
479	185	374	189	path	3
480	185	434	249	path	3
481	185	529	344	new	3
482	185	401	216	path	3
483	185	447	262	path	3
484	185	322	137	new	3
485	186	320	134	new	3
486	187	341	154	new	3
487	187	352	165	new	3
488	187	348	161	new	3
489	187	320	133	new	3
490	187	321	134	new	3
491	187	354	167	new	3
492	187	433	246	new	3
493	188	454	266	new	3
494	188	371	183	new	3
495	188	378	190	new	3
496	188	400	212	path	3
497	188	346	158	new	3
498	189	373	184	path	3
499	189	337	148	new	3
500	189	336	147	new	3
501	189	322	133	new	3
502	189	434	245	new	3
503	190	404	214	new	3
504	190	432	242	new	3
505	190	377	187	new	3
506	190	447	257	path	3
507	190	353	163	new	3
508	191	373	182	path	3
509	191	339	148	new	3
510	191	387	196	new	3
511	191	377	186	new	3
512	191	419	228	new	3
513	191	328	137	new	3
514	192	326	134	new	3
515	192	326	134	new	3
516	192	388	196	path	3
517	192	390	198	path	3
518	192	396	204	path	3
519	192	348	156	new	3
520	192	407	215	new	3
521	193	383	190	new	3
522	193	326	133	new	3
523	193	326	133	new	3
524	194	802	608	path	3
525	194	341	147	new	3
526	194	443	249	path	3
527	195	388	193	path	3
528	195	415	220	new	3
529	195	369	174	new	3
530	196	412	216	new	3
531	196	541	345	new	3
532	196	330	134	new	3
533	197	482	285	path	3
534	198	398	200	path	3
535	198	447	249	path	3
536	198	394	196	new	3
537	198	334	136	new	3
538	198	417	219	path	3
539	199	347	148	new	3
540	199	379	180	path	3
541	200	392	192	new	3
542	200	334	134	new	3
543	200	334	134	new	3
544	200	400	200	new	3
545	200	395	195	path	3
546	200	334	134	new	3
547	201	365	164	new	3
548	201	354	153	new	3
549	202	395	193	path	3
550	202	335	133	new	3
551	203	417	214	new	3
552	203	337	134	new	3
553	203	337	134	new	3
554	205	477	272	path	3
555	206	339	133	new	3
556	207	463	256	new	3
557	207	368	161	new	3
558	208	392	184	new	3
559	208	342	134	new	3
560	209	342	133	new	3
561	209	407	198	new	3
562	209	343	134	new	3
563	210	383	173	new	3
564	210	407	197	path	3
565	210	371	161	new	3
566	211	456	245	path	3
567	212	387	175	new	3
568	212	378	166	path	3
569	212	477	265	path	3
570	212	596	384	new	3
571	213	345	132	new	3
572	213	391	178	path	3
573	214	398	184	new	3
574	215	385	170	new	3
575	216	368	152	new	3
576	216	382	166	new	3
577	217	415	198	new	3
578	219	352	133	new	3
579	219	388	169	new	3
580	221	450	229	new	3
581	221	409	188	new	3
582	223	357	134	new	3
583	225	621	396	new	3
584	226	412	186	new	3
585	227	559	332	new	3
586	227	379	152	new	3
587	229	229	0	new	3
588	229	362	133	new	3
589	232	393	161	new	3
590	233	596	363	path	3
591	233	392	159	new	3
592	234	396	162	path	3
593	234	388	154	new	3
594	234	562	328	new	3
595	235	382	147	new	3
596	236	463	227	path	3
597	236	372	136	new	3
598	236	439	203	new	3
599	236	370	134	new	3
600	236	633	397	path	3
601	237	451	214	new	3
602	237	419	182	new	3
603	238	430	192	new	3
604	238	367	129	new	3
605	238	398	160	new	3
606	238	379	141	new	3
607	239	626	387	new	3
608	239	483	244	path	3
609	239	482	243	path	3
610	240	376	136	new	3
611	242	370	128	new	3
612	244	404	160	new	3
613	244	583	339	new	3
614	244	378	134	new	3
615	244	433	189	path	3
616	246	379	133	new	3
617	247	427	180	new	3
618	247	381	134	new	3
619	247	381	134	new	3
620	248	660	412	path	3
621	249	428	179	path	3
622	251	443	192	path	3
623	251	451	200	path	3
624	251	449	198	new	3
625	252	411	159	new	3
626	252	598	346	new	3
627	252	452	200	new	3
628	252	466	214	new	3
629	255	389	134	new	3
630	256	404	148	new	3
631	256	398	142	new	3
632	257	447	190	new	3
633	257	609	352	path	3
634	258	729	471	new	3
635	258	452	194	path	3
636	259	541	282	new	3
637	261	443	182	new	3
638	264	425	161	new	3
639	266	399	133	new	3
640	266	546	280	new	3
641	268	440	172	new	3
642	268	480	212	path	3
643	268	424	156	new	3
644	269	560	291	path	3
645	273	453	180	new	3
646	273	881	608	path	3
647	274	464	190	path	3
648	274	447	173	new	3
649	274	445	171	new	3
650	275	585	310	new	3
651	281	482	201	new	3
652	283	558	275	path	3
653	283	511	228	new	3
654	284	420	136	new	3
655	301	452	151	path	3
656	302	439	137	new	3
657	302	718	416	path	3
658	303	449	146	path	3
659	304	480	176	path	3
660	308	438	130	new	3
661	309	442	133	new	3
662	312	445	133	new	3
663	312	471	159	new	3
664	314	509	195	path	3
665	314	527	213	new	3
666	314	832	518	new	3
667	315	565	250	path	3
668	315	528	213	new	3
669	315	529	214	new	3
670	315	496	181	new	3
671	315	449	134	new	3
672	316	450	134	new	3
673	316	720	404	path	3
674	317	451	134	new	3
675	317	734	417	path	3
676	317	450	133	new	3
677	317	572	255	path	3
678	318	500	182	new	3
679	318	452	134	new	3
680	318	451	133	new	3
681	318	487	169	new	3
682	318	523	205	path	3
683	319	552	233	new	3
684	320	498	178	new	3
685	320	550	230	path	3
686	320	482	162	new	3
687	320	498	178	new	3
688	321	534	213	new	3
689	321	477	156	new	3
690	321	550	229	new	3
691	321	457	136	new	3
692	323	457	134	new	3
693	324	483	159	new	3
694	324	452	128	new	3
695	325	534	209	new	3
696	326	470	144	new	3
697	326	814	488	new	3
698	326	483	157	new	3
699	328	550	222	new	3
700	330	527	197	new	3
701	330	540	210	new	3
702	330	485	155	new	3
703	333	609	276	path	3
704	334	495	161	new	3
705	336	570	234	new	3
706	338	661	323	path	3
707	340	618	278	new	3
708	342	476	134	new	3
709	342	562	220	new	3
710	343	528	185	new	3
711	343	647	304	new	3
712	350	618	268	path	3
713	353	534	181	path	3
714	359	760	401	path	3
715	359	539	180	new	3
716	359	540	181	path	3
717	361	561	200	new	3
718	363	497	134	new	3
719	363	543	180	new	3
720	364	560	196	new	3
721	367	500	133	new	3
722	367	549	182	new	3
723	367	659	292	new	3
724	368	640	272	new	3
725	368	615	247	path	3
726	368	714	346	path	3
727	369	666	297	new	3
728	370	581	211	new	3
729	370	525	155	new	3
730	371	650	279	new	3
731	372	652	280	new	3
732	372	534	162	new	3
733	373	519	146	new	3
734	373	540	167	new	3
735	373	579	206	new	3
736	375	610	235	path	3
737	375	621	246	new	3
738	375	622	247	path	3
739	376	599	223	new	3
740	376	609	233	new	3
741	377	724	347	path	3
742	380	562	182	path	3
743	380	658	278	new	3
744	381	555	174	new	3
745	381	548	167	new	3
746	383	517	134	new	3
747	384	585	201	new	3
748	384	574	190	path	3
749	384	518	134	new	3
750	385	519	134	new	3
751	387	574	187	new	3
752	387	555	168	new	3
753	387	515	128	new	3
754	390	577	187	new	3
755	390	524	134	new	3
756	391	561	170	new	3
757	391	549	158	new	3
758	391	799	408	path	3
759	391	391	0	new	3
760	392	552	160	new	3
761	394	599	205	path	3
762	394	546	152	new	3
763	395	555	160	new	3
764	395	573	178	new	3
765	396	549	153	new	3
766	397	556	159	new	3
767	397	555	158	new	3
768	397	572	175	new	3
769	397	857	460	new	3
770	397	533	136	new	3
771	398	556	158	new	3
772	398	398	0	new	3
773	399	560	161	new	3
774	399	529	130	new	3
775	399	533	134	new	3
776	399	608	209	new	3
777	400	585	185	new	3
778	400	640	240	path	3
779	400	636	236	new	3
780	401	555	154	new	3
781	403	533	130	new	3
782	403	536	133	new	3
783	403	719	316	path	3
784	404	538	134	new	3
785	405	692	287	new	3
786	405	565	160	new	3
787	405	609	204	path	3
788	405	541	136	new	3
789	405	565	160	new	3
790	406	630	224	new	3
791	406	551	145	new	3
792	406	647	241	new	3
793	407	650	243	new	3
794	407	1259	852	new	3
795	407	589	182	new	3
796	407	580	173	path	3
797	408	664	256	path	3
798	408	542	134	new	3
799	408	540	132	new	3
800	408	542	134	new	3
801	410	769	359	new	3
802	410	576	166	new	3
803	410	644	234	new	3
804	411	544	133	new	3
805	411	621	210	new	3
806	411	578	167	new	3
807	411	697	286	path	3
808	411	562	151	new	3
809	412	724	312	new	3
810	412	545	133	new	3
811	413	590	177	new	3
812	414	846	432	path	3
813	414	559	145	new	3
814	414	692	278	path	3
815	415	551	136	new	3
816	415	560	145	new	3
817	415	415	0	new	3
818	415	585	170	new	3
819	415	415	0	new	3
820	416	735	319	new	3
821	416	583	167	new	3
822	416	598	182	path	3
823	416	582	166	new	3
824	417	581	164	new	3
825	417	621	204	path	3
826	417	763	346	new	3
827	418	669	251	new	3
828	418	663	245	new	3
829	418	724	306	new	3
830	418	560	142	new	3
831	421	627	206	new	3
832	421	554	133	new	3
833	421	638	217	new	3
834	421	621	200	path	3
835	422	556	134	new	3
836	422	556	134	new	3
837	422	560	138	path	3
838	424	670	246	path	3
839	424	719	295	new	3
840	424	557	133	new	3
841	425	558	133	new	3
842	425	558	133	new	3
843	425	558	133	new	3
844	430	610	180	path	3
845	432	727	295	new	3
846	436	647	211	new	3
847	438	921	483	new	3
848	441	614	173	new	3
849	443	964	521	new	3
850	446	580	134	new	3
851	446	668	222	new	3
852	449	635	186	new	3
853	449	725	276	path	3
854	449	649	200	path	3
855	453	639	186	new	3
856	457	735	278	new	3
857	460	875	415	new	3
858	462	698	236	path	3
859	468	995	527	new	3
860	472	667	195	path	3
861	474	700	226	path	3
862	475	475	0	new	3
863	477	707	230	path	3
864	478	641	163	new	3
865	479	648	169	new	3
866	481	615	134	new	3
867	483	631	148	new	3
868	485	803	318	new	3
869	487	826	339	new	3
870	488	951	463	path	3
871	488	643	155	new	3
872	488	684	196	new	3
873	489	787	298	new	3
874	489	669	180	new	3
875	489	626	137	new	3
876	489	923	434	path	3
877	491	686	195	new	3
878	491	643	152	new	3
879	491	624	133	new	3
880	491	625	134	new	3
881	492	626	134	new	3
882	492	848	356	path	3
883	492	492	0	new	3
884	492	864	372	path	3
885	493	640	147	new	3
886	493	783	290	new	3
887	493	836	343	path	3
888	494	734	240	path	3
889	494	675	181	path	3
890	497	698	201	new	3
891	498	666	168	new	3
892	498	663	165	path	3
893	498	691	193	path	3
894	499	709	210	new	3
895	501	710	209	path	3
896	501	637	136	new	3
897	502	630	128	new	3
898	502	661	159	new	3
899	503	698	195	path	3
900	503	636	133	new	3
901	504	638	134	new	3
902	504	638	134	new	3
903	504	504	0	new	3
904	504	634	130	new	3
905	505	709	204	path	3
906	505	715	210	new	3
907	505	702	197	new	3
908	505	702	197	new	3
909	508	718	210	new	3
910	508	718	210	new	3
911	508	667	159	new	3
912	508	760	252	new	3
913	509	974	465	path	3
914	510	678	168	new	3
915	510	645	135	new	3
916	511	721	210	new	3
917	512	704	192	new	3
918	512	512	0	new	3
919	512	646	134	new	3
920	512	817	305	path	3
921	512	723	211	new	3
922	512	660	148	new	3
923	513	647	134	new	3
924	513	647	134	new	3
925	514	688	174	new	3
926	514	514	0	new	3
927	516	701	185	new	3
928	516	778	262	new	3
929	516	713	197	path	3
930	516	832	316	path	3
931	516	729	213	new	3
932	517	712	195	new	3
933	517	651	134	new	3
934	517	707	190	path	3
935	518	652	134	new	3
936	519	770	251	new	3
937	519	723	204	path	3
938	520	664	144	new	3
939	521	723	202	path	3
940	521	655	134	new	3
941	522	656	134	new	3
942	525	814	289	new	3
943	529	812	283	new	3
944	531	928	397	new	3
945	533	810	277	new	3
946	535	854	319	path	3
947	549	697	148	new	3
948	553	553	0	new	3
949	555	764	209	new	3
950	563	872	309	path	3
951	564	1055	491	new	3
952	566	778	212	new	3
953	568	922	354	path	3
954	570	797	227	new	3
955	572	705	133	new	3
956	579	917	338	new	3
957	579	825	246	path	3
958	581	875	294	path	3
959	583	777	194	new	3
960	584	1202	618	new	3
961	584	966	382	new	3
962	586	1197	611	new	3
963	588	784	196	new	3
964	588	837	249	path	3
965	589	922	333	path	3
966	589	864	275	new	3
967	589	875	286	new	3
968	590	590	0	new	3
969	590	590	0	new	3
970	590	904	314	path	3
971	590	808	218	new	3
972	591	724	133	new	3
973	592	800	208	new	3
974	596	1011	415	new	3
975	599	849	250	new	3
976	603	892	289	new	3
977	603	774	171	new	3
978	605	1024	419	path	3
979	605	777	172	new	3
980	605	811	206	path	3
981	605	762	157	new	3
982	606	797	191	new	3
983	608	778	170	new	3
984	610	786	176	new	3
985	612	899	287	path	3
986	612	837	225	path	3
987	612	771	159	new	3
988	613	613	0	new	3
989	613	613	0	new	3
990	613	802	189	new	3
991	613	794	181	new	3
992	614	824	210	new	3
993	617	765	148	new	3
994	618	983	365	path	3
995	619	753	134	new	3
996	621	895	274	new	3
997	621	751	130	new	3
998	622	916	294	path	3
999	622	770	148	new	3
1000	623	808	185	path	3
1001	623	623	0	new	3
1002	623	856	233	path	3
1003	623	881	258	path	3
1004	623	787	164	new	3
1005	623	623	0	new	3
1006	624	758	134	new	3
1007	625	881	256	path	3
1008	626	759	133	new	3
1009	626	773	147	new	3
1010	626	924	298	new	3
1011	628	829	201	path	3
1012	628	906	278	path	3
1013	629	813	184	new	3
1014	629	1023	394	new	3
1015	630	794	164	new	3
1016	630	766	136	new	3
1017	630	975	345	path	3
1018	631	812	181	new	3
1019	631	1005	374	path	3
1020	631	774	143	new	3
1021	631	916	285	path	3
1022	631	922	291	new	3
1023	632	920	288	path	3
1024	632	811	179	new	3
1025	632	772	140	new	3
1026	632	1165	533	new	3
1027	633	802	169	new	3
1028	633	802	169	path	3
1029	633	974	341	path	3
1030	634	890	256	new	3
1031	634	977	343	new	3
1032	634	776	142	new	3
1033	634	916	282	path	3
1034	635	771	136	new	3
1035	635	768	133	new	3
1036	635	941	306	new	3
1037	635	785	150	new	3
1038	635	796	161	new	3
1039	636	805	169	new	3
1040	636	816	180	new	3
1041	636	783	147	new	3
1042	636	815	179	new	3
1043	636	1103	467	new	3
1044	637	773	136	new	3
1045	637	885	248	new	3
1046	637	808	171	new	3
1047	637	808	171	new	3
1048	637	637	0	new	3
1049	637	811	174	new	3
1050	637	808	171	new	3
1051	637	805	168	new	3
1052	638	794	156	new	3
1053	638	1008	370	path	3
1054	638	1006	368	new	3
1055	638	878	240	new	3
1056	639	792	153	new	3
1057	639	772	133	new	3
1058	639	802	163	new	3
1059	639	829	190	new	3
1060	639	947	308	new	3
1061	639	775	136	new	3
1062	639	792	153	new	3
1063	639	792	153	new	3
1064	640	640	0	new	3
1065	640	944	304	path	3
1066	640	869	229	path	3
1067	640	808	168	new	3
1068	640	869	229	path	3
1069	640	855	215	new	3
1070	641	856	215	path	3
1071	641	916	275	path	3
1072	642	776	134	new	3
1073	642	778	136	new	3
1074	642	799	157	new	3
1075	642	795	153	new	3
1076	643	892	249	path	3
1077	643	851	208	new	3
1078	643	938	295	path	3
1079	643	821	178	path	3
1080	643	909	266	path	3
1081	643	777	134	new	3
1082	643	825	182	new	3
1083	643	992	349	new	3
1084	644	859	215	path	3
1085	644	1128	484	new	3
1086	644	816	172	new	3
1087	644	776	132	new	3
1088	645	840	195	new	3
1089	645	801	156	new	3
1090	645	838	193	new	3
1091	646	819	173	new	3
1092	646	1246	600	path	3
1093	646	780	134	new	3
1094	647	931	284	path	3
1095	647	931	284	path	3
1096	647	849	202	new	3
1097	647	931	284	path	3
1098	647	849	202	new	3
1099	647	849	202	new	3
1100	647	781	134	new	3
1101	647	850	203	new	3
1102	648	784	136	new	3
1103	648	1100	452	path	3
1104	648	648	0	new	3
1105	648	812	164	new	3
1106	648	923	275	new	3
1107	648	818	170	new	3
1108	648	781	133	new	3
1109	648	799	151	new	3
1110	648	864	216	path	3
1111	650	834	184	new	3
1112	650	832	182	new	3
1113	650	916	266	path	3
1114	651	1056	405	path	3
1115	651	785	134	new	3
1116	651	936	285	new	3
1117	652	811	159	new	3
1118	652	860	208	new	3
1119	652	871	219	path	3
1120	652	914	262	new	3
1121	652	1002	350	new	3
1122	652	845	193	new	3
1123	652	878	226	path	3
1124	653	869	216	path	3
1125	653	871	218	path	3
1126	654	849	195	path	3
1127	654	902	248	path	3
1128	654	849	195	new	3
1129	655	822	167	new	3
1130	655	832	177	new	3
1131	655	655	0	new	3
1132	655	789	134	new	3
1133	655	655	0	new	3
1134	656	790	134	new	3
1135	656	963	307	new	3
1136	656	855	199	path	3
1137	657	856	199	path	3
1138	657	791	134	new	3
1139	657	855	198	new	3
1140	658	866	208	new	3
1141	658	788	130	new	3
1142	658	836	178	new	3
1143	659	923	264	path	3
1144	660	820	160	new	3
1145	660	660	0	new	3
1146	660	660	0	new	3
1147	662	892	230	new	3
1148	662	839	177	new	3
1149	663	938	275	new	3
1150	663	924	261	path	3
1151	663	832	169	new	3
1152	663	804	141	new	3
1153	664	798	134	new	3
1154	664	917	253	path	3
1155	664	831	167	new	3
1156	664	797	133	new	3
1157	664	664	0	new	3
1158	664	805	141	new	3
1159	664	798	134	new	3
1160	665	799	134	new	3
1161	665	798	133	new	3
1162	665	840	175	new	3
1163	665	805	140	new	3
1164	666	802	136	new	3
1165	666	864	198	path	3
1166	666	874	208	new	3
1167	667	853	186	new	3
1168	667	848	181	new	3
1169	667	1084	417	new	3
1170	667	1009	342	new	3
1171	667	859	192	new	3
1172	668	804	136	new	3
1173	668	802	134	new	3
1174	668	802	134	new	3
1175	668	802	134	new	3
1176	669	969	300	new	3
1177	669	824	155	new	3
1178	669	824	155	new	3
1179	670	1012	342	new	3
1180	670	806	136	new	3
1181	670	798	128	new	3
1182	670	859	189	new	3
1183	671	860	189	new	3
1184	671	839	168	new	3
1185	671	850	179	new	3
1186	671	802	131	new	3
1187	673	807	134	new	3
1188	674	850	176	new	3
1189	674	807	133	new	3
1190	674	674	0	new	3
1191	674	850	176	new	3
1192	674	805	131	new	3
1193	675	878	203	path	3
1194	675	808	133	new	3
1195	676	931	255	path	3
1196	676	1018	342	path	3
1197	677	849	172	path	3
1198	678	874	196	new	3
1199	678	884	206	path	3
1200	679	924	245	new	3
1201	679	1001	322	new	3
1202	680	850	170	new	3
1203	680	901	221	new	3
1204	682	818	136	new	3
1205	682	907	225	new	3
1206	682	1003	321	new	3
1207	683	817	134	new	3
1208	684	979	295	new	3
1209	684	967	283	new	3
1210	684	855	171	new	3
1211	685	950	265	new	3
1212	686	867	181	new	3
1213	687	876	189	new	3
1214	688	825	137	new	3
1215	691	1024	333	new	3
1216	695	976	281	new	3
1217	696	892	196	path	3
1218	698	832	134	new	3
1219	702	836	134	new	3
1220	702	1123	421	new	3
1221	702	702	0	new	3
1222	706	890	184	new	3
1223	707	992	285	new	3
1224	708	923	215	path	3
1225	709	880	171	new	3
1226	709	860	151	new	3
1227	710	1119	409	new	3
1228	710	860	150	new	3
1229	711	863	152	new	3
1230	711	874	163	new	3
1231	714	887	173	new	3
1232	715	1131	416	new	3
1233	717	1016	299	new	3
1234	717	885	168	new	3
1235	718	995	277	new	3
1236	718	718	0	new	3
1237	718	908	190	path	3
1238	718	899	181	new	3
1239	719	853	134	new	3
1240	719	931	212	path	3
1241	721	858	137	new	3
1242	722	881	159	new	3
1243	722	966	244	path	3
1244	723	1016	293	new	3
1245	724	888	164	new	3
1246	724	977	253	path	3
1247	724	875	151	new	3
1248	725	873	148	new	3
1249	725	875	150	new	3
1250	725	888	163	new	3
1251	726	918	192	new	3
1252	726	1149	423	path	3
1253	727	886	159	new	3
1254	728	862	134	new	3
1255	728	1118	390	path	3
1256	729	986	257	new	3
1257	729	886	157	new	3
1258	729	977	248	path	3
1259	730	884	154	new	3
1260	730	866	136	new	3
1261	730	951	221	new	3
1262	730	1006	276	path	3
1263	731	1149	418	path	3
1264	731	899	168	new	3
1265	731	1083	352	path	3
1266	731	883	152	new	3
1267	732	912	180	new	3
1268	732	1110	378	new	3
1269	732	1005	273	path	3
1270	732	868	136	new	3
1271	733	1090	357	new	3
1272	733	869	136	new	3
1273	733	877	144	new	3
1274	733	885	152	new	3
1275	733	1022	289	path	3
1276	733	867	134	new	3
1277	734	900	166	new	3
1278	734	867	133	new	3
1279	734	990	256	new	3
1280	734	1222	488	new	3
1281	735	878	143	new	3
1282	735	868	133	new	3
1283	735	906	171	new	3
1284	735	906	171	new	3
1285	735	886	151	new	3
1286	736	908	172	new	3
1287	736	890	154	new	3
1288	736	925	189	new	3
1289	738	888	150	new	3
1290	738	872	134	new	3
1291	739	873	134	new	3
1292	739	961	222	new	3
1293	740	874	134	new	3
1294	741	889	148	new	3
1295	741	905	164	new	3
1296	741	874	133	new	3
1297	748	1027	279	path	3
1298	750	916	166	new	3
1299	750	931	181	path	3
1300	751	1014	263	new	3
1301	752	964	212	path	3
1302	754	891	137	new	3
1303	755	1039	284	path	3
1304	757	1028	271	new	3
1305	758	898	140	new	3
1306	758	936	178	new	3
1307	760	986	226	new	3
1308	760	1014	254	new	3
1309	760	1022	262	new	3
1310	760	896	136	new	3
1311	760	903	143	new	3
1312	761	1011	250	new	3
1313	761	1010	249	new	3
1314	761	1006	245	new	3
1315	762	969	207	path	3
1316	762	946	184	new	3
1317	764	1012	248	new	3
1318	764	959	195	new	3
1319	764	898	134	new	3
1320	765	765	0	new	3
1321	765	1059	294	path	3
1322	765	939	174	new	3
1323	766	922	156	path	3
1324	767	767	0	new	3
1325	767	960	193	new	3
1326	767	999	232	new	3
1327	768	1037	269	path	3
1328	768	948	180	path	3
1329	768	964	196	new	3
1330	769	965	196	new	3
1331	769	1037	268	path	3
1332	770	976	206	new	3
1333	771	902	131	path	3
1334	772	923	151	new	3
1335	775	973	198	new	3
1336	775	954	179	new	3
1337	775	1043	268	path	3
1338	775	961	186	new	3
1339	776	1081	305	new	3
1340	777	952	175	new	3
1341	777	1007	230	new	3
1342	780	1010	230	new	3
1343	781	960	179	new	3
1344	781	954	173	new	3
1345	781	954	173	new	3
1346	781	952	171	new	3
1347	781	962	181	new	3
1348	781	956	175	new	3
1349	781	1173	392	path	3
1350	782	919	137	new	3
1351	782	1537	755	path	3
1352	783	783	0	new	3
1353	783	975	192	new	3
1354	784	1113	329	new	3
1355	784	918	134	new	3
1356	784	994	210	new	3
1357	785	955	170	new	3
1358	787	971	184	path	3
1359	788	1048	260	new	3
1360	789	939	150	new	3
1361	789	945	156	new	3
1362	789	996	207	new	3
1363	789	1006	217	new	3
1364	789	941	152	new	3
1365	789	971	182	new	3
1366	790	941	151	new	3
1367	790	997	207	new	3
1368	791	941	150	new	3
1369	791	942	151	new	3
1370	791	1065	274	path	3
1371	791	1065	274	path	3
1372	792	995	203	path	3
1373	793	1133	340	new	3
1374	795	971	176	new	3
1375	795	949	154	new	3
1376	796	941	145	new	3
1377	796	796	0	new	3
1378	796	960	164	new	3
1379	796	1052	256	new	3
1380	797	988	191	new	3
1381	798	960	162	new	3
1382	798	932	134	new	3
1383	798	960	162	new	3
1384	799	948	149	path	3
1385	799	963	164	new	3
1386	799	933	134	new	3
1387	799	952	153	new	3
1388	801	934	133	new	3
1389	801	1010	209	path	3
1390	801	939	138	new	3
1391	801	950	149	new	3
1392	801	960	159	new	3
1393	801	945	144	new	3
1394	801	976	175	new	3
1395	801	986	185	path	3
1396	801	935	134	new	3
1397	801	936	135	new	3
1398	801	935	134	new	3
1399	801	931	130	new	3
1400	802	958	156	new	3
1401	802	945	143	new	3
1402	802	936	134	new	3
1403	802	936	134	new	3
1404	802	955	153	new	3
1405	803	946	143	new	3
1406	803	966	163	new	3
1407	803	1148	345	path	3
1408	803	945	142	new	3
1409	803	964	161	new	3
1410	803	1109	306	path	3
1411	803	945	142	new	3
1412	803	964	161	new	3
1413	803	939	136	new	3
1414	803	936	133	new	3
1415	804	1005	201	new	3
1416	804	1117	313	path	3
1417	804	947	143	new	3
1418	804	968	164	new	3
1419	804	968	164	new	3
1420	804	1005	201	new	3
1421	804	1073	269	new	3
1422	804	946	142	new	3
1423	804	1005	201	new	3
1424	805	946	141	new	3
1425	805	1005	200	path	3
1426	805	949	144	new	3
1427	805	947	142	new	3
1428	806	950	144	new	3
1429	806	992	186	new	3
1430	806	959	153	new	3
1431	806	942	136	new	3
1432	807	942	135	new	3
1433	807	943	136	new	3
1434	807	956	149	new	3
1435	807	941	134	new	3
1436	807	958	151	new	3
1437	807	941	134	new	3
1438	807	1008	201	new	3
1439	807	1043	236	path	3
1440	808	944	136	new	3
1441	808	956	148	new	3
1442	808	981	173	new	3
1443	808	1066	258	new	3
1444	808	956	148	new	3
1445	808	962	154	new	3
1446	808	973	165	new	3
1447	808	1124	316	new	3
1448	808	942	134	new	3
1449	809	944	135	new	3
1450	809	957	148	new	3
1451	809	960	151	new	3
1452	809	1063	254	path	3
1453	809	1004	195	new	3
1454	809	945	136	new	3
1455	809	967	158	new	3
1456	809	943	134	new	3
1457	809	967	158	new	3
1458	809	942	133	new	3
1459	809	973	164	path	3
1460	810	975	165	new	3
1461	810	956	146	new	3
1462	810	810	0	new	3
1463	810	1002	192	path	3
1464	810	956	146	new	3
1465	810	1063	253	new	3
1466	811	977	166	new	3
1467	811	944	133	new	3
1468	811	1001	190	new	3
1469	811	1056	245	new	3
1470	811	945	134	new	3
1471	811	945	134	new	3
1472	812	946	134	new	3
1473	812	973	161	new	3
1474	812	954	142	new	3
1475	813	1005	192	new	3
1476	813	953	140	new	3
1477	813	1001	188	new	3
1478	813	968	155	new	3
1479	814	1113	299	path	3
1480	814	1071	257	new	3
1481	814	1121	307	new	3
1482	814	1013	199	path	3
1483	814	1141	327	new	3
1484	814	960	146	new	3
1485	814	964	150	new	3
1486	815	1011	196	new	3
1487	815	949	134	new	3
1488	815	1106	291	new	3
1489	815	960	145	new	3
1490	817	965	148	new	3
1491	818	1006	188	new	3
1492	818	1013	195	path	3
1493	820	978	158	new	3
1494	821	970	149	new	3
1495	822	956	134	new	3
1496	823	1010	187	new	3
1497	823	956	133	new	3
1498	825	986	161	new	3
1499	825	969	144	new	3
1500	826	984	158	new	3
1501	826	1006	180	new	3
1502	827	964	137	new	3
1503	828	981	153	new	3
1504	828	982	154	new	3
1505	828	1056	228	path	3
1506	829	994	165	new	3
1507	830	1005	175	new	3
1508	831	1059	228	new	3
1509	834	1056	222	new	3
1510	838	1144	306	new	3
1511	839	1253	414	new	3
1512	842	976	134	new	3
1513	843	1139	296	path	3
1514	843	1007	164	new	3
1515	844	977	133	new	3
1516	844	1103	259	path	3
1517	846	982	136	new	3
1518	847	1029	182	new	3
1519	847	992	145	new	3
1520	847	983	136	new	3
1521	848	1060	212	path	3
1522	848	984	136	new	3
1523	848	982	134	new	3
1524	849	1061	212	new	3
1525	849	983	134	new	3
1526	850	1012	162	new	3
1527	851	985	134	new	3
1528	852	1026	174	new	3
1529	853	1001	148	new	3
1530	853	986	133	new	3
1531	854	990	136	new	3
1532	854	1057	203	path	3
1533	854	987	133	new	3
1534	854	1019	165	new	3
1535	854	1099	245	path	3
1536	854	1024	170	new	3
1537	855	989	134	new	3
1538	856	1038	182	new	3
1539	857	1110	253	path	3
1540	858	1023	165	new	3
1541	858	1048	190	path	3
1542	858	1008	150	new	3
1543	859	859	0	new	3
1544	859	999	140	new	3
1545	861	861	0	new	3
1546	863	1020	157	new	3
1547	864	1047	183	path	3
1548	866	1003	137	new	3
1549	869	1070	201	path	3
1550	869	1012	143	new	3
1551	869	1046	177	new	3
1552	869	1070	201	path	3
1553	871	1046	175	new	3
1554	872	1005	133	new	3
1555	872	1006	134	new	3
1556	873	1002	129	new	3
1557	873	1242	369	new	3
1558	873	1007	134	new	3
1559	874	874	0	new	3
1560	874	1018	144	new	3
1561	874	1119	245	path	3
1562	874	1041	167	path	3
1563	875	1018	143	new	3
1564	875	1009	134	new	3
1565	875	1018	143	new	3
1566	875	1018	143	new	3
1567	876	1032	156	new	3
1568	876	1009	133	new	3
1569	876	1139	263	path	3
1570	877	1018	141	new	3
1571	879	1137	258	path	3
1572	880	1059	179	path	3
1573	880	1048	168	new	3
1574	880	1141	261	new	3
1575	880	1136	256	new	3
1576	881	1015	134	new	3
1577	881	1014	133	new	3
1578	881	1065	184	new	3
1579	882	1015	133	new	3
1580	884	1036	152	new	3
1581	887	1021	134	new	3
1582	889	1018	129	new	3
1583	890	1041	151	new	3
1584	890	1026	136	new	3
1585	891	1025	134	new	3
1586	892	1083	191	new	3
1587	892	1082	190	new	3
1588	892	1026	134	new	3
1589	892	1394	502	new	3
1590	893	1102	209	path	3
1591	893	1066	173	new	3
1592	893	1027	134	new	3
1593	894	1165	271	new	3
1594	894	1028	134	new	3
1595	895	1150	255	new	3
1596	895	1175	280	path	3
1597	895	1043	148	new	3
1598	896	1046	150	new	3
1599	896	1081	185	new	3
1600	896	1048	152	new	3
1601	896	1060	164	new	3
1602	896	1030	134	new	3
1603	897	1165	268	new	3
1604	897	1145	248	path	3
1605	897	1088	191	new	3
1606	898	1042	144	new	3
1607	898	1086	188	new	3
1608	898	1034	136	new	3
1609	899	1072	173	new	3
1610	899	1109	210	new	3
1611	899	1044	145	new	3
1612	899	1035	136	new	3
1613	900	1054	154	new	3
1614	900	1034	134	new	3
1615	900	1058	158	new	3
1616	900	1380	480	new	3
1617	900	1066	166	new	3
1618	901	1092	191	new	3
1619	902	1259	357	new	3
1620	902	1276	374	new	3
1621	902	1035	133	new	3
1622	903	1080	177	new	3
1623	903	1102	199	path	3
1624	903	1677	774	path	3
1625	903	1220	317	new	3
1626	904	1050	146	new	3
1627	904	1040	136	new	3
1628	904	1070	166	new	3
1629	904	1041	137	new	3
1630	904	1059	155	new	3
1631	904	1386	482	new	3
1632	904	1038	134	new	3
1633	905	1034	129	new	3
1634	906	1040	134	new	3
1635	906	1040	134	new	3
1636	906	1080	174	new	3
1637	907	1041	134	new	3
1638	907	1041	134	new	3
1639	907	1188	281	new	3
1640	908	1091	183	new	3
1641	909	1057	148	new	3
1642	909	1127	218	path	3
1643	909	1092	183	new	3
1644	910	1259	349	path	3
1645	910	1056	146	new	3
1646	911	1039	128	new	3
1647	911	1220	309	new	3
1648	913	1098	185	new	3
1649	913	913	0	new	3
1650	913	1113	200	path	3
1651	915	1222	307	new	3
1652	919	1292	373	new	3
1653	920	920	0	new	3
1654	923	1347	424	new	3
1655	934	1068	134	new	3
1656	935	935	0	new	3
1657	935	935	0	new	3
1658	937	1136	199	path	3
1659	937	1103	166	path	3
1660	937	1103	166	path	3
1661	937	1254	317	new	3
1662	938	1096	158	new	3
1663	938	1102	164	new	3
1664	939	1142	203	new	3
1665	940	1096	156	new	3
1666	941	1186	245	new	3
1667	941	1136	195	new	3
1668	942	1115	173	new	3
1669	943	1105	162	new	3
1670	943	1071	128	new	3
1671	943	1144	201	new	3
1672	943	1138	195	new	3
1673	944	1258	314	new	3
1674	944	1091	147	new	3
1675	944	1110	166	new	3
1676	946	1098	152	new	3
1677	946	1186	240	path	3
1678	947	1143	196	new	3
1679	947	947	0	new	3
1680	948	1515	567	path	3
1681	949	1125	176	new	3
1682	949	1271	322	new	3
1683	950	1153	203	new	3
1684	950	1083	133	path	3
1685	951	1194	243	new	3
1686	951	1140	189	new	3
1687	952	1086	134	new	3
1688	952	1125	173	new	3
1689	953	1095	142	new	3
1690	954	1145	191	new	3
1691	955	1128	173	new	3
1692	957	1141	184	new	3
1693	962	1184	222	new	3
1694	962	1154	192	path	3
1695	964	1483	519	path	3
1696	964	1240	276	new	3
1697	969	1111	142	new	3
1698	983	1117	134	new	3
1699	988	1155	167	path	3
1700	997	1245	248	new	3
1701	999	1160	161	new	3
1702	1001	1001	0	new	3
1703	1007	1155	148	new	3
1704	1010	1152	142	new	3
1705	1014	1157	143	path	3
1706	1016	1150	134	new	3
1707	1017	1261	244	new	3
1708	1018	1194	176	new	3
1709	1019	1216	197	path	3
1710	1020	1202	182	new	3
1711	1020	1269	249	new	3
1712	1021	1157	136	new	3
1713	1022	1170	148	new	3
1714	1023	1197	174	path	3
1715	1023	1200	177	new	3
1716	1023	1208	185	new	3
1717	1023	1274	251	path	3
1718	1023	1220	197	path	3
1719	1023	1265	242	path	3
1720	1023	1221	198	path	3
1721	1024	1212	188	new	3
1722	1025	1249	224	path	3
1723	1027	1703	676	new	3
1724	1027	1160	133	new	3
1725	1028	1249	221	path	3
1726	1029	1312	283	path	3
1727	1030	1219	189	new	3
1728	1030	1163	133	new	3
1729	1031	1208	177	new	3
1730	1031	1215	184	new	3
1731	1031	1198	167	new	3
1732	1031	1344	313	path	3
1733	1032	1160	128	new	3
1734	1034	1170	136	new	3
1735	1035	1271	236	new	3
1736	1035	1169	134	new	3
1737	1036	1179	143	new	3
1738	1036	1169	133	new	3
1739	1037	1343	306	new	3
1740	1037	1214	177	new	3
1741	1037	1171	134	new	3
1742	1038	1173	135	new	3
1743	1038	1292	254	path	3
1744	1038	1185	147	new	3
1745	1039	1292	253	new	3
1746	1041	1294	253	new	3
1747	1041	1238	197	new	3
1748	1043	1231	188	new	3
1749	1043	1291	248	path	3
1750	1045	1186	141	new	3
1751	1046	1200	154	new	3
1752	1047	1421	374	new	3
1753	1048	1352	304	path	3
1754	1048	1313	265	new	3
1755	1048	1220	172	new	3
1756	1048	1215	167	new	3
1757	1048	1224	176	new	3
1758	1048	1209	161	new	3
1759	1049	1210	161	new	3
1760	1050	1247	197	path	3
1761	1051	1195	144	new	3
1762	1051	1224	173	new	3
1763	1053	1187	134	new	3
1764	1054	1433	379	new	3
1765	1063	1248	185	path	3
1766	1063	1248	185	new	3
1767	1065	1199	134	new	3
1768	1068	1373	305	path	3
1769	1068	1202	134	new	3
1770	1071	1219	148	new	3
1771	1072	1219	147	path	3
1772	1073	1207	134	new	3
1773	1073	1207	134	new	3
1774	1074	1208	134	new	3
1775	1074	1208	134	new	3
1776	1074	1271	197	new	3
1777	1075	1220	145	path	3
1778	1077	1236	159	path	3
1779	1077	1263	186	new	3
1780	1078	1293	215	new	3
1781	1083	1245	162	new	3
1782	1089	1223	134	new	3
1783	1090	1233	143	new	3
1784	1090	1345	255	new	3
1785	1091	1516	425	new	3
1786	1091	1532	441	path	3
1787	1092	1262	170	new	3
1788	1092	1300	208	new	3
1789	1095	1231	136	new	3
1790	1122	1257	135	new	3
1791	1126	1262	136	new	3
1792	1127	1261	134	new	3
1793	1127	1262	135	new	3
1794	1132	1266	134	new	3
1795	1137	1271	134	new	3
1796	1137	1273	136	new	3
1797	1138	1582	444	path	3
1798	1164	1322	158	new	3
1799	1166	1564	398	new	3
1800	1193	1330	137	new	3
1801	1202	1367	165	new	3
1802	1210	1545	335	path	3
1803	1213	1607	394	new	3
1804	1232	1525	293	new	3
1805	1234	1515	281	path	3
1806	1234	1382	148	new	3
1807	1237	1385	148	new	3
1808	1237	1433	196	new	3
1809	1237	1370	133	new	3
1810	1238	1487	249	new	3
1811	1238	1542	304	new	3
1812	1238	1426	188	new	3
1813	1239	1373	134	new	3
1814	1239	1473	234	new	3
1815	1239	1427	188	new	3
1816	1240	1560	320	new	3
1817	1240	1383	143	new	3
1818	1240	1487	247	path	3
1819	1241	1588	347	new	3
1820	1243	1616	373	new	3
1821	1244	1426	182	path	3
1822	1244	1441	197	new	3
1823	1244	1377	133	new	3
1824	1245	1474	229	new	3
1825	1245	1611	366	new	3
1826	1247	1393	146	new	3
1827	1247	1247	0	new	3
1828	1250	1386	136	new	3
1829	1253	1387	134	new	3
1830	1257	1455	198	new	3
1831	1262	1418	156	new	3
1832	1264	1398	134	new	3
1833	1267	1421	154	new	3
1834	1268	1563	295	new	3
1835	1270	1516	246	new	3
1836	1271	1625	354	path	3
1837	1271	1436	165	new	3
1838	1272	1509	237	new	3
1839	1273	1407	134	new	3
1840	1273	1607	334	path	3
1841	1273	1588	315	new	3
1842	1274	1455	181	new	3
1843	1274	1408	134	new	3
1844	1275	1516	241	new	3
1845	1275	1467	192	new	3
1846	1275	1875	600	new	3
1847	1276	1419	143	new	3
1848	1277	1412	135	new	3
1849	1278	1469	191	new	3
1850	1281	1670	389	new	3
1851	1287	1509	222	new	3
1852	1300	1515	215	path	3
1853	1304	1525	221	path	3
1854	1307	1531	224	path	3
1855	1308	1525	217	path	3
1856	1309	1497	188	new	3
1857	1311	1525	214	path	3
1858	1314	1481	167	new	3
1859	1315	1479	164	new	3
1860	1315	1444	129	new	3
1861	1316	1609	293	new	3
1862	1316	1507	191	new	3
1863	1317	1541	224	new	3
1864	1317	1524	207	new	3
1865	1317	1448	131	new	3
1866	1318	1451	133	new	3
1867	1320	1454	134	new	3
1868	1321	1468	147	new	3
1869	1321	1524	203	new	3
1870	1321	1507	186	new	3
1871	1322	1485	163	new	3
1872	1324	1460	136	new	3
1873	1324	1460	136	new	3
1874	1324	1458	134	new	3
1875	1325	1480	155	new	3
1876	1328	1515	187	path	3
1877	1330	1466	136	new	3
1878	1331	1507	176	new	3
1879	1331	1331	0	new	3
1880	1332	1593	261	new	3
1881	1333	1509	176	path	3
1882	1337	1527	190	path	3
1883	1340	1526	186	new	3
1884	1347	1598	251	path	3
1885	1350	1533	183	new	3
1886	1351	1488	137	new	3
1887	1351	1537	186	new	3
1888	1351	1662	311	new	3
1889	1351	1485	134	new	3
1890	1353	1685	332	new	3
1891	1359	1507	148	new	3
1892	1366	1530	164	new	3
1893	1367	1840	473	new	3
1894	1367	1507	140	new	3
1895	1368	1504	136	new	3
1896	1370	1523	153	new	3
1897	1370	1531	161	new	3
1898	1370	1504	134	new	3
1899	1371	1531	160	new	3
1900	1371	1535	164	new	3
1901	1371	1531	160	new	3
1902	1372	1839	467	new	3
1903	1373	1507	134	new	3
1904	1373	1692	319	path	3
1905	1373	1574	201	new	3
1906	1374	1374	0	new	3
1907	1374	1508	134	new	3
1908	1374	1553	179	new	3
1909	1374	1660	286	new	3
1910	1374	1522	148	new	3
1911	1374	1740	366	new	3
1912	1374	1579	205	new	3
1913	1374	1692	318	path	3
1914	1374	1510	136	new	3
1915	1374	1553	179	new	3
1916	1374	1596	222	new	3
1917	1375	1562	187	new	3
1918	1376	1814	438	new	3
1919	1376	1518	142	new	3
1920	1377	1796	419	new	3
1921	1379	1513	134	new	3
1922	1382	1518	136	new	3
1923	1382	1565	183	new	3
1924	1382	1516	134	new	3
1925	1384	1519	135	new	3
1926	1384	1518	134	new	3
1927	1398	1552	154	new	3
1928	1400	1581	181	new	3
1929	1400	1534	134	new	3
1930	1407	1541	134	new	3
1931	1407	1555	148	new	3
1932	1407	1608	201	new	3
1933	1408	1579	171	path	3
1934	1408	1596	188	new	3
1935	1411	1613	202	path	3
1936	1411	1635	224	new	3
1937	1412	1606	194	new	3
1938	1413	1584	171	new	3
1939	1414	1587	173	path	3
1940	1417	1564	147	new	3
1941	1417	1551	134	new	3
1942	1417	1589	172	path	3
1943	1419	1555	136	new	3
1944	1420	1628	208	path	3
1945	1421	1557	136	new	3
1946	1421	1555	134	new	3
1947	1421	1555	134	new	3
1948	1421	1565	144	new	3
1949	1426	1611	185	path	3
1950	1426	1598	172	new	3
1951	1427	1427	0	new	3
1952	1438	1613	175	new	3
1953	1438	1777	339	new	3
1954	1440	1440	0	new	3
1955	1440	1574	134	new	3
1956	1454	1605	151	new	3
1957	1458	1608	150	new	3
1958	1458	1613	155	new	3
1959	1459	1593	134	new	3
1960	1459	1600	141	new	3
1961	1460	1606	146	new	3
1962	1460	1594	134	new	3
1963	1462	1596	134	new	3
1964	1463	1599	136	new	3
1965	1465	1617	152	new	3
1966	1488	1881	393	new	3
1967	1492	1492	0	new	3
1968	1525	1659	134	new	3
1969	1544	1790	246	new	3
1970	1545	1739	194	path	3
1971	1545	1739	194	path	3
1972	1547	1936	389	path	3
1973	1548	1701	153	new	3
1974	1548	1945	397	new	3
1975	1550	2110	560	path	3
1976	1559	1760	201	new	3
1977	1559	1761	202	new	3
1978	1563	1734	171	new	3
1979	1568	1843	275	new	3
1980	1573	1745	172	new	3
1981	1574	1921	347	path	3
1982	1575	1842	267	new	3
1983	1575	1863	288	new	3
1984	1575	1972	397	new	3
1985	1575	1777	202	path	3
1986	1577	1812	235	new	3
1987	1579	1933	354	new	3
1988	1595	1933	338	path	3
1989	1596	1738	142	new	3
1990	1597	1913	316	new	3
1991	1598	1862	264	new	3
1992	1598	1727	129	new	3
1993	1599	2126	527	new	3
1994	1599	1789	190	new	3
1995	1599	2110	511	path	3
1996	1599	2000	401	path	3
1997	1600	1868	268	new	3
1998	1601	1936	335	path	3
1999	1602	1796	194	new	3
2000	1612	1796	184	new	3
2001	1612	1880	268	new	3
2002	1614	1768	154	new	3
2003	1614	1792	178	new	3
2004	1615	1799	184	new	3
2005	1615	1961	346	path	3
2006	1616	1815	199	new	3
2007	1618	1788	170	new	3
2008	1619	1905	286	new	3
2009	1620	1749	129	new	3
2010	1621	1802	181	new	3
2011	1622	1808	186	new	3
2012	1622	2003	381	new	3
2013	1637	1782	145	new	3
2014	1637	1782	145	new	3
2015	1639	1880	241	new	3
2016	1640	1811	171	new	3
2017	1640	1933	293	path	3
2018	1640	1774	134	new	3
2019	1640	1829	189	new	3
2020	1641	1821	180	new	3
2021	1641	1641	0	new	3
2022	1649	1789	140	new	3
2023	1652	1933	281	new	3
2024	1653	1787	134	new	3
2025	1654	1901	247	new	3
2026	1654	2003	349	new	3
2027	1654	1800	146	new	3
2028	1654	1831	177	new	3
2029	1656	1918	262	new	3
2030	1658	1855	197	new	3
2031	1682	1816	134	new	3
2032	1683	1819	136	new	3
2033	1684	1833	149	new	3
2034	1686	1820	134	new	3
2035	1686	1822	136	new	3
2036	1688	1824	136	new	3
2037	1688	1824	136	new	3
2038	1689	1841	152	new	3
2039	1690	1838	148	new	3
2040	1690	1838	148	new	3
2041	1690	1838	148	new	3
2042	1693	1854	161	new	3
2043	1695	1905	210	path	3
2044	1696	1963	267	path	3
2045	1696	1696	0	new	3
2046	1698	1873	175	new	3
2047	1701	1905	204	path	3
2048	1703	1922	219	new	3
2049	1703	1883	180	new	3
2050	1703	1862	159	path	3
2051	1704	1704	0	new	3
2052	1710	1967	257	path	3
2053	1717	1863	146	path	3
2054	1725	1992	267	new	3
2055	1726	1860	134	new	3
2056	1727	2067	340	new	3
2057	1727	1960	233	path	3
2058	1728	1976	248	path	3
2059	1743	1894	151	new	3
2060	1745	1960	215	path	3
2061	1749	1961	212	path	3
2062	1756	2029	273	path	3
2063	1757	1757	0	new	3
2064	1759	2126	367	path	3
2065	1760	1893	133	new	3
2066	1763	2103	340	new	3
2067	1764	1986	222	new	3
2068	1764	1897	133	new	3
2069	1766	1976	210	new	3
2070	1766	2304	538	new	3
2071	1766	1940	174	new	3
2072	1766	2003	237	path	3
2073	1766	1986	220	new	3
2074	1774	1957	183	new	3
2075	1778	1914	136	new	3
2076	1780	1913	133	new	3
2077	1809	2107	298	new	3
2078	1814	2139	325	new	3
2079	1816	1816	0	new	3
2080	1829	1957	128	new	3
2081	1830	1965	135	new	3
2082	1832	1966	134	new	3
2083	1832	2027	195	new	3
2084	1836	2110	274	path	3
2085	1836	1836	0	new	3
2086	1887	2128	241	new	3
2087	1889	2139	250	path	3
2088	1892	2127	235	new	3
2089	1892	2115	223	new	3
2090	1893	2129	236	new	3
2091	1894	2122	228	new	3
2092	1894	2135	241	new	3
2093	1894	2130	236	new	3
2094	1894	2121	227	new	3
2095	1894	2109	215	new	3
2096	1896	2047	151	new	3
2097	1896	2110	214	path	3
2098	1898	2076	178	new	3
2099	1898	2034	136	new	3
2100	1898	2120	222	new	3
2101	1899	2101	202	new	3
2102	1899	2122	223	new	3
2103	1901	2288	387	path	3
2104	1901	1901	0	new	3
2105	1901	2139	238	new	3
2106	1902	2288	386	path	3
2107	1902	2272	370	new	3
2108	1902	2278	376	new	3
2109	1903	2146	243	new	3
2110	1904	2103	199	new	3
2111	1906	2119	213	new	3
2112	1907	2107	200	new	3
2113	1907	1907	0	new	3
2114	1908	2141	233	new	3
2115	1908	2107	199	new	3
2116	1908	2104	196	new	3
2117	1909	2104	195	new	3
2118	1909	2108	199	new	3
2119	1910	2110	200	path	3
2120	1910	2075	165	new	3
2121	1910	2118	208	new	3
2122	1911	2127	216	new	3
2123	1911	2109	198	path	3
2124	1912	2137	225	new	3
2125	1913	2106	193	new	3
2126	1915	1915	0	new	3
2127	1918	2118	200	new	3
2128	1918	2108	190	new	3
2129	1923	2133	210	new	3
2130	1925	2110	185	path	3
2131	1929	2288	359	path	3
2132	1931	2110	179	new	3
2133	1936	2088	152	new	3
2134	1942	2104	162	new	3
2135	1942	2097	155	new	3
2136	1944	2133	189	new	3
2137	1944	2125	181	new	3
2138	1945	2120	175	new	3
2139	1946	2123	177	new	3
2140	1948	2114	166	new	3
2141	1950	2137	187	new	3
2142	1950	2110	160	new	3
2143	1950	2142	192	new	3
2144	1951	2091	140	new	3
2145	1951	2109	158	new	3
2146	1951	2083	132	new	3
2147	1952	2125	173	new	3
2148	1952	2124	172	new	3
2149	1953	2288	335	path	3
2150	1955	2089	134	new	3
2151	1955	2133	178	new	3
2152	1955	2128	173	new	3
2153	1958	2108	150	new	3
2154	1958	2133	175	new	3
2155	1958	2123	165	new	3
2156	1961	2113	152	new	3
2157	1961	2095	134	new	3
2158	1962	2113	151	new	3
2159	1963	2126	163	new	3
2160	1964	2134	170	new	3
2161	1964	2142	178	new	3
2162	1964	2094	130	new	3
2163	1964	2132	168	new	3
2164	1967	2118	151	new	3
2165	1967	2255	288	new	3
2166	1967	2096	129	new	3
2167	1967	2101	134	new	3
2168	1968	2102	134	new	3
2169	1968	2250	282	new	3
2170	1968	2322	354	new	3
2171	1969	1969	0	new	3
2172	1969	2116	147	new	3
2173	1969	2288	319	path	3
2174	1969	2116	147	new	3
2175	1969	2103	134	new	3
2176	1969	2110	141	new	3
2177	1969	2272	303	path	3
2178	1970	2104	134	new	3
2179	1970	2347	377	new	3
2180	1970	2103	133	new	3
2181	1970	2104	134	new	3
2182	1971	2131	160	new	3
2183	1971	2272	301	new	3
2184	1971	2288	317	path	3
2185	1972	2106	134	new	3
2186	1973	2125	152	new	3
2187	1974	2337	363	new	3
2188	1974	2133	159	new	3
2189	1974	2288	314	path	3
2190	1974	2244	270	new	3
2191	1975	2121	146	new	3
2192	1976	2288	312	path	3
2193	1976	2335	359	new	3
2194	1976	2135	159	new	3
2195	1977	2137	160	new	3
2196	1977	2269	292	new	3
2197	1977	2514	537	path	3
2198	1978	2122	144	new	3
2199	1978	2139	161	new	3
2200	1978	2139	161	new	3
2201	1978	2139	161	new	3
2202	1978	2139	161	new	3
2203	1978	2122	144	new	3
2204	1978	2139	161	new	3
2205	1979	2288	309	path	3
2206	1979	2169	190	new	3
2207	1980	2127	147	new	3
2208	1980	2604	624	path	3
2209	1980	2134	154	new	3
2210	1980	2134	154	new	3
2211	1980	1980	0	new	3
2212	1980	2134	154	new	3
2213	1981	2132	151	new	3
2214	1981	2114	133	new	3
2215	1981	2115	134	new	3
2216	1982	2116	134	new	3
2217	1982	2116	134	new	3
2218	1982	2182	200	new	3
2219	1982	2278	296	path	3
2220	1982	2141	159	new	3
2221	1982	2141	159	new	3
2222	1984	2117	133	new	3
2223	1984	1984	0	new	3
2224	1984	2347	363	path	3
2225	1987	2115	128	new	3
2226	1988	2122	134	new	3
2227	1988	2132	144	new	3
2228	1994	2128	134	new	3
2229	1994	2309	315	new	3
2230	1994	2281	287	new	3
2231	1995	2278	283	path	3
2232	1995	2185	190	new	3
2233	2004	2281	277	path	3
2234	2018	2239	221	new	3
2235	2018	2152	134	new	3
2236	2019	2317	298	new	3
2237	2019	2288	269	path	3
2238	2019	2353	334	new	3
2239	2020	2471	451	path	3
2240	2020	2255	235	path	3
2241	2020	2408	388	new	3
2242	2020	2250	230	path	3
2243	2020	2150	130	new	3
2244	2020	2466	446	new	3
2245	2021	2469	448	path	3
2246	2022	2272	250	path	3
2247	2023	2272	249	path	3
2248	2023	2355	332	path	3
2249	2025	2212	187	new	3
2250	2028	2423	395	new	3
2251	2029	2192	163	new	3
2252	2029	2420	391	path	3
2253	2030	2360	330	path	3
2254	2030	2030	0	new	3
2255	2030	2299	269	new	3
2256	2031	2252	221	new	3
2257	2031	2507	476	new	3
2258	2031	2281	250	path	3
2259	2033	2033	0	new	3
2260	2033	2033	0	new	3
2261	2033	2518	485	new	3
2262	2033	2242	209	new	3
2263	2038	2347	309	path	3
2264	2040	2174	134	new	3
2265	2043	2325	282	path	3
2266	2043	2272	229	path	3
2267	2044	2339	295	new	3
2268	2046	2234	188	new	3
2269	2046	2319	273	new	3
2270	2047	2408	361	path	3
2271	2051	2581	530	new	3
2272	2051	2234	183	new	3
2273	2054	2281	227	path	3
2274	2057	2555	498	new	3
2275	2060	2272	212	path	3
2276	2060	2362	302	new	3
2277	2060	2193	133	new	3
2278	2060	2244	184	path	3
2279	2063	2256	193	new	3
2280	2064	2304	240	new	3
2281	2067	2390	323	new	3
2282	2067	2365	298	path	3
2283	2068	2326	258	path	3
2284	2069	2611	542	path	3
2285	2069	2340	271	new	3
2286	2069	2268	199	new	3
2287	2069	2439	370	path	3
2288	2070	2284	214	new	3
2289	2071	2249	178	new	3
2290	2071	2475	404	path	3
2291	2071	2286	215	path	3
2292	2071	2278	207	new	3
2293	2072	2381	309	new	3
2294	2072	2261	189	new	3
2295	2072	2289	217	new	3
2296	2073	2448	375	path	3
2297	2073	2250	177	new	3
2298	2074	2300	226	new	3
2299	2074	2305	231	new	3
2300	2074	2223	149	new	3
2301	2075	2233	158	new	3
2302	2075	2256	181	new	3
2303	2075	2317	242	path	3
2304	2075	2490	415	path	3
2305	2076	2328	252	new	3
2306	2076	2279	203	new	3
2307	2077	2543	466	new	3
2308	2078	2212	134	new	3
2309	2078	2245	167	new	3
2310	2078	2304	226	path	3
2311	2078	2378	300	new	3
2312	2078	2344	266	path	3
2313	2078	2243	165	new	3
2314	2078	2317	239	new	3
2315	2079	2442	363	new	3
2316	2079	2079	0	new	3
2317	2079	2392	313	new	3
2318	2079	2295	216	new	3
2319	2079	2781	702	new	3
2320	2079	2377	298	path	3
2321	2079	2398	319	new	3
2322	2079	2331	252	new	3
2323	2079	2314	235	new	3
2324	2079	2448	369	path	3
2325	2079	2241	162	new	3
2326	2080	2318	238	new	3
2327	2080	2439	359	path	3
2328	2081	2233	152	new	3
2329	2081	2265	184	new	3
2330	2081	2215	134	new	3
2331	2081	2217	136	new	3
2332	2081	2298	217	new	3
2333	2081	2304	223	path	3
2334	2081	2275	194	new	3
2335	2082	2361	279	new	3
2336	2082	2285	203	new	3
2337	2082	2446	364	new	3
2338	2082	2256	174	new	3
2339	2083	2309	226	path	3
2340	2083	2341	258	new	3
2341	2083	2537	454	path	3
2342	2083	2328	245	path	3
2343	2083	2255	172	new	3
2344	2083	2229	146	new	3
2345	2083	2217	134	new	3
2346	2084	2436	352	new	3
2347	2084	2332	248	new	3
2348	2084	2298	214	new	3
2349	2084	2326	242	new	3
2350	2084	2280	196	new	3
2351	2085	2328	243	path	3
2352	2085	2221	136	new	3
2353	2085	2579	494	new	3
2354	2086	2281	195	path	3
2355	2086	2346	260	path	3
2356	2086	2303	217	new	3
2357	2086	2286	200	path	3
2358	2086	2219	133	new	3
2359	2088	2290	202	new	3
2360	2088	2255	167	path	3
2361	2088	2434	346	path	3
2362	2089	2452	363	new	3
2363	2089	2365	276	new	3
2364	2089	2291	202	new	3
2365	2089	2288	199	new	3
2366	2090	2374	284	new	3
2367	2090	2325	235	path	3
2368	2090	2430	340	new	3
2369	2091	2304	213	new	3
2370	2092	2423	331	path	3
2371	2093	2296	203	new	3
2372	2093	2262	169	new	3
2373	2094	2331	237	new	3
2374	2094	2419	325	new	3
2375	2096	2677	581	path	3
2376	2096	2346	250	new	3
2377	2096	2366	270	new	3
2378	2098	2246	148	new	3
2379	2099	2233	134	new	3
2380	2101	2536	435	path	3
2381	2101	2270	169	new	3
2382	2101	2439	338	new	3
2383	2102	2543	441	path	3
2384	2102	2233	131	new	3
2385	2103	2289	186	new	3
2386	2103	2356	253	new	3
2387	2105	2391	286	new	3
2388	2109	2297	188	new	3
2389	2109	2325	216	new	3
2390	2113	2247	134	new	3
2391	2114	2248	134	new	3
2392	2114	2353	239	path	3
2393	2114	2478	364	path	3
2394	2115	2251	136	new	3
2395	2115	2436	321	new	3
2396	2115	2115	0	new	3
2397	2115	2443	328	new	3
2398	2116	2295	179	new	3
2399	2116	2332	216	new	3
2400	2117	2439	322	new	3
2401	2118	2118	0	new	3
2402	2118	2307	189	new	3
2403	2118	2251	133	new	3
2404	2118	2437	319	new	3
2405	2119	2325	206	path	3
2406	2119	2325	206	path	3
2407	2120	2393	273	path	3
2408	2120	2336	216	new	3
2409	2120	2344	224	new	3
2410	2121	2282	161	new	3
2411	2122	2255	133	new	3
2412	2122	2256	134	new	3
2413	2122	2305	183	new	3
2414	2122	2476	354	new	3
2415	2122	2291	169	new	3
2416	2122	2306	184	new	3
2417	2123	2317	194	path	3
2418	2123	2290	167	new	3
2419	2123	2331	208	path	3
2420	2124	2312	188	new	3
2421	2124	2492	368	path	3
2422	2124	2555	431	path	3
2423	2124	2492	368	path	3
2424	2125	2439	314	new	3
2425	2125	2259	134	new	3
2426	2125	2341	216	new	3
2427	2125	2261	136	new	3
2428	2125	2303	178	new	3
2429	2126	2361	235	path	3
2430	2126	2325	199	path	3
2431	2126	2314	188	path	3
2432	2126	2499	373	new	3
2433	2127	2316	189	new	3
2434	2127	2260	133	new	3
2435	2127	2322	195	path	3
2436	2128	2392	264	path	3
2437	2128	2545	417	path	3
2438	2128	2285	157	new	3
2439	2129	2262	133	new	3
2440	2129	2318	189	new	3
2441	2130	2634	504	path	3
2442	2130	2390	260	path	3
2443	2130	2405	275	new	3
2444	2131	2331	200	new	3
2445	2132	2347	215	new	3
2446	2132	2419	287	new	3
2447	2134	2268	134	new	3
2448	2134	2346	212	new	3
2449	2135	2269	134	new	3
2450	2136	2268	132	new	3
2451	2136	2270	134	new	3
2452	2136	2334	198	new	3
2453	2136	2453	317	path	3
2454	2137	2346	209	new	3
2455	2137	2317	180	path	3
2456	2137	2271	134	new	3
2457	2137	2352	215	new	3
2458	2138	2357	219	path	3
2459	2138	2274	136	new	3
2460	2138	2339	201	new	3
2461	2138	2558	420	new	3
2462	2139	2281	142	new	3
2463	2140	2305	165	new	3
2464	2140	2298	158	new	3
2465	2140	2274	134	new	3
2466	2140	2140	0	new	3
2467	2140	2463	323	new	3
2468	2140	2297	157	new	3
2469	2140	2280	140	new	3
2470	2140	2344	204	path	3
2471	2141	2507	366	new	3
2472	2142	2278	136	new	3
2473	2143	2291	148	new	3
2474	2143	2434	291	path	3
2475	2143	2334	191	path	3
2476	2143	2273	130	new	3
2477	2144	2284	140	new	3
2478	2144	2387	243	new	3
2479	2144	2277	133	new	3
2480	2146	2332	186	path	3
2481	2146	2294	148	new	3
2482	2146	2421	275	new	3
2483	2146	2424	278	new	3
2484	2147	2281	134	new	3
2485	2147	2302	155	new	3
2486	2147	2343	196	new	3
2487	2148	2293	145	new	3
2488	2148	2360	212	new	3
2489	2148	2296	148	new	3
2490	2149	2485	336	path	3
2491	2150	2510	360	path	3
2492	2150	2286	136	new	3
2493	2150	2417	267	new	3
2494	2151	2151	0	new	3
2495	2151	2301	150	new	3
2496	2152	2332	180	path	3
2497	2152	2367	215	path	3
2498	2152	2443	291	new	3
2499	2153	2286	133	new	3
2500	2154	2300	146	new	3
2501	2154	2288	134	new	3
2502	2154	2348	194	new	3
2503	2155	2303	148	new	3
2504	2155	2341	186	path	3
2505	2155	2346	191	new	3
2506	2155	2896	741	new	3
2507	2155	2414	259	new	3
2508	2155	2289	134	new	3
2509	2155	2398	243	new	3
2510	2155	2346	191	new	3
2511	2156	2367	211	new	3
2512	2156	2303	147	new	3
2513	2157	2594	437	new	3
2514	2157	2758	601	path	3
2515	2159	2339	180	path	3
2516	2160	2488	328	new	3
2517	2161	2365	204	path	3
2518	2162	2524	362	new	3
2519	2162	2402	240	new	3
2520	2162	2490	328	path	3
2521	2162	2377	215	new	3
2522	2163	2375	212	new	3
2523	2164	2370	206	new	3
2524	2166	2320	154	new	3
2525	2167	2389	222	new	3
2526	2167	2489	322	new	3
2527	2167	2303	136	new	3
2528	2167	2167	0	new	3
2529	2168	2363	195	new	3
2530	2169	2365	196	new	3
2531	2169	2614	445	new	3
2532	2169	2297	128	new	3
2533	2170	2303	133	new	3
2534	2170	2304	134	new	3
2535	2170	2604	434	new	3
2536	2171	2305	134	new	3
2537	2172	2349	177	new	3
2538	2172	2464	292	path	3
2539	2172	2431	259	new	3
2540	2173	2667	494	path	3
2541	2177	2362	185	new	3
2542	2177	2495	318	path	3
2543	2178	2377	199	path	3
2544	2179	2327	148	new	3
2545	2180	2457	277	new	3
2546	2180	2481	301	new	3
2547	2182	2346	164	path	3
2548	2182	2408	226	path	3
2549	2183	2378	195	new	3
2550	2184	2371	187	path	3
2551	2185	2421	236	path	3
2552	2189	2537	348	path	3
2553	2189	2457	268	path	3
2554	2190	2405	215	path	3
2555	2191	2324	133	new	3
2556	2191	2359	168	new	3
2557	2193	2448	255	path	3
2558	2195	2551	356	path	3
2559	2195	2393	198	new	3
2560	2199	2439	240	path	3
2561	2199	2351	152	new	3
2562	2201	2509	308	new	3
2563	2203	2504	301	new	3
2564	2204	2581	377	path	3
2565	2206	2391	185	new	3
2566	2210	2346	136	new	3
2567	2211	2426	215	new	3
2568	2212	2436	224	new	3
2569	2212	2373	161	new	3
2570	2213	2468	255	new	3
2571	2213	2424	211	new	3
2572	2215	2398	183	path	3
2573	2218	2355	137	new	3
2574	2218	2350	132	new	3
2575	2219	2384	165	new	3
2576	2220	2468	248	new	3
2577	2221	2434	213	new	3
2578	2222	2436	214	path	3
2579	2223	2508	285	new	3
2580	2223	2602	379	new	3
2581	2224	2397	173	new	3
2582	2224	2515	291	new	3
2583	2224	2357	133	new	3
2584	2225	2487	262	path	3
2585	2225	2368	143	new	3
2586	2225	2404	179	new	3
2587	2226	2381	155	new	3
2588	2226	2423	197	new	3
2589	2226	2444	218	path	3
2590	2227	2507	280	new	3
2591	2227	2404	177	new	3
2592	2227	2464	237	path	3
2593	2228	2433	205	new	3
2594	2228	2436	208	path	3
2595	2228	2428	200	new	3
2596	2228	2554	326	new	3
2597	2228	2362	134	new	3
2598	2228	2362	134	new	3
2599	2228	2361	133	new	3
2600	2229	2375	146	new	3
2601	2229	2465	236	path	3
2602	2230	2509	279	new	3
2603	2230	2437	207	new	3
2604	2230	2418	188	new	3
2605	2230	2434	204	new	3
2606	2230	2430	200	new	3
2607	2230	2421	191	new	3
2608	2230	2464	234	path	3
2609	2230	2474	244	path	3
2610	2230	2446	216	new	3
2611	2231	2442	211	path	3
2612	2232	2388	156	new	3
2613	2232	2366	134	new	3
2614	2232	2427	195	new	3
2615	2232	2395	163	new	3
2616	2232	2382	150	new	3
2617	2234	2499	265	new	3
2618	2234	2450	216	new	3
2619	2234	2543	309	path	3
2620	2234	2412	178	new	3
2621	2235	2465	230	new	3
2622	2235	2377	142	new	3
2623	2236	2451	215	new	3
2624	2236	2615	379	new	3
2625	2236	2378	142	new	3
2626	2236	2424	188	new	3
2627	2236	2451	215	new	3
2628	2236	2441	205	path	3
2629	2236	2369	133	new	3
2630	2237	2547	310	new	3
2631	2238	2372	134	new	3
2632	2238	2434	196	new	3
2633	2238	2426	188	new	3
2634	2239	2439	200	path	3
2635	2239	2437	198	path	3
2636	2239	2454	215	new	3
2637	2240	2463	223	new	3
2638	2240	2618	378	path	3
2639	2240	2374	134	new	3
2640	2241	2454	213	new	3
2641	2241	2454	213	new	3
2642	2241	2416	175	new	3
2643	2241	2375	134	new	3
2644	2241	2421	180	new	3
2645	2241	2499	258	new	3
2646	2242	2414	172	new	3
2647	2242	2376	134	new	3
2648	2242	2417	175	new	3
2649	2242	2457	215	new	3
2650	2244	3073	829	new	3
2651	2244	2377	133	new	3
2652	2245	2381	136	new	3
2653	2246	2461	215	new	3
2654	2246	2502	256	new	3
2655	2247	2575	328	new	3
2656	2248	2382	134	new	3
2657	2248	2725	477	new	3
2658	2249	2753	504	path	3
2659	2250	2439	189	path	3
2660	2251	2658	407	path	3
2661	2253	2524	271	path	3
2662	2254	2543	289	path	3
2663	2255	2600	345	path	3
2664	2257	2476	219	path	3
2665	2259	2469	210	new	3
2666	2259	2626	367	path	3
2667	2260	2462	202	new	3
2668	2264	2414	150	new	3
2669	2265	2433	168	new	3
2670	2266	2438	172	new	3
2671	2267	2558	291	path	3
2672	2268	2433	165	new	3
2673	2268	2475	207	path	3
2674	2268	2667	399	new	3
2675	2269	2439	170	path	3
2676	2269	2451	182	new	3
2677	2270	2562	292	new	3
2678	2270	2448	178	new	3
2679	2272	2524	252	path	3
2680	2274	2415	141	new	3
2681	2276	2471	195	new	3
2682	2277	2613	336	new	3
2683	2277	2410	133	new	3
2684	2278	2582	304	new	3
2685	2280	2495	215	path	3
2686	2280	2514	234	path	3
2687	2281	2694	413	path	3
2688	2281	2439	158	new	3
2689	2281	2694	413	path	3
2690	2281	2433	152	new	3
2691	2281	2557	276	new	3
2692	2282	2418	136	new	3
2693	2282	2461	179	new	3
2694	2283	2527	244	path	3
2695	2284	2527	243	new	3
2696	2285	2285	0	new	3
2697	2285	2440	155	new	3
2698	2285	2419	134	new	3
2699	2286	2432	146	new	3
2700	2286	2559	273	new	3
2701	2287	2499	212	path	3
2702	2288	2593	305	new	3
2703	2289	2431	142	new	3
2704	2289	2786	497	path	3
2705	2289	2786	497	path	3
2706	2291	2450	159	path	3
2707	2291	2450	159	new	3
2708	2291	2639	348	path	3
2709	2291	2427	136	new	3
2710	2291	2483	192	new	3
2711	2291	2497	206	new	3
2712	2292	2489	197	new	3
2713	2292	2506	214	new	3
2714	2293	2427	134	new	3
2715	2294	2484	190	new	3
2716	2295	2667	372	new	3
2717	2295	2648	353	new	3
2718	2295	2502	207	new	3
2719	2296	2754	458	path	3
2720	2296	2466	170	new	3
2721	2296	2503	207	new	3
2722	2296	2537	241	path	3
2723	2297	2433	136	new	3
2724	2297	2431	134	new	3
2725	2297	2448	151	new	3
2726	2297	2500	203	path	3
2727	2297	2482	185	new	3
2728	2298	2748	450	new	3
2729	2298	2509	211	path	3
2730	2298	2478	180	path	3
2731	2298	2526	228	path	3
2732	2298	2620	322	new	3
2733	2299	2557	258	new	3
2734	2300	2466	166	new	3
2735	2300	2513	213	new	3
2736	2300	2672	372	path	3
2737	2301	2520	219	path	3
2738	2301	2437	136	new	3
2739	2301	2511	210	path	3
2740	2302	2476	174	new	3
2741	2304	2438	134	new	3
2742	2305	2530	225	new	3
2743	2306	2487	181	new	3
2744	2306	2552	246	new	3
2745	2306	2518	212	new	3
2746	2306	2518	212	new	3
2747	2307	2465	158	new	3
2748	2307	2458	151	new	3
2749	2309	2518	209	path	3
2750	2309	2519	210	path	3
2751	2309	2443	134	new	3
2752	2309	2621	312	new	3
2753	2310	2511	201	path	3
2754	2312	2507	195	new	3
2755	2312	2547	235	new	3
2756	2312	2615	303	path	3
2757	2312	2492	180	new	3
2758	2312	2653	341	path	3
2759	2312	2471	159	new	3
2760	2313	2508	195	new	3
2761	2314	2501	187	new	3
2762	2314	2501	187	new	3
2763	2315	2509	194	new	3
2764	2315	2509	194	new	3
2765	2317	2503	186	new	3
2766	2319	2777	458	new	3
2767	2320	2452	132	new	3
2768	2320	2477	157	new	3
2769	2322	2504	182	new	3
2770	2322	2475	153	new	3
2771	2322	2477	155	new	3
2772	2322	2524	202	path	3
2773	2323	2811	488	new	3
2774	2323	2455	132	new	3
2775	2324	2456	132	new	3
2776	2324	2481	157	new	3
2777	2324	2324	0	new	3
2778	2324	2530	206	new	3
2779	2324	2521	197	new	3
2780	2324	2509	185	path	3
2781	2324	2516	192	path	3
2782	2324	2456	132	new	3
2783	2325	2457	132	new	3
2784	2325	2487	162	new	3
2785	2327	2482	155	new	3
2786	2329	2463	134	new	3
2787	2331	2496	165	new	3
2788	2332	2502	170	new	3
2789	2332	2466	134	new	3
2790	2332	2486	154	new	3
2791	2333	2512	179	new	3
2792	2334	2334	0	new	3
2793	2335	2335	0	new	3
2794	2336	2470	134	new	3
2795	2336	2470	134	new	3
2796	2337	2602	265	new	3
2797	2337	2557	220	path	3
2798	2337	2471	134	new	3
2799	2338	2499	161	new	3
2800	2338	2474	136	new	3
2801	2339	2473	134	new	3
2802	2339	2487	148	new	3
2803	2340	2566	226	new	3
2804	2340	2802	462	path	3
2805	2340	2474	134	new	3
2806	2340	2584	244	new	3
2807	2340	2494	154	new	3
2808	2340	2543	203	path	3
2809	2341	2518	177	path	3
2810	2341	2540	199	new	3
2811	2341	2846	505	path	3
2812	2342	2503	161	path	3
2813	2342	2476	134	new	3
2814	2343	2534	191	new	3
2815	2343	2526	183	new	3
2816	2343	2579	236	new	3
2817	2344	2472	128	new	3
2818	2344	2534	190	new	3
2819	2344	2612	268	new	3
2820	2345	2542	197	new	3
2821	2345	2497	152	new	3
2822	2346	2480	134	new	3
2823	2347	2588	241	new	3
2824	2348	2845	497	path	3
2825	2349	2578	229	new	3
2826	2350	2763	413	path	3
2827	2353	2496	143	new	3
2828	2353	2487	134	new	3
2829	2353	2554	201	path	3
2830	2354	2488	134	new	3
2831	2354	2574	220	path	3
2832	2358	2569	211	new	3
2833	2361	2497	136	new	3
2834	2361	2572	211	new	3
2835	2362	2611	249	new	3
2836	2363	2577	214	new	3
2837	2364	2555	191	new	3
2838	2364	2509	145	new	3
2839	2366	2564	198	new	3
2840	2366	2546	180	new	3
2841	2366	2577	211	new	3
2842	2367	2574	207	new	3
2843	2367	2542	175	new	3
2844	2368	2591	223	new	3
2845	2370	2370	0	new	3
2846	2372	2521	149	new	3
2847	2374	2560	186	new	3
2848	2374	2511	137	new	3
2849	2375	2589	214	path	3
2850	2376	2581	205	new	3
2851	2377	2377	0	new	3
2852	2377	2511	134	new	3
2853	2380	2621	241	new	3
2854	2381	2517	136	new	3
2855	2381	2515	134	new	3
2856	2382	2551	169	new	3
2857	2382	2538	156	new	3
2858	2383	2517	134	new	3
2859	2384	2543	159	new	3
2860	2384	2518	134	new	3
2861	2384	2563	179	new	3
2862	2384	2595	211	new	3
2863	2386	2563	177	new	3
2864	2387	2598	211	new	3
2865	2387	2535	148	new	3
2866	2388	2618	230	new	3
2867	2388	2609	221	path	3
2868	2389	2623	234	path	3
2869	2389	2564	175	path	3
2870	2389	2389	0	new	3
2871	2390	2550	160	new	3
2872	2390	2600	210	new	3
2873	2390	2563	173	path	3
2874	2390	3132	742	new	3
2875	2391	2589	198	new	3
2876	2391	2525	134	new	3
2877	2392	2557	165	new	3
2878	2393	2563	170	new	3
2879	2393	2551	158	new	3
2880	2393	2527	134	new	3
2881	2394	2528	134	new	3
2882	2394	2542	148	path	3
2883	2395	2568	173	new	3
2884	2396	2755	359	new	3
2885	2396	2530	134	new	3
2886	2397	2586	189	new	3
2887	2398	2569	171	new	3
2888	2398	2799	401	path	3
2889	2399	2586	187	new	3
2890	2399	2399	0	new	3
2891	2399	2575	176	new	3
2892	2399	2570	171	new	3
2893	2400	2643	243	path	3
2894	2400	2400	0	new	3
2895	2401	2558	157	new	3
2896	2401	2799	398	path	3
2897	2401	2543	142	new	3
2898	2402	2536	134	new	3
2899	2402	2597	195	new	3
2900	2403	2592	189	new	3
2901	2403	2537	134	new	3
2902	2404	2558	154	new	3
2903	2405	2541	136	new	3
2904	2405	2763	358	path	3
2905	2406	2579	173	new	3
2906	2406	2917	511	path	3
2907	2406	2536	130	new	3
2908	2406	2550	144	new	3
2909	2406	2588	182	new	3
2910	2406	2555	149	new	3
2911	2406	2549	143	new	3
2912	2407	2535	128	new	3
2913	2407	2617	210	new	3
2914	2407	2565	158	new	3
2915	2407	2610	203	new	3
2916	2407	2541	134	new	3
2917	2408	2731	323	new	3
2918	2408	2582	174	new	3
2919	2408	2408	0	new	3
2920	2408	2618	210	path	3
2921	2408	2618	210	new	3
2922	2408	2766	358	new	3
2923	2408	2541	133	new	3
2924	2408	2544	136	new	3
2925	2408	2608	200	path	3
2926	2408	2683	275	path	3
2927	2408	2618	210	path	3
2928	2408	2587	179	new	3
2929	2408	2578	170	new	3
2930	2408	2596	188	new	3
2931	2409	2616	207	path	3
2932	2409	2543	134	new	3
2933	2409	2565	156	new	3
2934	2409	2551	142	new	3
2935	2410	2632	222	new	3
2936	2410	2734	324	new	3
2937	2410	2572	162	new	3
2938	2411	2590	179	new	3
2939	2411	2641	230	new	3
2940	2411	2545	134	new	3
2941	2411	2545	134	new	3
2942	2411	2541	130	new	3
2943	2411	2605	194	path	3
2944	2411	2547	136	new	3
2945	2411	2562	151	new	3
2946	2412	2546	134	new	3
2947	2412	2570	158	new	3
2948	2412	2570	158	new	3
2949	2412	2562	150	new	3
2950	2412	2581	169	new	3
2951	2412	2582	170	new	3
2952	2412	2612	200	new	3
2953	2413	2547	134	new	3
2954	2413	2588	175	new	3
2955	2413	2558	145	new	3
2956	2413	2553	140	new	3
2957	2413	2714	301	new	3
2958	2413	2572	159	new	3
2959	2413	2546	133	new	3
2960	2413	2547	134	new	3
2961	2414	2583	169	new	3
2962	2414	2548	134	new	3
2963	2414	2643	229	new	3
2964	2414	2568	154	new	3
2965	2414	2760	346	path	3
2966	2414	2562	148	new	3
2967	2414	2600	186	new	3
2968	2414	2548	134	new	3
2969	2415	2558	143	new	3
2970	2415	2556	141	new	3
2971	2415	2562	147	new	3
2972	2415	2621	206	path	3
2973	2415	2558	143	new	3
2974	2416	2564	148	new	3
2975	2416	2626	210	new	3
2976	2416	2550	134	new	3
2977	2416	2549	133	new	3
2978	2416	2624	208	new	3
2979	2417	2626	209	path	3
2980	2417	2585	168	new	3
2981	2417	2551	134	new	3
2982	2417	2551	134	new	3
2983	2417	2630	213	path	3
2984	2417	2567	150	new	3
2985	2417	2578	161	new	3
2986	2418	2562	144	new	3
2987	2419	2553	134	new	3
2988	2419	2553	134	new	3
2989	2419	2553	134	new	3
2990	2419	2621	202	path	3
2991	2419	2563	144	new	3
2992	2419	2553	134	new	3
2993	2420	2554	134	new	3
2994	2420	2554	134	new	3
2995	2420	2561	141	new	3
2996	2421	2557	136	new	3
2997	2421	2586	165	new	3
2998	2421	3088	667	new	3
2999	2421	2555	134	new	3
3000	2422	2586	164	new	3
3001	2422	2556	134	new	3
3002	2422	2559	137	new	3
3003	2423	2559	136	new	3
3004	2423	2564	141	new	3
3005	2423	2614	191	new	3
3006	2423	2559	136	new	3
3007	2423	2633	210	path	3
3008	2424	2571	147	new	3
3009	2424	2552	128	new	3
3010	2425	2711	286	new	3
3011	2425	2708	283	path	3
3012	2425	2594	169	new	3
3013	2426	2603	177	new	3
3014	2427	2561	134	new	3
3015	2427	2662	235	path	3
3016	2428	2595	167	new	3
3017	2429	2632	203	path	3
3018	2429	2667	238	path	3
3019	2429	2840	411	new	3
3020	2429	2565	136	new	3
3021	2430	2661	231	path	3
3022	2430	2617	187	new	3
3023	2430	2648	218	new	3
3024	2430	2604	174	new	3
3025	2432	2688	256	path	3
3026	2432	2603	171	new	3
3027	2434	2567	133	new	3
3028	2435	2623	188	new	3
3029	2435	2832	397	new	3
3030	2435	2617	182	new	3
3031	2435	2699	264	new	3
3032	2435	2590	155	new	3
3033	2436	2572	136	new	3
3034	2436	2611	175	new	3
3035	2437	2888	451	path	3
3036	2437	2698	261	new	3
3037	2438	2902	464	new	3
3038	2439	2595	156	new	3
3039	2439	2651	212	path	3
3040	2441	2650	209	new	3
3041	2441	2681	240	new	3
3042	2441	2574	133	new	3
3043	2441	2888	447	path	3
3044	2442	2695	253	path	3
3045	2442	2626	184	new	3
3046	2442	2748	306	new	3
3047	2442	2598	156	new	3
3048	2443	2851	408	new	3
3049	2443	2673	230	new	3
3050	2443	2647	204	new	3
3051	2445	2651	206	path	3
3052	2445	2660	215	new	3
3053	2445	2633	188	path	3
3054	2446	2629	183	new	3
3055	2446	2582	136	new	3
3056	2447	2581	134	new	3
3057	2447	2581	134	new	3
3058	2447	2581	134	new	3
3059	2448	2584	136	new	3
3060	2448	2622	174	new	3
3061	2448	2621	173	path	3
3062	2449	2621	172	path	3
3063	2449	2654	205	path	3
3064	2451	2584	133	new	3
3065	2453	2617	164	new	3
3066	2453	2698	245	new	3
3067	2453	2587	134	new	3
3068	2453	2609	156	new	3
3069	2453	2586	133	new	3
3070	2453	2869	416	new	3
3071	2453	2769	316	new	3
3072	2454	2617	163	new	3
3073	2454	2904	450	new	3
3074	2455	2589	134	new	3
3075	2456	2791	335	new	3
3076	2456	2612	156	path	3
3077	2457	2626	169	path	3
3078	2458	2592	134	new	3
3079	2458	2623	165	new	3
3080	2458	2592	134	new	3
3081	2458	2658	200	new	3
3082	2459	2593	134	new	3
3083	2460	2588	128	new	3
3084	2460	2778	318	path	3
3085	2461	2641	180	new	3
3086	2462	2798	336	new	3
3087	2462	2462	0	new	3
3088	2463	2801	338	new	3
3089	2464	2598	134	new	3
3090	2464	2902	438	path	3
3091	2465	2645	180	new	3
3092	2467	2810	343	new	3
3093	2467	2621	154	new	3
3094	2467	2847	380	new	3
3095	2468	2678	210	new	3
3096	2468	2861	393	new	3
3097	2470	2681	211	path	3
3098	2470	2746	276	path	3
3099	2470	2673	203	path	3
3100	2470	2655	185	new	3
3101	2471	2646	175	new	3
3102	2472	2814	342	new	3
3103	2472	2472	0	new	3
3104	2473	2604	131	new	3
3105	2475	2603	128	new	3
3106	2477	2610	133	new	3
3107	2477	2686	209	new	3
3108	2478	2612	134	new	3
3109	2479	2621	142	new	3
3110	2479	2896	417	path	3
3111	2479	2661	182	path	3
3112	2480	2707	227	new	3
3113	2480	2614	134	new	3
3114	2483	2619	136	new	3
3115	2483	2658	175	new	3
3116	2483	2683	200	new	3
3117	2484	2484	0	new	3
3118	2484	2725	241	new	3
3119	2485	2679	194	new	3
3120	2486	2648	162	new	3
3121	2488	2660	172	new	3
3122	2498	2780	282	new	3
3123	2498	2777	279	new	3
3124	2499	2765	266	new	3
3125	2501	2836	335	path	3
3126	2501	2634	133	new	3
3127	2501	2635	134	new	3
3128	2501	2691	190	new	3
3129	2503	2877	374	path	3
3130	2505	2700	195	new	3
3131	2507	2802	295	new	3
3132	2507	2765	258	new	3
3133	2509	2711	202	new	3
3134	2511	2742	231	new	3
3135	2512	2860	348	new	3
3136	2512	2790	278	new	3
3137	2517	2651	134	new	3
3138	2518	2651	133	new	3
3139	2521	2748	227	path	3
3140	2525	3060	535	new	3
3141	2529	2663	134	new	3
3142	2533	2803	270	path	3
3143	2534	2755	221	new	3
3144	2535	2863	328	new	3
3145	2537	2836	299	new	3
3146	2538	2811	273	path	3
3147	2538	2784	246	new	3
3148	2539	2672	133	new	3
3149	2541	2672	131	new	3
3150	2542	2718	176	new	3
3151	2543	2737	194	new	3
3152	2544	2737	193	new	3
3153	2544	2760	216	path	3
3154	2545	3026	481	path	3
3155	2548	2755	207	path	3
3156	2549	3100	551	new	3
3157	2550	2762	212	new	3
3158	2550	2550	0	new	3
3159	2550	2737	187	new	3
3160	2551	2885	334	new	3
3161	2551	2715	164	new	3
3162	2552	2855	303	new	3
3163	2552	2782	230	path	3
3164	2552	2721	169	path	3
3165	2552	2731	179	new	3
3166	2552	2746	194	new	3
3167	2552	2739	187	new	3
3168	2552	2788	236	new	3
3169	2552	2799	247	path	3
3170	2553	2775	222	new	3
3171	2553	2726	173	new	3
3172	2553	2698	145	path	3
3173	2553	2769	216	new	3
3174	2554	2769	215	path	3
3175	2554	2791	237	path	3
3176	2554	2705	151	new	3
3177	2554	2708	154	new	3
3178	2554	2766	212	path	3
3179	2555	2703	148	new	3
3180	2555	2847	292	path	3
3181	2556	2902	346	path	3
3182	2556	2882	326	path	3
3183	2556	2690	134	new	3
3184	2556	2782	226	path	3
3185	2557	2790	233	path	3
3186	2558	2694	136	new	3
3187	2558	2911	353	path	3
3188	2559	2734	175	new	3
3189	2559	2707	148	new	3
3190	2559	2793	234	new	3
3191	2560	2694	134	new	3
3192	2560	2757	197	new	3
3193	2560	2851	291	new	3
3194	2561	2708	147	path	3
3195	2561	2762	201	new	3
3196	2562	2696	134	new	3
3197	2562	2698	136	new	3
3198	2563	2718	155	new	3
3199	2563	2699	136	new	3
3200	2563	2848	285	new	3
3201	2563	2766	203	path	3
3202	2564	2861	297	path	3
3203	2564	2804	240	new	3
3204	2564	2845	281	new	3
3205	2565	2732	167	new	3
3206	2565	2740	175	new	3
3207	2566	2787	221	new	3
3208	2566	2786	220	new	3
3209	2566	2815	249	new	3
3210	2567	2747	180	new	3
3211	2567	2780	213	new	3
3212	2568	2772	204	path	3
3213	2568	2748	180	new	3
3214	2568	2748	180	new	3
3215	2568	2702	134	new	3
3216	2568	2796	228	new	3
3217	2568	2748	180	new	3
3218	2568	2772	204	path	3
3219	2568	2772	204	path	3
3220	2568	2748	180	new	3
3221	2569	2710	141	new	3
3222	2569	2846	277	new	3
3223	2569	2847	278	new	3
3224	2569	2710	141	new	3
3225	2570	2778	208	path	3
3226	2570	2724	154	new	3
3227	2570	2742	172	new	3
3228	2571	2770	199	new	3
3229	2571	2865	294	new	3
3230	2572	2706	134	new	3
3231	2572	2703	131	new	3
3232	2572	2771	199	new	3
3233	2572	2706	134	new	3
3234	2572	2770	198	new	3
3235	2573	2866	293	path	3
3236	2573	2729	156	new	3
3237	2574	2814	240	path	3
3238	2575	2802	227	new	3
3239	2575	3083	508	path	3
3240	2575	2575	0	new	3
3241	2576	2576	0	new	3
3242	2576	2768	192	new	3
3243	2576	2576	0	new	3
3244	2576	2746	170	new	3
3245	2577	2713	136	new	3
3246	2578	2760	182	new	3
3247	2578	2909	331	new	3
3248	2578	2786	208	new	3
3249	2579	2838	259	new	3
3250	2582	2771	189	new	3
3251	2582	2796	214	new	3
3252	2582	2930	348	new	3
3253	2583	2797	214	new	3
3254	2583	2781	198	path	3
3255	2584	2784	200	path	3
3256	2586	2720	134	new	3
3257	2586	2720	134	new	3
3258	2586	2757	171	new	3
3259	2586	2722	136	new	3
3260	2587	2742	155	new	3
3261	2587	2803	216	path	3
3262	2587	2738	151	new	3
3263	2588	2722	134	new	3
3264	2588	3028	440	path	3
3265	2589	2999	410	path	3
3266	2589	2771	182	new	3
3267	2589	2754	165	new	3
3268	2590	2724	134	new	3
3269	2590	2906	316	new	3
3270	2590	2800	210	new	3
3271	2591	2904	313	path	3
3272	2591	2821	230	path	3
3273	2592	2923	331	path	3
3274	2593	3028	435	path	3
3275	2593	3066	473	path	3
3276	2593	2593	0	new	3
3277	2593	2727	134	new	3
3278	2594	2728	134	new	3
3279	2594	2803	209	path	3
3280	2594	2801	207	new	3
3281	2595	2769	174	path	3
3282	2595	2729	134	new	3
3283	2595	2895	300	path	3
3284	2595	2809	214	new	3
3285	2595	2804	209	new	3
3286	2595	2729	134	new	3
3287	2596	2803	207	path	3
3288	2596	2730	134	new	3
3289	2597	2789	192	new	3
3290	2597	2789	192	new	3
3291	2597	2773	176	new	3
3292	2597	2915	318	path	3
3293	2598	2956	358	path	3
3294	2598	2756	158	path	3
3295	2598	2756	158	path	3
3296	2601	2735	134	new	3
3297	2601	2793	192	new	3
3298	2602	2786	184	new	3
3299	2602	2736	134	new	3
3300	2602	2732	130	new	3
3301	2602	2885	283	path	3
3302	2602	2799	197	new	3
3303	2603	2761	158	new	3
3304	2603	2737	134	new	3
3305	2603	2812	209	new	3
3306	2604	2751	147	new	3
3307	2604	2738	134	new	3
3308	2604	2819	215	new	3
3309	2605	2774	169	new	3
3310	2605	2780	175	new	3
3311	2607	2790	183	new	3
3312	2607	2908	301	new	3
3313	2609	2792	183	path	3
3314	2609	2793	184	new	3
3315	2613	3010	397	new	3
3316	2613	3014	401	new	3
3317	2613	2799	186	new	3
3318	2615	2764	149	new	3
3319	2616	2752	136	new	3
3320	2617	2785	168	new	3
3321	2618	2809	191	new	3
3322	2619	2993	374	new	3
3323	2620	2849	229	new	3
3324	2620	2772	152	new	3
3325	2621	2757	136	new	3
3326	2621	2755	134	new	3
3327	2623	2756	133	new	3
3328	2624	2758	134	new	3
3329	2624	2848	224	path	3
3330	2625	2845	220	path	3
3331	2625	2777	152	new	3
3332	2626	2829	203	new	3
3333	2626	2780	154	new	3
3334	2626	2778	152	new	3
3335	2626	2836	210	new	3
3336	2627	3098	471	new	3
3337	2627	2999	372	path	3
3338	2628	2832	204	new	3
3339	2628	2780	152	new	3
3340	2630	2812	182	new	3
3341	2630	2826	196	new	3
3342	2630	2848	218	path	3
3343	2631	2809	178	path	3
3344	2631	2876	245	path	3
3345	2631	2786	155	new	3
3346	2631	2795	164	new	3
3347	2631	2766	135	new	3
3348	2631	2848	217	new	3
3349	2631	2809	178	new	3
3350	2631	2962	331	new	3
3351	2632	2831	199	new	3
3352	2632	2766	134	new	3
3353	2632	2766	134	new	3
3354	2632	2779	147	new	3
3355	2632	2780	148	new	3
3356	2632	2780	148	new	3
3357	2633	2843	210	new	3
3358	2633	2836	203	new	3
3359	2633	2901	268	new	3
3360	2633	2849	216	path	3
3361	2633	2829	196	path	3
3362	2633	2793	160	new	3
3363	2633	2832	199	new	3
3364	2633	2781	148	new	3
3365	2633	2846	213	new	3
3366	2633	2923	290	path	3
3367	2634	2768	134	new	3
3368	2634	2813	179	new	3
3369	2634	2828	194	new	3
3370	2634	2775	141	new	3
3371	2634	2634	0	new	3
3372	2634	2820	186	new	3
3373	2635	2997	362	path	3
3374	2635	2837	202	new	3
3375	2635	2805	170	new	3
3376	2635	2768	133	new	3
3377	2635	2831	196	new	3
3378	2635	2876	241	path	3
3379	2635	2977	342	new	3
3380	2635	2808	173	new	3
3381	2635	2829	194	new	3
3382	2635	2769	134	new	3
3383	2636	2779	143	new	3
3384	2636	3085	449	path	3
3385	2636	2830	194	new	3
3386	2636	2769	133	new	3
3387	2637	2771	134	new	3
3388	2637	2846	209	new	3
3389	2637	2833	196	new	3
3390	2637	2771	134	new	3
3391	2638	3103	465	new	3
3392	2638	2834	196	path	3
3393	2638	2638	0	new	3
3394	2639	2834	195	new	3
3395	2639	2806	167	new	3
3396	2639	2838	199	new	3
3397	2639	2799	160	new	3
3398	2639	2791	152	new	3
3399	2639	2834	195	new	3
3400	2640	2787	147	new	3
3401	2640	2849	209	new	3
3402	2640	2903	263	new	3
3403	2640	2806	166	new	3
3404	2640	2801	161	new	3
3405	2640	2835	195	new	3
3406	2641	2836	195	new	3
3407	2641	2805	164	new	3
3408	2641	2811	170	new	3
3409	2642	2778	136	new	3
3410	2642	2804	162	new	3
3411	2643	2785	142	new	3
3412	2643	2777	134	new	3
3413	2643	2813	170	new	3
3414	2643	2852	209	new	3
3415	2643	2777	134	new	3
3416	2643	2830	187	new	3
3417	2643	2777	134	new	3
3418	2643	2804	161	new	3
3419	2644	2826	182	new	3
3420	2644	2799	155	new	3
3421	2644	2644	0	new	3
3422	2644	2778	134	new	3
3423	2645	2838	193	new	3
3424	2645	2821	176	new	3
3425	2646	2780	134	new	3
3426	2646	2819	173	new	3
3427	2646	2826	180	new	3
3428	2646	2861	215	new	3
3429	2646	2861	215	new	3
3430	2647	2901	254	path	3
3431	2647	2803	156	new	3
3432	2648	2882	234	new	3
3433	2648	2782	134	new	3
3434	2648	2898	250	new	3
3435	2648	2811	163	path	3
3436	2648	2778	130	new	3
3437	2649	2785	136	new	3
3438	2649	3105	456	new	3
3439	2650	2859	209	new	3
3440	2650	3093	443	path	3
3441	2650	2784	134	new	3
3442	2651	3027	376	new	3
3443	2651	2815	164	new	3
3444	2652	2652	0	new	3
3445	2652	2952	300	new	3
3446	2652	2836	184	new	3
3447	2653	2850	197	new	3
3448	2653	3060	407	new	3
3449	2654	2788	134	new	3
3450	2654	3064	410	new	3
3451	2655	2859	204	path	3
3452	2655	2789	134	new	3
3453	2656	3006	350	path	3
3454	2656	3006	350	path	3
3455	2656	2819	163	new	3
3456	2657	3009	352	new	3
3457	2659	2827	168	new	3
3458	2660	3003	343	new	3
3459	2661	2836	175	new	3
3460	2661	2661	0	new	3
3461	2662	2857	195	new	3
3462	2662	2807	145	new	3
3463	2662	2845	183	new	3
3464	2662	2957	295	new	3
3465	2664	3094	430	new	3
3466	2665	2844	179	new	3
3467	2665	2851	186	new	3
3468	2666	2888	222	path	3
3469	2666	2817	151	new	3
3470	2667	3035	368	new	3
3471	2667	2847	180	new	3
3472	2668	2853	185	new	3
3473	2669	2841	172	new	3
3474	2670	2803	133	new	3
3475	2671	2862	191	new	3
3476	2672	2821	149	new	3
3477	2672	2869	197	path	3
3478	2673	2858	185	new	3
3479	2675	2811	136	new	3
3480	2675	2859	184	new	3
3481	2675	2859	184	new	3
3482	2675	2859	184	new	3
3483	2675	2919	244	path	3
3484	2676	2810	134	new	3
3485	2676	2840	164	new	3
3486	2677	2861	184	path	3
3487	2678	2837	159	new	3
3488	2678	2832	154	new	3
3489	2680	2814	134	new	3
3490	2681	2983	302	path	3
3491	2684	2818	134	new	3
3492	2684	2887	203	new	3
3493	2686	3073	387	new	3
3494	2686	2820	134	new	3
3495	2687	3056	369	new	3
3496	2688	2834	146	new	3
3497	2689	2823	134	new	3
3498	2690	2871	181	path	3
3499	2690	2821	131	new	3
3500	2690	2824	134	new	3
3501	2691	2821	130	new	3
3502	2691	2837	146	path	3
3503	2691	3013	322	new	3
3504	2691	3060	369	new	3
3505	2691	2867	176	new	3
3506	2691	3059	368	new	3
3507	2692	2911	219	path	3
3508	2692	2833	141	new	3
3509	2692	2952	260	new	3
3510	2692	3022	330	path	3
3511	2693	2827	134	new	3
3512	2693	2951	258	path	3
3513	2693	2925	232	new	3
3514	2693	2838	145	new	3
3515	2693	2946	253	new	3
3516	2693	2837	144	path	3
3517	2693	2693	0	new	3
3518	2694	3025	331	new	3
3519	2694	2909	215	path	3
3520	2695	2868	173	new	3
3521	2695	3020	325	new	3
3522	2695	2828	133	new	3
3523	2696	3028	332	path	3
3524	2697	2923	226	path	3
3525	2697	2831	134	new	3
3526	2697	2976	279	path	3
3527	2697	2847	150	new	3
3528	2698	2832	134	new	3
3529	2698	3181	483	new	3
3530	2698	2973	275	path	3
3531	2698	2919	221	new	3
3532	2698	3069	371	new	3
3533	2699	2920	221	new	3
3534	2699	2902	203	new	3
3535	2699	3021	322	new	3
3536	2700	2926	226	new	3
3537	2700	2834	134	new	3
3538	2700	2880	180	new	3
3539	2701	3303	602	new	3
3540	2701	2835	134	new	3
3541	2701	2834	133	new	3
3542	2701	2835	134	new	3
3543	2701	2837	136	new	3
3544	2701	2952	251	path	3
3545	2702	2871	169	new	3
3546	2702	2924	222	path	3
3547	2702	3132	430	path	3
3548	2702	2959	257	new	3
3549	2702	2930	228	path	3
3550	2703	3119	416	new	3
3551	2703	2889	186	new	3
3552	2704	3270	566	new	3
3553	2704	2837	133	new	3
3554	2704	3095	391	new	3
3555	2704	2862	158	new	3
3556	2704	2889	185	new	3
3557	2704	2902	198	path	3
3558	2706	2840	134	new	3
3559	2706	2867	161	new	3
3560	2706	3022	316	path	3
3561	2706	2887	181	new	3
3562	2706	3070	364	path	3
3563	2706	2893	187	new	3
3564	2706	3066	360	new	3
3565	2707	2943	236	path	3
3566	2707	2895	188	path	3
3567	2707	2883	176	new	3
3568	2708	2885	177	new	3
3569	2708	2889	181	new	3
3570	2708	2888	180	new	3
3571	2708	3011	303	new	3
3572	2708	2907	199	new	3
3573	2709	2878	169	new	3
3574	2709	2879	170	new	3
3575	2709	2879	170	path	3
3576	2710	2910	200	new	3
3577	2710	2988	278	path	3
3578	2710	2925	215	path	3
3579	2710	2925	215	new	3
3580	2711	3068	357	new	3
3581	2711	2884	173	new	3
3582	2712	2917	205	new	3
3583	2712	2863	151	new	3
3584	2713	2847	134	new	3
3585	2713	2927	214	new	3
3586	2713	3132	419	path	3
3587	2713	2869	156	path	3
3588	2714	2900	186	new	3
3589	2715	2849	134	new	3
3590	2717	2931	214	new	3
3591	2717	2905	188	new	3
3592	2717	3006	289	new	3
3593	2719	2864	145	path	3
3594	2719	2853	134	new	3
3595	2720	2931	211	new	3
3596	2720	2954	234	new	3
3597	2721	2894	173	new	3
3598	2722	3197	475	path	3
3599	2723	2933	210	new	3
3600	2724	2913	189	new	3
3601	2725	2906	181	new	3
3602	2725	3068	343	new	3
3603	2725	2872	147	new	3
3604	2726	2928	202	path	3
3605	2726	2915	189	new	3
3606	2726	2966	240	new	3
3607	2727	2919	192	path	3
3608	2727	2727	0	new	3
3609	2727	2999	272	new	3
3610	2727	2962	235	path	3
3611	2729	2858	129	new	3
3612	2731	2945	214	new	3
3613	2731	2927	196	path	3
3614	2732	3034	302	new	3
3615	2735	2916	181	new	3
3616	2735	2926	191	new	3
3617	2735	3102	367	path	3
3618	2736	2891	155	new	3
3619	2738	3109	371	new	3
3620	2738	3064	326	new	3
3621	2738	2889	151	new	3
3622	2739	2917	178	new	3
3623	2739	2739	0	new	3
3624	2740	2740	0	new	3
3625	2740	3006	266	new	3
3626	2741	2938	197	new	3
3627	2741	2877	136	new	3
3628	2741	2954	213	new	3
3629	2741	2875	134	new	3
3630	2741	3036	295	new	3
3631	2742	2876	134	new	3
3632	2742	3039	297	new	3
3633	2742	3231	489	new	3
3634	2742	3052	310	path	3
3635	2743	2879	136	new	3
3636	2743	3050	307	path	3
3637	2744	2878	134	new	3
3638	2744	2878	134	new	3
3639	2745	3075	330	path	3
3640	2745	3035	290	path	3
3641	2747	3004	257	path	3
3642	2747	2881	134	new	3
3643	2748	2984	236	new	3
3644	2748	2882	134	new	3
3645	2749	2885	136	new	3
3646	2750	2884	134	new	3
3647	2750	2922	172	new	3
3648	2751	2931	180	new	3
3649	2752	2886	134	new	3
3650	2753	2951	198	new	3
3651	2753	2974	221	new	3
3652	2754	2910	156	new	3
3653	2754	2933	179	new	3
3654	2755	2924	169	new	3
3655	2755	2918	163	new	3
3656	2756	2990	234	new	3
3657	2756	3044	288	new	3
3658	2757	2921	164	new	3
3659	2757	2946	189	path	3
3660	2757	2992	235	new	3
3661	2758	2891	133	new	3
3662	2758	2909	151	new	3
3663	2758	2970	212	new	3
3664	2759	2956	197	new	3
3665	2759	3057	298	path	3
3666	2760	2938	178	path	3
3667	2761	2959	198	new	3
3668	2762	2762	0	new	3
3669	2762	2896	134	new	3
3670	2762	3392	630	path	3
3671	2762	2898	136	new	3
3672	2763	2974	211	new	3
3673	2763	2896	133	new	3
3674	2764	2953	189	new	3
3675	2764	3021	257	new	3
3676	2764	2911	147	new	3
3677	2764	2967	203	new	3
3678	2765	3057	292	new	3
3679	2765	3019	254	new	3
3680	2766	2903	137	new	3
3681	2766	2956	190	new	3
3682	2766	3016	250	new	3
3683	2766	2950	184	new	3
3684	2766	2983	217	path	3
3685	2766	3027	261	new	3
3686	2766	2900	134	new	3
3687	2767	2908	141	new	3
3688	2767	2901	134	new	3
3689	2767	2767	0	new	3
3690	2767	3009	242	new	3
3691	2767	2932	165	new	3
3692	2768	2904	136	new	3
3693	2768	3044	276	new	3
3694	2768	3197	429	path	3
3695	2768	2941	173	new	3
3696	2769	3124	355	new	3
3697	2770	3010	240	new	3
3698	2770	2978	208	new	3
3699	2770	3051	281	new	3
3700	2770	3102	332	path	3
3701	2770	2983	213	path	3
3702	2770	2912	142	new	3
3703	2771	3169	398	path	3
3704	2771	3087	316	path	3
3705	2772	3051	279	new	3
3706	2772	2932	160	new	3
3707	2772	2986	214	new	3
3708	2772	2929	157	new	3
3709	2772	2972	200	new	3
3710	2773	3027	254	path	3
3711	2773	3039	266	path	3
3712	2773	3064	291	path	3
3713	2773	2999	226	new	3
3714	2773	3095	322	new	3
3715	2774	3110	336	path	3
3716	2774	2992	218	new	3
3717	2774	3040	266	path	3
3718	2774	2984	210	path	3
3719	2774	3047	273	path	3
3720	2774	2952	178	path	3
3721	2775	3022	247	new	3
3722	2775	2909	134	new	3
3723	2775	3129	354	new	3
3724	2775	2929	154	new	3
3725	2775	2963	188	new	3
3726	2776	3033	257	new	3
3727	2776	2776	0	new	3
3728	2776	3138	362	path	3
3729	2776	3048	272	new	3
3730	2776	3078	302	new	3
3731	2776	3066	290	new	3
3732	2777	2913	136	new	3
3733	2777	3061	284	new	3
3734	2777	3107	330	new	3
3735	2777	3118	341	new	3
3736	2777	2952	175	new	3
3737	2777	3060	283	new	3
3738	2778	3104	326	path	3
3739	2778	2926	148	new	3
3740	2778	2949	171	new	3
3741	2779	2933	154	new	3
3742	2779	3138	359	path	3
3743	2779	2971	192	new	3
3744	2779	2978	199	new	3
3745	2780	2962	182	new	3
3746	2780	2924	144	path	3
3747	2780	2947	167	new	3
3748	2780	2999	219	path	3
3749	2781	2914	133	new	3
3750	2781	3077	296	path	3
3751	2781	3095	314	path	3
3752	2781	2984	203	new	3
3753	2782	3085	303	new	3
3754	2783	2942	159	new	3
3755	2783	3018	235	new	3
3756	2783	3088	305	new	3
3757	2783	2950	167	new	3
3758	2783	3028	245	new	3
3759	2783	2931	148	new	3
3760	2783	2963	180	new	3
3761	2783	3040	257	new	3
3762	2783	2985	202	new	3
3763	2783	2966	183	path	3
3764	2784	2928	144	new	3
3765	2784	2945	161	new	3
3766	2784	2956	172	new	3
3767	2784	2960	176	new	3
3768	2784	2918	134	new	3
3769	2785	2785	0	new	3
3770	2785	3029	244	new	3
3771	2786	2920	134	new	3
3772	2786	3025	239	path	3
3773	2786	2920	134	new	3
3774	2786	2947	161	new	3
3775	2786	2977	191	new	3
3776	2787	2971	184	new	3
3777	2787	2921	134	new	3
3778	2787	2941	154	new	3
3779	2787	3110	323	path	3
3780	2787	2934	147	new	3
3781	2788	2931	143	new	3
3782	2788	2998	210	new	3
3783	2788	3175	387	new	3
3784	2788	3112	324	new	3
3785	2788	2942	154	new	3
3786	2788	3001	213	path	3
3787	2788	3111	323	new	3
3788	2788	3085	297	path	3
3789	2789	2999	210	path	3
3790	2789	3051	262	new	3
3791	2789	2979	190	new	3
3792	2789	3159	370	new	3
3793	2789	2945	156	path	3
3794	2790	2924	134	new	3
3795	2790	3086	296	path	3
3796	2790	3075	285	new	3
3797	2790	3140	350	new	3
3798	2790	2924	134	new	3
3799	2790	3086	296	path	3
3800	2791	3014	223	new	3
3801	2791	3315	524	new	3
3802	2791	3023	232	path	3
3803	2791	3145	354	new	3
3804	2792	2996	204	new	3
3805	2792	2996	204	new	3
3806	2792	2946	154	new	3
3807	2793	3038	245	new	3
3808	2793	3023	230	path	3
3809	2794	2928	134	new	3
3810	2794	2904	110	path	3
3811	2794	3183	389	new	3
3812	2794	3036	242	new	3
3813	2795	3096	301	new	3
3814	2795	2943	148	new	3
3815	2795	2954	159	new	3
3816	2795	2951	156	new	3
3817	2795	3200	405	new	3
3818	2796	3038	242	path	3
3819	2796	3025	229	path	3
3820	2796	2930	134	new	3
3821	2796	2992	196	new	3
3822	2797	3000	203	new	3
3823	2797	3083	286	path	3
3824	2797	2933	136	new	3
3825	2797	2951	154	new	3
3826	2798	2997	199	path	3
3827	2798	3059	261	path	3
3828	2799	2950	151	new	3
3829	2799	2929	130	new	3
3830	2799	2974	175	new	3
3831	2800	3173	373	new	3
3832	2800	2935	135	new	3
3833	2800	3064	264	path	3
3834	2801	3027	226	new	3
3835	2801	3001	200	new	3
3836	2801	2989	188	path	3
3837	2802	3056	254	new	3
3838	2802	3035	233	new	3
3839	2802	3104	302	path	3
3840	2803	3057	254	path	3
3841	2804	3019	215	new	3
3842	2805	2957	152	new	3
3843	2805	3094	289	path	3
3844	2805	2941	136	new	3
3845	2805	2939	134	new	3
3846	2806	3007	201	new	3
3847	2806	3160	354	path	3
3848	2807	2941	134	new	3
3849	2807	3053	246	new	3
3850	2807	2941	134	new	3
3851	2808	2989	181	new	3
3852	2809	2809	0	new	3
3853	2809	3004	195	path	3
3854	2809	2943	134	new	3
3855	2810	3013	203	new	3
3856	2813	2996	183	new	3
3857	2813	3042	229	new	3
3858	2814	3414	600	path	3
3859	2814	2950	136	new	3
3860	2815	2990	175	new	3
3861	2815	2975	160	new	3
3862	2817	3100	283	new	3
3863	2817	3099	282	new	3
3864	2817	3075	258	path	3
3865	2817	2951	134	new	3
3866	2817	3042	225	new	3
3867	2818	3044	226	path	3
3868	2820	2820	0	new	3
3869	2822	3025	203	path	3
3870	2823	3015	192	new	3
3871	2824	3011	187	path	3
3872	2824	3085	261	path	3
3873	2824	3059	235	path	3
3874	2825	3056	231	path	3
3875	2825	3083	258	path	3
3876	2825	3095	270	new	3
3877	2826	3241	415	path	3
3878	2826	3121	295	new	3
3879	2828	3112	284	path	3
3880	2828	3133	305	new	3
3881	2828	3197	369	new	3
3882	2829	2965	136	new	3
3883	2829	3202	373	new	3
3884	2829	3472	643	path	3
3885	2830	3015	185	new	3
3886	2830	2964	134	new	3
3887	2831	3057	226	new	3
3888	2831	2984	153	new	3
3889	2831	3005	174	new	3
3890	2831	3261	430	path	3
3891	2832	2983	151	new	3
3892	2832	2982	150	new	3
3893	2832	3095	263	new	3
3894	2832	3090	258	new	3
3895	2832	3087	255	path	3
3896	2832	2985	153	path	3
3897	2832	3011	179	new	3
3898	2832	3062	230	new	3
3899	2833	2985	152	new	3
3900	2833	2976	143	new	3
3901	2834	3012	178	new	3
3902	2834	3034	200	new	3
3903	2834	3103	269	path	3
3904	2835	2980	145	new	3
3905	2835	2969	134	new	3
3906	2836	2970	134	new	3
3907	2836	3035	199	path	3
3908	2836	2994	158	new	3
3909	2837	2967	130	new	3
3910	2837	2984	147	new	3
3911	2837	3025	188	path	3
3912	2837	3124	287	path	3
3913	2838	3009	171	path	3
3914	2838	3006	168	path	3
3915	2838	3037	199	new	3
3916	2839	2973	134	new	3
3917	2839	2991	152	new	3
3918	2839	3089	250	new	3
3919	2840	3017	177	new	3
3920	2840	3134	294	new	3
3921	2840	3045	205	path	3
3922	2840	2976	136	new	3
3923	2840	3010	170	new	3
3924	2841	2977	136	new	3
3925	2841	3066	225	path	3
3926	2841	3100	259	path	3
3927	2841	3082	241	new	3
3928	2842	3043	201	path	3
3929	2842	3088	246	new	3
3930	2842	2990	148	new	3
3931	2842	3035	193	new	3
3932	2843	3013	170	new	3
3933	2843	3080	237	new	3
3934	2843	2985	142	new	3
3935	2843	3059	216	new	3
3936	2843	2995	152	new	3
3937	2843	3060	217	new	3
3938	2844	3037	193	path	3
3939	2844	3073	229	new	3
3940	2844	3073	229	new	3
3941	2844	3020	176	new	3
3942	2844	2992	148	new	3
3943	2844	3008	164	new	3
3944	2844	2991	147	new	3
3945	2844	3065	221	new	3
3946	2845	3081	236	new	3
3947	2845	2987	142	new	3
3948	2845	2998	153	new	3
3949	2845	3047	202	new	3
3950	2846	3049	203	new	3
3951	2846	3054	208	new	3
3952	2846	2994	148	new	3
3953	2846	3000	154	new	3
3954	2846	3033	187	new	3
3955	2847	3056	209	new	3
3956	2848	3028	180	new	3
3957	2848	3056	208	new	3
3958	2848	3000	152	new	3
3959	2848	3031	183	new	3
3960	2849	3129	280	path	3
3961	2851	3063	212	new	3
3962	2851	3078	227	new	3
3963	2851	2985	134	new	3
3964	2851	3032	181	path	3
3965	2851	3075	224	new	3
3966	2851	2984	133	new	3
3967	2851	3137	286	new	3
3968	2852	3041	189	new	3
3969	2852	3061	209	new	3
3970	2852	3235	383	path	3
3971	2853	3033	180	new	3
3972	2853	3036	183	new	3
3973	2853	3089	236	new	3
3974	2853	3033	180	new	3
3975	2853	2987	134	new	3
3976	2853	3034	181	path	3
3977	2854	3078	224	new	3
3978	2854	2988	134	new	3
3979	2854	3034	180	new	3
3980	2854	3034	180	new	3
3981	2854	3039	185	new	3
3982	2855	3034	179	new	3
3983	2855	3052	197	new	3
3984	2855	2989	134	new	3
3985	2855	2989	134	new	3
3986	2855	3071	216	new	3
3987	2855	3071	216	new	3
3988	2855	3024	169	new	3
3989	2855	3069	214	new	3
3990	2855	3031	176	new	3
3991	2856	3017	161	new	3
3992	2856	3075	219	new	3
3993	2856	3006	150	new	3
3994	2856	2999	143	new	3
3995	2857	3042	185	new	3
3996	2857	3080	223	new	3
3997	2857	3195	338	path	3
3998	2857	3007	150	new	3
3999	2857	2993	136	new	3
4000	2857	3041	184	new	3
4001	2857	3011	154	new	3
4002	2858	3045	187	new	3
4003	2858	2858	0	new	3
4004	2858	3039	181	path	3
4005	2858	3093	235	path	3
4006	2858	3080	222	new	3
4007	2858	3037	179	new	3
4008	2858	3126	268	path	3
4009	2858	2992	134	new	3
4010	2858	3036	178	new	3
4011	2859	3059	200	new	3
4012	2859	3039	180	path	3
4013	2859	3009	150	new	3
4014	2859	3034	175	new	3
4015	2859	3040	181	new	3
4016	2860	3061	201	new	3
4017	2860	3037	177	new	3
4018	2860	3086	226	new	3
4019	2860	3062	202	new	3
4020	2860	3035	175	path	3
4021	2861	3081	220	new	3
4022	2861	2994	133	new	3
4023	2861	3063	202	new	3
4024	2861	2995	134	new	3
4025	2861	3077	216	new	3
4026	2861	3087	226	new	3
4027	2862	3077	215	new	3
4028	2862	3082	220	new	3
4029	2862	2996	134	new	3
4030	2862	3569	707	path	3
4031	2863	2996	133	new	3
4032	2863	3031	168	new	3
4033	2863	3101	238	new	3
4034	2863	3075	212	new	3
4035	2864	2997	133	new	3
4036	2864	2998	134	new	3
4037	2865	3042	177	path	3
4038	2866	3080	214	new	3
4039	2866	3000	134	new	3
4040	2866	3101	235	path	3
4041	2867	3001	134	new	3
4042	2868	3002	134	new	3
4043	2869	3005	136	new	3
4044	2869	3003	134	new	3
4045	2870	3030	160	new	3
4046	2870	3030	160	new	3
4047	2871	3020	149	new	3
4048	2871	3029	158	new	3
4049	2871	3005	134	new	3
4050	2872	3006	134	new	3
4051	2872	3052	180	new	3
4052	2873	3033	160	new	3
4053	2873	3008	135	new	3
4054	2873	3008	135	new	3
4055	2873	3006	133	new	3
4056	2873	3004	131	new	3
4057	2873	3008	135	new	3
4058	2874	3007	133	new	3
4059	2874	3037	163	new	3
4060	2874	3057	183	path	3
4061	2874	3050	176	new	3
4062	2875	2875	0	new	3
4063	2875	3023	148	new	3
4064	2876	3135	259	path	3
4065	2877	3011	134	new	3
4066	2877	3059	182	path	3
4067	2879	3013	134	new	3
4068	2879	3061	182	new	3
4069	2879	3064	185	path	3
4070	2879	3046	167	new	3
4071	2879	3046	167	new	3
4072	2879	3067	188	path	3
4073	2879	3055	176	new	3
4074	2880	3033	153	new	3
4075	2880	2880	0	new	3
4076	2880	3022	142	new	3
4077	2880	3031	151	new	3
4078	2880	3107	227	new	3
4079	2880	3175	295	new	3
4080	2881	3099	218	new	3
4081	2881	3059	178	path	3
4082	2881	3100	219	new	3
4083	2881	3118	237	path	3
4084	2881	3015	134	new	3
4085	2881	3047	166	new	3
4086	2882	3034	152	new	3
4087	2882	3273	391	new	3
4088	2882	3083	201	new	3
4089	2882	3126	244	new	3
4090	2882	3075	193	new	3
4091	2883	3069	186	new	3
4092	2883	3042	159	new	3
4093	2883	3072	189	new	3
4094	2883	3181	298	path	3
4095	2883	3051	168	new	3
4096	2883	3116	233	new	3
4097	2884	3086	202	new	3
4098	2884	3113	229	new	3
4099	2884	3077	193	path	3
4100	2884	3404	520	new	3
4101	2884	3020	136	new	3
4102	2884	3082	198	new	3
4103	2885	3128	243	path	3
4104	2885	3027	142	path	3
4105	2885	3074	189	new	3
4106	2885	3414	529	new	3
4107	2886	3118	232	new	3
4108	2886	3105	219	path	3
4109	2888	3101	213	new	3
4110	2888	3041	153	new	3
4111	2888	3060	172	new	3
4112	2888	3100	212	path	3
4113	2890	3055	165	new	3
4114	2890	3110	220	path	3
4115	2890	3118	228	path	3
4116	2890	3067	177	new	3
4117	2890	3071	181	new	3
4118	2890	3023	133	new	3
4119	2890	3060	170	new	3
4120	2890	3105	215	path	3
4121	2890	3085	195	path	3
4122	2890	3022	132	new	3
4123	2891	3089	198	new	3
4124	2891	3105	214	path	3
4125	2891	3027	136	new	3
4126	2891	2891	0	new	3
4127	2891	3067	176	new	3
4128	2892	3119	227	path	3
4129	2892	3108	216	new	3
4130	2892	3022	130	new	3
4131	2892	3055	163	new	3
4132	2892	3095	203	path	3
4133	2892	3038	146	new	3
4134	2892	3035	143	new	3
4135	2892	3025	133	new	3
4136	2893	3050	157	new	3
4137	2893	3058	165	new	3
4138	2893	3077	184	new	3
4139	2893	3124	231	new	3
4140	2893	3047	154	new	3
4141	2893	3110	217	new	3
4142	2893	3069	176	new	3
4143	2893	3064	171	new	3
4144	2893	3027	134	new	3
4145	2894	3107	213	new	3
4146	2894	3067	173	new	3
4147	2894	3106	212	new	3
4148	2894	3028	134	new	3
4149	2894	3101	207	new	3
4150	2895	3100	205	path	3
4151	2895	3094	199	new	3
4152	2895	3047	152	new	3
4153	2895	3306	411	new	3
4154	2895	3073	178	new	3
4155	2895	3146	251	path	3
4156	2895	3201	306	new	3
4157	2895	3031	136	new	3
4158	2896	3112	216	new	3
4159	2896	3106	210	new	3
4160	2896	3068	172	path	3
4161	2896	3090	194	new	3
4162	2896	3194	298	new	3
4163	2896	3081	185	new	3
4164	2896	3090	194	new	3
4165	2896	3048	152	new	3
4166	2896	3119	223	new	3
4167	2897	3060	163	new	3
4168	2897	3182	285	path	3
4169	2897	3092	195	new	3
4170	2897	3050	153	new	3
4171	2897	3031	134	new	3
4172	2897	3065	168	new	3
4173	2898	3049	151	new	3
4174	2898	3031	133	new	3
4175	2898	3182	284	new	3
4176	2898	3082	184	new	3
4177	2898	3031	133	new	3
4178	2898	3031	133	new	3
4179	2898	3082	184	new	3
4180	2898	3108	210	new	3
4181	2898	3029	131	new	3
4182	2898	3046	148	new	3
4183	2899	3051	152	new	3
4184	2899	3353	454	new	3
4185	2899	3083	184	new	3
4186	2899	3213	314	new	3
4187	2899	3115	216	path	3
4188	2899	3029	130	new	3
4189	2899	3093	194	new	3
4190	2899	3063	164	path	3
4191	2900	3093	193	new	3
4192	2900	3060	160	new	3
4193	2900	3105	205	path	3
4194	2900	3116	216	path	3
4195	2900	3173	273	path	3
4196	2900	3034	134	new	3
4197	2901	3073	172	new	3
4198	2901	3461	560	new	3
4199	2901	3094	193	new	3
4200	2901	3105	204	path	3
4201	2901	3096	195	new	3
4202	2901	3044	143	new	3
4203	2901	3094	193	new	3
4204	2901	3034	133	new	3
4205	2901	3182	281	path	3
4206	2901	3035	134	new	3
4207	2901	3034	133	new	3
4208	2901	3035	134	new	3
4209	2902	3077	175	new	3
4210	2902	3210	308	new	3
4211	2902	3036	134	new	3
4212	2902	3036	134	new	3
4213	2903	3156	253	path	3
4214	2903	3055	152	new	3
4215	2903	3036	133	new	3
4216	2903	3162	259	path	3
4217	2903	3096	193	new	3
4218	2903	3110	207	new	3
4219	2903	3272	369	new	3
4220	2903	3047	144	new	3
4221	2903	3094	191	new	3
4222	2903	3096	193	new	3
4223	2903	3037	134	new	3
4224	2904	3097	193	new	3
4225	2904	3161	257	new	3
4226	2904	3051	147	new	3
4227	2904	3134	230	new	3
4228	2904	3037	133	new	3
4229	2904	3097	193	new	3
4230	2904	3097	193	new	3
4231	2904	3073	169	new	3
4232	2904	3268	364	new	3
4233	2904	3038	134	new	3
4234	2904	3097	193	new	3
4235	2904	3038	134	new	3
4236	2904	3114	210	new	3
4237	2904	3097	193	new	3
4238	2904	3047	143	new	3
4239	2905	3039	134	new	3
4240	2905	3112	207	path	3
4241	2905	3042	137	new	3
4242	2905	3073	168	new	3
4243	2905	3088	183	new	3
4244	2905	3335	430	new	3
4245	2905	3339	434	new	3
4246	2905	3059	154	new	3
4247	2905	3099	194	new	3
4248	2905	3090	185	new	3
4249	2905	3038	133	new	3
4250	2905	3070	165	new	3
4251	2905	3047	142	new	3
4252	2905	3093	188	new	3
4253	2905	3077	172	new	3
4254	2906	3039	133	new	3
4255	2906	3040	134	new	3
4256	2906	3087	181	new	3
4257	2906	3108	202	path	3
4258	2906	3049	143	new	3
4259	2906	3173	267	path	3
4260	2906	3096	190	new	3
4261	2906	3036	130	new	3
4262	2906	3052	146	new	3
4263	2906	3099	193	new	3
4264	2906	3040	134	new	3
4265	2907	3062	155	new	3
4266	2907	3112	205	path	3
4267	2907	3052	145	new	3
4268	2907	3184	277	new	3
4269	2907	3100	193	new	3
4270	2907	3037	130	new	3
4271	2907	3182	275	path	3
4272	2907	3090	183	new	3
4273	2907	3041	134	new	3
4274	2907	3070	163	new	3
4275	2907	3041	134	new	3
4276	2908	3060	152	new	3
4277	2908	3042	134	new	3
4278	2908	3097	189	new	3
4279	2908	3079	171	new	3
4280	2908	3203	295	new	3
4281	2908	3101	193	new	3
4282	2908	3087	179	new	3
4283	2908	3051	143	new	3
4284	2908	3042	134	new	3
4285	2909	3070	161	new	3
4286	2909	3038	129	new	3
4287	2909	3109	200	new	3
4288	2909	3205	296	new	3
4289	2909	3043	134	new	3
4290	2910	3094	184	new	3
4291	2910	3541	631	new	3
4292	2910	3100	190	new	3
4293	2910	3092	182	new	3
4294	2910	3095	185	path	3
4295	2910	3097	187	new	3
4296	2910	3071	161	new	3
4297	2910	3104	194	new	3
4298	2911	3045	134	new	3
4299	2911	3079	168	new	3
4300	2911	3045	134	new	3
4301	2911	2911	0	new	3
4302	2912	3087	175	new	3
4303	2912	3097	185	new	3
4304	2913	3049	136	new	3
4305	2913	3047	134	new	3
4306	2913	3086	173	new	3
4307	2913	3164	251	path	3
4308	2913	3082	169	new	3
4309	2914	3194	280	path	3
4310	2914	3114	200	new	3
4311	2915	3111	196	new	3
4312	2915	3049	134	new	3
4313	2916	3052	136	new	3
4314	2916	3047	131	new	3
4315	2916	3137	221	path	3
4316	2916	3064	148	new	3
4317	2918	3080	162	new	3
4318	2919	3053	134	new	3
4319	2920	3067	147	new	3
4320	2920	3083	163	new	3
4321	2921	3055	134	new	3
4322	2921	3057	136	new	3
4323	2922	3562	640	path	3
4324	2923	3070	147	new	3
4325	2924	3065	141	new	3
4326	2924	3085	161	new	3
4327	2925	3161	236	path	3
4328	2925	3061	136	new	3
4329	2925	3073	148	new	3
4330	2925	3100	175	new	3
4331	2925	3059	134	new	3
4332	2925	2925	0	new	3
4333	2925	3366	441	new	3
4334	2925	3119	194	new	3
4335	2925	3058	133	new	3
4336	2925	3119	194	new	3
4337	2926	3060	134	new	3
4338	2926	3060	134	new	3
4339	2926	3074	148	new	3
4340	2926	3076	150	new	3
4341	2928	3403	475	new	3
4342	2928	3061	133	new	3
4343	2928	3062	134	new	3
4344	2928	3082	154	new	3
4345	2929	3063	134	new	3
4346	2929	3063	134	new	3
4347	2929	3412	483	path	3
4348	2929	3103	174	new	3
4349	2930	3100	170	path	3
4350	2930	3101	171	new	3
4351	2930	3125	195	new	3
4352	2931	3101	170	new	3
4353	2931	3066	135	new	3
4354	2931	3075	144	new	3
4355	2931	3126	195	new	3
4356	2932	3075	143	new	3
4357	2932	3140	208	path	3
4358	2932	3098	166	new	3
4359	2932	3097	165	new	3
4360	2932	3066	134	new	3
4361	2933	3067	134	new	3
4362	2933	3090	157	new	3
4363	2934	2934	0	new	3
4364	2934	3128	194	new	3
4365	2934	3128	194	new	3
4366	2934	3075	141	new	3
4367	2934	3067	133	new	3
4368	2935	3083	148	new	3
4369	2935	3064	129	path	3
4370	2935	3116	181	new	3
4371	2935	3090	155	new	3
4372	2935	3069	134	new	3
4373	2936	3081	145	new	3
4374	2936	3164	228	path	3
4375	2936	3064	128	new	3
4376	2938	3096	158	new	3
4377	2938	3072	134	new	3
4378	2939	3109	170	new	3
4379	2939	3072	133	new	3
4380	2939	3109	170	new	3
4381	2940	3074	134	new	3
4382	2940	3074	134	new	3
4383	2940	3068	128	new	3
4384	2940	3076	136	new	3
4385	2940	3143	203	new	3
4386	2941	3166	225	new	3
4387	2941	3084	143	new	3
4388	2942	3078	136	new	3
4389	2942	3089	147	new	3
4390	2942	3076	134	new	3
4391	2942	3090	148	new	3
4392	2943	3257	314	new	3
4393	2943	3084	141	new	3
4394	2944	3072	128	new	3
4395	2944	3078	134	new	3
4396	2945	3078	133	new	3
4397	2947	3099	152	new	3
4398	2948	3111	163	new	3
4399	2949	3083	134	new	3
4400	2950	3088	138	new	3
4401	2950	3160	210	path	3
4402	2950	3152	202	new	3
4403	2951	3101	150	new	3
4404	2951	3116	165	new	3
4405	2951	3132	181	new	3
4406	2951	3177	226	new	3
4407	2951	3087	136	new	3
4408	2952	3088	136	new	3
4409	2952	3293	341	new	3
4410	2952	3174	222	new	3
4411	2952	3122	170	new	3
4412	2953	3087	134	new	3
4413	2953	3206	253	path	3
4414	2953	3128	175	new	3
4415	2953	3087	134	new	3
4416	2953	3132	179	path	3
4417	2953	3111	158	new	3
4418	2954	3087	133	new	3
4419	2954	3157	203	new	3
4420	2954	3125	171	new	3
4421	2954	3087	133	new	3
4422	2954	3192	238	path	3
4423	2954	3088	134	new	3
4424	2955	3158	203	new	3
4425	2955	3089	134	new	3
4426	2956	3127	171	new	3
4427	2956	3108	152	new	3
4428	2956	3090	134	new	3
4429	2956	3117	161	new	3
4430	2957	3140	183	path	3
4431	2957	3140	183	path	3
4432	2957	3101	144	new	3
4433	2958	3099	141	new	3
4434	2958	3127	169	new	3
4435	2958	3145	187	path	3
4436	2958	3101	143	new	3
4437	2958	3128	170	new	3
4438	2958	3087	129	new	3
4439	2959	3105	146	new	3
4440	2959	3119	160	new	3
4441	2959	3115	156	new	3
4442	2959	3332	373	path	3
4443	2959	3134	175	new	3
4444	2959	3134	175	new	3
4445	2959	3171	212	new	3
4446	2960	3094	134	new	3
4447	2960	3128	168	new	3
4448	2960	3128	168	new	3
4449	2960	3134	174	new	3
4450	2960	3313	353	new	3
4451	2961	3127	166	new	3
4452	2961	3102	141	new	3
4453	2961	3102	141	new	3
4454	2961	3134	173	new	3
4455	2961	3127	166	new	3
4456	2962	3294	332	new	3
4457	2962	3090	128	new	3
4458	2962	3147	185	new	3
4459	2962	3096	134	new	3
4460	2962	3134	172	new	3
4461	2962	3175	213	new	3
4462	2962	3103	141	new	3
4463	2962	3148	186	path	3
4464	2963	3126	163	new	3
4465	2963	3221	258	path	3
4466	2963	3149	186	new	3
4467	2964	3097	133	new	3
4468	2964	3105	141	new	3
4469	2965	3133	168	new	3
4470	2966	3116	150	new	3
4471	2967	3103	136	new	3
4472	2967	3462	495	path	3
4473	2968	3103	135	new	3
4474	2968	3131	163	new	3
4475	2969	3116	147	new	3
4476	2969	3162	193	path	3
4477	2969	3097	128	new	3
4478	2970	3104	134	new	3
4479	2970	3159	189	new	3
4480	2971	3104	133	new	3
4481	2971	3107	136	new	3
4482	2971	3146	175	new	3
4483	2971	3260	289	new	3
4484	2973	2973	0	new	3
4485	2973	3108	135	new	3
4486	2974	3107	133	new	3
4487	2974	3108	134	new	3
4488	2974	3146	172	new	3
4489	2975	3134	159	new	3
4490	2978	3222	244	new	3
4491	2978	3111	133	new	3
4492	2983	3161	178	path	3
4493	2983	3197	214	new	3
4494	2984	3118	134	new	3
4495	2984	3267	283	path	3
4496	2984	3150	166	new	3
4497	2984	3204	220	new	3
4498	2985	3145	160	new	3
4499	2988	3124	136	new	3
4500	2989	3123	134	new	3
4501	2994	3180	186	new	3
4502	2994	3158	164	new	3
4503	2995	3166	171	new	3
4504	3002	3150	148	new	3
4505	3005	3131	126	path	3
4506	3009	3379	370	path	3
4507	3010	3144	134	new	3
4508	3015	3197	182	path	3
4509	3015	3015	0	new	3
4510	3015	3148	133	new	3
4511	3015	3254	239	new	3
4512	3015	3192	177	new	3
4513	3017	3151	134	new	3
4514	3018	3166	148	new	3
4515	3018	3207	189	path	3
4516	3019	3193	174	new	3
4517	3020	3148	128	new	3
4518	3020	3154	134	new	3
4519	3021	3171	150	new	3
4520	3021	3155	134	new	3
4521	3022	3170	148	new	3
4522	3030	3164	134	new	3
4523	3032	3421	389	new	3
4524	3032	3219	187	new	3
4525	3036	3217	181	new	3
4526	3037	3171	134	new	3
4527	3037	3171	134	new	3
4528	3037	3235	198	path	3
4529	3038	3307	269	new	3
4530	3040	3169	129	new	3
4531	3040	3222	182	new	3
4532	3040	3176	136	new	3
4533	3041	3175	134	new	3
4534	3043	3189	146	new	3
4535	3043	3201	158	new	3
4536	3043	3187	144	new	3
4537	3044	3178	134	new	3
4538	3044	3196	152	new	3
4539	3044	3187	143	new	3
4540	3046	3250	204	path	3
4541	3046	3296	250	new	3
4542	3046	3194	148	new	3
4543	3046	3046	0	new	3
4544	3047	3198	151	new	3
4545	3047	3297	250	new	3
4546	3047	3435	388	new	3
4547	3048	3202	154	new	3
4548	3048	3208	160	new	3
4549	3048	3182	134	new	3
4550	3049	3215	166	new	3
4551	3049	3207	158	new	3
4552	3049	3321	272	new	3
4553	3049	3231	182	new	3
4554	3050	3193	143	new	3
4555	3050	3186	136	new	3
4556	3050	3205	155	new	3
4557	3051	3200	149	new	3
4558	3051	3187	136	new	3
4559	3051	3317	266	new	3
4560	3051	3326	275	path	3
4561	3051	3193	142	new	3
4562	3051	3260	209	path	3
4563	3051	3217	166	new	3
4564	3052	3180	128	new	3
4565	3052	3186	134	new	3
4566	3052	3330	278	new	3
4567	3052	3186	134	new	3
4568	3053	3194	141	new	3
4569	3053	3187	134	new	3
4570	3053	3194	141	new	3
4571	3053	3237	184	new	3
4572	3053	3233	180	new	3
4573	3053	3233	180	new	3
4574	3054	3305	251	new	3
4575	3054	3338	284	new	3
4576	3054	3220	166	new	3
4577	3054	3237	183	new	3
4578	3054	3439	385	path	3
4579	3054	3188	134	new	3
4580	3054	3246	192	new	3
4581	3054	3188	134	new	3
4582	3055	3246	191	new	3
4583	3055	3188	133	new	3
4584	3055	3260	205	path	3
4585	3055	3247	192	new	3
4586	3056	3190	134	new	3
4587	3056	3200	144	new	3
4588	3056	3247	191	new	3
4589	3056	3195	139	new	3
4590	3056	3256	200	path	3
4591	3057	3204	147	new	3
4592	3057	3267	210	path	3
4593	3057	3324	267	new	3
4594	3057	3186	129	new	3
4595	3057	3248	191	new	3
4596	3058	3241	183	new	3
4597	3058	3248	190	path	3
4598	3058	3335	277	new	3
4599	3058	3238	180	new	3
4600	3058	3326	268	new	3
4601	3059	3250	191	new	3
4602	3060	3194	134	new	3
4603	3060	3252	192	path	3
4604	3060	3316	256	new	3
4605	3061	3468	407	new	3
4606	3062	3241	179	new	3
4607	3062	3248	186	new	3
4608	3063	3248	185	new	3
4609	3063	3245	182	new	3
4610	3064	3210	146	new	3
4611	3065	3199	134	new	3
4612	3065	3199	134	new	3
4613	3065	3201	136	new	3
4614	3066	3234	168	new	3
4615	3066	3234	168	new	3
4616	3066	3234	168	new	3
4617	3067	3259	192	path	3
4618	3067	3201	134	new	3
4619	3068	3487	419	new	3
4620	3068	3252	184	path	3
4621	3095	3238	143	new	3
4622	3103	3387	284	new	3
4623	3109	3245	136	new	3
4624	3112	3366	254	path	3
4625	3113	3384	271	path	3
4626	3113	3247	134	new	3
4627	3115	3608	493	new	3
4628	3115	3537	422	new	3
4629	3115	3355	240	new	3
4630	3116	3403	287	path	3
4631	3117	3251	134	new	3
4632	3117	3251	134	new	3
4633	3117	3374	257	new	3
4634	3117	3330	213	path	3
4635	3118	3439	321	new	3
4636	3118	3461	343	path	3
4637	3119	3336	217	new	3
4638	3120	3253	133	new	3
4639	3121	3330	209	path	3
4640	3122	3313	191	new	3
4641	3123	3257	134	new	3
4642	3123	3257	134	new	3
4643	3123	3257	134	new	3
4644	3124	3258	134	new	3
4645	3129	3263	134	new	3
4646	3131	3298	167	new	3
4647	3139	3274	135	new	3
4648	3140	3408	268	new	3
4649	3141	3277	136	new	3
4650	3142	3275	133	new	3
4651	3146	3303	157	new	3
4652	3147	3281	134	new	3
4653	3148	3296	148	new	3
4654	3148	3296	148	new	3
4655	3149	3420	271	new	3
4656	3150	3291	141	new	3
4657	3152	3321	169	new	3
4658	3152	3307	155	new	3
4659	3152	3152	0	new	3
4660	3152	3341	189	new	3
4661	3152	3316	164	new	3
4662	3153	3287	134	new	3
4663	3155	3292	137	new	3
4664	3155	3300	145	new	3
4665	3156	3290	134	new	3
4666	3156	3290	134	new	3
4667	3157	3305	148	new	3
4668	3157	3318	161	new	3
4669	3157	3317	160	new	3
4670	3157	3341	184	path	3
4671	3158	3309	151	new	3
4672	3158	3317	159	new	3
4673	3159	3294	135	new	3
4674	3159	3300	141	new	3
4675	3160	3296	136	new	3
4676	3160	3318	158	new	3
4677	3160	3309	149	new	3
4678	3160	3295	135	new	3
4679	3161	3316	155	new	3
4680	3161	3294	133	new	3
4681	3161	3289	128	new	3
4682	3162	3296	134	new	3
4683	3162	3315	153	new	3
4684	3163	3436	273	new	3
4685	3163	3297	134	new	3
4686	3163	3330	167	new	3
4687	3164	3453	289	new	3
4688	3165	3328	163	new	3
4689	3165	3300	135	new	3
4690	3165	3300	135	new	3
4691	3166	3309	143	new	3
4692	3166	3356	190	new	3
4693	3166	3322	156	new	3
4694	3167	3301	134	new	3
4695	3167	3301	134	new	3
4696	3167	3336	169	new	3
4697	3168	3306	138	new	3
4698	3168	3319	151	new	3
4699	3168	3302	134	new	3
4700	3168	3168	0	new	3
4701	3168	3304	136	new	3
4702	3169	3324	155	new	3
4703	3169	3302	133	new	3
4704	3170	3344	174	new	3
4705	3170	3299	129	new	3
4706	3170	3298	128	new	3
4707	3170	3456	286	new	3
4708	3170	3451	281	path	3
4709	3171	3339	168	new	3
4710	3172	3306	134	new	3
4711	3172	3306	134	new	3
4712	3172	3172	0	new	3
4713	3173	3350	177	path	3
4714	3173	3368	195	path	3
4715	3173	3342	169	new	3
4716	3175	3341	166	new	3
4717	3175	3303	128	new	3
4718	3177	3311	134	new	3
4719	3179	3313	134	new	3
4720	3179	3330	151	new	3
4721	3179	3315	136	new	3
4722	3179	3339	160	new	3
4723	3181	3329	148	new	3
4724	3181	3315	134	new	3
4725	3183	3372	189	new	3
4726	3183	3316	133	new	3
4727	3187	3323	136	new	3
4728	3189	3372	183	path	3
4729	3190	3364	174	new	3
4730	3190	3326	136	new	3
4731	3192	3326	134	new	3
4732	3193	3326	133	new	3
4733	3194	3330	136	new	3
4734	3194	3409	215	path	3
4735	3195	3337	142	new	3
4736	3196	3483	287	new	3
4737	3196	3529	333	new	3
4738	3196	3483	287	new	3
4739	3196	3386	190	path	3
4740	3196	3400	204	path	3
4741	3198	3485	287	new	3
4742	3199	3338	139	new	3
4743	3200	3490	290	new	3
4744	3200	3400	200	new	3
4745	3200	3497	297	path	3
4746	3201	3552	351	new	3
4747	3201	3391	190	new	3
4748	3201	3201	0	new	3
4749	3201	3373	172	new	3
4750	3202	3381	179	new	3
4751	3202	3336	134	new	3
4752	3203	3423	220	new	3
4753	3204	3382	178	new	3
4754	3205	3361	156	new	3
4755	3205	3359	154	new	3
4756	3207	3353	146	new	3
4757	3207	3425	218	path	3
4758	3207	3341	134	new	3
4759	3207	3377	170	new	3
4760	3207	3400	193	new	3
4761	3207	3341	134	new	3
4762	3207	3533	326	new	3
4763	3207	3340	133	new	3
4764	3208	3439	231	path	3
4765	3208	3516	308	new	3
4766	3208	3376	168	new	3
4767	3208	3408	200	new	3
4768	3208	3574	366	path	3
4769	3209	3355	146	new	3
4770	3209	3367	158	new	3
4771	3210	3588	378	new	3
4772	3210	3400	190	new	3
4773	3211	3344	133	new	3
4774	3211	3358	147	new	3
4775	3212	3345	133	new	3
4776	3212	3398	186	new	3
4777	3212	3346	134	new	3
4778	3212	3442	230	path	3
4779	3213	3461	248	path	3
4780	3213	3346	133	new	3
4781	3214	3388	174	new	3
4782	3214	3384	170	new	3
4783	3215	3388	173	new	3
4784	3215	3407	192	new	3
4785	3215	3349	134	new	3
4786	3216	3404	188	new	3
4787	3216	3513	297	new	3
4788	3216	3666	450	path	3
4789	3217	3484	267	new	3
4790	3218	3352	134	new	3
4791	3226	3556	330	new	3
4792	3231	3404	173	path	3
4793	3234	3491	257	new	3
4794	3246	3398	152	new	3
4795	3248	3384	136	new	3
4796	3249	3544	295	new	3
4797	3250	3396	146	new	3
4798	3250	3384	134	new	3
4799	3251	3385	134	new	3
4800	3252	3406	154	new	3
4801	3256	3447	191	path	3
4802	3259	3452	193	new	3
4803	3270	3551	281	new	3
4804	3305	3439	134	new	3
4805	3307	3440	133	new	3
4806	3314	3449	135	new	3
4807	3314	3459	145	new	3
4808	3321	3466	145	new	3
4809	3325	3459	134	new	3
4810	3325	3461	136	new	3
4811	3327	3463	136	new	3
4812	3329	3463	134	new	3
4813	3329	3474	145	new	3
4814	3329	3465	136	new	3
4815	3330	3464	134	new	3
4816	3330	3480	150	new	3
4817	3332	3465	133	new	3
4818	3336	3464	128	new	3
4819	3342	3589	247	new	3
4820	3344	3533	189	path	3
4821	3344	3506	162	new	3
4822	3345	3517	172	new	3
4823	3346	3559	213	path	3
4824	3346	3581	235	new	3
4825	3347	3483	136	new	3
4826	3348	3523	175	new	3
4827	3348	3577	229	path	3
4828	3350	3556	206	new	3
4829	3352	3547	195	new	3
4830	3352	3567	215	new	3
4831	3352	3547	195	new	3
4832	3353	3645	292	new	3
4833	3353	3565	212	path	3
4834	3354	3614	260	new	3
4835	3354	3535	181	new	3
4836	3355	3558	203	path	3
4837	3355	3616	261	new	3
4838	3355	3489	134	new	3
4839	3355	3512	157	new	3
4840	3355	3595	240	path	3
4841	3355	3608	253	new	3
4842	3356	3544	188	new	3
4843	3356	3545	189	new	3
4844	3356	3501	145	new	3
4845	3356	3612	256	new	3
4846	3356	3490	134	new	3
4847	3357	3526	169	new	3
4848	3357	3527	170	new	3
4849	3357	3524	167	new	3
4850	3357	3556	199	new	3
4851	3357	3542	185	new	3
4852	3358	3492	134	new	3
4853	3358	3545	187	new	3
4854	3358	3609	251	new	3
4855	3358	3494	136	new	3
4856	3358	3646	288	new	3
4857	3358	3589	231	new	3
4858	3358	3531	173	new	3
4859	3359	3359	0	new	3
4860	3360	3360	0	new	3
4861	3360	3493	133	new	3
4862	3360	3503	143	new	3
4863	3360	3542	182	new	3
4864	3360	3540	180	new	3
4865	3360	3561	201	new	3
4866	3361	3649	288	new	3
4867	3361	3514	153	new	3
4868	3362	-1	-1	censored	3
4869	3362	3521	159	new	3
4870	3362	3520	158	new	3
4871	3362	3527	165	new	3
4872	3362	3547	185	new	3
4873	3362	3558	196	new	3
4874	3362	3509	147	new	3
4875	3363	3792	429	new	3
4876	3363	3534	171	new	3
4877	3364	3757	393	path	3
4878	3364	3757	393	path	3
4879	3364	3543	179	new	3
4880	3365	3885	520	path	3
4881	3365	3695	330	new	3
4882	3365	3535	170	new	3
4883	3366	3533	167	new	3
4884	3366	3752	386	new	3
4885	3367	3553	186	new	3
4886	3369	3592	223	path	3
4887	3369	3592	223	path	3
4888	3370	3726	356	new	3
4889	3372	3735	363	path	3
4890	3382	3579	197	new	3
4891	3386	3520	134	new	3
4892	3388	3532	144	new	3
4893	3388	3522	134	new	3
4894	3388	3528	140	new	3
4895	3389	3523	134	new	3
4896	3390	3526	136	new	3
4897	3390	3523	133	new	3
4898	3390	3605	215	new	3
4899	3391	3520	129	new	3
4900	3391	3548	157	new	3
4901	3392	3545	153	new	3
4902	3393	3547	154	new	3
4903	3393	3628	235	path	3
4904	3394	3534	140	new	3
4905	3395	3583	188	new	3
4906	3395	3545	150	new	3
4907	3396	3579	183	new	3
4908	3396	3625	229	new	3
4909	3396	3717	321	new	3
4910	3396	3799	403	new	3
4911	3397	3575	178	path	3
4912	3397	3531	134	new	3
4913	3397	3711	314	new	3
4914	3397	3397	0	new	3
4915	3397	3542	145	path	3
4916	3398	3562	164	new	3
4917	3398	3730	332	path	3
4918	3399	3551	152	new	3
4919	3399	3533	134	new	3
4920	3399	3534	135	new	3
4921	3399	3533	134	new	3
4922	3399	3584	185	new	3
4923	3400	3536	136	new	3
4924	3400	3534	134	new	3
4925	3400	3558	158	new	3
4926	3400	3552	152	new	3
4927	3401	3586	185	new	3
4928	3401	3592	191	path	3
4929	3401	3588	187	path	3
4930	3401	3584	183	new	3
4931	3401	3566	165	path	3
4932	3401	3604	203	new	3
4933	3401	3548	147	new	3
4934	3402	3536	134	new	3
4935	3402	3594	192	new	3
4936	3402	3586	184	new	3
4937	3402	3538	136	new	3
4938	3403	3756	353	new	3
4939	3403	3628	225	path	3
4940	3404	3579	175	path	3
4941	3404	3564	160	new	3
4942	3404	3625	221	path	3
4943	3405	-1	-1	censored	3
4944	3405	3559	154	new	3
4945	3405	3743	338	path	3
4946	3405	3539	134	new	3
4947	3406	3590	184	new	3
4948	3406	3600	194	new	3
4949	3406	3540	134	new	3
4950	3406	3714	308	new	3
4951	3407	3646	239	path	3
4952	3407	3589	182	new	3
4953	3407	3592	185	new	3
4954	3408	3770	362	path	3
4955	3409	3552	143	new	3
4956	3411	3730	319	path	3
4957	3411	3791	380	new	3
4958	3411	3592	181	new	3
4959	3411	3676	265	path	3
4960	3411	3805	394	path	3
4961	3411	3730	319	path	3
4962	3411	3676	265	path	3
4963	3412	3676	264	path	3
4964	3412	3607	195	new	3
4965	3412	3676	264	path	3
4966	3413	3413	0	new	3
4967	3413	3743	330	path	3
4968	3414	3666	252	path	3
4969	3414	3608	194	new	3
4970	3414	3805	391	path	3
4971	3416	3612	196	new	3
4972	3416	3743	327	path	3
4973	3416	3595	179	new	3
4974	3418	3739	321	new	3
4975	3418	3723	305	new	3
4976	3418	3720	302	path	3
4977	3421	3724	303	path	3
4978	3421	3838	417	new	3
4979	3421	3612	191	path	3
4980	3422	3556	134	new	3
4981	3433	3567	134	new	3
4982	3437	3571	134	new	3
4983	3437	3571	134	new	3
4984	3452	3585	133	new	3
4985	3453	3770	317	path	3
4986	3456	3811	355	new	3
4987	3456	3760	304	new	3
4988	3458	3724	266	new	3
4989	3458	3780	322	new	3
4990	3460	3460	0	new	3
4991	3461	3764	303	new	3
4992	3462	3872	410	new	3
4993	3471	3607	136	new	3
4994	3474	3588	114	path	3
4995	3475	3610	135	new	3
4996	3482	3756	274	path	3
4997	3486	3764	278	path	3
4998	3488	-1	-1	censored	3
4999	3505	3730	225	path	3
5000	3509	3869	360	path	3
5001	3512	3692	180	new	3
5002	3524	3711	187	new	3
5003	3526	3788	262	new	3
5004	3526	3788	262	path	3
5005	3527	3714	187	new	3
5006	3527	3686	159	new	3
5007	3528	3723	195	new	3
5008	3528	3772	244	new	3
5009	3528	3988	460	new	3
5010	3528	3741	213	path	3
5011	3528	3664	136	new	3
5012	3530	3829	299	new	3
5013	3531	3665	134	new	3
5014	3532	3804	272	new	3
5015	3532	3779	247	new	3
5016	3533	3780	247	path	3
5017	3533	3743	210	path	3
5018	3533	3729	196	new	3
5019	3534	3756	222	path	3
5020	3534	3833	299	new	3
5021	3534	3834	300	new	3
5022	3535	3671	136	new	3
5023	3535	3738	203	new	3
5024	3535	3694	159	new	3
5025	3535	3756	221	path	3
5026	3536	3695	159	path	3
5027	3536	3849	313	path	3
5028	3536	3809	273	new	3
5029	3536	3702	166	new	3
5030	3537	3666	129	new	3
5031	3538	3789	251	new	3
5032	3538	3833	295	new	3
5033	3538	3538	0	new	3
5034	3538	3538	0	new	3
5035	3538	3719	181	new	3
5036	3538	3848	310	new	3
5037	3540	3872	332	path	3
5038	3540	3733	193	new	3
5039	3542	-1	-1	censored	3
5040	3542	3542	0	new	3
5041	3542	3676	134	new	3
5042	3552	3954	402	path	3
5043	3554	3719	165	new	3
5044	3554	3888	334	new	3
5045	3556	3760	204	new	3
5046	3556	3704	148	new	3
5047	3558	3752	194	path	3
5048	3559	3829	270	new	3
5049	3560	3693	133	new	3
5050	3560	3694	134	new	3
5051	3560	3794	234	path	3
5052	3561	-1	-1	censored	3
5053	3563	3789	226	path	3
5054	3566	3764	198	path	3
5055	3567	3733	166	path	3
5056	3578	3795	217	new	3
5057	3578	3816	238	new	3
5058	3582	3760	178	path	3
5059	3583	3833	250	new	3
5060	3584	3732	148	new	3
5061	3584	3761	177	new	3
5062	3586	3879	293	new	3
5063	3586	3800	214	new	3
5064	3587	3735	148	new	3
5065	3589	3740	151	new	3
5066	3589	3768	179	new	3
5067	3591	3742	151	new	3
5068	3591	3725	134	new	3
5069	3591	3725	134	new	3
5070	3594	3869	275	path	3
5071	3594	3908	314	path	3
5072	3596	3891	295	new	3
5073	3597	3870	273	path	3
5074	3598	3731	133	new	3
5075	3600	3734	134	new	3
5076	3603	-1	-1	censored	3
5077	3622	3755	133	new	3
5078	3632	3800	168	new	3
5079	3634	3876	242	new	3
5080	3636	3867	231	path	3
5081	3636	3873	237	new	3
5082	3640	-1	-1	censored	3
5083	3642	3954	312	path	3
5084	3643	3776	133	new	3
5085	3644	3829	185	path	3
5086	3659	3793	134	new	3
5087	3661	3794	133	new	3
5088	3662	3796	134	new	3
5089	3662	3927	265	new	3
5090	3662	3796	134	new	3
5091	3663	3998	335	new	3
5092	3663	3806	143	new	3
5093	3663	3838	175	new	3
5094	3664	3823	159	new	3
5095	3664	3817	153	new	3
5096	3664	3824	160	new	3
5097	3665	3817	152	new	3
5098	3665	3841	176	new	3
5099	3665	3799	134	new	3
5100	3665	3819	154	new	3
5101	3667	3863	196	new	3
5102	3667	3821	154	new	3
5103	3668	3802	134	new	3
5104	3669	3873	204	path	3
5105	3669	3805	136	new	3
5106	3669	3799	130	new	3
5107	3670	3821	151	new	3
5108	3670	3804	134	new	3
5109	3670	3804	134	new	3
5110	3671	3838	167	new	3
5111	3671	3837	166	new	3
5112	3672	3800	128	new	3
5113	3672	3806	134	new	3
5114	3672	3846	174	new	3
5115	3673	3873	200	path	3
5116	3674	3808	134	new	3
5117	3674	3885	211	path	3
5118	3674	3894	220	new	3
5119	3675	3804	129	new	3
5120	3675	3809	134	new	3
5121	3675	-1	-1	censored	3
5122	3675	3855	180	new	3
5123	3675	3968	293	new	3
5124	3675	3869	194	new	3
5125	3675	3869	194	new	3
5126	3675	3826	151	new	3
5127	3676	3810	134	new	3
5128	3676	3804	128	new	3
5129	3676	3844	168	path	3
5130	3677	3811	134	new	3
5131	3679	-1	-1	censored	3
5132	3679	3815	136	new	3
5133	3679	3813	134	new	3
5134	3680	-1	-1	censored	3
5135	3680	-1	-1	censored	3
5136	3680	-1	-1	censored	3
5137	3681	-1	-1	censored	3
5138	3681	3833	152	new	3
5139	3681	3852	171	new	3
5140	3681	3844	163	new	3
5141	3682	3858	176	new	3
5142	3682	3842	160	new	3
5143	3682	3906	224	new	3
5144	3682	-1	-1	censored	3
5145	3682	3816	134	new	3
5146	3683	3968	285	path	3
5147	3683	3818	135	new	3
5148	3683	3827	144	new	3
5149	3689	3864	175	new	3
5150	3693	3827	134	new	3
5151	3697	3859	162	new	3
5152	3698	3832	134	new	3
5153	3698	-1	-1	censored	3
5154	3734	3868	134	new	3
5155	3734	3912	178	new	3
5156	3734	3912	178	new	3
5157	3735	-1	-1	censored	3
5158	3736	3736	0	new	3
5159	3746	-1	-1	censored	3
5160	3747	3883	136	new	3
5161	3747	3881	134	new	3
5162	3749	3927	178	new	3
5163	3750	3750	0	new	3
5164	3753	-1	-1	censored	3
5165	3753	-1	-1	censored	3
5166	3767	-1	-1	censored	3
5167	3767	3901	134	new	3
5168	3782	-1	-1	censored	3
5169	3786	-1	-1	censored	3
5170	3789	-1	-1	censored	3
5171	3789	-1	-1	censored	3
5172	3808	-1	-1	censored	3
5173	3820	-1	-1	censored	3
5174	3832	-1	-1	censored	3
5175	3846	3989	143	new	3
5176	3847	3981	134	new	3
5177	3848	3995	147	new	3
5178	3849	3983	134	new	3
5179	3849	3994	145	new	3
5180	3853	-1	-1	censored	3
5181	3856	-1	-1	censored	3
5182	3858	3992	134	new	3
5183	3858	-1	-1	censored	3
5184	3859	3859	0	new	3
5185	3859	-1	-1	censored	3
5186	3859	-1	-1	censored	3
5187	3859	-1	-1	censored	3
5188	3860	-1	-1	censored	3
5189	3863	-1	-1	censored	3
5190	3863	3999	136	new	3
5191	3864	-1	-1	censored	3
5192	3865	-1	-1	censored	3
5193	3866	-1	-1	censored	3
5194	3869	-1	-1	censored	3
5195	3870	-1	-1	censored	3
5196	3874	-1	-1	censored	3
5197	3876	-1	-1	censored	3
5198	3879	3879	0	new	3
5199	3884	-1	-1	censored	3
5200	3886	-1	-1	censored	3
5201	3888	-1	-1	censored	3
5202	3888	-1	-1	censored	3
5203	3888	-1	-1	censored	3
5204	3891	-1	-1	censored	3
5205	3908	-1	-1	censored	3
5206	3908	-1	-1	censored	3
5207	3910	-1	-1	censored	3
5208	3911	-1	-1	censored	3
5209	3911	-1	-1	censored	3
5210	3911	-1	-1	censored	3
5211	3912	-1	-1	censored	3
5212	3912	-1	-1	censored	3
5213	3912	-1	-1	censored	3
5214	3912	-1	-1	censored	3
5215	3912	-1	-1	censored	3
5216	3928	-1	-1	censored	3
5217	3951	3951	0	new	3
5218	3981	-1	-1	censored	3
5219	3982	-1	-1	censored	3
5220	3982	-1	-1	censored	3
5221	3982	-1	-1	censored	3
5222	3982	-1	-1	censored	3
5223	3983	-1	-1	censored	3
5224	3987	-1	-1	censored	3
5225	3994	-1	-1	censored	3
5226	3995	-1	-1	censored	3
5227	3996	-1	-1	censored	3
