cycle_id	birth	death	lifetime	died_by	len
0	7	379	372	new	3
1	7	290	283	new	3
2	11	340	329	new	3
3	11	379	368	path	3
4	11	359	348	new	3
5	11	398	387	path	3
6	12	290	278	new	3
7	13	290	277	path	3
8	13	398	385	path	3
9	13	549	536	new	3
10	13	398	385	path	3
11	14	398	384	path	3
12	15	244	229	new	3
13	15	340	325	path	3
14	16	371	355	new	3
15	17	355	338	new	3
16	17	386	369	new	3
17	17	327	310	new	3
18	18	169	151	new	3
19	19	199	180	new	3
20	19	276	257	new	3
21	19	162	143	new	3
22	19	171	152	new	3
23	19	273	254	new	3
24	20	355	335	path	3
25	20	530	510	new	3
26	20	385	365	path	3
27	21	372	351	new	3
28	23	258	235	new	3
29	23	316	293	new	3
30	23	226	203	new	3
31	24	189	165	new	3
32	24	253	229	new	3
33	25	237	212	new	3
34	25	254	229	new	3
35	26	393	367	path	3
36	26	269	243	new	3
37	26	306	280	new	3
38	26	257	231	new	3
39	27	418	391	new	3
40	27	346	319	new	3
41	27	161	134	new	3
42	28	327	299	path	3
43	28	162	134	new	3
44	29	268	239	new	3
45	29	464	435	new	3
46	29	281	252	new	3
47	29	241	212	new	3
48	29	294	265	new	3
49	29	379	350	path	3
50	30	315	285	new	3
51	31	237	206	path	3
52	31	327	296	new	3
53	31	381	350	new	3
54	32	274	242	new	3
55	33	207	174	new	3
56	34	512	478	path	3
57	34	510	476	new	3
58	34	398	364	path	3
59	35	333	298	new	3
60	35	481	446	new	3
61	35	177	142	new	3
62	37	359	322	path	3
63	37	305	268	new	3
64	37	244	207	new	3
65	38	353	315	new	3
66	41	292	251	new	3
67	42	447	405	new	3
68	43	219	176	new	3
69	43	664	621	new	3
70	43	177	134	new	3
71	46	188	142	new	3
72	61	379	318	path	3
73	62	264	202	new	3
74	64	537	473	new	3
75	64	371	307	path	3
76	70	236	166	new	3
77	70	349	279	path	3
78	71	207	136	new	3
79	72	333	261	new	3
80	73	482	409	new	3
81	77	267	190	new	3
82	78	254	176	new	3
83	78	259	181	new	3
84	79	347	268	new	3
85	79	361	282	new	3
86	80	214	134	new	3
87	84	268	184	new	3
88	91	350	259	new	3
89	93	323	230	new	3
90	93	326	233	new	3
91	94	410	316	new	3
92	96	305	209	path	3
93	98	231	133	new	3
94	98	300	202	new	3
95	99	327	228	path	3
96	100	269	169	path	3
97	100	353	253	new	3
98	101	316	215	new	3
99	101	340	239	path	3
100	102	370	268	new	3
101	103	333	230	path	3
102	103	456	353	new	3
103	103	239	136	new	3
104	104	327	223	path	3
105	104	268	164	new	3
106	105	443	338	new	3
107	105	327	222	path	3
108	106	303	197	new	3
109	107	402	295	path	3
110	107	305	198	path	3
111	107	264	157	new	3
112	107	536	429	path	3
113	108	319	211	new	3
114	108	244	136	new	3
115	108	237	129	new	3
116	108	507	399	new	3
117	109	340	231	path	3
118	110	249	139	new	3
119	110	241	131	new	3
120	112	266	154	new	3
121	112	246	134	new	3
122	112	246	134	new	3
123	112	245	133	new	3
124	114	289	175	new	3
125	115	295	180	new	3
126	115	370	255	path	3
127	116	353	237	new	3
128	117	313	196	new	3
129	118	333	215	path	3
130	118	325	207	new	3
131	119	402	283	new	3
132	119	319	200	new	3
133	120	322	202	path	3
134	120	323	203	path	3
135	120	261	141	new	3
136	121	279	158	new	3
137	121	333	212	new	3
138	121	326	205	path	3
139	121	319	198	new	3
140	122	322	200	new	3
141	122	306	184	path	3
142	123	418	295	path	3
143	123	573	450	path	3
144	125	259	134	new	3
145	127	474	347	new	3
146	128	404	276	new	3
147	130	303	173	path	3
148	130	419	289	path	3
149	134	366	232	new	3
150	138	274	136	new	3
151	138	281	143	new	3
152	138	280	142	new	3
153	140	319	179	path	3
154	140	340	200	path	3
155	140	507	367	path	3
156	141	275	134	new	3
157	143	353	210	path	3
158	151	344	193	new	3
159	154	366	212	new	3
160	156	386	230	path	3
161	159	295	136	new	3
162	159	386	227	path	3
163	160	510	350	path	3
164	160	402	242	path	3
165	165	408	243	path	3
166	176	381	205	path	3
167	179	363	184	new	3
168	182	393	211	new	3
169	189	467	278	new	3
170	189	360	171	new	3
171	189	395	206	path	3
172	191	397	206	new	3
173	192	547	355	path	3
174	194	479	285	path	3
175	198	522	324	new	3
176	198	344	146	path	3
177	198	367	169	new	3
178	199	341	142	new	3
179	199	331	132	new	3
180	200	451	251	new	3
181	200	375	175	path	3
182	202	365	163	new	3
183	203	447	244	path	3
184	204	445	241	new	3
185	206	353	147	new	3
186	212	369	157	new	3
187	212	360	148	new	3
188	212	443	231	path	3
189	215	349	134	new	3
190	215	569	354	new	3
191	215	416	201	new	3
192	215	349	134	new	3
193	216	421	205	new	3
194	217	395	178	new	3
195	217	479	262	new	3
196	219	481	262	path	3
197	219	360	141	new	3
198	219	387	168	new	3
199	219	349	130	new	3
200	219	464	245	path	3
201	220	429	209	new	3
202	220	398	178	new	3
203	220	353	133	new	3
204	220	394	174	new	3
205	220	445	225	path	3
206	221	443	222	path	3
207	221	357	136	new	3
208	221	429	208	new	3
209	221	401	180	new	3
210	222	390	168	new	3
211	223	407	184	new	3
212	223	445	222	path	3
213	225	410	185	path	3
214	226	443	217	path	3
215	226	443	217	path	3
216	228	374	146	new	3
217	229	466	237	path	3
218	229	448	219	new	3
219	230	466	236	path	3
220	230	468	238	new	3
221	230	434	204	new	3
222	230	377	147	new	3
223	230	485	255	path	3
224	230	456	226	new	3
225	231	385	154	new	3
226	231	402	171	new	3
227	231	753	522	new	3
228	232	382	150	new	3
229	232	441	209	new	3
230	233	536	303	path	3
231	234	407	173	path	3
232	234	390	156	new	3
233	235	477	242	new	3
234	235	535	300	new	3
235	235	530	295	new	3
236	236	522	286	path	3
237	236	393	157	new	3
238	236	406	170	new	3
239	237	509	272	new	3
240	237	608	371	path	3
241	238	684	446	path	3
242	241	445	204	path	3
243	241	375	134	new	3
244	243	474	231	new	3
245	243	1189	946	path	3
246	244	482	238	new	3
247	246	482	236	new	3
248	247	582	335	new	3
249	248	384	136	new	3
250	248	421	173	new	3
251	249	474	225	path	3
252	250	451	201	path	3
253	252	447	195	new	3
254	252	441	189	path	3
255	252	429	177	new	3
256	253	463	210	new	3
257	255	444	189	new	3
258	256	256	0	new	3
259	258	574	316	new	3
260	258	443	185	new	3
261	259	410	151	new	3
262	259	393	134	new	3
263	259	474	215	path	3
264	259	450	191	new	3
265	259	392	133	new	3
266	259	470	211	new	3
267	260	407	147	new	3
268	260	544	284	new	3
269	261	533	272	new	3
270	262	462	200	new	3
271	262	905	643	new	3
272	262	395	133	new	3
273	263	475	212	path	3
274	263	438	175	new	3
275	263	434	171	new	3
276	263	472	209	path	3
277	264	487	223	new	3
278	264	398	134	new	3
279	265	551	286	path	3
280	267	446	179	new	3
281	267	445	178	path	3
282	268	651	383	new	3
283	268	455	187	new	3
284	268	603	335	new	3
285	270	456	186	new	3
286	270	460	190	new	3
287	271	468	197	new	3
288	272	461	189	new	3
289	272	470	198	new	3
290	273	512	239	path	3
291	273	587	314	new	3
292	274	474	200	path	3
293	277	474	197	path	3
294	284	458	174	new	3
295	284	454	170	new	3
296	284	557	273	new	3
297	285	455	170	new	3
298	285	419	134	new	3
299	285	472	187	path	3
300	289	423	134	new	3
301	289	863	574	new	3
302	290	424	134	new	3
303	291	291	0	new	3
304	291	470	179	path	3
305	292	428	136	new	3
306	293	470	177	new	3
307	294	486	192	new	3
308	295	496	201	new	3
309	296	529	233	path	3
310	298	450	152	new	3
311	301	435	134	new	3
312	301	434	133	new	3
313	301	569	268	new	3
314	301	463	162	path	3
315	302	482	180	path	3
316	304	438	134	new	3
317	305	652	347	path	3
318	306	440	134	new	3
319	307	625	318	path	3
320	307	584	277	new	3
321	308	465	157	new	3
322	309	559	250	new	3
323	309	443	134	new	3
324	310	560	250	new	3
325	310	518	208	new	3
326	311	513	202	path	3
327	311	503	192	new	3
328	312	507	195	new	3
329	312	509	197	new	3
330	312	474	162	path	3
331	313	441	128	new	3
332	313	500	187	new	3
333	314	577	263	path	3
334	314	483	169	new	3
335	314	485	171	new	3
336	314	477	163	new	3
337	315	544	229	path	3
338	316	525	209	new	3
339	316	514	198	new	3
340	316	525	209	new	3
341	317	453	136	new	3
342	318	450	132	new	3
343	318	526	208	new	3
344	318	516	198	new	3
345	318	465	147	new	3
346	318	526	208	new	3
347	318	526	208	new	3
348	318	479	161	new	3
349	319	710	391	path	3
350	319	474	155	new	3
351	319	481	162	new	3
352	320	452	132	new	3
353	320	478	158	new	3
354	320	498	178	new	3
355	320	516	196	new	3
356	320	528	208	new	3
357	320	530	210	path	3
358	321	511	190	path	3
359	321	491	170	new	3
360	322	499	177	path	3
361	322	530	208	new	3
362	322	487	165	new	3
363	324	460	136	new	3
364	324	514	190	new	3
365	324	470	146	new	3
366	325	459	134	new	3
367	325	466	141	new	3
368	326	533	207	path	3
369	326	524	198	new	3
370	326	500	174	new	3
371	327	493	166	new	3
372	327	461	134	new	3
373	327	535	208	new	3
374	327	461	134	new	3
375	327	471	144	new	3
376	328	462	134	new	3
377	330	483	153	new	3
378	330	523	193	new	3
379	330	483	153	new	3
380	330	513	183	path	3
381	330	489	159	new	3
382	330	538	208	new	3
383	331	467	136	new	3
384	331	544	213	path	3
385	331	465	134	new	3
386	331	500	169	new	3
387	331	501	170	new	3
388	332	509	177	path	3
389	332	468	136	new	3
390	332	530	198	new	3
391	333	537	204	path	3
392	333	467	134	new	3
393	334	493	159	new	3
394	334	468	134	new	3
395	335	543	208	new	3
396	336	501	165	new	3
397	336	501	165	new	3
398	336	526	190	new	3
399	337	498	161	new	3
400	337	536	199	path	3
401	337	718	381	path	3
402	338	680	342	path	3
403	338	472	134	new	3
404	339	502	163	new	3
405	339	473	134	new	3
406	339	495	156	new	3
407	339	475	136	new	3
408	340	526	186	new	3
409	340	474	134	new	3
410	342	475	133	new	3
411	343	477	134	new	3
412	345	479	134	new	3
413	345	553	208	new	3
414	345	559	214	path	3
415	347	480	133	new	3
416	348	689	341	path	3
417	350	657	307	new	3
418	351	527	176	new	3
419	353	654	301	new	3
420	357	554	197	new	3
421	366	542	176	new	3
422	368	745	377	path	3
423	368	544	176	path	3
424	377	511	134	new	3
425	380	503	123	path	3
426	380	817	437	path	3
427	385	540	155	new	3
428	387	649	262	new	3
429	402	625	223	new	3
430	407	553	146	new	3
431	408	574	166	new	3
432	410	584	174	new	3
433	412	546	134	new	3
434	412	651	239	path	3
435	413	632	219	new	3
436	417	569	152	new	3
437	418	733	315	path	3
438	418	585	167	new	3
439	419	651	232	path	3
440	420	678	258	new	3
441	420	952	532	new	3
442	420	719	299	new	3
443	420	681	261	path	3
444	421	588	167	new	3
445	422	646	224	path	3
446	423	556	133	new	3
447	423	598	175	new	3
448	424	627	203	new	3
449	424	637	213	new	3
450	425	686	261	new	3
451	425	627	202	new	3
452	425	559	134	new	3
453	425	558	133	new	3
454	426	574	148	new	3
455	426	638	212	new	3
456	427	636	209	new	3
457	427	573	146	new	3
458	428	762	334	path	3
459	429	563	134	new	3
460	430	622	192	new	3
461	431	714	283	new	3
462	431	643	212	new	3
463	432	608	176	new	3
464	438	568	130	new	3
465	439	660	221	new	3
466	442	611	169	new	3
467	443	577	134	new	3
468	446	579	133	new	3
469	447	647	200	new	3
470	448	753	305	new	3
471	449	584	135	path	3
472	449	859	410	new	3
473	449	876	427	new	3
474	450	583	133	new	3
475	450	594	144	new	3
476	451	642	191	new	3
477	452	711	259	new	3
478	452	745	293	new	3
479	453	587	134	new	3
480	455	645	190	new	3
481	476	1207	731	new	3
482	478	614	136	new	3
483	478	655	177	path	3
484	480	614	134	new	3
485	480	660	180	new	3
486	481	928	447	new	3
487	485	693	208	new	3
488	487	639	152	new	3
489	489	637	148	new	3
490	490	769	279	path	3
491	491	714	223	path	3
492	491	625	134	new	3
493	492	492	0	new	3
494	492	670	178	new	3
495	493	656	163	new	3
496	493	711	218	path	3
497	493	666	173	new	3
498	493	651	158	new	3
499	494	650	156	new	3
500	494	706	212	new	3
501	494	653	159	new	3
502	495	769	274	path	3
503	495	629	134	new	3
504	496	648	152	new	3
505	496	799	303	new	3
506	497	689	192	new	3
507	497	631	134	new	3
508	497	849	352	path	3
509	497	497	0	new	3
510	497	786	289	new	3
511	497	863	366	new	3
512	497	671	174	new	3
513	498	707	209	path	3
514	498	741	243	path	3
515	498	799	301	new	3
516	498	644	146	new	3
517	498	794	296	new	3
518	498	498	0	new	3
519	498	719	221	path	3
520	499	710	211	new	3
521	499	690	191	new	3
522	499	812	313	path	3
523	499	711	212	path	3
524	499	635	136	new	3
525	500	711	211	new	3
526	501	948	447	new	3
527	502	636	134	new	3
528	502	775	273	path	3
529	503	716	213	new	3
530	504	671	167	new	3
531	504	788	284	new	3
532	504	879	375	path	3
533	505	639	134	new	3
534	505	707	202	path	3
535	505	796	291	new	3
536	506	858	352	path	3
537	507	654	147	new	3
538	508	508	0	new	3
539	509	643	134	new	3
540	509	642	133	new	3
541	510	812	302	path	3
542	511	711	200	path	3
543	511	724	213	new	3
544	511	645	134	new	3
545	511	993	482	path	3
546	512	825	313	new	3
547	512	820	308	new	3
548	512	689	177	path	3
549	514	701	187	path	3
550	514	727	213	new	3
551	514	888	374	new	3
552	515	933	418	path	3
553	515	648	133	new	3
554	515	685	170	new	3
555	516	686	170	new	3
556	516	998	482	new	3
557	517	664	147	new	3
558	517	680	163	new	3
559	517	711	194	new	3
560	517	729	212	new	3
561	518	690	172	new	3
562	519	841	322	path	3
563	519	653	134	new	3
564	519	677	158	new	3
565	520	685	165	new	3
566	520	1169	649	new	3
567	520	784	264	new	3
568	521	768	247	new	3
569	523	689	166	new	3
570	524	751	227	new	3
571	524	863	339	path	3
572	526	814	288	path	3
573	526	721	195	new	3
574	532	731	199	new	3
575	533	703	170	new	3
576	533	910	377	path	3
577	534	746	212	new	3
578	536	727	191	new	3
579	536	744	208	new	3
580	538	817	279	path	3
581	538	716	178	new	3
582	540	736	196	path	3
583	540	877	337	new	3
584	541	714	173	path	3
585	543	703	160	path	3
586	544	680	136	new	3
587	546	722	176	new	3
588	548	745	197	new	3
589	551	770	219	new	3
590	551	720	169	new	3
591	551	728	177	new	3
592	555	728	173	new	3
593	556	718	162	new	3
594	559	710	151	new	3
595	559	709	150	new	3
596	567	701	134	new	3
597	574	774	200	new	3
598	576	786	210	new	3
599	576	754	178	new	3
600	580	995	415	path	3
601	582	895	313	new	3
602	583	754	171	new	3
603	583	762	179	new	3
604	583	858	275	path	3
605	584	1048	464	new	3
606	586	720	134	new	3
607	586	845	259	path	3
608	586	782	196	path	3
609	586	995	409	path	3
610	587	752	165	new	3
611	587	721	134	new	3
612	587	587	0	new	3
613	587	721	134	new	3
614	588	769	181	path	3
615	589	891	302	new	3
616	589	1082	493	path	3
617	590	836	246	new	3
618	590	763	173	new	3
619	591	727	136	new	3
620	591	803	212	new	3
621	591	767	176	new	3
622	591	998	407	path	3
623	591	1021	430	new	3
624	592	793	201	new	3
625	592	1048	456	path	3
626	593	781	188	new	3
627	593	1012	419	new	3
628	594	844	250	path	3
629	595	729	134	new	3
630	596	729	133	new	3
631	597	799	202	new	3
632	597	794	197	path	3
633	597	780	183	new	3
634	598	855	257	new	3
635	599	870	271	new	3
636	601	735	134	new	3
637	601	828	227	new	3
638	602	820	218	path	3
639	603	1188	585	new	3
640	604	832	228	new	3
641	605	760	155	new	3
642	606	817	211	new	3
643	609	741	132	new	3
644	609	1160	551	new	3
645	610	744	134	new	3
646	612	766	154	new	3
647	613	770	157	new	3
648	613	747	134	new	3
649	613	825	212	path	3
650	614	748	134	new	3
651	615	905	290	path	3
652	615	749	134	new	3
653	616	1110	494	new	3
654	616	750	134	new	3
655	616	791	175	new	3
656	616	828	212	path	3
657	617	765	148	new	3
658	617	779	162	path	3
659	617	817	200	new	3
660	618	790	172	new	3
661	618	802	184	new	3
662	618	1188	570	new	3
663	619	769	150	new	3
664	619	876	257	new	3
665	619	758	139	new	3
666	619	752	133	new	3
667	619	828	209	new	3
668	620	796	176	new	3
669	620	753	133	new	3
670	621	952	331	path	3
671	621	820	199	path	3
672	622	622	0	new	3
673	622	1017	395	new	3
674	622	799	177	new	3
675	622	787	165	new	3
676	622	756	134	new	3
677	623	786	163	path	3
678	623	775	152	new	3
679	623	770	147	new	3
680	623	925	302	path	3
681	624	787	163	new	3
682	624	1012	388	path	3
683	625	837	212	new	3
684	625	779	154	new	3
685	625	817	192	path	3
686	626	803	177	path	3
687	626	1012	386	path	3
688	626	759	133	new	3
689	626	794	168	new	3
690	626	831	205	new	3
691	627	870	243	new	3
692	627	809	182	new	3
693	628	931	303	path	3
694	629	763	134	new	3
695	629	800	171	new	3
696	630	789	159	new	3
697	630	879	249	path	3
698	631	765	134	new	3
699	632	813	181	path	3
700	632	766	134	new	3
701	632	930	298	path	3
702	633	1023	390	path	3
703	633	850	217	new	3
704	633	931	298	path	3
705	633	780	147	new	3
706	633	1048	415	path	3
707	634	876	242	path	3
708	634	845	211	new	3
709	635	967	332	new	3
710	635	876	241	path	3
711	635	827	192	path	3
712	636	805	169	new	3
713	638	834	196	new	3
714	638	772	134	new	3
715	639	773	134	new	3
716	640	806	166	new	3
717	647	837	190	path	3
718	647	859	212	new	3
719	647	820	173	new	3
720	648	804	156	new	3
721	652	1143	491	path	3
722	654	845	191	new	3
723	655	829	174	new	3
724	655	856	201	new	3
725	655	836	181	path	3
726	656	865	209	new	3
727	656	656	0	new	3
728	656	825	169	new	3
729	659	793	134	new	3
730	660	878	218	new	3
731	664	1003	339	new	3
732	666	926	260	path	3
733	677	859	182	new	3
734	678	678	0	new	3
735	678	969	291	new	3
736	679	827	148	new	3
737	680	1003	323	new	3
738	681	813	132	new	3
739	682	895	213	new	3
740	688	1012	324	path	3
741	691	890	199	new	3
742	694	838	144	path	3
743	695	832	137	new	3
744	695	830	135	path	3
745	696	918	222	new	3
746	696	967	271	path	3
747	697	898	201	path	3
748	698	885	187	new	3
749	698	999	301	path	3
750	700	878	178	new	3
751	700	947	247	path	3
752	701	952	251	new	3
753	705	862	157	new	3
754	707	917	210	path	3
755	707	902	195	path	3
756	708	850	142	new	3
757	708	864	156	new	3
758	708	917	209	path	3
759	708	841	133	new	3
760	708	939	231	new	3
761	711	888	177	new	3
762	711	863	152	new	3
763	713	892	179	new	3
764	713	995	282	new	3
765	714	848	134	new	3
766	714	888	174	path	3
767	715	921	206	path	3
768	715	878	163	new	3
769	715	863	148	new	3
770	715	919	204	path	3
771	715	944	229	path	3
772	715	896	181	new	3
773	715	879	164	new	3
774	716	897	181	new	3
775	716	1099	383	path	3
776	717	1237	520	path	3
777	717	853	136	new	3
778	717	859	142	new	3
779	717	851	134	new	3
780	717	926	209	path	3
781	718	899	181	new	3
782	718	905	187	new	3
783	718	1006	288	new	3
784	719	934	215	path	3
785	719	933	214	path	3
786	719	907	188	new	3
787	719	1168	449	new	3
788	720	854	134	new	3
789	720	909	189	new	3
790	720	854	134	new	3
791	720	876	156	new	3
792	720	933	213	path	3
793	721	721	0	new	3
794	721	905	184	path	3
795	721	928	207	new	3
796	722	856	134	new	3
797	722	1174	452	path	3
798	723	879	156	new	3
799	723	961	238	new	3
800	723	859	136	new	3
801	724	896	172	new	3
802	724	858	134	new	3
803	724	1106	382	new	3
804	724	889	165	new	3
805	724	925	201	path	3
806	725	1163	438	new	3
807	726	933	207	path	3
808	726	894	168	new	3
809	726	889	163	new	3
810	726	933	207	path	3
811	727	913	186	new	3
812	727	861	134	new	3
813	728	862	134	new	3
814	730	930	200	path	3
815	731	977	246	new	3
816	731	907	176	path	3
817	732	1026	294	new	3
818	732	891	159	new	3
819	733	913	180	new	3
820	733	867	134	new	3
821	733	867	134	new	3
822	734	868	134	new	3
823	734	868	134	new	3
824	734	913	179	new	3
825	735	1144	409	new	3
826	735	1118	383	new	3
827	737	1160	423	new	3
828	737	950	213	new	3
829	737	737	0	new	3
830	737	871	134	new	3
831	738	880	142	new	3
832	738	908	170	new	3
833	739	918	179	path	3
834	741	1053	312	path	3
835	741	896	155	new	3
836	741	964	223	path	3
837	741	933	192	new	3
838	742	882	140	new	3
839	743	876	133	new	3
840	744	878	134	new	3
841	744	990	246	path	3
842	745	1006	261	new	3
843	747	925	178	new	3
844	749	904	155	new	3
845	751	887	136	new	3
846	751	897	146	new	3
847	751	939	188	path	3
848	753	1022	269	path	3
849	754	890	136	new	3
850	755	1046	291	new	3
851	755	891	136	new	3
852	755	1015	260	new	3
853	756	950	194	path	3
854	756	882	126	path	3
855	757	1042	285	new	3
856	758	1013	255	new	3
857	758	899	141	new	3
858	758	1061	303	path	3
859	759	1061	302	path	3
860	759	977	218	path	3
861	759	994	235	new	3
862	760	1060	300	new	3
863	761	894	133	new	3
864	761	926	165	path	3
865	761	1107	346	path	3
866	765	976	211	new	3
867	766	1101	335	new	3
868	772	915	143	new	3
869	773	939	166	path	3
870	775	1019	244	new	3
871	775	950	175	new	3
872	778	914	136	new	3
873	784	934	150	new	3
874	787	1020	233	new	3
875	788	1004	216	new	3
876	788	922	134	new	3
877	788	1083	295	path	3
878	788	1303	515	new	3
879	790	924	134	new	3
880	791	1035	244	new	3
881	792	1548	756	new	3
882	792	1021	229	path	3
883	795	998	203	path	3
884	795	931	136	new	3
885	795	998	203	path	3
886	795	1162	367	path	3
887	795	996	201	new	3
888	797	1026	229	path	3
889	797	951	154	new	3
890	797	1002	205	new	3
891	798	1117	319	new	3
892	798	1151	353	path	3
893	799	967	168	new	3
894	799	799	0	new	3
895	800	1164	364	new	3
896	802	1024	222	new	3
897	803	1053	250	path	3
898	804	1133	329	new	3
899	804	1401	597	new	3
900	804	940	136	new	3
901	804	960	156	new	3
902	805	972	167	new	3
903	805	939	134	new	3
904	806	1077	271	new	3
905	807	1018	211	new	3
906	807	1047	240	path	3
907	807	1162	355	path	3
908	807	988	181	new	3
909	807	1021	214	new	3
910	808	952	144	path	3
911	811	989	178	new	3
912	811	953	142	new	3
913	811	984	173	new	3
914	812	945	133	new	3
915	813	947	134	new	3
916	814	1028	214	new	3
917	815	965	150	new	3
918	815	990	175	new	3
919	815	1026	211	path	3
920	816	956	140	new	3
921	816	972	156	new	3
922	816	966	150	new	3
923	817	996	179	new	3
924	817	1139	322	path	3
925	819	1111	292	path	3
926	819	1123	304	path	3
927	820	1059	239	new	3
928	820	1168	348	path	3
929	821	958	137	new	3
930	821	988	167	path	3
931	822	982	160	new	3
932	823	981	158	new	3
933	823	1127	304	new	3
934	825	1017	192	new	3
935	827	1459	632	path	3
936	827	986	159	new	3
937	828	962	134	new	3
938	829	948	119	path	3
939	830	1002	172	new	3
940	831	997	166	new	3
941	831	997	166	new	3
942	831	1028	197	new	3
943	831	996	165	new	3
944	831	1049	218	new	3
945	831	993	162	new	3
946	832	966	134	new	3
947	832	1015	183	new	3
948	832	1025	193	new	3
949	832	974	142	new	3
950	832	1051	219	path	3
951	833	1134	301	new	3
952	833	1125	292	new	3
953	833	1006	173	new	3
954	833	1016	183	new	3
955	834	968	134	new	3
956	834	1146	312	new	3
957	835	1118	283	new	3
958	835	1014	179	path	3
959	837	971	134	new	3
960	839	1124	285	new	3
961	839	1011	172	new	3
962	840	1144	304	new	3
963	840	1185	345	new	3
964	840	1064	224	new	3
965	841	1148	307	path	3
966	841	1205	364	new	3
967	842	1116	274	path	3
968	842	1064	222	new	3
969	842	976	134	new	3
970	842	1018	176	new	3
971	842	1110	268	path	3
972	842	1072	230	new	3
973	843	979	136	new	3
974	843	1080	237	path	3
975	844	1007	163	new	3
976	844	1068	224	new	3
977	844	1017	173	new	3
978	844	978	134	new	3
979	844	1046	202	path	3
980	844	1036	192	new	3
981	845	1117	272	new	3
982	845	1030	185	new	3
983	845	1060	215	new	3
984	846	1025	179	new	3
985	846	1053	207	new	3
986	847	1055	208	new	3
987	847	1052	205	path	3
988	847	1068	221	new	3
989	847	1079	232	new	3
990	847	1034	187	new	3
991	848	1029	181	new	3
992	848	1020	172	new	3
993	850	1201	351	new	3
994	850	1012	162	new	3
995	850	1026	176	new	3
996	850	997	147	new	3
997	851	980	129	new	3
998	851	982	131	new	3
999	851	1021	170	path	3
1000	851	1048	197	new	3
1001	851	985	134	new	3
1002	851	999	148	new	3
1003	852	1000	148	new	3
1004	852	1022	170	path	3
1005	852	988	136	new	3
1006	852	1051	199	new	3
1007	853	1044	191	new	3
1008	853	1035	182	new	3
1009	854	1046	192	path	3
1010	855	1040	185	path	3
1011	855	1137	282	path	3
1012	856	1010	154	new	3
1013	856	1027	171	new	3
1014	856	1014	158	new	3
1015	857	1118	261	new	3
1016	861	1051	190	path	3
1017	862	1043	181	new	3
1018	863	1164	301	new	3
1019	864	1045	181	path	3
1020	865	999	134	new	3
1021	867	1001	134	new	3
1022	867	1046	179	path	3
1023	867	1119	252	path	3
1024	868	1011	143	new	3
1025	869	1065	196	path	3
1026	870	1014	144	new	3
1027	871	1241	370	new	3
1028	871	1087	216	new	3
1029	872	1015	143	new	3
1030	872	1047	175	path	3
1031	872	1006	134	new	3
1032	874	1079	205	new	3
1033	874	1024	150	new	3
1034	874	1079	205	path	3
1035	875	1077	202	new	3
1036	875	1008	133	new	3
1037	875	1105	230	path	3
1038	875	1023	148	new	3
1039	877	1010	133	new	3
1040	879	1025	146	new	3
1041	879	1049	170	path	3
1042	881	1034	153	new	3
1043	882	1053	171	new	3
1044	885	1212	327	new	3
1045	888	1061	173	path	3
1046	889	1065	176	new	3
1047	890	1024	134	new	3
1048	894	1027	133	path	3
1049	899	1033	134	new	3
1050	900	1092	192	new	3
1051	900	1082	182	path	3
1052	901	1146	245	new	3
1053	901	1119	218	path	3
1054	903	1047	144	new	3
1055	906	1092	186	new	3
1056	906	1096	190	new	3
1057	909	1299	390	new	3
1058	910	1160	250	path	3
1059	910	1047	137	new	3
1060	914	1048	134	new	3
1061	920	1220	300	new	3
1062	925	1067	142	new	3
1063	927	1061	134	new	3
1064	929	1071	142	new	3
1065	931	1504	573	new	3
1066	933	1123	190	new	3
1067	935	1309	374	path	3
1068	936	1118	182	new	3
1069	936	1155	219	path	3
1070	936	1095	159	new	3
1071	940	1164	224	new	3
1072	942	1116	174	path	3
1073	944	1131	187	new	3
1074	948	1082	134	new	3
1075	951	1084	133	new	3
1076	956	1118	162	new	3
1077	956	1270	314	path	3
1078	957	1126	169	new	3
1079	957	1143	186	path	3
1080	962	1096	134	new	3
1081	962	1160	198	path	3
1082	963	1114	151	new	3
1083	963	963	0	new	3
1084	964	1532	568	new	3
1085	964	1144	180	path	3
1086	964	1127	163	new	3
1087	966	1100	134	new	3
1088	967	1134	167	new	3
1089	967	1103	136	new	3
1090	967	1103	136	new	3
1091	967	1163	196	new	3
1092	967	1101	134	new	3
1093	967	1150	183	path	3
1094	968	1458	490	path	3
1095	968	1399	431	new	3
1096	968	1164	196	new	3
1097	969	1252	283	path	3
1098	970	1166	196	new	3
1099	971	1179	208	new	3
1100	971	1119	148	new	3
1101	972	1167	195	new	3
1102	972	1309	337	path	3
1103	974	1108	134	new	3
1104	974	1136	162	new	3
1105	974	1168	194	path	3
1106	975	1172	197	path	3
1107	975	1111	136	new	3
1108	979	1133	154	new	3
1109	981	1334	353	path	3
1110	982	1130	148	new	3
1111	985	1135	150	new	3
1112	986	1172	186	path	3
1113	986	1352	366	path	3
1114	987	1121	134	new	3
1115	987	1237	250	path	3
1116	989	1257	268	new	3
1117	996	1175	179	path	3
1118	999	1149	150	new	3
1119	1000	1134	134	new	3
1120	1002	1275	273	new	3
1121	1003	1166	163	new	3
1122	1003	1182	179	new	3
1123	1008	1340	332	new	3
1124	1008	1186	178	new	3
1125	1009	1145	136	new	3
1126	1009	1009	0	new	3
1127	1010	1245	235	path	3
1128	1010	1237	227	path	3
1129	1015	1247	232	new	3
1130	1016	1186	170	path	3
1131	1019	1152	133	new	3
1132	1038	1179	141	new	3
1133	1039	1039	0	new	3
1134	1041	1248	207	path	3
1135	1042	1175	133	new	3
1136	1043	1179	136	new	3
1137	1045	1181	136	new	3
1138	1049	1182	133	new	3
1139	1060	1374	314	new	3
1140	1061	1194	133	new	3
1141	1061	1194	133	new	3
1142	1063	1196	133	new	3
1143	1068	1474	406	new	3
1144	1070	1204	134	new	3
1145	1072	1228	156	new	3
1146	1072	1072	0	new	3
1147	1075	1208	133	new	3
1148	1075	1208	133	new	3
1149	1077	1458	381	path	3
1150	1129	1263	134	new	3
1151	1132	1334	202	new	3
1152	1133	1291	158	new	3
1153	1135	1332	197	new	3
1154	1139	1345	206	path	3
1155	1139	1345	206	path	3
1156	1139	1345	206	path	3
1157	1141	1558	417	new	3
1158	1142	1360	218	new	3
1159	1143	1380	237	new	3
1160	1144	1376	232	new	3
1161	1145	1436	291	path	3
1162	1145	1338	193	new	3
1163	1146	1339	193	new	3
1164	1146	1339	193	new	3
1165	1146	1436	290	path	3
1166	1147	1281	134	new	3
1167	1147	1392	245	new	3
1168	1163	1299	136	new	3
1169	1164	1335	171	new	3
1170	1165	1370	205	path	3
1171	1165	1301	136	new	3
1172	1166	1336	170	new	3
1173	1169	1341	172	new	3
1174	1179	1315	136	new	3
1175	1188	1434	246	new	3
1176	1189	1493	304	new	3
1177	1192	1549	357	path	3
1178	1194	1194	0	new	3
1179	1195	1392	197	new	3
1180	1196	1196	0	new	3
1181	1196	1343	147	path	3
1182	1197	1389	192	new	3
1183	1198	1497	299	path	3
1184	1198	1370	172	path	3
1185	1199	1397	198	new	3
1186	1199	1662	463	new	3
1187	1200	1393	193	new	3
1188	1200	1392	192	new	3
1189	1200	1388	188	new	3
1190	1201	1353	152	new	3
1191	1202	1385	183	path	3
1192	1202	1336	134	new	3
1193	1202	1335	133	new	3
1194	1202	1353	151	new	3
1195	1203	1358	155	new	3
1196	1203	1337	134	new	3
1197	1203	1361	158	new	3
1198	1204	1395	191	new	3
1199	1205	1395	190	new	3
1200	1206	1404	198	new	3
1201	1206	1372	166	new	3
1202	1206	1206	0	new	3
1203	1206	1372	166	new	3
1204	1207	1404	197	path	3
1205	1207	1371	164	new	3
1206	1207	1371	164	new	3
1207	1207	1371	164	new	3
1208	1208	1404	196	path	3
1209	1209	1393	184	new	3
1210	1209	1397	188	new	3
1211	1210	1618	408	new	3
1212	1211	1376	165	new	3
1213	1211	1371	160	new	3
1214	1212	1445	233	path	3
1215	1212	1380	168	new	3
1216	1214	1350	136	new	3
1217	1220	1385	165	new	3
1218	1223	1375	152	new	3
1219	1223	1365	142	new	3
1220	1225	1361	136	new	3
1221	1225	1361	136	new	3
1222	1227	1393	166	new	3
1223	1227	1361	134	new	3
1224	1227	1361	134	new	3
1225	1228	1378	150	new	3
1226	1228	1364	136	new	3
1227	1230	1364	134	new	3
1228	1232	1385	153	new	3
1229	1232	1821	589	new	3
1230	1232	1460	228	path	3
1231	1233	1367	134	new	3
1232	1234	1595	361	path	3
1233	1235	1385	150	new	3
1234	1235	1700	465	path	3
1235	1235	1378	143	new	3
1236	1235	1364	129	new	3
1237	1236	1365	129	new	3
1238	1236	1474	238	new	3
1239	1237	1545	308	new	3
1240	1238	1372	134	new	3
1241	1238	1372	134	new	3
1242	1240	1496	256	new	3
1243	1241	1501	260	path	3
1244	1245	1556	311	new	3
1245	1246	1493	247	path	3
1246	1248	1575	327	new	3
1247	1249	1529	280	new	3
1248	1249	1591	342	new	3
1249	1249	1555	306	path	3
1250	1250	1737	487	path	3
1251	1250	1586	336	new	3
1252	1251	1662	411	path	3
1253	1252	1441	189	new	3
1254	1253	1253	0	new	3
1255	1254	1525	271	path	3
1256	1254	1497	243	new	3
1257	1262	1507	245	new	3
1258	1269	1404	135	new	3
1259	1269	1404	135	new	3
1260	1273	1585	312	new	3
1261	1274	1580	306	new	3
1262	1275	1605	330	path	3
1263	1278	1582	304	new	3
1264	1278	1411	133	new	3
1265	1279	1456	177	new	3
1266	1280	1518	238	new	3
1267	1281	1523	242	new	3
1268	1285	1502	217	new	3
1269	1291	1459	168	new	3
1270	1292	1448	156	new	3
1271	1292	1461	169	path	3
1272	1297	1434	137	new	3
1273	1298	1438	140	new	3
1274	1300	1549	249	new	3
1275	1301	1462	161	new	3
1276	1303	1482	179	new	3
1277	1303	1591	288	new	3
1278	1304	1488	184	new	3
1279	1304	1532	228	path	3
1280	1305	1580	275	path	3
1281	1307	1307	0	new	3
1282	1307	1468	161	new	3
1283	1309	1497	188	path	3
1284	1321	1455	134	new	3
1285	1322	1491	169	new	3
1286	1323	1465	142	new	3
1287	1331	1465	134	new	3
1288	1331	1780	449	new	3
1289	1337	1491	154	new	3
1290	1341	1477	136	new	3
1291	1342	1501	159	path	3
1292	1342	1521	179	new	3
1293	1345	1549	204	path	3
1294	1348	1598	250	new	3
1295	1348	1549	201	path	3
1296	1349	1508	159	new	3
1297	1351	1544	193	path	3
1298	1351	1606	255	new	3
1299	1352	1528	176	new	3
1300	1354	1592	238	new	3
1301	1354	1538	184	new	3
1302	1354	1591	237	new	3
1303	1356	1523	167	new	3
1304	1357	1612	255	new	3
1305	1358	1629	271	path	3
1306	1361	1602	241	new	3
1307	1365	1650	285	path	3
1308	1367	1904	537	path	3
1309	1375	1548	173	new	3
1310	1379	1608	229	new	3
1311	1385	1519	134	new	3
1312	1385	1521	136	new	3
1313	1387	1629	242	path	3
1314	1387	1602	215	new	3
1315	1388	1521	133	new	3
1316	1389	1736	347	new	3
1317	1389	1612	223	path	3
1318	1391	1582	191	new	3
1319	1391	1391	0	new	3
1320	1393	1539	146	new	3
1321	1393	1584	191	new	3
1322	1402	1536	134	new	3
1323	1418	1552	134	new	3
1324	1421	1593	172	new	3
1325	1449	1624	175	path	3
1326	1450	1613	163	new	3
1327	1451	1580	129	new	3
1328	1451	1451	0	new	3
1329	1451	1584	133	new	3
1330	1451	1594	143	new	3
1331	1451	1702	251	new	3
1332	1451	1585	134	new	3
1333	1452	1654	202	path	3
1334	1452	1643	191	new	3
1335	1453	1582	129	new	3
1336	1454	1602	148	new	3
1337	1454	1621	167	new	3
1338	1455	1735	280	new	3
1339	1455	1653	198	new	3
1340	1456	1590	134	new	3
1341	1456	1636	180	new	3
1342	1456	1634	178	new	3
1343	1456	1456	0	new	3
1344	1457	1729	272	path	3
1345	1458	1782	324	new	3
1346	1460	1593	133	new	3
1347	1460	1589	129	new	3
1348	1460	1754	294	path	3
1349	1461	1595	134	new	3
1350	1462	1658	196	new	3
1351	1462	1634	172	new	3
1352	1462	1596	134	new	3
1353	1462	1659	197	new	3
1354	1462	1604	142	new	3
1355	1462	1730	268	path	3
1356	1462	1730	268	new	3
1357	1462	1634	172	new	3
1358	1463	1463	0	new	3
1359	1463	1650	187	new	3
1360	1463	1596	133	new	3
1361	1464	1600	136	new	3
1362	1464	1598	134	new	3
1363	1464	1464	0	new	3
1364	1465	1783	318	new	3
1365	1466	1600	134	new	3
1366	1466	1600	134	new	3
1367	1467	1602	135	new	3
1368	1468	1601	133	new	3
1369	1469	1650	181	path	3
1370	1469	1650	181	path	3
1371	1474	1474	0	new	3
1372	1476	1904	428	path	3
1373	1505	1653	148	new	3
1374	1533	1768	235	path	3
1375	1547	1920	373	path	3
1376	1567	1701	134	new	3
1377	1591	1727	136	new	3
1378	1593	1728	135	new	3
1379	1595	1728	133	new	3
1380	1597	1765	168	new	3
1381	1597	1731	134	new	3
1382	1600	1782	182	path	3
1383	1601	1805	204	path	3
1384	1608	1608	0	new	3
1385	1609	1798	189	new	3
1386	1611	1821	210	path	3
1387	1613	2164	551	new	3
1388	1614	1972	358	new	3
1389	1615	1958	343	path	3
1390	1617	2171	554	new	3
1391	1618	1905	287	new	3
1392	1639	2031	392	path	3
1393	1640	2002	362	new	3
1394	1641	1905	264	path	3
1395	1662	2169	507	path	3
1396	1663	1796	133	new	3
1397	1666	2022	356	new	3
1398	1666	1666	0	new	3
1399	1667	1801	134	new	3
1400	1669	1949	280	new	3
1401	1670	1905	235	path	3
1402	1675	2043	368	new	3
1403	1681	2022	341	path	3
1404	1681	1861	180	new	3
1405	1683	1856	173	new	3
1406	1683	1856	173	new	3
1407	1687	2004	317	new	3
1408	1700	1852	152	new	3
1409	1701	2032	331	path	3
1410	1704	2218	514	new	3
1411	1705	2261	556	path	3
1412	1707	1920	213	path	3
1413	1709	1973	264	new	3
1414	1710	1905	195	path	3
1415	1712	1906	194	new	3
1416	1712	1894	182	new	3
1417	1712	2046	334	new	3
1418	1714	1958	244	path	3
1419	1716	1890	174	new	3
1420	1725	1888	163	new	3
1421	1728	1920	192	new	3
1422	1729	1947	218	new	3
1423	1729	2031	302	path	3
1424	1733	1898	165	new	3
1425	1736	2002	266	path	3
1426	1744	2026	282	new	3
1427	1748	1882	134	new	3
1428	1751	1887	136	new	3
1429	1752	1949	197	path	3
1430	1754	2004	250	path	3
1431	1754	1902	148	new	3
1432	1756	1987	231	new	3
1433	1756	2004	248	path	3
1434	1757	2322	565	path	3
1435	1757	1757	0	new	3
1436	1758	2310	552	new	3
1437	1763	1979	216	new	3
1438	1766	1946	180	new	3
1439	1778	2053	275	path	3
1440	1799	2078	279	path	3
1441	1819	2055	236	new	3
1442	1830	2207	377	new	3
1443	1835	2297	462	new	3
1444	1845	1845	0	new	3
1445	1886	2105	219	new	3
1446	1887	2104	217	new	3
1447	1887	2077	190	new	3
1448	1892	2081	189	new	3
1449	1894	2188	294	path	3
1450	1895	2504	609	new	3
1451	1896	2121	225	new	3
1452	1898	2166	268	new	3
1453	1905	2038	133	new	3
1454	1918	2121	203	new	3
1455	1918	2304	386	new	3
1456	1920	2421	501	path	3
1457	1922	2115	193	new	3
1458	1922	2297	375	new	3
1459	1923	2059	136	new	3
1460	1923	2575	652	new	3
1461	1923	2414	491	new	3
1462	1924	2085	161	new	3
1463	1925	2156	231	new	3
1464	1926	2115	189	new	3
1465	1927	2116	189	new	3
1466	1927	2427	500	path	3
1467	1930	2069	139	new	3
1468	1930	2421	491	path	3
1469	1933	2121	188	new	3
1470	1933	2318	385	new	3
1471	1937	2071	134	new	3
1472	1937	2166	229	path	3
1473	1938	2129	191	new	3
1474	1939	2129	190	new	3
1475	1939	2437	498	new	3
1476	1968	2113	145	new	3
1477	1971	2125	154	path	3
1478	1972	2150	178	new	3
1479	1974	2473	499	new	3
1480	1974	2107	133	new	3
1481	1976	2429	453	new	3
1482	1978	2112	134	new	3
1483	1980	2114	134	new	3
1484	1981	1981	0	new	3
1485	1981	2767	786	new	3
1486	1982	2713	731	new	3
1487	1984	2134	150	new	3
1488	1986	2120	134	new	3
1489	1987	2120	133	new	3
1490	1987	2175	188	new	3
1491	1990	2126	136	new	3
1492	1990	2293	303	new	3
1493	1991	2139	148	new	3
1494	1993	2154	161	new	3
1495	1996	2088	92	path	3
1496	2001	2293	292	path	3
1497	2031	2165	134	new	3
1498	2038	2312	274	new	3
1499	2091	2513	422	new	3
1500	2095	2259	164	new	3
1501	2095	2266	171	new	3
1502	2097	2384	287	new	3
1503	2101	2358	257	new	3
1504	2101	2604	503	new	3
1505	2102	2349	247	path	3
1506	2102	2314	212	new	3
1507	2102	2329	227	path	3
1508	2102	2370	268	new	3
1509	2103	2361	258	new	3
1510	2105	2414	309	path	3
1511	2105	2429	324	path	3
1512	2107	2107	0	new	3
1513	2107	2402	295	new	3
1514	2107	2414	307	path	3
1515	2108	2665	557	new	3
1516	2108	2242	134	new	3
1517	2110	2395	285	path	3
1518	2111	2275	164	new	3
1519	2111	2345	234	new	3
1520	2112	2542	430	path	3
1521	2113	2385	272	new	3
1522	2113	2289	176	new	3
1523	2113	2300	187	new	3
1524	2113	2529	416	new	3
1525	2113	2366	253	new	3
1526	2114	2575	461	new	3
1527	2114	2250	136	new	3
1528	2114	2279	165	new	3
1529	2115	2277	162	new	3
1530	2116	2426	310	new	3
1531	2117	2360	243	new	3
1532	2118	2539	421	new	3
1533	2118	2330	212	new	3
1534	2118	2275	157	new	3
1535	2118	2349	231	path	3
1536	2120	2451	331	new	3
1537	2121	2306	185	new	3
1538	2124	2260	136	new	3
1539	2124	2349	225	path	3
1540	2124	2336	212	new	3
1541	2127	2558	431	new	3
1542	2128	2282	154	new	3
1543	2128	2370	242	path	3
1544	2128	2345	217	path	3
1545	2129	2281	152	new	3
1546	2129	2444	315	new	3
1547	2130	2509	379	new	3
1548	2130	2360	230	path	3
1549	2131	2384	253	new	3
1550	2131	2461	330	path	3
1551	2131	2481	350	new	3
1552	2132	2266	134	new	3
1553	2132	2395	263	path	3
1554	2132	2324	192	new	3
1555	2132	2742	610	path	3
1556	2133	2285	152	new	3
1557	2133	2370	237	path	3
1558	2137	2502	365	new	3
1559	2138	2357	219	new	3
1560	2139	2473	334	path	3
1561	2139	2370	231	path	3
1562	2140	2274	134	new	3
1563	2141	2352	211	new	3
1564	2141	2274	133	new	3
1565	2142	2353	211	new	3
1566	2143	2416	273	new	3
1567	2143	2366	223	path	3
1568	2144	2476	332	new	3
1569	2145	2358	213	path	3
1570	2145	2474	329	path	3
1571	2145	2370	225	path	3
1572	2147	2385	238	new	3
1573	2147	2533	386	new	3
1574	2147	2358	211	new	3
1575	2148	2352	204	new	3
1576	2148	2282	134	new	3
1577	2149	2416	267	new	3
1578	2150	2278	128	new	3
1579	2150	2360	210	path	3
1580	2150	2360	210	path	3
1581	2151	2358	207	path	3
1582	2152	2562	410	new	3
1583	2152	2641	489	new	3
1584	2153	2350	197	new	3
1585	2154	2288	134	new	3
1586	2156	2581	425	new	3
1587	2159	2352	193	new	3
1588	2159	2352	193	new	3
1589	2161	2398	237	new	3
1590	2163	2473	310	path	3
1591	2163	2523	360	path	3
1592	2165	2378	213	new	3
1593	2167	2559	392	new	3
1594	2167	2439	272	new	3
1595	2167	2356	189	new	3
1596	2168	2358	190	new	3
1597	2168	2575	407	path	3
1598	2169	2342	173	path	3
1599	2169	2321	152	new	3
1600	2170	2411	241	new	3
1601	2170	2465	295	path	3
1602	2171	2435	264	path	3
1603	2171	2557	386	path	3
1604	2172	2306	134	new	3
1605	2172	2451	279	path	3
1606	2172	2335	163	new	3
1607	2172	2320	148	new	3
1608	2172	2576	404	new	3
1609	2174	2480	306	new	3
1610	2174	2370	196	path	3
1611	2176	2509	333	path	3
1612	2176	2442	266	path	3
1613	2176	2414	238	new	3
1614	2176	2310	134	new	3
1615	2180	2767	587	path	3
1616	2181	2315	134	new	3
1617	2194	2771	577	path	3
1618	2196	2354	158	new	3
1619	2198	2401	203	new	3
1620	2203	2388	185	new	3
1621	2204	2663	459	new	3
1622	2205	2429	224	path	3
1623	2205	2464	259	new	3
1624	2206	2206	0	new	3
1625	2207	2741	534	path	3
1626	2207	2340	133	new	3
1627	2207	2498	291	path	3
1628	2210	2576	366	path	3
1629	2214	2502	288	path	3
1630	2218	2404	186	new	3
1631	2219	2598	379	new	3
1632	2221	2550	329	path	3
1633	2222	2473	251	new	3
1634	2231	2527	296	new	3
1635	2232	2477	245	new	3
1636	2232	2365	133	new	3
1637	2233	2463	230	new	3
1638	2233	2403	170	new	3
1639	2234	2530	296	new	3
1640	2234	2408	174	new	3
1641	2234	2480	246	path	3
1642	2234	2403	169	new	3
1643	2234	2404	170	new	3
1644	2235	2479	244	path	3
1645	2236	2459	223	new	3
1646	2236	2494	258	new	3
1647	2236	2408	172	new	3
1648	2236	2524	288	new	3
1649	2237	2504	267	new	3
1650	2238	2408	170	new	3
1651	2238	2436	198	new	3
1652	2239	2471	232	path	3
1653	2239	2476	237	path	3
1654	2239	2476	237	path	3
1655	2240	2450	210	new	3
1656	2240	2424	184	new	3
1657	2241	2532	291	new	3
1658	2241	2465	224	path	3
1659	2241	2427	186	new	3
1660	2242	2475	233	new	3
1661	2243	2524	281	new	3
1662	2244	2526	282	new	3
1663	2245	2505	260	new	3
1664	2245	2524	279	path	3
1665	2245	2412	167	new	3
1666	2246	2442	196	path	3
1667	2248	2403	155	new	3
1668	2249	2436	187	path	3
1669	2249	2457	208	new	3
1670	2249	2466	217	new	3
1671	2250	2459	209	new	3
1672	2250	2468	218	new	3
1673	2250	2627	377	new	3
1674	2250	2524	274	new	3
1675	2251	2385	134	new	3
1676	2251	2527	276	path	3
1677	2251	2384	133	new	3
1678	2252	2459	207	new	3
1679	2252	2476	224	path	3
1680	2253	2409	156	new	3
1681	2254	2254	0	new	3
1682	2254	2526	272	new	3
1683	2254	2254	0	new	3
1684	2254	2460	206	new	3
1685	2254	2417	163	new	3
1686	2255	2389	134	new	3
1687	2255	2455	200	new	3
1688	2255	2391	136	new	3
1689	2255	2403	148	new	3
1690	2256	2437	181	new	3
1691	2256	2402	146	new	3
1692	2257	2642	385	new	3
1693	2257	2419	162	new	3
1694	2257	2861	604	new	3
1695	2257	2391	134	new	3
1696	2258	2616	358	new	3
1697	2258	2480	222	path	3
1698	2258	2445	187	new	3
1699	2258	2412	154	new	3
1700	2258	2713	455	path	3
1701	2258	2416	158	new	3
1702	2259	2461	202	new	3
1703	2259	2393	134	new	3
1704	2259	2459	200	path	3
1705	2259	2434	175	new	3
1706	2259	2470	211	new	3
1707	2259	2449	190	new	3
1708	2259	2527	268	new	3
1709	2259	2451	192	path	3
1710	2259	2461	202	new	3
1711	2259	2427	168	new	3
1712	2260	2396	136	new	3
1713	2260	2402	142	new	3
1714	2260	2421	161	new	3
1715	2260	2393	133	new	3
1716	2260	2546	286	new	3
1717	2260	2452	192	new	3
1718	2261	2515	254	path	3
1719	2261	2465	204	path	3
1720	2261	2395	134	new	3
1721	2261	2397	136	new	3
1722	2261	2472	211	new	3
1723	2261	2449	188	new	3
1724	2261	2449	188	new	3
1725	2261	2428	167	new	3
1726	2262	2533	271	new	3
1727	2262	2395	133	new	3
1728	2262	2396	134	new	3
1729	2262	2426	164	new	3
1730	2262	2413	151	new	3
1731	2262	2596	334	path	3
1732	2262	2465	203	path	3
1733	2262	2442	180	new	3
1734	2262	2464	202	new	3
1735	2262	2464	202	path	3
1736	2262	2396	134	new	3
1737	2262	2435	173	new	3
1738	2263	2411	148	new	3
1739	2263	2397	134	new	3
1740	2264	2476	212	new	3
1741	2264	2524	260	new	3
1742	2264	2428	164	new	3
1743	2264	2397	133	new	3
1744	2265	2467	202	new	3
1745	2265	2476	211	new	3
1746	2265	2467	202	new	3
1747	2265	2773	508	new	3
1748	2265	2557	292	path	3
1749	2266	2523	257	path	3
1750	2266	2467	201	new	3
1751	2266	2440	174	new	3
1752	2266	2400	134	new	3
1753	2266	2468	202	new	3
1754	2266	2508	242	new	3
1755	2267	2445	178	new	3
1756	2267	2401	134	new	3
1757	2267	2686	419	path	3
1758	2267	2403	136	new	3
1759	2268	2482	214	new	3
1760	2268	2599	331	new	3
1761	2269	2424	155	new	3
1762	2269	2538	269	path	3
1763	2269	2435	166	path	3
1764	2269	2538	269	path	3
1765	2269	2608	339	new	3
1766	2269	2538	269	path	3
1767	2272	2522	250	new	3
1768	2272	2435	163	new	3
1769	2272	2459	187	new	3
1770	2272	2521	249	new	3
1771	2273	2504	231	new	3
1772	2273	2482	209	new	3
1773	2274	2460	186	new	3
1774	2275	2497	222	new	3
1775	2276	2490	214	new	3
1776	2277	2754	477	new	3
1777	2277	2478	201	new	3
1778	2278	2617	339	new	3
1779	2278	2739	461	new	3
1780	2278	2432	154	new	3
1781	2279	2471	192	new	3
1782	2279	2441	162	path	3
1783	2280	2547	267	path	3
1784	2280	2413	133	new	3
1785	2281	2508	227	new	3
1786	2282	2464	182	new	3
1787	2282	2429	147	new	3
1788	2289	2469	180	new	3
1789	2290	2444	154	new	3
1790	2292	2852	560	new	3
1791	2293	2425	132	new	3
1792	2294	2477	183	new	3
1793	2295	2850	555	new	3
1794	2297	2509	212	new	3
1795	2302	2522	220	new	3
1796	2307	2457	150	new	3
1797	2307	2457	150	new	3
1798	2310	2476	166	path	3
1799	2319	2514	195	new	3
1800	2321	2507	186	new	3
1801	2322	2508	186	path	3
1802	2323	2484	161	new	3
1803	2323	2454	131	new	3
1804	2323	2538	215	new	3
1805	2323	2524	201	new	3
1806	2325	2515	190	path	3
1807	2325	2484	159	new	3
1808	2325	2526	201	new	3
1809	2325	2512	187	path	3
1810	2327	2499	172	new	3
1811	2328	2502	174	new	3
1812	2330	2502	172	new	3
1813	2330	2499	169	new	3
1814	2330	2512	182	new	3
1815	2332	2494	162	new	3
1816	2337	2520	183	new	3
1817	2341	2533	192	new	3
1818	2344	2545	201	new	3
1819	2351	2523	172	new	3
1820	2359	2506	147	new	3
1821	2359	2501	142	new	3
1822	2360	2702	342	new	3
1823	2362	2362	0	new	3
1824	2363	2494	131	new	3
1825	2363	2538	175	path	3
1826	2369	2598	229	path	3
1827	2369	2713	344	path	3
1828	2370	2937	567	path	3
1829	2371	2522	151	new	3
1830	2372	2372	0	new	3
1831	2372	2725	353	new	3
1832	2372	2575	203	new	3
1833	2372	2675	303	new	3
1834	2373	2559	186	new	3
1835	2373	2566	193	new	3
1836	2373	2564	191	new	3
1837	2373	2883	510	path	3
1838	2374	2528	154	new	3
1839	2374	2747	373	path	3
1840	2374	2607	233	new	3
1841	2375	2550	175	path	3
1842	2375	2734	359	path	3
1843	2376	2911	535	path	3
1844	2377	2527	150	new	3
1845	2377	2377	0	new	3
1846	2380	2575	195	path	3
1847	2380	2578	198	new	3
1848	2380	2513	133	new	3
1849	2380	2667	287	new	3
1850	2380	2684	304	new	3
1851	2381	2575	194	path	3
1852	2382	2516	134	new	3
1853	2382	2515	133	new	3
1854	2382	2595	213	new	3
1855	2382	2516	134	new	3
1856	2382	2773	391	path	3
1857	2383	2677	294	new	3
1858	2383	2725	342	path	3
1859	2383	2666	283	new	3
1860	2383	2718	335	new	3
1861	2383	2640	257	new	3
1862	2383	2546	163	new	3
1863	2384	2518	134	new	3
1864	2384	2571	187	path	3
1865	2385	2385	0	new	3
1866	2385	2519	134	new	3
1867	2385	2638	253	path	3
1868	2385	2703	318	new	3
1869	2385	2525	140	new	3
1870	2386	2533	147	new	3
1871	2387	2533	146	new	3
1872	2388	2616	228	path	3
1873	2388	2616	228	path	3
1874	2388	2665	277	new	3
1875	2388	2568	180	new	3
1876	2389	2677	288	new	3
1877	2391	2554	163	new	3
1878	2391	2872	481	new	3
1879	2391	2564	173	new	3
1880	2394	2583	189	new	3
1881	2397	2609	212	new	3
1882	2397	2725	328	new	3
1883	2398	2559	161	new	3
1884	2398	2398	0	new	3
1885	2398	2696	298	new	3
1886	2398	2398	0	new	3
1887	2400	2642	242	path	3
1888	2400	2592	192	new	3
1889	2400	2643	243	new	3
1890	2401	2640	239	path	3
1891	2401	2989	588	new	3
1892	2402	2587	185	new	3
1893	2403	2621	218	new	3
1894	2403	2627	224	path	3
1895	2404	2569	165	new	3
1896	2404	2668	264	new	3
1897	2404	2534	130	new	3
1898	2404	2934	530	new	3
1899	2405	2584	179	new	3
1900	2406	2540	134	new	3
1901	2406	2540	134	new	3
1902	2406	2688	282	new	3
1903	2406	2650	244	new	3
1904	2408	2542	134	new	3
1905	2408	2608	200	path	3
1906	2408	2627	219	path	3
1907	2408	2737	329	new	3
1908	2409	2608	199	path	3
1909	2411	2832	421	new	3
1910	2412	2650	238	new	3
1911	2412	2686	274	new	3
1912	2414	2679	265	new	3
1913	2414	3020	606	path	3
1914	2415	2631	216	new	3
1915	2415	2596	181	new	3
1916	2415	2663	248	path	3
1917	2415	2596	181	new	3
1918	2416	2606	190	new	3
1919	2416	2621	205	path	3
1920	2416	2591	175	new	3
1921	2416	2561	145	new	3
1922	2418	2726	308	new	3
1923	2418	2641	223	path	3
1924	2419	2609	190	new	3
1925	2419	2555	136	new	3
1926	2419	2726	307	new	3
1927	2419	2697	278	new	3
1928	2419	2575	156	new	3
1929	2420	2589	169	new	3
1930	2420	2663	243	path	3
1931	2420	2622	202	path	3
1932	2420	2756	336	path	3
1933	2420	2576	156	new	3
1934	2421	2773	352	path	3
1935	2421	2421	0	new	3
1936	2421	2888	467	path	3
1937	2422	2586	164	new	3
1938	2422	2675	253	path	3
1939	2423	2641	218	path	3
1940	2423	2557	134	new	3
1941	2423	2607	184	new	3
1942	2424	2609	185	path	3
1943	2425	2614	189	new	3
1944	2425	2612	187	new	3
1945	2427	2697	270	new	3
1946	2427	2611	184	new	3
1947	2428	2564	136	new	3
1948	2429	2635	206	new	3
1949	2430	2631	201	path	3
1950	2431	2565	134	new	3
1951	2431	2431	0	new	3
1952	2431	2659	228	new	3
1953	2432	2577	145	new	3
1954	2432	2696	264	path	3
1955	2432	2594	162	new	3
1956	2434	2616	182	path	3
1957	2435	2623	188	new	3
1958	2435	2583	148	new	3
1959	2436	2714	278	new	3
1960	2438	2580	142	new	3
1961	2438	2571	133	new	3
1962	2439	2634	195	new	3
1963	2439	2665	226	path	3
1964	2439	2725	286	new	3
1965	2439	2826	387	new	3
1966	2439	2679	240	path	3
1967	2440	2964	524	path	3
1968	2446	2621	175	new	3
1969	2449	2630	181	new	3
1970	2449	3036	587	new	3
1971	2450	2631	181	new	3
1972	2451	2585	134	new	3
1973	2453	2586	133	new	3
1974	2453	2651	198	new	3
1975	2453	2642	189	new	3
1976	2453	2665	212	path	3
1977	2453	2605	152	new	3
1978	2454	2686	232	path	3
1979	2454	2613	159	new	3
1980	2454	2699	245	new	3
1981	2456	2905	449	path	3
1982	2457	2607	150	new	3
1983	2458	2705	247	path	3
1984	2458	2725	267	new	3
1985	2458	2620	162	new	3
1986	2458	2605	147	new	3
1987	2458	2704	246	new	3
1988	2459	2593	134	new	3
1989	2459	2688	229	new	3
1990	2459	2678	219	new	3
1991	2459	2672	213	new	3
1992	2460	2686	226	new	3
1993	2460	2728	268	path	3
1994	2460	2736	276	new	3
1995	2461	2747	286	path	3
1996	2461	2671	210	new	3
1997	2461	2959	498	new	3
1998	2461	2732	271	new	3
1999	2461	2708	247	new	3
2000	2462	2872	410	new	3
2001	2462	2813	351	new	3
2002	2462	3059	597	path	3
2003	2463	2753	290	path	3
2004	2463	2599	136	new	3
2005	2463	2599	136	new	3
2006	2463	2853	390	new	3
2007	2463	2633	170	new	3
2008	2464	2618	154	new	3
2009	2465	2599	134	new	3
2010	2467	2670	203	new	3
2011	2467	2741	274	path	3
2012	2467	2467	0	new	3
2013	2467	2651	184	new	3
2014	2468	2834	366	new	3
2015	2468	2602	134	new	3
2016	2469	2873	404	new	3
2017	2469	2646	177	new	3
2018	2469	2719	250	new	3
2019	2470	2646	176	path	3
2020	2472	2635	163	new	3
2021	2473	2607	134	new	3
2022	2474	2656	182	new	3
2023	2475	2609	134	new	3
2024	2475	2784	309	path	3
2025	2477	2661	184	new	3
2026	2479	2768	289	path	3
2027	2482	2672	190	new	3
2028	2484	2616	132	new	3
2029	2489	2728	239	new	3
2030	2490	2855	365	new	3
2031	2491	2624	133	new	3
2032	2493	2625	132	new	3
2033	2495	2877	382	new	3
2034	2495	2686	191	path	3
2035	2497	2658	161	new	3
2036	2497	2700	203	new	3
2037	2499	2737	238	new	3
2038	2501	2719	218	new	3
2039	2501	3126	625	path	3
2040	2501	2725	224	new	3
2041	2503	2716	213	new	3
2042	2504	2714	210	new	3
2043	2504	2947	443	new	3
2044	2504	2638	134	new	3
2045	2505	2639	134	new	3
2046	2505	2673	168	new	3
2047	2505	2639	134	new	3
2048	2505	2714	209	new	3
2049	2505	2647	142	new	3
2050	2506	2674	168	new	3
2051	2506	2640	134	new	3
2052	2507	2779	272	new	3
2053	2507	2741	234	new	3
2054	2508	2707	199	new	3
2055	2508	2857	349	new	3
2056	2508	2747	239	new	3
2057	2508	2707	199	new	3
2058	2508	2754	246	path	3
2059	2508	2928	420	path	3
2060	2508	2677	169	new	3
2061	2508	2907	399	new	3
2062	2509	2643	134	new	3
2063	2509	2509	0	new	3
2064	2509	3049	540	new	3
2065	2509	2771	262	new	3
2066	2509	2662	153	new	3
2067	2509	3016	507	new	3
2068	2510	2742	232	new	3
2069	2510	2655	145	new	3
2070	2510	2709	199	new	3
2071	2510	2644	134	new	3
2072	2510	2717	207	new	3
2073	2510	2644	134	new	3
2074	2510	2723	213	new	3
2075	2511	2918	407	new	3
2076	2513	2713	200	new	3
2077	2513	2649	136	new	3
2078	2513	2647	134	new	3
2079	2513	2513	0	new	3
2080	2513	2814	301	new	3
2081	2514	2664	150	new	3
2082	2515	2969	454	new	3
2083	2515	3125	610	path	3
2084	2515	2772	257	path	3
2085	2515	2843	328	new	3
2086	2515	2770	255	path	3
2087	2516	2650	134	new	3
2088	2516	2652	136	new	3
2089	2516	2916	400	new	3
2090	2516	2653	137	new	3
2091	2517	2676	159	new	3
2092	2517	2714	197	path	3
2093	2517	2781	264	new	3
2094	2517	2891	374	new	3
2095	2517	2702	185	new	3
2096	2518	2721	203	new	3
2097	2518	2722	204	new	3
2098	2518	2713	195	new	3
2099	2519	2655	136	new	3
2100	2519	2717	198	new	3
2101	2519	2716	197	path	3
2102	2520	2706	186	new	3
2103	2522	2730	208	new	3
2104	2522	2781	259	path	3
2105	2522	2904	382	path	3
2106	2522	2656	134	new	3
2107	2523	2694	171	new	3
2108	2523	2720	197	new	3
2109	2524	2730	206	path	3
2110	2525	2654	129	new	3
2111	2525	2916	391	path	3
2112	2526	2753	227	path	3
2113	2527	2707	180	path	3
2114	2528	2851	323	new	3
2115	2529	2863	334	new	3
2116	2529	2735	206	path	3
2117	2529	2708	179	path	3
2118	2531	2835	304	new	3
2119	2531	2667	136	new	3
2120	2532	2934	402	new	3
2121	2533	2667	134	new	3
2122	2533	2772	239	path	3
2123	2533	2713	180	new	3
2124	2534	2907	373	path	3
2125	2534	2732	198	new	3
2126	2536	2670	134	new	3
2127	2537	2673	136	new	3
2128	2538	2872	334	path	3
2129	2538	2672	134	new	3
2130	2539	2539	0	new	3
2131	2541	2685	144	new	3
2132	2543	2822	279	new	3
2133	2543	2775	232	path	3
2134	2543	2779	236	path	3
2135	2545	2829	284	new	3
2136	2546	2813	267	path	3
2137	2547	2723	176	new	3
2138	2549	2717	168	new	3
2139	2549	2727	178	new	3
2140	2549	2683	134	new	3
2141	2550	2775	225	path	3
2142	2550	2691	141	new	3
2143	2551	2683	132	new	3
2144	2551	2699	148	new	3
2145	2551	2716	165	new	3
2146	2551	2699	148	new	3
2147	2552	2797	245	path	3
2148	2553	2687	134	new	3
2149	2555	2802	247	new	3
2150	2555	2777	222	path	3
2151	2555	2706	151	new	3
2152	2555	2688	133	new	3
2153	2555	2781	226	path	3
2154	2556	2888	332	path	3
2155	2556	2738	182	new	3
2156	2556	2690	134	new	3
2157	2556	2556	0	new	3
2158	2557	2710	153	new	3
2159	2557	2744	187	new	3
2160	2558	2888	330	path	3
2161	2558	2692	134	new	3
2162	2558	2736	178	new	3
2163	2559	2559	0	new	3
2164	2559	2693	134	new	3
2165	2559	3099	540	new	3
2166	2559	2695	136	new	3
2167	2559	2736	177	new	3
2168	2560	2824	264	new	3
2169	2560	2710	150	new	3
2170	2561	2697	136	new	3
2171	2561	2826	265	new	3
2172	2561	2760	199	path	3
2173	2561	2824	263	new	3
2174	2561	2770	209	path	3
2175	2562	2840	278	new	3
2176	2562	2859	297	path	3
2177	2563	2818	255	new	3
2178	2563	2853	290	path	3
2179	2565	2716	151	new	3
2180	2565	2718	153	new	3
2181	2565	2760	195	new	3
2182	2566	2782	216	path	3
2183	2566	2782	216	path	3
2184	2567	2766	199	new	3
2185	2568	2702	134	new	3
2186	2568	2857	289	new	3
2187	2569	2716	147	new	3
2188	2569	2759	190	new	3
2189	2569	2856	287	path	3
2190	2569	2742	173	path	3
2191	2570	2704	134	new	3
2192	2570	2777	207	path	3
2193	2570	2884	314	new	3
2194	2570	2570	0	new	3
2195	2570	2741	171	new	3
2196	2571	2773	202	path	3
2197	2571	2727	156	new	3
2198	2571	2699	128	new	3
2199	2572	2872	300	new	3
2200	2573	2753	180	new	3
2201	2574	2708	134	new	3
2202	2575	2900	325	new	3
2203	2577	2720	143	new	3
2204	2581	2717	136	new	3
2205	2581	2717	136	new	3
2206	2582	2716	134	new	3
2207	2583	2932	349	new	3
2208	2585	2765	180	path	3
2209	2585	2865	280	new	3
2210	2586	2752	166	new	3
2211	2587	2705	118	path	3
2212	2589	2818	229	new	3
2213	2590	2844	254	new	3
2214	2593	2593	0	new	3
2215	2613	2829	216	new	3
2216	2626	2899	273	new	3
2217	2627	2898	271	new	3
2218	2627	2804	177	new	3
2219	2627	2837	210	new	3
2220	2628	2952	324	path	3
2221	2629	2890	261	new	3
2222	2629	2860	231	new	3
2223	2629	2898	269	new	3
2224	2632	2936	304	path	3
2225	2633	2885	252	path	3
2226	2635	3096	461	new	3
2227	2635	2829	194	path	3
2228	2635	2872	237	path	3
2229	2637	3077	440	path	3
2230	2638	2795	157	new	3
2231	2639	2882	243	new	3
2232	2639	2966	327	path	3
2233	2640	2960	320	path	3
2234	2641	2911	270	path	3
2235	2642	2921	279	new	3
2236	2642	2990	348	path	3
2237	2642	2928	286	new	3
2238	2644	2866	222	new	3
2239	2644	2870	226	new	3
2240	2644	2907	263	path	3
2241	2645	2936	291	path	3
2242	2645	3077	432	new	3
2243	2647	2860	213	new	3
2244	2647	2946	299	path	3
2245	2647	2899	252	new	3
2246	2648	2782	134	new	3
2247	2648	2966	318	path	3
2248	2649	2860	211	new	3
2249	2650	2988	338	new	3
2250	2651	2911	260	path	3
2251	2651	2831	180	new	3
2252	2651	2842	191	new	3
2253	2652	2844	192	path	3
2254	2652	2882	230	new	3
2255	2652	2819	167	new	3
2256	2653	2805	152	new	3
2257	2653	2889	236	new	3
2258	2655	2837	182	new	3
2259	2655	2850	195	new	3
2260	2655	2948	293	path	3
2261	2655	2922	267	path	3
2262	2656	2903	247	path	3
2263	2656	2656	0	new	3
2264	2656	2860	204	path	3
2265	2657	2935	278	path	3
2266	2657	2872	215	path	3
2267	2658	2658	0	new	3
2268	2659	2840	181	new	3
2269	2659	3002	343	new	3
2270	2660	2921	261	path	3
2271	2660	2862	202	new	3
2272	2661	2870	209	new	3
2273	2661	2936	275	new	3
2274	2661	2864	203	new	3
2275	2662	2796	134	new	3
2276	2662	2849	187	new	3
2277	2662	2967	305	path	3
2278	2662	2901	239	new	3
2279	2663	2797	134	new	3
2280	2663	2799	136	new	3
2281	2663	2836	173	new	3
2282	2663	2867	204	new	3
2283	2664	2848	184	path	3
2284	2664	3067	403	new	3
2285	2664	2813	149	new	3
2286	2664	3064	400	path	3
2287	2665	3117	452	new	3
2288	2665	2924	259	new	3
2289	2665	2818	153	new	3
2290	2665	2665	0	new	3
2291	2665	2869	204	new	3
2292	2666	2913	247	new	3
2293	2666	2823	157	new	3
2294	2666	2828	162	new	3
2295	2666	2830	164	new	3
2296	2666	2800	134	new	3
2297	2667	2890	223	new	3
2298	2667	2817	150	new	3
2299	2667	2801	134	new	3
2300	2668	2859	191	new	3
2301	2668	2815	147	new	3
2302	2668	2899	231	new	3
2303	2668	2885	217	new	3
2304	2668	2863	195	new	3
2305	2669	2857	188	new	3
2306	2669	2846	177	new	3
2307	2669	2816	147	new	3
2308	2670	2980	310	new	3
2309	2670	2900	230	path	3
2310	2671	2882	211	path	3
2311	2671	2899	228	path	3
2312	2671	2921	250	new	3
2313	2671	3112	441	new	3
2314	2672	2890	218	new	3
2315	2672	2912	240	new	3
2316	2672	2956	284	new	3
2317	2672	2936	264	path	3
2318	2672	2922	250	new	3
2319	2672	2961	289	new	3
2320	2672	2864	192	new	3
2321	2672	2801	129	new	3
2322	2672	2808	136	new	3
2323	2672	2813	141	new	3
2324	2673	2820	147	new	3
2325	2673	2807	134	new	3
2326	2673	2825	152	new	3
2327	2673	2844	171	new	3
2328	2673	2831	158	new	3
2329	2674	2884	210	new	3
2330	2674	2863	189	new	3
2331	2674	2854	180	new	3
2332	2674	2866	192	new	3
2333	2674	2904	230	path	3
2334	2675	3106	431	path	3
2335	2675	2855	180	new	3
2336	2675	2811	136	new	3
2337	2675	3008	333	path	3
2338	2676	2810	134	new	3
2339	2676	2901	225	new	3
2340	2676	2904	228	path	3
2341	2677	3064	387	new	3
2342	2677	2854	177	new	3
2343	2677	2840	163	new	3
2344	2677	2813	136	new	3
2345	2677	2887	210	new	3
2346	2677	2846	169	new	3
2347	2677	2861	184	new	3
2348	2677	2857	180	new	3
2349	2677	2903	226	new	3
2350	2678	2888	210	new	3
2351	2678	2916	238	path	3
2352	2678	2922	244	path	3
2353	2678	2886	208	path	3
2354	2679	2812	133	new	3
2355	2679	2836	157	new	3
2356	2679	2852	173	new	3
2357	2679	2935	256	path	3
2358	2679	2844	165	new	3
2359	2679	2907	228	path	3
2360	2679	3024	345	new	3
2361	2680	2936	256	path	3
2362	2680	2911	231	path	3
2363	2680	2928	248	path	3
2364	2681	2904	223	new	3
2365	2681	3064	383	path	3
2366	2681	2989	308	new	3
2367	2681	2935	254	new	3
2368	2681	2827	146	new	3
2369	2682	2929	247	new	3
2370	2682	2934	252	path	3
2371	2682	2931	249	new	3
2372	2682	2850	168	new	3
2373	2682	2841	159	new	3
2374	2682	2948	266	path	3
2375	2682	2921	239	path	3
2376	2682	2816	134	new	3
2377	2683	2818	135	new	3
2378	2683	2861	178	path	3
2379	2683	2852	169	new	3
2380	2683	2869	186	path	3
2381	2683	2874	191	new	3
2382	2683	2928	245	path	3
2383	2683	2862	179	new	3
2384	2684	2854	170	new	3
2385	2684	2931	247	path	3
2386	2684	2943	259	new	3
2387	2685	2821	136	new	3
2388	2685	2877	192	new	3
2389	2685	2928	243	path	3
2390	2685	2831	146	new	3
2391	2686	3051	365	path	3
2392	2686	3047	361	path	3
2393	2687	2821	134	new	3
2394	2687	2865	178	new	3
2395	2687	2871	184	new	3
2396	2687	3057	370	new	3
2397	2688	2862	174	path	3
2398	2688	2867	179	new	3
2399	2688	2873	185	new	3
2400	2689	2689	0	new	3
2401	2689	2869	180	new	3
2402	2689	2832	143	new	3
2403	2689	2869	180	new	3
2404	2690	2854	164	new	3
2405	2690	2853	163	path	3
2406	2691	2828	137	new	3
2407	2691	2983	292	new	3
2408	2691	2846	155	new	3
2409	2691	2848	157	new	3
2410	2692	2990	298	new	3
2411	2692	2868	176	new	3
2412	2692	2840	148	new	3
2413	2692	2835	143	new	3
2414	2692	2822	130	new	3
2415	2692	2851	159	new	3
2416	2692	2826	134	new	3
2417	2693	2824	131	new	3
2418	2693	2920	227	path	3
2419	2693	2866	173	new	3
2420	2693	2829	136	new	3
2421	2693	2880	187	new	3
2422	2693	2829	136	new	3
2423	2693	2858	165	new	3
2424	2693	2885	192	path	3
2425	2693	2829	136	new	3
2426	2694	2897	203	path	3
2427	2694	2858	164	new	3
2428	2694	2848	154	new	3
2429	2694	2899	205	path	3
2430	2694	2885	191	path	3
2431	2694	2870	176	new	3
2432	2694	2900	206	new	3
2433	2694	3100	406	new	3
2434	2695	2845	150	new	3
2435	2695	2918	223	path	3
2436	2695	3107	412	path	3
2437	2695	2829	134	new	3
2438	2695	2996	301	new	3
2439	2695	2829	134	new	3
2440	2695	2829	134	new	3
2441	2696	2864	168	new	3
2442	2696	2853	157	new	3
2443	2696	2964	268	new	3
2444	2696	2830	134	new	3
2445	2696	2830	134	new	3
2446	2696	2830	134	new	3
2447	2696	2899	203	path	3
2448	2697	2904	207	new	3
2449	2697	2857	160	new	3
2450	2697	2844	147	new	3
2451	2697	2879	182	new	3
2452	2697	2885	188	new	3
2453	2697	2867	170	new	3
2454	2697	3091	394	new	3
2455	2697	2895	198	new	3
2456	2697	2833	136	new	3
2457	2698	2897	199	new	3
2458	2698	2853	155	new	3
2459	2698	2879	181	new	3
2460	2698	2832	134	new	3
2461	2698	2832	134	new	3
2462	2698	2985	287	new	3
2463	2698	2845	147	new	3
2464	2698	3166	468	path	3
2465	2699	2896	197	new	3
2466	2699	2858	159	new	3
2467	2699	2935	236	path	3
2468	2699	2857	158	new	3
2469	2699	2829	130	new	3
2470	2699	2849	150	new	3
2471	2699	2833	134	new	3
2472	2699	2896	197	new	3
2473	2699	2911	212	path	3
2474	2699	2833	134	new	3
2475	2699	2896	197	new	3
2476	2699	2896	197	new	3
2477	2700	2835	135	new	3
2478	2700	3026	326	new	3
2479	2700	2869	169	new	3
2480	2700	2835	135	new	3
2481	2700	2936	236	path	3
2482	2700	3085	385	new	3
2483	2700	2928	228	path	3
2484	2700	2922	222	path	3
2485	2700	2875	175	new	3
2486	2700	2961	261	new	3
2487	2700	2859	159	new	3
2488	2700	2853	153	new	3
2489	2701	2900	199	new	3
2490	2701	2829	128	new	3
2491	2701	2956	255	new	3
2492	2701	2847	146	new	3
2493	2701	2868	167	new	3
2494	2701	2937	236	new	3
2495	2701	2852	151	new	3
2496	2701	2835	134	new	3
2497	2701	2861	160	new	3
2498	2701	2858	157	new	3
2499	2701	2946	245	path	3
2500	2701	2878	177	new	3
2501	2701	3002	301	path	3
2502	2701	2896	195	new	3
2503	2701	2900	199	new	3
2504	2702	2837	135	new	3
2505	2702	2852	150	new	3
2506	2702	2852	150	new	3
2507	2702	2968	266	path	3
2508	2702	2845	143	new	3
2509	2702	2904	202	path	3
2510	2702	2981	279	new	3
2511	2702	2835	133	new	3
2512	2702	3111	409	new	3
2513	2702	2836	134	new	3
2514	2702	2897	195	new	3
2515	2702	2891	189	new	3
2516	2702	2869	167	new	3
2517	2702	2993	291	new	3
2518	2703	3071	368	new	3
2519	2703	2882	179	new	3
2520	2703	2897	194	new	3
2521	2703	2881	178	new	3
2522	2703	2837	134	new	3
2523	2703	2846	143	new	3
2524	2703	2865	162	new	3
2525	2703	2866	163	new	3
2526	2703	2901	198	new	3
2527	2704	2881	177	path	3
2528	2704	3019	315	new	3
2529	2704	2867	163	new	3
2530	2704	2865	161	new	3
2531	2704	2839	135	new	3
2532	2704	2839	135	new	3
2533	2704	2967	263	path	3
2534	2705	2886	181	new	3
2535	2705	2943	238	path	3
2536	2705	3026	321	new	3
2537	2705	2839	134	new	3
2538	2705	2870	165	new	3
2539	2706	3130	424	new	3
2540	2706	2840	134	new	3
2541	2706	2900	194	path	3
2542	2706	3449	743	new	3
2543	2706	2870	164	new	3
2544	2706	2881	175	new	3
2545	2706	2908	202	new	3
2546	2706	2904	198	path	3
2547	2706	2874	168	new	3
2548	2706	3111	405	new	3
2549	2706	2887	181	path	3
2550	2706	2940	234	new	3
2551	2707	2861	154	new	3
2552	2707	2890	183	new	3
2553	2707	2837	130	new	3
2554	2707	2902	195	new	3
2555	2707	2905	198	new	3
2556	2707	2937	230	new	3
2557	2707	2910	203	path	3
2558	2708	2874	166	path	3
2559	2708	2888	180	new	3
2560	2708	3032	324	new	3
2561	2708	3103	395	new	3
2562	2708	2855	147	new	3
2563	2708	2931	223	path	3
2564	2709	2969	260	new	3
2565	2709	2881	172	new	3
2566	2709	2878	169	new	3
2567	2709	2843	134	new	3
2568	2710	2898	188	path	3
2569	2710	2881	171	new	3
2570	2710	2998	288	new	3
2571	2710	2844	134	new	3
2572	2710	2844	134	new	3
2573	2710	2862	152	new	3
2574	2711	2993	282	new	3
2575	2711	2904	193	path	3
2576	2711	2845	134	new	3
2577	2711	2912	201	new	3
2578	2711	2875	164	new	3
2579	2711	2933	222	path	3
2580	2712	2871	159	new	3
2581	2712	2876	164	new	3
2582	2713	3079	366	new	3
2583	2713	2887	174	new	3
2584	2713	2854	141	new	3
2585	2713	2948	235	path	3
2586	2714	2920	206	new	3
2587	2714	2848	134	new	3
2588	2714	2861	147	new	3
2589	2714	2889	175	new	3
2590	2714	2861	147	new	3
2591	2714	3086	372	new	3
2592	2715	2715	0	new	3
2593	2715	2849	134	new	3
2594	2715	2964	249	new	3
2595	2715	2852	137	new	3
2596	2715	2848	133	new	3
2597	2715	2934	219	path	3
2598	2715	3189	474	new	3
2599	2715	2911	196	new	3
2600	2715	2849	134	new	3
2601	2715	3008	293	path	3
2602	2715	3015	300	new	3
2603	2715	3010	295	new	3
2604	2715	2849	134	new	3
2605	2716	2916	200	new	3
2606	2716	3101	385	new	3
2607	2716	2887	171	new	3
2608	2716	2850	134	new	3
2609	2716	2996	280	path	3
2610	2717	2921	204	path	3
2611	2717	2927	210	path	3
2612	2717	3010	293	new	3
2613	2717	2860	143	new	3
2614	2717	2947	230	path	3
2615	2717	2885	168	new	3
2616	2718	2852	134	new	3
2617	2718	2890	172	new	3
2618	2718	2852	134	new	3
2619	2718	2986	268	path	3
2620	2718	2852	134	new	3
2621	2719	2853	134	new	3
2622	2719	2853	134	new	3
2623	2719	3111	392	path	3
2624	2719	2915	196	new	3
2625	2719	2921	202	path	3
2626	2719	2863	144	new	3
2627	2719	2935	216	path	3
2628	2719	3071	352	new	3
2629	2719	2935	216	path	3
2630	2719	2866	147	new	3
2631	2720	2904	184	path	3
2632	2720	3008	288	path	3
2633	2720	2910	190	new	3
2634	2721	2869	148	new	3
2635	2721	3052	331	new	3
2636	2721	2909	188	new	3
2637	2721	2880	159	new	3
2638	2721	2877	156	new	3
2639	2721	2863	142	new	3
2640	2722	3328	606	path	3
2641	2722	2936	214	path	3
2642	2723	2856	133	new	3
2643	2723	3008	285	path	3
2644	2723	2936	213	path	3
2645	2723	3045	322	path	3
2646	2724	2909	185	new	3
2647	2724	2934	210	new	3
2648	2724	2858	134	new	3
2649	2724	2858	134	new	3
2650	2724	2934	210	new	3
2651	2724	3099	375	new	3
2652	2724	2907	183	path	3
2653	2725	3051	326	path	3
2654	2725	2901	176	new	3
2655	2725	3065	340	path	3
2656	2725	2883	158	new	3
2657	2725	3021	296	path	3
2658	2726	2860	134	new	3
2659	2727	2870	143	new	3
2660	2727	2860	133	new	3
2661	2727	2912	185	new	3
2662	2727	2912	185	new	3
2663	2727	2861	134	new	3
2664	2727	2860	133	new	3
2665	2727	2912	185	new	3
2666	2727	2870	143	new	3
2667	2727	3024	297	new	3
2668	2727	2861	134	new	3
2669	2727	2861	134	new	3
2670	2727	2941	214	new	3
2671	2728	2943	215	path	3
2672	2728	2949	221	new	3
2673	2728	3090	362	new	3
2674	2728	2880	152	new	3
2675	2729	2874	145	new	3
2676	2729	2873	144	new	3
2677	2729	3074	345	path	3
2678	2729	3049	320	path	3
2679	2729	3049	320	path	3
2680	2730	3068	338	new	3
2681	2730	3051	321	path	3
2682	2731	2865	134	new	3
2683	2731	2876	145	new	3
2684	2731	2882	151	new	3
2685	2731	3003	272	new	3
2686	2731	2878	147	new	3
2687	2731	2871	140	new	3
2688	2731	2867	136	new	3
2689	2732	2933	201	new	3
2690	2733	2927	194	path	3
2691	2733	3099	366	new	3
2692	2733	3026	293	new	3
2693	2733	2932	199	path	3
2694	2733	2934	201	new	3
2695	2733	3057	324	path	3
2696	2734	2886	152	new	3
2697	2735	2869	134	new	3
2698	2736	3036	300	new	3
2699	2736	3188	452	path	3
2700	2736	2937	201	new	3
2701	2736	2932	196	path	3
2702	2736	2870	134	new	3
2703	2737	3000	263	new	3
2704	2737	2871	134	new	3
2705	2737	2897	160	new	3
2706	2737	3026	289	new	3
2707	2737	2925	188	new	3
2708	2737	2737	0	new	3
2709	2737	3009	272	new	3
2710	2737	2894	157	new	3
2711	2737	3207	470	new	3
2712	2737	2871	134	new	3
2713	2738	2897	159	new	3
2714	2738	2933	195	new	3
2715	2739	2873	134	new	3
2716	2740	2962	222	new	3
2717	2740	2874	134	new	3
2718	2741	2899	158	new	3
2719	2741	2875	134	new	3
2720	2741	2875	134	new	3
2721	2742	2925	183	new	3
2722	2742	2917	175	new	3
2723	2742	2916	174	new	3
2724	2742	2944	202	new	3
2725	2742	2943	201	new	3
2726	2743	2903	160	new	3
2727	2743	2877	134	new	3
2728	2743	2942	199	new	3
2729	2744	2880	136	new	3
2730	2744	2944	200	new	3
2731	2744	2922	178	new	3
2732	2745	2958	213	new	3
2733	2745	3092	347	new	3
2734	2745	3099	354	new	3
2735	2745	2935	190	new	3
2736	2746	2893	147	new	3
2737	2746	2942	196	new	3
2738	2747	2919	172	new	3
2739	2747	2972	225	new	3
2740	2749	2937	188	new	3
2741	2749	2883	134	new	3
2742	2749	2958	209	path	3
2743	2750	2883	133	new	3
2744	2750	2938	188	new	3
2745	2751	3016	265	path	3
2746	2751	2935	184	path	3
2747	2751	2937	186	new	3
2748	2753	2979	226	new	3
2749	2753	2929	176	new	3
2750	2754	3016	262	new	3
2751	2755	2953	198	new	3
2752	2757	2980	223	new	3
2753	2758	2949	191	new	3
2754	2766	2934	168	path	3
2755	2767	3110	343	new	3
2756	2767	3137	370	new	3
2757	2778	2954	176	new	3
2758	2792	3053	261	new	3
2759	2794	3067	273	path	3
2760	2796	3070	274	new	3
2761	2796	3177	381	new	3
2762	2797	2978	181	new	3
2763	2797	3084	287	new	3
2764	2798	3007	209	new	3
2765	2798	2990	192	new	3
2766	2798	3115	317	path	3
2767	2799	3062	263	new	3
2768	2800	3078	278	new	3
2769	2800	2976	176	new	3
2770	2800	3001	201	new	3
2771	2800	2954	154	new	3
2772	2800	3110	310	path	3
2773	2802	3024	222	path	3
2774	2804	2989	185	new	3
2775	2804	2938	134	new	3
2776	2804	2956	152	new	3
2777	2804	2940	136	new	3
2778	2804	3115	311	path	3
2779	2804	2993	189	new	3
2780	2805	3111	306	path	3
2781	2805	3002	197	new	3
2782	2806	2973	167	new	3
2783	2806	3009	203	new	3
2784	2806	3026	220	path	3
2785	2806	2991	185	new	3
2786	2807	2995	188	new	3
2787	2807	2941	134	new	3
2788	2808	2985	177	new	3
2789	2808	3006	198	new	3
2790	2808	3036	228	path	3
2791	2809	2942	133	new	3
2792	2809	2982	173	new	3
2793	2809	2945	136	new	3
2794	2809	3010	201	path	3
2795	2809	3032	223	path	3
2796	2810	3103	293	path	3
2797	2810	3116	306	path	3
2798	2811	3000	189	new	3
2799	2811	3000	189	new	3
2800	2812	3028	216	new	3
2801	2812	2945	133	new	3
2802	2812	2948	136	new	3
2803	2813	2973	160	new	3
2804	2813	3007	194	new	3
2805	2813	3001	188	new	3
2806	2813	3001	188	new	3
2807	2814	2967	153	new	3
2808	2815	3012	197	new	3
2809	2815	2982	167	new	3
2810	2816	2968	152	new	3
2811	2816	3005	189	new	3
2812	2816	2950	134	new	3
2813	2816	3016	200	new	3
2814	2816	3067	251	new	3
2815	2816	3005	189	new	3
2816	2816	3005	189	new	3
2817	2816	3014	198	new	3
2818	2816	2952	136	new	3
2819	2817	3145	328	new	3
2820	2817	3109	292	new	3
2821	2817	3022	205	new	3
2822	2817	3136	319	path	3
2823	2818	3016	198	new	3
2824	2818	2955	137	new	3
2825	2819	3015	196	path	3
2826	2819	3011	192	new	3
2827	2819	3009	190	new	3
2828	2819	3011	192	new	3
2829	2820	2964	144	new	3
2830	2820	3026	206	path	3
2831	2820	3022	202	path	3
2832	2820	3413	593	new	3
2833	2820	2989	169	new	3
2834	2820	2980	160	new	3
2835	2820	2965	145	new	3
2836	2820	3079	259	path	3
2837	2820	2976	156	new	3
2838	2820	2991	171	new	3
2839	2821	2988	167	new	3
2840	2821	2988	167	new	3
2841	2821	2980	159	new	3
2842	2821	3011	190	new	3
2843	2821	3018	197	new	3
2844	2821	2954	133	new	3
2845	2821	2967	146	new	3
2846	2822	2956	134	new	3
2847	2822	3005	183	path	3
2848	2822	2973	151	new	3
2849	2822	3067	245	path	3
2850	2822	2956	134	new	3
2851	2822	3042	220	new	3
2852	2822	3045	223	new	3
2853	2823	2997	174	new	3
2854	2823	2955	132	new	3
2855	2823	2975	152	new	3
2856	2823	3093	270	new	3
2857	2823	2978	155	new	3
2858	2823	3026	203	path	3
2859	2824	2975	151	new	3
2860	2824	2975	151	new	3
2861	2824	2958	134	new	3
2862	2824	3026	202	path	3
2863	2824	3047	223	new	3
2864	2824	3014	190	path	3
2865	2824	2974	150	new	3
2866	2824	3017	193	new	3
2867	2824	2958	134	new	3
2868	2825	2969	144	new	3
2869	2825	3096	271	new	3
2870	2825	3096	271	new	3
2871	2825	3016	191	path	3
2872	2825	3016	191	path	3
2873	2825	3051	226	new	3
2874	2825	3098	273	path	3
2875	2825	3051	226	path	3
2876	2825	2985	160	new	3
2877	2825	2991	166	new	3
2878	2825	2979	154	new	3
2879	2825	2967	142	new	3
2880	2825	3222	397	new	3
2881	2826	2987	161	new	3
2882	2826	2962	136	new	3
2883	2826	3096	270	path	3
2884	2826	3002	176	new	3
2885	2826	2997	171	new	3
2886	2826	2960	134	new	3
2887	2826	2973	147	new	3
2888	2826	2976	150	new	3
2889	2827	3065	238	new	3
2890	2827	3029	202	new	3
2891	2827	2978	151	new	3
2892	2827	2961	134	new	3
2893	2827	3004	177	new	3
2894	2827	3102	275	new	3
2895	2827	2961	134	new	3
2896	2827	3001	174	new	3
2897	2827	3099	272	new	3
2898	2827	2968	141	new	3
2899	2827	2961	134	new	3
2900	2827	2960	133	new	3
2901	2827	2960	133	new	3
2902	2827	3097	270	new	3
2903	2828	2972	144	new	3
2904	2828	2961	133	new	3
2905	2828	2979	151	new	3
2906	2828	2962	134	new	3
2907	2828	3010	182	path	3
2908	2828	2962	134	new	3
2909	2828	2988	160	new	3
2910	2828	2998	170	new	3
2911	2828	3098	270	path	3
2912	2829	3010	181	new	3
2913	2829	2994	165	new	3
2914	2829	2965	136	new	3
2915	2829	2980	151	new	3
2916	2829	3085	256	path	3
2917	2829	2981	152	new	3
2918	2829	2962	133	new	3
2919	2829	3006	177	path	3
2920	2829	2965	136	new	3
2921	2829	3081	252	new	3
2922	2829	2965	136	new	3
2923	2829	2994	165	new	3
2924	2829	2983	154	new	3
2925	2829	3025	196	new	3
2926	2830	2974	144	new	3
2927	2830	3065	235	new	3
2928	2830	3068	238	new	3
2929	2830	2976	146	new	3
2930	2830	3063	233	new	3
2931	2831	2965	134	new	3
2932	2831	2997	166	new	3
2933	2831	2988	157	new	3
2934	2831	3032	201	path	3
2935	2831	2981	150	new	3
2936	2831	2964	133	new	3
2937	2831	2965	134	new	3
2938	2831	2960	129	new	3
2939	2831	2982	151	new	3
2940	2831	2964	133	new	3
2941	2831	2965	134	new	3
2942	2831	3015	184	new	3
2943	2831	2985	154	new	3
2944	2831	3104	273	new	3
2945	2832	2966	134	new	3
2946	2832	2977	145	new	3
2947	2832	3014	182	new	3
2948	2832	2966	134	new	3
2949	2832	3079	247	new	3
2950	2832	3008	176	new	3
2951	2832	3000	168	new	3
2952	2832	2975	143	new	3
2953	2833	2967	134	new	3
2954	2833	3013	180	new	3
2955	2833	2969	136	new	3
2956	2833	2984	151	new	3
2957	2833	2968	135	new	3
2958	2833	3014	181	new	3
2959	2833	2985	152	new	3
2960	2833	2967	134	new	3
2961	2834	3002	168	new	3
2962	2834	3008	174	new	3
2963	2834	3005	171	new	3
2964	2834	3060	226	new	3
2965	2834	3006	172	new	3
2966	2834	2986	152	new	3
2967	2835	3005	170	new	3
2968	2835	2971	136	new	3
2969	2835	3037	202	new	3
2970	2836	2970	134	new	3
2971	2836	2836	0	new	3
2972	2836	2970	134	new	3
2973	2836	2988	152	new	3
2974	2836	3006	170	new	3
2975	2836	2970	134	new	3
2976	2836	3006	170	new	3
2977	2836	3085	249	new	3
2978	2836	3005	169	new	3
2979	2837	3019	182	new	3
2980	2837	2989	152	new	3
2981	2837	3035	198	new	3
2982	2837	3022	185	path	3
2983	2837	2971	134	new	3
2984	2837	2971	134	new	3
2985	2837	3037	200	path	3
2986	2837	2971	134	new	3
2987	2837	3052	215	new	3
2988	2837	2973	136	new	3
2989	2837	2973	136	new	3
2990	2838	2972	134	new	3
2991	2838	2972	134	new	3
2992	2838	3096	258	new	3
2993	2838	3032	194	new	3
2994	2838	3103	265	path	3
2995	2838	2993	155	new	3
2996	2839	3137	298	path	3
2997	2839	2994	155	new	3
2998	2839	2989	150	new	3
2999	2839	2972	133	new	3
3000	2840	3079	239	new	3
3001	2840	2976	136	new	3
3002	2840	2974	134	new	3
3003	2840	3005	165	new	3
3004	2840	3288	448	new	3
3005	2840	2993	153	new	3
3006	2840	3021	181	new	3
3007	2840	2974	134	new	3
3008	2841	3171	330	path	3
3009	2841	2975	134	new	3
3010	2841	3037	196	new	3
3011	2841	2999	158	new	3
3012	2841	3106	265	new	3
3013	2841	3045	204	path	3
3014	2841	3064	223	new	3
3015	2841	2969	128	new	3
3016	2841	2975	134	new	3
3017	2842	3027	185	new	3
3018	2842	3016	174	new	3
3019	2842	3233	391	new	3
3020	2842	3016	174	new	3
3021	2842	3111	269	new	3
3022	2842	3024	182	path	3
3023	2843	3293	450	path	3
3024	2843	3045	202	path	3
3025	2843	3092	249	new	3
3026	2843	2993	150	new	3
3027	2844	2993	149	new	3
3028	2844	2978	134	new	3
3029	2844	3064	220	new	3
3030	2844	3027	183	new	3
3031	2845	3037	192	path	3
3032	2845	3065	220	new	3
3033	2845	3048	203	new	3
3034	2846	3020	174	new	3
3035	2846	3095	249	new	3
3036	2846	2988	142	new	3
3037	2846	2988	142	new	3
3038	2847	3071	224	path	3
3039	2847	3413	566	new	3
3040	2847	3068	221	path	3
3041	2847	3103	256	new	3
3042	2847	3037	190	path	3
3043	2848	3068	220	new	3
3044	2848	3016	168	path	3
3045	2848	3004	156	new	3
3046	2848	3075	227	path	3
3047	2848	2990	142	new	3
3048	2848	3075	227	path	3
3049	2848	2982	134	new	3
3050	2848	2989	141	new	3
3051	2849	3031	182	new	3
3052	2849	3189	340	path	3
3053	2849	2981	132	new	3
3054	2850	3099	249	new	3
3055	2850	3042	192	new	3
3056	2850	3126	276	path	3
3057	2850	3568	718	new	3
3058	2850	3068	218	path	3
3059	2851	2985	134	new	3
3060	2851	3039	188	new	3
3061	2851	3019	168	new	3
3062	2851	3198	347	path	3
3063	2851	3022	171	new	3
3064	2852	2985	133	new	3
3065	2852	3008	156	new	3
3066	2852	3045	193	path	3
3067	2852	3065	213	path	3
3068	2852	2986	134	new	3
3069	2852	3013	161	new	3
3070	2852	3047	195	new	3
3071	2853	3181	328	new	3
3072	2853	3003	150	new	3
3073	2853	3192	339	path	3
3074	2853	2987	134	new	3
3075	2853	3028	175	new	3
3076	2853	3126	273	path	3
3077	2854	3028	174	new	3
3078	2854	3052	198	path	3
3079	2854	3014	160	new	3
3080	2854	3010	156	new	3
3081	2854	3030	176	new	3
3082	2854	3003	149	new	3
3083	2854	3043	189	new	3
3084	2855	3023	168	new	3
3085	2855	3096	241	path	3
3086	2855	3080	225	path	3
3087	2855	3173	318	new	3
3088	2855	3116	261	new	3
3089	2856	3098	242	new	3
3090	2856	3012	156	new	3
3091	2856	3167	311	new	3
3092	2856	3000	144	new	3
3093	2856	3008	152	new	3
3094	2856	3036	180	new	3
3095	2856	3009	153	new	3
3096	2857	2990	133	new	3
3097	2857	2991	134	new	3
3098	2857	3004	147	new	3
3099	2857	3021	164	new	3
3100	2857	3025	168	new	3
3101	2857	3117	260	path	3
3102	2857	3037	180	new	3
3103	2857	3056	199	new	3
3104	2857	3055	198	new	3
3105	2857	3056	199	new	3
3106	2858	3004	146	new	3
3107	2858	3034	176	path	3
3108	2858	3093	235	path	3
3109	2858	3054	196	new	3
3110	2858	3041	183	new	3
3111	2858	3063	205	new	3
3112	2859	3174	315	new	3
3113	2859	2995	136	new	3
3114	2859	3049	190	new	3
3115	2859	3049	190	new	3
3116	2859	3068	209	path	3
3117	2859	3124	265	new	3
3118	2859	2993	134	new	3
3119	2859	3038	179	new	3
3120	2859	3049	190	new	3
3121	2860	3009	149	new	3
3122	2860	3096	236	new	3
3123	2860	3071	211	path	3
3124	2860	3052	192	new	3
3125	2860	3050	190	new	3
3126	2860	3066	206	new	3
3127	2861	2998	137	new	3
3128	2861	3051	190	new	3
3129	2861	3006	145	new	3
3130	2861	3056	195	new	3
3131	2861	2995	134	new	3
3132	2861	2995	134	new	3
3133	2861	3008	147	new	3
3134	2862	2998	136	new	3
3135	2862	3023	161	new	3
3136	2862	3045	183	new	3
3137	2862	3027	165	new	3
3138	2862	2996	134	new	3
3139	2862	3052	190	new	3
3140	2863	3057	194	new	3
3141	2863	3052	189	new	3
3142	2863	3019	156	new	3
3143	2864	3028	164	path	3
3144	2865	3053	188	new	3
3145	2865	3125	260	path	3
3146	2865	3046	181	new	3
3147	2865	3053	188	path	3
3148	2865	3053	188	new	3
3149	2866	3005	139	path	3
3150	2866	3020	154	new	3
3151	2866	3020	154	new	3
3152	2866	3012	146	new	3
3153	2866	3141	275	path	3
3154	2866	3011	145	new	3
3155	2866	3348	482	new	3
3156	2866	3099	233	path	3
3157	2867	3073	206	new	3
3158	2867	3067	200	path	3
3159	2867	3094	227	new	3
3160	2867	3009	142	new	3
3161	2868	3056	188	new	3
3162	2868	3109	241	path	3
3163	2868	3093	225	new	3
3164	2868	3004	136	new	3
3165	2869	3062	193	new	3
3166	2869	3052	183	new	3
3167	2869	3079	210	path	3
3168	2870	3049	179	path	3
3169	2870	3159	289	new	3
3170	2870	3004	134	new	3
3171	2871	3071	200	new	3
3172	2871	3052	181	path	3
3173	2871	3007	136	new	3
3174	2872	3052	180	path	3
3175	2872	3008	136	new	3
3176	2873	3007	134	new	3
3177	2873	3040	167	path	3
3178	2874	3008	134	new	3
3179	2874	3042	168	new	3
3180	2874	3008	134	new	3
3181	2874	3008	134	new	3
3182	2874	3042	168	new	3
3183	2874	3069	195	new	3
3184	2875	3023	148	new	3
3185	2876	3009	133	new	3
3186	2877	3063	186	new	3
3187	2877	3072	195	new	3
3188	2877	3041	164	new	3
3189	2879	3064	185	new	3
3190	2881	3015	134	new	3
3191	2882	3025	143	new	3
3192	2882	3070	188	new	3
3193	2882	3084	202	new	3
3194	2882	3144	262	new	3
3195	2883	3017	134	new	3
3196	2883	3207	324	path	3
3197	2883	3080	197	new	3
3198	2884	3050	166	new	3
3199	2884	3018	134	new	3
3200	2886	3311	425	new	3
3201	2886	3076	190	new	3
3202	2887	3079	192	new	3
3203	2891	3079	188	new	3
3204	2891	3079	188	new	3
3205	2892	3145	253	path	3
3206	2892	3439	547	new	3
3207	2892	3040	148	new	3
3208	2893	3055	162	new	3
3209	2894	3093	199	path	3
3210	2895	3084	189	new	3
3211	2896	3072	176	new	3
3212	2896	3024	128	new	3
3213	2897	3031	134	new	3
3214	2898	3123	225	path	3
3215	2898	3041	143	new	3
3216	2899	3043	144	new	3
3217	2900	3418	518	new	3
3218	2900	3036	136	new	3
3219	2900	3117	217	path	3
3220	2901	3111	210	path	3
3221	2901	3073	172	new	3
3222	2901	3059	158	new	3
3223	2901	3095	194	new	3
3224	2901	3117	216	path	3
3225	2901	3112	211	path	3
3226	2902	3237	335	new	3
3227	2902	3032	130	new	3
3228	2903	3037	134	new	3
3229	2903	3049	146	new	3
3230	2903	3033	130	new	3
3231	2903	3056	153	new	3
3232	2903	3039	136	new	3
3233	2904	3117	213	path	3
3234	2904	3057	153	new	3
3235	2904	3048	144	new	3
3236	2904	3040	136	new	3
3237	2904	3117	213	path	3
3238	2904	3053	149	new	3
3239	2905	3089	184	new	3
3240	2905	3181	276	path	3
3241	2905	3127	222	path	3
3242	2905	3318	413	path	3
3243	2905	3077	172	new	3
3244	2905	3035	130	new	3
3245	2905	3111	206	path	3
3246	2906	3042	136	new	3
3247	2906	3083	177	new	3
3248	2906	3040	134	new	3
3249	2906	3039	133	new	3
3250	2907	3041	134	new	3
3251	2907	3262	355	new	3
3252	2907	3055	148	new	3
3253	2907	3155	248	new	3
3254	2908	3042	134	new	3
3255	2908	3044	136	new	3
3256	2908	3044	136	new	3
3257	2909	3091	182	new	3
3258	2909	3114	205	path	3
3259	2909	3080	171	new	3
3260	2909	3391	482	path	3
3261	2909	3051	142	new	3
3262	2910	3192	282	path	3
3263	2910	3060	150	new	3
3264	2910	3043	133	new	3
3265	2910	3082	172	new	3
3266	2910	3089	179	new	3
3267	2910	3065	155	new	3
3268	2911	3112	201	path	3
3269	2911	3069	158	new	3
3270	2911	3081	170	new	3
3271	2912	3064	152	new	3
3272	2912	3096	184	new	3
3273	2912	3053	141	new	3
3274	2912	3046	134	new	3
3275	2914	3066	152	new	3
3276	2914	3363	449	new	3
3277	2917	3070	153	new	3
3278	2917	3050	133	new	3
3279	2918	3127	209	path	3
3280	2918	3098	180	new	3
3281	2918	3095	177	path	3
3282	2919	3335	416	path	3
3283	2919	3097	178	new	3
3284	2921	3055	134	new	3
3285	2921	3081	160	new	3
3286	2922	2922	0	new	3
3287	2922	3054	132	new	3
3288	2923	3057	134	new	3
3289	2923	3086	163	new	3
3290	2923	3272	349	new	3
3291	2923	3057	134	new	3
3292	2924	3059	135	new	3
3293	2924	3111	187	new	3
3294	2925	3078	153	new	3
3295	2926	3113	187	new	3
3296	2927	3087	160	new	3
3297	2927	3434	507	path	3
3298	2928	3071	143	new	3
3299	2928	3110	182	new	3
3300	2928	3062	134	new	3
3301	2929	3063	134	new	3
3302	2929	3111	182	new	3
3303	2929	3097	168	new	3
3304	2929	3111	182	new	3
3305	2930	3088	158	new	3
3306	2932	3060	128	new	3
3307	2932	3190	258	new	3
3308	2932	3068	136	new	3
3309	2933	3101	168	path	3
3310	2933	3097	164	new	3
3311	2934	3068	134	new	3
3312	2936	3077	141	new	3
3313	2938	3112	174	new	3
3314	2939	3138	199	path	3
3315	2939	3112	173	new	3
3316	2940	3129	189	new	3
3317	2941	3125	184	new	3
3318	2943	3093	150	new	3
3319	2943	3072	129	new	3
3320	2944	3078	134	new	3
3321	2944	3127	183	new	3
3322	2946	3079	133	new	3
3323	2946	3114	168	new	3
3324	2947	3081	134	new	3
3325	2947	3130	183	path	3
3326	2947	3112	165	new	3
3327	2948	3125	177	new	3
3328	2948	3082	134	new	3
3329	2950	3084	134	new	3
3330	2950	3123	173	new	3
3331	2950	3306	356	new	3
3332	2950	3084	134	new	3
3333	2952	3137	185	path	3
3334	2952	3141	189	new	3
3335	2952	3133	181	new	3
3336	2953	3124	171	new	3
3337	2953	3144	191	new	3
3338	2955	3135	180	new	3
3339	2955	3144	189	path	3
3340	2956	3084	128	new	3
3341	2956	3348	392	new	3
3342	2957	3136	179	new	3
3343	2957	3144	187	path	3
3344	2957	3106	149	new	3
3345	2959	3201	242	new	3
3346	2960	3117	157	new	3
3347	2960	3093	133	new	3
3348	2962	3096	134	new	3
3349	2965	3112	147	new	3
3350	2966	3104	138	new	3
3351	2967	3101	134	new	3
3352	2967	3101	134	new	3
3353	2969	3141	172	new	3
3354	2969	3103	134	new	3
3355	2969	3145	176	path	3
3356	2969	3141	172	new	3
3357	2969	3172	203	path	3
3358	2970	3118	148	new	3
3359	2971	3420	449	new	3
3360	2973	3144	171	path	3
3361	2973	3107	134	new	3
3362	2974	3150	176	new	3
3363	2974	3216	242	new	3
3364	2975	3145	170	new	3
3365	2975	3109	134	new	3
3366	2975	3148	173	new	3
3367	2975	3148	173	new	3
3368	2975	3227	252	new	3
3369	2975	3135	160	new	3
3370	2976	3180	204	path	3
3371	2976	3112	136	new	3
3372	2977	3245	268	new	3
3373	2977	3156	179	new	3
3374	2977	3322	345	new	3
3375	2977	3145	168	new	3
3376	2978	3119	141	new	3
3377	2978	3151	173	new	3
3378	2978	3121	143	new	3
3379	2978	3138	160	new	3
3380	2978	3123	145	new	3
3381	2978	3272	294	path	3
3382	2978	3138	160	new	3
3383	2978	3151	173	new	3
3384	2979	3135	156	new	3
3385	2979	3142	163	new	3
3386	2979	3151	172	new	3
3387	2979	3160	181	new	3
3388	2979	3151	172	new	3
3389	2979	3113	134	new	3
3390	2979	3160	181	new	3
3391	2979	3277	298	path	3
3392	2980	3288	308	path	3
3393	2980	3239	259	new	3
3394	2980	3160	180	new	3
3395	2980	3280	300	path	3
3396	2980	3160	180	new	3
3397	2980	3160	180	new	3
3398	2980	3160	180	new	3
3399	2980	3150	170	new	3
3400	2980	3114	134	new	3
3401	2981	3288	307	path	3
3402	2981	3116	135	new	3
3403	2981	3161	180	new	3
3404	2981	3277	296	new	3
3405	2981	3286	305	path	3
3406	2981	3115	134	new	3
3407	2982	3116	134	new	3
3408	2982	3356	374	new	3
3409	2983	3117	134	new	3
3410	2983	3144	161	path	3
3411	2983	3147	164	new	3
3412	2983	3113	130	new	3
3413	2983	3117	134	new	3
3414	2983	3133	150	new	3
3415	2983	3189	206	path	3
3416	2984	3226	242	new	3
3417	2984	3177	193	path	3
3418	2984	3261	277	path	3
3419	2984	3139	155	new	3
3420	2984	3141	157	new	3
3421	2984	3141	157	new	3
3422	2985	2985	0	new	3
3423	2985	3329	344	new	3
3424	2985	3119	134	new	3
3425	2985	3242	257	new	3
3426	2985	3155	170	new	3
3427	2986	3181	195	path	3
3428	2986	3120	134	new	3
3429	2986	3120	134	new	3
3430	2986	3146	160	new	3
3431	2986	3166	180	new	3
3432	2987	3161	174	new	3
3433	2987	3166	179	new	3
3434	2987	3159	172	path	3
3435	2987	3250	263	new	3
3436	2988	3167	179	new	3
3437	2988	3124	136	new	3
3438	2988	3124	136	new	3
3439	2988	3124	136	new	3
3440	2989	3175	186	new	3
3441	2990	3126	136	new	3
3442	2990	3124	134	new	3
3443	2990	3221	231	new	3
3444	2990	3127	137	new	3
3445	2990	3277	287	path	3
3446	2991	3125	134	new	3
3447	2992	3126	134	new	3
3448	2992	3354	362	path	3
3449	2992	3127	135	path	3
3450	2992	3342	350	new	3
3451	2992	3126	134	new	3
3452	2993	2993	0	new	3
3453	2993	3172	179	new	3
3454	2993	3127	134	new	3
3455	2993	3127	134	new	3
3456	2995	3314	319	path	3
3457	2995	3178	183	path	3
3458	2996	3133	137	new	3
3459	2996	3176	180	new	3
3460	2998	3132	134	new	3
3461	2998	3132	134	new	3
3462	2999	3175	176	new	3
3463	2999	3140	141	new	3
3464	3000	3177	177	new	3
3465	3012	3398	386	new	3
3466	3021	3300	279	path	3
3467	3022	3156	134	new	3
3468	3024	3170	146	new	3
3469	3025	3262	237	new	3
3470	3026	3159	133	new	3
3471	3026	3215	189	new	3
3472	3028	3161	133	new	3
3473	3028	3205	177	new	3
3474	3029	3207	178	path	3
3475	3029	3186	157	new	3
3476	3029	3206	177	new	3
3477	3031	3415	384	new	3
3478	3031	3189	158	path	3
3479	3032	3207	175	new	3
3480	3032	3237	205	new	3
3481	3032	3160	128	new	3
3482	3033	3182	149	new	3
3483	3034	3168	134	new	3
3484	3035	3198	163	new	3
3485	3035	3264	229	new	3
3486	3035	3288	253	new	3
3487	3035	3178	143	new	3
3488	3036	3289	253	new	3
3489	3036	3164	128	new	3
3490	3051	3185	134	new	3
3491	3053	3321	268	new	3
3492	3054	3203	149	new	3
3493	3055	3312	257	new	3
3494	3056	3253	197	path	3
3495	3057	3260	203	path	3
3496	3057	3191	134	new	3
3497	3058	3210	152	new	3
3498	3058	3243	185	new	3
3499	3058	3243	185	new	3
3500	3058	3324	266	new	3
3501	3060	3245	185	path	3
3502	3060	3194	134	new	3
3503	3061	3245	184	path	3
3504	3061	3195	134	new	3
3505	3063	3309	246	new	3
3506	3066	3252	186	new	3
3507	3067	3252	185	new	3
3508	3067	3201	134	new	3
3509	3067	3252	185	new	3
3510	3069	3215	146	new	3
3511	3069	3253	184	new	3
3512	3069	3069	0	new	3
3513	3069	3317	248	new	3
3514	3070	3206	136	new	3
3515	3071	3359	288	path	3
3516	3071	3199	128	new	3
3517	3080	3303	223	new	3
3518	3081	3266	185	path	3
3519	3081	3320	239	new	3
3520	3082	3214	132	new	3
3521	3085	3286	201	path	3
3522	3085	3263	178	new	3
3523	3086	3268	182	new	3
3524	3086	3366	280	new	3
3525	3087	3332	245	new	3
3526	3088	3368	280	new	3
3527	3090	3248	158	new	3
3528	3091	3471	380	path	3
3529	3092	3364	272	new	3
3530	3092	3260	168	new	3
3531	3092	3264	172	new	3
3532	3093	3227	134	new	3
3533	3093	3336	243	new	3
3534	3093	3332	239	path	3
3535	3094	3275	181	new	3
3536	3095	3341	246	new	3
3537	3095	3341	246	new	3
3538	3098	3232	134	new	3
3539	3101	3251	150	new	3
3540	3101	3315	214	path	3
3541	3101	3235	134	new	3
3542	3103	3391	288	new	3
3543	3103	3504	401	new	3
3544	3104	3274	170	new	3
3545	3104	3257	153	new	3
3546	3106	3250	144	new	3
3547	3106	3240	134	new	3
3548	3108	3251	143	new	3
3549	3109	3243	134	new	3
3550	3110	3280	170	new	3
3551	3110	3244	134	new	3
3552	3110	3259	149	new	3
3553	3110	3243	133	new	3
3554	3111	3265	154	new	3
3555	3111	3360	249	new	3
3556	3112	3398	286	path	3
3557	3112	3496	384	path	3
3558	3112	3246	134	new	3
3559	3112	3252	140	new	3
3560	3113	3259	146	new	3
3561	3114	3438	324	new	3
3562	3114	3444	330	new	3
3563	3115	3243	128	new	3
3564	3115	3249	134	new	3
3565	3116	3294	178	new	3
3566	3116	3253	137	new	3
3567	3116	3294	178	new	3
3568	3117	3385	268	new	3
3569	3117	3251	134	new	3
3570	3117	3295	178	new	3
3571	3118	3403	285	path	3
3572	3118	3404	286	path	3
3573	3119	3449	330	new	3
3574	3119	3273	154	new	3
3575	3119	3378	259	new	3
3576	3120	3363	243	new	3
3577	3120	3364	244	new	3
3578	3120	3378	258	new	3
3579	3120	3268	148	new	3
3580	3122	3302	180	new	3
3581	3126	3291	165	new	3
3582	3129	3297	168	new	3
3583	3129	3299	170	new	3
3584	3129	3596	467	new	3
3585	3130	3268	138	new	3
3586	3131	3437	306	path	3
3587	3131	3321	190	path	3
3588	3131	3301	170	new	3
3589	3131	3371	240	new	3
3590	3132	3398	266	new	3
3591	3132	3266	134	new	3
3592	3133	3294	161	new	3
3593	3135	3278	143	new	3
3594	3136	3319	183	new	3
3595	3136	3287	151	new	3
3596	3136	3270	134	new	3
3597	3136	3272	136	new	3
3598	3136	3319	183	new	3
3599	3137	3280	143	new	3
3600	3138	3311	173	new	3
3601	3138	3290	152	new	3
3602	3138	3290	152	new	3
3603	3138	3280	142	new	3
3604	3139	3319	180	path	3
3605	3140	3273	133	new	3
3606	3140	3274	134	new	3
3607	3141	3274	133	new	3
3608	3142	3390	248	new	3
3609	3144	3389	245	new	3
3610	3145	3293	148	new	3
3611	3145	3295	150	new	3
3612	3145	3449	304	path	3
3613	3145	3385	240	new	3
3614	3146	3324	178	new	3
3615	3146	3792	646	new	3
3616	3147	3548	401	new	3
3617	3148	3558	410	new	3
3618	3148	3460	312	new	3
3619	3148	3282	134	new	3
3620	3148	3291	143	new	3
3621	3149	3328	179	new	3
3622	3149	3321	172	new	3
3623	3149	3659	510	new	3
3624	3149	3149	0	new	3
3625	3149	3382	233	new	3
3626	3149	3657	508	path	3
3627	3150	3560	410	new	3
3628	3150	3286	136	new	3
3629	3150	3353	203	path	3
3630	3150	3555	405	path	3
3631	3150	3304	154	new	3
3632	3151	3671	520	new	3
3633	3151	3346	195	new	3
3634	3151	3542	391	new	3
3635	3151	3307	156	new	3
3636	3151	3470	319	path	3
3637	3151	3285	134	new	3
3638	3152	3294	142	new	3
3639	3153	3558	405	path	3
3640	3153	3356	203	path	3
3641	3154	3287	133	new	3
3642	3154	3288	134	new	3
3643	3155	3303	148	new	3
3644	3155	3289	134	new	3
3645	3156	3290	134	new	3
3646	3156	3298	142	new	3
3647	3157	3346	189	path	3
3648	3157	3290	133	new	3
3649	3157	3409	252	new	3
3650	3157	3410	253	new	3
3651	3159	3380	221	path	3
3652	3159	3305	146	new	3
3653	3159	3405	246	new	3
3654	3161	3324	163	new	3
3655	3161	3416	255	new	3
3656	3161	3590	429	new	3
3657	3161	3348	187	path	3
3658	3161	3314	153	new	3
3659	3162	3296	134	new	3
3660	3162	3418	256	new	3
3661	3163	3297	134	new	3
3662	3163	3345	182	new	3
3663	3168	3302	134	new	3
3664	3170	3298	128	new	3
3665	3171	3321	150	new	3
3666	3171	3321	150	new	3
3667	3171	3321	150	new	3
3668	3175	3413	238	new	3
3669	3175	3405	230	new	3
3670	3176	3310	134	new	3
3671	3178	3314	136	new	3
3672	3179	3315	136	new	3
3673	3181	3346	165	path	3
3674	3181	3328	147	new	3
3675	3181	3328	147	new	3
3676	3181	3315	134	new	3
3677	3182	3330	148	new	3
3678	3182	3316	134	new	3
3679	3184	3320	136	new	3
3680	3185	3319	134	new	3
3681	3186	3186	0	new	3
3682	3186	3331	145	new	3
3683	3187	3322	135	new	3
3684	3188	3322	134	new	3
3685	3189	3321	132	path	3
3686	3195	3342	147	new	3
3687	3197	3342	145	new	3
3688	3198	3334	136	new	3
3689	3198	3334	136	new	3
3690	3207	3343	136	new	3
3691	3208	3344	136	new	3
3692	3208	3352	144	new	3
3693	3209	3420	211	new	3
3694	3210	3344	134	new	3
3695	3211	3365	154	new	3
3696	3212	3418	206	new	3
3697	3213	3361	148	new	3
3698	3214	3436	222	new	3
3699	3220	3354	134	new	3
3700	3226	3423	197	path	3
3701	3226	3360	134	new	3
3702	3227	3382	155	new	3
3703	3227	3378	151	new	3
3704	3229	3427	198	path	3
3705	3230	3374	144	new	3
3706	3230	3373	143	new	3
3707	3230	3364	134	new	3
3708	3230	3373	143	new	3
3709	3232	3412	180	path	3
3710	3235	3389	154	new	3
3711	3235	3369	134	new	3
3712	3239	3503	264	new	3
3713	3241	3385	144	new	3
3714	3242	3505	263	path	3
3715	3244	3378	134	new	3
3716	3245	3443	198	new	3
3717	3247	3600	353	new	3
3718	3247	3645	398	new	3
3719	3247	3387	140	new	3
3720	3247	3606	359	path	3
3721	3247	3381	134	new	3
3722	3248	3443	195	path	3
3723	3248	3396	148	new	3
3724	3249	3436	187	new	3
3725	3249	3382	133	new	3
3726	3250	3383	133	new	3
3727	3250	3391	141	new	3
3728	3250	3384	134	new	3
3729	3253	3387	134	new	3
3730	3263	3452	189	new	3
3731	3267	3566	299	new	3
3732	3278	3435	157	new	3
3733	3293	3427	134	new	3
3734	3295	3428	133	new	3
3735	3296	3491	195	new	3
3736	3299	3433	134	new	3
3737	3308	3499	191	new	3
3738	3308	3436	128	new	3
3739	3315	3590	275	path	3
3740	3318	3582	264	new	3
3741	3358	3492	134	new	3
3742	3364	3492	128	new	3
3743	3378	3512	134	new	3
3744	3380	3591	211	new	3
3745	3384	3518	134	new	3
3746	3384	3518	134	new	3
3747	3386	3535	149	new	3
3748	3387	3531	144	new	3
3749	3387	3607	220	new	3
3750	3388	3534	146	new	3
3751	3388	3651	263	new	3
3752	3388	3622	234	new	3
3753	3389	3666	277	new	3
3754	3390	3568	178	new	3
3755	3390	3571	181	new	3
3756	3390	3582	192	path	3
3757	3391	3666	275	new	3
3758	3391	3555	164	new	3
3759	3392	3545	153	new	3
3760	3394	3783	389	new	3
3761	3394	3632	238	new	3
3762	3394	3574	180	new	3
3763	3395	3529	134	new	3
3764	3395	3606	211	new	3
3765	3396	3538	142	new	3
3766	3396	3565	169	new	3
3767	3397	3600	203	path	3
3768	3397	3600	203	path	3
3769	3397	3545	148	new	3
3770	3397	3531	134	new	3
3771	3398	3571	173	new	3
3772	3398	3710	312	path	3
3773	3398	3600	202	path	3
3774	3398	3622	224	new	3
3775	3398	3534	136	new	3
3776	3398	3542	144	new	3
3777	3399	3600	201	path	3
3778	3399	3533	134	new	3
3779	3399	3547	148	new	3
3780	3399	3533	134	new	3
3781	3400	3534	134	new	3
3782	3400	3558	158	new	3
3783	3400	3689	289	path	3
3784	3401	3535	134	new	3
3785	3401	3586	185	new	3
3786	3401	3551	150	new	3
3787	3401	3539	138	new	3
3788	3402	3531	129	new	3
3789	3402	3546	144	new	3
3790	3402	3575	173	new	3
3791	3402	3554	152	new	3
3792	3403	3714	311	new	3
3793	3403	3607	204	path	3
3794	3403	3569	166	new	3
3795	3403	3537	134	new	3
3796	3403	3575	172	new	3
3797	3404	3533	129	new	3
3798	3404	3589	185	new	3
3799	3404	3538	134	new	3
3800	3404	3607	203	path	3
3801	3404	3571	167	new	3
3802	3404	3538	134	new	3
3803	3404	3592	188	new	3
3804	3404	3584	180	new	3
3805	3405	3549	144	new	3
3806	3405	3575	170	new	3
3807	3405	3582	177	new	3
3808	3405	3886	481	new	3
3809	3405	3574	169	new	3
3810	3405	3582	177	new	3
3811	3405	3591	186	new	3
3812	3405	3669	264	new	3
3813	3405	3538	133	new	3
3814	3405	3635	230	path	3
3815	3406	3653	247	new	3
3816	3406	3590	184	new	3
3817	3406	3591	185	new	3
3818	3406	3631	225	new	3
3819	3407	3742	335	new	3
3820	3407	3560	153	new	3
3821	3407	3548	141	new	3
3822	3407	3565	158	new	3
3823	3407	3759	352	path	3
3824	3407	3536	129	new	3
3825	3407	3595	188	new	3
3826	3407	3684	277	new	3
3827	3407	3557	150	new	3
3828	3407	3553	146	new	3
3829	3408	3563	155	new	3
3830	3408	3565	157	new	3
3831	3408	3568	160	new	3
3832	3408	3667	259	path	3
3833	3409	3747	338	path	3
3834	3409	3542	133	new	3
3835	3409	3592	183	new	3
3836	3409	3654	245	new	3
3837	3409	3598	189	new	3
3838	3409	3539	130	new	3
3839	3410	3568	158	new	3
3840	3410	3576	166	new	3
3841	3410	3705	295	new	3
3842	3410	3563	153	new	3
3843	3410	3583	173	new	3
3844	3410	3747	337	path	3
3845	3410	3693	283	path	3
3846	3411	3545	134	new	3
3847	3411	3558	147	new	3
3848	3411	3631	220	path	3
3849	3411	3596	185	new	3
3850	3411	3547	136	new	3
3851	3411	3568	157	new	3
3852	3412	3639	227	new	3
3853	3412	3747	335	path	3
3854	3412	3747	335	path	3
3855	3413	3921	508	path	3
3856	3414	3635	221	path	3
3857	3414	3568	154	new	3
3858	3415	3653	238	path	3
3859	3415	3653	238	path	3
3860	3415	3569	154	new	3
3861	3415	3598	183	new	3
3862	3415	3549	134	new	3
3863	3416	3550	134	new	3
3864	3417	3639	222	path	3
3865	3417	3550	133	new	3
3866	3420	3595	175	new	3
3867	3420	3593	173	new	3
3868	3422	3556	134	new	3
3869	3423	3594	171	new	3
3870	3429	3563	134	new	3
3871	3430	3582	152	path	3
3872	3434	3434	0	new	3
3873	3437	3616	179	new	3
3874	3438	3572	134	new	3
3875	3438	3596	158	new	3
3876	3438	3572	134	new	3
3877	3438	3571	133	new	3
3878	3438	3596	158	new	3
3879	3439	3618	179	new	3
3880	3439	3635	196	path	3
3881	3440	3586	146	new	3
3882	3441	3619	178	new	3
3883	3441	3619	178	new	3
3884	3444	3701	257	new	3
3885	3444	3627	183	new	3
3886	3445	3617	172	new	3
3887	3446	3673	227	new	3
3888	3446	3580	134	new	3
3889	3446	3631	185	path	3
3890	3448	3639	191	new	3
3891	3449	3582	133	new	3
3892	3450	3675	225	path	3
3893	3450	3741	291	new	3
3894	3455	3589	134	new	3
3895	3466	3602	136	new	3
3896	3469	3630	161	path	3
3897	3469	3603	134	new	3
3898	3471	3633	162	new	3
3899	3471	3582	111	path	3
3900	3472	3653	181	new	3
3901	3475	3644	169	path	3
3902	3483	3792	309	new	3
3903	3483	3963	480	new	3
3904	3484	3790	306	new	3
3905	3502	3929	427	new	3
3906	3502	3755	253	path	3
3907	3512	3644	132	path	3
3908	3519	3652	133	new	3
3909	3521	3657	136	new	3
3910	3522	3656	134	new	3
3911	3524	3755	231	path	3
3912	3526	3853	327	path	3
3913	3527	3527	0	new	3
3914	3527	3957	430	new	3
3915	3527	3862	335	new	3
3916	3531	3710	179	path	3
3917	3532	3695	163	new	3
3918	3538	3806	268	new	3
3919	3545	3821	276	new	3
3920	3546	3838	292	new	3
3921	3549	3705	156	new	3
3922	3553	3935	382	new	3
3923	3553	3686	133	new	3
3924	3554	3907	353	path	3
3925	3554	3734	180	new	3
3926	3554	3750	196	path	3
3927	3555	3907	352	path	3
3928	3557	3989	432	new	3
3929	3566	3718	152	new	3
3930	3570	3953	383	new	3
3931	3595	3983	388	path	3
3932	3597	3923	326	new	3
3933	3626	3760	134	new	3
3934	3658	3961	303	new	3
3935	3674	3923	249	new	3
3936	3694	3828	134	new	3
3937	3700	3890	190	path	3
3938	3701	3946	245	new	3
3939	3703	3900	197	new	3
3940	3704	3944	240	new	3
3941	3717	3946	229	new	3
3942	3719	3939	220	new	3
3943	3747	3968	221	new	3
3944	3758	3892	134	new	3
3945	3759	3933	174	path	3
3946	3760	3905	145	new	3
3947	3768	3926	158	new	3
3948	3773	3773	0	new	3
3949	3788	3949	161	new	3
3950	3788	3949	161	new	3
3951	3791	3970	179	new	3
3952	3795	3977	182	new	3
3953	3804	3938	134	new	3
3954	3809	3992	183	path	3
3955	3809	3968	159	new	3
3956	3810	3990	180	path	3
3957	3810	3943	133	new	3
3958	3820	3955	135	new	3
3959	3850	-1	-1	censored	3
3960	3853	-1	-1	censored	3
3961	3859	-1	-1	censored	3
3962	3860	-1	-1	censored	3
3963	3860	-1	-1	censored	3
3964	3860	-1	-1	censored	3
3965	3861	-1	-1	censored	3
3966	3863	-1	-1	censored	3
3967	3865	-1	-1	censored	3
3968	3865	-1	-1	censored	3
3969	3865	-1	-1	censored	3
3970	3866	-1	-1	censored	3
3971	3867	-1	-1	censored	3
3972	3867	-1	-1	censored	3
3973	3867	-1	-1	censored	3
3974	3868	-1	-1	censored	3
3975	3868	3868	0	new	3
3976	3868	-1	-1	censored	3
3977	3868	3868	0	new	3
3978	3869	-1	-1	censored	3
3979	3869	-1	-1	censored	3
3980	3869	-1	-1	censored	3
3981	3869	-1	-1	censored	3
3982	3869	-1	-1	censored	3
3983	3870	-1	-1	censored	3
3984	3870	-1	-1	censored	3
3985	3870	-1	-1	censored	3
3986	3871	-1	-1	censored	3
3987	3871	-1	-1	censored	3
3988	3871	-1	-1	censored	3
3989	3871	-1	-1	censored	3
3990	3871	-1	-1	censored	3
3991	3872	-1	-1	censored	3
3992	3872	-1	-1	censored	3
3993	3872	3872	0	new	3
3994	3872	-1	-1	censored	3
3995	3872	-1	-1	censored	3
3996	3873	-1	-1	censored	3
3997	3875	-1	-1	censored	3
3998	3875	-1	-1	censored	3
3999	3876	-1	-1	censored	3
4000	3876	-1	-1	censored	3
4001	3877	-1	-1	censored	3
4002	3877	3877	0	new	3
4003	3877	-1	-1	censored	3
4004	3879	-1	-1	censored	3
4005	3880	-1	-1	censored	3
4006	3880	-1	-1	censored	3
4007	3881	-1	-1	censored	3
4008	3881	-1	-1	censored	3
4009	3883	-1	-1	censored	3
4010	3883	-1	-1	censored	3
4011	3884	-1	-1	censored	3
4012	3884	-1	-1	censored	3
4013	3884	-1	-1	censored	3
4014	3884	-1	-1	censored	3
4015	3886	-1	-1	censored	3
4016	3886	-1	-1	censored	3
4017	3886	-1	-1	censored	3
4018	3889	-1	-1	censored	3
4019	3889	-1	-1	censored	3
4020	3890	-1	-1	censored	3
4021	3890	-1	-1	censored	3
4022	3890	-1	-1	censored	3
4023	3891	-1	-1	censored	3
4024	3892	-1	-1	censored	3
4025	3893	-1	-1	censored	3
4026	3894	-1	-1	censored	3
4027	3894	3894	0	new	3
4028	3894	-1	-1	censored	3
4029	3894	-1	-1	censored	3
4030	3895	-1	-1	censored	3
4031	3895	-1	-1	censored	3
4032	3896	-1	-1	censored	3
4033	3896	-1	-1	censored	3
4034	3897	-1	-1	censored	3
4035	3897	-1	-1	censored	3
4036	3897	-1	-1	censored	3
4037	3897	-1	-1	censored	3
4038	3897	3897	0	new	3
4039	3897	-1	-1	censored	3
4040	3897	-1	-1	censored	3
4041	3898	-1	-1	censored	3
4042	3898	-1	-1	censored	3
4043	3898	-1	-1	censored	3
4044	3898	-1	-1	censored	3
4045	3899	-1	-1	censored	3
4046	3899	-1	-1	censored	3
4047	3899	-1	-1	censored	3
4048	3899	-1	-1	censored	3
4049	3899	-1	-1	censored	3
4050	3900	-1	-1	censored	3
4051	3900	-1	-1	censored	3
4052	3900	-1	-1	censored	3
4053	3901	-1	-1	censored	3
4054	3901	-1	-1	censored	3
4055	3901	-1	-1	censored	3
4056	3901	-1	-1	censored	3
4057	3901	-1	-1	censored	3
4058	3901	-1	-1	censored	3
4059	3901	-1	-1	censored	3
4060	3901	-1	-1	censored	3
4061	3902	-1	-1	censored	3
4062	3902	-1	-1	censored	3
4063	3902	-1	-1	censored	3
4064	3903	-1	-1	censored	3
4065	3903	-1	-1	censored	3
4066	3903	-1	-1	censored	3
4067	3903	-1	-1	censored	3
4068	3903	-1	-1	censored	3
4069	3903	-1	-1	censored	3
4070	3904	-1	-1	censored	3
4071	3904	-1	-1	censored	3
4072	3904	-1	-1	censored	3
4073	3904	-1	-1	censored	3
4074	3904	-1	-1	censored	3
4075	3904	-1	-1	censored	3
4076	3905	-1	-1	censored	3
4077	3905	-1	-1	censored	3
4078	3905	-1	-1	censored	3
4079	3906	-1	-1	censored	3
4080	3906	-1	-1	censored	3
4081	3906	-1	-1	censored	3
4082	3906	-1	-1	censored	3
4083	3906	-1	-1	censored	3
4084	3907	-1	-1	censored	3
4085	3907	-1	-1	censored	3
4086	3907	-1	-1	censored	3
4087	3907	3907	0	new	3
4088	3907	-1	-1	censored	3
4089	3907	-1	-1	censored	3
4090	3907	-1	-1	censored	3
4091	3908	-1	-1	censored	3
4092	3908	-1	-1	censored	3
4093	3908	-1	-1	censored	3
4094	3908	-1	-1	censored	3
4095	3908	-1	-1	censored	3
4096	3909	-1	-1	censored	3
4097	3909	-1	-1	censored	3
4098	3909	-1	-1	censored	3
4099	3909	-1	-1	censored	3
4100	3909	-1	-1	censored	3
4101	3909	-1	-1	censored	3
4102	3909	-1	-1	censored	3
4103	3910	-1	-1	censored	3
4104	3910	-1	-1	censored	3
4105	3910	-1	-1	censored	3
4106	3910	-1	-1	censored	3
4107	3910	-1	-1	censored	3
4108	3910	-1	-1	censored	3
4109	3910	-1	-1	censored	3
4110	3910	-1	-1	censored	3
4111	3910	-1	-1	censored	3
4112	3911	-1	-1	censored	3
4113	3911	-1	-1	censored	3
4114	3911	-1	-1	censored	3
4115	3911	-1	-1	censored	3
4116	3911	-1	-1	censored	3
4117	3911	-1	-1	censored	3
4118	3911	-1	-1	censored	3
4119	3911	-1	-1	censored	3
4120	3911	-1	-1	censored	3
4121	3911	-1	-1	censored	3
4122	3912	-1	-1	censored	3
4123	3912	-1	-1	censored	3
4124	3912	-1	-1	censored	3
4125	3912	-1	-1	censored	3
4126	3912	3912	0	new	3
4127	3912	-1	-1	censored	3
4128	3912	-1	-1	censored	3
4129	3912	-1	-1	censored	3
4130	3912	-1	-1	censored	3
4131	3912	-1	-1	censored	3
4132	3912	-1	-1	censored	3
4133	3912	-1	-1	censored	3
4134	3913	-1	-1	censored	3
4135	3913	-1	-1	censored	3
4136	3913	-1	-1	censored	3
4137	3913	-1	-1	censored	3
4138	3913	-1	-1	censored	3
4139	3913	-1	-1	censored	3
4140	3913	-1	-1	censored	3
4141	3913	-1	-1	censored	3
4142	3913	-1	-1	censored	3
4143	3914	-1	-1	censored	3
4144	3914	-1	-1	censored	3
4145	3914	-1	-1	censored	3
4146	3914	-1	-1	censored	3
4147	3914	-1	-1	censored	3
4148	3914	-1	-1	censored	3
4149	3914	-1	-1	censored	3
4150	3914	-1	-1	censored	3
4151	3915	-1	-1	censored	3
4152	3915	-1	-1	censored	3
4153	3915	-1	-1	censored	3
4154	3915	-1	-1	censored	3
4155	3915	-1	-1	censored	3
4156	3915	-1	-1	censored	3
4157	3915	-1	-1	censored	3
4158	3915	-1	-1	censored	3
4159	3916	-1	-1	censored	3
4160	3916	-1	-1	censored	3
4161	3916	-1	-1	censored	3
4162	3916	-1	-1	censored	3
4163	3916	-1	-1	censored	3
4164	3916	-1	-1	censored	3
4165	3917	-1	-1	censored	3
4166	3917	-1	-1	censored	3
4167	3917	-1	-1	censored	3
4168	3917	-1	-1	censored	3
4169	3917	-1	-1	censored	3
4170	3917	-1	-1	censored	3
4171	3917	-1	-1	censored	3
4172	3917	-1	-1	censored	3
4173	3918	-1	-1	censored	3
4174	3918	-1	-1	censored	3
4175	3918	-1	-1	censored	3
4176	3918	-1	-1	censored	3
4177	3919	-1	-1	censored	3
4178	3919	-1	-1	censored	3
4179	3919	-1	-1	censored	3
4180	3919	-1	-1	censored	3
4181	3919	-1	-1	censored	3
4182	3919	-1	-1	censored	3
4183	3920	3920	0	new	3
4184	3920	-1	-1	censored	3
4185	3920	-1	-1	censored	3
4186	3920	-1	-1	censored	3
4187	3920	-1	-1	censored	3
4188	3920	-1	-1	censored	3
4189	3921	-1	-1	censored	3
4190	3921	-1	-1	censored	3
4191	3921	-1	-1	censored	3
4192	3921	-1	-1	censored	3
4193	3922	-1	-1	censored	3
4194	3922	-1	-1	censored	3
4195	3922	-1	-1	censored	3
4196	3923	-1	-1	censored	3
4197	3923	-1	-1	censored	3
4198	3923	-1	-1	censored	3
4199	3923	-1	-1	censored	3
4200	3923	-1	-1	censored	3
4201	3923	-1	-1	censored	3
4202	3923	-1	-1	censored	3
4203	3923	-1	-1	censored	3
4204	3923	-1	-1	censored	3
4205	3923	-1	-1	censored	3
4206	3923	-1	-1	censored	3
4207	3924	-1	-1	censored	3
4208	3924	-1	-1	censored	3
4209	3924	-1	-1	censored	3
4210	3925	-1	-1	censored	3
4211	3925	-1	-1	censored	3
4212	3925	-1	-1	censored	3
4213	3925	-1	-1	censored	3
4214	3926	-1	-1	censored	3
4215	3926	-1	-1	censored	3
4216	3927	-1	-1	censored	3
4217	3927	-1	-1	censored	3
4218	3927	-1	-1	censored	3
4219	3927	-1	-1	censored	3
4220	3927	-1	-1	censored	3
4221	3927	-1	-1	censored	3
4222	3927	-1	-1	censored	3
4223	3927	-1	-1	censored	3
4224	3927	-1	-1	censored	3
4225	3928	-1	-1	censored	3
4226	3928	-1	-1	censored	3
4227	3928	-1	-1	censored	3
4228	3928	-1	-1	censored	3
4229	3928	-1	-1	censored	3
4230	3928	-1	-1	censored	3
4231	3928	-1	-1	censored	3
4232	3929	-1	-1	censored	3
4233	3929	-1	-1	censored	3
4234	3929	-1	-1	censored	3
4235	3929	-1	-1	censored	3
4236	3930	-1	-1	censored	3
4237	3930	-1	-1	censored	3
4238	3930	-1	-1	censored	3
4239	3930	-1	-1	censored	3
4240	3931	-1	-1	censored	3
4241	3931	-1	-1	censored	3
4242	3932	-1	-1	censored	3
4243	3933	-1	-1	censored	3
4244	3933	-1	-1	censored	3
4245	3934	-1	-1	censored	3
4246	3934	-1	-1	censored	3
4247	3935	-1	-1	censored	3
4248	3936	-1	-1	censored	3
4249	3936	-1	-1	censored	3
4250	3938	-1	-1	censored	3
4251	3939	-1	-1	censored	3
4252	3939	-1	-1	censored	3
4253	3940	-1	-1	censored	3
4254	3946	-1	-1	censored	3
4255	3949	-1	-1	censored	3
4256	3949	-1	-1	censored	3
4257	3949	-1	-1	censored	3
4258	3951	-1	-1	censored	3
4259	3954	-1	-1	censored	3
4260	3954	-1	-1	censored	3
4261	3954	-1	-1	censored	3
4262	3955	-1	-1	censored	3
4263	3958	-1	-1	censored	3
4264	3958	-1	-1	censored	3
4265	3961	-1	-1	censored	3
4266	3962	-1	-1	censored	3
4267	3963	-1	-1	censored	3
4268	3964	-1	-1	censored	3
4269	3964	-1	-1	censored	3
4270	3964	-1	-1	censored	3
4271	3964	-1	-1	censored	3
4272	3965	-1	-1	censored	3
4273	3966	-1	-1	censored	3
4274	3966	-1	-1	censored	3
4275	3966	-1	-1	censored	3
4276	3966	-1	-1	censored	3
4277	3967	-1	-1	censored	3
4278	3967	-1	-1	censored	3
4279	3968	-1	-1	censored	3
4280	3968	-1	-1	censored	3
4281	3968	-1	-1	censored	3
4282	3968	-1	-1	censored	3
4283	3968	-1	-1	censored	3
4284	3968	-1	-1	censored	3
4285	3970	-1	-1	censored	3
4286	3970	-1	-1	censored	3
4287	3970	-1	-1	censored	3
4288	3970	-1	-1	censored	3
4289	3970	-1	-1	censored	3
4290	3971	-1	-1	censored	3
4291	3971	-1	-1	censored	3
4292	3971	-1	-1	censored	3
4293	3971	-1	-1	censored	3
4294	3972	-1	-1	censored	3
4295	3972	-1	-1	censored	3
4296	3973	-1	-1	censored	3
4297	3973	-1	-1	censored	3
4298	3973	-1	-1	censored	3
4299	3973	3973	0	new	3
4300	3974	-1	-1	censored	3
4301	3974	-1	-1	censored	3
4302	3974	-1	-1	censored	3
4303	3975	-1	-1	censored	3
4304	3975	-1	-1	censored	3
4305	3976	-1	-1	censored	3
4306	3976	-1	-1	censored	3
4307	3976	-1	-1	censored	3
4308	3977	-1	-1	censored	3
4309	3978	-1	-1	censored	3
4310	3979	-1	-1	censored	3
4311	3979	-1	-1	censored	3
4312	3979	-1	-1	censored	3
4313	3981	-1	-1	censored	3
4314	3981	-1	-1	censored	3
4315	3981	-1	-1	censored	3
4316	3981	-1	-1	censored	3
4317	3982	-1	-1	censored	3
4318	3982	-1	-1	censored	3
4319	3983	-1	-1	censored	3
4320	3983	-1	-1	censored	3
4321	3983	-1	-1	censored	3
4322	3984	-1	-1	censored	3
4323	3984	-1	-1	censored	3
4324	3984	-1	-1	censored	3
4325	3984	-1	-1	censored	3
4326	3986	-1	-1	censored	3
4327	3988	-1	-1	censored	3
4328	3988	-1	-1	censored	3
4329	3988	-1	-1	censored	3
4330	3988	-1	-1	censored	3
4331	3989	-1	-1	censored	3
4332	3992	3992	0	new	3
4333	3993	-1	-1	censored	3
4334	3993	-1	-1	censored	3
4335	3994	-1	-1	censored	3
4336	3994	-1	-1	censored	3
4337	3997	-1	-1	censored	3
4338	3997	-1	-1	censored	3
4339	3998	3998	0	new	3
4340	3998	-1	-1	censored	3
4341	3998	-1	-1	censored	3
4342	3999	-1	-1	censored	3
4343	3999	-1	-1	censored	3
4344	3999	-1	-1	censored	3
4345	3999	-1	-1	censored	3
