25	0,1,2,3,4,5,6,7,8,9,10,11,12,13,14,15,16,17,18,19,20,21,22,23,24,25,26,27,28,29,30,31
50	0,1,2,3,4,5,6,7,8,9,10,11,12,13,14,15,16,17,18,19,20,21,22,23,24,25,26,27,28,29,30,31,32,33,34,35,36,37,38,39,40,41,42,43,44,45,46,47,48,49,50,51,52,53,54,55,56,57,58,59,60,61,62,63,64,65,66,67,68,69,70,71,72,73,74,75,76,77,78,79,80,81,82,83,84,85,86,87,88,89,90,91,92,93,94,95,96,97,98,99,100,101,102,103,104,105,106,107,108,109,110,111,112,113,114,115,116,117,118,119,120,121,122,123,124,125,126,127,128,129,130,131,132,133,134,135,136,137,138,139,140,141,142,143,144,145,146,147,148,149,150,151,152,153,154,155,156,157,158,159,160,161,162,163,164,165
75	0,1,2,3,4,5,6,7,8,9,10,11,12,13,14,15,16,17,18,19,20,21,22,23,24,25,26,27,28,29,30,31,32,33,34,35,36,37,38,39,40,41,42,43,44,45,46,47,48,49,50,51,52,53,54,55,56,57,58,59,60,61,62,63,64,65,66,67,68,69,70,71,72,73,74,75,76,77,78,79,80,81,82,83,84,85,86,87,88,89,90,91,92,93,94,95,96,97,98,99,100,101,102,103,104,105,106,107,108,109,110,111,112,113,114,115,116,117,118,119,120,121,122,123,124,125,126,127,128,129,130,131,132,133,134,135,136,137,138,139,140,141,142,143,144,145,146,147,148,149,150,151,152,153,154,155,156,157,158,159,160,161,162,163,164,165,166,167,168,169,170,171,172,173,174,175,176,177,178,179,180,181,182,183,184,185,186,187,188,189,190,191,192,193,194,195,196,197,198,199,200,201,202,203,204,205,206,207,208,209,210,211,212,213
100	0,1,2,3,4,5,6,7,8,9,10,11,12,13,14,15,16,17,18,19,20,21,22,23,24,25,26,27,28,29,30,31,32,33,34,35,36,37,38,39,40,41,42,43,44,45,46,47,48,49,50,51,52,53,54,55,56,57,58,59,60,61,62,63,64,65,66,67,68,69,70,71,72,73,74,75,76,77,78,79,80,81,82,83,84,85,86,87,88,89,90,91,92,93,94,95,96,97,98,99,100,101,102,103,104,105,106,107,108,109,110,111,112,113,114,115,116,117,118,119,120,121,122,123,124,125,126,127,128,129,130,131,132,133,134,135,136,137,138,139,140,141,142,143,144,145,146,147,148,149,150,151,152,153,154,155,156,157,158,159,160,161,162,163,164,165,166,167,168,169,170,171,172,173,174,175,176,177,178,179,180,181,182,183,184,185,186,187,188,189,190,191,192,193,194,195,196,197,198,199,200,201,202,203,204,205,206,207,208,209,210,211,212,213,214,215,216,217,218,219,220,221,222,223,224,225,226,227,228,229,230,231,232,233,234,235,236,237,238,239,240,241,242,243,244,245,246,247,248,249,250,251,252,253,254,255,256,257,258,259,260,261,262,263,264,265,266,267,268,269,270
125	0,1,2,3,4,5,6,7,8,9,10,11,12,13,14,15,16,17,18,19,20,21,22,23,24,25,26,27,28,29,30,31,32,33,34,35,36,37,38,39,40,41,42,43,44,45,46,47,48,49,50,51,52,53,54,55,56,57,58,59,60,61,62,63,64,65,66,67,68,69,70,71,72,73,74,75,76,77,78,79,80,81,82,83,84,85,86,87,88,89,90,91,92,93,94,95,96,97,98,99,100,101,102,103,104,105,106,107,108,109,110,111,112,113,114,115,116,117,118,119,120,121,122,123,124,125,126,127,128,129,130,131,132,133,134,135,136,137,138,139,140,141,142,143,144,145,146,147,148,149,150,151,152,153,154,155,156,157,158,159,160,161,162,163,164,165,166,167,168,169,170,171,172,173,174,175,176,177,178,179,180,181,182,183,184,185,186,187,188,189,190,191,192,193,194,195,196,197,198,199,200,201,202,203,204,205,206,207,208,209,210,211,212,213,214,215,216,217,218,219,220,221,222,223,224,225,226,227,228,229,230,231,232,233,234,235,236,237,238,239,240,241,242,243,244,245,246,247,248,249,250,251,252,253,254,255,256,257,258,259,260,261,262,263,264,265,266,267,268,269,270,271,272,273,274,275,276,277,278,279,280,281,282,283,284,285,286,287,288,289,290,291,292,293,294
150	0,1,2,3,4,5,6,7,8,9,10,11,12,13,14,15,16,17,18,19,20,21,22,23,24,25,26,27,28,29,30,31,32,33,34,35,36,37,38,39,40,41,42,43,44,45,46,47,48,49,50,51,52,53,54,55,56,57,58,59,60,61,62,63,64,65,66,67,68,69,70,71,72,73,74,75,76,77,78,79,80,81,82,83,84,85,86,87,88,89,90,91,92,93,94,95,96,97,98,99,100,101,102,103,104,105,106,107,108,109,110,111,112,113,114,115,116,117,118,119,120,121,122,123,124,125,126,127,128,129,130,131,132,133,134,135,136,137,138,139,140,141,142,143,144,145,146,147,148,149,150,151,152,153,154,155,156,157,158,159,160,161,162,163,164,165,166,167,168,169,170,171,172,173,174,175,176,177,178,179,180,181,182,183,184,185,186,187,188,189,190,191,192,193,194,195,196,197,198,199,200,201,202,203,204,205,206,207,208,209,210,211,212,213,214,215,216,217,218,219,220,221,222,223,224,225,226,227,228,229,230,231,232,233,234,235,236,237,238,239,240,241,242,243,244,245,246,247,248,249,250,251,252,253,254,255,256,257,258,259,260,261,262,263,264,265,266,267,268,269,270,271,272,273,274,275,276,277,278,279,280,281,282,283,284,285,286,287,288,289,290,291,292,293,294,295,296,297,298,299,300,301,302,303,304,305,306,307,308,309,310,311,312,313,314,315,316,317,318,319,320,321,322,323,324,325,326,327,328,329,330,331,332,333,334,335,336,337,338,339,340,341,342,343,344,345,346,347,348,349,350,351,352,353,354,355,356,357,358,359,360,361,362,363,364,365,366
175	0,1,2,3,4,5,6,7,8,9,10,11,12,13,14,15,16,17,18,19,20,21,22,23,24,25,26,27,28,29,30,31,32,33,34,35,36,37,38,39,40,41,42,43,44,45,46,47,48,49,50,51,52,53,54,55,56,57,58,59,60,61,62,63,64,65,66,67,68,69,70,71,72,74,76,77,79,80,81,82,83,84,85,86,87,88,89,90,91,92,93,94,95,96,97,99,100,101,102,103,104,105,106,107,108,109,110,111,112,113,114,115,116,117,118,120,121,122,123,124,125,126,127,128,129,130,131,132,133,134,135,136,137,138,139,140,141,142,143,144,145,146,147,148,149,150,151,152,153,154,155,156,157,158,159,160,161,162,163,164,165,166,167,168,169,170,171,172,173,174,175,176,177,178,179,180,181,182,183,184,185,186,187,188,189,190,191,192,193,194,195,196,197,198,199,200,201,202,203,204,205,206,207,208,209,210,211,212,213,214,215,216,217,218,219,220,221,222,223,224,225,226,227,228,229,230,231,232,233,234,235,236,237,238,239,240,241,242,243,244,245,246,247,248,249,250,251,252,253,254,255,256,257,258,259,260,261,262,263,264,265,266,267,268,269,270,271,272,273,274,275,276,277,278,279,280,281,282,283,284,285,286,287,288,289,290,291,292,293,294,295,296,297,298,299,300,301,302,303,304,305,306,307,308,309,310,311,312,313,314,315,316,317,318,319,320,321,322,323,324,325,326,327,328,329,330,331,332,333,334,335,336,337,338,339,340,341,342,343,344,345,346,347,348,349,350,351,352,353,354,355,356,357,358,359,360,361,362,363,364,365,366,367,368,369,370,371,372,373,374,375,376,377,378,379,380,381,382,383,384,385,386,387,388,389,390,391,392,393,394,395,396,397,398,399,400,401,402,403,404,405,406,407,408,409,410,411,412,413,414,415,416,417,418,419,420,421,422,423,424,425,426,427,428,429
200	0,1,2,3,4,5,6,7,8,9,10,11,12,13,14,15,16,17,18,19,21,22,23,24,25,26,27,28,29,30,32,33,34,35,36,37,39,42,43,44,45,46,47,48,49,50,51,52,53,54,56,57,58,60,61,62,63,64,65,66,67,68,69,71,72,74,76,77,79,80,81,82,83,85,86,87,88,89,90,91,92,93,94,96,97,99,100,101,102,103,104,105,106,107,108,109,110,111,112,114,115,116,120,121,122,123,124,125,126,128,129,132,134,135,136,137,138,139,140,141,142,143,144,145,146,147,148,149,150,151,153,155,156,157,158,161,162,164,165,167,168,169,170,171,172,173,174,175,176,177,178,179,180,181,182,183,184,185,186,187,188,189,190,191,192,193,194,195,196,197,198,199,200,201,202,203,204,205,206,207,208,209,210,211,212,213,214,215,216,217,218,219,220,221,222,223,224,225,226,227,228,229,230,231,232,233,234,235,236,237,238,239,240,241,242,243,244,245,246,247,248,249,250,251,252,253,254,255,256,257,258,259,260,261,262,263,264,265,266,267,268,269,270,271,272,273,274,275,276,277,278,279,280,281,282,283,284,285,286,287,288,289,290,291,292,293,294,295,296,297,298,299,300,301,302,303,304,305,306,307,308,309,310,311,312,313,314,315,316,317,318,319,320,321,322,323,324,325,326,327,328,329,330,331,332,333,334,335,336,337,338,339,340,341,342,343,344,345,346,347,348,349,350,351,352,353,354,355,356,357,358,359,360,361,362,363,364,365,366,367,368,369,370,371,372,373,374,375,376,377,378,379,380,381,382,383,384,385,386,387,388,389,390,391,392,393,394,395,396,397,398,399,400,401,402,403,404,405,406,407,408,409,410,411,412,413,414,415,416,417,418,419,420,421,422,423,424,425,426,427,428,429,430,431,432,433,434,435,436,437,438,439,440,441,442,443,444,445,446,447,448,449,450,451,452,453,454,455,456,457,458,459,460,461,462,463,464,465,466,467,468,469,470,471,472,473,474,475,476,477,478,479,480,481,482,483,484,485,486,487,488,489,490,491,492,493,494,495,496,497,498,499,500,501,502,503,504,505,506,507,508,509,510,511,512,513,514,515,516,517,518,519,520,521,522,523,524,525,526,527,528,529,530,531,532,533,534,535,536,537,538,539,540
225	0,1,2,3,4,5,6,7,8,9,10,11,12,13,14,15,16,17,18,19,21,22,24,25,26,27,28,29,30,32,33,34,35,36,37,39,42,46,47,48,49,50,51,52,53,58,60,61,62,63,64,65,66,67,68,69,71,72,74,76,77,79,80,81,82,83,85,86,87,88,89,90,91,92,93,94,96,99,100,101,102,103,104,105,106,107,108,109,110,111,112,114,115,116,120,122,123,124,125,128,129,132,134,135,136,137,139,140,141,142,143,144,145,146,147,148,149,151,153,155,156,157,158,161,164,165,167,168,169,170,172,173,175,176,177,178,179,180,181,182,184,185,186,188,189,190,192,193,194,195,197,198,199,200,201,204,205,207,208,210,211,212,213,214,215,216,217,218,219,220,221,222,223,225,226,227,229,230,232,233,234,235,236,237,238,239,240,241,242,244,245,246,247,248,249,251,252,253,254,255,256,257,258,259,260,261,262,263,264,265,266,267,268,269,270,271,272,273,274,275,276,277,278,279,280,281,282,283,284,285,286,287,288,289,290,291,292,293,294,295,296,297,298,299,300,301,302,303,304,305,306,307,308,309,310,311,312,313,314,315,316,317,318,319,320,321,322,323,324,325,326,327,328,329,330,331,332,333,334,335,336,337,338,339,340,341,342,343,344,345,346,347,348,349,350,351,352,353,354,355,356,357,358,359,360,361,362,363,364,365,366,367,368,369,370,371,372,373,374,375,376,377,378,379,380,381,382,383,384,385,386,387,388,389,390,391,392,393,394,395,396,397,398,399,400,401,402,403,404,405,406,407,408,409,410,411,412,413,414,415,416,417,418,419,420,421,422,423,424,425,426,427,428,429,430,431,432,433,434,435,436,437,438,439,440,441,442,443,444,445,446,447,448,449,450,451,452,453,454,455,456,457,458,459,460,461,462,463,464,465,466,467,468,469,470,471,472,473,474,475,476,477,478,479,480,481,482,483,484,485,486,487,488,489,490,491,492,493,494,495,496,497,498,499,500,501,502,503,504,505,506,507,508,509,510,511,512,513,514,515,516,517,518,519,520,521,522,523,524,525,526,527,528,529,530,531,532,533,534,535,536,537,538,539,540,541,542,543,544,545,546,547,548,549,550,551,552,553,554,555,556,557,558,559,560,561,562,563,564,565,566,567,568,569,570,571,572,573,574,575,576,577,578,579,580,581,582
250	0,1,2,3,5,6,7,8,9,10,11,12,13,14,16,17,18,19,21,22,24,25,26,27,28,29,32,33,34,35,36,39,46,47,49,50,51,52,53,58,61,62,64,65,66,67,68,69,71,72,76,77,79,80,81,82,83,85,87,88,89,90,91,92,93,94,96,99,100,101,102,103,104,105,106,107,108,109,111,114,115,120,122,123,124,128,129,132,134,137,140,142,143,144,145,146,147,148,149,151,153,155,157,158,164,165,167,168,169,170,172,173,176,177,178,179,180,181,184,185,186,188,189,193,194,195,197,198,199,200,201,204,207,208,210,211,212,213,214,215,216,217,218,219,220,221,222,223,226,229,230,233,234,235,236,237,238,239,240,241,245,246,247,248,249,251,252,254,255,256,258,259,260,261,262,263,264,266,267,269,270,271,272,273,274,275,276,277,278,279,280,281,282,283,284,285,286,287,288,289,290,291,292,293,294,295,296,297,298,299,300,301,302,303,304,305,306,307,308,309,310,311,312,313,314,315,316,317,318,319,320,321,322,323,324,325,326,327,328,329,330,331,332,333,334,335,336,337,338,339,340,341,342,343,344,345,346,347,348,349,350,351,352,353,354,355,356,357,358,359,360,361,362,363,364,365,366,367,368,369,370,371,372,373,374,375,376,377,378,379,380,381,382,383,384,385,386,387,388,389,390,391,392,393,394,395,396,397,398,399,400,401,402,403,404,405,406,407,408,409,410,411,412,413,414,415,416,417,418,419,420,421,422,423,424,425,426,427,428,429,430,431,432,433,434,435,436,437,438,439,440,441,442,443,444,445,446,447,448,449,450,451,452,453,454,455,456,457,458,459,460,461,462,463,464,465,466,467,468,469,470,471,472,473,474,475,476,477,478,479,480,481,482,483,484,485,486,487,488,489,490,491,492,493,494,495,496,497,498,499,500,501,502,503,504,505,506,507,508,509,510,511,512,513,514,515,516,517,518,519,520,521,522,523,524,525,526,527,528,529,530,531,532,533,534,535,536,537,538,539,540,541,542,543,544,545,546,547,548,549,550,551,552,553,554,555,556,557,558,559,560,561,562,563,564,565,566,567,568,569,570,571,572,573,574,575,576,577,578,579,580,581,582,583,584,585,586,588,589,590,591,592,593,594,595,596,597,598,599,600,601,602,603,604,605,606,607,608,609,610,611,612,613,614,615,616,617,618,619,620,621
275	0,1,2,3,5,6,7,8,10,12,14,16,17,18,21,24,28,29,32,33,34,35,36,39,46,49,50,51,52,58,61,62,64,65,66,67,68,69,71,72,77,79,80,81,83,85,88,89,90,91,92,93,99,100,101,102,103,104,106,109,111,114,115,120,122,124,128,129,132,134,137,140,142,144,146,148,155,157,158,165,168,169,170,173,176,177,178,180,181,184,188,193,194,198,199,200,201,204,207,208,210,211,213,214,216,217,218,219,220,221,222,223,230,234,235,236,237,238,239,240,241,245,246,247,248,249,251,254,256,258,259,260,261,262,263,264,266,267,269,270,271,272,273,274,275,276,277,278,279,281,282,283,284,285,286,287,289,290,291,292,293,294,295,296,297,299,300,301,302,303,304,305,306,307,308,309,310,311,312,313,314,315,316,317,318,319,320,321,322,323,324,325,326,327,328,329,330,331,332,333,334,335,336,337,339,340,341,342,343,344,345,346,347,348,349,350,351,352,353,354,355,356,357,358,359,360,361,362,363,364,365,366,367,368,369,370,371,372,373,374,375,376,377,378,379,380,381,382,383,384,385,386,387,388,389,390,391,392,393,394,395,396,397,398,399,400,401,402,403,404,405,406,407,408,409,410,411,412,413,414,415,416,417,418,419,420,421,422,423,424,425,426,427,428,429,430,431,432,433,434,435,436,437,438,439,440,441,442,443,444,445,446,447,448,449,450,451,452,453,454,455,456,457,458,459,460,461,462,463,464,465,466,467,468,469,470,471,472,473,474,475,476,477,478,479,480,481,482,483,484,485,486,487,488,489,490,491,492,493,494,495,496,497,498,499,500,501,502,503,504,505,506,507,508,509,510,511,512,513,514,515,516,517,518,519,520,521,522,523,524,525,526,527,528,529,530,531,532,533,534,535,536,537,538,539,540,541,542,543,544,545,546,547,548,549,550,551,552,553,554,555,556,557,558,559,560,561,562,563,564,565,566,567,568,569,570,571,572,573,574,575,576,577,578,579,580,581,582,583,584,585,586,588,589,590,591,592,593,594,595,596,597,598,599,600,601,602,603,604,605,606,607,608,609,610,611,612,613,614,615,616,617,618,619,620,621,622,623,624,625,626,627,628,629,630,631,632,633,634,635,636,637,638,639,640,641,642,643,644,645,646,647,648,649
300	0,2,3,6,8,10,12,14,16,17,24,28,32,33,36,39,49,50,52,58,61,62,64,65,66,67,69,71,72,77,79,81,83,85,88,90,91,92,93,99,101,102,103,104,106,109,114,115,120,122,124,129,132,134,137,140,144,148,155,158,165,168,169,173,176,177,178,181,184,194,199,200,204,207,208,210,211,213,214,216,219,220,221,222,223,234,235,236,237,238,239,240,245,246,248,249,251,254,256,260,261,262,263,264,266,269,270,271,273,274,275,277,278,281,282,283,284,285,286,287,289,290,291,292,294,295,296,297,299,300,301,302,303,304,306,307,308,309,310,311,312,313,314,317,320,321,322,324,325,326,327,328,329,330,331,332,333,334,335,336,337,340,342,343,345,347,348,349,350,351,352,353,354,355,356,357,358,359,360,361,362,363,364,365,367,368,370,371,373,374,375,376,377,378,379,380,381,382,383,384,385,386,387,388,389,390,391,393,394,395,396,398,399,400,401,402,403,404,405,406,407,408,409,410,411,412,413,414,415,416,417,418,419,420,421,422,423,424,425,426,427,428,429,430,431,432,433,434,435,436,437,438,439,440,441,442,443,444,445,446,447,448,449,450,451,452,453,454,455,456,457,458,459,460,461,462,463,464,465,466,467,468,469,470,471,472,473,474,475,476,477,478,479,480,481,482,483,484,485,486,487,488,489,490,491,492,493,494,495,496,497,498,499,500,501,502,503,504,505,506,507,508,509,510,511,512,513,514,515,516,517,518,519,520,521,522,523,524,525,526,527,528,529,530,531,532,533,534,535,536,537,538,539,540,541,542,543,544,545,546,547,548,549,550,551,552,553,554,555,556,557,558,559,560,561,562,563,564,565,566,567,568,569,570,571,572,573,574,575,576,577,578,579,580,581,582,583,584,585,586,588,589,590,591,592,593,594,595,596,597,598,599,600,601,602,603,604,605,606,607,608,609,610,611,612,613,614,615,616,617,618,619,620,621,622,623,624,625,626,627,628,629,630,631,632,633,634,635,636,637,638,639,640,641,642,643,644,645,646,647,648,649,650,651,652,653,654
325	0,3,6,10,12,14,16,24,28,32,36,39,49,50,52,58,61,62,65,66,67,69,71,72,77,79,81,83,85,88,90,92,93,99,101,103,104,106,109,115,124,132,134,137,140,148,155,158,168,169,173,176,177,181,184,199,200,204,207,210,211,214,216,219,220,221,222,223,234,237,240,245,246,248,249,251,254,256,260,262,263,264,266,269,270,271,275,277,278,281,283,285,291,292,294,295,296,297,299,300,301,302,303,306,307,308,309,310,312,313,314,317,320,321,322,324,325,326,327,328,330,332,333,334,336,337,340,342,343,345,347,348,349,350,351,353,354,355,357,358,359,360,361,363,365,368,370,371,373,374,375,378,380,381,383,384,385,386,390,391,393,395,398,399,401,402,404,405,406,408,409,410,412,413,414,415,417,418,419,420,423,424,425,426,427,429,430,431,432,433,434,435,436,437,439,440,441,442,443,444,445,446,447,448,449,451,452,453,454,455,456,458,459,461,462,463,464,465,466,467,468,469,470,471,472,473,474,475,476,477,478,479,480,481,482,483,486,487,488,491,492,493,494,495,496,497,498,499,500,502,503,504,505,506,507,508,509,510,511,512,513,514,515,516,517,518,519,520,521,522,523,524,525,526,527,528,529,530,531,532,533,534,535,536,537,538,539,540,541,542,543,544,545,546,547,548,549,550,551,552,553,554,555,556,557,558,559,560,561,562,563,564,565,566,567,568,569,570,571,572,573,574,575,576,577,578,579,580,581,582,583,584,585,586,588,589,590,591,592,593,594,595,596,597,598,599,600,601,602,603,604,605,606,607,608,609,610,611,612,613,614,615,616,617,618,619,620,621,622,623,624,625,626,627,628,629,630,631,632,633,634,635,636,637,638,639,640,641,642,643,644,645,646,647,648,649,650,651,652,653,654,655,656,657,658,659,660,661,662,663,664,665,666,667,668,669,670,671,672,673,674,675,676,677,678,679,680,681,682,683,684,685,686,687,688,689,690,691,692,693,694
350	0,6,10,12,14,16,24,28,32,36,49,50,52,58,62,65,66,67,69,71,72,79,83,85,88,99,101,103,104,115,124,134,137,140,155,158,168,169,176,177,181,184,199,200,204,207,210,211,214,216,219,220,221,222,223,234,237,240,245,246,249,251,254,260,263,264,266,270,271,275,277,278,281,285,291,300,301,303,306,307,308,309,310,312,314,317,320,321,325,327,328,330,332,333,334,336,337,340,345,347,349,350,351,353,354,355,360,365,368,370,371,373,374,375,378,381,383,384,385,386,390,391,393,395,398,399,401,402,406,408,410,412,413,414,415,417,420,424,427,429,430,431,432,433,434,435,436,437,439,440,441,442,444,445,446,447,448,449,453,454,456,458,459,461,462,463,464,466,467,469,470,471,473,474,476,477,478,479,480,481,482,483,487,491,492,493,494,495,496,498,502,503,504,505,506,507,508,510,511,512,516,517,518,520,521,524,526,527,528,529,530,531,533,534,535,536,538,540,541,544,545,547,548,549,551,554,556,557,558,561,563,564,565,566,567,568,569,570,572,573,574,575,576,577,578,579,580,581,582,583,584,585,586,588,589,590,591,592,593,594,595,596,597,598,599,600,601,602,603,604,605,606,607,608,609,610,611,612,613,614,615,616,617,618,619,620,621,622,623,624,625,626,627,628,629,630,631,632,633,634,635,636,637,638,639,640,641,642,643,644,645,646,647,648,649,650,651,652,653,654,655,656,657,658,659,660,661,662,663,664,665,666,667,668,669,670,671,672,673,674,675,676,677,678,679,680,681,682,683,684,685,686,687,688,689,690,691,692,693,694,695,696,697,698,699,700,701,702,703,704,705,706,707,708,709,710,711
375	0,6,12,14,24,28,32,49,50,58,62,65,67,69,79,88,99,134,137,140,155,168,169,176,177,181,184,199,200,204,207,210,214,216,219,220,221,222,223,234,237,246,249,263,264,270,271,278,285,291,300,301,306,308,309,312,320,321,327,328,330,333,336,337,340,347,351,353,354,355,360,365,370,371,375,378,381,383,384,385,386,393,395,399,401,406,410,412,414,415,417,420,424,427,429,432,434,435,436,437,439,441,442,444,445,446,447,448,453,454,459,461,463,464,466,467,469,470,471,473,478,480,481,482,483,492,493,495,496,502,503,504,505,506,510,511,512,516,517,518,520,521,524,526,527,528,530,531,533,534,535,536,538,540,541,544,545,549,551,554,556,558,561,563,564,566,567,568,569,570,572,573,574,576,577,579,580,581,583,584,585,586,589,590,591,592,593,594,595,596,598,600,601,602,603,605,606,607,608,609,610,612,613,614,615,616,617,618,619,620,621,622,623,624,625,626,627,628,629,630,631,632,633,634,635,636,637,638,639,640,641,642,643,644,645,646,647,648,649,650,651,652,653,654,655,656,657,658,659,660,661,662,663,664,665,666,667,668,669,670,671,672,673,674,675,676,677,678,679,680,681,682,683,684,685,686,687,688,689,690,691,692,693,694,695,696,697,698,699,700,701,702,703,704,705,706,707,708,709,710,711,712,713,714,715,716,717,718,719,720,721,722,723,724,725,726,727,728,729,730,731,732,733,734,735
400	12,28,50,58,67,99,137,140,155,168,169,176,177,204,207,210,214,219,222,223,234,237,246,263,264,270,278,285,291,306,309,320,321,327,333,336,337,347,351,353,354,355,360,365,370,371,378,383,384,385,393,401,412,415,417,424,427,429,434,435,439,442,448,464,466,480,481,482,483,492,493,496,502,503,504,506,512,520,524,526,528,530,531,533,535,538,544,551,554,556,561,564,566,569,570,577,580,581,583,584,585,590,594,596,598,600,601,602,603,607,608,609,612,613,615,617,620,621,622,623,624,625,626,627,628,630,632,633,634,635,636,637,638,640,641,642,643,644,645,646,647,648,649,650,651,652,653,654,655,656,657,658,659,660,661,662,663,664,665,666,667,668,669,670,671,672,673,674,675,676,677,678,679,680,681,682,683,684,685,686,687,688,689,690,691,692,693,694,695,696,697,698,699,700,701,702,703,704,705,706,707,708,709,710,711,712,713,714,715,716,717,718,719,720,721,722,723,724,725,726,727,728,729,730,731,732,733,734,735,736,737,738,739,740,741,742,743,744,745,746,747,748,749,750,751,752,753,754,755,756,757,758,760,761,762,763,764,765,766,767,768,769,770,771,773,774,775,776
425	12,28,50,58,99,137,140,155,168,169,176,177,210,214,223,246,264,270,278,285,306,309,320,321,327,336,347,351,354,360,365,385,393,412,415,417,424,434,435,439,442,448,464,466,480,481,483,492,493,502,504,506,524,526,531,533,535,554,556,566,569,570,580,583,585,590,594,596,598,600,601,603,607,608,609,613,615,617,620,621,622,623,624,626,627,628,632,633,634,635,636,637,638,640,641,642,644,645,646,647,648,649,650,651,652,653,655,656,657,658,659,660,661,662,663,664,665,666,667,668,669,670,671,672,673,674,675,676,677,678,679,680,681,682,683,684,685,686,687,688,689,690,691,692,693,694,695,696,697,698,699,700,701,702,703,704,705,706,707,708,709,710,711,712,713,714,715,716,717,718,719,720,721,722,723,724,725,726,727,728,729,730,731,732,733,734,735,736,737,738,739,740,741,742,743,744,745,746,747,748,749,750,751,752,753,754,755,756,757,758,760,761,762,763,764,765,766,767,768,769,770,771,773,774,775,776,777,778,779,780,781,782,783,784,785,786,787,788,789,790,791,792,793,794,795,796,797,798,799,800,801,802,803,804,805,806,807,808,809,810,811,812,813,814,815,816,818,820,821,822,823,824,825,826,827,828,829,830,831,832,833,834,835,836,837,838,839,840
450	50,58,99,137,140,155,169,210,214,223,264,270,278,285,306,321,327,336,347,351,360,385,393,412,434,435,442,448,464,466,481,493,524,531,533,554,556,566,569,570,580,583,585,590,594,596,600,601,607,608,609,613,620,623,626,627,628,633,634,635,636,640,642,644,645,646,647,650,651,652,653,655,657,659,663,664,665,666,667,668,669,670,672,673,674,675,676,677,678,679,680,681,682,683,684,685,686,687,688,689,690,691,692,693,694,695,696,697,698,699,700,701,702,703,704,705,706,707,708,709,710,711,712,713,714,715,716,717,718,719,720,721,722,723,724,725,726,727,728,729,730,731,732,733,734,735,736,737,738,739,740,741,742,743,744,745,746,747,748,749,750,751,752,753,754,755,756,757,758,760,761,762,763,764,765,766,767,768,769,770,771,773,774,775,776,777,778,779,780,781,782,783,784,785,786,787,788,789,790,791,792,793,794,795,796,797,798,799,800,801,802,803,804,805,806,807,808,809,810,811,812,813,814,815,816,818,820,821,822,823,824,825,826,827,828,829,830,831,832,833,834,835,836,837,838,839,840,841,842,843,844,845,846,847,848,849,850,851,852,853,854
475	58,99,140,155,169,210,223,264,285,306,321,327,336,347,360,385,393,435,464,481,524,531,533,554,569,570,583,585,590,594,600,607,608,609,613,620,626,633,634,636,640,642,644,646,650,651,652,653,657,659,664,665,666,667,668,669,670,673,675,677,678,681,682,683,684,685,686,687,688,689,690,693,695,697,698,699,700,701,702,703,704,705,706,707,708,709,710,711,712,713,714,715,716,717,718,719,720,721,722,723,724,725,726,727,728,729,730,731,732,733,734,735,736,737,738,739,740,741,742,743,744,745,746,747,748,749,750,751,752,753,754,755,756,757,758,760,761,762,763,764,765,766,767,768,769,770,771,773,774,775,776,777,778,779,780,781,782,783,784,785,786,787,788,789,790,791,792,793,794,795,796,797,798,799,800,801,802,803,804,805,806,807,808,809,810,811,812,813,814,815,816,818,820,821,822,823,824,825,826,827,828,829,830,831,832,833,834,835,836,837,838,839,840,841,842,843,844,845,846,847,848,849,850,851,852,853,854,855,856,857,858,859,860,861
500	58,99,140,169,223,264,285,306,327,336,347,360,393,435,481,524,531,570,583,585,590,594,600,607,613,620,626,633,634,636,640,644,646,650,652,653,657,664,665,666,667,668,669,673,675,677,678,682,683,685,688,690,695,697,699,700,701,703,705,706,707,709,710,711,712,713,714,715,716,717,719,720,721,722,723,724,725,726,727,728,729,730,731,732,733,734,735,736,737,738,739,740,741,742,743,744,745,746,747,748,749,750,751,752,753,754,755,756,757,758,760,761,762,763,764,765,766,767,768,769,770,771,773,774,775,776,777,778,779,780,781,782,783,784,785,786,787,788,789,790,791,792,793,794,795,796,797,798,799,800,801,802,803,804,805,806,807,808,809,810,811,812,813,814,815,816,818,820,821,822,823,824,825,826,827,828,829,830,831,832,833,834,835,836,837,838,839,840,841,842,843,844,845,846,847,848,849,850,851,852,853,854,855,856,857,858,859,860,861,863,864,865,866,867,868,869,870,871,872,873,874,875,876,877,878,879,880,881,882,884,885,886,887,888,889,890,891,892,893,894
525	99,140,223,285,306,336,393,435,481,524,531,570,583,585,590,594,600,607,613,620,626,633,634,636,640,644,646,650,652,657,665,666,667,668,669,673,675,677,683,685,688,690,695,697,699,700,701,703,705,706,707,709,710,711,712,713,714,715,716,717,719,720,722,723,724,725,726,727,728,729,730,731,732,734,735,736,737,738,739,740,741,742,743,744,745,747,748,751,752,754,756,757,758,760,761,762,763,764,765,766,767,768,769,770,771,773,774,775,776,777,778,779,780,781,782,783,784,785,786,787,788,789,790,791,792,793,794,795,796,797,798,799,800,801,802,803,804,805,806,807,808,809,810,811,812,813,814,815,816,818,820,821,822,823,824,825,826,827,828,829,830,831,832,833,834,835,836,837,838,839,840,841,842,843,844,845,846,847,848,849,850,851,852,853,854,855,856,857,858,859,860,861,863,864,865,866,867,868,869,870,871,872,873,874,875,876,877,878,879,880,881,882,884,885,886,887,888,889,890,891,892,893,894,895,896,897,898,899,900,901,902,904,905,906,907,908,909,910,911,912,913,914,915,916,917,919,920,921,922,923,924,925,927,928,929,930,931,932,933,934,935,936,937,938,939,940,941
550	99,140,223,285,306,336,435,524,570,583,585,590,594,600,607,613,620,626,633,634,644,646,650,652,657,666,667,673,675,677,683,685,690,697,699,703,705,706,707,709,711,712,714,717,720,723,724,725,726,727,728,730,731,735,736,737,738,739,740,741,742,743,744,747,748,751,752,754,756,758,760,761,763,764,766,767,768,769,771,773,776,777,778,779,780,783,785,786,787,789,790,791,792,793,794,795,796,797,801,802,803,805,806,807,808,809,811,812,813,814,815,816,818,820,821,822,823,824,825,826,827,828,829,830,831,832,833,834,835,836,837,838,839,840,841,842,843,844,845,846,847,848,849,850,851,852,853,854,855,856,857,858,859,860,861,863,864,865,866,867,868,869,870,871,872,873,874,875,876,877,878,879,880,881,882,884,885,886,887,888,889,890,891,892,893,894,895,896,897,898,899,900,901,902,904,905,906,907,908,909,910,911,912,913,914,915,916,917,919,920,921,922,923,924,925,927,928,929,930,931,932,933,934,935,936,937,938,939,940,941,942,943,944,945,946,947
575	99,140,223,285,306,336,435,524,570,583,590,600,607,613,620,626,633,634,646,650,657,666,673,675,697,703,706,707,711,712,714,723,724,725,726,727,728,730,731,735,736,737,738,739,740,741,743,747,754,758,761,769,776,777,778,779,783,785,787,790,792,793,794,795,796,797,801,802,803,805,806,807,809,811,812,814,818,820,821,822,823,824,825,826,827,828,829,831,833,834,838,839,844,845,846,847,848,849,850,851,852,853,854,855,856,857,858,859,860,861,863,864,865,866,867,868,869,870,871,872,873,874,875,876,877,878,879,880,881,882,884,885,886,887,888,889,890,891,892,893,894,895,896,897,898,899,900,901,902,904,905,906,907,908,909,910,911,912,913,914,915,916,917,919,920,921,922,923,924,925,927,928,929,930,931,932,933,934,935,936,937,938,939,940,941,942,943,944,945,946,947,949,950,951,952,953,954,955
600	99,140,223,306,336,435,524,583,600,607,620,633,634,646,657,666,673,675,697,703,706,707,711,712,714,723,724,725,726,727,730,731,736,737,738,740,741,743,758,769,776,778,779,783,785,787,790,792,793,794,797,801,803,805,807,809,812,814,820,825,826,827,828,829,831,833,834,838,839,844,845,846,847,848,849,851,852,853,854,855,856,857,858,859,860,861,863,864,865,866,867,868,869,870,871,872,873,874,875,876,877,878,879,880,881,882,884,885,886,887,888,889,890,891,892,893,894,895,896,897,898,899,900,901,902,904,905,906,907,908,909,910,911,912,913,914,915,916,917,919,920,921,922,923,924,925,927,928,929,930,931,932,933,934,935,936,937,938,939,940,941,942,943,944,945,946,947,949,950,951,952,953,954,955,956,957,958,959,960,961,962,963,964,965,966,967,970,971,972,973,974,975
625	99,140,223,306,435,524,600,607,620,634,646,657,666,673,675,697,706,711,714,723,724,726,727,730,731,741,743,758,769,778,779,783,785,790,792,793,794,797,801,803,807,809,812,814,820,826,827,828,829,831,833,838,839,845,846,847,849,851,852,853,854,855,856,857,858,859,860,861,863,864,865,867,868,869,870,871,872,873,874,875,876,877,878,880,881,882,884,885,886,887,888,889,890,891,892,893,894,895,896,897,898,899,900,901,902,904,905,906,907,908,909,910,911,912,913,914,915,916,917,919,920,921,922,923,924,925,927,928,929,930,931,932,933,934,935,936,937,938,939,940,941,942,943,944,945,946,947,949,950,951,952,953,954,955,956,957,958,959,960,961,962,963,964,965,966,967,970,971,972,973,974,975,976,977,978,979,980,981,982,983,984,985,986,987,990,991,992,993,994,995,996,997,998,999,1000,1002,1003,1004,1006
650	99,140,223,435,524,620,634,646,657,666,673,675,697,706,714,723,726,727,730,731,741,743,758,769,783,785,793,794,797,801,807,809,812,814,820,826,827,828,829,838,839,845,847,849,851,853,856,857,858,859,860,861,863,868,869,870,872,873,874,876,877,882,884,886,887,888,889,890,891,892,893,894,895,898,899,905,906,907,908,909,910,911,912,913,914,916,917,920,921,922,925,927,928,929,930,931,932,933,934,935,936,937,938,939,940,941,942,943,944,945,946,947,949,950,951,952,953,954,955,956,957,958,959,960,961,962,963,964,965,966,967,970,971,972,973,974,975,976,977,978,979,980,981,982,983,984,985,986,987,990,991,992,993,994,995,996,997,998,999,1000,1002,1003,1004,1006,1007,1008,1009,1010,1011,1012,1013,1014,1015,1016,1017,1018,1019,1020,1021,1022,1023,1024,1025,1026,1027,1028,1029,1030,1031,1032,1033,1034,1035,1036,1037,1038,1039,1040,1041,1042,1043,1044,1045,1046,1047,1049,1050,1051,1052,1053,1054,1055,1056,1057,1058,1059,1060,1061,1062,1063,1065,1066,1067,1068,1069,1070,1071,1072,1073,1074,1075,1076,1077,1078,1079,1080,1081,1082,1083,1084,1085,1086,1087,1088,1089,1090,1091,1092,1093,1094,1095,1096,1097,1098,1099,1100,1101,1102,1103,1105,1106,1107,1108,1109,1110
675	99,140,223,435,524,634,646,657,666,673,675,697,714,726,741,758,769,783,785,794,801,807,809,812,814,820,826,829,839,845,847,849,853,856,857,858,859,861,863,868,869,870,872,873,876,877,882,884,886,887,888,889,890,893,894,895,899,905,906,907,908,909,910,912,913,914,916,917,920,921,925,927,928,929,930,931,932,934,936,937,939,942,943,944,945,946,947,949,950,951,952,953,954,955,956,957,958,959,960,961,962,963,964,965,966,967,970,971,972,973,974,975,976,977,978,979,980,981,982,983,984,985,986,987,990,991,992,993,994,995,996,997,998,999,1000,1002,1003,1004,1006,1007,1008,1009,1010,1011,1012,1013,1014,1015,1016,1017,1018,1019,1020,1021,1022,1023,1024,1025,1026,1027,1028,1029,1030,1031,1032,1033,1034,1035,1036,1037,1038,1039,1040,1041,1042,1043,1044,1045,1046,1047,1049,1050,1051,1052,1053,1054,1055,1056,1057,1058,1059,1060,1061,1062,1063,1065,1066,1067,1068,1069,1070,1071,1072,1073,1074,1075,1076,1077,1078,1079,1080,1081,1082,1083,1084,1085,1086,1087,1088,1089,1090,1091,1092,1093,1094,1095,1096,1097,1098,1099,1100,1101,1102,1103,1105,1106,1107,1108,1109,1110,1111,1112,1113,1114,1115,1116,1117,1118,1119,1120,1121,1122,1123,1124,1125,1126,1127,1128,1129,1130,1132,1134,1135,1136,1137,1138,1139,1140,1141,1142,1143,1144,1147,1148,1149,1150,1151,1152,1153,1154,1155,1156,1158,1159,1160,1161,1162,1163,1164,1165,1166,1167,1168,1169,1170,1171,1172,1173,1174,1175,1176,1177,1178,1179,1180,1181,1182,1183,1184,1185,1186,1187,1188,1189,1191,1192
700	140,435,524,634,646,657,666,673,675,697,714,726,741,758,769,783,794,801,809,812,820,826,829,839,845,847,849,853,856,857,859,861,863,868,869,870,873,876,882,884,886,887,888,894,895,905,906,907,908,909,910,912,913,916,917,920,921,927,928,929,930,931,932,934,936,937,939,942,943,944,945,946,949,950,951,952,953,954,955,956,957,958,959,960,961,962,963,964,965,966,967,970,971,972,973,974,975,976,977,978,979,980,981,982,983,984,985,986,987,990,991,992,993,994,995,996,997,998,999,1000,1002,1003,1004,1006,1007,1008,1009,1010,1011,1012,1013,1014,1015,1016,1017,1018,1019,1020,1021,1022,1023,1024,1025,1026,1027,1028,1029,1030,1031,1032,1033,1034,1035,1036,1037,1038,1039,1040,1041,1042,1043,1044,1045,1046,1047,1049,1050,1051,1052,1053,1054,1055,1056,1057,1058,1059,1060,1061,1062,1063,1065,1066,1067,1068,1069,1070,1071,1072,1073,1074,1075,1076,1077,1078,1079,1080,1081,1082,1083,1084,1085,1086,1087,1088,1089,1090,1091,1092,1093,1094,1095,1096,1097,1098,1099,1100,1101,1102,1103,1105,1106,1107,1108,1109,1110,1111,1112,1113,1114,1115,1116,1117,1118,1119,1120,1121,1122,1123,1124,1125,1126,1127,1128,1129,1130,1132,1134,1135,1136,1137,1138,1139,1140,1141,1142,1143,1144,1147,1148,1149,1150,1151,1152,1153,1154,1155,1156,1158,1159,1160,1161,1162,1163,1164,1165,1166,1167,1168,1169,1170,1171,1172,1173,1174,1175,1176,1177,1178,1179,1180,1181,1182,1183,1184,1185,1186,1187,1188,1189,1191,1192,1193,1194,1195,1196,1197,1198,1199,1200,1201,1202,1203,1204,1205,1206,1207,1208,1209,1210,1211,1212,1213,1214,1215,1216,1217,1218
725	435,524,634,646,666,675,697,714,758,769,794,801,812,820,826,845,847,849,853,856,857,859,868,869,870,873,876,882,884,886,887,888,912,913,920,928,930,931,936,942,943,944,945,946,949,950,951,952,953,954,956,957,958,959,960,961,962,963,964,965,966,967,970,971,973,974,975,976,977,978,979,980,981,982,983,984,985,986,987,990,991,992,993,994,995,996,997,998,999,1000,1002,1003,1004,1006,1007,1008,1009,1010,1011,1012,1013,1014,1015,1016,1017,1018,1019,1020,1021,1022,1023,1024,1025,1026,1027,1028,1029,1030,1031,1032,1033,1034,1035,1036,1037,1038,1039,1040,1041,1042,1043,1044,1045,1046,1047,1049,1050,1051,1052,1053,1054,1055,1056,1057,1058,1059,1060,1061,1062,1063,1065,1066,1067,1068,1069,1070,1071,1072,1073,1074,1075,1076,1077,1078,1079,1080,1081,1082,1083,1084,1085,1086,1087,1088,1089,1090,1091,1092,1093,1094,1095,1096,1097,1098,1099,1100,1101,1102,1103,1105,1106,1107,1108,1109,1110,1111,1112,1113,1114,1115,1116,1117,1118,1119,1120,1121,1122,1123,1124,1125,1126,1127,1128,1129,1130,1132,1134,1135,1136,1137,1138,1139,1140,1141,1142,1143,1144,1147,1148,1149,1150,1151,1152,1153,1154,1155,1156,1158,1159,1160,1161,1162,1163,1164,1165,1166,1167,1168,1169,1170,1171,1172,1173,1174,1175,1176,1177,1178,1179,1180,1181,1182,1183,1184,1185,1186,1187,1188,1189,1191,1192,1193,1194,1195,1196,1197,1198,1199,1200,1201,1202,1203,1204,1205,1206,1207,1208,1209,1210,1211,1212,1213,1214,1215,1216,1217,1218,1219,1220,1222,1223,1224,1225,1226,1227,1228,1229,1230,1231,1232,1233,1234,1235,1237,1238,1239,1240,1241,1242,1243,1244,1245,1246,1247
750	435,524,646,666,697,714,758,769,794,801,812,826,847,849,857,859,868,869,870,873,876,882,884,886,887,912,913,920,928,930,936,942,943,944,945,946,949,950,951,952,953,954,956,957,958,959,960,961,962,963,964,965,966,967,970,971,973,974,975,976,977,978,979,980,981,982,983,984,985,986,987,990,991,992,993,994,995,996,997,998,999,1000,1002,1003,1004,1006,1007,1008,1009,1010,1011,1012,1013,1014,1015,1016,1017,1018,1019,1020,1021,1022,1023,1024,1025,1026,1027,1028,1029,1030,1031,1032,1033,1034,1035,1036,1037,1038,1039,1040,1041,1042,1043,1044,1045,1046,1047,1049,1050,1051,1052,1053,1054,1055,1056,1057,1058,1059,1060,1061,1062,1063,1065,1066,1067,1068,1069,1070,1071,1072,1073,1074,1075,1076,1077,1078,1079,1080,1081,1082,1083,1084,1085,1086,1087,1088,1089,1090,1091,1092,1093,1094,1095,1096,1097,1098,1099,1100,1101,1102,1103,1105,1106,1107,1108,1109,1110,1111,1112,1113,1114,1115,1116,1117,1118,1119,1120,1121,1122,1123,1124,1125,1126,1127,1128,1129,1130,1132,1134,1135,1136,1137,1138,1139,1140,1141,1142,1143,1144,1147,1148,1149,1150,1151,1152,1153,1154,1155,1156,1158,1159,1160,1161,1162,1163,1164,1165,1166,1167,1168,1169,1170,1171,1172,1173,1174,1175,1176,1177,1178,1179,1180,1181,1182,1183,1184,1185,1186,1187,1188,1189,1191,1192,1193,1194,1195,1196,1197,1198,1199,1200,1201,1202,1203,1204,1205,1206,1207,1208,1209,1210,1211,1212,1213,1214,1215,1216,1217,1218,1219,1220,1222,1223,1224,1225,1226,1227,1228,1229,1230,1231,1232,1233,1234,1235,1237,1238,1239,1240,1241,1242,1243,1244,1245,1246,1247,1248,1249,1250,1251,1252,1253,1254,1255,1256,1257,1258,1259,1260,1261,1262,1263,1264,1265,1266,1267,1268,1269,1270,1271,1272,1273,1274,1275,1276,1277,1278,1279,1280,1281,1282,1283,1284,1285,1286,1287,1288,1289,1290,1291,1292,1293,1294,1295,1296,1297
775	435,524,646,666,697,758,769,794,812,847,849,857,859,868,869,870,873,876,882,884,886,887,913,920,928,930,942,943,944,945,946,950,951,952,953,954,956,957,958,959,960,961,962,963,964,965,966,967,970,971,973,974,975,976,978,979,980,982,983,984,985,986,990,991,992,994,996,998,1000,1002,1003,1004,1007,1010,1011,1012,1013,1014,1015,1017,1018,1019,1021,1022,1023,1024,1026,1027,1028,1029,1030,1031,1032,1033,1036,1037,1038,1039,1040,1041,1042,1043,1045,1046,1047,1049,1050,1051,1052,1053,1054,1055,1056,1058,1059,1060,1061,1062,1063,1065,1066,1067,1068,1069,1070,1071,1072,1073,1074,1075,1076,1077,1078,1079,1080,1081,1082,1083,1084,1085,1086,1087,1088,1089,1090,1091,1092,1093,1094,1095,1096,1097,1098,1099,1100,1101,1102,1103,1105,1106,1107,1108,1109,1110,1111,1112,1113,1114,1115,1116,1117,1118,1119,1120,1121,1122,1123,1124,1125,1126,1127,1128,1129,1130,1132,1134,1135,1136,1137,1138,1139,1140,1141,1142,1143,1144,1147,1148,1149,1150,1151,1152,1153,1154,1155,1156,1158,1159,1160,1161,1162,1163,1164,1165,1166,1167,1168,1169,1170,1171,1172,1173,1174,1175,1176,1177,1178,1179,1180,1181,1182,1183,1184,1185,1186,1187,1188,1189,1191,1192,1193,1194,1195,1196,1197,1198,1199,1200,1201,1202,1203,1204,1205,1206,1207,1208,1209,1210,1211,1212,1213,1214,1215,1216,1217,1218,1219,1220,1222,1223,1224,1225,1226,1227,1228,1229,1230,1231,1232,1233,1234,1235,1237,1238,1239,1240,1241,1242,1243,1244,1245,1246,1247,1248,1249,1250,1251,1252,1253,1254,1255,1256,1257,1258,1259,1260,1261,1262,1263,1264,1265,1266,1267,1268,1269,1270,1271,1272,1273,1274,1275,1276,1277,1278,1279,1280,1281,1282,1283,1284,1285,1286,1287,1288,1289,1290,1291,1292,1293,1294,1295,1296,1297,1298,1299,1300,1301,1302,1303,1304,1305,1306,1307,1308,1309,1310,1311,1312,1313,1314,1315,1316,1317,1318,1319,1321,1322,1323,1325,1326,1327,1328,1329,1330,1331,1332,1333,1334
800	524,646,666,697,769,794,812,847,849,857,859,868,869,870,876,882,884,887,913,920,930,942,943,944,945,946,950,951,953,956,957,958,960,961,962,964,965,966,967,970,971,973,974,975,976,978,980,985,986,990,992,994,996,998,1000,1002,1003,1007,1010,1011,1012,1013,1014,1017,1018,1019,1021,1022,1023,1024,1026,1027,1028,1029,1030,1031,1033,1036,1039,1040,1042,1043,1045,1046,1047,1049,1050,1051,1053,1054,1055,1058,1059,1060,1065,1066,1067,1068,1069,1070,1071,1076,1077,1078,1079,1080,1082,1083,1084,1085,1086,1088,1089,1090,1091,1092,1094,1095,1096,1097,1098,1099,1101,1103,1105,1106,1107,1110,1111,1112,1113,1114,1116,1117,1118,1119,1120,1121,1122,1123,1124,1125,1126,1127,1128,1129,1130,1135,1136,1137,1139,1140,1142,1143,1144,1147,1148,1149,1150,1151,1152,1154,1155,1158,1162,1163,1164,1165,1166,1167,1168,1169,1170,1171,1172,1173,1174,1175,1176,1177,1178,1179,1180,1182,1183,1184,1185,1186,1187,1188,1189,1191,1192,1193,1194,1195,1196,1197,1198,1199,1200,1201,1202,1203,1204,1205,1206,1207,1208,1209,1210,1211,1212,1213,1214,1215,1216,1217,1218,1219,1220,1222,1223,1224,1225,1226,1227,1228,1229,1230,1231,1232,1233,1234,1235,1237,1238,1239,1240,1241,1242,1243,1244,1245,1246,1247,1248,1249,1250,1251,1252,1253,1254,1255,1256,1257,1258,1259,1260,1261,1262,1263,1264,1265,1266,1267,1268,1269,1270,1271,1272,1273,1274,1275,1276,1277,1278,1279,1280,1281,1282,1283,1284,1285,1286,1287,1288,1289,1290,1291,1292,1293,1294,1295,1296,1297,1298,1299,1300,1301,1302,1303,1304,1305,1306,1307,1308,1309,1310,1311,1312,1313,1314,1315,1316,1317,1318,1319,1321,1322,1323,1325,1326,1327,1328,1329,1330,1331,1332,1333,1334,1335,1336,1337,1338,1339,1340,1341,1342,1343,1344,1345,1346,1347,1348,1349,1350,1351,1353,1354,1355,1356,1357,1358,1359,1360,1361,1362,1363,1364,1365,1366,1367,1368,1369,1370,1371,1372,1373,1374,1375,1376,1378,1379,1380,1381,1382,1383,1384,1385,1386,1387
825	646,666,769,794,812,847,849,857,859,869,870,876,882,884,887,913,930,944,946,950,951,953,956,957,958,960,961,962,964,965,966,967,970,974,975,976,978,985,986,994,996,998,1002,1003,1007,1010,1011,1012,1014,1017,1019,1021,1022,1023,1026,1029,1030,1031,1033,1036,1043,1045,1053,1054,1055,1059,1060,1065,1066,1068,1069,1070,1071,1076,1077,1078,1080,1082,1083,1084,1085,1088,1090,1092,1094,1095,1096,1097,1098,1099,1101,1103,1106,1110,1111,1112,1113,1114,1116,1118,1119,1120,1121,1122,1123,1124,1125,1126,1127,1128,1130,1135,1136,1137,1139,1140,1142,1143,1147,1148,1149,1150,1151,1154,1155,1162,1165,1166,1167,1168,1169,1170,1171,1176,1179,1182,1183,1184,1185,1188,1191,1193,1195,1196,1197,1198,1199,1200,1201,1202,1203,1205,1206,1208,1209,1210,1211,1212,1213,1214,1215,1216,1217,1218,1219,1220,1222,1223,1224,1225,1226,1227,1228,1229,1230,1231,1232,1233,1234,1235,1237,1238,1239,1240,1241,1242,1243,1244,1245,1246,1247,1248,1249,1250,1251,1252,1253,1254,1255,1256,1257,1258,1259,1260,1261,1262,1263,1264,1265,1266,1267,1268,1269,1270,1271,1272,1273,1274,1275,1276,1277,1278,1279,1280,1281,1282,1283,1284,1285,1286,1287,1288,1289,1290,1291,1292,1293,1294,1295,1296,1297,1298,1299,1300,1301,1302,1303,1304,1305,1306,1307,1308,1309,1310,1311,1312,1313,1314,1315,1316,1317,1318,1319,1321,1322,1323,1325,1326,1327,1328,1329,1330,1331,1332,1333,1334,1335,1336,1337,1338,1339,1340,1341,1342,1343,1344,1345,1346,1347,1348,1349,1350,1351,1353,1354,1355,1356,1357,1358,1359,1360,1361,1362,1363,1364,1365,1366,1367,1368,1369,1370,1371,1372,1373,1374,1375,1376,1378,1379,1380,1381,1382,1383,1384,1385,1386,1387,1388,1389,1390,1391,1392,1393,1394,1395,1396,1397,1398,1399,1400,1401,1402,1403,1404,1405,1406,1407,1408,1409,1410,1411,1412,1413,1414,1415,1416,1417,1418,1419,1420,1421,1422,1423,1424,1425,1426,1427,1428,1429,1430,1431,1432,1433,1434,1435,1436,1437,1438,1439,1440,1441,1442,1443,1444,1445,1446,1447,1448,1449,1450,1451,1452,1453,1454,1455,1456,1457,1458,1459,1460,1461,1463,1464,1465,1466,1467,1468,1469,1470,1471,1472,1473,1474,1475,1476,1477,1478,1479,1480,1481,1482,1483,1484,1485,1486,1487,1488,1489,1490,1491,1492,1493,1494,1495,1496,1497
850	646,769,794,847,849,857,859,870,876,884,913,944,946,950,951,953,956,958,960,961,962,965,966,967,970,974,976,978,985,994,996,998,1002,1003,1007,1010,1012,1014,1017,1019,1021,1022,1023,1026,1029,1030,1031,1033,1036,1043,1045,1053,1054,1055,1060,1065,1066,1068,1069,1070,1071,1076,1077,1078,1080,1083,1084,1085,1092,1094,1095,1097,1101,1103,1106,1110,1113,1114,1116,1118,1119,1120,1121,1123,1124,1125,1127,1135,1136,1137,1139,1140,1143,1147,1149,1150,1154,1165,1166,1167,1169,1170,1171,1176,1179,1182,1183,1185,1188,1191,1193,1195,1196,1198,1199,1200,1201,1202,1203,1205,1206,1208,1209,1210,1211,1212,1213,1215,1216,1217,1220,1222,1223,1224,1225,1226,1227,1228,1229,1230,1231,1232,1233,1234,1235,1237,1238,1239,1240,1241,1242,1243,1244,1245,1246,1247,1248,1249,1250,1251,1252,1253,1254,1255,1256,1257,1258,1259,1260,1261,1262,1263,1264,1265,1266,1267,1268,1269,1270,1271,1272,1273,1274,1275,1276,1277,1278,1279,1280,1281,1282,1283,1284,1285,1286,1287,1288,1289,1290,1291,1292,1293,1294,1295,1296,1297,1298,1299,1300,1301,1302,1303,1304,1305,1306,1307,1308,1309,1310,1311,1312,1313,1314,1315,1316,1317,1318,1319,1321,1322,1323,1325,1326,1327,1328,1329,1330,1331,1332,1333,1334,1335,1336,1337,1338,1339,1340,1341,1342,1343,1344,1345,1346,1347,1348,1349,1350,1351,1353,1354,1355,1356,1357,1358,1359,1360,1361,1362,1363,1364,1365,1366,1367,1368,1369,1370,1371,1372,1373,1374,1375,1376,1378,1379,1380,1381,1382,1383,1384,1385,1386,1387,1388,1389,1390,1391,1392,1393,1394,1395,1396,1397,1398,1399,1400,1401,1402,1403,1404,1405,1406,1407,1408,1409,1410,1411,1412,1413,1414,1415,1416,1417,1418,1419,1420,1421,1422,1423,1424,1425,1426,1427,1428,1429,1430,1431,1432,1433,1434,1435,1436,1437,1438,1439,1440,1441,1442,1443,1444,1445,1446,1447,1448,1449,1450,1451,1452,1453,1454,1455,1456,1457,1458,1459,1460,1461,1463,1464,1465,1466,1467,1468,1469,1470,1471,1472,1473,1474,1475,1476,1477,1478,1479,1480,1481,1482,1483,1484,1485,1486,1487,1488,1489,1490,1491,1492,1493,1494,1495,1496,1497,1498,1499,1500,1501,1502,1503,1504,1505,1506,1507,1508,1509,1510,1511,1512,1513,1514,1515,1516,1517,1518,1519,1520,1521,1522,1523,1524,1525
875	646,794,847,849,857,859,870,876,913,944,951,953,956,958,960,961,962,965,967,970,974,976,978,985,994,996,998,1003,1007,1010,1012,1014,1017,1019,1021,1022,1023,1026,1029,1030,1031,1033,1036,1043,1045,1053,1054,1055,1060,1065,1071,1076,1078,1080,1083,1085,1092,1094,1095,1097,1103,1106,1113,1114,1116,1120,1121,1123,1127,1135,1143,1147,1149,1150,1154,1169,1170,1176,1179,1193,1195,1196,1199,1200,1201,1203,1205,1206,1208,1209,1211,1213,1215,1216,1217,1220,1222,1223,1224,1225,1227,1231,1232,1233,1234,1235,1237,1238,1240,1242,1243,1244,1245,1246,1247,1249,1250,1251,1252,1253,1255,1256,1257,1258,1259,1261,1262,1263,1264,1265,1266,1267,1268,1269,1271,1273,1274,1275,1277,1279,1280,1281,1283,1284,1285,1286,1287,1288,1289,1292,1294,1295,1297,1298,1299,1300,1301,1302,1303,1304,1305,1306,1307,1308,1309,1310,1311,1312,1313,1314,1315,1316,1317,1318,1319,1321,1322,1323,1325,1326,1327,1328,1329,1330,1331,1332,1333,1334,1335,1336,1337,1338,1339,1340,1341,1342,1343,1344,1345,1346,1347,1348,1349,1350,1351,1353,1354,1355,1356,1357,1358,1359,1360,1361,1362,1363,1364,1365,1366,1367,1368,1369,1370,1371,1372,1373,1374,1375,1376,1378,1379,1380,1381,1382,1383,1384,1385,1386,1387,1388,1389,1390,1391,1392,1393,1394,1395,1396,1397,1398,1399,1400,1401,1402,1403,1404,1405,1406,1407,1408,1409,1410,1411,1412,1413,1414,1415,1416,1417,1418,1419,1420,1421,1422,1423,1424,1425,1426,1427,1428,1429,1430,1431,1432,1433,1434,1435,1436,1437,1438,1439,1440,1441,1442,1443,1444,1445,1446,1447,1448,1449,1450,1451,1452,1453,1454,1455,1456,1457,1458,1459,1460,1461,1463,1464,1465,1466,1467,1468,1469,1470,1471,1472,1473,1474,1475,1476,1477,1478,1479,1480,1481,1482,1483,1484,1485,1486,1487,1488,1489,1490,1491,1492,1493,1494,1495,1496,1497,1498,1499,1500,1501,1502,1503,1504,1505,1506,1507,1508,1509,1510,1511,1512,1513,1514,1515,1516,1517,1518,1519,1520,1521,1522,1523,1524,1525,1526,1527,1528,1529,1530,1531,1532,1533,1534,1535,1536,1537,1538,1539,1540,1541,1542,1544,1546,1547,1548,1549,1550,1551,1552,1553,1554,1555,1556,1557,1558,1560,1561,1562
900	794,847,849,859,870,876,913,944,951,953,956,960,961,962,965,970,974,978,994,998,1010,1012,1014,1017,1019,1021,1022,1023,1026,1029,1031,1033,1036,1043,1053,1054,1060,1065,1071,1078,1080,1083,1085,1092,1094,1095,1097,1103,1106,1113,1114,1116,1120,1121,1127,1135,1143,1149,1150,1154,1169,1170,1176,1179,1195,1196,1200,1201,1203,1205,1206,1208,1209,1211,1215,1216,1220,1223,1224,1227,1232,1233,1235,1237,1240,1243,1244,1246,1251,1252,1255,1256,1258,1261,1262,1263,1265,1267,1268,1269,1271,1275,1277,1279,1280,1283,1284,1286,1288,1292,1295,1297,1298,1299,1300,1301,1303,1304,1306,1307,1308,1309,1311,1312,1313,1314,1315,1316,1317,1318,1321,1322,1323,1325,1326,1327,1328,1329,1330,1331,1332,1333,1334,1335,1336,1337,1338,1339,1340,1341,1342,1343,1344,1345,1346,1347,1348,1349,1350,1351,1353,1354,1355,1356,1357,1358,1359,1360,1361,1362,1363,1364,1365,1366,1367,1368,1369,1370,1371,1372,1373,1374,1375,1376,1378,1379,1380,1381,1382,1383,1384,1385,1386,1387,1388,1389,1390,1391,1392,1393,1394,1395,1396,1397,1398,1399,1400,1401,1402,1403,1404,1405,1406,1407,1408,1409,1410,1411,1412,1413,1414,1415,1416,1417,1418,1419,1420,1421,1422,1423,1424,1425,1426,1427,1428,1429,1430,1431,1432,1433,1434,1435,1436,1437,1438,1439,1440,1441,1442,1443,1444,1445,1446,1447,1448,1449,1450,1451,1452,1453,1454,1455,1456,1457,1458,1459,1460,1461,1463,1464,1465,1466,1467,1468,1469,1470,1471,1472,1473,1474,1475,1476,1477,1478,1479,1480,1481,1482,1483,1484,1485,1486,1487,1488,1489,1490,1491,1492,1493,1494,1495,1496,1497,1498,1499,1500,1501,1502,1503,1504,1505,1506,1507,1508,1509,1510,1511,1512,1513,1514,1515,1516,1517,1518,1519,1520,1521,1522,1523,1524,1525,1526,1527,1528,1529,1530,1531,1532,1533,1534,1535,1536,1537,1538,1539,1540,1541,1542,1544,1546,1547,1548,1549,1550,1551,1552,1553,1554,1555,1556,1557,1558,1560,1561,1562,1563,1564,1565,1566,1567,1568,1569,1570,1571,1572,1573,1574,1575,1576,1577,1578,1579,1580,1581,1582,1583,1584,1585,1586,1587,1588,1589,1590,1591,1592,1593,1594,1595,1596,1597,1598,1599,1600,1601,1602,1603,1604,1605,1606,1607,1608,1609,1610,1611,1612
925	794,849,859,870,913,944,951,960,961,962,974,978,994,1014,1017,1019,1026,1029,1031,1036,1043,1053,1054,1060,1065,1078,1083,1085,1092,1094,1095,1097,1103,1114,1116,1121,1135,1149,1169,1170,1176,1179,1195,1196,1201,1206,1208,1209,1211,1215,1216,1220,1223,1227,1232,1233,1235,1240,1243,1244,1246,1252,1255,1256,1258,1261,1262,1263,1265,1268,1269,1271,1275,1279,1280,1288,1292,1297,1299,1300,1301,1303,1304,1306,1307,1308,1309,1312,1313,1314,1315,1316,1317,1318,1321,1322,1325,1326,1327,1328,1329,1330,1331,1332,1335,1336,1337,1338,1339,1340,1341,1342,1343,1344,1345,1346,1347,1348,1349,1351,1353,1354,1356,1357,1358,1359,1360,1361,1362,1363,1364,1365,1366,1367,1368,1369,1370,1371,1372,1373,1374,1375,1376,1378,1379,1380,1381,1382,1383,1384,1385,1386,1387,1388,1389,1390,1391,1392,1393,1394,1395,1396,1397,1398,1399,1400,1401,1402,1403,1404,1405,1406,1407,1408,1409,1410,1411,1412,1413,1414,1415,1416,1417,1418,1419,1420,1421,1422,1423,1424,1425,1426,1427,1428,1429,1430,1431,1432,1433,1434,1435,1436,1437,1438,1439,1440,1441,1442,1443,1444,1445,1446,1447,1448,1449,1450,1451,1452,1453,1454,1455,1456,1457,1458,1459,1460,1461,1463,1464,1465,1466,1467,1468,1469,1470,1471,1472,1473,1474,1475,1476,1477,1478,1479,1480,1481,1482,1483,1484,1485,1486,1487,1488,1489,1490,1491,1492,1493,1494,1495,1496,1497,1498,1499,1500,1501,1502,1503,1504,1505,1506,1507,1508,1509,1510,1511,1512,1513,1514,1515,1516,1517,1518,1519,1520,1521,1522,1523,1524,1525,1526,1527,1528,1529,1530,1531,1532,1533,1534,1535,1536,1537,1538,1539,1540,1541,1542,1544,1546,1547,1548,1549,1550,1551,1552,1553,1554,1555,1556,1557,1558,1560,1561,1562,1563,1564,1565,1566,1567,1568,1569,1570,1571,1572,1573,1574,1575,1576,1577,1578,1579,1580,1581,1582,1583,1584,1585,1586,1587,1588,1589,1590,1591,1592,1593,1594,1595,1596,1597,1598,1599,1600,1601,1602,1603,1604,1605,1606,1607,1608,1609,1610,1611,1612,1613,1614,1615,1616,1617,1618,1619,1620,1621,1622,1623,1624,1625,1626,1627,1628,1629,1630,1631,1632,1633,1634,1635,1636,1637,1638,1639,1640,1641,1642,1643,1644,1645,1646,1647,1648,1650,1651,1652,1654
950	794,849,859,870,913,951,960,961,962,974,978,994,1014,1017,1019,1026,1029,1031,1043,1053,1054,1083,1085,1092,1103,1114,1121,1135,1169,1170,1176,1179,1196,1201,1206,1208,1209,1211,1215,1216,1220,1223,1227,1232,1233,1235,1243,1244,1246,1252,1255,1256,1258,1261,1262,1263,1265,1268,1269,1271,1275,1279,1280,1292,1297,1300,1301,1303,1304,1307,1308,1309,1312,1313,1314,1315,1317,1318,1321,1325,1326,1327,1329,1330,1331,1332,1335,1336,1337,1338,1339,1340,1341,1342,1343,1344,1345,1346,1347,1348,1349,1351,1353,1354,1356,1357,1358,1359,1362,1363,1365,1367,1370,1371,1372,1373,1374,1378,1379,1380,1381,1383,1385,1387,1389,1391,1392,1394,1395,1400,1404,1406,1407,1409,1410,1412,1415,1416,1418,1419,1420,1421,1423,1425,1428,1429,1430,1434,1436,1438,1439,1441,1442,1443,1444,1445,1446,1447,1450,1451,1452,1453,1455,1457,1459,1460,1461,1463,1464,1465,1466,1468,1469,1473,1474,1475,1476,1477,1478,1479,1480,1481,1482,1483,1484,1485,1486,1488,1489,1490,1491,1492,1493,1494,1495,1496,1497,1498,1499,1500,1501,1502,1503,1504,1505,1506,1507,1508,1509,1510,1511,1512,1513,1514,1515,1516,1517,1518,1519,1520,1521,1522,1523,1524,1525,1526,1527,1528,1529,1530,1531,1532,1533,1534,1535,1536,1537,1538,1539,1540,1541,1542,1544,1546,1547,1548,1549,1550,1551,1552,1553,1554,1555,1556,1557,1558,1560,1561,1562,1563,1564,1565,1566,1567,1568,1569,1570,1571,1572,1573,1574,1575,1576,1577,1578,1579,1580,1581,1582,1583,1584,1585,1586,1587,1588,1589,1590,1591,1592,1593,1594,1595,1596,1597,1598,1599,1600,1601,1602,1603,1604,1605,1606,1607,1608,1609,1610,1611,1612,1613,1614,1615,1616,1617,1618,1619,1620,1621,1622,1623,1624,1625,1626,1627,1628,1629,1630,1631,1632,1633,1634,1635,1636,1637,1638,1639,1640,1641,1642,1643,1644,1645,1646,1647,1648,1650,1651,1652,1654,1655,1658,1659,1660,1661,1662,1663,1664,1665,1666,1667,1668,1669,1670,1671,1672,1673,1674,1675,1676,1677,1678,1680,1681,1682
975	794,859,951,960,962,974,978,994,1014,1017,1019,1026,1031,1043,1053,1054,1083,1085,1092,1103,1114,1121,1169,1170,1179,1196,1201,1206,1208,1215,1216,1220,1223,1227,1232,1233,1235,1244,1246,1252,1255,1256,1258,1262,1263,1265,1268,1269,1271,1275,1279,1280,1297,1300,1303,1304,1307,1308,1309,1312,1313,1314,1317,1321,1326,1327,1331,1332,1337,1339,1341,1342,1349,1351,1353,1354,1356,1359,1362,1363,1367,1370,1371,1372,1373,1379,1380,1389,1394,1395,1407,1410,1415,1416,1420,1421,1423,1425,1429,1438,1439,1442,1443,1447,1452,1453,1460,1463,1465,1466,1468,1469,1475,1477,1479,1480,1481,1482,1483,1486,1488,1491,1492,1493,1496,1498,1500,1501,1503,1504,1505,1506,1507,1508,1509,1510,1511,1512,1513,1514,1515,1516,1517,1518,1519,1520,1521,1522,1523,1524,1525,1526,1527,1528,1529,1530,1531,1532,1533,1534,1535,1536,1537,1538,1539,1540,1541,1542,1544,1546,1547,1548,1549,1550,1551,1552,1553,1554,1555,1556,1557,1558,1560,1561,1562,1563,1564,1565,1566,1567,1568,1569,1570,1571,1572,1573,1574,1575,1576,1577,1578,1579,1580,1581,1582,1583,1584,1585,1586,1587,1588,1589,1590,1591,1592,1593,1594,1595,1596,1597,1598,1599,1600,1601,1602,1603,1604,1605,1606,1607,1608,1609,1610,1611,1612,1613,1614,1615,1616,1617,1618,1619,1620,1621,1622,1623,1624,1625,1626,1627,1628,1629,1630,1631,1632,1633,1634,1635,1636,1637,1638,1639,1640,1641,1642,1643,1644,1645,1646,1647,1648,1650,1651,1652,1654,1655,1658,1659,1660,1661,1662,1663,1664,1665,1666,1667,1668,1669,1670,1671,1672,1673,1674,1675,1676,1677,1678,1680,1681,1682,1683,1684,1685,1686,1687,1688,1689,1690,1691,1692,1693,1694,1695,1696,1697
1000	794,951,960,962,974,978,1014,1019,1026,1043,1053,1054,1085,1092,1103,1114,1121,1169,1170,1179,1196,1201,1206,1215,1220,1227,1232,1233,1244,1252,1255,1262,1263,1265,1268,1269,1271,1275,1280,1297,1300,1303,1304,1308,1309,1312,1313,1314,1317,1321,1327,1331,1337,1339,1341,1342,1349,1351,1354,1359,1363,1370,1371,1373,1379,1389,1407,1410,1415,1416,1420,1421,1423,1425,1438,1439,1443,1447,1452,1453,1463,1465,1468,1469,1475,1477,1479,1480,1481,1482,1483,1486,1488,1491,1492,1496,1501,1505,1507,1508,1509,1510,1511,1513,1514,1516,1518,1521,1524,1526,1528,1529,1532,1534,1535,1536,1538,1539,1540,1541,1542,1546,1547,1548,1549,1550,1551,1552,1553,1554,1555,1556,1557,1558,1560,1561,1562,1563,1564,1565,1566,1567,1568,1569,1570,1571,1572,1573,1574,1575,1576,1577,1578,1579,1580,1581,1582,1583,1584,1585,1586,1587,1588,1589,1590,1591,1592,1593,1594,1595,1596,1597,1598,1599,1600,1601,1602,1603,1604,1605,1606,1607,1608,1609,1610,1611,1612,1613,1614,1615,1616,1617,1618,1619,1620,1621,1622,1623,1624,1625,1626,1627,1628,1629,1630,1631,1632,1633,1634,1635,1636,1637,1638,1639,1640,1641,1642,1643,1644,1645,1646,1647,1648,1650,1651,1652,1654,1655,1658,1659,1660,1661,1662,1663,1664,1665,1666,1667,1668,1669,1670,1671,1672,1673,1674,1675,1676,1677,1678,1680,1681,1682,1683,1684,1685,1686,1687,1688,1689,1690,1691,1692,1693,1694,1695,1696,1697,1698,1699,1700,1701
1025	794,951,960,962,1026,1043,1085,1092,1103,1114,1169,1220,1227,1232,1252,1255,1263,1265,1268,1271,1280,1297,1303,1304,1321,1327,1331,1337,1339,1349,1351,1354,1359,1370,1371,1373,1379,1407,1410,1416,1421,1439,1443,1447,1452,1465,1469,1479,1480,1481,1483,1488,1505,1508,1509,1510,1511,1513,1516,1518,1521,1524,1528,1532,1535,1538,1539,1541,1547,1549,1551,1552,1553,1557,1561,1562,1567,1569,1571,1572,1573,1574,1575,1578,1580,1583,1584,1585,1586,1587,1588,1589,1590,1591,1592,1593,1594,1595,1596,1597,1598,1599,1600,1601,1602,1603,1604,1605,1606,1607,1608,1609,1610,1611,1612,1613,1614,1615,1616,1617,1618,1619,1620,1621,1622,1623,1624,1625,1626,1627,1628,1629,1630,1631,1632,1633,1634,1635,1636,1637,1638,1639,1640,1641,1642,1643,1644,1645,1646,1647,1648,1650,1651,1652,1654,1655,1658,1659,1660,1661,1662,1663,1664,1665,1666,1667,1668,1669,1670,1671,1672,1673,1674,1675,1676,1677,1678,1680,1681,1682,1683,1684,1685,1686,1687,1688,1689,1690,1691,1692,1693,1694,1695,1696,1697,1698,1699,1700,1701,1703,1704,1705,1706,1707,1708,1709,1710,1711,1712,1713,1714,1715,1716,1717,1718,1719,1720,1721
1050	794,951,960,962,1026,1043,1085,1092,1103,1114,1169,1220,1227,1232,1252,1255,1263,1265,1268,1271,1280,1321,1339,1349,1351,1354,1370,1371,1373,1379,1407,1410,1416,1421,1443,1447,1452,1465,1469,1479,1480,1481,1483,1488,1505,1508,1509,1510,1511,1513,1516,1521,1524,1532,1535,1539,1549,1552,1557,1561,1569,1571,1572,1574,1575,1578,1586,1587,1589,1590,1591,1593,1595,1596,1599,1601,1603,1604,1605,1607,1609,1610,1613,1615,1616,1617,1618,1619,1620,1622,1623,1624,1625,1626,1628,1630,1631,1636,1639,1640,1641,1642,1643,1644,1645,1647,1648,1650,1651,1652,1654,1655,1658,1659,1660,1661,1662,1663,1664,1665,1666,1667,1668,1669,1670,1671,1672,1673,1674,1675,1676,1677,1678,1680,1681,1682,1683,1684,1685,1686,1687,1688,1689,1690,1691,1692,1693,1694,1695,1696,1697,1698,1699,1700,1701,1703,1704,1705,1706,1707,1708,1709,1710,1711,1712,1713,1714,1715,1716,1717,1718,1719,1720,1721,1722,1723,1724,1725,1726,1727,1728,1729,1730,1731,1732,1733,1734,1735,1736,1737,1738,1739,1740,1741,1742,1743,1744,1745,1746,1747,1748,1749,1750,1751,1752,1753,1754,1755,1756,1757,1758,1759
1075	794,960,962,1026,1043,1085,1092,1103,1169,1220,1227,1232,1252,1255,1263,1265,1268,1271,1280,1339,1349,1351,1354,1373,1407,1410,1416,1447,1479,1481,1483,1488,1510,1511,1513,1516,1535,1539,1557,1561,1569,1571,1574,1575,1586,1587,1589,1590,1593,1595,1596,1599,1603,1604,1605,1607,1610,1616,1618,1619,1620,1622,1623,1624,1625,1631,1636,1639,1640,1642,1643,1644,1647,1648,1650,1651,1652,1654,1658,1659,1660,1661,1662,1663,1664,1665,1666,1667,1668,1669,1671,1672,1673,1674,1675,1676,1677,1678,1680,1681,1682,1683,1684,1685,1686,1687,1688,1689,1690,1691,1692,1693,1694,1695,1696,1697,1698,1699,1700,1701,1703,1704,1705,1706,1707,1708,1709,1710,1711,1712,1713,1714,1715,1716,1717,1718,1719,1720,1721,1722,1723,1724,1725,1726,1727,1728,1729,1730,1731,1732,1733,1734,1735,1736,1737,1738,1739,1740,1741,1742,1743,1744,1745,1746,1747,1748,1749,1750,1751,1752,1753,1754,1755,1756,1757,1758,1759,1760,1761,1762,1763,1764,1765,1766,1767,1768,1769,1770,1771,1772,1773,1774,1775,1776
1100	794,960,962,1026,1043,1085,1092,1103,1220,1227,1232,1252,1255,1263,1268,1280,1349,1351,1354,1373,1407,1410,1416,1447,1479,1481,1483,1488,1510,1511,1513,1516,1539,1557,1561,1569,1571,1574,1575,1589,1590,1593,1595,1596,1603,1604,1610,1616,1619,1620,1623,1624,1625,1631,1639,1642,1644,1647,1650,1651,1652,1654,1658,1659,1660,1661,1663,1664,1666,1667,1668,1669,1671,1672,1673,1675,1677,1678,1680,1681,1682,1683,1685,1686,1688,1690,1691,1692,1693,1694,1695,1696,1697,1698,1699,1700,1701,1703,1704,1705,1706,1707,1708,1709,1710,1711,1712,1713,1714,1715,1716,1717,1718,1719,1720,1721,1722,1723,1724,1725,1726,1727,1728,1729,1730,1731,1732,1733,1734,1735,1736,1737,1738,1739,1740,1741,1742,1743,1744,1745,1746,1747,1748,1749,1750,1751,1752,1753,1754,1755,1756,1757,1758,1759,1760,1761,1762,1763,1764,1765,1766,1767,1768,1769,1770,1771,1772,1773,1774,1775,1776,1777,1778,1779,1780,1781,1782,1783,1784,1785,1786,1787,1788,1789
1125	794,960,962,1026,1085,1092,1232,1252,1263,1280,1349,1351,1373,1407,1483,1510,1511,1513,1557,1569,1571,1574,1575,1589,1593,1595,1596,1603,1604,1616,1619,1620,1624,1625,1631,1639,1642,1644,1647,1651,1652,1654,1658,1661,1664,1666,1667,1671,1672,1673,1677,1678,1680,1681,1682,1683,1685,1686,1688,1690,1691,1692,1693,1694,1695,1696,1699,1700,1701,1703,1704,1705,1706,1707,1708,1709,1710,1711,1712,1713,1714,1715,1716,1717,1718,1719,1720,1721,1722,1723,1724,1725,1726,1727,1728,1729,1730,1731,1732,1733,1734,1735,1736,1737,1738,1739,1740,1741,1742,1743,1744,1745,1746,1747,1748,1749,1750,1751,1752,1753,1754,1755,1756,1757,1758,1759,1760,1761,1762,1763,1764,1765,1766,1767,1768,1769,1770,1771,1772,1773,1774,1775,1776,1777,1778,1779,1780,1781,1782,1783,1784,1785,1786,1787,1788,1789,1790
1150	794,960,962,1026,1092,1280,1349,1351,1511,1557,1589,1593,1595,1596,1603,1616,1619,1620,1624,1625,1631,1639,1644,1647,1651,1652,1654,1661,1666,1673,1677,1680,1682,1683,1685,1693,1694,1695,1696,1699,1700,1701,1703,1704,1705,1706,1707,1708,1709,1710,1711,1712,1713,1714,1715,1716,1717,1718,1719,1720,1721,1722,1723,1724,1725,1726,1727,1728,1729,1730,1731,1732,1733,1734,1735,1736,1737,1738,1739,1740,1741,1742,1743,1744,1745,1746,1747,1748,1749,1750,1751,1752,1753,1754,1755,1756,1757,1758,1759,1760,1761,1762,1763,1764,1765,1766,1767,1768,1769,1770,1771,1772,1773,1774,1775,1776,1777,1778,1779,1780,1781,1782,1783,1784,1785,1786,1787,1788,1789,1790,1791,1792,1793,1794,1795,1796,1797
1175	794,960,962,1092,1280,1351,1511,1557,1589,1596,1616,1619,1620,1624,1625,1631,1639,1644,1647,1651,1652,1654,1661,1666,1673,1677,1680,1682,1685,1693,1695,1696,1700,1707,1708,1709,1710,1711,1714,1715,1716,1717,1718,1719,1720,1721,1722,1723,1725,1726,1727,1729,1730,1731,1732,1735,1737,1739,1740,1743,1744,1745,1746,1747,1748,1749,1750,1751,1752,1753,1754,1755,1756,1757,1758,1759,1760,1761,1762,1763,1764,1765,1766,1767,1768,1769,1770,1771,1772,1773,1774,1775,1776,1777,1778,1779,1780,1781,1782,1783,1784,1785,1786,1787,1788,1789,1790,1791,1792,1793,1794,1795,1796,1797,1798,1799
1200	794,960,1092,1280,1351,1511,1557,1589,1616,1619,1620,1624,1625,1631,1644,1647,1651,1652,1654,1661,1673,1680,1682,1695,1696,1700,1707,1709,1710,1711,1715,1716,1717,1718,1719,1720,1721,1722,1723,1725,1726,1727,1729,1730,1732,1735,1739,1740,1743,1745,1746,1747,1748,1749,1751,1752,1753,1754,1755,1756,1757,1758,1759,1760,1762,1764,1765,1766,1768,1769,1770,1771,1772,1773,1774,1775,1776,1777,1778,1779,1780,1781,1782,1783,1784,1785,1786,1787,1788,1789,1790,1791,1792,1793,1794,1795,1796,1797,1798,1799,1800
1225	794,1092,1351,1511,1557,1589,1616,1619,1620,1624,1631,1644,1652,1654,1661,1673,1680,1682,1695,1696,1700,1707,1711,1717,1719,1722,1723,1725,1726,1732,1735,1739,1743,1745,1746,1747,1748,1749,1752,1753,1754,1760,1764,1765,1766,1768,1776,1778,1779,1780,1781,1783,1784,1785,1786,1787,1788,1789,1790,1791,1792,1793,1794,1795,1796,1797,1798,1799,1800,1801,1802,1803
1250	794,1351,1511,1589,1616,1619,1620,1624,1631,1644,1652,1654,1661,1673,1680,1682,1695,1707,1711,1717,1719,1723,1726,1732,1735,1739,1743,1745,1746,1749,1752,1753,1754,1764,1768,1776,1779,1780,1784,1785,1786,1787,1788,1790,1791,1792,1793,1794,1795,1796,1797,1798,1799,1800,1801,1802,1803,1804,1805,1806,1807,1808,1809,1810,1811,1812,1813,1814,1815,1816,1817,1818,1819,1820,1821,1822,1823,1824,1825,1826
1275	1351,1589,1616,1620,1624,1631,1652,1654,1680,1695,1723,1726,1732,1739,1743,1745,1746,1749,1752,1753,1754,1764,1768,1780,1784,1785,1786,1788,1797,1798,1799,1800,1801,1802,1803,1804,1805,1806,1807,1808,1809,1810,1811,1812,1813,1814,1815,1816,1817,1818,1819,1820,1821,1822,1823,1824,1825,1826,1828,1829,1830,1831,1832,1833,1834,1835,1836,1837,1838,1839,1840,1841,1842,1843
1300	1351,1589,1616,1624,1631,1654,1680,1695,1723,1726,1732,1739,1752,1753,1754,1764,1768,1784,1785,1786,1788,1797,1798,1799,1800,1801,1802,1803,1804,1805,1806,1807,1808,1809,1810,1811,1812,1813,1814,1815,1816,1817,1818,1819,1820,1821,1822,1823,1824,1825,1826,1828,1829,1830,1831,1832,1833,1834,1835,1836,1837,1838,1839,1840,1841,1842,1843,1844,1845,1846,1847,1848,1849,1850,1851
1325	1351,1589,1616,1624,1631,1654,1680,1695,1723,1732,1739,1752,1753,1764,1768,1784,1785,1786,1797,1799,1800,1801,1802,1803,1804,1805,1806,1807,1808,1809,1810,1811,1812,1813,1814,1815,1816,1817,1818,1819,1820,1821,1822,1823,1824,1825,1826,1828,1829,1830,1831,1832,1833,1834,1835,1836,1837,1838,1839,1840,1841,1842,1843,1844,1845,1846,1847,1848,1849,1850,1851,1852,1853,1854,1855,1856,1857,1858,1859,1860,1861,1862,1863,1864,1865,1866,1867,1868,1869,1870,1871,1872,1873,1874
1350	1351,1589,1616,1624,1631,1680,1695,1723,1752,1753,1764,1768,1785,1786,1797,1799,1801,1802,1803,1804,1805,1806,1807,1808,1809,1810,1811,1812,1813,1814,1815,1816,1817,1818,1819,1820,1821,1822,1823,1824,1825,1826,1828,1829,1830,1831,1832,1833,1834,1835,1836,1837,1838,1839,1840,1841,1842,1843,1844,1845,1846,1847,1848,1849,1850,1851,1852,1853,1854,1855,1856,1857,1858,1859,1860,1861,1862,1863,1864,1865,1866,1867,1868,1869,1870,1871,1872,1873,1874,1875,1876,1877,1878,1880,1881,1882,1883,1884
1375	1351,1589,1616,1624,1631,1680,1695,1723,1752,1764,1785,1786,1797,1799,1802,1803,1804,1805,1806,1807,1808,1810,1811,1812,1814,1815,1816,1817,1818,1819,1820,1821,1822,1823,1824,1825,1826,1828,1829,1830,1831,1832,1833,1834,1835,1836,1837,1838,1839,1840,1841,1842,1843,1844,1845,1846,1847,1848,1849,1850,1851,1852,1853,1854,1855,1856,1857,1858,1859,1860,1861,1862,1863,1864,1865,1866,1867,1868,1869,1870,1871,1872,1873,1874,1875,1876,1877,1878,1880,1881,1882,1883,1884,1885,1886,1887,1888,1889,1890,1891,1892,1893,1894,1895,1896,1897,1898,1899,1900,1901,1902,1903,1904,1905,1907,1908,1909,1910,1911,1912,1913,1914,1915,1916
1400	1351,1624,1680,1695,1723,1752,1764,1785,1786,1797,1799,1802,1803,1804,1805,1808,1810,1811,1812,1814,1815,1816,1818,1819,1820,1821,1822,1824,1825,1830,1831,1833,1834,1835,1836,1837,1838,1839,1840,1841,1842,1843,1844,1845,1846,1847,1848,1849,1850,1851,1852,1853,1854,1855,1856,1857,1858,1859,1860,1861,1862,1863,1864,1865,1866,1867,1868,1869,1870,1871,1872,1873,1874,1875,1876,1877,1878,1880,1881,1882,1883,1884,1885,1886,1887,1888,1889,1890,1891,1892,1893,1894,1895,1896,1897,1898,1899,1900,1901,1902,1903,1904,1905,1907,1908,1909,1910,1911,1912,1913,1914,1915,1916,1917,1918,1919,1920,1921,1922,1923,1924,1925,1926,1927
1425	1351,1624,1680,1695,1723,1764,1785,1786,1797,1799,1802,1803,1804,1805,1808,1810,1811,1812,1814,1815,1816,1818,1819,1820,1821,1822,1824,1825,1830,1834,1835,1836,1837,1838,1840,1841,1842,1844,1845,1846,1849,1850,1851,1852,1853,1854,1855,1856,1857,1858,1859,1860,1861,1862,1863,1864,1865,1866,1867,1868,1869,1870,1871,1872,1873,1874,1875,1876,1877,1878,1880,1881,1882,1883,1884,1885,1886,1887,1888,1889,1890,1891,1892,1893,1894,1895,1896,1897,1898,1899,1900,1901,1902,1903,1904,1905,1907,1908,1909,1910,1911,1912,1913,1914,1915,1916,1917,1918,1919,1920,1921,1922,1923,1924,1925,1926,1927,1928,1929,1930,1931,1932,1933,1934,1935,1936,1937,1938,1939,1940,1941,1942,1943,1944,1945,1946,1947,1948
1450	1351,1624,1680,1695,1723,1785,1786,1797,1799,1802,1803,1804,1805,1810,1811,1814,1816,1818,1819,1820,1824,1825,1830,1834,1835,1836,1838,1840,1841,1842,1844,1845,1846,1849,1850,1851,1852,1853,1854,1855,1856,1857,1858,1859,1861,1862,1863,1864,1866,1867,1868,1869,1870,1871,1872,1873,1874,1875,1876,1877,1878,1880,1881,1882,1883,1884,1885,1886,1887,1888,1889,1890,1891,1892,1893,1894,1895,1896,1897,1898,1899,1900,1901,1902,1903,1904,1905,1907,1908,1909,1910,1911,1912,1913,1914,1915,1916,1917,1918,1919,1920,1921,1922,1923,1924,1925,1926,1927,1928,1929,1930,1931,1932,1933,1934,1935,1936,1937,1938,1939,1940,1941,1942,1943,1944,1945,1946,1947,1948,1949,1950,1952,1953,1955
1475	1351,1624,1680,1695,1723,1785,1786,1797,1799,1802,1803,1804,1805,1810,1811,1816,1818,1819,1820,1825,1834,1835,1836,1838,1840,1841,1844,1846,1850,1851,1852,1853,1854,1855,1856,1857,1858,1859,1861,1862,1863,1864,1869,1870,1871,1875,1876,1878,1880,1881,1882,1883,1884,1885,1886,1887,1888,1889,1890,1891,1892,1893,1894,1895,1896,1897,1898,1899,1900,1901,1902,1903,1904,1905,1907,1908,1909,1910,1911,1912,1913,1914,1915,1916,1917,1918,1919,1920,1921,1922,1923,1924,1925,1926,1927,1928,1929,1930,1931,1932,1933,1934,1935,1936,1937,1938,1939,1940,1941,1942,1943,1944,1945,1946,1947,1948,1949,1950,1952,1953,1955,1956,1957,1958,1959,1960,1961,1962,1963,1964,1965
1500	1351,1624,1680,1723,1785,1786,1797,1799,1802,1803,1804,1805,1811,1816,1819,1820,1825,1834,1835,1836,1838,1840,1841,1844,1846,1850,1851,1852,1853,1854,1855,1857,1861,1862,1863,1864,1869,1870,1876,1878,1880,1881,1882,1883,1884,1885,1887,1888,1890,1891,1892,1893,1894,1895,1896,1897,1898,1899,1900,1901,1902,1903,1904,1905,1907,1908,1909,1910,1911,1912,1913,1914,1915,1916,1917,1918,1919,1920,1921,1922,1923,1924,1925,1926,1927,1928,1929,1930,1931,1932,1933,1934,1935,1936,1937,1938,1939,1940,1941,1942,1943,1944,1945,1946,1947,1948,1949,1950,1952,1953,1955,1956,1957,1958,1959,1960,1961,1962,1963,1964,1965,1966
1525	1351,1624,1723,1786,1797,1799,1802,1803,1804,1811,1816,1819,1820,1825,1834,1836,1840,1841,1846,1850,1853,1854,1855,1857,1861,1863,1880,1882,1883,1884,1885,1887,1888,1890,1892,1893,1897,1899,1900,1901,1902,1904,1905,1908,1909,1911,1912,1913,1915,1916,1917,1918,1920,1923,1927,1928,1929,1930,1931,1932,1933,1934,1935,1936,1937,1938,1939,1940,1941,1942,1943,1944,1945,1946,1947,1948,1949,1950,1952,1953,1955,1956,1957,1958,1959,1960,1961,1962,1963,1964,1965,1966
1550	1624,1723,1797,1799,1803,1816,1819,1820,1825,1834,1836,1840,1841,1846,1850,1861,1880,1884,1888,1890,1893,1902,1904,1905,1908,1909,1911,1912,1913,1915,1916,1917,1918,1920,1923,1927,1928,1931,1932,1933,1934,1935,1936,1937,1938,1939,1940,1941,1942,1943,1944,1945,1946,1947,1948,1949,1950,1952,1953,1955,1956,1957,1958,1959,1960,1961,1962,1963,1964,1965,1966,1968,1969,1970,1971,1972,1973,1974
1575	1624,1723,1797,1803,1819,1820,1825,1836,1840,1841,1846,1850,1861,1880,1884,1888,1890,1893,1902,1904,1909,1911,1912,1913,1916,1918,1920,1928,1932,1933,1934,1935,1936,1937,1938,1939,1942,1944,1949,1950,1952,1953,1956,1957,1958,1959,1960,1961,1962,1963,1964,1965,1966,1968,1969,1970,1971,1972,1973,1974,1975,1976,1977,1978,1979,1980,1981
1600	1624,1723,1803,1820,1825,1836,1840,1846,1850,1861,1888,1890,1893,1902,1904,1909,1911,1913,1918,1920,1932,1935,1936,1937,1944,1949,1952,1953,1956,1957,1958,1960,1961,1965,1966,1968,1969,1970,1971,1972,1973,1974,1975,1976,1977,1978,1979,1980,1981,1982,1983,1984,1985,1986,1987,1988,1989,1990,1991,1992,1993,1994,1995,1996
1625	1624,1723,1836,1846,1850,1888,1890,1893,1902,1904,1909,1911,1913,1918,1920,1936,1944,1953,1966,1968,1969,1970,1971,1972,1973,1974,1975,1976,1977,1978,1979,1980,1981,1982,1983,1984,1985,1986,1987,1988,1989,1990,1991,1992,1993,1994,1995,1996,1997,1998,1999,2000,2001,2002,2003,2004,2005,2006,2007,2008,2009,2010,2011,2012
1650	1624,1723,1846,1850,1888,1890,1893,1902,1904,1909,1911,1913,1918,1920,1953,1966,1968,1969,1970,1971,1972,1973,1974,1975,1976,1977,1978,1979,1980,1981,1982,1983,1984,1985,1986,1987,1988,1989,1990,1991,1992,1993,1994,1995,1996,1997,1998,1999,2000,2001,2002,2003,2004,2005,2006,2007,2008,2009,2010,2011,2012,2013,2014,2015,2016,2017,2018,2019,2020,2022
1675	1624,1723,1846,1890,1893,1902,1904,1911,1913,1918,1920,1953,1966,1969,1970,1971,1972,1973,1974,1975,1976,1977,1978,1979,1980,1981,1982,1983,1984,1985,1986,1987,1988,1989,1990,1991,1992,1993,1994,1995,1996,1997,1998,1999,2000,2001,2002,2003,2004,2005,2006,2007,2008,2009,2010,2011,2012,2013,2014,2015,2016,2017,2018,2019,2020,2022,2023,2024,2025,2026,2027,2028,2029,2030
1700	1723,1846,1893,1902,1911,1918,1920,1953,1966,1969,1970,1971,1972,1973,1974,1975,1976,1977,1978,1979,1980,1981,1982,1983,1984,1985,1986,1987,1988,1989,1990,1991,1992,1993,1994,1995,1996,1997,1998,1999,2000,2001,2002,2003,2004,2005,2006,2007,2008,2009,2010,2011,2012,2013,2014,2015,2016,2017,2018,2019,2020,2022,2023,2024,2025,2026,2027,2028,2029,2030,2031,2032,2033,2034,2035,2036,2037,2038,2039,2040,2041,2042,2043,2044,2046
1725	1846,1893,1902,1911,1918,1920,1953,1966,1969,1970,1971,1972,1974,1975,1976,1977,1978,1979,1980,1981,1982,1983,1984,1985,1986,1987,1988,1989,1990,1991,1992,1993,1994,1995,1996,1997,1998,1999,2000,2001,2002,2003,2004,2005,2006,2007,2008,2009,2010,2011,2012,2013,2014,2015,2016,2017,2018,2019,2020,2022,2023,2024,2025,2026,2027,2028,2029,2030,2031,2032,2033,2034,2035,2036,2037,2038,2039,2040,2041,2042,2043,2044,2046,2047,2048,2049,2050,2052,2053
1750	1846,1893,1902,1918,1920,1953,1966,1969,1972,1974,1975,1976,1977,1979,1981,1982,1983,1984,1985,1986,1987,1988,1990,1991,1993,1994,1995,1996,1997,1998,1999,2000,2001,2002,2003,2004,2005,2006,2007,2008,2010,2011,2012,2013,2014,2015,2016,2017,2018,2019,2020,2022,2023,2024,2025,2026,2027,2028,2029,2030,2031,2032,2033,2034,2035,2036,2037,2038,2039,2040,2041,2042,2043,2044,2046,2047,2048,2049,2050,2052,2053,2054,2055,2056,2057,2058,2059,2060,2061
1775	1846,1893,1902,1918,1920,1953,1966,1969,1972,1974,1975,1979,1981,1982,1983,1984,1985,1986,1987,1988,1990,1991,1993,1994,1995,1996,1997,1998,1999,2000,2001,2003,2004,2005,2006,2007,2008,2010,2011,2012,2013,2014,2015,2016,2017,2019,2020,2022,2023,2024,2025,2026,2027,2028,2029,2030,2031,2032,2033,2034,2035,2036,2037,2038,2039,2040,2041,2042,2043,2044,2046,2047,2048,2049,2050,2052,2053,2054,2055,2056,2057,2058,2059,2060,2061,2062,2064,2065,2066,2067,2068,2069,2070,2071,2072,2073,2074
1800	1846,1893,1902,1918,1966,1972,1974,1975,1979,1981,1982,1983,1984,1986,1987,1988,1990,1991,1993,1995,1996,1997,1998,2001,2005,2006,2008,2010,2011,2012,2015,2016,2017,2019,2020,2023,2025,2026,2027,2028,2029,2030,2031,2032,2033,2034,2035,2036,2037,2038,2039,2040,2041,2042,2043,2044,2046,2047,2048,2049,2050,2052,2053,2054,2055,2056,2057,2058,2059,2060,2061,2062,2064,2065,2066,2067,2068,2069,2070,2071,2072,2073,2074,2075,2076
1825	1846,1893,1902,1966,1972,1974,1975,1979,1981,1982,1983,1984,1987,1988,1990,1991,1993,1995,1996,1997,1998,2001,2005,2008,2012,2015,2017,2019,2023,2025,2026,2028,2029,2030,2033,2038,2039,2040,2041,2042,2043,2044,2046,2047,2048,2049,2050,2052,2053,2054,2055,2056,2057,2058,2059,2060,2061,2062,2064,2065,2066,2067,2068,2069,2070,2071,2072,2073,2074,2075,2076,2077,2078
1850	1846,1966,1972,1974,1975,1981,1983,1984,1987,1988,1990,1991,1993,1995,1996,1997,1998,2001,2005,2008,2012,2015,2017,2023,2025,2026,2029,2030,2042,2043,2044,2046,2047,2048,2049,2050,2052,2053,2054,2055,2056,2057,2058,2059,2060,2061,2062,2064,2065,2066,2067,2068,2069,2070,2071,2072,2073,2074,2075,2076,2077,2078,2080,2081,2082,2083,2084
1875	1846,1966,1972,1974,1975,1981,1984,1987,1988,1990,1993,1995,1996,1998,2001,2005,2008,2012,2015,2017,2023,2025,2026,2029,2043,2044,2047,2048,2049,2052,2054,2056,2057,2058,2059,2060,2061,2062,2064,2065,2066,2067,2068,2069,2070,2071,2072,2073,2074,2075,2076,2077,2078,2080,2081,2082,2083,2084
1900	1972,1974,1975,1981,1984,1987,1988,1990,1993,1995,1996,1998,2005,2008,2012,2017,2023,2025,2026,2029,2043,2044,2047,2048,2052,2054,2056,2057,2058,2060,2061,2062,2064,2066,2067,2069,2070,2071,2072,2073,2074,2075,2076,2077,2078,2080,2081,2082,2083,2084,2086,2087,2088,2089,2090,2091,2092,2093,2094,2095,2096,2097,2098,2099,2100,2101,2102
1925	1972,1974,1975,1984,1987,1988,1993,1995,1996,1998,2005,2012,2017,2023,2026,2044,2052,2054,2056,2057,2058,2060,2061,2062,2064,2066,2067,2069,2070,2071,2072,2073,2074,2077,2078,2080,2081,2082,2083,2084,2086,2087,2088,2089,2090,2091,2092,2093,2094,2095,2096,2097,2098,2099,2100,2101,2102,2103,2105,2106,2107,2108,2109,2110,2111,2112,2114,2115,2116,2117,2118,2119,2120,2121,2122,2123,2124,2125,2127,2128,2129
1950	1975,1984,1993,1995,1996,2005,2012,2026,2044,2052,2054,2056,2057,2058,2060,2061,2062,2064,2066,2067,2069,2070,2072,2073,2074,2077,2078,2080,2081,2082,2083,2084,2086,2087,2088,2089,2090,2091,2092,2093,2094,2095,2096,2097,2098,2099,2100,2101,2102,2103,2105,2106,2107,2108,2109,2110,2111,2112,2114,2115,2116,2117,2118,2119,2120,2121,2122,2123,2124,2125,2127,2128,2129,2130,2131,2132,2133,2134,2135,2136,2137,2138,2139,2140
1975	1975,1993,1995,1996,2012,2026,2054,2056,2058,2062,2064,2066,2067,2069,2070,2072,2073,2077,2078,2083,2084,2086,2087,2088,2089,2090,2091,2092,2093,2094,2095,2096,2097,2098,2099,2100,2101,2102,2103,2105,2106,2107,2108,2109,2110,2111,2112,2114,2115,2116,2117,2118,2119,2120,2121,2122,2123,2124,2125,2127,2128,2129,2130,2131,2132,2133,2134,2135,2136,2137,2138,2139,2140,2141,2142,2143,2144,2145,2146,2147,2148,2149,2150,2151,2152,2153,2154,2155,2156,2157,2158,2159,2160,2161,2162,2163,2164,2165,2166,2167,2168,2169,2170,2172,2173,2174,2175,2176,2177,2178,2179,2180,2181,2182,2183,2184,2185,2186,2187,2188,2189,2190
2000	1975,1993,1995,1996,2012,2026,2056,2062,2064,2066,2070,2072,2077,2078,2083,2084,2086,2087,2088,2089,2090,2091,2092,2093,2094,2095,2096,2097,2098,2099,2100,2101,2102,2103,2105,2106,2107,2108,2109,2110,2111,2112,2114,2115,2116,2117,2118,2119,2120,2121,2122,2123,2124,2125,2127,2128,2129,2130,2131,2132,2133,2134,2135,2136,2137,2138,2139,2140,2141,2142,2143,2144,2145,2146,2147,2148,2149,2150,2151,2152,2153,2154,2155,2156,2157,2158,2159,2160,2161,2162,2163,2164,2165,2166,2167,2168,2169,2170,2172,2173,2174,2175,2176,2177,2178,2179,2180,2181,2182,2183,2184,2185,2186,2187,2188,2189,2190,2191,2192,2193,2194,2195,2196,2197,2198,2199,2200,2201,2202,2203,2204,2205,2206,2207,2208,2209,2210,2212,2213,2214,2215,2216,2217,2218,2219,2220,2221,2222,2224,2225,2226,2227,2228,2229,2230,2231,2232
2025	1975,1993,1995,2056,2062,2064,2066,2070,2077,2078,2083,2084,2086,2087,2088,2089,2090,2091,2092,2093,2094,2095,2096,2097,2098,2099,2100,2101,2102,2103,2105,2106,2107,2108,2109,2110,2111,2112,2114,2115,2116,2117,2118,2119,2120,2121,2122,2123,2124,2125,2127,2128,2129,2130,2131,2132,2133,2134,2135,2136,2137,2138,2139,2140,2141,2142,2143,2144,2145,2146,2147,2148,2149,2150,2151,2152,2153,2154,2155,2156,2157,2158,2159,2160,2161,2162,2163,2164,2165,2166,2167,2168,2169,2170,2172,2173,2174,2175,2176,2177,2178,2179,2180,2181,2182,2183,2184,2185,2186,2187,2188,2189,2190,2191,2192,2193,2194,2195,2196,2197,2198,2199,2200,2201,2202,2203,2204,2205,2206,2207,2208,2209,2210,2212,2213,2214,2215,2216,2217,2218,2219,2220,2221,2222,2224,2225,2226,2227,2228,2229,2230,2231,2232,2233,2234,2235,2236,2237,2238,2239,2240,2241,2242,2243,2244,2245,2246,2247,2248
2050	1975,1993,1995,2056,2064,2066,2070,2077,2078,2084,2086,2087,2088,2089,2090,2091,2092,2093,2094,2095,2097,2098,2100,2101,2102,2103,2105,2106,2107,2108,2109,2110,2111,2112,2114,2115,2116,2117,2118,2119,2120,2121,2122,2123,2124,2125,2127,2128,2129,2130,2131,2132,2133,2134,2135,2136,2137,2138,2139,2140,2141,2142,2143,2144,2145,2146,2147,2148,2149,2150,2151,2152,2153,2154,2155,2156,2157,2158,2159,2160,2161,2162,2163,2164,2165,2166,2167,2168,2169,2170,2172,2173,2174,2175,2176,2177,2178,2179,2180,2181,2182,2183,2184,2185,2186,2187,2188,2189,2190,2191,2192,2193,2194,2195,2196,2197,2198,2199,2200,2201,2202,2203,2204,2205,2206,2207,2208,2209,2210,2212,2213,2214,2215,2216,2217,2218,2219,2220,2221,2222,2224,2225,2226,2227,2228,2229,2230,2231,2232,2233,2234,2235,2236,2237,2238,2239,2240,2241,2242,2243,2244,2245,2246,2247,2248,2249,2250,2251,2252,2253,2255,2256,2257,2258,2261,2262,2263,2264,2265,2266,2267,2268,2269,2270
2075	1975,1993,1995,2064,2066,2070,2077,2078,2084,2086,2087,2088,2089,2090,2091,2092,2093,2094,2095,2097,2098,2100,2101,2102,2103,2105,2106,2107,2108,2109,2110,2111,2112,2114,2115,2116,2117,2118,2119,2120,2121,2122,2123,2124,2125,2127,2128,2129,2130,2131,2132,2133,2134,2135,2136,2137,2138,2139,2140,2141,2142,2143,2144,2145,2146,2147,2148,2149,2150,2151,2152,2153,2154,2155,2156,2157,2158,2159,2160,2161,2162,2163,2164,2165,2166,2167,2168,2169,2170,2172,2173,2174,2175,2176,2177,2178,2179,2180,2181,2182,2183,2184,2185,2186,2187,2188,2189,2190,2191,2192,2193,2194,2195,2196,2197,2198,2199,2200,2201,2202,2203,2204,2205,2206,2207,2208,2209,2210,2212,2213,2214,2215,2216,2217,2218,2219,2220,2221,2222,2224,2225,2226,2227,2228,2229,2230,2231,2232,2233,2234,2235,2236,2237,2238,2239,2240,2241,2242,2243,2244,2245,2246,2247,2248,2249,2250,2251,2252,2253,2255,2256,2257,2258,2261,2262,2263,2264,2265,2266,2267,2268,2269,2270,2271,2272,2273,2274,2275,2276,2277,2278,2279,2280,2281,2282,2283,2284,2285,2286,2287,2288,2289,2290,2291,2292,2293,2294,2295,2296,2297,2298,2299,2300
2100	1975,1993,1995,2064,2066,2070,2077,2078,2084,2086,2087,2088,2089,2090,2091,2092,2093,2094,2095,2097,2100,2101,2102,2103,2105,2106,2107,2108,2109,2110,2111,2112,2114,2115,2116,2117,2118,2119,2121,2122,2123,2124,2125,2127,2128,2129,2130,2131,2132,2134,2136,2137,2138,2139,2140,2141,2142,2143,2145,2147,2148,2149,2151,2152,2153,2154,2155,2156,2158,2159,2160,2161,2163,2164,2165,2167,2168,2169,2170,2172,2173,2174,2175,2176,2177,2178,2179,2180,2181,2182,2183,2184,2185,2186,2187,2188,2189,2190,2191,2192,2193,2194,2195,2196,2197,2198,2199,2200,2201,2202,2203,2204,2205,2206,2207,2208,2209,2210,2212,2213,2214,2215,2216,2217,2218,2219,2220,2221,2222,2224,2225,2226,2227,2228,2229,2230,2231,2232,2233,2234,2235,2236,2237,2238,2239,2240,2241,2242,2243,2244,2245,2246,2247,2248,2249,2250,2251,2252,2253,2255,2256,2257,2258,2261,2262,2263,2264,2265,2266,2267,2268,2269,2270,2271,2272,2273,2274,2275,2276,2277,2278,2279,2280,2281,2282,2283,2284,2285,2286,2287,2288,2289,2290,2291,2292,2293,2294,2295,2296,2297,2298,2299,2300,2301,2302,2303,2304,2305,2306,2307,2308,2309,2310,2311,2312,2313,2314,2315,2317,2318,2319,2320,2321,2322,2323,2324,2325,2326,2327,2328,2329,2330,2331,2332,2333,2334,2335,2336,2337,2338,2339,2340,2341,2342,2343,2344,2345,2346,2347,2348,2349,2350,2351,2352,2353,2354,2355,2356,2357,2358,2359,2360,2361,2362,2363,2364,2365,2366,2367,2368,2369,2370,2371,2372,2373,2374,2375,2376,2377,2378,2379
2125	1993,2064,2070,2078,2086,2087,2088,2090,2092,2093,2103,2105,2106,2107,2108,2109,2114,2122,2124,2129,2131,2136,2137,2141,2143,2147,2149,2151,2152,2154,2159,2160,2161,2163,2165,2169,2170,2173,2177,2179,2182,2183,2184,2186,2187,2188,2189,2190,2192,2193,2194,2195,2196,2197,2199,2200,2201,2202,2204,2205,2206,2207,2208,2209,2210,2212,2213,2218,2219,2220,2221,2224,2227,2228,2229,2230,2231,2232,2233,2234,2235,2236,2237,2238,2239,2240,2241,2242,2243,2244,2245,2246,2247,2248,2249,2250,2251,2252,2253,2255,2256,2257,2258,2261,2262,2263,2264,2265,2266,2267,2268,2269,2270,2271,2272,2273,2274,2275,2276,2277,2278,2279,2280,2281,2282,2283,2284,2285,2286,2287,2288,2289,2290,2291,2292,2293,2294,2295,2296,2297,2298,2299,2300,2301,2302,2303,2304,2305,2306,2307,2308,2309,2310,2311,2312,2313,2314,2315,2317,2318,2319,2320,2321,2322,2323,2324,2325,2326,2327,2328,2329,2330,2331,2332,2333,2334,2335,2336,2337,2338,2339,2340,2341,2342,2343,2344,2345,2346,2347,2348,2349,2350,2351,2352,2353,2354,2355,2356,2357,2358,2359,2360,2361,2362,2363,2364,2365,2366,2367,2368,2369,2370,2371,2372,2373,2374,2375,2376,2377,2378,2379,2380,2381,2382,2383,2384,2385,2386,2387,2388,2389,2390,2391,2392,2393,2394,2395,2397,2398,2399,2400,2402,2403,2404,2405,2406,2407,2408,2409,2410,2411,2412,2413,2414,2415,2416,2417,2418,2419,2420,2421,2422,2423
2150	2070,2103,2106,2107,2108,2131,2149,2165,2169,2170,2173,2177,2179,2183,2184,2187,2189,2190,2192,2193,2196,2197,2205,2206,2208,2218,2219,2224,2229,2230,2231,2232,2233,2234,2235,2236,2237,2238,2239,2240,2241,2242,2243,2244,2245,2246,2247,2248,2249,2250,2251,2252,2253,2255,2256,2257,2258,2261,2262,2263,2264,2265,2266,2267,2268,2269,2270,2271,2272,2273,2274,2275,2276,2277,2278,2279,2280,2281,2282,2283,2284,2285,2286,2287,2288,2289,2290,2291,2292,2293,2294,2295,2296,2297,2298,2299,2300,2301,2302,2303,2304,2305,2306,2307,2308,2309,2310,2311,2312,2313,2314,2315,2317,2318,2319,2320,2321,2322,2323,2324,2325,2326,2327,2328,2329,2330,2331,2332,2333,2334,2335,2336,2337,2338,2339,2340,2341,2342,2343,2344,2345,2346,2347,2348,2349,2350,2351,2352,2353,2354,2355,2356,2357,2358,2359,2360,2361,2362,2363,2364,2365,2366,2367,2368,2369,2370,2371,2372,2373,2374,2375,2376,2377,2378,2379,2380,2381,2382,2383,2384,2385,2386,2387,2388,2389,2390,2391,2392,2393,2394,2395,2397,2398,2399,2400,2402,2403,2404,2405,2406,2407,2408,2409,2410,2411,2412,2413,2414,2415,2416,2417,2418,2419,2420,2421,2422,2423,2424,2425,2426,2427,2428,2429,2430,2431,2432,2433,2434,2435,2436,2437,2438,2439,2440,2441,2442,2443,2444,2445,2446,2447,2448,2449,2450,2451,2452,2453,2454,2455,2456,2457,2458,2459,2460,2461,2462,2463,2464,2465,2467,2468,2469,2470,2471,2472,2473,2474,2475,2476,2477,2478,2479,2480,2481,2482,2483,2484,2485,2486,2487,2488,2489,2490
2175	2070,2103,2106,2107,2108,2131,2149,2165,2169,2170,2173,2177,2179,2183,2184,2187,2189,2190,2192,2193,2196,2197,2205,2208,2218,2219,2224,2229,2230,2231,2232,2233,2234,2236,2237,2238,2239,2240,2241,2242,2244,2245,2246,2247,2248,2249,2250,2251,2252,2253,2255,2256,2257,2258,2261,2262,2263,2265,2266,2267,2268,2269,2270,2271,2272,2273,2274,2275,2276,2277,2278,2279,2280,2281,2282,2283,2284,2285,2286,2287,2288,2289,2290,2291,2292,2293,2294,2295,2296,2297,2298,2299,2300,2301,2302,2303,2304,2305,2306,2307,2308,2309,2310,2311,2312,2313,2314,2315,2317,2318,2319,2320,2321,2322,2323,2324,2325,2326,2327,2328,2329,2330,2331,2332,2333,2334,2335,2336,2337,2338,2339,2340,2341,2342,2343,2344,2345,2346,2347,2348,2349,2350,2351,2352,2353,2354,2355,2356,2357,2358,2359,2360,2361,2362,2363,2364,2365,2366,2367,2368,2369,2370,2371,2372,2373,2374,2375,2376,2377,2378,2379,2380,2381,2382,2383,2384,2385,2386,2387,2388,2389,2390,2391,2392,2393,2394,2395,2397,2398,2399,2400,2402,2403,2404,2405,2406,2407,2408,2409,2410,2411,2412,2413,2414,2415,2416,2417,2418,2419,2420,2421,2422,2423,2424,2425,2426,2427,2428,2429,2430,2431,2432,2433,2434,2435,2436,2437,2438,2439,2440,2441,2442,2443,2444,2445,2446,2447,2448,2449,2450,2451,2452,2453,2454,2455,2456,2457,2458,2459,2460,2461,2462,2463,2464,2465,2467,2468,2469,2470,2471,2472,2473,2474,2475,2476,2477,2478,2479,2480,2481,2482,2483,2484,2485,2486,2487,2488,2489,2490,2491,2492,2493,2495,2496,2497,2498,2499,2500,2501,2502,2503,2504,2505,2506,2507,2508,2509,2510,2511,2512,2513,2514,2515,2516,2517,2518,2519,2520,2521,2522,2523,2524,2525,2526,2527,2529,2530,2531,2532,2533,2534,2535,2536,2537,2538,2539,2540
2200	2070,2103,2106,2107,2108,2131,2149,2165,2169,2170,2173,2177,2179,2183,2184,2187,2189,2190,2192,2193,2196,2197,2205,2208,2219,2224,2229,2230,2231,2233,2234,2236,2237,2238,2239,2240,2241,2242,2244,2245,2246,2247,2248,2249,2250,2252,2253,2255,2256,2257,2258,2261,2262,2263,2265,2266,2267,2268,2269,2270,2271,2272,2273,2274,2275,2276,2278,2279,2280,2281,2282,2283,2284,2285,2286,2287,2288,2289,2290,2291,2292,2293,2294,2295,2296,2297,2298,2299,2300,2301,2302,2303,2304,2305,2306,2307,2308,2309,2310,2311,2312,2313,2314,2315,2317,2318,2319,2320,2321,2322,2323,2324,2325,2326,2327,2328,2329,2330,2331,2332,2333,2334,2335,2336,2337,2338,2339,2340,2341,2342,2343,2344,2345,2346,2347,2348,2349,2350,2351,2352,2353,2354,2355,2356,2357,2358,2359,2360,2361,2362,2363,2364,2365,2366,2367,2368,2369,2370,2371,2372,2373,2374,2375,2376,2377,2378,2379,2380,2381,2382,2383,2384,2385,2386,2387,2388,2389,2390,2391,2392,2393,2394,2395,2397,2398,2399,2400,2402,2403,2404,2405,2406,2407,2408,2409,2410,2411,2412,2413,2414,2415,2416,2417,2418,2419,2420,2421,2422,2423,2424,2425,2426,2427,2428,2429,2430,2431,2432,2433,2434,2435,2436,2437,2438,2439,2440,2441,2442,2443,2444,2445,2446,2447,2448,2449,2450,2451,2452,2453,2454,2455,2456,2457,2458,2459,2460,2461,2462,2463,2464,2465,2467,2468,2469,2470,2471,2472,2473,2474,2475,2476,2477,2478,2479,2480,2481,2482,2483,2484,2485,2486,2487,2488,2489,2490,2491,2492,2493,2495,2496,2497,2498,2499,2500,2501,2502,2503,2504,2505,2506,2507,2508,2509,2510,2511,2512,2513,2514,2515,2516,2517,2518,2519,2520,2521,2522,2523,2524,2525,2526,2527,2529,2530,2531,2532,2533,2534,2535,2536,2537,2538,2539,2540,2541,2542,2543,2544,2545,2546,2547,2548,2549,2550,2551,2552,2553,2554,2555,2556,2557,2558,2559,2560,2561
2225	2070,2103,2106,2107,2108,2131,2149,2165,2169,2170,2173,2177,2179,2183,2184,2187,2189,2190,2192,2193,2196,2197,2205,2208,2219,2224,2229,2230,2231,2233,2234,2236,2237,2238,2239,2240,2241,2242,2244,2245,2246,2247,2248,2250,2252,2253,2255,2256,2257,2258,2261,2262,2263,2265,2266,2267,2268,2269,2270,2271,2272,2273,2274,2275,2276,2278,2279,2280,2281,2282,2283,2284,2285,2286,2287,2288,2289,2290,2291,2292,2293,2294,2295,2296,2297,2298,2299,2301,2302,2303,2304,2305,2306,2307,2309,2310,2311,2312,2313,2314,2315,2317,2318,2319,2320,2321,2322,2323,2324,2325,2326,2327,2328,2329,2332,2333,2334,2335,2336,2337,2338,2339,2340,2341,2342,2343,2344,2346,2347,2348,2349,2350,2351,2353,2354,2355,2356,2357,2359,2360,2361,2362,2363,2364,2365,2366,2367,2368,2369,2370,2371,2372,2373,2374,2375,2376,2377,2378,2379,2380,2381,2382,2383,2384,2385,2386,2387,2388,2389,2390,2391,2392,2393,2394,2395,2397,2398,2399,2400,2402,2403,2404,2405,2406,2407,2408,2409,2410,2411,2412,2413,2414,2415,2416,2417,2418,2419,2420,2421,2422,2423,2424,2425,2426,2427,2428,2429,2430,2431,2432,2433,2434,2435,2436,2437,2438,2439,2440,2441,2442,2443,2444,2445,2446,2447,2448,2449,2450,2451,2452,2453,2454,2455,2456,2457,2458,2459,2460,2461,2462,2463,2464,2465,2467,2468,2469,2470,2471,2472,2473,2474,2475,2476,2477,2478,2479,2480,2481,2482,2483,2484,2485,2486,2487,2488,2489,2490,2491,2492,2493,2495,2496,2497,2498,2499,2500,2501,2502,2503,2504,2505,2506,2507,2508,2509,2510,2511,2512,2513,2514,2515,2516,2517,2518,2519,2520,2521,2522,2523,2524,2525,2526,2527,2529,2530,2531,2532,2533,2534,2535,2536,2537,2538,2539,2540,2541,2542,2543,2544,2545,2546,2547,2548,2549,2550,2551,2552,2553,2554,2555,2556,2557,2558,2559,2560,2561,2562,2563,2564,2565,2566,2567,2568,2569,2570,2571,2572,2573,2574,2575,2576,2577,2578,2579,2580,2581,2582,2583
2250	2070,2103,2106,2107,2108,2131,2149,2165,2169,2170,2173,2177,2179,2183,2184,2187,2189,2192,2193,2196,2197,2205,2208,2219,2224,2229,2230,2231,2233,2236,2237,2238,2239,2240,2241,2242,2244,2245,2246,2247,2248,2250,2252,2253,2255,2256,2257,2258,2261,2263,2265,2266,2267,2269,2270,2271,2273,2274,2275,2276,2279,2280,2281,2282,2283,2284,2285,2286,2287,2288,2290,2291,2292,2293,2294,2295,2296,2297,2298,2299,2302,2303,2304,2305,2306,2307,2310,2311,2312,2314,2315,2317,2318,2319,2320,2321,2322,2323,2324,2326,2327,2329,2332,2333,2334,2335,2336,2337,2338,2339,2340,2341,2342,2343,2346,2347,2348,2349,2350,2351,2353,2354,2355,2356,2357,2359,2360,2361,2362,2363,2364,2365,2366,2367,2368,2369,2370,2371,2372,2373,2374,2375,2376,2377,2380,2381,2382,2383,2385,2386,2387,2388,2389,2392,2393,2394,2395,2397,2398,2399,2400,2402,2403,2404,2405,2406,2407,2408,2409,2410,2411,2412,2413,2414,2415,2416,2417,2418,2419,2420,2421,2422,2423,2424,2425,2426,2427,2428,2429,2430,2431,2432,2433,2434,2435,2436,2437,2438,2439,2440,2441,2442,2443,2444,2445,2446,2447,2448,2449,2450,2451,2452,2453,2454,2455,2456,2457,2458,2459,2460,2461,2462,2463,2464,2465,2467,2468,2469,2470,2471,2472,2473,2474,2475,2476,2477,2478,2479,2480,2481,2482,2483,2484,2485,2486,2487,2488,2489,2490,2491,2492,2493,2495,2496,2497,2498,2499,2500,2501,2502,2503,2504,2505,2506,2507,2508,2509,2510,2511,2512,2513,2514,2515,2516,2517,2518,2519,2520,2521,2522,2523,2524,2525,2526,2527,2529,2530,2531,2532,2533,2534,2535,2536,2537,2538,2539,2540,2541,2542,2543,2544,2545,2546,2547,2548,2549,2550,2551,2552,2553,2554,2555,2556,2557,2558,2559,2560,2561,2562,2563,2564,2565,2566,2567,2568,2569,2570,2571,2572,2573,2574,2575,2576,2577,2578,2579,2580,2581,2582,2583,2584,2585,2586,2587,2588,2589,2590,2591,2592,2593,2594,2595,2596,2597,2598,2599,2600,2601,2602,2603,2604,2605,2606,2607,2608,2609,2610,2611,2612,2613,2614,2615,2616,2617,2618,2619,2620,2621,2622,2623,2624,2625,2626,2627,2628,2629,2630,2631,2632,2633,2634,2635,2636,2637,2638,2639,2640,2641,2642,2643,2644,2645,2646,2647,2648,2649,2650,2651,2652,2653,2654,2655,2656,2657,2658
2275	2070,2103,2106,2108,2131,2149,2170,2173,2179,2184,2187,2189,2192,2193,2197,2205,2208,2219,2224,2229,2230,2231,2233,2236,2237,2238,2239,2241,2244,2245,2248,2250,2252,2253,2255,2257,2258,2261,2263,2265,2267,2269,2270,2271,2273,2274,2276,2280,2281,2282,2283,2284,2285,2287,2288,2290,2291,2292,2293,2295,2296,2298,2299,2303,2304,2305,2306,2307,2310,2311,2312,2314,2315,2317,2318,2319,2320,2321,2322,2323,2324,2326,2327,2332,2333,2334,2335,2336,2337,2339,2340,2341,2342,2346,2347,2348,2349,2350,2351,2353,2354,2355,2356,2357,2359,2361,2362,2363,2364,2365,2366,2367,2368,2369,2370,2371,2373,2374,2375,2376,2377,2380,2382,2383,2385,2386,2387,2388,2389,2392,2393,2395,2397,2398,2399,2400,2402,2404,2405,2406,2407,2408,2409,2410,2413,2414,2415,2416,2417,2418,2419,2420,2421,2422,2423,2424,2426,2428,2429,2430,2431,2432,2433,2435,2436,2437,2438,2440,2441,2442,2443,2444,2445,2446,2448,2452,2453,2454,2455,2457,2458,2460,2461,2462,2463,2464,2467,2468,2469,2470,2471,2472,2473,2474,2475,2477,2478,2479,2480,2481,2482,2483,2484,2485,2486,2487,2488,2489,2490,2491,2492,2493,2495,2496,2497,2498,2499,2500,2501,2502,2503,2504,2505,2506,2507,2508,2509,2510,2511,2512,2513,2514,2515,2516,2517,2518,2519,2520,2521,2522,2523,2524,2525,2526,2527,2529,2530,2531,2532,2533,2534,2535,2536,2537,2538,2539,2540,2541,2542,2543,2544,2545,2546,2547,2548,2549,2550,2551,2552,2553,2554,2555,2556,2557,2558,2559,2560,2561,2562,2563,2564,2565,2566,2567,2568,2569,2570,2571,2572,2573,2574,2575,2576,2577,2578,2579,2580,2581,2582,2583,2584,2585,2586,2587,2588,2589,2590,2591,2592,2593,2594,2595,2596,2597,2598,2599,2600,2601,2602,2603,2604,2605,2606,2607,2608,2609,2610,2611,2612,2613,2614,2615,2616,2617,2618,2619,2620,2621,2622,2623,2624,2625,2626,2627,2628,2629,2630,2631,2632,2633,2634,2635,2636,2637,2638,2639,2640,2641,2642,2643,2644,2645,2646,2647,2648,2649,2650,2651,2652,2653,2654,2655,2656,2657,2658,2659,2660,2661,2662,2663,2664,2665,2666,2667,2668,2669,2670,2671,2672,2673,2674,2675,2676,2677,2678,2679,2680
2300	2070,2170,2179,2187,2193,2197,2208,2224,2229,2236,2238,2239,2241,2244,2245,2248,2250,2252,2253,2257,2261,2263,2265,2267,2269,2270,2271,2274,2276,2280,2281,2282,2283,2284,2285,2287,2290,2293,2296,2298,2299,2303,2304,2305,2307,2310,2311,2312,2314,2315,2317,2319,2320,2321,2322,2323,2324,2326,2327,2333,2335,2337,2339,2340,2341,2342,2346,2347,2349,2351,2353,2355,2356,2361,2362,2363,2366,2367,2368,2369,2370,2373,2374,2375,2376,2377,2380,2382,2383,2386,2387,2389,2392,2393,2395,2397,2399,2400,2402,2404,2405,2406,2407,2408,2409,2413,2414,2416,2417,2419,2420,2421,2422,2423,2424,2426,2428,2429,2430,2431,2432,2433,2435,2436,2437,2440,2441,2442,2443,2444,2445,2446,2448,2452,2453,2454,2455,2457,2458,2460,2461,2463,2467,2470,2471,2474,2475,2478,2480,2482,2483,2485,2486,2488,2490,2491,2493,2495,2496,2497,2498,2500,2502,2503,2504,2505,2506,2507,2509,2510,2511,2512,2513,2514,2515,2516,2517,2518,2519,2520,2521,2522,2523,2524,2525,2526,2527,2529,2530,2531,2533,2534,2535,2536,2537,2538,2539,2540,2541,2542,2543,2544,2545,2546,2547,2548,2549,2550,2551,2552,2553,2554,2555,2556,2557,2558,2559,2560,2561,2562,2563,2564,2565,2566,2567,2568,2569,2570,2571,2572,2573,2574,2575,2576,2577,2578,2579,2580,2581,2582,2583,2584,2585,2586,2587,2588,2589,2590,2591,2592,2593,2594,2595,2596,2597,2598,2599,2600,2601,2602,2603,2604,2605,2606,2607,2608,2609,2610,2611,2612,2613,2614,2615,2616,2617,2618,2619,2620,2621,2622,2623,2624,2625,2626,2627,2628,2629,2630,2631,2632,2633,2634,2635,2636,2637,2638,2639,2640,2641,2642,2643,2644,2645,2646,2647,2648,2649,2650,2651,2652,2653,2654,2655,2656,2657,2658,2659,2660,2661,2662,2663,2664,2665,2666,2667,2668,2669,2670,2671,2672,2673,2674,2675,2676,2677,2678,2679,2680,2681,2682,2683,2684,2685,2686,2687,2688,2689,2690,2691,2692,2693,2694,2695,2697,2698,2699,2700,2701,2702,2703,2704,2705,2706,2707,2708,2709,2710,2711,2712,2713,2714,2715,2716,2717,2718,2719,2720,2721,2722,2723,2724,2725,2726,2727,2728,2729,2730,2731,2732,2733
2325	2179,2187,2193,2197,2208,2224,2238,2239,2241,2244,2245,2248,2250,2252,2253,2257,2261,2263,2265,2267,2270,2271,2274,2276,2281,2282,2283,2284,2285,2287,2290,2293,2296,2304,2305,2307,2311,2312,2315,2317,2319,2320,2321,2322,2324,2327,2335,2337,2340,2341,2342,2346,2347,2349,2351,2353,2355,2361,2362,2363,2366,2367,2368,2370,2373,2374,2375,2376,2377,2380,2382,2383,2386,2387,2389,2392,2393,2395,2397,2399,2400,2404,2405,2406,2407,2408,2409,2414,2419,2421,2422,2423,2424,2426,2429,2430,2432,2436,2437,2441,2442,2443,2444,2445,2446,2448,2452,2453,2454,2457,2458,2460,2461,2467,2470,2471,2474,2475,2478,2480,2482,2483,2486,2488,2490,2491,2493,2496,2497,2498,2502,2504,2505,2506,2507,2509,2510,2511,2513,2514,2515,2516,2517,2518,2519,2520,2521,2522,2523,2525,2526,2529,2530,2531,2535,2537,2538,2539,2540,2541,2542,2543,2544,2545,2546,2547,2548,2549,2550,2551,2552,2553,2554,2556,2557,2558,2559,2560,2561,2562,2563,2564,2565,2566,2567,2568,2569,2570,2571,2572,2573,2574,2575,2576,2577,2578,2579,2580,2581,2582,2583,2584,2585,2586,2587,2588,2589,2590,2591,2592,2593,2594,2595,2596,2597,2598,2599,2600,2601,2602,2603,2604,2605,2606,2607,2608,2609,2610,2611,2612,2613,2614,2615,2616,2617,2618,2619,2620,2621,2622,2623,2624,2625,2626,2627,2628,2629,2630,2631,2632,2633,2634,2635,2636,2637,2638,2639,2640,2641,2642,2643,2644,2645,2646,2647,2648,2649,2650,2651,2652,2653,2654,2655,2656,2657,2658,2659,2660,2661,2662,2663,2664,2665,2666,2667,2668,2669,2670,2671,2672,2673,2674,2675,2676,2677,2678,2679,2680,2681,2682,2683,2684,2685,2686,2687,2688,2689,2690,2691,2692,2693,2694,2695,2697,2698,2699,2700,2701,2702,2703,2704,2705,2706,2707,2708,2709,2710,2711,2712,2713,2714,2715,2716,2717,2718,2719,2720,2721,2722,2723,2724,2725,2726,2727,2728,2729,2730,2731,2732,2733,2734,2735,2736,2737,2738,2739,2740,2741,2742,2743,2744,2745,2746,2747,2748,2749,2750,2751,2752,2753,2754,2755,2756,2757,2758,2759,2760,2761,2762,2763,2764,2765,2766,2767,2768,2769,2770,2771,2772,2773,2774,2775,2776,2778,2779,2780,2781,2782
2350	2197,2208,2238,2239,2241,2244,2245,2248,2250,2252,2253,2257,2261,2270,2271,2274,2276,2281,2282,2284,2287,2290,2293,2296,2304,2307,2311,2315,2317,2319,2320,2321,2324,2327,2335,2337,2341,2346,2353,2361,2362,2363,2366,2368,2370,2374,2375,2377,2380,2382,2383,2386,2387,2392,2393,2395,2397,2400,2404,2407,2414,2421,2422,2423,2424,2429,2432,2436,2437,2441,2442,2443,2446,2453,2457,2458,2461,2467,2471,2474,2478,2482,2483,2488,2490,2491,2493,2497,2498,2506,2507,2509,2511,2513,2514,2516,2517,2518,2519,2520,2521,2522,2523,2525,2526,2529,2530,2531,2535,2538,2539,2540,2541,2542,2543,2545,2546,2548,2549,2550,2551,2552,2553,2554,2556,2557,2558,2559,2560,2561,2562,2563,2564,2565,2567,2568,2569,2570,2571,2572,2573,2574,2575,2576,2577,2578,2579,2580,2581,2582,2583,2584,2585,2586,2587,2588,2589,2590,2591,2592,2593,2594,2595,2596,2597,2598,2599,2600,2601,2602,2603,2604,2605,2606,2607,2608,2609,2610,2611,2612,2613,2614,2615,2616,2617,2618,2619,2620,2621,2622,2623,2624,2625,2626,2627,2628,2629,2630,2631,2632,2633,2634,2635,2636,2637,2638,2639,2640,2641,2642,2643,2644,2645,2646,2647,2648,2649,2650,2651,2652,2653,2654,2655,2656,2657,2658,2659,2660,2661,2662,2663,2664,2665,2666,2667,2668,2669,2670,2671,2672,2673,2674,2675,2676,2677,2678,2679,2680,2681,2682,2683,2684,2685,2686,2687,2688,2689,2690,2691,2692,2693,2694,2695,2697,2698,2699,2700,2701,2702,2703,2704,2705,2706,2707,2708,2709,2710,2711,2712,2713,2714,2715,2716,2717,2718,2719,2720,2721,2722,2723,2724,2725,2726,2727,2728,2729,2730,2731,2732,2733,2734,2735,2736,2737,2738,2739,2740,2741,2742,2743,2744,2745,2746,2747,2748,2749,2750,2751,2752,2753,2754,2755,2756,2757,2758,2759,2760,2761,2762,2763,2764,2765,2766,2767,2768,2769,2770,2771,2772,2773,2774,2775,2776,2778,2779,2780,2781,2782,2783,2784,2785,2786,2787,2788,2789,2790,2791,2794,2795,2796,2797,2798,2799,2800,2801,2802,2803,2804,2805,2806,2807,2808,2809,2810,2811,2812,2813,2814,2815,2816,2817,2818,2819,2820,2821,2822,2823,2824,2825
2375	2197,2208,2239,2241,2244,2245,2250,2252,2257,2261,2270,2271,2274,2281,2284,2287,2290,2293,2296,2304,2307,2311,2315,2317,2319,2320,2321,2324,2327,2337,2341,2346,2353,2361,2362,2368,2370,2374,2375,2380,2382,2383,2387,2393,2395,2397,2400,2404,2407,2414,2421,2422,2423,2424,2432,2436,2437,2441,2442,2443,2446,2453,2461,2467,2471,2474,2478,2482,2483,2490,2491,2493,2498,2506,2507,2509,2513,2514,2516,2518,2519,2520,2521,2522,2525,2526,2531,2535,2538,2539,2540,2542,2543,2545,2546,2548,2549,2551,2552,2553,2554,2557,2558,2559,2560,2562,2563,2564,2565,2567,2568,2570,2571,2572,2575,2576,2577,2578,2579,2580,2581,2582,2584,2586,2587,2588,2589,2590,2591,2592,2593,2594,2595,2596,2600,2601,2602,2603,2604,2605,2606,2607,2608,2609,2610,2611,2612,2614,2615,2616,2617,2618,2619,2620,2621,2622,2623,2624,2625,2626,2627,2628,2630,2632,2633,2634,2635,2636,2637,2638,2640,2641,2642,2643,2644,2645,2646,2647,2648,2649,2650,2651,2652,2653,2654,2655,2656,2657,2658,2659,2660,2661,2662,2663,2664,2665,2666,2667,2668,2669,2670,2671,2672,2673,2674,2675,2676,2677,2678,2679,2680,2681,2682,2683,2684,2685,2686,2687,2688,2689,2690,2691,2692,2693,2694,2695,2697,2698,2699,2700,2701,2702,2703,2704,2705,2706,2707,2708,2709,2710,2711,2712,2713,2714,2715,2716,2717,2718,2719,2720,2721,2722,2723,2724,2725,2726,2727,2728,2729,2730,2731,2732,2733,2734,2735,2736,2737,2738,2739,2740,2741,2742,2743,2744,2745,2746,2747,2748,2749,2750,2751,2752,2753,2754,2755,2756,2757,2758,2759,2760,2761,2762,2763,2764,2765,2766,2767,2768,2769,2770,2771,2772,2773,2774,2775,2776,2778,2779,2780,2781,2782,2783,2784,2785,2786,2787,2788,2789,2790,2791,2794,2795,2796,2797,2798,2799,2800,2801,2802,2803,2804,2805,2806,2807,2808,2809,2810,2811,2812,2813,2814,2815,2816,2817,2818,2819,2820,2821,2822,2823,2824,2825,2826,2827,2828,2829,2830,2831,2832,2833,2834,2835,2836,2837,2838,2839,2840,2841,2842,2843,2844,2846,2847,2848
2400	2197,2208,2239,2241,2244,2245,2250,2252,2257,2261,2270,2271,2274,2284,2287,2290,2296,2304,2307,2315,2319,2324,2327,2337,2341,2346,2353,2361,2362,2368,2370,2374,2375,2380,2382,2383,2393,2395,2397,2400,2404,2414,2421,2422,2423,2424,2432,2437,2441,2443,2446,2453,2461,2467,2471,2474,2482,2483,2490,2491,2493,2498,2506,2507,2513,2514,2516,2518,2519,2520,2526,2531,2535,2538,2539,2540,2542,2545,2546,2548,2551,2552,2553,2554,2557,2558,2560,2562,2563,2564,2567,2568,2570,2571,2576,2577,2578,2579,2580,2582,2584,2586,2588,2589,2590,2591,2592,2593,2594,2595,2596,2601,2602,2603,2604,2605,2606,2607,2608,2609,2610,2611,2614,2617,2618,2619,2620,2621,2623,2624,2626,2627,2628,2630,2632,2633,2634,2635,2636,2637,2638,2640,2641,2642,2644,2645,2646,2648,2649,2650,2653,2654,2655,2657,2658,2659,2660,2661,2662,2663,2664,2665,2666,2667,2668,2669,2670,2671,2672,2673,2674,2675,2676,2677,2678,2679,2680,2681,2682,2683,2684,2685,2686,2687,2688,2689,2690,2691,2692,2693,2694,2695,2697,2698,2699,2700,2701,2702,2703,2704,2705,2706,2707,2708,2709,2710,2711,2712,2713,2714,2715,2716,2717,2718,2719,2720,2721,2722,2723,2724,2725,2726,2727,2728,2729,2730,2731,2732,2733,2734,2735,2736,2737,2738,2739,2740,2741,2742,2743,2744,2745,2746,2747,2748,2749,2750,2751,2752,2753,2754,2755,2756,2757,2758,2759,2760,2761,2762,2763,2764,2765,2766,2767,2768,2769,2770,2771,2772,2773,2774,2775,2776,2778,2779,2780,2781,2782,2783,2784,2785,2786,2787,2788,2789,2790,2791,2794,2795,2796,2797,2798,2799,2800,2801,2802,2803,2804,2805,2806,2807,2808,2809,2810,2811,2812,2813,2814,2815,2816,2817,2818,2819,2820,2821,2822,2823,2824,2825,2826,2827,2828,2829,2830,2831,2832,2833,2834,2835,2836,2837,2838,2839,2840,2841,2842,2843,2844,2846,2847,2848,2849,2850,2852,2853,2854,2855,2856,2857,2858,2859,2860,2861,2862,2863,2864,2865,2866,2867,2868,2869,2871,2872,2873,2874,2875,2876,2877,2878,2879,2880,2881,2882,2883,2884,2885,2886,2887,2888,2889,2891,2892
2425	2197,2208,2239,2244,2245,2257,2261,2271,2274,2284,2287,2290,2296,2304,2307,2315,2319,2324,2327,2337,2341,2346,2353,2361,2362,2368,2375,2380,2382,2383,2393,2395,2397,2400,2404,2414,2421,2422,2423,2424,2432,2437,2441,2453,2461,2467,2471,2474,2490,2491,2498,2506,2513,2514,2516,2518,2520,2526,2531,2535,2538,2539,2540,2542,2545,2546,2552,2553,2557,2558,2560,2562,2563,2564,2567,2568,2570,2576,2577,2578,2579,2580,2582,2584,2589,2590,2592,2593,2594,2595,2596,2601,2602,2603,2605,2606,2608,2609,2610,2611,2614,2617,2618,2619,2621,2623,2624,2627,2628,2630,2632,2633,2634,2635,2636,2637,2638,2640,2641,2645,2649,2650,2653,2654,2655,2657,2658,2659,2660,2661,2662,2663,2664,2665,2666,2667,2669,2670,2671,2672,2673,2674,2675,2676,2677,2678,2679,2681,2682,2684,2685,2686,2687,2688,2689,2690,2691,2693,2694,2695,2697,2699,2700,2701,2702,2703,2704,2705,2706,2707,2708,2709,2710,2711,2712,2713,2714,2715,2716,2717,2718,2719,2720,2721,2722,2723,2724,2725,2726,2727,2728,2729,2730,2731,2732,2733,2734,2735,2736,2737,2738,2739,2740,2741,2742,2743,2744,2745,2746,2747,2748,2749,2750,2751,2752,2753,2754,2755,2756,2757,2758,2759,2760,2761,2762,2763,2764,2765,2766,2767,2768,2769,2770,2771,2772,2773,2774,2775,2776,2778,2779,2780,2781,2782,2783,2784,2785,2786,2787,2788,2789,2790,2791,2794,2795,2796,2797,2798,2799,2800,2801,2802,2803,2804,2805,2806,2807,2808,2809,2810,2811,2812,2813,2814,2815,2816,2817,2818,2819,2820,2821,2822,2823,2824,2825,2826,2827,2828,2829,2830,2831,2832,2833,2834,2835,2836,2837,2838,2839,2840,2841,2842,2843,2844,2846,2847,2848,2849,2850,2852,2853,2854,2855,2856,2857,2858,2859,2860,2861,2862,2863,2864,2865,2866,2867,2868,2869,2871,2872,2873,2874,2875,2876,2877,2878,2879,2880,2881,2882,2883,2884,2885,2886,2887,2888,2889,2891,2892,2893,2895,2896,2897,2898,2899,2900,2901,2902,2903,2904,2905,2906,2907,2908,2909,2910,2911,2912,2913,2914,2915,2916,2917,2918,2920,2921,2922,2923,2924,2925,2926,2927,2928,2929,2930,2931,2932,2933,2934,2935,2936,2937,2938,2939,2940,2941,2942,2943,2944,2945,2946,2947,2948,2949,2950,2951,2952,2953,2954,2955,2956,2957,2958,2959,2960,2961,2962,2963,2964,2965,2966,2967,2968,2969,2970,2971,2972,2973,2974,2975,2976,2977,2978,2979,2980,2981,2982,2983,2984,2985,2986,2987,2988,2989,2990,2991,2992,2993,2994,2995,2996,2997,2998,2999,3000,3001,3002,3003,3004,3005,3006,3007,3008,3009
2450	2197,2208,2239,2244,2245,2257,2261,2271,2274,2284,2290,2304,2307,2319,2341,2353,2362,2375,2380,2383,2393,2414,2421,2422,2423,2432,2437,2441,2453,2461,2467,2471,2490,2491,2506,2513,2514,2516,2518,2520,2526,2531,2535,2538,2540,2542,2545,2546,2552,2553,2558,2562,2563,2564,2570,2576,2579,2580,2582,2584,2590,2592,2596,2601,2602,2608,2609,2617,2618,2619,2621,2623,2624,2627,2630,2636,2637,2638,2640,2641,2645,2649,2650,2653,2654,2655,2657,2658,2660,2661,2662,2663,2664,2665,2666,2667,2671,2673,2674,2676,2677,2679,2681,2682,2684,2685,2686,2687,2689,2691,2693,2694,2695,2700,2701,2702,2704,2705,2706,2707,2708,2710,2711,2712,2713,2715,2716,2717,2718,2719,2720,2721,2722,2726,2727,2728,2729,2730,2731,2732,2733,2734,2735,2736,2737,2739,2740,2742,2743,2744,2745,2746,2747,2748,2749,2750,2752,2753,2754,2755,2756,2757,2758,2759,2760,2761,2762,2763,2764,2765,2766,2767,2768,2769,2770,2771,2772,2773,2774,2775,2776,2778,2779,2780,2781,2782,2783,2784,2785,2786,2787,2788,2789,2790,2791,2794,2795,2796,2797,2798,2799,2800,2801,2802,2803,2804,2805,2806,2807,2808,2809,2810,2811,2812,2813,2814,2815,2816,2817,2818,2819,2820,2821,2822,2823,2824,2825,2826,2827,2828,2829,2830,2831,2832,2833,2834,2835,2836,2837,2838,2839,2840,2841,2842,2843,2844,2846,2847,2848,2849,2850,2852,2853,2854,2855,2856,2857,2858,2859,2860,2861,2862,2863,2864,2865,2866,2867,2868,2869,2871,2872,2873,2874,2875,2876,2877,2878,2879,2880,2881,2882,2883,2884,2885,2886,2887,2888,2889,2891,2892,2893,2895,2896,2897,2898,2899,2900,2901,2902,2903,2904,2905,2906,2907,2908,2909,2910,2911,2912,2913,2914,2915,2916,2917,2918,2920,2921,2922,2923,2924,2925,2926,2927,2928,2929,2930,2931,2932,2933,2934,2935,2936,2937,2938,2939,2940,2941,2942,2943,2944,2945,2946,2947,2948,2949,2950,2951,2952,2953,2954,2955,2956,2957,2958,2959,2960,2961,2962,2963,2964,2965,2966,2967,2968,2969,2970,2971,2972,2973,2974,2975,2976,2977,2978,2979,2980,2981,2982,2983,2984,2985,2986,2987,2988,2989,2990,2991,2992,2993,2994,2995,2996,2997,2998,2999,3000,3001,3002,3003,3004,3005,3006,3007,3008,3009,3010,3011,3012,3013,3014,3015,3016,3017,3018,3019,3020,3021,3022,3023,3024,3025,3026,3027,3028,3029,3030,3031,3032,3033,3034,3035,3036,3037,3038,3039,3040,3041,3042,3043,3044,3045,3046,3047,3048,3049,3050,3051,3052,3053,3054,3055,3056,3057,3058,3059,3060,3061,3062,3063
2475	2197,2208,2257,2261,2271,2274,2284,2290,2304,2307,2319,2341,2353,2375,2380,2383,2393,2414,2421,2422,2423,2432,2437,2441,2461,2471,2490,2491,2506,2513,2514,2516,2518,2520,2526,2531,2535,2540,2542,2546,2552,2558,2562,2563,2564,2579,2580,2582,2584,2590,2596,2602,2617,2619,2624,2630,2638,2645,2650,2654,2655,2657,2658,2660,2661,2662,2663,2664,2666,2671,2673,2674,2677,2679,2682,2684,2685,2686,2687,2689,2691,2694,2695,2700,2701,2702,2704,2705,2708,2710,2711,2712,2713,2715,2716,2717,2718,2719,2721,2722,2726,2727,2728,2729,2730,2731,2732,2733,2735,2736,2737,2739,2740,2742,2743,2744,2745,2746,2749,2750,2752,2753,2754,2755,2756,2757,2758,2760,2761,2762,2763,2764,2765,2766,2768,2769,2770,2771,2772,2773,2776,2778,2779,2780,2781,2784,2785,2787,2788,2790,2791,2796,2797,2799,2802,2803,2804,2806,2807,2808,2809,2810,2811,2812,2813,2814,2815,2816,2818,2819,2820,2821,2822,2823,2824,2825,2826,2827,2828,2829,2830,2831,2832,2833,2834,2835,2836,2837,2838,2839,2840,2841,2842,2843,2844,2846,2847,2848,2849,2850,2852,2853,2854,2855,2856,2857,2858,2859,2860,2861,2862,2863,2864,2865,2866,2867,2868,2869,2871,2872,2873,2874,2875,2876,2877,2878,2879,2880,2881,2882,2883,2884,2885,2886,2887,2888,2889,2891,2892,2893,2895,2896,2897,2898,2899,2900,2901,2902,2903,2904,2905,2906,2907,2908,2909,2910,2911,2912,2913,2914,2915,2916,2917,2918,2920,2921,2922,2923,2924,2925,2926,2927,2928,2929,2930,2931,2932,2933,2934,2935,2936,2937,2938,2939,2940,2941,2942,2943,2944,2945,2946,2947,2948,2949,2950,2951,2952,2953,2954,2955,2956,2957,2958,2959,2960,2961,2962,2963,2964,2965,2966,2967,2968,2969,2970,2971,2972,2973,2974,2975,2976,2977,2978,2979,2980,2981,2982,2983,2984,2985,2986,2987,2988,2989,2990,2991,2992,2993,2994,2995,2996,2997,2998,2999,3000,3001,3002,3003,3004,3005,3006,3007,3008,3009,3010,3011,3012,3013,3014,3015,3016,3017,3018,3019,3020,3021,3022,3023,3024,3025,3026,3027,3028,3029,3030,3031,3032,3033,3034,3035,3036,3037,3038,3039,3040,3041,3042,3043,3044,3045,3046,3047,3048,3049,3050,3051,3052,3053,3054,3055,3056,3057,3058,3059,3060,3061,3062,3063,3064,3065,3066,3067,3068,3069,3070,3071,3072,3073,3074,3075,3076,3077,3078,3079,3080,3081,3082,3083,3084,3085,3086,3088,3089,3090,3091,3092,3093,3094,3095,3096,3097,3098,3099,3100,3101,3102,3104
2500	2197,2208,2257,2261,2271,2274,2284,2307,2319,2341,2353,2375,2380,2383,2422,2437,2441,2461,2471,2491,2506,2513,2514,2518,2531,2535,2540,2552,2558,2562,2563,2564,2579,2580,2582,2590,2596,2602,2619,2624,2630,2638,2650,2654,2655,2657,2658,2660,2661,2662,2663,2666,2671,2674,2677,2679,2682,2684,2686,2687,2689,2691,2694,2695,2700,2702,2704,2705,2708,2713,2716,2717,2718,2719,2721,2722,2726,2728,2729,2731,2732,2733,2735,2736,2737,2739,2742,2744,2745,2746,2749,2750,2752,2753,2754,2755,2756,2758,2760,2761,2762,2763,2764,2765,2766,2769,2772,2773,2778,2779,2780,2781,2788,2791,2796,2797,2803,2804,2806,2808,2809,2810,2811,2812,2814,2815,2816,2818,2819,2820,2823,2824,2825,2826,2829,2831,2832,2834,2835,2836,2837,2838,2839,2840,2841,2842,2843,2844,2846,2847,2848,2849,2850,2852,2853,2854,2855,2856,2857,2858,2859,2860,2861,2862,2863,2864,2865,2866,2867,2868,2869,2871,2872,2873,2874,2875,2876,2877,2878,2879,2880,2881,2882,2883,2884,2885,2886,2887,2888,2889,2891,2892,2893,2895,2896,2897,2898,2899,2900,2901,2902,2903,2904,2905,2906,2907,2908,2909,2910,2911,2912,2913,2914,2915,2916,2917,2918,2920,2921,2922,2923,2924,2925,2926,2927,2928,2929,2930,2931,2932,2933,2934,2935,2936,2937,2938,2939,2940,2941,2942,2943,2944,2945,2946,2947,2948,2949,2950,2951,2952,2953,2954,2955,2956,2957,2958,2959,2960,2961,2962,2963,2964,2965,2966,2967,2968,2969,2970,2971,2972,2973,2974,2975,2976,2977,2978,2979,2980,2981,2982,2983,2984,2985,2986,2987,2988,2989,2990,2991,2992,2993,2994,2995,2996,2997,2998,2999,3000,3001,3002,3003,3004,3005,3006,3007,3008,3009,3010,3011,3012,3013,3014,3015,3016,3017,3018,3019,3020,3021,3022,3023,3024,3025,3026,3027,3028,3029,3030,3031,3032,3033,3034,3035,3036,3037,3038,3039,3040,3041,3042,3043,3044,3045,3046,3047,3048,3049,3050,3051,3052,3053,3054,3055,3056,3057,3058,3059,3060,3061,3062,3063,3064,3065,3066,3067,3068,3069,3070,3071,3072,3073,3074,3075,3076,3077,3078,3079,3080,3081,3082,3083,3084,3085,3086,3088,3089,3090,3091,3092,3093,3094,3095,3096,3097,3098,3099,3100,3101,3102,3104,3105,3106,3107,3108,3109,3110,3111,3112,3113,3114,3115,3116,3118,3119,3120,3121,3122,3123,3124
2525	2208,2271,2274,2284,2307,2319,2341,2353,2375,2380,2383,2422,2437,2441,2461,2506,2513,2514,2531,2535,2540,2552,2558,2564,2580,2596,2619,2624,2630,2638,2650,2655,2657,2658,2660,2662,2663,2666,2671,2674,2677,2682,2684,2687,2689,2691,2694,2695,2700,2702,2704,2705,2708,2716,2717,2719,2722,2728,2731,2732,2733,2736,2742,2744,2752,2755,2756,2758,2766,2773,2778,2796,2797,2803,2804,2806,2808,2810,2811,2814,2815,2816,2818,2819,2820,2823,2824,2825,2826,2829,2831,2832,2834,2835,2836,2837,2839,2840,2841,2842,2843,2844,2847,2849,2850,2853,2856,2857,2859,2861,2862,2863,2864,2865,2866,2867,2868,2869,2871,2872,2873,2874,2875,2876,2877,2878,2879,2880,2881,2882,2883,2884,2885,2886,2887,2888,2889,2891,2892,2893,2895,2896,2897,2898,2899,2900,2901,2902,2903,2904,2905,2906,2907,2908,2909,2910,2911,2912,2913,2914,2915,2916,2917,2918,2920,2921,2922,2923,2924,2925,2926,2927,2928,2929,2930,2931,2932,2933,2934,2935,2936,2937,2938,2939,2940,2941,2942,2943,2944,2945,2946,2947,2948,2949,2950,2951,2952,2953,2954,2955,2956,2957,2958,2959,2960,2961,2962,2963,2964,2965,2966,2967,2968,2969,2970,2971,2972,2973,2974,2975,2976,2977,2978,2979,2980,2981,2982,2983,2984,2985,2986,2987,2988,2989,2990,2991,2992,2993,2994,2995,2996,2997,2998,2999,3000,3001,3002,3003,3004,3005,3006,3007,3008,3009,3010,3011,3012,3013,3014,3015,3016,3017,3018,3019,3020,3021,3022,3023,3024,3025,3026,3027,3028,3029,3030,3031,3032,3033,3034,3035,3036,3037,3038,3039,3040,3041,3042,3043,3044,3045,3046,3047,3048,3049,3050,3051,3052,3053,3054,3055,3056,3057,3058,3059,3060,3061,3062,3063,3064,3065,3066,3067,3068,3069,3070,3071,3072,3073,3074,3075,3076,3077,3078,3079,3080,3081,3082,3083,3084,3085,3086,3088,3089,3090,3091,3092,3093,3094,3095,3096,3097,3098,3099,3100,3101,3102,3104,3105,3106,3107,3108,3109,3110,3111,3112,3113,3114,3115,3116,3118,3119,3120,3121,3122,3123,3124,3125,3126,3127,3128,3129,3130,3131,3132,3133,3134,3135,3136,3137,3138,3139
2550	2208,2271,2274,2284,2319,2353,2375,2422,2441,2461,2506,2513,2514,2531,2535,2540,2558,2564,2580,2596,2624,2638,2650,2655,2657,2658,2660,2663,2666,2671,2674,2677,2682,2684,2687,2689,2691,2700,2702,2704,2705,2708,2716,2717,2719,2728,2732,2733,2736,2744,2752,2756,2758,2766,2773,2796,2797,2803,2804,2806,2811,2816,2819,2823,2824,2825,2826,2829,2831,2832,2834,2835,2836,2837,2839,2841,2842,2844,2847,2849,2850,2853,2856,2861,2862,2863,2864,2866,2867,2868,2869,2871,2872,2873,2874,2875,2877,2878,2879,2883,2884,2886,2887,2888,2889,2891,2892,2893,2895,2896,2899,2900,2902,2904,2905,2906,2908,2909,2910,2913,2914,2915,2917,2918,2920,2921,2922,2925,2926,2927,2928,2929,2930,2931,2933,2934,2935,2936,2937,2938,2939,2943,2945,2947,2948,2949,2950,2951,2952,2954,2955,2956,2957,2958,2961,2963,2964,2965,2966,2967,2969,2970,2971,2972,2973,2974,2975,2976,2978,2979,2980,2981,2982,2983,2984,2985,2986,2987,2988,2989,2990,2991,2992,2993,2994,2995,2996,2997,2998,2999,3000,3001,3002,3003,3004,3005,3006,3007,3008,3009,3010,3011,3012,3013,3014,3015,3016,3017,3018,3019,3020,3021,3022,3023,3024,3025,3026,3027,3028,3029,3030,3031,3032,3033,3034,3035,3036,3037,3038,3039,3040,3041,3042,3043,3044,3045,3046,3047,3048,3049,3050,3051,3052,3053,3054,3055,3056,3057,3058,3059,3060,3061,3062,3063,3064,3065,3066,3067,3068,3069,3070,3071,3072,3073,3074,3075,3076,3077,3078,3079,3080,3081,3082,3083,3084,3085,3086,3088,3089,3090,3091,3092,3093,3094,3095,3096,3097,3098,3099,3100,3101,3102,3104,3105,3106,3107,3108,3109,3110,3111,3112,3113,3114,3115,3116,3118,3119,3120,3121,3122,3123,3124,3125,3126,3127,3128,3129,3130,3131,3132,3133,3134,3135,3136,3137,3138,3139,3140,3141,3142,3143,3144,3145,3146,3147,3148,3149,3150,3151,3152,3153,3154,3155,3156
2575	2208,2271,2284,2319,2353,2375,2441,2506,2513,2514,2531,2535,2540,2564,2580,2624,2638,2650,2655,2657,2658,2660,2663,2666,2674,2682,2684,2687,2689,2702,2704,2705,2708,2716,2717,2719,2728,2732,2736,2752,2756,2758,2766,2773,2796,2804,2806,2811,2816,2819,2823,2824,2825,2826,2835,2836,2841,2844,2849,2850,2853,2862,2864,2866,2867,2868,2872,2874,2875,2884,2886,2888,2889,2891,2893,2896,2899,2900,2904,2905,2906,2909,2913,2915,2917,2918,2920,2921,2922,2925,2926,2927,2928,2929,2930,2931,2935,2936,2938,2939,2943,2950,2951,2952,2954,2957,2961,2963,2965,2967,2972,2975,2978,2979,2980,2983,2985,2990,2997,2998,3000,3005,3007,3010,3011,3012,3013,3015,3016,3017,3018,3019,3021,3022,3023,3024,3025,3026,3028,3029,3030,3031,3032,3034,3035,3036,3037,3038,3039,3040,3041,3043,3044,3045,3046,3047,3048,3049,3050,3051,3052,3053,3054,3055,3056,3057,3058,3059,3060,3061,3062,3063,3064,3065,3066,3067,3068,3069,3070,3071,3072,3073,3074,3075,3076,3077,3078,3079,3080,3081,3082,3083,3084,3085,3086,3088,3089,3090,3091,3092,3093,3094,3095,3096,3097,3098,3099,3100,3101,3102,3104,3105,3106,3107,3108,3109,3110,3111,3112,3113,3114,3115,3116,3118,3119,3120,3121,3122,3123,3124,3125,3126,3127,3128,3129,3130,3131,3132,3133,3134,3135,3136,3137,3138,3139,3140,3141,3142,3143,3144,3145,3146,3147,3148,3149,3150,3151,3152,3153,3154,3155,3156,3157,3159,3160,3161,3162,3163,3164,3165,3166,3167,3168,3169,3170,3171,3172,3173,3174,3175,3176,3177,3178,3179,3180,3181,3182,3183,3184,3185,3186,3187,3188,3189,3190,3191,3192,3193,3194,3195,3196,3197,3198,3199,3200,3201,3202,3203,3204,3205,3206,3207,3208,3209,3210,3211,3212,3213,3214,3215,3216,3217,3218,3219,3220,3221,3222,3223,3224,3225,3226,3227,3228,3229,3230,3231,3232,3233,3234,3235,3236,3237
2600	2208,2284,2319,2375,2441,2506,2514,2531,2535,2540,2580,2624,2638,2650,2657,2658,2660,2663,2666,2674,2682,2687,2689,2704,2705,2708,2716,2717,2719,2728,2732,2736,2752,2756,2758,2766,2773,2796,2804,2811,2819,2824,2826,2835,2853,2866,2867,2868,2872,2874,2884,2888,2893,2896,2904,2906,2913,2915,2917,2920,2921,2922,2925,2926,2927,2931,2935,2936,2939,2943,2952,2957,2963,2965,2967,2972,2975,2978,2979,2983,2990,2998,3005,3007,3010,3011,3013,3015,3017,3018,3019,3021,3022,3023,3024,3025,3026,3028,3029,3030,3031,3034,3035,3036,3037,3039,3040,3041,3043,3044,3045,3046,3048,3049,3050,3051,3052,3053,3054,3060,3061,3062,3063,3065,3066,3068,3070,3071,3072,3073,3075,3076,3077,3079,3081,3084,3085,3086,3088,3090,3091,3092,3093,3094,3095,3096,3097,3098,3099,3100,3101,3102,3104,3105,3106,3107,3108,3109,3110,3111,3112,3113,3114,3115,3116,3118,3119,3120,3121,3122,3123,3124,3125,3126,3127,3128,3129,3130,3131,3132,3133,3134,3135,3136,3137,3138,3139,3140,3141,3142,3143,3144,3145,3146,3147,3148,3149,3150,3151,3152,3153,3154,3155,3156,3157,3159,3160,3161,3162,3163,3164,3165,3166,3167,3168,3169,3170,3171,3172,3173,3174,3175,3176,3177,3178,3179,3180,3181,3182,3183,3184,3185,3186,3187,3188,3189,3190,3191,3192,3193,3194,3195,3196,3197,3198,3199,3200,3201,3202,3203,3204,3205,3206,3207,3208,3209,3210,3211,3212,3213,3214,3215,3216,3217,3218,3219,3220,3221,3222,3223,3224,3225,3226,3227,3228,3229,3230,3231,3232,3233,3234,3235,3236,3237,3238,3239,3242,3244,3245,3246,3247,3248,3249,3250,3251,3252,3253,3254,3255,3256,3257,3258,3259,3260,3261,3262,3263,3264,3265,3266,3267,3268,3269,3270,3271,3272,3273,3274,3275,3277,3278,3279,3280,3281,3282,3283,3284,3285,3286,3287,3288,3289,3290,3291,3292,3293,3294,3295
2625	2319,2375,2441,2506,2514,2540,2650,2657,2658,2660,2666,2674,2687,2689,2704,2705,2708,2716,2717,2719,2728,2736,2758,2766,2773,2804,2811,2824,2826,2874,2884,2888,2893,2896,2904,2906,2917,2922,2926,2935,2936,2939,2957,2963,2965,2975,2979,2983,2998,3007,3010,3011,3015,3017,3018,3019,3021,3023,3025,3029,3031,3035,3036,3037,3039,3040,3041,3043,3044,3045,3046,3048,3049,3050,3051,3052,3053,3054,3063,3066,3070,3071,3073,3075,3077,3081,3084,3085,3086,3088,3090,3091,3092,3094,3095,3096,3097,3098,3099,3100,3101,3102,3107,3110,3111,3112,3115,3116,3118,3119,3120,3121,3122,3123,3124,3125,3126,3127,3128,3129,3130,3131,3132,3133,3134,3135,3136,3137,3138,3139,3140,3141,3142,3143,3144,3145,3146,3147,3148,3149,3150,3151,3152,3153,3154,3155,3156,3157,3159,3160,3161,3162,3163,3164,3165,3166,3167,3168,3169,3170,3171,3172,3173,3174,3175,3176,3177,3178,3179,3180,3181,3182,3183,3184,3185,3186,3187,3188,3189,3190,3191,3192,3193,3194,3195,3196,3197,3198,3199,3200,3201,3202,3203,3204,3205,3206,3207,3208,3209,3210,3211,3212,3213,3214,3215,3216,3217,3218,3219,3220,3221,3222,3223,3224,3225,3226,3227,3228,3229,3230,3231,3232,3233,3234,3235,3236,3237,3238,3239,3242,3244,3245,3246,3247,3248,3249,3250,3251,3252,3253,3254,3255,3256,3257,3258,3259,3260,3261,3262,3263,3264,3265,3266,3267,3268,3269,3270,3271,3272,3273,3274,3275,3277,3278,3279,3280,3281,3282,3283,3284,3285,3286,3287,3288,3289,3290,3291,3292,3293,3294,3295,3296,3297,3298,3299,3300,3301,3302,3303,3304,3305,3306,3307,3308,3309,3310,3311,3312,3313,3314,3315,3316,3317,3318,3319,3320,3321,3322,3323,3324,3325,3326,3327,3328,3329
2650	2319,2375,2506,2514,2540,2650,2657,2658,2660,2674,2687,2689,2704,2705,2716,2719,2728,2736,2758,2766,2773,2804,2811,2824,2826,2874,2884,2888,2896,2904,2906,2917,2922,2926,2936,2957,2965,2998,3010,3011,3015,3018,3019,3021,3025,3029,3031,3035,3036,3037,3039,3040,3041,3043,3044,3046,3048,3049,3051,3052,3063,3066,3070,3071,3073,3075,3081,3084,3086,3088,3090,3092,3094,3095,3096,3097,3098,3099,3100,3102,3107,3110,3111,3112,3115,3116,3118,3119,3121,3122,3123,3124,3125,3128,3129,3130,3131,3132,3133,3134,3135,3136,3137,3138,3139,3140,3141,3142,3143,3144,3145,3146,3147,3148,3149,3150,3151,3152,3153,3154,3155,3156,3157,3159,3160,3161,3162,3163,3164,3165,3166,3167,3168,3169,3170,3171,3172,3173,3174,3175,3176,3177,3178,3179,3180,3181,3182,3183,3184,3185,3186,3187,3188,3189,3190,3191,3192,3193,3194,3195,3196,3197,3198,3199,3200,3201,3202,3203,3204,3205,3206,3207,3208,3209,3210,3211,3212,3213,3214,3215,3216,3217,3218,3219,3220,3221,3222,3223,3224,3225,3226,3227,3228,3229,3230,3231,3232,3233,3234,3235,3236,3237,3238,3239,3242,3244,3245,3246,3247,3248,3249,3250,3251,3252,3253,3254,3255,3256,3257,3258,3259,3260,3261,3262,3263,3264,3265,3266,3267,3268,3269,3270,3271,3272,3273,3274,3275,3277,3278,3279,3280,3281,3282,3283,3284,3285,3286,3287,3288,3289,3290,3291,3292,3293,3294,3295,3296,3297,3298,3299,3300,3301,3302,3303,3304,3305,3306,3307,3308,3309,3310,3311,3312,3313,3314,3315,3316,3317,3318,3319,3320,3321,3322,3323,3324,3325,3326,3327,3328,3329,3330,3331,3332,3333,3334,3335,3336,3337,3338,3339,3340,3341,3342,3343,3344,3345,3346,3347,3348,3349,3350,3351,3352,3353,3354,3355,3356,3357,3358,3359,3360,3361,3362,3363,3364,3365,3366,3367,3368,3369,3370,3372,3373,3374,3375,3376,3377,3378,3379,3380,3381,3382,3383,3384,3385,3386,3387,3388,3389,3390,3391,3392,3394,3395,3396,3397,3398,3399,3400,3401,3402,3403,3404,3405,3406,3407,3408,3409,3410,3411,3412,3413,3414,3415,3416,3417,3418,3419,3420,3422,3423,3424,3425,3426,3427,3428,3429,3430,3431,3432,3433,3434,3435,3436,3437,3438
2675	2319,2375,2506,2514,2650,2657,2658,2687,2689,2704,2705,2719,2728,2766,2773,2804,2811,2824,2826,2874,2884,2888,2896,2904,2906,2917,2922,2926,2936,2957,2965,2998,3010,3011,3019,3025,3029,3031,3035,3036,3037,3041,3043,3044,3046,3048,3066,3070,3071,3073,3075,3084,3086,3088,3090,3092,3094,3095,3096,3097,3098,3102,3107,3110,3112,3116,3118,3119,3122,3123,3124,3125,3128,3129,3130,3131,3132,3133,3134,3135,3136,3139,3140,3142,3143,3144,3145,3146,3147,3150,3151,3152,3153,3154,3155,3156,3157,3159,3160,3161,3162,3163,3164,3165,3166,3167,3168,3169,3170,3171,3172,3173,3174,3175,3176,3177,3178,3179,3180,3181,3182,3183,3184,3185,3186,3187,3188,3189,3190,3191,3192,3193,3194,3195,3196,3197,3198,3199,3200,3201,3202,3203,3204,3205,3206,3207,3208,3209,3210,3211,3212,3213,3214,3215,3216,3217,3218,3219,3220,3221,3222,3223,3224,3225,3226,3227,3228,3229,3230,3231,3232,3233,3234,3235,3236,3237,3238,3239,3242,3244,3245,3246,3247,3248,3249,3250,3251,3252,3253,3254,3255,3256,3257,3258,3259,3260,3261,3262,3263,3264,3265,3266,3267,3268,3269,3270,3271,3272,3273,3274,3275,3277,3278,3279,3280,3281,3282,3283,3284,3285,3286,3287,3288,3289,3290,3291,3292,3293,3294,3295,3296,3297,3298,3299,3300,3301,3302,3303,3304,3305,3306,3307,3308,3309,3310,3311,3312,3313,3314,3315,3316,3317,3318,3319,3320,3321,3322,3323,3324,3325,3326,3327,3328,3329,3330,3331,3332,3333,3334,3335,3336,3337,3338,3339,3340,3341,3342,3343,3344,3345,3346,3347,3348,3349,3350,3351,3352,3353,3354,3355,3356,3357,3358,3359,3360,3361,3362,3363,3364,3365,3366,3367,3368,3369,3370,3372,3373,3374,3375,3376,3377,3378,3379,3380,3381,3382,3383,3384,3385,3386,3387,3388,3389,3390,3391,3392,3394,3395,3396,3397,3398,3399,3400,3401,3402,3403,3404,3405,3406,3407,3408,3409,3410,3411,3412,3413,3414,3415,3416,3417,3418,3419,3420,3422,3423,3424,3425,3426,3427,3428,3429,3430,3431,3432,3433,3434,3435,3436,3437,3438,3439,3440,3441,3442,3443,3445,3446,3447,3448,3449,3450,3451,3452,3453,3454,3455,3456,3457,3458,3459,3461,3462,3463,3464,3465,3466,3467,3468,3469,3470,3471,3472,3473,3474,3475,3476,3477,3478
2700	2319,2506,2514,2650,2657,2658,2704,2705,2719,2728,2766,2773,2804,2811,2824,2826,2874,2884,2888,2896,2904,2906,2917,2922,2936,2957,2965,2998,3010,3011,3019,3029,3035,3037,3043,3046,3048,3070,3071,3073,3075,3084,3086,3088,3090,3092,3094,3096,3098,3102,3110,3112,3118,3122,3123,3124,3125,3129,3130,3131,3132,3133,3134,3135,3136,3139,3140,3142,3143,3144,3145,3146,3147,3150,3151,3152,3153,3154,3155,3156,3157,3159,3160,3161,3162,3163,3164,3165,3166,3167,3168,3169,3170,3171,3173,3174,3175,3176,3177,3178,3179,3180,3181,3182,3184,3185,3187,3188,3189,3190,3192,3193,3194,3195,3198,3200,3201,3202,3203,3204,3205,3206,3207,3208,3209,3210,3211,3212,3213,3214,3215,3216,3217,3218,3219,3220,3221,3222,3223,3224,3225,3226,3227,3228,3229,3230,3231,3232,3233,3234,3235,3236,3237,3238,3239,3242,3244,3245,3246,3247,3248,3249,3250,3251,3252,3253,3254,3255,3256,3257,3258,3259,3260,3261,3262,3263,3264,3265,3266,3267,3268,3269,3270,3271,3272,3273,3274,3275,3277,3278,3279,3280,3281,3282,3283,3284,3285,3286,3287,3288,3289,3290,3291,3292,3293,3294,3295,3296,3297,3298,3299,3300,3301,3302,3303,3304,3305,3306,3307,3308,3309,3310,3311,3312,3313,3314,3315,3316,3317,3318,3319,3320,3321,3322,3323,3324,3325,3326,3327,3328,3329,3330,3331,3332,3333,3334,3335,3336,3337,3338,3339,3340,3341,3342,3343,3344,3345,3346,3347,3348,3349,3350,3351,3352,3353,3354,3355,3356,3357,3358,3359,3360,3361,3362,3363,3364,3365,3366,3367,3368,3369,3370,3372,3373,3374,3375,3376,3377,3378,3379,3380,3381,3382,3383,3384,3385,3386,3387,3388,3389,3390,3391,3392,3394,3395,3396,3397,3398,3399,3400,3401,3402,3403,3404,3405,3406,3407,3408,3409,3410,3411,3412,3413,3414,3415,3416,3417,3418,3419,3420,3422,3423,3424,3425,3426,3427,3428,3429,3430,3431,3432,3433,3434,3435,3436,3437,3438,3439,3440,3441,3442,3443,3445,3446,3447,3448,3449,3450,3451,3452,3453,3454,3455,3456,3457,3458,3459,3461,3462,3463,3464,3465,3466,3467,3468,3469,3470,3471,3472,3473,3474,3475,3476,3477,3478,3479,3480,3481,3482,3483,3484,3485,3486,3487,3488,3489,3490,3491,3492,3493,3494,3495,3496,3497,3498,3499,3500,3501,3502,3503,3504,3505,3506,3507,3508,3509,3510,3511,3512,3513,3514,3515,3516,3518,3519,3520,3521,3522,3523,3524,3525,3526,3527,3528,3529,3530,3531,3532,3533,3534,3535
2725	2319,2506,2514,2650,2657,2658,2704,2705,2719,2728,2766,2773,2804,2811,2824,2826,2874,2884,2888,2896,2904,2906,2917,2922,2936,2965,2998,3019,3029,3035,3037,3043,3046,3048,3070,3071,3073,3075,3084,3086,3088,3090,3092,3094,3096,3098,3102,3110,3118,3122,3123,3124,3125,3129,3131,3132,3134,3135,3136,3139,3140,3142,3143,3144,3145,3146,3147,3151,3152,3153,3154,3155,3156,3157,3159,3160,3162,3163,3165,3166,3167,3168,3169,3170,3171,3173,3174,3175,3178,3180,3181,3182,3184,3185,3187,3188,3190,3192,3193,3195,3200,3201,3202,3203,3204,3205,3206,3207,3208,3209,3210,3211,3212,3213,3214,3216,3217,3218,3219,3220,3222,3223,3225,3227,3228,3229,3232,3234,3235,3236,3237,3238,3239,3242,3244,3246,3247,3248,3249,3250,3251,3252,3253,3254,3255,3258,3260,3261,3262,3264,3265,3266,3267,3269,3270,3271,3272,3273,3274,3275,3277,3278,3279,3280,3281,3282,3283,3284,3285,3286,3287,3288,3289,3290,3291,3292,3293,3294,3295,3296,3297,3298,3299,3300,3301,3302,3303,3304,3305,3306,3307,3308,3309,3310,3311,3312,3313,3314,3315,3316,3317,3318,3319,3320,3321,3322,3323,3324,3325,3326,3327,3328,3329,3330,3331,3332,3333,3334,3335,3336,3337,3338,3339,3340,3341,3342,3343,3344,3345,3346,3347,3348,3349,3350,3351,3352,3353,3354,3355,3356,3357,3358,3359,3360,3361,3362,3363,3364,3365,3366,3367,3368,3369,3370,3372,3373,3374,3375,3376,3377,3378,3379,3380,3381,3382,3383,3384,3385,3386,3387,3388,3389,3390,3391,3392,3394,3395,3396,3397,3398,3399,3400,3401,3402,3403,3404,3405,3406,3407,3408,3409,3410,3411,3412,3413,3414,3415,3416,3417,3418,3419,3420,3422,3423,3424,3425,3426,3427,3428,3429,3430,3431,3432,3433,3434,3435,3436,3437,3438,3439,3440,3441,3442,3443,3445,3446,3447,3448,3449,3450,3451,3452,3453,3454,3455,3456,3457,3458,3459,3461,3462,3463,3464,3465,3466,3467,3468,3469,3470,3471,3472,3473,3474,3475,3476,3477,3478,3479,3480,3481,3482,3483,3484,3485,3486,3487,3488,3489,3490,3491,3492,3493,3494,3495,3496,3497,3498,3499,3500,3501,3502,3503,3504,3505,3506,3507,3508,3509,3510,3511,3512,3513,3514,3515,3516,3518,3519,3520,3521,3522,3523,3524,3525,3526,3527,3528,3529,3530,3531,3532,3533,3534,3535,3536,3537,3538,3539,3540,3541,3542,3543,3544,3545,3546,3547,3548,3549,3550,3551,3552,3553,3554,3555,3556,3557,3558,3559,3560,3561,3562,3563,3564,3565,3566,3567,3568,3569,3570,3571,3572,3573,3574,3575,3576,3577,3578,3579,3580,3581,3582,3583,3584,3585,3586,3587,3588,3589,3590,3591,3592,3593,3594,3595,3596,3597,3598,3599,3600
2750	2319,2506,2514,2650,2658,2704,2705,2719,2766,2773,2804,2811,2824,2826,2874,2884,2888,2896,2904,2906,2922,2965,2998,3019,3029,3035,3037,3043,3048,3070,3071,3073,3075,3084,3086,3088,3090,3092,3094,3096,3102,3110,3122,3123,3124,3125,3129,3131,3132,3135,3136,3140,3142,3143,3144,3145,3146,3147,3153,3154,3155,3156,3157,3160,3162,3163,3168,3169,3170,3173,3174,3175,3178,3180,3181,3182,3184,3185,3187,3190,3192,3193,3195,3200,3201,3202,3203,3204,3207,3208,3209,3211,3212,3216,3218,3219,3222,3223,3225,3228,3229,3232,3234,3235,3237,3238,3239,3242,3246,3247,3248,3249,3250,3251,3252,3253,3254,3255,3258,3261,3264,3265,3266,3267,3269,3270,3271,3272,3273,3274,3275,3279,3280,3281,3283,3284,3285,3287,3289,3290,3291,3292,3293,3294,3295,3297,3298,3301,3302,3303,3305,3306,3308,3309,3310,3311,3312,3313,3314,3315,3316,3317,3318,3319,3320,3321,3322,3323,3324,3325,3326,3327,3328,3329,3330,3331,3332,3333,3334,3335,3336,3337,3338,3339,3340,3341,3342,3343,3344,3345,3346,3347,3348,3349,3350,3351,3352,3353,3354,3355,3356,3357,3358,3359,3360,3361,3362,3363,3364,3365,3366,3367,3368,3369,3370,3372,3373,3374,3375,3376,3377,3378,3379,3380,3381,3382,3383,3384,3385,3386,3387,3388,3389,3390,3391,3392,3394,3395,3396,3397,3398,3399,3400,3401,3402,3403,3404,3405,3406,3407,3408,3409,3410,3411,3412,3413,3414,3415,3416,3417,3418,3419,3420,3422,3423,3424,3425,3426,3427,3428,3429,3430,3431,3432,3433,3434,3435,3436,3437,3438,3439,3440,3441,3442,3443,3445,3446,3447,3448,3449,3450,3451,3452,3453,3454,3455,3456,3457,3458,3459,3461,3462,3463,3464,3465,3466,3467,3468,3469,3470,3471,3472,3473,3474,3475,3476,3477,3478,3479,3480,3481,3482,3483,3484,3485,3486,3487,3488,3489,3490,3491,3492,3493,3494,3495,3496,3497,3498,3499,3500,3501,3502,3503,3504,3505,3506,3507,3508,3509,3510,3511,3512,3513,3514,3515,3516,3518,3519,3520,3521,3522,3523,3524,3525,3526,3527,3528,3529,3530,3531,3532,3533,3534,3535,3536,3537,3538,3539,3540,3541,3542,3543,3544,3545,3546,3547,3548,3549,3550,3551,3552,3553,3554,3555,3556,3557,3558,3559,3560,3561,3562,3563,3564,3565,3566,3567,3568,3569,3570,3571,3572,3573,3574,3575,3576,3577,3578,3579,3580,3581,3582,3583,3584,3585,3586,3587,3588,3589,3590,3591,3592,3593,3594,3595,3596,3597,3598,3599,3600,3601,3602,3603,3604,3605,3606,3607,3609,3610,3611,3612,3613,3614,3615,3616,3617,3618,3619,3620,3621,3622,3625,3626,3627,3628,3629,3630,3631,3632,3633,3634,3635,3636,3637,3638,3639,3640,3641,3642,3643,3644,3645
2775	2319,2506,2650,2704,2705,2766,2773,2804,2811,2824,2874,2888,2896,2906,2998,3019,3029,3035,3037,3043,3048,3070,3073,3075,3084,3086,3088,3090,3092,3094,3096,3102,3110,3122,3123,3125,3129,3131,3135,3136,3140,3142,3144,3145,3146,3147,3154,3156,3160,3162,3163,3168,3169,3170,3175,3180,3181,3182,3184,3185,3187,3190,3193,3200,3202,3203,3204,3207,3208,3209,3211,3216,3222,3223,3225,3229,3235,3237,3238,3239,3247,3248,3249,3251,3252,3253,3254,3255,3261,3264,3265,3269,3270,3271,3272,3273,3274,3275,3279,3280,3283,3284,3285,3287,3289,3290,3292,3293,3297,3298,3301,3302,3305,3308,3310,3311,3312,3313,3314,3315,3316,3317,3320,3321,3322,3323,3329,3330,3331,3332,3333,3334,3335,3336,3337,3338,3339,3340,3341,3342,3343,3344,3345,3346,3348,3349,3350,3351,3354,3355,3356,3357,3358,3359,3360,3361,3362,3363,3364,3365,3366,3368,3369,3370,3372,3373,3374,3375,3377,3378,3379,3380,3381,3383,3384,3385,3388,3389,3391,3392,3394,3395,3396,3397,3398,3399,3400,3401,3402,3403,3404,3405,3406,3407,3408,3409,3410,3411,3412,3413,3414,3415,3416,3417,3418,3419,3420,3422,3423,3424,3425,3426,3427,3428,3429,3430,3431,3432,3433,3434,3435,3436,3437,3438,3439,3440,3441,3442,3443,3445,3446,3447,3448,3449,3450,3451,3452,3453,3454,3455,3456,3457,3458,3459,3461,3462,3463,3464,3465,3466,3467,3468,3469,3470,3471,3472,3473,3474,3475,3476,3477,3478,3479,3480,3481,3482,3483,3484,3485,3486,3487,3488,3489,3490,3491,3492,3493,3494,3495,3496,3497,3498,3499,3500,3501,3502,3503,3504,3505,3506,3507,3508,3509,3510,3511,3512,3513,3514,3515,3516,3518,3519,3520,3521,3522,3523,3524,3525,3526,3527,3528,3529,3530,3531,3532,3533,3534,3535,3536,3537,3538,3539,3540,3541,3542,3543,3544,3545,3546,3547,3548,3549,3550,3551,3552,3553,3554,3555,3556,3557,3558,3559,3560,3561,3562,3563,3564,3565,3566,3567,3568,3569,3570,3571,3572,3573,3574,3575,3576,3577,3578,3579,3580,3581,3582,3583,3584,3585,3586,3587,3588,3589,3590,3591,3592,3593,3594,3595,3596,3597,3598,3599,3600,3601,3602,3603,3604,3605,3606,3607,3609,3610,3611,3612,3613,3614,3615,3616,3617,3618,3619,3620,3621,3622,3625,3626,3627,3628,3629,3630,3631,3632,3633,3634,3635,3636,3637,3638,3639,3640,3641,3642,3643,3644,3645,3646,3647,3648,3649,3650,3651,3652,3653,3654,3655,3656,3657,3658,3659,3660,3661,3662,3663,3664,3665,3666,3667,3669,3670,3671,3672,3673,3674,3675,3676,3677,3678,3679,3680,3681,3682,3683,3684,3685,3686,3687,3688,3690,3691,3692,3693,3694,3695,3696,3697,3698,3699,3700,3701,3702,3703,3704,3705,3706,3707,3708,3709,3710,3711,3712,3713,3714,3715,3716,3717,3718,3719,3720
2800	2506,2650,2773,2804,2811,2824,2874,2906,2998,3019,3029,3035,3037,3043,3048,3070,3073,3088,3090,3092,3094,3096,3102,3110,3125,3129,3131,3135,3140,3142,3144,3145,3146,3154,3156,3160,3162,3180,3181,3182,3187,3193,3200,3202,3203,3204,3209,3222,3223,3229,3235,3237,3238,3239,3247,3249,3252,3261,3264,3265,3269,3270,3271,3272,3273,3274,3275,3279,3280,3283,3284,3285,3287,3292,3293,3301,3305,3308,3312,3315,3316,3321,3322,3323,3329,3330,3332,3335,3336,3337,3338,3340,3341,3342,3343,3344,3348,3349,3350,3351,3357,3358,3359,3360,3361,3363,3365,3366,3368,3369,3372,3373,3374,3375,3377,3378,3379,3380,3381,3384,3385,3388,3389,3391,3392,3394,3395,3396,3399,3401,3402,3403,3404,3405,3406,3407,3408,3410,3413,3414,3416,3418,3419,3423,3424,3426,3427,3428,3429,3430,3431,3432,3434,3435,3438,3439,3440,3442,3443,3445,3446,3447,3448,3450,3451,3453,3454,3455,3456,3457,3458,3459,3461,3462,3463,3464,3465,3466,3467,3468,3469,3470,3471,3472,3473,3474,3475,3476,3477,3478,3479,3480,3481,3482,3483,3484,3485,3486,3487,3488,3489,3490,3491,3492,3493,3494,3495,3496,3497,3498,3499,3500,3501,3502,3503,3504,3505,3506,3507,3508,3509,3510,3511,3512,3513,3514,3515,3516,3518,3519,3520,3521,3522,3523,3524,3525,3526,3527,3528,3529,3530,3531,3532,3533,3534,3535,3536,3537,3538,3539,3540,3541,3542,3543,3544,3545,3546,3547,3548,3549,3550,3551,3552,3553,3554,3555,3556,3557,3558,3559,3560,3561,3562,3563,3564,3565,3566,3567,3568,3569,3570,3571,3572,3573,3574,3575,3576,3577,3578,3579,3580,3581,3582,3583,3584,3585,3586,3587,3588,3589,3590,3591,3592,3593,3594,3595,3596,3597,3598,3599,3600,3601,3602,3603,3604,3605,3606,3607,3609,3610,3611,3612,3613,3614,3615,3616,3617,3618,3619,3620,3621,3622,3625,3626,3627,3628,3629,3630,3631,3632,3633,3634,3635,3636,3637,3638,3639,3640,3641,3642,3643,3644,3645,3646,3647,3648,3649,3650,3651,3652,3653,3654,3655,3656,3657,3658,3659,3660,3661,3662,3663,3664,3665,3666,3667,3669,3670,3671,3672,3673,3674,3675,3676,3677,3678,3679,3680,3681,3682,3683,3684,3685,3686,3687,3688,3690,3691,3692,3693,3694,3695,3696,3697,3698,3699,3700,3701,3702,3703,3704,3705,3706,3707,3708,3709,3710,3711,3712,3713,3714,3715,3716,3717,3718,3719,3720,3721,3722,3723,3724,3725,3726,3728,3729,3730,3731,3732,3733,3734,3735,3736,3737,3738,3739,3740,3741,3742,3743,3744,3745,3746,3747,3748,3749,3750,3751,3752,3753,3754,3755,3756,3757,3758,3759,3760,3761,3762,3763,3764,3765,3766,3767,3768,3770,3771,3772,3773,3774,3775,3776,3777,3778,3779,3780,3781,3782,3783,3784,3785,3786,3787,3788,3789,3790,3791,3792,3793,3794,3795,3796,3797,3798,3799,3800,3801,3802,3803,3804,3805,3806,3807,3808,3809,3810,3811,3812,3813,3814,3815,3816,3817,3818,3819,3820,3821,3822,3823,3824,3825,3826,3827,3828,3829,3830
2825	2506,2650,2811,2824,2874,2906,2998,3019,3029,3035,3037,3043,3048,3070,3073,3090,3094,3096,3110,3125,3129,3135,3140,3144,3145,3154,3156,3160,3162,3180,3181,3182,3187,3193,3200,3202,3204,3222,3223,3229,3235,3239,3247,3249,3252,3264,3265,3269,3271,3273,3274,3275,3283,3292,3293,3301,3312,3315,3316,3322,3323,3329,3330,3332,3335,3336,3337,3338,3341,3342,3344,3348,3350,3351,3357,3358,3359,3360,3361,3363,3365,3366,3369,3373,3374,3377,3378,3379,3381,3384,3385,3388,3389,3391,3392,3394,3396,3399,3401,3402,3405,3406,3414,3416,3419,3423,3427,3428,3429,3430,3432,3434,3438,3439,3440,3442,3445,3446,3447,3448,3450,3451,3453,3454,3456,3457,3458,3459,3461,3463,3464,3465,3466,3467,3468,3470,3471,3472,3473,3475,3477,3478,3480,3481,3482,3483,3485,3486,3487,3488,3490,3492,3493,3495,3496,3498,3502,3503,3504,3505,3506,3507,3508,3509,3510,3511,3512,3513,3514,3515,3516,3518,3519,3520,3521,3522,3523,3524,3525,3526,3527,3528,3529,3530,3531,3532,3533,3534,3535,3536,3537,3538,3539,3540,3541,3542,3543,3544,3545,3546,3547,3548,3549,3550,3551,3552,3553,3554,3555,3556,3557,3558,3559,3560,3561,3562,3563,3564,3565,3566,3567,3568,3569,3570,3571,3572,3573,3574,3575,3576,3577,3578,3579,3580,3581,3582,3583,3584,3585,3586,3587,3588,3589,3590,3591,3592,3593,3594,3595,3596,3597,3598,3599,3600,3601,3602,3603,3604,3605,3606,3607,3609,3610,3611,3612,3613,3614,3615,3616,3617,3618,3619,3620,3621,3622,3625,3626,3627,3628,3629,3630,3631,3632,3633,3634,3635,3636,3637,3638,3639,3640,3641,3642,3643,3644,3645,3646,3647,3648,3649,3650,3651,3652,3653,3654,3655,3656,3657,3658,3659,3660,3661,3662,3663,3664,3665,3666,3667,3669,3670,3671,3672,3673,3674,3675,3676,3677,3678,3679,3680,3681,3682,3683,3684,3685,3686,3687,3688,3690,3691,3692,3693,3694,3695,3696,3697,3698,3699,3700,3701,3702,3703,3704,3705,3706,3707,3708,3709,3710,3711,3712,3713,3714,3715,3716,3717,3718,3719,3720,3721,3722,3723,3724,3725,3726,3728,3729,3730,3731,3732,3733,3734,3735,3736,3737,3738,3739,3740,3741,3742,3743,3744,3745,3746,3747,3748,3749,3750,3751,3752,3753,3754,3755,3756,3757,3758,3759,3760,3761,3762,3763,3764,3765,3766,3767,3768,3770,3771,3772,3773,3774,3775,3776,3777,3778,3779,3780,3781,3782,3783,3784,3785,3786,3787,3788,3789,3790,3791,3792,3793,3794,3795,3796,3797,3798,3799,3800,3801,3802,3803,3804,3805,3806,3807,3808,3809,3810,3811,3812,3813,3814,3815,3816,3817,3818,3819,3820,3821,3822,3823,3824,3825,3826,3827,3828,3829,3830,3831,3832,3833,3834,3835,3836,3837,3838,3839,3840,3841,3842,3843,3844,3845,3846,3847,3848,3849,3850,3851,3853,3854,3855,3856,3857,3858,3859,3860,3861,3862,3863,3864,3865,3866,3867,3869,3870,3871,3872,3873
2850	2506,2650,2874,2906,2998,3035,3037,3043,3048,3070,3073,3090,3096,3110,3129,3135,3140,3144,3154,3156,3160,3162,3181,3182,3187,3193,3202,3229,3235,3239,3247,3252,3264,3265,3269,3271,3273,3274,3275,3283,3292,3293,3301,3312,3315,3316,3322,3336,3337,3344,3350,3359,3366,3373,3378,3379,3384,3391,3402,3414,3428,3429,3430,3432,3434,3438,3439,3440,3442,3445,3447,3448,3450,3451,3453,3454,3456,3458,3461,3464,3465,3467,3468,3470,3472,3475,3477,3478,3480,3481,3482,3483,3486,3490,3492,3493,3495,3498,3503,3504,3505,3506,3507,3509,3510,3512,3513,3515,3518,3519,3520,3521,3523,3524,3526,3529,3530,3531,3532,3533,3534,3535,3536,3538,3539,3544,3545,3546,3547,3548,3549,3550,3551,3552,3554,3555,3556,3557,3559,3560,3561,3562,3563,3564,3565,3566,3567,3568,3569,3570,3571,3572,3573,3574,3575,3576,3577,3578,3579,3580,3581,3582,3583,3585,3586,3587,3588,3590,3591,3592,3593,3594,3595,3596,3597,3598,3599,3600,3601,3602,3603,3604,3605,3606,3607,3609,3610,3611,3612,3613,3614,3615,3616,3617,3618,3619,3620,3621,3622,3625,3626,3627,3628,3629,3630,3631,3632,3633,3634,3635,3636,3637,3638,3639,3640,3641,3642,3643,3644,3645,3646,3647,3648,3649,3650,3651,3652,3653,3654,3655,3656,3657,3658,3659,3660,3661,3662,3663,3664,3665,3666,3667,3669,3670,3671,3672,3673,3674,3675,3676,3677,3678,3679,3680,3681,3682,3683,3684,3685,3686,3687,3688,3690,3691,3692,3693,3694,3695,3696,3697,3698,3699,3700,3701,3702,3703,3704,3705,3706,3707,3708,3709,3710,3711,3712,3713,3714,3715,3716,3717,3718,3719,3720,3721,3722,3723,3724,3725,3726,3728,3729,3730,3731,3732,3733,3734,3735,3736,3737,3738,3739,3740,3741,3742,3743,3744,3745,3746,3747,3748,3749,3750,3751,3752,3753,3754,3755,3756,3757,3758,3759,3760,3761,3762,3763,3764,3765,3766,3767,3768,3770,3771,3772,3773,3774,3775,3776,3777,3778,3779,3780,3781,3782,3783,3784,3785,3786,3787,3788,3789,3790,3791,3792,3793,3794,3795,3796,3797,3798,3799,3800,3801,3802,3803,3804,3805,3806,3807,3808,3809,3810,3811,3812,3813,3814,3815,3816,3817,3818,3819,3820,3821,3822,3823,3824,3825,3826,3827,3828,3829,3830,3831,3832,3833,3834,3835,3836,3837,3838,3839,3840,3841,3842,3843,3844,3845,3846,3847,3848,3849,3850,3851,3853,3854,3855,3856,3857,3858,3859,3860,3861,3862,3863,3864,3865,3866,3867,3869,3870,3871,3872,3873,3874,3875,3876,3877,3878,3879,3880,3881,3882,3883,3884,3885,3886,3887,3888,3889,3890,3891,3892,3893,3894,3895,3896,3897,3898,3899,3900,3901,3902,3903,3904,3905,3906,3907,3908,3909,3910,3911,3912,3913,3914,3915,3916,3917,3918,3919,3920,3921,3922,3923,3924,3925,3926,3927,3928,3929,3930,3931,3932,3933,3934,3935,3936,3937,3938,3939,3940,3941,3942,3943,3944,3945,3946,3947,3948,3949,3950,3951,3952,3953,3954,3955,3956,3957,3958,3959,3960
2875	2506,2650,2874,2906,2998,3035,3037,3043,3073,3090,3110,3129,3140,3154,3156,3160,3181,3182,3187,3239,3247,3252,3264,3265,3269,3271,3273,3274,3275,3283,3292,3293,3301,3312,3315,3316,3322,3336,3337,3344,3350,3359,3366,3373,3378,3379,3384,3391,3402,3430,3432,3434,3438,3440,3442,3445,3448,3450,3453,3454,3456,3458,3464,3465,3468,3470,3483,3490,3492,3493,3495,3503,3504,3506,3507,3509,3510,3512,3513,3515,3518,3519,3521,3523,3524,3526,3529,3530,3531,3532,3533,3534,3535,3536,3538,3539,3544,3546,3547,3548,3549,3550,3551,3552,3554,3556,3557,3560,3561,3562,3563,3564,3565,3566,3567,3568,3569,3570,3571,3572,3573,3574,3575,3576,3577,3578,3579,3580,3581,3582,3585,3586,3588,3590,3591,3592,3595,3596,3597,3598,3599,3600,3601,3602,3604,3605,3606,3607,3609,3610,3612,3613,3614,3615,3616,3617,3618,3619,3620,3621,3622,3625,3626,3627,3628,3629,3630,3631,3632,3633,3634,3635,3636,3637,3638,3639,3640,3641,3642,3643,3644,3645,3646,3647,3648,3649,3650,3651,3652,3653,3654,3655,3656,3657,3658,3659,3660,3661,3662,3663,3664,3665,3666,3667,3669,3670,3671,3672,3673,3674,3675,3676,3677,3678,3679,3680,3681,3682,3683,3684,3685,3686,3687,3688,3690,3691,3692,3693,3694,3695,3696,3697,3698,3699,3700,3701,3702,3703,3704,3705,3706,3707,3708,3709,3710,3711,3712,3713,3714,3715,3716,3717,3718,3719,3720,3721,3722,3723,3724,3725,3726,3728,3729,3730,3731,3732,3733,3734,3735,3736,3737,3738,3739,3740,3741,3742,3743,3744,3745,3746,3747,3748,3749,3750,3751,3752,3753,3754,3755,3756,3757,3758,3759,3760,3761,3762,3763,3764,3765,3766,3767,3768,3770,3771,3772,3773,3774,3775,3776,3777,3778,3779,3780,3781,3782,3783,3784,3785,3786,3787,3788,3789,3790,3791,3792,3793,3794,3795,3796,3797,3798,3799,3800,3801,3802,3803,3804,3805,3806,3807,3808,3809,3810,3811,3812,3813,3814,3815,3816,3817,3818,3819,3820,3821,3822,3823,3824,3825,3826,3827,3828,3829,3830,3831,3832,3833,3834,3835,3836,3837,3838,3839,3840,3841,3842,3843,3844,3845,3846,3847,3848,3849,3850,3851,3853,3854,3855,3856,3857,3858,3859,3860,3861,3862,3863,3864,3865,3866,3867,3869,3870,3871,3872,3873,3874,3875,3876,3877,3878,3879,3880,3881,3882,3883,3884,3885,3886,3887,3888,3889,3890,3891,3892,3893,3894,3895,3896,3897,3898,3899,3900,3901,3902,3903,3904,3905,3906,3907,3908,3909,3910,3911,3912,3913,3914,3915,3916,3917,3918,3919,3920,3921,3922,3923,3924,3925,3926,3927,3928,3929,3930,3931,3932,3933,3934,3935,3936,3937,3938,3939,3940,3941,3942,3943,3944,3945,3946,3947,3948,3949,3950,3951,3952,3953,3954,3955,3956,3957,3958,3959,3960,3961,3962,3963,3964,3965,3966,3967,3968,3969,3970,3971,3972,3973,3974,3975,3976,3977,3978,3979,3980,3981,3982,3983,3984,3985,3986,3987,3988,3989,3990,3991,3992,3993,3994,3995,3996,3997,3998,3999,4000,4001,4002,4004,4005,4006,4007,4008,4009,4010,4011,4012,4013,4014,4015,4016,4017,4018,4019,4020,4021,4022,4023,4024,4025,4026,4027,4028,4029,4030,4031,4032,4033,4034,4035,4036,4037,4038,4039,4040,4041,4042,4043,4044,4045,4046,4047,4048,4049,4050,4051,4052,4053,4054,4055,4056,4057,4058,4059,4060,4061
2900	2650,2874,2906,2998,3037,3073,3090,3140,3154,3156,3181,3187,3239,3247,3252,3264,3265,3269,3271,3273,3274,3275,3292,3293,3312,3315,3316,3322,3336,3337,3350,3359,3366,3373,3379,3384,3391,3402,3430,3438,3440,3442,3445,3448,3450,3453,3454,3456,3458,3464,3465,3470,3483,3490,3493,3495,3503,3504,3506,3507,3509,3510,3512,3513,3515,3518,3519,3521,3523,3524,3526,3529,3530,3531,3532,3533,3534,3535,3536,3539,3544,3546,3547,3548,3549,3550,3552,3554,3557,3560,3562,3564,3565,3571,3572,3576,3577,3578,3579,3580,3582,3585,3586,3588,3590,3591,3592,3595,3596,3598,3599,3600,3601,3602,3604,3605,3606,3607,3609,3610,3612,3613,3614,3615,3616,3617,3619,3620,3622,3625,3626,3628,3630,3632,3633,3634,3636,3639,3640,3641,3643,3647,3648,3650,3651,3652,3653,3654,3655,3656,3657,3658,3659,3660,3662,3663,3664,3665,3666,3667,3670,3672,3674,3675,3676,3677,3678,3679,3680,3681,3682,3683,3684,3685,3686,3687,3688,3690,3691,3692,3693,3694,3695,3696,3697,3698,3699,3700,3701,3702,3703,3704,3705,3706,3707,3708,3709,3710,3711,3712,3713,3714,3715,3716,3717,3718,3719,3720,3721,3722,3723,3724,3725,3726,3728,3729,3730,3731,3732,3733,3734,3735,3736,3737,3738,3739,3740,3741,3742,3743,3744,3745,3746,3747,3748,3749,3750,3751,3752,3753,3754,3755,3756,3757,3758,3759,3760,3761,3762,3763,3764,3765,3766,3767,3768,3770,3771,3772,3773,3774,3775,3776,3777,3778,3779,3780,3781,3782,3783,3784,3785,3786,3787,3788,3789,3790,3791,3792,3793,3794,3795,3796,3797,3798,3799,3800,3801,3802,3803,3804,3805,3806,3807,3808,3809,3810,3811,3812,3813,3814,3815,3816,3817,3818,3819,3820,3821,3822,3823,3824,3825,3826,3827,3828,3829,3830,3831,3832,3833,3834,3835,3836,3837,3838,3839,3840,3841,3842,3843,3844,3845,3846,3847,3848,3849,3850,3851,3853,3854,3855,3856,3857,3858,3859,3860,3861,3862,3863,3864,3865,3866,3867,3869,3870,3871,3872,3873,3874,3875,3876,3877,3878,3879,3880,3881,3882,3883,3884,3885,3886,3887,3888,3889,3890,3891,3892,3893,3894,3895,3896,3897,3898,3899,3900,3901,3902,3903,3904,3905,3906,3907,3908,3909,3910,3911,3912,3913,3914,3915,3916,3917,3918,3919,3920,3921,3922,3923,3924,3925,3926,3927,3928,3929,3930,3931,3932,3933,3934,3935,3936,3937,3938,3939,3940,3941,3942,3943,3944,3945,3946,3947,3948,3949,3950,3951,3952,3953,3954,3955,3956,3957,3958,3959,3960,3961,3962,3963,3964,3965,3966,3967,3968,3969,3970,3971,3972,3973,3974,3975,3976,3977,3978,3979,3980,3981,3982,3983,3984,3985,3986,3987,3988,3989,3990,3991,3992,3993,3994,3995,3996,3997,3998,3999,4000,4001,4002,4004,4005,4006,4007,4008,4009,4010,4011,4012,4013,4014,4015,4016,4017,4018,4019,4020,4021,4022,4023,4024,4025,4026,4027,4028,4029,4030,4031,4032,4033,4034,4035,4036,4037,4038,4039,4040,4041,4042,4043,4044,4045,4046,4047,4048,4049,4050,4051,4052,4053,4054,4055,4056,4057,4058,4059,4060,4061,4063,4064,4065,4066,4067,4068,4069,4070,4071,4072,4073,4074,4076,4077,4078,4079,4080,4081,4082,4083,4084,4085,4086,4087,4088,4089,4090,4091,4092,4093,4094,4095,4096,4097,4098,4099,4100,4101,4102,4103,4104,4105,4106,4107,4108,4109,4110,4111,4112,4113,4114,4115,4116,4117,4118,4119,4120,4121,4122,4123,4124,4125,4127,4128,4129,4130,4131,4132,4133,4134,4135,4136,4137,4138,4139,4140,4141,4142,4143,4144,4145,4146,4147,4148,4149,4150,4151,4152,4153,4154,4155,4156,4157,4158,4159,4160,4161,4162,4163,4164,4165,4166,4167,4168,4169,4170,4171,4172,4173,4174,4175,4176,4177,4178,4179,4180,4181,4182,4183,4184,4185,4186,4187,4188,4189,4190
2925	2650,2874,2998,3140,3154,3156,3239,3252,3264,3265,3274,3275,3293,3315,3316,3322,3336,3337,3350,3373,3379,3384,3391,3438,3440,3442,3445,3448,3450,3453,3454,3456,3458,3464,3465,3470,3490,3493,3495,3503,3504,3506,3509,3510,3512,3513,3515,3518,3521,3523,3526,3529,3530,3532,3535,3536,3539,3544,3547,3548,3549,3550,3552,3554,3560,3562,3564,3565,3571,3577,3578,3579,3580,3585,3586,3590,3592,3595,3596,3598,3599,3602,3604,3606,3609,3610,3612,3613,3614,3616,3617,3619,3620,3625,3626,3628,3630,3632,3633,3634,3636,3639,3640,3641,3643,3648,3650,3651,3653,3656,3657,3659,3660,3663,3664,3665,3666,3667,3670,3672,3674,3675,3677,3678,3679,3681,3682,3683,3684,3685,3690,3691,3693,3694,3695,3696,3697,3698,3699,3700,3701,3703,3704,3705,3706,3707,3708,3709,3710,3711,3712,3713,3714,3715,3716,3717,3718,3719,3720,3721,3723,3724,3725,3726,3728,3729,3730,3731,3733,3734,3735,3736,3737,3738,3739,3740,3741,3742,3743,3744,3745,3747,3748,3750,3751,3752,3753,3754,3755,3756,3757,3758,3759,3760,3761,3762,3763,3764,3765,3766,3767,3770,3772,3774,3775,3776,3778,3779,3780,3781,3782,3783,3784,3785,3786,3787,3788,3789,3790,3791,3792,3793,3795,3796,3797,3799,3800,3801,3802,3803,3804,3805,3806,3807,3808,3809,3811,3812,3813,3814,3815,3816,3817,3818,3819,3820,3821,3822,3823,3824,3825,3826,3827,3828,3829,3830,3831,3832,3833,3834,3835,3836,3837,3838,3839,3840,3841,3842,3843,3844,3845,3846,3847,3848,3849,3850,3851,3853,3854,3855,3856,3857,3858,3859,3860,3861,3862,3863,3864,3865,3866,3867,3869,3870,3871,3872,3873,3874,3875,3876,3877,3878,3879,3880,3881,3882,3883,3884,3885,3886,3887,3888,3889,3890,3891,3892,3893,3894,3895,3896,3897,3898,3899,3900,3901,3902,3903,3904,3905,3906,3907,3908,3909,3910,3911,3912,3913,3914,3915,3916,3917,3918,3919,3920,3921,3922,3923,3924,3925,3926,3927,3928,3929,3930,3931,3932,3933,3934,3935,3936,3937,3938,3939,3940,3941,3942,3943,3944,3945,3946,3947,3948,3949,3950,3951,3952,3953,3954,3955,3956,3957,3958,3959,3960,3961,3962,3963,3964,3965,3966,3967,3968,3969,3970,3971,3972,3973,3974,3975,3976,3977,3978,3979,3980,3981,3982,3983,3984,3985,3986,3987,3988,3989,3990,3991,3992,3993,3994,3995,3996,3997,3998,3999,4000,4001,4002,4004,4005,4006,4007,4008,4009,4010,4011,4012,4013,4014,4015,4016,4017,4018,4019,4020,4021,4022,4023,4024,4025,4026,4027,4028,4029,4030,4031,4032,4033,4034,4035,4036,4037,4038,4039,4040,4041,4042,4043,4044,4045,4046,4047,4048,4049,4050,4051,4052,4053,4054,4055,4056,4057,4058,4059,4060,4061,4063,4064,4065,4066,4067,4068,4069,4070,4071,4072,4073,4074,4076,4077,4078,4079,4080,4081,4082,4083,4084,4085,4086,4087,4088,4089,4090,4091,4092,4093,4094,4095,4096,4097,4098,4099,4100,4101,4102,4103,4104,4105,4106,4107,4108,4109,4110,4111,4112,4113,4114,4115,4116,4117,4118,4119,4120,4121,4122,4123,4124,4125,4127,4128,4129,4130,4131,4132,4133,4134,4135,4136,4137,4138,4139,4140,4141,4142,4143,4144,4145,4146,4147,4148,4149,4150,4151,4152,4153,4154,4155,4156,4157,4158,4159,4160,4161,4162,4163,4164,4165,4166,4167,4168,4169,4170,4171,4172,4173,4174,4175,4176,4177,4178,4179,4180,4181,4182,4183,4184,4185,4186,4187,4188,4189,4190,4191,4192,4193,4194,4195,4196,4197,4198,4199,4200,4201,4202,4203,4204,4205,4206,4207,4208,4209,4210,4211,4212,4213,4214,4215,4216,4217,4218,4219,4220,4221,4222,4223,4224,4225,4226,4227,4228,4229,4230,4231,4232,4233,4234,4235,4236,4237,4238,4239,4240,4241,4242,4243,4244,4245,4246,4247,4248,4249,4250,4251,4252,4253,4254,4255,4256,4257,4258,4259,4260,4261,4262,4263,4264,4265,4266,4267,4268,4269,4270,4271,4272,4273,4274,4275,4276,4277,4278,4279,4280,4281,4282,4283,4284,4285,4286,4287,4288,4289,4290,4291,4292,4293,4294,4295,4296,4297,4298,4299,4300,4302,4303,4304,4305,4306,4307,4308,4309,4310,4311,4312,4313,4314,4315,4316,4317,4318,4319,4320,4321,4322,4323,4324,4325,4326
2950	2650,2874,2998,3140,3154,3156,3239,3264,3265,3274,3275,3293,3315,3316,3322,3336,3337,3350,3373,3379,3384,3391,3438,3440,3442,3445,3448,3450,3453,3454,3456,3458,3464,3465,3470,3490,3493,3495,3503,3504,3506,3509,3510,3512,3518,3521,3523,3526,3529,3530,3532,3535,3539,3544,3547,3548,3550,3552,3554,3560,3562,3564,3571,3577,3580,3586,3592,3596,3598,3602,3606,3609,3610,3614,3617,3619,3620,3625,3628,3630,3632,3633,3634,3636,3639,3640,3641,3643,3650,3651,3656,3657,3660,3663,3664,3665,3667,3670,3672,3674,3675,3677,3678,3679,3681,3682,3683,3684,3685,3690,3693,3694,3696,3697,3698,3699,3700,3701,3703,3704,3705,3707,3709,3710,3711,3712,3713,3714,3715,3716,3717,3718,3719,3720,3721,3723,3725,3726,3728,3729,3730,3731,3733,3734,3735,3736,3737,3738,3742,3743,3744,3745,3748,3750,3751,3752,3753,3755,3756,3757,3758,3760,3761,3762,3763,3766,3767,3770,3772,3775,3776,3779,3782,3783,3784,3786,3787,3788,3789,3790,3791,3792,3795,3796,3797,3799,3800,3801,3802,3803,3804,3805,3807,3808,3811,3812,3813,3815,3816,3817,3818,3819,3821,3822,3823,3825,3826,3827,3828,3830,3831,3833,3834,3835,3836,3837,3838,3839,3840,3841,3842,3843,3846,3847,3849,3851,3853,3855,3856,3857,3858,3859,3860,3861,3862,3863,3864,3865,3866,3867,3869,3870,3871,3872,3873,3874,3875,3876,3877,3878,3879,3880,3881,3882,3883,3884,3885,3886,3887,3888,3889,3890,3891,3892,3893,3894,3895,3896,3897,3898,3899,3900,3901,3902,3903,3904,3905,3906,3907,3908,3909,3910,3911,3912,3913,3914,3915,3916,3917,3918,3919,3920,3921,3922,3923,3924,3925,3926,3927,3928,3929,3930,3931,3932,3933,3934,3935,3936,3937,3938,3939,3940,3941,3942,3943,3944,3945,3946,3947,3948,3949,3950,3951,3952,3953,3954,3955,3956,3957,3958,3959,3960,3961,3962,3963,3964,3965,3966,3967,3968,3969,3970,3971,3972,3973,3974,3975,3976,3977,3978,3979,3980,3981,3982,3983,3984,3985,3986,3987,3988,3989,3990,3991,3992,3993,3994,3995,3996,3997,3998,3999,4000,4001,4002,4004,4005,4006,4007,4008,4009,4010,4011,4012,4013,4014,4015,4016,4017,4018,4019,4020,4021,4022,4023,4024,4025,4026,4027,4028,4029,4030,4031,4032,4033,4034,4035,4036,4037,4038,4039,4040,4041,4042,4043,4044,4045,4046,4047,4048,4049,4050,4051,4052,4053,4054,4055,4056,4057,4058,4059,4060,4061,4063,4064,4065,4066,4067,4068,4069,4070,4071,4072,4073,4074,4076,4077,4078,4079,4080,4081,4082,4083,4084,4085,4086,4087,4088,4089,4090,4091,4092,4093,4094,4095,4096,4097,4098,4099,4100,4101,4102,4103,4104,4105,4106,4107,4108,4109,4110,4111,4112,4113,4114,4115,4116,4117,4118,4119,4120,4121,4122,4123,4124,4125,4127,4128,4129,4130,4131,4132,4133,4134,4135,4136,4137,4138,4139,4140,4141,4142,4143,4144,4145,4146,4147,4148,4149,4150,4151,4152,4153,4154,4155,4156,4157,4158,4159,4160,4161,4162,4163,4164,4165,4166,4167,4168,4169,4170,4171,4172,4173,4174,4175,4176,4177,4178,4179,4180,4181,4182,4183,4184,4185,4186,4187,4188,4189,4190,4191,4192,4193,4194,4195,4196,4197,4198,4199,4200,4201,4202,4203,4204,4205,4206,4207,4208,4209,4210,4211,4212,4213,4214,4215,4216,4217,4218,4219,4220,4221,4222,4223,4224,4225,4226,4227,4228,4229,4230,4231,4232,4233,4234,4235,4236,4237,4238,4239,4240,4241,4242,4243,4244,4245,4246,4247,4248,4249,4250,4251,4252,4253,4254,4255,4256,4257,4258,4259,4260,4261,4262,4263,4264,4265,4266,4267,4268,4269,4270,4271,4272,4273,4274,4275,4276,4277,4278,4279,4280,4281,4282,4283,4284,4285,4286,4287,4288,4289,4290,4291,4292,4293,4294,4295,4296,4297,4298,4299,4300,4302,4303,4304,4305,4306,4307,4308,4309,4310,4311,4312,4313,4314,4315,4316,4317,4318,4319,4320,4321,4322,4323,4324,4325,4326,4327,4328,4329,4330,4331,4333,4334,4335,4336,4337,4338,4339,4340,4341,4342,4343,4344,4345,4346,4347,4348,4349,4350,4351,4352,4353,4354,4355,4356,4357,4358,4359,4360,4361,4362,4364,4365,4366,4367,4368,4369,4370,4371,4372,4373,4374,4375,4376,4377,4378,4379,4380,4381,4382,4383,4384,4385,4386,4387,4388,4389,4390,4391,4392,4393,4394,4395,4396,4397,4398,4399
2975	2650,2874,2998,3140,3154,3156,3239,3264,3265,3274,3275,3315,3316,3322,3336,3337,3373,3379,3384,3391,3438,3440,3442,3448,3450,3453,3454,3456,3458,3465,3470,3490,3493,3495,3503,3504,3506,3510,3518,3521,3523,3526,3529,3532,3535,3539,3547,3550,3552,3554,3560,3562,3564,3571,3577,3580,3586,3592,3598,3602,3609,3614,3617,3619,3620,3625,3630,3632,3633,3634,3636,3639,3640,3641,3643,3656,3657,3660,3665,3670,3675,3678,3679,3682,3684,3685,3690,3693,3694,3696,3697,3698,3699,3700,3701,3703,3704,3705,3707,3710,3711,3712,3713,3714,3715,3716,3717,3718,3719,3721,3723,3726,3728,3729,3730,3731,3733,3734,3735,3737,3738,3742,3744,3748,3750,3751,3752,3753,3755,3756,3758,3761,3762,3770,3772,3775,3779,3782,3783,3784,3786,3787,3788,3789,3790,3791,3792,3795,3796,3797,3799,3800,3801,3802,3803,3804,3805,3807,3808,3811,3812,3813,3817,3818,3819,3821,3822,3823,3826,3827,3831,3833,3834,3835,3836,3837,3838,3839,3840,3841,3843,3846,3847,3849,3851,3853,3855,3856,3857,3858,3860,3861,3862,3863,3864,3866,3867,3869,3870,3871,3872,3873,3874,3875,3876,3877,3878,3879,3880,3881,3883,3884,3885,3887,3888,3889,3890,3891,3892,3893,3894,3895,3896,3897,3898,3899,3900,3901,3902,3903,3904,3907,3908,3910,3911,3912,3913,3914,3915,3917,3918,3919,3920,3921,3922,3923,3924,3925,3926,3927,3928,3929,3930,3931,3932,3933,3934,3935,3936,3937,3938,3939,3940,3941,3942,3943,3944,3945,3946,3947,3948,3949,3950,3951,3952,3953,3954,3955,3956,3957,3958,3959,3960,3961,3962,3963,3964,3965,3966,3967,3968,3969,3970,3971,3972,3973,3974,3975,3976,3977,3978,3979,3980,3981,3982,3983,3984,3985,3986,3987,3988,3989,3990,3991,3992,3993,3994,3995,3996,3997,3998,3999,4000,4001,4002,4004,4005,4006,4007,4008,4009,4010,4011,4012,4013,4014,4015,4016,4017,4018,4019,4020,4021,4022,4023,4024,4025,4026,4027,4028,4029,4030,4031,4032,4033,4034,4035,4036,4037,4038,4039,4040,4041,4042,4043,4044,4045,4046,4047,4048,4049,4050,4051,4052,4053,4054,4055,4056,4057,4058,4059,4060,4061,4063,4064,4065,4066,4067,4068,4069,4070,4071,4072,4073,4074,4076,4077,4078,4079,4080,4081,4082,4083,4084,4085,4086,4087,4088,4089,4090,4091,4092,4093,4094,4095,4096,4097,4098,4099,4100,4101,4102,4103,4104,4105,4106,4107,4108,4109,4110,4111,4112,4113,4114,4115,4116,4117,4118,4119,4120,4121,4122,4123,4124,4125,4127,4128,4129,4130,4131,4132,4133,4134,4135,4136,4137,4138,4139,4140,4141,4142,4143,4144,4145,4146,4147,4148,4149,4150,4151,4152,4153,4154,4155,4156,4157,4158,4159,4160,4161,4162,4163,4164,4165,4166,4167,4168,4169,4170,4171,4172,4173,4174,4175,4176,4177,4178,4179,4180,4181,4182,4183,4184,4185,4186,4187,4188,4189,4190,4191,4192,4193,4194,4195,4196,4197,4198,4199,4200,4201,4202,4203,4204,4205,4206,4207,4208,4209,4210,4211,4212,4213,4214,4215,4216,4217,4218,4219,4220,4221,4222,4223,4224,4225,4226,4227,4228,4229,4230,4231,4232,4233,4234,4235,4236,4237,4238,4239,4240,4241,4242,4243,4244,4245,4246,4247,4248,4249,4250,4251,4252,4253,4254,4255,4256,4257,4258,4259,4260,4261,4262,4263,4264,4265,4266,4267,4268,4269,4270,4271,4272,4273,4274,4275,4276,4277,4278,4279,4280,4281,4282,4283,4284,4285,4286,4287,4288,4289,4290,4291,4292,4293,4294,4295,4296,4297,4298,4299,4300,4302,4303,4304,4305,4306,4307,4308,4309,4310,4311,4312,4313,4314,4315,4316,4317,4318,4319,4320,4321,4322,4323,4324,4325,4326,4327,4328,4329,4330,4331,4333,4334,4335,4336,4337,4338,4339,4340,4341,4342,4343,4344,4345,4346,4347,4348,4349,4350,4351,4352,4353,4354,4355,4356,4357,4358,4359,4360,4361,4362,4364,4365,4366,4367,4368,4369,4370,4371,4372,4373,4374,4375,4376,4377,4378,4379,4380,4381,4382,4383,4384,4385,4386,4387,4388,4389,4390,4391,4392,4393,4394,4395,4396,4397,4398,4399,4400,4401,4402,4403,4404,4405,4406,4407,4408,4409,4410,4411,4412,4413,4414,4415,4416,4417,4418,4419,4420,4421,4422,4423,4424,4425,4426,4427,4428,4429,4430,4431,4432,4433,4434,4435,4436,4437,4438,4439,4440,4441,4442,4443,4444,4445,4446,4447,4448,4449,4450,4451,4452,4453,4454,4455,4456,4457,4458,4459,4460,4461,4462,4463,4464,4465,4466,4467,4468,4469,4470,4471,4472,4473,4474,4475,4476,4477,4478,4479,4480,4481,4482,4483,4485,4486,4487,4488
3000	2650,2874,2998,3140,3154,3156,3239,3264,3274,3275,3315,3316,3336,3384,3391,3438,3440,3442,3448,3450,3453,3454,3456,3458,3465,3470,3493,3495,3503,3504,3506,3510,3518,3521,3523,3529,3532,3535,3539,3547,3550,3552,3554,3560,3562,3564,3571,3580,3586,3592,3598,3602,3614,3617,3619,3620,3625,3630,3632,3633,3634,3636,3639,3640,3641,3657,3665,3670,3675,3678,3679,3682,3685,3690,3693,3694,3696,3697,3699,3700,3703,3704,3705,3710,3711,3712,3714,3715,3717,3719,3721,3723,3726,3728,3729,3730,3731,3733,3734,3735,3737,3738,3742,3750,3751,3753,3755,3756,3758,3761,3770,3772,3779,3783,3784,3786,3787,3788,3790,3792,3795,3796,3797,3799,3800,3801,3802,3803,3807,3808,3811,3812,3813,3817,3818,3819,3822,3823,3827,3831,3833,3834,3835,3837,3838,3839,3840,3841,3843,3846,3847,3849,3853,3855,3857,3858,3862,3863,3864,3866,3867,3869,3870,3871,3872,3873,3874,3875,3876,3877,3878,3879,3880,3881,3883,3884,3885,3887,3889,3890,3893,3894,3895,3897,3898,3901,3902,3903,3907,3911,3912,3913,3914,3915,3918,3919,3920,3921,3923,3925,3926,3927,3928,3929,3931,3932,3933,3935,3937,3938,3939,3940,3941,3943,3945,3946,3949,3950,3951,3953,3954,3955,3956,3957,3958,3959,3960,3961,3962,3964,3965,3967,3968,3969,3970,3971,3972,3973,3974,3976,3977,3979,3980,3981,3982,3983,3986,3987,3988,3989,3990,3991,3992,3993,3995,3996,3997,3998,4000,4001,4002,4004,4005,4006,4007,4008,4010,4011,4012,4013,4014,4015,4016,4017,4018,4019,4020,4021,4023,4025,4026,4027,4028,4030,4032,4033,4034,4037,4038,4039,4040,4041,4042,4043,4044,4045,4046,4047,4048,4049,4050,4051,4052,4053,4054,4055,4056,4057,4058,4059,4060,4061,4063,4064,4065,4066,4067,4068,4069,4070,4071,4072,4073,4074,4076,4077,4078,4079,4080,4081,4082,4083,4084,4085,4086,4087,4088,4089,4090,4091,4092,4093,4094,4095,4096,4097,4098,4099,4100,4101,4102,4103,4104,4105,4106,4107,4108,4109,4110,4111,4112,4113,4114,4115,4116,4117,4118,4119,4120,4121,4122,4123,4124,4125,4127,4128,4129,4130,4131,4132,4133,4134,4135,4136,4137,4138,4139,4140,4141,4142,4143,4144,4145,4146,4147,4148,4149,4150,4151,4152,4153,4154,4155,4156,4157,4158,4159,4160,4161,4162,4163,4164,4165,4166,4167,4168,4169,4170,4171,4172,4173,4174,4175,4176,4177,4178,4179,4180,4181,4182,4183,4184,4185,4186,4187,4188,4189,4190,4191,4192,4193,4194,4195,4196,4197,4198,4199,4200,4201,4202,4203,4204,4205,4206,4207,4208,4209,4210,4211,4212,4213,4214,4215,4216,4217,4218,4219,4220,4221,4222,4223,4224,4225,4226,4227,4228,4229,4230,4231,4232,4233,4234,4235,4236,4237,4238,4239,4240,4241,4242,4243,4244,4245,4246,4247,4248,4249,4250,4251,4252,4253,4254,4255,4256,4257,4258,4259,4260,4261,4262,4263,4264,4265,4266,4267,4268,4269,4270,4271,4272,4273,4274,4275,4276,4277,4278,4279,4280,4281,4282,4283,4284,4285,4286,4287,4288,4289,4290,4291,4292,4293,4294,4295,4296,4297,4298,4299,4300,4302,4303,4304,4305,4306,4307,4308,4309,4310,4311,4312,4313,4314,4315,4316,4317,4318,4319,4320,4321,4322,4323,4324,4325,4326,4327,4328,4329,4330,4331,4333,4334,4335,4336,4337,4338,4339,4340,4341,4342,4343,4344,4345,4346,4347,4348,4349,4350,4351,4352,4353,4354,4355,4356,4357,4358,4359,4360,4361,4362,4364,4365,4366,4367,4368,4369,4370,4371,4372,4373,4374,4375,4376,4377,4378,4379,4380,4381,4382,4383,4384,4385,4386,4387,4388,4389,4390,4391,4392,4393,4394,4395,4396,4397,4398,4399,4400,4401,4402,4403,4404,4405,4406,4407,4408,4409,4410,4411,4412,4413,4414,4415,4416,4417,4418,4419,4420,4421,4422,4423,4424,4425,4426,4427,4428,4429,4430,4431,4432,4433,4434,4435,4436,4437,4438,4439,4440,4441,4442,4443,4444,4445,4446,4447,4448,4449,4450,4451,4452,4453,4454,4455,4456,4457,4458,4459,4460,4461,4462,4463,4464,4465,4466,4467,4468,4469,4470,4471,4472,4473,4474,4475,4476,4477,4478,4479,4480,4481,4482,4483,4485,4486,4487,4488,4489,4490,4491,4492,4493,4494,4495,4496,4497,4498,4499,4500,4501,4502,4503
3025	2650,2874,2998,3140,3154,3156,3239,3264,3274,3275,3336,3384,3391,3438,3440,3442,3448,3450,3465,3470,3493,3495,3504,3506,3518,3523,3529,3532,3539,3547,3550,3552,3554,3562,3564,3580,3586,3598,3602,3614,3617,3619,3620,3630,3632,3633,3634,3636,3639,3640,3657,3665,3670,3678,3685,3693,3694,3696,3699,3700,3703,3704,3705,3710,3711,3712,3714,3715,3717,3719,3723,3726,3728,3729,3730,3731,3733,3734,3735,3737,3738,3742,3750,3751,3753,3756,3758,3761,3770,3772,3779,3783,3784,3787,3788,3790,3792,3795,3796,3797,3799,3801,3803,3807,3811,3812,3813,3817,3818,3819,3823,3827,3831,3833,3834,3837,3838,3839,3840,3843,3847,3849,3857,3858,3862,3863,3864,3866,3867,3869,3872,3873,3874,3875,3876,3877,3878,3879,3880,3881,3883,3884,3887,3890,3893,3894,3895,3898,3902,3903,3907,3911,3912,3915,3918,3920,3921,3925,3926,3927,3928,3929,3931,3933,3935,3937,3938,3939,3940,3945,3946,3949,3950,3951,3954,3955,3956,3957,3959,3960,3961,3962,3964,3965,3967,3968,3969,3970,3971,3972,3973,3974,3976,3977,3979,3980,3981,3982,3983,3986,3987,3989,3990,3992,3995,3996,3997,4000,4002,4004,4005,4006,4007,4008,4010,4011,4012,4014,4015,4016,4017,4018,4019,4020,4021,4023,4025,4026,4027,4028,4030,4032,4033,4034,4037,4038,4040,4045,4046,4048,4051,4052,4059,4060,4061,4064,4066,4068,4069,4070,4071,4072,4073,4074,4077,4078,4079,4080,4081,4082,4083,4085,4086,4087,4088,4089,4090,4091,4092,4093,4094,4095,4096,4097,4098,4099,4100,4102,4103,4104,4105,4106,4107,4108,4109,4110,4111,4112,4113,4114,4115,4116,4117,4119,4120,4121,4123,4124,4125,4127,4128,4129,4131,4132,4133,4134,4135,4136,4137,4138,4139,4140,4141,4142,4143,4144,4145,4146,4147,4148,4149,4150,4151,4152,4153,4154,4155,4156,4157,4158,4159,4160,4161,4162,4163,4164,4165,4166,4167,4168,4169,4170,4171,4172,4173,4174,4175,4176,4177,4178,4179,4180,4181,4182,4183,4184,4185,4186,4187,4188,4189,4190,4191,4192,4193,4194,4195,4196,4197,4198,4199,4200,4201,4202,4203,4204,4205,4206,4207,4208,4209,4210,4211,4212,4213,4214,4215,4216,4217,4218,4219,4220,4221,4222,4223,4224,4225,4226,4227,4228,4229,4230,4231,4232,4233,4234,4235,4236,4237,4238,4239,4240,4241,4242,4243,4244,4245,4246,4247,4248,4249,4250,4251,4252,4253,4254,4255,4256,4257,4258,4259,4260,4261,4262,4263,4264,4265,4266,4267,4268,4269,4270,4271,4272,4273,4274,4275,4276,4277,4278,4279,4280,4281,4282,4283,4284,4285,4286,4287,4288,4289,4290,4291,4292,4293,4294,4295,4296,4297,4298,4299,4300,4302,4303,4304,4305,4306,4307,4308,4309,4310,4311,4312,4313,4314,4315,4316,4317,4318,4319,4320,4321,4322,4323,4324,4325,4326,4327,4328,4329,4330,4331,4333,4334,4335,4336,4337,4338,4339,4340,4341,4342,4343,4344,4345,4346,4347,4348,4349,4350,4351,4352,4353,4354,4355,4356,4357,4358,4359,4360,4361,4362,4364,4365,4366,4367,4368,4369,4370,4371,4372,4373,4374,4375,4376,4377,4378,4379,4380,4381,4382,4383,4384,4385,4386,4387,4388,4389,4390,4391,4392,4393,4394,4395,4396,4397,4398,4399,4400,4401,4402,4403,4404,4405,4406,4407,4408,4409,4410,4411,4412,4413,4414,4415,4416,4417,4418,4419,4420,4421,4422,4423,4424,4425,4426,4427,4428,4429,4430,4431,4432,4433,4434,4435,4436,4437,4438,4439,4440,4441,4442,4443,4444,4445,4446,4447,4448,4449,4450,4451,4452,4453,4454,4455,4456,4457,4458,4459,4460,4461,4462,4463,4464,4465,4466,4467,4468,4469,4470,4471,4472,4473,4474,4475,4476,4477,4478,4479,4480,4481,4482,4483,4485,4486,4487,4488,4489,4490,4491,4492,4493,4494,4495,4496,4497,4498,4499,4500,4501,4502,4503,4504,4505,4506,4507,4508,4510,4511,4512,4513,4514,4515,4516,4517,4518,4519,4520,4521
3050	2650,2874,2998,3140,3156,3239,3275,3336,3384,3391,3438,3440,3448,3450,3465,3493,3495,3504,3506,3529,3532,3539,3547,3550,3552,3554,3562,3564,3580,3586,3598,3602,3617,3619,3620,3633,3634,3636,3639,3665,3670,3678,3694,3696,3699,3700,3703,3704,3705,3712,3714,3715,3723,3728,3730,3731,3733,3734,3735,3737,3738,3742,3750,3751,3753,3756,3779,3783,3784,3787,3788,3790,3792,3795,3796,3797,3799,3801,3803,3811,3813,3817,3823,3827,3831,3833,3837,3839,3840,3843,3847,3849,3858,3862,3863,3864,3872,3873,3874,3875,3876,3877,3878,3879,3880,3881,3883,3884,3887,3890,3893,3894,3895,3898,3903,3912,3918,3920,3925,3926,3927,3929,3933,3935,3937,3939,3940,3945,3946,3951,3955,3957,3960,3961,3962,3965,3967,3969,3970,3973,3977,3983,3986,3987,3989,3992,3996,3997,4005,4006,4008,4011,4016,4018,4019,4021,4023,4025,4026,4027,4028,4030,4033,4034,4038,4040,4051,4060,4061,4064,4066,4068,4069,4072,4073,4078,4079,4080,4081,4082,4083,4087,4088,4089,4090,4091,4093,4094,4095,4096,4097,4098,4099,4100,4102,4103,4105,4106,4107,4108,4109,4111,4112,4113,4114,4115,4116,4117,4119,4120,4121,4123,4124,4127,4128,4129,4131,4132,4136,4137,4138,4139,4141,4142,4143,4145,4146,4147,4149,4150,4151,4153,4154,4155,4156,4158,4159,4160,4161,4162,4163,4164,4166,4167,4168,4169,4170,4172,4175,4176,4179,4180,4183,4184,4185,4186,4187,4189,4190,4191,4192,4193,4194,4195,4197,4198,4199,4200,4201,4203,4205,4209,4210,4213,4214,4216,4217,4218,4219,4221,4222,4224,4225,4226,4227,4229,4230,4231,4232,4234,4236,4237,4240,4242,4243,4244,4245,4246,4247,4248,4250,4252,4253,4256,4257,4259,4260,4262,4263,4265,4266,4267,4268,4269,4271,4272,4274,4276,4278,4279,4280,4281,4282,4283,4285,4287,4288,4290,4291,4292,4293,4294,4295,4296,4297,4299,4302,4303,4306,4307,4308,4309,4310,4311,4313,4315,4316,4317,4318,4319,4320,4321,4322,4323,4324,4325,4326,4327,4328,4329,4330,4331,4333,4334,4335,4336,4337,4338,4339,4340,4341,4342,4343,4344,4345,4346,4347,4348,4349,4350,4351,4352,4353,4354,4355,4356,4357,4358,4359,4360,4361,4362,4364,4365,4366,4367,4368,4369,4370,4371,4372,4373,4374,4375,4376,4377,4378,4379,4380,4381,4382,4383,4384,4385,4386,4387,4388,4389,4390,4391,4392,4393,4394,4395,4396,4397,4398,4399,4400,4401,4402,4403,4404,4405,4406,4407,4408,4409,4410,4411,4412,4413,4414,4415,4416,4417,4418,4419,4420,4421,4422,4423,4424,4425,4426,4427,4428,4429,4430,4431,4432,4433,4434,4435,4436,4437,4438,4439,4440,4441,4442,4443,4444,4445,4446,4447,4448,4449,4450,4451,4452,4453,4454,4455,4456,4457,4458,4459,4460,4461,4462,4463,4464,4465,4466,4467,4468,4469,4470,4471,4472,4473,4474,4475,4476,4477,4478,4479,4480,4481,4482,4483,4485,4486,4487,4488,4489,4490,4491,4492,4493,4494,4495,4496,4497,4498,4499,4500,4501,4502,4503,4504,4505,4506,4507,4508,4510,4511,4512,4513,4514,4515,4516,4517,4518,4519,4520,4521,4522,4523,4524,4525,4526,4527,4528,4529,4530,4531,4532,4533,4534,4535,4536,4537,4538,4539,4540,4541,4542,4544,4545,4546,4547,4548,4549,4550,4551,4552,4553
3075	2874,2998,3156,3239,3336,3384,3391,3438,3440,3465,3529,3539,3547,3550,3552,3554,3586,3598,3617,3619,3633,3639,3670,3694,3696,3700,3703,3704,3714,3715,3723,3728,3730,3734,3735,3738,3742,3750,3751,3753,3756,3779,3783,3784,3787,3788,3792,3795,3796,3797,3799,3801,3803,3811,3813,3817,3823,3831,3839,3843,3847,3858,3862,3863,3864,3872,3875,3876,3877,3878,3879,3880,3881,3883,3884,3890,3893,3894,3895,3903,3912,3918,3920,3926,3927,3929,3933,3946,3960,3962,3965,3967,3970,3973,3977,3992,3996,3997,4005,4006,4008,4018,4021,4025,4026,4027,4028,4030,4033,4034,4038,4040,4064,4078,4079,4080,4082,4083,4087,4088,4089,4090,4094,4096,4097,4098,4099,4100,4102,4103,4106,4107,4108,4109,4112,4114,4115,4120,4121,4123,4124,4128,4129,4132,4138,4139,4141,4145,4147,4149,4150,4151,4153,4155,4156,4158,4159,4161,4162,4163,4164,4166,4168,4169,4175,4176,4179,4180,4184,4185,4186,4187,4189,4191,4193,4194,4195,4198,4199,4200,4201,4203,4205,4209,4210,4213,4216,4217,4218,4219,4221,4222,4224,4225,4227,4229,4230,4232,4234,4236,4237,4240,4243,4244,4245,4247,4248,4252,4253,4256,4257,4259,4260,4263,4266,4268,4269,4271,4272,4278,4279,4280,4281,4282,4287,4288,4290,4291,4292,4293,4294,4295,4297,4299,4302,4303,4306,4307,4308,4309,4310,4311,4315,4317,4320,4323,4326,4327,4330,4333,4334,4336,4340,4341,4344,4347,4348,4349,4350,4351,4352,4354,4355,4356,4357,4358,4359,4362,4364,4365,4366,4368,4370,4371,4373,4374,4376,4378,4380,4384,4385,4386,4387,4388,4389,4390,4391,4392,4393,4395,4396,4397,4398,4399,4400,4401,4402,4403,4404,4405,4406,4407,4408,4409,4410,4411,4412,4413,4414,4415,4416,4417,4418,4419,4420,4421,4422,4423,4424,4425,4426,4427,4428,4429,4430,4431,4432,4433,4434,4435,4436,4437,4438,4439,4440,4441,4442,4443,4444,4445,4446,4447,4448,4449,4450,4451,4452,4453,4454,4455,4456,4457,4458,4459,4460,4461,4462,4463,4464,4465,4466,4467,4468,4469,4470,4471,4472,4473,4474,4475,4476,4477,4478,4479,4480,4481,4482,4483,4485,4486,4487,4488,4489,4490,4491,4492,4493,4494,4495,4496,4497,4498,4499,4500,4501,4502,4503,4504,4505,4506,4507,4508,4510,4511,4512,4513,4514,4515,4516,4517,4518,4519,4520,4521,4522,4523,4524,4525,4526,4527,4528,4529,4530,4531,4532,4533,4534,4535,4536,4537,4538,4539,4540,4541,4542,4544,4545,4546,4547,4548,4549,4550,4551,4552,4553,4554,4555,4556,4557,4558,4559,4560,4561,4562,4563,4564,4565,4566,4567,4568,4569,4570,4571,4572,4573,4574,4575,4576,4577,4578,4579,4580,4581,4582,4583,4584,4585,4586,4587,4588,4589,4590,4591,4592,4593,4594,4595,4596,4597,4598,4599,4600,4601,4602,4603,4604,4605,4606,4607,4608,4609,4610,4611,4612,4613,4614,4615,4616,4617,4618,4619,4620
3100	2874,3156,3391,3438,3529,3539,3547,3550,3552,3586,3598,3617,3619,3633,3670,3694,3696,3700,3703,3715,3723,3728,3734,3735,3738,3742,3779,3783,3784,3787,3792,3797,3801,3803,3811,3817,3831,3839,3847,3858,3862,3877,3878,3879,3880,3881,3883,3884,3890,3903,3912,3920,3926,3960,3967,3970,3997,4008,4030,4033,4040,4064,4078,4079,4082,4083,4087,4089,4094,4096,4098,4100,4103,4106,4107,4108,4109,4112,4114,4115,4120,4124,4128,4129,4139,4141,4145,4147,4149,4150,4153,4155,4156,4158,4159,4162,4166,4168,4175,4180,4184,4186,4187,4193,4194,4195,4198,4200,4205,4210,4213,4216,4218,4219,4225,4227,4232,4236,4240,4244,4245,4257,4259,4266,4268,4269,4271,4280,4281,4287,4288,4291,4292,4297,4307,4309,4310,4311,4315,4323,4327,4330,4333,4334,4336,4341,4347,4348,4349,4350,4351,4352,4355,4357,4364,4365,4370,4374,4378,4380,4385,4386,4392,4398,4401,4402,4403,4404,4405,4406,4409,4410,4411,4413,4414,4416,4417,4419,4420,4422,4424,4426,4427,4429,4430,4431,4432,4434,4435,4436,4437,4439,4440,4441,4442,4443,4444,4445,4447,4448,4449,4450,4451,4452,4453,4454,4455,4456,4458,4460,4461,4462,4463,4464,4465,4466,4468,4469,4470,4471,4472,4473,4474,4475,4476,4478,4479,4480,4481,4482,4483,4485,4486,4487,4488,4489,4490,4491,4492,4493,4494,4495,4496,4497,4498,4499,4500,4501,4502,4503,4504,4505,4506,4507,4508,4510,4511,4512,4513,4514,4515,4516,4517,4518,4519,4520,4521,4522,4523,4524,4525,4526,4527,4528,4529,4530,4531,4532,4533,4534,4535,4536,4537,4538,4539,4540,4541,4542,4544,4545,4546,4547,4548,4549,4550,4551,4552,4553,4554,4555,4556,4557,4558,4559,4560,4561,4562,4563,4564,4565,4566,4567,4568,4569,4570,4571,4572,4573,4574,4575,4576,4577,4578,4579,4580,4581,4582,4583,4584,4585,4586,4587,4588,4589,4590,4591,4592,4593,4594,4595,4596,4597,4598,4599,4600,4601,4602,4603,4604,4605,4606,4607,4608,4609,4610,4611,4612,4613,4614,4615,4616,4617,4618,4619,4620,4621
3125	2874,3529,3539,3547,3552,3586,3598,3633,3670,3694,3703,3723,3728,3742,3783,3792,3797,3801,3803,3811,3817,3831,3847,3858,3877,3880,3881,3883,3884,3890,3920,3960,3967,3970,3997,4008,4030,4064,4079,4087,4089,4094,4100,4103,4106,4153,4155,4156,4162,4168,4175,4184,4186,4195,4198,4205,4210,4213,4216,4219,4225,4227,4232,4244,4245,4259,4268,4271,4280,4288,4291,4307,4309,4315,4323,4327,4333,4341,4347,4351,4355,4357,4364,4365,4374,4385,4386,4392,4401,4402,4405,4406,4409,4410,4413,4414,4416,4419,4420,4422,4424,4426,4430,4431,4434,4435,4437,4442,4443,4444,4445,4447,4448,4449,4450,4451,4454,4455,4456,4458,4460,4461,4463,4464,4465,4466,4469,4472,4474,4476,4479,4482,4483,4488,4489,4490,4492,4493,4495,4496,4497,4498,4501,4502,4503,4504,4505,4506,4507,4508,4510,4511,4512,4513,4514,4515,4516,4517,4518,4519,4520,4521,4522,4523,4524,4525,4526,4527,4528,4529,4530,4531,4532,4533,4534,4535,4536,4537,4538,4539,4540,4541,4542,4544,4545,4546,4547,4548,4549,4550,4551,4552,4553,4554,4555,4556,4557,4558,4559,4560,4561,4562,4563,4564,4565,4566,4567,4568,4569,4570,4571,4572,4573,4574,4575,4576,4577,4578,4579,4580,4581,4582,4583,4584,4585,4586,4587,4588,4589,4590,4591,4592,4593,4594,4595,4596,4597,4598,4599,4600,4601,4602,4603,4604,4605,4606,4607,4608,4609,4610,4611,4612,4613,4614,4615,4616,4617,4618,4619,4620,4621,4622,4623,4624,4625,4626,4627,4628,4629,4630,4631,4632,4633,4634,4635,4636,4637,4638,4639,4640,4641,4642,4643,4644
3150	3529,3539,3552,3598,3633,3670,3694,3703,3783,3792,3801,3811,3817,3831,3847,3858,3877,3881,3883,3884,3890,3970,3997,4030,4079,4087,4094,4100,4106,4153,4156,4162,4168,4175,4184,4186,4195,4198,4205,4210,4213,4216,4219,4225,4232,4244,4245,4259,4268,4271,4280,4288,4291,4307,4309,4323,4327,4333,4341,4347,4374,4386,4392,4401,4402,4406,4409,4410,4413,4419,4422,4424,4442,4445,4450,4456,4461,4465,4472,4476,4479,4483,4490,4492,4493,4495,4496,4497,4501,4502,4503,4504,4506,4508,4511,4512,4513,4514,4515,4516,4518,4519,4520,4521,4522,4523,4524,4525,4526,4527,4528,4529,4530,4531,4532,4533,4534,4535,4536,4537,4538,4539,4540,4541,4542,4544,4545,4546,4547,4548,4549,4550,4551,4552,4553,4554,4555,4556,4557,4558,4559,4560,4561,4562,4563,4564,4565,4566,4567,4568,4569,4570,4571,4572,4573,4574,4575,4576,4577,4578,4579,4580,4581,4582,4583,4584,4585,4586,4587,4588,4589,4590,4591,4592,4593,4594,4595,4596,4597,4598,4599,4600,4601,4602,4603,4604,4605,4606,4607,4608,4609,4610,4611,4612,4613,4614,4615,4616,4617,4618,4619,4620,4621,4622,4623,4624,4625,4626,4627,4628,4629,4630,4631,4632,4633,4634,4635,4636,4637,4638,4639,4640,4641,4642,4643,4644,4645,4646,4647,4648,4649,4650,4651,4652,4653,4654,4655
3175	3529,3539,3552,3598,3633,3670,3694,3783,3801,3811,3817,3858,3877,3881,3883,3884,3890,3970,3997,4030,4079,4087,4094,4100,4106,4153,4156,4162,4168,4175,4184,4186,4198,4205,4210,4219,4232,4244,4245,4268,4271,4280,4288,4291,4309,4323,4333,4341,4347,4392,4406,4409,4413,4422,4442,4450,4456,4461,4465,4472,4483,4490,4493,4495,4497,4501,4506,4508,4511,4512,4515,4516,4523,4524,4525,4528,4529,4531,4532,4533,4534,4535,4536,4537,4538,4539,4540,4541,4542,4544,4545,4546,4547,4548,4549,4550,4551,4552,4553,4554,4555,4556,4557,4558,4559,4560,4561,4562,4563,4564,4565,4566,4567,4568,4569,4570,4571,4572,4573,4574,4575,4576,4577,4578,4579,4580,4581,4582,4583,4584,4585,4586,4587,4588,4589,4590,4591,4592,4593,4594,4595,4596,4597,4598,4599,4600,4601,4602,4603,4604,4605,4606,4607,4608,4609,4610,4611,4612,4613,4614,4615,4616,4617,4618,4619,4620,4621,4622,4623,4624,4625,4626,4627,4628,4629,4630,4631,4632,4633,4634,4635,4636,4637,4638,4639,4640,4641,4642,4643,4644,4645,4646,4647,4648,4649,4650,4651,4652,4653,4654,4655,4656,4657,4658,4660,4661,4662,4663,4664,4665,4666,4667,4668,4669,4670,4671,4672,4673,4674,4675,4676,4677,4678,4679,4680,4681,4682,4683,4684,4685,4686,4687,4688,4689,4690,4691,4692,4693,4694,4695,4696,4697,4698,4699,4701,4702,4703,4704,4705,4706,4707,4708,4709,4710,4711,4713,4714,4715
3200	3539,3552,3633,3670,3801,3817,3858,3877,3883,3884,3890,3970,4030,4087,4100,4106,4153,4156,4184,4186,4198,4210,4219,4232,4244,4245,4280,4288,4291,4323,4333,4341,4347,4392,4409,4413,4442,4450,4456,4465,4472,4483,4490,4495,4497,4506,4511,4515,4523,4524,4525,4528,4529,4531,4535,4540,4541,4545,4546,4547,4548,4550,4551,4552,4553,4556,4557,4559,4560,4562,4563,4566,4571,4572,4573,4574,4575,4576,4577,4578,4580,4582,4584,4585,4587,4588,4590,4591,4592,4593,4595,4596,4597,4598,4599,4600,4601,4603,4604,4605,4606,4607,4608,4609,4610,4613,4614,4615,4616,4617,4618,4619,4620,4621,4622,4623,4624,4625,4626,4627,4628,4629,4630,4631,4632,4633,4634,4635,4636,4637,4638,4639,4640,4641,4642,4643,4644,4645,4646,4647,4648,4649,4650,4651,4652,4653,4654,4655,4656,4657,4658,4660,4661,4662,4663,4664,4665,4666,4667,4668,4669,4670,4671,4672,4673,4674,4675,4676,4677,4678,4679,4680,4681,4682,4683,4684,4685,4686,4687,4688,4689,4690,4691,4692,4693,4694,4695,4696,4697,4698,4699,4701,4702,4703,4704,4705,4706,4707,4708,4709,4710,4711,4713,4714,4715,4716,4717,4718,4719,4720,4721,4722,4723,4724,4725,4726,4727,4728,4729,4730,4731,4732,4733,4734,4735,4736,4737,4738,4739,4740,4741,4742
3225	3539,3552,3633,3670,3801,3858,3877,3884,3890,3970,4030,4087,4100,4106,4153,4184,4198,4219,4232,4244,4245,4291,4323,4333,4341,4347,4392,4409,4442,4450,4456,4472,4483,4495,4506,4511,4523,4528,4529,4540,4541,4545,4546,4552,4553,4559,4560,4562,4566,4571,4572,4573,4574,4575,4577,4578,4580,4582,4584,4585,4588,4590,4592,4593,4595,4596,4597,4598,4599,4600,4601,4603,4604,4605,4606,4607,4608,4609,4614,4615,4616,4617,4619,4620,4621,4622,4623,4624,4625,4626,4627,4628,4629,4630,4631,4632,4633,4634,4635,4636,4637,4638,4639,4640,4641,4642,4643,4644,4645,4646,4647,4648,4649,4650,4651,4652,4653,4654,4655,4656,4657,4658,4660,4661,4662,4663,4664,4665,4666,4667,4668,4669,4670,4671,4672,4673,4674,4675,4676,4677,4678,4679,4680,4681,4682,4683,4684,4685,4686,4687,4688,4689,4690,4691,4692,4693,4694,4695,4696,4697,4698,4699,4701,4702,4703,4704,4705,4706,4707,4708,4709,4710,4711,4713,4714,4715,4716,4717,4718,4719,4720,4721,4722,4723,4724,4725,4726,4727,4728,4729,4730,4731,4732,4733,4734,4735,4736,4737,4738,4739,4740,4741,4742,4743,4744,4745,4746,4747,4749,4750,4751,4752,4753,4754,4755,4756,4757,4758,4759,4760,4761,4762,4763,4764,4765,4766,4767,4768,4769,4770,4771,4772,4773,4774,4775,4776,4777,4778,4779,4780,4781,4782,4783,4784,4785,4786,4787,4788,4789,4790
3250	3539,3552,3670,3801,3858,3884,3890,4030,4087,4100,4106,4153,4184,4198,4219,4232,4244,4245,4291,4323,4333,4341,4347,4392,4409,4442,4450,4456,4472,4483,4495,4506,4511,4523,4529,4540,4541,4545,4546,4552,4559,4560,4562,4566,4574,4575,4578,4584,4590,4592,4593,4598,4600,4601,4603,4604,4605,4617,4619,4620,4622,4624,4625,4627,4628,4629,4630,4631,4632,4633,4634,4635,4636,4637,4638,4639,4640,4641,4642,4643,4644,4645,4646,4647,4648,4649,4650,4651,4652,4653,4654,4655,4656,4657,4658,4660,4661,4662,4663,4664,4665,4666,4667,4668,4669,4670,4671,4672,4673,4674,4675,4676,4677,4678,4679,4680,4681,4682,4683,4684,4685,4686,4687,4688,4689,4690,4691,4692,4693,4694,4695,4696,4697,4698,4699,4701,4702,4703,4704,4705,4706,4707,4708,4709,4710,4711,4713,4714,4715,4716,4717,4718,4719,4720,4721,4722,4723,4724,4725,4726,4727,4728,4729,4730,4731,4732,4733,4734,4735,4736,4737,4738,4739,4740,4741,4742,4743,4744,4745,4746,4747,4749,4750,4751,4752,4753,4754,4755,4756,4757,4758,4759,4760,4761,4762,4763,4764,4765,4766,4767,4768,4769,4770,4771,4772,4773,4774,4775,4776,4777,4778,4779,4780,4781,4782,4783,4784,4785,4786,4787,4788,4789,4790,4791,4792,4793,4794,4795,4796
3275	3539,3670,3801,3858,3884,4030,4100,4106,4153,4184,4198,4244,4245,4291,4323,4333,4341,4347,4409,4442,4450,4456,4472,4506,4523,4529,4541,4545,4546,4552,4559,4560,4566,4574,4575,4578,4593,4598,4600,4604,4605,4619,4622,4624,4625,4627,4628,4629,4630,4633,4634,4635,4636,4637,4639,4640,4646,4648,4649,4650,4651,4652,4653,4654,4655,4656,4657,4658,4660,4661,4662,4663,4664,4665,4666,4667,4668,4669,4670,4671,4672,4673,4674,4675,4676,4677,4678,4679,4680,4681,4682,4683,4684,4685,4686,4687,4688,4689,4690,4691,4692,4693,4694,4695,4696,4697,4698,4699,4701,4702,4703,4704,4705,4706,4707,4708,4709,4710,4711,4713,4714,4715,4716,4717,4718,4719,4720,4721,4722,4723,4724,4725,4726,4727,4728,4729,4730,4731,4732,4733,4734,4735,4736,4737,4738,4739,4740,4741,4742,4743,4744,4745,4746,4747,4749,4750,4751,4752,4753,4754,4755,4756,4757,4758,4759,4760,4761,4762,4763,4764,4765,4766,4767,4768,4769,4770,4771,4772,4773,4774,4775,4776,4777,4778,4779,4780,4781,4782,4783,4784,4785,4786,4787,4788,4789,4790,4791,4792,4793,4794,4795,4796,4797,4798,4799,4800,4801,4802,4803
3300	3539,3670,3801,3858,3884,4030,4100,4106,4153,4184,4198,4244,4245,4291,4323,4333,4341,4347,4442,4450,4472,4506,4523,4529,4546,4552,4559,4560,4566,4574,4575,4578,4593,4598,4600,4604,4605,4619,4622,4624,4625,4627,4628,4629,4630,4633,4634,4635,4636,4637,4639,4640,4648,4651,4655,4657,4658,4660,4661,4664,4667,4668,4669,4670,4671,4672,4674,4676,4677,4679,4683,4684,4686,4687,4688,4689,4690,4691,4692,4693,4694,4695,4696,4697,4698,4699,4701,4702,4703,4704,4707,4708,4709,4710,4711,4713,4714,4715,4716,4717,4718,4719,4720,4721,4722,4723,4724,4725,4726,4727,4728,4729,4730,4731,4732,4733,4734,4735,4736,4737,4738,4739,4740,4741,4742,4743,4744,4745,4746,4747,4749,4750,4751,4752,4753,4754,4755,4756,4757,4758,4759,4760,4761,4762,4763,4764,4765,4766,4767,4768,4769,4770,4771,4772,4773,4774,4775,4776,4777,4778,4779,4780,4781,4782,4783,4784,4785,4786,4787,4788,4789,4790,4791,4792,4793,4794,4795,4796,4797,4798,4799,4800,4801,4802,4803
3325	3670,3858,3884,4030,4100,4106,4184,4198,4244,4245,4291,4323,4333,4341,4347,4442,4472,4506,4523,4546,4560,4566,4575,4578,4598,4600,4605,4619,4622,4624,4625,4627,4628,4629,4630,4633,4634,4635,4636,4637,4639,4648,4655,4660,4670,4684,4686,4687,4688,4692,4696,4704,4707,4708,4709,4713,4714,4715,4716,4720,4722,4723,4725,4728,4729,4730,4731,4732,4733,4734,4735,4736,4737,4738,4739,4740,4741,4742,4743,4744,4745,4746,4747,4749,4750,4751,4752,4753,4754,4755,4756,4757,4758,4759,4760,4761,4762,4763,4764,4765,4766,4767,4768,4769,4770,4771,4772,4773,4774,4775,4776,4777,4778,4779,4780,4781,4782,4783,4784,4785,4786,4787,4788,4789,4790,4791,4792,4793,4794,4795,4796,4797,4798,4799,4800,4801,4802,4803,4804,4805,4806,4807,4808
3350	3670,3858,3884,4030,4100,4106,4184,4198,4291,4323,4333,4341,4347,4472,4506,4523,4546,4578,4605,4619,4622,4624,4625,4627,4628,4629,4630,4633,4635,4636,4648,4655,4684,4687,4692,4707,4708,4713,4714,4725,4728,4729,4734,4736,4737,4738,4739,4740,4741,4743,4744,4745,4746,4747,4749,4750,4752,4753,4754,4755,4756,4757,4759,4760,4762,4764,4765,4766,4767,4768,4769,4770,4771,4772,4774,4776,4778,4779,4781,4782,4783,4784,4786,4787,4788,4789,4790,4791,4792,4793,4794,4795,4796,4797,4798,4799,4800,4801,4802,4803,4804,4805,4806,4807,4808,4809,4810,4811,4812,4813,4814,4815,4816,4817,4818,4819,4820,4821,4822,4823,4824,4825,4826,4827
3375	3670,3858,3884,4030,4100,4106,4198,4291,4323,4341,4347,4472,4506,4523,4546,4578,4605,4619,4622,4625,4627,4628,4630,4635,4636,4648,4655,4684,4687,4707,4708,4734,4736,4737,4738,4739,4740,4741,4743,4744,4745,4746,4747,4750,4752,4753,4757,4759,4760,4762,4764,4765,4766,4767,4768,4771,4772,4776,4778,4779,4781,4782,4783,4784,4786,4787,4788,4789,4791,4792,4793,4794,4795,4796,4797,4798,4799,4800,4801,4802,4803,4804,4805,4806,4807,4808,4809,4810,4811,4812,4813,4814,4815,4816,4817,4818,4819,4820,4821,4822,4823,4824,4825,4826,4827,4828,4829,4830,4831,4832,4833,4834,4835,4836,4837,4838,4839,4840,4841,4842,4843,4844,4845,4846,4847,4848,4849,4850,4851,4852,4853,4854,4855,4856,4857,4858,4861,4862,4863,4864,4865,4866,4867,4868,4869,4870,4871,4872,4873,4874,4875,4876,4877,4878,4879,4880,4881,4882,4883,4884,4885,4886,4887,4888,4889
3400	3858,3884,4030,4100,4106,4198,4291,4323,4341,4347,4472,4523,4546,4578,4605,4619,4627,4628,4630,4635,4636,4648,4655,4684,4687,4707,4708,4734,4736,4737,4738,4740,4741,4743,4744,4745,4746,4752,4757,4760,4762,4764,4765,4767,4768,4771,4772,4778,4779,4784,4786,4787,4788,4789,4791,4792,4793,4796,4800,4801,4802,4803,4804,4805,4806,4807,4808,4809,4810,4811,4812,4813,4814,4815,4816,4817,4818,4819,4820,4821,4822,4823,4824,4825,4826,4827,4828,4829,4830,4831,4832,4833,4834,4835,4836,4837,4838,4839,4840,4841,4842,4843,4844,4845,4846,4847,4848,4849,4850,4851,4852,4853,4854,4855,4856,4857,4858,4861,4862,4863,4864,4865,4866,4867,4868,4869,4870,4871,4872,4873,4874,4875,4876,4877,4878,4879,4880,4881,4882,4883,4884,4885,4886,4887,4888,4889,4890,4891,4892,4893,4894,4895,4896,4897,4898,4899,4900,4901,4902,4903,4904,4905,4906,4907,4908,4909,4910,4911,4912,4913,4915,4916,4917,4918,4919,4920,4921,4922
3425	3884,4030,4198,4291,4323,4472,4546,4578,4605,4619,4627,4628,4635,4636,4684,4687,4707,4708,4736,4737,4738,4741,4743,4745,4746,4757,4762,4764,4765,4768,4771,4778,4779,4787,4788,4789,4791,4793,4796,4801,4802,4803,4804,4805,4806,4807,4808,4809,4810,4811,4812,4813,4814,4815,4816,4817,4818,4819,4820,4821,4822,4823,4824,4825,4826,4827,4828,4829,4830,4831,4832,4833,4834,4835,4836,4837,4838,4839,4840,4841,4842,4843,4844,4845,4846,4847,4848,4849,4850,4851,4852,4853,4854,4855,4856,4857,4858,4861,4862,4863,4864,4865,4866,4867,4868,4869,4870,4871,4872,4873,4874,4875,4876,4877,4878,4879,4880,4881,4882,4883,4884,4885,4886,4887,4888,4889,4890,4891,4892,4893,4894,4895,4896,4897,4898,4899,4900,4901,4902,4903,4904,4905,4906,4907,4908,4909,4910,4911,4912,4913,4915,4916,4917,4918,4919,4920,4921,4922,4923,4924,4925,4926,4927,4928,4929,4930,4931,4932,4933,4934,4935,4936,4937,4938,4939,4940,4941,4942,4943,4944,4945,4946,4947,4948,4949,4950,4951,4952,4953,4954,4955,4956,4957,4958,4959,4960,4961,4962,4963,4964,4965,4967,4968,4969,4970,4971,4972,4973,4974,4975,4976,4977,4978,4979,4980
3450	3884,4030,4198,4291,4323,4472,4605,4619,4627,4628,4636,4687,4707,4708,4736,4737,4738,4741,4743,4745,4746,4762,4765,4768,4771,4779,4787,4788,4789,4791,4793,4796,4802,4803,4807,4808,4809,4810,4811,4812,4813,4814,4815,4816,4817,4818,4819,4820,4821,4822,4823,4824,4825,4826,4827,4828,4829,4830,4831,4832,4833,4834,4835,4836,4837,4838,4839,4840,4841,4842,4843,4844,4845,4846,4847,4848,4849,4850,4851,4852,4853,4854,4855,4856,4857,4858,4861,4862,4863,4864,4865,4866,4867,4868,4869,4870,4871,4872,4873,4874,4875,4876,4877,4878,4879,4880,4881,4882,4883,4884,4885,4886,4887,4888,4889,4890,4891,4892,4893,4894,4895,4896,4897,4898,4899,4900,4901,4902,4903,4904,4905,4906,4907,4908,4909,4910,4911,4912,4913,4915,4916,4917,4918,4919,4920,4921,4922,4923,4924,4925,4926,4927,4928,4929,4930,4931,4932,4933,4934,4935,4936,4937,4938,4939,4940,4941,4942,4943,4944,4945,4946,4947,4948,4949,4950,4951,4952,4953,4954,4955,4956,4957,4958,4959,4960,4961,4962,4963,4964,4965,4967,4968,4969,4970,4971,4972,4973,4974,4975,4976,4977,4978,4979,4980,4981,4982,4983
3475	4030,4291,4323,4619,4627,4628,4736,4737,4738,4741,4743,4745,4746,4762,4765,4768,4771,4787,4788,4789,4791,4793,4796,4803,4816,4819,4820,4821,4822,4823,4824,4825,4826,4827,4828,4829,4830,4831,4832,4833,4834,4835,4836,4837,4838,4839,4840,4841,4842,4843,4844,4845,4846,4847,4848,4849,4850,4851,4852,4853,4854,4855,4856,4857,4858,4861,4862,4863,4864,4865,4866,4867,4868,4869,4870,4871,4872,4873,4874,4875,4876,4877,4878,4879,4880,4881,4882,4883,4884,4885,4886,4887,4888,4889,4890,4891,4892,4893,4894,4895,4896,4897,4898,4899,4900,4901,4902,4903,4904,4905,4906,4907,4908,4909,4910,4911,4912,4913,4915,4916,4917,4918,4919,4920,4921,4922,4923,4924,4925,4926,4927,4928,4929,4930,4931,4932,4933,4934,4935,4936,4937,4938,4939,4940,4941,4942,4943,4944,4945,4946,4947,4948,4949,4950,4951,4952,4953,4954,4955,4956,4957,4958,4959,4960,4961,4962,4963,4964,4965,4967,4968,4969,4970,4971,4972,4973,4974,4975,4976,4977,4978,4979,4980,4981,4982,4983,4984,4985,4986,4987,4988,4989,4991,4992,4993,4994
3500	4030,4291,4323,4627,4628,4737,4746,4762,4765,4768,4771,4787,4788,4791,4796,4803,4819,4820,4821,4822,4823,4824,4826,4827,4828,4829,4830,4831,4832,4833,4834,4835,4836,4837,4839,4840,4841,4842,4843,4844,4845,4847,4848,4849,4850,4851,4853,4854,4856,4857,4858,4862,4863,4864,4865,4866,4867,4868,4869,4870,4871,4872,4873,4874,4875,4876,4877,4878,4879,4880,4881,4882,4883,4884,4885,4886,4887,4888,4889,4890,4891,4892,4893,4894,4895,4896,4897,4898,4899,4900,4901,4902,4903,4904,4905,4906,4907,4908,4909,4910,4911,4912,4913,4915,4916,4917,4918,4919,4920,4921,4922,4923,4924,4925,4926,4927,4928,4929,4930,4931,4932,4933,4934,4935,4936,4937,4938,4939,4940,4941,4942,4943,4944,4945,4946,4947,4948,4949,4950,4951,4952,4953,4954,4955,4956,4957,4958,4959,4960,4961,4962,4963,4964,4965,4967,4968,4969,4970,4971,4972,4973,4974,4975,4976,4977,4978,4979,4980,4981,4982,4983,4984,4985,4986,4987,4988,4989,4991,4992,4993,4994,4995,4996,4997,4998
3525	4030,4291,4323,4627,4628,4737,4746,4762,4768,4771,4788,4791,4796,4803,4819,4820,4823,4824,4827,4828,4829,4830,4831,4832,4833,4834,4835,4836,4837,4840,4841,4842,4843,4845,4847,4848,4850,4851,4853,4854,4856,4857,4858,4863,4864,4865,4866,4868,4871,4872,4873,4875,4876,4877,4878,4879,4880,4881,4882,4883,4884,4885,4886,4887,4888,4889,4890,4892,4894,4896,4898,4900,4901,4902,4903,4904,4905,4906,4907,4908,4909,4910,4911,4912,4913,4915,4916,4917,4918,4919,4920,4921,4922,4923,4924,4925,4926,4927,4928,4929,4930,4931,4932,4933,4934,4935,4936,4937,4938,4939,4940,4941,4942,4943,4944,4945,4946,4947,4948,4949,4950,4951,4952,4953,4954,4955,4956,4957,4958,4959,4960,4961,4962,4963,4964,4965,4967,4968,4969,4970,4971,4972,4973,4974,4975,4976,4977,4978,4979,4980,4981,4982,4983,4984,4985,4986,4987,4988,4989,4991,4992,4993,4994,4995,4996,4997,4998,4999,5000,5001,5002
3550	4030,4323,4627,4746,4768,4771,4788,4791,4803,4819,4823,4824,4827,4828,4830,4832,4833,4834,4836,4837,4840,4841,4845,4850,4854,4856,4857,4865,4866,4868,4873,4875,4877,4878,4880,4881,4884,4885,4886,4887,4888,4889,4890,4898,4903,4905,4907,4908,4909,4910,4911,4913,4916,4917,4918,4922,4925,4926,4927,4928,4929,4930,4931,4932,4935,4936,4938,4939,4940,4941,4942,4943,4944,4945,4947,4948,4950,4951,4952,4953,4954,4955,4956,4957,4958,4959,4960,4961,4962,4963,4964,4965,4967,4968,4969,4970,4971,4972,4973,4974,4975,4976,4977,4978,4979,4980,4981,4982,4983,4984,4985,4986,4987,4988,4989,4991,4992,4993,4994,4995,4996,4997,4998,4999,5000,5001,5002,5003,5004,5005,5006,5007,5008,5009,5010,5011,5012,5013,5014,5015,5016,5017,5018,5019,5020,5021,5022,5023,5024,5025,5026,5027,5028,5029,5030,5031,5032,5035,5036,5037,5038,5039,5041
3575	4627,4771,4788,4819,4824,4827,4832,4834,4837,4840,4841,4845,4854,4856,4857,4866,4868,4875,4877,4878,4880,4881,4884,4886,4887,4888,4889,4890,4898,4903,4905,4907,4908,4909,4910,4911,4913,4917,4922,4927,4928,4929,4930,4932,4935,4936,4938,4939,4940,4942,4943,4945,4947,4948,4950,4951,4952,4953,4954,4956,4957,4958,4959,4960,4961,4962,4963,4964,4965,4967,4968,4969,4970,4971,4972,4973,4974,4975,4976,4977,4978,4979,4984,4985,4986,4987,4988,4989,4991,4992,4993,4994,4995,4996,4997,4998,4999,5000,5001,5002,5003,5004,5005,5006,5007,5008,5009,5010,5011,5012,5013,5014,5015,5016,5017,5018,5019,5020,5021,5022,5023,5024,5025,5026,5027,5028,5029,5030,5031,5032,5035,5036,5037,5038,5039,5041,5042,5043,5044,5045,5046,5047,5048,5049,5050,5051,5052,5053,5054,5055
3600	4627,4788,4832,4834,4837,4841,4845,4854,4856,4866,4868,4875,4877,4878,4880,4881,4884,4888,4889,4898,4903,4908,4909,4910,4913,4917,4932,4938,4939,4942,4943,4945,4948,4950,4951,4954,4956,4957,4959,4960,4961,4962,4963,4964,4965,4967,4968,4969,4970,4971,4972,4974,4975,4976,4977,4978,4979,4985,4986,4987,4988,4989,4991,4992,4993,4995,4996,4997,4998,4999,5000,5001,5002,5003,5004,5005,5006,5007,5008,5009,5010,5011,5012,5013,5014,5015,5016,5017,5018,5019,5020,5021,5022,5023,5024,5025,5026,5027,5028,5029,5030,5031,5032,5035,5036,5037,5038,5039,5041,5042,5043,5044,5045,5046,5047,5048,5049,5050,5051,5052,5053,5054,5055,5056,5057,5058,5059,5060,5061,5062,5063,5064,5065,5066,5067,5068,5069,5070,5071,5072,5073,5074
3625	4788,4832,4856,4866,4868,4875,4877,4878,4880,4881,4884,4888,4889,4903,4908,4909,4910,4913,4917,4938,4939,4942,4943,4945,4950,4951,4954,4956,4957,4959,4960,4961,4962,4963,4965,4967,4968,4970,4972,4974,4975,4976,4977,4978,4985,4986,4987,4988,4989,4991,4992,4996,4997,4998,4999,5000,5001,5002,5003,5004,5005,5006,5007,5008,5009,5010,5011,5012,5013,5014,5015,5016,5017,5018,5019,5020,5021,5022,5023,5024,5025,5026,5027,5028,5029,5030,5031,5032,5035,5036,5037,5038,5039,5041,5042,5043,5044,5045,5046,5047,5048,5049,5050,5051,5052,5053,5054,5055,5056,5057,5058,5059,5060,5061,5062,5063,5064,5065,5066,5067,5068,5069,5070,5071,5072,5073,5074,5075,5076,5077
3650	4788,4868,4875,4877,4878,4880,4881,4884,4888,4889,4909,4910,4913,4917,4938,4943,4945,4950,4954,4956,4957,4959,4960,4961,4962,4963,4965,4967,4968,4970,4972,4974,4975,4976,4977,4978,4985,4986,4987,4988,4989,4991,4992,4996,4997,4998,4999,5000,5001,5002,5003,5004,5005,5006,5007,5008,5009,5010,5011,5012,5013,5014,5015,5016,5017,5018,5019,5020,5021,5022,5023,5024,5025,5026,5027,5028,5029,5030,5031,5032,5035,5036,5037,5038,5039,5041,5042,5043,5044,5045,5046,5047,5048,5049,5050,5051,5052,5053,5054,5055,5056,5057,5058,5059,5060,5061,5062,5063,5064,5065,5066,5067,5068,5069,5070,5071,5072,5073,5074,5075,5076,5077,5078,5079,5080,5081,5082,5083,5084,5085
3675	4868,4875,4877,4878,4880,4881,4884,4888,4889,4909,4910,4913,4917,4938,4943,4945,4950,4954,4956,4957,4959,4960,4961,4962,4963,4965,4967,4970,4972,4974,4975,4976,4977,4978,4985,4986,4987,4988,4989,4991,4992,4996,4997,4998,4999,5000,5001,5002,5003,5004,5005,5006,5007,5008,5009,5010,5012,5014,5015,5016,5017,5018,5019,5020,5021,5023,5024,5025,5026,5027,5028,5029,5031,5032,5035,5036,5037,5038,5039,5041,5042,5043,5044,5045,5046,5047,5048,5049,5050,5051,5052,5053,5054,5055,5056,5057,5058,5059,5060,5061,5062,5063,5064,5065,5066,5067,5068,5069,5070,5071,5072,5073,5074,5075,5076,5077,5078,5079,5080,5081,5082,5083,5084,5085,5086,5087,5088,5089,5090,5091,5092,5093,5094,5095,5096,5097,5098,5099,5100,5101,5102,5103,5104,5105,5106,5107,5108,5109,5110,5111,5112,5113,5114,5115,5116,5117,5118
3700	4868,4875,4877,4878,4880,4884,4888,4889,4909,4910,4913,4917,4938,4943,4945,4950,4954,4956,4957,4960,4961,4967,4970,4972,4974,4975,4976,4977,4978,4985,4986,4987,4988,4989,4991,4992,4996,4997,4998,4999,5000,5002,5003,5004,5005,5007,5008,5009,5010,5012,5014,5015,5016,5017,5018,5019,5020,5021,5023,5025,5027,5028,5029,5031,5032,5035,5036,5037,5038,5039,5042,5043,5044,5045,5046,5047,5048,5051,5052,5053,5054,5055,5056,5057,5058,5059,5060,5061,5062,5063,5064,5065,5066,5067,5068,5069,5070,5071,5072,5073,5074,5075,5076,5077,5078,5079,5080,5081,5082,5083,5084,5085,5086,5087,5088,5089,5090,5091,5092,5093,5094,5095,5096,5097,5098,5099,5100,5101,5102,5103,5104,5105,5106,5107,5108,5109,5110,5111,5112,5113,5114,5115,5116,5117,5118,5119,5120,5121,5122,5123,5124,5125,5126,5127,5128,5129,5130,5131,5132,5133,5134,5135,5136,5137,5138,5139,5140,5141,5142,5143,5144,5145,5146,5147,5148,5149,5150,5151,5152,5153
3725	4868,4875,4877,4878,4880,4884,4888,4889,4910,4917,4938,4943,4945,4954,4956,4957,4960,4961,4967,4970,4972,4974,4978,4985,4986,4987,4989,4991,4992,4996,4997,4998,4999,5000,5003,5004,5008,5009,5010,5012,5014,5015,5016,5017,5018,5019,5020,5021,5023,5025,5027,5028,5031,5032,5036,5037,5038,5039,5042,5044,5045,5047,5048,5051,5052,5053,5054,5055,5056,5057,5058,5059,5060,5061,5062,5063,5064,5065,5066,5067,5068,5069,5070,5071,5072,5073,5074,5075,5076,5077,5078,5079,5080,5081,5082,5083,5084,5085,5086,5087,5088,5089,5090,5091,5092,5093,5094,5095,5096,5097,5098,5099,5100,5101,5102,5103,5104,5105,5106,5107,5108,5109,5110,5111,5112,5113,5114,5115,5116,5117,5118,5119,5120,5121,5122,5123,5124,5125,5126,5127,5128,5129,5130,5131,5132,5133,5134,5135,5136,5137,5138,5139,5140,5141,5142,5143,5144,5145,5146,5147,5148,5149,5150,5151,5152,5153
3750	4868,4875,4877,4878,4880,4884,4910,4938,4943,4954,4957,4960,4970,4978,4985,4986,4987,4989,4991,4992,4996,4997,4998,5000,5003,5004,5008,5009,5012,5014,5015,5016,5019,5020,5021,5025,5027,5028,5031,5032,5036,5037,5039,5042,5044,5045,5047,5048,5051,5052,5053,5054,5056,5057,5058,5059,5061,5062,5063,5066,5070,5071,5072,5073,5076,5077,5078,5079,5080,5081,5082,5083,5084,5085,5086,5087,5088,5089,5090,5091,5092,5093,5094,5095,5096,5097,5098,5099,5100,5101,5102,5103,5104,5105,5106,5107,5108,5109,5110,5111,5112,5113,5114,5115,5116,5117,5118,5119,5120,5121,5122,5123,5124,5125,5126,5127,5128,5129,5130,5131,5132,5133,5134,5135,5136,5137,5138,5139,5140,5141,5142,5143,5144,5145,5146,5147,5148,5149,5150,5151,5152,5153,5154,5155,5156,5157,5159,5160,5161,5162
3775	4868,4875,4880,4910,4943,4957,4960,4970,4978,4986,4989,4992,4998,5000,5003,5004,5009,5012,5014,5015,5016,5020,5021,5027,5028,5031,5032,5036,5037,5039,5042,5044,5048,5051,5052,5053,5056,5057,5059,5062,5063,5070,5071,5072,5073,5076,5078,5079,5080,5081,5082,5083,5084,5085,5086,5087,5088,5089,5090,5091,5092,5093,5094,5095,5096,5097,5098,5099,5100,5101,5102,5103,5104,5105,5106,5107,5108,5109,5110,5111,5112,5113,5114,5115,5116,5117,5118,5119,5120,5121,5122,5123,5124,5125,5126,5127,5128,5129,5130,5131,5132,5133,5134,5135,5136,5137,5138,5139,5140,5141,5142,5143,5144,5145,5146,5147,5148,5149,5150,5151,5152,5153,5154,5155,5156,5157,5159,5160,5161,5162,5164,5165,5166,5167
3800	4868,4880,4943,4960,4970,4978,4986,4992,4998,5000,5009,5012,5014,5020,5021,5027,5028,5032,5036,5037,5039,5042,5044,5048,5052,5057,5059,5062,5063,5070,5071,5072,5073,5076,5078,5079,5080,5081,5082,5083,5085,5089,5091,5092,5093,5094,5095,5096,5097,5098,5100,5101,5102,5103,5104,5105,5107,5108,5109,5110,5111,5112,5113,5114,5115,5116,5117,5118,5119,5120,5121,5122,5123,5124,5125,5126,5127,5128,5129,5130,5131,5132,5133,5134,5135,5136,5137,5138,5139,5140,5141,5142,5143,5144,5145,5146,5147,5148,5149,5150,5151,5152,5153,5154,5155,5156,5157,5159,5160,5161,5162,5164,5165,5166,5167,5168,5169,5170,5171
3825	4868,4880,4943,4978,4992,4998,5000,5009,5012,5020,5021,5027,5032,5036,5037,5039,5042,5044,5048,5052,5059,5062,5070,5071,5072,5073,5076,5079,5080,5081,5082,5083,5085,5089,5091,5093,5098,5101,5104,5110,5111,5114,5115,5117,5118,5121,5122,5123,5124,5125,5126,5129,5131,5134,5135,5136,5137,5138,5139,5140,5141,5142,5143,5144,5146,5148,5149,5150,5151,5152,5153,5154,5155,5156,5157,5159,5160,5161,5162,5164,5165,5166,5167,5168,5169,5170,5171,5172,5173
3850	4868,4880,4943,4992,4998,5000,5009,5037,5039,5042,5044,5052,5062,5070,5071,5072,5073,5076,5079,5080,5081,5082,5083,5089,5091,5101,5104,5115,5117,5118,5121,5122,5123,5124,5125,5131,5134,5135,5136,5137,5139,5141,5143,5144,5146,5149,5151,5153,5154,5155,5156,5157,5159,5160,5161,5162,5164,5165,5166,5167,5168,5169,5170,5171,5172,5173,5174,5175,5176,5177,5178,5179
3875	4868,4880,4943,4998,5009,5039,5042,5044,5052,5062,5071,5072,5076,5079,5082,5083,5089,5091,5117,5118,5121,5123,5131,5134,5135,5136,5137,5143,5144,5146,5153,5155,5156,5157,5159,5160,5161,5162,5164,5165,5166,5167,5168,5169,5170,5171,5172,5173,5174,5175,5176,5177,5178,5179,5180,5181,5182,5183,5185,5186,5187,5188,5189,5190,5191,5192,5193,5194,5195,5196
3900	4868,4943,4998,5009,5039,5042,5052,5071,5076,5082,5083,5089,5091,5121,5123,5131,5134,5135,5136,5137,5143,5144,5146,5153,5155,5156,5157,5159,5162,5164,5165,5166,5167,5168,5169,5170,5171,5172,5173,5174,5175,5176,5177,5178,5179,5180,5181,5182,5183,5185,5186,5187,5188,5189,5190,5191,5192,5193,5194,5195,5196,5197,5199,5200,5201,5202,5203,5204
3925	4868,4943,4998,5009,5039,5042,5052,5076,5082,5083,5089,5091,5121,5123,5131,5134,5135,5136,5137,5144,5146,5153,5157,5159,5162,5164,5165,5166,5168,5169,5170,5171,5172,5173,5174,5175,5176,5177,5178,5179,5180,5181,5182,5183,5185,5186,5187,5188,5189,5190,5191,5192,5193,5194,5195,5196,5197,5199,5200,5201,5202,5203,5204,5205,5206,5207,5208,5209,5210,5211,5212,5213,5214,5215
3950	4868,4943,4998,5009,5039,5042,5052,5076,5082,5083,5091,5121,5123,5131,5134,5135,5136,5137,5144,5146,5153,5157,5159,5164,5165,5166,5168,5169,5170,5171,5172,5173,5174,5175,5176,5177,5178,5179,5180,5181,5182,5183,5185,5186,5187,5188,5189,5190,5191,5192,5193,5194,5195,5196,5197,5199,5200,5201,5202,5203,5204,5205,5206,5207,5208,5209,5210,5211,5212,5213,5214,5215,5216
3975	4868,4943,4998,5009,5039,5052,5076,5082,5091,5121,5131,5134,5135,5136,5137,5144,5153,5157,5159,5164,5165,5166,5168,5169,5170,5171,5172,5173,5174,5175,5176,5177,5178,5179,5180,5181,5182,5183,5185,5186,5187,5188,5189,5190,5191,5192,5193,5194,5195,5196,5197,5199,5200,5201,5202,5203,5204,5205,5206,5207,5208,5209,5210,5211,5212,5213,5214,5215,5216
4000	4868,4943,4998,5039,5052,5076,5082,5121,5131,5134,5135,5136,5137,5144,5153,5157,5159,5164,5165,5166,5168,5169,5170,5171,5172,5173,5174,5180,5181,5183,5185,5186,5187,5188,5189,5191,5192,5193,5194,5195,5196,5197,5199,5200,5201,5202,5203,5204,5205,5206,5207,5208,5209,5210,5211,5212,5213,5214,5215,5216,5218,5219,5220,5221,5222,5223,5224,5225,5226,5227
