25	0,1,2,3,4,5,6,7,8,9,10,11,12,13,14,15,16,17,18,19,20,21,22
50	0,1,2,3,4,5,6,7,8,9,10,11,12,13,14,15,16,17,18,19,20,21,22,23,24,25,26,27,28,29,30,31,32,33,34,35,36,37,38,39,40,41,42,43,44,45,46,47,48,49,50,51,52,53,54,55,56,57,58,59,60,61,62,63,64,65,66,67,68,69,70,71,72,73,74,75,76
75	0,1,2,3,4,5,6,7,8,9,10,11,12,13,14,15,16,17,18,19,20,21,22,23,24,25,26,27,28,29,30,31,32,33,34,35,36,37,38,39,40,41,42,43,44,45,46,47,48,49,50,51,52,53,54,55,56,57,58,59,60,61,62,63,64,65,66,67,68,69,70,71,72,73,74,75,76,77,78,79,80,81,82,83,84,85,86,87,88,89,90,91,92,93,94,95,96,97,98,99,100,101,102,103,104,105,106,107,108,109,110,111,112,113,114,115,116,117,118,119,120,121,122,123,124,125,126,127
100	0,1,2,3,4,5,6,7,8,9,10,11,12,13,14,15,16,17,18,19,20,21,22,23,24,25,26,27,28,29,30,31,32,33,34,35,36,37,38,39,40,41,42,43,44,45,46,47,48,49,50,51,52,53,54,55,56,57,58,59,60,61,62,63,64,65,66,67,68,69,70,71,72,73,74,75,76,77,78,79,80,81,82,83,84,85,86,87,88,89,90,91,92,93,94,95,96,97,98,99,100,101,102,103,104,105,106,107,108,109,110,111,112,113,114,115,116,117,118,119,120,121,122,123,124,125,126,127,128,129,130,131,132,133,134,135,136,137,138,139,140,141,142,143,144,145,146
125	0,1,2,3,4,5,6,7,8,9,10,11,12,13,14,15,16,17,18,19,20,21,22,23,24,25,26,27,28,29,30,31,32,33,34,35,36,37,38,39,40,41,42,43,44,45,46,47,48,49,50,51,52,53,54,55,56,57,58,59,60,61,62,63,64,65,66,67,68,69,70,71,72,73,74,75,76,77,78,79,80,81,82,83,84,85,86,87,88,89,90,91,92,93,94,95,96,97,98,99,100,101,102,103,104,105,106,107,108,109,110,111,112,113,114,115,116,117,118,119,120,121,122,123,124,125,126,127,128,129,130,131,132,133,134,135,136,137,138,139,140,141,142,143,144,145,146,147,148,149,150,151,152,153,154,155,156
150	0,1,2,3,4,5,6,7,8,9,10,11,12,13,14,15,16,17,18,19,20,21,22,23,24,25,26,27,28,29,30,31,32,33,34,35,36,37,38,39,40,41,42,43,44,45,46,47,48,49,50,51,52,53,54,55,56,57,58,59,60,61,62,63,64,65,66,67,68,69,70,71,72,73,74,75,76,77,78,79,80,81,82,83,84,85,86,87,88,89,90,91,92,93,94,95,96,97,98,99,100,101,102,103,104,105,106,107,108,109,110,111,112,113,114,115,116,117,118,119,120,121,122,123,124,125,126,127,128,129,130,131,132,133,134,135,136,137,138,139,140,141,142,143,144,145,146,147,148,149,150,151,152,153,154,155,156,157,158,159,160,161,162,163,164,165,166,167,168,169,170,171,172,173,174,175,176,177,178,179,180,181,182,183,184,185,186,187,188,189,190,191,192,193,194,195,196,197,198,199,200,201,202,203,204,205,206,207,208,209,210,211,212,213,214,215,216,217,218
175	0,1,2,3,4,5,6,7,8,9,10,11,12,13,14,15,16,17,18,19,20,21,22,23,24,25,26,27,28,29,31,32,33,34,35,36,37,38,39,40,41,42,43,44,45,46,47,48,49,50,51,52,53,54,55,56,57,58,59,60,61,62,63,64,65,66,67,68,69,70,71,72,73,74,75,76,77,78,79,80,81,82,83,84,85,86,87,88,89,90,91,92,93,94,95,96,97,98,99,100,101,102,103,104,105,106,107,108,109,110,111,112,113,114,115,116,117,118,119,120,121,122,123,124,125,126,127,128,129,130,131,132,133,134,135,136,137,138,139,140,141,142,143,144,145,146,147,148,149,150,151,152,153,154,155,156,157,158,159,160,161,162,163,164,165,166,167,168,169,170,171,172,173,174,175,176,177,178,179,180,181,182,183,184,185,186,187,188,189,190,191,192,193,194,195,196,197,198,199,200,201,202,203,204,205,206,207,208,209,210,211,212,213,214,215,216,217,218,219,220,221,222,223,224,225,226,227,228,229,230,231,232,233,234,235,236
200	0,1,2,3,4,5,6,7,8,9,10,11,12,13,14,15,16,17,18,19,20,21,22,23,24,25,26,27,28,29,32,33,34,35,36,37,38,39,40,41,42,44,45,46,47,48,49,50,52,53,54,55,56,57,58,59,60,61,62,64,65,68,69,70,71,72,74,77,78,79,80,81,82,84,85,86,87,89,90,91,93,94,95,97,98,99,100,101,102,104,106,107,108,109,110,111,114,115,116,117,118,119,120,121,122,123,124,125,126,127,128,129,130,131,132,133,134,135,136,137,138,139,140,141,142,143,144,145,146,147,148,149,150,151,152,153,154,155,156,157,158,159,160,161,162,163,164,165,166,167,168,169,170,171,172,173,174,175,176,177,178,179,180,181,182,183,184,185,186,187,188,189,190,191,192,193,194,195,196,197,198,199,200,201,202,203,204,205,206,207,208,209,210,211,212,213,214,215,216,217,218,219,220,221,222,223,224,225,226,227,228,229,230,231,232,233,234,235,236,237,238,239,240,241,242
225	0,1,2,3,4,5,6,7,8,9,10,11,12,13,14,15,16,17,18,19,20,21,22,23,24,25,26,27,28,29,32,33,34,37,38,39,40,41,42,44,45,46,47,48,49,50,52,53,54,55,56,57,58,59,60,62,64,65,68,69,70,71,72,74,77,78,79,80,84,85,86,87,89,90,93,94,95,97,98,99,100,101,102,104,106,107,108,111,114,115,116,118,119,120,121,122,124,125,126,127,128,129,130,131,132,133,134,135,136,137,138,139,140,141,142,143,144,145,146,147,148,149,150,151,152,153,154,155,156,157,158,159,160,161,162,163,164,165,166,167,168,169,170,171,172,173,174,175,176,177,178,179,180,181,182,183,184,185,186,187,188,189,190,191,192,193,194,195,196,197,198,199,200,201,202,203,204,205,206,207,208,209,210,211,212,213,214,215,216,217,218,219,220,221,222,223,224,225,226,227,228,229,230,231,232,233,234,235,236,237,238,239,240,241,242,243,244,245,246,247,248,249,250,251,252,253,254,255,256,257,258,259,260,261,262,263,264,265,266,267,268,269,270,271,272,273,274,275,276,277,278,279,280
250	0,1,2,3,4,5,7,8,9,10,11,12,14,15,16,17,18,19,20,21,22,24,25,26,27,28,29,32,33,34,37,38,39,40,41,42,44,45,47,48,49,50,52,53,54,56,57,58,59,60,62,64,65,68,69,70,71,72,74,77,79,80,84,85,86,87,89,90,93,94,95,97,98,99,100,101,102,104,106,107,108,111,114,115,118,120,121,122,124,125,126,127,128,129,130,131,132,133,134,135,136,137,138,139,141,142,143,144,145,146,148,149,150,151,152,153,154,155,156,157,158,159,160,161,162,163,164,165,166,167,168,169,170,171,172,173,174,175,176,177,178,179,180,181,182,183,184,185,186,187,188,189,190,191,192,193,194,195,196,197,198,199,200,201,202,203,204,205,206,207,208,209,210,211,212,213,214,215,216,217,218,219,220,221,222,223,224,225,226,227,228,229,230,231,232,233,234,235,236,237,238,239,240,241,242,243,244,245,246,247,248,249,250,251,252,253,254,255,256,257,258,259,260,261,262,263,264,265,266,267,268,269,270,271,272,273,274,275,276,277,278,279,280,281,282,283,284,285,286,287,288,289,290,291,292,293,294,295,296,297,298,299,300,301,302,303,304,305,306,307,308,309,310,311,312,313,314,315,316,317,318,319,320,321,322,323,324,325,326,327,328,329,330,331,332,333,334,335,336,337,338,339,340,341,342,343,344,345,346,347,348,349,350,351,352,353,354,355,356,357,358,359,360,361,362,363,364,365,366,367,368,369,370,371,372,373,374,375,376,377,378,379,380,381,382,383,384,385,386,387,388,389,390,391,392,393,394,395,396,397,398,399,400,401,402,403,404,405,406,407,408,409,410,411,412,413,414,415,416,417,418,419
275	1,2,3,4,5,7,10,11,12,14,15,16,17,18,19,20,21,22,24,25,28,29,32,33,34,37,38,39,40,42,44,45,47,48,49,50,53,56,58,59,60,62,64,65,68,69,70,71,72,74,77,79,80,84,86,87,89,90,93,95,97,98,100,101,102,104,107,111,115,118,120,121,122,124,125,127,128,129,132,133,134,135,136,137,138,139,141,143,144,146,148,149,150,151,152,153,154,155,156,158,161,162,163,164,166,167,168,169,170,171,172,175,176,177,178,179,180,181,182,184,186,187,188,189,190,192,193,194,195,196,197,198,199,200,201,202,203,204,205,206,207,208,209,210,211,212,213,214,215,216,217,218,219,220,221,222,223,224,225,226,227,228,229,230,231,232,233,234,235,236,237,238,239,240,241,242,243,244,245,246,247,248,249,250,251,252,253,254,255,256,257,258,259,260,261,262,263,264,265,266,267,268,269,270,271,272,273,274,275,276,277,278,279,280,281,282,283,284,285,286,287,288,289,290,291,292,293,294,295,296,297,298,299,300,301,302,303,304,305,306,307,308,309,310,311,312,313,314,315,316,317,318,319,320,321,322,323,324,325,326,327,328,329,330,331,332,333,334,335,336,337,338,339,340,341,342,343,344,345,346,347,348,349,350,351,352,353,354,355,356,357,358,359,360,361,362,363,364,365,366,367,368,369,370,371,372,373,374,375,376,377,378,379,380,381,382,383,384,385,386,387,388,389,390,391,392,393,394,395,396,397,398,399,400,401,402,403,404,405,406,407,408,409,410,411,412,413,414,415,416,417,418,419,420,421,422,423,424,425,426,427,428,429,430,431,432,433,434,435,436,437,438,439,440,441,442,443,444,445,446,447,448,449,450,451,452,453,454,455,456,457,458,459,460,461,462,463,464,465,466,467,468,469,470,471,472,473,474,475,476,477,478,479,480,481,482,483,484,485,486,488,489,490,491,492,493,494,495,496,497,498,499,500,501,502,503,504,505,506,507,508,509,510,511,512,513,514,515,516,517,518,519,520,521,522,523,524,525,526,527,528,529,530
300	1,2,3,4,5,7,10,11,12,14,15,16,17,18,19,20,21,22,24,25,28,29,32,33,34,37,38,39,40,42,44,47,48,49,50,53,56,58,59,60,62,64,65,68,69,70,71,72,74,77,79,80,84,86,89,90,93,95,97,98,100,101,102,104,115,118,121,122,124,125,127,128,132,135,136,137,138,141,143,144,149,150,151,152,153,155,156,158,161,162,163,164,167,168,169,171,172,175,176,177,178,181,182,184,186,188,192,193,195,196,197,198,200,202,203,204,205,206,208,209,210,211,212,213,214,215,216,217,218,220,221,222,223,224,226,227,228,229,231,232,233,234,235,236,237,238,239,240,241,242,243,244,245,246,247,248,249,250,251,252,253,254,255,256,257,258,259,260,261,262,263,264,265,266,267,268,269,270,271,272,273,274,275,276,277,278,279,280,281,282,283,284,285,286,287,288,289,290,291,292,293,294,295,296,297,298,299,300,301,302,303,304,305,306,307,308,309,310,311,312,313,314,315,316,317,318,319,320,321,322,323,324,325,326,327,328,329,330,331,332,333,334,335,336,337,338,339,340,341,342,343,344,345,346,347,348,349,350,351,352,353,354,355,356,357,358,359,360,361,362,363,364,365,366,367,368,369,370,371,372,373,374,375,376,377,378,379,380,381,382,383,384,385,386,387,388,389,390,391,392,393,394,395,396,397,398,399,400,401,402,403,404,405,406,407,408,409,410,411,412,413,414,415,416,417,418,419,420,421,422,423,424,425,426,427,428,429,430,431,432,433,434,435,436,437,438,439,440,441,442,443,444,445,446,447,448,449,450,451,452,453,454,455,456,457,458,459,460,461,462,463,464,465,466,467,468,469,470,471,472,473,474,475,476,477,478,479,480,481,482,483,484,485,486,488,489,490,491,492,493,494,495,496,497,498,499,500,501,502,503,504,505,506,507,508,509,510,511,512,513,514,515,516,517,518,519,520,521,522,523,524,525,526,527,528,529,530,531,532,533,534,535,536,537,538,539,540,541,542,543,544,545,546,547,548,549,550,551,552,553,554,555,556,557,558,559,560,561,562,563,564,565,566,567,568,569,570,571,572,573,574,575,576,577,578,579,580,581,582,583,584,585,586,587,588,589,590,591,592,593,594,595,596,597,598
325	1,2,3,4,7,10,11,12,14,15,16,17,18,19,21,22,25,28,33,34,37,38,39,40,42,47,48,53,56,58,59,60,62,64,68,69,70,71,72,74,77,79,80,84,86,89,90,93,97,98,100,101,104,118,121,122,124,125,127,128,136,137,138,141,144,149,150,151,152,153,155,156,158,161,163,164,167,168,169,172,175,176,177,178,181,182,184,192,195,196,197,198,200,202,203,204,205,206,208,209,211,212,213,215,216,217,218,220,221,222,223,224,226,227,228,229,231,232,233,234,235,236,237,238,239,240,241,242,243,244,245,246,247,248,249,250,251,252,253,254,255,256,257,258,259,260,261,262,263,264,265,266,267,268,269,270,271,272,273,274,275,276,277,278,279,280,281,282,283,284,285,286,287,288,289,290,291,292,293,294,295,296,297,298,299,300,301,302,303,304,305,306,307,308,309,310,311,312,313,314,315,316,317,318,319,320,321,322,323,324,325,326,327,328,329,330,331,332,333,334,335,336,337,338,339,340,341,342,343,344,345,346,347,348,349,350,351,352,353,354,355,356,357,358,359,360,361,362,363,364,365,366,367,368,369,370,371,372,373,374,375,376,377,378,379,380,381,382,383,384,385,386,387,388,389,390,391,392,393,394,395,396,397,398,399,400,401,402,403,404,405,406,407,408,409,410,411,412,413,414,415,416,417,418,419,420,421,422,423,424,425,426,427,428,429,430,431,432,433,434,435,436,437,438,439,440,441,442,443,444,445,446,447,448,449,450,451,452,453,454,455,456,457,458,459,460,461,462,463,464,465,466,467,468,469,470,471,472,473,474,475,476,477,478,479,480,481,482,483,484,485,486,488,489,490,491,492,493,494,495,496,497,498,499,500,501,502,503,504,505,506,507,508,509,510,511,512,513,514,515,516,517,518,519,520,521,522,523,524,525,526,527,528,529,530,531,532,533,534,535,536,537,538,539,540,541,542,543,544,545,546,547,548,549,550,551,552,553,554,555,556,557,558,559,560,561,562,563,564,565,566,567,568,569,570,571,572,573,574,575,576,577,578,579,580,581,582,583,584,585,586,587,588,589,590,591,592,593,594,595,596,597,598,599,600,601,602,603,604,605,606,607,608,609,610,611,612,613,614,615,616,617,618,619,620,621,622,623,624,625,626,627,628,629,630,631,632,633,634,635,636,637,638,639,640,641,642,643,644,645,646,647,648,649,650,651,652,653,654,655
350	2,3,4,7,10,12,16,17,21,22,28,33,37,38,39,40,47,53,56,58,59,62,64,68,69,70,71,72,74,77,80,86,89,90,93,98,100,101,104,121,122,124,127,128,136,138,141,149,153,155,158,161,163,164,167,168,169,172,176,178,181,182,184,192,195,196,197,198,200,203,204,205,206,208,209,211,213,217,218,220,221,222,223,224,226,227,228,229,231,234,235,236,237,238,239,240,241,242,243,244,245,246,247,248,249,250,251,252,254,255,256,257,258,259,260,261,262,263,264,265,266,267,268,269,270,271,272,273,274,275,276,277,278,279,280,281,282,283,284,285,286,287,288,289,290,291,292,293,294,295,296,297,298,299,300,301,302,303,304,305,306,307,308,309,310,311,312,313,314,315,316,317,318,319,320,321,322,323,324,325,326,327,328,329,330,331,332,333,334,335,336,337,338,339,340,341,342,343,344,345,346,347,348,349,350,351,352,353,354,355,356,357,358,359,360,361,362,363,364,365,366,367,368,369,370,371,372,373,374,375,376,377,378,379,380,381,382,383,384,385,386,387,388,389,390,391,392,393,394,395,396,397,398,399,400,401,402,403,404,405,406,407,408,409,410,411,412,413,414,415,416,417,418,419,420,421,422,423,424,425,426,427,428,429,430,431,432,433,434,435,436,437,438,439,440,441,442,443,444,445,446,447,448,449,450,451,452,453,454,455,456,457,458,459,460,461,462,463,464,465,466,467,468,469,470,471,472,473,474,475,476,477,478,479,480,481,482,483,484,485,486,488,489,490,491,492,493,494,495,496,497,498,499,500,501,502,503,504,505,506,507,508,509,510,511,512,513,514,515,516,517,518,519,520,521,522,523,524,525,526,527,528,529,530,531,532,533,534,535,536,537,538,539,540,541,542,543,544,545,546,547,548,549,550,551,552,553,554,555,556,557,558,559,560,561,562,563,564,565,566,567,568,569,570,571,572,573,574,575,576,577,578,579,580,581,582,583,584,585,586,587,588,589,590,591,592,593,594,595,596,597,598,599,600,601,602,603,604,605,606,607,608,609,610,611,612,613,614,615,616,617,618,619,620,621,622,623,624,625,626,627,628,629,630,631,632,633,634,635,636,637,638,639,640,641,642,643,644,645,646,647,648,649,650,651,652,653,654,655,656,657,658,659,660,661,662,663,664,665,666,667,668,669,670,671,672,673,674,675,676,677,678,679,680,681,682,683,684,685,686,687,688,689,690,691,692,693,694,695
375	2,4,7,10,12,16,17,21,22,28,33,37,38,39,40,47,53,56,58,59,62,64,69,70,71,72,77,80,86,89,90,93,98,104,121,122,124,127,128,136,138,149,153,155,158,161,163,167,168,169,172,176,178,182,192,195,196,197,198,203,204,205,206,208,209,211,213,217,220,222,223,226,227,228,229,231,235,236,237,238,239,240,241,242,243,244,245,246,247,248,249,250,251,252,254,255,256,257,258,259,260,261,264,266,267,269,270,271,272,273,274,275,276,277,278,279,280,281,282,283,286,287,288,289,291,292,293,294,295,296,297,298,299,300,301,302,303,304,305,306,307,308,309,310,311,312,313,314,315,316,317,318,319,320,322,323,324,325,326,327,328,329,330,332,333,334,336,337,338,339,341,344,345,346,347,348,349,350,352,353,354,355,356,357,358,359,360,362,363,364,365,366,367,368,369,370,372,373,374,375,376,377,378,379,380,381,382,383,384,385,386,387,388,389,390,391,392,393,394,395,397,398,399,400,401,402,403,404,405,406,407,408,409,410,411,412,413,414,415,416,417,418,419,420,421,422,423,424,425,426,427,428,429,430,431,432,433,434,435,436,437,438,439,440,441,442,443,444,445,446,447,448,449,450,451,452,453,454,455,456,457,458,459,460,461,462,463,464,465,466,467,468,469,470,471,472,473,474,475,476,477,478,479,480,481,482,483,484,485,486,488,489,490,491,492,493,494,495,496,497,498,499,500,501,502,503,504,505,506,507,508,509,510,511,512,513,514,515,516,517,518,519,520,521,522,523,524,525,526,527,528,529,530,531,532,533,534,535,536,537,538,539,540,541,542,543,544,545,546,547,548,549,550,551,552,553,554,555,556,557,558,559,560,561,562,563,564,565,566,567,568,569,570,571,572,573,574,575,576,577,578,579,580,581,582,583,584,585,586,587,588,589,590,591,592,593,594,595,596,597,598,599,600,601,602,603,604,605,606,607,608,609,610,611,612,613,614,615,616,617,618,619,620,621,622,623,624,625,626,627,628,629,630,631,632,633,634,635,636,637,638,639,640,641,642,643,644,645,646,647,648,649,650,651,652,653,654,655,656,657,658,659,660,661,662,663,664,665,666,667,668,669,670,671,672,673,674,675,676,677,678,679,680,681,682,683,684,685,686,687,688,689,690,691,692,693,694,695,696,697,698,699,700,701,702,703,705,706,707,708,709,710,711,712,713,714,715,716,717
400	4,7,10,16,22,33,37,38,39,40,53,56,58,59,62,64,69,70,71,72,77,80,86,89,90,93,104,121,124,127,128,136,138,149,155,158,161,163,167,168,169,172,176,178,192,195,198,203,204,205,208,209,211,213,217,220,223,226,227,228,229,231,236,237,238,240,241,242,243,244,245,246,247,248,249,251,254,255,257,258,259,260,261,266,267,269,270,271,272,273,274,276,277,279,280,281,282,283,286,287,288,289,291,292,294,295,296,297,298,299,300,301,302,303,304,305,306,307,308,309,310,312,313,314,315,316,317,318,319,320,322,323,324,326,328,329,330,332,333,334,336,337,338,339,341,344,345,346,347,348,349,350,352,353,354,355,357,358,360,362,363,364,365,366,367,368,369,370,372,373,375,376,377,381,383,384,385,386,387,388,389,390,392,395,397,399,400,401,402,403,404,405,406,407,409,410,412,414,415,416,417,418,419,420,421,422,423,424,425,426,427,428,430,431,432,433,434,436,437,439,440,441,442,443,444,445,446,447,448,449,450,451,452,453,454,455,457,458,459,461,462,463,464,466,468,469,471,472,473,474,475,476,477,478,480,481,482,483,484,485,488,489,490,491,492,494,495,496,497,498,499,500,501,502,503,504,505,506,507,508,509,510,511,512,513,514,515,516,517,518,519,520,521,522,523,524,525,526,527,528,529,530,531,532,533,534,535,536,537,538,539,540,541,542,543,544,545,546,547,548,549,550,551,552,553,554,555,556,557,558,559,560,561,562,563,564,565,566,567,568,569,570,571,572,573,574,575,576,577,578,579,580,581,582,583,584,585,586,587,588,589,590,591,592,593,594,595,596,597,598,599,600,601,602,603,604,605,606,607,608,609,610,611,612,613,614,615,616,617,618,619,620,621,622,623,624,625,626,627,628,629,630,631,632,633,634,635,636,637,638,639,640,641,642,643,644,645,646,647,648,649,650,651,652,653,654,655,656,657,658,659,660,661,662,663,664,665,666,667,668,669,670,671,672,673,674,675,676,677,678,679,680,681,682,683,684,685,686,687,688,689,690,691,692,693,694,695,696,697,698,699,700,701,702,703,705,706,707,708,709,710,711,712,713,714,715,716,717,718,719,720,721,722,723,724,726,727,728,729,730,731,732,733,734,735,736,737,738,739,740,741,742,743,744,745,746,747,748,749,750,751,752,753,754,755,756,757,758,759
425	4,7,10,16,22,33,37,38,39,40,53,56,58,59,62,64,69,70,71,72,77,86,89,90,93,104,121,127,128,136,138,149,155,158,161,163,167,168,169,172,176,178,195,198,203,204,205,208,211,213,217,220,223,227,228,229,236,237,238,240,241,242,243,244,245,247,248,251,254,255,257,259,260,261,266,269,271,272,273,274,276,277,279,280,282,286,287,288,291,292,294,296,297,298,299,300,302,303,304,305,306,307,308,309,310,313,314,316,317,318,320,322,324,326,328,329,330,332,333,334,336,337,338,341,344,346,347,348,349,350,353,354,355,357,358,360,362,365,366,367,368,370,372,373,375,376,377,381,383,384,385,386,387,388,389,395,397,399,400,401,402,403,404,405,409,410,412,414,416,418,419,420,421,422,423,425,426,430,431,432,433,434,436,437,439,440,441,442,443,444,445,446,447,448,449,450,452,453,454,455,457,458,459,461,463,464,466,469,471,472,473,474,475,476,477,478,480,481,482,484,485,488,489,490,491,492,494,495,498,499,500,501,502,503,505,506,509,512,513,514,515,516,517,518,521,522,524,525,526,528,531,533,534,535,536,537,538,539,540,541,543,544,545,546,547,548,549,551,553,554,555,556,560,561,562,563,564,565,566,567,569,570,571,572,573,574,575,576,577,578,579,580,581,582,583,584,585,586,587,588,589,590,591,592,593,594,595,596,597,598,599,600,601,602,603,604,605,606,607,608,609,610,611,612,613,614,615,616,617,618,619,620,621,622,623,624,625,626,627,628,629,630,631,632,633,634,635,636,637,638,639,640,641,642,643,644,645,646,647,648,649,650,651,652,653,654,655,656,657,658,659,660,661,662,663,664,665,666,667,668,669,670,671,672,673,674,675,676,677,678,679,680,681,682,683,684,685,686,687,688,689,690,691,692,693,694,695,696,697,698,699,700,701,702,703,705,706,707,708,709,710,711,712,713,714,715,716,717,718,719,720,721,722,723,724,726,727,728,729,730,731,732,733,734,735,736,737,738,739,740,741,742,743,744,745,746,747,748,749,750,751,752,753,754,755,756,757,758,759,760,761,762,763,764,765,766,767,768,769,770,771,772,773,774,775,776,777,778,779,780,781,782,783,784,785,786,787,788,789,790,791,792,793,794,795,796,797,798,799,800,801,802,803,804,805,806,807,808,809,810,811,812,813,814,815,816,817,818,819,820,821,822,823,824,825,826,827,828,829,830,831,832,833,834,835,836,837,839,840,841,842,843,844,845,846,847,848,849,850,851,852,853,854,855,856,857,858,859,860,861,862,863,864,865
450	4,7,10,16,22,33,37,38,40,53,56,58,59,62,64,71,72,77,86,89,90,93,104,121,127,128,136,138,149,155,158,161,167,168,169,172,178,195,204,205,211,213,217,223,227,228,229,236,237,238,240,241,242,244,245,247,248,251,254,255,257,259,261,266,269,272,273,274,276,277,279,280,282,286,287,291,292,294,298,299,300,304,305,306,307,308,309,310,313,314,316,317,318,320,326,330,332,333,336,337,338,346,347,348,349,350,353,355,357,358,360,362,366,367,368,370,372,375,376,377,381,383,384,385,386,387,395,397,399,400,401,402,403,404,405,409,410,412,416,418,420,422,423,425,426,430,431,432,433,434,436,437,439,440,441,444,446,447,448,449,450,453,455,458,461,463,466,469,472,473,474,475,477,478,480,481,482,484,488,489,490,491,492,494,495,498,499,500,501,502,503,505,506,509,512,513,515,516,518,522,524,525,528,531,533,534,535,536,537,538,539,540,541,543,544,545,546,547,548,551,553,554,555,556,560,562,563,564,565,566,567,570,571,572,574,577,578,580,581,582,583,584,585,586,587,589,591,592,593,594,595,596,598,599,600,601,602,603,604,605,606,607,609,610,611,612,613,614,615,616,617,619,620,621,622,624,625,626,627,628,630,631,632,633,634,635,637,638,639,640,641,642,643,644,645,646,647,648,649,650,651,652,653,654,655,656,657,658,659,660,661,662,663,664,665,666,667,668,669,670,671,672,673,674,675,676,677,678,679,680,681,682,683,684,685,686,687,688,689,690,691,692,693,694,695,696,697,698,699,700,701,702,703,705,706,707,708,709,710,711,712,713,714,715,716,717,718,719,720,721,722,723,724,726,727,728,729,730,731,732,733,734,735,736,737,738,739,740,741,742,743,744,745,746,747,748,749,750,751,752,753,754,755,756,757,758,759,760,761,762,763,764,765,766,767,768,769,770,771,772,773,774,775,776,777,778,779,780,781,782,783,784,785,786,787,788,789,790,791,792,793,794,795,796,797,798,799,800,801,802,803,804,805,806,807,808,809,810,811,812,813,814,815,816,817,818,819,820,821,822,823,824,825,826,827,828,829,830,831,832,833,834,835,836,837,839,840,841,842,843,844,845,846,847,848,849,850,851,852,853,854,855,856,857,858,859,860,861,862,863,864,865,866,867,868,869,870,871,872,873,874,875,876,877,878,879,880,881,882,883,884,885,886,887,888,889,890,891,892,893,895,896,897,898,899,900,901,902,903,904,905,906,907,908,909,910,911,912,913,914,915,916,917,918,919,920,921,922,923,924,925,926,927,928,929
475	4,7,10,22,33,59,64,72,77,86,89,121,128,138,149,155,158,161,167,168,172,178,195,205,217,223,227,228,236,237,238,240,241,242,244,245,247,248,251,254,257,266,269,272,274,276,277,280,287,291,292,306,307,308,310,316,317,318,320,326,332,336,338,346,348,350,353,355,357,360,366,367,368,370,372,376,377,384,385,387,395,400,405,409,410,412,420,422,426,430,431,433,439,440,441,444,446,447,448,449,458,466,469,472,473,475,478,480,481,484,488,489,491,495,500,501,502,503,505,506,513,516,518,524,525,531,534,535,536,537,538,541,544,545,546,547,551,553,554,556,560,563,564,566,567,571,572,578,580,581,582,583,584,585,589,591,593,594,595,596,598,600,601,602,603,604,605,606,607,609,610,611,612,614,615,616,617,619,620,621,622,624,625,626,628,632,633,634,635,638,641,642,643,644,647,648,649,651,652,653,654,655,656,657,658,659,660,661,662,663,664,665,666,668,670,671,672,673,674,675,676,677,678,679,680,681,682,683,684,685,686,687,688,689,690,691,692,693,694,695,696,697,698,699,700,701,702,703,705,706,707,708,709,710,711,712,713,714,715,716,717,718,719,720,721,722,723,724,726,727,728,729,730,731,732,733,734,735,736,737,738,739,740,741,742,743,744,745,746,747,748,749,750,751,752,753,754,755,756,757,758,759,760,761,762,763,764,765,766,767,768,769,770,771,772,773,774,775,776,777,778,779,780,781,782,783,784,785,786,787,788,789,790,791,792,793,794,795,796,797,798,799,800,801,802,803,804,805,806,807,808,809,810,811,812,813,814,815,816,817,818,819,820,821,822,823,824,825,826,827,828,829,830,831,832,833,834,835,836,837,839,840,841,842,843,844,845,846,847,848,849,850,851,852,853,854,855,856,857,858,859,860,861,862,863,864,865,866,867,868,869,870,871,872,873,874,875,876,877,878,879,880,881,882,883,884,885,886,887,888,889,890,891,892,893,895,896,897,898,899,900,901,902,903,904,905,906,907,908,909,910,911,912,913,914,915,916,917,918,919,920,921,922,923,924,925,926,927,928,929,930,931,932,933,934,935,936,937,938,939,940,941,942,943,944,945,946,947,948,949,950,951
500	10,22,33,59,64,72,77,86,89,121,128,155,161,167,168,195,205,217,228,237,238,240,241,244,245,254,257,266,269,272,274,276,277,291,306,310,317,318,320,332,336,338,346,348,350,353,355,357,360,366,367,368,370,372,377,384,385,395,400,405,409,410,412,420,426,430,431,433,440,441,446,447,448,449,458,472,473,475,478,480,484,489,491,495,500,501,502,503,505,506,516,518,531,534,537,538,541,544,547,551,553,556,560,563,566,571,572,578,580,582,583,584,585,589,591,593,594,595,600,603,605,606,607,609,610,611,612,615,616,617,619,620,628,632,633,634,641,642,643,644,647,649,652,653,654,655,657,658,659,660,661,662,663,664,665,666,668,670,671,672,673,674,675,676,677,678,679,680,681,682,683,684,685,686,687,688,689,690,692,693,694,695,696,697,698,699,700,701,702,703,705,708,709,710,711,712,713,714,715,716,717,718,719,720,721,722,723,724,726,727,728,729,730,731,732,733,734,735,736,737,738,739,740,741,742,743,744,745,746,747,748,749,750,751,752,753,754,755,756,757,758,759,760,761,762,763,764,765,766,767,768,769,770,771,772,773,774,775,776,777,778,779,780,781,782,783,784,785,786,787,788,789,790,791,792,793,794,795,796,797,798,799,800,801,802,803,804,805,806,807,808,809,810,811,812,813,814,815,816,817,818,819,820,821,822,823,824,825,826,827,828,829,830,831,832,833,834,835,836,837,839,840,841,842,843,844,845,846,847,848,849,850,851,852,853,854,855,856,857,858,859,860,861,862,863,864,865,866,867,868,869,870,871,872,873,874,875,876,877,878,879,880,881,882,883,884,885,886,887,888,889,890,891,892,893,895,896,897,898,899,900,901,902,903,904,905,906,907,908,909,910,911,912,913,914,915,916,917,918,919,920,921,922,923,924,925,926,927,928,929,930,931,932,933,934,935,936,937,938,939,940,941,942,943,944,945,946,947,948,949,950,951,952,953,954,955,956,957,958,959,960,961,962,963,964,965,966,967,968,969,970,971,972,973,974,975,976,977,978,979,980,981,982,983,984,985,986,987,988,989,990,991,992,994,995,996
525	10,22,33,59,64,72,77,89,121,128,155,161,167,195,217,228,238,240,244,245,254,266,269,274,276,277,306,310,318,320,332,336,338,346,348,350,353,355,357,366,367,368,372,377,395,400,409,410,412,420,426,430,431,433,440,441,447,449,478,480,484,489,491,495,500,501,502,503,505,506,516,518,531,534,537,538,541,544,547,551,553,556,560,563,566,571,572,580,582,583,584,585,589,591,594,595,603,605,606,607,609,615,617,619,620,628,632,634,641,642,643,644,647,649,653,654,655,657,658,660,661,662,663,664,665,666,673,675,676,678,679,680,681,682,683,685,686,687,688,689,690,692,693,694,695,696,697,699,700,701,702,703,705,708,709,710,711,712,713,714,715,716,717,718,719,720,721,722,723,724,727,728,729,730,731,732,733,734,735,736,737,738,739,740,741,742,743,744,745,746,747,748,749,750,751,752,753,754,755,756,757,758,759,760,761,762,763,764,765,766,767,768,769,770,771,772,773,774,775,776,777,778,779,780,781,782,783,784,785,786,787,788,789,790,791,792,793,794,795,796,797,798,799,800,801,802,803,804,805,806,807,808,809,810,811,812,813,814,815,816,817,818,819,820,821,822,823,824,825,826,827,828,829,830,831,832,833,834,835,836,837,839,840,841,842,843,844,845,846,847,848,849,850,851,852,853,854,855,856,857,858,859,860,861,862,863,864,865,866,867,868,869,870,871,872,873,874,875,876,877,878,879,880,881,882,883,884,885,886,887,888,889,890,891,892,893,895,896,897,898,899,900,901,902,903,904,905,906,907,908,909,910,911,912,913,914,915,916,917,918,919,920,921,922,923,924,925,926,927,928,929,930,931,932,933,934,935,936,937,938,939,940,941,942,943,944,945,946,947,948,949,950,951,952,953,954,955,956,957,958,959,960,961,962,963,964,965,966,967,968,969,970,971,972,973,974,975,976,977,978,979,980,981,982,983,984,985,986,987,988,989,990,991,992,994,995,996,997,998,999,1000,1001,1002,1003,1005,1006,1007,1008,1009,1010,1011,1012,1013,1014,1015,1016,1017,1018,1019,1020,1021,1022,1023,1024,1025,1026,1027,1028,1029,1030,1031,1032,1033,1034,1035,1036,1037,1038,1039,1040,1041,1042,1043,1045,1046,1047,1048,1049,1050,1051,1052,1053
550	10,22,33,59,64,72,77,89,155,161,167,217,228,238,244,254,269,332,336,338,348,350,353,355,357,368,372,377,395,400,412,420,426,449,478,484,500,502,503,505,506,516,518,531,534,537,538,541,544,551,553,556,560,563,566,571,572,580,582,583,585,589,591,594,595,603,605,606,609,620,628,634,641,642,643,644,649,654,657,658,661,663,664,665,675,676,679,680,681,682,685,687,690,693,694,695,697,699,700,701,702,703,705,710,711,712,713,714,715,716,717,718,719,720,721,722,724,727,728,729,730,732,733,734,739,740,741,742,743,744,745,747,750,751,753,755,756,757,758,760,761,762,764,765,766,767,768,769,770,771,773,774,775,776,777,779,780,781,782,783,784,785,786,789,790,791,792,793,794,796,797,800,802,803,804,805,806,807,808,809,810,811,813,814,815,816,817,818,819,820,821,823,825,826,827,828,829,830,831,832,833,834,835,836,837,839,840,841,842,843,844,845,846,847,848,849,850,851,852,853,854,855,856,857,858,859,860,861,862,863,864,865,866,867,868,869,870,871,872,873,874,875,876,877,878,879,880,881,882,883,884,885,886,887,888,889,890,891,892,893,895,896,897,898,899,900,901,902,903,904,905,906,907,908,909,910,911,912,913,914,915,916,917,918,919,920,921,922,923,924,925,926,927,928,929,930,931,932,933,934,935,936,937,938,939,940,941,942,943,944,945,946,947,948,949,950,951,952,953,954,955,956,957,958,959,960,961,962,963,964,965,966,967,968,969,970,971,972,973,974,975,976,977,978,979,980,981,982,983,984,985,986,987,988,989,990,991,992,994,995,996,997,998,999,1000,1001,1002,1003,1005,1006,1007,1008,1009,1010,1011,1012,1013,1014,1015,1016,1017,1018,1019,1020,1021,1022,1023,1024,1025,1026,1027,1028,1029,1030,1031,1032,1033,1034,1035,1036,1037,1038,1039,1040,1041,1042,1043,1045,1046,1047,1048,1049,1050,1051,1052,1053,1054,1055,1056,1057,1058,1059,1060,1061,1062,1063,1064,1065,1066,1067,1068,1069,1070,1071,1072,1073,1074,1075,1076,1077,1078,1079,1080,1081,1082,1083,1084,1085,1086,1088,1089,1090,1091,1092,1093,1094,1095
575	10,59,64,89,155,161,167,217,228,238,244,254,269,332,336,348,350,353,355,357,368,372,395,400,412,420,478,484,500,502,503,505,516,518,531,534,537,541,544,551,553,556,560,563,566,571,572,582,583,585,589,591,594,595,605,606,609,620,628,634,641,642,643,644,649,654,657,658,665,675,679,680,681,685,687,690,693,695,699,700,701,702,703,705,710,711,712,713,714,715,717,718,719,720,721,722,724,727,728,729,730,732,733,734,740,741,743,744,745,747,750,751,755,756,757,760,761,762,764,765,766,767,768,771,773,774,775,776,777,779,780,781,782,783,784,786,789,790,792,793,794,796,800,802,803,805,806,807,808,809,810,813,814,815,816,817,818,819,821,823,825,827,828,830,831,832,833,834,835,836,837,839,840,841,843,844,845,846,849,850,851,852,853,856,857,858,860,862,863,865,866,867,868,869,870,872,873,874,875,876,877,878,879,880,881,882,883,885,887,888,889,890,892,893,895,896,897,898,899,900,901,902,904,905,906,907,908,909,910,911,912,913,914,915,916,917,918,919,920,921,922,923,924,925,926,927,928,929,930,931,932,933,934,935,936,937,938,939,940,941,942,943,944,945,946,947,948,949,950,951,952,953,954,955,956,957,958,959,960,961,962,963,964,965,966,967,968,969,970,971,972,973,974,975,976,977,978,979,980,981,982,983,984,985,986,987,988,989,990,991,992,994,995,996,997,998,999,1000,1001,1002,1003,1005,1006,1007,1008,1009,1010,1011,1012,1013,1014,1015,1016,1017,1018,1019,1020,1021,1022,1023,1024,1025,1026,1027,1028,1029,1030,1031,1032,1033,1034,1035,1036,1037,1038,1039,1040,1041,1042,1043,1045,1046,1047,1048,1049,1050,1051,1052,1053,1054,1055,1056,1057,1058,1059,1060,1061,1062,1063,1064,1065,1066,1067,1068,1069,1070,1071,1072,1073,1074,1075,1076,1077,1078,1079,1080,1081,1082,1083,1084,1085,1086,1088,1089,1090,1091,1092,1093,1094,1095,1096,1097,1098,1099,1100,1101,1102,1103,1104,1105,1106,1107,1108,1109,1110,1111
600	10,59,64,89,217,228,238,254,269,332,336,348,350,353,355,357,368,372,395,400,412,420,478,500,502,503,516,518,531,537,551,553,556,560,563,566,571,582,585,589,591,594,595,605,606,609,620,628,634,641,642,644,649,654,657,658,675,680,681,687,693,695,699,702,703,705,710,711,712,713,714,715,717,718,719,720,722,724,727,728,730,743,744,745,747,750,751,755,756,757,760,761,762,764,765,766,767,768,771,776,777,779,782,783,784,786,792,793,794,800,802,805,806,808,809,810,813,815,816,817,819,821,823,825,828,830,831,833,835,836,839,840,841,843,844,845,846,852,856,857,858,860,862,863,865,867,868,870,873,874,875,877,878,879,880,882,883,885,887,888,889,890,892,893,895,896,897,898,899,900,904,906,907,908,909,911,912,913,914,915,916,917,918,919,920,921,922,924,926,928,929,930,931,932,933,935,937,938,940,941,942,943,944,945,946,947,948,949,950,951,952,953,954,955,956,957,958,959,960,961,962,963,964,965,966,967,968,969,970,971,972,973,974,975,976,977,978,979,980,981,982,983,984,985,986,987,988,989,990,991,992,994,995,996,997,998,999,1000,1001,1002,1003,1005,1006,1007,1008,1009,1010,1011,1012,1013,1014,1015,1016,1017,1018,1019,1020,1021,1022,1023,1024,1025,1026,1027,1028,1029,1030,1031,1032,1033,1034,1035,1036,1037,1038,1039,1040,1041,1042,1043,1045,1046,1047,1048,1049,1050,1051,1052,1053,1054,1055,1056,1057,1058,1059,1060,1061,1062,1063,1064,1065,1066,1067,1068,1069,1070,1071,1072,1073,1074,1075,1076,1077,1078,1079,1080,1081,1082,1083,1084,1085,1086,1088,1089,1090,1091,1092,1093,1094,1095,1096,1097,1098,1099,1100,1101,1102,1103,1104,1105,1106,1107,1108,1109,1110,1111,1112,1113,1114,1115,1116,1117,1118,1119,1120,1121,1122,1123,1124,1125,1127,1128,1129,1130,1131,1132,1133,1134,1135,1136,1137,1138,1139,1140,1141,1142,1143,1144
625	59,64,89,228,238,332,336,348,350,353,368,372,395,400,412,503,516,518,531,551,553,563,566,571,582,585,591,595,605,606,609,620,628,634,641,644,649,657,658,680,681,693,695,699,702,705,710,713,714,717,718,719,727,728,730,744,745,747,750,755,756,760,762,764,767,768,777,782,783,784,786,794,800,802,805,810,813,815,817,821,823,828,830,831,833,835,839,841,843,844,845,852,856,863,867,870,875,877,878,879,880,882,885,888,890,892,893,896,899,904,907,912,913,914,915,917,918,919,920,921,922,924,926,929,930,931,933,935,937,938,941,942,943,944,945,946,947,949,950,951,952,953,954,955,956,957,958,960,961,962,963,965,966,967,968,969,970,972,973,974,975,976,977,978,979,981,982,983,984,985,986,987,988,989,990,991,992,994,995,996,997,998,999,1000,1001,1002,1003,1005,1006,1007,1008,1009,1010,1011,1012,1013,1014,1015,1016,1017,1018,1019,1020,1021,1022,1023,1024,1025,1026,1027,1028,1029,1030,1031,1032,1033,1034,1035,1036,1037,1038,1039,1040,1041,1042,1043,1045,1046,1047,1048,1049,1050,1051,1052,1053,1054,1055,1056,1057,1058,1059,1060,1061,1062,1063,1064,1065,1066,1067,1068,1069,1070,1071,1072,1073,1074,1075,1076,1077,1078,1079,1080,1081,1082,1083,1084,1085,1086,1088,1089,1090,1091,1092,1093,1094,1095,1096,1097,1098,1099,1100,1101,1102,1103,1104,1105,1106,1107,1108,1109,1110,1111,1112,1113,1114,1115,1116,1117,1118,1119,1120,1121,1122,1123,1124,1125,1127,1128,1129,1130,1131,1132,1133,1134,1135,1136,1137,1138,1139,1140,1141,1142,1143,1144,1145,1146,1147,1148,1149,1150,1151,1152,1153,1154,1155,1156,1157,1158,1159,1160,1161,1162,1163,1164,1165,1166,1167
650	59,64,89,228,238,336,348,350,353,368,372,395,400,412,503,516,518,531,551,553,563,566,585,591,605,606,609,620,628,634,641,644,657,658,681,693,695,705,710,713,717,719,727,728,730,745,750,755,760,762,764,767,768,782,783,784,786,794,802,805,810,815,823,828,830,831,833,835,841,843,852,867,870,875,879,882,885,888,890,893,896,899,913,914,919,920,921,922,924,929,933,935,937,943,945,947,949,950,952,953,955,956,960,961,962,963,965,966,967,968,970,972,974,975,976,977,978,979,982,983,985,986,991,992,994,995,996,997,999,1001,1002,1003,1005,1006,1007,1009,1010,1012,1014,1015,1017,1018,1019,1020,1021,1022,1023,1025,1026,1027,1028,1029,1030,1031,1034,1035,1036,1037,1038,1039,1040,1041,1042,1043,1045,1046,1047,1048,1049,1050,1051,1052,1053,1054,1055,1056,1057,1058,1059,1060,1061,1062,1063,1064,1065,1066,1067,1068,1069,1070,1071,1072,1073,1074,1075,1076,1077,1078,1079,1080,1081,1082,1083,1084,1085,1086,1088,1089,1090,1091,1092,1093,1094,1095,1096,1097,1098,1099,1100,1101,1102,1103,1104,1105,1106,1107,1108,1109,1110,1111,1112,1113,1114,1115,1116,1117,1118,1119,1120,1121,1122,1123,1124,1125,1127,1128,1129,1130,1131,1132,1133,1134,1135,1136,1137,1138,1139,1140,1141,1142,1143,1144,1145,1146,1147,1148,1149,1150,1151,1152,1153,1154,1155,1156,1157,1158,1159,1160,1161,1162,1163,1164,1165,1166,1167,1168,1169,1170,1171
675	64,336,348,350,395,400,516,518,531,553,563,566,605,606,620,628,634,658,681,693,695,727,728,730,745,750,755,760,762,764,782,783,786,802,815,828,830,831,833,835,841,852,867,870,875,879,882,885,888,893,896,914,919,920,921,922,929,933,935,937,943,947,949,950,953,956,960,962,966,972,974,976,977,979,982,983,985,996,997,1003,1005,1006,1010,1014,1018,1019,1020,1022,1023,1025,1026,1027,1029,1030,1037,1038,1041,1045,1046,1049,1050,1052,1053,1055,1056,1057,1059,1061,1063,1065,1068,1070,1071,1074,1075,1076,1077,1078,1079,1080,1081,1082,1083,1084,1085,1086,1088,1089,1090,1091,1092,1093,1094,1095,1096,1097,1098,1099,1100,1101,1102,1103,1104,1105,1106,1107,1108,1109,1110,1111,1112,1113,1114,1115,1116,1117,1118,1119,1120,1121,1122,1123,1124,1125,1127,1128,1129,1130,1131,1132,1133,1134,1135,1136,1137,1138,1139,1140,1141,1142,1143,1144,1145,1146,1147,1148,1149,1150,1151,1152,1153,1154,1155,1156,1157,1158,1159,1160,1161,1162,1163,1164,1165,1166,1167,1168,1169,1170,1171,1172,1173,1174,1175,1176,1177
700	64,348,350,395,400,531,553,563,566,605,606,620,628,634,681,727,728,730,745,750,760,786,802,828,831,833,841,870,875,879,882,885,888,893,896,919,920,921,922,929,933,935,937,943,949,950,956,960,962,966,972,982,983,985,996,997,1006,1014,1018,1019,1020,1025,1029,1030,1038,1041,1045,1046,1049,1050,1053,1055,1056,1057,1068,1074,1076,1077,1081,1082,1084,1088,1092,1093,1094,1095,1096,1097,1098,1100,1101,1102,1104,1105,1107,1108,1109,1110,1111,1112,1113,1114,1115,1116,1117,1118,1119,1120,1121,1122,1123,1124,1125,1127,1128,1129,1130,1131,1132,1133,1134,1135,1136,1137,1138,1139,1140,1141,1142,1143,1144,1145,1146,1147,1148,1149,1150,1151,1152,1153,1154,1155,1156,1157,1158,1159,1160,1161,1162,1163,1164,1165,1166,1167,1168,1169,1170,1171,1172,1173,1174,1175,1176,1177,1178,1179,1180,1181,1182,1183,1184,1185,1186,1187,1188,1189,1190,1191,1192,1193,1194,1195,1196,1197,1198,1199,1200,1201,1202,1203,1204,1205
725	64,348,395,400,531,563,620,628,634,681,727,728,730,750,760,786,802,828,831,833,841,870,875,879,893,896,919,921,933,943,949,956,962,966,972,982,985,996,1006,1018,1019,1020,1030,1038,1050,1053,1057,1068,1074,1081,1082,1093,1094,1095,1096,1097,1098,1100,1101,1102,1104,1105,1107,1109,1110,1111,1112,1114,1116,1117,1120,1121,1122,1123,1124,1125,1127,1128,1129,1130,1131,1132,1133,1134,1135,1136,1137,1138,1139,1140,1141,1142,1143,1144,1145,1146,1147,1148,1149,1150,1151,1152,1153,1154,1155,1156,1157,1158,1159,1160,1161,1162,1163,1164,1165,1166,1167,1168,1169,1170,1171,1172,1173,1174,1175,1176,1177,1178,1179,1180,1181,1182,1183,1184,1185,1186,1187,1188,1189,1190,1191,1192,1193,1194,1195,1196,1197,1198,1199,1200,1201,1202,1203,1204,1205,1206,1207,1208,1209,1210,1211,1212,1213,1214,1215,1216,1217,1218,1219,1220,1221,1222,1223,1224,1225,1226,1228,1229,1230,1231,1232,1233,1234,1235,1236,1237,1238,1239,1240,1241,1242,1243,1244,1245,1246,1247,1248,1249,1250,1251,1252,1253,1254,1255
750	348,395,531,563,620,628,634,681,727,728,730,786,802,831,833,841,870,921,933,943,949,956,962,966,972,982,985,1006,1018,1020,1030,1050,1081,1082,1094,1096,1097,1098,1100,1101,1102,1104,1105,1109,1111,1112,1114,1116,1117,1120,1121,1122,1123,1124,1127,1130,1131,1132,1134,1135,1136,1138,1139,1144,1146,1147,1148,1150,1152,1153,1154,1155,1156,1157,1158,1159,1160,1161,1163,1164,1165,1166,1167,1168,1169,1170,1171,1172,1173,1174,1175,1176,1177,1178,1179,1180,1181,1182,1183,1184,1185,1186,1187,1188,1189,1190,1191,1192,1193,1194,1195,1196,1197,1198,1199,1200,1201,1202,1203,1204,1205,1206,1207,1208,1209,1210,1211,1212,1213,1214,1215,1216,1217,1218,1219,1220,1221,1222,1223,1224,1225,1226,1228,1229,1230,1231,1232,1233,1234,1235,1236,1237,1238,1239,1240,1241,1242,1243,1244,1245,1246,1247,1248,1249,1250,1251,1252,1253,1254,1255,1256,1257,1258,1259,1260
775	348,395,531,563,681,730,802,841,870,921,949,956,962,966,972,982,985,1006,1050,1081,1082,1096,1098,1100,1101,1102,1105,1111,1114,1120,1121,1122,1123,1124,1127,1132,1134,1136,1138,1139,1144,1146,1147,1148,1150,1153,1154,1156,1160,1161,1163,1165,1166,1167,1169,1170,1171,1172,1173,1174,1175,1176,1177,1178,1179,1180,1181,1182,1183,1184,1185,1186,1187,1188,1189,1190,1191,1192,1193,1194,1195,1196,1197,1198,1199,1200,1201,1202,1203,1204,1205,1206,1207,1208,1209,1210,1211,1212,1213,1214,1215,1216,1217,1218,1219,1220,1221,1222,1223,1224,1225,1226,1228,1229,1230,1231,1232,1233,1234,1235,1236,1237,1238,1239,1240,1241,1242,1243,1244,1245,1246,1247,1248,1249,1250,1251,1252,1253,1254,1255,1256,1257,1258,1259,1260,1261,1262,1263,1264,1265,1266
800	395,681,802,870,921,956,962,966,982,985,1006,1081,1096,1098,1100,1101,1102,1111,1114,1121,1122,1127,1132,1134,1136,1139,1144,1146,1147,1150,1154,1156,1160,1165,1166,1167,1169,1170,1171,1172,1174,1175,1176,1177,1178,1179,1180,1181,1182,1183,1184,1185,1186,1187,1188,1189,1190,1191,1192,1193,1194,1195,1196,1197,1198,1199,1200,1201,1202,1203,1204,1205,1206,1207,1208,1209,1210,1211,1212,1213,1214,1215,1216,1217,1218,1219,1220,1221,1222,1223,1224,1225,1226,1228,1229,1230,1231,1232,1233,1234,1235,1236,1237,1238,1239,1240,1241,1242,1243,1244,1245,1246,1247,1248,1249,1250,1251,1252,1253,1254,1255,1256,1257,1258,1259,1260,1261,1262,1263,1264,1265,1266,1267,1268
825	802,870,921,956,962,966,985,1081,1098,1100,1101,1102,1111,1121,1122,1127,1134,1136,1139,1144,1146,1147,1165,1166,1167,1169,1171,1172,1174,1175,1176,1177,1178,1180,1182,1183,1184,1186,1189,1190,1191,1193,1194,1195,1196,1197,1198,1199,1200,1201,1202,1203,1204,1205,1206,1207,1208,1209,1210,1211,1212,1213,1214,1215,1216,1217,1218,1219,1220,1221,1222,1223,1224,1225,1226,1228,1229,1230,1231,1232,1233,1234,1235,1236,1237,1238,1239,1240,1241,1242,1243,1244,1245,1246,1247,1248,1249,1250,1251,1252,1253,1254,1255,1256,1257,1258,1259,1260,1261,1262,1263,1264,1265,1266,1267,1268,1269,1270,1271,1272,1273
850	870,921,956,962,985,1081,1098,1100,1101,1111,1121,1122,1139,1144,1146,1147,1165,1166,1167,1169,1172,1174,1175,1176,1177,1182,1184,1186,1189,1190,1191,1193,1194,1195,1196,1197,1198,1199,1201,1202,1204,1205,1206,1207,1209,1210,1211,1212,1214,1215,1216,1217,1218,1221,1222,1223,1224,1225,1226,1228,1229,1234,1237,1238,1239,1240,1241,1243,1244,1245,1248,1249,1250,1251,1253,1254,1255,1256,1257,1258,1259,1260,1261,1262,1263,1264,1265,1266,1267,1268,1269,1270,1271,1272,1273,1274,1275,1276,1277,1278,1279
875	870,962,985,1081,1098,1111,1121,1122,1139,1144,1166,1169,1172,1175,1177,1184,1186,1189,1190,1191,1195,1197,1198,1199,1201,1202,1204,1205,1206,1207,1209,1210,1211,1212,1214,1216,1217,1218,1221,1223,1224,1225,1226,1228,1229,1234,1238,1240,1241,1243,1244,1248,1250,1251,1254,1255,1257,1258,1259,1260,1261,1262,1263,1264,1265,1266,1267,1268,1269,1270,1271,1272,1273,1274,1275,1276,1277,1278,1279,1280,1281
900	870,962,1111,1121,1122,1144,1166,1169,1172,1175,1177,1189,1191,1197,1198,1199,1204,1205,1206,1207,1209,1210,1212,1214,1216,1217,1218,1224,1228,1229,1234,1238,1240,1241,1250,1251,1254,1255,1257,1258,1262,1263,1264,1265,1266,1267,1268,1269,1270,1271,1272,1273,1274,1275,1276,1277,1278,1279,1280,1281,1282,1283,1284,1285
925	962,1121,1122,1144,1169,1172,1177,1191,1198,1204,1205,1206,1207,1210,1212,1214,1216,1218,1224,1228,1229,1234,1238,1240,1254,1257,1262,1263,1264,1265,1266,1267,1268,1269,1270,1271,1272,1273,1274,1275,1276,1277,1278,1279,1280,1281,1282,1283,1284,1285
950	1121,1172,1177,1191,1198,1204,1205,1207,1212,1214,1216,1218,1224,1228,1229,1234,1254,1257,1262,1263,1264,1267,1269,1270,1271,1272,1273,1274,1275,1276,1277,1278,1279,1280,1281,1282,1283,1284,1285,1286,1287
975	1121,1177,1191,1204,1205,1207,1212,1214,1216,1218,1224,1229,1234,1254,1257,1263,1264,1267,1270,1271,1273,1275,1276,1277,1278,1279,1280,1281,1282,1283,1284,1285,1286,1287,1288,1289,1290,1291
1000	1121,1177,1205,1207,1218,1224,1229,1234,1254,1264,1267,1270,1271,1273,1275,1278,1279,1280,1281,1282,1283,1284,1285,1286,1287,1288,1289,1290,1291,1292,1293,1294,1295,1296,1297,1298,1299,1300,1301,1302,1303,1304,1305,1306,1307,1308,1309,1310,1311,1312,1313,1314,1315,1316,1317,1318,1319,1320,1321,1322,1323,1324,1325
1025	1234,1270,1271,1273,1278,1279,1280,1281,1282,1284,1285,1286,1287,1288,1289,1290,1291,1292,1293,1294,1295,1296,1297,1298,1299,1300,1301,1302,1303,1304,1305,1306,1307,1308,1309,1310,1311,1312,1313,1314,1315,1316,1317,1318,1319,1320,1321,1322,1323,1324,1325,1326,1327,1328,1329,1330,1331,1332,1333,1334,1335,1336,1337,1338,1339,1340,1341,1342,1343,1344,1345,1346,1347,1348,1349,1350,1351,1352,1353,1354,1355,1356,1357,1358,1359
1050	1271,1273,1278,1284,1286,1287,1288,1289,1290,1291,1292,1293,1294,1295,1296,1297,1298,1299,1300,1301,1302,1303,1304,1305,1306,1307,1308,1309,1310,1311,1312,1313,1314,1315,1316,1317,1318,1319,1320,1321,1322,1323,1324,1325,1326,1327,1328,1329,1330,1331,1332,1333,1334,1335,1336,1337,1338,1339,1340,1341,1342,1343,1344,1345,1346,1347,1348,1349,1350,1351,1352,1353,1354,1355,1356,1357,1358,1359,1360,1362,1363,1364,1365,1366,1367,1368,1369,1370,1371,1372,1373,1374,1375,1376,1377,1378,1379,1380
1075	1271,1278,1288,1289,1290,1291,1292,1293,1294,1295,1296,1297,1298,1299,1300,1301,1302,1303,1304,1305,1306,1307,1308,1309,1310,1311,1312,1313,1314,1315,1316,1317,1318,1319,1320,1321,1322,1323,1324,1325,1326,1327,1328,1329,1330,1331,1332,1333,1334,1335,1336,1337,1338,1339,1340,1341,1342,1343,1344,1345,1346,1347,1348,1349,1350,1351,1352,1353,1354,1355,1356,1357,1358,1359,1360,1362,1363,1364,1365,1366,1367,1368,1369,1370,1371,1372,1373,1374,1375,1376,1377,1378,1379,1380,1381,1382,1383,1384,1385,1386,1387,1388,1389,1390,1391,1392,1393,1394,1395,1396,1397,1398,1399,1400,1401,1402,1403,1404,1405,1406,1407,1408,1409,1410,1411,1412,1413,1414,1415,1416,1417,1418,1419,1420,1421,1422,1423,1424,1426,1427,1428,1429,1430,1431,1432
1100	1290,1291,1292,1293,1294,1295,1296,1297,1298,1299,1300,1301,1302,1303,1304,1305,1306,1307,1308,1309,1310,1311,1312,1313,1314,1315,1316,1317,1318,1319,1320,1321,1322,1323,1324,1325,1326,1327,1328,1329,1330,1331,1332,1333,1334,1335,1336,1337,1338,1339,1340,1341,1342,1343,1344,1345,1346,1347,1348,1349,1350,1351,1352,1353,1354,1355,1356,1357,1358,1359,1360,1362,1363,1364,1365,1366,1367,1368,1369,1370,1371,1372,1373,1374,1375,1376,1377,1378,1379,1380,1381,1382,1383,1384,1385,1386,1387,1388,1389,1390,1391,1392,1393,1394,1395,1396,1397,1398,1399,1400,1401,1402,1403,1404,1405,1406,1407,1408,1409,1410,1411,1412,1413,1414,1415,1416,1417,1418,1419,1420,1421,1422,1423,1424,1426,1427,1428,1429,1430,1431,1432,1433,1434,1435,1436,1437,1438,1439,1440,1441,1442,1443,1444,1445,1446,1447,1448,1449,1450,1451,1452,1453,1454,1455,1456,1457,1458,1459,1460,1461,1462,1463,1464
1125	1290,1291,1292,1293,1294,1295,1296,1297,1298,1299,1300,1301,1302,1303,1304,1305,1306,1307,1308,1309,1310,1311,1312,1313,1314,1315,1316,1317,1318,1319,1320,1321,1322,1323,1324,1325,1326,1327,1328,1329,1330,1331,1332,1333,1334,1335,1336,1337,1338,1339,1340,1341,1342,1343,1344,1345,1346,1347,1348,1349,1350,1351,1352,1353,1354,1355,1356,1357,1358,1359,1360,1362,1363,1364,1365,1366,1367,1368,1369,1370,1371,1372,1373,1374,1375,1376,1377,1378,1379,1380,1381,1382,1383,1384,1385,1386,1387,1388,1389,1390,1391,1392,1393,1394,1395,1396,1397,1398,1399,1400,1401,1402,1403,1404,1405,1406,1407,1408,1409,1410,1411,1412,1413,1414,1415,1416,1417,1418,1419,1420,1421,1422,1423,1424,1426,1427,1428,1429,1430,1431,1432,1433,1434,1435,1436,1437,1438,1439,1440,1441,1442,1443,1444,1445,1446,1447,1448,1449,1450,1451,1452,1453,1454,1455,1456,1457,1458,1459,1460,1461,1462,1463,1464,1465,1466,1467,1468,1469,1470,1471,1473,1474,1475,1476,1477,1478,1479,1480,1481,1482,1483,1484
1150	1290,1291,1292,1294,1295,1296,1297,1298,1299,1300,1302,1303,1304,1305,1306,1307,1308,1309,1310,1311,1312,1313,1314,1315,1316,1317,1318,1319,1320,1322,1323,1324,1325,1326,1327,1328,1329,1330,1331,1332,1333,1334,1335,1336,1337,1338,1339,1341,1342,1343,1344,1345,1346,1347,1348,1349,1350,1351,1352,1353,1354,1355,1356,1357,1358,1359,1360,1362,1363,1364,1365,1366,1367,1368,1369,1370,1371,1372,1373,1374,1375,1376,1377,1378,1379,1380,1381,1382,1383,1384,1385,1386,1387,1388,1389,1390,1391,1392,1393,1394,1395,1396,1397,1398,1399,1400,1401,1402,1403,1404,1405,1406,1407,1408,1409,1410,1411,1412,1413,1414,1415,1416,1417,1418,1419,1420,1421,1422,1423,1424,1426,1427,1428,1429,1430,1431,1432,1433,1434,1435,1436,1437,1438,1439,1440,1441,1442,1443,1444,1445,1446,1447,1448,1449,1450,1451,1452,1453,1454,1455,1456,1457,1458,1459,1460,1461,1462,1463,1464,1465,1466,1467,1468,1469,1470,1471,1473,1474,1475,1476,1477,1478,1479,1480,1481,1482,1483,1484,1485,1486,1487,1488,1489,1490,1491,1492,1493,1494,1495,1496,1497,1498,1499,1500,1501,1503,1504,1505,1506,1507,1508,1509,1510,1511,1512,1513,1514,1515,1516,1517,1518,1519,1520,1521,1522,1523,1524,1525,1526,1527,1528,1529,1530,1531,1532,1533,1534,1535,1536,1537,1538,1539,1540,1541,1542,1543,1544,1545,1546,1547,1548,1549,1550,1551,1552,1553,1554,1555,1556,1557,1558,1559,1560,1561,1562,1563,1564,1565,1566,1567,1568,1569,1570,1571,1572,1573,1574,1575,1576,1577,1578,1579,1580,1581,1582
1175	1290,1291,1292,1294,1295,1296,1297,1298,1299,1300,1302,1303,1304,1305,1306,1307,1308,1309,1310,1311,1312,1313,1314,1315,1316,1317,1318,1319,1320,1322,1323,1324,1325,1326,1327,1328,1330,1331,1332,1333,1334,1335,1336,1337,1338,1339,1341,1342,1343,1344,1345,1346,1347,1348,1349,1350,1351,1352,1353,1354,1355,1356,1357,1358,1359,1360,1362,1363,1364,1365,1366,1367,1368,1369,1370,1371,1372,1373,1374,1375,1376,1377,1378,1379,1380,1381,1382,1383,1384,1385,1386,1387,1388,1389,1390,1391,1392,1393,1394,1395,1396,1397,1398,1399,1400,1401,1402,1403,1404,1405,1406,1407,1408,1409,1410,1411,1412,1413,1414,1415,1416,1417,1418,1419,1420,1421,1422,1423,1424,1426,1427,1428,1429,1430,1431,1432,1433,1434,1435,1436,1437,1438,1439,1440,1441,1442,1443,1444,1445,1446,1447,1448,1449,1450,1451,1452,1453,1454,1455,1456,1457,1458,1459,1460,1461,1462,1463,1464,1465,1466,1467,1468,1469,1470,1471,1473,1474,1475,1476,1477,1478,1479,1480,1481,1482,1483,1484,1485,1486,1487,1488,1489,1490,1491,1492,1493,1494,1495,1496,1497,1498,1499,1500,1501,1503,1504,1505,1506,1507,1508,1509,1510,1511,1512,1513,1514,1515,1516,1517,1518,1519,1520,1521,1522,1523,1524,1525,1526,1527,1528,1529,1530,1531,1532,1533,1534,1535,1536,1537,1538,1539,1540,1541,1542,1543,1544,1545,1546,1547,1548,1549,1550,1551,1552,1553,1554,1555,1556,1557,1558,1559,1560,1561,1562,1563,1564,1565,1566,1567,1568,1569,1570,1571,1572,1573,1574,1575,1576,1577,1578,1579,1580,1581,1582,1583,1584,1585,1586,1587,1588,1589,1590,1591,1592,1593,1594,1595,1596,1597,1598,1599,1600,1601,1602,1603,1604,1605,1606,1607,1608,1609,1610,1611,1612,1613,1614,1615,1616,1617,1618,1619,1620,1621,1622,1623,1624,1625,1626,1627,1628,1629,1630,1631,1632,1633,1634,1635,1636,1637,1638,1639,1640,1641,1642,1643,1644,1645,1647,1648,1649,1650,1651,1652,1653,1654
1200	1290,1291,1292,1294,1295,1296,1297,1298,1299,1300,1302,1303,1304,1305,1306,1307,1308,1309,1311,1312,1313,1314,1315,1316,1317,1318,1319,1320,1322,1323,1324,1325,1327,1328,1330,1331,1332,1333,1334,1335,1336,1337,1338,1339,1341,1342,1343,1344,1345,1346,1347,1348,1349,1350,1351,1352,1353,1354,1355,1357,1358,1359,1360,1362,1363,1364,1365,1366,1367,1368,1370,1371,1372,1373,1374,1375,1376,1377,1378,1379,1380,1381,1382,1384,1385,1386,1387,1388,1389,1390,1391,1392,1393,1394,1395,1396,1397,1398,1399,1400,1401,1402,1403,1405,1406,1407,1409,1412,1413,1414,1415,1416,1417,1418,1419,1420,1421,1422,1423,1424,1426,1427,1428,1429,1430,1431,1432,1433,1434,1435,1436,1437,1438,1439,1440,1441,1442,1443,1444,1445,1446,1447,1448,1449,1450,1451,1452,1453,1454,1455,1456,1457,1458,1459,1460,1461,1462,1463,1464,1465,1466,1467,1468,1469,1470,1471,1473,1474,1475,1476,1477,1478,1479,1480,1481,1482,1483,1484,1485,1486,1487,1488,1489,1490,1491,1492,1493,1494,1495,1496,1497,1498,1499,1500,1501,1503,1504,1505,1506,1507,1508,1509,1510,1511,1512,1513,1514,1515,1516,1517,1518,1519,1520,1521,1522,1523,1524,1525,1526,1527,1528,1529,1530,1531,1532,1533,1534,1535,1536,1537,1538,1539,1540,1541,1542,1543,1544,1545,1546,1547,1548,1549,1550,1551,1552,1553,1554,1555,1556,1557,1558,1559,1560,1561,1562,1563,1564,1565,1566,1567,1568,1569,1570,1571,1572,1573,1574,1575,1576,1577,1578,1579,1580,1581,1582,1583,1584,1585,1586,1587,1588,1589,1590,1591,1592,1593,1594,1595,1596,1597,1598,1599,1600,1601,1602,1603,1604,1605,1606,1607,1608,1609,1610,1611,1612,1613,1614,1615,1616,1617,1618,1619,1620,1621,1622,1623,1624,1625,1626,1627,1628,1629,1630,1631,1632,1633,1634,1635,1636,1637,1638,1639,1640,1641,1642,1643,1644,1645,1647,1648,1649,1650,1651,1652,1653,1654,1655,1656,1657,1658,1659,1660,1661,1662,1663,1664,1665,1666,1667,1668,1669,1670,1671,1672,1673,1674,1675,1676,1677,1678,1679,1680,1681,1682,1683,1684,1685,1686,1687,1688,1689,1690,1691,1692,1693,1694,1695,1696,1697,1698,1699,1700,1701,1702,1703,1704,1705,1706
1225	1290,1291,1292,1294,1295,1297,1298,1299,1300,1303,1304,1305,1306,1307,1308,1309,1311,1312,1313,1315,1316,1317,1318,1319,1322,1324,1325,1327,1328,1330,1331,1332,1333,1334,1336,1338,1339,1343,1344,1346,1347,1348,1349,1350,1351,1352,1353,1354,1355,1357,1358,1359,1360,1362,1363,1364,1365,1366,1367,1368,1370,1371,1372,1373,1374,1375,1376,1378,1379,1380,1381,1382,1384,1385,1386,1387,1388,1389,1390,1391,1392,1393,1394,1395,1396,1397,1398,1399,1400,1401,1402,1403,1405,1406,1407,1409,1412,1413,1414,1415,1416,1417,1418,1420,1421,1422,1423,1424,1427,1429,1431,1432,1433,1434,1435,1437,1438,1440,1441,1442,1443,1444,1445,1446,1448,1449,1450,1451,1452,1453,1454,1455,1456,1458,1459,1460,1461,1462,1463,1464,1465,1466,1467,1468,1469,1470,1471,1473,1474,1475,1476,1477,1478,1479,1480,1481,1482,1483,1484,1485,1486,1487,1488,1489,1490,1491,1492,1493,1494,1495,1496,1497,1498,1499,1500,1501,1503,1504,1505,1506,1507,1508,1509,1510,1511,1512,1513,1514,1515,1516,1517,1518,1519,1520,1521,1522,1523,1524,1525,1526,1527,1528,1529,1530,1531,1532,1533,1534,1535,1536,1537,1538,1539,1540,1541,1542,1543,1544,1545,1546,1547,1548,1549,1550,1551,1552,1553,1554,1555,1556,1557,1558,1559,1560,1561,1562,1563,1564,1565,1566,1567,1568,1569,1570,1571,1572,1573,1574,1575,1576,1577,1578,1579,1580,1581,1582,1583,1584,1585,1586,1587,1588,1589,1590,1591,1592,1593,1594,1595,1596,1597,1598,1599,1600,1601,1602,1603,1604,1605,1606,1607,1608,1609,1610,1611,1612,1613,1614,1615,1616,1617,1618,1619,1620,1621,1622,1623,1624,1625,1626,1627,1628,1629,1630,1631,1632,1633,1634,1635,1636,1637,1638,1639,1640,1641,1642,1643,1644,1645,1647,1648,1649,1650,1651,1652,1653,1654,1655,1656,1657,1658,1659,1660,1661,1662,1663,1664,1665,1666,1667,1668,1669,1670,1671,1672,1673,1674,1675,1676,1677,1678,1679,1680,1681,1682,1683,1684,1685,1686,1687,1688,1689,1690,1691,1692,1693,1694,1695,1696,1697,1698,1699,1700,1701,1702,1703,1704,1705,1706,1707,1709,1710,1711,1712,1713,1714,1715,1716,1717,1718,1719,1721,1722,1723,1724,1725,1726,1727,1728,1729,1730,1731,1732,1733,1734,1735,1736,1737,1738,1739,1740,1741,1742,1743,1744,1745,1746,1747,1748,1749,1750,1751
1250	1290,1291,1292,1294,1295,1297,1298,1299,1300,1303,1304,1305,1306,1308,1309,1311,1312,1313,1315,1316,1317,1318,1319,1322,1325,1327,1328,1330,1331,1332,1333,1334,1338,1339,1343,1344,1346,1347,1348,1349,1350,1351,1352,1353,1354,1355,1358,1360,1362,1363,1364,1365,1366,1367,1368,1370,1372,1373,1374,1375,1376,1378,1379,1380,1381,1382,1384,1385,1387,1388,1389,1390,1391,1392,1394,1395,1397,1398,1399,1400,1401,1402,1403,1405,1407,1409,1412,1414,1415,1417,1418,1420,1421,1422,1423,1424,1427,1429,1431,1432,1433,1434,1435,1437,1438,1440,1441,1442,1443,1444,1445,1446,1448,1449,1450,1451,1452,1454,1455,1456,1458,1459,1460,1461,1462,1463,1464,1465,1467,1468,1469,1470,1471,1473,1474,1475,1476,1477,1478,1479,1480,1481,1482,1483,1484,1485,1486,1487,1488,1489,1490,1491,1492,1493,1494,1495,1496,1497,1498,1499,1500,1501,1503,1504,1505,1506,1507,1508,1509,1510,1511,1512,1513,1514,1515,1516,1517,1518,1519,1520,1521,1522,1523,1524,1525,1526,1527,1528,1529,1530,1531,1532,1533,1534,1535,1536,1537,1538,1539,1540,1541,1542,1543,1544,1545,1546,1547,1548,1549,1550,1551,1552,1553,1554,1555,1556,1557,1558,1559,1560,1561,1562,1563,1564,1565,1566,1567,1568,1569,1570,1571,1572,1573,1574,1575,1576,1577,1578,1579,1580,1581,1582,1583,1584,1585,1586,1587,1588,1589,1590,1591,1592,1593,1594,1595,1596,1597,1598,1599,1600,1601,1602,1603,1604,1605,1606,1607,1608,1609,1610,1611,1612,1613,1614,1615,1616,1617,1618,1619,1620,1621,1622,1623,1624,1625,1626,1627,1628,1629,1630,1631,1632,1633,1634,1635,1636,1637,1638,1639,1640,1641,1642,1643,1644,1645,1647,1648,1649,1650,1651,1652,1653,1654,1655,1656,1657,1658,1659,1660,1661,1662,1663,1664,1665,1666,1667,1668,1669,1670,1671,1672,1673,1674,1675,1676,1677,1678,1679,1680,1681,1682,1683,1684,1685,1686,1687,1688,1689,1690,1691,1692,1693,1694,1695,1696,1697,1698,1699,1700,1701,1702,1703,1704,1705,1706,1707,1709,1710,1711,1712,1713,1714,1715,1716,1717,1718,1719,1721,1722,1723,1724,1725,1726,1727,1728,1729,1730,1731,1732,1733,1734,1735,1736,1737,1738,1739,1740,1741,1742,1743,1744,1745,1746,1747,1748,1749,1750,1751,1752,1753,1754,1755,1756,1757,1758,1759,1760,1761,1762,1763,1764,1765,1766,1767,1768,1769,1770,1771,1772,1773,1774,1775,1777,1778,1779,1780,1781,1782,1783,1784,1785,1786,1787
1275	1290,1291,1292,1294,1295,1297,1299,1303,1305,1306,1309,1311,1312,1313,1315,1316,1317,1318,1319,1322,1325,1327,1328,1330,1331,1332,1333,1338,1339,1343,1344,1346,1347,1348,1349,1350,1351,1352,1353,1354,1355,1358,1360,1362,1365,1366,1368,1370,1372,1373,1374,1375,1376,1379,1384,1385,1387,1388,1390,1394,1395,1397,1399,1400,1401,1402,1403,1405,1409,1412,1415,1417,1418,1421,1422,1423,1427,1429,1431,1432,1433,1434,1435,1437,1438,1440,1441,1442,1443,1444,1445,1446,1448,1449,1450,1451,1452,1454,1455,1456,1458,1459,1460,1461,1462,1464,1465,1467,1468,1469,1470,1471,1473,1474,1475,1476,1477,1478,1479,1481,1482,1483,1484,1485,1486,1487,1488,1489,1490,1491,1492,1493,1494,1495,1496,1497,1498,1499,1500,1503,1504,1505,1506,1507,1509,1512,1513,1517,1519,1520,1521,1522,1523,1524,1525,1526,1527,1528,1529,1531,1532,1533,1534,1536,1537,1538,1539,1540,1542,1543,1545,1546,1547,1548,1549,1550,1551,1552,1553,1554,1555,1556,1557,1558,1559,1560,1561,1562,1563,1564,1565,1566,1567,1568,1569,1570,1571,1572,1573,1574,1575,1576,1577,1578,1579,1580,1581,1582,1583,1584,1585,1586,1587,1588,1589,1590,1591,1592,1593,1594,1595,1596,1597,1598,1599,1600,1601,1602,1603,1604,1605,1606,1607,1608,1609,1610,1611,1612,1613,1614,1615,1616,1617,1618,1619,1620,1621,1622,1623,1624,1625,1626,1627,1628,1629,1630,1631,1632,1633,1634,1635,1636,1637,1638,1639,1640,1641,1642,1643,1644,1645,1647,1648,1649,1650,1651,1652,1653,1654,1655,1656,1657,1658,1659,1660,1661,1662,1663,1664,1665,1666,1667,1668,1669,1670,1671,1672,1673,1674,1675,1676,1677,1678,1679,1680,1681,1682,1683,1684,1685,1686,1687,1688,1689,1690,1691,1692,1693,1694,1695,1696,1697,1698,1699,1700,1701,1702,1703,1704,1705,1706,1707,1709,1710,1711,1712,1713,1714,1715,1716,1717,1718,1719,1721,1722,1723,1724,1725,1726,1727,1728,1729,1730,1731,1732,1733,1734,1735,1736,1737,1738,1739,1740,1741,1742,1743,1744,1745,1746,1747,1748,1749,1750,1751,1752,1753,1754,1755,1756,1757,1758,1759,1760,1761,1762,1763,1764,1765,1766,1767,1768,1769,1770,1771,1772,1773,1774,1775,1777,1778,1779,1780,1781,1782,1783,1784,1785,1786,1787,1788,1789,1790,1791,1792,1793,1794,1795,1796,1797,1798,1799,1800,1801,1802,1803,1804,1805,1806,1807,1808,1809,1810,1811,1812,1813,1814,1815,1816,1817,1818,1819,1820,1821
1300	1290,1291,1292,1294,1295,1303,1306,1311,1312,1313,1316,1317,1318,1319,1322,1325,1330,1331,1332,1333,1338,1339,1343,1344,1346,1347,1348,1349,1350,1351,1352,1358,1360,1362,1368,1372,1374,1375,1376,1385,1388,1390,1395,1401,1405,1409,1412,1415,1417,1427,1429,1431,1432,1433,1434,1435,1437,1438,1440,1441,1442,1445,1446,1449,1454,1455,1458,1459,1460,1462,1467,1469,1470,1473,1474,1475,1476,1477,1478,1479,1481,1482,1483,1484,1487,1489,1490,1491,1492,1493,1494,1495,1497,1498,1499,1500,1503,1504,1505,1506,1507,1509,1512,1513,1517,1520,1521,1522,1523,1524,1526,1527,1529,1531,1532,1533,1537,1538,1540,1542,1545,1546,1547,1548,1549,1550,1551,1552,1553,1554,1556,1557,1558,1560,1561,1562,1564,1565,1566,1567,1568,1569,1570,1571,1572,1573,1574,1575,1576,1577,1579,1580,1582,1583,1584,1585,1586,1587,1588,1589,1590,1591,1592,1594,1596,1597,1601,1602,1603,1604,1605,1606,1607,1608,1609,1611,1612,1613,1614,1615,1617,1619,1620,1621,1622,1623,1624,1625,1626,1627,1628,1629,1630,1631,1632,1633,1634,1635,1636,1637,1638,1639,1640,1641,1642,1643,1644,1645,1647,1648,1649,1650,1651,1652,1653,1654,1655,1656,1657,1658,1659,1660,1661,1662,1663,1664,1665,1666,1667,1668,1669,1670,1671,1672,1673,1674,1675,1676,1677,1678,1679,1680,1681,1682,1683,1684,1685,1686,1687,1688,1689,1690,1691,1692,1693,1694,1695,1696,1697,1698,1699,1700,1701,1702,1703,1704,1705,1706,1707,1709,1710,1711,1712,1713,1714,1715,1716,1717,1718,1719,1721,1722,1723,1724,1725,1726,1727,1728,1729,1730,1731,1732,1733,1734,1735,1736,1737,1738,1739,1740,1741,1742,1743,1744,1745,1746,1747,1748,1749,1750,1751,1752,1753,1754,1755,1756,1757,1758,1759,1760,1761,1762,1763,1764,1765,1766,1767,1768,1769,1770,1771,1772,1773,1774,1775,1777,1778,1779,1780,1781,1782,1783,1784,1785,1786,1787,1788,1789,1790,1791,1792,1793,1794,1795,1796,1797,1798,1799,1800,1801,1802,1803,1804,1805,1806,1807,1808,1809,1810,1811,1812,1813,1814,1815,1816,1817,1818,1819,1820,1821,1822,1823,1824,1825,1826,1827,1828,1829,1830,1831,1832,1833,1834,1835,1836,1837,1838,1839,1840,1841,1842,1843,1844,1845,1846,1847,1848,1849,1850,1851,1852,1853,1854,1855,1856,1857,1858,1859,1860,1861,1862,1863,1864,1865,1866,1867,1868,1869,1870,1871,1872,1873,1874,1875,1876,1877,1878,1879,1880,1881,1882
1325	1291,1292,1294,1295,1303,1306,1311,1312,1316,1317,1318,1319,1322,1325,1330,1331,1332,1333,1338,1339,1343,1344,1346,1347,1348,1349,1351,1352,1358,1360,1362,1368,1372,1374,1376,1385,1388,1390,1395,1401,1405,1409,1412,1415,1417,1427,1429,1431,1432,1437,1440,1441,1442,1445,1446,1449,1454,1455,1458,1459,1460,1462,1467,1469,1470,1473,1474,1475,1476,1477,1478,1479,1482,1483,1484,1490,1491,1493,1494,1495,1497,1498,1499,1500,1503,1504,1505,1506,1509,1512,1513,1517,1521,1522,1523,1526,1527,1531,1532,1533,1537,1538,1540,1542,1545,1546,1547,1548,1549,1551,1552,1553,1554,1556,1557,1558,1560,1561,1562,1564,1565,1566,1567,1568,1569,1570,1571,1572,1573,1574,1575,1576,1579,1580,1582,1583,1584,1585,1586,1587,1588,1589,1590,1591,1594,1597,1603,1604,1605,1606,1607,1608,1609,1612,1613,1614,1615,1617,1619,1620,1621,1622,1623,1624,1625,1627,1629,1631,1634,1635,1636,1637,1638,1640,1641,1642,1644,1645,1648,1649,1650,1651,1652,1654,1657,1659,1660,1662,1663,1664,1665,1666,1668,1669,1671,1672,1673,1674,1675,1676,1677,1679,1680,1681,1682,1683,1684,1685,1686,1687,1688,1689,1690,1691,1692,1693,1694,1695,1696,1697,1698,1699,1700,1701,1702,1703,1704,1705,1706,1707,1709,1710,1711,1712,1713,1714,1715,1716,1717,1718,1719,1721,1722,1723,1724,1725,1726,1727,1728,1729,1730,1731,1732,1733,1734,1735,1736,1737,1738,1739,1740,1741,1742,1743,1744,1745,1746,1747,1748,1749,1750,1751,1752,1753,1754,1755,1756,1757,1758,1759,1760,1761,1762,1763,1764,1765,1766,1767,1768,1769,1770,1771,1772,1773,1774,1775,1777,1778,1779,1780,1781,1782,1783,1784,1785,1786,1787,1788,1789,1790,1791,1792,1793,1794,1795,1796,1797,1798,1799,1800,1801,1802,1803,1804,1805,1806,1807,1808,1809,1810,1811,1812,1813,1814,1815,1816,1817,1818,1819,1820,1821,1822,1823,1824,1825,1826,1827,1828,1829,1830,1831,1832,1833,1834,1835,1836,1837,1838,1839,1840,1841,1842,1843,1844,1845,1846,1847,1848,1849,1850,1851,1852,1853,1854,1855,1856,1857,1858,1859,1860,1861,1862,1863,1864,1865,1866,1867,1868,1869,1870,1871,1872,1873,1874,1875,1876,1877,1878,1879,1880,1881,1882,1883,1884,1885,1886,1887,1888,1889,1890,1891,1892,1893,1894,1895,1896,1897,1898,1899,1900,1901,1902,1903,1904,1905,1906,1907,1908,1909,1910,1911,1912,1913,1914,1915,1916
1350	1292,1294,1295,1303,1306,1311,1312,1316,1317,1318,1319,1322,1325,1330,1331,1332,1333,1338,1339,1343,1344,1346,1347,1348,1349,1351,1352,1362,1368,1372,1376,1385,1388,1390,1401,1409,1412,1415,1417,1427,1431,1432,1437,1442,1445,1446,1454,1455,1459,1460,1462,1467,1469,1470,1474,1475,1476,1477,1478,1482,1483,1490,1491,1493,1494,1497,1498,1499,1500,1504,1505,1506,1512,1513,1517,1521,1526,1527,1531,1532,1533,1538,1542,1545,1546,1547,1548,1549,1551,1552,1553,1556,1557,1558,1560,1561,1562,1564,1565,1569,1570,1571,1572,1573,1574,1576,1582,1583,1584,1585,1587,1588,1589,1590,1591,1594,1597,1603,1604,1606,1607,1609,1612,1613,1614,1615,1617,1619,1622,1623,1624,1625,1627,1629,1631,1634,1636,1637,1638,1640,1641,1642,1644,1645,1648,1649,1651,1652,1654,1657,1659,1660,1662,1663,1664,1665,1666,1668,1669,1672,1675,1676,1677,1679,1680,1681,1682,1683,1684,1685,1686,1687,1688,1690,1691,1692,1693,1694,1695,1696,1697,1698,1699,1700,1702,1703,1705,1706,1709,1710,1712,1714,1715,1716,1717,1718,1719,1722,1723,1724,1725,1726,1727,1728,1729,1730,1731,1732,1733,1734,1735,1736,1737,1738,1739,1740,1741,1742,1743,1744,1745,1746,1747,1748,1749,1750,1751,1752,1753,1754,1755,1756,1757,1758,1759,1760,1761,1762,1763,1764,1765,1766,1767,1768,1769,1770,1771,1772,1773,1774,1775,1777,1778,1779,1780,1781,1782,1783,1784,1785,1786,1787,1788,1789,1790,1791,1792,1793,1794,1795,1796,1797,1798,1799,1800,1801,1802,1803,1804,1805,1806,1807,1808,1809,1810,1811,1812,1813,1814,1815,1816,1817,1818,1819,1820,1821,1822,1823,1824,1825,1826,1827,1828,1829,1830,1831,1832,1833,1834,1835,1836,1837,1838,1839,1840,1841,1842,1843,1844,1845,1846,1847,1848,1849,1850,1851,1852,1853,1854,1855,1856,1857,1858,1859,1860,1861,1862,1863,1864,1865,1866,1867,1868,1869,1870,1871,1872,1873,1874,1875,1876,1877,1878,1879,1880,1881,1882,1883,1884,1885,1886,1887,1888,1889,1890,1891,1892,1893,1894,1895,1896,1897,1898,1899,1900,1901,1902,1903,1904,1905,1906,1907,1908,1909,1910,1911,1912,1913,1914,1915,1916,1917,1918,1919,1920,1921,1922,1923,1924,1925,1926,1927,1928,1929,1930,1931,1932,1933,1934,1935,1936,1937,1938,1939,1940
1375	1292,1294,1295,1303,1306,1312,1316,1318,1319,1322,1325,1330,1331,1332,1333,1338,1339,1343,1344,1346,1348,1349,1351,1372,1376,1385,1390,1401,1409,1415,1417,1427,1437,1442,1445,1446,1455,1459,1460,1462,1467,1469,1470,1474,1475,1476,1477,1478,1482,1483,1491,1493,1494,1497,1498,1500,1504,1505,1506,1512,1517,1521,1527,1532,1533,1538,1542,1546,1553,1557,1558,1562,1564,1565,1569,1570,1571,1572,1573,1574,1576,1582,1583,1585,1587,1589,1590,1591,1594,1597,1603,1606,1607,1612,1613,1614,1615,1617,1622,1623,1629,1636,1637,1640,1641,1644,1645,1649,1651,1652,1654,1657,1659,1660,1662,1663,1664,1665,1668,1669,1672,1675,1677,1679,1680,1682,1683,1684,1685,1686,1687,1688,1690,1691,1692,1693,1694,1695,1696,1697,1698,1699,1700,1703,1705,1706,1709,1710,1712,1714,1715,1717,1719,1723,1724,1725,1726,1727,1728,1729,1730,1731,1732,1734,1735,1736,1737,1738,1739,1740,1741,1742,1743,1744,1745,1746,1748,1749,1750,1751,1753,1754,1755,1756,1757,1759,1761,1762,1763,1764,1766,1767,1768,1769,1770,1771,1772,1773,1774,1775,1777,1778,1779,1780,1781,1782,1783,1784,1785,1786,1787,1788,1789,1790,1791,1792,1793,1794,1795,1796,1797,1798,1799,1800,1801,1802,1803,1804,1805,1806,1807,1808,1809,1810,1811,1812,1813,1814,1815,1816,1817,1818,1819,1820,1821,1822,1823,1824,1825,1826,1827,1828,1829,1830,1831,1832,1833,1834,1835,1836,1837,1838,1839,1840,1841,1842,1843,1844,1845,1846,1847,1848,1849,1850,1851,1852,1853,1854,1855,1856,1857,1858,1859,1860,1861,1862,1863,1864,1865,1866,1867,1868,1869,1870,1871,1872,1873,1874,1875,1876,1877,1878,1879,1880,1881,1882,1883,1884,1885,1886,1887,1888,1889,1890,1891,1892,1893,1894,1895,1896,1897,1898,1899,1900,1901,1902,1903,1904,1905,1906,1907,1908,1909,1910,1911,1912,1913,1914,1915,1916,1917,1918,1919,1920,1921,1922,1923,1924,1925,1926,1927,1928,1929,1930,1931,1932,1933,1934,1935,1936,1937,1938,1939,1940,1941,1942,1943,1944,1945,1946,1947,1948,1949,1950,1951,1952,1954,1955,1956,1957,1958,1959,1960,1961,1962,1963,1964,1965,1966,1967,1968,1969,1970,1971,1972,1973,1974,1975,1976,1978,1979
1400	1294,1312,1316,1318,1322,1330,1331,1333,1339,1346,1348,1351,1376,1390,1401,1415,1417,1427,1437,1442,1445,1455,1459,1460,1462,1467,1474,1476,1477,1482,1483,1491,1493,1494,1497,1498,1504,1505,1517,1521,1527,1532,1538,1546,1553,1557,1558,1562,1564,1565,1569,1570,1571,1572,1573,1574,1583,1585,1587,1589,1590,1591,1597,1603,1606,1607,1612,1614,1615,1617,1629,1636,1640,1644,1645,1649,1651,1652,1654,1660,1662,1663,1664,1665,1672,1675,1679,1680,1682,1683,1684,1688,1691,1692,1693,1695,1696,1698,1703,1705,1706,1709,1710,1714,1717,1719,1725,1727,1732,1734,1735,1736,1737,1738,1739,1740,1743,1744,1745,1746,1749,1750,1751,1754,1756,1761,1762,1763,1766,1767,1768,1769,1770,1771,1772,1773,1774,1775,1777,1781,1782,1783,1784,1787,1788,1789,1790,1791,1792,1793,1794,1795,1796,1797,1798,1799,1800,1801,1802,1804,1805,1806,1807,1808,1809,1810,1811,1812,1814,1815,1816,1817,1818,1819,1820,1821,1822,1823,1824,1825,1826,1827,1828,1829,1830,1831,1832,1833,1834,1835,1836,1837,1838,1839,1840,1841,1842,1843,1844,1845,1846,1847,1848,1849,1850,1851,1852,1853,1854,1855,1856,1857,1858,1859,1860,1861,1862,1863,1864,1865,1866,1867,1868,1869,1870,1871,1872,1873,1874,1875,1876,1877,1878,1879,1880,1881,1882,1883,1884,1885,1886,1887,1888,1889,1890,1891,1892,1893,1894,1895,1896,1897,1898,1899,1900,1901,1902,1903,1904,1905,1906,1907,1908,1909,1910,1911,1912,1913,1914,1915,1916,1917,1918,1919,1920,1921,1922,1923,1924,1925,1926,1927,1928,1929,1930,1931,1932,1933,1934,1935,1936,1937,1938,1939,1940,1941,1942,1943,1944,1945,1946,1947,1948,1949,1950,1951,1952,1954,1955,1956,1957,1958,1959,1960,1961,1962,1963,1964,1965,1966,1967,1968,1969,1970,1971,1972,1973,1974,1975,1976,1978,1979,1980,1981,1982,1983,1984,1985,1986,1987,1988,1990,1991,1992,1993,1994,1995,1996,1997,1998,1999,2000,2001,2002,2003,2004,2005,2006
1425	1294,1312,1316,1322,1331,1346,1348,1390,1401,1417,1427,1437,1445,1455,1462,1474,1476,1491,1493,1494,1497,1498,1505,1517,1527,1532,1538,1546,1553,1558,1564,1565,1570,1571,1572,1573,1574,1583,1585,1589,1597,1603,1607,1614,1617,1629,1636,1640,1649,1652,1654,1663,1664,1675,1679,1682,1683,1684,1688,1691,1693,1698,1710,1717,1719,1725,1727,1734,1735,1738,1740,1743,1745,1746,1749,1751,1754,1761,1762,1763,1766,1767,1768,1769,1770,1771,1773,1775,1777,1781,1783,1787,1788,1789,1790,1791,1792,1793,1794,1795,1796,1797,1799,1800,1804,1807,1808,1809,1810,1812,1815,1816,1818,1819,1821,1822,1823,1824,1826,1829,1830,1831,1832,1834,1836,1837,1838,1839,1840,1841,1843,1844,1845,1846,1847,1848,1849,1850,1851,1852,1853,1854,1856,1857,1859,1860,1861,1863,1864,1866,1867,1868,1869,1870,1871,1872,1873,1874,1875,1876,1877,1878,1879,1880,1881,1882,1883,1884,1885,1886,1887,1888,1889,1890,1891,1892,1893,1894,1895,1896,1897,1898,1899,1900,1901,1902,1903,1904,1905,1906,1907,1908,1909,1910,1911,1912,1913,1914,1915,1916,1917,1918,1919,1920,1921,1922,1923,1924,1925,1926,1927,1928,1929,1930,1931,1932,1933,1934,1935,1936,1937,1938,1939,1940,1941,1942,1943,1944,1945,1946,1947,1948,1949,1950,1951,1952,1954,1955,1956,1957,1958,1959,1960,1961,1962,1963,1964,1965,1966,1967,1968,1969,1970,1971,1972,1973,1974,1975,1976,1978,1979,1980,1981,1982,1983,1984,1985,1986,1987,1988,1990,1991,1992,1993,1994,1995,1996,1997,1998,1999,2000,2001,2002,2003,2004,2005,2006,2007,2008,2009,2010,2011,2012,2013,2014,2015,2016,2017,2018,2019,2020,2021,2022,2023,2024,2025,2026,2027,2028,2029,2030,2031,2032,2033
1450	1312,1316,1322,1331,1346,1348,1390,1401,1417,1437,1445,1462,1476,1491,1493,1494,1498,1505,1517,1527,1538,1546,1553,1565,1571,1572,1573,1574,1583,1585,1589,1597,1603,1614,1617,1629,1636,1640,1652,1663,1664,1675,1679,1682,1683,1684,1693,1710,1717,1719,1725,1734,1738,1740,1743,1745,1749,1751,1754,1761,1767,1769,1771,1773,1775,1781,1783,1787,1789,1790,1791,1792,1793,1794,1795,1796,1797,1799,1800,1808,1809,1810,1812,1818,1819,1821,1822,1823,1824,1826,1829,1831,1832,1834,1836,1837,1838,1839,1841,1843,1844,1845,1846,1847,1848,1849,1850,1851,1852,1853,1857,1859,1860,1861,1863,1864,1866,1867,1869,1870,1871,1872,1873,1874,1875,1876,1877,1878,1880,1883,1884,1885,1886,1888,1890,1891,1892,1893,1894,1896,1898,1899,1901,1902,1903,1904,1905,1906,1907,1908,1909,1910,1911,1912,1913,1914,1915,1916,1917,1918,1919,1920,1921,1922,1923,1924,1925,1926,1927,1928,1929,1930,1931,1932,1933,1934,1935,1936,1937,1938,1939,1940,1941,1942,1943,1944,1945,1946,1947,1948,1949,1950,1951,1952,1954,1955,1956,1957,1958,1959,1960,1961,1962,1963,1964,1965,1966,1967,1968,1969,1970,1971,1972,1973,1974,1975,1976,1978,1979,1980,1981,1982,1983,1984,1985,1986,1987,1988,1990,1991,1992,1993,1994,1995,1996,1997,1998,1999,2000,2001,2002,2003,2004,2005,2006,2007,2008,2009,2010,2011,2012,2013,2014,2015,2016,2017,2018,2019,2020,2021,2022,2023,2024,2025,2026,2027,2028,2029,2030,2031,2032,2033,2034,2035,2036,2037,2038,2039,2040,2041,2042,2043,2044,2045,2046,2047,2048,2049,2050
1475	1312,1316,1322,1331,1346,1348,1390,1417,1437,1445,1462,1476,1491,1493,1494,1498,1517,1546,1553,1565,1571,1572,1573,1574,1583,1585,1589,1597,1617,1636,1640,1652,1664,1675,1679,1682,1683,1684,1693,1710,1717,1719,1725,1738,1740,1743,1745,1749,1751,1761,1767,1771,1775,1783,1791,1792,1794,1795,1799,1800,1808,1809,1810,1812,1818,1819,1822,1823,1824,1829,1832,1834,1836,1837,1838,1839,1841,1843,1845,1846,1848,1849,1851,1852,1853,1859,1860,1861,1863,1864,1866,1867,1869,1870,1871,1872,1874,1875,1876,1877,1878,1883,1884,1885,1888,1891,1892,1893,1894,1896,1898,1899,1901,1902,1903,1904,1905,1906,1907,1908,1909,1910,1911,1912,1913,1914,1915,1916,1917,1918,1919,1920,1921,1923,1924,1925,1926,1927,1928,1929,1930,1931,1932,1933,1934,1935,1936,1937,1938,1939,1940,1941,1942,1943,1944,1945,1946,1947,1948,1949,1950,1951,1952,1954,1955,1956,1957,1958,1959,1960,1961,1962,1963,1964,1965,1966,1967,1968,1969,1970,1971,1972,1973,1974,1975,1976,1978,1979,1980,1981,1982,1983,1984,1985,1986,1987,1988,1990,1991,1992,1993,1994,1995,1996,1997,1998,1999,2000,2001,2002,2003,2004,2005,2006,2007,2008,2009,2010,2011,2012,2013,2014,2015,2016,2017,2018,2019,2020,2021,2022,2023,2024,2025,2026,2027,2028,2029,2030,2031,2032,2033,2034,2035,2036,2037,2038,2039,2040,2041,2042,2043,2044,2045,2046,2047,2048,2049,2050,2051,2052,2053,2054,2055,2056,2057,2058,2059,2060,2061,2062,2063,2064,2065,2066,2067,2068,2069,2070,2071,2072,2073,2074,2075,2076,2077,2078,2079,2080,2081,2082,2083,2084,2085,2086,2087,2088
1500	1316,1322,1348,1417,1437,1445,1476,1493,1553,1565,1571,1572,1574,1583,1585,1597,1617,1636,1640,1652,1664,1675,1683,1684,1693,1710,1717,1719,1725,1738,1740,1743,1745,1749,1751,1775,1791,1794,1799,1800,1809,1812,1818,1819,1823,1824,1834,1841,1843,1845,1846,1848,1849,1851,1859,1860,1866,1867,1869,1870,1871,1872,1874,1875,1876,1877,1878,1884,1885,1888,1891,1892,1893,1894,1896,1898,1899,1901,1903,1906,1907,1908,1909,1910,1911,1912,1915,1918,1919,1921,1923,1924,1925,1926,1927,1928,1929,1930,1931,1932,1933,1934,1935,1940,1941,1942,1943,1944,1945,1946,1947,1948,1949,1950,1951,1952,1954,1956,1957,1958,1959,1961,1962,1963,1964,1965,1966,1967,1968,1969,1970,1971,1972,1973,1974,1975,1976,1978,1979,1980,1981,1982,1983,1984,1985,1986,1987,1988,1990,1991,1992,1993,1994,1995,1996,1997,1998,1999,2000,2001,2002,2003,2004,2005,2006,2007,2008,2009,2010,2011,2012,2013,2014,2015,2016,2017,2018,2019,2020,2021,2022,2023,2024,2025,2026,2027,2028,2029,2030,2031,2032,2033,2034,2035,2036,2037,2038,2039,2040,2041,2042,2043,2044,2045,2046,2047,2048,2049,2050,2051,2052,2053,2054,2055,2056,2057,2058,2059,2060,2061,2062,2063,2064,2065,2066,2067,2068,2069,2070,2071,2072,2073,2074,2075,2076,2077,2078,2079,2080,2081,2082,2083,2084,2085,2086,2087,2088,2090,2091,2092,2093,2094,2095
1525	1316,1322,1348,1417,1437,1553,1565,1571,1572,1574,1597,1617,1636,1675,1683,1684,1693,1710,1717,1719,1725,1740,1743,1751,1775,1794,1799,1800,1809,1812,1818,1819,1823,1824,1834,1841,1843,1845,1846,1848,1851,1859,1867,1869,1870,1871,1876,1877,1884,1885,1888,1891,1893,1899,1901,1909,1910,1912,1918,1921,1923,1924,1925,1926,1927,1929,1930,1933,1935,1941,1943,1944,1946,1947,1948,1949,1950,1951,1952,1954,1957,1958,1959,1966,1967,1968,1970,1971,1972,1974,1976,1978,1979,1980,1981,1982,1986,1988,1990,1991,1992,1993,1994,1995,1996,1997,1998,1999,2000,2001,2002,2003,2004,2005,2006,2007,2008,2009,2010,2011,2012,2013,2014,2015,2016,2017,2018,2019,2020,2021,2022,2023,2024,2025,2026,2027,2028,2029,2030,2031,2032,2033,2034,2035,2036,2037,2038,2039,2040,2041,2042,2043,2044,2045,2046,2047,2048,2049,2050,2051,2052,2053,2054,2055,2056,2057,2058,2059,2060,2061,2062,2063,2064,2065,2066,2067,2068,2069,2070,2071,2072,2073,2074,2075,2076,2077,2078,2079,2080,2081,2082,2083,2084,2085,2086,2087,2088,2090,2091,2092,2093,2094,2095,2096,2097,2098,2099,2100,2101,2102
1550	1316,1322,1348,1417,1437,1553,1565,1571,1572,1597,1636,1675,1683,1684,1693,1710,1717,1719,1725,1740,1775,1794,1799,1800,1812,1819,1823,1824,1834,1841,1843,1846,1848,1851,1859,1867,1869,1870,1871,1877,1884,1888,1891,1893,1899,1901,1909,1912,1921,1924,1926,1927,1930,1933,1935,1941,1943,1944,1946,1948,1949,1950,1952,1954,1957,1958,1959,1966,1967,1970,1972,1974,1976,1978,1979,1980,1982,1986,1988,1990,1992,1993,1995,1996,1998,1999,2000,2001,2005,2006,2011,2013,2014,2015,2016,2017,2018,2019,2020,2021,2022,2025,2026,2027,2028,2029,2030,2031,2032,2033,2034,2035,2036,2037,2038,2039,2040,2041,2042,2043,2044,2045,2046,2047,2048,2049,2050,2051,2052,2053,2054,2055,2056,2057,2058,2059,2060,2061,2062,2063,2064,2065,2066,2067,2068,2069,2070,2071,2072,2073,2074,2075,2076,2077,2078,2079,2080,2081,2082,2083,2084,2085,2086,2087,2088,2090,2091,2092,2093,2094,2095,2096,2097,2098,2099,2100,2101,2102,2103,2104,2106,2107,2108,2109,2110,2111,2112,2113,2114
1575	1316,1322,1348,1417,1437,1565,1572,1597,1675,1683,1684,1710,1717,1725,1740,1794,1800,1812,1823,1824,1834,1841,1843,1846,1848,1851,1859,1867,1869,1870,1877,1884,1888,1901,1909,1912,1924,1927,1930,1933,1935,1943,1948,1950,1954,1958,1966,1976,1979,1980,1982,1986,1988,1992,1995,1999,2000,2001,2006,2011,2013,2014,2015,2016,2017,2018,2019,2021,2025,2026,2027,2028,2029,2031,2032,2033,2035,2036,2037,2039,2040,2042,2045,2046,2047,2048,2049,2050,2051,2052,2053,2054,2055,2056,2057,2058,2059,2060,2061,2062,2063,2064,2065,2066,2067,2068,2069,2070,2071,2072,2073,2074,2075,2076,2077,2078,2079,2080,2081,2082,2083,2084,2085,2086,2087,2088,2090,2091,2092,2093,2094,2095,2096,2097,2098,2099,2100,2101,2102,2103,2104,2106,2107,2108,2109,2110,2111,2112,2113,2114,2115,2116,2117,2118,2119,2120,2121,2122,2124,2125,2126,2127,2128
1600	1316,1322,1437,1565,1597,1675,1683,1684,1710,1740,1794,1800,1812,1824,1834,1841,1843,1846,1848,1851,1859,1869,1870,1877,1888,1909,1912,1924,1930,1935,1943,1948,1950,1958,1966,1976,1988,2001,2006,2011,2014,2017,2018,2019,2026,2027,2028,2029,2031,2032,2033,2040,2042,2045,2047,2048,2050,2051,2052,2053,2054,2055,2056,2058,2061,2062,2064,2066,2067,2068,2070,2071,2072,2073,2074,2075,2076,2077,2078,2079,2080,2081,2082,2083,2084,2085,2086,2087,2088,2090,2091,2092,2093,2094,2095,2096,2097,2098,2099,2100,2101,2102,2103,2104,2106,2107,2108,2109,2110,2111,2112,2113,2114,2115,2116,2117,2118,2119,2120,2121,2122,2124,2125,2126,2127,2128,2129,2130,2131,2132,2133,2134,2135,2136,2137,2138,2139,2140,2141,2142,2143
1625	1322,1437,1565,1597,1675,1683,1684,1710,1740,1794,1800,1812,1824,1834,1841,1846,1848,1851,1859,1870,1888,1909,1912,1930,1943,1948,1950,1966,1976,1988,2001,2006,2014,2017,2019,2029,2042,2045,2048,2051,2053,2055,2056,2058,2061,2062,2064,2066,2067,2068,2072,2074,2075,2076,2077,2081,2082,2083,2084,2085,2088,2090,2092,2093,2094,2095,2096,2097,2098,2099,2100,2101,2102,2103,2104,2106,2107,2108,2109,2110,2111,2112,2113,2114,2115,2116,2117,2118,2119,2120,2121,2122,2124,2125,2126,2127,2128,2129,2130,2131,2132,2133,2134,2135,2136,2137,2138,2139,2140,2141,2142,2143,2145,2146,2147,2148,2149,2150,2151,2152,2153,2154,2155,2156,2157,2158,2159,2160,2161,2162,2163,2164,2165,2166,2167,2168,2169,2170,2171,2172,2173
1650	1565,1597,1675,1683,1794,1812,1824,1841,1846,1848,1851,1859,1870,1888,1912,1930,1943,1948,1950,1966,2001,2006,2014,2017,2019,2029,2048,2055,2056,2061,2062,2066,2068,2072,2074,2081,2082,2083,2084,2085,2088,2092,2093,2094,2095,2096,2098,2099,2100,2101,2102,2103,2104,2106,2107,2108,2109,2110,2111,2112,2113,2114,2115,2116,2117,2118,2119,2120,2121,2122,2124,2125,2126,2127,2128,2129,2130,2131,2132,2133,2134,2135,2136,2137,2138,2139,2140,2141,2142,2143,2145,2146,2147,2148,2149,2150,2151,2152,2153,2154,2155,2156,2157,2158,2159,2160,2161,2162,2163,2164,2165,2166,2167,2168,2169,2170,2171,2172,2173,2175,2176,2177,2178,2179,2180,2181,2182,2183
1675	1565,1597,1675,1683,1794,1812,1824,1841,1846,1851,1859,1888,1912,1950,1966,2006,2017,2019,2029,2048,2055,2056,2061,2062,2066,2068,2074,2082,2094,2095,2096,2098,2099,2100,2104,2106,2107,2109,2110,2111,2112,2113,2114,2115,2116,2117,2118,2119,2120,2121,2122,2124,2125,2126,2127,2128,2129,2130,2131,2132,2133,2134,2135,2136,2137,2138,2139,2140,2141,2142,2143,2145,2146,2147,2148,2149,2150,2151,2152,2153,2154,2155,2156,2157,2158,2159,2160,2161,2162,2163,2164,2165,2166,2167,2168,2169,2170,2171,2172,2173,2175,2176,2177,2178,2179,2180,2181,2182,2183,2184,2185,2186,2187,2188,2189,2190,2191,2192,2193
1700	1565,1597,1675,1683,1794,1812,1824,1846,1851,1859,1888,1912,1950,1966,2006,2017,2019,2029,2048,2055,2056,2062,2066,2068,2074,2094,2095,2096,2098,2100,2104,2106,2107,2109,2110,2112,2113,2114,2115,2121,2122,2124,2126,2127,2128,2129,2130,2131,2132,2133,2134,2135,2136,2137,2138,2139,2140,2141,2142,2143,2145,2146,2147,2148,2149,2150,2151,2152,2153,2154,2155,2156,2157,2158,2159,2160,2161,2162,2163,2164,2165,2166,2167,2168,2169,2170,2171,2172,2173,2175,2176,2177,2178,2179,2180,2181,2182,2183,2184,2185,2186,2187,2188,2189,2190,2191,2192,2193,2194,2195,2196,2197,2198,2199,2200,2201,2202,2203,2205,2206,2207,2208
1725	1565,1597,1675,1683,1794,1824,1846,1851,1859,1888,1912,1950,2006,2019,2029,2048,2055,2056,2066,2068,2074,2094,2095,2098,2100,2106,2107,2110,2113,2114,2121,2122,2124,2126,2127,2128,2129,2130,2131,2132,2134,2135,2136,2137,2138,2139,2140,2141,2142,2143,2145,2146,2147,2148,2149,2150,2151,2152,2153,2154,2155,2156,2157,2158,2159,2160,2161,2162,2163,2164,2165,2166,2167,2168,2169,2170,2171,2172,2173,2175,2176,2177,2178,2179,2180,2181,2182,2183,2184,2185,2186,2187,2188,2189,2190,2191,2192,2193,2194,2195,2196,2197,2198,2199,2200,2201,2202,2203,2205,2206,2207,2208,2209,2210,2211,2212,2213,2214,2215,2216,2217,2218,2219,2220,2221,2222,2223,2224,2225,2226,2227,2228,2229
1750	1565,1597,1675,1794,1824,1846,1851,1859,1888,1912,1950,2029,2048,2055,2056,2066,2074,2094,2095,2098,2100,2106,2110,2114,2121,2122,2124,2127,2128,2129,2130,2131,2132,2134,2135,2136,2137,2138,2139,2140,2142,2143,2145,2146,2147,2151,2153,2155,2156,2157,2158,2159,2160,2161,2162,2163,2164,2165,2166,2167,2168,2169,2170,2171,2172,2173,2175,2176,2177,2178,2179,2180,2181,2182,2183,2184,2185,2186,2187,2188,2189,2190,2191,2192,2193,2194,2195,2196,2197,2198,2199,2200,2201,2202,2203,2205,2206,2207,2208,2209,2210,2211,2212,2213,2214,2215,2216,2217,2218,2219,2220,2221,2222,2223,2224,2225,2226,2227,2228,2229,2230,2231,2232,2233,2234,2235,2236,2237,2238,2239,2240,2241,2242,2243,2244,2245,2246,2247,2248,2249,2250,2251,2252,2253,2254,2255,2256,2257,2258,2259,2260,2261,2262,2263,2264,2265,2267
1775	1565,1597,1846,1851,1859,1888,1912,1950,2048,2055,2056,2066,2074,2094,2095,2100,2106,2122,2124,2128,2130,2131,2132,2134,2136,2138,2139,2145,2146,2151,2153,2155,2156,2157,2158,2159,2160,2161,2164,2165,2166,2167,2168,2170,2171,2172,2176,2177,2178,2179,2180,2181,2182,2183,2184,2185,2186,2187,2188,2189,2190,2191,2192,2193,2194,2195,2196,2197,2198,2199,2200,2201,2202,2203,2205,2206,2207,2208,2209,2210,2211,2212,2213,2214,2215,2216,2217,2218,2219,2220,2221,2222,2223,2224,2225,2226,2227,2228,2229,2230,2231,2232,2233,2234,2235,2236,2237,2238,2239,2240,2241,2242,2243,2244,2245,2246,2247,2248,2249,2250,2251,2252,2253,2254,2255,2256,2257,2258,2259,2260,2261,2262,2263,2264,2265,2267,2268,2269,2270,2271
1800	1565,1846,1851,1859,1888,1912,1950,2055,2056,2066,2074,2094,2095,2100,2122,2128,2130,2134,2136,2138,2139,2146,2151,2153,2156,2157,2158,2159,2160,2161,2164,2166,2167,2168,2171,2172,2176,2178,2179,2180,2181,2182,2183,2184,2185,2186,2187,2188,2189,2190,2191,2192,2193,2194,2195,2196,2197,2198,2199,2200,2201,2202,2203,2205,2206,2207,2208,2209,2210,2211,2212,2213,2214,2215,2216,2217,2218,2219,2220,2221,2222,2223,2224,2225,2226,2227,2228,2229,2230,2231,2232,2233,2234,2235,2236,2237,2238,2239,2240,2241,2242,2243,2244,2245,2246,2247,2248,2249,2250,2251,2252,2253,2254,2255,2256,2257,2258,2259,2260,2261,2262,2263,2264,2265,2267,2268,2269,2270,2271,2272,2273,2274,2275,2276,2277,2278,2279,2280,2281,2282,2283
1825	1565,1846,1859,1912,2055,2056,2066,2074,2094,2095,2100,2122,2128,2134,2136,2138,2139,2146,2157,2158,2159,2160,2161,2164,2172,2176,2179,2180,2181,2182,2183,2185,2186,2187,2188,2189,2191,2193,2194,2195,2196,2197,2199,2200,2201,2202,2203,2205,2206,2207,2208,2209,2210,2211,2212,2213,2214,2215,2216,2217,2218,2219,2220,2221,2222,2223,2224,2225,2226,2227,2228,2229,2230,2231,2232,2233,2234,2235,2236,2237,2238,2239,2240,2241,2242,2243,2244,2245,2246,2247,2248,2249,2250,2251,2252,2253,2254,2255,2256,2257,2258,2259,2260,2261,2262,2263,2264,2265,2267,2268,2269,2270,2271,2272,2273,2274,2275,2276,2277,2278,2279,2280,2281,2282,2283,2284,2285,2286,2287,2288,2289,2291,2292,2293,2294,2295,2296,2297,2298,2299,2300,2301,2302,2303,2304,2305,2306,2307,2308,2309,2310,2311,2312,2313,2314,2315,2316,2317,2318,2319,2320,2321,2322
1850	1565,1846,1859,1912,2055,2056,2066,2095,2100,2122,2128,2134,2136,2139,2157,2158,2159,2160,2161,2164,2172,2179,2180,2181,2182,2183,2186,2187,2188,2189,2193,2194,2195,2196,2197,2199,2200,2201,2202,2203,2205,2206,2207,2208,2209,2210,2211,2212,2213,2214,2215,2216,2217,2218,2219,2220,2221,2222,2223,2224,2225,2226,2227,2228,2229,2230,2231,2232,2233,2234,2235,2236,2237,2238,2239,2240,2241,2242,2243,2244,2245,2246,2247,2248,2249,2250,2251,2252,2253,2254,2255,2256,2257,2258,2259,2260,2261,2262,2263,2264,2265,2267,2268,2269,2270,2271,2272,2273,2274,2275,2276,2277,2278,2279,2280,2281,2282,2283,2284,2285,2286,2287,2288,2289,2291,2292,2293,2294,2295,2296,2297,2298,2299,2300,2301,2302,2303,2304,2305,2306,2307,2308,2309,2310,2311,2312,2313,2314,2315,2316,2317,2318,2319,2320,2321,2322,2323,2324,2325,2326,2327,2328,2329,2330,2331,2332,2333,2334,2335,2336,2337,2338,2339,2340,2341,2342,2343,2344,2345,2346,2347,2348,2349,2350,2351,2352,2353,2354,2355,2356,2357,2358,2359
1875	1846,1859,1912,2056,2066,2095,2100,2122,2134,2136,2139,2157,2158,2160,2161,2164,2172,2179,2180,2181,2182,2187,2188,2189,2194,2195,2196,2197,2199,2200,2202,2203,2205,2206,2207,2208,2209,2210,2211,2214,2216,2217,2218,2220,2221,2222,2223,2224,2225,2226,2227,2228,2230,2231,2232,2233,2234,2235,2236,2237,2238,2239,2241,2242,2243,2245,2246,2248,2249,2250,2251,2252,2253,2254,2255,2256,2257,2259,2260,2261,2262,2264,2265,2267,2268,2269,2270,2271,2272,2273,2274,2275,2276,2277,2278,2279,2280,2281,2282,2283,2284,2285,2286,2287,2288,2289,2291,2292,2293,2294,2295,2296,2297,2298,2299,2300,2301,2302,2303,2304,2305,2306,2307,2308,2309,2310,2311,2312,2313,2314,2315,2316,2317,2318,2319,2320,2321,2322,2323,2324,2325,2326,2327,2328,2329,2330,2331,2332,2333,2334,2335,2336,2337,2338,2339,2340,2341,2342,2343,2344,2345,2346,2347,2348,2349,2350,2351,2352,2353,2354,2355,2356,2357,2358,2359,2360,2362,2363,2364,2365,2366,2367,2368,2369,2370,2371,2372,2373,2374,2375,2376,2377,2378,2379,2380,2381,2382,2383,2385,2386,2387,2389,2390
1900	1846,1859,1912,2056,2100,2122,2134,2136,2139,2157,2158,2160,2161,2172,2179,2180,2181,2182,2188,2189,2194,2195,2196,2197,2199,2200,2203,2205,2206,2207,2209,2210,2211,2216,2217,2218,2221,2222,2223,2224,2225,2226,2227,2228,2230,2231,2232,2233,2234,2235,2236,2237,2238,2239,2241,2242,2243,2245,2246,2248,2249,2251,2252,2254,2255,2257,2259,2260,2262,2264,2265,2267,2269,2270,2271,2272,2273,2274,2275,2276,2277,2278,2279,2280,2281,2282,2283,2284,2285,2286,2287,2288,2289,2291,2292,2293,2294,2295,2296,2297,2298,2299,2300,2301,2302,2303,2304,2305,2306,2307,2308,2309,2310,2311,2312,2313,2314,2315,2316,2317,2318,2319,2320,2321,2322,2323,2324,2325,2326,2327,2328,2329,2330,2331,2332,2333,2334,2335,2336,2337,2338,2339,2340,2341,2342,2343,2344,2345,2346,2347,2348,2349,2350,2351,2352,2353,2354,2355,2356,2357,2358,2359,2360,2362,2363,2364,2365,2366,2367,2368,2369,2370,2371,2372,2373,2374,2375,2376,2377,2378,2379,2380,2381,2382,2383,2385,2386,2387,2389,2390,2391,2392,2393,2394,2395,2396,2397,2398,2399,2400,2401,2402,2403,2404
1925	1846,1859,1912,2056,2100,2122,2134,2136,2139,2157,2158,2160,2161,2172,2179,2180,2181,2182,2188,2189,2194,2195,2196,2199,2200,2203,2205,2206,2207,2209,2210,2211,2218,2221,2222,2223,2224,2225,2226,2227,2228,2230,2232,2233,2235,2236,2237,2238,2239,2242,2243,2245,2246,2248,2249,2251,2252,2254,2255,2257,2259,2262,2264,2265,2269,2270,2271,2272,2273,2274,2275,2276,2277,2278,2279,2280,2281,2282,2283,2284,2285,2286,2287,2288,2289,2291,2292,2293,2294,2295,2296,2297,2298,2299,2300,2301,2302,2303,2304,2305,2306,2307,2308,2309,2310,2311,2312,2313,2314,2315,2316,2317,2318,2319,2320,2321,2322,2323,2324,2325,2326,2327,2328,2329,2330,2331,2332,2333,2334,2335,2336,2337,2338,2339,2340,2341,2342,2343,2344,2345,2346,2347,2348,2349,2350,2351,2352,2353,2354,2355,2356,2357,2358,2359,2360,2362,2363,2364,2365,2366,2367,2368,2369,2370,2371,2372,2373,2374,2375,2376,2377,2378,2379,2380,2381,2382,2383,2385,2386,2387,2389,2390,2391,2392,2393,2394,2395,2396,2397,2398,2399,2400,2401,2402,2403,2404,2405,2406,2407,2408,2410,2411,2412,2413,2414,2415,2416,2417,2418,2419,2420,2421,2422,2423,2424,2425,2426
1950	1846,1859,1912,2056,2100,2122,2134,2136,2139,2157,2158,2161,2172,2179,2180,2182,2188,2189,2194,2195,2196,2199,2200,2203,2205,2206,2207,2209,2210,2222,2223,2224,2225,2226,2227,2228,2230,2232,2233,2235,2236,2237,2238,2239,2242,2246,2248,2251,2252,2254,2259,2262,2264,2265,2269,2271,2273,2274,2277,2278,2281,2282,2283,2284,2286,2287,2288,2289,2291,2292,2293,2295,2297,2298,2300,2302,2303,2304,2305,2306,2307,2308,2309,2310,2311,2312,2313,2314,2315,2316,2317,2318,2319,2320,2321,2322,2323,2324,2325,2326,2327,2328,2329,2330,2331,2332,2333,2334,2335,2336,2337,2338,2339,2340,2341,2342,2343,2344,2345,2346,2347,2348,2349,2350,2351,2352,2353,2354,2355,2356,2357,2358,2359,2360,2362,2363,2364,2365,2366,2367,2368,2369,2370,2371,2372,2373,2374,2375,2376,2377,2378,2379,2380,2381,2382,2383,2385,2386,2387,2389,2390,2391,2392,2393,2394,2395,2396,2397,2398,2399,2400,2401,2402,2403,2404,2405,2406,2407,2408,2410,2411,2412,2413,2414,2415,2416,2417,2418,2419,2420,2421,2422,2423,2424,2425,2426,2427,2428,2429,2430,2431,2432,2434,2435
1975	1859,1912,2056,2100,2134,2136,2139,2157,2158,2161,2172,2180,2182,2188,2189,2194,2196,2199,2205,2206,2207,2209,2222,2225,2226,2227,2230,2233,2235,2236,2238,2239,2242,2246,2251,2252,2254,2259,2262,2264,2269,2271,2273,2274,2277,2281,2282,2283,2286,2287,2289,2292,2293,2295,2297,2298,2300,2302,2304,2305,2306,2307,2308,2309,2310,2311,2312,2313,2315,2316,2317,2319,2321,2322,2323,2324,2325,2326,2327,2328,2329,2330,2331,2332,2333,2334,2335,2336,2337,2339,2341,2342,2343,2344,2345,2346,2347,2348,2349,2352,2353,2354,2356,2357,2358,2359,2360,2362,2363,2364,2365,2366,2367,2368,2369,2370,2371,2372,2373,2374,2375,2376,2377,2378,2379,2380,2381,2382,2383,2385,2386,2387,2389,2390,2391,2392,2393,2394,2395,2396,2397,2398,2399,2400,2401,2402,2403,2404,2405,2406,2407,2408,2410,2411,2412,2413,2414,2415,2416,2417,2418,2419,2420,2421,2422,2423,2424,2425,2426,2427,2428,2429,2430,2431,2432,2434,2435,2436,2437,2439,2440,2441,2442,2444
2000	1859,2056,2100,2134,2139,2157,2172,2180,2188,2189,2194,2196,2199,2206,2209,2222,2226,2227,2230,2235,2236,2238,2239,2242,2246,2251,2252,2254,2259,2262,2264,2269,2271,2273,2274,2277,2281,2282,2283,2287,2293,2297,2298,2300,2302,2305,2307,2308,2309,2310,2311,2312,2313,2315,2316,2317,2319,2321,2322,2323,2324,2326,2327,2328,2329,2330,2331,2332,2333,2334,2335,2337,2341,2342,2343,2344,2345,2346,2347,2348,2349,2352,2353,2354,2356,2358,2360,2364,2365,2367,2368,2369,2370,2371,2372,2373,2375,2380,2382,2383,2385,2386,2387,2389,2390,2391,2392,2393,2394,2395,2396,2397,2398,2399,2400,2401,2402,2403,2404,2405,2406,2407,2408,2410,2411,2412,2413,2414,2415,2416,2417,2418,2419,2420,2421,2422,2423,2424,2425,2426,2427,2428,2429,2430,2431,2432,2434,2435,2436,2437,2439,2440,2441,2442,2444,2445,2446,2447,2448,2449,2450,2451,2452,2453,2454,2455,2456,2457,2458,2459
2025	2100,2134,2139,2157,2172,2188,2194,2196,2199,2206,2209,2226,2236,2238,2239,2242,2246,2251,2252,2254,2259,2262,2269,2271,2273,2274,2277,2282,2287,2293,2297,2298,2300,2302,2305,2307,2308,2310,2311,2312,2313,2315,2321,2323,2324,2326,2327,2329,2330,2331,2332,2334,2335,2337,2341,2342,2343,2344,2345,2346,2347,2349,2352,2353,2356,2358,2365,2367,2369,2370,2371,2372,2375,2382,2383,2385,2386,2387,2390,2391,2392,2394,2396,2397,2398,2399,2400,2404,2405,2406,2407,2408,2410,2411,2412,2413,2414,2415,2416,2417,2418,2419,2420,2421,2422,2423,2424,2425,2426,2427,2428,2429,2430,2431,2432,2434,2435,2436,2437,2439,2440,2441,2442,2444,2445,2446,2447,2448,2449,2450,2451,2452,2453,2454,2455,2456,2457,2458,2459,2460,2461,2462,2464,2465,2466,2467,2468,2470
2050	2100,2134,2157,2172,2188,2194,2196,2199,2206,2209,2236,2238,2239,2242,2246,2251,2252,2254,2259,2262,2269,2273,2274,2277,2287,2293,2297,2300,2302,2305,2307,2310,2311,2312,2313,2315,2321,2324,2326,2327,2329,2330,2335,2337,2343,2353,2356,2358,2365,2367,2369,2370,2371,2372,2375,2382,2383,2386,2387,2390,2392,2394,2396,2397,2398,2400,2404,2405,2406,2407,2408,2410,2412,2413,2414,2416,2417,2418,2419,2420,2421,2422,2423,2424,2425,2426,2427,2428,2429,2430,2431,2432,2434,2435,2436,2437,2439,2440,2441,2442,2444,2445,2446,2447,2448,2449,2450,2451,2452,2453,2454,2455,2456,2457,2458,2459,2460,2461,2462,2464,2465,2466,2467,2468,2470,2471,2472,2473,2474,2475,2476,2477,2478,2479,2480,2481,2482,2483,2484,2486,2487,2488,2489,2490,2491,2492,2493
2075	2100,2134,2157,2172,2188,2236,2238,2242,2246,2251,2254,2269,2273,2274,2277,2297,2300,2302,2311,2313,2315,2324,2326,2327,2329,2330,2335,2337,2343,2353,2356,2367,2370,2371,2372,2375,2383,2386,2387,2392,2394,2396,2398,2400,2404,2405,2406,2407,2408,2410,2412,2414,2416,2417,2418,2419,2421,2422,2424,2425,2426,2427,2428,2429,2430,2432,2434,2435,2436,2437,2439,2440,2441,2442,2444,2445,2446,2447,2448,2449,2450,2451,2452,2453,2454,2455,2456,2457,2458,2459,2460,2461,2462,2464,2465,2466,2467,2468,2470,2471,2472,2473,2474,2475,2476,2477,2478,2479,2480,2481,2482,2483,2484,2486,2487,2488,2489,2490,2491,2492,2493,2494,2495,2496,2497,2498,2499,2500,2501,2502,2503,2504,2506,2507,2509,2511,2512,2513,2514,2515,2516,2517,2518,2519,2520,2521,2522,2523,2525,2526,2527,2528,2529,2530,2531,2532,2533,2534,2535,2536,2537,2538,2539
2100	2100,2172,2188,2236,2238,2242,2246,2251,2254,2269,2273,2274,2277,2297,2300,2302,2311,2313,2324,2327,2329,2330,2335,2337,2353,2356,2367,2370,2371,2372,2375,2383,2387,2392,2398,2400,2404,2405,2408,2410,2412,2414,2416,2417,2418,2419,2421,2422,2424,2425,2426,2430,2432,2434,2435,2436,2437,2439,2440,2441,2442,2444,2445,2446,2447,2448,2449,2450,2451,2452,2453,2454,2455,2456,2457,2458,2459,2460,2461,2462,2464,2465,2466,2467,2468,2470,2471,2472,2473,2474,2475,2476,2477,2478,2479,2480,2481,2482,2483,2484,2486,2487,2488,2489,2490,2491,2492,2493,2494,2495,2496,2497,2498,2499,2500,2501,2502,2503,2504,2506,2507,2509,2511,2512,2513,2514,2515,2516,2517,2518,2519,2520,2521,2522,2523,2525,2526,2527,2528,2529,2530,2531,2532,2533,2534,2535,2536,2537,2538,2539,2540,2541,2542,2543,2544,2545,2546,2547,2548
2125	2100,2188,2236,2238,2246,2251,2254,2269,2274,2277,2300,2302,2311,2327,2329,2330,2335,2337,2367,2370,2371,2372,2387,2400,2404,2405,2408,2410,2412,2416,2417,2422,2424,2425,2426,2430,2432,2435,2437,2440,2444,2445,2446,2448,2449,2450,2451,2452,2453,2456,2457,2458,2459,2460,2461,2462,2464,2465,2466,2467,2468,2470,2471,2472,2473,2474,2475,2476,2477,2478,2479,2480,2481,2482,2483,2484,2486,2487,2488,2489,2490,2491,2492,2493,2494,2495,2496,2497,2498,2499,2500,2501,2502,2503,2504,2506,2507,2509,2511,2512,2513,2514,2515,2516,2517,2518,2519,2520,2521,2522,2523,2525,2526,2527,2528,2529,2530,2531,2532,2533,2534,2535,2536,2537,2538,2539,2540,2541,2542,2543,2544,2545,2546,2547,2548,2549,2550,2551,2552,2553,2554,2555
2150	2100,2188,2238,2251,2269,2274,2277,2300,2302,2327,2329,2337,2371,2372,2405,2408,2410,2412,2416,2417,2422,2424,2425,2426,2430,2432,2435,2448,2450,2451,2452,2453,2458,2459,2460,2461,2462,2464,2465,2466,2468,2470,2471,2472,2473,2474,2475,2476,2477,2478,2479,2480,2481,2482,2483,2484,2486,2487,2488,2489,2490,2491,2492,2493,2494,2495,2496,2497,2498,2499,2500,2501,2502,2503,2504,2506,2507,2509,2511,2512,2513,2514,2515,2516,2517,2518,2519,2520,2521,2522,2523,2525,2526,2527,2528,2529,2530,2531,2532,2533,2534,2535,2536,2537,2538,2539,2540,2541,2542,2543,2544,2545,2546,2547,2548,2549,2550,2551,2552,2553,2554,2555,2556,2557,2558,2559,2560,2561,2562,2563,2564,2565,2566,2567,2568,2569,2570,2571,2572,2573,2574,2575,2576,2577
2175	2100,2188,2238,2251,2269,2274,2277,2300,2302,2327,2329,2337,2372,2405,2408,2410,2412,2416,2417,2422,2424,2425,2426,2430,2435,2451,2453,2458,2459,2460,2461,2462,2464,2465,2466,2470,2471,2472,2473,2474,2475,2476,2477,2478,2479,2480,2481,2482,2483,2484,2486,2487,2488,2489,2490,2491,2492,2493,2494,2495,2496,2497,2498,2499,2500,2501,2502,2503,2504,2506,2507,2509,2511,2512,2513,2514,2515,2516,2517,2518,2519,2520,2521,2522,2523,2525,2526,2527,2528,2529,2530,2531,2532,2533,2534,2535,2536,2537,2538,2539,2540,2541,2542,2543,2544,2545,2546,2547,2548,2549,2550,2551,2552,2553,2554,2555,2556,2557,2558,2559,2560,2561,2562,2563,2564,2565,2566,2567,2568,2569,2570,2571,2572,2573,2574,2575,2576,2577,2578,2579,2580,2581,2582,2583,2584,2585,2586,2587,2588,2589,2590,2591,2592,2593,2594,2595,2596
2200	2100,2238,2251,2274,2277,2300,2302,2327,2329,2337,2372,2405,2408,2410,2412,2416,2417,2422,2424,2425,2426,2430,2435,2451,2453,2460,2461,2462,2464,2470,2472,2473,2474,2475,2476,2477,2478,2479,2480,2481,2482,2483,2488,2489,2490,2492,2493,2494,2496,2497,2498,2499,2500,2501,2502,2503,2504,2506,2511,2512,2513,2514,2515,2516,2517,2518,2519,2520,2521,2522,2523,2525,2526,2527,2528,2529,2530,2531,2532,2533,2534,2535,2536,2537,2538,2539,2540,2541,2542,2543,2544,2545,2546,2547,2548,2549,2550,2551,2552,2553,2554,2555,2556,2557,2558,2559,2560,2561,2562,2563,2564,2565,2566,2567,2568,2569,2570,2571,2572,2573,2574,2575,2576,2577,2578,2579,2580,2581,2582,2583,2584,2585,2586,2587,2588,2589,2590,2591,2592,2593,2594,2595,2596,2597,2598,2599,2600,2601,2602,2603,2604,2605,2606,2608,2609,2610,2611,2612,2613,2614,2615,2616,2617,2618,2619,2620,2621,2622,2623,2624,2625
2225	2238,2251,2274,2277,2300,2302,2327,2337,2372,2405,2408,2410,2412,2416,2417,2422,2424,2426,2430,2435,2453,2461,2462,2464,2470,2472,2473,2474,2475,2476,2479,2482,2483,2488,2489,2490,2492,2493,2496,2497,2498,2500,2501,2502,2503,2504,2506,2511,2512,2513,2514,2515,2517,2519,2520,2521,2522,2523,2525,2526,2527,2528,2529,2530,2531,2532,2533,2534,2535,2536,2537,2539,2541,2542,2543,2544,2545,2546,2547,2548,2549,2550,2551,2552,2553,2554,2555,2556,2557,2558,2559,2560,2561,2562,2563,2564,2565,2566,2567,2568,2569,2570,2571,2572,2573,2574,2575,2576,2577,2578,2579,2580,2581,2582,2583,2584,2585,2586,2587,2588,2589,2590,2591,2592,2593,2594,2595,2596,2597,2598,2599,2600,2601,2602,2603,2604,2605,2606,2608,2609,2610,2611,2612,2613,2614,2615,2616,2617,2618,2619,2620,2621,2622,2623,2624,2625,2626,2627,2628,2629,2630,2631,2632,2633,2634,2635,2636,2637,2638,2639,2640,2641,2643,2644,2645,2646,2647,2648,2649,2650,2651,2652,2653,2654,2655,2656,2657,2658,2659,2660,2661,2662,2663,2664,2665,2666,2667,2668,2669,2670,2671,2672,2673,2674,2675,2676,2677,2678
2250	2238,2274,2277,2300,2302,2327,2337,2372,2408,2410,2417,2422,2435,2453,2461,2462,2470,2473,2474,2475,2479,2482,2483,2488,2489,2492,2493,2496,2497,2501,2502,2503,2506,2511,2512,2514,2515,2517,2519,2520,2521,2522,2523,2525,2526,2527,2528,2529,2531,2532,2533,2534,2535,2536,2537,2539,2541,2543,2544,2545,2546,2547,2548,2549,2550,2551,2552,2553,2554,2555,2556,2557,2558,2559,2560,2561,2562,2563,2564,2565,2566,2567,2568,2569,2570,2571,2572,2573,2574,2575,2576,2577,2578,2579,2580,2581,2582,2583,2584,2585,2586,2587,2588,2589,2590,2591,2592,2593,2594,2595,2596,2597,2598,2599,2600,2601,2602,2603,2604,2605,2606,2608,2609,2610,2611,2612,2613,2614,2615,2616,2617,2618,2619,2620,2621,2622,2623,2624,2625,2626,2627,2628,2629,2630,2631,2632,2633,2634,2635,2636,2637,2638,2639,2640,2641,2643,2644,2645,2646,2647,2648,2649,2650,2651,2652,2653,2654,2655,2656,2657,2658,2659,2660,2661,2662,2663,2664,2665,2666,2667,2668,2669,2670,2671,2672,2673,2674,2675,2676,2677,2678,2679,2680,2681
2275	2238,2274,2277,2327,2337,2372,2408,2410,2435,2453,2462,2470,2473,2474,2479,2482,2488,2489,2493,2502,2511,2514,2515,2517,2519,2520,2521,2522,2523,2525,2526,2527,2529,2531,2532,2533,2534,2535,2536,2537,2539,2541,2544,2546,2548,2549,2550,2551,2552,2553,2554,2556,2560,2561,2562,2563,2564,2565,2566,2567,2568,2569,2570,2571,2572,2573,2574,2575,2576,2577,2578,2579,2580,2581,2582,2583,2584,2585,2586,2587,2588,2589,2590,2591,2592,2593,2594,2595,2596,2597,2598,2599,2600,2601,2602,2603,2604,2605,2606,2608,2609,2610,2611,2612,2613,2614,2615,2616,2617,2618,2619,2620,2621,2622,2623,2624,2625,2626,2627,2628,2629,2630,2631,2632,2633,2634,2635,2636,2637,2638,2639,2640,2641,2643,2644,2645,2646,2647,2648,2649,2650,2651,2652,2653,2654,2655,2656,2657,2658,2659,2660,2661,2662,2663,2664,2665,2666,2667,2668,2669,2670,2671,2672,2673,2674,2675,2676,2677,2678,2679,2680,2681,2682,2683,2685,2686,2687,2690,2691,2692,2693,2694,2695,2696,2697
2300	2238,2274,2277,2327,2337,2372,2408,2410,2435,2453,2470,2473,2479,2482,2488,2489,2493,2502,2511,2514,2515,2517,2519,2520,2521,2522,2523,2525,2526,2529,2532,2534,2535,2536,2537,2539,2541,2544,2549,2550,2551,2552,2553,2554,2556,2560,2561,2563,2564,2566,2567,2571,2572,2573,2574,2577,2578,2579,2581,2582,2583,2584,2586,2587,2588,2589,2590,2591,2592,2593,2594,2595,2596,2597,2598,2599,2600,2601,2602,2603,2604,2605,2606,2608,2609,2610,2611,2612,2613,2614,2615,2616,2617,2618,2619,2620,2621,2622,2623,2624,2625,2626,2627,2628,2629,2630,2631,2632,2633,2634,2635,2636,2637,2638,2639,2640,2641,2643,2644,2645,2646,2647,2648,2649,2650,2651,2652,2653,2654,2655,2656,2657,2658,2659,2660,2661,2662,2663,2664,2665,2666,2667,2668,2669,2670,2671,2672,2673,2674,2675,2676,2677,2678,2679,2680,2681,2682,2683,2685,2686,2687,2690,2691,2692,2693,2694,2695,2696,2697,2698,2699,2700,2701,2702,2703,2704,2705,2706,2707,2708,2709,2711,2712,2713,2714,2715,2716
2325	2238,2274,2277,2327,2337,2372,2408,2410,2435,2453,2470,2479,2482,2488,2489,2493,2502,2514,2517,2520,2521,2522,2523,2525,2535,2536,2539,2541,2544,2549,2550,2551,2552,2553,2556,2572,2573,2574,2577,2579,2583,2584,2586,2587,2588,2589,2590,2591,2592,2593,2594,2597,2602,2604,2605,2606,2608,2609,2610,2612,2613,2615,2616,2617,2619,2620,2621,2622,2623,2624,2625,2626,2627,2628,2629,2630,2631,2632,2633,2634,2635,2636,2637,2638,2639,2640,2641,2643,2644,2645,2646,2647,2648,2649,2650,2651,2652,2653,2654,2655,2656,2657,2658,2659,2660,2661,2662,2663,2664,2665,2666,2667,2668,2669,2670,2671,2672,2673,2674,2675,2676,2677,2678,2679,2680,2681,2682,2683,2685,2686,2687,2690,2691,2692,2693,2694,2695,2696,2697,2698,2699,2700,2701,2702,2703,2704,2705,2706,2707,2708,2709,2711,2712,2713,2714,2715,2716,2717,2718,2719,2720,2721,2722
2350	2238,2274,2277,2327,2337,2372,2408,2410,2435,2453,2470,2479,2482,2488,2489,2493,2502,2514,2517,2521,2522,2523,2535,2536,2541,2544,2550,2551,2552,2553,2556,2572,2573,2574,2577,2579,2583,2584,2586,2587,2588,2589,2590,2591,2592,2594,2597,2604,2605,2606,2608,2609,2610,2613,2615,2617,2620,2623,2627,2628,2629,2630,2631,2633,2634,2635,2636,2638,2639,2641,2643,2644,2645,2646,2647,2648,2649,2650,2651,2652,2653,2654,2655,2656,2657,2658,2659,2660,2661,2662,2663,2664,2665,2666,2667,2668,2669,2670,2671,2672,2673,2674,2675,2676,2677,2678,2679,2680,2681,2682,2683,2685,2686,2687,2690,2691,2692,2693,2694,2695,2696,2697,2698,2699,2700,2701,2702,2703,2704,2705,2706,2707,2708,2709,2711,2712,2713,2714,2715,2716,2717,2718,2719,2720,2721,2722,2723,2724,2725
2375	2277,2327,2337,2372,2408,2410,2435,2453,2470,2482,2488,2521,2522,2523,2535,2536,2541,2550,2552,2553,2556,2572,2587,2588,2589,2590,2592,2594,2605,2606,2608,2615,2617,2620,2623,2628,2630,2631,2634,2635,2636,2645,2646,2647,2650,2651,2653,2654,2656,2657,2659,2661,2663,2667,2668,2669,2670,2671,2673,2675,2676,2677,2678,2679,2681,2682,2683,2685,2686,2687,2690,2691,2692,2693,2694,2695,2696,2697,2698,2699,2700,2701,2702,2703,2704,2705,2706,2707,2708,2709,2711,2712,2713,2714,2715,2716,2717,2718,2719,2720,2721,2722,2723,2724,2725,2726,2727,2728,2729,2730,2731,2732,2733,2734,2735,2736
2400	2277,2327,2337,2372,2435,2453,2470,2482,2488,2521,2523,2535,2536,2541,2550,2552,2553,2556,2587,2588,2589,2590,2592,2594,2606,2608,2615,2617,2620,2623,2628,2630,2631,2634,2635,2646,2647,2653,2661,2667,2668,2669,2670,2671,2675,2679,2681,2682,2683,2685,2686,2687,2690,2691,2692,2693,2694,2695,2696,2697,2698,2699,2700,2701,2702,2703,2704,2705,2706,2707,2708,2709,2711,2712,2713,2714,2715,2716,2717,2718,2719,2720,2721,2722,2723,2724,2725,2726,2727,2728,2729,2730,2731,2732,2733,2734,2735,2736,2737,2738,2740,2741,2743,2744,2746,2747,2748,2749,2750,2751,2753,2754,2755,2756,2757,2758,2759,2760,2761,2762,2763,2764,2765,2766,2767,2768
2425	2277,2337,2435,2453,2470,2482,2488,2521,2523,2535,2536,2550,2553,2587,2588,2589,2590,2592,2606,2608,2617,2620,2623,2628,2630,2631,2634,2635,2646,2647,2653,2667,2668,2669,2670,2671,2679,2682,2683,2685,2686,2687,2690,2692,2693,2694,2695,2696,2697,2698,2699,2702,2703,2705,2707,2711,2712,2713,2714,2715,2716,2717,2718,2719,2720,2721,2722,2723,2724,2725,2726,2727,2728,2729,2730,2731,2732,2733,2734,2735,2736,2737,2738,2740,2741,2743,2744,2746,2747,2748,2749,2750,2751,2753,2754,2755,2756,2757,2758,2759,2760,2761,2762,2763,2764,2765,2766,2767,2768,2769,2771,2772,2773,2774,2775,2777
2450	2277,2337,2435,2453,2470,2482,2521,2523,2535,2550,2553,2588,2589,2590,2606,2617,2620,2623,2628,2630,2631,2634,2647,2653,2667,2670,2671,2679,2682,2683,2685,2686,2687,2690,2692,2693,2694,2696,2697,2702,2703,2705,2707,2711,2713,2714,2717,2718,2719,2720,2721,2722,2723,2724,2725,2726,2727,2728,2729,2730,2731,2732,2733,2734,2735,2736,2737,2738,2740,2741,2743,2744,2746,2747,2748,2749,2750,2751,2753,2754,2755,2756,2757,2758,2759,2760,2761,2762,2763,2764,2765,2766,2767,2768,2769,2771,2772,2773,2774,2775,2777,2778,2779,2780,2781,2782,2783,2784,2785,2786,2787
2475	2277,2337,2435,2453,2470,2482,2521,2535,2550,2553,2589,2606,2617,2620,2628,2630,2631,2634,2647,2653,2667,2682,2683,2685,2686,2687,2690,2692,2697,2705,2707,2711,2713,2714,2717,2718,2719,2720,2721,2722,2725,2726,2727,2728,2729,2730,2731,2732,2733,2734,2735,2736,2737,2738,2740,2741,2743,2744,2746,2747,2748,2749,2750,2751,2753,2754,2755,2756,2757,2758,2759,2760,2761,2762,2763,2764,2765,2766,2767,2768,2769,2771,2772,2773,2774,2775,2777,2778,2779,2780,2781,2782,2783,2784,2785,2786,2787,2788,2789,2790,2791
2500	2277,2337,2435,2453,2470,2482,2521,2535,2550,2553,2589,2606,2617,2620,2628,2630,2631,2634,2647,2653,2667,2682,2683,2686,2687,2690,2692,2697,2705,2707,2711,2713,2720,2721,2722,2725,2726,2728,2729,2730,2731,2732,2733,2734,2735,2736,2737,2738,2740,2741,2743,2744,2746,2747,2748,2749,2750,2751,2753,2754,2755,2756,2757,2758,2759,2760,2761,2762,2763,2764,2765,2766,2767,2768,2769,2771,2772,2773,2774,2775,2777,2778,2779,2780,2781,2782,2783,2784,2785,2786,2787,2788,2789,2790,2791,2792,2793,2794,2795,2796
2525	2277,2337,2453,2470,2482,2521,2535,2606,2628,2631,2647,2653,2667,2682,2683,2690,2692,2697,2705,2707,2711,2713,2720,2721,2722,2725,2726,2728,2729,2730,2731,2732,2735,2746,2749,2750,2751,2753,2754,2755,2756,2757,2758,2759,2760,2761,2762,2763,2764,2765,2766,2767,2768,2769,2771,2772,2773,2774,2775,2777,2778,2779,2780,2781,2782,2783,2784,2785,2786,2787,2788,2789,2790,2791,2792,2793,2794,2795,2796,2797,2798,2799,2800,2801,2803,2804,2805,2806,2807,2808,2809,2810,2811,2812,2813,2814
2550	2470,2521,2535,2606,2647,2653,2667,2692,2697,2707,2711,2713,2720,2721,2722,2725,2728,2729,2730,2731,2732,2735,2751,2753,2755,2756,2758,2761,2762,2764,2769,2772,2773,2774,2775,2777,2778,2779,2780,2781,2782,2783,2784,2785,2786,2787,2788,2789,2790,2791,2792,2793,2794,2795,2796,2797,2798,2799,2800,2801,2803,2804,2805,2806,2807,2808,2809,2810,2811,2812,2813,2814,2815,2816,2817,2818,2819,2820,2821,2822,2823,2824,2825,2826,2827,2828,2829,2830,2831,2832,2833,2834,2835,2836,2837,2838,2839,2840,2841,2842,2843,2844,2845,2846,2847,2848,2849,2850,2851
2575	2521,2535,2647,2667,2720,2721,2725,2728,2729,2731,2753,2762,2764,2772,2773,2774,2775,2778,2779,2780,2781,2782,2783,2784,2785,2787,2788,2789,2790,2791,2792,2793,2794,2795,2796,2797,2798,2799,2800,2801,2803,2804,2805,2806,2807,2808,2809,2810,2811,2812,2813,2814,2815,2816,2817,2818,2819,2820,2821,2822,2823,2824,2825,2826,2827,2828,2829,2830,2831,2832,2833,2834,2835,2836,2837,2838,2839,2840,2841,2842,2843,2844,2845,2846,2847,2848,2849,2850,2851,2852,2853,2854,2855,2856,2857,2858,2859,2860,2861,2862,2863,2864,2865,2866,2867,2868,2869,2870,2871,2872,2873,2874,2875,2876,2877,2878,2879,2880,2881,2882,2883,2885,2886,2887,2888,2889,2890,2891,2892,2893,2894,2895,2896,2897,2898,2899,2900,2901,2902,2903
2600	2521,2647,2667,2720,2725,2728,2729,2731,2772,2774,2778,2780,2781,2782,2784,2785,2790,2791,2792,2793,2794,2795,2796,2797,2798,2799,2800,2801,2803,2804,2805,2806,2807,2808,2809,2810,2811,2812,2813,2814,2815,2816,2817,2818,2819,2820,2821,2822,2823,2824,2825,2826,2827,2828,2829,2830,2831,2832,2833,2834,2835,2836,2837,2838,2839,2840,2841,2842,2843,2844,2845,2846,2847,2848,2849,2850,2851,2852,2853,2854,2855,2856,2857,2858,2859,2860,2861,2862,2863,2864,2865,2866,2867,2868,2869,2870,2871,2872,2873,2874,2875,2876,2877,2878,2879,2880,2881,2882,2883,2885,2886,2887,2888,2889,2890,2891,2892,2893,2894,2895,2896,2897,2898,2899,2900,2901,2902,2903,2904,2905,2906,2907,2908,2909,2910,2911,2912,2913,2914,2915,2916,2917,2918,2919,2920,2921,2922,2923,2924,2925,2926,2927,2928,2929
2625	2720,2725,2728,2731,2778,2782,2785,2794,2795,2796,2797,2798,2799,2800,2801,2803,2804,2805,2806,2807,2808,2809,2810,2811,2812,2813,2814,2815,2816,2817,2818,2819,2820,2821,2822,2823,2824,2825,2826,2827,2828,2829,2830,2831,2832,2833,2834,2835,2836,2837,2838,2839,2840,2841,2842,2843,2844,2845,2846,2847,2848,2849,2850,2851,2852,2853,2854,2855,2856,2857,2858,2859,2860,2861,2862,2863,2864,2865,2866,2867,2868,2869,2870,2871,2872,2873,2874,2875,2876,2877,2878,2879,2880,2881,2882,2883,2885,2886,2887,2888,2889,2890,2891,2892,2893,2894,2895,2896,2897,2898,2899,2900,2901,2902,2903,2904,2905,2906,2907,2908,2909,2910,2911,2912,2913,2914,2915,2916,2917,2918,2919,2920,2921,2922,2923,2924,2925,2926,2927,2928,2929,2930,2931,2932,2933,2934,2935,2937,2938,2939,2941,2942,2943,2944,2945,2946,2947,2948,2949,2951,2952,2953,2954,2955,2956,2957,2958,2959,2960,2961,2962,2963,2964,2965,2966,2967,2968,2969,2970,2971,2972,2973,2974,2975,2977
2650	2731,2785,2799,2800,2801,2803,2804,2805,2806,2807,2808,2809,2810,2811,2812,2813,2814,2815,2816,2817,2818,2819,2820,2821,2822,2823,2824,2825,2826,2827,2828,2829,2830,2831,2832,2833,2834,2835,2836,2837,2838,2839,2840,2841,2842,2843,2844,2845,2846,2847,2848,2849,2850,2851,2852,2853,2854,2855,2856,2857,2858,2859,2860,2861,2862,2863,2864,2865,2866,2867,2868,2869,2870,2871,2872,2873,2874,2875,2876,2877,2878,2879,2880,2881,2882,2883,2885,2886,2887,2888,2889,2890,2891,2892,2893,2894,2895,2896,2897,2898,2899,2900,2901,2902,2903,2904,2905,2906,2907,2908,2909,2910,2911,2912,2913,2914,2915,2916,2917,2918,2919,2920,2921,2922,2923,2924,2925,2926,2927,2928,2929,2930,2931,2932,2933,2934,2935,2937,2938,2939,2941,2942,2943,2944,2945,2946,2947,2948,2949,2951,2952,2953,2954,2955,2956,2957,2958,2959,2960,2961,2962,2963,2964,2965,2966,2967,2968,2969,2970,2971,2972,2973,2974,2975,2977,2978,2979,2980,2981,2982
2675	2799,2800,2801,2803,2804,2805,2806,2807,2808,2809,2810,2811,2812,2813,2814,2815,2816,2817,2818,2819,2820,2821,2822,2823,2824,2825,2826,2827,2829,2830,2832,2833,2834,2835,2836,2837,2838,2839,2840,2841,2842,2843,2844,2845,2846,2847,2848,2849,2850,2851,2852,2853,2854,2855,2856,2857,2858,2859,2860,2861,2862,2863,2864,2865,2866,2867,2868,2869,2870,2871,2872,2873,2874,2875,2876,2877,2878,2879,2880,2881,2882,2883,2885,2886,2887,2888,2889,2890,2891,2892,2893,2894,2895,2896,2897,2898,2899,2900,2901,2902,2903,2904,2905,2906,2907,2908,2909,2910,2911,2912,2913,2914,2915,2916,2917,2918,2919,2920,2921,2922,2923,2924,2925,2926,2927,2928,2929,2930,2931,2932,2933,2934,2935,2937,2938,2939,2941,2942,2943,2944,2945,2946,2947,2948,2949,2951,2952,2953,2954,2955,2956,2957,2958,2959,2960,2961,2962,2963,2964,2965,2966,2967,2968,2969,2970,2971,2972,2973,2974,2975,2977,2978,2979,2980,2981,2982,2983,2984,2985,2986,2987,2988,2989,2990,2992,2993,2994,2995,2996,2998,2999
2700	2799,2800,2801,2803,2804,2805,2806,2807,2808,2809,2810,2811,2812,2813,2814,2815,2816,2817,2818,2819,2820,2821,2822,2823,2824,2825,2826,2827,2829,2830,2832,2833,2834,2835,2836,2837,2838,2839,2840,2841,2842,2843,2844,2845,2846,2847,2848,2849,2850,2852,2853,2854,2855,2856,2857,2858,2860,2861,2862,2863,2864,2865,2866,2867,2868,2870,2871,2872,2873,2874,2875,2876,2878,2879,2880,2881,2882,2883,2885,2886,2887,2888,2889,2890,2891,2892,2893,2894,2895,2896,2897,2898,2899,2900,2901,2902,2903,2904,2905,2906,2907,2908,2909,2910,2911,2912,2913,2914,2915,2916,2917,2918,2919,2920,2921,2922,2923,2924,2925,2926,2927,2928,2929,2930,2931,2932,2933,2934,2935,2937,2938,2939,2941,2942,2943,2944,2945,2946,2947,2948,2949,2951,2952,2953,2954,2955,2956,2957,2958,2959,2960,2961,2962,2963,2964,2965,2966,2967,2968,2969,2970,2971,2972,2973,2974,2975,2977,2978,2979,2980,2981,2982,2983,2984,2985,2986,2987,2988,2989,2990,2992,2993,2994,2995,2996,2998,2999,3000,3001,3002,3003,3004,3005,3006,3007,3008,3009,3010,3011,3012,3013,3014,3015,3016,3017,3018,3019,3021,3022,3023,3024,3025,3026,3027,3028,3029,3030,3031,3032,3033,3034,3035,3036,3037,3038
2725	2799,2800,2801,2803,2804,2805,2806,2807,2808,2809,2810,2811,2812,2813,2814,2815,2816,2817,2818,2819,2820,2821,2822,2823,2824,2825,2827,2829,2830,2832,2833,2834,2835,2837,2838,2839,2840,2841,2842,2843,2844,2845,2847,2848,2849,2850,2852,2853,2854,2855,2856,2857,2858,2860,2861,2863,2865,2866,2867,2868,2870,2871,2872,2874,2875,2876,2878,2879,2880,2881,2882,2883,2885,2886,2887,2888,2889,2891,2892,2894,2895,2897,2898,2900,2901,2902,2903,2904,2905,2906,2907,2909,2910,2911,2912,2913,2914,2915,2916,2917,2918,2919,2920,2921,2922,2923,2924,2925,2926,2927,2928,2929,2930,2931,2932,2933,2934,2935,2937,2938,2939,2941,2942,2943,2944,2945,2946,2947,2948,2949,2951,2952,2953,2954,2955,2956,2957,2958,2959,2960,2961,2962,2963,2964,2965,2966,2967,2968,2969,2970,2971,2972,2973,2974,2975,2977,2978,2979,2980,2981,2982,2983,2984,2985,2986,2987,2988,2989,2990,2992,2993,2994,2995,2996,2998,2999,3000,3001,3002,3003,3004,3005,3006,3007,3008,3009,3010,3011,3012,3013,3014,3015,3016,3017,3018,3019,3021,3022,3023,3024,3025,3026,3027,3028,3029,3030,3031,3032,3033,3034,3035,3036,3037,3038,3039,3040,3041,3042,3043,3044,3045,3046,3047,3048,3049,3050,3051,3052,3054,3055,3056,3057,3058,3059,3060,3061,3062,3063,3064,3065,3066,3067,3068,3069,3070,3071,3072,3073,3074,3075,3076,3077,3078,3079
2750	2799,2800,2801,2803,2804,2805,2806,2807,2808,2809,2810,2811,2812,2813,2814,2815,2816,2818,2820,2821,2822,2823,2825,2827,2829,2830,2832,2833,2835,2837,2839,2841,2844,2845,2847,2848,2849,2850,2852,2854,2855,2856,2857,2858,2860,2861,2863,2865,2866,2867,2868,2870,2871,2872,2874,2876,2879,2880,2881,2882,2883,2885,2886,2887,2888,2891,2892,2894,2895,2897,2898,2900,2901,2902,2903,2904,2905,2906,2907,2909,2910,2911,2912,2913,2914,2915,2916,2917,2918,2919,2920,2921,2922,2923,2924,2925,2926,2927,2928,2929,2930,2932,2933,2934,2937,2938,2939,2941,2942,2944,2945,2946,2947,2948,2949,2951,2953,2954,2955,2956,2957,2958,2959,2960,2961,2962,2963,2964,2965,2966,2967,2968,2969,2970,2971,2972,2973,2974,2975,2977,2978,2979,2980,2981,2982,2983,2984,2985,2986,2987,2988,2989,2990,2992,2993,2994,2995,2996,2998,2999,3000,3001,3002,3003,3004,3005,3006,3007,3008,3009,3010,3011,3012,3013,3014,3015,3016,3017,3018,3019,3021,3022,3023,3024,3025,3026,3027,3028,3029,3030,3031,3032,3033,3034,3035,3036,3037,3038,3039,3040,3041,3042,3043,3044,3045,3046,3047,3048,3049,3050,3051,3052,3054,3055,3056,3057,3058,3059,3060,3061,3062,3063,3064,3065,3066,3067,3068,3069,3070,3071,3072,3073,3074,3075,3076,3077,3078,3079,3081,3082,3083,3084,3085,3086,3087,3088,3089,3090,3091,3092,3093,3094,3095,3096,3097,3099,3100,3101,3102,3103,3104,3105
2775	2799,2800,2801,2803,2804,2805,2806,2807,2808,2810,2811,2812,2813,2814,2815,2816,2818,2820,2822,2823,2827,2829,2830,2832,2833,2835,2837,2839,2844,2848,2849,2850,2852,2854,2855,2856,2857,2858,2861,2863,2865,2866,2867,2868,2872,2874,2876,2879,2880,2883,2885,2887,2888,2891,2892,2894,2895,2897,2898,2901,2902,2903,2904,2905,2906,2907,2910,2911,2913,2914,2915,2916,2917,2918,2919,2920,2922,2923,2924,2925,2926,2927,2928,2929,2930,2932,2933,2934,2937,2939,2941,2942,2945,2946,2947,2949,2953,2954,2955,2958,2959,2960,2962,2963,2965,2966,2967,2968,2969,2970,2971,2972,2973,2974,2975,2977,2979,2980,2981,2982,2983,2984,2985,2986,2987,2988,2989,2990,2992,2993,2994,2995,2996,2998,2999,3000,3001,3002,3003,3004,3005,3006,3007,3008,3009,3010,3011,3012,3013,3014,3015,3016,3017,3018,3019,3021,3022,3023,3024,3025,3026,3027,3028,3029,3030,3031,3032,3033,3034,3035,3036,3037,3038,3039,3040,3041,3042,3043,3044,3045,3046,3047,3048,3049,3050,3051,3052,3054,3055,3056,3057,3058,3059,3060,3061,3062,3063,3064,3065,3066,3067,3068,3069,3070,3071,3072,3073,3074,3075,3076,3077,3078,3079,3081,3082,3083,3084,3085,3086,3087,3088,3089,3090,3091,3092,3093,3094,3095,3096,3097,3099,3100,3101,3102,3103,3104,3105,3106,3107,3108,3109,3110,3111,3112,3113,3115,3116,3117,3118,3119,3120,3121,3122,3123,3124,3125,3126,3127,3129,3130,3131,3132,3133,3134,3135,3136,3137,3138,3139,3140
2800	2799,2801,2803,2804,2805,2806,2808,2810,2811,2812,2813,2814,2815,2818,2820,2822,2823,2827,2832,2833,2837,2839,2848,2850,2852,2854,2855,2856,2857,2858,2861,2863,2865,2866,2867,2868,2872,2874,2876,2879,2880,2885,2887,2888,2891,2894,2897,2901,2903,2904,2906,2907,2911,2913,2914,2915,2916,2917,2918,2919,2920,2922,2923,2924,2925,2926,2927,2929,2930,2932,2933,2934,2937,2939,2941,2949,2953,2954,2955,2958,2960,2963,2966,2967,2968,2969,2970,2973,2974,2975,2977,2979,2980,2981,2983,2984,2985,2986,2987,2988,2989,2990,2993,2995,2996,2998,2999,3000,3001,3002,3003,3004,3005,3006,3007,3008,3009,3010,3011,3012,3013,3014,3015,3016,3017,3018,3019,3021,3022,3023,3024,3025,3026,3027,3028,3029,3030,3031,3032,3033,3034,3035,3036,3037,3038,3039,3040,3041,3042,3043,3044,3045,3046,3047,3048,3049,3050,3051,3052,3054,3055,3056,3057,3058,3059,3060,3061,3062,3063,3064,3065,3066,3067,3068,3069,3070,3071,3072,3073,3074,3075,3076,3077,3078,3079,3081,3082,3083,3084,3085,3086,3087,3088,3089,3090,3091,3092,3093,3094,3095,3096,3097,3099,3100,3101,3102,3103,3104,3105,3106,3107,3108,3109,3110,3111,3112,3113,3115,3116,3117,3118,3119,3120,3121,3122,3123,3124,3125,3126,3127,3129,3130,3131,3132,3133,3134,3135,3136,3137,3138,3139,3140,3141,3142,3143,3144,3145,3146,3147,3148,3150,3151,3152,3153,3154,3155,3156,3157,3158,3159,3160,3161,3162,3163,3164,3165,3166,3167,3168,3169,3170,3171,3172,3173,3174,3175,3176,3177,3178,3179,3180,3181,3182,3183,3184,3185,3186,3187,3188,3189,3190,3191,3192,3193,3194,3195,3196,3197,3198,3199,3200,3201,3202
2825	2799,2801,2803,2805,2806,2808,2810,2811,2812,2813,2815,2818,2820,2822,2823,2827,2832,2833,2839,2848,2850,2852,2854,2855,2856,2857,2858,2861,2865,2866,2867,2868,2872,2874,2876,2880,2885,2887,2891,2894,2897,2901,2903,2904,2906,2907,2911,2913,2916,2918,2919,2920,2922,2925,2926,2927,2929,2930,2932,2933,2934,2937,2941,2953,2954,2955,2958,2960,2966,2968,2969,2970,2973,2974,2975,2977,2979,2980,2981,2983,2984,2985,2987,2988,2989,2990,2993,2995,2996,2998,2999,3000,3001,3002,3003,3005,3006,3007,3008,3009,3010,3012,3013,3014,3015,3016,3017,3019,3021,3022,3023,3024,3025,3026,3027,3028,3029,3030,3031,3032,3033,3034,3035,3036,3037,3038,3039,3040,3041,3042,3043,3044,3045,3046,3047,3048,3049,3050,3051,3052,3054,3055,3056,3057,3058,3059,3060,3061,3062,3063,3064,3065,3066,3067,3068,3069,3070,3071,3072,3073,3074,3075,3076,3077,3078,3079,3081,3082,3083,3084,3085,3086,3087,3088,3089,3090,3091,3092,3093,3094,3095,3096,3097,3099,3100,3101,3102,3103,3104,3105,3106,3107,3108,3109,3110,3111,3112,3113,3115,3116,3117,3118,3119,3120,3121,3122,3123,3124,3125,3126,3127,3129,3130,3131,3132,3133,3134,3135,3136,3137,3138,3139,3140,3141,3142,3143,3144,3145,3146,3147,3148,3150,3151,3152,3153,3154,3155,3156,3157,3158,3159,3160,3161,3162,3163,3164,3165,3166,3167,3168,3169,3170,3171,3172,3173,3174,3175,3176,3177,3178,3179,3180,3181,3182,3183,3184,3185,3186,3187,3188,3189,3190,3191,3192,3193,3194,3195,3196,3197,3198,3199,3200,3201,3202,3203,3204,3205,3206,3207,3208,3209,3210,3211,3212,3213,3214,3215,3216,3217,3218,3219,3220,3221,3222,3224,3225,3226,3227,3228,3229,3230,3232,3234,3235,3236,3237,3238,3239,3240,3241,3242,3243,3244,3245,3246,3247,3248,3249,3250,3251,3252,3253,3254
2850	2799,2801,2803,2805,2806,2808,2810,2811,2815,2818,2820,2822,2823,2827,2832,2833,2839,2848,2850,2852,2854,2856,2857,2858,2861,2868,2872,2874,2876,2880,2885,2887,2891,2894,2897,2901,2904,2906,2907,2911,2913,2916,2920,2922,2925,2926,2927,2930,2932,2933,2934,2937,2953,2954,2955,2958,2960,2966,2969,2970,2973,2974,2975,2979,2980,2983,2984,2985,2987,2988,2989,2990,2993,2995,2998,3000,3001,3002,3003,3005,3006,3007,3009,3010,3012,3013,3014,3015,3016,3017,3019,3021,3022,3025,3026,3027,3028,3029,3030,3031,3033,3034,3035,3036,3037,3038,3039,3040,3041,3042,3043,3044,3045,3047,3048,3049,3050,3051,3052,3054,3055,3057,3058,3059,3060,3061,3062,3063,3064,3065,3066,3067,3068,3069,3070,3071,3072,3073,3074,3075,3076,3077,3078,3079,3081,3082,3083,3084,3085,3086,3087,3088,3089,3090,3091,3092,3093,3094,3095,3096,3097,3099,3100,3101,3102,3103,3104,3105,3106,3107,3108,3109,3110,3111,3112,3113,3115,3116,3117,3118,3119,3120,3121,3122,3123,3124,3125,3126,3127,3129,3130,3131,3132,3133,3134,3135,3136,3137,3138,3139,3140,3141,3142,3143,3144,3145,3146,3147,3148,3150,3151,3152,3153,3154,3155,3156,3157,3158,3159,3160,3161,3162,3163,3164,3165,3166,3167,3168,3169,3170,3171,3172,3173,3174,3175,3176,3177,3178,3179,3180,3181,3182,3183,3184,3185,3186,3187,3188,3189,3190,3191,3192,3193,3194,3195,3196,3197,3198,3199,3200,3201,3202,3203,3204,3205,3206,3207,3208,3209,3210,3211,3212,3213,3214,3215,3216,3217,3218,3219,3220,3221,3222,3224,3225,3226,3227,3228,3229,3230,3232,3234,3235,3236,3237,3238,3239,3240,3241,3242,3243,3244,3245,3246,3247,3248,3249,3250,3251,3252,3253,3254,3256,3257,3258,3259,3260,3261,3262,3263,3264,3265
2875	2799,2801,2803,2805,2806,2808,2810,2811,2818,2820,2822,2823,2827,2832,2833,2839,2848,2850,2852,2854,2856,2857,2858,2861,2868,2872,2874,2880,2885,2887,2891,2894,2897,2901,2904,2906,2911,2913,2916,2920,2925,2927,2930,2932,2933,2934,2937,2953,2954,2955,2958,2960,2966,2969,2970,2973,2974,2975,2979,2980,2983,2984,2987,2988,2989,2990,2993,2995,2998,3001,3002,3003,3005,3006,3007,3010,3013,3014,3015,3016,3017,3019,3021,3025,3026,3027,3028,3029,3031,3033,3034,3035,3036,3037,3038,3039,3040,3041,3042,3043,3045,3047,3048,3049,3051,3054,3055,3057,3060,3061,3062,3063,3064,3065,3066,3067,3070,3071,3072,3073,3074,3076,3077,3078,3079,3081,3082,3084,3085,3086,3087,3089,3090,3091,3093,3094,3095,3096,3097,3099,3100,3101,3102,3103,3104,3105,3106,3107,3108,3109,3110,3111,3112,3113,3115,3116,3117,3118,3119,3120,3121,3122,3123,3124,3125,3126,3127,3129,3130,3131,3132,3133,3134,3135,3136,3137,3138,3139,3140,3141,3142,3143,3144,3145,3146,3147,3148,3150,3151,3152,3153,3154,3155,3156,3157,3158,3159,3160,3161,3162,3163,3164,3165,3166,3167,3168,3169,3170,3171,3172,3173,3174,3175,3176,3177,3178,3179,3180,3181,3182,3183,3184,3185,3186,3187,3188,3189,3190,3191,3192,3193,3194,3195,3196,3197,3198,3199,3200,3201,3202,3203,3204,3205,3206,3207,3208,3209,3210,3211,3212,3213,3214,3215,3216,3217,3218,3219,3220,3221,3222,3224,3225,3226,3227,3228,3229,3230,3232,3234,3235,3236,3237,3238,3239,3240,3241,3242,3243,3244,3245,3246,3247,3248,3249,3250,3251,3252,3253,3254,3256,3257,3258,3259,3260,3261,3262,3263,3264,3265,3267,3268,3269,3270,3271,3272,3273,3274,3275,3276,3277,3278,3279,3280,3281,3282,3283,3284,3285,3286,3287,3288,3289,3290,3291,3292,3293,3294,3295,3296,3297,3298,3299,3300,3301,3302,3303,3304,3305,3306,3307,3308
2900	2799,2801,2805,2806,2808,2810,2811,2818,2820,2822,2823,2827,2832,2839,2848,2852,2856,2857,2861,2868,2872,2874,2880,2885,2887,2891,2894,2897,2901,2904,2906,2911,2913,2916,2920,2925,2927,2932,2933,2934,2937,2953,2954,2955,2958,2960,2966,2969,2970,2973,2974,2975,2979,2980,2983,2984,2987,2988,2989,2990,2993,2995,2998,3001,3002,3003,3010,3014,3015,3016,3017,3019,3021,3025,3027,3028,3029,3033,3034,3036,3037,3040,3041,3042,3043,3045,3048,3049,3051,3055,3057,3060,3062,3063,3064,3065,3067,3070,3071,3072,3074,3076,3077,3078,3079,3081,3082,3084,3085,3087,3090,3091,3093,3094,3095,3096,3097,3099,3102,3103,3104,3105,3106,3107,3109,3111,3112,3113,3115,3116,3117,3118,3119,3120,3121,3122,3123,3124,3125,3126,3127,3129,3130,3131,3132,3133,3134,3135,3136,3137,3138,3139,3140,3141,3142,3143,3144,3145,3146,3147,3148,3150,3151,3152,3153,3154,3155,3156,3157,3158,3159,3160,3161,3162,3163,3164,3165,3166,3167,3168,3169,3170,3171,3172,3173,3174,3175,3176,3177,3178,3179,3180,3181,3182,3183,3184,3185,3186,3187,3188,3189,3190,3191,3192,3193,3194,3195,3196,3197,3198,3199,3200,3201,3202,3203,3204,3205,3206,3207,3208,3209,3210,3211,3212,3213,3214,3215,3216,3217,3218,3219,3220,3221,3222,3224,3225,3226,3227,3228,3229,3230,3232,3234,3235,3236,3237,3238,3239,3240,3241,3242,3243,3244,3245,3246,3247,3248,3249,3250,3251,3252,3253,3254,3256,3257,3258,3259,3260,3261,3262,3263,3264,3265,3267,3268,3269,3270,3271,3272,3273,3274,3275,3276,3277,3278,3279,3280,3281,3282,3283,3284,3285,3286,3287,3288,3289,3290,3291,3292,3293,3294,3295,3296,3297,3298,3299,3300,3301,3302,3303,3304,3305,3306,3307,3308,3309,3310,3311,3312,3313,3314,3315,3316,3317,3318,3319,3320,3321,3322,3323,3324,3325,3326
2925	2799,2801,2818,2822,2827,2832,2839,2848,2852,2856,2857,2868,2874,2880,2885,2887,2891,2894,2897,2901,2911,2916,2920,2932,2933,2937,2953,2954,2955,2960,2966,2969,2970,2973,2974,2975,2979,2980,2983,2984,2988,2989,2990,2993,3001,3002,3003,3014,3015,3016,3017,3019,3021,3025,3027,3028,3029,3034,3036,3037,3041,3042,3043,3045,3049,3051,3055,3057,3060,3062,3067,3070,3072,3074,3077,3078,3079,3082,3084,3085,3090,3093,3094,3095,3096,3097,3099,3102,3103,3104,3105,3106,3107,3109,3111,3112,3113,3115,3116,3118,3119,3121,3122,3124,3125,3126,3127,3129,3130,3131,3134,3135,3136,3137,3138,3139,3140,3141,3142,3143,3144,3145,3146,3147,3150,3151,3152,3153,3154,3156,3157,3159,3160,3161,3164,3165,3166,3167,3168,3169,3171,3172,3173,3174,3175,3176,3177,3178,3179,3180,3181,3182,3183,3184,3185,3186,3187,3188,3189,3190,3191,3192,3193,3194,3195,3196,3197,3198,3199,3200,3201,3202,3203,3204,3205,3206,3207,3208,3209,3210,3211,3212,3213,3214,3215,3216,3217,3218,3219,3220,3221,3222,3224,3225,3226,3227,3228,3229,3230,3232,3234,3235,3236,3237,3238,3239,3240,3241,3242,3243,3244,3245,3246,3247,3248,3249,3250,3251,3252,3253,3254,3256,3257,3258,3259,3260,3261,3262,3263,3264,3265,3267,3268,3269,3270,3271,3272,3273,3274,3275,3276,3277,3278,3279,3280,3281,3282,3283,3284,3285,3286,3287,3288,3289,3290,3291,3292,3293,3294,3295,3296,3297,3298,3299,3300,3301,3302,3303,3304,3305,3306,3307,3308,3309,3310,3311,3312,3313,3314,3315,3316,3317,3318,3319,3320,3321,3322,3323,3324,3325,3326,3327,3328,3329,3330,3331,3332,3333,3334,3335,3336,3337,3338,3339,3340,3341,3342,3343,3344,3345,3346,3347,3348,3349,3350,3351,3352,3354,3355,3356,3357,3358,3359,3360,3361,3362,3363,3364,3365,3366,3367,3368,3369,3370,3371,3372,3373
2950	2799,2801,2827,2832,2839,2848,2852,2856,2868,2874,2880,2885,2891,2894,2897,2901,2911,2920,2932,2933,2937,2953,2954,2955,2960,2966,2969,2970,2974,2975,2979,2983,2984,2988,2989,2990,2993,3001,3002,3003,3014,3015,3016,3017,3021,3025,3028,3029,3034,3036,3037,3041,3043,3045,3049,3051,3055,3057,3060,3067,3072,3074,3077,3082,3084,3085,3090,3093,3095,3096,3097,3102,3104,3105,3107,3109,3111,3112,3113,3116,3121,3124,3125,3127,3129,3131,3134,3137,3138,3139,3140,3141,3142,3143,3144,3145,3146,3147,3150,3151,3152,3153,3154,3159,3161,3166,3167,3168,3169,3171,3172,3173,3174,3175,3176,3177,3178,3179,3181,3182,3183,3185,3186,3187,3190,3191,3192,3193,3194,3195,3196,3198,3199,3201,3203,3206,3207,3208,3210,3211,3212,3214,3217,3219,3220,3221,3224,3225,3226,3227,3228,3229,3234,3235,3236,3237,3238,3239,3240,3243,3244,3245,3246,3247,3249,3250,3251,3252,3253,3254,3256,3257,3258,3259,3260,3261,3262,3263,3264,3265,3267,3268,3269,3270,3271,3272,3273,3274,3275,3276,3277,3278,3279,3280,3281,3282,3283,3284,3285,3286,3287,3288,3289,3290,3291,3292,3293,3294,3295,3296,3297,3298,3299,3300,3301,3302,3303,3304,3305,3306,3307,3308,3309,3310,3311,3312,3313,3314,3315,3316,3317,3318,3319,3320,3321,3322,3323,3324,3325,3326,3327,3328,3329,3330,3331,3332,3333,3334,3335,3336,3337,3338,3339,3340,3341,3342,3343,3344,3345,3346,3347,3348,3349,3350,3351,3352,3354,3355,3356,3357,3358,3359,3360,3361,3362,3363,3364,3365,3366,3367,3368,3369,3370,3371,3372,3373,3374,3375,3376,3377,3379,3380,3381,3382,3383,3384,3385,3386,3387,3388,3389,3390,3391,3392,3393,3394,3395,3396,3397,3398,3399,3400,3401,3402,3403,3404,3405,3406,3407,3408,3409,3410,3411,3412,3413,3414,3415
2975	2799,2801,2827,2832,2839,2848,2852,2856,2868,2874,2880,2885,2891,2894,2897,2901,2911,2920,2932,2933,2937,2953,2954,2955,2960,2966,2969,2970,2974,2975,2979,2983,2984,2988,2989,2990,3001,3002,3014,3015,3016,3017,3021,3025,3028,3029,3034,3036,3037,3041,3043,3045,3049,3051,3055,3057,3060,3072,3074,3077,3082,3084,3085,3090,3093,3095,3096,3097,3104,3107,3111,3112,3116,3121,3124,3125,3127,3131,3134,3137,3138,3139,3140,3141,3142,3143,3144,3145,3147,3150,3151,3152,3153,3154,3159,3161,3166,3167,3169,3171,3172,3173,3174,3176,3178,3179,3181,3182,3183,3185,3186,3187,3190,3191,3192,3193,3194,3195,3196,3198,3199,3201,3203,3206,3208,3211,3212,3214,3217,3220,3221,3224,3225,3227,3228,3229,3234,3236,3238,3239,3240,3244,3245,3246,3247,3250,3251,3252,3253,3254,3256,3257,3258,3259,3260,3261,3262,3263,3264,3265,3267,3268,3269,3270,3271,3272,3273,3274,3275,3276,3277,3278,3279,3280,3281,3282,3283,3284,3285,3286,3287,3288,3289,3290,3291,3292,3293,3294,3295,3296,3297,3298,3299,3300,3301,3302,3303,3304,3305,3306,3307,3308,3309,3310,3311,3312,3313,3314,3315,3316,3317,3318,3319,3320,3321,3322,3323,3324,3325,3326,3327,3328,3329,3330,3331,3332,3333,3334,3335,3336,3337,3338,3339,3340,3341,3342,3343,3344,3345,3346,3347,3348,3349,3350,3351,3352,3354,3355,3356,3357,3358,3359,3360,3361,3362,3363,3364,3365,3366,3367,3368,3369,3370,3371,3372,3373,3374,3375,3376,3377,3379,3380,3381,3382,3383,3384,3385,3386,3387,3388,3389,3390,3391,3392,3393,3394,3395,3396,3397,3398,3399,3400,3401,3402,3403,3404,3405,3406,3407,3408,3409,3410,3411,3412,3413,3414,3415,3416,3417,3418,3419,3420,3421,3422,3423,3424,3425,3426,3427,3428,3429
3000	2799,2801,2827,2832,2839,2848,2852,2856,2868,2874,2880,2885,2891,2894,2897,2901,2911,2920,2932,2937,2953,2954,2955,2960,2966,2970,2974,2975,2979,2983,2984,2988,2989,2990,3001,3002,3014,3015,3016,3017,3021,3028,3029,3034,3036,3037,3041,3043,3045,3049,3051,3055,3057,3060,3072,3074,3077,3090,3095,3096,3097,3104,3112,3116,3121,3124,3125,3127,3134,3137,3138,3139,3141,3142,3143,3144,3145,3151,3152,3153,3154,3159,3161,3167,3174,3176,3178,3179,3182,3183,3185,3186,3190,3191,3192,3193,3194,3195,3196,3198,3199,3201,3203,3208,3211,3212,3220,3221,3224,3225,3227,3228,3234,3238,3239,3240,3244,3245,3246,3247,3252,3254,3256,3257,3258,3261,3262,3263,3264,3265,3268,3269,3270,3271,3272,3273,3274,3275,3276,3277,3279,3280,3281,3282,3283,3284,3285,3286,3287,3288,3289,3290,3291,3292,3293,3294,3295,3296,3297,3298,3299,3300,3301,3302,3303,3304,3305,3306,3307,3308,3309,3310,3311,3312,3313,3314,3315,3316,3317,3318,3319,3320,3321,3322,3323,3324,3325,3326,3327,3328,3329,3330,3331,3332,3333,3334,3335,3336,3337,3338,3339,3340,3341,3342,3343,3344,3345,3346,3347,3348,3349,3350,3351,3352,3354,3355,3356,3357,3358,3359,3360,3361,3362,3363,3364,3365,3366,3367,3368,3369,3370,3371,3372,3373,3374,3375,3376,3377,3379,3380,3381,3382,3383,3384,3385,3386,3387,3388,3389,3390,3391,3392,3393,3394,3395,3396,3397,3398,3399,3400,3401,3402,3403,3404,3405,3406,3407,3408,3409,3410,3411,3412,3413,3414,3415,3416,3417,3418,3419,3420,3421,3422,3423,3424,3425,3426,3427,3428,3429,3430,3431,3432,3433,3434,3435,3436,3437,3438,3439,3440,3441,3442,3443
3025	2801,2832,2839,2848,2852,2856,2868,2874,2880,2885,2891,2894,2897,2911,2920,2932,2937,2953,2955,2966,2970,2974,2975,2979,2983,2988,3002,3015,3016,3017,3021,3029,3034,3036,3037,3041,3045,3049,3060,3072,3074,3090,3095,3096,3104,3112,3124,3125,3127,3134,3137,3138,3139,3141,3142,3143,3145,3151,3152,3154,3161,3167,3174,3176,3182,3183,3185,3186,3191,3193,3194,3195,3196,3198,3199,3201,3203,3208,3220,3221,3234,3238,3239,3244,3245,3246,3247,3252,3262,3263,3265,3268,3269,3270,3271,3272,3273,3276,3277,3279,3280,3281,3282,3283,3284,3285,3286,3288,3289,3291,3293,3294,3295,3296,3299,3300,3301,3302,3303,3304,3305,3307,3309,3311,3312,3313,3314,3315,3316,3317,3318,3319,3320,3322,3323,3324,3325,3326,3327,3328,3329,3330,3331,3332,3333,3334,3335,3336,3337,3338,3339,3340,3341,3342,3343,3344,3345,3346,3347,3348,3349,3350,3351,3352,3354,3355,3356,3357,3358,3359,3360,3361,3362,3363,3364,3365,3366,3367,3368,3369,3370,3371,3372,3373,3374,3375,3376,3377,3379,3380,3381,3382,3383,3384,3385,3386,3387,3388,3389,3390,3391,3392,3393,3394,3395,3396,3397,3398,3399,3400,3401,3402,3403,3404,3405,3406,3407,3408,3409,3410,3411,3412,3413,3414,3415,3416,3417,3418,3419,3420,3421,3422,3423,3424,3425,3426,3427,3428,3429,3430,3431,3432,3433,3434,3435,3436,3437,3438,3439,3440,3441,3442,3443,3444,3445,3446,3448,3449,3450,3451,3452,3453,3455,3456,3457,3458,3459,3460,3461,3462,3463,3464,3465,3466,3467,3468,3469,3470,3471,3472,3473,3474,3475,3476,3477,3478,3479,3481
3050	2801,2832,2848,2852,2856,2868,2880,2885,2894,2897,2920,2937,2953,2955,2966,2970,2974,2975,2979,2983,2988,3002,3015,3016,3017,3021,3029,3034,3036,3037,3041,3045,3049,3074,3090,3095,3096,3104,3112,3125,3127,3137,3138,3141,3142,3143,3145,3151,3152,3154,3167,3174,3183,3185,3186,3191,3193,3194,3195,3196,3198,3199,3201,3208,3220,3221,3234,3238,3239,3244,3245,3246,3252,3262,3263,3265,3268,3269,3270,3271,3272,3273,3277,3279,3281,3284,3285,3288,3289,3291,3293,3294,3295,3296,3301,3302,3303,3304,3305,3307,3309,3311,3312,3313,3314,3315,3317,3319,3320,3324,3325,3326,3328,3329,3330,3331,3332,3334,3336,3337,3340,3341,3343,3344,3345,3346,3347,3348,3349,3350,3351,3352,3354,3355,3356,3357,3358,3359,3360,3361,3362,3363,3364,3365,3366,3367,3368,3369,3370,3371,3372,3373,3374,3375,3376,3377,3379,3380,3381,3382,3383,3384,3385,3386,3387,3388,3389,3390,3391,3392,3393,3394,3395,3396,3397,3398,3399,3400,3401,3402,3403,3404,3405,3406,3407,3408,3409,3410,3411,3412,3413,3414,3415,3416,3417,3418,3419,3420,3421,3422,3423,3424,3425,3426,3427,3428,3429,3430,3431,3432,3433,3434,3435,3436,3437,3438,3439,3440,3441,3442,3443,3444,3445,3446,3448,3449,3450,3451,3452,3453,3455,3456,3457,3458,3459,3460,3461,3462,3463,3464,3465,3466,3467,3468,3469,3470,3471,3472,3473,3474,3475,3476,3477,3478,3479,3481,3482,3483,3484,3486
3075	2832,2848,2852,2856,2894,2897,2920,2937,2974,2975,2979,2988,3015,3017,3029,3034,3036,3037,3041,3045,3049,3074,3090,3095,3096,3104,3112,3125,3127,3137,3138,3142,3145,3151,3152,3154,3167,3185,3191,3194,3195,3196,3201,3208,3220,3221,3238,3244,3263,3271,3272,3273,3281,3288,3291,3293,3295,3304,3307,3309,3311,3313,3314,3319,3326,3328,3329,3330,3331,3332,3334,3340,3343,3344,3345,3347,3348,3349,3350,3351,3354,3356,3357,3359,3360,3361,3362,3365,3367,3369,3372,3373,3374,3375,3377,3379,3380,3382,3385,3386,3387,3390,3391,3393,3395,3397,3402,3403,3405,3406,3407,3408,3409,3410,3411,3412,3413,3414,3415,3416,3417,3418,3419,3420,3421,3422,3423,3424,3425,3426,3427,3428,3429,3430,3431,3432,3433,3434,3435,3436,3437,3438,3439,3440,3441,3442,3443,3444,3445,3446,3448,3449,3450,3451,3452,3453,3455,3456,3457,3458,3459,3460,3461,3462,3463,3464,3465,3466,3467,3468,3469,3470,3471,3472,3473,3474,3475,3476,3477,3478,3479,3481,3482,3483,3484,3486,3488,3489,3490,3491,3492,3493,3494,3495,3496,3497
3100	2832,2848,2852,2856,2894,2897,2920,2974,3017,3029,3034,3036,3037,3041,3090,3095,3104,3112,3125,3127,3137,3138,3145,3151,3152,3154,3167,3185,3191,3194,3195,3201,3220,3244,3272,3273,3281,3291,3293,3295,3304,3307,3309,3311,3313,3319,3328,3330,3331,3332,3334,3340,3343,3345,3347,3348,3349,3350,3351,3356,3357,3359,3360,3361,3362,3365,3373,3375,3379,3380,3382,3385,3386,3387,3390,3391,3393,3395,3397,3402,3403,3405,3406,3408,3409,3410,3411,3413,3414,3415,3416,3417,3418,3419,3420,3421,3422,3423,3424,3425,3426,3427,3428,3429,3430,3431,3432,3433,3434,3435,3436,3437,3438,3439,3440,3441,3442,3443,3444,3445,3446,3448,3449,3450,3451,3452,3453,3455,3456,3457,3458,3459,3460,3461,3462,3463,3464,3465,3466,3467,3468,3469,3470,3471,3472,3473,3474,3475,3476,3477,3478,3479,3481,3482,3483,3484,3486,3488,3489,3490,3491,3492,3493,3494,3495,3496,3497,3498,3499,3500,3501,3502
3125	2852,2894,2897,2920,2974,3017,3029,3034,3036,3037,3041,3090,3095,3112,3127,3137,3138,3145,3151,3152,3154,3167,3185,3191,3194,3195,3220,3244,3272,3273,3281,3291,3293,3295,3304,3307,3313,3319,3330,3331,3332,3343,3345,3347,3348,3351,3356,3357,3362,3365,3379,3380,3382,3387,3390,3395,3397,3402,3403,3405,3406,3408,3409,3410,3411,3413,3414,3415,3416,3417,3418,3419,3420,3421,3422,3423,3425,3426,3427,3428,3430,3433,3435,3436,3437,3438,3439,3440,3441,3442,3443,3444,3445,3446,3448,3449,3450,3451,3452,3453,3455,3456,3457,3458,3459,3460,3461,3462,3463,3464,3465,3466,3467,3468,3469,3470,3471,3472,3473,3474,3475,3476,3477,3478,3479,3481,3482,3483,3484,3486,3488,3489,3490,3491,3492,3493,3494,3495,3496,3497,3498,3499,3500,3501,3502,3503,3504,3505,3506,3507,3508,3509,3510,3511
3150	2920,2974,3017,3029,3034,3090,3095,3137,3145,3151,3152,3185,3191,3195,3220,3272,3273,3291,3293,3304,3307,3319,3330,3331,3332,3345,3347,3348,3351,3356,3357,3362,3379,3387,3390,3395,3403,3405,3406,3411,3413,3414,3415,3417,3420,3421,3422,3428,3430,3433,3435,3436,3439,3441,3442,3443,3449,3450,3451,3452,3453,3456,3458,3460,3462,3463,3465,3466,3468,3472,3474,3475,3476,3477,3478,3479,3481,3482,3483,3484,3486,3488,3489,3490,3491,3492,3493,3494,3495,3496,3497,3498,3499,3500,3501,3502,3503,3504,3505,3506,3507,3508,3509,3510,3511,3512,3513,3514
3175	2920,2974,3017,3029,3034,3137,3151,3152,3185,3195,3220,3273,3293,3304,3307,3330,3331,3332,3347,3348,3351,3356,3357,3362,3379,3390,3403,3405,3406,3411,3414,3415,3417,3420,3428,3430,3433,3435,3436,3441,3442,3449,3450,3451,3458,3460,3462,3463,3465,3466,3468,3472,3477,3478,3479,3481,3486,3488,3489,3490,3491,3492,3493,3494,3495,3496,3497,3498,3499,3500,3501,3502,3503,3504,3505,3506,3507,3508,3509,3510,3511,3512,3513,3514,3515,3516,3517,3518,3519,3520,3521,3522,3523,3524,3525,3526,3527,3528,3529,3530,3531,3532,3533,3534,3535,3536,3537
3200	2974,3017,3034,3137,3151,3195,3220,3273,3293,3304,3307,3330,3331,3332,3347,3348,3351,3356,3357,3362,3379,3390,3403,3405,3406,3411,3414,3417,3430,3442,3449,3450,3451,3463,3468,3472,3478,3479,3488,3490,3491,3492,3493,3494,3495,3496,3497,3498,3499,3500,3501,3502,3503,3504,3505,3506,3507,3508,3509,3510,3511,3512,3513,3514,3515,3516,3517,3518,3519,3520,3521,3522,3523,3524,3525,3526,3527,3528,3529,3530,3531,3532,3533,3534,3535,3536,3537,3538,3539,3540,3541,3542,3543,3544,3545,3546,3547,3548,3549,3550,3551,3552,3553
3225	2974,3195,3220,3273,3293,3304,3307,3331,3332,3347,3348,3351,3357,3362,3379,3390,3403,3406,3417,3430,3449,3450,3451,3472,3478,3479,3488,3490,3491,3492,3493,3494,3495,3496,3497,3498,3499,3500,3501,3502,3503,3504,3505,3506,3507,3508,3509,3510,3511,3512,3513,3514,3515,3516,3517,3518,3519,3520,3521,3522,3523,3524,3525,3526,3527,3528,3529,3530,3531,3532,3533,3534,3535,3536,3537,3538,3539,3540,3541,3542,3543,3544,3545,3546,3547,3548,3549,3550,3551,3552,3553,3554,3555,3556,3557,3558,3559,3560,3561,3563,3564,3565,3566,3568,3569,3570,3571,3572,3573,3574,3575,3576,3577,3579,3580,3581,3582,3583,3584,3585,3586,3587,3588
3250	2974,3195,3220,3273,3304,3307,3331,3348,3351,3357,3362,3379,3390,3403,3417,3430,3449,3450,3451,3472,3478,3479,3488,3490,3492,3493,3494,3495,3496,3497,3499,3500,3503,3504,3505,3506,3507,3508,3509,3510,3511,3512,3513,3514,3515,3516,3517,3518,3519,3520,3521,3522,3523,3524,3525,3526,3527,3528,3529,3530,3531,3532,3533,3534,3535,3536,3537,3538,3539,3540,3541,3542,3543,3544,3545,3546,3547,3548,3549,3550,3551,3552,3553,3554,3555,3556,3557,3558,3559,3560,3561,3563,3564,3565,3566,3568,3569,3570,3571,3572,3573,3574,3575,3576,3577,3579,3580,3581,3582,3583,3584,3585,3586,3587,3588,3589,3590,3591,3592,3593,3594,3595,3596,3597,3598
3275	2974,3195,3273,3307,3331,3348,3351,3357,3362,3379,3390,3403,3417,3430,3472,3478,3479,3488,3490,3492,3494,3495,3496,3497,3499,3500,3503,3504,3505,3506,3508,3509,3510,3511,3513,3514,3515,3516,3517,3518,3519,3520,3521,3522,3523,3524,3525,3526,3527,3528,3529,3530,3531,3532,3533,3534,3535,3536,3537,3538,3539,3540,3541,3542,3543,3544,3545,3546,3547,3548,3549,3550,3551,3552,3553,3554,3555,3556,3557,3558,3559,3560,3561,3563,3564,3565,3566,3568,3569,3570,3571,3572,3573,3574,3575,3576,3577,3579,3580,3581,3582,3583,3584,3585,3586,3587,3588,3589,3590,3591,3592,3593,3594,3595,3596,3597,3598,3599,3600,3601,3602
3300	2974,3195,3273,3307,3331,3351,3357,3362,3379,3390,3403,3472,3478,3479,3488,3490,3492,3494,3496,3497,3499,3504,3506,3508,3509,3511,3513,3515,3516,3517,3518,3519,3520,3521,3522,3524,3525,3526,3527,3528,3529,3530,3531,3532,3533,3534,3535,3536,3537,3538,3539,3540,3541,3542,3543,3544,3545,3546,3547,3548,3549,3550,3551,3552,3553,3554,3555,3556,3557,3558,3559,3560,3561,3563,3564,3565,3566,3568,3569,3570,3571,3572,3573,3574,3575,3576,3577,3579,3580,3581,3582,3583,3584,3585,3586,3587,3588,3589,3590,3591,3592,3593,3594,3595,3596,3597,3598,3599,3600,3601,3602,3603,3605,3606,3607,3608,3609,3610,3611,3612,3613,3614,3615,3616,3618,3619,3620,3621,3623,3624,3625,3626,3627,3628,3630,3631,3632,3633,3634,3635,3636,3637,3638,3639,3640,3641,3642,3643,3644,3645,3646,3647,3648,3649,3650,3651,3652,3653,3654,3655,3656,3657
3325	2974,3195,3273,3307,3331,3351,3357,3362,3379,3390,3403,3472,3478,3488,3490,3492,3494,3496,3497,3506,3508,3513,3516,3517,3519,3520,3522,3524,3525,3526,3527,3528,3529,3530,3531,3532,3534,3535,3536,3538,3539,3540,3541,3542,3543,3544,3545,3546,3547,3548,3549,3550,3551,3552,3553,3554,3555,3556,3557,3558,3559,3560,3561,3563,3564,3565,3566,3568,3569,3570,3571,3572,3573,3574,3575,3576,3577,3579,3580,3581,3582,3583,3584,3585,3586,3587,3588,3589,3590,3591,3592,3593,3594,3595,3596,3597,3598,3599,3600,3601,3602,3603,3605,3606,3607,3608,3609,3610,3611,3612,3613,3614,3615,3616,3618,3619,3620,3621,3623,3624,3625,3626,3627,3628,3630,3631,3632,3633,3634,3635,3636,3637,3638,3639,3640,3641,3642,3643,3644,3645,3646,3647,3648,3649,3650,3651,3652,3653,3654,3655,3656,3657,3658,3659,3660,3661,3662,3663,3664,3666,3667,3668,3669,3670,3671,3672,3673,3674,3675,3676,3678,3679,3680,3681,3682,3683,3684,3685,3686,3687,3688,3689,3690,3691,3692,3693,3694,3695,3696,3697,3698,3699,3700,3701,3703,3704,3705,3706,3707,3708,3709,3710,3711,3712
3350	2974,3195,3273,3307,3331,3357,3362,3390,3403,3472,3478,3488,3492,3494,3496,3497,3506,3508,3513,3517,3524,3525,3526,3527,3528,3529,3530,3531,3532,3534,3535,3536,3538,3539,3540,3541,3542,3543,3544,3545,3546,3547,3548,3549,3550,3552,3554,3556,3558,3559,3560,3561,3563,3565,3566,3568,3569,3570,3571,3572,3573,3574,3575,3576,3577,3579,3580,3581,3582,3583,3584,3585,3586,3587,3588,3589,3590,3591,3592,3593,3594,3595,3596,3597,3598,3599,3600,3601,3602,3603,3605,3606,3607,3608,3609,3610,3611,3612,3613,3614,3615,3616,3618,3619,3620,3621,3623,3624,3625,3626,3627,3628,3630,3631,3632,3633,3634,3635,3636,3637,3638,3639,3640,3641,3642,3643,3644,3645,3646,3647,3648,3649,3650,3651,3652,3653,3654,3655,3656,3657,3658,3659,3660,3661,3662,3663,3664,3666,3667,3668,3669,3670,3671,3672,3673,3674,3675,3676,3678,3679,3680,3681,3682,3683,3684,3685,3686,3687,3688,3689,3690,3691,3692,3693,3694,3695,3696,3697,3698,3699,3700,3701,3703,3704,3705,3706,3707,3708,3709,3710,3711,3712,3713,3714,3715,3716,3717,3718,3719,3720,3721,3722,3723,3724
3375	2974,3195,3273,3307,3331,3357,3472,3478,3488,3492,3496,3497,3506,3508,3513,3524,3531,3532,3534,3535,3536,3538,3539,3540,3541,3542,3543,3544,3548,3550,3552,3556,3559,3560,3561,3563,3565,3566,3568,3569,3570,3571,3572,3574,3576,3579,3582,3583,3584,3585,3586,3587,3591,3592,3594,3595,3596,3597,3598,3599,3600,3601,3602,3603,3605,3606,3607,3608,3609,3610,3611,3612,3613,3614,3615,3616,3618,3619,3620,3621,3623,3624,3625,3626,3627,3628,3630,3631,3632,3633,3634,3635,3636,3637,3638,3639,3640,3641,3642,3643,3644,3645,3646,3647,3648,3649,3650,3651,3652,3653,3654,3655,3656,3657,3658,3659,3660,3661,3662,3663,3664,3666,3667,3668,3669,3670,3671,3672,3673,3674,3675,3676,3678,3679,3680,3681,3682,3683,3684,3685,3686,3687,3688,3689,3690,3691,3692,3693,3694,3695,3696,3697,3698,3699,3700,3701,3703,3704,3705,3706,3707,3708,3709,3710,3711,3712,3713,3714,3715,3716,3717,3718,3719,3720,3721,3722,3723,3724,3725,3726,3727,3728,3729,3730,3731,3732,3733,3734,3735,3736,3737,3738,3739,3740,3742,3743,3744,3746,3747,3748,3749,3750,3751
3400	2974,3195,3273,3307,3331,3357,3472,3478,3488,3492,3496,3497,3506,3513,3532,3534,3538,3539,3540,3541,3542,3543,3544,3550,3552,3556,3559,3560,3561,3563,3565,3566,3568,3569,3570,3572,3574,3576,3579,3582,3583,3584,3585,3586,3587,3591,3592,3594,3595,3596,3597,3600,3601,3602,3603,3605,3606,3607,3608,3609,3610,3611,3612,3613,3614,3615,3616,3618,3619,3620,3621,3623,3624,3625,3626,3627,3628,3630,3631,3632,3633,3634,3635,3636,3637,3638,3639,3640,3641,3642,3643,3644,3645,3646,3647,3648,3649,3650,3651,3652,3653,3654,3655,3656,3657,3658,3659,3660,3661,3662,3663,3664,3666,3667,3668,3669,3670,3671,3672,3673,3674,3675,3676,3678,3679,3680,3681,3682,3683,3684,3685,3686,3687,3688,3689,3690,3691,3692,3693,3694,3695,3696,3697,3698,3699,3700,3701,3703,3704,3705,3706,3707,3708,3709,3710,3711,3712,3713,3714,3715,3716,3717,3718,3719,3720,3721,3722,3723,3724,3725,3726,3727,3728,3729,3730,3731,3732,3733,3734,3735,3736,3737,3738,3739,3740,3742,3743,3744,3746,3747,3748,3749,3750,3751,3752,3753,3755,3756,3757,3758,3759,3760,3762,3763,3764,3765,3766,3767,3768,3769,3770,3771,3772,3773,3774,3775,3776,3777,3778,3779,3780,3781,3782,3783,3784,3785,3786,3787,3789,3790,3791,3792,3793,3794,3795,3796,3797
3425	2974,3195,3273,3307,3331,3472,3478,3488,3492,3496,3513,3540,3541,3542,3543,3544,3550,3556,3559,3560,3561,3563,3565,3566,3568,3569,3570,3572,3576,3582,3583,3584,3586,3587,3592,3594,3595,3597,3600,3601,3602,3603,3606,3607,3608,3610,3611,3612,3613,3614,3615,3616,3618,3619,3620,3621,3623,3624,3625,3626,3627,3628,3630,3631,3633,3634,3635,3636,3638,3639,3640,3641,3642,3643,3644,3645,3646,3647,3648,3649,3650,3651,3652,3653,3654,3655,3656,3657,3658,3659,3660,3661,3662,3663,3664,3666,3667,3668,3669,3670,3671,3672,3673,3674,3675,3676,3678,3679,3680,3681,3682,3683,3684,3685,3686,3687,3688,3689,3690,3691,3692,3693,3694,3695,3696,3697,3698,3699,3700,3701,3703,3704,3705,3706,3707,3708,3709,3710,3711,3712,3713,3714,3715,3716,3717,3718,3719,3720,3721,3722,3723,3724,3725,3726,3727,3728,3729,3730,3731,3732,3733,3734,3735,3736,3737,3738,3739,3740,3742,3743,3744,3746,3747,3748,3749,3750,3751,3752,3753,3755,3756,3757,3758,3759,3760,3762,3763,3764,3765,3766,3767,3768,3769,3770,3771,3772,3773,3774,3775,3776,3777,3778,3779,3780,3781,3782,3783,3784,3785,3786,3787,3789,3790,3791,3792,3793,3794,3795,3796,3797,3798,3799,3800,3801,3802,3803,3804,3805,3806,3807,3808,3809,3810,3811
3450	2974,3195,3273,3307,3331,3472,3478,3488,3492,3496,3513,3540,3541,3543,3550,3559,3560,3561,3563,3565,3572,3576,3584,3586,3592,3594,3595,3600,3601,3602,3603,3606,3607,3608,3610,3611,3612,3613,3614,3615,3616,3618,3619,3620,3621,3623,3624,3625,3626,3627,3628,3631,3633,3634,3635,3636,3638,3639,3640,3641,3642,3643,3644,3645,3646,3647,3648,3649,3650,3651,3652,3653,3654,3655,3657,3658,3659,3660,3661,3662,3664,3666,3667,3668,3669,3670,3672,3673,3674,3676,3678,3680,3681,3683,3684,3685,3686,3687,3688,3689,3690,3691,3692,3693,3695,3696,3697,3698,3699,3700,3701,3703,3704,3705,3706,3707,3708,3709,3710,3711,3712,3713,3714,3715,3716,3717,3718,3719,3720,3721,3722,3723,3724,3725,3726,3727,3728,3729,3730,3731,3732,3733,3734,3735,3736,3737,3738,3739,3740,3742,3743,3744,3746,3747,3748,3749,3750,3751,3752,3753,3755,3756,3757,3758,3759,3760,3762,3763,3764,3765,3766,3767,3768,3769,3770,3771,3772,3773,3774,3775,3776,3777,3778,3779,3780,3781,3782,3783,3784,3785,3786,3787,3789,3790,3791,3792,3793,3794,3795,3796,3797,3798,3799,3800,3801,3802,3803,3804,3805,3806,3807,3808,3809,3810,3811,3812,3814,3815,3816,3817,3819
3475	2974,3195,3273,3307,3331,3472,3478,3513,3540,3541,3560,3561,3563,3576,3586,3600,3602,3606,3607,3608,3610,3611,3612,3613,3614,3615,3616,3618,3619,3620,3621,3623,3625,3627,3628,3631,3633,3634,3635,3636,3638,3639,3641,3643,3644,3645,3646,3647,3648,3649,3650,3651,3652,3653,3654,3655,3657,3658,3659,3660,3661,3664,3666,3668,3669,3670,3673,3674,3676,3680,3681,3683,3684,3685,3686,3687,3688,3690,3691,3692,3693,3695,3696,3698,3699,3700,3701,3704,3705,3706,3707,3708,3710,3711,3712,3714,3715,3716,3717,3718,3719,3720,3721,3722,3723,3724,3725,3726,3727,3728,3729,3730,3731,3732,3733,3734,3735,3736,3737,3738,3739,3740,3742,3743,3744,3746,3747,3748,3749,3750,3751,3752,3753,3755,3756,3757,3758,3759,3760,3762,3763,3764,3765,3766,3767,3768,3769,3770,3771,3772,3773,3774,3775,3776,3777,3778,3779,3780,3781,3782,3783,3784,3785,3786,3787,3789,3790,3791,3792,3793,3794,3795,3796,3797,3798,3799,3800,3801,3802,3803,3804,3805,3806,3807,3808,3809,3810,3811,3812,3814,3815,3816,3817,3819,3820,3823,3824,3825,3826,3829,3830,3831,3832,3833,3834,3835,3836,3838,3839,3840,3841,3842,3843,3844,3845,3846,3847,3848,3849,3850,3851,3852,3853,3854,3855,3856
3500	2974,3273,3307,3472,3478,3513,3540,3541,3560,3563,3576,3586,3600,3602,3606,3607,3608,3610,3611,3612,3614,3615,3616,3618,3619,3620,3621,3625,3627,3628,3631,3634,3635,3636,3639,3641,3644,3646,3647,3648,3649,3651,3652,3654,3655,3657,3658,3661,3664,3666,3668,3669,3670,3673,3674,3676,3680,3681,3684,3685,3686,3687,3688,3690,3691,3692,3693,3695,3696,3699,3701,3704,3705,3706,3707,3710,3712,3714,3715,3716,3717,3718,3719,3721,3722,3723,3724,3726,3727,3729,3730,3732,3733,3734,3736,3737,3739,3742,3744,3746,3747,3748,3749,3750,3751,3752,3753,3755,3756,3757,3758,3759,3760,3762,3763,3764,3765,3766,3767,3768,3769,3770,3771,3772,3773,3774,3775,3776,3777,3778,3779,3780,3781,3782,3783,3784,3785,3786,3787,3789,3790,3791,3792,3793,3794,3795,3796,3797,3798,3799,3800,3801,3802,3803,3804,3805,3806,3807,3808,3809,3810,3811,3812,3814,3815,3816,3817,3819,3820,3823,3824,3825,3826,3829,3830,3831,3832,3833,3834,3835,3836,3838,3839,3840,3841,3842,3843,3844,3845,3846,3847,3848,3849,3850,3851,3852,3853,3854,3855,3856,3857,3858,3859,3860,3861,3862,3863,3864,3865,3866,3867,3868,3869,3870,3871,3872,3873,3874,3875,3876,3877,3879,3880,3881,3883,3884,3885,3886,3887,3888,3889,3890,3891,3892,3893,3894,3895,3896,3897,3898,3899,3900,3901,3902,3903,3904,3905,3906,3907,3908,3909,3910,3911,3912,3913,3914,3915,3916,3917,3918,3919,3920,3921,3922,3923,3924,3925,3926,3927,3928,3929,3930,3931,3932,3933,3934,3936,3937,3938,3939
3525	2974,3307,3478,3513,3540,3541,3563,3586,3600,3602,3606,3607,3608,3612,3614,3616,3618,3619,3621,3625,3627,3628,3634,3636,3639,3641,3644,3646,3647,3648,3649,3652,3654,3655,3658,3661,3664,3666,3668,3669,3673,3674,3676,3680,3681,3684,3685,3687,3688,3690,3692,3695,3696,3701,3707,3710,3712,3715,3717,3719,3721,3722,3723,3724,3730,3732,3733,3734,3737,3739,3742,3744,3746,3749,3750,3752,3753,3755,3757,3759,3760,3762,3763,3764,3765,3766,3767,3769,3770,3771,3772,3773,3774,3775,3776,3778,3779,3780,3781,3783,3784,3785,3786,3787,3789,3790,3791,3792,3793,3794,3795,3796,3797,3798,3799,3800,3801,3802,3803,3804,3805,3806,3807,3808,3809,3810,3811,3812,3814,3815,3816,3817,3819,3820,3823,3824,3825,3826,3829,3830,3831,3832,3833,3834,3835,3836,3838,3839,3840,3841,3842,3843,3844,3845,3846,3847,3848,3849,3850,3851,3852,3853,3854,3855,3856,3857,3858,3859,3860,3861,3862,3863,3864,3865,3866,3867,3868,3869,3870,3871,3872,3873,3874,3875,3876,3877,3879,3880,3881,3883,3884,3885,3886,3887,3888,3889,3890,3891,3892,3893,3894,3895,3896,3897,3898,3899,3900,3901,3902,3903,3904,3905,3906,3907,3908,3909,3910,3911,3912,3913,3914,3915,3916,3917,3918,3919,3920,3921,3922,3923,3924,3925,3926,3927,3928,3929,3930,3931,3932,3933,3934,3936,3937,3938,3939,3941,3943,3944,3945,3946,3947,3948,3949,3950,3951,3952,3953,3954,3955,3956,3958,3959,3960,3961,3962,3963,3964,3965,3966,3967,3968,3969,3970,3971,3972,3973,3974,3975,3976,3977,3978,3980,3981,3982,3983,3984,3985,3986,3987,3988,3989,3990,3991,3992,3993,3994,3995,3996,3997,3998,3999,4000,4001,4002,4003,4004,4005,4006,4007,4008,4009,4010,4011,4012,4013,4014,4015,4016,4017,4018,4019,4020,4021,4022,4023,4024,4025,4026,4027,4028,4029,4030,4031,4032,4033,4034,4035,4036,4037,4038,4039,4040,4041,4042,4043,4044,4045,4046,4047,4048,4049,4050,4051
3550	2974,3307,3513,3586,3602,3606,3607,3608,3612,3614,3619,3636,3639,3641,3654,3666,3668,3669,3673,3674,3680,3681,3684,3685,3687,3688,3690,3692,3695,3696,3701,3707,3712,3715,3719,3721,3722,3732,3734,3739,3742,3744,3746,3749,3750,3752,3755,3757,3760,3762,3763,3764,3765,3766,3767,3769,3770,3771,3772,3773,3774,3775,3776,3778,3779,3781,3783,3786,3787,3791,3792,3793,3794,3795,3796,3797,3798,3799,3800,3801,3803,3804,3806,3807,3808,3810,3812,3814,3815,3816,3817,3819,3820,3823,3824,3825,3826,3829,3830,3831,3832,3833,3834,3835,3836,3838,3839,3840,3841,3842,3843,3844,3845,3846,3847,3848,3849,3850,3851,3852,3853,3854,3855,3856,3857,3858,3859,3860,3861,3862,3863,3864,3865,3866,3867,3868,3869,3870,3871,3872,3873,3874,3875,3876,3877,3879,3880,3881,3883,3884,3885,3886,3887,3888,3889,3890,3891,3892,3893,3894,3895,3896,3897,3898,3899,3900,3901,3902,3903,3904,3905,3906,3907,3908,3909,3910,3911,3912,3913,3914,3915,3916,3917,3918,3919,3920,3921,3922,3923,3924,3925,3926,3927,3928,3929,3930,3931,3932,3933,3934,3936,3937,3938,3939,3941,3943,3944,3945,3946,3947,3948,3949,3950,3951,3952,3953,3954,3955,3956,3958,3959,3960,3961,3962,3963,3964,3965,3966,3967,3968,3969,3970,3971,3972,3973,3974,3975,3976,3977,3978,3980,3981,3982,3983,3984,3985,3986,3987,3988,3989,3990,3991,3992,3993,3994,3995,3996,3997,3998,3999,4000,4001,4002,4003,4004,4005,4006,4007,4008,4009,4010,4011,4012,4013,4014,4015,4016,4017,4018,4019,4020,4021,4022,4023,4024,4025,4026,4027,4028,4029,4030,4031,4032,4033,4034,4035,4036,4037,4038,4039,4040,4041,4042,4043,4044,4045,4046,4047,4048,4049,4050,4051,4052,4053,4054,4055,4056,4057,4058,4059,4060,4061,4062,4063,4064,4065,4066,4068,4069,4070,4072,4073,4074,4075,4076,4077,4078,4079,4081,4082,4083,4084,4085,4086,4087,4088,4089,4090,4092
3575	3307,3513,3586,3602,3614,3636,3639,3641,3654,3666,3669,3673,3674,3680,3681,3684,3685,3687,3688,3690,3692,3695,3696,3707,3712,3719,3721,3722,3734,3744,3746,3749,3750,3757,3760,3763,3764,3765,3766,3767,3769,3770,3771,3772,3773,3774,3775,3776,3778,3779,3786,3787,3791,3793,3794,3795,3796,3797,3798,3799,3800,3801,3803,3804,3806,3810,3812,3814,3815,3816,3817,3819,3820,3823,3824,3825,3826,3829,3830,3831,3832,3833,3834,3835,3836,3838,3839,3840,3841,3842,3843,3844,3845,3846,3847,3848,3849,3850,3851,3852,3853,3854,3855,3856,3857,3858,3859,3860,3861,3862,3863,3864,3865,3866,3867,3868,3869,3870,3871,3872,3873,3874,3875,3876,3877,3879,3880,3881,3883,3884,3885,3886,3887,3888,3889,3890,3891,3892,3893,3894,3895,3896,3897,3898,3899,3900,3901,3902,3903,3904,3905,3906,3907,3908,3909,3910,3911,3912,3913,3914,3915,3916,3917,3918,3919,3920,3921,3922,3923,3924,3925,3926,3927,3928,3929,3930,3931,3932,3933,3934,3936,3937,3938,3939,3941,3943,3944,3945,3946,3947,3948,3949,3950,3951,3952,3953,3954,3955,3956,3958,3959,3960,3961,3962,3963,3964,3965,3966,3967,3968,3969,3970,3971,3972,3973,3974,3975,3976,3977,3978,3980,3981,3982,3983,3984,3985,3986,3987,3988,3989,3990,3991,3992,3993,3994,3995,3996,3997,3998,3999,4000,4001,4002,4003,4004,4005,4006,4007,4008,4009,4010,4011,4012,4013,4014,4015,4016,4017,4018,4019,4020,4021,4022,4023,4024,4025,4026,4027,4028,4029,4030,4031,4032,4033,4034,4035,4036,4037,4038,4039,4040,4041,4042,4043,4044,4045,4046,4047,4048,4049,4050,4051,4052,4053,4054,4055,4056,4057,4058,4059,4060,4061,4062,4063,4064,4065,4066,4068,4069,4070,4072,4073,4074,4075,4076,4077,4078,4079,4081,4082,4083,4084,4085,4086,4087,4088,4089,4090,4092,4093,4094,4095,4096,4097,4098,4100,4101,4103,4104,4105,4106,4107,4108,4109,4110,4111,4112,4113,4114,4115,4116,4117,4118,4119,4120,4121,4122,4123,4124,4125,4126,4127,4128,4129,4130,4131,4132,4133,4134,4135,4136,4137,4138,4139,4140,4141,4142,4143,4144,4145,4146,4147,4148,4149,4151,4152,4153,4154,4155,4156,4157,4158,4159,4160,4161
3600	3307,3513,3586,3602,3614,3636,3641,3654,3666,3669,3673,3674,3680,3681,3684,3687,3692,3696,3707,3712,3719,3721,3722,3744,3746,3750,3757,3760,3763,3764,3765,3766,3767,3769,3770,3771,3773,3774,3775,3776,3778,3779,3793,3794,3795,3796,3798,3799,3800,3801,3803,3810,3812,3816,3817,3819,3820,3823,3825,3826,3830,3831,3832,3833,3834,3835,3836,3838,3839,3840,3841,3842,3843,3844,3845,3846,3847,3848,3849,3850,3851,3852,3853,3854,3855,3856,3857,3858,3859,3860,3861,3862,3863,3864,3865,3866,3867,3868,3869,3870,3871,3872,3873,3874,3875,3876,3877,3879,3880,3881,3883,3884,3885,3886,3887,3888,3889,3890,3891,3892,3893,3894,3895,3896,3897,3898,3899,3900,3901,3902,3903,3904,3905,3906,3907,3908,3909,3910,3911,3912,3913,3914,3915,3916,3917,3918,3919,3920,3921,3922,3923,3924,3925,3926,3927,3928,3929,3930,3931,3932,3933,3934,3936,3937,3938,3939,3941,3943,3944,3945,3946,3947,3948,3949,3950,3951,3952,3953,3954,3955,3956,3958,3959,3960,3961,3962,3963,3964,3965,3966,3967,3968,3969,3970,3971,3972,3973,3974,3975,3976,3977,3978,3980,3981,3982,3983,3984,3985,3986,3987,3988,3989,3990,3991,3992,3993,3994,3995,3996,3997,3998,3999,4000,4001,4002,4003,4004,4005,4006,4007,4008,4009,4010,4011,4012,4013,4014,4015,4016,4017,4018,4019,4020,4021,4022,4023,4024,4025,4026,4027,4028,4029,4030,4031,4032,4033,4034,4035,4036,4037,4038,4039,4040,4041,4042,4043,4044,4045,4046,4047,4048,4049,4050,4051,4052,4053,4054,4055,4056,4057,4058,4059,4060,4061,4062,4063,4064,4065,4066,4068,4069,4070,4072,4073,4074,4075,4076,4077,4078,4079,4081,4082,4083,4084,4085,4086,4087,4088,4089,4090,4092,4093,4094,4095,4096,4097,4098,4100,4101,4103,4104,4105,4106,4107,4108,4109,4110,4111,4112,4113,4114,4115,4116,4117,4118,4119,4120,4121,4122,4123,4124,4125,4126,4127,4128,4129,4130,4131,4132,4133,4134,4135,4136,4137,4138,4139,4140,4141,4142,4143,4144,4145,4146,4147,4148,4149,4151,4152,4153,4154,4155,4156,4157,4158,4159,4160,4161,4162,4163,4164,4165,4166,4167,4168,4169,4170,4171,4172,4173,4174,4175,4176,4177,4178,4179,4180,4181,4182,4183,4184,4185,4186,4187,4188,4189,4190,4191,4192,4193,4194,4195,4196,4197,4198,4199,4200,4201,4202,4203,4204,4205,4206,4207,4208,4209,4211,4212,4213,4214,4215,4217,4218,4219,4220,4221
3625	3586,3602,3614,3636,3654,3666,3669,3674,3680,3681,3684,3692,3696,3707,3712,3719,3744,3746,3750,3760,3763,3764,3765,3766,3769,3770,3776,3779,3793,3794,3795,3796,3798,3800,3803,3812,3816,3817,3819,3820,3823,3825,3826,3830,3831,3832,3833,3834,3835,3836,3838,3841,3842,3843,3844,3845,3846,3848,3849,3850,3851,3852,3853,3854,3855,3856,3857,3858,3859,3860,3861,3862,3863,3864,3865,3866,3867,3868,3869,3870,3871,3873,3874,3875,3876,3879,3880,3883,3884,3885,3886,3889,3890,3891,3892,3893,3894,3895,3896,3897,3898,3899,3900,3901,3902,3903,3904,3905,3906,3907,3908,3910,3911,3912,3913,3914,3915,3916,3917,3918,3919,3920,3921,3922,3923,3924,3925,3926,3927,3928,3929,3930,3931,3932,3933,3934,3936,3937,3938,3939,3941,3943,3944,3945,3946,3947,3948,3949,3950,3951,3952,3953,3954,3955,3956,3958,3959,3960,3961,3962,3963,3964,3965,3966,3967,3968,3969,3970,3971,3972,3973,3974,3975,3976,3977,3978,3980,3981,3982,3983,3984,3985,3986,3987,3988,3989,3990,3991,3992,3993,3994,3995,3996,3997,3998,3999,4000,4001,4002,4003,4004,4005,4006,4007,4008,4009,4010,4011,4012,4013,4014,4015,4016,4017,4018,4019,4020,4021,4022,4023,4024,4025,4026,4027,4028,4029,4030,4031,4032,4033,4034,4035,4036,4037,4038,4039,4040,4041,4042,4043,4044,4045,4046,4047,4048,4049,4050,4051,4052,4053,4054,4055,4056,4057,4058,4059,4060,4061,4062,4063,4064,4065,4066,4068,4069,4070,4072,4073,4074,4075,4076,4077,4078,4079,4081,4082,4083,4084,4085,4086,4087,4088,4089,4090,4092,4093,4094,4095,4096,4097,4098,4100,4101,4103,4104,4105,4106,4107,4108,4109,4110,4111,4112,4113,4114,4115,4116,4117,4118,4119,4120,4121,4122,4123,4124,4125,4126,4127,4128,4129,4130,4131,4132,4133,4134,4135,4136,4137,4138,4139,4140,4141,4142,4143,4144,4145,4146,4147,4148,4149,4151,4152,4153,4154,4155,4156,4157,4158,4159,4160,4161,4162,4163,4164,4165,4166,4167,4168,4169,4170,4171,4172,4173,4174,4175,4176,4177,4178,4179,4180,4181,4182,4183,4184,4185,4186,4187,4188,4189,4190,4191,4192,4193,4194,4195,4196,4197,4198,4199,4200,4201,4202,4203,4204,4205,4206,4207,4208,4209,4211,4212,4213,4214,4215,4217,4218,4219,4220,4221,4222,4223,4224,4225,4226,4227,4228,4229,4230,4231,4232,4233,4234,4235,4236,4237,4238,4239,4241,4242,4243,4244,4245,4246,4247,4248,4249,4250,4251,4252,4253,4254,4255,4256,4257,4258,4259,4260,4262,4263,4264,4265,4266,4267,4268,4269,4270,4271,4272,4273,4274,4275,4276
3650	3586,3602,3614,3636,3654,3666,3669,3674,3680,3681,3692,3707,3712,3744,3746,3760,3763,3764,3766,3769,3770,3776,3779,3793,3794,3795,3796,3798,3803,3812,3816,3817,3819,3820,3823,3825,3826,3830,3831,3832,3833,3836,3838,3841,3842,3843,3844,3845,3846,3849,3850,3851,3852,3853,3854,3855,3856,3858,3859,3860,3862,3864,3865,3866,3867,3868,3869,3870,3871,3873,3874,3875,3876,3879,3880,3884,3885,3886,3890,3891,3892,3893,3894,3895,3896,3898,3899,3900,3901,3902,3905,3906,3907,3908,3910,3912,3913,3914,3916,3918,3919,3920,3921,3923,3924,3925,3927,3928,3929,3930,3931,3932,3933,3934,3936,3937,3938,3939,3941,3944,3945,3948,3949,3950,3951,3952,3953,3954,3955,3956,3958,3960,3963,3964,3965,3966,3967,3968,3970,3975,3976,3977,3978,3980,3982,3983,3985,3986,3988,3989,3991,3992,3993,3994,3996,3997,3998,3999,4000,4001,4003,4004,4006,4007,4008,4009,4010,4011,4012,4013,4015,4016,4017,4018,4019,4020,4021,4022,4023,4024,4026,4027,4028,4029,4030,4031,4032,4033,4034,4035,4036,4037,4038,4039,4040,4041,4042,4043,4044,4045,4046,4047,4048,4049,4050,4051,4052,4053,4054,4055,4056,4057,4058,4059,4060,4061,4062,4063,4064,4065,4066,4068,4069,4070,4072,4073,4074,4075,4076,4077,4078,4079,4081,4082,4083,4084,4085,4086,4087,4088,4089,4090,4092,4093,4094,4095,4096,4097,4098,4100,4101,4103,4104,4105,4106,4107,4108,4109,4110,4111,4112,4113,4114,4115,4116,4117,4118,4119,4120,4121,4122,4123,4124,4125,4126,4127,4128,4129,4130,4131,4132,4133,4134,4135,4136,4137,4138,4139,4140,4141,4142,4143,4144,4145,4146,4147,4148,4149,4151,4152,4153,4154,4155,4156,4157,4158,4159,4160,4161,4162,4163,4164,4165,4166,4167,4168,4169,4170,4171,4172,4173,4174,4175,4176,4177,4178,4179,4180,4181,4182,4183,4184,4185,4186,4187,4188,4189,4190,4191,4192,4193,4194,4195,4196,4197,4198,4199,4200,4201,4202,4203,4204,4205,4206,4207,4208,4209,4211,4212,4213,4214,4215,4217,4218,4219,4220,4221,4222,4223,4224,4225,4226,4227,4228,4229,4230,4231,4232,4233,4234,4235,4236,4237,4238,4239,4241,4242,4243,4244,4245,4246,4247,4248,4249,4250,4251,4252,4253,4254,4255,4256,4257,4258,4259,4260,4262,4263,4264,4265,4266,4267,4268,4269,4270,4271,4272,4273,4274,4275,4276,4277,4278,4279,4280,4281,4282,4283,4284,4285,4286,4287,4288,4289,4290,4291,4292,4293,4294,4295,4296,4297,4298,4299,4300,4301,4302,4303,4304,4305,4306,4307,4308,4309,4310,4311,4312,4313,4314,4315,4316,4317,4318,4319,4320,4321,4322,4323,4324,4325
3675	3602,3614,3636,3654,3669,3674,3680,3681,3707,3712,3744,3746,3760,3763,3764,3766,3769,3770,3776,3779,3793,3795,3796,3798,3812,3816,3819,3820,3825,3826,3830,3832,3833,3836,3838,3842,3843,3844,3845,3846,3849,3850,3851,3852,3853,3854,3855,3856,3858,3859,3860,3862,3864,3866,3867,3869,3870,3871,3873,3874,3875,3876,3880,3884,3885,3891,3893,3894,3899,3900,3901,3902,3905,3907,3908,3910,3912,3913,3914,3916,3918,3919,3920,3921,3923,3924,3925,3927,3928,3930,3931,3932,3933,3934,3936,3937,3938,3939,3941,3944,3945,3948,3949,3950,3951,3952,3954,3955,3956,3958,3960,3963,3964,3965,3966,3967,3968,3970,3975,3977,3978,3980,3982,3983,3986,3988,3991,3992,3994,3997,3998,4000,4001,4003,4004,4006,4007,4008,4009,4010,4011,4013,4015,4016,4018,4020,4021,4022,4023,4026,4027,4028,4029,4031,4032,4035,4036,4037,4039,4042,4044,4045,4047,4048,4049,4050,4051,4052,4053,4054,4055,4056,4057,4058,4060,4062,4064,4066,4068,4069,4070,4073,4074,4075,4076,4077,4078,4081,4082,4083,4084,4085,4088,4089,4090,4092,4093,4094,4095,4096,4097,4098,4100,4101,4103,4104,4105,4106,4107,4108,4109,4110,4111,4112,4113,4114,4115,4116,4117,4118,4119,4120,4121,4122,4123,4124,4125,4126,4127,4128,4129,4130,4131,4132,4133,4134,4135,4136,4137,4138,4139,4140,4141,4142,4143,4144,4145,4146,4147,4148,4149,4151,4152,4153,4154,4155,4156,4157,4158,4159,4160,4161,4162,4163,4164,4165,4166,4167,4168,4169,4170,4171,4172,4173,4174,4175,4176,4177,4178,4179,4180,4181,4182,4183,4184,4185,4186,4187,4188,4189,4190,4191,4192,4193,4194,4195,4196,4197,4198,4199,4200,4201,4202,4203,4204,4205,4206,4207,4208,4209,4211,4212,4213,4214,4215,4217,4218,4219,4220,4221,4222,4223,4224,4225,4226,4227,4228,4229,4230,4231,4232,4233,4234,4235,4236,4237,4238,4239,4241,4242,4243,4244,4245,4246,4247,4248,4249,4250,4251,4252,4253,4254,4255,4256,4257,4258,4259,4260,4262,4263,4264,4265,4266,4267,4268,4269,4270,4271,4272,4273,4274,4275,4276,4277,4278,4279,4280,4281,4282,4283,4284,4285,4286,4287,4288,4289,4290,4291,4292,4293,4294,4295,4296,4297,4298,4299,4300,4301,4302,4303,4304,4305,4306,4307,4308,4309,4310,4311,4312,4313,4314,4315,4316,4317,4318,4319,4320,4321,4322,4323,4324,4325,4326,4327,4328,4329,4330,4331,4332
3700	3602,3614,3636,3654,3669,3680,3707,3712,3760,3763,3764,3766,3770,3776,3779,3793,3795,3796,3798,3812,3819,3820,3825,3826,3830,3832,3833,3836,3838,3842,3843,3844,3845,3846,3849,3850,3851,3852,3853,3854,3855,3856,3858,3860,3862,3864,3866,3867,3869,3870,3871,3874,3875,3876,3884,3891,3893,3894,3901,3905,3907,3908,3910,3912,3914,3916,3918,3920,3921,3923,3924,3925,3927,3928,3930,3932,3933,3934,3937,3938,3939,3941,3944,3945,3948,3950,3951,3952,3954,3955,3956,3958,3963,3964,3965,3966,3967,3968,3970,3975,3977,3978,3980,3983,3986,3988,4000,4001,4004,4006,4007,4008,4009,4010,4011,4013,4015,4016,4018,4020,4023,4026,4027,4028,4029,4031,4032,4036,4039,4042,4044,4045,4048,4049,4050,4051,4052,4053,4054,4056,4057,4058,4060,4062,4064,4066,4068,4070,4073,4074,4075,4076,4077,4083,4084,4089,4093,4096,4097,4098,4100,4101,4103,4104,4105,4106,4108,4109,4110,4111,4112,4113,4114,4115,4116,4117,4119,4120,4123,4124,4125,4126,4127,4128,4129,4130,4131,4132,4133,4134,4135,4136,4137,4138,4139,4140,4141,4142,4143,4144,4145,4146,4147,4148,4149,4151,4152,4153,4154,4155,4156,4157,4158,4159,4160,4161,4162,4163,4164,4165,4166,4167,4168,4169,4170,4171,4172,4173,4174,4175,4176,4177,4178,4179,4180,4181,4182,4183,4184,4185,4186,4187,4188,4189,4190,4191,4192,4193,4194,4195,4196,4197,4198,4199,4200,4201,4202,4203,4204,4205,4206,4207,4208,4209,4211,4212,4213,4214,4215,4217,4218,4219,4220,4221,4222,4223,4224,4225,4226,4227,4228,4229,4230,4231,4232,4233,4234,4235,4236,4237,4238,4239,4241,4242,4243,4244,4245,4246,4247,4248,4249,4250,4251,4252,4253,4254,4255,4256,4257,4258,4259,4260,4262,4263,4264,4265,4266,4267,4268,4269,4270,4271,4272,4273,4274,4275,4276,4277,4278,4279,4280,4281,4282,4283,4284,4285,4286,4287,4288,4289,4290,4291,4292,4293,4294,4295,4296,4297,4298,4299,4300,4301,4302,4303,4304,4305,4306,4307,4308,4309,4310,4311,4312,4313,4314,4315,4316,4317,4318,4319,4320,4321,4322,4323,4324,4325,4326,4327,4328,4329,4330,4331,4332,4334,4335,4336,4337,4338
3725	3602,3614,3636,3669,3760,3763,3764,3766,3776,3779,3793,3795,3798,3812,3820,3826,3830,3832,3833,3836,3838,3842,3844,3846,3849,3850,3851,3852,3853,3854,3855,3856,3858,3862,3866,3869,3870,3871,3874,3875,3876,3891,3894,3905,3908,3912,3914,3916,3921,3923,3925,3927,3928,3930,3932,3933,3934,3937,3938,3939,3941,3945,3948,3951,3952,3954,3955,3956,3958,3963,3964,3965,3966,3967,3970,3978,3980,3983,3988,4000,4001,4004,4007,4008,4010,4011,4023,4026,4027,4029,4031,4032,4036,4042,4044,4048,4049,4050,4052,4054,4056,4060,4062,4066,4068,4070,4074,4075,4076,4077,4083,4089,4096,4100,4101,4104,4106,4108,4109,4110,4111,4113,4115,4116,4117,4119,4120,4123,4124,4125,4127,4128,4129,4130,4131,4134,4136,4138,4140,4141,4142,4143,4144,4147,4149,4153,4155,4157,4159,4160,4161,4162,4163,4165,4167,4168,4170,4172,4173,4174,4176,4177,4178,4179,4180,4181,4182,4183,4184,4185,4186,4188,4189,4190,4191,4192,4194,4195,4196,4199,4200,4201,4202,4203,4205,4206,4208,4209,4211,4212,4213,4214,4215,4217,4218,4219,4220,4221,4222,4223,4224,4225,4226,4227,4228,4229,4230,4231,4232,4233,4234,4235,4236,4237,4238,4239,4241,4242,4243,4244,4245,4246,4247,4248,4249,4250,4251,4252,4253,4254,4255,4256,4257,4258,4259,4260,4262,4263,4264,4265,4266,4267,4268,4269,4270,4271,4272,4273,4274,4275,4276,4277,4278,4279,4280,4281,4282,4283,4284,4285,4286,4287,4288,4289,4290,4291,4292,4293,4294,4295,4296,4297,4298,4299,4300,4301,4302,4303,4304,4305,4306,4307,4308,4309,4310,4311,4312,4313,4314,4315,4316,4317,4318,4319,4320,4321,4322,4323,4324,4325,4326,4327,4328,4329,4330,4331,4332,4334,4335,4336,4337,4338,4339,4340,4341,4342,4343,4344,4345
3750	3602,3614,3636,3669,3763,3764,3766,3793,3795,3798,3826,3830,3832,3836,3838,3842,3844,3846,3849,3850,3851,3852,3853,3854,3855,3856,3858,3862,3866,3869,3870,3871,3875,3891,3894,3905,3908,3912,3914,3916,3921,3923,3927,3937,3938,3939,3941,3945,3948,3951,3952,3954,3955,3958,3963,3964,3965,3966,3967,3970,3978,4000,4004,4007,4008,4010,4011,4023,4026,4027,4029,4032,4036,4044,4049,4050,4054,4056,4062,4066,4068,4070,4074,4075,4077,4083,4089,4096,4100,4101,4106,4108,4109,4111,4115,4116,4117,4120,4123,4125,4128,4129,4130,4131,4134,4136,4140,4149,4153,4155,4159,4163,4165,4167,4168,4170,4174,4176,4177,4179,4181,4183,4184,4185,4186,4188,4190,4192,4194,4195,4196,4199,4200,4202,4203,4206,4208,4209,4211,4214,4215,4218,4220,4221,4222,4223,4224,4225,4226,4227,4228,4229,4231,4232,4235,4236,4237,4239,4241,4242,4243,4245,4247,4248,4249,4250,4252,4255,4256,4257,4258,4260,4262,4263,4264,4265,4266,4267,4268,4269,4270,4271,4272,4273,4274,4275,4276,4277,4278,4279,4280,4281,4282,4283,4284,4285,4286,4287,4288,4289,4290,4291,4292,4293,4294,4295,4296,4297,4298,4299,4300,4301,4302,4303,4304,4305,4306,4307,4308,4309,4310,4311,4312,4313,4314,4315,4316,4317,4318,4319,4320,4321,4322,4323,4324,4325,4326,4327,4328,4329,4330,4331,4332,4334,4335,4336,4337,4338,4339,4340,4341,4342,4343,4344,4345,4347,4348,4349,4350,4351,4352,4353,4354,4355,4356,4358,4359,4360,4361,4362,4364,4365,4366
3775	3602,3636,3766,3826,3830,3832,3836,3838,3844,3846,3849,3851,3852,3853,3854,3856,3858,3866,3870,3875,3916,3921,3923,3927,3938,3939,3941,3945,3951,3954,3955,3958,3965,3966,3970,3978,4000,4011,4023,4026,4032,4036,4044,4050,4054,4056,4062,4066,4070,4074,4077,4083,4100,4108,4109,4115,4117,4120,4125,4128,4129,4131,4134,4140,4149,4153,4155,4159,4163,4167,4168,4170,4174,4179,4184,4185,4188,4190,4192,4194,4199,4200,4202,4203,4206,4209,4214,4215,4220,4221,4222,4223,4224,4226,4227,4228,4229,4231,4232,4236,4239,4241,4242,4245,4247,4249,4250,4252,4256,4258,4260,4262,4263,4264,4266,4267,4269,4271,4273,4279,4285,4292,4296,4299,4301,4302,4303,4305,4307,4308,4309,4310,4312,4313,4314,4315,4316,4317,4318,4319,4320,4321,4322,4323,4324,4325,4326,4327,4328,4329,4330,4331,4332,4334,4335,4336,4337,4338,4339,4340,4341,4342,4343,4344,4345,4347,4348,4349,4350,4351,4352,4353,4354,4355,4356,4358,4359,4360,4361,4362,4364,4365,4366,4367,4368,4369,4370,4371,4372,4373,4374,4375,4376,4377,4378,4379,4380,4381,4382,4383,4384,4385,4386,4387,4388,4389,4391,4392,4393,4394,4395,4396,4397,4398,4399,4400,4401,4402,4403,4404,4405,4406,4407,4408,4409,4410,4411,4412,4413,4414,4415,4416,4417,4418,4419,4420,4421,4422,4423,4424,4425,4426,4431,4432,4433,4434,4435,4436,4437,4438,4439,4440,4441,4442,4443,4445,4446,4447,4448,4449,4450,4451,4452,4453,4454,4455,4456,4457,4458,4459,4460,4461,4462,4463,4464
3800	3636,3826,3830,3838,3844,3846,3849,3851,3852,3853,3858,3866,3870,3875,3916,3938,3939,3941,3951,3954,3955,3958,3966,3978,4000,4026,4044,4056,4062,4066,4074,4083,4131,4134,4140,4153,4159,4167,4168,4170,4174,4179,4184,4185,4188,4192,4199,4200,4209,4221,4227,4228,4229,4231,4232,4236,4239,4241,4242,4245,4249,4252,4256,4260,4262,4263,4266,4267,4271,4273,4299,4301,4320,4322,4323,4327,4329,4330,4331,4332,4334,4335,4336,4337,4338,4339,4340,4341,4342,4343,4344,4345,4347,4348,4349,4350,4351,4352,4353,4354,4355,4356,4358,4359,4360,4361,4362,4364,4365,4366,4367,4368,4369,4370,4371,4372,4373,4374,4375,4376,4377,4378,4379,4380,4381,4382,4383,4384,4385,4386,4387,4388,4389,4391,4392,4393,4394,4395,4396,4397,4398,4399,4400,4401,4402,4403,4404,4405,4406,4407,4408,4409,4410,4411,4412,4413,4414,4415,4416,4417,4418,4419,4420,4421,4422,4423,4424,4425,4426,4431,4432,4433,4434,4435,4436,4437,4438,4439,4440,4441,4442,4443,4445,4446,4447,4448,4449,4450,4451,4452,4453,4454,4455,4456,4457,4458,4459,4460,4461,4462,4463,4464,4465,4466,4467,4468
3825	3838,3846,3849,3852,3870,3875,3938,3939,3941,3955,3966,4044,4056,4074,4083,4131,4140,4153,4167,4174,4192,4199,4200,4209,4221,4227,4229,4232,4241,4256,4260,4271,4299,4327,4329,4331,4332,4335,4336,4337,4338,4339,4340,4341,4342,4343,4344,4345,4347,4348,4349,4350,4351,4352,4353,4354,4355,4356,4358,4359,4360,4361,4362,4364,4365,4366,4367,4368,4369,4370,4371,4372,4373,4374,4375,4376,4377,4378,4379,4380,4381,4382,4383,4384,4385,4386,4387,4388,4389,4391,4392,4393,4394,4395,4396,4397,4398,4399,4400,4401,4402,4403,4404,4405,4406,4407,4408,4409,4410,4411,4412,4413,4414,4415,4416,4417,4418,4419,4420,4421,4422,4423,4424,4425,4426,4431,4432,4433,4434,4435,4436,4437,4438,4439,4440,4441,4442,4443,4445,4446,4447,4448,4449,4450,4451,4452,4453,4454,4455,4456,4457,4458,4459,4460,4461,4462,4463,4464,4465,4466,4467,4468,4469
3850	3838,3846,3849,3852,3870,3875,3938,3941,3955,3966,4056,4074,4083,4131,4167,4174,4192,4199,4200,4209,4221,4227,4229,4232,4241,4256,4260,4299,4327,4331,4332,4336,4337,4339,4340,4341,4342,4343,4344,4345,4347,4348,4349,4350,4351,4352,4353,4354,4355,4356,4358,4359,4360,4361,4362,4364,4365,4366,4367,4368,4369,4370,4371,4372,4373,4374,4375,4376,4377,4378,4379,4380,4381,4382,4383,4384,4385,4386,4387,4388,4389,4391,4392,4393,4394,4395,4396,4397,4398,4399,4400,4401,4402,4403,4404,4405,4406,4407,4408,4409,4410,4411,4412,4413,4414,4415,4416,4417,4418,4419,4420,4421,4422,4423,4424,4425,4426,4431,4432,4433,4434,4435,4436,4437,4438,4439,4440,4441,4442,4443,4445,4446,4447,4448,4449,4450,4451,4452,4453,4454,4455,4456,4457,4458,4459,4460,4461,4462,4463,4464,4465,4466,4467,4468,4469
3875	3838,3846,3852,3870,3875,3938,3941,3955,3966,4056,4074,4083,4131,4167,4174,4192,4199,4200,4209,4221,4229,4232,4241,4256,4260,4336,4337,4339,4340,4341,4342,4343,4344,4345,4347,4348,4349,4350,4351,4352,4353,4354,4356,4358,4359,4360,4361,4362,4364,4365,4366,4367,4368,4369,4370,4371,4372,4373,4374,4375,4376,4377,4378,4379,4380,4381,4382,4383,4384,4385,4386,4387,4388,4389,4391,4392,4393,4394,4395,4396,4397,4398,4399,4400,4401,4402,4403,4404,4405,4406,4407,4408,4409,4410,4411,4412,4413,4414,4415,4416,4417,4418,4419,4420,4421,4422,4423,4424,4425,4426,4431,4432,4433,4434,4435,4436,4437,4438,4439,4440,4441,4442,4443,4445,4446,4447,4448,4449,4450,4451,4452,4453,4454,4455,4456,4457,4458,4459,4460,4461,4462,4463,4464,4465,4466,4467,4468,4469,4470,4471,4472,4474,4475
3900	3838,3846,3852,3870,3875,3938,3955,3966,4056,4074,4083,4167,4174,4192,4199,4200,4209,4241,4260,4336,4337,4341,4342,4345,4347,4348,4349,4350,4351,4352,4353,4359,4361,4362,4365,4367,4368,4369,4370,4372,4374,4375,4376,4377,4378,4379,4382,4384,4386,4387,4388,4389,4392,4393,4396,4397,4399,4400,4401,4402,4404,4405,4406,4407,4408,4409,4411,4412,4414,4415,4416,4417,4418,4419,4424,4425,4426,4431,4432,4434,4435,4436,4438,4439,4440,4441,4443,4445,4446,4447,4448,4449,4450,4451,4452,4453,4455,4456,4458,4459,4460,4461,4462,4463,4465,4466,4467,4468,4469,4470,4471,4472,4474,4475,4476,4477,4478,4479,4480,4481,4482,4483,4484,4485,4486,4488,4489,4491,4492,4493,4494,4495,4496,4497,4498,4499,4500
3925	3838,3846,3852,3870,3875,3938,3955,4083,4174,4192,4199,4200,4209,4337,4341,4342,4345,4347,4348,4350,4351,4352,4353,4361,4362,4365,4367,4368,4370,4372,4374,4375,4376,4377,4378,4382,4384,4389,4397,4399,4400,4401,4402,4405,4406,4407,4408,4409,4411,4415,4417,4419,4425,4426,4432,4436,4438,4439,4440,4441,4443,4445,4447,4448,4449,4451,4452,4453,4458,4460,4461,4462,4463,4469,4470,4471,4472,4474,4475,4476,4477,4478,4479,4480,4481,4482,4483,4484,4485,4486,4488,4489,4491,4492,4493,4494,4495,4496,4497,4498,4499,4500,4501,4502,4503,4504,4505,4506,4507,4508,4509,4510,4511,4512,4513,4514,4515,4516,4517,4518,4519,4520,4521,4522,4523,4524,4525,4526,4527,4528,4529,4530,4531,4532,4533,4534,4535,4536,4537,4538,4539,4540,4541
3950	3846,3852,3870,3875,3938,3955,4083,4174,4192,4200,4209,4337,4341,4342,4345,4347,4350,4351,4352,4353,4361,4362,4367,4368,4370,4372,4375,4376,4382,4384,4397,4399,4400,4401,4402,4407,4408,4411,4415,4417,4419,4425,4432,4436,4438,4440,4443,4445,4447,4451,4460,4461,4462,4463,4469,4470,4471,4472,4474,4475,4476,4477,4478,4479,4480,4481,4482,4483,4484,4485,4486,4488,4489,4491,4492,4493,4494,4495,4496,4497,4498,4499,4500,4501,4502,4503,4504,4505,4506,4507,4508,4509,4510,4511,4512,4513,4514,4515,4516,4517,4518,4519,4520,4521,4522,4523,4524,4525,4526,4527,4528,4529,4530,4531,4532,4533,4534,4535,4536,4537,4538,4539,4540,4541,4543,4544,4545,4546,4547,4548,4549,4550,4551,4552,4553,4554,4555,4556,4557
3975	3846,3852,3870,3938,3955,4174,4209,4337,4342,4345,4347,4352,4353,4361,4362,4367,4368,4372,4375,4376,4384,4400,4407,4411,4415,4417,4419,4425,4436,4438,4440,4443,4451,4469,4470,4471,4472,4474,4475,4476,4477,4478,4479,4480,4481,4482,4483,4484,4485,4486,4488,4489,4491,4492,4493,4494,4495,4496,4497,4498,4499,4500,4501,4502,4503,4504,4505,4506,4507,4508,4509,4510,4511,4512,4513,4514,4515,4516,4517,4518,4519,4520,4521,4522,4523,4524,4525,4526,4527,4528,4529,4530,4531,4532,4533,4534,4535,4536,4537,4538,4539,4540,4541,4543,4544,4545,4546,4547,4548,4549,4550,4551,4552,4553,4554,4555,4556,4557,4558,4559,4560,4561,4562,4563,4564
4000	3846,3852,3870,3938,3955,4174,4209,4337,4342,4345,4347,4353,4361,4362,4367,4372,4375,4376,4384,4400,4407,4411,4417,4419,4425,4436,4440,4451,4469,4470,4471,4472,4474,4475,4476,4477,4478,4479,4480,4481,4482,4483,4484,4485,4486,4488,4489,4491,4492,4493,4494,4495,4496,4497,4498,4499,4500,4501,4502,4503,4504,4505,4506,4507,4508,4509,4510,4511,4512,4513,4514,4515,4516,4517,4518,4519,4520,4521,4522,4523,4524,4525,4526,4527,4528,4529,4530,4531,4532,4533,4534,4535,4536,4537,4538,4539,4540,4541,4543,4544,4545,4546,4547,4548,4549,4550,4551,4552,4553,4554,4555,4556,4557,4558,4559,4560,4561,4562,4563,4564,4565,4566,4567,4568,4570,4571,4572,4573,4574,4575,4576,4577,4578,4579,4580,4581,4582,4583,4584,4586,4587,4588,4589,4590,4592,4593,4594,4595,4596,4597,4598,4599,4600,4601,4602,4603,4604,4605,4606,4607,4608,4609,4610,4612,4613,4614,4615,4616,4617,4618,4619,4620,4621,4622,4623,4624,4625,4626,4627,4628,4629,4630,4631,4632,4633,4634,4635,4636,4637,4638,4639,4640,4641,4643,4645,4646,4647
