cycle_id	birth	death	lifetime	died_by	len
0	5	274	269	new	3
1	5	336	331	new	3
2	6	387	381	new	3
3	9	353	344	new	3
4	9	477	468	new	3
5	11	322	311	new	3
6	13	232	219	new	3
7	13	477	464	path	3
8	13	274	261	path	3
9	14	252	238	new	3
10	14	624	610	new	3
11	15	336	321	path	3
12	15	382	367	new	3
13	16	228	212	new	3
14	18	339	321	new	3
15	18	335	317	new	3
16	19	454	435	path	3
17	19	387	368	path	3
18	21	329	308	new	3
19	22	334	312	new	3
20	23	304	281	new	3
21	24	387	363	path	3
22	24	562	538	path	3
23	25	244	219	new	3
24	25	322	297	path	3
25	27	326	299	path	3
26	27	274	247	path	3
27	27	272	245	new	3
28	27	387	360	path	3
29	28	305	277	new	3
30	29	163	134	new	3
31	29	191	162	new	3
32	29	310	281	new	3
33	30	562	532	new	3
34	31	334	303	path	3
35	31	207	176	new	3
36	32	208	176	new	3
37	32	471	439	path	3
38	33	457	424	new	3
39	36	435	399	new	3
40	36	455	419	path	3
41	36	254	218	new	3
42	37	335	298	path	3
43	38	191	153	new	3
44	40	305	265	new	3
45	40	281	241	new	3
46	40	237	197	new	3
47	40	383	343	new	3
48	41	341	300	path	3
49	41	301	260	new	3
50	42	322	280	path	3
51	42	185	143	new	3
52	42	271	229	new	3
53	42	464	422	new	3
54	43	253	210	new	3
55	43	232	189	new	3
56	44	454	410	path	3
57	44	274	230	new	3
58	44	471	427	new	3
59	45	664	619	new	3
60	45	326	281	path	3
61	45	207	162	new	3
62	46	451	405	new	3
63	46	182	136	new	3
64	46	733	687	path	3
65	46	310	264	path	3
66	47	181	134	new	3
67	47	181	134	new	3
68	47	353	306	path	3
69	47	427	380	new	3
70	48	435	387	path	3
71	48	455	407	path	3
72	48	562	514	path	3
73	49	183	134	new	3
74	49	358	309	path	3
75	49	182	133	new	3
76	49	177	128	new	3
77	50	562	512	path	3
78	50	249	199	new	3
79	50	336	286	path	3
80	50	406	356	new	3
81	50	222	172	new	3
82	51	215	164	new	3
83	51	187	136	new	3
84	51	343	292	path	3
85	51	252	201	path	3
86	51	500	449	new	3
87	52	290	238	new	3
88	53	189	136	new	3
89	53	674	621	new	3
90	53	471	418	path	3
91	53	219	166	new	3
92	53	184	131	new	3
93	53	456	403	new	3
94	54	274	220	new	3
95	54	309	255	new	3
96	55	189	134	new	3
97	55	334	279	path	3
98	55	393	338	path	3
99	55	266	211	new	3
100	55	361	306	path	3
101	56	361	305	path	3
102	56	310	254	path	3
103	56	199	143	new	3
104	57	465	408	new	3
105	57	191	134	new	3
106	58	252	194	path	3
107	58	296	238	new	3
108	58	273	215	new	3
109	58	212	154	new	3
110	60	206	146	new	3
111	62	299	237	new	3
112	62	195	133	new	3
113	63	196	133	new	3
114	63	261	198	new	3
115	63	316	253	new	3
116	64	240	176	new	3
117	64	219	155	path	3
118	65	341	276	path	3
119	66	236	170	new	3
120	67	282	215	new	3
121	67	548	481	new	3
122	67	375	308	path	3
123	68	202	134	new	3
124	71	412	341	new	3
125	71	339	268	path	3
126	72	274	202	new	3
127	74	457	383	new	3
128	79	528	449	new	3
129	80	296	216	new	3
130	82	266	184	path	3
131	82	274	192	path	3
132	85	304	219	new	3
133	86	276	190	new	3
134	88	280	192	new	3
135	89	300	211	new	3
136	93	454	361	path	3
137	94	337	243	new	3
138	95	493	398	path	3
139	95	275	180	new	3
140	95	231	136	new	3
141	96	353	257	path	3
142	96	265	169	new	3
143	97	316	219	path	3
144	97	340	243	new	3
145	98	263	165	new	3
146	98	298	200	new	3
147	100	249	149	new	3
148	100	288	188	new	3
149	102	490	388	new	3
150	107	336	229	path	3
151	114	326	212	new	3
152	121	335	214	path	3
153	122	382	260	path	3
154	123	276	153	new	3
155	123	596	473	path	3
156	124	329	205	path	3
157	125	259	134	new	3
158	125	480	355	new	3
159	125	259	134	new	3
160	125	259	134	new	3
161	125	581	456	new	3
162	127	317	190	new	3
163	127	427	300	path	3
164	127	370	243	path	3
165	127	270	143	new	3
166	127	294	167	new	3
167	127	581	454	path	3
168	128	522	394	new	3
169	128	466	338	new	3
170	128	280	152	new	3
171	128	301	173	new	3
172	128	484	356	new	3
173	129	263	134	new	3
174	129	259	130	new	3
175	129	337	208	path	3
176	130	436	306	path	3
177	131	344	213	new	3
178	131	499	368	new	3
179	131	289	158	new	3
180	132	298	166	new	3
181	132	360	228	new	3
182	132	389	257	new	3
183	133	269	136	new	3
184	133	353	220	new	3
185	134	268	134	new	3
186	134	312	178	new	3
187	134	277	143	new	3
188	135	300	165	new	3
189	135	276	141	new	3
190	135	282	147	new	3
191	136	269	133	new	3
192	136	401	265	new	3
193	137	311	174	new	3
194	137	289	152	new	3
195	139	536	397	new	3
196	139	393	254	new	3
197	140	394	254	new	3
198	141	429	288	new	3
199	141	296	155	new	3
200	141	374	233	new	3
201	142	276	134	new	3
202	142	339	197	path	3
203	143	446	303	new	3
204	143	462	319	new	3
205	143	524	381	new	3
206	144	381	237	path	3
207	144	278	134	new	3
208	145	440	295	new	3
209	145	422	277	new	3
210	146	312	166	new	3
211	146	452	306	new	3
212	146	340	194	path	3
213	146	458	312	new	3
214	147	321	174	new	3
215	147	336	189	new	3
216	147	348	201	new	3
217	148	610	462	new	3
218	148	353	205	path	3
219	150	286	136	new	3
220	152	448	296	new	3
221	154	352	198	new	3
222	154	394	240	new	3
223	155	498	343	path	3
224	155	372	217	new	3
225	157	291	134	new	3
226	157	423	266	new	3
227	157	480	323	new	3
228	158	658	500	new	3
229	159	471	312	new	3
230	160	294	134	new	3
231	160	415	255	new	3
232	161	328	167	new	3
233	169	339	170	new	3
234	170	373	203	new	3
235	171	379	208	new	3
236	173	484	311	path	3
237	176	524	348	path	3
238	183	672	489	path	3
239	187	382	195	path	3
240	189	535	346	path	3
241	195	523	328	path	3
242	198	495	297	new	3
243	202	438	236	new	3
244	203	581	378	path	3
245	206	525	319	path	3
246	207	404	197	new	3
247	208	476	268	new	3
248	209	489	280	path	3
249	209	406	197	new	3
250	210	394	184	path	3
251	211	484	273	new	3
252	215	384	169	new	3
253	215	349	134	new	3
254	215	617	402	new	3
255	215	462	247	new	3
256	216	396	180	new	3
257	216	523	307	path	3
258	216	413	197	new	3
259	218	452	234	new	3
260	218	444	226	new	3
261	218	456	238	new	3
262	218	352	134	new	3
263	218	350	132	new	3
264	219	375	156	new	3
265	219	351	132	new	3
266	219	535	316	path	3
267	220	406	186	new	3
268	221	353	132	new	3
269	221	600	379	path	3
270	221	400	179	new	3
271	222	446	224	path	3
272	223	509	286	path	3
273	223	456	233	path	3
274	223	536	313	path	3
275	223	399	176	new	3
276	223	527	304	path	3
277	224	527	303	new	3
278	224	386	162	new	3
279	224	452	228	new	3
280	224	480	256	path	3
281	225	423	198	new	3
282	225	453	228	new	3
283	226	403	177	new	3
284	226	360	134	new	3
285	226	362	136	new	3
286	226	461	235	new	3
287	227	499	272	path	3
288	227	439	212	new	3
289	227	424	197	new	3
290	227	363	136	new	3
291	227	505	278	path	3
292	227	475	248	new	3
293	227	386	159	new	3
294	227	456	229	path	3
295	227	404	177	new	3
296	227	444	217	path	3
297	228	440	212	new	3
298	228	462	234	path	3
299	228	460	232	new	3
300	228	468	240	new	3
301	228	406	178	new	3
302	229	430	201	new	3
303	229	430	201	new	3
304	229	471	242	path	3
305	229	474	245	new	3
306	229	527	298	path	3
307	229	496	267	new	3
308	229	477	248	new	3
309	230	462	232	new	3
310	230	528	298	path	3
311	230	392	162	new	3
312	230	409	179	new	3
313	230	471	241	path	3
314	230	470	240	new	3
315	230	406	176	new	3
316	230	476	246	path	3
317	230	511	281	path	3
318	230	535	305	new	3
319	231	403	172	new	3
320	231	536	305	path	3
321	231	359	128	new	3
322	231	435	204	path	3
323	231	424	193	path	3
324	231	444	213	new	3
325	231	398	167	new	3
326	232	484	252	path	3
327	232	384	152	new	3
328	233	445	212	new	3
329	233	440	207	path	3
330	234	466	232	new	3
331	234	368	134	new	3
332	234	643	409	new	3
333	234	456	222	path	3
334	234	435	201	new	3
335	234	367	133	new	3
336	234	683	449	new	3
337	234	474	240	new	3
338	235	557	322	path	3
339	235	418	183	new	3
340	235	368	133	new	3
341	235	444	209	path	3
342	235	365	130	new	3
343	236	370	134	new	3
344	236	448	212	path	3
345	236	418	182	new	3
346	236	531	295	new	3
347	237	462	225	path	3
348	237	797	560	new	3
349	237	462	225	path	3
350	238	719	481	new	3
351	238	368	130	new	3
352	238	406	168	new	3
353	238	672	434	new	3
354	238	434	196	new	3
355	238	622	384	path	3
356	238	388	150	new	3
357	239	619	380	new	3
358	239	454	215	new	3
359	239	395	156	new	3
360	239	523	284	path	3
361	239	373	134	new	3
362	239	451	212	new	3
363	240	409	169	path	3
364	240	406	166	path	3
365	240	440	200	new	3
366	240	535	295	new	3
367	240	535	295	path	3
368	241	653	412	new	3
369	241	423	182	path	3
370	241	524	283	new	3
371	241	370	129	new	3
372	241	674	433	path	3
373	242	448	206	new	3
374	242	376	134	new	3
375	242	473	231	new	3
376	242	479	237	new	3
377	242	569	327	new	3
378	242	386	144	new	3
379	243	384	141	new	3
380	243	379	136	new	3
381	243	456	213	new	3
382	243	377	134	new	3
383	243	473	230	new	3
384	243	512	269	new	3
385	243	502	259	new	3
386	243	457	214	new	3
387	244	480	236	path	3
388	244	448	204	path	3
389	244	431	187	new	3
390	244	417	173	new	3
391	244	398	154	new	3
392	244	417	173	new	3
393	244	380	136	new	3
394	244	381	137	new	3
395	245	805	560	path	3
396	245	373	128	new	3
397	245	472	227	new	3
398	245	387	142	new	3
399	246	459	213	new	3
400	246	746	500	new	3
401	246	456	210	new	3
402	246	451	205	new	3
403	246	464	218	path	3
404	246	460	214	new	3
405	246	512	266	new	3
406	246	403	157	new	3
407	246	405	159	new	3
408	247	381	134	new	3
409	247	527	280	path	3
410	247	549	302	new	3
411	247	394	147	new	3
412	248	657	409	path	3
413	248	382	134	new	3
414	248	434	186	new	3
415	248	415	167	new	3
416	248	461	213	path	3
417	249	401	152	new	3
418	249	471	222	new	3
419	249	444	195	new	3
420	250	624	374	path	3
421	250	448	198	new	3
422	250	499	249	new	3
423	250	463	213	new	3
424	251	404	153	new	3
425	251	458	207	new	3
426	251	552	301	new	3
427	251	418	167	new	3
428	251	418	167	new	3
429	251	385	134	new	3
430	252	538	286	new	3
431	252	548	296	path	3
432	252	468	216	path	3
433	252	528	276	path	3
434	252	450	198	new	3
435	252	386	134	new	3
436	253	469	216	new	3
437	253	465	212	new	3
438	253	387	134	new	3
439	253	480	227	path	3
440	253	547	294	new	3
441	253	533	280	path	3
442	253	440	187	new	3
443	253	448	195	path	3
444	253	484	231	path	3
445	253	426	173	new	3
446	253	524	271	path	3
447	254	544	290	new	3
448	254	517	263	new	3
449	254	557	303	path	3
450	254	456	202	new	3
451	255	422	167	new	3
452	255	427	172	new	3
453	255	467	212	new	3
454	255	427	172	new	3
455	255	456	201	new	3
456	255	389	134	new	3
457	255	427	172	new	3
458	255	515	260	path	3
459	256	432	176	new	3
460	256	392	136	new	3
461	256	467	211	new	3
462	256	409	153	new	3
463	257	459	202	new	3
464	257	440	183	new	3
465	257	391	134	new	3
466	257	477	220	path	3
467	257	391	134	new	3
468	257	405	148	new	3
469	258	490	232	path	3
470	258	390	132	new	3
471	259	442	183	new	3
472	259	509	250	path	3
473	259	517	258	path	3
474	259	474	215	path	3
475	259	509	250	path	3
476	260	449	189	new	3
477	260	467	207	new	3
478	260	619	359	path	3
479	260	393	133	new	3
480	260	548	288	path	3
481	261	475	214	new	3
482	261	465	204	new	3
483	261	424	163	new	3
484	261	596	335	new	3
485	262	448	186	new	3
486	262	396	134	new	3
487	263	263	0	new	3
488	263	492	229	path	3
489	263	543	280	path	3
490	263	456	193	path	3
491	263	527	264	path	3
492	264	459	195	new	3
493	264	398	134	new	3
494	264	470	206	path	3
495	264	536	272	path	3
496	265	422	157	new	3
497	265	411	146	new	3
498	265	466	201	path	3
499	265	456	191	new	3
500	265	617	352	path	3
501	266	527	261	new	3
502	266	604	338	new	3
503	267	671	404	new	3
504	267	403	136	new	3
505	267	579	312	new	3
506	267	561	294	new	3
507	268	402	134	new	3
508	268	416	148	new	3
509	268	467	199	new	3
510	269	402	133	new	3
511	269	405	136	new	3
512	269	465	196	path	3
513	269	476	207	new	3
514	269	440	171	new	3
515	270	474	204	new	3
516	271	685	414	new	3
517	271	439	168	path	3
518	271	694	423	new	3
519	272	405	133	new	3
520	272	405	133	new	3
521	272	448	176	new	3
522	273	474	201	new	3
523	273	407	134	new	3
524	273	484	211	new	3
525	274	485	211	path	3
526	274	447	173	new	3
527	274	408	134	new	3
528	274	454	180	path	3
529	274	416	142	new	3
530	274	408	134	new	3
531	275	794	519	path	3
532	275	419	144	new	3
533	275	455	180	new	3
534	275	579	304	new	3
535	275	475	200	new	3
536	275	484	209	new	3
537	275	618	343	path	3
538	275	573	298	path	3
539	276	472	196	new	3
540	276	464	188	new	3
541	276	596	320	path	3
542	276	410	134	new	3
543	276	453	177	new	3
544	276	589	313	path	3
545	276	486	210	new	3
546	277	487	210	new	3
547	277	542	265	path	3
548	277	474	197	path	3
549	277	436	159	new	3
550	277	411	134	new	3
551	278	656	378	path	3
552	278	412	134	new	3
553	278	711	433	new	3
554	278	491	213	new	3
555	279	460	181	new	3
556	280	610	330	path	3
557	280	408	128	new	3
558	280	414	134	new	3
559	280	414	134	new	3
560	280	610	330	path	3
561	280	447	167	new	3
562	281	458	177	new	3
563	281	776	495	new	3
564	282	495	213	new	3
565	282	456	174	new	3
566	283	704	421	new	3
567	283	475	192	new	3
568	284	420	136	new	3
569	284	444	160	new	3
570	284	466	182	new	3
571	286	628	342	path	3
572	288	594	306	path	3
573	288	448	160	path	3
574	290	460	170	new	3
575	291	444	153	new	3
576	291	428	137	new	3
577	291	455	164	new	3
578	292	500	208	path	3
579	292	444	152	new	3
580	292	572	280	new	3
581	292	477	185	path	3
582	293	631	338	new	3
583	293	590	297	path	3
584	294	535	241	path	3
585	294	652	358	new	3
586	295	474	179	new	3
587	295	473	178	path	3
588	297	430	133	new	3
589	297	601	304	path	3
590	297	440	143	path	3
591	298	660	362	new	3
592	298	456	158	new	3
593	298	509	211	new	3
594	298	619	321	path	3
595	298	628	330	path	3
596	299	480	181	path	3
597	299	433	134	new	3
598	299	475	176	path	3
599	300	452	152	path	3
600	301	509	208	path	3
601	304	483	179	new	3
602	304	481	177	new	3
603	305	552	247	new	3
604	305	498	193	path	3
605	305	718	413	new	3
606	306	710	404	new	3
607	306	540	234	new	3
608	308	441	133	new	3
609	309	672	363	new	3
610	309	510	201	new	3
611	309	510	201	new	3
612	309	521	212	new	3
613	310	462	152	new	3
614	310	491	181	path	3
615	310	534	224	new	3
616	310	503	193	new	3
617	310	535	225	path	3
618	311	444	133	new	3
619	311	525	214	path	3
620	311	761	450	new	3
621	312	497	185	path	3
622	312	499	187	new	3
623	312	445	133	new	3
624	312	487	175	new	3
625	313	484	171	new	3
626	313	489	176	new	3
627	314	460	146	new	3
628	314	761	447	path	3
629	314	444	130	new	3
630	314	457	143	new	3
631	314	464	150	new	3
632	315	548	233	path	3
633	315	521	206	new	3
634	315	761	446	path	3
635	316	495	179	path	3
636	316	449	133	new	3
637	316	466	150	new	3
638	316	495	179	path	3
639	316	452	136	new	3
640	316	450	134	new	3
641	317	656	339	new	3
642	317	623	306	new	3
643	318	581	263	path	3
644	318	652	334	new	3
645	319	471	152	new	3
646	320	456	136	new	3
647	320	531	211	new	3
648	320	484	164	new	3
649	321	627	306	path	3
650	321	454	133	new	3
651	322	488	166	new	3
652	322	501	179	new	3
653	322	533	211	new	3
654	322	612	290	path	3
655	324	535	211	new	3
656	325	484	159	new	3
657	327	667	340	new	3
658	328	690	362	new	3
659	329	515	186	path	3
660	330	528	198	path	3
661	330	573	243	new	3
662	334	548	214	path	3
663	334	555	221	new	3
664	334	564	230	new	3
665	335	576	241	new	3
666	335	526	191	new	3
667	336	469	133	new	3
668	336	517	181	path	3
669	338	471	133	new	3
670	339	514	175	new	3
671	340	507	167	new	3
672	340	521	181	new	3
673	340	525	185	path	3
674	340	507	167	new	3
675	340	615	275	path	3
676	341	562	221	path	3
677	341	516	175	new	3
678	341	536	195	path	3
679	341	597	256	new	3
680	342	631	289	new	3
681	342	816	474	new	3
682	343	550	207	new	3
683	344	527	183	path	3
684	345	500	155	new	3
685	346	593	247	path	3
686	346	538	192	path	3
687	346	600	254	new	3
688	346	534	188	path	3
689	346	538	192	new	3
690	346	581	235	path	3
691	347	499	152	new	3
692	348	547	199	new	3
693	349	698	349	path	3
694	349	570	221	new	3
695	349	698	349	path	3
696	350	547	197	path	3
697	350	556	206	path	3
698	351	521	170	path	3
699	353	630	277	path	3
700	355	580	225	new	3
701	355	581	226	new	3
702	357	644	287	new	3
703	358	622	264	path	3
704	358	358	0	new	3
705	358	660	302	path	3
706	358	491	133	new	3
707	359	493	134	new	3
708	359	541	182	new	3
709	360	546	186	new	3
710	360	658	298	path	3
711	362	622	260	path	3
712	363	622	259	path	3
713	368	658	290	path	3
714	371	626	255	new	3
715	371	603	232	new	3
716	373	572	199	new	3
717	374	663	289	new	3
718	375	649	274	path	3
719	375	650	275	new	3
720	376	611	235	new	3
721	377	586	209	new	3
722	378	616	238	new	3
723	378	528	150	new	3
724	381	610	229	path	3
725	381	381	0	new	3
726	381	515	134	new	3
727	382	757	375	new	3
728	383	753	370	new	3
729	384	597	213	path	3
730	386	782	396	path	3
731	386	546	160	path	3
732	387	594	207	new	3
733	387	594	207	new	3
734	387	594	207	new	3
735	388	540	152	new	3
736	388	532	144	new	3
737	388	537	149	new	3
738	390	549	159	new	3
739	390	567	177	new	3
740	391	583	192	new	3
741	391	581	190	path	3
742	391	569	178	path	3
743	392	601	209	path	3
744	393	630	237	path	3
745	393	721	328	path	3
746	393	548	155	new	3
747	394	649	255	new	3
748	394	528	134	new	3
749	395	529	134	new	3
750	395	746	351	path	3
751	395	607	212	new	3
752	395	529	134	new	3
753	398	565	167	new	3
754	398	532	134	new	3
755	399	695	296	new	3
756	399	635	236	new	3
757	399	601	202	path	3
758	399	560	161	new	3
759	399	549	150	new	3
760	400	729	329	new	3
761	400	613	213	new	3
762	400	681	281	new	3
763	401	537	136	new	3
764	402	676	274	new	3
765	402	614	212	new	3
766	402	623	221	new	3
767	402	658	256	path	3
768	403	654	251	new	3
769	403	572	169	new	3
770	403	567	164	path	3
771	403	618	215	new	3
772	404	538	134	new	3
773	404	591	187	new	3
774	404	593	189	new	3
775	405	595	190	new	3
776	406	610	204	new	3
777	406	627	221	new	3
778	407	541	134	new	3
779	407	624	217	path	3
780	407	588	181	new	3
781	407	594	187	new	3
782	407	691	284	new	3
783	408	692	284	path	3
784	408	653	245	path	3
785	408	574	166	new	3
786	408	750	342	new	3
787	408	542	134	new	3
788	408	542	134	new	3
789	408	599	191	path	3
790	408	595	187	new	3
791	408	556	148	new	3
792	409	620	211	new	3
793	410	619	209	new	3
794	410	666	256	new	3
795	410	544	134	new	3
796	411	598	187	new	3
797	411	559	148	new	3
798	411	545	134	new	3
799	411	545	134	new	3
800	411	640	229	new	3
801	412	546	134	new	3
802	412	829	417	path	3
803	412	586	174	new	3
804	412	567	155	new	3
805	412	667	255	new	3
806	413	610	197	new	3
807	413	589	176	new	3
808	413	614	201	new	3
809	413	623	210	path	3
810	413	660	247	path	3
811	414	550	136	new	3
812	414	547	133	new	3
813	414	628	214	path	3
814	414	594	180	path	3
815	414	688	274	new	3
816	415	609	194	new	3
817	415	625	210	new	3
818	415	576	161	new	3
819	415	622	207	new	3
820	415	566	151	new	3
821	415	631	216	path	3
822	415	549	134	new	3
823	416	667	251	new	3
824	416	548	132	new	3
825	416	624	208	new	3
826	417	551	134	new	3
827	417	599	182	new	3
828	417	736	319	path	3
829	417	568	151	new	3
830	417	692	275	new	3
831	417	753	336	new	3
832	417	595	178	path	3
833	417	759	342	new	3
834	417	597	180	new	3
835	418	690	272	path	3
836	418	615	197	new	3
837	418	581	163	new	3
838	418	418	0	new	3
839	418	634	216	new	3
840	418	605	187	new	3
841	419	784	365	path	3
842	419	569	150	new	3
843	419	658	239	new	3
844	419	629	210	path	3
845	419	640	221	path	3
846	419	620	201	new	3
847	419	553	134	new	3
848	420	568	148	new	3
849	420	599	179	new	3
850	420	599	179	new	3
851	421	575	154	new	3
852	421	691	270	new	3
853	422	588	166	new	3
854	422	556	134	new	3
855	422	556	134	new	3
856	422	631	209	path	3
857	422	608	186	new	3
858	422	606	184	new	3
859	423	571	148	new	3
860	424	604	180	new	3
861	424	558	134	new	3
862	424	624	200	path	3
863	424	633	209	new	3
864	424	558	134	new	3
865	424	609	185	path	3
866	425	587	162	new	3
867	425	697	272	new	3
868	425	620	195	new	3
869	426	585	159	new	3
870	426	920	494	path	3
871	426	560	134	new	3
872	426	578	152	new	3
873	426	615	189	new	3
874	426	616	190	new	3
875	427	729	302	new	3
876	427	583	156	new	3
877	427	632	205	new	3
878	428	632	204	new	3
879	428	731	303	path	3
880	428	632	204	new	3
881	428	586	158	path	3
882	429	700	271	new	3
883	429	623	194	new	3
884	429	565	136	new	3
885	430	724	294	new	3
886	430	574	144	new	3
887	431	614	183	new	3
888	431	704	273	new	3
889	431	613	182	path	3
890	432	656	224	path	3
891	432	572	140	new	3
892	432	640	208	new	3
893	432	740	308	new	3
894	433	433	0	new	3
895	433	623	190	new	3
896	433	734	301	new	3
897	434	607	173	new	3
898	436	609	173	new	3
899	436	662	226	new	3
900	437	611	174	new	3
901	439	596	157	path	3
902	439	598	159	new	3
903	440	574	134	new	3
904	440	630	190	new	3
905	440	596	156	new	3
906	440	614	174	new	3
907	441	630	189	new	3
908	441	609	168	path	3
909	442	615	173	new	3
910	442	575	133	new	3
911	443	615	172	new	3
912	443	649	206	path	3
913	444	650	206	new	3
914	444	699	255	new	3
915	445	630	185	path	3
916	445	610	165	new	3
917	445	630	185	path	3
918	446	636	190	new	3
919	446	736	290	new	3
920	446	701	255	new	3
921	446	864	418	new	3
922	447	718	271	path	3
923	447	581	134	new	3
924	447	658	211	new	3
925	447	583	136	new	3
926	448	640	192	path	3
927	448	599	151	path	3
928	449	608	159	new	3
929	449	720	271	path	3
930	451	629	178	new	3
931	452	642	190	new	3
932	452	603	151	new	3
933	452	755	303	path	3
934	453	585	132	new	3
935	454	720	266	new	3
936	455	589	134	new	3
937	456	717	261	new	3
938	457	644	187	new	3
939	458	592	134	new	3
940	464	621	157	new	3
941	465	636	171	new	3
942	466	648	182	new	3
943	466	767	301	new	3
944	466	642	176	new	3
945	467	653	186	new	3
946	468	635	167	new	3
947	469	679	210	new	3
948	470	618	148	new	3
949	470	790	320	new	3
950	470	710	240	path	3
951	474	648	174	new	3
952	476	670	194	new	3
953	478	694	216	path	3
954	479	645	166	new	3
955	479	650	171	new	3
956	479	868	389	new	3
957	479	634	155	new	3
958	480	647	167	new	3
959	480	614	134	new	3
960	480	721	241	path	3
961	481	653	172	new	3
962	482	940	458	new	3
963	482	662	180	new	3
964	482	624	142	new	3
965	482	656	174	new	3
966	482	830	348	new	3
967	483	654	171	new	3
968	483	672	189	path	3
969	484	632	148	new	3
970	484	663	179	new	3
971	485	619	134	new	3
972	485	796	311	path	3
973	485	646	161	new	3
974	485	679	194	new	3
975	485	672	187	path	3
976	486	687	201	new	3
977	486	681	195	new	3
978	486	664	178	new	3
979	486	686	200	path	3
980	488	624	136	new	3
981	488	636	148	new	3
982	488	811	323	new	3
983	489	712	223	new	3
984	491	625	134	new	3
985	492	899	407	new	3
986	492	671	179	path	3
987	492	644	152	new	3
988	492	648	156	new	3
989	496	643	147	new	3
990	496	637	141	new	3
991	497	667	170	new	3
992	497	667	170	new	3
993	497	497	0	new	3
994	498	662	164	new	3
995	498	671	173	new	3
996	498	737	239	new	3
997	500	710	210	new	3
998	500	634	134	new	3
999	500	667	167	path	3
1000	500	634	134	new	3
1001	500	650	150	new	3
1002	500	651	151	path	3
1003	501	699	198	new	3
1004	501	501	0	new	3
1005	502	677	175	new	3
1006	503	821	318	path	3
1007	504	666	162	new	3
1008	504	638	134	new	3
1009	505	673	168	new	3
1010	505	686	181	new	3
1011	508	642	134	new	3
1012	508	652	144	new	3
1013	510	644	134	new	3
1014	510	719	209	new	3
1015	511	668	157	new	3
1016	511	642	131	new	3
1017	511	670	159	new	3
1018	512	759	247	new	3
1019	512	733	221	path	3
1020	512	757	245	new	3
1021	513	663	150	new	3
1022	513	684	171	new	3
1023	513	686	173	new	3
1024	513	647	134	new	3
1025	514	719	205	path	3
1026	514	683	169	path	3
1027	514	685	171	new	3
1028	515	657	142	new	3
1029	515	724	209	new	3
1030	515	765	250	new	3
1031	516	662	146	new	3
1032	516	646	130	new	3
1033	516	646	130	new	3
1034	516	662	146	new	3
1035	517	663	146	new	3
1036	518	652	134	new	3
1037	519	684	165	new	3
1038	520	730	210	path	3
1039	520	654	134	new	3
1040	521	653	132	new	3
1041	521	700	179	path	3
1042	521	654	133	new	3
1043	522	661	139	new	3
1044	523	523	0	new	3
1045	523	711	188	new	3
1046	523	722	199	path	3
1047	523	672	149	new	3
1048	523	672	149	new	3
1049	523	705	182	new	3
1050	524	782	258	new	3
1051	524	657	133	new	3
1052	524	688	164	new	3
1053	524	725	201	new	3
1054	525	659	134	new	3
1055	525	719	194	path	3
1056	525	721	196	path	3
1057	525	726	201	new	3
1058	528	656	128	new	3
1059	530	695	165	new	3
1060	530	664	134	new	3
1061	531	687	156	new	3
1062	531	665	134	new	3
1063	531	677	146	new	3
1064	533	667	134	new	3
1065	533	689	156	new	3
1066	534	662	128	new	3
1067	535	669	134	new	3
1068	535	729	194	new	3
1069	537	673	136	new	3
1070	537	695	158	new	3
1071	539	677	138	new	3
1072	539	673	134	new	3
1073	540	674	134	new	3
1074	540	747	207	new	3
1075	541	684	143	new	3
1076	541	701	160	path	3
1077	541	700	159	new	3
1078	541	675	134	new	3
1079	542	694	152	new	3
1080	542	675	133	new	3
1081	542	875	333	path	3
1082	542	783	241	path	3
1083	543	688	145	new	3
1084	543	713	170	new	3
1085	543	695	152	new	3
1086	546	676	130	new	3
1087	546	546	0	new	3
1088	546	715	169	new	3
1089	547	682	135	new	3
1090	547	692	145	new	3
1091	548	684	136	new	3
1092	548	709	161	new	3
1093	549	746	197	new	3
1094	549	765	216	new	3
1095	549	729	180	path	3
1096	550	803	253	path	3
1097	551	758	207	new	3
1098	551	894	343	new	3
1099	551	675	124	new	3
1100	552	864	312	path	3
1101	552	852	300	new	3
1102	553	831	278	new	3
1103	553	695	142	new	3
1104	553	756	203	new	3
1105	556	796	240	path	3
1106	560	686	126	path	3
1107	573	741	168	new	3
1108	573	706	133	new	3
1109	573	771	198	path	3
1110	574	736	162	new	3
1111	574	919	345	path	3
1112	577	763	186	new	3
1113	581	715	134	new	3
1114	582	811	229	new	3
1115	583	717	134	new	3
1116	583	774	191	new	3
1117	583	774	191	new	3
1118	584	718	134	new	3
1119	585	719	134	new	3
1120	586	782	196	new	3
1121	588	1001	413	path	3
1122	589	928	339	path	3
1123	590	778	188	path	3
1124	590	782	192	new	3
1125	590	743	153	new	3
1126	590	590	0	new	3
1127	590	830	240	new	3
1128	590	735	145	new	3
1129	590	727	137	new	3
1130	590	765	175	new	3
1131	591	754	163	new	3
1132	592	814	222	path	3
1133	592	735	143	new	3
1134	593	839	246	new	3
1135	594	750	156	new	3
1136	594	835	241	path	3
1137	594	727	133	new	3
1138	594	797	203	new	3
1139	594	882	288	new	3
1140	595	746	151	new	3
1141	596	730	134	new	3
1142	596	732	136	new	3
1143	598	734	136	new	3
1144	599	938	339	new	3
1145	600	736	136	new	3
1146	602	864	262	new	3
1147	603	867	264	new	3
1148	605	785	180	new	3
1149	607	742	135	new	3
1150	610	814	204	path	3
1151	611	747	136	new	3
1152	612	769	157	new	3
1153	613	796	183	path	3
1154	613	814	201	new	3
1155	614	772	158	new	3
1156	616	806	190	new	3
1157	616	764	148	new	3
1158	616	763	147	new	3
1159	617	759	142	new	3
1160	617	800	183	new	3
1161	618	794	176	new	3
1162	619	748	129	new	3
1163	619	790	171	new	3
1164	619	752	133	new	3
1165	623	859	236	new	3
1166	624	909	285	new	3
1167	624	862	238	new	3
1168	625	759	134	new	3
1169	628	942	314	path	3
1170	633	819	186	new	3
1171	634	840	206	new	3
1172	650	971	321	new	3
1173	661	795	134	new	3
1174	671	869	198	new	3
1175	674	901	227	path	3
1176	674	850	176	new	3
1177	674	1008	334	path	3
1178	675	826	151	new	3
1179	676	810	134	new	3
1180	677	825	148	new	3
1181	677	811	134	new	3
1182	678	853	175	new	3
1183	678	834	156	new	3
1184	678	877	199	new	3
1185	679	813	134	new	3
1186	679	876	197	new	3
1187	679	812	133	new	3
1188	681	809	128	new	3
1189	681	901	220	path	3
1190	681	878	197	new	3
1191	682	985	303	path	3
1192	689	823	134	new	3
1193	690	857	167	new	3
1194	691	856	165	new	3
1195	693	889	196	path	3
1196	693	870	177	new	3
1197	695	917	222	new	3
1198	696	969	273	new	3
1199	698	920	222	path	3
1200	698	832	134	new	3
1201	698	894	196	path	3
1202	699	876	177	new	3
1203	699	848	149	new	3
1204	699	990	291	new	3
1205	699	1001	302	path	3
1206	700	942	242	path	3
1207	700	1012	312	new	3
1208	701	846	145	new	3
1209	701	909	208	new	3
1210	701	942	241	path	3
1211	701	877	176	new	3
1212	701	976	275	new	3
1213	702	836	134	new	3
1214	702	984	282	new	3
1215	702	854	152	new	3
1216	702	986	284	new	3
1217	703	900	197	new	3
1218	703	1019	316	new	3
1219	704	844	140	new	3
1220	704	840	136	new	3
1221	704	897	193	new	3
1222	704	872	168	path	3
1223	704	876	172	new	3
1224	704	1012	308	new	3
1225	706	880	174	new	3
1226	706	899	193	new	3
1227	706	706	0	new	3
1228	707	963	256	path	3
1229	707	1018	311	path	3
1230	708	841	133	new	3
1231	708	836	128	new	3
1232	709	843	134	new	3
1233	709	843	134	new	3
1234	710	1037	327	new	3
1235	710	844	134	new	3
1236	710	843	133	new	3
1237	710	873	163	new	3
1238	711	932	221	new	3
1239	711	870	159	new	3
1240	711	928	217	new	3
1241	713	900	187	path	3
1242	713	849	136	new	3
1243	713	876	163	new	3
1244	715	879	164	new	3
1245	715	866	151	new	3
1246	715	848	133	new	3
1247	715	848	133	new	3
1248	715	879	164	new	3
1249	716	865	149	new	3
1250	716	900	184	path	3
1251	716	923	207	path	3
1252	717	845	128	new	3
1253	718	852	134	new	3
1254	720	1015	295	path	3
1255	721	901	180	path	3
1256	733	867	134	new	3
1257	742	984	242	path	3
1258	742	902	160	new	3
1259	744	885	141	new	3
1260	748	888	140	new	3
1261	755	889	134	new	3
1262	759	963	204	new	3
1263	763	975	212	new	3
1264	767	1009	242	path	3
1265	767	945	178	new	3
1266	768	944	176	new	3
1267	775	1013	238	new	3
1268	784	942	158	new	3
1269	817	950	133	new	3
1270	821	1039	218	new	3
1271	821	1095	274	new	3
1272	822	956	134	new	3
1273	824	1051	227	new	3
1274	831	967	136	new	3
1275	839	1001	162	new	3
1276	841	975	134	new	3
1277	841	975	134	new	3
1278	843	1078	235	new	3
1279	846	1032	186	new	3
1280	861	1048	187	path	3
1281	867	1033	166	path	3
1282	876	1046	170	path	3
1283	882	1015	133	new	3
1284	885	1052	167	path	3
1285	899	1027	128	new	3
1286	938	1071	133	new	3
1287	940	1074	134	new	3
1288	952	1085	133	new	3
1289	965	1099	134	new	3
1290	974	1320	346	new	3
1291	974	1335	361	new	3
1292	975	1392	417	path	3
1293	975	1145	170	new	3
1294	977	1433	456	new	3
1295	979	1392	413	path	3
1296	980	1209	229	new	3
1297	981	1280	299	new	3
1298	981	1267	286	new	3
1299	981	1285	304	new	3
1300	981	1274	293	new	3
1301	982	1129	147	new	3
1302	983	1212	229	new	3
1303	983	1392	409	path	3
1304	984	1274	290	path	3
1305	984	1284	300	new	3
1306	984	1391	407	new	3
1307	987	1230	243	new	3
1308	987	1274	287	path	3
1309	987	1285	298	path	3
1310	988	1184	196	new	3
1311	990	1366	376	new	3
1312	991	1485	494	path	3
1313	992	1311	319	new	3
1314	993	1213	220	new	3
1315	993	1280	287	path	3
1316	995	1621	626	new	3
1317	995	1359	364	new	3
1318	995	1419	424	new	3
1319	996	1396	400	new	3
1320	997	1214	217	new	3
1321	997	1144	147	new	3
1322	998	1647	649	path	3
1323	998	1220	222	new	3
1324	999	1230	231	path	3
1325	999	1386	387	new	3
1326	1000	1181	181	new	3
1327	1000	1294	294	new	3
1328	1000	1292	292	new	3
1329	1000	1152	152	new	3
1330	1000	1406	406	path	3
1331	1000	1485	485	path	3
1332	1000	1396	396	new	3
1333	1001	1423	422	path	3
1334	1001	1267	266	new	3
1335	1002	1200	198	new	3
1336	1002	1230	228	path	3
1337	1002	1223	221	new	3
1338	1003	1377	374	new	3
1339	1003	1420	417	new	3
1340	1003	1137	134	new	3
1341	1003	1208	205	new	3
1342	1004	1214	210	path	3
1343	1004	1375	371	new	3
1344	1004	1391	387	path	3
1345	1004	1214	210	path	3
1346	1004	1485	481	path	3
1347	1007	1352	345	new	3
1348	1010	1593	583	new	3
1349	1011	1391	380	path	3
1350	1014	1311	297	path	3
1351	1015	1421	406	new	3
1352	1016	1351	335	new	3
1353	1016	1280	264	path	3
1354	1016	1280	264	path	3
1355	1019	1275	256	new	3
1356	1020	1190	170	new	3
1357	1023	1230	207	path	3
1358	1023	1328	305	new	3
1359	1024	1229	205	new	3
1360	1025	1347	322	new	3
1361	1025	1025	0	new	3
1362	1026	1353	327	new	3
1363	1028	1259	231	new	3
1364	1028	1267	239	path	3
1365	1029	1288	259	new	3
1366	1030	1280	250	path	3
1367	1031	1264	233	new	3
1368	1031	1364	333	new	3
1369	1032	1183	151	new	3
1370	1033	1293	260	new	3
1371	1035	1230	195	path	3
1372	1040	1394	354	new	3
1373	1040	1294	254	new	3
1374	1046	1345	299	new	3
1375	1047	1308	261	new	3
1376	1047	1415	368	path	3
1377	1049	1201	152	new	3
1378	1049	1267	218	new	3
1379	1049	1280	231	path	3
1380	1049	1260	211	new	3
1381	1050	1270	220	path	3
1382	1051	1267	216	path	3
1383	1051	1185	134	new	3
1384	1051	1290	239	new	3
1385	1051	1392	341	path	3
1386	1052	1229	177	path	3
1387	1052	1293	241	path	3
1388	1052	1353	301	new	3
1389	1053	1261	208	new	3
1390	1054	1485	431	path	3
1391	1054	1267	213	path	3
1392	1054	1272	218	new	3
1393	1054	1230	176	new	3
1394	1054	1278	224	new	3
1395	1056	1343	287	new	3
1396	1056	1231	175	new	3
1397	1056	1285	229	new	3
1398	1057	1250	193	new	3
1399	1058	1275	217	new	3
1400	1058	1275	217	new	3
1401	1058	1452	394	new	3
1402	1059	1277	218	new	3
1403	1059	1297	238	new	3
1404	1060	1189	129	new	3
1405	1061	1341	280	new	3
1406	1061	1242	181	new	3
1407	1063	1274	211	path	3
1408	1063	1197	134	new	3
1409	1063	1398	335	new	3
1410	1063	1193	130	new	3
1411	1065	1199	134	new	3
1412	1065	1368	303	new	3
1413	1067	1230	163	new	3
1414	1068	1264	196	path	3
1415	1068	1420	352	path	3
1416	1069	1225	156	new	3
1417	1069	1585	516	new	3
1418	1069	1276	207	new	3
1419	1070	1204	134	new	3
1420	1070	1270	200	path	3
1421	1070	1297	227	new	3
1422	1070	1292	222	path	3
1423	1070	1285	215	path	3
1424	1071	1259	188	path	3
1425	1071	1071	0	new	3
1426	1072	1206	134	new	3
1427	1072	1431	359	path	3
1428	1072	1209	137	new	3
1429	1073	1340	267	new	3
1430	1074	1211	137	new	3
1431	1074	1359	285	new	3
1432	1074	1364	290	path	3
1433	1075	1313	238	new	3
1434	1075	1311	236	path	3
1435	1075	1311	236	path	3
1436	1075	1209	134	new	3
1437	1075	1647	572	path	3
1438	1075	1301	226	new	3
1439	1076	1212	136	new	3
1440	1076	1340	264	new	3
1441	1076	1339	263	new	3
1442	1076	1415	339	new	3
1443	1077	1288	211	new	3
1444	1078	1296	218	new	3
1445	1078	1500	422	new	3
1446	1078	1382	304	new	3
1447	1078	1214	136	new	3
1448	1078	1275	197	new	3
1449	1078	1341	263	path	3
1450	1078	1279	201	new	3
1451	1080	1278	198	new	3
1452	1080	1280	200	path	3
1453	1080	1249	169	new	3
1454	1081	1356	275	new	3
1455	1082	1435	353	new	3
1456	1083	1275	192	path	3
1457	1083	1217	134	new	3
1458	1085	1345	260	path	3
1459	1087	1403	316	new	3
1460	1090	1406	316	new	3
1461	1093	1296	203	path	3
1462	1094	1488	394	new	3
1463	1094	1274	180	new	3
1464	1095	1288	193	path	3
1465	1101	1279	178	new	3
1466	1104	1238	134	new	3
1467	1109	1419	310	path	3
1468	1111	1296	185	path	3
1469	1112	1377	265	new	3
1470	1112	1399	287	new	3
1471	1113	1276	163	new	3
1472	1114	1114	0	new	3
1473	1119	1337	218	new	3
1474	1119	1447	328	new	3
1475	1120	1385	265	new	3
1476	1120	1520	400	new	3
1477	1120	1410	290	new	3
1478	1122	1380	258	path	3
1479	1122	1338	216	new	3
1480	1122	1266	144	new	3
1481	1123	1310	187	new	3
1482	1123	1420	297	path	3
1483	1123	1419	296	new	3
1484	1124	1338	214	new	3
1485	1125	1290	165	new	3
1486	1126	1293	167	new	3
1487	1126	1317	191	new	3
1488	1127	1286	159	new	3
1489	1127	1305	178	path	3
1490	1127	1367	240	path	3
1491	1127	1497	370	new	3
1492	1127	1309	182	new	3
1493	1128	1506	378	path	3
1494	1128	1475	347	new	3
1495	1128	1332	204	new	3
1496	1128	1276	148	new	3
1497	1129	1442	313	new	3
1498	1129	1493	364	new	3
1499	1129	1368	239	path	3
1500	1130	1384	254	new	3
1501	1130	1266	136	new	3
1502	1130	1130	0	new	3
1503	1130	1346	216	new	3
1504	1130	1422	292	new	3
1505	1130	1457	327	path	3
1506	1130	1381	251	new	3
1507	1130	1300	170	new	3
1508	1130	1266	136	new	3
1509	1130	1335	205	new	3
1510	1130	1264	134	new	3
1511	1130	1266	136	new	3
1512	1131	1377	246	new	3
1513	1132	1355	223	path	3
1514	1132	1265	133	new	3
1515	1132	1266	134	new	3
1516	1132	1265	133	new	3
1517	1133	1493	360	path	3
1518	1133	1267	134	new	3
1519	1133	1290	157	new	3
1520	1133	1317	184	new	3
1521	1133	1412	279	new	3
1522	1133	1332	199	new	3
1523	1134	1334	200	new	3
1524	1134	1303	169	new	3
1525	1134	1283	149	new	3
1526	1134	1352	218	new	3
1527	1134	1452	318	path	3
1528	1134	1290	156	new	3
1529	1134	1315	181	new	3
1530	1134	1268	134	new	3
1531	1134	1350	216	new	3
1532	1134	1437	303	new	3
1533	1135	1390	255	path	3
1534	1135	1283	148	new	3
1535	1135	1269	134	new	3
1536	1136	1282	146	new	3
1537	1137	1348	211	new	3
1538	1137	1452	315	new	3
1539	1137	1298	161	new	3
1540	1137	1336	199	new	3
1541	1138	1272	134	new	3
1542	1138	1398	260	path	3
1543	1138	1294	156	new	3
1544	1139	1273	134	new	3
1545	1139	1352	213	path	3
1546	1139	1498	359	path	3
1547	1139	1356	217	new	3
1548	1139	1356	217	new	3
1549	1139	1356	217	new	3
1550	1140	1322	182	new	3
1551	1140	1351	211	new	3
1552	1140	1368	228	path	3
1553	1141	1566	425	new	3
1554	1141	1333	192	new	3
1555	1141	1291	150	new	3
1556	1141	1356	215	path	3
1557	1142	1409	267	path	3
1558	1142	1434	292	new	3
1559	1142	1276	134	new	3
1560	1143	1368	225	path	3
1561	1143	1353	210	path	3
1562	1143	1419	276	path	3
1563	1143	1290	147	new	3
1564	1143	1428	285	new	3
1565	1145	1861	716	path	3
1566	1145	1336	191	new	3
1567	1146	1347	201	new	3
1568	1146	1331	185	new	3
1569	1147	1402	255	new	3
1570	1147	1435	288	path	3
1571	1147	1561	414	new	3
1572	1147	1591	444	new	3
1573	1147	1493	346	path	3
1574	1148	1543	395	new	3
1575	1148	1345	197	path	3
1576	1148	1389	241	new	3
1577	1148	1320	172	new	3
1578	1148	1292	144	new	3
1579	1148	1345	197	new	3
1580	1149	1329	180	new	3
1581	1149	1283	134	new	3
1582	1149	1388	239	path	3
1583	1150	1513	363	new	3
1584	1151	1359	208	path	3
1585	1151	1502	351	new	3
1586	1151	1325	174	path	3
1587	1152	1409	257	path	3
1588	1152	1369	217	new	3
1589	1152	1479	327	path	3
1590	1152	1409	257	path	3
1591	1153	1409	256	path	3
1592	1153	1309	156	new	3
1593	1154	1288	134	new	3
1594	1154	1384	230	new	3
1595	1154	1285	131	new	3
1596	1155	1300	145	new	3
1597	1155	1777	622	new	3
1598	1155	1287	132	new	3
1599	1155	1289	134	new	3
1600	1155	1289	134	new	3
1601	1156	1309	153	new	3
1602	1156	1307	151	new	3
1603	1156	1460	304	new	3
1604	1156	1354	198	new	3
1605	1157	1332	175	new	3
1606	1158	1401	243	new	3
1607	1158	1434	276	new	3
1608	1158	1340	182	path	3
1609	1158	1354	196	new	3
1610	1158	1293	135	new	3
1611	1158	1301	143	new	3
1612	1158	1410	252	new	3
1613	1158	1381	223	path	3
1614	1159	1474	315	new	3
1615	1159	1412	253	new	3
1616	1160	1294	134	new	3
1617	1161	1544	383	path	3
1618	1162	1296	134	new	3
1619	1162	1373	211	path	3
1620	1162	1347	185	new	3
1621	1162	1327	165	new	3
1622	1162	1391	229	new	3
1623	1162	1393	231	new	3
1624	1163	1350	187	new	3
1625	1164	1353	189	new	3
1626	1164	1316	152	new	3
1627	1165	1354	189	new	3
1628	1166	1302	136	new	3
1629	1166	1474	308	new	3
1630	1166	1300	134	new	3
1631	1166	1353	187	new	3
1632	1166	1306	140	new	3
1633	1167	1301	134	new	3
1634	1167	1373	206	new	3
1635	1167	1331	164	new	3
1636	1167	1565	398	new	3
1637	1168	1381	213	new	3
1638	1169	1355	186	new	3
1639	1169	1315	146	new	3
1640	1170	1506	336	path	3
1641	1170	1375	205	path	3
1642	1170	1365	195	new	3
1643	1170	1304	134	new	3
1644	1171	1412	241	path	3
1645	1172	1401	229	new	3
1646	1172	1172	0	new	3
1647	1173	1310	137	new	3
1648	1173	1357	184	new	3
1649	1173	1433	260	new	3
1650	1173	1346	173	new	3
1651	1173	1415	242	path	3
1652	1174	1506	332	new	3
1653	1174	1307	133	new	3
1654	1174	1427	253	path	3
1655	1175	1317	142	new	3
1656	1175	1309	134	new	3
1657	1175	1377	202	new	3
1658	1175	1308	133	new	3
1659	1176	1382	206	new	3
1660	1176	1422	246	path	3
1661	1176	1310	134	new	3
1662	1176	1420	244	new	3
1663	1177	1467	290	new	3
1664	1178	1513	335	path	3
1665	1178	1419	241	new	3
1666	1178	1359	181	path	3
1667	1178	1312	134	new	3
1668	1179	1393	214	new	3
1669	1179	1377	198	path	3
1670	1179	1313	134	new	3
1671	1180	1331	151	new	3
1672	1180	1420	240	new	3
1673	1180	1338	158	new	3
1674	1181	1348	167	new	3
1675	1182	1753	571	path	3
1676	1182	1356	174	new	3
1677	1182	1398	216	new	3
1678	1182	1316	134	new	3
1679	1182	1480	298	new	3
1680	1182	1415	233	path	3
1681	1182	1371	189	new	3
1682	1182	1475	293	path	3
1683	1183	1734	551	new	3
1684	1184	1646	462	new	3
1685	1184	1393	209	new	3
1686	1185	1381	196	path	3
1687	1185	1399	214	new	3
1688	1186	1448	262	path	3
1689	1187	1334	147	new	3
1690	1187	1389	202	new	3
1691	1187	1433	246	path	3
1692	1188	1402	214	new	3
1693	1189	1553	364	path	3
1694	1189	1385	196	new	3
1695	1189	1405	216	new	3
1696	1191	1418	227	new	3
1697	1191	1396	205	path	3
1698	1194	1433	239	path	3
1699	1194	1394	200	new	3
1700	1195	1381	186	new	3
1701	1195	1328	133	new	3
1702	1196	1366	170	new	3
1703	1197	1406	209	new	3
1704	1198	1332	134	new	3
1705	1199	1408	209	new	3
1706	1199	1405	206	new	3
1707	1200	1334	134	new	3
1708	1200	1200	0	new	3
1709	1201	1412	211	new	3
1710	1201	1632	431	new	3
1711	1202	1336	134	new	3
1712	1202	1381	179	new	3
1713	1203	1339	136	new	3
1714	1203	1403	200	path	3
1715	1204	1396	192	path	3
1716	1204	1366	162	new	3
1717	1205	1597	392	new	3
1718	1205	1356	151	new	3
1719	1207	1561	354	path	3
1720	1207	1207	0	new	3
1721	1208	1341	133	new	3
1722	1208	1355	147	new	3
1723	1209	1383	174	new	3
1724	1209	1380	171	new	3
1725	1211	1582	371	path	3
1726	1211	1388	177	new	3
1727	1211	1433	222	path	3
1728	1211	1392	181	new	3
1729	1212	1384	172	new	3
1730	1212	1393	181	path	3
1731	1212	1391	179	path	3
1732	1213	1420	207	path	3
1733	1213	1372	159	new	3
1734	1213	1469	256	new	3
1735	1213	1435	222	path	3
1736	1215	1407	192	new	3
1737	1215	1406	191	path	3
1738	1217	1503	286	new	3
1739	1218	1416	198	new	3
1740	1218	1634	416	new	3
1741	1219	1390	171	new	3
1742	1220	1387	167	new	3
1743	1221	1534	313	path	3
1744	1222	1404	182	new	3
1745	1222	1517	295	new	3
1746	1222	1434	212	path	3
1747	1222	1356	134	new	3
1748	1223	1390	167	new	3
1749	1223	1524	301	new	3
1750	1224	1405	181	path	3
1751	1224	1540	316	new	3
1752	1225	1359	134	new	3
1753	1227	1380	153	new	3
1754	1227	1473	246	new	3
1755	1229	1384	155	new	3
1756	1230	1421	191	path	3
1757	1230	1383	153	new	3
1758	1230	1362	132	new	3
1759	1230	1397	167	new	3
1760	1230	1364	134	new	3
1761	1231	1489	258	path	3
1762	1232	1435	203	path	3
1763	1232	1439	207	new	3
1764	1233	1391	158	new	3
1765	1233	1367	134	new	3
1766	1234	1425	191	new	3
1767	1236	1497	261	new	3
1768	1237	1434	197	path	3
1769	1239	1456	217	new	3
1770	1239	1444	205	new	3
1771	1239	1493	254	new	3
1772	1241	1416	175	new	3
1773	1242	1455	213	new	3
1774	1242	1410	168	new	3
1775	1242	1570	328	new	3
1776	1244	1244	0	new	3
1777	1244	1426	182	new	3
1778	1245	1392	147	new	3
1779	1246	1380	134	new	3
1780	1247	1375	128	new	3
1781	1247	1459	212	new	3
1782	1247	1411	164	new	3
1783	1248	1480	232	path	3
1784	1248	1421	173	path	3
1785	1248	1381	133	new	3
1786	1248	1398	150	new	3
1787	1249	1463	214	new	3
1788	1251	1441	190	new	3
1789	1252	1466	214	new	3
1790	1252	1465	213	path	3
1791	1252	1506	254	path	3
1792	1252	1475	223	path	3
1793	1252	1453	201	new	3
1794	1254	1753	499	new	3
1795	1254	1498	244	new	3
1796	1256	1459	203	new	3
1797	1256	1456	200	new	3
1798	1256	1401	145	new	3
1799	1256	1561	305	path	3
1800	1257	1629	372	new	3
1801	1259	1403	144	new	3
1802	1261	1410	149	new	3
1803	1262	1396	134	new	3
1804	1262	1438	176	new	3
1805	1263	1422	159	new	3
1806	1263	1411	148	new	3
1807	1266	1432	166	new	3
1808	1266	1485	219	new	3
1809	1266	1526	260	new	3
1810	1267	1486	219	new	3
1811	1267	1424	157	new	3
1812	1267	1704	437	new	3
1813	1267	1399	132	new	3
1814	1267	1401	134	new	3
1815	1269	1431	162	new	3
1816	1270	1439	169	path	3
1817	1270	1404	134	new	3
1818	1272	1533	261	new	3
1819	1272	1569	297	path	3
1820	1272	1406	134	new	3
1821	1273	1474	201	path	3
1822	1277	1484	207	new	3
1823	1278	1581	303	new	3
1824	1278	1760	482	new	3
1825	1279	1413	134	new	3
1826	1279	1472	193	new	3
1827	1280	1414	134	new	3
1828	1281	1415	134	new	3
1829	1281	1486	205	new	3
1830	1281	1440	159	new	3
1831	1281	1452	171	new	3
1832	1282	1481	199	new	3
1833	1282	1415	133	new	3
1834	1283	1638	355	new	3
1835	1283	1417	134	new	3
1836	1283	1494	211	new	3
1837	1284	1492	208	new	3
1838	1284	1496	212	new	3
1839	1284	1492	208	new	3
1840	1285	1428	143	new	3
1841	1285	1695	410	new	3
1842	1285	1419	134	new	3
1843	1285	1616	331	new	3
1844	1285	1460	175	new	3
1845	1285	1528	243	new	3
1846	1286	1950	664	new	3
1847	1286	1470	184	new	3
1848	1286	1650	364	path	3
1849	1286	1516	230	new	3
1850	1286	1450	164	new	3
1851	1287	1817	530	new	3
1852	1287	1476	189	new	3
1853	1287	1493	206	path	3
1854	1287	1428	141	new	3
1855	1287	1421	134	new	3
1856	1287	1442	155	new	3
1857	1287	1457	170	new	3
1858	1287	1421	134	new	3
1859	1287	2007	720	new	3
1860	1287	1510	223	new	3
1861	1287	1495	208	new	3
1862	1289	1422	133	new	3
1863	1289	1476	187	new	3
1864	1289	1499	210	new	3
1865	1289	1423	134	new	3
1866	1289	1517	228	new	3
1867	1289	1577	288	new	3
1868	1289	1431	142	new	3
1869	1290	1614	324	new	3
1870	1290	1656	366	new	3
1871	1290	1552	262	new	3
1872	1291	1520	229	new	3
1873	1293	1469	176	new	3
1874	1295	1504	209	new	3
1875	1295	1500	205	new	3
1876	1296	1533	237	path	3
1877	1297	1609	312	new	3
1878	1298	1516	218	new	3
1879	1298	1431	133	new	3
1880	1299	1469	170	new	3
1881	1299	1435	136	new	3
1882	1299	1436	137	new	3
1883	1300	1480	180	new	3
1884	1300	1596	296	new	3
1885	1301	1534	233	new	3
1886	1301	1472	171	new	3
1887	1304	1438	134	new	3
1888	1304	1818	514	path	3
1889	1305	1438	133	new	3
1890	1305	1470	165	new	3
1891	1306	1558	252	new	3
1892	1307	1516	209	path	3
1893	1307	1574	267	new	3
1894	1309	1519	210	new	3
1895	1309	1443	134	new	3
1896	1310	1505	195	new	3
1897	1310	1446	136	new	3
1898	1311	1516	205	path	3
1899	1311	1573	262	new	3
1900	1312	1446	134	new	3
1901	1312	1577	265	path	3
1902	1312	1487	175	new	3
1903	1315	1517	202	new	3
1904	1316	1480	164	path	3
1905	1316	1495	179	new	3
1906	1316	1518	202	new	3
1907	1316	1502	186	new	3
1908	1317	1500	183	new	3
1909	1318	1631	313	path	3
1910	1318	1542	224	path	3
1911	1318	1502	184	new	3
1912	1318	1995	677	new	3
1913	1319	1475	156	new	3
1914	1319	1489	170	path	3
1915	1322	1500	178	new	3
1916	1323	1498	175	new	3
1917	1325	1495	170	new	3
1918	1326	1528	202	new	3
1919	1327	1518	191	new	3
1920	1328	1481	153	path	3
1921	1329	1554	225	new	3
1922	1330	1466	136	new	3
1923	1333	1541	208	new	3
1924	1334	1602	268	path	3
1925	1335	1529	194	path	3
1926	1336	1554	218	new	3
1927	1336	1592	256	new	3
1928	1336	1502	166	new	3
1929	1337	1527	190	new	3
1930	1339	1657	318	new	3
1931	1341	1501	160	new	3
1932	1342	1519	177	new	3
1933	1343	1597	254	path	3
1934	1344	1500	156	new	3
1935	1344	1602	258	path	3
1936	1345	1479	134	new	3
1937	1345	1479	134	new	3
1938	1347	1489	142	new	3
1939	1348	1482	134	new	3
1940	1349	1524	175	new	3
1941	1350	1573	223	path	3
1942	1350	1511	161	new	3
1943	1353	1652	299	path	3
1944	1354	1574	220	new	3
1945	1354	1519	165	new	3
1946	1355	1562	207	new	3
1947	1355	1529	174	new	3
1948	1356	1663	307	new	3
1949	1357	1563	206	new	3
1950	1359	1810	451	path	3
1951	1361	1534	173	path	3
1952	1362	1555	193	new	3
1953	1362	1362	0	new	3
1954	1363	1582	219	path	3
1955	1363	1497	134	new	3
1956	1364	1500	136	new	3
1957	1364	1555	191	path	3
1958	1364	1609	245	path	3
1959	1364	1571	207	new	3
1960	1365	1499	134	new	3
1961	1365	1513	148	new	3
1962	1365	1516	151	new	3
1963	1365	1501	136	new	3
1964	1365	1501	136	new	3
1965	1366	1523	157	new	3
1966	1367	1711	344	new	3
1967	1368	1565	197	path	3
1968	1368	1528	160	new	3
1969	1368	1502	134	new	3
1970	1368	1574	206	new	3
1971	1369	1544	175	path	3
1972	1372	1563	191	path	3
1973	1372	1504	132	new	3
1974	1373	1569	196	new	3
1975	1373	1507	134	new	3
1976	1374	1647	273	path	3
1977	1374	1374	0	new	3
1978	1374	1571	197	path	3
1979	1374	1578	204	new	3
1980	1375	1595	220	new	3
1981	1377	1543	166	new	3
1982	1379	1582	203	path	3
1983	1380	1514	134	new	3
1984	1380	1516	136	new	3
1985	1382	1516	134	new	3
1986	1382	1579	197	new	3
1987	1382	1516	134	new	3
1988	1383	1648	265	new	3
1989	1385	1385	0	new	3
1990	1390	1557	167	new	3
1991	1391	1527	136	new	3
1992	1392	1595	203	path	3
1993	1392	1558	166	new	3
1994	1392	1526	134	new	3
1995	1394	1599	205	new	3
1996	1395	1573	178	path	3
1997	1396	1541	145	new	3
1998	1396	1561	165	new	3
1999	1396	1578	182	path	3
2000	1396	1578	182	new	3
2001	1396	1652	256	path	3
2002	1397	1531	134	new	3
2003	1397	1529	132	new	3
2004	1399	1540	141	new	3
2005	1399	1553	154	new	3
2006	1399	1729	330	new	3
2007	1400	1528	128	new	3
2008	1400	1545	145	new	3
2009	1402	1536	134	new	3
2010	1402	1530	128	new	3
2011	1402	1605	203	new	3
2012	1403	1545	142	new	3
2013	1403	1598	195	new	3
2014	1403	1663	260	path	3
2015	1403	1593	190	path	3
2016	1404	1580	176	new	3
2017	1404	1710	306	new	3
2018	1404	1609	205	new	3
2019	1406	1734	328	path	3
2020	1407	1573	166	path	3
2021	1410	1584	174	new	3
2022	1411	1563	152	new	3
2023	1415	1549	134	new	3
2024	1415	1549	134	new	3
2025	1416	1587	171	new	3
2026	1417	1620	203	new	3
2027	1417	1621	204	new	3
2028	1421	1603	182	path	3
2029	1422	1758	336	new	3
2030	1422	1556	134	new	3
2031	1422	1621	199	new	3
2032	1423	1605	182	new	3
2033	1423	1600	177	new	3
2034	1426	1559	133	new	3
2035	1426	1597	171	new	3
2036	1427	1593	166	new	3
2037	1428	1589	161	new	3
2038	1429	1562	133	new	3
2039	1429	1598	169	new	3
2040	1430	1609	179	path	3
2041	1431	1565	134	new	3
2042	1432	1646	214	path	3
2043	1433	1569	136	new	3
2044	1436	1569	133	new	3
2045	1440	1639	199	new	3
2046	1442	1576	134	new	3
2047	1444	1600	156	new	3
2048	1446	1778	332	new	3
2049	1448	1582	134	new	3
2050	1449	1621	172	new	3
2051	1450	1638	188	path	3
2052	1450	1620	170	new	3
2053	1451	1628	177	new	3
2054	1452	1611	159	new	3
2055	1456	1862	406	new	3
2056	1457	2005	548	new	3
2057	1457	1591	134	new	3
2058	1458	1635	177	new	3
2059	1459	1593	134	new	3
2060	1459	1592	133	new	3
2061	1459	1691	232	path	3
2062	1459	1714	255	path	3
2063	1459	1593	134	new	3
2064	1460	1647	187	path	3
2065	1461	1595	134	new	3
2066	1462	1884	422	new	3
2067	1463	1641	178	new	3
2068	1463	1729	266	path	3
2069	1464	1598	134	new	3
2070	1465	1616	151	new	3
2071	1465	1612	147	new	3
2072	1465	1665	200	new	3
2073	1465	1620	155	new	3
2074	1465	1842	377	new	3
2075	1466	1631	165	new	3
2076	1466	1628	162	new	3
2077	1467	1638	171	new	3
2078	1467	1618	151	new	3
2079	1467	1621	154	new	3
2080	1468	1604	136	new	3
2081	1468	1669	201	new	3
2082	1468	1687	219	new	3
2083	1469	1658	189	new	3
2084	1471	1666	195	path	3
2085	1471	1672	201	new	3
2086	1472	1608	136	new	3
2087	1473	1620	147	new	3
2088	1473	1673	200	new	3
2089	1479	1479	0	new	3
2090	1482	1649	167	path	3
2091	1483	1617	134	new	3
2092	1484	1661	177	new	3
2093	1487	1661	174	new	3
2094	1488	1845	357	path	3
2095	1491	1899	408	path	3
2096	1500	1721	221	new	3
2097	1501	1636	135	new	3
2098	1501	1772	271	new	3
2099	1503	1685	182	new	3
2100	1510	2207	697	new	3
2101	1517	1651	134	new	3
2102	1517	1653	136	new	3
2103	1525	1659	134	new	3
2104	1525	1718	193	new	3
2105	1527	1527	0	new	3
2106	1531	1777	246	path	3
2107	1532	1726	194	new	3
2108	1533	1670	137	new	3
2109	1533	1702	169	new	3
2110	1537	1764	227	path	3
2111	1544	1678	134	new	3
2112	1545	1722	177	new	3
2113	1548	1748	200	path	3
2114	1548	1760	212	new	3
2115	1553	1701	148	new	3
2116	1553	1686	133	new	3
2117	1555	1695	140	new	3
2118	1555	1689	134	new	3
2119	1557	1690	133	new	3
2120	1557	1691	134	new	3
2121	1559	1757	198	new	3
2122	1562	1955	393	new	3
2123	1564	1564	0	new	3
2124	1565	1784	219	new	3
2125	1565	1695	130	new	3
2126	1569	1746	177	new	3
2127	1570	1760	190	path	3
2128	1572	1857	285	new	3
2129	1580	1771	191	new	3
2130	1580	1816	236	path	3
2131	1580	1775	195	new	3
2132	1581	1796	215	new	3
2133	1582	1715	133	new	3
2134	1583	2083	500	path	3
2135	1584	1772	188	new	3
2136	1584	1987	403	new	3
2137	1591	1772	181	new	3
2138	1591	1845	254	path	3
2139	1591	2038	447	path	3
2140	1595	1766	171	new	3
2141	1596	1733	137	new	3
2142	1598	1769	171	new	3
2143	1598	1769	171	new	3
2144	1600	1600	0	new	3
2145	1600	1784	184	new	3
2146	1602	1846	244	path	3
2147	1602	1771	169	new	3
2148	1606	1742	136	new	3
2149	1607	1743	136	new	3
2150	1607	1743	136	new	3
2151	1608	1807	199	new	3
2152	1608	1742	134	new	3
2153	1608	1807	199	new	3
2154	1608	1742	134	new	3
2155	1609	1791	182	path	3
2156	1610	1812	202	path	3
2157	1611	2091	480	path	3
2158	1611	1994	383	new	3
2159	1612	1868	256	new	3
2160	1614	1934	320	path	3
2161	1614	1994	380	path	3
2162	1616	1750	134	new	3
2163	1616	1750	134	new	3
2164	1616	1878	262	new	3
2165	1617	1777	160	path	3
2166	1618	1812	194	new	3
2167	1618	1802	184	new	3
2168	1618	1812	194	path	3
2169	1619	1755	136	new	3
2170	1620	1794	174	new	3
2171	1620	1817	197	path	3
2172	1620	2100	480	new	3
2173	1621	1768	147	new	3
2174	1623	1623	0	new	3
2175	1626	1760	134	new	3
2176	1630	1841	211	new	3
2177	1631	1787	156	new	3
2178	1635	1815	180	new	3
2179	1638	1961	323	new	3
2180	1644	2007	363	path	3
2181	1646	1944	298	path	3
2182	1649	1996	347	new	3
2183	1649	1857	208	path	3
2184	1651	1805	154	new	3
2185	1665	1842	177	new	3
2186	1670	1850	180	new	3
2187	1671	1884	213	path	3
2188	1671	2189	518	new	3
2189	1672	2002	330	path	3
2190	1672	1808	136	new	3
2191	1674	1846	172	new	3
2192	1674	1810	136	new	3
2193	1674	1863	189	new	3
2194	1676	2060	384	path	3
2195	1676	1958	282	new	3
2196	1676	2065	389	new	3
2197	1677	1915	238	path	3
2198	1678	1812	134	new	3
2199	1678	2065	387	new	3
2200	1679	1963	284	new	3
2201	1681	1862	181	new	3
2202	1681	1881	200	path	3
2203	1683	1967	284	new	3
2204	1691	1691	0	new	3
2205	1692	1975	283	new	3
2206	1692	2063	371	new	3
2207	1694	1988	294	new	3
2208	1698	1881	183	path	3
2209	1712	2053	341	path	3
2210	1714	1954	240	new	3
2211	1716	1933	217	new	3
2212	1717	1853	136	new	3
2213	1717	1853	136	new	3
2214	1717	1888	171	new	3
2215	1718	1854	136	new	3
2216	1718	1917	199	new	3
2217	1718	1917	199	new	3
2218	1718	1926	208	new	3
2219	1719	1853	134	new	3
2220	1719	1890	171	new	3
2221	1719	1944	225	path	3
2222	1720	2002	282	new	3
2223	1721	1962	241	new	3
2224	1722	1959	237	new	3
2225	1723	1992	269	path	3
2226	1723	2038	315	new	3
2227	1724	2005	281	new	3
2228	1724	1961	237	new	3
2229	1724	1873	149	new	3
2230	1725	2000	275	new	3
2231	1725	1915	190	new	3
2232	1725	1960	235	new	3
2233	1726	1994	268	path	3
2234	1727	1903	176	new	3
2235	1727	2009	282	path	3
2236	1728	2145	417	new	3
2237	1728	1961	233	new	3
2238	1728	2373	645	path	3
2239	1728	2067	339	new	3
2240	1728	1861	133	new	3
2241	1728	1916	188	new	3
2242	1729	2100	371	new	3
2243	1729	1939	210	new	3
2244	1729	1863	134	new	3
2245	1729	1946	217	path	3
2246	1729	2149	420	new	3
2247	1731	1865	134	new	3
2248	1731	1950	219	path	3
2249	1732	1941	209	new	3
2250	1732	1879	147	new	3
2251	1733	2238	505	path	3
2252	1733	2056	323	new	3
2253	1734	1899	165	new	3
2254	1734	2131	397	new	3
2255	1734	1937	203	new	3
2256	1734	1899	165	new	3
2257	1734	1939	205	new	3
2258	1734	1868	134	new	3
2259	1735	2057	322	new	3
2260	1735	1912	177	new	3
2261	1736	1878	142	new	3
2262	1737	2071	334	new	3
2263	1738	1872	134	new	3
2264	1739	2021	282	new	3
2265	1741	1950	209	path	3
2266	1743	1743	0	new	3
2267	1744	1919	175	path	3
2268	1766	1899	133	new	3
2269	1766	2175	409	path	3
2270	1767	1941	174	new	3
2271	1768	2045	277	new	3
2272	1778	1931	153	new	3
2273	1779	2101	322	path	3
2274	1793	2370	577	path	3
2275	1794	1928	134	new	3
2276	1794	1944	150	new	3
2277	1795	2529	734	new	3
2278	1795	1955	160	new	3
2279	1795	1929	134	new	3
2280	1796	1946	150	new	3
2281	1796	2006	210	path	3
2282	1797	2037	240	path	3
2283	1799	2013	214	path	3
2284	1800	1958	158	new	3
2285	1801	1947	146	new	3
2286	1801	1987	186	new	3
2287	1801	2072	271	path	3
2288	1802	1964	162	new	3
2289	1802	1989	187	new	3
2290	1803	1803	0	new	3
2291	1803	1961	158	new	3
2292	1803	1981	178	new	3
2293	1804	2060	256	new	3
2294	1804	1938	134	new	3
2295	1805	1990	185	new	3
2296	1805	1947	142	new	3
2297	1806	2108	302	new	3
2298	1806	2047	241	new	3
2299	1806	1942	136	new	3
2300	1806	2261	455	path	3
2301	1807	1941	134	new	3
2302	1807	2255	448	new	3
2303	1807	1955	148	new	3
2304	1809	1977	168	new	3
2305	1809	2067	258	new	3
2306	1810	1995	185	new	3
2307	1812	2050	238	new	3
2308	1813	2035	222	path	3
2309	1817	2021	204	new	3
2310	1820	2058	238	new	3
2311	1820	2127	307	path	3
2312	1821	2067	246	path	3
2313	1821	2100	279	path	3
2314	1822	1956	134	new	3
2315	1822	2090	268	path	3
2316	1823	2005	182	new	3
2317	1823	2004	181	new	3
2318	1823	1957	134	new	3
2319	1823	2024	201	path	3
2320	1823	1974	151	new	3
2321	1824	2058	234	new	3
2322	1824	2006	182	new	3
2323	1825	2040	215	new	3
2324	1825	2107	282	new	3
2325	1826	1996	170	new	3
2326	1827	2082	255	new	3
2327	1827	2421	594	path	3
2328	1828	2010	182	path	3
2329	1829	2201	372	path	3
2330	1830	2127	297	path	3
2331	1831	2026	195	new	3
2332	1832	2037	205	path	3
2333	1832	2014	182	new	3
2334	1832	2027	195	new	3
2335	1833	2129	296	new	3
2336	1834	1992	158	new	3
2337	1834	2532	698	new	3
2338	1835	1969	134	new	3
2339	1835	1988	153	new	3
2340	1835	1968	133	new	3
2341	1836	2028	192	path	3
2342	1836	2031	195	new	3
2343	1836	2092	256	new	3
2344	1837	2029	192	new	3
2345	1837	2029	192	new	3
2346	1838	2040	202	new	3
2347	1838	2031	193	path	3
2348	1839	2019	180	new	3
2349	1839	2037	198	new	3
2350	1839	1973	134	new	3
2351	1840	1971	131	new	3
2352	1841	2040	199	new	3
2353	1841	2108	267	new	3
2354	1841	2012	171	new	3
2355	1843	1974	131	new	3
2356	1843	2118	275	new	3
2357	1843	1979	136	new	3
2358	1847	2050	203	path	3
2359	1849	1983	134	new	3
2360	1850	2023	173	new	3
2361	1850	1850	0	new	3
2362	1850	1998	148	new	3
2363	1850	1984	134	new	3
2364	1851	2014	163	new	3
2365	1852	2072	220	new	3
2366	1852	1986	134	new	3
2367	1853	2127	274	new	3
2368	1853	2010	157	new	3
2369	1853	2073	220	new	3
2370	1853	2126	273	path	3
2371	1853	2164	311	new	3
2372	1854	2404	550	new	3
2373	1854	2017	163	new	3
2374	1856	1984	128	new	3
2375	1856	2102	246	new	3
2376	1856	1990	134	new	3
2377	1859	1994	135	new	3
2378	1860	1988	128	new	3
2379	1860	1994	134	new	3
2380	1860	2012	152	new	3
2381	1861	1995	134	new	3
2382	1861	2053	192	new	3
2383	1862	2122	260	path	3
2384	1866	1866	0	new	3
2385	1866	2034	168	new	3
2386	1868	2075	207	new	3
2387	1868	2140	272	path	3
2388	1869	1869	0	new	3
2389	1872	2006	134	new	3
2390	1872	2063	191	new	3
2391	1875	2047	172	new	3
2392	1875	2120	245	path	3
2393	1876	2010	134	new	3
2394	1877	2082	205	path	3
2395	1878	2012	134	new	3
2396	1879	2079	200	new	3
2397	1879	2054	175	new	3
2398	1879	2102	223	new	3
2399	1879	2027	148	new	3
2400	1881	2125	244	new	3
2401	1881	2015	134	new	3
2402	1882	2018	136	new	3
2403	1883	2016	133	new	3
2404	1896	2138	242	new	3
2405	1901	2230	329	new	3
2406	1902	2077	175	new	3
2407	1902	2077	175	new	3
2408	1902	2383	481	path	3
2409	1903	1903	0	new	3
2410	1903	2375	472	path	3
2411	1904	2038	134	new	3
2412	1906	2235	329	path	3
2413	1908	2061	153	new	3
2414	1909	2100	191	new	3
2415	1909	2045	136	new	3
2416	1909	2225	316	new	3
2417	1910	2265	355	new	3
2418	1912	2102	190	path	3
2419	1913	2113	200	new	3
2420	1916	2050	134	new	3
2421	1917	2122	205	path	3
2422	1918	2262	344	new	3
2423	1919	2053	134	new	3
2424	1921	2237	316	new	3
2425	1922	2222	300	new	3
2426	1924	2231	307	path	3
2427	1925	2092	167	new	3
2428	1927	2078	151	new	3
2429	1934	2093	159	new	3
2430	1935	2240	305	new	3
2431	1937	2073	136	new	3
2432	1939	2162	223	new	3
2433	1940	1940	0	new	3
2434	1940	2108	168	new	3
2435	1943	2519	576	new	3
2436	1951	2115	164	new	3
2437	1964	2149	185	path	3
2438	1972	1972	0	new	3
2439	1973	2109	136	new	3
2440	1973	2147	174	new	3
2441	1973	2113	140	new	3
2442	1973	2106	133	new	3
2443	1973	1973	0	new	3
2444	1973	2145	172	new	3
2445	1976	2148	172	path	3
2446	1977	2148	171	new	3
2447	1978	2112	134	new	3
2448	1979	2150	171	new	3
2449	1980	2136	156	new	3
2450	1984	2150	166	new	3
2451	1985	2216	231	path	3
2452	1985	2150	165	new	3
2453	1985	2529	544	path	3
2454	1986	2119	133	new	3
2455	1988	2122	134	new	3
2456	1995	2132	137	new	3
2457	1996	2144	148	new	3
2458	1998	2189	191	path	3
2459	1999	2184	185	new	3
2460	2005	2214	209	new	3
2461	2008	2264	256	path	3
2462	2008	2285	277	new	3
2463	2008	2008	0	new	3
2464	2009	2230	221	new	3
2465	2009	2180	171	new	3
2466	2011	2176	165	new	3
2467	2011	2145	134	new	3
2468	2018	2174	156	new	3
2469	2023	2023	0	new	3
2470	2023	2554	531	new	3
2471	2026	2193	167	new	3
2472	2026	2247	221	new	3
2473	2030	2304	274	path	3
2474	2031	2282	251	new	3
2475	2031	2266	235	new	3
2476	2032	2230	198	path	3
2477	2034	2210	176	new	3
2478	2034	2200	166	new	3
2479	2035	2350	315	new	3
2480	2036	2214	178	new	3
2481	2036	2200	164	new	3
2482	2036	2547	511	new	3
2483	2040	2264	224	new	3
2484	2041	2178	137	new	3
2485	2042	2042	0	new	3
2486	2043	2196	153	new	3
2487	2043	2180	137	new	3
2488	2045	2428	383	new	3
2489	2046	2354	308	path	3
2490	2048	2241	193	new	3
2491	2049	2194	145	new	3
2492	2049	2265	216	new	3
2493	2049	2371	322	new	3
2494	2050	2208	158	new	3
2495	2050	2186	136	new	3
2496	2050	2267	217	new	3
2497	2050	2262	212	path	3
2498	2050	2238	188	path	3
2499	2050	2221	171	new	3
2500	2051	2246	195	new	3
2501	2051	2265	214	path	3
2502	2051	2365	314	path	3
2503	2052	2265	213	path	3
2504	2052	2246	194	new	3
2505	2052	2052	0	new	3
2506	2052	2259	207	path	3
2507	2052	2186	134	new	3
2508	2053	2053	0	new	3
2509	2053	2187	134	new	3
2510	2053	2053	0	new	3
2511	2053	2305	252	path	3
2512	2054	2273	219	new	3
2513	2054	2231	177	new	3
2514	2054	2362	308	path	3
2515	2054	2300	246	new	3
2516	2055	2210	155	new	3
2517	2055	2354	299	path	3
2518	2055	2203	148	new	3
2519	2055	2311	256	new	3
2520	2056	2326	270	new	3
2521	2057	2605	548	path	3
2522	2057	2376	319	new	3
2523	2057	2458	401	new	3
2524	2057	2057	0	new	3
2525	2057	2329	272	new	3
2526	2058	2310	252	new	3
2527	2059	2284	225	path	3
2528	2063	2270	207	new	3
2529	2063	2307	244	new	3
2530	2063	2232	169	new	3
2531	2064	2277	213	new	3
2532	2064	2318	254	new	3
2533	2066	2291	225	new	3
2534	2067	2315	248	new	3
2535	2067	2597	530	new	3
2536	2067	2437	370	new	3
2537	2069	2319	250	new	3
2538	2069	2205	136	new	3
2539	2071	2328	257	new	3
2540	2088	2223	135	new	3
2541	2093	2404	311	path	3
2542	2093	2227	134	new	3
2543	2093	2270	177	path	3
2544	2094	2351	257	new	3
2545	2094	2272	178	new	3
2546	2094	2289	195	new	3
2547	2097	2251	154	new	3
2548	2097	2284	187	path	3
2549	2110	2334	224	new	3
2550	2110	2521	411	new	3
2551	2120	2351	231	new	3
2552	2122	2414	292	new	3
2553	2123	2515	392	path	3
2554	2123	2313	190	new	3
2555	2124	2269	145	new	3
2556	2125	2406	281	path	3
2557	2126	2256	130	new	3
2558	2129	2273	144	new	3
2559	2130	2264	134	new	3
2560	2134	2301	167	new	3
2561	2135	2313	178	new	3
2562	2137	2286	149	new	3
2563	2138	2304	166	new	3
2564	2139	2323	184	new	3
2565	2140	2296	156	new	3
2566	2142	2307	165	new	3
2567	2142	2305	163	new	3
2568	2143	2277	134	new	3
2569	2143	2279	136	new	3
2570	2146	2293	147	new	3
2571	2146	2313	167	new	3
2572	2146	2376	230	path	3
2573	2148	2355	207	path	3
2574	2149	2355	206	path	3
2575	2149	2282	133	new	3
2576	2149	2278	129	new	3
2577	2149	2363	214	new	3
2578	2151	2306	155	new	3
2579	2151	2367	216	new	3
2580	2151	2285	134	new	3
2581	2152	2322	170	new	3
2582	2153	2322	169	new	3
2583	2164	2357	193	new	3
2584	2165	2371	206	path	3
2585	2165	2299	134	new	3
2586	2166	2350	184	new	3
2587	2167	2427	260	new	3
2588	2167	2450	283	new	3
2589	2167	2505	338	new	3
2590	2168	2470	302	path	3
2591	2168	2352	184	new	3
2592	2168	2433	265	new	3
2593	2170	2346	176	new	3
2594	2171	2420	249	path	3
2595	2173	2309	136	new	3
2596	2173	2316	143	new	3
2597	2175	2352	177	new	3
2598	2176	2321	145	new	3
2599	2178	2315	137	new	3
2600	2178	2315	137	new	3
2601	2180	2314	134	new	3
2602	2180	2332	152	new	3
2603	2180	2316	136	new	3
2604	2181	2355	174	path	3
2605	2181	2376	195	path	3
2606	2181	2572	391	new	3
2607	2181	2181	0	new	3
2608	2181	2443	262	new	3
2609	2181	2367	186	path	3
2610	2182	2364	182	new	3
2611	2182	2316	134	new	3
2612	2183	2326	143	new	3
2613	2184	2373	189	new	3
2614	2185	2318	133	new	3
2615	2187	2401	214	new	3
2616	2188	2344	156	new	3
2617	2189	2507	318	path	3
2618	2189	2323	134	new	3
2619	2190	2325	135	new	3
2620	2194	2518	324	new	3
2621	2195	2329	134	new	3
2622	2196	2330	134	new	3
2623	2197	2459	262	new	3
2624	2198	2334	136	new	3
2625	2199	2333	134	new	3
2626	2200	2348	148	new	3
2627	2200	2366	166	new	3
2628	2200	2526	326	new	3
2629	2201	2354	153	new	3
2630	2201	2505	304	path	3
2631	2202	2544	342	new	3
2632	2202	2343	141	new	3
2633	2204	2358	154	new	3
2634	2204	2519	315	new	3
2635	2206	2441	235	new	3
2636	2206	2383	177	path	3
2637	2207	2341	134	new	3
2638	2207	2373	166	new	3
2639	2207	2373	166	new	3
2640	2208	2341	133	new	3
2641	2209	2369	160	new	3
2642	2212	2212	0	new	3
2643	2212	2370	158	new	3
2644	2213	2359	146	new	3
2645	2213	2375	162	new	3
2646	2213	2441	228	path	3
2647	2214	2606	392	new	3
2648	2216	2367	151	new	3
2649	2216	2350	134	new	3
2650	2216	2392	176	new	3
2651	2216	2383	167	new	3
2652	2217	2351	134	new	3
2653	2218	2550	332	new	3
2654	2220	2396	176	new	3
2655	2220	2354	134	new	3
2656	2220	2396	176	new	3
2657	2220	2396	176	new	3
2658	2220	2356	136	new	3
2659	2220	2379	159	new	3
2660	2221	2355	134	new	3
2661	2221	2411	190	new	3
2662	2221	2355	134	new	3
2663	2221	2384	163	new	3
2664	2221	2370	149	new	3
2665	2222	2356	134	new	3
2666	2222	2356	134	new	3
2667	2222	2618	396	new	3
2668	2222	2443	221	new	3
2669	2222	2429	207	new	3
2670	2222	2470	248	new	3
2671	2223	2472	249	new	3
2672	2223	2357	134	new	3
2673	2223	2393	170	new	3
2674	2223	2371	148	new	3
2675	2223	2409	186	new	3
2676	2223	2389	166	new	3
2677	2223	2389	166	new	3
2678	2224	2394	170	new	3
2679	2226	2454	228	path	3
2680	2229	2363	134	new	3
2681	2243	2403	160	path	3
2682	2261	2532	271	new	3
2683	2263	2529	266	new	3
2684	2263	2263	0	new	3
2685	2263	2499	236	new	3
2686	2264	2519	255	new	3
2687	2264	2520	256	path	3
2688	2268	2268	0	new	3
2689	2268	2268	0	new	3
2690	2269	2536	267	new	3
2691	2270	2404	134	new	3
2692	2272	2553	281	new	3
2693	2273	2462	189	new	3
2694	2273	2462	189	new	3
2695	2273	2449	176	new	3
2696	2274	2450	176	new	3
2697	2274	2559	285	new	3
2698	2278	2438	160	path	3
2699	2280	2443	163	path	3
2700	2281	2415	134	new	3
2701	2281	2415	134	new	3
2702	2284	2450	166	new	3
2703	2284	2472	188	new	3
2704	2285	2420	135	new	3
2705	2287	2544	257	new	3
2706	2287	2421	134	new	3
2707	2287	2554	267	new	3
2708	2287	2421	134	new	3
2709	2288	2424	136	new	3
2710	2293	2293	0	new	3
2711	2293	2551	258	new	3
2712	2295	2428	133	new	3
2713	2296	2554	258	new	3
2714	2296	2493	197	path	3
2715	2298	2432	134	new	3
2716	2299	2432	133	new	3
2717	2300	2488	188	new	3
2718	2301	2479	178	new	3
2719	2301	2479	178	new	3
2720	2303	2626	323	path	3
2721	2305	2586	281	new	3
2722	2307	2573	266	new	3
2723	2326	2460	134	new	3
2724	2340	2473	133	new	3
2725	2349	2633	284	new	3
2726	2350	2540	190	path	3
2727	2352	2485	133	new	3
2728	2365	2631	266	new	3
2729	2365	2605	240	path	3
2730	2368	2563	195	new	3
2731	2369	2651	282	new	3
2732	2371	2574	203	new	3
2733	2372	2507	135	new	3
2734	2373	2508	135	new	3
2735	2373	2572	199	new	3
2736	2374	2508	134	new	3
2737	2376	2521	145	new	3
2738	2376	2521	145	new	3
2739	2377	2377	0	new	3
2740	2379	2508	129	new	3
2741	2380	2524	144	new	3
2742	2380	2380	0	new	3
2743	2381	2510	129	new	3
2744	2381	2515	134	new	3
2745	2382	2382	0	new	3
2746	2384	2527	143	new	3
2747	2389	2523	134	new	3
2748	2389	2523	134	new	3
2749	2390	2533	143	new	3
2750	2390	2533	143	new	3
2751	2391	2553	162	new	3
2752	2391	2391	0	new	3
2753	2391	2582	191	new	3
2754	2392	2537	145	new	3
2755	2392	2559	167	path	3
2756	2393	2556	163	new	3
2757	2394	2529	135	new	3
2758	2395	2559	164	new	3
2759	2396	2529	133	new	3
2760	2396	2548	152	new	3
2761	2396	2558	162	new	3
2762	2396	2576	180	path	3
2763	2397	2530	133	new	3
2764	2398	2576	178	path	3
2765	2398	2533	135	new	3
2766	2398	2533	135	new	3
2767	2398	2533	135	new	3
2768	2399	2529	130	new	3
2769	2400	2551	151	new	3
2770	2400	2400	0	new	3
2771	2400	2534	134	new	3
2772	2400	2604	204	path	3
2773	2400	2592	192	new	3
2774	2402	2607	205	new	3
2775	2404	2595	191	new	3
2776	2408	2408	0	new	3
2777	2409	2574	165	new	3
2778	2428	2626	198	new	3
2779	2429	2596	167	new	3
2780	2429	2606	177	path	3
2781	2430	2624	194	new	3
2782	2430	2625	195	new	3
2783	2430	2594	164	path	3
2784	2432	2612	180	new	3
2785	2432	2654	222	new	3
2786	2435	2568	133	new	3
2787	2444	2578	134	new	3
2788	2454	2582	128	new	3
2789	2464	2598	134	new	3
2790	2472	2608	136	new	3
2791	2474	2602	128	new	3
2792	2484	2620	136	new	3
2793	2484	2620	136	new	3
2794	2491	2634	143	new	3
2795	2491	2634	143	new	3
2796	2492	2625	133	new	3
2797	2501	2635	134	new	3
2798	2501	2634	133	new	3
2799	2502	3022	520	new	3
2800	2505	2792	287	new	3
2801	2507	3070	563	new	3
2802	2513	2513	0	new	3
2803	2513	2899	386	new	3
2804	2515	2823	308	new	3
2805	2515	2909	394	new	3
2806	2517	2917	400	new	3
2807	2519	2792	273	path	3
2808	2520	2908	388	new	3
2809	2521	2760	239	new	3
2810	2521	2923	402	new	3
2811	2522	2908	386	path	3
2812	2522	2833	311	new	3
2813	2522	2836	314	new	3
2814	2524	2816	292	new	3
2815	2525	2855	330	new	3
2816	2526	2779	253	new	3
2817	2526	2730	204	new	3
2818	2528	2931	403	path	3
2819	2529	2747	218	new	3
2820	2529	2900	371	new	3
2821	2531	2774	243	new	3
2822	2532	2931	399	new	3
2823	2533	2923	390	path	3
2824	2533	2730	197	new	3
2825	2533	2770	237	new	3
2826	2533	2707	174	new	3
2827	2534	3013	479	new	3
2828	2534	2668	134	new	3
2829	2534	2788	254	new	3
2830	2534	2779	245	path	3
2831	2535	2669	134	new	3
2832	2535	3118	583	path	3
2833	2535	2879	344	new	3
2834	2535	2737	202	new	3
2835	2536	2788	252	path	3
2836	2536	2717	181	new	3
2837	2537	2807	270	new	3
2838	2537	2749	212	new	3
2839	2538	3049	511	path	3
2840	2539	2734	195	new	3
2841	2540	2770	230	path	3
2842	2541	2749	208	new	3
2843	2542	2740	198	new	3
2844	2542	2792	250	path	3
2845	2542	2774	232	path	3
2846	2542	2722	180	new	3
2847	2542	2771	229	new	3
2848	2542	3105	563	new	3
2849	2542	2792	250	path	3
2850	2543	2878	335	new	3
2851	2546	2682	136	new	3
2852	2551	3143	592	new	3
2853	2552	2734	182	path	3
2854	2552	2899	347	path	3
2855	2553	2835	282	new	3
2856	2553	3118	565	path	3
2857	2554	2938	384	new	3
2858	2556	2882	326	path	3
2859	2556	2690	134	new	3
2860	2557	2764	207	new	3
2861	2557	2920	363	new	3
2862	2557	2714	157	new	3
2863	2557	2816	259	path	3
2864	2557	2705	148	new	3
2865	2558	2826	268	new	3
2866	2558	2825	267	path	3
2867	2559	2827	268	new	3
2868	2559	3056	497	new	3
2869	2560	2694	134	new	3
2870	2560	2759	199	new	3
2871	2560	2774	214	path	3
2872	2560	2911	351	new	3
2873	2561	2702	141	new	3
2874	2561	3034	473	path	3
2875	2561	2746	185	new	3
2876	2562	2855	293	path	3
2877	2562	2696	134	new	3
2878	2562	2738	176	new	3
2879	2562	2807	245	path	3
2880	2562	3071	509	new	3
2881	2562	2759	197	new	3
2882	2563	2770	207	path	3
2883	2564	2778	214	new	3
2884	2565	2565	0	new	3
2885	2565	3072	507	new	3
2886	2566	2751	185	new	3
2887	2566	2931	365	path	3
2888	2566	2816	250	path	3
2889	2566	2733	167	new	3
2890	2567	2715	148	new	3
2891	2567	3032	465	new	3
2892	2568	2786	218	new	3
2893	2569	2721	152	new	3
2894	2569	3142	573	new	3
2895	2570	2778	208	path	3
2896	2570	2718	148	new	3
2897	2570	3143	573	path	3
2898	2570	2778	208	path	3
2899	2572	2705	133	new	3
2900	2572	2751	179	new	3
2901	2573	3014	441	path	3
2902	2574	2787	213	new	3
2903	2574	2836	262	path	3
2904	2577	2917	340	path	3
2905	2577	2791	214	new	3
2906	2577	2923	346	new	3
2907	2578	2869	291	new	3
2908	2580	2716	136	new	3
2909	2580	2763	183	new	3
2910	2584	2792	208	path	3
2911	2584	3025	441	new	3
2912	2584	2771	187	new	3
2913	2586	2922	336	new	3
2914	2586	2803	217	new	3
2915	2586	2816	230	path	3
2916	2586	2933	347	new	3
2917	2587	2814	227	new	3
2918	2588	2833	245	path	3
2919	2589	2828	239	new	3
2920	2591	3177	586	new	3
2921	2592	2754	162	new	3
2922	2593	2852	259	new	3
2923	2594	2823	229	new	3
2924	2594	2800	206	new	3
2925	2594	2900	306	path	3
2926	2596	2862	266	new	3
2927	2596	2909	313	new	3
2928	2597	2784	187	path	3
2929	2598	2834	236	new	3
2930	2600	2899	299	path	3
2931	2600	2734	134	new	3
2932	2601	3027	426	path	3
2933	2601	2978	377	new	3
2934	2601	2916	315	path	3
2935	2602	2736	134	new	3
2936	2602	2602	0	new	3
2937	2604	3094	490	path	3
2938	2604	2755	151	new	3
2939	2604	2809	205	new	3
2940	2604	2604	0	new	3
2941	2604	2842	238	path	3
2942	2605	2786	181	path	3
2943	2605	2741	136	new	3
2944	2605	2752	147	new	3
2945	2605	2786	181	new	3
2946	2605	2782	177	new	3
2947	2606	2793	187	new	3
2948	2606	2751	145	path	3
2949	2606	2823	217	path	3
2950	2607	2607	0	new	3
2951	2608	2750	142	new	3
2952	2608	2742	134	new	3
2953	2609	3065	456	new	3
2954	2609	3014	405	new	3
2955	2611	3052	441	new	3
2956	2611	2754	143	new	3
2957	2612	2763	151	new	3
2958	2613	2916	303	path	3
2959	2614	2782	168	new	3
2960	2614	3016	402	new	3
2961	2615	2770	155	new	3
2962	2615	2791	176	path	3
2963	2615	2806	191	new	3
2964	2615	2762	147	new	3
2965	2615	2781	166	new	3
2966	2616	3072	456	new	3
2967	2616	2823	207	path	3
2968	2616	2835	219	path	3
2969	2616	2979	363	new	3
2970	2616	3050	434	new	3
2971	2617	2799	182	new	3
2972	2618	2792	174	new	3
2973	2620	2946	326	new	3
2974	2623	3572	949	path	3
2975	2623	3096	473	new	3
2976	2624	2624	0	new	3
2977	2624	2826	202	new	3
2978	2625	2759	134	new	3
2979	2627	3081	454	new	3
2980	2637	2932	295	path	3
2981	2640	2842	202	path	3
2982	2647	2779	132	new	3
2983	2650	3074	424	new	3
2984	2652	3000	348	new	3
2985	2652	2860	208	new	3
2986	2652	2819	167	new	3
2987	2653	2917	264	path	3
2988	2653	3099	446	path	3
2989	2654	3016	362	new	3
2990	2658	3011	353	path	3
2991	2660	2660	0	new	3
2992	2662	2796	134	new	3
2993	2662	2952	290	new	3
2994	2664	2798	134	new	3
2995	2668	2911	243	new	3
2996	2669	2838	169	new	3
2997	2672	2672	0	new	3
2998	2673	2922	249	new	3
2999	2673	2846	173	new	3
3000	2675	2866	191	new	3
3001	2676	3008	332	new	3
3002	2676	3058	382	new	3
3003	2676	2950	274	new	3
3004	2676	2810	134	new	3
3005	2678	2895	217	new	3
3006	2678	2892	214	new	3
3007	2678	2889	211	new	3
3008	2678	2849	171	new	3
3009	2679	2857	178	new	3
3010	2679	2909	230	path	3
3011	2680	2814	134	new	3
3012	2680	2868	188	new	3
3013	2681	2895	214	new	3
3014	2682	3017	335	new	3
3015	2683	3096	413	path	3
3016	2684	3066	382	new	3
3017	2684	3202	518	new	3
3018	2688	2820	132	new	3
3019	2689	2944	255	path	3
3020	2690	2690	0	new	3
3021	2690	3074	384	path	3
3022	2690	2856	166	new	3
3023	2692	2826	134	new	3
3024	2693	2835	142	new	3
3025	2693	2979	286	new	3
3026	2694	2877	183	new	3
3027	2694	2933	239	new	3
3028	2694	3012	318	new	3
3029	2694	3188	494	path	3
3030	2695	2865	170	new	3
3031	2697	2878	181	path	3
3032	2697	2830	133	new	3
3033	2697	2915	218	new	3
3034	2698	3212	514	new	3
3035	2699	2889	190	new	3
3036	2699	3137	438	new	3
3037	2699	3134	435	new	3
3038	2699	2895	196	path	3
3039	2700	2878	178	path	3
3040	2700	2920	220	path	3
3041	2701	3149	448	new	3
3042	2703	2944	241	new	3
3043	2704	3003	299	new	3
3044	2704	2862	158	new	3
3045	2706	3081	375	new	3
3046	2706	2840	134	new	3
3047	2708	2895	187	path	3
3048	2708	2923	215	path	3
3049	2708	3086	378	new	3
3050	2710	2874	164	new	3
3051	2710	3013	303	path	3
3052	2711	2860	149	new	3
3053	2712	2712	0	new	3
3054	2713	2887	174	new	3
3055	2713	3002	289	new	3
3056	2715	2849	134	new	3
3057	2716	3004	288	new	3
3058	2716	2850	134	new	3
3059	2716	2850	134	new	3
3060	2717	3042	325	path	3
3061	2717	2883	166	new	3
3062	2717	2933	216	path	3
3063	2718	2919	201	new	3
3064	2718	2900	182	new	3
3065	2718	2905	187	new	3
3066	2719	2889	170	path	3
3067	2719	2952	233	new	3
3068	2720	2854	134	new	3
3069	2720	2854	134	new	3
3070	2720	2946	226	path	3
3071	2721	2907	186	new	3
3072	2721	3034	313	path	3
3073	2721	2889	168	new	3
3074	2721	3096	375	path	3
3075	2721	2854	133	new	3
3076	2722	2920	198	path	3
3077	2722	3003	281	new	3
3078	2723	2937	214	new	3
3079	2723	2942	219	new	3
3080	2723	2723	0	new	3
3081	2725	2912	187	new	3
3082	2726	2981	255	new	3
3083	2727	2861	134	new	3
3084	2727	2985	258	path	3
3085	2729	2985	256	path	3
3086	2729	2890	161	new	3
3087	2731	2905	174	path	3
3088	2731	2865	134	new	3
3089	2731	2884	153	new	3
3090	2731	3166	435	new	3
3091	2732	2913	181	new	3
3092	2733	2866	133	new	3
3093	2733	2991	258	path	3
3094	2733	2948	215	new	3
3095	2735	3165	430	new	3
3096	2735	3075	340	new	3
3097	2736	3000	264	new	3
3098	2737	2737	0	new	3
3099	2740	2933	193	path	3
3100	2742	2875	133	new	3
3101	2742	2876	134	new	3
3102	2743	2956	213	new	3
3103	2744	2926	182	new	3
3104	2746	3118	372	new	3
3105	2747	2961	214	new	3
3106	2753	2949	196	new	3
3107	2753	2986	233	path	3
3108	2754	2887	133	new	3
3109	2756	2964	208	path	3
3110	2756	2889	133	new	3
3111	2757	2997	240	new	3
3112	2759	3141	382	new	3
3113	2759	2957	198	new	3
3114	2760	2760	0	new	3
3115	2761	2928	167	new	3
3116	2761	3002	241	path	3
3117	2762	2910	148	new	3
3118	2762	2944	182	path	3
3119	2763	2945	182	new	3
3120	2765	2920	155	new	3
3121	2766	3005	239	new	3
3122	2766	2932	166	path	3
3123	2767	2913	146	new	3
3124	2768	3029	261	new	3
3125	2768	3101	333	new	3
3126	2768	2949	181	new	3
3127	2769	3135	366	path	3
3128	2769	2769	0	new	3
3129	2769	2952	183	new	3
3130	2769	2947	178	new	3
3131	2769	2981	212	new	3
3132	2770	2924	154	new	3
3133	2770	2904	134	new	3
3134	2770	3049	279	path	3
3135	2770	2936	166	new	3
3136	2771	2925	154	new	3
3137	2772	3218	446	new	3
3138	2772	3132	360	new	3
3139	2772	3035	263	new	3
3140	2774	2986	212	new	3
3141	2775	3064	289	path	3
3142	2776	3099	323	path	3
3143	2776	3052	276	path	3
3144	2777	3014	237	path	3
3145	2777	3163	386	new	3
3146	2778	2965	187	path	3
3147	2778	2987	209	new	3
3148	2778	2919	141	path	3
3149	2779	2779	0	new	3
3150	2780	2991	211	new	3
3151	2780	3220	440	new	3
3152	2780	3197	417	new	3
3153	2780	3012	232	new	3
3154	2782	3134	352	path	3
3155	2782	2916	134	new	3
3156	2783	2944	161	new	3
3157	2783	2942	159	new	3
3158	2783	2916	133	new	3
3159	2783	3000	217	path	3
3160	2783	2942	159	new	3
3161	2784	3034	250	new	3
3162	2784	2918	134	new	3
3163	2784	2918	134	new	3
3164	2785	2933	148	new	3
3165	2785	2937	152	new	3
3166	2785	2996	211	new	3
3167	2786	3130	344	new	3
3168	2787	2964	177	new	3
3169	2788	2978	190	new	3
3170	2788	2920	132	new	3
3171	2789	2993	204	new	3
3172	2790	2993	203	new	3
3173	2790	2983	193	path	3
3174	2790	3050	260	path	3
3175	2790	2971	181	new	3
3176	2791	3027	236	new	3
3177	2791	2953	162	new	3
3178	2791	3002	211	new	3
3179	2792	3014	222	path	3
3180	2793	2927	134	new	3
3181	2793	2985	192	new	3
3182	2795	3047	252	path	3
3183	2795	3057	262	path	3
3184	2795	2949	154	new	3
3185	2795	3183	388	new	3
3186	2796	3055	259	new	3
3187	2797	2976	179	new	3
3188	2797	2949	152	new	3
3189	2797	2933	136	new	3
3190	2797	3013	216	new	3
3191	2797	3150	353	new	3
3192	2797	3008	211	new	3
3193	2797	3063	266	new	3
3194	2797	3142	345	path	3
3195	2798	3497	699	new	3
3196	2798	3079	281	new	3
3197	2798	2932	134	new	3
3198	2798	3066	268	new	3
3199	2798	3062	264	path	3
3200	2799	2932	133	new	3
3201	2799	3115	316	path	3
3202	2799	2937	138	new	3
3203	2800	3040	240	new	3
3204	2800	2949	149	new	3
3205	2800	2934	134	new	3
3206	2800	2983	183	new	3
3207	2800	2959	159	new	3
3208	2800	3089	289	new	3
3209	2801	2935	134	new	3
3210	2801	2952	151	new	3
3211	2802	3016	214	new	3
3212	2802	3013	211	new	3
3213	2802	2949	147	new	3
3214	2802	2990	188	new	3
3215	2802	2936	134	new	3
3216	2802	2936	134	new	3
3217	2802	2996	194	new	3
3218	2802	2935	133	new	3
3219	2802	2957	155	new	3
3220	2803	3256	453	new	3
3221	2803	3076	273	new	3
3222	2803	2946	143	new	3
3223	2803	2803	0	new	3
3224	2804	3017	213	new	3
3225	2804	3022	218	new	3
3226	2804	2966	162	new	3
3227	2804	3004	200	new	3
3228	2804	3015	211	new	3
3229	2804	2985	181	new	3
3230	2805	2939	134	new	3
3231	2805	2805	0	new	3
3232	2805	2939	134	new	3
3233	2806	2806	0	new	3
3234	2806	3071	265	new	3
3235	2806	2950	144	new	3
3236	2806	2997	191	new	3
3237	2807	2974	167	new	3
3238	2807	3095	288	new	3
3239	2807	3072	265	new	3
3240	2807	3012	205	path	3
3241	2807	2941	134	new	3
3242	2807	2941	134	new	3
3243	2808	2972	164	new	3
3244	2809	3129	320	path	3
3245	2809	3065	256	path	3
3246	2809	3073	264	new	3
3247	2810	3029	219	path	3
3248	2811	2945	134	new	3
3249	2811	2960	149	new	3
3250	2811	2978	167	new	3
3251	2813	2976	163	new	3
3252	2814	3071	257	new	3
3253	2814	2979	165	new	3
3254	2818	3016	198	path	3
3255	2824	2824	0	new	3
3256	2827	3021	194	new	3
3257	2831	3022	191	path	3
3258	2831	3022	191	path	3
3259	2839	2991	152	new	3
3260	2839	2991	152	new	3
3261	2841	3022	181	path	3
3262	2842	3056	214	path	3
3263	2843	3075	232	new	3
3264	2847	3000	153	path	3
3265	2848	3057	209	new	3
3266	2849	2849	0	new	3
3267	2851	2987	136	new	3
3268	2851	3054	203	path	3
3269	2854	3050	196	path	3
3270	2854	3073	219	new	3
3271	2854	3097	243	path	3
3272	2854	3162	308	new	3
3273	2855	3503	648	path	3
3274	2856	3008	152	new	3
3275	2856	3011	155	new	3
3276	2856	3041	185	new	3
3277	2857	3054	197	new	3
3278	2857	2991	134	new	3
3279	2858	3067	209	new	3
3280	2858	3033	175	new	3
3281	2860	3147	287	path	3
3282	2860	3040	180	new	3
3283	2860	3029	169	new	3
3284	2860	3055	195	path	3
3285	2860	3060	200	new	3
3286	2861	3048	187	new	3
3287	2861	3011	150	path	3
3288	2861	3096	235	new	3
3289	2862	3058	196	new	3
3290	2862	3024	162	new	3
3291	2863	3161	298	path	3
3292	2864	3010	146	new	3
3293	2864	3236	372	new	3
3294	2864	3065	201	new	3
3295	2865	3142	277	new	3
3296	2866	3073	207	new	3
3297	2866	3011	145	new	3
3298	2867	3001	134	new	3
3299	2867	3048	181	new	3
3300	2868	3025	157	new	3
3301	2868	3070	202	new	3
3302	2869	3063	194	new	3
3303	2869	3056	187	path	3
3304	2869	3268	399	path	3
3305	2870	3051	181	new	3
3306	2871	3023	152	new	3
3307	2874	3613	739	new	3
3308	2874	3008	134	new	3
3309	2875	3105	230	path	3
3310	2876	3009	133	new	3
3311	2877	3123	246	new	3
3312	2878	3050	172	new	3
3313	2878	3126	248	new	3
3314	2878	3086	208	new	3
3315	2879	3052	173	new	3
3316	2881	3046	165	new	3
3317	2882	3066	184	new	3
3318	2883	3033	150	new	3
3319	2884	3161	277	path	3
3320	2885	3068	183	new	3
3321	2885	3018	133	new	3
3322	2885	3042	157	new	3
3323	2887	3033	146	new	3
3324	2887	3067	180	new	3
3325	2891	3056	165	path	3
3326	2898	3087	189	new	3
3327	2900	3049	149	new	3
3328	2904	3121	217	path	3
3329	2905	3090	185	new	3
3330	2907	3212	305	new	3
3331	2908	3475	567	new	3
3332	2908	3243	335	new	3
3333	2909	3045	136	new	3
3334	2909	3119	210	new	3
3335	2909	3040	131	new	3
3336	2909	3058	149	new	3
3337	2910	3052	142	new	3
3338	2910	3043	133	new	3
3339	2910	3043	133	new	3
3340	2911	3112	201	new	3
3341	2911	3071	160	new	3
3342	2911	3045	134	new	3
3343	2912	3147	235	new	3
3344	2912	3086	174	new	3
3345	2912	3161	249	path	3
3346	2914	3061	147	new	3
3347	2914	3231	317	path	3
3348	2915	3291	376	path	3
3349	2915	3119	204	new	3
3350	2916	3117	201	new	3
3351	2916	3342	426	new	3
3352	2916	3066	150	new	3
3353	2917	2917	0	new	3
3354	2918	3084	166	path	3
3355	2918	3052	134	new	3
3356	2918	3208	290	new	3
3357	2918	3408	490	new	3
3358	2918	3066	148	new	3
3359	2918	3108	190	new	3
3360	2919	3101	182	new	3
3361	2920	3119	199	path	3
3362	2920	3362	442	new	3
3363	2921	3055	134	new	3
3364	2922	3063	141	new	3
3365	2922	3134	212	path	3
3366	2923	3059	136	new	3
3367	2923	3081	158	new	3
3368	2923	3069	146	new	3
3369	2924	3081	157	new	3
3370	2924	3058	134	new	3
3371	2924	3058	134	new	3
3372	2924	3079	155	new	3
3373	2924	3114	190	new	3
3374	2925	3076	151	new	3
3375	2925	3118	193	new	3
3376	2925	3058	133	new	3
3377	2925	3079	154	new	3
3378	2925	2925	0	new	3
3379	2925	3348	423	new	3
3380	2926	3132	206	new	3
3381	2926	3062	136	new	3
3382	2926	3149	223	path	3
3383	2926	3060	134	new	3
3384	2927	3062	135	new	3
3385	2927	3110	183	new	3
3386	2927	3118	191	path	3
3387	2927	3172	245	new	3
3388	2927	3062	135	new	3
3389	2928	3061	133	new	3
3390	2928	3350	422	new	3
3391	2928	3119	191	new	3
3392	2928	3062	134	new	3
3393	2929	3112	183	new	3
3394	2929	3062	133	new	3
3395	2929	3172	243	new	3
3396	2929	3063	134	new	3
3397	2929	3132	203	new	3
3398	2929	3062	133	new	3
3399	2930	3073	143	new	3
3400	2931	3065	134	new	3
3401	2931	3063	132	new	3
3402	2931	3134	203	new	3
3403	2932	3362	430	path	3
3404	2932	3066	134	new	3
3405	2933	3217	284	new	3
3406	2934	3243	309	path	3
3407	2935	3082	147	new	3
3408	2936	3131	195	new	3
3409	2938	3128	190	path	3
3410	2941	3140	199	new	3
3411	2945	3224	279	new	3
3412	2945	3079	134	new	3
3413	2947	3166	219	path	3
3414	2949	3215	266	new	3
3415	2949	3183	234	path	3
3416	2950	3144	194	new	3
3417	2954	3291	337	path	3
3418	2954	3138	184	new	3
3419	2955	3137	182	new	3
3420	2956	3184	228	path	3
3421	2957	3163	206	new	3
3422	2961	3155	194	path	3
3423	2966	3142	176	path	3
3424	2968	3102	134	new	3
3425	2968	3125	157	new	3
3426	2970	3135	165	new	3
3427	2971	3130	159	new	3
3428	2972	3177	205	new	3
3429	2972	3117	145	path	3
3430	2977	3291	314	path	3
3431	2977	3124	147	new	3
3432	2978	3112	134	new	3
3433	2979	3183	204	new	3
3434	2980	3114	134	new	3
3435	2982	3192	210	new	3
3436	2991	3195	204	new	3
3437	2991	3138	147	new	3
3438	2992	3148	156	new	3
3439	2995	3165	170	new	3
3440	2995	3131	136	new	3
3441	2997	3191	194	new	3
3442	2998	3201	203	new	3
3443	2998	3162	164	new	3
3444	3000	3145	145	new	3
3445	3000	3136	136	new	3
3446	3001	3143	142	new	3
3447	3002	3002	0	new	3
3448	3002	3133	131	new	3
3449	3002	3256	254	path	3
3450	3002	3256	254	path	3
3451	3003	3263	260	path	3
3452	3003	3156	153	new	3
3453	3003	3169	166	new	3
3454	3003	3003	0	new	3
3455	3004	3137	133	new	3
3456	3004	3160	156	new	3
3457	3005	3141	136	new	3
3458	3005	3195	190	path	3
3459	3006	3142	136	new	3
3460	3007	3181	174	new	3
3461	3008	3142	134	new	3
3462	3008	3190	182	new	3
3463	3009	3213	204	new	3
3464	3010	3141	131	new	3
3465	3010	3197	187	path	3
3466	3010	3195	185	new	3
3467	3010	3143	133	new	3
3468	3011	3200	189	new	3
3469	3014	3147	133	new	3
3470	3014	3148	134	new	3
3471	3015	3148	133	new	3
3472	3015	3500	485	new	3
3473	3016	3148	132	new	3
3474	3017	3162	145	new	3
3475	3019	3161	142	new	3
3476	3020	3154	134	new	3
3477	3020	3196	176	new	3
3478	3020	3530	510	new	3
3479	3021	3303	282	path	3
3480	3022	3022	0	new	3
3481	3023	3198	175	new	3
3482	3027	3170	143	new	3
3483	3028	3162	134	new	3
3484	3028	3162	134	new	3
3485	3029	3029	0	new	3
3486	3040	3187	147	new	3
3487	3048	3048	0	new	3
3488	3057	3456	399	path	3
3489	3058	3195	137	new	3
3490	3063	3348	285	path	3
3491	3065	3248	183	new	3
3492	3067	3468	401	new	3
3493	3068	3255	187	new	3
3494	3069	3361	292	new	3
3495	3069	3280	211	path	3
3496	3070	3459	389	new	3
3497	3072	3403	331	path	3
3498	3082	3240	158	new	3
3499	3095	3302	207	new	3
3500	3097	3275	178	path	3
3501	3099	3232	133	new	3
3502	3099	3233	134	new	3
3503	3103	3291	188	path	3
3504	3105	3312	207	new	3
3505	3105	3290	185	path	3
3506	3106	3408	302	new	3
3507	3111	3253	142	new	3
3508	3114	3380	266	new	3
3509	3115	3323	208	new	3
3510	3121	3299	178	new	3
3511	3122	3312	190	path	3
3512	3132	3268	136	new	3
3513	3134	3613	479	new	3
3514	3147	3281	134	new	3
3515	3154	3308	154	new	3
3516	3156	3334	178	new	3
3517	3156	3351	195	new	3
3518	3156	3316	160	new	3
3519	3157	3343	186	new	3
3520	3158	3325	167	new	3
3521	3159	3309	150	new	3
3522	3159	3346	187	new	3
3523	3161	3294	133	new	3
3524	3164	3383	219	path	3
3525	3167	3365	198	new	3
3526	3169	3356	187	new	3
3527	3169	3357	188	path	3
3528	3170	3363	193	new	3
3529	3171	3371	200	new	3
3530	3171	3359	188	new	3
3531	3171	3375	204	new	3
3532	3171	3412	241	new	3
3533	3171	3304	133	new	3
3534	3172	3414	242	path	3
3535	3173	3396	223	path	3
3536	3173	3396	223	path	3
3537	3174	3307	133	new	3
3538	3175	3408	233	new	3
3539	3176	3412	236	path	3
3540	3176	3547	371	new	3
3541	3177	3537	360	new	3
3542	3177	3431	254	new	3
3543	3178	3454	276	path	3
3544	3178	3447	269	path	3
3545	3187	3353	166	new	3
3546	3191	3363	172	new	3
3547	3191	3373	182	new	3
3548	3193	3375	182	new	3
3549	3194	3351	157	new	3
3550	3194	3454	260	new	3
3551	3194	3326	132	new	3
3552	3196	3412	216	path	3
3553	3199	3335	136	new	3
3554	3201	3352	151	new	3
3555	3202	3349	147	new	3
3556	3205	3446	241	path	3
3557	3206	3340	134	new	3
3558	3208	3369	161	new	3
3559	3209	3467	258	path	3
3560	3209	3512	303	new	3
3561	3210	3492	282	new	3
3562	3211	3211	0	new	3
3563	3212	3540	328	new	3
3564	3213	3347	134	new	3
3565	3216	3459	243	new	3
3566	3216	3430	214	path	3
3567	3217	3217	0	new	3
3568	3217	3436	219	new	3
3569	3218	3426	208	new	3
3570	3218	3438	220	new	3
3571	3218	3381	163	new	3
3572	3219	3459	240	path	3
3573	3219	3352	133	new	3
3574	3219	3418	199	path	3
3575	3219	3363	144	new	3
3576	3220	3504	284	new	3
3577	3221	3374	153	new	3
3578	3221	3221	0	new	3
3579	3221	3401	180	new	3
3580	3221	3369	148	new	3
3581	3221	3355	134	new	3
3582	3222	3433	211	path	3
3583	3222	3429	207	new	3
3584	3222	3450	228	new	3
3585	3223	3406	183	new	3
3586	3223	3656	433	new	3
3587	3223	3429	206	new	3
3588	3224	3358	134	new	3
3589	3225	3358	133	new	3
3590	3227	3361	134	new	3
3591	3234	3418	184	new	3
3592	3235	3454	219	new	3
3593	3236	3370	134	new	3
3594	3238	3454	216	path	3
3595	3240	3471	231	new	3
3596	3241	3416	175	new	3
3597	3242	3430	188	path	3
3598	3245	3395	150	new	3
3599	3250	3395	145	path	3
3600	3252	3528	276	new	3
3601	3259	3460	201	new	3
3602	3262	3776	514	new	3
3603	3276	3454	178	new	3
3604	3276	3276	0	new	3
3605	3276	3413	137	new	3
3606	3278	3558	280	new	3
3607	3280	3552	272	new	3
3608	3281	3562	281	new	3
3609	3281	3415	134	new	3
3610	3281	3502	221	new	3
3611	3282	3512	230	new	3
3612	3282	3553	271	new	3
3613	3282	3497	215	new	3
3614	3282	3770	488	new	3
3615	3282	3506	224	new	3
3616	3282	3537	255	path	3
3617	3282	3282	0	new	3
3618	3282	3538	256	new	3
3619	3283	3562	279	new	3
3620	3284	3509	225	new	3
3621	3284	3531	247	new	3
3622	3284	3284	0	new	3
3623	3284	3480	196	new	3
3624	3284	3458	174	new	3
3625	3284	3541	257	new	3
3626	3285	3459	174	new	3
3627	3285	3542	257	new	3
3628	3286	3539	253	new	3
3629	3286	3286	0	new	3
3630	3287	3430	143	path	3
3631	3287	3500	213	path	3
3632	3288	3424	136	new	3
3633	3288	3479	191	new	3
3634	3288	3529	241	path	3
3635	3289	3518	229	new	3
3636	3289	3800	511	new	3
3637	3289	3423	134	new	3
3638	3289	3480	191	new	3
3639	3290	3596	306	path	3
3640	3290	3471	181	path	3
3641	3291	3616	325	new	3
3642	3291	3472	181	new	3
3643	3292	3477	185	new	3
3644	3292	3538	246	new	3
3645	3292	3484	192	new	3
3646	3292	3536	244	new	3
3647	3293	3537	244	new	3
3648	3294	3527	233	new	3
3649	3294	3529	235	path	3
3650	3295	3483	188	path	3
3651	3295	3503	208	new	3
3652	3295	3530	235	new	3
3653	3296	3488	192	new	3
3654	3296	3722	426	new	3
3655	3299	3540	241	new	3
3656	3299	3432	133	new	3
3657	3299	3502	203	path	3
3658	3300	3542	242	path	3
3659	3300	3497	197	path	3
3660	3300	3484	184	new	3
3661	3301	3531	230	new	3
3662	3302	3461	159	new	3
3663	3302	3436	134	new	3
3664	3302	3542	240	path	3
3665	3302	3302	0	new	3
3666	3302	3655	353	new	3
3667	3303	3460	157	new	3
3668	3305	3568	263	path	3
3669	3305	3751	446	path	3
3670	3308	3502	194	path	3
3671	3308	3441	133	new	3
3672	3308	3468	160	new	3
3673	3308	3608	300	path	3
3674	3309	3688	379	path	3
3675	3310	3446	136	new	3
3676	3310	3541	231	new	3
3677	3311	3311	0	new	3
3678	3312	3454	142	new	3
3679	3312	3446	134	new	3
3680	3312	3720	408	path	3
3681	3313	3696	383	new	3
3682	3313	3443	130	new	3
3683	3313	3480	167	new	3
3684	3313	3642	329	new	3
3685	3313	3598	285	new	3
3686	3313	3512	199	path	3
3687	3313	3612	299	new	3
3688	3313	3578	265	new	3
3689	3313	3473	160	new	3
3690	3314	3598	284	new	3
3691	3314	3522	208	new	3
3692	3315	3656	341	new	3
3693	3315	3511	196	new	3
3694	3316	3446	130	new	3
3695	3316	3598	282	path	3
3696	3316	3625	309	new	3
3697	3317	3451	134	new	3
3698	3317	3497	180	new	3
3699	3317	3522	205	new	3
3700	3317	3479	162	new	3
3701	3317	3556	239	new	3
3702	3317	3317	0	new	3
3703	3317	3459	142	new	3
3704	3318	3501	183	new	3
3705	3318	3517	199	new	3
3706	3319	3510	191	new	3
3707	3319	3709	390	new	3
3708	3320	3484	164	new	3
3709	3320	3454	134	new	3
3710	3321	3526	205	new	3
3711	3322	3480	158	new	3
3712	3324	3720	396	path	3
3713	3325	3459	134	new	3
3714	3325	3518	193	path	3
3715	3326	3565	239	new	3
3716	3326	3509	183	new	3
3717	3328	3526	198	new	3
3718	3331	3514	183	path	3
3719	3333	3647	314	new	3
3720	3335	3477	142	new	3
3721	3343	3613	270	path	3
3722	3343	3616	273	path	3
3723	3347	3530	183	new	3
3724	3349	3537	188	path	3
3725	3352	3482	130	new	3
3726	3352	3524	172	new	3
3727	3353	3503	150	new	3
3728	3353	3487	134	new	3
3729	3353	3519	166	new	3
3730	3353	3537	184	new	3
3731	3353	3487	134	new	3
3732	3354	3565	211	new	3
3733	3354	3531	177	new	3
3734	3355	3585	230	new	3
3735	3356	3484	128	new	3
3736	3356	3502	146	new	3
3737	3357	3532	175	new	3
3738	3358	3491	133	new	3
3739	3359	3565	206	path	3
3740	3360	3494	134	new	3
3741	3360	3360	0	new	3
3742	3360	3570	210	new	3
3743	3364	3495	131	new	3
3744	3371	3698	327	new	3
3745	3372	3372	0	new	3
3746	3373	3697	324	path	3
3747	3373	3518	145	new	3
3748	3373	3524	151	new	3
3749	3374	3585	211	path	3
3750	3374	3638	264	path	3
3751	3374	3508	134	new	3
3752	3375	3554	179	new	3
3753	3375	3540	165	new	3
3754	3375	3375	0	new	3
3755	3376	3555	179	path	3
3756	3376	3512	136	new	3
3757	3377	3601	224	new	3
3758	3377	3513	136	new	3
3759	3378	3544	166	new	3
3760	3379	3741	362	path	3
3761	3380	3380	0	new	3
3762	3381	3556	175	new	3
3763	3381	3753	372	new	3
3764	3381	3752	371	path	3
3765	3383	3640	257	new	3
3766	3383	3786	403	new	3
3767	3383	3620	237	path	3
3768	3384	3518	134	new	3
3769	3384	3698	314	new	3
3770	3385	3716	331	new	3
3771	3386	3600	214	path	3
3772	3386	3583	197	path	3
3773	3386	3600	214	path	3
3774	3386	3600	214	path	3
3775	3386	3600	214	path	3
3776	3387	3725	338	new	3
3777	3387	3523	136	new	3
3778	3388	3617	229	new	3
3779	3388	3734	346	new	3
3780	3390	3532	142	new	3
3781	3390	3551	161	new	3
3782	3390	3524	134	new	3
3783	3391	3550	159	new	3
3784	3391	3534	143	new	3
3785	3392	3539	147	new	3
3786	3392	3584	192	new	3
3787	3392	3585	193	new	3
3788	3392	3392	0	new	3
3789	3392	3526	134	new	3
3790	3392	3526	134	new	3
3791	3393	3596	203	new	3
3792	3395	3564	169	new	3
3793	3396	3763	367	path	3
3794	3397	3661	264	new	3
3795	3398	3756	358	new	3
3796	3398	3703	305	new	3
3797	3398	3593	195	new	3
3798	3400	3757	357	new	3
3799	3403	3610	207	new	3
3800	3403	3645	242	new	3
3801	3403	3610	207	new	3
3802	3403	3537	134	new	3
3803	3403	3655	252	path	3
3804	3404	3585	181	new	3
3805	3405	3539	134	new	3
3806	3406	3592	186	new	3
3807	3407	3564	157	new	3
3808	3408	3558	150	new	3
3809	3413	3547	134	new	3
3810	3415	3604	189	new	3
3811	3415	3549	134	new	3
3812	3428	3732	304	new	3
3813	3435	3435	0	new	3
3814	3436	3597	161	path	3
3815	3438	3594	156	new	3
3816	3443	3692	249	new	3
3817	3444	3651	207	new	3
3818	3444	3444	0	new	3
3819	3448	3712	264	path	3
3820	3455	3730	275	path	3
3821	3457	3457	0	new	3
3822	3457	3457	0	new	3
3823	3458	3657	199	new	3
3824	3458	3595	137	path	3
3825	3459	3709	250	path	3
3826	3462	3821	359	new	3
3827	3463	3463	0	new	3
3828	3464	3464	0	new	3
3829	3464	3598	134	new	3
3830	3465	3814	349	path	3
3831	3465	3653	188	new	3
3832	3465	3781	316	new	3
3833	3466	3725	259	path	3
3834	3466	3625	159	new	3
3835	3466	3647	181	path	3
3836	3466	3797	331	path	3
3837	3468	3468	0	new	3
3838	3468	3936	468	path	3
3839	3468	3602	134	new	3
3840	3468	3602	134	new	3
3841	3469	3655	186	path	3
3842	3470	3763	293	path	3
3843	3470	3716	246	path	3
3844	3471	3808	337	path	3
3845	3472	3702	230	path	3
3846	3472	-1	-1	censored	3
3847	3473	3620	147	new	3
3848	3473	3647	174	new	3
3849	3473	3864	391	new	3
3850	3473	3763	290	new	3
3851	3473	3824	351	path	3
3852	3474	-1	-1	censored	3
3853	3474	3813	339	new	3
3854	3474	3777	303	path	3
3855	3474	3761	287	new	3
3856	3474	3796	322	new	3
3857	3475	3637	162	new	3
3858	3475	3808	333	path	3
3859	3475	3675	200	new	3
3860	3475	3709	234	new	3
3861	3476	3643	167	new	3
3862	3476	3759	283	new	3
3863	3477	3632	155	new	3
3864	3478	3706	228	new	3
3865	3478	3656	178	path	3
3866	3478	3824	346	path	3
3867	3478	3701	223	new	3
3868	3478	3656	178	new	3
3869	3479	3763	284	new	3
3870	3479	-1	-1	censored	3
3871	3479	3774	295	new	3
3872	3479	3612	133	new	3
3873	3479	3687	208	new	3
3874	3479	3742	263	new	3
3875	3479	3966	487	new	3
3876	3480	3732	252	path	3
3877	3480	3614	134	new	3
3878	3480	3480	0	new	3
3879	3480	3656	176	new	3
3880	3480	3683	203	new	3
3881	3480	3614	134	new	3
3882	3480	3480	0	new	3
3883	3481	3648	167	new	3
3884	3481	3703	222	new	3
3885	3481	3696	215	new	3
3886	3481	3667	186	new	3
3887	3481	3615	134	new	3
3888	3482	3616	134	new	3
3889	3482	3629	147	new	3
3890	3482	3667	185	new	3
3891	3482	3753	271	new	3
3892	3482	3653	171	new	3
3893	3483	3718	235	path	3
3894	3483	3762	279	new	3
3895	3483	3667	184	new	3
3896	3483	3656	173	new	3
3897	3484	3649	165	new	3
3898	3484	3652	168	new	3
3899	3484	3681	197	new	3
3900	3485	3691	206	new	3
3901	3485	3709	224	path	3
3902	3485	3698	213	path	3
3903	3486	3641	155	new	3
3904	3487	3628	141	new	3
3905	3487	3774	287	new	3
3906	3488	3650	162	new	3
3907	3488	3709	221	path	3
3908	3488	3767	279	new	3
3909	3489	3622	133	new	3
3910	3489	3709	220	path	3
3911	3489	3643	154	new	3
3912	3490	3765	275	new	3
3913	3490	3699	209	new	3
3914	3491	3758	267	new	3
3915	3492	3649	157	new	3
3916	3493	3809	316	path	3
3917	3493	3637	144	new	3
3918	3494	3709	215	new	3
3919	3494	3689	195	new	3
3920	3494	3703	209	path	3
3921	3495	3794	299	new	3
3922	3495	3629	134	new	3
3923	3495	3786	291	path	3
3924	3495	3720	225	path	3
3925	3495	3737	242	new	3
3926	3496	3630	134	new	3
3927	3496	3798	302	new	3
3928	3496	3725	229	path	3
3929	3498	3665	167	new	3
3930	3498	3745	247	new	3
3931	3498	3675	177	new	3
3932	3498	3734	236	new	3
3933	3498	3740	242	new	3
3934	3499	3725	226	new	3
3935	3499	3499	0	new	3
3936	3499	3675	176	new	3
3937	3499	3759	260	new	3
3938	3499	-1	-1	censored	3
3939	3499	3829	330	path	3
3940	3499	3499	0	new	3
3941	3500	3899	399	new	3
3942	3500	3500	0	new	3
3943	3500	3634	134	new	3
3944	3500	3703	203	path	3
3945	3500	3785	285	new	3
3946	3501	3635	134	new	3
3947	3501	3645	144	new	3
3948	3502	3757	255	new	3
3949	3502	3683	181	new	3
3950	3502	3701	199	new	3
3951	3502	3811	309	new	3
3952	3503	3761	258	new	3
3953	3503	3655	152	new	3
3954	3503	3811	308	new	3
3955	3503	-1	-1	censored	3
3956	3504	3731	227	new	3
3957	3504	3504	0	new	3
3958	3504	3815	311	new	3
3959	3504	3640	136	new	3
3960	3505	3683	178	new	3
3961	3505	3647	142	new	3
3962	3505	3641	136	new	3
3963	3505	3751	246	new	3
3964	3506	3762	256	new	3
3965	3506	3777	271	path	3
3966	3506	3903	397	new	3
3967	3507	3760	253	new	3
3968	3507	3724	217	new	3
3969	3507	3641	134	new	3
3970	3507	3777	270	path	3
3971	3507	3643	136	new	3
3972	3507	3640	133	new	3
3973	3507	3649	142	new	3
3974	3508	3644	136	new	3
3975	3508	3704	196	new	3
3976	3508	3672	164	path	3
3977	3508	3701	193	new	3
3978	3508	3801	293	new	3
3979	3509	3509	0	new	3
3980	3509	3740	231	new	3
3981	3509	3643	134	new	3
3982	3509	3683	174	new	3
3983	3509	3739	230	new	3
3984	3509	3643	134	new	3
3985	3510	3655	145	path	3
3986	3510	3701	191	path	3
3987	3510	3644	134	new	3
3988	3510	3741	231	new	3
3989	3511	3669	158	new	3
3990	3511	3645	134	new	3
3991	3511	3688	177	new	3
3992	3512	3688	176	new	3
3993	3512	3656	144	new	3
3994	3513	3691	178	new	3
3995	3513	3647	134	new	3
3996	3513	3661	148	new	3
3997	3513	3689	176	new	3
3998	3514	3683	169	new	3
3999	3514	3651	137	new	3
4000	3514	3802	288	new	3
4001	3514	3729	215	new	3
4002	3514	3648	134	new	3
4003	3515	3688	173	new	3
4004	3515	3751	236	new	3
4005	3515	3649	134	new	3
4006	3516	3713	197	new	3
4007	3516	3752	236	new	3
4008	3516	3770	254	path	3
4009	3516	3713	197	new	3
4010	3516	3754	238	path	3
4011	3516	3791	275	new	3
4012	3516	3650	134	new	3
4013	3516	3700	184	new	3
4014	3516	3649	133	new	3
4015	3517	3707	190	new	3
4016	3517	3707	190	new	3
4017	3517	3665	148	new	3
4018	3517	3713	196	new	3
4019	3517	3651	134	new	3
4020	3518	3700	182	new	3
4021	3518	3692	174	path	3
4022	3518	3691	173	new	3
4023	3518	3789	271	path	3
4024	3518	3654	136	new	3
4025	3518	3646	128	new	3
4026	3518	3821	303	path	3
4027	3518	3757	239	path	3
4028	3519	3723	204	path	3
4029	3519	3769	250	new	3
4030	3519	3652	133	new	3
4031	3520	3747	227	new	3
4032	3520	3792	272	new	3
4033	3520	3653	133	new	3
4034	3520	3667	147	new	3
4035	3520	3693	173	new	3
4036	3521	3796	275	new	3
4037	3521	3699	178	new	3
4038	3521	3668	147	new	3
4039	3522	3715	193	new	3
4040	3522	3669	147	new	3
4041	3522	3658	136	new	3
4042	3522	3734	212	new	3
4043	3522	3656	134	new	3
4044	3523	3830	307	path	3
4045	3523	3710	187	new	3
4046	3523	3656	133	new	3
4047	3523	3696	173	new	3
4048	3524	3739	215	path	3
4049	3524	3753	229	path	3
4050	3524	3777	253	new	3
4051	3524	3712	188	new	3
4052	3525	3725	200	path	3
4053	3525	3716	191	path	3
4054	3527	3794	267	new	3
4055	3527	3689	162	new	3
4056	3528	3902	374	path	3
4057	3528	3701	173	new	3
4058	3528	3701	173	new	3
4059	3529	3663	134	new	3
4060	3529	3739	210	path	3
4061	3529	3661	132	new	3
4062	3529	3808	279	path	3
4063	3529	3671	142	new	3
4064	3530	3715	185	new	3
4065	3530	3664	134	new	3
4066	3531	3813	282	path	3
4067	3532	3532	0	new	3
4068	3532	3764	232	new	3
4069	3532	3685	153	new	3
4070	3532	3778	246	new	3
4071	3532	3532	0	new	3
4072	3533	3667	134	new	3
4073	3533	3715	182	new	3
4074	3533	3900	367	new	3
4075	3534	3767	233	new	3
4076	3534	3745	211	new	3
4077	3535	3780	245	new	3
4078	3535	3686	151	new	3
4079	3536	3669	133	new	3
4080	3537	3537	0	new	3
4081	3537	3687	150	new	3
4082	3537	3695	158	new	3
4083	3537	3953	416	new	3
4084	3537	3721	184	new	3
4085	3537	3679	142	new	3
4086	3538	3674	136	new	3
4087	3539	3670	131	new	3
4088	3542	3676	134	new	3
4089	3544	3771	227	new	3
4090	3545	3678	133	new	3
4091	3547	3547	0	new	3
4092	3548	3678	130	new	3
4093	3551	3700	149	new	3
4094	3552	3686	134	new	3
4095	3552	3686	134	new	3
4096	3553	3759	206	new	3
4097	3553	3723	170	new	3
4098	3553	3720	167	new	3
4099	3554	3554	0	new	3
4100	3554	3780	226	new	3
4101	3555	3769	214	new	3
4102	3555	3555	0	new	3
4103	3555	3723	168	path	3
4104	3555	3732	177	new	3
4105	3555	3706	151	new	3
4106	3556	3774	218	new	3
4107	3557	3691	134	new	3
4108	3557	3791	234	new	3
4109	3557	3783	226	new	3
4110	3558	3725	167	new	3
4111	3559	3756	197	path	3
4112	3560	3710	150	new	3
4113	3560	3745	185	new	3
4114	3561	3719	158	new	3
4115	3561	3776	215	path	3
4116	3561	3774	213	new	3
4117	3561	3776	215	path	3
4118	3562	3692	130	new	3
4119	3563	3740	177	new	3
4120	3563	3782	219	new	3
4121	3563	3697	134	new	3
4122	3564	3698	134	new	3
4123	3564	3754	190	new	3
4124	3564	3740	176	path	3
4125	3566	3785	219	new	3
4126	3567	3723	156	new	3
4127	3568	3738	170	new	3
4128	3568	3790	222	new	3
4129	3568	3785	217	new	3
4130	3569	3759	190	new	3
4131	3569	3896	327	new	3
4132	3569	3709	140	new	3
4133	3569	3711	142	new	3
4134	3570	3824	254	new	3
4135	3570	3704	134	new	3
4136	3570	3753	183	new	3
4137	3570	3719	149	new	3
4138	3570	3746	176	new	3
4139	3570	3704	134	new	3
4140	3571	3828	257	new	3
4141	3571	3746	175	new	3
4142	3571	3725	154	new	3
4143	3571	3746	175	new	3
4144	3571	3746	175	new	3
4145	3571	3715	144	new	3
4146	3571	3724	153	new	3
4147	3572	3734	162	new	3
4148	3572	3706	134	new	3
4149	3572	3778	206	new	3
4150	3573	3573	0	new	3
4151	3573	3707	134	new	3
4152	3573	3707	134	new	3
4153	3573	3835	262	new	3
4154	3573	3707	134	new	3
4155	3573	3786	213	new	3
4156	3573	3718	145	new	3
4157	3573	3745	172	new	3
4158	3574	3708	134	new	3
4159	3574	3808	234	path	3
4160	3574	3746	172	new	3
4161	3574	3747	173	new	3
4162	3575	3747	172	new	3
4163	3575	3788	213	new	3
4164	3575	3723	148	new	3
4165	3575	3753	178	new	3
4166	3575	3717	142	new	3
4167	3576	3903	327	new	3
4168	3576	3811	235	path	3
4169	3576	3710	134	new	3
4170	3576	3820	244	path	3
4171	3576	3712	136	new	3
4172	3576	3744	168	new	3
4173	3577	3749	172	new	3
4174	3577	-1	-1	censored	3
4175	3577	3719	142	new	3
4176	3577	3770	193	new	3
4177	3577	3770	193	path	3
4178	3578	3748	170	new	3
4179	3578	3811	233	path	3
4180	3578	3734	156	path	3
4181	3578	3760	182	path	3
4182	3579	3745	166	path	3
4183	3579	3761	182	new	3
4184	3579	3813	234	path	3
4185	3579	3815	236	path	3
4186	3580	3758	178	new	3
4187	3580	3714	134	new	3
4188	3581	3814	233	path	3
4189	3581	3745	164	new	3
4190	3581	3780	199	new	3
4191	3581	3745	164	new	3
4192	3581	3964	383	path	3
4193	3581	3709	128	new	3
4194	3581	3796	215	path	3
4195	3583	3758	175	new	3
4196	3583	3774	191	new	3
4197	3583	3717	134	new	3
4198	3583	3717	134	new	3
4199	3583	3929	346	path	3
4200	3584	3953	369	path	3
4201	3584	3747	163	new	3
4202	3584	3787	203	path	3
4203	3585	3777	192	new	3
4204	3586	3721	135	new	3
4205	3587	3745	158	new	3
4206	3587	3783	196	new	3
4207	3588	3724	136	new	3
4208	3589	3764	175	new	3
4209	3589	-1	-1	censored	3
4210	3589	3589	0	new	3
4211	3590	3768	178	new	3
4212	3592	3728	136	new	3
4213	3593	3739	146	new	3
4214	3595	3783	188	new	3
4215	3595	3794	199	path	3
4216	3596	3596	0	new	3
4217	3597	3734	137	new	3
4218	3597	3750	153	new	3
4219	3598	3745	147	new	3
4220	3599	3791	192	new	3
4221	3599	3897	298	new	3
4222	3601	3783	182	path	3
4223	3601	3788	187	new	3
4224	3602	3796	194	new	3
4225	3602	3753	151	new	3
4226	3602	3794	192	new	3
4227	3604	3864	260	path	3
4228	3604	3824	220	path	3
4229	3606	3891	285	new	3
4230	3607	3742	135	new	3
4231	3607	3800	193	new	3
4232	3607	3877	270	new	3
4233	3608	3748	140	new	3
4234	3608	3744	136	new	3
4235	3608	3760	152	new	3
4236	3608	3821	213	new	3
4237	3609	3761	152	new	3
4238	3609	3745	136	new	3
4239	3609	3801	192	new	3
4240	3609	3609	0	new	3
4241	3610	3912	302	new	3
4242	3610	3802	192	new	3
4243	3610	3773	163	new	3
4244	3611	3745	134	new	3
4245	3611	3801	190	new	3
4246	3611	3747	136	new	3
4247	3611	3796	185	new	3
4248	3611	3765	154	new	3
4249	3612	3824	212	path	3
4250	3612	3777	165	new	3
4251	3613	3747	134	new	3
4252	3613	3803	190	new	3
4253	3613	3747	134	new	3
4254	3613	3746	133	new	3
4255	3613	3763	150	new	3
4256	3614	3877	263	new	3
4257	3614	3757	143	new	3
4258	3614	3797	183	new	3
4259	3615	3734	119	path	3
4260	3615	3903	288	path	3
4261	3615	3615	0	new	3
4262	3616	3805	189	new	3
4263	3616	3811	195	new	3
4264	3617	3790	173	new	3
4265	3617	3753	136	new	3
4266	3617	3811	194	new	3
4267	3618	3812	194	new	3
4268	3618	3755	137	new	3
4269	3618	3790	172	new	3
4270	3619	3753	134	new	3
4271	3620	3844	224	new	3
4272	3622	3756	134	new	3
4273	3622	3803	181	new	3
4274	3623	3757	134	new	3
4275	3623	3756	133	new	3
4276	3624	3758	134	new	3
4277	3625	3754	129	new	3
4278	3625	3760	135	new	3
4279	3626	3797	171	new	3
4280	3626	3754	128	new	3
4281	3626	3755	129	new	3
4282	3627	3761	134	new	3
4283	3629	3763	134	new	3
4284	3629	3772	143	new	3
4285	3629	3781	152	new	3
4286	3630	3764	134	new	3
4287	3630	3763	133	new	3
4288	3632	3765	133	new	3
4289	3632	3766	134	new	3
4290	3632	3767	135	new	3
4291	3633	3767	134	new	3
4292	3633	3783	150	new	3
4293	3634	3768	134	new	3
4294	3635	3765	130	new	3
4295	3635	3764	129	new	3
4296	3636	3780	144	new	3
4297	3637	3773	136	new	3
4298	3639	3773	134	new	3
4299	3639	3854	215	new	3
4300	3639	3773	134	new	3
4301	3639	3807	168	new	3
4302	3639	3798	159	new	3
4303	3640	3792	152	new	3
4304	3640	3774	134	new	3
4305	3640	3784	144	new	3
4306	3640	3770	130	new	3
4307	3641	3784	143	new	3
4308	3642	3776	134	new	3
4309	3643	3798	155	new	3
4310	3643	3794	151	new	3
4311	3643	3771	128	new	3
4312	3644	3780	136	new	3
4313	3644	3791	147	new	3
4314	3644	3780	136	new	3
4315	3644	3778	134	new	3
4316	3646	3782	136	new	3
4317	3646	3798	152	new	3
4318	3646	3780	134	new	3
4319	3647	3781	134	new	3
4320	3647	3823	176	new	3
4321	3647	3782	135	new	3
4322	3647	3823	176	new	3
4323	3647	3801	154	new	3
4324	3648	3789	141	new	3
4325	3649	3783	134	new	3
4326	3652	3786	134	new	3
4327	3655	3865	210	new	3
4328	3656	3792	136	new	3
4329	3659	3832	173	new	3
4330	3662	3815	153	new	3
4331	3674	3854	180	new	3
4332	3674	3850	176	new	3
4333	3675	3675	0	new	3
4334	3683	3817	134	new	3
4335	3692	3826	134	new	3
4336	3698	3915	217	new	3
4337	3698	-1	-1	censored	3
4338	3699	3847	148	new	3
4339	3700	3886	186	new	3
4340	3705	3881	176	new	3
4341	3707	3966	259	new	3
4342	3715	-1	-1	censored	3
4343	3720	3895	175	new	3
4344	3721	3896	175	new	3
4345	3721	-1	-1	censored	3
4346	3723	3723	0	new	3
4347	3725	-1	-1	censored	3
4348	3725	3946	221	new	3
4349	3726	3914	188	path	3
4350	3727	3974	247	path	3
4351	3727	3974	247	path	3
4352	3728	3994	266	new	3
4353	3735	-1	-1	censored	3
4354	3736	3878	142	new	3
4355	3739	3873	134	new	3
4356	3740	3896	156	new	3
4357	3742	3742	0	new	3
4358	3743	3879	136	new	3
4359	3745	3916	171	new	3
4360	3745	3899	154	new	3
4361	3745	-1	-1	censored	3
4362	3746	-1	-1	censored	3
4363	3748	3748	0	new	3
4364	3748	3882	134	new	3
4365	3748	3936	188	new	3
4366	3749	3885	136	new	3
4367	3750	-1	-1	censored	3
4368	3750	3977	227	new	3
4369	3750	3923	173	new	3
4370	3750	3967	217	new	3
4371	3750	3886	136	new	3
4372	3750	-1	-1	censored	3
4373	3750	3887	137	new	3
4374	3750	3937	187	new	3
4375	3750	-1	-1	censored	3
4376	3751	-1	-1	censored	3
4377	3751	3936	185	new	3
4378	3751	3936	185	new	3
4379	3751	3905	154	new	3
4380	3751	3885	134	new	3
4381	3751	3885	134	new	3
4382	3751	3957	206	path	3
4383	3751	3884	133	new	3
4384	3751	-1	-1	censored	3
4385	3751	3886	135	new	3
4386	3751	3908	157	new	3
4387	3751	3912	161	new	3
4388	3751	3904	153	new	3
4389	3751	3936	185	new	3
4390	3752	3752	0	new	3
4391	3752	3886	134	new	3
4392	3752	3904	152	new	3
4393	3752	3922	170	new	3
4394	3752	3886	134	new	3
4395	3752	3888	136	new	3
4396	3752	3900	148	new	3
4397	3752	3965	213	new	3
4398	3752	3893	141	new	3
4399	3753	3959	206	new	3
4400	3753	-1	-1	censored	3
4401	3753	3954	201	new	3
4402	3753	3959	206	new	3
4403	3753	3883	130	new	3
4404	3754	3921	167	new	3
4405	3754	3938	184	new	3
4406	3754	3932	178	new	3
4407	3754	-1	-1	censored	3
4408	3755	3950	195	path	3
4409	3755	3936	181	new	3
4410	3755	3892	137	new	3
4411	3756	-1	-1	censored	3
4412	3756	3901	145	new	3
4413	3756	3892	136	new	3
4414	3756	3920	164	new	3
4415	3756	3977	221	path	3
4416	3756	3917	161	new	3
4417	3756	-1	-1	censored	3
4418	3757	3904	147	new	3
4419	3757	-1	-1	censored	3
4420	3757	3891	134	new	3
4421	3757	3891	134	new	3
4422	3758	3894	136	new	3
4423	3758	3892	134	new	3
4424	3758	3913	155	new	3
4425	3758	-1	-1	censored	3
4426	3758	3948	190	new	3
4427	3758	3758	0	new	3
4428	3758	3758	0	new	3
4429	3758	3758	0	new	3
4430	3758	3758	0	new	3
4431	3759	3921	162	new	3
4432	3760	3952	192	new	3
4433	3760	3894	134	new	3
4434	3760	3900	140	new	3
4435	3760	3908	148	new	3
4436	3760	-1	-1	censored	3
4437	3760	3893	133	new	3
4438	3760	3988	228	new	3
4439	3761	3930	169	new	3
4440	3761	-1	-1	censored	3
4441	3761	3932	171	path	3
4442	3761	3889	128	new	3
4443	3761	3985	224	new	3
4444	3762	3762	0	new	3
4445	3762	3965	203	path	3
4446	3762	3903	141	new	3
4447	3762	3974	212	path	3
4448	3763	3949	186	new	3
4449	3763	3946	183	new	3
4450	3763	3906	143	new	3
4451	3763	-1	-1	censored	3
4452	3763	3926	163	new	3
4453	3763	3936	173	path	3
4454	3764	3897	133	new	3
4455	3764	3902	138	new	3
4456	3764	3909	145	new	3
4457	3765	3899	134	new	3
4458	3765	3926	161	new	3
4459	3765	3905	140	new	3
4460	3765	3962	197	new	3
4461	3765	3953	188	new	3
4462	3765	3967	202	path	3
4463	3765	3956	191	new	3
4464	3766	3894	128	new	3
4465	3775	3909	134	new	3
4466	3779	3912	133	new	3
4467	3786	3920	134	new	3
4468	3788	3921	133	new	3
4469	3812	-1	-1	censored	3
4470	3850	-1	-1	censored	3
4471	3857	-1	-1	censored	3
4472	3869	-1	-1	censored	3
4473	3871	3871	0	new	3
4474	3872	-1	-1	censored	3
4475	3873	-1	-1	censored	3
4476	3877	-1	-1	censored	3
4477	3878	-1	-1	censored	3
4478	3880	-1	-1	censored	3
4479	3880	-1	-1	censored	3
4480	3880	-1	-1	censored	3
4481	3881	-1	-1	censored	3
4482	3882	-1	-1	censored	3
4483	3882	-1	-1	censored	3
4484	3883	-1	-1	censored	3
4485	3884	-1	-1	censored	3
4486	3885	-1	-1	censored	3
4487	3888	3888	0	new	3
4488	3888	-1	-1	censored	3
4489	3889	-1	-1	censored	3
4490	3890	3890	0	new	3
4491	3892	-1	-1	censored	3
4492	3893	-1	-1	censored	3
4493	3893	-1	-1	censored	3
4494	3893	-1	-1	censored	3
4495	3894	-1	-1	censored	3
4496	3894	-1	-1	censored	3
4497	3894	-1	-1	censored	3
4498	3895	-1	-1	censored	3
4499	3896	-1	-1	censored	3
4500	3898	-1	-1	censored	3
4501	3900	-1	-1	censored	3
4502	3900	-1	-1	censored	3
4503	3900	-1	-1	censored	3
4504	3901	-1	-1	censored	3
4505	3901	-1	-1	censored	3
4506	3901	-1	-1	censored	3
4507	3902	-1	-1	censored	3
4508	3903	-1	-1	censored	3
4509	3903	-1	-1	censored	3
4510	3904	-1	-1	censored	3
4511	3904	-1	-1	censored	3
4512	3904	-1	-1	censored	3
4513	3904	-1	-1	censored	3
4514	3905	-1	-1	censored	3
4515	3905	-1	-1	censored	3
4516	3905	-1	-1	censored	3
4517	3905	-1	-1	censored	3
4518	3906	-1	-1	censored	3
4519	3906	-1	-1	censored	3
4520	3906	-1	-1	censored	3
4521	3906	-1	-1	censored	3
4522	3907	-1	-1	censored	3
4523	3907	-1	-1	censored	3
4524	3908	-1	-1	censored	3
4525	3908	-1	-1	censored	3
4526	3908	-1	-1	censored	3
4527	3909	-1	-1	censored	3
4528	3910	-1	-1	censored	3
4529	3910	-1	-1	censored	3
4530	3910	-1	-1	censored	3
4531	3910	-1	-1	censored	3
4532	3910	-1	-1	censored	3
4533	3910	-1	-1	censored	3
4534	3911	-1	-1	censored	3
4535	3911	-1	-1	censored	3
4536	3912	-1	-1	censored	3
4537	3913	-1	-1	censored	3
4538	3913	-1	-1	censored	3
4539	3913	-1	-1	censored	3
4540	3915	-1	-1	censored	3
4541	3916	-1	-1	censored	3
4542	3917	3917	0	new	3
4543	3932	-1	-1	censored	3
4544	3938	-1	-1	censored	3
4545	3938	-1	-1	censored	3
4546	3942	-1	-1	censored	3
4547	3943	-1	-1	censored	3
4548	3945	-1	-1	censored	3
4549	3947	-1	-1	censored	3
4550	3947	-1	-1	censored	3
4551	3948	-1	-1	censored	3
4552	3948	-1	-1	censored	3
4553	3948	-1	-1	censored	3
4554	3948	-1	-1	censored	3
4555	3948	-1	-1	censored	3
4556	3948	-1	-1	censored	3
4557	3949	-1	-1	censored	3
4558	3950	-1	-1	censored	3
4559	3964	-1	-1	censored	3
4560	3970	-1	-1	censored	3
4561	3972	-1	-1	censored	3
4562	3973	-1	-1	censored	3
4563	3973	-1	-1	censored	3
4564	3974	-1	-1	censored	3
4565	3975	-1	-1	censored	3
4566	3976	-1	-1	censored	3
4567	3976	-1	-1	censored	3
4568	3976	-1	-1	censored	3
4569	3976	3976	0	new	3
4570	3976	-1	-1	censored	3
4571	3977	-1	-1	censored	3
4572	3977	-1	-1	censored	3
4573	3978	-1	-1	censored	3
4574	3979	-1	-1	censored	3
4575	3979	-1	-1	censored	3
4576	3979	-1	-1	censored	3
4577	3980	-1	-1	censored	3
4578	3980	-1	-1	censored	3
4579	3980	-1	-1	censored	3
4580	3981	-1	-1	censored	3
4581	3981	-1	-1	censored	3
4582	3981	-1	-1	censored	3
4583	3981	-1	-1	censored	3
4584	3982	-1	-1	censored	3
4585	3982	3982	0	new	3
4586	3983	-1	-1	censored	3
4587	3983	-1	-1	censored	3
4588	3983	-1	-1	censored	3
4589	3984	-1	-1	censored	3
4590	3984	-1	-1	censored	3
4591	3984	3984	0	new	3
4592	3984	-1	-1	censored	3
4593	3985	-1	-1	censored	3
4594	3985	-1	-1	censored	3
4595	3985	-1	-1	censored	3
4596	3985	-1	-1	censored	3
4597	3985	-1	-1	censored	3
4598	3986	-1	-1	censored	3
4599	3986	-1	-1	censored	3
4600	3986	-1	-1	censored	3
4601	3987	-1	-1	censored	3
4602	3987	-1	-1	censored	3
4603	3987	-1	-1	censored	3
4604	3987	-1	-1	censored	3
4605	3988	-1	-1	censored	3
4606	3989	-1	-1	censored	3
4607	3989	-1	-1	censored	3
4608	3989	-1	-1	censored	3
4609	3989	-1	-1	censored	3
4610	3989	-1	-1	censored	3
4611	3990	3990	0	new	3
4612	3990	-1	-1	censored	3
4613	3990	-1	-1	censored	3
4614	3990	-1	-1	censored	3
4615	3991	-1	-1	censored	3
4616	3991	-1	-1	censored	3
4617	3991	-1	-1	censored	3
4618	3992	-1	-1	censored	3
4619	3992	-1	-1	censored	3
4620	3992	-1	-1	censored	3
4621	3992	-1	-1	censored	3
4622	3993	-1	-1	censored	3
4623	3993	-1	-1	censored	3
4624	3993	-1	-1	censored	3
4625	3994	-1	-1	censored	3
4626	3994	-1	-1	censored	3
4627	3994	-1	-1	censored	3
4628	3994	-1	-1	censored	3
4629	3995	-1	-1	censored	3
4630	3995	-1	-1	censored	3
4631	3995	-1	-1	censored	3
4632	3995	-1	-1	censored	3
4633	3995	-1	-1	censored	3
4634	3995	-1	-1	censored	3
4635	3996	-1	-1	censored	3
4636	3996	-1	-1	censored	3
4637	3997	-1	-1	censored	3
4638	3997	-1	-1	censored	3
4639	3997	-1	-1	censored	3
4640	3997	-1	-1	censored	3
4641	3997	-1	-1	censored	3
4642	3997	3997	0	new	3
4643	3998	-1	-1	censored	3
4644	3998	3998	0	new	3
4645	3998	-1	-1	censored	3
4646	3998	-1	-1	censored	3
4647	3999	-1	-1	censored	3
4648	3999	3999	0	new	3
4649	3999	3999	0	new	3
4650	3999	3999	0	new	3
