====================================================================================================
SEED 5  rule=T1 g=0.075 N=1200 epochs=900 (paired directed / symmetric, identical seed)
====================================================================================================
[directed ] status=ok snaps=90 BSW_occ=36 windows=4 dead=1129 audit=OK V_max=1049/1200 first_sat=-
    ep    ph    V  b1_H12 b1_H6 b1_S12 b1_S6  occSCC occSCC3 feCYC feDYAD maxSCC rung12 refl ndstM  gcf  npts wscale wcont slope   r2    fail
      10    SW    7      5     5     3     3   0.29  0.00   0.00  0.20     2  1.00     2  2.29  1.00    0    -     -     -     -   NO_SCALING_PTS
      20    SW   15     13    13     9     9   0.00  0.00   0.00  0.00     1    -      0  3.26  1.00    0    -   0.18    -     -   NO_SCALING_PTS
      30    SW   24     22    22    15    15   0.29  0.29   0.30  0.00     6  1.00     0  5.34  1.00    1    -   0.45    -     -   FEW_RADII
      40    SW   36     34    34    24    24   0.10  0.10   0.11  0.00     3  1.00     0  7.92  1.00    1    -   0.56    -     -   FEW_RADII
      50    SW   49     47    47    35    35   0.00  0.00   0.00  0.00     1    -      0  7.26  1.00    1    -   0.64    -     -   FEW_RADII
      60    SW   54     52    52    41    41   0.05  0.00   0.00  0.04     2  1.00     0 11.47  1.00    1    -   0.58    -     -   FEW_RADII
      70    SW   62     60    60    50    50   0.07  0.07   0.07  0.00     3  1.00     0  9.71  1.00    1    -   0.59    -     -   FEW_RADII
      80    SW   67     65    65    56    56   0.10  0.10   0.16  0.00     5  1.00     0 12.05  1.00    1    -   0.58    -     -   FEW_RADII
      90    SW   74     72    72    59    59   0.09  0.09   0.11  0.00     3  1.00     0 12.41  1.00    1    -   0.61    -     -   FEW_RADII
     100    SW   78     76    76    64    64   0.00  0.00   0.00  0.00     1    -      0 13.40  1.00    1    -   0.60    -     -   FEW_RADII
     110    SW   83     81    81    66    66   0.05  0.00   0.00  0.04     2  1.00     0 11.04  1.00    1    -   0.60    -     -   FEW_RADII
     120    SW   94     92    92    71    71   0.09  0.09   0.14  0.00     6  1.00     0 14.18  1.00    2  0.41  0.64    -     -   FEW_RADII
     130    SW  101     99    99    77    77   0.09  0.09   0.12  0.00     5  1.00     0 15.32  1.00    2  0.41  0.70    -     -   FEW_RADII
     140    SW  111    109   109    88    88   0.12  0.12   0.24  0.00    10  1.00     0 14.08  1.00    2  0.41  0.78    -     -   FEW_RADII
     150    SW  125    123   123   101   101   0.11  0.11   0.18  0.00    11  1.00     0 14.11  1.00    1    -   0.72    -     -   FEW_RADII
     160    SW  153    151   151   119   119   0.00  0.00   0.00  0.00     1    -      0 14.34  1.00    2  0.41  0.80    -     -   FEW_RADII
     170    SW  162    160   160   122   121   0.00  0.00   0.00  0.00     1    -      0 15.16  1.00    2  0.41  0.75    -     -   FEW_RADII
     180    SW  167    165   165   128   125   0.04  0.00   0.00  0.04     2  1.00     0 15.53  1.00    2  0.41  0.77    -     -   FEW_RADII
     190    SW  180    178   178   144   142   0.05  0.05   0.07  0.00     6  1.00     0 16.56  1.00    2  0.41  0.84    -     -   FEW_RADII
     200    SW  190    188   188   154   152   0.09  0.00   0.00  0.08     2  1.00     0 10.93  1.00    1    -   0.80    -     -   FEW_RADII
     210    SW  202    200   199   164   162   0.02  0.00   0.00  0.02     2  1.00     0 18.14  1.00    1    -   0.88    -     -   FEW_RADII
     220    SW  211    209   205   174   170   0.03  0.03   0.05  0.00     5  1.00     0 16.79  1.00    2  0.41  0.96    -     -   FEW_RADII
     230    SW  220    218   214   181   176   0.05  0.05   0.08  0.00     7  1.00     0 16.34  1.00    2  0.41  1.00    -     -   FEW_RADII
     240    SW  235    233   229   190   185   0.07  0.07   0.10  0.00     9  1.00     0 16.47  1.00    2  0.41  1.11    -     -   FEW_RADII
     250    SW  266    264   257   210   202   0.15  0.15   0.25  0.00    28  1.00     0 16.41  1.00    2  0.41  1.13    -     -   FEW_RADII
     260    SW  312    310   304   246   237   0.07  0.07   0.14  0.00    19  1.00     0 17.86  1.00    2  0.41  1.14    -     -   FEW_RADII
     270    SW  344    342   333   275   266   0.06  0.00   0.00  0.06     2  1.00     0 17.10  1.00    3  1.10  1.23    -     -   FEW_RADII
     280    SW  348    346   334   279   269   0.29  0.00   0.00  0.33     2  1.00     0 17.12  1.00    2  0.41  1.05    -     -   FEW_RADII
     290    SW  347    345   334   283   268   0.03  0.03   0.05  0.00     6  1.00     0 19.64  1.00    2  0.41  1.00    -     -   FEW_RADII
     300    SW  352    350   337   292   275   0.00  0.00   0.00  0.00     1    -      0 17.53  1.00    2  0.41  1.09    -     -   FEW_RADII
     310    SW  361    359   347   297   274   0.06  0.04   0.04  0.02     3  1.00     0 21.43  1.00    2  0.41  1.13    -     -   FEW_RADII
     320    SW  366    364   349   305   279   0.06  0.04   0.05  0.03     5  1.00     0 20.97  1.00    3  1.10  1.19    -     -   FEW_RADII
     330    SW  399    397   373   324   296   0.05  0.05   0.09  0.00    11  1.00     0 18.17  1.00    3  1.10  1.25    -     -   FEW_RADII
     340    SW  412    410   376   336   304   0.03  0.03   0.05  0.00     6  1.00     0 21.24  1.00    3  1.10  1.26    -     -   FEW_RADII
     350    SW  415    411   376   337   299   0.03  0.03   0.04  0.00     4  1.00     0 20.14  1.00    2  0.41  1.24    -     -   FEW_RADII
     360    SW  417    413   375   345   304   0.11  0.08   0.09  0.02     3  1.00     0 12.80  1.00    2  0.41  1.19    -     -   FEW_RADII
     370    SW  427    421   385   351   307   0.14  0.06   0.07  0.07     3  1.00     0 20.18  1.00    2  0.41  1.25    -     -   FEW_RADII
     380    SW  425    419   383   354   305   0.04  0.02   0.03  0.01     3  1.00     0 18.12  1.00    2  0.41  1.29    -     -   FEW_RADII
     390    SW  430    422   386   356   296   0.05  0.05   0.08  0.00     6  1.00     0 15.45  1.00    2  0.41  1.28    -     -   FEW_RADII
     400    SW  425    416   381   354   286   0.08  0.08   0.11  0.00     4  1.00     0 22.66  1.00    2  0.41  1.23    -     -   FEW_RADII
     410    SW  421    413   375   356   285   0.06  0.06   0.12  0.00     8  1.00     0 18.15  1.00    3  1.10  1.26    -     -   FEW_RADII
     420    SW  435    425   386   362   286   0.14  0.13   0.24  0.01    31  1.00     0 22.98  1.00    3  1.10  1.39    -     -   FEW_RADII
     430    SW  467    457   411   382   316   0.09  0.08   0.12  0.01    13  1.00     0 16.40  1.00    3  1.10  1.37    -     -   FEW_RADII
     440  METR  529    518   456   407   347   0.05  0.05   0.09  0.00    13  1.00     0 17.91  1.00    4  1.39  1.39  2.57  0.99  -
     450  METR  563    549   486   428   365   0.05  0.05   0.09  0.00    16  1.00     0 19.36  1.00    4  1.39  1.41  2.43  1.00  -
     460    SW  614    599   533   461   388   0.07  0.07   0.12  0.00    16  1.00     0 20.22  1.00    3  1.10  1.36    -     -   FEW_RADII
     470    SW  627    614   554   491   412   0.06  0.06   0.10  0.00    14  1.00     2 19.27  1.00    3  1.10  1.37    -     -   FEW_RADII
     480    SW  641    628   570   498   421   0.04  0.02   0.03  0.02     3  1.00     1 21.40  1.00    3  1.10  1.36    -     -   FEW_RADII
     490    SW  660    647   587   521   448   0.07  0.05   0.09  0.02     9  1.00     0 15.94  1.00    3  0.69  1.40    -     -   FEW_RADII
     500  METR  712    696   629   571   486   0.06  0.05   0.09  0.01    13  1.00     2 21.63  1.00    4  1.39  1.39  2.67  1.00  -
     510  METR  762    744   667   622   540   0.08  0.08   0.14  0.00    21  1.00     0 17.94  1.00    4  1.39  1.45  2.71  1.00  -
     520  METR  849    831   753   690   609   0.09  0.09   0.15  0.00    30  1.00     1 21.39  1.00    4  1.39  1.42  2.69  1.00  -
     530  METR  904    885   811   722   642   0.03  0.03   0.05  0.00    11  1.00     0 21.42  1.00    4  1.39  1.44  2.84  1.00  -
     540  METR  921    900   826   737   662   0.04  0.04   0.07  0.00     9  1.00     0 19.33  1.00    4  1.39  1.50  3.05  1.00  -
     550  METR  947    928   853   769   694   0.09  0.08   0.14  0.00    31  1.00     0 20.66  1.00    4  1.39  1.49  2.85  1.00  -
     560  METR  992    972   897   798   717   0.06  0.05   0.08  0.01    20  1.00     0 17.92  1.00    4  1.39  1.53  2.83  1.00  -
     570  METR 1035   1015   942   838   738   0.08  0.06   0.12  0.01    14  1.00     0 18.37  1.00    4  1.39  1.50  2.93  1.00  -
     580  METR 1049   1027   958   848   746   0.03  0.03   0.04  0.00     5  1.00     0 21.63  1.00    4  1.39  1.49  2.92  1.00  -
     590  METR 1043   1020   957   846   732   0.04  0.03   0.05  0.01     5  1.00     0 20.02  1.00    4  1.39  1.49  3.17  1.00  -
     600    SW 1032   1006   945   839   719   0.00  0.00   0.00  0.00     1    -      0 20.31  1.00    3  0.69  1.41    -     -   FEW_RADII
     610    SW 1025    997   912   834   703   0.08  0.00   0.00  0.08     2  1.00     0 25.14  1.00    3  0.69  1.42    -     -   FEW_RADII
     620    SW 1019    988   899   832   695   0.00  0.00   0.00  0.00     1    -      0 20.29  1.00    3  0.69  1.35    -     -   FEW_RADII
     630    SW  995    960   865   813   690   0.02  0.02   0.03  0.00     4  1.00     0 20.33  1.00    3  0.69  1.34    -     -   FEW_RADII
     640  METR  992    955   850   813   681   0.09  0.07   0.13  0.02     8  1.00     0 15.36  1.00    4  1.39  1.39  3.19  1.00  -
     650    SW  983    944   839   807   656   0.09  0.05   0.06  0.04     4  1.00     7 18.54  1.00    3  1.10  1.38    -     -   FEW_RADII
     660    SW  988    947   844   811   634   0.06  0.03   0.05  0.03     8  1.00     0 20.80  1.00    3  1.10  1.34    -     -   FEW_RADII
     670    SW  995    947   846   804   612   0.04  0.03   0.05  0.01     8  1.00     0 13.28  1.00    3  1.10  1.38    -     -   FEW_RADII
     680  METR  993    936   832   791   589   0.06  0.03   0.04  0.03     4  1.00     2 15.46  1.00    4  1.39  1.43  2.84  1.00  -
     690  METR  997    935   817   786   566   0.04  0.04   0.05  0.00     4  1.00     1 18.89  1.00    4  1.39  1.45  2.63  1.00  -
     700  METR  982    919   755   767   526   0.07  0.07   0.14  0.00    12  0.92     5 12.41  1.00    4  1.39  1.57  2.76  1.00  -
     710  METR  943    879   712   741   489   0.06  0.02   0.03  0.03     4  1.00     2 17.29  1.00    5  1.61  1.65  2.74  1.00  -
     720  METR  901    832   679   714   448   0.03  0.02   0.03  0.01     3  1.00     1 15.38  1.00    4  0.92  1.64  2.88  1.00  -
     730  METR  858    784   623   679   422   0.06  0.05   0.07  0.01     5  1.00     0 14.12  1.00    5  1.61  1.64  2.68  1.00  -
     740  METR  834    762   582   658   422   0.00  0.00   0.00  0.00     1    -      1 15.97  1.00    5  1.61  1.64  2.66  1.00  -
     750  METR  801    723   520   629   413   0.01  0.00   0.00  0.01     2  1.00     0 17.14  1.00    4  0.92  1.62  2.75  1.00  -
     760  METR  755    679   484   593   399   0.27  0.27   0.37  0.00     4  1.00     1  7.30  1.00    4  0.92  1.53  2.73  1.00  -
     770  METR  711    636   459   556   382   0.09  0.00   0.00  0.10     2  1.00     0 13.45  1.00    4  0.92  1.52  2.71  1.00  -
     780  METR  685    608   450   538   372   0.14  0.14   0.18  0.00     5  1.00     0  7.35  1.00    4  0.92  1.48  2.69  1.00  -
     790  METR  663    582   446   518   360   0.07  0.05   0.08  0.01     5  1.00     2 19.78  1.00    4  0.92  1.63  2.60  1.00  -
     800  METR  657    579   451   509   355   0.02  0.02   0.04  0.00     4  1.00     3  6.73  1.00    4  0.92  1.57  2.62  1.00  -
     810  METR  655    571   446   505   351   0.04  0.03   0.04  0.01     4  1.00     3 10.58  1.00    4  0.92  1.62  2.49  1.00  -
     820  METR  655    571   451   499   326   0.12  0.08   0.14  0.04     4  1.00     3  9.28  1.00    4  0.92  1.67  2.49  1.00  -
     830  METR  650    566   447   488   305   0.10  0.07   0.09  0.03     4  1.00     0  7.66  1.00    4  0.92  1.68  2.61  1.00  -
     840  METR  656    573   452   485   298   0.05  0.05   0.08  0.00     7  1.00     1 11.55  1.00    4  0.92  1.73  2.50  1.00  -
     850  METR  638    550   432   467   287   0.18  0.06   0.07  0.10     3  1.00     0 10.39  1.00    5  1.10  1.70  2.50  1.00  -
     860  METR  619    522   413   442   282   0.11  0.09   0.15  0.01     8  0.92     3  8.78  1.00    5  1.10  1.69  2.43  1.00  -
     870  METR  613    507   392   434   275   0.05  0.00   0.00  0.05     2  1.00     4  8.70  1.00    5  1.10  1.84  2.24  1.00  -
     880  METR  595    483   361   417   257   0.10  0.00   0.00  0.09     2  1.00     1 10.24  1.00    5  1.10  1.76  2.34  1.00  -
     890  METR  552    438   327   378   246   0.15  0.00   0.00  0.12     2  1.00     0 10.57  1.00    5  1.10  1.63  2.45  1.00  -
     900  METR  533    416   319   368   245   0.48  0.48   0.53  0.00    10  1.00     0  6.12  1.00    5  1.10  1.65  2.41  1.00  -
    window ep440-450 len=2 exit=SW
    window ep500-590 len=10 exit=SW
    window ep640-640 len=1 exit=SW
    window ep680-900 len=23 exit=END
    exit reasons: {'SW': 3, 'END': 1}
    SW breakdown: {'NO_SCALING_PTS': 2, 'FEW_RADII': 52}
    edge lifetimes (theta=1e-12): n_dead=2373 median=221 mean=271.1 p90=448 max=874 censored_alive=948
    coupling with BSW indicator (point-biserial):
      occ_scc3: r =  0.12
      fe_cyc  : r =  0.13
      occ_scc : r =  0.10
      fe_dyad : r = -0.01
      rung12  : r = -0.18
      b1_H12  : r =  0.58
      b1_H6   : r =  0.50
      b1_S12  : r =  0.59
      b1_S6   : r =  0.48
    coupling with npts(t) (Pearson):
      occ_scc3: r =  0.10
      fe_cyc  : r =  0.12
      b1_H12  : r =  0.74
      b1_S6   : r =  0.64
      rung12  : r = -0.19
    coupling with wcont(t) (Pearson):
      occ_scc3: r =  0.02
      fe_cyc  : r =  0.05
      b1_H12  : r =  0.78
      b1_S6   : r =  0.69
      rung12  : r = -0.16
    H->S lag correlation corr(b1_H12(t), b1_S6(t+tau)) [tau in snapshots]:
      all    :  0.98  0.99  0.99  0.98  0.96  0.95  0.92   (tau=-3..3)
      rising :  0.99  0.99  0.99  0.98   (tau=0..3, b1_H increasing)
      falling:  0.95  0.94  0.92  0.90   (tau=0..3, b1_H decreasing)
[symmetric] status=ok snaps=90 BSW_occ=0 windows=0 dead=980 audit=OK V_max=292/1200 first_sat=-
    ep    ph    V  b1_H12 b1_H6 b1_S12 b1_S6  occSCC occSCC3 feCYC feDYAD maxSCC rung12 refl ndstM  gcf  npts wscale wcont slope   r2    fail
      10    SW    7      5     5     3     3   0.86  0.86   0.90  0.00     6  1.00     0  5.24  1.00    0    -     -     -     -   NO_SCALING_PTS
      20    SW   19     17    17    11    11   0.16  0.16   0.21  0.00     3  1.00     0 10.09  1.00    1    -   0.23    -     -   FEW_RADII
      30    SW   32     30    30    20    20   0.11  0.11   0.12  0.00     3  1.00     0 15.81  1.00    1    -   0.46    -     -   FEW_RADII
      40    SW   38     36    36    31    31   0.21  0.21   0.33  0.00     8  1.00     0 20.37  1.00    1    -   0.36    -     -   FEW_RADII
      50    SW   56     54    54    45    45   0.20  0.20   0.37  0.00    11  1.00     0 22.90  1.00    1    -   0.48    -     -   FEW_RADII
      60    SW   70     68    68    54    54   0.19  0.19   0.35  0.00     5  1.00     0 16.10  1.00    1    -   0.44    -     -   FEW_RADII
      70    SW   82     80    80    63    63   0.06  0.00   0.00  0.06     2  1.00     0 18.76  1.00    1    -   0.43    -     -   FEW_RADII
      80    SW   97     95    95    72    72   0.15  0.15   0.29  0.00     7  1.00     0 24.58  1.00    1    -   0.66    -     -   FEW_RADII
      90    SW  108    106   106    80    80   0.04  0.00   0.00  0.04     2  1.00     0 28.59  1.00    1    -   0.82    -     -   FEW_RADII
     100    SW  117    115   115    85    85   0.05  0.05   0.07  0.00     3  1.00     0 31.55  1.00    1    -   0.77    -     -   FEW_RADII
     110    SW  126    124   124    90    90   0.14  0.14   0.34  0.00     9  1.00     0 31.19  1.00    1    -   0.77    -     -   FEW_RADII
     120    SW  140    138   138    98    98   0.06  0.06   0.07  0.00     4  1.00     0 31.92  1.00    1    -   0.93    -     -   FEW_RADII
     130    SW  156    154   154   108   108   0.06  0.06   0.09  0.00     5  1.00     0 31.22  1.00    2  0.69  0.92    -     -   FEW_RADII
     140    SW  167    165   165   118   118   0.04  0.04   0.05  0.00     3  1.00     0 28.89  1.00    2  0.69  1.01    -     -   FEW_RADII
     150    SW  174    172   172   123   123   0.06  0.06   0.13  0.00     5  1.00     0 57.21  1.00    2  0.69  1.00    -     -   FEW_RADII
     160    SW  189    187   187   134   132   0.07  0.07   0.18  0.00     7  1.00     0 50.98  1.00    2  0.69  0.98    -     -   FEW_RADII
     170    SW  197    195   195   139   127   0.03  0.03   0.06  0.00     3  1.00     0 29.74  1.00    2  0.69  0.98    -     -   FEW_RADII
     180    SW  200    198   198   144   118   0.04  0.04   0.08  0.00     4  1.00     0 56.19  1.00    2  0.69  0.99    -     -   FEW_RADII
     190    SW  203    201   199   145   107   0.02  0.00   0.00  0.02     2  1.00     0 79.34  1.00    2  0.69  1.02    -     -   FEW_RADII
     200    SW  202    200   191   147   104   0.04  0.04   0.09  0.00     4  1.00     0 72.87  1.00    2  0.69  1.02    -     -   FEW_RADII
     210    SW  194    192   177   143   104   0.05  0.05   0.11  0.00     5  1.00     0 47.53  1.00    2  0.69  1.06    -     -   FEW_RADII
     220    SW  155    152   152   105    94   0.20  0.20   0.29  0.00     4  1.00     0 31.27  1.00    2  0.69  1.05    -     -   FEW_RADII
     230    SW  164    162   162   110    95   0.09  0.09   0.21  0.00     9  1.00     0 32.74  1.00    2  0.69  1.04    -     -   FEW_RADII
     240    SW  168    165   165   116   108   0.08  0.08   0.15  0.00     8  1.00     0 52.89  1.00    2  0.69  1.05    -     -   FEW_RADII
     250    SW  173    171   171   125   123   0.10  0.10   0.22  0.00    11  1.00     0 43.69  1.00    2  0.69  1.03    -     -   FEW_RADII
     260    SW  178    176   176   138   131   0.07  0.07   0.18  0.00     8  1.00     0 71.57  1.00    3  1.10  1.23    -     -   FEW_RADII
     270    SW  182    180   180   137   126   0.03  0.03   0.05  0.00     3  1.00     0 31.59  1.00    3  1.10  1.37    -     -   FEW_RADII
     280    SW  177    175   175   138   121   0.03  0.03   0.05  0.00     3  1.00     0 49.12  1.00    3  1.10  1.31    -     -   FEW_RADII
     290    SW  178    176   176   145   130   0.06  0.06   0.13  0.00     8  1.00     0 37.34  1.00    3  1.10  1.13    -     -   FEW_RADII
     300    SW  186    184   184   146   133   0.05  0.05   0.11  0.00     5  1.00     0 56.13  1.00    2  0.69  1.04    -     -   FEW_RADII
     310    SW  201    198   198   154   143   0.06  0.06   0.14  0.00     8  1.00     0 56.40  1.00    2  0.69  0.99    -     -   FEW_RADII
     320    SW  228    226   226   176   165   0.13  0.13   0.28  0.00    20  1.00     0 45.19  1.00    3  1.10  1.28    -     -   FEW_RADII
     330    SW  231    229   229   180   176   0.09  0.09   0.24  0.00    12  1.00     0 57.41  1.00    3  1.10  1.23    -     -   FEW_RADII
     340    SW  247    245   245   191   186   0.06  0.06   0.15  0.00     7  1.00     0 65.52  1.00    3  1.10  1.17    -     -   FEW_RADII
     350    SW  271    269   269   204   200   0.08  0.08   0.22  0.00    11  1.00     0 60.74  1.00    3  1.10  1.12    -     -   FEW_RADII
     360    SW  279    277   277   212   203   0.02  0.02   0.04  0.00     3  1.00     0 77.43  1.00    3  1.10  1.18    -     -   FEW_RADII
     370    SW  287    285   285   217   199   0.30  0.30   0.31  0.00     3  1.00     0 79.87  1.00    2  0.41  1.13    -     -   FEW_RADII
     380    SW  289    287   287   219   188   0.03  0.03   0.09  0.00     5  1.00     0 83.83  1.00    2  0.41  1.08    -     -   FEW_RADII
     390    SW  292    290   289   221   186   0.04  0.04   0.10  0.00     6  1.00     0 95.11  1.00    2  0.41  1.12    -     -   FEW_RADII
     400    SW  281    278   278   205   182   0.01  0.00   0.00  0.01     2  1.00     0 91.14  1.00    3  1.10  1.12    -     -   FEW_RADII
     410    SW  267    264   264   191   180   0.03  0.03   0.09  0.00     5  1.00     0 106.39  1.00    1    -   1.07    -     -   FEW_RADII
     420    SW  269    267   267   189   174   0.07  0.07   0.19  0.00    11  1.00     0 57.33  1.00    2  0.69  1.06    -     -   FEW_RADII
     430    SW  270    268   267   191   166   0.01  0.00   0.00  0.01     2  1.00     0 99.66  1.00    2  0.69  1.07    -     -   FEW_RADII
     440    SW  270    268   264   192   163   0.03  0.03   0.06  0.00     4  1.00     0 69.74  1.00    2  0.69  1.09    -     -   FEW_RADII
     450    SW  271    269   259   188   153   0.21  0.21   0.34  0.00     4  1.00     0 52.89  1.00    2  0.69  1.07    -     -   FEW_RADII
     460    SW  253    251   251   175   138   0.04  0.04   0.09  0.00     7  1.00     0 55.02  1.00    2  0.69  1.00    -     -   FEW_RADII
     470    SW  278    276   275   196   156   0.06  0.06   0.14  0.00    10  1.00     0 62.38  1.00    2  0.69  0.99    -     -   FEW_RADII
     480    SW  277    275   269   206   159   0.05  0.05   0.14  0.00     8  1.00     0 76.88  1.00    2  0.69  1.05    -     -   FEW_RADII
     490    SW  252    250   246   185   150   0.05  0.05   0.15  0.00     9  1.00     0 76.05  1.00    3  1.10  1.17    -     -   FEW_RADII
     500    SW  241    239   236   179   148   0.03  0.03   0.04  0.00     4  1.00     0 49.00  1.00    3  1.10  1.23    -     -   FEW_RADII
     510    SW  215    213   213   157   146   0.03  0.03   0.07  0.00     4  1.00     0 35.10  1.00    3  1.10  1.13    -     -   FEW_RADII
     520    SW  213    211   211   157   146   0.05  0.05   0.14  0.00     7  1.00     0 43.15  1.00    3  1.10  1.18    -     -   FEW_RADII
     530    SW  221    219   219   165   155   0.10  0.10   0.25  0.00    14  1.00     0 46.18  1.00    2  0.69  1.09    -     -   FEW_RADII
     540    SW  229    227   227   174   165   0.08  0.08   0.17  0.00    10  1.00     0 63.34  1.00    2  0.69  1.02    -     -   FEW_RADII
     550    SW  228    225   225   172   164   0.05  0.05   0.10  0.00     6  1.00     0 65.28  1.00    2  0.69  1.02    -     -   FEW_RADII
     560    SW  237    234   234   179   172   0.10  0.09   0.20  0.01    11  1.00     0 52.86  1.00    2  0.69  1.06    -     -   FEW_RADII
     570    SW  245    243   243   188   177   0.35  0.24   0.38  0.08     4  1.00     0 75.01  1.00    3  1.10  1.10    -     -   FEW_RADII
     580    SW  257    255   255   192   184   0.04  0.04   0.11  0.00     6  1.00     0 57.94  1.00    2  0.69  1.04    -     -   FEW_RADII
     590    SW  259    257   257   194   187   0.20  0.20   0.25  0.00     5  1.00     0 80.51  1.00    3  1.10  1.14    -     -   FEW_RADII
     600    SW  256    254   254   200   183   0.03  0.03   0.04  0.00     4  1.00     0 36.89  1.00    3  1.10  1.15    -     -   FEW_RADII
     610    SW  243    241   241   193   169   0.02  0.00   0.00  0.02     2  1.00     0 85.41  1.00    3  1.10  1.15    -     -   FEW_RADII
     620    SW  235    232   232   188   156   0.05  0.05   0.13  0.00     6  1.00     0 59.75  1.00    3  1.10  1.14    -     -   FEW_RADII
     630    SW  216    214   214   170   145   0.03  0.03   0.06  0.00     4  1.00     0 58.14  1.00    2  0.69  1.06    -     -   FEW_RADII
     640    SW  201    199   199   157   141   0.03  0.03   0.05  0.00     3  1.00     0 45.50  1.00    2  0.69  1.04    -     -   FEW_RADII
     650    SW  192    190   189   155   138   0.02  0.00   0.00  0.02     2  1.00     0 75.54  1.00    2  0.69  1.03    -     -   FEW_RADII
     660    SW  187    185   185   147   133   0.11  0.11   0.26  0.00    12  1.00     0 44.64  1.00    2  0.69  0.97    -     -   FEW_RADII
     670    SW  210    208   208   163   137   0.08  0.08   0.20  0.00    11  1.00     0 46.80  1.00    2  0.69  1.04    -     -   FEW_RADII
     680    SW  234    232   232   186   152   0.08  0.08   0.19  0.00    13  1.00     0 49.25  1.00    3  1.10  1.12    -     -   FEW_RADII
     690    SW  227    225   220   179   149   0.04  0.04   0.10  0.00     5  1.00     0 49.44  1.00    3  1.10  1.11    -     -   FEW_RADII
     700    SW  199    195   195   155   137   0.03  0.03   0.04  0.00     3  1.00     0 56.17  1.00    3  1.10  1.13    -     -   FEW_RADII
     710    SW  190    188   188   149   131   0.03  0.03   0.06  0.00     3  1.00     0 79.18  1.00    2  0.41  1.11    -     -   FEW_RADII
     720    SW  176    174   174   140   130   0.04  0.04   0.09  0.00     4  1.00     0 53.63  1.00    2  0.41  0.92    -     -   FEW_RADII
     730    SW  181    178   178   137   118   0.08  0.08   0.20  0.00     8  1.00     0 51.07  1.00    2  0.41  1.09    -     -   FEW_RADII
     740    SW  175    173   173   134   113   0.03  0.03   0.06  0.00     3  1.00     0 48.19  1.00    2  0.41  1.05    -     -   FEW_RADII
     750    SW  173    170   170   130   115   0.07  0.07   0.20  0.00     7  1.00     0 64.74  1.00    1    -   1.02    -     -   FEW_RADII
     760    SW  177    174   170   131   117   0.02  0.00   0.00  0.02     2  1.00     0 64.20  1.00    2  0.69  1.05    -     -   FEW_RADII
     770    SW  172    170   170   125   117   0.05  0.05   0.12  0.00     5  1.00     0 69.67  1.00    2  0.69  0.99    -     -   FEW_RADII
     780    SW  173    171   171   129   118   0.04  0.04   0.08  0.00     4  1.00     0 41.70  1.00    2  0.69  0.98    -     -   FEW_RADII
     790    SW  172    170   169   126   119   0.07  0.07   0.19  0.00     7  1.00     0 70.24  1.00    2  0.69  0.94    -     -   FEW_RADII
     800    SW  188    186   186   137   129   0.11  0.11   0.27  0.00    13  1.00     0 42.96  1.00    2  0.69  0.88    -     -   FEW_RADII
     810    SW  202    200   200   147   121   0.06  0.06   0.16  0.00     7  1.00     0 53.50  1.00    2  0.69  1.06    -     -   FEW_RADII
     820    SW  203    201   201   155   111   0.03  0.03   0.05  0.00     3  1.00     0 63.90  1.00    3  1.10  1.12    -     -   FEW_RADII
     830    SW  197    195   194   155   102   0.04  0.04   0.08  0.00     4  1.00     0 86.21  1.00    3  1.10  1.13    -     -   FEW_RADII
     840    SW  197    195   179   154   108   0.10  0.10   0.25  0.00    12  1.00     0 58.47  1.00    3  1.10  1.18    -     -   FEW_RADII
     850    SW  156    154   153   113   109   0.05  0.05   0.12  0.00     5  1.00     0 61.72  1.00    2  0.41  1.08    -     -   FEW_RADII
     860    SW  165    163   163   117   114   0.33  0.33   0.43  0.00     8  1.00     0 33.84  1.00    2  0.69  1.10    -     -   FEW_RADII
     870    SW  182    180   180   128   122   0.11  0.11   0.28  0.00    15  1.00     0 44.47  1.00    2  0.69  1.02    -     -   FEW_RADII
     880    SW  187    185   185   134   125   0.02  0.00   0.00  0.02     2  1.00     0 49.46  1.00    2  0.69  1.00    -     -   FEW_RADII
     890    SW  180    178   178   132   120   0.44  0.44   0.62  0.00     4  1.00     0 70.48  1.00    2  0.69  0.98    -     -   FEW_RADII
     900    SW  173    171   171   128   123   0.03  0.03   0.04  0.00     3  1.00     0 51.47  1.00    2  0.69  1.00    -     -   FEW_RADII
    exit reasons: (no windows)
    SW breakdown: {'NO_SCALING_PTS': 1, 'FEW_RADII': 89}
    edge lifetimes (theta=1e-12): n_dead=1960 median=162 mean=163.6 p90=188 max=230 censored_alive=343
    coupling with BSW indicator (point-biserial):
      occ_scc3: r =    - 
      fe_cyc  : r =    - 
      occ_scc : r =    - 
      fe_dyad : r =    - 
      rung12  : r =    - 
      b1_H12  : r =    - 
      b1_H6   : r =    - 
      b1_S12  : r =    - 
      b1_S6   : r =    - 
    coupling with npts(t) (Pearson):
      occ_scc3: r = -0.35
      fe_cyc  : r = -0.30
      b1_H12  : r =  0.64
      b1_S6   : r =  0.64
      rung12  : r =    - 
    coupling with wcont(t) (Pearson):
      occ_scc3: r = -0.24
      fe_cyc  : r = -0.21
      b1_H12  : r =  0.78
      b1_S6   : r =  0.76
      rung12  : r =    - 
    H->S lag correlation corr(b1_H12(t), b1_S6(t+tau)) [tau in snapshots]:
      all    :  0.93  0.95  0.96  0.95  0.91  0.86  0.80   (tau=-3..3)
      rising :  0.98  0.96  0.91  0.87   (tau=0..3, b1_H increasing)
      falling:  0.84  0.81  0.77  0.69   (tau=0..3, b1_H decreasing)
    --- asymmetric prediction pre-test (directed minus symmetric, point-biserial r with BSW) ---
      occ_scc3: r_dir= 0.12  r_sym=   -   diff=   - 
      fe_cyc  : r_dir= 0.13  r_sym=   -   diff=   - 
      b1_H12  : r_dir= 0.58  r_sym=   -   diff=   - 
====================================================================================================
SEED 7  rule=T1 g=0.075 N=1200 epochs=900 (paired directed / symmetric, identical seed)
====================================================================================================
[directed ] status=ok snaps=90 BSW_occ=30 windows=11 dead=1082 audit=OK V_max=780/1200 first_sat=-
    ep    ph    V  b1_H12 b1_H6 b1_S12 b1_S6  occSCC occSCC3 feCYC feDYAD maxSCC rung12 refl ndstM  gcf  npts wscale wcont slope   r2    fail
      10    SW    7      5     5     3     3   0.33  0.00   0.00  0.29     2  1.00    12  1.69  1.00    0    -     -     -     -   NO_SCALING_PTS
      20    SW   20     18    18    13    13   0.00  0.00   0.00  0.00     1    -      0  4.06  1.00    1    -   0.37    -     -   FEW_RADII
      30    SW   35     33    33    22    22   0.14  0.14   0.17  0.00     3  1.00     0  6.55  1.00    1    -   0.61    -     -   FEW_RADII
      40    SW   46     44    44    31    31   0.11  0.11   0.16  0.00     5  1.00     0  8.86  1.00    1    -   0.58    -     -   FEW_RADII
      50    SW   79     77    77    58    58   0.12  0.12   0.21  0.00     8  1.00     0  9.89  1.00    1    -   0.65    -     -   FEW_RADII
      60    SW  112    110   110    86    86   0.11  0.08   0.10  0.03     3  1.00     0 13.25  1.00    1    -   0.73    -     -   FEW_RADII
      70    SW  126    124   124   101   101   0.06  0.06   0.06  0.00     3  1.00     0 16.41  1.00    1    -   0.71    -     -   FEW_RADII
      80    SW  131    129   129   104   104   0.07  0.00   0.00  0.06     2  1.00     0 13.62  1.00    1    -   0.61    -     -   FEW_RADII
      90    SW  138    136   136   109   109   0.09  0.09   0.11  0.00     3  1.00     0 13.00  1.00    1    -   0.58    -     -   FEW_RADII
     100    SW  149    147   147   121   121   0.08  0.08   0.10  0.00     5  1.00     0 17.07  1.00    1    -   0.70    -     -   FEW_RADII
     110    SW  153    151   151   126   126   0.00  0.00   0.00  0.00     1    -      0 17.83  1.00    1    -   0.77    -     -   FEW_RADII
     120    SW  154    152   152   128   128   0.04  0.04   0.05  0.00     3  1.00     0 18.10  1.00    1    -   0.85    -     -   FEW_RADII
     130    SW  178    176   176   142   142   0.06  0.05   0.07  0.01     7  1.00     0 14.72  1.00    2  0.41  0.92    -     -   FEW_RADII
     140    SW  199    197   197   157   157   0.06  0.03   0.04  0.02     3  1.00     0 15.36  1.00    2  0.41  0.98    -     -   FEW_RADII
     150    SW  221    219   219   171   171   0.04  0.04   0.06  0.00     4  1.00     0 17.31  1.00    2  0.41  1.02    -     -   FEW_RADII
     160    SW  232    230   230   188   188   0.06  0.00   0.00  0.06     2  1.00     0 19.66  1.00    2  0.41  1.06    -     -   FEW_RADII
     170    SW  236    234   234   194   193   0.06  0.06   0.08  0.00     3  1.00     0 16.80  1.00    2  0.41  0.98    -     -   FEW_RADII
     180    SW  240    238   238   197   195   0.00  0.00   0.00  0.00     1    -      0 12.21  1.00    2  0.41  0.90    -     -   FEW_RADII
     190    SW  242    240   240   198   187   0.05  0.00   0.00  0.06     2  1.00     0 13.97  1.00    2  0.41  0.92    -     -   FEW_RADII
     200    SW  243    241   240   203   188   0.03  0.03   0.03  0.00     4  1.00     0 22.48  1.00    2  0.41  1.04    -     -   FEW_RADII
     210    SW  250    248   247   208   190   0.06  0.06   0.10  0.00    10  1.00     0 15.38  1.00    2  0.41  1.10    -     -   FEW_RADII
     220    SW  267    265   263   222   201   0.08  0.08   0.14  0.00    14  1.00     0 18.28  1.00    3  1.10  1.11    -     -   FEW_RADII
     230    SW  307    305   295   252   233   0.11  0.11   0.21  0.00    28  1.00     0 17.04  1.00    3  1.10  1.14    -     -   FEW_RADII
     240    SW  361    359   340   281   257   0.06  0.05   0.09  0.01    12  1.00     0 22.76  1.00    3  1.10  1.26    -     -   FEW_RADII
     250    SW  414    412   387   325   301   0.08  0.06   0.07  0.02     3  1.00     0 17.76  1.00    3  1.10  1.25    -     -   FEW_RADII
     260    SW  467    464   442   370   343   0.04  0.04   0.05  0.01    10  1.00     0 22.11  1.00    3  1.10  1.24    -     -   FEW_RADII
     270    SW  500    498   478   401   372   0.06  0.06   0.10  0.01    18  1.00     0 21.88  1.00    3  1.10  1.26    -     -   FEW_RADII
     280    SW  536    534   512   436   398   0.06  0.06   0.09  0.00    17  1.00     0 20.32  1.00    3  1.10  1.30    -     -   FEW_RADII
     290    SW  548    546   529   452   411   0.03  0.03   0.04  0.00     6  1.00     0 26.54  1.00    2  0.41  1.26    -     -   FEW_RADII
     300    SW  571    569   550   474   426   0.04  0.00   0.00  0.04     2  1.00     0 19.92  1.00    2  0.41  1.18    -     -   FEW_RADII
     310    SW  581    579   551   481   428   0.05  0.05   0.08  0.00     9  1.00     0 24.43  1.00    2  0.41  1.30    -     -   FEW_RADII
     320    SW  608    606   566   504   451   0.07  0.05   0.08  0.02     9  1.00     0 17.64  1.00    2  0.41  1.23    -     -   FEW_RADII
     330    SW  616    614   561   511   457   0.03  0.03   0.06  0.00     6  1.00     0 25.27  1.00    2  0.41  1.33    -     -   FEW_RADII
     340    SW  619    617   559   523   471   0.09  0.06   0.08  0.02     6  1.00     0 16.12  1.00    2  0.41  1.28    -     -   FEW_RADII
     350    SW  629    625   575   525   485   0.03  0.02   0.03  0.01     4  1.00     0 25.06  1.00    3  1.10  1.28    -     -   FEW_RADII
     360    SW  635    631   587   528   484   0.03  0.02   0.03  0.01     5  1.00     0 17.89  1.00    2  0.41  1.31    -     -   FEW_RADII
     370    SW  631    625   590   525   479   0.03  0.03   0.06  0.00     6  1.00     0 20.42  1.00    2  0.41  1.20    -     -   FEW_RADII
     380    SW  633    628   597   527   473   0.04  0.04   0.05  0.00     3  1.00     0 18.20  1.00    2  0.41  1.27    -     -   FEW_RADII
     390    SW  646    641   609   547   473   0.05  0.03   0.04  0.02     3  1.00     0 16.20  1.00    3  1.10  1.31    -     -   FEW_RADII
     400    SW  666    661   619   563   469   0.05  0.05   0.09  0.00    15  1.00     0 22.76  1.00    3  1.10  1.36    -     -   FEW_RADII
     410  METR  688    679   634   583   477   0.04  0.04   0.08  0.00    18  0.94     1 20.14  1.00    4  1.39  1.46  2.86  1.00  -
     420  METR  732    721   656   610   495   0.04  0.04   0.07  0.00     8  1.00     1 15.24  1.00    4  1.39  1.44  2.76  1.00  -
     430    SW  763    751   665   632   509   0.04  0.03   0.06  0.01     7  1.00     0 17.50  1.00    3  0.69  1.48    -     -   FEW_RADII
     440  METR  771    758   654   643   519   0.08  0.06   0.10  0.01    12  1.00     0 18.08  1.00    4  1.39  1.50  2.77  1.00  -
     450  METR  780    766   653   651   517   0.04  0.04   0.06  0.01    13  1.00     0 21.31  1.00    4  1.39  1.55  2.87  1.00  -
     460    SW  764    748   618   639   495   0.04  0.00   0.00  0.03     2  1.00     0 16.22  1.00    3  0.69  1.48    -     -   FEW_RADII
     470    SW  744    725   608   620   477   0.01  0.01   0.02  0.00     4  1.00     1 25.44  1.00    3  0.69  1.51    -     -   FEW_RADII
     480    SW  726    704   599   599   458   0.08  0.08   0.15  0.00    13  1.00     0 11.68  1.00    3  0.69  1.41    -     -   FEW_RADII
     490  METR  728    701   591   603   463   0.06  0.06   0.11  0.00    20  1.00     1 16.96  1.00    4  1.39  1.53  2.82  1.00  -
     500  METR  735    706   582   601   457   0.04  0.04   0.07  0.00     8  1.00     0 17.66  1.00    4  1.39  1.52  2.86  1.00  -
     510  METR  738    701   572   604   464   0.06  0.04   0.05  0.02     4  1.00     0 15.89  1.00    4  1.39  1.55  2.78  1.00  -
     520  METR  743    701   574   606   475   0.02  0.02   0.04  0.00     8  1.00     1 18.93  1.00    4  1.39  1.50  2.46  1.00  -
     530  METR  741    701   579   606   478   0.04  0.03   0.05  0.01     7  1.00     1 17.27  1.00    4  1.39  1.45  2.58  1.00  -
     540  METR  734    699   583   602   475   0.22  0.16   0.29  0.06     5  1.00     0 13.33  1.00    4  1.39  1.55  2.87  1.00  -
     550    SW  740    705   595   599   460   0.08  0.04   0.05  0.03     4  1.00     0 13.09  1.00    3  0.69  1.55    -     -   FEW_RADII
     560    SW  736    699   598   591   451   0.08  0.00   0.00  0.06     2  1.00     0 13.78  1.00    3  0.69  1.51    -     -   FEW_RADII
     570    SW  727    685   580   581   439   0.03  0.00   0.00  0.03     2  0.75     1 20.71  1.00    3  0.69  1.50    -     -   FEW_RADII
     580    SW  721    679   568   576   424   0.05  0.00   0.00  0.06     2  1.00     0 12.08  1.00    3  0.69  1.41    -     -   FEW_RADII
     590    SW  715    671   551   576   419   0.08  0.07   0.14  0.01    10  1.00     3 14.65  1.00    3  0.69  1.48    -     -   FEW_RADII
     600  METR  711    663   541   576   417   0.04  0.03   0.04  0.01     4  1.00     0 21.69  1.00    4  1.39  1.46  2.68  1.00  -
     610  METR  693    646   519   569   415   0.03  0.02   0.02  0.01     3  1.00     0 14.86  1.00    4  1.39  1.42  2.82  1.00  -
     620  METR  684    635   502   555   392   0.00  0.00   0.00  0.00     1    -      2 12.55  1.00    4  1.39  1.42  2.68  1.00  -
     630  METR  676    621   475   552   370   0.06  0.00   0.00  0.06     2  1.00     1 16.41  1.00    4  1.39  1.43  2.85  1.00  -
     640  METR  647    582   454   519   341   0.50  0.00   0.00  0.50     2  1.00     2 20.22  1.00    4  1.39  1.50  2.85  1.00  -
     650    SW  624    556   437   499   317   0.05  0.05   0.10  0.00     6  1.00     0  9.01  1.00    3  0.69  1.41    -     -   FEW_RADII
     660    SW  599    528   416   476   291   0.10  0.06   0.08  0.03     4  1.00     1 13.43  1.00    3  0.69  1.47    -     -   FEW_RADII
     670    SW  571    491   376   447   270   0.04  0.00   0.00  0.04     2  1.00     3 14.76  1.00    3  0.69  1.44    -     -   FEW_RADII
     680  METR  549    461   360   421   256   0.16  0.06   0.10  0.09     4  1.00     2  9.96  1.00    4  1.39  1.45  2.67  1.00  -
     690    SW  525    429   335   396   244   0.00  0.00   0.00  0.00     1    -      1  9.51  1.00    3  0.69  1.50    -     -   FEW_RADII
     700  METR  502    408   308   373   236   0.19  0.19   0.30  0.00     9  1.00     0  8.23  1.00    4  1.39  1.54  2.60  1.00  -
     710  METR  509    410   314   366   247   0.04  0.03   0.04  0.01     4  1.00     6 12.93  1.00    4  1.39  1.58  2.42  1.00  -
     720  METR  507    408   319   355   240   0.09  0.00   0.00  0.08     2  1.00     2  8.31  1.00    4  1.39  1.61  2.51  1.00  -
     730  METR  484    387   310   338   229   0.33  0.00   0.00  0.33     2  1.00     3  8.26  1.00    4  0.92  1.54  2.56  1.00  -
     740  METR  471    371   305   321   218   0.00  0.00   0.00  0.00     1    -      0  6.50  1.00    4  0.92  1.42  2.82  1.00  -
     750  METR  453    358   298   311   211   0.04  0.04   0.06  0.00     4  1.00     2 10.01  1.00    4  0.92  1.43  2.83  1.00  -
     760  METR  434    339   280   295   194   0.12  0.12   0.14  0.00     3  1.00     1  6.82  0.99    4  0.92  1.37  2.79  1.00  -
     770    SW  416    324   264   285   188   0.07  0.00   0.00  0.07     2  1.00     2 14.91  1.00    3  0.69  1.52    -     -   FEW_RADII
     780  METR  401    311   248   279   187   0.14  0.00   0.00  0.15     2  1.00     0  5.62  1.00    4  0.92  1.43  2.54  1.00  -
     790    SW  381    295   232   265   187   0.00  0.00   0.00  0.00     1    -      0  6.34  1.00    3  0.69  1.38    -     -   FEW_RADII
     800  METR  366    277   217   252   174   0.00  0.00   0.00  0.00     1    -      3  8.68  1.00    4  0.92  1.35  2.60  0.99  -
     810  METR  353    261   200   236   168   0.00  0.00   0.00  0.00     1    -      0  9.81  1.00    4  0.92  1.36  2.52  1.00  -
     820    SW  336    246   196   222   156   0.03  0.00   0.00  0.03     2  1.00     1 11.06  1.00    3  0.69  1.43    -     -   FEW_RADII
     830  METR  322    234   192   211   149   0.00  0.00   0.00  0.00     1    -      1  5.54  1.00    4  0.92  1.47  2.11  1.00  -
     840    SW  314    228   184   204   135   0.33  0.33   0.32  0.00     4  1.00     0  5.39  1.00    3  0.69  1.46    -     -   FEW_RADII
     850  METR  302    216   177   194   128   0.00  0.00   0.00  0.00     1    -      3  8.78  1.00    4  1.39  1.59  2.09  1.00  -
     860  METR  290    201   167   183   116   0.06  0.06   0.07  0.00     3  1.00     0  5.04  0.99    4  1.39  1.56  2.16  0.99  -
     870    SW  264    182   154   164   103   0.00  0.00   0.00  0.00     1    -      1  7.32  1.00    3  0.69  1.41    -     -   FEW_RADII
     880  METR  230    150   129   142    97   0.00  0.00   0.00  0.00     1    -      0  9.09  0.99    4  1.39  1.45  2.17  1.00  -
     890    SW  219    141   115   136    91   0.00  0.00   0.00  0.00     1    -      3  4.98  1.00    3  0.69  1.40    -     -   FEW_RADII
     900    SW  206    134   106   127    85   0.00  0.00   0.00  0.00     1    -      0  5.74  1.00    3  0.69  1.34    -     -   FEW_RADII
    window ep410-420 len=2 exit=SW
    window ep440-450 len=2 exit=SW
    window ep490-540 len=6 exit=SW
    window ep600-640 len=5 exit=SW
    window ep680-680 len=1 exit=SW
    window ep700-760 len=7 exit=SW
    window ep780-780 len=1 exit=SW
    window ep800-810 len=2 exit=SW
    window ep830-830 len=1 exit=SW
    window ep850-860 len=2 exit=SW
    window ep880-880 len=1 exit=SW
    exit reasons: {'SW': 11}
    SW breakdown: {'NO_SCALING_PTS': 1, 'FEW_RADII': 59}
    edge lifetimes (theta=1e-12): n_dead=2234 median=244 mean=299.7 p90=517 max=859 censored_alive=339
    coupling with BSW indicator (point-biserial):
      occ_scc3: r = -0.05
      fe_cyc  : r = -0.03
      occ_scc : r =  0.12
      fe_dyad : r =  0.18
      rung12  : r =  0.04
      b1_H12  : r =  0.24
      b1_H6   : r =  0.15
      b1_S12  : r =  0.27
      b1_S6   : r =  0.15
    coupling with npts(t) (Pearson):
      occ_scc3: r = -0.08
      fe_cyc  : r = -0.05
      b1_H12  : r =  0.51
      b1_S6   : r =  0.40
      rung12  : r = -0.05
    coupling with wcont(t) (Pearson):
      occ_scc3: r = -0.13
      fe_cyc  : r = -0.11
      b1_H12  : r =  0.66
      b1_S6   : r =  0.56
      rung12  : r = -0.11
    H->S lag correlation corr(b1_H12(t), b1_S6(t+tau)) [tau in snapshots]:
      all    :  0.98  0.99  0.99  0.98  0.96  0.94  0.91   (tau=-3..3)
      rising :  0.99  0.99  0.98  0.97   (tau=0..3, b1_H increasing)
      falling:  0.99  0.98  0.98  0.97   (tau=0..3, b1_H decreasing)
[symmetric] status=ok snaps=90 BSW_occ=0 windows=0 dead=943 audit=OK V_max=281/1200 first_sat=-
    ep    ph    V  b1_H12 b1_H6 b1_S12 b1_S6  occSCC occSCC3 feCYC feDYAD maxSCC rung12 refl ndstM  gcf  npts wscale wcont slope   r2    fail
      10    SW    5      3     3     3     3   0.80  0.80   0.83  0.00     4  1.00     0  4.77  1.00    0    -     -     -     -   NO_SCALING_PTS
      20    SW   14     12    12     8     8   0.17  0.00   0.00  0.15     2  1.00     0  7.25  1.00    0    -   0.21    -     -   NO_SCALING_PTS
      30    SW   25     23    23    17    17   0.35  0.35   0.55  0.00     8  1.00     0 15.62  1.00    1    -   0.53    -     -   FEW_RADII
      40    SW   32     30    30    24    24   0.67  0.00   0.00  0.40     2  1.00     0 16.26  1.00    1    -   0.52    -     -   FEW_RADII
      50    SW   36     34    34    27    27   0.10  0.10   0.12  0.00     3  1.00     0 24.18  1.00    1    -   0.54    -     -   FEW_RADII
      60    SW   40     38    38    31    31   0.09  0.09   0.15  0.00     3  1.00     0 19.48  1.00    1    -   0.57    -     -   FEW_RADII
      70    SW   51     49    49    38    38   0.16  0.16   0.36  0.00     7  1.00     0 19.21  1.00    1    -   0.73    -     -   FEW_RADII
      80    SW   63     61    61    45    45   0.00  0.00   0.00  0.00     1    -      0 18.14  1.00    2  0.69  0.85    -     -   FEW_RADII
      90    SW   69     67    67    49    49   0.05  0.00   0.00  0.04     2  1.00     0 21.62  1.00    2  0.69  0.88    -     -   FEW_RADII
     100    SW   72     70    70    52    52   0.06  0.06   0.12  0.00     3  1.00     0 31.73  1.00    1    -   0.82    -     -   FEW_RADII
     110    SW   83     81    81    58    58   0.14  0.14   0.32  0.00     8  1.00     0 28.95  1.00    1    -   0.90    -     -   FEW_RADII
     120    SW   94     92    92    67    67   0.15  0.15   0.33  0.00    10  1.00     0 36.46  1.00    2  0.69  1.03    -     -   FEW_RADII
     130    SW  131    129   129    92    92   0.11  0.11   0.22  0.00    11  1.00     0 40.65  1.00    2  0.69  1.00    -     -   FEW_RADII
     140    SW  141    139   139   102   102   0.03  0.03   0.06  0.00     3  1.00     0 44.33  1.00    3  1.10  1.17    -     -   FEW_RADII
     150    SW  143    141   141   106   103   0.05  0.05   0.13  0.00     5  1.00     0 47.33  1.00    2  0.41  1.13    -     -   FEW_RADII
     160    SW  150    148   148   112   106   0.03  0.03   0.06  0.00     3  1.00     0 70.10  1.00    2  0.41  0.99    -     -   FEW_RADII
     170    SW  156    154   154   114   107   0.05  0.05   0.10  0.00     5  1.00     0 57.54  1.00    2  0.41  0.97    -     -   FEW_RADII
     180    SW  152    150   150   112   105   0.03  0.03   0.06  0.00     3  1.00     0 81.63  1.00    2  0.41  0.93    -     -   FEW_RADII
     190    SW  147    145   145   109   104   0.03  0.03   0.04  0.00     3  1.00     0 75.57  1.00    2  0.41  0.90    -     -   FEW_RADII
     200    SW  147    145   145   110   106   0.06  0.06   0.15  0.00     6  1.00     0 66.27  1.00    1    -   0.96    -     -   FEW_RADII
     210    SW  152    150   150   115   110   0.02  0.00   0.00  0.02     2  1.00     0 44.80  1.00    1    -   1.03    -     -   FEW_RADII
     220    SW  156    154   154   119   112   0.02  0.00   0.00  0.02     2  1.00     0 65.58  1.00    2  0.69  1.00    -     -   FEW_RADII
     230    SW  148    146   146   116   106   0.04  0.04   0.08  0.00     4  1.00     0 48.09  1.00    2  0.69  0.95    -     -   FEW_RADII
     240    SW  150    148   148   117   110   0.07  0.07   0.17  0.00     7  1.00     0 55.01  1.00    2  0.69  0.88    -     -   FEW_RADII
     250    SW  147    145   145   112   108   0.05  0.05   0.12  0.00     5  1.00     0 76.56  1.00    2  0.69  0.85    -     -   FEW_RADII
     260    SW  156    154   154   119   104   0.04  0.04   0.07  0.00     4  1.00     0 50.53  1.00    2  0.69  0.92    -     -   FEW_RADII
     270    SW  166    164   164   129   100   0.08  0.08   0.21  0.00    10  1.00     0 50.31  1.00    2  0.69  1.00    -     -   FEW_RADII
     280    SW  182    180   180   142   114   0.12  0.12   0.29  0.00    17  1.00     0 56.89  1.00    3  1.10  1.11    -     -   FEW_RADII
     290    SW  186    184   184   145   120   0.05  0.05   0.13  0.00     7  1.00     0 71.18  1.00    3  1.10  1.12    -     -   FEW_RADII
     300    SW  182    180   180   136   128   0.09  0.09   0.23  0.00    11  1.00     0 65.97  1.00    3  1.10  1.21    -     -   FEW_RADII
     310    SW  199    197   197   156   149   0.10  0.10   0.23  0.00    14  1.00     0 48.19  1.00    3  1.10  1.21    -     -   FEW_RADII
     320    SW  204    202   202   154   150   0.02  0.00   0.00  0.02     2  1.00     0 79.14  1.00    3  1.10  1.14    -     -   FEW_RADII
     330    SW  209    206   206   157   150   0.06  0.06   0.14  0.00     7  1.00     0 64.89  1.00    3  1.10  1.14    -     -   FEW_RADII
     340    SW  217    215   215   164   153   0.06  0.06   0.16  0.00     8  1.00     0 82.65  1.00    2  0.41  1.05    -     -   FEW_RADII
     350    SW  230    227   227   174   166   0.08  0.08   0.21  0.00    11  1.00     0 60.34  1.00    2  0.69  1.05    -     -   FEW_RADII
     360    SW  240    238   238   183   173   0.05  0.05   0.15  0.00     8  1.00     0 74.93  1.00    2  0.69  1.07    -     -   FEW_RADII
     370    SW  247    244   244   187   182   0.02  0.02   0.04  0.00     3  1.00     0 88.22  1.00    2  0.69  1.06    -     -   FEW_RADII
     380    SW  243    241   241   186   185   0.05  0.05   0.13  0.00     7  1.00     0 82.42  1.00    2  0.69  1.04    -     -   FEW_RADII
     390    SW  266    264   264   204   196   0.08  0.08   0.19  0.00    13  1.00     0 51.19  1.00    2  0.69  1.05    -     -   FEW_RADII
     400    SW  270    268   268   210   199   0.07  0.07   0.18  0.00    11  1.00     0 44.78  1.00    2  0.69  1.03    -     -   FEW_RADII
     410    SW  263    261   261   205   195   0.01  0.00   0.00  0.01     2  1.00     0 94.29  1.00    2  0.69  1.01    -     -   FEW_RADII
     420    SW  258    256   256   202   178   0.03  0.03   0.06  0.00     4  1.00     0 118.53  1.00    2  0.69  1.02    -     -   FEW_RADII
     430    SW  251    249   249   199   161   0.03  0.03   0.08  0.00     5  1.00     0 108.62  1.00    2  0.69  1.03    -     -   FEW_RADII
     440    SW  238    236   235   191   145   0.04  0.04   0.09  0.00     5  1.00     0 98.19  1.00    2  0.69  1.06    -     -   FEW_RADII
     450    SW  217    213   213   172   141   0.08  0.08   0.17  0.00    10  1.00     0 33.49  1.00    2  0.69  1.03    -     -   FEW_RADII
     460    SW  222    220   219   178   146   0.10  0.10   0.25  0.00    13  1.00     0 79.73  1.00    2  0.69  1.03    -     -   FEW_RADII
     470    SW  238    236   236   190   161   0.13  0.13   0.29  0.00    21  1.00     0 51.76  1.00    2  0.69  1.08    -     -   FEW_RADII
     480    SW  216    214   214   169   156   0.05  0.05   0.12  0.00     7  1.00     0 90.47  1.00    2  0.69  0.92    -     -   FEW_RADII
     490    SW  221    219   219   175   162   0.50  0.50   0.44  0.00     3  1.00     0 60.28  1.00    2  0.69  0.97    -     -   FEW_RADII
     500    SW  221    218   218   174   154   0.06  0.06   0.17  0.00     9  1.00     0 71.15  1.00    3  1.10  1.24    -     -   FEW_RADII
     510    SW  223    221   221   175   157   0.01  0.00   0.00  0.01     2  1.00     0 70.74  1.00    3  1.10  1.21    -     -   FEW_RADII
     520    SW  218    216   216   169   153   0.05  0.05   0.14  0.00     7  1.00     0 75.25  1.00    2  0.41  1.11    -     -   FEW_RADII
     530    SW  227    225   225   174   154   0.06  0.06   0.15  0.00     8  1.00     0 57.09  1.00    3  1.10  1.12    -     -   FEW_RADII
     540    SW  235    233   233   175   151   0.05  0.05   0.11  0.00     7  1.00     0 72.94  1.00    2  0.69  1.08    -     -   FEW_RADII
     550    SW  234    232   232   175   151   0.03  0.03   0.09  0.00     5  1.00     0 83.54  1.00    2  0.69  1.06    -     -   FEW_RADII
     560    SW  222    220   220   165   158   0.04  0.04   0.08  0.00     6  1.00     0 94.95  1.00    2  0.69  0.96    -     -   FEW_RADII
     570    SW  219    217   216   163   158   0.05  0.05   0.12  0.00     7  1.00     0 48.07  1.00    2  0.69  0.94    -     -   FEW_RADII
     580    SW  218    216   216   162   157   0.02  0.02   0.04  0.00     3  1.00     0 87.19  1.00    2  0.69  0.96    -     -   FEW_RADII
     590    SW  224    222   222   167   155   0.03  0.03   0.04  0.00     4  1.00     0 67.02  1.00    2  0.69  0.98    -     -   FEW_RADII
     600    SW  232    230   230   172   151   0.07  0.07   0.20  0.00    10  1.00     0 93.27  1.00    2  0.69  1.01    -     -   FEW_RADII
     610    SW  260    258   258   189   160   0.11  0.11   0.27  0.00    20  1.00     0 65.35  1.00    2  0.69  1.03    -     -   FEW_RADII
     620    SW  281    278   278   204   177   0.08  0.08   0.21  0.00    16  1.00     0 60.22  1.00    2  0.69  1.02    -     -   FEW_RADII
     630    SW  272    270   270   209   184   0.03  0.03   0.05  0.00     5  1.00     0 102.66  1.00    2  0.69  1.04    -     -   FEW_RADII
     640    SW  246    243   243   184   162   0.03  0.03   0.07  0.00     4  1.00     0 135.25  1.00    3  1.10  1.13    -     -   FEW_RADII
     650    SW  237    234   234   177   163   0.01  0.00   0.00  0.01     2  1.00     0 100.10  1.00    2  0.41  1.17    -     -   FEW_RADII
     660    SW  231    228   228   174   154   0.03  0.03   0.07  0.00     4  1.00     0 85.58  1.00    2  0.41  1.04    -     -   FEW_RADII
     670    SW  229    226   226   170   155   0.06  0.06   0.17  0.00     9  1.00     0 65.27  1.00    2  0.41  1.16    -     -   FEW_RADII
     680    SW  230    228   228   173   162   0.06  0.06   0.15  0.00     9  1.00     0 45.36  1.00    3  1.10  1.13    -     -   FEW_RADII
     690    SW  238    235   235   174   163   0.08  0.08   0.22  0.00    12  1.00     0 65.13  1.00    2  0.69  1.07    -     -   FEW_RADII
     700    SW  241    239   239   183   168   0.02  0.02   0.03  0.00     3  1.00     0 60.65  1.00    2  0.69  1.00    -     -   FEW_RADII
     710    SW  232    230   230   176   164   0.03  0.03   0.07  0.00     4  1.00     0 104.89  1.00    2  0.69  0.99    -     -   FEW_RADII
     720    SW  226    224   224   172   158   0.03  0.03   0.07  0.00     4  1.00     0 101.92  1.00    2  0.69  0.98    -     -   FEW_RADII
     730    SW  230    228   228   173   162   0.05  0.05   0.11  0.00     6  1.00     0 53.36  1.00    2  0.69  0.94    -     -   FEW_RADII
     740    SW  241    239   239   179   171   0.08  0.08   0.21  0.00    12  1.00     0 63.32  1.00    2  0.69  0.91    -     -   FEW_RADII
     750    SW  264    262   262   194   173   0.06  0.06   0.16  0.00    10  1.00     0 75.33  1.00    3  1.10  1.16    -     -   FEW_RADII
     760    SW  275    273   273   205   156   0.03  0.03   0.07  0.00     5  1.00     0 58.34  1.00    3  1.10  1.19    -     -   FEW_RADII
     770    SW  256    254   254   195   152   0.14  0.00   0.00  0.12     2  1.00     0 81.66  1.00    2  0.69  1.07    -     -   FEW_RADII
     780    SW  248    245   245   187   156   0.06  0.06   0.15  0.00     9  1.00     0 83.70  1.00    2  0.69  1.02    -     -   FEW_RADII
     790    SW  221    218   218   170   159   0.33  0.00   0.00  0.29     2  1.00     0 76.42  1.00    2  0.41  1.20    -     -   FEW_RADII
     800    SW  222    219   219   168   167   0.36  0.36   0.38  0.00     5  1.00     0 82.51  1.00    2  0.41  1.13    -     -   FEW_RADII
     810    SW  229    227   227   176   169   0.04  0.04   0.07  0.00     6  1.00     0 65.61  1.00    3  1.10  1.12    -     -   FEW_RADII
     820    SW  241    239   239   183   163   0.14  0.00   0.00  0.12     2  1.00     0 88.94  1.00    3  1.10  1.12    -     -   FEW_RADII
     830    SW  229    227   227   180   150   0.02  0.02   0.04  0.00     3  1.00     0 116.62  1.00    3  1.10  1.12    -     -   FEW_RADII
     840    SW  220    218   217   172   141   0.03  0.03   0.07  0.00     4  1.00     0 82.04  1.00    2  0.41  1.09    -     -   FEW_RADII
     850    SW  203    201   198   157   140   0.04  0.04   0.09  0.00     5  1.00     0 63.48  1.00    2  0.69  1.02    -     -   FEW_RADII
     860    SW  205    203   203   155   148   0.11  0.11   0.27  0.00    16  1.00     0 55.87  1.00    2  0.69  0.95    -     -   FEW_RADII
     870    SW  213    211   211   164   157   0.03  0.03   0.08  0.00     5  1.00     0 52.98  1.00    2  0.69  0.96    -     -   FEW_RADII
     880    SW  227    225   225   178   162   0.06  0.06   0.15  0.00     9  1.00     0 47.57  1.00    2  0.69  0.98    -     -   FEW_RADII
     890    SW  252    250   250   192   165   0.09  0.09   0.24  0.00    15  1.00     0 92.25  1.00    2  0.69  1.00    -     -   FEW_RADII
     900    SW  237    235   234   185   150   0.01  0.00   0.00  0.01     2  1.00     0 85.30  1.00    2  0.69  1.07    -     -   FEW_RADII
    exit reasons: (no windows)
    SW breakdown: {'NO_SCALING_PTS': 2, 'FEW_RADII': 88}
    edge lifetimes (theta=1e-12): n_dead=1886 median=162 mean=160.7 p90=181 max=205 censored_alive=471
    coupling with BSW indicator (point-biserial):
      occ_scc3: r =    - 
      fe_cyc  : r =    - 
      occ_scc : r =    - 
      fe_dyad : r =    - 
      rung12  : r =    - 
      b1_H12  : r =    - 
      b1_H6   : r =    - 
      b1_S12  : r =    - 
      b1_S6   : r =    - 
    coupling with npts(t) (Pearson):
      occ_scc3: r = -0.35
      fe_cyc  : r = -0.28
      b1_H12  : r =  0.60
      b1_S6   : r =  0.59
      rung12  : r =    - 
    coupling with wcont(t) (Pearson):
      occ_scc3: r = -0.13
      fe_cyc  : r = -0.07
      b1_H12  : r =  0.73
      b1_S6   : r =  0.72
      rung12  : r =    - 
    H->S lag correlation corr(b1_H12(t), b1_S6(t+tau)) [tau in snapshots]:
      all    :  0.95  0.97  0.98  0.98  0.97  0.95  0.93   (tau=-3..3)
      rising :  0.99  0.99  0.98  0.96   (tau=0..3, b1_H increasing)
      falling:  0.90  0.87  0.80  0.75   (tau=0..3, b1_H decreasing)
    --- asymmetric prediction pre-test (directed minus symmetric, point-biserial r with BSW) ---
      occ_scc3: r_dir=-0.05  r_sym=   -   diff=   - 
      fe_cyc  : r_dir=-0.03  r_sym=   -   diff=   - 
      b1_H12  : r_dir= 0.24  r_sym=   -   diff=   - 
====================================================================================================
SEED 10  rule=T1 g=0.075 N=1200 epochs=900 (paired directed / symmetric, identical seed)
====================================================================================================
[directed ] status=ok snaps=90 BSW_occ=20 windows=7 dead=524 audit=OK V_max=539/1200 first_sat=-
    ep    ph    V  b1_H12 b1_H6 b1_S12 b1_S6  occSCC occSCC3 feCYC feDYAD maxSCC rung12 refl ndstM  gcf  npts wscale wcont slope   r2    fail
      10    SW    4      2     2     1     1   0.00  0.00   0.00  0.00     1    -     12  1.29  1.00    0    -     -     -     -   NO_SCALING_PTS
      20    SW   26     24    24    17    17   0.35  0.35   0.40  0.00     9  1.00     0  5.86  1.00    1    -   0.31    -     -   FEW_RADII
      30    SW   52     50    50    37    37   0.00  0.00   0.00  0.00     1    -      0  8.15  1.00    1    -   0.54    -     -   FEW_RADII
      40    SW   68     66    66    51    51   0.00  0.00   0.00  0.00     1    -      0 12.08  1.00    1    -   0.49    -     -   FEW_RADII
      50    SW   74     72    72    52    52   0.00  0.00   0.00  0.00     1    -      0 15.30  1.00    1    -   0.43    -     -   FEW_RADII
      60    SW   74     72    72    53    53   0.15  0.00   0.00  0.15     2  1.00     0 16.57  1.00    1    -   0.41    -     -   FEW_RADII
      70    SW   78     76    76    62    62   0.05  0.05   0.10  0.00     4  1.00     0 14.70  1.00    1    -   0.52    -     -   FEW_RADII
      80    SW   88     86    86    71    71   0.11  0.11   0.16  0.00     8  1.00     0 16.14  1.00    1    -   0.63    -     -   FEW_RADII
      90    SW   90     88    88    75    75   0.00  0.00   0.00  0.00     1    -      0 16.60  1.00    1    -   0.62    -     -   FEW_RADII
     100    SW   98     96    96    84    84   0.07  0.07   0.09  0.00     4  1.00     0 13.43  1.00    2  0.41  0.68    -     -   FEW_RADII
     110    SW  120    118   118    94    94   0.15  0.15   0.27  0.00    15  1.00     0 18.74  1.00    2  0.41  0.74    -     -   FEW_RADII
     120    SW  135    133   133   106   106   0.03  0.00   0.00  0.03     2  1.00     0 14.30  1.00    2  0.41  0.82    -     -   FEW_RADII
     130    SW  149    147   147   112   112   0.00  0.00   0.00  0.00     1    -      0 13.95  1.00    2  0.41  0.83    -     -   FEW_RADII
     140    SW  155    153   153   116   116   0.05  0.03   0.06  0.01     4  1.00     0 19.94  1.00    2  0.41  0.81    -     -   FEW_RADII
     150    SW  160    158   158   125   125   0.00  0.00   0.00  0.00     1    -      0 14.28  1.00    2  0.41  0.82    -     -   FEW_RADII
     160    SW  165    163   163   131   131   0.04  0.00   0.00  0.04     2  1.00     0 18.53  1.00    2  0.41  0.90    -     -   FEW_RADII
     170    SW  168    166   166   136   132   0.02  0.00   0.00  0.02     2  1.00     0 14.15  1.00    1    -   0.77    -     -   FEW_RADII
     180    SW  170    168   168   137   130   0.00  0.00   0.00  0.00     1    -      0 24.59  1.00    1    -   0.79    -     -   FEW_RADII
     190    SW  174    172   172   140   131   0.02  0.00   0.00  0.02     2  1.00     0 17.47  1.00    1    -   0.82    -     -   FEW_RADII
     200    SW  181    178   178   146   139   0.06  0.06   0.10  0.00     7  1.00     0 12.87  1.00    1    -   0.86    -     -   FEW_RADII
     210    SW  185    183   180   154   147   0.02  0.00   0.00  0.02     2  1.00     0 19.45  1.00    1    -   1.08    -     -   FEW_RADII
     220    SW  199    197   190   164   156   0.05  0.05   0.08  0.00     6  1.00     0 20.00  1.00    3  1.10  1.10    -     -   FEW_RADII
     230    SW  216    214   208   178   170   0.06  0.06   0.10  0.00    12  1.00     0 14.80  1.00    3  1.10  1.23    -     -   FEW_RADII
     240    SW  238    236   229   193   182   0.00  0.00   0.00  0.00     1    -      0 13.48  1.00    2  0.41  1.22    -     -   FEW_RADII
     250    SW  245    243   235   203   185   0.05  0.04   0.05  0.02     4  1.00     0 20.91  1.00    2  0.41  1.18    -     -   FEW_RADII
     260    SW  259    257   248   210   188   0.08  0.07   0.10  0.01     7  1.00     0 20.25  1.00    2  0.41  1.29    -     -   FEW_RADII
     270    SW  276    274   265   228   198   0.03  0.00   0.00  0.03     2  1.00     0 16.08  1.00    2  0.41  1.33    -     -   FEW_RADII
     280    SW  283    281   272   234   201   0.00  0.00   0.00  0.00     1    -      0 12.51  1.00    2  0.41  1.19    -     -   FEW_RADII
     290    SW  289    287   267   242   207   0.13  0.11   0.18  0.02     9  1.00     0 19.30  1.00    3  0.69  1.16    -     -   FEW_RADII
     300    SW  296    293   260   248   211   0.03  0.03   0.05  0.00     4  1.00     0 20.24  1.00    2  0.41  1.14    -     -   FEW_RADII
     310    SW  308    305   265   260   223   0.03  0.03   0.04  0.00     4  1.00     0 24.04  1.00    2  0.41  1.27    -     -   FEW_RADII
     320    SW  329    325   282   274   241   0.07  0.06   0.11  0.01    13  1.00     0 17.88  1.00    3  1.10  1.32    -     -   FEW_RADII
     330    SW  348    344   306   280   247   0.06  0.06   0.13  0.00    13  1.00     0 16.56  1.00    2  0.41  1.29    -     -   FEW_RADII
     340    SW  371    369   332   292   261   0.07  0.07   0.11  0.00    12  1.00     0 15.22  1.00    3  1.10  1.31    -     -   FEW_RADII
     350    SW  375    373   338   299   262   0.03  0.03   0.06  0.00     4  1.00     0 17.46  1.00    2  0.41  1.30    -     -   FEW_RADII
     360    SW  372    369   340   296   260   0.06  0.06   0.07  0.00     3  1.00     0 17.44  1.00    2  0.41  1.16    -     -   FEW_RADII
     370    SW  369    366   338   296   252   0.00  0.00   0.00  0.00     1    -      0 11.52  1.00    2  0.41  1.09    -     -   FEW_RADII
     380    SW  366    363   333   296   248   0.00  0.00   0.00  0.00     1    -      0 15.52  1.00    2  0.41  1.03    -     -   FEW_RADII
     390    SW  366    362   330   296   247   0.04  0.00   0.00  0.04     2  1.00     0 12.72  1.00    2  0.41  0.99    -     -   FEW_RADII
     400    SW  362    358   317   296   235   0.00  0.00   0.00  0.00     1    -      0 14.86  1.00    2  0.41  1.03    -     -   FEW_RADII
     410    SW  360    356   307   302   235   0.01  0.00   0.00  0.01     2  1.00     0 21.32  1.00    2  0.41  1.13    -     -   FEW_RADII
     420    SW  367    363   303   305   235   0.05  0.05   0.08  0.00     8  1.00     1 19.70  1.00    3  1.10  1.21    -     -   FEW_RADII
     430    SW  382    378   319   314   241   0.11  0.00   0.00  0.12     2  1.00     1 15.74  1.00    3  1.10  1.15    -     -   FEW_RADII
     440    SW  384    380   311   318   240   0.05  0.00   0.00  0.05     2  1.00     0 15.30  1.00    3  1.10  1.21    -     -   FEW_RADII
     450    SW  381    376   306   312   234   0.08  0.00   0.00  0.08     2  1.00     6 15.06  1.00    3  1.10  1.25    -     -   FEW_RADII
     460    SW  384    379   308   316   226   0.02  0.00   0.00  0.02     2  1.00     0 18.91  1.00    3  1.10  1.26    -     -   FEW_RADII
     470    SW  366    358   298   302   206   0.00  0.00   0.00  0.00     1    -      0  8.32  1.00    3  1.10  1.33    -     -   FEW_RADII
     480    SW  362    351   293   301   189   0.03  0.00   0.00  0.03     2  1.00     0 15.08  1.00    2  0.41  1.30    -     -   FEW_RADII
     490    SW  356    340   280   298   175   0.04  0.04   0.07  0.00     8  1.00     0 19.72  1.00    3  1.10  1.25    -     -   FEW_RADII
     500    SW  376    357   284   303   189   0.08  0.07   0.13  0.01    11  1.00     0 19.98  1.00    3  1.10  1.32    -     -   FEW_RADII
     510  METR  377    354   274   303   197   0.07  0.07   0.10  0.00     9  1.00     0 16.98  1.00    4  1.39  1.43  2.08  1.00  -
     520  METR  392    368   276   312   207   0.05  0.00   0.00  0.06     2  1.00     0 16.45  1.00    4  1.39  1.47  2.04  1.00  -
     530  METR  369    335   262   286   211   0.05  0.00   0.00  0.05     2  1.00     0 16.26  1.00    4  1.39  1.48  2.27  1.00  -
     540    SW  355    324   269   275   214   0.04  0.04   0.05  0.00     4  1.00     0 12.94  1.00    3  0.69  1.36    -     -   FEW_RADII
     550    SW  352    320   268   273   213   0.13  0.00   0.00  0.11     2  1.00     0 14.52  1.00    3  0.69  1.34    -     -   FEW_RADII
     560    SW  342    311   274   269   214   0.03  0.00   0.00  0.03     2  1.00     0 11.86  1.00    3  0.69  1.22    -     -   FEW_RADII
     570    SW  340    309   274   269   212   0.00  0.00   0.00  0.00     1    -      0 22.90  1.00    3  0.69  1.35    -     -   FEW_RADII
     580    SW  334    302   274   260   208   0.05  0.00   0.00  0.05     2  1.00     7 10.57  1.00    3  0.69  1.29    -     -   FEW_RADII
     590    SW  342    307   281   267   215   0.08  0.08   0.11  0.00     7  1.00     0 17.94  1.00    3  1.10  1.36    -     -   FEW_RADII
     600    SW  353    317   291   273   228   0.16  0.12   0.15  0.03     3  1.00     0 13.72  1.00    3  1.10  1.36    -     -   FEW_RADII
     610    SW  358    324   287   278   229   0.08  0.00   0.00  0.08     2  1.00     0 13.90  1.00    3  0.69  1.36    -     -   FEW_RADII
     620  METR  378    342   300   296   249   0.10  0.10   0.19  0.00    26  1.00     0 18.96  1.00    4  1.39  1.44  2.35  1.00  -
     630  METR  400    363   325   310   264   0.06  0.06   0.09  0.00     7  1.00     0 15.98  1.00    4  1.39  1.44  2.31  1.00  -
     640  METR  415    378   342   317   265   0.03  0.03   0.05  0.00     4  1.00     2 15.91  1.00    4  1.39  1.44  2.28  1.00  -
     650  METR  411    376   344   321   261   0.03  0.00   0.00  0.03     2  1.00     1 17.68  1.00    4  1.39  1.42  2.59  1.00  -
     660    SW  414    377   346   320   260   0.03  0.02   0.02  0.01     3  1.00     0 15.93  1.00    3  0.69  1.35    -     -   FEW_RADII
     670    SW  412    376   345   326   265   0.05  0.00   0.00  0.05     2  1.00     0 11.70  1.00    3  0.69  1.34    -     -   FEW_RADII
     680    SW  411    374   326   326   264   0.06  0.06   0.07  0.00     4  1.00     0 12.18  1.00    3  0.69  1.24    -     -   FEW_RADII
     690    SW  409    371   311   324   258   0.08  0.05   0.08  0.03     6  1.00     1 16.67  1.00    3  0.69  1.33    -     -   FEW_RADII
     700  METR  408    367   308   322   264   0.08  0.05   0.07  0.02     7  1.00     0 15.92  1.00    4  1.39  1.40  2.53  1.00  -
     710  METR  417    374   310   327   265   0.03  0.02   0.03  0.01     3  1.00     1 14.77  1.00    4  1.39  1.39  2.49  1.00  -
     720    SW  433    391   329   334   269   0.07  0.05   0.09  0.02    10  1.00     4 13.40  1.00    3  1.10  1.38    -     -   FEW_RADII
     730  METR  447    404   349   347   277   0.07  0.06   0.09  0.01     8  1.00     0 12.59  1.00    4  1.39  1.43  2.40  1.00  -
     740  METR  461    421   363   362   291   0.06  0.06   0.10  0.00    10  1.00     2 13.02  1.00    4  1.39  1.47  2.41  1.00  -
     750    SW  467    424   368   360   286   0.00  0.00   0.00  0.00     1    -      0 15.47  1.00    3  0.69  1.45    -     -   FEW_RADII
     760    SW  478    433   381   369   291   0.04  0.04   0.05  0.00     6  1.00     0 15.71  1.00    3  0.69  1.45    -     -   FEW_RADII
     770  METR  470    427   373   371   295   0.06  0.00   0.00  0.06     2  1.00     0 11.88  1.00    4  1.39  1.43  2.63  1.00  -
     780    SW  465    421   369   364   284   0.00  0.00   0.00  0.00     1    -      0 13.96  1.00    3  0.69  1.39    -     -   FEW_RADII
     790    SW  463    416   367   364   281   0.07  0.06   0.08  0.01     4  1.00     0 10.31  1.00    3  0.69  1.31    -     -   FEW_RADII
     800  METR  467    418   363   367   284   0.03  0.00   0.00  0.03     2  1.00     1 15.10  1.00    4  1.39  1.40  2.63  1.00  -
     810  METR  467    417   351   371   297   0.10  0.00   0.00  0.09     2  1.00     3 14.64  0.99    4  1.39  1.42  2.59  1.00  -
     820  METR  475    426   355   374   301   0.12  0.06   0.07  0.05     3  1.00     1 14.74  1.00    4  1.39  1.45  2.50  1.00  -
     830  METR  481    433   359   380   305   0.03  0.02   0.04  0.01     5  1.00     2 13.39  1.00    4  1.39  1.59  2.34  1.00  -
     840  METR  496    445   375   382   313   0.08  0.06   0.10  0.02    11  1.00     1 19.62  1.00    4  1.39  1.57  2.34  1.00  -
     850  METR  518    466   401   401   329   0.05  0.05   0.08  0.00     5  1.00     2  9.75  1.00    4  1.39  1.61  2.46  1.00  -
     860  METR  533    479   419   413   329   0.04  0.02   0.02  0.02     3  1.00     0 16.89  1.00    4  0.92  1.59  2.26  1.00  -
     870    SW  534    473   423   415   321   0.10  0.05   0.08  0.05     5  1.00     0 11.18  1.00    3  0.69  1.49    -     -   FEW_RADII
     880  METR  539    478   427   421   324   0.09  0.07   0.12  0.01     9  1.00     5 16.60  1.00    4  1.39  1.59  2.52  1.00  -
     890    SW  536    474   417   422   327   0.06  0.00   0.00  0.06     2  1.00     0 13.44  1.00    3  0.69  1.52    -     -   FEW_RADII
     900    SW  528    467   402   421   312   0.08  0.05   0.05  0.03     3  1.00     2 20.77  1.00    3  0.69  1.49    -     -   FEW_RADII
    window ep510-530 len=3 exit=SW
    window ep620-650 len=4 exit=SW
    window ep700-710 len=2 exit=SW
    window ep730-740 len=2 exit=SW
    window ep770-770 len=1 exit=SW
    window ep800-860 len=7 exit=SW
    window ep880-880 len=1 exit=SW
    exit reasons: {'SW': 7}
    SW breakdown: {'NO_SCALING_PTS': 1, 'FEW_RADII': 69}
    edge lifetimes (theta=1e-12): n_dead=1107 median=220 mean=276.3 p90=475 max=882 censored_alive=994
    coupling with BSW indicator (point-biserial):
      occ_scc3: r =  0.03
      fe_cyc  : r =  0.06
      occ_scc : r =  0.08
      fe_dyad : r =  0.08
      rung12  : r =    - 
      b1_H12  : r =  0.44
      b1_H6   : r =  0.40
      b1_S12  : r =  0.45
      b1_S6   : r =  0.45
    coupling with npts(t) (Pearson):
      occ_scc3: r =  0.01
      fe_cyc  : r =  0.05
      b1_H12  : r =  0.80
      b1_S6   : r =  0.79
      rung12  : r =    - 
    coupling with wcont(t) (Pearson):
      occ_scc3: r = -0.14
      fe_cyc  : r = -0.09
      b1_H12  : r =  0.92
      b1_S6   : r =  0.91
      rung12  : r =    - 
    H->S lag correlation corr(b1_H12(t), b1_S6(t+tau)) [tau in snapshots]:
      all    :  0.98  0.98  0.98  0.98  0.97  0.95  0.94   (tau=-3..3)
      rising :  0.99  0.98  0.98  0.96   (tau=0..3, b1_H increasing)
      falling:  0.89  0.86  0.82  0.75   (tau=0..3, b1_H decreasing)
[symmetric] status=ok snaps=90 BSW_occ=0 windows=0 dead=866 audit=OK V_max=228/1200 first_sat=-
    ep    ph    V  b1_H12 b1_H6 b1_S12 b1_S6  occSCC occSCC3 feCYC feDYAD maxSCC rung12 refl ndstM  gcf  npts wscale wcont slope   r2    fail
      10    SW    6      4     4     2     2   0.83  0.83   0.88  0.00     5  1.00     0  4.50  1.00    0    -     -     -     -   NO_SCALING_PTS
      20    SW   25     23    23    15    15   0.36  0.36   0.49  0.00     9  1.00     0 11.37  1.00    1    -   0.33    -     -   FEW_RADII
      30    SW   48     46    46    36    36   0.40  0.33   0.54  0.03    10  1.00     0 17.70  1.00    1    -   0.54    -     -   FEW_RADII
      40    SW   69     67    67    51    51   0.15  0.15   0.23  0.00     7  1.00     0 18.58  1.00    1    -   0.59    -     -   FEW_RADII
      50    SW   74     72    72    56    56   0.09  0.09   0.12  0.00     4  1.00     0 34.36  1.00    1    -   0.60    -     -   FEW_RADII
      60    SW   76     74    74    58    58   0.07  0.07   0.12  0.00     3  1.00     0 38.19  1.00    1    -   0.60    -     -   FEW_RADII
      70    SW   86     84    84    64    64   0.12  0.12   0.27  0.00     6  1.00     0 35.80  1.00    1    -   0.68    -     -   FEW_RADII
      80    SW  110    108   108    80    80   0.13  0.13   0.29  0.00    10  1.00     0 30.68  1.00    2  0.69  0.90    -     -   FEW_RADII
      90    SW  115    113   113    82    82   0.03  0.00   0.00  0.03     2  1.00     0 35.24  1.00    2  0.69  0.91    -     -   FEW_RADII
     100    SW  121    119   119    87    87   0.03  0.00   0.00  0.03     2  1.00     0 56.29  1.00    2  0.69  0.92    -     -   FEW_RADII
     110    SW  129    127   127    95    95   0.08  0.08   0.19  0.00     6  1.00     0 49.43  1.00    1    -   0.89    -     -   FEW_RADII
     120    SW  137    135   135   100   100   0.07  0.07   0.16  0.00     6  1.00     0 47.23  1.00    2  0.69  0.90    -     -   FEW_RADII
     130    SW  152    150   150   111   111   0.06  0.06   0.13  0.00     6  1.00     0 58.89  1.00    2  0.69  0.96    -     -   FEW_RADII
     140    SW  163    161   161   118   118   0.06  0.06   0.13  0.00     6  1.00     0 67.06  1.00    2  0.69  1.01    -     -   FEW_RADII
     150    SW  185    183   183   136   134   0.14  0.14   0.35  0.00    18  1.00     0 57.44  1.00    2  0.69  1.09    -     -   FEW_RADII
     160    SW  209    207   207   152   141   0.04  0.04   0.09  0.00     6  1.00     0 59.10  1.00    2  0.69  1.02    -     -   FEW_RADII
     170    SW  220    218   218   158   132   0.03  0.03   0.04  0.00     4  1.00     0 39.44  1.00    2  0.69  1.02    -     -   FEW_RADII
     180    SW  212    210   210   156   125   0.02  0.00   0.00  0.02     2  1.00     0 101.12  1.00    2  0.69  1.01    -     -   FEW_RADII
     190    SW  192    190   186   141   116   0.05  0.05   0.13  0.00     6  1.00     0 89.79  1.00    3  1.10  1.12    -     -   FEW_RADII
     200    SW  179    176   176   124   118   0.07  0.07   0.17  0.00     8  1.00     0 58.72  1.00    2  0.41  1.03    -     -   FEW_RADII
     210    SW  185    183   183   129   122   0.09  0.09   0.21  0.00    11  1.00     0 63.45  1.00    2  0.69  1.08    -     -   FEW_RADII
     220    SW  187    185   185   131   117   0.00  0.00   0.00  0.00     1    -      0 77.76  1.00    2  0.69  1.08    -     -   FEW_RADII
     230    SW  183    181   181   130   111   0.02  0.00   0.00  0.02     2  1.00     0 81.33  1.00    2  0.69  1.07    -     -   FEW_RADII
     240    SW  173    171   171   124   110   0.03  0.03   0.05  0.00     3  1.00     0 102.03  1.00    2  0.69  1.03    -     -   FEW_RADII
     250    SW  161    159   159   111   109   0.05  0.05   0.11  0.00     5  1.00     0 52.10  1.00    2  0.69  0.97    -     -   FEW_RADII
     260    SW  177    175   175   125   119   0.06  0.06   0.13  0.00     8  1.00     0 45.38  1.00    2  0.69  0.90    -     -   FEW_RADII
     270    SW  182    180   180   128   118   0.05  0.05   0.12  0.00     6  1.00     0 53.38  1.00    2  0.69  0.96    -     -   FEW_RADII
     280    SW  180    178   178   130   119   0.04  0.04   0.08  0.00     5  1.00     0 66.13  1.00    2  0.69  0.97    -     -   FEW_RADII
     290    SW  174    171   171   125   109   0.03  0.03   0.05  0.00     3  1.00     0 86.82  1.00    2  0.69  1.02    -     -   FEW_RADII
     300    SW  188    186   186   137   109   0.12  0.12   0.31  0.00    16  1.00     0 53.52  1.00    2  0.69  1.08    -     -   FEW_RADII
     310    SW  194    191   191   139   113   0.00  0.00   0.00  0.00     1    -      0 46.83  1.00    3  1.10  1.15    -     -   FEW_RADII
     320    SW  174    171   169   128   109   0.02  0.00   0.00  0.02     2  1.00     0 103.83  1.00    3  1.10  1.16    -     -   FEW_RADII
     330    SW  175    173   171   125   117   0.06  0.06   0.15  0.00     7  1.00     0 69.73  1.00    2  0.69  1.06    -     -   FEW_RADII
     340    SW  172    170   170   126   118   0.05  0.05   0.10  0.00     6  1.00     0 28.87  1.00    2  0.69  1.09    -     -   FEW_RADII
     350    SW  172    170   170   130   122   0.03  0.03   0.04  0.00     3  1.00     0 28.48  1.00    2  0.69  1.04    -     -   FEW_RADII
     360    SW  175    173   173   134   123   0.02  0.00   0.00  0.02     2  1.00     0 71.56  1.00    2  0.69  1.05    -     -   FEW_RADII
     370    SW  175    173   173   135   123   0.33  0.33   0.38  0.00     4  1.00     0 45.62  1.00    2  0.69  1.08    -     -   FEW_RADII
     380    SW  173    170   170   135   129   0.04  0.04   0.07  0.00     4  1.00     0 40.67  1.00    2  0.69  1.06    -     -   FEW_RADII
     390    SW  169    167   167   132   126   0.02  0.00   0.00  0.02     2  1.00     0 58.43  1.00    2  0.69  1.04    -     -   FEW_RADII
     400    SW  175    173   173   137   122   0.09  0.09   0.22  0.00     9  1.00     0 62.62  1.00    2  0.69  1.02    -     -   FEW_RADII
     410    SW  180    178   178   141   122   0.02  0.00   0.00  0.02     2  1.00     0 56.91  1.00    2  0.69  1.00    -     -   FEW_RADII
     420    SW  165    163   163   130   114   0.02  0.00   0.00  0.02     2  1.00     0 97.85  1.00    1    -   1.00    -     -   FEW_RADII
     430    SW  160    158   158   124   111   0.05  0.05   0.10  0.00     5  1.00     0 73.44  1.00    1    -   1.04    -     -   FEW_RADII
     440    SW  162    160   158   125   107   0.25  0.25   0.24  0.00     4  1.00     0 43.24  1.00    2  0.69  1.04    -     -   FEW_RADII
     450    SW  159    157   157   119   100   0.03  0.03   0.04  0.00     3  1.00     0 37.12  1.00    2  0.69  0.99    -     -   FEW_RADII
     460    SW  159    157   157   122    93   0.03  0.03   0.06  0.00     3  1.00     0 61.57  1.00    2  0.69  0.97    -     -   FEW_RADII
     470    SW  150    147   145   115    93   0.06  0.06   0.14  0.00     6  1.00     0 42.33  1.00    2  0.69  0.98    -     -   FEW_RADII
     480    SW  141    139   139   105    86   0.06  0.06   0.16  0.00     6  1.00     0 54.07  1.00    2  0.69  0.98    -     -   FEW_RADII
     490    SW  156    154   154   110    87   0.10  0.10   0.25  0.00    11  1.00     0 47.06  1.00    2  0.69  1.06    -     -   FEW_RADII
     500    SW  170    168   168   118    91   0.06  0.06   0.13  0.00     7  1.00     0 76.58  1.00    3  1.10  1.14    -     -   FEW_RADII
     510    SW  184    182   176   124   106   0.10  0.10   0.23  0.00    13  1.00     0 64.50  1.00    3  1.10  1.14    -     -   FEW_RADII
     520    SW  203    201   201   138   129   0.12  0.12   0.25  0.00    18  1.00     0 55.08  1.00    3  1.10  1.17    -     -   FEW_RADII
     530    SW  215    213   213   146   137   0.03  0.03   0.08  0.00     4  1.00     0 65.78  1.00    3  1.10  1.17    -     -   FEW_RADII
     540    SW  222    220   220   147   137   0.03  0.03   0.05  0.00     4  1.00     0 69.90  1.00    3  1.10  1.16    -     -   FEW_RADII
     550    SW  215    213   213   144   139   0.03  0.03   0.08  0.00     4  1.00     0 106.00  1.00    2  0.41  1.11    -     -   FEW_RADII
     560    SW  218    215   215   145   140   0.02  0.00   0.00  0.02     2  1.00     0 82.03  1.00    2  0.41  0.95    -     -   FEW_RADII
     570    SW  214    212   212   143   138   0.02  0.00   0.00  0.02     2  1.00     0 97.54  1.00    2  0.41  0.88    -     -   FEW_RADII
     580    SW  213    211   211   144   136   0.02  0.00   0.00  0.02     2  1.00     0 65.20  1.00    2  0.41  0.87    -     -   FEW_RADII
     590    SW  210    208   208   146   137   0.02  0.00   0.00  0.02     2  1.00     0 65.52  1.00    2  0.41  0.91    -     -   FEW_RADII
     600    SW  213    211   211   148   139   0.06  0.06   0.16  0.00     8  1.00     0 73.95  1.00    1    -   1.04    -     -   FEW_RADII
     610    SW  223    221   221   151   145   0.07  0.07   0.17  0.00    10  1.00     0 64.37  1.00    2  0.69  1.05    -     -   FEW_RADII
     620    SW  228    226   226   154   148   0.13  0.13   0.17  0.00     4  1.00     0 38.71  1.00    2  0.69  1.00    -     -   FEW_RADII
     630    SW  222    220   220   155   146   0.14  0.14   0.17  0.00     5  1.00     0 29.24  1.00    2  0.69  0.95    -     -   FEW_RADII
     640    SW  221    219   219   155   143   0.03  0.03   0.04  0.00     4  1.00     0 30.63  1.00    2  0.69  0.85    -     -   FEW_RADII
     650    SW  216    214   214   153   132   0.06  0.06   0.17  0.00     7  1.00     0 73.12  1.00    2  0.69  0.85    -     -   FEW_RADII
     660    SW  221    218   218   160   120   0.08  0.08   0.20  0.00    10  1.00     0 54.12  1.00    2  0.69  0.94    -     -   FEW_RADII
     670    SW  226    224   224   170   121   0.09  0.09   0.22  0.00    12  1.00     0 66.94  1.00    3  1.10  1.28    -     -   FEW_RADII
     680    SW  219    217   216   169   122   0.07  0.07   0.17  0.00     8  1.00     0 69.04  1.00    3  1.10  1.33    -     -   FEW_RADII
     690    SW  189    187   178   148   122   0.03  0.03   0.05  0.00     3  1.00     0 68.54  1.00    2  0.41  1.10    -     -   FEW_RADII
     700    SW  183    181   181   134   126   0.12  0.12   0.30  0.00    14  1.00     0 49.21  1.00    2  0.69  1.07    -     -   FEW_RADII
     710    SW  188    186   186   132   129   0.03  0.03   0.06  0.00     3  1.00     0 53.02  1.00    2  0.41  1.03    -     -   FEW_RADII
     720    SW  191    189   189   132   130   0.02  0.00   0.00  0.02     2  1.00     0 80.83  1.00    2  0.41  0.96    -     -   FEW_RADII
     730    SW  191    189   189   132   131   0.02  0.00   0.00  0.02     2  1.00     0 74.14  1.00    2  0.41  0.92    -     -   FEW_RADII
     740    SW  197    195   195   137   129   0.04  0.04   0.07  0.00     4  1.00     0 81.50  1.00    2  0.41  0.94    -     -   FEW_RADII
     750    SW  198    196   196   139   124   0.04  0.04   0.08  0.00     4  1.00     0 95.84  1.00    2  0.41  0.98    -     -   FEW_RADII
     760    SW  192    190   190   135   113   0.03  0.03   0.05  0.00     3  1.00     0 69.11  1.00    2  0.41  0.99    -     -   FEW_RADII
     770    SW  202    199   199   144   119   0.16  0.16   0.18  0.00     3  1.00     0 46.07  1.00    2  0.69  1.03    -     -   FEW_RADII
     780    SW  202    200   196   149   120   0.04  0.04   0.07  0.00     4  1.00     0 38.66  1.00    2  0.69  1.01    -     -   FEW_RADII
     790    SW  209    207   198   158   124   0.06  0.06   0.16  0.00     8  1.00     0 52.10  1.00    2  0.69  0.97    -     -   FEW_RADII
     800    SW  207    205   184   165   124   0.04  0.04   0.08  0.00     5  1.00     0 55.44  1.00    2  0.69  0.98    -     -   FEW_RADII
     810    SW  183    181   181   140   110   0.42  0.42   0.48  0.00     5  1.00     0 74.37  1.00    2  0.69  0.95    -     -   FEW_RADII
     820    SW  196    194   194   141   104   0.11  0.11   0.28  0.00    15  1.00     0 36.25  1.00    2  0.69  1.02    -     -   FEW_RADII
     830    SW  203    201   200   148   118   0.04  0.04   0.08  0.00     6  1.00     0 60.85  1.00    3  1.10  1.35    -     -   FEW_RADII
     840    SW  169    166   166   125   111   0.03  0.03   0.04  0.00     3  1.00     0 30.95  1.00    2  0.69  1.04    -     -   FEW_RADII
     850    SW  158    156   156   120   112   0.05  0.05   0.13  0.00     5  1.00     0 74.23  1.00    1    -   1.05    -     -   FEW_RADII
     860    SW  148    146   146   115   110   0.02  0.00   0.00  0.02     2  1.00     0 54.17  1.00    1    -   0.90    -     -   FEW_RADII
     870    SW  162    160   160   120   114   0.13  0.13   0.32  0.00    13  1.00     0 53.81  1.00    3  1.10  1.13    -     -   FEW_RADII
     880    SW  179    177   177   133   129   0.08  0.08   0.20  0.00     9  1.00     0 61.28  1.00    2  0.69  1.09    -     -   FEW_RADII
     890    SW  204    202   202   153   150   0.15  0.15   0.34  0.00    21  1.00     0 57.07  1.00    2  0.69  1.02    -     -   FEW_RADII
     900    SW  214    212   212   160   154   0.38  0.38   0.33  0.00     3  1.00     0 57.46  1.00    2  0.69  1.02    -     -   FEW_RADII
    exit reasons: (no windows)
    SW breakdown: {'NO_SCALING_PTS': 1, 'FEW_RADII': 89}
    edge lifetimes (theta=1e-12): n_dead=1732 median=163 mean=161.9 p90=184 max=228 censored_alive=425
    coupling with BSW indicator (point-biserial):
      occ_scc3: r =    - 
      fe_cyc  : r =    - 
      occ_scc : r =    - 
      fe_dyad : r =    - 
      rung12  : r =    - 
      b1_H12  : r =    - 
      b1_H6   : r =    - 
      b1_S12  : r =    - 
      b1_S6   : r =    - 
    coupling with npts(t) (Pearson):
      occ_scc3: r = -0.37
      fe_cyc  : r = -0.30
      b1_H12  : r =  0.61
      b1_S6   : r =  0.50
      rung12  : r =    - 
    coupling with wcont(t) (Pearson):
      occ_scc3: r = -0.28
      fe_cyc  : r = -0.23
      b1_H12  : r =  0.70
      b1_S6   : r =  0.63
      rung12  : r =    - 
    H->S lag correlation corr(b1_H12(t), b1_S6(t+tau)) [tau in snapshots]:
      all    :  0.84  0.90  0.93  0.94  0.89  0.81  0.74   (tau=-3..3)
      rising :  0.95  0.93  0.88  0.80   (tau=0..3, b1_H increasing)
      falling:  0.81  0.75  0.68  0.62   (tau=0..3, b1_H decreasing)
    --- asymmetric prediction pre-test (directed minus symmetric, point-biserial r with BSW) ---
      occ_scc3: r_dir= 0.03  r_sym=   -   diff=   - 
      fe_cyc  : r_dir= 0.06  r_sym=   -   diff=   - 
      b1_H12  : r_dir= 0.44  r_sym=   -   diff=   - 
====================================================================================================
SEED 15  rule=T1 g=0.075 N=1200 epochs=900 (paired directed / symmetric, identical seed)
====================================================================================================
[directed ] status=ok snaps=90 BSW_occ=29 windows=7 dead=1112 audit=OK V_max=778/1200 first_sat=-
    ep    ph    V  b1_H12 b1_H6 b1_S12 b1_S6  occSCC occSCC3 feCYC feDYAD maxSCC rung12 refl ndstM  gcf  npts wscale wcont slope   r2    fail
      10    SW   11      9     9     7     7   0.00  0.00   0.00  0.00     1    -      9  3.76  1.00    0    -   0.03    -     -   NO_SCALING_PTS
      20    SW   20     18    18    15    15   0.12  0.00   0.00  0.09     2  1.00     0  5.86  1.00    1    -   0.19    -     -   FEW_RADII
      30    SW   32     30    30    23    23   0.00  0.00   0.00  0.00     1    -      0  8.64  1.00    1    -   0.45    -     -   FEW_RADII
      40    SW   38     36    36    27    27   0.07  0.00   0.00  0.06     2  1.00     0 12.63  1.00    1    -   0.47    -     -   FEW_RADII
      50    SW   72     70    70    51    51   0.14  0.14   0.23  0.00    10  1.00     0 12.38  1.00    1    -   0.68    -     -   FEW_RADII
      60    SW   88     86    86    64    64   0.07  0.07   0.09  0.00     4  1.00     0 16.65  1.00    1    -   0.65    -     -   FEW_RADII
      70    SW   95     93    93    69    69   0.08  0.08   0.12  0.00     7  1.00     0 20.30  1.00    1    -   0.62    -     -   FEW_RADII
      80    SW  119    117   117    85    85   0.07  0.07   0.09  0.00     8  1.00     0 19.33  1.00    1    -   0.72    -     -   FEW_RADII
      90    SW  142    140   140   110   110   0.05  0.05   0.08  0.00     7  1.00     0 17.14  1.00    1    -   0.80    -     -   FEW_RADII
     100    SW  164    162   162   134   134   0.06  0.06   0.08  0.00     5  1.00     0 23.00  1.00    1    -   0.86    -     -   FEW_RADII
     110    SW  193    191   191   158   158   0.07  0.07   0.12  0.00    11  1.00     0 18.25  1.00    2  0.41  0.90    -     -   FEW_RADII
     120    SW  243    241   241   184   184   0.06  0.06   0.11  0.00    13  1.00     0 21.34  1.00    2  0.41  0.96    -     -   FEW_RADII
     130    SW  266    264   264   200   200   0.00  0.00   0.00  0.00     1    -      0 21.56  1.00    2  0.41  1.02    -     -   FEW_RADII
     140    SW  288    286   286   223   223   0.05  0.05   0.08  0.00    12  1.00     0 21.84  1.00    2  0.41  0.98    -     -   FEW_RADII
     150    SW  305    303   303   241   241   0.00  0.00   0.00  0.00     1    -      0 22.95  1.00    2  0.41  1.02    -     -   FEW_RADII
     160    SW  319    317   317   258   258   0.06  0.04   0.07  0.01     7  1.00     0 19.61  1.00    2  0.41  0.99    -     -   FEW_RADII
     170    SW  336    334   334   277   277   0.00  0.00   0.00  0.00     1    -      0 20.97  1.00    2  0.41  1.07    -     -   FEW_RADII
     180    SW  343    341   341   289   288   0.00  0.00   0.00  0.00     1    -      0 19.39  1.00    2  0.41  1.04    -     -   FEW_RADII
     190    SW  346    344   344   293   290   0.05  0.00   0.00  0.05     2  1.00     0 25.16  1.00    2  0.41  1.04    -     -   FEW_RADII
     200    SW  361    359   359   302   296   0.05  0.05   0.10  0.00    15  1.00     0 32.43  1.00    2  0.41  1.16    -     -   FEW_RADII
     210    SW  389    387   386   331   323   0.07  0.07   0.11  0.00    15  1.00     0 23.82  1.00    3  1.10  1.18    -     -   FEW_RADII
     220    SW  436    434   433   358   349   0.07  0.05   0.08  0.02    11  1.00     0 23.53  1.00    3  1.10  1.19    -     -   FEW_RADII
     230    SW  451    449   441   368   354   0.00  0.00   0.00  0.00     1    -      0 20.82  1.00    3  1.10  1.22    -     -   FEW_RADII
     240    SW  466    464   446   379   360   0.11  0.05   0.05  0.05     3  1.00     0 17.35  1.00    2  0.41  1.19    -     -   FEW_RADII
     250    SW  471    469   448   391   364   0.07  0.00   0.00  0.08     2  1.00     0 17.90  1.00    2  0.41  1.12    -     -   FEW_RADII
     260    SW  479    477   454   401   362   0.07  0.06   0.09  0.01     9  1.00     0 15.82  1.00    2  0.41  1.16    -     -   FEW_RADII
     270    SW  504    502   478   422   375   0.06  0.05   0.08  0.01    10  1.00     0 27.64  1.00    3  1.10  1.25    -     -   FEW_RADII
     280    SW  523    520   493   430   380   0.04  0.04   0.06  0.00    13  1.00     0 32.22  1.00    3  1.10  1.26    -     -   FEW_RADII
     290    SW  523    518   476   435   378   0.02  0.02   0.03  0.00     6  1.00     0 27.16  1.00    3  1.10  1.26    -     -   FEW_RADII
     300    SW  534    529   459   443   373   0.00  0.00   0.00  0.00     1    -      3 21.64  1.00    3  1.10  1.23    -     -   FEW_RADII
     310    SW  545    539   460   451   374   0.00  0.00   0.00  0.00     1    -      1 27.15  1.00    3  1.10  1.24    -     -   FEW_RADII
     320    SW  553    545   463   455   381   0.05  0.03   0.05  0.02     4  1.00     0 28.42  1.00    3  1.10  1.24    -     -   FEW_RADII
     330    SW  588    581   500   491   413   0.06  0.06   0.12  0.00    28  1.00     0 28.20  1.00    3  1.10  1.34    -     -   FEW_RADII
     340    SW  611    601   524   510   430   0.06  0.06   0.11  0.00    14  1.00     0 18.53  1.00    3  1.10  1.32    -     -   FEW_RADII
     350    SW  615    604   525   511   421   0.08  0.00   0.00  0.08     2  1.00     0 20.12  1.00    3  1.10  1.30    -     -   FEW_RADII
     360    SW  606    595   524   508   417   0.03  0.03   0.05  0.01     6  1.00     0 32.24  1.00    3  1.10  1.31    -     -   FEW_RADII
     370    SW  615    603   535   512   413   0.04  0.03   0.04  0.01     6  1.00     0 23.29  1.00    3  1.10  1.26    -     -   FEW_RADII
     380    SW  615    601   530   509   411   0.03  0.03   0.05  0.00     6  1.00     0 26.88  1.00    3  1.10  1.27    -     -   FEW_RADII
     390    SW  616    603   519   509   409   0.01  0.00   0.00  0.01     2  1.00     0 24.38  1.00    3  1.10  1.27    -     -   FEW_RADII
     400    SW  614    602   500   511   394   0.00  0.00   0.00  0.00     1    -      0 22.03  1.00    3  1.10  1.27    -     -   FEW_RADII
     410    SW  615    598   496   507   383   0.03  0.03   0.04  0.00     4  1.00     0 28.12  1.00    3  1.10  1.27    -     -   FEW_RADII
     420    SW  618    599   507   512   385   0.06  0.06   0.13  0.00    23  1.00     0 25.80  1.00    3  1.10  1.27    -     -   FEW_RADII
     430    SW  631    615   533   520   403   0.06  0.06   0.11  0.00    13  1.00     0 29.78  1.00    3  1.10  1.31    -     -   FEW_RADII
     440    SW  618    601   521   518   402   0.04  0.00   0.00  0.04     2  1.00     0 20.25  1.00    3  1.10  1.38    -     -   FEW_RADII
     450    SW  601    579   489   505   397   0.02  0.02   0.04  0.00     5  1.00     0 31.24  1.00    3  1.10  1.34    -     -   FEW_RADII
     460    SW  599    575   479   508   385   0.03  0.03   0.05  0.00    10  1.00     0 19.31  1.00    3  1.10  1.34    -     -   FEW_RADII
     470    SW  588    560   470   497   359   0.03  0.03   0.06  0.00    10  1.00     0 14.96  1.00    3  1.10  1.36    -     -   FEW_RADII
     480    SW  588    552   465   487   345   0.05  0.03   0.06  0.02     7  1.00     0 39.50  1.00    3  1.10  1.35    -     -   FEW_RADII
     490  METR  586    548   471   473   344   0.05  0.04   0.09  0.00    17  1.00     0 20.56  1.00    4  1.39  1.43  2.24  1.00  -
     500  METR  585    545   471   473   342   0.05  0.05   0.11  0.00    13  1.00     3 24.58  1.00    4  1.39  1.39  2.19  1.00  -
     510  METR  614    573   477   480   343   0.02  0.02   0.02  0.00     4  1.00     0 22.05  1.00    4  1.39  1.40  2.14  1.00  -
     520    SW  601    559   457   467   338   0.00  0.00   0.00  0.00     1    -      0 18.68  1.00    3  1.10  1.36    -     -   FEW_RADII
     530  METR  590    548   437   464   334   0.00  0.00   0.00  0.00     1    -      1 20.38  1.00    4  1.39  1.40  2.81  1.00  -
     540  METR  579    539   431   459   335   0.03  0.03   0.05  0.00     6  1.00     0 27.39  1.00    4  1.39  1.39  2.76  0.99  -
     550    SW  559    518   422   442   329   0.00  0.00   0.00  0.00     1    -      0 17.54  1.00    3  0.69  1.36    -     -   FEW_RADII
     560  METR  561    517   423   448   323   0.08  0.00   0.00  0.07     2  1.00     0 22.12  1.00    4  1.39  1.41  2.83  1.00  -
     570    SW  554    504   421   441   320   0.04  0.03   0.06  0.01     7  1.00     0 10.51  1.00    3  0.69  1.39    -     -   FEW_RADII
     580    SW  543    495   426   433   325   0.01  0.01   0.02  0.00     3  0.67     1 11.43  1.00    3  0.69  1.39    -     -   FEW_RADII
     590    SW  538    488   421   433   331   0.18  0.18   0.25  0.00     6  1.00     2 17.99  1.00    3  0.69  1.42    -     -   FEW_RADII
     600  METR  553    503   422   446   342   0.05  0.04   0.08  0.01    13  1.00     0 17.73  1.00    4  1.39  1.49  2.66  1.00  -
     610  METR  564    513   428   448   352   0.06  0.05   0.11  0.01     8  1.00     1 17.70  1.00    4  1.39  1.55  2.42  1.00  -
     620  METR  597    541   451   459   359   0.03  0.01   0.02  0.02     3  1.00     1 19.09  1.00    4  1.39  1.51  2.44  1.00  -
     630  METR  604    546   462   474   372   0.11  0.04   0.05  0.07     3  1.00     3 14.73  1.00    4  1.39  1.50  2.32  1.00  -
     640  METR  608    551   483   475   369   0.09  0.06   0.08  0.02     7  1.00     0 14.55  1.00    4  1.39  1.54  2.61  1.00  -
     650  METR  648    591   518   495   382   0.14  0.10   0.16  0.03     8  1.00     1 16.38  1.00    4  1.39  1.58  2.65  1.00  -
     660  METR  710    652   568   544   419   0.08  0.04   0.06  0.03     5  1.00     0 13.28  1.00    4  0.92  1.54  2.58  1.00  -
     670  METR  763    700   609   574   462   0.05  0.05   0.08  0.01    10  0.94     2 14.55  1.00    4  0.92  1.55  2.73  1.00  -
     680  METR  777    711   605   588   479   0.04  0.03   0.04  0.02     6  1.00     1 21.21  1.00    5  1.61  1.62  2.67  1.00  -
     690    SW  778    706   594   585   480   0.02  0.00   0.00  0.02     2  1.00     0 14.50  1.00    3  0.69  1.58    -     -   FEW_RADII
     700  METR  768    694   592   584   477   0.04  0.04   0.06  0.00     7  1.00     2 18.79  1.00    4  1.39  1.56  2.68  1.00  -
     710    SW  758    685   590   574   473   0.03  0.02   0.03  0.01     4  1.00     0 11.73  1.00    3  0.69  1.53    -     -   FEW_RADII
     720    SW  742    669   584   564   465   0.06  0.00   0.00  0.05     2  1.00     0  9.58  1.00    3  0.69  1.41    -     -   FEW_RADII
     730    SW  731    658   582   555   458   0.00  0.00   0.00  0.00     1    -      2 15.19  1.00    3  0.69  1.44    -     -   FEW_RADII
     740  METR  719    650   578   548   451   0.19  0.00   0.00  0.15     2  1.00     0  9.95  1.00    4  0.92  1.38  2.74  1.00  -
     750    SW  707    641   568   540   437   0.11  0.00   0.00  0.09     2  1.00     0  6.41  1.00    3  0.69  1.31    -     -   FEW_RADII
     760    SW  689    622   550   522   418   0.15  0.15   0.18  0.00     4  1.00     0 20.55  1.00    3  0.69  1.29    -     -   FEW_RADII
     770    SW  684    616   545   519   411   0.04  0.00   0.00  0.04     2  1.00     0 10.07  1.00    3  0.69  1.42    -     -   FEW_RADII
     780    SW  668    599   531   509   395   0.11  0.07   0.09  0.03     4  1.00     3 14.34  1.00    3  0.69  1.51    -     -   FEW_RADII
     790  METR  663    591   518   505   368   0.02  0.00   0.00  0.02     2  1.00     0 14.76  1.00    4  1.39  1.51  2.83  1.00  -
     800  METR  644    567   493   487   330   0.14  0.14   0.15  0.00     4  1.00     1 13.02  1.00    4  1.39  1.48  2.73  1.00  -
     810  METR  627    559   486   479   295   0.05  0.03   0.04  0.02     5  1.00     0 12.81  1.00    4  1.39  1.46  2.66  1.00  -
     820  METR  593    519   454   442   262   0.05  0.02   0.03  0.03     3  1.00     2 11.65  1.00    4  1.39  1.45  2.62  1.00  -
     830  METR  556    478   406   411   238   0.00  0.00   0.00  0.00     1    -      0  9.89  1.00    4  0.92  1.57  2.77  1.00  -
     840  METR  511    439   349   385   217   0.03  0.00   0.00  0.03     2  1.00     4 15.39  1.00    4  0.92  1.61  2.71  1.00  -
     850  METR  469    396   292   360   209   0.04  0.03   0.03  0.02     3  1.00     3 12.57  1.00    4  0.92  1.62  2.58  1.00  -
     860  METR  431    359   254   331   196   0.09  0.05   0.06  0.03     3  1.00     3  7.51  1.00    5  1.10  1.65  2.40  1.00  -
     870  METR  400    327   223   303   179   0.00  0.00   0.00  0.00     1    -      0  6.70  1.00    6  1.25  1.59  2.32  1.00  -
     880  METR  378    303   213   285   171   0.14  0.14   0.16  0.00     3  1.00     0  8.15  1.00    6  1.25  1.62  2.16  1.00  -
     890  METR  366    295   206   276   167   0.06  0.00   0.00  0.06     2  1.00     0  7.79  1.00    6  1.25  1.66  2.07  1.00  -
     900  METR  356    291   204   265   165   0.04  0.00   0.00  0.05     2  1.00     1  7.90  1.00    5  1.10  1.64  2.08  1.00  -
    window ep490-510 len=3 exit=SW
    window ep530-540 len=2 exit=SW
    window ep560-560 len=1 exit=SW
    window ep600-680 len=9 exit=SW
    window ep700-700 len=1 exit=SW
    window ep740-740 len=1 exit=SW
    window ep790-900 len=12 exit=END
    exit reasons: {'SW': 6, 'END': 1}
    SW breakdown: {'NO_SCALING_PTS': 1, 'FEW_RADII': 60}
    edge lifetimes (theta=1e-12): n_dead=2287 median=231 mean=288.5 p90=501 max=873 censored_alive=646
    coupling with BSW indicator (point-biserial):
      occ_scc3: r =  0.02
      fe_cyc  : r = -0.02
      occ_scc : r =  0.15
      fe_dyad : r =  0.18
      rung12  : r =  0.06
      b1_H12  : r =  0.21
      b1_H6   : r =  0.12
      b1_S12  : r =  0.23
      b1_S6   : r =  0.04
    coupling with npts(t) (Pearson):
      occ_scc3: r = -0.02
      fe_cyc  : r = -0.06
      b1_H12  : r =  0.56
      b1_S6   : r =  0.42
      rung12  : r = -0.01
    coupling with wcont(t) (Pearson):
      occ_scc3: r =  0.00
      fe_cyc  : r = -0.02
      b1_H12  : r =  0.78
      b1_S6   : r =  0.67
      rung12  : r = -0.06
    H->S lag correlation corr(b1_H12(t), b1_S6(t+tau)) [tau in snapshots]:
      all    :  0.97  0.98  0.98  0.96  0.94  0.90  0.85   (tau=-3..3)
      rising :  0.98  0.98  0.98  0.97   (tau=0..3, b1_H increasing)
      falling:  0.96  0.94  0.91  0.85   (tau=0..3, b1_H decreasing)
[symmetric] status=ok snaps=90 BSW_occ=0 windows=0 dead=937 audit=OK V_max=284/1200 first_sat=-
    ep    ph    V  b1_H12 b1_H6 b1_S12 b1_S6  occSCC occSCC3 feCYC feDYAD maxSCC rung12 refl ndstM  gcf  npts wscale wcont slope   r2    fail
      10    SW    5      3     3     1     1   0.60  0.60   0.60  0.00     3  1.00     0  3.26  1.00    0    -     -     -     -   NO_SCALING_PTS
      20    SW   30     28    28    17    17   0.47  0.47   0.62  0.00    14  1.00     0 11.90  1.00    1    -   0.51    -     -   FEW_RADII
      30    SW   37     35    35    26    26   0.12  0.12   0.14  0.00     3  1.00     0 19.44  1.00    1    -   0.45    -     -   FEW_RADII
      40    SW   43     41    41    28    28   0.13  0.13   0.24  0.00     4  1.00     0 23.18  1.00    1    -   0.48    -     -   FEW_RADII
      50    SW   60     58    58    43    43   0.15  0.15   0.31  0.00     7  1.00     0 24.93  1.00    1    -   0.85    -     -   FEW_RADII
      60    SW   73     71    71    56    56   0.14  0.14   0.27  0.00     8  1.00     0 21.85  1.00    2  0.69  0.89    -     -   FEW_RADII
      70    SW   78     76    76    57    57   0.08  0.08   0.16  0.00     4  1.00     0 40.30  1.00    2  0.69  0.91    -     -   FEW_RADII
      80    SW   84     82    82    66    66   0.14  0.14   0.33  0.00     8  1.00     0 35.67  1.00    1    -   0.83    -     -   FEW_RADII
      90    SW   96     94    94    71    71   0.10  0.10   0.23  0.00     7  1.00     0 43.85  1.00    1    -   0.82    -     -   FEW_RADII
     100    SW  103    101   101    76    76   0.05  0.05   0.12  0.00     4  1.00     0 52.85  1.00    1    -   0.82    -     -   FEW_RADII
     110    SW  107    105   105    81    81   0.04  0.04   0.07  0.00     3  1.00     0 49.76  1.00    1    -   0.81    -     -   FEW_RADII
     120    SW  115    113   113    89    89   0.33  0.33   0.35  0.00     4  1.00     0 41.88  1.00    1    -   0.93    -     -   FEW_RADII
     130    SW  125    123   123    93    93   0.07  0.07   0.17  0.00     6  1.00     0 41.84  1.00    2  0.69  0.99    -     -   FEW_RADII
     140    SW  136    134   134   104   104   0.11  0.11   0.29  0.00    11  1.00     0 48.09  1.00    2  0.69  0.94    -     -   FEW_RADII
     150    SW  168    166   166   125   124   0.11  0.11   0.26  0.00    14  1.00     0 43.07  1.00    2  0.69  0.92    -     -   FEW_RADII
     160    SW  201    199   199   148   139   0.09  0.09   0.21  0.00    12  1.00     0 49.21  1.00    2  0.69  1.08    -     -   FEW_RADII
     170    SW  212    210   210   160   147   0.08  0.08   0.15  0.00    13  1.00     0 36.16  1.00    3  1.10  1.26    -     -   FEW_RADII
     180    SW  225    223   223   176   160   0.04  0.04   0.08  0.00     6  1.00     0 51.61  1.00    3  1.10  1.36    -     -   FEW_RADII
     190    SW  219    216   216   168   157   0.02  0.00   0.00  0.02     2  1.00     0 67.27  1.00    2  0.41  1.27    -     -   FEW_RADII
     200    SW  219    217   217   168   150   0.25  0.00   0.00  0.22     2  1.00     0 88.96  1.00    2  0.41  1.08    -     -   FEW_RADII
     210    SW  216    214   214   168   149   0.05  0.05   0.11  0.00     6  1.00     0 46.92  1.00    2  0.41  0.98    -     -   FEW_RADII
     220    SW  217    215   213   169   152   0.08  0.08   0.20  0.00    10  1.00     0 75.00  1.00    1    -   1.03    -     -   FEW_RADII
     230    SW  223    221   221   170   160   0.05  0.05   0.13  0.00     7  1.00     0 62.45  1.00    2  0.69  1.08    -     -   FEW_RADII
     240    SW  233    231   231   178   168   0.08  0.08   0.22  0.00    11  1.00     0 84.79  1.00    2  0.69  1.04    -     -   FEW_RADII
     250    SW  251    248   248   190   188   0.05  0.05   0.10  0.00     7  1.00     0 62.55  1.00    2  0.69  1.00    -     -   FEW_RADII
     260    SW  262    260   260   199   191   0.05  0.05   0.12  0.00     8  1.00     0 36.61  1.00    2  0.69  0.98    -     -   FEW_RADII
     270    SW  270    268   268   202   193   0.05  0.05   0.14  0.00     7  1.00     0 77.20  1.00    2  0.69  0.98    -     -   FEW_RADII
     280    SW  276    274   274   211   190   0.07  0.07   0.18  0.00    10  1.00     0 59.83  1.00    2  0.69  0.97    -     -   FEW_RADII
     290    SW  284    282   282   212   189   0.06  0.06   0.15  0.00     9  1.00     0 60.69  1.00    2  0.69  1.06    -     -   FEW_RADII
     300    SW  283    281   281   214   181   0.03  0.00   0.00  0.03     2  1.00     0 53.09  1.00    3  1.10  1.13    -     -   FEW_RADII
     310    SW  280    278   278   215   159   0.07  0.07   0.19  0.00    11  1.00     0 42.97  1.00    3  1.10  1.17    -     -   FEW_RADII
     320    SW  278    276   275   209   158   0.06  0.06   0.15  0.00     9  1.00     0 63.99  1.00    3  1.10  1.12    -     -   FEW_RADII
     330    SW  266    263   259   200   159   0.04  0.04   0.10  0.00     5  1.00     0 73.51  1.00    3  1.10  1.15    -     -   FEW_RADII
     340    SW  249    246   236   192   161   0.03  0.03   0.07  0.00     4  1.00     0 49.12  1.00    2  0.69  1.09    -     -   FEW_RADII
     350    SW  223    221   221   166   158   0.03  0.03   0.05  0.00     3  1.00     0 82.78  1.00    2  0.69  1.00    -     -   FEW_RADII
     360    SW  230    228   228   172   160   0.08  0.08   0.18  0.00     9  1.00     0 71.69  1.00    2  0.69  1.01    -     -   FEW_RADII
     370    SW  239    237   237   181   157   0.17  0.00   0.00  0.15     2  1.00     0 53.97  1.00    3  1.10  1.12    -     -   FEW_RADII
     380    SW  232    230   230   174   148   0.02  0.00   0.00  0.02     2  1.00     0 61.07  1.00    3  1.10  1.14    -     -   FEW_RADII
     390    SW  219    217   217   163   138   0.03  0.03   0.05  0.00     4  1.00     0 59.13  1.00    3  1.10  1.12    -     -   FEW_RADII
     400    SW  211    209   209   158   128   0.03  0.03   0.05  0.00     3  1.00     0 76.50  1.00    3  1.10  1.11    -     -   FEW_RADII
     410    SW  222    220   220   167   138   0.18  0.18   0.22  0.00     4  1.00     0 63.96  1.00    3  1.10  1.10    -     -   FEW_RADII
     420    SW  217    215   212   163   133   0.08  0.08   0.18  0.00     9  1.00     0 48.37  1.00    2  0.69  1.09    -     -   FEW_RADII
     430    SW  214    212   212   152   138   0.04  0.04   0.09  0.00     5  1.00     0 58.63  1.00    3  1.10  1.10    -     -   FEW_RADII
     440    SW  219    217   217   159   141   0.06  0.06   0.11  0.00     7  1.00     0 45.87  1.00    3  1.10  1.13    -     -   FEW_RADII
     450    SW  221    219   219   164   138   0.06  0.06   0.17  0.00     8  1.00     0 66.99  1.00    3  1.10  1.10    -     -   FEW_RADII
     460    SW  226    224   222   169   135   0.06  0.06   0.16  0.00     8  1.00     0 64.94  1.00    3  1.10  1.11    -     -   FEW_RADII
     470    SW  221    219   217   166   139   0.05  0.05   0.12  0.00     7  1.00     0 71.01  1.00    3  1.10  1.16    -     -   FEW_RADII
     480    SW  216    214   212   160   137   0.01  0.00   0.00  0.01     2  1.00     0 77.92  1.00    3  1.10  1.12    -     -   FEW_RADII
     490    SW  196    194   194   145   138   0.02  0.00   0.00  0.02     2  1.00     0 99.19  1.00    2  0.69  1.07    -     -   FEW_RADII
     500    SW  195    193   193   146   134   0.02  0.00   0.00  0.02     2  1.00     0 76.97  1.00    1    -   1.07    -     -   FEW_RADII
     510    SW  188    186   186   140   123   0.02  0.00   0.00  0.02     2  1.00     0 113.26  1.00    1    -   1.01    -     -   FEW_RADII
     520    SW  187    185   185   139   122   0.04  0.04   0.10  0.00     5  1.00     0 82.88  1.00    1    -   1.03    -     -   FEW_RADII
     530    SW  178    176   176   135   124   0.02  0.00   0.00  0.02     2  1.00     0 71.98  1.00    1    -   1.03    -     -   FEW_RADII
     540    SW  170    168   168   128   123   0.04  0.04   0.05  0.00     4  1.00     0 62.68  1.00    2  0.69  1.01    -     -   FEW_RADII
     550    SW  165    163   163   126   118   0.04  0.04   0.11  0.00     5  1.00     0 93.42  1.00    2  0.69  1.01    -     -   FEW_RADII
     560    SW  168    166   166   131   113   0.06  0.06   0.16  0.00     7  1.00     0 55.02  1.00    2  0.69  0.99    -     -   FEW_RADII
     570    SW  158    156   156   128   110   0.33  0.33   0.47  0.00     6  1.00     0 45.75  1.00    2  0.69  0.94    -     -   FEW_RADII
     580    SW  149    146   146   118    99   0.06  0.06   0.13  0.00     6  1.00     0 20.73  1.00    2  0.69  0.90    -     -   FEW_RADII
     590    SW  145    142   142   111    89   0.10  0.10   0.25  0.00    11  1.00     0 58.07  1.00    2  0.69  0.88    -     -   FEW_RADII
     600    SW  155    153   153   119    94   0.04  0.04   0.06  0.00     4  1.00     0 61.32  1.00    2  0.69  1.06    -     -   FEW_RADII
     610    SW  146    144   144   112    90   0.03  0.03   0.04  0.00     3  1.00     0 64.29  1.00    2  0.69  0.96    -     -   FEW_RADII
     620    SW  138    136   136   101    84   0.07  0.07   0.17  0.00     7  1.00     0 73.01  1.00    2  0.41  1.09    -     -   FEW_RADII
     630    SW  157    155   155   115   102   0.11  0.11   0.24  0.00    14  1.00     0 51.59  1.00    2  0.69  1.09    -     -   FEW_RADII
     640    SW  174    171   171   131   125   0.04  0.04   0.08  0.00     5  1.00     0 44.43  1.00    2  0.69  1.05    -     -   FEW_RADII
     650    SW  174    172   172   130   127   0.02  0.00   0.00  0.02     2  1.00     0 82.00  1.00    3  1.10  1.13    -     -   FEW_RADII
     660    SW  176    174   174   132   128   0.05  0.05   0.12  0.00     5  1.00     0 74.23  1.00    2  0.41  1.07    -     -   FEW_RADII
     670    SW  185    183   183   139   130   0.03  0.03   0.05  0.00     4  1.00     0 50.15  1.00    2  0.41  0.94    -     -   FEW_RADII
     680    SW  182    180   180   134   129   0.03  0.03   0.07  0.00     4  1.00     0 81.63  1.00    2  0.41  0.89    -     -   FEW_RADII
     690    SW  178    176   176   131   128   0.03  0.03   0.05  0.00     3  1.00     0 92.65  1.00    2  0.41  0.85    -     -   FEW_RADII
     700    SW  180    178   178   130   124   0.03  0.03   0.05  0.00     3  1.00     0 67.58  1.00    2  0.41  0.88    -     -   FEW_RADII
     710    SW  183    181   181   133   129   0.25  0.00   0.00  0.22     2  1.00     0 74.18  1.00    1    -   0.93    -     -   FEW_RADII
     720    SW  183    181   181   134   129   0.03  0.03   0.07  0.00     4  1.00     0 59.24  1.00    1    -   0.94    -     -   FEW_RADII
     730    SW  201    199   199   151   133   0.10  0.10   0.26  0.00    13  1.00     0 64.07  1.00    2  0.69  1.05    -     -   FEW_RADII
     740    SW  232    230   230   169   147   0.05  0.04   0.09  0.01     6  1.00     0 73.26  1.00    2  0.69  0.91    -     -   FEW_RADII
     750    SW  225    223   223   171   156   0.02  0.02   0.03  0.00     3  1.00     0 77.25  1.00    2  0.69  0.91    -     -   FEW_RADII
     760    SW  220    216   216   159   149   0.04  0.04   0.11  0.00     6  1.00     0 88.07  1.00    2  0.69  0.96    -     -   FEW_RADII
     770    SW  231    229   229   173   149   0.08  0.08   0.21  0.00    12  1.00     0 65.43  1.00    3  1.10  1.22    -     -   FEW_RADII
     780    SW  233    231   231   178   134   0.03  0.03   0.06  0.00     5  1.00     0 65.20  1.00    3  1.10  1.28    -     -   FEW_RADII
     790    SW  231    229   229   177   133   0.04  0.04   0.09  0.00     6  1.00     0 84.32  1.00    3  1.10  1.19    -     -   FEW_RADII
     800    SW  212    210   208   165   139   0.03  0.03   0.06  0.00     5  1.00     0 79.41  1.00    2  0.69  1.06    -     -   FEW_RADII
     810    SW  187    185   185   143   137   0.13  0.00   0.00  0.12     2  1.00     0 42.90  1.00    2  0.69  0.97    -     -   FEW_RADII
     820    SW  184    182   182   141   135   0.02  0.00   0.00  0.02     2  1.00     0 101.00  1.00    2  0.69  0.95    -     -   FEW_RADII
     830    SW  181    179   179   139   134   0.02  0.00   0.00  0.02     2  1.00     0 92.85  1.00    2  0.69  0.94    -     -   FEW_RADII
     840    SW  184    181   181   140   136   0.04  0.04   0.09  0.00     5  1.00     0 92.20  1.00    2  0.69  0.94    -     -   FEW_RADII
     850    SW  184    182   182   142   136   0.03  0.03   0.05  0.00     4  1.00     0 58.85  1.00    2  0.69  0.96    -     -   FEW_RADII
     860    SW  181    179   179   141   131   0.02  0.00   0.00  0.02     2  1.00     0 119.00  1.00    1    -   0.94    -     -   FEW_RADII
     870    SW  179    177   177   143   119   0.02  0.00   0.00  0.02     2  1.00     0 75.85  1.00    2  0.69  1.00    -     -   FEW_RADII
     880    SW  169    167   167   138   113   0.50  0.00   0.00  0.40     2  1.00     0 40.52  1.00    2  0.69  0.98    -     -   FEW_RADII
     890    SW  158    156   156   131   105   0.02  0.00   0.00  0.02     2  1.00     0 79.08  1.00    2  0.69  0.98    -     -   FEW_RADII
     900    SW  138    135   135   110    98   0.03  0.03   0.06  0.00     3  1.00     0 92.56  1.00    2  0.69  0.92    -     -   FEW_RADII
    exit reasons: (no windows)
    SW breakdown: {'NO_SCALING_PTS': 1, 'FEW_RADII': 89}
    edge lifetimes (theta=1e-12): n_dead=1875 median=163 mean=161.8 p90=183 max=215 censored_alive=272
    coupling with BSW indicator (point-biserial):
      occ_scc3: r =    - 
      fe_cyc  : r =    - 
      occ_scc : r =    - 
      fe_dyad : r =    - 
      rung12  : r =    - 
      b1_H12  : r =    - 
      b1_H6   : r =    - 
      b1_S12  : r =    - 
      b1_S6   : r =    - 
    coupling with npts(t) (Pearson):
      occ_scc3: r = -0.36
      fe_cyc  : r = -0.30
      b1_H12  : r =  0.63
      b1_S6   : r =  0.53
      rung12  : r =    - 
    coupling with wcont(t) (Pearson):
      occ_scc3: r = -0.40
      fe_cyc  : r = -0.35
      b1_H12  : r =  0.73
      b1_S6   : r =  0.67
      rung12  : r =    - 
    H->S lag correlation corr(b1_H12(t), b1_S6(t+tau)) [tau in snapshots]:
      all    :  0.92  0.95  0.97  0.97  0.94  0.90  0.84   (tau=-3..3)
      rising :  0.99  0.97  0.94  0.90   (tau=0..3, b1_H increasing)
      falling:  0.91  0.91  0.91  0.86   (tau=0..3, b1_H decreasing)
    --- asymmetric prediction pre-test (directed minus symmetric, point-biserial r with BSW) ---
      occ_scc3: r_dir= 0.02  r_sym=   -   diff=   - 
      fe_cyc  : r_dir=-0.02  r_sym=   -   diff=   - 
      b1_H12  : r_dir= 0.21  r_sym=   -   diff=   - 
====================================================================================================
SEED 21  rule=T1 g=0.075 N=1200 epochs=900 (paired directed / symmetric, identical seed)
====================================================================================================
[directed ] status=ok snaps=90 BSW_occ=24 windows=4 dead=958 audit=OK V_max=689/1200 first_sat=-
    ep    ph    V  b1_H12 b1_H6 b1_S12 b1_S6  occSCC occSCC3 feCYC feDYAD maxSCC rung12 refl ndstM  gcf  npts wscale wcont slope   r2    fail
      10    SW    6      4     4     2     2   0.67  0.67   0.67  0.00     4  1.00    12  1.52  1.00    0    -     -     -     -   NO_SCALING_PTS
      20    SW   24     22    22    19    19   0.25  0.25   0.30  0.00     6  1.00     0  6.41  1.00    1    -   0.29    -     -   FEW_RADII
      30    SW   59     57    57    35    35   0.20  0.20   0.29  0.00    11  1.00     0 11.09  1.00    1    -   0.54    -     -   FEW_RADII
      40    SW  102    100   100    64    64   0.11  0.11   0.18  0.00     9  1.00     0 14.76  1.00    1    -   0.70    -     -   FEW_RADII
      50    SW  168    166   166   113   113   0.08  0.08   0.13  0.00    13  1.00     0 20.85  1.00    1    -   0.80    -     -   FEW_RADII
      60    SW  195    193   193   135   135   0.00  0.00   0.00  0.00     1    -      0 27.25  1.00    1    -   0.74    -     -   FEW_RADII
      70    SW  201    199   199   142   142   0.03  0.03   0.04  0.00     4  1.00     0 30.03  1.00    1    -   0.65    -     -   FEW_RADII
      80    SW  223    221   221   163   163   0.04  0.04   0.05  0.00     4  1.00     0 28.05  1.00    1    -   0.75    -     -   FEW_RADII
      90    SW  249    247   247   196   196   0.06  0.06   0.08  0.00     7  1.00     0 27.33  1.00    1    -   0.86    -     -   FEW_RADII
     100    SW  273    271   271   213   213   0.02  0.02   0.03  0.00     5  1.00     0 31.96  1.00    1    -   0.96    -     -   FEW_RADII
     110    SW  285    283   283   226   226   0.02  0.00   0.00  0.02     2  1.00     0 30.46  1.00    2  0.41  0.95    -     -   FEW_RADII
     120    SW  293    291   291   233   233   0.02  0.02   0.03  0.00     3  1.00     0 27.18  1.00    2  0.41  0.94    -     -   FEW_RADII
     130    SW  312    310   310   254   254   0.05  0.05   0.09  0.00    13  1.00     0 32.46  1.00    2  0.41  1.11    -     -   FEW_RADII
     140    SW  340    338   338   271   271   0.05  0.05   0.09  0.00    11  1.00     0 32.87  1.00    2  0.69  1.09    -     -   FEW_RADII
     150    SW  369    367   367   291   291   0.05  0.05   0.10  0.00    15  1.00     0 34.55  1.00    2  0.69  1.05    -     -   FEW_RADII
     160    SW  388    386   386   308   308   0.06  0.06   0.08  0.00     7  1.00     0 31.66  1.00    3  1.10  1.13    -     -   FEW_RADII
     170    SW  417    415   415   337   334   0.06  0.06   0.11  0.00    20  1.00     0 28.48  1.00    2  0.41  1.17    -     -   FEW_RADII
     180    SW  454    452   452   356   349   0.09  0.09   0.17  0.00    23  1.00     0 26.58  1.00    3  1.10  1.21    -     -   FEW_RADII
     190    SW  503    501   501   394   378   0.07  0.07   0.15  0.00    29  1.00     0 34.25  1.00    3  1.10  1.14    -     -   FEW_RADII
     200    SW  540    538   538   422   399   0.03  0.03   0.06  0.00     7  1.00     0 38.17  1.00    3  1.10  1.16    -     -   FEW_RADII
     210    SW  560    558   554   441   408   0.02  0.02   0.03  0.00     5  1.00     0 38.76  1.00    3  1.10  1.16    -     -   FEW_RADII
     220    SW  576    574   560   454   413   0.03  0.03   0.07  0.00     8  1.00     0 24.29  1.00    3  1.10  1.19    -     -   FEW_RADII
     230    SW  582    580   548   466   415   0.02  0.02   0.05  0.00     9  1.00     0 46.40  1.00    3  1.10  1.19    -     -   FEW_RADII
     240    SW  601    599   556   488   427   0.03  0.03   0.06  0.00    15  1.00     0 31.65  1.00    3  1.10  1.18    -     -   FEW_RADII
     250    SW  608    606   550   503   438   0.02  0.02   0.03  0.00     4  1.00     0 39.31  1.00    3  1.10  1.18    -     -   FEW_RADII
     260    SW  618    616   551   510   444   0.02  0.00   0.00  0.02     2  1.00     0 29.81  1.00    3  1.10  1.20    -     -   FEW_RADII
     270    SW  610    607   544   501   438   0.01  0.00   0.00  0.01     2  1.00     0 34.20  1.00    3  1.10  1.18    -     -   FEW_RADII
     280    SW  605    601   535   503   436   0.00  0.00   0.00  0.00     1    -      0 36.09  1.00    3  1.10  1.18    -     -   FEW_RADII
     290    SW  599    594   530   500   426   0.00  0.00   0.00  0.00     1    -      0 44.09  1.00    3  1.10  1.15    -     -   FEW_RADII
     300    SW  591    585   528   494   416   0.02  0.02   0.02  0.00     5  1.00     0 23.67  1.00    3  1.10  1.15    -     -   FEW_RADII
     310    SW  583    578   515   493   412   0.03  0.03   0.05  0.00     9  1.00     0 32.99  1.00    2  0.69  1.09    -     -   FEW_RADII
     320    SW  597    592   526   504   409   0.04  0.04   0.07  0.00    14  1.00     0 29.13  1.00    3  1.10  1.11    -     -   FEW_RADII
     330    SW  604    599   527   511   396   0.03  0.03   0.06  0.00     8  1.00     0 32.99  1.00    3  1.10  1.13    -     -   FEW_RADII
     340    SW  598    592   512   503   373   0.01  0.00   0.00  0.01     2  1.00     0 34.04  1.00    3  1.10  1.15    -     -   FEW_RADII
     350    SW  589    581   491   503   355   0.00  0.00   0.00  0.00     1    -      0 20.60  1.00    3  1.10  1.15    -     -   FEW_RADII
     360    SW  573    563   451   489   341   0.05  0.05   0.07  0.00     3  1.00     0 25.83  1.00    3  1.10  1.16    -     -   FEW_RADII
     370    SW  564    552   408   482   331   0.03  0.03   0.06  0.00    12  1.00     0 30.97  1.00    2  0.69  1.09    -     -   FEW_RADII
     380    SW  557    541   386   472   316   0.06  0.00   0.00  0.07     2  1.00     0 27.87  1.00    2  0.69  1.08    -     -   FEW_RADII
     390    SW  544    524   366   459   300   0.08  0.00   0.00  0.07     2  1.00     0 15.07  1.00    3  1.10  1.27    -     -   FEW_RADII
     400    SW  540    513   376   456   297   0.07  0.06   0.10  0.01    13  1.00     1 29.36  1.00    3  1.10  1.26    -     -   FEW_RADII
     410    SW  542    507   382   455   310   0.07  0.00   0.00  0.07     2  1.00     1 27.01  1.00    3  1.10  1.36    -     -   FEW_RADII
     420    SW  552    514   388   456   322   0.09  0.05   0.07  0.04     3  1.00     2 19.72  1.00    3  1.10  1.38    -     -   FEW_RADII
     430    SW  551    513   394   455   330   0.04  0.04   0.06  0.00     9  1.00     1 27.69  1.00    3  1.10  1.38    -     -   FEW_RADII
     440    SW  541    503   390   445   319   0.02  0.02   0.02  0.00     3  1.00     0 30.21  1.00    3  1.10  1.35    -     -   FEW_RADII
     450    SW  531    494   382   439   304   0.02  0.02   0.03  0.00     4  1.00     1 19.58  1.00    3  1.10  1.34    -     -   FEW_RADII
     460    SW  500    461   360   411   278   0.00  0.00   0.00  0.00     1    -      1 19.23  1.00    3  1.10  1.28    -     -   FEW_RADII
     470    SW  479    439   352   392   275   0.18  0.00   0.00  0.15     2  1.00     0 11.24  1.00    2  0.41  1.20    -     -   FEW_RADII
     480    SW  476    437   355   386   272   0.02  0.02   0.03  0.00     3  1.00     1 25.59  1.00    3  1.10  1.20    -     -   FEW_RADII
     490    SW  474    436   351   382   266   0.12  0.09   0.14  0.02     7  1.00     3 16.24  1.00    3  1.10  1.27    -     -   FEW_RADII
     500    SW  481    445   349   393   281   0.10  0.10   0.17  0.00    16  0.95     3 23.34  1.00    3  1.10  1.28    -     -   FEW_RADII
     510    SW  497    457   357   403   293   0.03  0.00   0.00  0.03     2  1.00     2 15.78  1.00    3  1.10  1.35    -     -   FEW_RADII
     520  METR  512    470   371   412   303   0.13  0.08   0.09  0.04     3  1.00     1 21.10  1.00    4  1.39  1.41  2.43  1.00  -
     530  METR  506    460   372   405   289   0.20  0.12   0.15  0.06     3  1.00     0 16.64  1.00    4  1.39  1.41  2.60  1.00  -
     540    SW  493    444   373   394   284   0.17  0.00   0.00  0.18     2  1.00     0 22.59  1.00    3  1.10  1.36    -     -   FEW_RADII
     550    SW  482    426   360   381   263   0.18  0.00   0.00  0.25     2  1.00     0 22.47  1.00    3  1.10  1.35    -     -   FEW_RADII
     560    SW  466    404   348   366   242   0.02  0.02   0.03  0.00     3  1.00     0 19.94  1.00    3  1.10  1.32    -     -   FEW_RADII
     570    SW  445    379   325   343   232   0.03  0.03   0.04  0.00     4  1.00     0 14.71  1.00    3  1.10  1.26    -     -   FEW_RADII
     580    SW  425    356   300   316   224   0.06  0.00   0.00  0.06     2  1.00     0 23.24  1.00    3  1.10  1.24    -     -   FEW_RADII
     590    SW  417    344   288   303   219   0.05  0.04   0.06  0.01     5  1.00     0  8.44  1.00    2  0.41  1.27    -     -   FEW_RADII
     600    SW  416    344   281   298   223   0.21  0.00   0.00  0.22     2  1.00     1 17.02  1.00    3  1.10  1.28    -     -   FEW_RADII
     610    SW  414    342   280   291   231   0.01  0.00   0.00  0.01     2  1.00     0 16.39  1.00    3  1.10  1.37    -     -   FEW_RADII
     620  METR  412    349   287   298   238   0.06  0.06   0.10  0.00     8  1.00     1 16.93  1.00    4  1.39  1.43  2.49  1.00  -
     630  METR  424    359   295   312   248   0.10  0.08   0.13  0.02    10  1.00     2 17.11  1.00    4  1.39  1.41  2.31  1.00  -
     640  METR  455    389   339   321   257   0.11  0.07   0.11  0.03     5  1.00     2  9.23  1.00    4  0.92  1.54  2.61  1.00  -
     650  METR  492    428   384   347   270   0.06  0.06   0.11  0.00    13  1.00     4 16.40  1.00    5  1.61  1.61  2.39  1.00  -
     660  METR  512    449   405   363   287   0.04  0.04   0.07  0.00    11  1.00     1 14.63  1.00    4  1.39  1.56  2.22  1.00  -
     670  METR  529    468   420   379   304   0.03  0.03   0.05  0.00     7  1.00     2  9.56  1.00    5  1.61  1.61  2.48  1.00  -
     680  METR  546    484   418   390   319   0.10  0.10   0.12  0.00     3  1.00     0 10.30  1.00    4  0.92  1.47  2.54  1.00  -
     690    SW  547    486   413   398   326   0.00  0.00   0.00  0.00     1    -      1 11.87  1.00    3  0.69  1.43    -     -   FEW_RADII
     700    SW  547    487   407   399   326   0.03  0.03   0.05  0.00     7  1.00     0  8.80  1.00    3  0.69  1.34    -     -   FEW_RADII
     710    SW  546    486   407   401   326   0.18  0.18   0.26  0.00     4  1.00     2 15.36  1.00    3  0.69  1.41    -     -   FEW_RADII
     720    SW  544    488   412   402   328   0.07  0.05   0.07  0.02     5  0.92     3 11.75  1.00    3  0.69  1.48    -     -   FEW_RADII
     730  METR  544    491   429   408   339   0.09  0.07   0.14  0.02     7  1.00     0  7.19  0.99    4  0.92  1.44  2.68  1.00  -
     740    SW  571    518   455   423   357   0.28  0.22   0.33  0.04     8  1.00     1 10.02  1.00    3  0.69  1.53    -     -   FEW_RADII
     750    SW  574    521   462   429   368   0.02  0.00   0.00  0.02     2  1.00     0  8.38  1.00    3  0.69  1.49    -     -   FEW_RADII
     760    SW  582    526   471   440   375   0.08  0.03   0.05  0.05     5  1.00     0 10.70  1.00    3  0.69  1.56    -     -   FEW_RADII
     770  METR  600    544   497   456   390   0.02  0.00   0.00  0.02     2  1.00     3  9.28  1.00    5  1.61  1.62  2.53  1.00  -
     780  METR  602    543   502   460   379   0.17  0.10   0.13  0.07     3  1.00     0  6.93  1.00    4  0.92  1.63  2.65  1.00  -
     790  METR  618    553   515   465   378   0.19  0.14   0.23  0.03     9  1.00     1 13.21  1.00    5  1.61  1.65  2.52  1.00  -
     800  METR  624    557   519   465   370   0.10  0.10   0.14  0.00     7  1.00     0  6.47  1.00    4  0.92  1.66  2.78  1.00  -
     810  METR  675    601   564   490   389   0.09  0.09   0.15  0.01    18  1.00     1 10.97  1.00    5  1.61  1.71  2.47  1.00  -
     820  METR  689    620   568   498   394   0.08  0.00   0.00  0.07     2  1.00     0  9.23  1.00    4  0.92  1.66  2.68  1.00  -
     830  METR  678    604   546   482   394   0.29  0.23   0.28  0.04     5  1.00     0  8.84  1.00    5  1.10  1.59  2.64  1.00  -
     840  METR  660    589   524   473   387   0.07  0.07   0.12  0.00     7  1.00     0  7.95  1.00    5  1.10  1.54  2.75  1.00  -
     850  METR  657    587   517   474   390   0.20  0.15   0.22  0.04     7  1.00     0 10.00  1.00    5  1.10  1.65  2.64  1.00  -
     860  METR  656    583   514   481   399   0.11  0.11   0.18  0.00    11  1.00     2 10.11  1.00    5  1.10  1.66  2.53  1.00  -
     870  METR  638    569   508   475   395   0.17  0.10   0.19  0.06     8  1.00     1  7.27  1.00    5  1.10  1.69  2.49  1.00  -
     880  METR  643    575   513   479   389   0.16  0.11   0.17  0.05     4  1.00     1  8.75  1.00    5  1.10  1.80  2.31  1.00  -
     890  METR  638    570   514   474   381   0.13  0.00   0.00  0.11     2  1.00     0  9.87  1.00    5  1.10  1.79  2.29  1.00  -
     900  METR  657    589   527   480   390   0.22  0.22   0.36  0.00    15  1.00     1  7.13  1.00    5  1.10  1.76  2.33  1.00  -
    window ep520-530 len=2 exit=SW
    window ep620-680 len=7 exit=SW
    window ep730-730 len=1 exit=SW
    window ep770-900 len=14 exit=END
    exit reasons: {'SW': 3, 'END': 1}
    SW breakdown: {'NO_SCALING_PTS': 1, 'FEW_RADII': 65}
    edge lifetimes (theta=1e-12): n_dead=1982 median=237 mean=288.6 p90=481 max=863 censored_alive=1245
    coupling with BSW indicator (point-biserial):
      occ_scc3: r =  0.20
      fe_cyc  : r =  0.27
      occ_scc : r =  0.25
      fe_dyad : r =  0.06
      rung12  : r =  0.10
      b1_H12  : r =  0.26
      b1_H6   : r =  0.29
      b1_S12  : r =  0.23
      b1_S6   : r =  0.23
    coupling with npts(t) (Pearson):
      occ_scc3: r = -0.09
      fe_cyc  : r =  0.00
      b1_H12  : r =  0.69
      b1_S6   : r =  0.63
      rung12  : r =  0.01
    coupling with wcont(t) (Pearson):
      occ_scc3: r =  0.07
      fe_cyc  : r =  0.11
      b1_H12  : r =  0.67
      b1_S6   : r =  0.60
      rung12  : r = -0.06
    H->S lag correlation corr(b1_H12(t), b1_S6(t+tau)) [tau in snapshots]:
      all    :  0.97  0.98  0.98  0.97  0.94  0.90  0.84   (tau=-3..3)
      rising :  0.98  0.97  0.96  0.93   (tau=0..3, b1_H increasing)
      falling:  0.94  0.93  0.91  0.87   (tau=0..3, b1_H decreasing)
[symmetric] status=ok snaps=90 BSW_occ=1 windows=1 dead=1195 audit=OK V_max=371/1200 first_sat=-
    ep    ph    V  b1_H12 b1_H6 b1_S12 b1_S6  occSCC occSCC3 feCYC feDYAD maxSCC rung12 refl ndstM  gcf  npts wscale wcont slope   r2    fail
      10    SW    4      2     2     1     1   0.75  0.75   0.75  0.00     3  1.00     0  2.36  1.00    0    -     -     -     -   NO_SCALING_PTS
      20    SW   10      8     8     4     4   0.40  0.40   0.45  0.00     4  1.00     0  8.25  1.00    0    -     -     -     -   NO_SCALING_PTS
      30    SW   21     19    19    14    14   0.30  0.30   0.41  0.00     6  1.00     0 12.47  1.00    0    -   0.24    -     -   NO_SCALING_PTS
      40    SW   26     24    24    15    15   0.33  0.33   0.58  0.00     6  1.00     0 13.31  1.00    1    -   0.30    -     -   FEW_RADII
      50    SW   49     47    47    33    33   0.46  0.46   0.69  0.00    19  1.00     0 20.43  1.00    1    -   0.77    -     -   FEW_RADII
      60    SW   69     67    67    47    47   0.16  0.16   0.31  0.00     8  1.00     0 23.02  1.00    1    -   0.72    -     -   FEW_RADII
      70    SW   92     90    90    69    69   0.19  0.19   0.37  0.00    12  1.00     0 23.93  1.00    1    -   0.83    -     -   FEW_RADII
      80    SW  118    116   116    89    89   0.14  0.14   0.30  0.00    11  1.00     0 34.83  1.00    1    -   0.93    -     -   FEW_RADII
      90    SW  148    146   146   114   114   0.10  0.08   0.14  0.02     7  1.00     0 33.56  1.00    2  0.69  1.07    -     -   FEW_RADII
     100    SW  170    168   168   129   129   0.12  0.12   0.27  0.00    13  1.00     0 38.42  1.00    1    -   1.06    -     -   FEW_RADII
     110    SW  178    176   176   137   137   0.11  0.11   0.14  0.00     4  1.00     0 42.79  1.00    2  0.69  1.01    -     -   FEW_RADII
     120    SW  185    183   183   141   141   0.04  0.04   0.09  0.00     4  1.00     0 73.11  1.00    2  0.69  1.04    -     -   FEW_RADII
     130    SW  207    205   205   160   160   0.06  0.06   0.15  0.00     8  1.00     0 48.31  1.00    2  0.69  1.03    -     -   FEW_RADII
     140    SW  224    222   222   176   176   0.08  0.08   0.15  0.00    10  1.00     0 66.66  1.00    2  0.69  1.03    -     -   FEW_RADII
     150    SW  247    245   245   192   190   0.07  0.07   0.17  0.00    10  1.00     0 74.46  1.00    2  0.69  1.02    -     -   FEW_RADII
     160    SW  268    266   266   210   201   0.06  0.06   0.13  0.00     9  1.00     0 48.40  1.00    2  0.69  1.02    -     -   FEW_RADII
     170    SW  278    276   276   216   207   0.01  0.00   0.00  0.01     2  1.00     0 61.03  1.00    2  0.69  1.00    -     -   FEW_RADII
     180    SW  281    279   279   219   208   0.03  0.03   0.06  0.00     4  1.00     0 107.97  1.00    2  0.69  1.01    -     -   FEW_RADII
     190    SW  274    272   272   216   201   0.03  0.03   0.07  0.00     5  1.00     0 77.23  1.00    2  0.69  1.01    -     -   FEW_RADII
     200    SW  277    275   275   219   195   0.06  0.06   0.17  0.00    10  1.00     0 59.60  1.00    2  0.69  1.06    -     -   FEW_RADII
     210    SW  284    282   282   223   194   0.04  0.04   0.10  0.00     7  1.00     0 60.33  1.00    2  0.69  1.06    -     -   FEW_RADII
     220    SW  283    280   280   220   190   0.04  0.04   0.07  0.00     6  1.00     0 69.51  1.00    3  1.10  1.12    -     -   FEW_RADII
     230    SW  264    261   260   204   167   0.03  0.03   0.06  0.00     4  1.00     0 82.22  1.00    2  0.69  1.07    -     -   FEW_RADII
     240    SW  259    256   256   200   163   0.25  0.25   0.36  0.00     5  1.00     0 64.03  1.00    2  0.69  1.04    -     -   FEW_RADII
     250    SW  249    247   245   194   158   0.06  0.06   0.09  0.00     7  1.00     0 50.16  1.00    2  0.69  1.07    -     -   FEW_RADII
     260    SW  227    225   224   176   159   0.06  0.06   0.15  0.00     6  1.00     0 96.98  1.00    2  0.69  1.03    -     -   FEW_RADII
     270    SW  238    236   231   191   164   0.06  0.06   0.11  0.00     7  1.00     0 54.34  1.00    3  1.10  1.16    -     -   FEW_RADII
     280    SW  231    229   229   175   152   0.06  0.06   0.15  0.00     6  1.00     0 75.35  1.00    2  0.41  1.22    -     -   FEW_RADII
     290    SW  230    228   228   178   142   0.02  0.00   0.00  0.02     2  1.00     0 82.05  1.00    2  0.41  1.19    -     -   FEW_RADII
     300    SW  215    213   210   165   131   0.05  0.05   0.13  0.00     6  1.00     0 77.71  1.00    2  0.41  1.15    -     -   FEW_RADII
     310    SW  213    210   210   158   131   0.08  0.08   0.19  0.00     9  1.00     0 61.23  1.00    2  0.69  1.03    -     -   FEW_RADII
     320    SW  218    216   216   163   139   0.06  0.06   0.17  0.00     7  1.00     0 62.71  1.00    2  0.69  1.08    -     -   FEW_RADII
     330    SW  224    222   220   169   161   0.13  0.13   0.32  0.00    18  1.00     0 58.47  1.00    2  0.69  1.03    -     -   FEW_RADII
     340    SW  256    254   254   194   183   0.09  0.09   0.24  0.00    15  1.00     0 63.86  1.00    2  0.69  1.08    -     -   FEW_RADII
     350    SW  279    277   277   206   180   0.01  0.00   0.00  0.01     2  1.00     0 59.12  1.00    3  1.10  1.14    -     -   FEW_RADII
     360    SW  275    273   273   206   171   0.40  0.00   0.00  0.33     2  1.00     0 118.40  1.00    3  1.10  1.20    -     -   FEW_RADII
     370    SW  277    275   273   207   167   0.04  0.04   0.11  0.00     7  1.00     0 67.48  1.00    3  1.10  1.27    -     -   FEW_RADII
     380    SW  277    274   268   211   184   0.10  0.10   0.25  0.00    16  1.00     0 59.43  1.00    3  1.10  1.18    -     -   FEW_RADII
     390    SW  311    309   309   229   216   0.13  0.13   0.29  0.00    28  1.00     0 56.40  1.00    2  0.69  1.08    -     -   FEW_RADII
     400    SW  320    318   318   237   220   0.05  0.05   0.13  0.00     8  1.00     0 78.13  1.00    2  0.69  1.07    -     -   FEW_RADII
     410    SW  324    322   321   240   230   0.07  0.07   0.20  0.00    13  1.00     0 74.53  1.00    2  0.69  1.04    -     -   FEW_RADII
     420    SW  334    332   332   250   237   0.06  0.06   0.16  0.00    12  1.00     0 66.14  1.00    3  1.10  1.14    -     -   FEW_RADII
     430    SW  338    336   336   253   245   0.06  0.06   0.14  0.00    12  1.00     0 74.99  1.00    3  1.10  1.18    -     -   FEW_RADII
     440    SW  342    340   340   258   250   0.05  0.05   0.12  0.00     8  1.00     0 77.22  1.00    3  1.10  1.19    -     -   FEW_RADII
     450    SW  358    356   356   267   258   0.08  0.08   0.22  0.00    15  1.00     0 68.84  1.00    3  1.10  1.16    -     -   FEW_RADII
     460    SW  371    369   369   280   262   0.03  0.03   0.04  0.00     5  1.00     0 112.47  1.00    3  1.10  1.13    -     -   FEW_RADII
     470    SW  369    366   366   281   254   0.01  0.00   0.00  0.01     2  1.00     0 107.62  1.00    3  1.10  1.13    -     -   FEW_RADII
     480    SW  350    347   347   269   234   0.02  0.02   0.03  0.00     3  1.00     0 155.38  1.00    3  1.10  1.11    -     -   FEW_RADII
     490    SW  338    336   336   269   230   0.04  0.04   0.08  0.00     6  1.00     0 76.68  1.00    2  0.69  1.07    -     -   FEW_RADII
     500    SW  335    333   333   262   230   0.03  0.03   0.06  0.00     5  1.00     0 68.39  1.00    2  0.69  1.05    -     -   FEW_RADII
     510    SW  308    305   305   235   225   0.03  0.03   0.09  0.00     5  1.00     0 94.47  1.00    2  0.69  1.06    -     -   FEW_RADII
     520    SW  305    303   303   235   208   0.03  0.03   0.06  0.00     4  1.00     0 76.89  1.00    2  0.69  1.06    -     -   FEW_RADII
     530    SW  302    300   300   235   187   0.01  0.00   0.00  0.01     2  1.00     0 61.21  1.00    2  0.69  1.10    -     -   FEW_RADII
     540    SW  291    289   289   228   170   0.06  0.06   0.17  0.00     9  1.00     0 97.23  1.00    3  1.10  1.11    -     -   FEW_RADII
     550    SW  283    281   279   225   174   0.07  0.07   0.19  0.00    12  1.00     0 55.26  1.00    2  0.69  1.08    -     -   FEW_RADII
     560    SW  262    260   260   204   177   0.09  0.09   0.19  0.00    15  1.00     0 56.68  1.00    2  0.69  0.96    -     -   FEW_RADII
     570    SW  280    278   278   216   178   0.08  0.08   0.19  0.00    14  1.00     0 70.53  1.00    3  1.10  1.14    -     -   FEW_RADII
     580    SW  286    284   284   219   187   0.07  0.07   0.14  0.00    10  1.00     0 77.16  1.00    3  1.10  1.10    -     -   FEW_RADII
     590    SW  298    296   293   233   197   0.07  0.07   0.19  0.00    12  1.00     0 60.16  1.00    3  1.10  1.34    -     -   FEW_RADII
     600  METR  298    296   289   234   189   0.07  0.07   0.18  0.00    12  1.00     0 81.35  1.00    4  1.39  1.39  2.06  0.98  -
     610    SW  297    295   295   231   200   0.07  0.07   0.18  0.00    14  1.00     0 71.98  1.00    3  1.10  1.22    -     -   FEW_RADII
     620    SW  294    292   292   219   209   0.04  0.04   0.12  0.00     7  1.00     0 73.20  1.00    2  0.69  1.09    -     -   FEW_RADII
     630    SW  282    280   280   208   197   0.02  0.02   0.04  0.00     3  1.00     0 88.53  1.00    2  0.69  1.08    -     -   FEW_RADII
     640    SW  284    282   282   212   194   0.02  0.02   0.04  0.00     3  1.00     0 110.23  1.00    1    -   1.08    -     -   FEW_RADII
     650    SW  295    293   293   223   201   0.03  0.03   0.08  0.00     5  1.00     0 76.68  1.00    2  0.69  1.05    -     -   FEW_RADII
     660    SW  284    281   281   214   197   0.02  0.02   0.04  0.00     3  1.00     0 134.98  1.00    1    -   1.00    -     -   FEW_RADII
     670    SW  272    270   270   204   196   0.01  0.00   0.00  0.01     2  1.00     0 105.85  1.00    1    -   0.98    -     -   FEW_RADII
     680    SW  274    272   272   207   196   0.03  0.03   0.06  0.00     4  1.00     0 115.51  1.00    1    -   1.03    -     -   FEW_RADII
     690    SW  270    267   267   202   188   0.03  0.03   0.06  0.00     4  1.00     0 106.48  1.00    1    -   1.01    -     -   FEW_RADII
     700    SW  272    270   270   208   165   0.03  0.03   0.08  0.00     5  1.00     0 71.16  1.00    2  0.41  1.10    -     -   FEW_RADII
     710    SW  270    268   268   208   150   0.21  0.21   0.28  0.00     4  1.00     0 40.44  1.00    3  1.10  1.13    -     -   FEW_RADII
     720    SW  254    252   252   189   141   0.05  0.05   0.12  0.00     7  1.00     0 50.72  1.00    2  0.69  1.08    -     -   FEW_RADII
     730    SW  219    216   215   167   131   0.04  0.04   0.08  0.00     6  1.00     0 38.16  1.00    2  0.69  1.00    -     -   FEW_RADII
     740    SW  212    209   209   155   119   0.08  0.08   0.17  0.00    11  1.00     0 58.51  1.00    2  0.69  0.89    -     -   FEW_RADII
     750    SW  214    211   211   160   116   0.09  0.09   0.24  0.00    13  1.00     0 67.27  1.00    2  0.69  0.97    -     -   FEW_RADII
     760    SW  215    213   210   161   117   0.03  0.03   0.04  0.00     4  1.00     0 83.58  1.00    2  0.69  1.00    -     -   FEW_RADII
     770    SW  182    180   171   146   111   0.03  0.03   0.07  0.00     4  1.00     0 79.53  1.00    3  1.10  1.18    -     -   FEW_RADII
     780    SW  147    143   143   112   103   0.03  0.03   0.06  0.00     3  1.00     0 95.98  1.00    1    -   0.94    -     -   FEW_RADII
     790    SW  158    156   156   119   108   0.07  0.07   0.17  0.00     8  1.00     0 38.77  1.00    2  0.69  1.09    -     -   FEW_RADII
     800    SW  169    167   167   129   117   0.14  0.14   0.20  0.00     5  1.00     0 28.06  1.00    2  0.69  1.08    -     -   FEW_RADII
     810    SW  170    167   167   128   115   0.07  0.07   0.12  0.00     3  1.00     0 46.50  1.00    2  0.69  1.00    -     -   FEW_RADII
     820    SW  163    160   160   121   116   0.02  0.00   0.00  0.02     2  1.00     0 42.42  1.00    2  0.69  0.95    -     -   FEW_RADII
     830    SW  168    166   166   125   121   0.33  0.00   0.00  0.29     2  1.00     0 53.59  1.00    2  0.69  0.97    -     -   FEW_RADII
     840    SW  169    167   167   126   122   0.33  0.33   0.35  0.00     4  1.00     0 39.25  1.00    2  0.69  0.98    -     -   FEW_RADII
     850    SW  177    175   175   131   119   0.06  0.06   0.16  0.00     6  1.00     0 42.54  1.00    2  0.69  1.00    -     -   FEW_RADII
     860    SW  180    178   178   135   119   0.18  0.18   0.29  0.00     4  1.00     0 48.38  1.00    2  0.69  1.05    -     -   FEW_RADII
     870    SW  182    180   179   137   120   0.02  0.00   0.00  0.02     2  1.00     0 56.92  1.00    3  1.10  1.16    -     -   FEW_RADII
     880    SW  175    173   172   130   115   0.08  0.08   0.22  0.00     8  1.00     0 54.31  1.00    3  1.10  1.22    -     -   FEW_RADII
     890    SW  183    179   179   133   114   0.06  0.06   0.14  0.00     6  1.00     0 47.96  1.00    3  1.10  1.11    -     -   FEW_RADII
     900    SW  179    175   175   137   115   0.04  0.04   0.09  0.00     4  1.00     0 55.24  1.00    2  0.69  1.03    -     -   FEW_RADII
    window ep600-600 len=1 exit=SW
    exit reasons: {'SW': 1}
    SW breakdown: {'NO_SCALING_PTS': 3, 'FEW_RADII': 86}
    edge lifetimes (theta=1e-12): n_dead=2392 median=164 mean=163.1 p90=184 max=228 censored_alive=353
    coupling with BSW indicator (point-biserial):
      occ_scc3: r = -0.02
      fe_cyc  : r =  0.01
      occ_scc : r = -0.03
      fe_dyad : r = -0.02
      rung12  : r =    - 
      b1_H12  : r =  0.08
      b1_H6   : r =  0.07
      b1_S12  : r =  0.09
      b1_S6   : r =  0.05
    coupling with npts(t) (Pearson):
      occ_scc3: r = -0.49
      fe_cyc  : r = -0.42
      b1_H12  : r =  0.62
      b1_S6   : r =  0.55
      rung12  : r =    - 
    coupling with wcont(t) (Pearson):
      occ_scc3: r = -0.56
      fe_cyc  : r = -0.50
      b1_H12  : r =  0.66
      b1_S6   : r =  0.60
      rung12  : r =    - 
    H->S lag correlation corr(b1_H12(t), b1_S6(t+tau)) [tau in snapshots]:
      all    :  0.94  0.97  0.98  0.97  0.94  0.89  0.83   (tau=-3..3)
      rising :  0.99  0.97  0.95  0.90   (tau=0..3, b1_H increasing)
      falling:  0.95  0.94  0.89  0.84   (tau=0..3, b1_H decreasing)
    --- asymmetric prediction pre-test (directed minus symmetric, point-biserial r with BSW) ---
      occ_scc3: r_dir= 0.20  r_sym=-0.02  diff= 0.22
      fe_cyc  : r_dir= 0.27  r_sym= 0.01  diff= 0.25
      b1_H12  : r_dir= 0.26  r_sym= 0.08  diff= 0.18
====================================================================================================
SEED 33  rule=T1 g=0.075 N=1200 epochs=900 (paired directed / symmetric, identical seed)
====================================================================================================
[directed ] status=ok snaps=90 BSW_occ=44 windows=2 dead=978 audit=OK V_max=885/1200 first_sat=-
    ep    ph    V  b1_H12 b1_H6 b1_S12 b1_S6  occSCC occSCC3 feCYC feDYAD maxSCC rung12 refl ndstM  gcf  npts wscale wcont slope   r2    fail
      10    SW    6      4     4     2     2   0.67  0.67   0.67  0.00     4  1.00     5  1.74  1.00    0    -     -     -     -   NO_SCALING_PTS
      20    SW   22     20    20    14    14   0.00  0.00   0.00  0.00     1    -      0  4.26  1.00    1    -   0.28    -     -   FEW_RADII
      30    SW   31     29    29    22    22   0.17  0.17   0.22  0.00     5  1.00     0  8.89  1.00    1    -   0.31    -     -   FEW_RADII
      40    SW   39     37    37    29    29   0.00  0.00   0.00  0.00     1    -      0  7.75  1.00    1    -   0.42    -     -   FEW_RADII
      50    SW   46     44    44    37    37   0.23  0.23   0.34  0.00    10  1.00     0 10.93  1.00    1    -   0.41    -     -   FEW_RADII
      60    SW   64     62    62    52    52   0.21  0.12   0.16  0.08     3  1.00     0  9.58  1.00    1    -   0.53    -     -   FEW_RADII
      70    SW   75     73    73    64    64   0.05  0.05   0.05  0.00     3  1.00     0 12.94  1.00    1    -   0.51    -     -   FEW_RADII
      80    SW   92     90    90    75    75   0.15  0.15   0.22  0.00    13  1.00     0 10.78  1.00    1    -   0.56    -     -   FEW_RADII
      90    SW  114    112   112    89    89   0.07  0.07   0.09  0.00     4  1.00     0 13.79  1.00    1    -   0.60    -     -   FEW_RADII
     100    SW  123    121   121    98    98   0.04  0.04   0.06  0.00     4  1.00     0 13.65  1.00    1    -   0.67    -     -   FEW_RADII
     110    SW  139    137   137   108   108   0.05  0.05   0.07  0.00     4  1.00     0 15.25  1.00    1    -   0.82    -     -   FEW_RADII
     120    SW  147    145   145   119   119   0.11  0.11   0.18  0.00     9  1.00     0 14.72  1.00    1    -   0.77    -     -   FEW_RADII
     130    SW  162    160   160   131   131   0.00  0.00   0.00  0.00     1    -      0 18.52  1.00    2  0.41  0.81    -     -   FEW_RADII
     140    SW  169    167   167   140   140   0.07  0.07   0.10  0.00     5  1.00     0 17.22  1.00    2  0.41  0.82    -     -   FEW_RADII
     150    SW  174    172   172   144   144   0.02  0.00   0.00  0.02     2  1.00     0 12.23  1.00    1    -   0.76    -     -   FEW_RADII
     160    SW  178    176   176   148   148   0.05  0.05   0.09  0.00     6  1.00     0 16.56  1.00    2  0.41  0.77    -     -   FEW_RADII
     170    SW  186    184   184   158   158   0.03  0.03   0.04  0.00     3  1.00     0 18.89  1.00    2  0.41  0.88    -     -   FEW_RADII
     180    SW  204    202   202   173   172   0.06  0.06   0.10  0.00     8  1.00     0 20.27  1.00    2  0.41  1.03    -     -   FEW_RADII
     190    SW  234    232   232   191   190   0.07  0.07   0.14  0.00    15  1.00     0 18.20  1.00    2  0.41  1.12    -     -   FEW_RADII
     200    SW  255    253   253   207   205   0.04  0.04   0.08  0.00     5  1.00     0 19.18  1.00    2  0.41  1.11    -     -   FEW_RADII
     210    SW  263    261   261   215   211   0.03  0.00   0.00  0.03     2  1.00     0 22.34  1.00    2  0.41  1.03    -     -   FEW_RADII
     220    SW  266    264   264   219   208   0.02  0.00   0.00  0.02     2  1.00     0 21.00  1.00    2  0.41  0.95    -     -   FEW_RADII
     230    SW  280    278   275   239   226   0.03  0.03   0.06  0.00     6  1.00     0 17.40  1.00    2  0.41  1.05    -     -   FEW_RADII
     240    SW  293    291   286   254   239   0.06  0.06   0.09  0.00     6  1.00     0 17.46  1.00    2  0.41  1.04    -     -   FEW_RADII
     250    SW  298    296   284   259   239   0.03  0.00   0.00  0.02     2  1.00     0 21.50  1.00    2  0.41  1.16    -     -   FEW_RADII
     260    SW  310    307   290   268   242   0.06  0.03   0.05  0.03     5  1.00     0 26.25  1.00    3  1.10  1.15    -     -   FEW_RADII
     270    SW  310    307   288   278   245   0.07  0.07   0.12  0.00     8  1.00     0 14.69  1.00    2  0.41  1.06    -     -   FEW_RADII
     280    SW  323    317   298   285   258   0.07  0.06   0.12  0.01    16  1.00     0 19.19  1.00    2  0.41  1.12    -     -   FEW_RADII
     290    SW  326    321   303   289   261   0.09  0.00   0.00  0.09     2  1.00     0 22.15  1.00    2  0.41  1.19    -     -   FEW_RADII
     300    SW  326    321   300   287   258   0.00  0.00   0.00  0.00     1    -      0 32.51  1.00    2  0.41  1.11    -     -   FEW_RADII
     310    SW  330    325   301   293   259   0.05  0.05   0.07  0.00     5  1.00     0 15.41  1.00    2  0.41  1.01    -     -   FEW_RADII
     320    SW  334    328   302   299   267   0.07  0.07   0.11  0.00    13  1.00     0 20.05  1.00    2  0.41  1.13    -     -   FEW_RADII
     330    SW  356    350   326   313   271   0.17  0.15   0.23  0.01    19  1.00     0 18.54  1.00    3  1.10  1.29    -     -   FEW_RADII
     340    SW  397    391   366   332   286   0.06  0.05   0.10  0.01    16  1.00     0 17.26  1.00    3  1.10  1.24    -     -   FEW_RADII
     350    SW  421    417   389   355   314   0.07  0.07   0.13  0.00    16  1.00     0 21.89  1.00    3  1.10  1.25    -     -   FEW_RADII
     360    SW  461    457   424   374   331   0.05  0.05   0.07  0.00     9  1.00     0 23.11  1.00    3  1.10  1.24    -     -   FEW_RADII
     370    SW  485    481   431   398   346   0.04  0.04   0.08  0.00    12  1.00     0 21.10  1.00    3  1.10  1.32    -     -   FEW_RADII
     380    SW  504    500   443   411   354   0.03  0.02   0.04  0.01     6  1.00     0 23.91  1.00    3  1.10  1.26    -     -   FEW_RADII
     390    SW  524    520   459   427   361   0.04  0.03   0.04  0.01     5  1.00     0 21.79  1.00    3  1.10  1.28    -     -   FEW_RADII
     400    SW  519    514   458   433   358   0.11  0.00   0.00  0.10     2  1.00     0 19.54  1.00    2  0.41  1.19    -     -   FEW_RADII
     410    SW  523    519   461   440   360   0.05  0.05   0.10  0.00    15  1.00     0 18.06  1.00    2  0.41  1.23    -     -   FEW_RADII
     420    SW  535    530   463   460   376   0.03  0.02   0.05  0.01     7  1.00     0 22.93  1.00    2  0.41  1.34    -     -   FEW_RADII
     430    SW  559    550   480   480   397   0.06  0.04   0.07  0.01    11  1.00     0 20.33  1.00    3  1.10  1.31    -     -   FEW_RADII
     440    SW  580    569   494   491   411   0.06  0.06   0.11  0.00    17  1.00     0 20.93  1.00    3  1.10  1.34    -     -   FEW_RADII
     450    SW  603    589   514   504   428   0.05  0.04   0.07  0.01     8  1.00     0 19.65  1.00    3  1.10  1.37    -     -   FEW_RADII
     460  METR  621    608   532   519   444   0.06  0.05   0.09  0.01    14  1.00     0 27.86  1.00    4  1.39  1.39  2.47  1.00  -
     470  METR  642    627   554   532   460   0.07  0.06   0.11  0.01    13  1.00     0 15.11  1.00    4  1.39  1.45  2.78  1.00  -
     480  METR  665    648   582   546   467   0.09  0.00   0.00  0.08     2  1.00     0 25.21  1.00    4  1.39  1.46  2.60  1.00  -
     490  METR  671    653   595   559   470   0.04  0.00   0.00  0.04     2  1.00     0 24.44  1.00    4  1.39  1.49  2.54  1.00  -
     500  METR  689    668   618   575   468   0.05  0.05   0.09  0.00    16  1.00     0 20.02  1.00    4  1.39  1.48  2.39  1.00  -
     510  METR  710    689   631   593   473   0.04  0.04   0.06  0.00     8  1.00     1 26.63  1.00    4  1.39  1.45  2.35  1.00  -
     520  METR  732    706   637   602   476   0.01  0.01   0.02  0.00     3  1.00     0 19.85  1.00    4  1.39  1.45  2.31  1.00  -
     530  METR  736    707   620   599   481   0.07  0.04   0.06  0.03     5  1.00     0 19.60  1.00    4  1.39  1.49  2.57  1.00  -
     540    SW  734    701   596   602   482   0.11  0.11   0.18  0.00     9  1.00     0  9.15  1.00    3  0.69  1.39    -     -   FEW_RADII
     550  METR  734    698   583   604   482   0.03  0.03   0.05  0.00    11  1.00     0 27.49  1.00    4  1.39  1.44  3.03  0.99  -
     560  METR  729    692   575   604   475   0.02  0.01   0.02  0.01     5  1.00     0 26.74  1.00    4  1.39  1.45  3.00  1.00  -
     570  METR  715    676   570   588   472   0.04  0.04   0.07  0.00    10  1.00     0 17.00  1.00    4  1.39  1.44  2.94  1.00  -
     580  METR  722    681   580   597   476   0.08  0.05   0.08  0.03    10  1.00     1 19.36  1.00    4  1.39  1.47  2.75  1.00  -
     590  METR  721    676   586   584   459   0.02  0.01   0.02  0.01     3  1.00     0 25.62  1.00    4  1.39  1.49  2.68  1.00  -
     600  METR  740    694   604   587   454   0.09  0.08   0.15  0.01    16  1.00     0 10.69  1.00    4  1.39  1.49  2.77  1.00  -
     610  METR  743    698   605   597   462   0.07  0.06   0.12  0.01    16  1.00     1 13.90  1.00    4  1.39  1.57  2.72  1.00  -
     620  METR  765    717   612   606   463   0.06  0.05   0.07  0.01     8  1.00     0 18.56  1.00    4  1.39  1.59  2.50  1.00  -
     630  METR  766    714   609   595   445   0.09  0.04   0.08  0.04     6  1.00     1 22.66  1.00    5  1.61  1.62  2.54  1.00  -
     640  METR  773    717   603   599   450   0.02  0.02   0.03  0.00     7  1.00     0 19.90  1.00    5  1.61  1.63  2.55  1.00  -
     650  METR  786    728   606   605   450   0.04  0.03   0.04  0.01    10  1.00     0 17.89  1.00    5  1.61  1.63  2.49  1.00  -
     660  METR  822    759   626   631   468   0.06  0.03   0.06  0.02    15  1.00     1 13.85  1.00    5  1.61  1.64  2.53  1.00  -
     670  METR  881    812   671   666   503   0.03  0.03   0.05  0.01     9  1.00     4 14.66  1.00    5  1.61  1.65  2.38  1.00  -
     680  METR  885    815   672   668   512   0.09  0.05   0.07  0.04     3  1.00     3 13.67  1.00    5  1.61  1.70  2.52  1.00  -
     690  METR  879    809   656   666   516   0.13  0.06   0.07  0.07     3  1.00     1 14.61  1.00    5  1.61  1.69  2.60  1.00  -
     700  METR  864    792   635   663   517   0.04  0.04   0.07  0.00     8  1.00     0 12.02  1.00    5  1.61  1.68  2.61  1.00  -
     710  METR  849    773   625   652   514   0.04  0.04   0.05  0.00     3  1.00     2 12.77  1.00    5  1.61  1.69  2.67  1.00  -
     720  METR  831    750   616   636   499   0.03  0.03   0.05  0.00     6  1.00     0 17.49  1.00    4  0.92  1.56  2.68  1.00  -
     730  METR  802    716   605   622   475   0.00  0.00   0.00  0.00     1    -      0 10.53  1.00    4  0.92  1.48  2.74  1.00  -
     740  METR  786    701   600   611   465   0.05  0.00   0.00  0.04     2  1.00     1 17.23  1.00    4  0.92  1.60  2.58  1.00  -
     750  METR  787    703   604   605   466   0.08  0.07   0.14  0.01    11  1.00     2 15.75  1.00    5  1.61  1.61  2.44  1.00  -
     760  METR  790    702   602   604   461   0.06  0.04   0.06  0.02     4  1.00     1  7.61  1.00    4  1.39  1.57  2.55  1.00  -
     770  METR  801    712   605   604   461   0.05  0.03   0.04  0.02     5  1.00     0  9.97  1.00    5  1.61  1.63  2.61  1.00  -
     780  METR  798    706   602   603   459   0.06  0.06   0.08  0.00     5  1.00     1 11.78  1.00    5  1.61  1.71  2.54  1.00  -
     790  METR  779    688   587   595   449   0.04  0.02   0.02  0.02     3  1.00     2 19.69  1.00    5  1.61  1.77  2.45  1.00  -
     800  METR  763    667   560   577   399   0.08  0.05   0.07  0.03     3  1.00     2  7.29  1.00    5  1.10  1.77  2.49  1.00  -
     810  METR  737    636   539   550   373   0.22  0.15   0.25  0.06     4  1.00     2 13.20  0.99    5  1.10  1.76  2.49  1.00  -
     820  METR  713    610   517   517   347   0.07  0.07   0.09  0.00     3  1.00     3 11.87  1.00    5  1.10  1.82  2.40  1.00  -
     830  METR  692    586   500   512   338   0.14  0.12   0.13  0.02     3  1.00     0  6.25  0.99    5  1.10  1.83  2.35  1.00  -
     840  METR  687    574   478   498   332   0.11  0.09   0.14  0.02     5  1.00     0  7.67  1.00    5  1.10  1.81  2.34  1.00  -
     850  METR  668    553   434   483   322   0.05  0.05   0.08  0.00     5  1.00     0  9.34  1.00    5  1.10  1.79  2.26  1.00  -
     860  METR  633    516   410   455   308   0.00  0.00   0.00  0.00     1    -      4 13.98  1.00    5  1.10  1.78  2.29  1.00  -
     870  METR  616    502   395   439   300   0.09  0.09   0.12  0.00     3  1.00     1  7.88  1.00    6  1.25  1.79  2.23  1.00  -
     880  METR  599    487   383   414   290   0.08  0.08   0.16  0.00     5  0.90     3  9.13  1.00    5  1.10  1.75  2.26  0.99  -
     890  METR  567    462   365   395   271   0.08  0.05   0.08  0.03     4  1.00     0 11.25  1.00    5  1.10  1.81  2.13  0.99  -
     900  METR  552    445   360   373   263   0.12  0.00   0.00  0.15     2  1.00     0  8.07  1.00    5  1.10  1.80  2.12  0.99  -
    window ep460-530 len=8 exit=SW
    window ep550-900 len=36 exit=END
    exit reasons: {'SW': 1, 'END': 1}
    SW breakdown: {'NO_SCALING_PTS': 1, 'FEW_RADII': 45}
    edge lifetimes (theta=1e-12): n_dead=2061 median=233 mean=290.3 p90=495 max=869 censored_alive=996
    coupling with BSW indicator (point-biserial):
      occ_scc3: r = -0.15
      fe_cyc  : r = -0.16
      occ_scc : r = -0.09
      fe_dyad : r =  0.18
      rung12  : r = -0.11
      b1_H12  : r =  0.81
      b1_H6   : r =  0.78
      b1_S12  : r =  0.81
      b1_S6   : r =  0.73
    coupling with npts(t) (Pearson):
      occ_scc3: r = -0.26
      fe_cyc  : r = -0.23
      b1_H12  : r =  0.87
      b1_S6   : r =  0.80
      rung12  : r = -0.13
    coupling with wcont(t) (Pearson):
      occ_scc3: r = -0.18
      fe_cyc  : r = -0.14
      b1_H12  : r =  0.89
      b1_S6   : r =  0.84
      rung12  : r = -0.13
    H->S lag correlation corr(b1_H12(t), b1_S6(t+tau)) [tau in snapshots]:
      all    :  0.99  0.99  0.99  0.98  0.98  0.96  0.95   (tau=-3..3)
      rising :  0.99  0.99  0.99  0.99   (tau=0..3, b1_H increasing)
      falling:  0.96  0.95  0.92  0.86   (tau=0..3, b1_H decreasing)
[symmetric] status=ok snaps=90 BSW_occ=0 windows=0 dead=990 audit=OK V_max=306/1200 first_sat=-
    ep    ph    V  b1_H12 b1_H6 b1_S12 b1_S6  occSCC occSCC3 feCYC feDYAD maxSCC rung12 refl ndstM  gcf  npts wscale wcont slope   r2    fail
      10    SW    3      1     1     1     1   0.67  0.00   0.00  0.50     2  1.00     0  3.14  1.00    0    -     -     -     -   NO_SCALING_PTS
      20    SW   20     18    18    12    12   0.28  0.28   0.32  0.00     5  1.00     0 10.27  1.00    1    -   0.15    -     -   FEW_RADII
      30    SW   29     27    27    22    22   0.18  0.00   0.00  0.17     2  1.00     0 16.54  1.00    1    -   0.35    -     -   FEW_RADII
      40    SW   34     32    32    26    26   0.12  0.12   0.21  0.00     3  1.00     0 18.70  1.00    1    -   0.33    -     -   FEW_RADII
      50    SW   40     38    38    31    31   0.13  0.13   0.24  0.00     4  1.00     0 21.81  1.00    1    -   0.35    -     -   FEW_RADII
      60    SW   48     46    46    37    37   0.18  0.18   0.35  0.00     7  1.00     0 17.20  1.00    1    -   0.66    -     -   FEW_RADII
      70    SW   66     64    64    50    50   0.30  0.30   0.50  0.00    17  1.00     0 23.48  1.00    2  0.69  0.82    -     -   FEW_RADII
      80    SW   89     87    87    66    66   0.10  0.10   0.20  0.00     6  1.00     0 22.02  1.00    3  1.10  1.26    -     -   FEW_RADII
      90    SW  106    104   104    78    78   0.05  0.05   0.07  0.00     3  1.00     0 22.86  1.00    2  0.41  1.00    -     -   FEW_RADII
     100    SW  114    112   112    82    82   0.04  0.00   0.00  0.04     2  1.00     0 28.56  1.00    2  0.41  0.86    -     -   FEW_RADII
     110    SW  118    116   116    85    85   0.07  0.07   0.15  0.00     4  1.00     0 45.78  1.00    2  0.41  0.77    -     -   FEW_RADII
     120    SW  121    119   119    87    87   0.08  0.08   0.19  0.00     5  1.00     0 45.14  1.00    2  0.41  0.73    -     -   FEW_RADII
     130    SW  146    144   144   107   107   0.20  0.20   0.38  0.00     6  1.00     0 35.01  1.00    2  0.69  1.04    -     -   FEW_RADII
     140    SW  150    148   148   110   109   0.05  0.05   0.11  0.00     4  1.00     0 53.00  1.00    2  0.69  1.04    -     -   FEW_RADII
     150    SW  175    173   173   128   125   0.09  0.09   0.22  0.00     9  1.00     0 45.79  1.00    2  0.69  1.00    -     -   FEW_RADII
     160    SW  214    212   212   153   141   0.11  0.11   0.23  0.00    15  1.00     0 43.41  1.00    2  0.69  1.01    -     -   FEW_RADII
     170    SW  233    231   231   170   154   0.08  0.08   0.21  0.00    11  1.00     0 43.65  1.00    3  1.10  1.27    -     -   FEW_RADII
     180    SW  238    236   236   173   154   0.22  0.22   0.26  0.00     5  1.00     0 32.54  1.00    3  1.10  1.29    -     -   FEW_RADII
     190    SW  232    230   230   168   159   0.06  0.06   0.17  0.00     7  1.00     0 54.75  1.00    3  1.10  1.22    -     -   FEW_RADII
     200    SW  229    227   227   161   161   0.02  0.00   0.00  0.02     2  1.00     0 50.34  1.00    3  1.10  1.18    -     -   FEW_RADII
     210    SW  234    232   232   164   148   0.04  0.04   0.09  0.00     4  1.00     0 63.17  1.00    2  0.41  1.14    -     -   FEW_RADII
     220    SW  230    228   228   165   136   0.02  0.00   0.00  0.02     2  1.00     0 68.03  1.00    2  0.41  1.07    -     -   FEW_RADII
     230    SW  233    231   230   172   139   0.06  0.06   0.10  0.00     7  1.00     0 66.73  1.00    2  0.41  1.17    -     -   FEW_RADII
     240    SW  227    225   223   167   143   0.33  0.33   0.38  0.00     5  1.00     0 63.34  1.00    3  1.10  1.11    -     -   FEW_RADII
     250    SW  212    210   209   156   144   0.05  0.05   0.13  0.00     6  1.00     0 74.46  1.00    2  0.69  1.05    -     -   FEW_RADII
     260    SW  236    234   234   169   156   0.06  0.06   0.15  0.00     9  1.00     0 51.08  1.00    2  0.69  1.00    -     -   FEW_RADII
     270    SW  244    242   242   176   158   0.05  0.05   0.12  0.00     6  1.00     0 51.67  1.00    2  0.69  0.99    -     -   FEW_RADII
     280    SW  252    250   250   182   162   0.04  0.04   0.09  0.00     5  1.00     0 61.96  1.00    2  0.69  1.01    -     -   FEW_RADII
     290    SW  255    253   253   186   166   0.07  0.07   0.20  0.00    10  1.00     0 52.03  1.00    2  0.69  1.04    -     -   FEW_RADII
     300    SW  272    270   270   195   173   0.05  0.05   0.11  0.00     7  1.00     0 51.93  1.00    3  1.10  1.20    -     -   FEW_RADII
     310    SW  267    265   265   197   156   0.03  0.03   0.05  0.00     4  1.00     0 71.54  1.00    3  1.10  1.21    -     -   FEW_RADII
     320    SW  269    267   267   200   160   0.13  0.13   0.24  0.00     4  1.00     0 45.35  1.00    3  1.10  1.28    -     -   FEW_RADII
     330    SW  250    248   247   187   158   0.06  0.06   0.16  0.00     8  1.00     0 56.83  1.00    3  1.10  1.15    -     -   FEW_RADII
     340    SW  255    251   251   185   174   0.10  0.10   0.25  0.00    16  1.00     0 69.11  0.99    3  1.10  1.13    -     -   FEW_RADII
     350    SW  261    259   259   188   181   0.09  0.09   0.20  0.00    13  1.00     0 65.53  1.00    3  1.10  1.10    -     -   FEW_RADII
     360    SW  262    260   260   192   190   0.04  0.04   0.08  0.00     5  1.00     0 72.84  1.00    2  0.69  1.10    -     -   FEW_RADII
     370    SW  270    268   268   198   186   0.73  0.73   0.71  0.00     8  1.00     0 33.85  1.00    2  0.69  1.09    -     -   FEW_RADII
     380    SW  282    280   280   206   193   0.07  0.07   0.17  0.00    11  1.00     0 68.65  1.00    2  0.69  1.08    -     -   FEW_RADII
     390    SW  296    294   294   215   190   0.08  0.08   0.19  0.00    14  1.00     0 72.09  1.00    3  1.10  1.16    -     -   FEW_RADII
     400    SW  306    303   303   219   192   0.04  0.04   0.08  0.00     7  1.00     0 88.18  1.00    3  1.10  1.13    -     -   FEW_RADII
     410    SW  306    304   304   221   193   0.00  0.00   0.00  0.00     1    -      0 55.05  1.00    3  1.10  1.15    -     -   FEW_RADII
     420    SW  296    294   294   218   187   0.01  0.00   0.00  0.01     2  1.00     0 128.36  1.00    3  1.10  1.14    -     -   FEW_RADII
     430    SW  271    269   269   196   175   0.02  0.02   0.04  0.00     3  1.00     0 130.91  1.00    2  0.69  1.10    -     -   FEW_RADII
     440    SW  264    262   262   192   160   0.03  0.03   0.04  0.00     4  1.00     0 77.47  1.00    3  1.10  1.10    -     -   FEW_RADII
     450    SW  245    243   243   180   152   0.04  0.04   0.09  0.00     5  1.00     0 105.79  1.00    1    -   1.04    -     -   FEW_RADII
     460    SW  226    224   224   163   146   0.36  0.36   0.35  0.00     5  1.00     0 36.89  1.00    1    -   1.04    -     -   FEW_RADII
     470    SW  217    215   215   154   140   0.03  0.03   0.08  0.00     4  1.00     0 77.71  1.00    1    -   1.02    -     -   FEW_RADII
     480    SW  208    206   206   152   123   0.02  0.00   0.00  0.02     2  1.00     0 97.03  1.00    2  0.41  1.04    -     -   FEW_RADII
     490    SW  189    187   187   139   111   0.04  0.04   0.10  0.00     5  1.00     0 70.73  1.00    2  0.41  1.06    -     -   FEW_RADII
     500    SW  189    187   186   144   116   0.05  0.05   0.13  0.00     6  1.00     0 48.38  1.00    2  0.69  1.03    -     -   FEW_RADII
     510    SW  195    191   190   136   126   0.12  0.12   0.26  0.00    17  1.00     0 54.04  1.00    2  0.69  0.86    -     -   FEW_RADII
     520    SW  210    208   208   152   139   0.05  0.05   0.07  0.00     6  1.00     0 60.76  1.00    3  1.10  1.10    -     -   FEW_RADII
     530    SW  225    223   223   165   135   0.06  0.06   0.14  0.00     8  1.00     0 59.17  1.00    3  1.10  1.26    -     -   FEW_RADII
     540    SW  233    231   231   177   134   0.11  0.11   0.29  0.00    16  1.00     0 62.17  1.00    3  1.10  1.38    -     -   FEW_RADII
     550    SW  256    253   249   192   146   0.06  0.06   0.13  0.00    11  1.00     0 42.68  1.00    3  1.10  1.28    -     -   FEW_RADII
     560    SW  235    233   227   180   152   0.02  0.00   0.00  0.02     2  1.00     0 35.33  1.00    3  1.10  1.16    -     -   FEW_RADII
     570    SW  212    209   209   157   150   0.02  0.00   0.00  0.02     2  1.00     0 94.29  1.00    2  0.69  1.07    -     -   FEW_RADII
     580    SW  218    216   216   161   158   0.08  0.08   0.21  0.00     9  1.00     0 66.66  1.00    1    -   0.99    -     -   FEW_RADII
     590    SW  233    231   231   172   168   0.04  0.04   0.11  0.00     6  1.00     0 32.22  1.00    2  0.69  1.01    -     -   FEW_RADII
     600    SW  241    239   239   181   172   0.03  0.03   0.06  0.00     4  1.00     0 46.63  1.00    2  0.69  0.99    -     -   FEW_RADII
     610    SW  242    240   240   183   173   0.13  0.00   0.00  0.12     2  1.00     0 55.81  1.00    2  0.69  1.03    -     -   FEW_RADII
     620    SW  240    238   238   181   174   0.02  0.00   0.00  0.02     2  1.00     0 97.47  1.00    2  0.69  1.03    -     -   FEW_RADII
     630    SW  235    233   233   176   170   0.04  0.04   0.08  0.00     4  1.00     0 90.77  1.00    2  0.69  1.03    -     -   FEW_RADII
     640    SW  244    242   242   179   164   0.05  0.05   0.12  0.00     6  1.00     0 45.84  1.00    2  0.69  1.07    -     -   FEW_RADII
     650    SW  248    246   246   185   148   0.04  0.04   0.10  0.00     5  1.00     0 89.38  1.00    2  0.69  1.09    -     -   FEW_RADII
     660    SW  250    248   248   186   142   0.11  0.11   0.27  0.00    15  1.00     0 30.33  1.00    2  0.69  1.05    -     -   FEW_RADII
     670    SW  239    237   237   180   142   0.19  0.19   0.29  0.00     5  1.00     0 37.31  1.00    2  0.69  0.99    -     -   FEW_RADII
     680    SW  224    221   220   166   127   0.09  0.09   0.22  0.00    10  1.00     0 50.63  1.00    3  1.10  1.13    -     -   FEW_RADII
     690    SW  216    212   212   155   117   0.02  0.00   0.00  0.02     2  1.00     0 52.12  1.00    3  1.10  1.12    -     -   FEW_RADII
     700    SW  202    200   200   151   110   0.02  0.00   0.00  0.02     2  1.00     0 94.50  1.00    2  0.69  1.08    -     -   FEW_RADII
     710    SW  196    194   190   148   116   0.04  0.04   0.07  0.00     4  1.00     0 63.44  1.00    2  0.69  1.06    -     -   FEW_RADII
     720    SW  166    163   163   120   110   0.18  0.00   0.00  0.17     2  1.00     0 53.67  1.00    2  0.41  1.08    -     -   FEW_RADII
     730    SW  172    169   169   122   111   0.02  0.00   0.00  0.02     2  1.00     0 41.67  1.00    2  0.41  1.21    -     -   FEW_RADII
     740    SW  172    170   170   127   102   0.05  0.05   0.10  0.00     5  1.00     0 44.10  1.00    3  1.10  1.19    -     -   FEW_RADII
     750    SW  171    169   169   127   100   0.05  0.05   0.13  0.00     5  1.00     0 73.07  1.00    3  1.10  1.15    -     -   FEW_RADII
     760    SW  164    162   157   120   100   0.08  0.08   0.21  0.00     8  1.00     0 51.09  1.00    2  0.69  1.07    -     -   FEW_RADII
     770    SW  168    166   166   121   112   0.08  0.08   0.21  0.00     9  1.00     0 45.90  1.00    2  0.69  0.94    -     -   FEW_RADII
     780    SW  166    163   163   118   112   0.02  0.00   0.00  0.02     2  1.00     0 54.39  1.00    2  0.69  0.96    -     -   FEW_RADII
     790    SW  158    156   156   115   112   0.03  0.03   0.06  0.00     3  1.00     0 81.24  1.00    2  0.69  0.97    -     -   FEW_RADII
     800    SW  162    160   160   117   112   0.04  0.04   0.08  0.00     4  1.00     0 39.89  1.00    2  0.69  1.01    -     -   FEW_RADII
     810    SW  163    161   161   120   108   0.03  0.03   0.04  0.00     3  1.00     0 33.33  1.00    2  0.69  1.08    -     -   FEW_RADII
     820    SW  174    172   172   129   104   0.13  0.13   0.34  0.00    14  1.00     0 61.95  1.00    3  1.10  1.18    -     -   FEW_RADII
     830    SW  173    171   168   136   105   0.07  0.07   0.16  0.00     8  1.00     0 61.75  1.00    3  1.10  1.12    -     -   FEW_RADII
     840    SW  163    160   158   127   110   0.31  0.19   0.23  0.08     6  1.00     0 31.33  1.00    2  0.69  1.05    -     -   FEW_RADII
     850    SW  166    162   160   129   121   0.11  0.11   0.26  0.00    12  1.00     0 51.53  1.00    2  0.69  0.95    -     -   FEW_RADII
     860    SW  192    190   190   153   146   0.09  0.09   0.20  0.00    11  1.00     0 48.60  1.00    3  1.10  1.29    -     -   FEW_RADII
     870    SW  195    193   193   153   141   0.04  0.04   0.06  0.00     4  1.00     0 79.19  1.00    2  0.41  1.16    -     -   FEW_RADII
     880    SW  196    194   194   155   140   0.14  0.00   0.00  0.13     2  1.00     0 30.38  1.00    2  0.41  1.08    -     -   FEW_RADII
     890    SW  198    196   196   159   143   0.03  0.03   0.03  0.00     3  1.00     0 53.14  1.00    2  0.41  1.08    -     -   FEW_RADII
     900    SW  195    193   193   159   138   0.03  0.03   0.08  0.00     4  1.00     0 74.64  1.00    2  0.41  1.05    -     -   FEW_RADII
    exit reasons: (no windows)
    SW breakdown: {'NO_SCALING_PTS': 1, 'FEW_RADII': 89}
    edge lifetimes (theta=1e-12): n_dead=1980 median=165 mean=163.7 p90=185 max=220 censored_alive=387
    coupling with BSW indicator (point-biserial):
      occ_scc3: r =    - 
      fe_cyc  : r =    - 
      occ_scc : r =    - 
      fe_dyad : r =    - 
      rung12  : r =    - 
      b1_H12  : r =    - 
      b1_H6   : r =    - 
      b1_S12  : r =    - 
      b1_S6   : r =    - 
    coupling with npts(t) (Pearson):
      occ_scc3: r = -0.07
      fe_cyc  : r = -0.01
      b1_H12  : r =  0.54
      b1_S6   : r =  0.48
      rung12  : r =    - 
    coupling with wcont(t) (Pearson):
      occ_scc3: r = -0.15
      fe_cyc  : r = -0.13
      b1_H12  : r =  0.71
      b1_S6   : r =  0.67
      rung12  : r =    - 
    H->S lag correlation corr(b1_H12(t), b1_S6(t+tau)) [tau in snapshots]:
      all    :  0.94  0.96  0.97  0.97  0.94  0.90  0.84   (tau=-3..3)
      rising :  0.98  0.97  0.95  0.92   (tau=0..3, b1_H increasing)
      falling:  0.92  0.87  0.80  0.63   (tau=0..3, b1_H decreasing)
    --- asymmetric prediction pre-test (directed minus symmetric, point-biserial r with BSW) ---
      occ_scc3: r_dir=-0.15  r_sym=   -   diff=   - 
      fe_cyc  : r_dir=-0.16  r_sym=   -   diff=   - 
      b1_H12  : r_dir= 0.81  r_sym=   -   diff=   - 

========================================================================
AGGREGATE (directed runs)  rule=T1 g=0.075 N=1200 epochs=900 seeds=[5, 7, 10, 15, 21, 33]
========================================================================

### REGISTRATION EVENTS (label, dV, dE, db1): total 122190 events
    DYAD          n=       6  (dV=+2,dE=+1,db1=+0)x6
    T1            n=    8603  (dV=+1,dE=+2,db1=+1)x8603
    REG           n=  113581  (dV=+0,dE=+0,db1=+0)x113581

### DECAY per-epoch  H*=(1-g): total 5400 events
    (dV=+0,dE=+0,db1=+0) x4850
    (dV=+0,dE=-1,db1=-1) x482
    (dV=+0,dE=-2,db1=-2) x57
    (dV=+0,dE=-3,db1=-3) x9
    (dV=+0,dE=-6,db1=-6) x1
    (dV=+0,dE=-4,db1=-4) x1

### DEATH per-epoch  isolated removal: total 5400 events
    (dV=+0,dE=+0,db1=+0) x2801
    (dV=-1,dE=-2,db1=-1) x885
    (dV=-2,dE=-4,db1=-2) x395
    (dV=-3,dE=-6,db1=-3) x172
    (dV=-2,dE=-3,db1=-1) x131
    (dV=-1,dE=-1,db1=+0) x121
    (dV=-1,dE=-3,db1=-2) x102
    (dV=-4,dE=-8,db1=-4) x94
    (dV=-3,dE=-5,db1=-2) x90
    (dV=-2,dE=-5,db1=-3) x87
    (dV=-3,dE=-7,db1=-4) x68
    (dV=-4,dE=-7,db1=-3) x55
    (dV=-4,dE=-9,db1=-5) x37
    (dV=-5,dE=-10,db1=-5) x36
    (dV=-3,dE=-4,db1=-1) x27
    (dV=-2,dE=-6,db1=-4) x22
    (dV=-2,dE=-2,db1=+0) x17
    (dV=-5,dE=-9,db1=-4) x17
    (dV=-4,dE=-6,db1=-2) x17
    (dV=-6,dE=-12,db1=-6) x16
    (dV=-5,dE=-8,db1=-3) x16
    (dV=-1,dE=-4,db1=-3) x15
    (dV=-6,dE=-11,db1=-5) x15
    (dV=-3,dE=-8,db1=-5) x14
    (dV=-5,dE=-11,db1=-6) x14
    (dV=-6,dE=-13,db1=-7) x13
    (dV=-4,dE=-10,db1=-6) x11
    (dV=-7,dE=-14,db1=-7) x10
    (dV=-7,dE=-15,db1=-8) x8
    (dV=-6,dE=-10,db1=-4) x7
    (dV=-8,dE=-14,db1=-6) x6
    (dV=-3,dE=-9,db1=-6) x6
    (dV=-8,dE=-17,db1=-9) x5
    (dV=-6,dE=-14,db1=-8) x5
    (dV=-8,dE=-16,db1=-8) x5
    (dV=-4,dE=-11,db1=-7) x4
    (dV=-10,dE=-18,db1=-8) x4
    (dV=-7,dE=-13,db1=-6) x4
    (dV=-5,dE=-7,db1=-2) x3
    (dV=-9,dE=-17,db1=-8) x3
    (dV=-3,dE=-3,db1=+0) x3
    (dV=-9,dE=-18,db1=-9) x2
    (dV=-10,dE=-19,db1=-9) x2
    (dV=-5,dE=-13,db1=-8) x2
    (dV=-7,dE=-11,db1=-4) x2
    (dV=-4,dE=-5,db1=-1) x2
    (dV=-5,dE=-12,db1=-7) x2
    (dV=-2,dE=-7,db1=-5) x2
    (dV=-6,dE=-9,db1=-3) x2
    (dV=-7,dE=-12,db1=-5) x2
    (dV=-1,dE=-5,db1=-4) x2
    (dV=-7,dE=-16,db1=-9) x1
    (dV=-11,dE=-22,db1=-11) x1
    (dV=-11,dE=-25,db1=-14) x1
    (dV=-2,dE=-8,db1=-6) x1
    (dV=-5,dE=-5,db1=+0) x1
    (dV=-8,dE=-13,db1=-5) x1
    (dV=-4,dE=-13,db1=-9) x1
    (dV=-2,dE=-5,db1=-2) x1
    (dV=-3,dE=-3,db1=-1) x1
    (dV=-9,dE=-15,db1=-5) x1
    (dV=-7,dE=-9,db1=-2) x1
    (dV=-6,dE=-10,db1=-5) x1
    (dV=-9,dE=-15,db1=-6) x1
    (dV=-6,dE=-15,db1=-9) x1
    (dV=-3,dE=-13,db1=-10) x1
    (dV=-6,dE=-6,db1=+0) x1
    (dV=-3,dE=-7,db1=-3) x1
    (dV=-5,dE=-8,db1=-4) x1
    (dV=-10,dE=-17,db1=-7) x1
