D,B,final_L,std_v_tail,std_Omega_tail,regime_label
0.0,0.0,1.0,4.333000289747476,10.832495123406154,limit_cycle_like
0.02,0.0,1.0,2.062602737168562,5.427893968302787,limit_cycle_like
0.04,0.0,1.0,1.0122435173519584,2.8117760516734527,limit_cycle_like
0.06,0.0,1.0,0.5129223339098622,1.5085788551657202,limit_cycle_like
0.08,0.0,1.0,0.2687538396938366,0.8398326791623477,limit_cycle_like
0.1,0.0,1.0,0.14581857562396336,0.48602867295803115,limit_cycle_like
0.12,0.0,1.0,0.08203870451886933,0.2929468278743837,limit_cycle_like
0.14,0.0,1.0,0.04792200486019051,0.18424358709937327,limit_cycle_like
0.16,0.0,1.0,0.029099775405265198,0.12114138427808824,limit_cycle_like
0.18,0.0,1.0,0.018389691748859096,0.08342573430591509,limit_cycle_like
0.2,0.0,1.0,0.012107176462203582,0.060282947261260426,limit_cycle_like
0.22,0.0,1.0,0.008312084092161201,0.04578097406744092,near_complete_closure
0.24,0.0,1.0,0.005955960037304269,0.03658888170426111,near_complete_closure
0.26,0.0,1.0,0.004457683438023428,0.03080021524441635,near_complete_closure
0.28,0.0,1.0,0.0034872984396015893,0.027312771803276684,near_complete_closure
0.3,0.0,1.0,0.002853423044642881,0.025496127023981664,near_complete_closure
0.32,0.0,1.0,0.002443369174468406,0.02501206247127592,near_complete_closure
0.34,0.0,1.0,0.002190695422924416,0.02571895874498144,near_complete_closure
0.36,0.0,1.0,0.0020575327349404058,0.02762511112557586,near_complete_closure
0.38,0.0,1.0,0.0020252058850609403,0.030873207642725952,near_complete_closure
0.4,0.0,1.0,0.0020898744767971727,0.03574757249810782,near_complete_closure
0.42,0.0,1.0,0.0022618244132243718,0.042701569998738455,near_complete_closure
0.44,0.0,1.0,0.002568239543855923,0.052406282130133576,limit_cycle_like
0.46,0.0,1.0,0.00306050838645369,0.06582360490718309,limit_cycle_like
0.48,0.0,1.0,0.003828886424183639,0.08430860541482495,limit_cycle_like
0.5,0.0,1.0,0.00503045944107599,0.10974440204188249,limit_cycle_like
0.52,0.0,1.0,0.006942666383829527,0.14470546653629515,limit_cycle_like
0.54,0.0,1.0,0.010067190929410226,0.19262228036761356,limit_cycle_like
0.56,0.0,0.9999999999999996,0.015331997774362643,0.2578574813801796,limit_cycle_like
0.58,0.0,0.9999999999999905,0.024463773044933277,0.3454423523948797,limit_cycle_like
0.6,0.0,0.9999999999998568,0.0405359489958646,0.4598461231191391,limit_cycle_like
0.62,0.0,0.9999999999981577,0.06817240726513459,0.6015866687413746,limit_cycle_like
0.64,0.0,0.9999999999795346,0.1115647476516246,0.7612917275569921,limit_cycle_like
0.66,0.0,0.999999999801114,0.16925537416635758,0.917111041907625,limit_cycle_like
0.68,0.0,0.9999999982904522,0.23220250460250197,1.0451003145575155,limit_cycle_like
0.7000000000000001,0.0,0.9999999868750982,0.2902795386794901,1.1325104431509334,limit_cycle_like
0.72,0.0,0.9999999092094511,0.3376921194010863,1.1777508437700581,limit_cycle_like
0.74,0.0,0.9999994297026763,0.37254260779568354,1.1839611627169664,limit_cycle_like
0.76,0.0,0.9999967244453428,0.39480517340718696,1.1550439396417298,limit_cycle_like
0.78,0.0,0.9999826936798825,0.40503669804628445,1.0944324602078765,limit_cycle_like
0.8,0.0,0.9999154757745463,0.403796063309058,1.0051148345249383,limit_cycle_like
0.0,0.075,1.0,0.0018558147015034017,0.00244424230141288,near_complete_closure
0.02,0.075,1.0,0.0016024016578134687,0.0016912119412722346,near_complete_closure
0.04,0.075,1.0,0.001256492312661571,0.001330058799365574,near_complete_closure
0.06,0.075,1.0,0.0008931665220128656,0.0012970180528986978,near_complete_closure
0.08,0.075,1.0,0.0006587203958617342,0.0012741426236311428,near_complete_closure
0.1,0.075,1.0,0.0006381711131032932,0.0011018198613010409,near_complete_closure
0.12,0.075,1.0,0.0006826565330164373,0.000821094156484681,near_complete_closure
0.14,0.075,1.0,0.0006454688207196108,0.0006258898187596829,near_complete_closure
0.16,0.075,1.0,0.0005116201446767829,0.0006864946591001621,near_complete_closure
0.18,0.075,1.0,0.00038106505617828445,0.0008047642595852465,near_complete_closure
0.2,0.075,1.0,0.00041324170504773456,0.0007797787783726751,near_complete_closure
0.22,0.075,1.0,0.0005263242131601913,0.0006091890106292532,near_complete_closure
0.24,0.075,1.0,0.000553358127212797,0.0005280040319479108,near_complete_closure
0.26,0.075,1.0,0.00045718700448633433,0.0007390610917894501,near_complete_closure
0.28,0.075,1.0,0.0003826499669403117,0.0009418760987984254,near_complete_closure
0.3,0.075,1.0,0.0005539086819309966,0.0009080686346957864,near_complete_closure
0.32,0.075,1.0,0.0007713019021145689,0.0007185611178717733,near_complete_closure
0.34,0.075,1.0,0.0008077599845558556,0.0009589770944639711,near_complete_closure
0.36,0.075,0.9999999999999998,0.0006571265383132733,0.0015631381221361562,near_complete_closure
0.38,0.075,0.9999999999999991,0.0008237426809829119,0.0018885466839081622,near_complete_closure
0.4,0.075,0.9999999999999962,0.0014733477069659472,0.0016542204918679122,near_complete_closure
0.42,0.075,0.9999999999999822,0.001986330147559141,0.0018462984456107914,near_complete_closure
0.44,0.075,0.999999999999921,0.0019230331116632596,0.003690129861995668,near_complete_closure
0.46,0.075,0.9999999999996565,0.0018607993103996177,0.005622829045804733,near_complete_closure
0.48,0.075,0.9999999999985467,0.0038579141283546646,0.005988272259501923,near_complete_closure
0.5,0.075,0.9999999999940159,0.006836951634164222,0.005575394513861841,near_complete_closure
0.52,0.075,0.9999999999760223,0.008577554401185941,0.012099885003232978,near_complete_closure
0.54,0.075,0.9999999999065132,0.007866374789220816,0.023790319380519287,near_complete_closure
0.56,0.075,0.9999999996452911,0.01369773873118475,0.03238643814923427,near_complete_closure
0.58,0.075,0.9999999986900743,0.03285528070371762,0.03096721833271139,near_complete_closure
0.6,0.075,0.9999999952903791,0.05686264672487421,0.05343489502499465,limit_cycle_like
0.62,0.075,0.9999999835095537,0.07403116881257621,0.14224425884554384,limit_cycle_like
0.64,0.075,0.9999999437474955,0.07584774038114858,0.2779849809365831,limit_cycle_like
0.66,0.075,0.9999998129948732,0.07347215729620082,0.4316380606865942,limit_cycle_like
0.68,0.075,0.9999993940293149,0.0940177408165584,0.573308579574555,limit_cycle_like
0.7000000000000001,0.075,0.9999980860290865,0.13448241098770786,0.6867409625777791,limit_cycle_like
0.72,0.075,0.9999941084193105,0.1781630965635172,0.768423445174111,limit_cycle_like
0.74,0.075,0.9999823270731151,0.21749359792773706,0.8199253251202526,limit_cycle_like
0.76,0.075,0.9999483045947435,0.25010821563422503,0.8433985147093597,limit_cycle_like
0.78,0.075,0.999852172431366,0.2754062613338963,0.8400357235792913,limit_cycle_like
0.8,0.075,0.9995843463867121,0.2931567991027725,0.8097978942879797,limit_cycle_like
0.0,0.15,1.0,0.0013773307887157374,0.0017704466502801326,near_complete_closure
0.02,0.15,1.0,0.0010568713970308394,0.0015266149035221405,near_complete_closure
0.04,0.15,1.0,0.0009745564852257441,0.0011775588095119583,near_complete_closure
0.06,0.15,1.0,0.0009039170934063357,0.0008374626267273719,near_complete_closure
0.08,0.15,1.0,0.0007373892957128102,0.000695767112742043,near_complete_closure
0.1,0.15,1.0,0.0005335081002055072,0.0007217664416109265,near_complete_closure
0.12,0.15,1.0,0.00044774392438224475,0.0006947797091067074,near_complete_closure
0.14,0.15,1.0,0.0004931730643852775,0.0005514087100426092,near_complete_closure
0.16,0.15,1.0,0.0004968364531518034,0.0004231016240703991,near_complete_closure
0.18,0.15,1.0,0.00040110961779735025,0.00047444684768962157,near_complete_closure
0.2,0.15,1.0,0.0003199281584389394,0.0005463852164068493,near_complete_closure
0.22,0.15,0.9999999999999998,0.0003920716687718854,0.0004850953887654399,near_complete_closure
0.24,0.15,0.9999999999999993,0.0004620408893837286,0.0003819120742213477,near_complete_closure
0.26,0.15,0.9999999999999978,0.0004062428438469431,0.00048664417563885367,near_complete_closure
0.28,0.15,0.9999999999999933,0.00034131467634272245,0.0006269960954586296,near_complete_closure
0.3,0.15,0.9999999999999793,0.0004901376669854668,0.000577645752219022,near_complete_closure
0.32,0.15,0.9999999999999365,0.0006266348602902671,0.0005038145076455167,near_complete_closure
0.34,0.15,0.9999999999998068,0.0005606138047562134,0.0007942204713899077,near_complete_closure
0.36,0.15,0.9999999999994167,0.0005568090207953934,0.0010475159116150083,near_complete_closure
0.38,0.15,0.9999999999982547,0.000954709319641892,0.0009355279814575566,near_complete_closure
0.4,0.15,0.9999999999948268,0.0012203140219266822,0.001077478431059297,near_complete_closure
0.42,0.15,0.9999999999848188,0.0010704777961126728,0.0019661762536482565,near_complete_closure
0.44,0.15,0.999999999955923,0.0014937673433287847,0.0024354760053388116,near_complete_closure
0.46,0.15,0.9999999998734583,0.0027623252176359504,0.00215388451526303,near_complete_closure
0.48,0.15,0.9999999996409441,0.0033324028572725706,0.003850707042311331,near_complete_closure
0.5,0.15,0.9999999989934854,0.003071203121255935,0.006933777780174666,near_complete_closure
0.52,0.15,0.9999999972134634,0.006202796999240522,0.007768411421756021,near_complete_closure
0.54,0.15,0.9999999923830406,0.01114714044552161,0.008435798524400321,near_complete_closure
0.56,0.15,0.9999999794469892,0.012346276819181806,0.020048883724837,near_complete_closure
0.58,0.15,0.9999999452659413,0.015538839807327091,0.0328399409322785,near_complete_closure
0.6,0.15,0.9999998561733121,0.04075758416161477,0.03322278668674986,near_complete_closure
0.62,0.15,0.9999996271458984,0.07276064177318288,0.06086777099199597,limit_cycle_like
0.64,0.15,0.999999046532035,0.09091617152520301,0.1586059024337514,limit_cycle_like
0.66,0.15,0.9999975947620787,0.09013499913538188,0.2885011453865736,limit_cycle_like
0.68,0.15,0.9999940132010852,0.08870449713845473,0.41607655280530353,limit_cycle_like
0.7000000000000001,0.15,0.9999852920159958,0.10481643366774411,0.5225112122918226,limit_cycle_like
0.72,0.15,0.9999643327972848,0.1338717607815229,0.6029801404920984,limit_cycle_like
0.74,0.15,0.9999146751566629,0.16547476286772345,0.658520225781153,limit_cycle_like
0.76,0.15,0.9997989535378384,0.19448659049628617,0.691232051319639,limit_cycle_like
0.78,0.15,0.9995342630459109,0.21909696058793335,0.7025032951842947,limit_cycle_like
0.8,0.15,0.9989389148249184,0.23876473138325058,0.6923402001135958,limit_cycle_like
0.0,0.22499999999999998,1.0,0.0012291450557282728,0.0014990380534166832,near_complete_closure
0.02,0.22499999999999998,1.0,0.0010085692811481635,0.001225987650788731,near_complete_closure
0.04,0.22499999999999998,1.0,0.0009369367222121757,0.0008940994724977998,near_complete_closure
0.06,0.22499999999999998,1.0,0.0008090687549730094,0.0006646073259344425,near_complete_closure
0.08,0.22499999999999998,0.9999999999999998,0.0006048302657876393,0.0006320615857530207,near_complete_closure
0.1,0.22499999999999998,0.9999999999999996,0.0004591003028775119,0.0006241818069023612,near_complete_closure
0.12,0.22499999999999998,0.9999999999999991,0.0004666164788841785,0.0005156233096706348,near_complete_closure
0.14,0.22499999999999998,0.9999999999999978,0.0004774532683211986,0.0003839696445141794,near_complete_closure
0.16,0.22499999999999998,0.9999999999999949,0.0003929284028062894,0.00039318732741217135,near_complete_closure
0.18,0.22499999999999998,0.9999999999999876,0.0003066082842418543,0.0004433278910525872,near_complete_closure
0.2,0.22499999999999998,0.99999999999997,0.00035618301901397484,0.000386930450880459,near_complete_closure
0.22,0.22499999999999998,0.9999999999999272,0.00039939078841153485,0.00030891254922534104,near_complete_closure
0.24,0.22499999999999998,0.9999999999998228,0.00033249636107626833,0.000389976444635144,near_complete_closure
0.26,0.22499999999999998,0.9999999999995677,0.00030569685384478686,0.0004536731488176954,near_complete_closure
0.28,0.22499999999999998,0.9999999999989444,0.0004290678750179725,0.0003771157706911794,near_complete_closure
0.3,0.22499999999999998,0.999999999997423,0.00046106427965443233,0.0004011123878928763,near_complete_closure
0.32,0.22499999999999998,0.9999999999937146,0.00037741473348709947,0.0005934836687401828,near_complete_closure
0.34,0.22499999999999998,0.9999999999847009,0.0005266750606031677,0.0006034825591804231,near_complete_closure
0.36,0.22499999999999998,0.9999999999628659,0.0007340507938667864,0.0005422648695350411,near_complete_closure
0.38,0.22499999999999998,0.9999999999101932,0.0006683720600341414,0.0009106662266390007,near_complete_closure
0.4,0.22499999999999998,0.9999999997837494,0.000785307849145301,0.0011584373071589756,near_complete_closure
0.42,0.22499999999999998,0.9999999994818765,0.001364190366929986,0.001012601471527782,near_complete_closure
0.44,0.22499999999999998,0.9999999987655133,0.0015066108253298507,0.0016841641808824012,near_complete_closure
0.46,0.22499999999999998,0.999999997076563,0.0015107403296350597,0.00265817139654616,near_complete_closure
0.48,0.22499999999999998,0.9999999931221164,0.0030649566604836315,0.00254073004438223,near_complete_closure
0.5,0.22499999999999998,0.9999999839311071,0.004251056476364618,0.0038273891537860785,near_complete_closure
0.52,0.22499999999999998,0.9999999627334714,0.00397730458869342,0.0074833754844149634,near_complete_closure
0.54,0.22499999999999998,0.9999999142357621,0.007775382803679967,0.00851246155384528,near_complete_closure
0.56,0.22499999999999998,0.9999998041926029,0.013430881248212172,0.010409609669928642,near_complete_closure
0.58,0.22499999999999998,0.9999995565959022,0.013526915481239249,0.02403342046706003,near_complete_closure
0.6,0.22499999999999998,0.9999990042533132,0.02707889173071698,0.03267615846139846,near_complete_closure
0.62,0.22499999999999998,0.9999977828248494,0.06258210401506614,0.03657280333889244,limit_cycle_like
0.64,0.22499999999999998,0.9999951061902337,0.0912119102025477,0.10399347073821806,limit_cycle_like
0.66,0.22499999999999998,0.9999892954817609,0.09794153305352825,0.21547520795140826,limit_cycle_like
0.68,0.22499999999999998,0.9999768000566229,0.09355580479343259,0.3313675531537696,limit_cycle_like
0.7000000000000001,0.22499999999999998,0.9999501716496741,0.09757904615016773,0.4308040741310361,limit_cycle_like
0.72,0.22499999999999998,0.9998938868350334,0.11534221617869013,0.5078159713644008,limit_cycle_like
0.74,0.22499999999999998,0.9997758325565238,0.1398342173770984,0.5628542513891027,limit_cycle_like
0.76,0.22499999999999998,0.9995304986190536,0.16480538076332477,0.5978362790393246,limit_cycle_like
0.78,0.22499999999999998,0.9990275305856772,0.1873422368763165,0.6143505473818708,limit_cycle_like
0.8,0.22499999999999998,0.9980149548960517,0.20639086374045468,0.6128987329481943,limit_cycle_like
0.0,0.3,0.9999999999999989,0.0012559376306874276,0.0012793111869358286,near_complete_closure
0.02,0.3,0.9999999999999978,0.0011052036512140928,0.0009021867689376464,near_complete_closure
0.04,0.3,0.9999999999999958,0.0008730107273155672,0.0007198763277796786,near_complete_closure
0.06,0.3,0.9999999999999916,0.0006244733709383492,0.000689425657209783,near_complete_closure
0.08,0.3,0.9999999999999833,0.0005210997200245696,0.0006128259824305757,near_complete_closure
0.1,0.3,0.9999999999999665,0.0005294661540118078,0.00045926997707925214,near_complete_closure
0.12,0.3,0.9999999999999318,0.00047497252945140827,0.00037228739890201706,near_complete_closure
0.14,0.3,0.9999999999998603,0.00035482859337795063,0.0004050692231085549,near_complete_closure
0.16,0.3,0.9999999999997116,0.0003251684029704472,0.0003901347384787278,near_complete_closure
0.18,0.3,0.9999999999994,0.00037479658356947377,0.00029874580882226004,near_complete_closure
0.2,0.3,0.9999999999987428,0.0003414880026900328,0.00029533216327290684,near_complete_closure
0.22,0.3,0.9999999999973515,0.0002685703528654857,0.00036016395398574656,near_complete_closure
0.24,0.3,0.9999999999943936,0.00032895824380575734,0.00032349039944782357,near_complete_closure
0.26,0.3,0.9999999999880884,0.00037821355947294764,0.00027873916764486583,near_complete_closure
0.28,0.3,0.9999999999746232,0.00031010358135657805,0.0003882768681527741,near_complete_closure
0.3,0.3,0.9999999999458389,0.0003545032509272894,0.0004179387156136219,near_complete_closure
0.32,0.3,0.9999999998842979,0.000492952204991983,0.00034923071590832005,near_complete_closure
0.34,0.3,0.999999999752806,0.00045191815278360656,0.000518065226537838,near_complete_closure
0.36,0.3,0.9999999994722257,0.0004890084640687797,0.0006481705929255593,near_complete_closure
0.38,0.3,0.9999999988747021,0.0007891354174793543,0.000557245062377278,near_complete_closure
0.4,0.3,0.9999999976055001,0.0008095044810940841,0.0008764805376562782,near_complete_closure
0.42,0.3,0.9999999949180582,0.0008588763714464461,0.0012348071097829873,near_complete_closure
0.44,0.3,0.9999999892484069,0.0015532555982712695,0.0011089949684157433,near_complete_closure
0.46,0.3,0.999999977336368,0.0017351911413101657,0.0018729573017698935,near_complete_closure
0.48,0.3,0.9999999524213785,0.0019328322167461052,0.0028798275776113144,near_complete_closure
0.5,0.3,0.9999999005612413,0.004011061563890643,0.0026959066621218357,near_complete_closure
0.52,0.3,0.9999997931707146,0.004985089077514199,0.005169725738764986,near_complete_closure
0.54,0.3,0.9999995720054751,0.005313661199157362,0.00874921556337582,near_complete_closure
0.56,0.3,0.9999991191579546,0.011359644821788202,0.008633881014808525,near_complete_closure
0.58,0.3,0.9999981975036389,0.014679796696482667,0.016380505020460772,near_complete_closure
0.6,0.3,0.9999963332149776,0.019066301604032245,0.029068675473561626,near_complete_closure
0.62,0.3,0.9999925854795325,0.05237065586539534,0.0295665549315367,limit_cycle_like
0.64,0.3,0.999985098893828,0.08729191699455216,0.07344822060523674,limit_cycle_like
0.66,0.3,0.9999702428241293,0.1006564091498695,0.1702903316628957,limit_cycle_like
0.68,0.3,0.9999409740641648,0.09759283859877498,0.2767290986302652,limit_cycle_like
0.7000000000000001,0.3,0.9998837351040146,0.09627805484241612,0.3702243346699465,limit_cycle_like
0.72,0.3,0.9997725434856946,0.1063602066291487,0.44388401687244516,limit_cycle_like
0.74,0.3,0.9995576545718193,0.12496251106669856,0.49763631622256693,limit_cycle_like
0.76,0.3,0.9991442304999628,0.1462704228033766,0.5331252650850434,limit_cycle_like
0.78,0.3,0.9983549427297785,0.16670994270430153,0.5519436931382827,limit_cycle_like
0.8,0.3,0.9968710457963719,0.18470408133083221,0.554941949575392,limit_cycle_like
0.0,0.375,0.9999999999999594,0.0012821983220295148,0.001003769337877545,near_complete_closure
0.02,0.375,0.9999999999999292,0.0009037680211710853,0.0009002519060347742,near_complete_closure
0.04,0.375,0.9999999999998752,0.0007089986148488747,0.000776525810452906,near_complete_closure
0.06,0.375,0.9999999999997773,0.0006727057356963215,0.0005788559950268102,near_complete_closure
0.08,0.375,0.9999999999995979,0.0005937290908115645,0.00043902231509502804,near_complete_closure
0.1,0.375,0.9999999999992657,0.000441548840538635,0.0004369362769276777,near_complete_closure
0.12,0.375,0.9999999999986451,0.00036549736667412384,0.0004175948245964384,near_complete_closure
0.14,0.375,0.999999999997476,0.00039505740622073444,0.0003205407604929401,near_complete_closure
0.16,0.375,0.9999999999952567,0.00036303157858939345,0.0002793395279378823,near_complete_closure
0.18,0.375,0.9999999999910145,0.0002759197747554155,0.00032386589491520683,near_complete_closure
0.2,0.375,0.9999999999828564,0.0002973553568468358,0.0002963757729378692,near_complete_closure
0.22,0.375,0.9999999999670874,0.00033776259675190974,0.00023714913765980142,near_complete_closure
0.24,0.375,0.9999999999364768,0.0002772706273987697,0.00029819830873859465,near_complete_closure
0.26,0.375,0.9999999998768518,0.0002822008392502652,0.0003212077707818441,near_complete_closure
0.28,0.375,0.999999999760405,0.0003748167781115251,0.00026034837532323466,near_complete_closure
0.3,0.375,0.9999999995325628,0.0003388220151892469,0.0003474307304801295,near_complete_closure
0.32,0.375,0.9999999990862616,0.00034564947642668685,0.0004189790343497107,near_complete_closure
0.34,0.375,0.9999999982116718,0.0005145703946709256,0.00035308357875796724,near_complete_closure
0.36,0.375,0.9999999964981907,0.0004936550746663008,0.0005209979110986362,near_complete_closure
0.38,0.375,0.9999999931439243,0.0005477478560235438,0.0006656906266430327,near_complete_closure
0.4,0.375,0.9999999865865639,0.0008970081434576369,0.0005884274530410039,near_complete_closure
0.42,0.375,0.9999999737908893,0.0008866404708064535,0.0010060002892383164,near_complete_closure
0.44,0.375,0.9999999488793501,0.001102563920046698,0.001300003505965125,near_complete_closure
0.46,0.375,0.9999999005119397,0.0018632919633848827,0.0012442369896880415,near_complete_closure
0.48,0.375,0.9999998068958846,0.0018033227750405593,0.002405856501731188,near_complete_closure
0.5,0.375,0.9999996263232773,0.003018390290960668,0.0029625567834789166,near_complete_closure
0.52,0.375,0.999999279312922,0.005366287263970804,0.0034295726688992503,near_complete_closure
0.54,0.375,0.9999986150877556,0.0053582628511658695,0.007580202440161869,near_complete_closure
0.56,0.375,0.999997349037767,0.00887014140337432,0.009235411338671678,near_complete_closure
0.58,0.375,0.9999949467838776,0.014609104425658043,0.011714891858609841,near_complete_closure
0.6,0.375,0.9999904103265155,0.015406795708748146,0.024636507531353297,near_complete_closure
0.62,0.375,0.9999818849508068,0.04358603904632639,0.027235863067945006,near_complete_closure
0.64,0.375,0.999965939625213,0.08210559765151948,0.054596668772402615,limit_cycle_like
0.66,0.375,0.9999362608731982,0.10087362120904039,0.13936951634694544,limit_cycle_like
0.68,0.375,0.9998813141764722,0.1001659166928496,0.23797283418142798,limit_cycle_like
0.7000000000000001,0.375,0.9997802022952353,0.09661034098174223,0.32641976802464046,limit_cycle_like
0.72,0.375,0.9995952839259691,0.10164520751362638,0.3970641968262705,limit_cycle_like
0.74,0.375,0.9992586815220349,0.11553686654670642,0.4494075909645505,limit_cycle_like
0.76,0.375,0.9986474271681879,0.13361572018491596,0.48482795548689256,limit_cycle_like
0.78,0.375,0.9975407064562243,0.15210154578117605,0.5048125007137975,limit_cycle_like
0.8,0.375,0.9955579388966831,0.16900546810832923,0.5103798359398698,limit_cycle_like
0.0,0.44999999999999996,0.9999999999994347,0.0010964420121578574,0.0010786902447515638,near_complete_closure
0.02,0.44999999999999996,0.999999999999079,0.0009791831901007568,0.000770460987902281,near_complete_closure
0.04,0.44999999999999996,0.9999999999984808,0.000802467710479821,0.0005862627673763059,near_complete_closure
0.06,0.44999999999999996,0.9999999999974634,0.0005781455718004018,0.0005532518686389048,near_complete_closure
0.08,0.44999999999999996,0.9999999999957156,0.0004726386602330127,0.0004944076582876574,near_complete_closure
0.1,0.44999999999999996,0.9999999999926841,0.0004765422187941521,0.00036849959709222803,near_complete_closure
0.12,0.44999999999999996,0.9999999999873792,0.00041556891507328256,0.00031039597851208173,near_complete_closure
0.14,0.44999999999999996,0.9999999999780187,0.00030963986681541947,0.0003349188312907264,near_complete_closure
0.16,0.44999999999999996,0.9999999999613776,0.00031306861124988725,0.0002955366772791525,near_complete_closure
0.18,0.44999999999999996,0.9999999999315896,0.0003353091472523414,0.00022991411477728287,near_complete_closure
0.2,0.44999999999999996,0.9999999998779445,0.0002687555114059291,0.00026653653770271514,near_complete_closure
0.22,0.44999999999999996,0.999999999780822,0.00025839632178493484,0.0002756021607992777,near_complete_closure
0.24,0.44999999999999996,0.9999999996041906,0.0003204303150311183,0.00021833153182036557,near_complete_closure
0.26,0.44999999999999996,0.999999999281759,0.00027987381148377675,0.0002689684810562948,near_complete_closure
0.28,0.44999999999999996,0.9999999986914145,0.00027628435341064614,0.00030727615573983654,near_complete_closure
0.3,0.44999999999999996,0.9999999976080567,0.0003812113794378983,0.00025342455461320744,near_complete_closure
0.32,0.44999999999999996,0.9999999956166767,0.00034726855334698306,0.0003518161709038183,near_complete_closure
0.34,0.44999999999999996,0.9999999919524377,0.0003825818620088367,0.0004145602037093256,near_complete_closure
0.36,0.44999999999999996,0.9999999852070869,0.0005586226865372285,0.00036461103443761604,near_complete_closure
0.38,0.44999999999999996,0.9999999727912773,0.0005037230728628498,0.0005885911990993956,near_complete_closure
0.4,0.44999999999999996,0.999999949952273,0.0007036680266816967,0.0006625551075617621,near_complete_closure
0.42,0.44999999999999996,0.9999999079842092,0.0010389254691419755,0.0006885248538991398,near_complete_closure
0.44,0.44999999999999996,0.9999998309774959,0.0009461350910298094,0.0012379158667453372,near_complete_closure
0.46,0.44999999999999996,0.9999996899372463,0.0015673849926733264,0.0012845674038418767,near_complete_closure
0.48,0.44999999999999996,0.9999994321851171,0.002046636980771206,0.0017430737394889277,near_complete_closure
0.5,0.44999999999999996,0.9999989623365446,0.0022272788365109005,0.0029426132519858586,near_complete_closure
0.52,0.44999999999999996,0.999998108273506,0.004980685673656645,0.0028391278141717013,near_complete_closure
0.54,0.44999999999999996,0.9999965604927737,0.006161294506222076,0.006046736321981607,near_complete_closure
0.56,0.44999999999999996,0.9999937645074517,0.007193829383306204,0.009423006415296947,near_complete_closure
0.58,0.44999999999999996,0.9999887311421622,0.013618158538915313,0.009700046547526833,near_complete_closure
0.6,0.44999999999999996,0.9999797040417859,0.014211030413531311,0.020524050553598388,near_complete_closure
0.62,0.44999999999999996,0.9999635786642753,0.03635010438623598,0.025776508782945694,near_complete_closure
0.64,0.44999999999999996,0.9999348871308181,0.07667577620306912,0.04230981820873353,limit_cycle_like
0.66,0.44999999999999996,0.9998840299478207,0.09980255894517376,0.11683992564023145,limit_cycle_like
0.68,0.44999999999999996,0.9997942362963452,0.10162784264564141,0.20879938451105456,limit_cycle_like
0.7000000000000001,0.44999999999999996,0.9996364429281538,0.09729962814722819,0.29289882210506396,limit_cycle_like
0.72,0.44999999999999996,0.9993607039693136,0.09901974586805078,0.3608533892929726,limit_cycle_like
0.74,0.44999999999999996,0.9988812480240339,0.10920319031617318,0.4118161410207246,limit_cycle_like
0.76,0.44999999999999996,0.9980492689139852,0.1244696776836699,0.4469414838796225,limit_cycle_like
0.78,0.44999999999999996,0.9966055456746992,0.14115785144625562,0.467575030293969,limit_cycle_like
0.8,0.44999999999999996,0.9941139260260953,0.15701615455370546,0.4747769110935218,limit_cycle_like
0.0,0.525,0.9999999999956142,0.00115235915046447,0.0008870244707012797,near_complete_closure
0.02,0.525,0.9999999999931974,0.0008154956980354248,0.0007910515132661896,near_complete_closure
0.04,0.525,0.9999999999893188,0.0006917210753985326,0.0006375450221317172,near_complete_closure
0.06,0.525,0.999999999983032,0.0006434617254904593,0.0004576820427507443,near_complete_closure
0.08,0.525,0.9999999999727422,0.0005127180541967827,0.0003944011003062815,near_complete_closure
0.1,0.525,0.9999999999557443,0.0003798114604832264,0.0003926241126570175,near_complete_closure
0.12,0.525,0.9999999999274212,0.0003763041776757436,0.0003214819836283332,near_complete_closure
0.14,0.525,0.9999999998798454,0.00036842830793951885,0.0002493696722769177,near_complete_closure
0.16,0.525,0.999999999799341,0.00028282095056954797,0.0002733469961702845,near_complete_closure
0.18,0.525,0.9999999996622062,0.00026894317427786715,0.00026248757587220403,near_complete_closure
0.2,0.525,0.9999999994272075,0.00030717105403613144,0.00020393125505951753,near_complete_closure
0.22,0.525,0.999999999022376,0.0002553659620534019,0.00023791778899527117,near_complete_closure
0.24,0.525,0.9999999983217702,0.0002478818239282757,0.00025312307794955226,near_complete_closure
0.26,0.525,0.9999999971045728,0.0003137231713636215,0.00020456025907136723,near_complete_closure
0.28,0.525,0.999999994983098,0.0002702495830008993,0.00026781776125673316,near_complete_closure
0.3,0.525,0.9999999912761356,0.000298967655308868,0.0002917523444382302,near_complete_closure
0.32,0.525,0.9999999847862355,0.00040000505363065004,0.0002553954797295867,near_complete_closure
0.34,0.525,0.999999973408509,0.000345103949205039,0.00038658154065174797,near_complete_closure
0.36,0.525,0.9999999534446393,0.0004670879751044768,0.0003968535972386051,near_complete_closure
0.38,0.525,0.9999999184026267,0.0005900713817210075,0.0004270996185120672,near_complete_closure
0.4,0.525,0.9999998569016757,0.0005415635889874626,0.0006739559569645794,near_complete_closure
0.42,0.525,0.9999997490230496,0.0009712415488006868,0.0006237932497113667,near_complete_closure
0.44,0.525,0.9999995599681524,0.0011109248609331805,0.0009833865655792823,near_complete_closure
0.46,0.525,0.9999992290669276,0.0012317730346969073,0.0014013125755087028,near_complete_closure
0.48,0.525,0.9999986507963388,0.0020568605866979825,0.0013687997875137272,near_complete_closure
0.5,0.525,0.9999976421317214,0.0019776553313587417,0.0025957427785242,near_complete_closure
0.52,0.525,0.9999958865784401,0.004249546768467802,0.0028607671373032085,near_complete_closure
0.54,0.525,0.9999928384480766,0.006672304959545488,0.00467059967758426,near_complete_closure
0.56,0.525,0.9999875595667561,0.006651649184413998,0.009044863029584047,near_complete_closure
0.58,0.525,0.9999784420961909,0.012279888515087137,0.009267953144799208,near_complete_closure
0.6,0.525,0.9999627413917264,0.013955302526330548,0.01709973890326161,near_complete_closure
0.62,0.525,0.9999357927673118,0.030497537306875152,0.024350941780536962,near_complete_closure
0.64,0.525,0.9998896967118833,0.07139605496720212,0.034052499275790654,limit_cycle_like
0.66,0.525,0.9998111031751924,0.09804314211213083,0.09970204834768759,limit_cycle_like
0.68,0.525,0.999677504695218,0.1023191237982962,0.18592017708820524,limit_cycle_like
0.7000000000000001,0.525,0.9994511967432966,0.09795496109463084,0.26622483361825133,limit_cycle_like
0.72,0.525,0.9990696657605118,0.09747751506078563,0.3317733701392045,limit_cycle_like
0.74,0.525,0.9984297910578896,0.10475333439568973,0.3814242261781846,limit_cycle_like
0.76,0.525,0.9973594953073173,0.11758971138982259,0.416152513099683,limit_cycle_like
0.78,0.525,0.9955667908252099,0.13263024940590146,0.4371656380864163,limit_cycle_like
0.8,0.525,0.9925671602747779,0.14749909468754674,0.4454913485884684,limit_cycle_like
0.0,0.6,0.9999999999770732,0.0011278935369687473,0.000871393952195017,near_complete_closure
0.02,0.6,0.9999999999657778,0.0009315862262732913,0.0006348225105152668,near_complete_closure
0.04,0.6,0.9999999999483,0.00067526181332066,0.0005669727762684448,near_complete_closure
0.06,0.6,0.9999999999209985,0.000523032996463158,0.0005053727968289875,near_complete_closure
0.08,0.6,0.999999999877961,0.0005062404824792592,0.0003784962410981054,near_complete_closure
0.1,0.6,0.9999999998095206,0.0004406296749957694,0.0003048777925402209,near_complete_closure
0.12,0.6,0.9999999996997775,0.00032578487946541724,0.0003160964295340682,near_complete_closure
0.14,0.6,0.9999999995224325,0.0003156564365383281,0.0002745930397299957,near_complete_closure
0.16,0.6,0.9999999992337794,0.00032554959278437585,0.00021247790288202086,near_complete_closure
0.18,0.6,0.9999999987608852,0.00025508203665616086,0.0002382200943400141,near_complete_closure
0.2,0.6,0.9999999979816128,0.0002502247778579487,0.00023154197129029273,near_complete_closure
0.22,0.6,0.9999999966908011,0.00028900734298234395,0.00018480824114545027,near_complete_closure
0.24,0.6,0.9999999945429356,0.0002365378546227352,0.0002295623495544459,near_complete_closure
0.26,0.6,0.999999990954937,0.00025809254190204545,0.00023066394720474144,near_complete_closure
0.28,0.6,0.9999999849413708,0.0003112218699424553,0.00020119349191739284,near_complete_closure
0.3,0.6,0.9999999748352777,0.00025817065321518924,0.0002819878192176454,near_complete_closure
0.32,0.6,0.9999999578155199,0.000352825926303087,0.0002673713187533165,near_complete_closure
0.34,0.6,0.9999999291070135,0.00040826826135621693,0.00029425634846361377,near_complete_closure
0.36,0.6,0.9999998806287873,0.00037241099933028995,0.0004211015680660263,near_complete_closure
0.38,0.6,0.9999997987125017,0.0005772718420150934,0.00037306914622803935,near_complete_closure
0.4,0.6,0.9999996602614116,0.0005606901069696243,0.0005704976723150394,near_complete_closure
0.42,0.6,0.9999994262988307,0.0007851893545162836,0.0006830352127017612,near_complete_closure
0.44,0.6,0.9999990311523009,0.0012248537856639425,0.0007436804165036867,near_complete_closure
0.46,0.6,0.9999983643517195,0.0011433953964753048,0.0013586210131890414,near_complete_closure
0.48,0.6,0.9999972404091838,0.0018637715997345534,0.0013521445455548292,near_complete_closure
0.5,0.6,0.9999953485602402,0.0020465049614980433,0.002145804297272835,near_complete_closure
0.52,0.6,0.9999921695156055,0.0034699372326855056,0.0029186668512954012,near_complete_closure
0.54,0.6,0.9999868379080283,0.006778207398661563,0.003648663489511853,near_complete_closure
0.56,0.6,0.9999779151938171,0.0069012158633621375,0.008335407200115625,near_complete_closure
0.58,0.6,0.9999630155817552,0.01096963171498308,0.009398094700210195,near_complete_closure
0.6,0.6,0.9999381940709665,0.013881956623348445,0.014431030123807342,near_complete_closure
0.62,0.6,0.9998969539174747,0.025818910143300712,0.022860300549776256,near_complete_closure
0.64,0.6,0.9998286391452212,0.06641982642426306,0.02840962865746127,limit_cycle_like
0.66,0.6,0.9997158070413908,0.09591450421137475,0.08624953638521432,limit_cycle_like
0.68,0.6,0.9995299176039102,0.10247952748975325,0.16742831908968533,limit_cycle_like
0.7000000000000001,0.6,0.9992244413586975,0.09846661265321069,0.24438007393559114,limit_cycle_like
0.72,0.6,0.9987243262836839,0.09652032175348914,0.30776552945076496,limit_cycle_like
0.74,0.6,0.9979097520015379,0.10150873342805036,0.3561839277055087,limit_cycle_like
0.76,0.6,0.9965877680527215,0.11225426631262733,0.3904662390367922,limit_cycle_like
0.78,0.6,0.9944391342537284,0.12579008444554787,0.41170098981469166,limit_cycle_like
0.8,0.6,0.9909386322120458,0.1397235813248007,0.42084732490817883,limit_cycle_like
0.0,0.6749999999999999,0.9999999999096056,0.000979777411008901,0.0008857614102881637,near_complete_closure
0.02,0.6749999999999999,0.9999999998691671,0.0008264556225397936,0.0006853493625958879,near_complete_closure
0.04,0.6749999999999999,0.9999999998084168,0.0007338245520611837,0.0004892861008233754,near_complete_closure
0.06,0.6749999999999999,0.9999999997163087,0.0005606205806870367,0.0004248930204216836,near_complete_closure
0.08,0.6749999999999999,0.9999999995754221,0.0004211966693555554,0.0004007491265734492,near_complete_closure
0.1,0.6749999999999999,0.9999999993581168,0.00041360070453839607,0.0003113201326363028,near_complete_closure
0.12,0.6749999999999999,0.999999999020283,0.0003756907008530676,0.00024995221525178505,near_complete_closure
0.14,0.6749999999999999,0.9999999984911554,0.00028144059527139645,0.00026660061643383055,near_complete_closure
0.16,0.6749999999999999,0.9999999976566689,0.0002827787590004697,0.00023259770541320408,near_complete_closure
0.18,0.6749999999999999,0.9999999963322241,0.00029182815295295407,0.00018737476727123347,near_complete_closure
0.2,0.6749999999999999,0.9999999942180726,0.0002275520693860527,0.00022027264742571241,near_complete_closure
0.22,0.6749999999999999,0.9999999908261282,0.00025008037347606455,0.00020218037209399116,near_complete_closure
0.24,0.6749999999999999,0.9999999853597485,0.0002736173285406106,0.00017766740448534217,near_complete_closure
0.26,0.6749999999999999,0.999999976516066,0.00022191502028109163,0.00023022235742380884,near_complete_closure
0.28,0.6749999999999999,0.9999999621609462,0.0002855706526751186,0.00020426883093226773,near_complete_closure
0.3,0.6749999999999999,0.9999999387948617,0.0002951906040277927,0.00022398330846514503,near_complete_closure
0.32,0.6749999999999999,0.9999999006761141,0.00027916370619210634,0.0002888469533651619,near_complete_closure
0.34,0.6749999999999999,0.9999998383826926,0.00041927055074772945,0.0002480033098851442,near_complete_closure
0.36,0.6749999999999999,0.9999997364546325,0.00038948701359398574,0.0003746444045010884,near_complete_closure
0.38,0.6749999999999999,0.9999995695322154,0.0004898211094728186,0.0004099911481876697,near_complete_closure
0.4,0.6749999999999999,0.9999992960420987,0.0006181625115597302,0.00044849999856888523,near_complete_closure
0.42,0.6749999999999999,0.999998847901002,0.0006236485303031036,0.0006912460315157562,near_complete_closure
0.44,0.6749999999999999,0.999998113763873,0.0012006489014680186,0.0006392381915261894,near_complete_closure
0.46,0.6749999999999999,0.9999969118058768,0.0012706038560636548,0.001198379957022033,near_complete_closure
0.48,0.6749999999999999,0.999994945550744,0.0016202829909774908,0.0014553459373856817,near_complete_closure
0.5,0.6749999999999999,0.9999917323804065,0.002133342739551454,0.0017632140945377606,near_complete_closure
0.52,0.6749999999999999,0.9999864883468895,0.002810106009381395,0.0028530412862564957,near_complete_closure
0.54,0.6749999999999999,0.9999779432845458,0.006580099588802668,0.0030142394413938405,near_complete_closure
0.56,0.6749999999999999,0.9999640442174699,0.007436699374947995,0.007485403124705855,near_complete_closure
0.58,0.6749999999999999,0.9999414791902409,0.00989917091180857,0.009574498880350975,near_complete_closure
0.6,0.6749999999999999,0.9999049159476824,0.01373937942053447,0.012468585628049403,near_complete_closure
0.62,0.6749999999999999,0.9998457980695364,0.022120755083157907,0.0213503892341121,near_complete_closure
0.64,0.6749999999999999,0.9997504555543814,0.06179946443251894,0.024515193759660724,limit_cycle_like
0.66,0.6749999999999999,0.9995971100428122,0.0935963698057023,0.0754344254966706,limit_cycle_like
0.68,0.6749999999999999,0.9993510469695134,0.10227028542735801,0.15213297020656943,limit_cycle_like
0.7000000000000001,0.6749999999999999,0.9989569550650543,0.09881747763580276,0.22609015647692335,limit_cycle_like
0.72,0.6749999999999999,0.9983275107275215,0.09588869454804745,0.28751982800995357,limit_cycle_like
0.74,0.6749999999999999,0.9973268847189067,0.09906498694816723,0.3347859381194065,limit_cycle_like
0.76,0.6749999999999999,0.9957432947106907,0.10801332732300369,0.3686000668092871,limit_cycle_like
0.78,0.6749999999999999,0.9932352263231513,0.12017959552679774,0.38995468012960566,limit_cycle_like
0.8,0.6749999999999999,0.9892444311639174,0.13322862917726147,0.39972776198851295,limit_cycle_like
0.0,0.75,0.9999999997111868,0.0010858787115240194,0.0007411726795869803,near_complete_closure
0.02,0.75,0.9999999995924023,0.0007668085569494075,0.0006565178403540237,near_complete_closure
0.04,0.75,0.9999999994182456,0.0006329723551418145,0.000535152021177969,near_complete_closure
0.06,0.75,0.9999999991606467,0.0005856135565559577,0.00038541547688930285,near_complete_closure
0.08,0.75,0.9999999987763668,0.0004611890330712532,0.00033596849400725635,near_complete_closure
0.1,0.75,0.99999999819844,0.00035002414349536565,0.0003258278852158992,near_complete_closure
0.12,0.75,0.9999999973226288,0.00035507642739463234,0.00025410658317478704,near_complete_closure
0.14,0.75,0.9999999959859038,0.0003211804355096054,0.00021496131229938351,near_complete_closure
0.16,0.75,0.9999999939321471,0.0002454943884626292,0.00023427060962455894,near_complete_closure
0.18,0.75,0.9999999907573974,0.00026811773323139775,0.0001950685403280594,near_complete_closure
0.2,0.75,0.9999999858223696,0.0002603252069386335,0.00017621458784376125,near_complete_closure
0.22,0.75,0.9999999781126381,0.00021002299232487955,0.00020855134855194896,near_complete_closure
0.24,0.75,0.999999966015013,0.0002622886901862998,0.00017332920947068579,near_complete_closure
0.26,0.75,0.9999999469595099,0.0002501268057711881,0.00019029858750880177,near_complete_closure
0.28,0.75,0.999999916845633,0.00023418867016312075,0.0002234722033000626,near_complete_closure
0.3,0.75,0.9999998691231589,0.00030902158713152556,0.0001883150953712791,near_complete_closure
0.32,0.75,0.9999997933209183,0.0002653885819584119,0.000265759981942376,near_complete_closure
0.34,0.75,0.9999996726955073,0.00036804471883294,0.0002644571457705943,near_complete_closure
0.36,0.75,0.9999994804763949,0.0004454199498845763,0.0003009198081983983,near_complete_closure
0.38,0.75,0.9999991738715509,0.000419088853620396,0.0004308095922884547,near_complete_closure
0.4,0.75,0.9999986845055987,0.0006191481590640803,0.0003909235609079949,near_complete_closure
0.42,0.75,0.9999979032005261,0.0005674304799871151,0.0006326860846158736,near_complete_closure
0.44,0.75,0.9999966558225598,0.0010773548857852377,0.0006465489235880665,near_complete_closure
0.46,0.75,0.9999946650273992,0.0014271210063747034,0.0009968411443352634,near_complete_closure
0.48,0.75,0.9999914896977766,0.0014622270828199995,0.0015170315526829312,near_complete_closure
0.5,0.75,0.9999864291548074,0.002138813911227073,0.0015396593027989422,near_complete_closure
0.52,0.75,0.9999783722197856,0.002349343072596382,0.002680539814462896,near_complete_closure
0.54,0.75,0.9999655606637854,0.006192279176524856,0.0026979813474782006,near_complete_closure
0.56,0.75,0.9999452193179942,0.007960703071459567,0.006613078147918315,near_complete_closure
0.58,0.75,0.9999129761022773,0.00916499708304656,0.009633002433121474,near_complete_closure
0.6,0.75,0.9998619521274713,0.013486308581151749,0.011112022988026084,near_complete_closure
0.62,0.75,0.9997813490344207,0.019236704357391332,0.019876559371828036,near_complete_closure
0.64,0.75,0.9996542882395204,0.057542450411606876,0.02180295112515473,limit_cycle_like
0.66,0.75,0.9994544915490676,0.09119444369261034,0.0665749041020936,limit_cycle_like
0.68,0.75,0.9991410343822976,0.1018003722103217,0.13924790700158696,limit_cycle_like
0.7000000000000001,0.75,0.9986500281472194,0.09901999655357414,0.21050516573925868,limit_cycle_like
0.72,0.75,0.9978823365090902,0.09544179952615568,0.27015616469769277,limit_cycle_like
0.74,0.75,0.9966868511199923,0.09717043066161773,0.31634688656989357,limit_cycle_like
0.76,0.75,0.9948346110524503,0.1045715816879965,0.34968582715570207,limit_cycle_like
0.78,0.75,0.9919660657228128,0.1154944903802741,0.3710901320392412,limit_cycle_like
0.8,0.75,0.9874972579978796,0.12770765192339592,0.38135756626111084,limit_cycle_like
0.0,0.825,0.9999999992147957,0.001066657745009277,0.0007345818963160422,near_complete_closure
0.02,0.825,0.9999999989151429,0.000850550786447665,0.000554651980433679,near_complete_closure
0.04,0.825,0.9999999984845584,0.0006067551332752374,0.000503143390280275,near_complete_closure
0.06,0.825,0.9999999978607175,0.0005065364322900682,0.00042000529098520077,near_complete_closure
0.08,0.825,0.9999999969495319,0.0004802677994494153,0.0003055682581995182,near_complete_closure
0.1,0.825,0.9999999956082022,0.0003772259201800588,0.0002795963936034739,near_complete_closure
0.12,0.825,0.9999999936189872,0.00030039979283875035,0.0002709047162596717,near_complete_closure
0.14,0.825,0.9999999906484819,0.0003176187810468061,0.00020680291133901517,near_complete_closure
0.16,0.825,0.9999999861841744,0.00027244345853699877,0.00019648987421781567,near_complete_closure
0.18,0.825,0.9999999794353311,0.0002253009572898399,0.00020813645598913294,near_complete_closure
0.2,0.825,0.9999999691779121,0.0002611806918823132,0.000163643013769304,near_complete_closure
0.22,0.825,0.9999999535118999,0.0002247596556843523,0.00018009385136972576,near_complete_closure
0.24,0.825,0.9999999294816729,0.00021904805130660594,0.00019042892879179402,near_complete_closure
0.26,0.825,0.9999998924820113,0.0002693873687496403,0.00015884392206171746,near_complete_closure
0.28,0.825,0.9999998353278778,0.0002243881600378464,0.0002121731073717568,near_complete_closure
0.3,0.825,0.9999997467964227,0.0002797872316386756,0.00019794529369294823,near_complete_closure
0.32,0.825,0.9999996093426405,0.0002932444294562531,0.00021979391079227163,near_complete_closure
0.34,0.825,0.9999993955261127,0.0003014998436523264,0.00028092406379623153,near_complete_closure
0.36,0.825,0.9999990624306274,0.0004648375482327897,0.000252297801072366,near_complete_closure
0.38,0.825,0.9999985429549694,0.0004234676069935171,0.0004081566455319866,near_complete_closure
0.4,0.825,0.9999977322192543,0.0005702701274806636,0.00040344824832101516,near_complete_closure
0.42,0.825,0.9999964663690893,0.0005881491333230178,0.000543385517050235,near_complete_closure
0.44,0.825,0.9999944896208667,0.0009126874371488023,0.0006754524976405222,near_complete_closure
0.46,0.825,0.9999914031860327,0.0015207521745079617,0.0008140217560661299,near_complete_closure
0.48,0.825,0.999986586188605,0.0014527504746988322,0.0015028146258089026,near_complete_closure
0.5,0.825,0.9999790731374756,0.0020741601036868384,0.0014784507969827602,near_complete_closure
0.52,0.825,0.9999673644069538,0.002097092438179111,0.002452405275776852,near_complete_closure
0.54,0.825,0.999949134837329,0.0057046872035412845,0.0025773216839372047,near_complete_closure
0.56,0.825,0.999920788063703,0.008362557171931859,0.005784978143063598,near_complete_closure
0.58,0.825,0.9998767733661339,0.00877616030868725,0.009551785174283931,near_complete_closure
0.6,0.825,0.9998085324494635,0.013149244470475155,0.010236746975778394,near_complete_closure
0.62,0.825,0.9997028855251752,0.0170249502408955,0.018478501656741194,near_complete_closure
0.64,0.825,0.9995396088910942,0.053636044302294676,0.019888552336114983,limit_cycle_like
0.66,0.825,0.9992878246086586,0.0887728060600765,0.05920691933326861,limit_cycle_like
0.68,0.825,0.9989004321101644,0.10114482691541475,0.1282309263431016,limit_cycle_like
0.7000000000000001,0.825,0.998305271587006,0.09909429265082932,0.1970337653277555,limit_cycle_like
0.72,0.825,0.9973919981426497,0.09510049785459526,0.255057921436887,limit_cycle_like
0.74,0.825,0.9959950082014626,0.09566293649989092,0.3002451592690993,limit_cycle_like
0.76,0.825,0.9938694775249597,0.10172778173874804,0.33311120577319075,limit_cycle_like
0.78,0.825,0.9906412571730739,0.11152347098807389,0.35451463509647524,limit_cycle_like
0.8,0.825,0.9857074006535846,0.12294775447304424,0.36518079219423066,limit_cycle_like
0.0,0.8999999999999999,0.9999999981196896,0.0009372155893761359,0.0007754859882669611,near_complete_closure
0.02,0.8999999999999999,0.9999999974492229,0.0008239627624130544,0.0005589041611978444,near_complete_closure
0.04,0.8999999999999999,0.9999999965020103,0.0006697288683490778,0.00042884480944823,near_complete_closure
0.06,0.8999999999999999,0.9999999951534158,0.0004820029352996423,0.00040043300012196944,near_complete_closure
0.08,0.8999999999999999,0.9999999932186614,0.00042330542101998836,0.0003314495832367048,near_complete_closure
0.1,0.8999999999999999,0.9999999904222782,0.000402407819174895,0.00024612228131159786,near_complete_closure
0.12,0.8999999999999999,0.9999999863516278,0.0003069561540460655,0.00024425273456147445,near_complete_closure
0.14,0.8999999999999999,0.9999999803861194,0.0002727343729703899,0.00022538087934554716,near_complete_closure
0.16,0.8999999999999999,0.9999999715891773,0.00028801516196766424,0.00017278157159564,near_complete_closure
0.18,0.8999999999999999,0.9999999585428486,0.00022832085726877716,0.00018960350288468392,near_complete_closure
0.2,0.8999999999999999,0.999999939093904,0.00022707305260326788,0.00017882383248176556,near_complete_closure
0.22,0.8999999999999999,0.9999999099636211,0.00024573718999739834,0.00015032952854968827,near_complete_closure
0.24,0.8999999999999999,0.999999866148294,0.00019749716928269307,0.00018652354690372003,near_complete_closure
0.26,0.8999999999999999,0.9999997999991201,0.0002517328616959606,0.00016183145394668827,near_complete_closure
0.28,0.8999999999999999,0.9999996998100873,0.00025121826076069656,0.00017978234165228063,near_complete_closure
0.3,0.8999999999999999,0.9999995476485198,0.00024025004099125375,0.00021297560006609673,near_complete_closure
0.32,0.8999999999999999,0.9999993160196292,0.00030732645545325857,0.00018750663612038948,near_complete_closure
0.34,0.8999999999999999,0.9999989627425573,0.0002664637609985965,0.00027090631710941643,near_complete_closure
0.36,0.8999999999999999,0.9999984230961372,0.00043830886764663015,0.0002475160495378988,near_complete_closure
0.38,0.8999999999999999,0.9999975977997994,0.0004747836363244007,0.0003565739094422454,near_complete_closure
0.4,0.8999999999999999,0.9999963346209118,0.000511933931487156,0.0004338686007194996,near_complete_closure
0.42,0.8999999999999999,0.9999944002182378,0.0006184145478043343,0.00046366246037757964,near_complete_closure
0.44,0.8999999999999999,0.9999914371130981,0.0007560663300166824,0.0006794734473541144,near_complete_closure
0.46,0.8999999999999999,0.9999868981904937,0.001536406741878017,0.0006865707797651273,near_complete_closure
0.48,0.8999999999999999,0.9999799472533374,0.001560033632202125,0.0014254192073332593,near_complete_closure
0.5,0.8999999999999999,0.9999693078911758,0.001982453200467996,0.0015158152967786798,near_complete_closure
0.52,0.8999999999999999,0.9999530335503892,0.002006866563971068,0.002215637086453639,near_complete_closure
0.54,0.8999999999999999,0.9999281593207056,0.005181317276855913,0.002541821871104358,near_complete_closure
0.56,0.8999999999999999,0.9998901789564543,0.008620402091586482,0.0050355425641176385,near_complete_closure
0.58,0.8999999999999999,0.9998322602617731,0.0086796329092072,0.009353135146387555,near_complete_closure
0.6,0.8999999999999999,0.9997440568857154,0.01276893005195913,0.009713394359471838,near_complete_closure
0.62,0.8999999999999999,0.9996099058176031,0.015362926767242035,0.017179872561245844,near_complete_closure
0.64,0.8999999999999999,0.999406153789412,0.05005881080958934,0.018508334139944564,limit_cycle_like
0.66,0.8999999999999999,0.999097277865364,0.08637100036977713,0.05300296953458632,limit_cycle_like
0.68,0.8999999999999999,0.9986300797198797,0.10035643345231693,0.11869471606751746,limit_cycle_like
0.7000000000000001,0.8999999999999999,0.9979244870386808,0.09906065139828807,0.18525028247276532,limit_cycle_like
0.72,0.8999999999999999,0.9968596480921534,0.09481903086896215,0.24177835481539148,limit_cycle_like
0.74,0.8999999999999999,0.995256313494431,0.09443492722679221,0.2860283548685038,limit_cycle_like
0.76,0.8999999999999999,0.9928548553536855,0.09934069351761293,0.3184296497410861,limit_cycle_like
0.78,0.8999999999999999,0.9892691967385357,0.10811472539193893,0.3397948152402382,limit_cycle_like
0.8,0.8999999999999999,0.9838833643382145,0.11879573775287414,0.3507873878609208,limit_cycle_like
0.0,0.975,0.9999999959341836,0.0009461588458972739,0.0007130329869568723,near_complete_closure
0.02,0.975,0.9999999945714164,0.0007275490872013882,0.0005900269408780006,near_complete_closure
0.04,0.975,0.9999999926744254,0.0006572298421125285,0.00042592181837108867,near_complete_closure
0.06,0.975,0.9999999900139535,0.0005296406064915859,0.00034385212576345397,near_complete_closure
0.08,0.975,0.9999999862554989,0.0003882447198713959,0.0003283696272067039,near_complete_closure
0.1,0.975,0.9999999809083794,0.0003696682995963115,0.000260616400835007,near_complete_closure
0.12,0.975,0.9999999732492457,0.00033708619832864805,0.000208174101218798,near_complete_closure
0.14,0.975,0.9999999622072658,0.00025375402170133997,0.00021930777339825358,near_complete_closure
0.16,0.975,0.9999999461918094,0.000263550529287363,0.0001829701028594609,near_complete_closure
0.18,0.975,0.9999999228334546,0.0002533265637678139,0.00015977134699683482,near_complete_closure
0.2,0.975,0.9999998885936019,0.0002023092793295688,0.0001815823433396872,near_complete_closure
0.22,0.975,0.9999998381744737,0.00023797494430072793,0.0001477454956485525,near_complete_closure
0.24,0.975,0.9999997636266967,0.00021137806188088908,0.0001627665031577251,near_complete_closure
0.26,0.975,0.9999996530009637,0.00021521669972840405,0.00017457384659800502,near_complete_closure
0.28,0.975,0.9999994883137935,0.0002697262936491199,0.00015252082585875729,near_complete_closure
0.3,0.975,0.9999992424783991,0.00022810323511810457,0.00020938362867042474,near_complete_closure
0.32,0.975,0.9999988746680439,0.0002939502448144948,0.00018588238521684581,near_complete_closure
0.34,0.975,0.9999983233069898,0.0002715443022855215,0.00024081561420935608,near_complete_closure
0.36,0.975,0.9999974954928172,0.00038327267045904965,0.00026212435210118575,near_complete_closure
0.38,0.975,0.9999962510768953,0.0005217739954745983,0.00029934733492149434,near_complete_closure
0.4,0.975,0.99999437873297,0.0004849176566650178,0.0004476221767271342,near_complete_closure
0.42,0.975,0.9999915599445331,0.0006276200472387453,0.00042130817849071614,near_complete_closure
0.44,0.975,0.9999873148047216,0.0006420254276525871,0.0006529542147359108,near_complete_closure
0.46,0.975,0.9999809207230828,0.001487280020519513,0.0006237880362337425,near_complete_closure
0.48,0.975,0.999971291044262,0.0017135004305347365,0.0013075254127537007,near_complete_closure
0.5,0.975,0.9999567938872719,0.001907745335274559,0.0015830868397730346,near_complete_closure
0.52,0.975,0.9999349808629312,0.0020109376015341913,0.002005014254198123,near_complete_closure
0.54,0.975,0.9999021813671156,0.004665721638873065,0.0025254766313777912,near_complete_closure
0.56,0.975,0.9998529017011488,0.008746307661980299,0.004380199413960429,near_complete_closure
0.58,0.975,0.9997789409194237,0.00879294793012893,0.009067939933367361,near_complete_closure
0.6,0.975,0.9996680771967894,0.012382547007535846,0.009425752817896604,near_complete_closure
0.62,0.975,0.9995020939998702,0.014143091670859084,0.01599238337143685,near_complete_closure
0.64,0.975,0.9992538690295917,0.04678622128848592,0.01748273039569433,near_complete_closure
0.66,0.975,0.9988832370038312,0.08401353608695383,0.047724946150449456,limit_cycle_like
0.68,0.975,0.998331009357972,0.0994730745690113,0.11035444806926131,limit_cycle_like
0.7000000000000001,0.975,0.9975095761613721,0.09893716598668043,0.1748395695759857,limit_cycle_like
0.72,0.975,0.9962883326182684,0.09457034031740136,0.22998478537117625,limit_cycle_like
0.74,0.975,0.9944752989951867,0.0934131263489637,0.2733580377993333,limit_cycle_like
0.76,0.975,0.9917969329417415,0.09730878645128693,0.305306370436253,limit_cycle_like
0.78,0.975,0.9878572186700747,0.10515619573741243,0.3266052823609946,limit_cycle_like
0.8,0.975,0.9820322867305052,0.11513804295909516,0.3378676060131755,limit_cycle_like
0.0,1.05,0.9999999919144763,0.0010210875276010106,0.0006308371845251127,near_complete_closure
0.02,1.05,0.9999999893529009,0.000722980426314629,0.0005521206366749289,near_complete_closure
0.04,1.05,0.9999999858337358,0.0005843394003752138,0.00045359602019614414,near_complete_closure
0.06,1.05,0.9999999809635017,0.0005375529515523088,0.0003270825894604035,near_complete_closure
0.08,1.05,0.9999999741756727,0.0004173290266586423,0.0002890414920713501,near_complete_closure
0.1,1.05,0.9999999646509067,0.00032680400315207385,0.00027146397775251995,near_complete_closure
0.12,1.05,0.9999999511987504,0.0003314526832771847,0.00020452315267393956,near_complete_closure
0.14,1.05,0.9999999320820612,0.00027499044401291543,0.00019113237255680772,near_complete_closure
0.16,1.05,0.999999904756756,0.0002294392098670354,0.0001927104686416995,near_complete_closure
0.18,1.05,0.9999998654864727,0.00025660836857012274,0.00014919040671825567,near_complete_closure
0.2,1.05,0.9999998087713878,0.0002117882243504007,0.0001644108149089448,near_complete_closure
0.22,1.05,0.9999997264991209,0.00021073569622797063,0.00015938811769399078,near_complete_closure
0.24,1.05,0.9999996066792508,0.00022776737376900685,0.00013917370468577978,near_complete_closure
0.26,1.05,0.9999994315567431,0.00019001986723543143,0.0001745766077159378,near_complete_closure
0.28,1.05,0.9999991748051434,0.00026287149464165817,0.00014716373620729238,near_complete_closure
0.3,1.05,0.999998797357255,0.00024697107503327925,0.00018870078259119894,near_complete_closure
0.32,1.05,0.9999982412091655,0.00026631647294489446,0.00019920825586639134,near_complete_closure
0.34,1.05,0.9999974201954086,0.0002892602699243471,0.0002073354704374641,near_complete_closure
0.36,1.05,0.9999962062561972,0.00032325398705079024,0.00027054112050925043,near_complete_closure
0.38,1.05,0.9999944090518088,0.0005413472558793194,0.00025673912363502265,near_complete_closure
0.4,1.05,0.9999917457874326,0.0005047393264852052,0.0004370869845549469,near_complete_closure
0.42,1.05,0.9999877965340562,0.0006169263265588985,0.00041931050521990784,near_complete_closure
0.44,1.05,0.9999819379480065,0.0005849104951895834,0.000606040874134992,near_complete_closure
0.46,1.05,0.9999732450960128,0.0013938181137667486,0.0006087050425301358,near_complete_closure
0.48,1.05,0.9999603468495747,0.0018615061418279762,0.0011702113402263534,near_complete_closure
0.5,1.05,0.99994121356902,0.0018814233655568575,0.0016400282341614786,near_complete_closure
0.52,1.05,0.9999128441724433,0.00205627191213513,0.001842186601822681,near_complete_closure
0.54,1.05,0.999870803495287,0.004186780234847768,0.002499571541938143,near_complete_closure
0.56,1.05,0.9998085440528217,0.008762797242647637,0.0038233392423146946,near_complete_closure
0.58,1.05,0.9997164240605909,0.0090343602197438,0.00872438455257601,near_complete_closure
0.6,1.05,0.9995802774939248,0.0120188514855723,0.0092821061063137,near_complete_closure
0.62,1.05,0.9993792892632537,0.013271006435949093,0.014919686330868116,near_complete_closure
0.64,1.05,0.9990828655892531,0.043793417849773565,0.016691239953917383,near_complete_closure
0.66,1.05,0.9986462436840883,0.08171542316525728,0.04319538097170371,limit_cycle_like
0.68,1.05,0.9980043741152184,0.09852242336653508,0.10299548332969549,limit_cycle_like
0.7000000000000001,1.05,0.9970624764657013,0.09873926399479926,0.16556272814733458,limit_cycle_like
0.72,1.05,0.9956809586171033,0.09433816968701458,0.21942371665046623,limit_cycle_like
0.74,1.05,0.9936560816108563,0.09254643157464286,0.2619751673416258,limit_cycle_like
0.76,1.05,0.990701181232655,0.09555756799766547,0.2934845018098706,limit_cycle_like
0.78,1.05,0.9864117212352677,0.10256333990431464,0.31469614149707886,limit_cycle_like
0.8,1.05,0.9801602213725619,0.1118883819717246,0.3261825938515379,limit_cycle_like
0.0,1.125,0.9999999850027683,0.0010017669165787897,0.0006315550367443787,near_complete_closure
0.02,1.125,0.9999999804904139,0.0007814965184465911,0.0004875159637469325,near_complete_closure
0.04,1.125,0.9999999743629133,0.0005582972183649476,0.0004398113951727578,near_complete_closure
0.06,1.125,0.9999999659832608,0.0004894650734930962,0.0003482208176818585,near_complete_closure
0.08,1.125,0.9999999544442654,0.0004422938904976508,0.000259603535951564,near_complete_closure
0.1,1.125,0.9999999384494465,0.0003285291868036452,0.0002530936109526099,near_complete_closure
0.12,1.125,0.9999999161389862,0.00029658494151437164,0.00021914749227799432,near_complete_closure
0.14,1.125,0.9999998848343464,0.0002914180348337347,0.0001697881844465612,near_complete_closure
0.16,1.125,0.9999998406634459,0.00022268405992725512,0.0001832699694120743,near_complete_closure
0.18,1.125,0.9999997780116985,0.00023426899457022803,0.00015824660281013722,near_complete_closure
0.2,1.125,0.9999996887194541,0.0002318351261994811,0.00014168933404279542,near_complete_closure
0.22,1.125,0.9999995609072788,0.000190640410617636,0.00016302369616646694,near_complete_closure
0.24,1.125,0.999999377251057,0.00022640179179110525,0.00013243072955199122,near_complete_closure
0.26,1.125,0.9999991124430717,0.0001906118274349446,0.00016020383391670835,near_complete_closure
0.28,1.125,0.9999987294581152,0.00023623728249124715,0.00015582053193050353,near_complete_closure
0.3,1.125,0.9999981740774533,0.00027169458744632786,0.00016243342596154492,near_complete_closure
0.32,1.125,0.9999973668690982,0.0002459691876575703,0.00020782623640894327,near_complete_closure
0.34,1.125,0.9999961914230411,0.00029803204278764744,0.00018624820884500276,near_complete_closure
0.36,1.125,0.9999944770619799,0.0002789188290115022,0.0002646774887203212,near_complete_closure
0.38,1.125,0.9999919734717738,0.0005311267166428708,0.0002383487158816488,near_complete_closure
0.4,1.125,0.999988313627605,0.0005553205531078755,0.0004067846448668832,near_complete_closure
0.42,1.125,0.9999829597070732,0.0006009095040960524,0.0004396537389780262,near_complete_closure
0.44,1.125,0.9999751239872341,0.0005760544042709833,0.000552687307970124,near_complete_closure
0.46,1.125,0.9999636530051148,0.0012761387703091114,0.0006148540929270232,near_complete_closure
0.48,1.125,0.9999468587742778,0.001979426400140372,0.0010301371909823666,near_complete_closure
0.5,1.125,0.9999222744129121,0.0019154155742988474,0.0016707190875943554,near_complete_closure
0.52,1.125,0.9998862996282829,0.0021147529934721306,0.001735854334762986,near_complete_closure
0.54,1.125,0.9998336826936581,0.0037631829004355862,0.0024562813412731905,near_complete_closure
0.56,1.125,0.9997567667571791,0.008693555582999179,0.003362923034691221,near_complete_closure
0.58,1.125,0.9996444117077794,0.009339225464101927,0.008345174922914535,near_complete_closure
0.6,1.125,0.9994804553089984,0.01169777001257847,0.009217410643476179,near_complete_closure
0.62,1.125,0.9992414586458946,0.012665278707407272,0.013960243448275558,near_complete_closure
0.64,1.125,0.9988933828733105,0.04105655091633807,0.01605420504984289,near_complete_closure
0.66,1.125,0.9983869489944643,0.07948554096165758,0.039279188480138325,limit_cycle_like
0.68,1.125,0.9976513948838962,0.09752499140250229,0.09645268160674621,limit_cycle_like
0.7000000000000001,1.125,0.9965851157560441,0.09847985559405052,0.1572349649688843,limit_cycle_like
0.72,1.125,0.9950402776837189,0.09411268407151657,0.20989817456987886,limit_cycle_like
0.74,1.125,0.9928023910557154,0.09179843248506984,0.2516775947262299,limit_cycle_like
0.76,1.125,0.9895724220634777,0.09403138626575905,0.2827630645216381,limit_cycle_like
0.78,1.125,0.9849382778632303,0.10027120708392238,0.30387171743372743,limit_cycle_like
0.8,1.125,0.978272338535289,0.10897981143226024,0.3155448249233732,limit_cycle_like
0.0,1.2,0.9999999737663201,0.0009117667349995762,0.0006656998798880785,near_complete_closure
0.02,1.2,0.999999966241617,0.0007892031481320097,0.00047076531416884296,near_complete_closure
0.04,1.2,0.9999999561269709,0.0005967796668338847,0.00039285183648259353,near_complete_closure
0.06,1.2,0.999999942440444,0.00044652857798762344,0.0003542114368801516,near_complete_closure
0.08,1.2,0.9999999237970145,0.00042431039764905177,0.00026522025349515926,near_complete_closure
0.1,1.2,0.9999998982370725,0.00035632324176566865,0.00022248682159334667,near_complete_closure
0.12,1.2,0.9999998629799304,0.000271970771226359,0.00022121573844005525,near_complete_closure
0.14,1.2,0.9999998140671514,0.0002809611290396383,0.00017149928592212317,near_complete_closure
0.16,1.2,0.9999997458443488,0.00023966599032782706,0.00016168988863409135,near_complete_closure
0.18,1.2,0.9999996502087258,0.00020648061231066806,0.00016578098417501693,near_complete_closure
0.2,1.2,0.9999995155198469,0.0002373651064698983,0.00013064833610709696,near_complete_closure
0.22,1.2,0.9999993250260402,0.0001940532265751146,0.0001532435034059558,near_complete_closure
0.24,1.2,0.9999990545871184,0.00020950579954517564,0.00013953451804326637,near_complete_closure
0.26,1.2,0.9999986693661882,0.0002038662485585745,0.00014022534726652804,near_complete_closure
0.28,1.2,0.9999981190162093,0.00020430709076175836,0.00016273455046126448,near_complete_closure
0.3,1.2,0.9999973306928671,0.00028384336535235117,0.00014310895935800197,near_complete_closure
0.32,1.2,0.9999961989455787,0.0002475370327772866,0.0002045183279569687,near_complete_closure
0.34,1.2,0.9999945710935884,0.0002938334896943499,0.000183425786948552,near_complete_closure
0.36,1.2,0.999992226009633,0.0002604582015079968,0.0002470165058344727,near_complete_closure
0.38,1.2,0.9999888433146115,0.0004976529504599931,0.00023903196182049977,near_complete_closure
0.4,1.2,0.999983958824284,0.0006121856234280623,0.0003649304795922009,near_complete_closure
0.42,1.2,0.9999769003754029,0.0005961897388716484,0.0004628466333262896,near_complete_closure
0.44,1.2,0.999966695275802,0.00059488961540251,0.0005057967261027541,near_complete_closure
0.46,1.2,0.9999519363053915,0.0011516330554484273,0.0006230594706173025,near_complete_closure
0.48,1.2,0.9999305881879349,0.0020596449715838184,0.0008994887224668066,near_complete_closure
0.5,1.2,0.9998997105011721,0.0020032944530372267,0.0016723321999422556,near_complete_closure
0.52,1.2,0.9998550617266979,0.002176401116294631,0.0016830196471432095,near_complete_closure
0.54,1.2,0.9997905280585553,0.003406438804504255,0.002397271241222631,near_complete_closure
0.56,1.2,0.9996972975525429,0.008560028710685754,0.002992971694080339,near_complete_closure
0.58,1.2,0.9995626879585411,0.009663121592791384,0.007947594171662936,near_complete_closure
0.6,1.2,0.9993685040534291,0.01143141538116239,0.009189250263800611,near_complete_closure
0.62,1.2,0.9990886732997839,0.012258098251672234,0.013109284194424831,near_complete_closure
0.64,1.2,0.9986857593152001,0.038553386624343544,0.015519610118314585,near_complete_closure
0.66,1.2,0.9981060783260158,0.07732873045127844,0.03587166828782124,limit_cycle_like
0.68,1.2,0.997273321734928,0.09649616213818484,0.09059669253621287,limit_cycle_like
0.7000000000000001,1.2,0.9960793803233732,0.09816967923163808,0.14971081986941953,limit_cycle_like
0.72,1.2,0.994368879891877,0.09388794673131516,0.20125249606959594,limit_cycle_like
0.74,1.2,0.9919176041188817,0.09114267936247887,0.24230492698807757,limit_cycle_like
0.76,1.2,0.9884149002572689,0.09268799008783793,0.27298214597654713,limit_cycle_like
0.78,1.2,0.9834417378038901,0.09822912982138113,0.29397619545375764,limit_cycle_like
0.8,1.2,0.9763730739627088,0.1063594732932944,0.3058047233435883,limit_cycle_like
0.0,1.275,0.9999999563402763,0.0008670031510158933,0.0006562343045779704,near_complete_closure
0.02,1.275,0.9999999443660836,0.0007324347384213107,0.0004954681525416475,near_complete_closure
0.04,1.275,0.9999999284132974,0.0006251358891106786,0.0003611265264920274,near_complete_closure
0.06,1.275,0.9999999070284142,0.00045468591250176173,0.0003296514027635284,near_complete_closure
0.08,1.275,0.9999998781805428,0.0003828866405933061,0.0002803387740766899,near_complete_closure
0.1,1.275,0.9999998390220474,0.0003667419930698047,0.00020763919705072147,near_complete_closure
0.12,1.275,0.9999997855495528,0.00027989144749038285,0.000204818503979032,near_complete_closure
0.14,1.275,0.9999997121210924,0.0002541288541814525,0.00018227522863239215,near_complete_closure
0.16,1.275,0.9999996107634653,0.0002526543293701813,0.00014482906600477258,near_complete_closure
0.18,1.275,0.9999994701751602,0.00019547567814988151,0.0001611318404943362,near_complete_closure
0.2,1.275,0.9999992742936021,0.00022398784049379607,0.00013444179339437424,near_complete_closure
0.22,1.275,0.999999000244974,0.00021094279914907825,0.0001359817261800581,near_complete_closure
0.24,1.275,0.9999986154147888,0.00019047855910709927,0.00014691244333858334,near_complete_closure
0.26,1.275,0.9999980732494536,0.0002125004492051626,0.00012559525789273927,near_complete_closure
0.28,1.275,0.9999973072154755,0.00018200661877755856,0.00016080578259465485,near_complete_closure
0.3,1.275,0.9999962221076265,0.00027861275420396655,0.00013718748271446387,near_complete_closure
0.32,1.275,0.9999946815940288,0.00026787642829859717,0.00019051670337037876,near_complete_closure
0.34,1.275,0.9999924904177939,0.00028297180050226617,0.0001921327399311652,near_complete_closure
0.36,1.275,0.9999893689069284,0.0002631160533522398,0.0002241603587626172,near_complete_closure
0.38,1.275,0.9999849163507503,0.00045042333459844664,0.0002465909794960604,near_complete_closure
0.4,1.275,0.9999785584839285,0.0006593366229002302,0.00031997824284466165,near_complete_closure
0.42,1.275,0.9999694726275716,0.0006135336735565133,0.0004778652239327501,near_complete_closure
0.44,1.275,0.9999564811359302,0.0006248638961981793,0.0004745082956445633,near_complete_closure
0.46,1.275,0.9999378989549803,0.001034522294018233,0.0006245946602369044,near_complete_closure
0.48,1.275,0.9999113151980388,0.0021031771878049933,0.0007865919584684701,near_complete_closure
0.5,1.275,0.9998732829959142,0.002128464230550436,0.0016478228078250106,near_complete_closure
0.52,1.275,0.9998188822164253,0.002240626051710555,0.0016725476346404224,near_complete_closure
0.54,1.275,0.9997410974968624,0.0031225758762889284,0.0023277045252101695,near_complete_closure
0.56,1.275,0.9996299248055005,0.008380437035918367,0.0027048545367642602,near_complete_closure
0.58,1.275,0.9994711084096959,0.009978405024974449,0.0075443674650783514,near_complete_closure
0.6,1.275,0.9992443973577251,0.011225478586970202,0.009171808404935014,near_complete_closure
0.62,1.275,0.9989210880721187,0.011995215414387797,0.012360097655463784,near_complete_closure
0.64,1.275,0.9984604085364769,0.03626352425572283,0.01505379058229476,near_complete_closure
0.66,1.275,0.997804405033111,0.07524716353082112,0.032890384784101334,limit_cycle_like
0.68,1.275,0.9968714064532628,0.09544758468040902,0.0853246137918363,limit_cycle_like
0.7000000000000001,1.275,0.9955470933353248,0.0978176555957344,0.14287403344139155,limit_cycle_like
0.72,1.275,0.9936691934605845,0.0936604403954468,0.19336183632949602,limit_cycle_like
0.74,1.275,0.9910047801575115,0.09055961121251005,0.23372804996622967,limit_cycle_like
0.76,1.275,0.9872323532904569,0.09149482978395647,0.26401264708330446,limit_cycle_like
0.78,1.275,0.981926316311858,0.09639704823073385,0.28488366837492773,limit_cycle_like
0.8,1.275,0.9744662432241953,0.10398500447476336,0.2968413040684144,limit_cycle_like
0.0,1.3499999999999999,0.9999999303792249,0.0009065709783283178,0.0006023572641630651,near_complete_closure
0.02,1.3499999999999999,0.9999999120748331,0.0006755419076470466,0.0005064167581902906,near_complete_closure
0.04,1.3499999999999999,0.9999998878820989,0.0006049407116340405,0.00036747691927306977,near_complete_closure
0.06,1.3499999999999999,0.999999855720645,0.0004867663707078708,0.00029542531498956263,near_complete_closure
0.08,1.3499999999999999,0.999999812711583,0.0003593750931640529,0.00027868350379237636,near_complete_closure
0.1,1.3499999999999999,0.9999997548536933,0.000348179395170403,0.00021458732399117663,near_complete_closure
0.12,1.3499999999999999,0.9999996765689552,0.0003012395982112993,0.00018235477197489053,near_complete_closure
0.14,1.3499999999999999,0.9999995700643828,0.00023485291477490662,0.00018480766702522265,near_complete_closure
0.16,1.3499999999999999,0.9999994244301043,0.00024829909580947613,0.00014299380328401142,near_complete_closure
0.18,1.3499999999999999,0.9999992243552932,0.00020394815883357194,0.00014664064199576785,near_complete_closure
0.2,1.3499999999999999,0.9999989482960102,0.00020053212348797534,0.0001421234080779844,near_complete_closure
0.22,1.3499999999999999,0.9999985658705314,0.0002237108502146053,0.00012101746166287417,near_complete_closure
0.24,1.3499999999999999,0.9999980341737247,0.00018323850645252882,0.00014677731593745562,near_complete_closure
0.26,1.3499999999999999,0.9999972925617594,0.00021040172226881144,0.00012232815481202154,near_complete_closure
0.28,1.3499999999999999,0.9999962552376694,0.00017633642164631427,0.00015057506378113154,near_complete_closure
0.3,1.3499999999999999,0.9999948006783195,0.00025899392989692943,0.00014114114797592463,near_complete_closure
0.32,1.3499999999999999,0.999992756597298,0.0002936046136730003,0.0001706159386897332,near_complete_closure
0.34,1.3499999999999999,0.9999898786671914,0.00027548413893983137,0.00020221623938766935,near_complete_closure
0.36,1.3499999999999999,0.9999858204229607,0.0002749962138935639,0.00020345944470370457,near_complete_closure
0.38,1.3499999999999999,0.99998009049267,0.0003992514373540484,0.0002519907110789419,near_complete_closure
0.4,1.3499999999999999,0.9999719917548675,0.0006899686074705009,0.00027921999294177967,near_complete_closure
0.42,1.3499999999999999,0.9999605352972724,0.0006538800944570827,0.0004808796820884341,near_complete_closure
0.44,1.3499999999999999,0.9999443193573151,0.0006585215586280513,0.0004622011023670359,near_complete_closure
0.46,1.3499999999999999,0.9999213582672428,0.0009359474087459408,0.0006176602817048242,near_complete_closure
0.48,1.3499999999999999,0.9998888393694093,0.0021149423347002145,0.0006964217274125629,near_complete_closure
0.5,1.3499999999999999,0.9998427798601645,0.002272995341714438,0.0016022191188767947,near_complete_closure
0.52,1.3499999999999999,0.999777548276202,0.0023103454620138093,0.0016902430055778426,near_complete_closure
0.54,1.3499999999999999,0.9996851938947701,0.002912860352406765,0.0022534231362396013,near_complete_closure
0.56,1.3499999999999999,0.9995544911640313,0.008169753937894687,0.002488047105566303,near_complete_closure
0.58,1.3499999999999999,0.9993695904734476,0.010269359953191719,0.007144633894480792,near_complete_closure
0.6,1.3499999999999999,0.999108175381798,0.011080658720561671,0.009150414567663315,near_complete_closure
0.62,1.3499999999999999,0.9987389241525532,0.011834924607615642,0.011704878962608167,near_complete_closure
0.64,1.3499999999999999,0.9982177999387227,0.03416841631641764,0.014635098137470657,near_complete_closure
0.66,1.3499999999999999,0.9974827306853806,0.0732412314024026,0.030269527948751672,limit_cycle_like
0.68,1.3499999999999999,0.9964468834849308,0.09438813363950575,0.0805534597547934,limit_cycle_like
0.7000000000000001,1.3499999999999999,0.9949900009659887,0.09743120849649091,0.13663042852983184,limit_cycle_like
0.72,1.3499999999999999,0.9929434876273555,0.0934281707278579,0.18612475409785179,limit_cycle_like
0.74,1.3499999999999999,0.9900666940319701,0.09003453290322629,0.22584170347478102,limit_cycle_like
0.76,1.3499999999999999,0.9860280757337866,0.09042648807521243,0.2557490119671565,limit_cycle_like
0.78,1.3499999999999999,0.9803956755969113,0.09474291555426283,0.2764910782589458,limit_cycle_like
0.8,1.3499999999999999,0.9725551326957307,0.10182201430995672,0.2885554817138539,limit_cycle_like
0.0,1.425,0.9999998930214865,0.0009566450209643599,0.0005526030667097612,near_complete_closure
0.02,1.425,0.9999998659925287,0.0006756820289350286,0.0004820798714748585,near_complete_closure
0.04,1.425,0.9999998305291667,0.0005562975775089697,0.00038576962145403087,near_complete_closure
0.06,1.425,0.9999997837381754,0.0004985080579816091,0.00027962402688195247,near_complete_closure
0.08,1.425,0.9999997216531078,0.00037051117190197477,0.0002584308911863134,near_complete_closure
0.1,1.425,0.9999996388100932,0.0003164507260416934,0.0002254001149759473,near_complete_closure
0.12,1.425,0.9999995276539877,0.00031050090232327275,0.00016995796456375034,near_complete_closure
0.14,1.425,0.999999377712202,0.0002375522371608885,0.00017501375164284005,near_complete_closure
0.16,1.425,0.9999991744434004,0.0002305241941376747,0.00015048047943165536,near_complete_closure
0.18,1.425,0.9999988976207899,0.00021680666226663335,0.00013088540526533276,near_complete_closure
0.2,1.425,0.9999985190458013,0.0001805805072319266,0.00014432590460113299,near_complete_closure
0.22,1.425,0.9999979993156032,0.00022386980743248336,0.0001154386280411081,near_complete_closure
0.24,1.425,0.9999972832780971,0.0001913108982192126,0.00013855819578376257,near_complete_closure
0.26,1.425,0.9999962936678665,0.00020038716564780028,0.00012734966810276608,near_complete_closure
0.28,1.425,0.9999949221700677,0.00018240252141091802,0.00013631235412081124,near_complete_closure
0.3,1.425,0.9999930168031731,0.0002314438971097382,0.00014714064799036897,near_complete_closure
0.32,1.425,0.9999903640944549,0.0003139491218702796,0.00015057445121324976,near_complete_closure
0.34,1.425,0.9999866640447593,0.00027944058490022406,0.00020739649197743502,near_complete_closure
0.36,1.425,0.9999814950967064,0.00028776133156823135,0.00019065115130138715,near_complete_closure
0.38,1.425,0.9999742649325455,0.00035308207049800696,0.0002515904654754628,near_complete_closure
0.4,1.425,0.9999641410444727,0.0007030108281719424,0.0002479538985940438,near_complete_closure
0.42,1.425,0.999949953159578,0.0007105945803921415,0.00047204863328224704,near_complete_closure
0.44,1.425,0.9999300572268588,0.000694815357165498,0.0004663409520182052,near_complete_closure
0.46,1.425,0.9999021456152152,0.0008638238478653589,0.0006039375975201753,near_complete_closure
0.48,1.425,0.9998629798509548,0.00210132003377462,0.0006307591611242449,near_complete_closure
0.5,1.425,0.9998080150484125,0.0024224316022169877,0.0015408958466765952,near_complete_closure
0.52,1.425,0.9997308802883428,0.002388787369604835,0.001723047932989737,near_complete_closure
0.54,1.425,0.9996226610815523,0.0027740990084546393,0.0021797119788927104,near_complete_closure
0.56,1.425,0.999470887400116,0.007940040779681709,0.002330848263006842,near_complete_closure
0.58,1.425,0.9992581046997364,0.010528085634767268,0.006754798478620762,near_complete_closure
0.6,1.425,0.998959933027671,0.010994013882627256,0.009117467831075272,near_complete_closure
0.62,1.425,0.9985424544852406,0.01174626853674069,0.01113529014631796,near_complete_closure
0.64,1.425,0.9979584430674531,0.03225128298405002,0.014249682181392428,near_complete_closure
0.66,1.425,0.9971418701803327,0.07131014535756444,0.027955910819183333,limit_cycle_like
0.68,1.425,0.9960009570783299,0.09332460618173631,0.0762154991893802,limit_cycle_like
0.7000000000000001,1.425,0.9944097641301934,0.09701652605219967,0.1309028017748176,limit_cycle_like
0.72,1.425,0.9921938778807545,0.09319011170828435,0.17945786441640685,limit_cycle_like
0.74,1.425,0.9891058665483177,0.08955624189861418,0.21855910335128606,limit_cycle_like
0.76,1.425,0.984804976808924,0.08946286823079261,0.24810396139501006,limit_cycle_like
0.78,1.425,0.9788529968546575,0.09324082185262944,0.2687131039620389,limit_cycle_like
0.8,1.425,0.9706425738096827,0.09984226913607736,0.28086519784558756,limit_cycle_like
0.0,1.5,0.9999998408657678,0.0009543113722066915,0.0005454586458802599,near_complete_closure
0.02,1.5,0.9999998021346409,0.0007157085516275735,0.00044006665917265935,near_complete_closure
0.04,1.5,0.9999997516637983,0.0005242907987816206,0.00038696867864882644,near_complete_closure
0.06,1.5,0.9999996855315857,0.00047805043698198027,0.0002873683426532034,near_complete_closure
0.08,1.5,0.9999995984056292,0.0003938802598691989,0.00023376065239395324,near_complete_closure
0.1,1.5,0.9999994830038615,0.0002963713184774957,0.00022537144191617372,near_complete_closure
0.12,1.5,0.9999993293391841,0.0002998671937737491,0.00017253387321382817,near_complete_closure
0.14,1.5,0.9999991236716267,0.0002536773390057404,0.00015854640807602032,near_complete_closure
0.16,1.5,0.9999988470631133,0.00021221878656107882,0.0001561217435407065,near_complete_closure
0.18,1.5,0.9999984733762157,0.00022164011521760222,0.00012238993426211202,near_complete_closure
0.2,1.5,0.9999979664779485,0.00017386118998696578,0.00013868836000263945,near_complete_closure
0.22,1.5,0.9999972763115066,0.00021161633339254193,0.00011845990541568989,near_complete_closure
0.24,1.5,0.9999963333969669,0.0002066703350945988,0.00012565722432342523,near_complete_closure
0.26,1.5,0.9999950411870816,0.00018972547934919184,0.00013360634394731562,near_complete_closure
0.28,1.5,0.9999932654553563,0.00019093848870887863,0.00012339658322846334,near_complete_closure
0.3,1.5,0.9999908194782803,0.00020341961257334568,0.00014984537123728883,near_complete_closure
0.32,1.5,0.9999874432522047,0.0003239090017027098,0.00013541710923570217,near_complete_closure
0.34,1.5,0.9999827744621589,0.0002966734325610175,0.00020560173886813906,near_complete_closure
0.36,1.5,0.9999763082061076,0.0002990332280942562,0.00018770689676327504,near_complete_closure
0.38,1.5,0.999967341076375,0.0003191236181550576,0.00024536845114697794,near_complete_closure
0.4,1.5,0.9999548929748228,0.0007004527690944782,0.00022860194066554512,near_complete_closure
0.42,1.5,0.999937597814412,0.0007748144689428665,0.0004533641604077559,near_complete_closure
0.44,1.5,0.9999135521976394,0.0007354361654081392,0.00048095614490360815,near_complete_closure
0.46,1.5,0.9998801067038499,0.0008222225832839848,0.0005864917881561618,near_complete_closure
0.48,1.5,0.9998335750856613,0.002068914365326716,0.0005882861347362269,near_complete_closure
0.5,1.5,0.9997688273414854,0.0025668633702106334,0.0014688276960050802,near_complete_closure
0.52,1.5,0.9996787294171614,0.0024780442473292634,0.001761023076309998,near_complete_closure
0.54,1.5,0.9995533797835215,0.002699180696552164,0.0021108125208318743,near_complete_closure
0.56,1.5,0.9993790466046951,0.007700879453109692,0.0022212677833305366,near_complete_closure
0.58,1.5,0.9991366670071947,0.010751555972685583,0.006379221900265754,near_complete_closure
0.6,1.5,0.9987998099465025,0.01096018002297956,0.009069672769093526,near_complete_closure
0.62,1.5,0.9983319917028078,0.011706920677343762,0.010642839152702924,near_complete_closure
0.64,1.5,0.9976828748697252,0.0304969813919602,0.013888722319360926,near_complete_closure
0.66,1.5,0.9967826406755299,0.0694523425041903,0.025906071809303256,limit_cycle_like
0.68,1.5,0.9955347929687863,0.09226222077023899,0.07225485460820773,limit_cycle_like
0.7000000000000001,1.5,0.9938079547177169,0.09657878554741632,0.12562718869820166,limit_cycle_like
0.72,1.5,0.9914223323088343,0.09294585312524747,0.17329190894569257,limit_cycle_like
0.74,1.5,0.988124591139327,0.08911608739876958,0.2118079759815563,limit_cycle_like
0.76,1.5,0.9835656312168135,0.08858790253494984,0.2410046068725866,limit_cycle_like
0.78,1.5,0.9773010435164561,0.09186961545398091,0.26147838953145774,limit_cycle_like
0.8,1.5,0.9687310049993251,0.09802236379986107,0.27370181234977203,limit_cycle_like
0.0,1.575,0.999999769955875,0.0009010109379226555,0.0005676510154012094,near_complete_closure
0.02,1.575,0.9999997158978432,0.0007431283028530928,0.00041200783132378275,near_complete_closure
0.04,1.575,0.9999996459027259,0.0005328131927482798,0.000365984760575107,near_complete_closure
0.06,1.575,0.9999995547789612,0.00044225383920261087,0.0003002134413961841,near_complete_closure
0.08,1.575,0.999999435513319,0.0004036117980586604,0.00022095133454123764,near_complete_closure
0.1,1.575,0.999999278602783,0.0002998102851304618,0.00021270782719084498,near_complete_closure
0.12,1.575,0.9999990711186684,0.00027644610218110317,0.00018103415327546155,near_complete_closure
0.14,1.575,0.9999987954067446,0.00026657589334868053,0.00014475371320445295,near_complete_closure
0.16,1.575,0.9999984273018021,0.00020571784017753457,0.00015426494403587837,near_complete_closure
0.18,1.575,0.999997933684132,0.00021564908802232299,0.00012335162486652466,near_complete_closure
0.2,1.575,0.9999972691112207,0.00017922543212196707,0.00012766959738474425,near_complete_closure
0.22,1.575,0.999996371129867,0.00019204423440978246,0.00012395776886056151,near_complete_closure
0.24,1.575,0.999995153739959,0.00021966269037711068,0.0001129672924049579,near_complete_closure
0.26,1.575,0.9999934983479661,0.00018581191280444894,0.00013625495776208444,near_complete_closure
0.28,1.575,0.9999912413214453,0.00019630311666857445,0.00011610684999911037,near_complete_closure
0.3,1.575,0.9999881568119185,0.00018170584141808256,0.00014755249642526712,near_complete_closure
0.32,1.575,0.999983932866921,0.0003226661019641344,0.00012776784833127907,near_complete_closure
0.34,1.575,0.9999781382203916,0.00032305381646205114,0.00019728250207587088,near_complete_closure
0.36,1.575,0.9999701764963708,0.00031031978408257364,0.00019246754092761795,near_complete_closure
0.38,1.575,0.9999592232910192,0.0003016278037233653,0.00023515341934808053,near_complete_closure
0.4,1.575,0.999944139105948,0.0006857603121981961,0.00022023203157106158,near_complete_closure
0.42,1.575,0.9999233482962105,0.0008390929733773537,0.000427490383771169,near_complete_closure
0.44,1.575,0.9998946722451678,0.0007823272316096464,0.0004998195005398958,near_complete_closure
0.46,1.575,0.999855101529383,0.0008108621268623546,0.0005686225117600348,near_complete_closure
0.48,1.575,0.9998004821911872,0.0020239483355903357,0.0005651329652813906,near_complete_closure
0.5,1.575,0.9997250789524774,0.0027002732577835445,0.0013903126046714359,near_complete_closure
0.52,1.575,0.9996209751063387,0.0025786737131153568,0.0017975341309895295,near_complete_closure
0.54,1.575,0.9994772637621459,0.0026782556948925277,0.0020497833622012324,near_complete_closure
0.56,1.575,0.99927893881564,0.007459793926547314,0.00214798381264713,near_complete_closure
0.58,1.575,0.9990053318260825,0.010939666233006044,0.0060207520586448085,near_complete_closure
0.6,1.575,0.9986279820484268,0.010972411863104369,0.009006258771727565,near_complete_closure
0.62,1.575,0.9981078780760082,0.011701149995847681,0.010219145765191876,near_complete_closure
0.64,1.575,0.9973916494342251,0.028891855121173225,0.013546633245335763,near_complete_closure
0.66,1.575,0.9964058530817462,0.06766576815162911,0.024084139719752033,limit_cycle_like
0.68,1.575,0.9950495132858942,0.09120498567119777,0.06862498571817212,limit_cycle_like
0.7000000000000001,1.575,0.9931860544970192,0.09612232430566885,0.12075008559709165,limit_cycle_like
0.72,1.575,0.9906306789933104,0.09269537968055226,0.16756882321330271,limit_cycle_like
0.74,1.575,0.9871249574085605,0.08870731149900994,0.20552758528742912,limit_cycle_like
0.76,1.575,0.9823123229941091,0.08778860284969768,0.23438953097900309,limit_cycle_like
0.78,1.575,0.9757422169504332,0.0906118777420216,0.25472671580724815,limit_cycle_like
0.8,1.575,0.9668225242190996,0.09634272689217184,0.26700738801584445,limit_cycle_like
0.0,1.65,0.9999996757693116,0.0008414149472578829,0.0005823297088931463,near_complete_closure
0.02,1.65,0.9999996020590831,0.0007318055635720999,0.000412916366280838,near_complete_closure
0.04,1.65,0.9999995071775276,0.0005627690554445257,0.0003360647128049777,near_complete_closure
0.06,1.65,0.9999993843996936,0.0004183669032353254,0.0003018547223265645,near_complete_closure
0.08,1.65,0.9999992246852847,0.00039205027693213214,0.00022413514382649716,near_complete_closure
0.1,1.65,0.999999015863634,0.00031627838844740187,0.00019440301970617704,near_complete_closure
0.12,1.65,0.9999987414998097,0.0002543643498642478,0.00018519717649119325,near_complete_closure
0.14,1.65,0.9999983793176961,0.00026707404978279514,0.00014021342341613433,near_complete_closure
0.16,1.65,0.9999978990326275,0.00021319731300264554,0.00014528404708401136,near_complete_closure
0.18,1.65,0.999997259403991,0.00020305292254191044,0.0001289518875485497,near_complete_closure
0.2,1.65,0.9999964042248894,0.000188195181908581,0.00011593282333382726,near_complete_closure
0.22,1.65,0.9999952568073798,0.00017227631138241068,0.000126817125522627,near_complete_closure
0.24,1.65,0.9999937123390487,0.0002248669014811572,0.00010478603635839398,near_complete_closure
0.26,1.65,0.9999916273306506,0.0001918459783659928,0.00013373621206821737,near_complete_closure
0.28,1.65,0.9999888051843182,0.00019757956411100904,0.00011551870347691756,near_complete_closure
0.3,1.65,0.9999849764887105,0.00017043994596864008,0.00014092667806465318,near_complete_closure
0.32,1.65,0.9999797718944158,0.0003118173774296296,0.00012684829903606258,near_complete_closure
0.34,1.65,0.9999726845935919,0.00035248285075877543,0.0001841273915229953,near_complete_closure
0.36,1.65,0.9999630187885197,0.0003244846050339203,0.00020079152835354792,near_complete_closure
0.38,1.65,0.9999498194936094,0.00030078348628370275,0.0002235106143892018,near_complete_closure
0.4,1.65,0.9999317764592314,0.0006629658622565332,0.0002194808713505485,near_complete_closure
0.42,1.65,0.9999070914695436,0.0008984341686373417,0.00039717233007427005,near_complete_closure
0.44,1.65,0.9998732960023521,0.0008364408121774895,0.0005182236417018673,near_complete_closure
0.46,1.65,0.9998270040912083,0.0008257148968912706,0.0005532164442082292,near_complete_closure
0.48,1.65,0.999763576133424,0.0019719905976781113,0.0005561230855112349,near_complete_closure
0.5,1.65,0.9996766540114745,0.002819492232597555,0.001308917635508109,near_complete_closure
0.52,1.65,0.9995575226237864,0.0026898747589034423,0.001828632510297029,near_complete_closure
0.54,1.65,0.9993942561075859,0.0027003887849588004,0.0019985317111102935,near_complete_closure
0.56,1.65,0.9991705660997278,0.007222623287173969,0.0021011165092646553,near_complete_closure
0.58,1.65,0.9988641860729095,0.011093985206944608,0.00568112821131281,near_complete_closure
0.6,1.65,0.9984446543685578,0.01102341046682756,0.008927868928722403,near_complete_closure
0.62,1.65,0.9978704774129781,0.011718079793195018,0.00985613354596188,near_complete_closure
0.64,1.65,0.9970853297399012,0.027423580161132582,0.013219896991636546,near_complete_closure
0.66,1.65,0.9960123058746003,0.0659480654151271,0.0224602387541373,limit_cycle_like
0.68,1.65,0.9945461937836586,0.0901559731911614,0.06528679298939123,limit_cycle_like
0.7000000000000001,1.65,0.992545456564276,0.09565078906071411,0.11622635300853584,limit_cycle_like
0.72,1.65,0.9898206137004559,0.09243892241927283,0.1622395143098942,limit_cycle_like
0.74,1.65,0.9861088716798404,0.0883245771743243,0.19966647032874704,limit_cycle_like
0.76,1.65,0.9810470834784015,0.08705436931682645,0.22820656434811265,limit_cycle_like
0.78,1.65,0.9741786048562678,0.08945314180459381,0.2484068451727202,limit_cycle_like
0.8,1.65,0.9649189336926234,0.09478686591278532,0.26073262090491506,limit_cycle_like
0.0,1.7249999999999999,0.9999995532093955,0.0008209831876717016,0.0005705578598350055,near_complete_closure
0.02,1.7249999999999999,0.9999994547791906,0.0006903978519054263,0.0004291395362432583,near_complete_closure
0.04,1.7249999999999999,0.9999993287508457,0.0005826636915561552,0.0003156880188845178,near_complete_closure
0.06,1.7249999999999999,0.9999991665812482,0.00042125237928257827,0.00028895121394757777,near_complete_closure
0.08,1.7249999999999999,0.9999989568312009,0.0003673169413718221,0.00023374476863733328,near_complete_closure
0.1,1.7249999999999999,0.9999986841786935,0.000328881721822723,0.00018029179555660195,near_complete_closure
0.12,1.7249999999999999,0.9999983280666487,0.00024552780016840793,0.0001809884754645692,near_complete_closure
0.14,1.7249999999999999,0.9999978608287046,0.00025494611935028116,0.00014393760700574253,near_complete_closure
0.16,1.7249999999999999,0.9999972451064116,0.00022664914302123355,0.00013307471682748429,near_complete_closure
0.18,1.7249999999999999,0.999996430340133,0.00019135514383070303,0.00013327305816577644,near_complete_closure
0.2,1.7249999999999999,0.999995348039738,0.00019372084027461522,0.0001080652796367146,near_complete_closure
0.22,1.7249999999999999,0.9999939053665579,0.00015880003144169152,0.00012505263457072033,near_complete_closure
0.24,1.7249999999999999,0.9999919763181596,0.00022098288291248978,0.00010270664725805839,near_complete_closure
0.26,1.7249999999999999,0.9999893895893556,0.00020534363741011783,0.00012668155828290413,near_complete_closure
0.28,1.7249999999999999,0.9999859120196889,0.0001969542735306935,0.00011938188344783025,near_complete_closure
0.3,1.7249999999999999,0.9999812261878823,0.00016957982796774604,0.0001318781822850949,near_complete_closure
0.32,1.7249999999999999,0.999974899908217,0.0002942028542091047,0.0001296013621874163,near_complete_closure
0.34,1.7249999999999999,0.9999663443183826,0.0003799708774995213,0.00016831983235637355,near_complete_closure
0.36,1.7249999999999999,0.9999547564713626,0.0003438585987815868,0.00020897472571717741,near_complete_closure
0.38,1.7249999999999999,0.9999390415987597,0.0003133783657069754,0.00021302905803016338,near_complete_closure
0.4,1.7249999999999999,0.9999177078715825,0.0006361578137412201,0.00022249832571316676,near_complete_closure
0.42,1.7249999999999999,0.9998887222209392,0.0009500459141227541,0.00036496229763269364,near_complete_closure
0.44,1.7249999999999999,0.9998493127134735,0.0008974564221867133,0.0005332710540877349,near_complete_closure
0.46,1.7249999999999999,0.9997957019564297,0.0008608419790032466,0.0005423693050718284,near_complete_closure
0.48,1.7249999999999999,0.999722748760634,0.0019178448755036634,0.0005561985711891907,near_complete_closure
0.5,1.7249999999999999,0.9996234569465636,0.002923284107360412,0.001227521891250008,near_complete_closure
0.52,1.7249999999999999,0.9994883006878134,0.0028099036336269533,0.0018522831614052324,near_complete_closure
0.54,1.7249999999999999,0.9993043259183017,0.002755103992410085,0.0019579328364062887,near_complete_closure
0.56,1.7249999999999999,0.9990539581163469,0.0069938333781300235,0.0020726341740190802,near_complete_closure
0.58,1.7249999999999999,0.9987133438421384,0.011216973234740047,0.005361282683523321,near_complete_closure
0.6,1.7249999999999999,0.9982500550787063,0.011105933445149322,0.00883588079266651,near_complete_closure
0.62,1.7249999999999999,0.9976201683799347,0.01175030855191811,0.009546168282987844,near_complete_closure
0.64,1.7249999999999999,0.9967644811058001,0.026081020732544355,0.01290631495336654,near_complete_closure
0.66,1.7249999999999999,0.9956027802782292,0.06429670818550522,0.021009276994593318,limit_cycle_like
0.68,1.7249999999999999,0.9940258625575857,0.08911753270521981,0.062207170149476736,limit_cycle_like
0.7000000000000001,1.7249999999999999,0.991887467940386,0.09516725100956894,0.11201761057057014,limit_cycle_like
0.72,1.7249999999999999,0.9889937079414186,0.09217685883328144,0.15726215290969112,limit_cycle_like
0.74,1.7249999999999999,0.9850780753071006,0.08796363517124949,0.19418070378147456,limit_cycle_like
0.76,1.7249999999999999,0.9797717237858264,0.08637647267409423,0.22241106859788262,limit_cycle_like
0.78,1.7249999999999999,0.9726120233783336,0.08838130603754124,0.24247486076237448,limit_cycle_like
0.8,1.7249999999999999,0.9630217784092694,0.09334078380013987,0.25483524031851124,limit_cycle_like
0.0,1.7999999999999998,0.9999993966045925,0.0008452897694177864,0.0005372878061189599,near_complete_closure
0.02,1.7999999999999998,0.9999992676101513,0.0006473128218615545,0.00043920413153890624,near_complete_closure
0.04,1.7999999999999998,0.9999991032372068,0.0005772403392187001,0.0003139328101172926,near_complete_closure
0.06,1.7999999999999998,0.9999988928143477,0.00044183095312951893,0.00026806022811334004,near_complete_closure
0.08,1.7999999999999998,0.9999986221085179,0.0003450149765401362,0.00023887411855549596,near_complete_closure
0.1,1.7999999999999998,0.9999982721337536,0.0003287195892806492,0.0001764351068285738,near_complete_closure
0.12,1.7999999999999998,0.999997817552083,0.0002511354278666068,0.00016995430858259515,near_complete_closure
0.14,1.7999999999999998,0.9999972244812688,0.00023575669619585284,0.00014988780909343735,near_complete_closure
0.16,1.7999999999999998,0.9999964474724555,0.00023691018724980134,0.0001226759918097795,near_complete_closure
0.18,1.7999999999999998,0.9999954253929905,0.00018718844366553912,0.00013316349537072667,near_complete_closure
0.2,1.7999999999999998,0.9999940758995557,0.00019334162917028242,0.00010618527094002159,near_complete_closure
0.22,1.7999999999999998,0.9999922880301334,0.00015453994234785668,0.00011911143367094969,near_complete_closure
0.24,1.7999999999999998,0.9999899121463621,0.00020938691156755006,0.00010502914129556066,near_complete_closure
0.26,1.7999999999999998,0.999986746148945,0.00022114105041841215,0.00011690124174677447,near_complete_closure
0.28,1.7999999999999998,0.9999825167001594,0.00019784787739577487,0.00012432388493742078,near_complete_closure
0.3,1.7999999999999998,0.9999768539482656,0.000175835444157403,0.00012276571491466446,near_complete_closure
0.32,1.7999999999999998,0.9999692574891197,0.00027321271599028377,0.0001329282820363247,near_complete_closure
0.34,1.7999999999999998,0.9999590499984149,0.00040245805822783706,0.00015210413039809558,near_complete_closure
0.36,1.7999999999999998,0.9999453138901152,0.00036923099199397564,0.00021468718456229307,near_complete_closure
0.38,1.7999999999999998,0.9999268058454049,0.0003351236975060214,0.00020576227377006569,near_complete_closure
0.4,1.7999999999999998,0.9999018422107282,0.0006091775843943935,0.00022637267760194113,near_complete_closure
0.42,1.7999999999999998,0.9998681435250842,0.000992748026328146,0.0003330873699845842,near_complete_closure
0.44,1.7999999999999998,0.9998226220353928,0.0009640615017819597,0.0005435084445329566,near_complete_closure
0.46,1.7999999999999998,0.999761095704113,0.000910344623607038,0.0005372033521506117,near_complete_closure
0.48,1.7999999999999998,0.9996779077534174,0.001865517626466722,0.0005613278078071165,near_complete_closure
0.5,1.7999999999999998,0.9995654109030022,0.0030116584143244146,0.0011483981151596495,near_complete_closure
0.52,1.7999999999999998,0.9994132591760947,0.0029365230366402814,0.0018677161350824265,near_complete_closure
0.54,1.7999999999999998,0.9992074651697543,0.0028333863927994386,0.0019280029988369058,near_complete_closure
0.56,1.7999999999999998,0.9989291681349772,0.006776773962059075,0.002056391651219427,near_complete_closure
0.58,1.7999999999999998,0.998552941727748,0.011311502298484533,0.005061565188234399,near_complete_closure
0.6,1.7999999999999998,0.9980444303967819,0.011213200103746193,0.008731999895310674,near_complete_closure
0.62,1.7999999999999998,0.9973573391736756,0.011792870314872576,0.009282155943038389,near_complete_closure
0.64,1.7999999999999998,0.9964296660971321,0.024854091448657946,0.012604520750396652,near_complete_closure
0.66,1.7999999999999998,0.9951780369353619,0.06270909638703673,0.01971001798380231,limit_cycle_like
0.68,1.7999999999999998,0.9934894999507489,0.08809144147683926,0.05935788641402715,limit_cycle_like
0.7000000000000001,1.7999999999999998,0.9912133132053316,0.09467430198625403,0.10809099294690656,limit_cycle_like
0.72,1.7999999999999998,0.9881514169792921,0.09190965128263605,0.1526008485594978,limit_cycle_like
0.74,1.7999999999999998,0.9840341603637677,0.0876210694578674,0.18903253134111866,limit_cycle_like
0.76,1.7999999999999998,0.9784878624770206,0.08574766209481424,0.21696459399013787,limit_cycle_like
0.78,1.7999999999999998,0.9710440532434534,0.08738617082214693,0.236892866355289,limit_cycle_like
0.8,1.7999999999999998,0.9611323796118417,0.09199252690544564,0.24927875931954194,limit_cycle_like
0.0,1.875,0.9999991997198118,0.0008830150071900569,0.0005011248068861194,near_complete_closure
0.02,1.875,0.9999990335084528,0.0006293428981224438,0.0004325226950406926,near_complete_closure
0.04,1.875,0.9999988226266434,0.0005500119035817161,0.00032427128575823885,near_complete_closure
0.06,1.875,0.9999985539321196,0.00046088270359395726,0.0002497652891832402,near_complete_closure
0.08,1.875,0.999998209977112,0.00033795382968862514,0.00023481058288387372,near_complete_closure
0.1,1.875,0.9999977675754937,0.0003163571485502235,0.00018104330258166836,near_complete_closure
0.12,1.875,0.9999971959175268,0.0002628161947529413,0.00015676791338348236,near_complete_closure
0.14,1.875,0.9999964540307666,0.00021755554331554693,0.00015284209936523434,near_complete_closure
0.16,1.875,0.99999548729985,0.0002389764304456923,0.00011775741664686624,near_complete_closure
0.18,1.875,0.9999942227085465,0.00019229883952354458,0.0001282919323952136,near_complete_closure
0.2,1.875,0.9999925624489641,0.00018829237354550522,0.00010889197286115357,near_complete_closure
0.22,1.875,0.9999903754254796,0.0001576135592247336,0.00011083526293849782,near_complete_closure
0.24,1.875,0.9999874858726574,0.00019294457889590128,0.00010863537830642824,near_complete_closure
0.26,1.875,0.9999836578747288,0.00023472835467060928,0.00010665702173967528,near_complete_closure
0.28,1.875,0.999978574296559,0.00020316098769255803,0.00012778730905040167,near_complete_closure
0.3,1.875,0.9999718084905342,0.0001855611870333843,0.00011576554916946915,near_complete_closure
0.32,1.875,0.9999627865526746,0.0002523219749598063,0.0001348667451049471,near_complete_closure
0.34,1.875,0.9999507364256776,0.00041857060756409056,0.00013750991664360893,near_complete_closure
0.36,1.875,0.9999346186479233,0.000399816541635525,0.00021684891690014756,near_complete_closure
0.38,1.875,0.9999130330294076,0.0003625784414267498,0.00020281223960447208,near_complete_closure
0.4,1.875,0.9998840944781544,0.000585400957701631,0.00022947167195861727,near_complete_closure
0.42,1.875,0.9998452663667887,0.001026469617116911,0.00030341230143062994,near_complete_closure
0.44,1.875,0.9997931337559827,0.001034416490321063,0.0005484629555005428,near_complete_closure
0.46,1.875,0.9997230982847084,0.0009694681554234971,0.0005378768643218222,near_complete_closure
0.48,1.875,0.9996289755588147,0.0018182268509739463,0.0005687618422933818,near_complete_closure
0.5,1.875,0.999502456141888,0.0030853936879753074,0.0010732996349388782,near_complete_closure
0.52,1.875,0.9993323670374084,0.003067365646525282,0.0018749507242783192,near_complete_closure
0.54,1.875,0.9991036859437482,0.002928051839216411,0.0019081017609116405,near_complete_closure
0.56,1.875,0.9987962695199427,0.00657388500135782,0.0020479210801170405,near_complete_closure
0.58,1.875,0.9983831347967581,0.011380564217891121,0.004781909417623594,near_complete_closure
0.6,1.875,0.997828040313755,0.01133912485569617,0.008618020550664823,near_complete_closure
0.62,1.875,0.9970823831736153,0.011842478736006502,0.00905760652660028,near_complete_closure
0.64,1.875,0.9960814404018686,0.02373363492554226,0.012313667623975658,near_complete_closure
0.66,1.875,0.9947388133485274,0.06118261744281982,0.018544359964462034,limit_cycle_like
0.68,1.875,0.9929380393464973,0.08707903258181082,0.05671471095389539,limit_cycle_like
0.7000000000000001,1.875,0.9905241387640946,0.09417413293396834,0.10441817494781395,limit_cycle_like
0.72,1.875,0.9872950875807389,0.09163780376297083,0.14822460780017918,limit_cycle_like
0.74,1.875,0.9829785838397009,0.08729411509352983,0.18418930085908833,limit_cycle_like
0.76,1.875,0.9771969494419082,0.08516186807323414,0.2118338189607903,limit_cycle_like
0.78,1.875,0.9694760714104252,0.0864590837976684,0.23162796092318624,limit_cycle_like
0.8,1.875,0.9592518634799693,0.090731827556069,0.2440314876491392,limit_cycle_like
0.0,1.95,0.9999989557816858,0.0009024111296544035,0.00048062260173409223,near_complete_closure
0.02,1.95,0.9999987448579613,0.0006417962817978609,0.00041112756243862184,near_complete_closure
0.04,1.95,0.9999984783125089,0.0005161468957638595,0.00033394985282878713,near_complete_closure
0.06,1.95,0.9999981401508506,0.0004656064556514041,0.00024205858533509565,near_complete_closure
0.08,1.95,0.9999977092569193,0.00034725250667609343,0.00022281463644452208,near_complete_closure
0.1,1.95,0.9999971576846766,0.0002985769446629887,0.00018764572402992915,near_complete_closure
0.12,1.95,0.9999964484385118,0.00027149765393574864,0.00014671883729531392,near_complete_closure
0.14,1.95,0.9999955325458201,0.00020723478657163512,0.00015068180904596125,near_complete_closure
0.16,1.95,0.9999943450956655,0.0002321086089298241,0.00011857939339685405,near_complete_closure
0.18,1.95,0.9999927998231248,0.0002031362143901826,0.00012016681099760485,near_complete_closure
0.2,1.95,0.9999907818043191,0.00018197707120229522,0.00011301253272754088,near_complete_closure
0.22,1.95,0.9999881377787708,0.00016372448027137247,0.00010262545816014027,near_complete_closure
0.24,1.95,0.9999846633416811,0.0001751861267830505,0.00011104676515364255,near_complete_closure
0.26,1.95,0.9999800857122307,0.00024345177311107586,9.81164690634921e-05,near_complete_closure
0.28,1.95,0.9999740403410682,0.0002139749971087343,0.00012848750337002136,near_complete_closure
0.3,1.95,0.9999660394939109,0.00019655362883240634,0.00011222329624778115,near_complete_closure
0.32,1.95,0.999955430619638,0.00023476199014709338,0.00013464944193937085,near_complete_closure
0.34,1.95,0.9999413408346255,0.0004281332108442243,0.00012608597356121354,near_complete_closure
0.36,1.95,0.9999226018174995,0.00043387083536903744,0.00021524660543109208,near_complete_closure
0.38,1.95,0.9998976486459332,0.0003936469229985415,0.00020416865347979118,near_complete_closure
0.4,1.95,0.9998643858379673,0.0005675417485542082,0.0002311931654261543,near_complete_closure
0.42,1.95,0.9998200095924076,0.00105184598854757,0.000277408014668456,near_complete_closure
0.44,1.95,0.9997607673956571,0.0011065793853352877,0.0005482724853871464,near_complete_closure
0.46,1.95,0.9996816343546565,0.0010348169466775129,0.000543771473127664,near_complete_closure
0.48,1.95,0.9995758883012512,0.0017784217662363201,0.0005768637020051374,near_complete_closure
0.5,1.95,0.9994345485220597,0.0031457139856462483,0.0010035424825872352,near_complete_closure
0.52,1.95,0.9992456102186724,0.0032001872188542053,0.0018744713303384991,near_complete_closure
0.54,1.95,0.9989930178849795,0.0030336751167161034,0.0018971403043891181,near_complete_closure
0.56,1.95,0.9986553526704857,0.0063868604738067615,0.002044112998037736,near_complete_closure
0.58,1.95,0.9982040930568615,0.011427098689575645,0.004521955363101014,near_complete_closure
0.6,1.95,0.9976011550658307,0.011478419633713214,0.008495691073987089,near_complete_closure
0.62,1.95,0.9967956955266671,0.011896986490494156,0.008866665615666668,near_complete_closure
0.64,1.95,0.9957203499320205,0.02271131049949249,0.012033226054033466,near_complete_closure
0.66,1.95,0.9942858222459433,0.05971468965306782,0.017496770552519254,limit_cycle_like
0.68,1.95,0.992372367891301,0.0860812877964498,0.054256721924017474,limit_cycle_like
0.7000000000000001,1.95,0.9898210172110631,0.09366859718315637,0.10097459863318527,limit_cycle_like
0.72,1.95,0.9864259658388118,0.09136183315883867,0.1441065071216706,limit_cycle_like
0.74,1.95,0.9819126800144102,0.08698051883243126,0.1796226092874157,limit_cycle_like
0.76,1.95,0.9759002861283788,0.08461397740674514,0.2069897044038015,limit_cycle_like
0.78,1.95,0.9679092779222341,0.08559265891921637,0.22665141945640171,limit_cycle_like
0.8,1.95,0.9573811866033718,0.08954981547593116,0.23906574268173936,limit_cycle_like
0.0,2.025,0.9999986575150243,0.0008912490761806875,0.0004815135440812093,near_complete_closure
0.02,2.025,0.9999983935041523,0.0006682166550714241,0.0003848278059982225,near_complete_closure
0.04,2.025,0.9999980611257524,0.0004931149625389218,0.00033453185478543135,near_complete_closure
0.06,2.025,0.9999976411122175,0.0004535608081310267,0.00024523035967957777,near_complete_closure
0.08,2.025,0.9999971081855115,0.00036362207327605495,0.0002077476510745852,near_complete_closure
0.1,2.025,0.9999964290507489,0.00028437572203021905,0.00019078921252904253,near_complete_closure
0.12,2.025,0.9999955597937769,0.0002725711044833526,0.00014301183041696928,near_complete_closure
0.14,2.025,0.999994442508996,0.0002068775569592706,0.00014391261635020278,near_complete_closure
0.16,2.025,0.9999930008210483,0.00021850660940193962,0.00012244464366874407,near_complete_closure
0.18,2.025,0.9999911337993883,0.0002143475828123667,0.00011120332757863513,near_complete_closure
0.2,2.025,0.9999887077137152,0.00017827991678122788,0.00011584009452428272,near_complete_closure
0.22,2.025,0.9999855450955797,0.00016937554319116784,9.668131221247237e-05,near_complete_closure
0.24,2.025,0.9999814103898517,0.00015965632435918406,0.00011106499297046473,near_complete_closure
0.26,2.025,0.9999759909001014,0.000246323508658541,9.275138062949958e-05,near_complete_closure
0.28,2.025,0.9999688710562025,0.0002293639011663865,0.00012615052277680492,near_complete_closure
0.3,2.025,0.9999594978291738,0.00020818760563657169,0.00011225947075348139,near_complete_closure
0.32,2.025,0.9999471350414103,0.00022310040485653895,0.0001323508248688179,near_complete_closure
0.34,2.025,0.99993080309515,0.00043177347739859005,0.00011863368755590539,near_complete_closure
0.36,2.025,0.9999091980940172,0.0004693826329344318,0.00021019147157830468,near_complete_closure
0.38,2.025,0.9998805829615739,0.0004272586493206111,0.0002089310473671184,near_complete_closure
0.4,2.025,0.99984264354861,0.0005574802293123417,0.00023160522385129532,near_complete_closure
0.42,2.025,0.9997922996793485,0.0010699364489062352,0.0002561110979351098,near_complete_closure
0.44,2.025,0.999725451796296,0.001178770905485254,0.0005434272651739742,near_complete_closure
0.46,2.025,0.9996366395856314,0.0011041251143754653,0.0005537869521420092,near_complete_closure
0.48,2.025,0.9995185947517622,0.0017478109897030305,0.0005848049801397982,near_complete_closure
0.5,2.025,0.9993616580421952,0.0031940727692460046,0.0009400717620224274,near_complete_closure
0.52,2.025,0.9991529899037743,0.003333003582725782,0.0018670143659147418,near_complete_closure
0.54,2.025,0.998875505947121,0.0031463047418961313,0.0018937752617429722,near_complete_closure
0.56,2.025,0.9985065222284809,0.006216782371443097,0.002042890357648702,near_complete_closure
0.58,2.025,0.9980159984067298,0.01145389630404857,0.004281138935252704,near_complete_closure
0.6,2.025,0.9973640519902505,0.011626609193347506,0.008366642367221018,near_complete_closure
0.62,2.025,0.9964976703904711,0.011955008358442694,0.008704122018823498,near_complete_closure
0.64,2.025,0.9953469284605053,0.021779495495777894,0.011762855684188294,near_complete_closure
0.66,2.025,0.993819750497291,0.05830279083519025,0.016553840456492837,limit_cycle_like
0.68,2.025,0.991793328232021,0.08509891114014036,0.05196575493160287,limit_cycle_like
0.7000000000000001,2.025,0.9891049519317324,0.09315926680761687,0.09773885636484025,limit_cycle_like
0.72,2.025,0.9855452045504111,0.0910822506083984,0.14022303077837536,limit_cycle_like
0.74,2.025,0.9808376715735203,0.08667843261022591,0.17530761732948788,limit_cycle_like
0.76,2.025,0.9745990430280485,0.08409964874519024,0.2024068109939414,limit_cycle_like
0.78,2.025,0.966344719220619,0.08478055401328241,0.221938033264203,limit_cycle_like
0.8,2.025,0.9555211576438238,0.08843879192655464,0.23435721645189467,limit_cycle_like
0.0,2.1,0.999998297184218,0.0008561839306921908,0.0004947151185016646,near_complete_closure
0.02,2.1,0.9999979707980545,0.0006882047411318051,0.00036512113887601094,near_complete_closure
0.04,2.1,0.9999975613774575,0.0004903467639142247,0.00032441415560093755,near_complete_closure
0.06,2.1,0.9999970459287544,0.00043022089666608815,0.0002531426780795218,near_complete_closure
0.08,2.1,0.9999963944747234,0.0003763924269835483,0.00019546622934349443,near_complete_closure
0.1,2.1,0.99999556774541,0.00028028306280182704,0.00018822703695874036,near_complete_closure
0.12,2.1,0.9999945141545504,0.0002660715067047625,0.00014508059875432839,near_complete_closure
0.14,2.1,0.9999931659179967,0.00021322248681936008,0.00013467114544057392,near_complete_closure
0.16,2.1,0.9999914340030788,0.00020202973867624295,0.0001261062080863905,near_complete_closure
0.18,2.1,0.9999892013544773,0.00022182806905526796,0.00010389330165648804,near_complete_closure
0.2,2.1,0.9999863137059931,0.000179829571728869,0.00011597937330929328,near_complete_closure
0.22,2.1,0.9999825673281844,0.00017303328401544407,9.418382651155184e-05,near_complete_closure
0.24,2.1,0.9999776930247727,0.00014915692731813808,0.00010855223631030818,near_complete_closure
0.26,2.1,0.9999713351537134,0.00024355446244856956,9.085381047599458e-05,near_complete_closure
0.28,2.1,0.9999630235484658,0.0002472341452168285,0.00012114290283822902,near_complete_closure
0.3,2.1,0.9999521357567728,0.00022079479589546045,0.00011491822790815567,near_complete_closure
0.32,2.1,0.9999378471743575,0.00021878248878326264,0.00012855063182838045,near_complete_closure
0.34,2.1,0.9999190658486791,0.00043061049029958977,0.00011505033586957902,near_complete_closure
0.36,2.1,0.9998943458810148,0.0005045439634313903,0.00020228698110321818,near_complete_closure
0.38,2.1,0.9998617710285793,0.00046290649630962894,0.00021577784012199474,near_complete_closure
0.4,2.1,0.9998188008663383,0.0005561481460415701,0.00023114586280074145,near_complete_closure
0.42,2.1,0.9997620704670771,0.0010820246530263708,0.0002400686115408557,near_complete_closure
0.44,2.1,0.9996871246360595,0.0012495139279382814,0.0005345995125541222,near_complete_closure
0.46,2.1,0.9995880599277884,0.0011759204466997915,0.0005666368972511397,near_complete_closure
0.48,2.1,0.999457055312696,0.0017274110495686776,0.000592283399401796,near_complete_closure
0.5,2.1,0.9992837674617548,0.0032320111272618616,0.0008835142882484773,near_complete_closure
0.52,2.1,0.9990545207189894,0.0034641561065483946,0.0018534313315838496,near_complete_closure
0.54,2.1,0.9987512083846044,0.0032631276023668233,0.0018965701586933965,near_complete_closure
0.56,2.1,0.9983498947244192,0.006064228086055989,0.002042923880598711,near_complete_closure
0.58,2.1,0.9978190419999042,0.011463548520487142,0.004058758114787458,near_complete_closure
0.6,2.1,0.9971170130349339,0.011779986008895337,0.008232353704095396,near_complete_closure
0.62,2.1,0.9961886987384366,0.012015660234878996,0.008565391357183769,near_complete_closure
0.64,2.1,0.994961695898631,0.020931201379766975,0.011502319975220804,stable_quasi_closure
0.66,2.1,0.9933412585079364,0.05694447850883463,0.015703927272099197,limit_cycle_like
0.68,2.1,0.9912017201197119,0.08413238418471028,0.04982595867195421,limit_cycle_like
0.7000000000000001,2.1,0.9883768815217714,0.09264747459159788,0.09469219196218523,limit_cycle_like
0.72,2.1,0.9846538699951599,0.09079954782353157,0.13655353590137195,limit_cycle_like
0.74,2.1,0.9797546795681269,0.08638633427074223,0.17122249511755724,limit_cycle_like
0.76,2.1,0.9732942748074842,0.08361517578199101,0.1980627461779618,limit_cycle_like
0.78,2.1,0.9647833081651412,0.0840172934543592,0.21746557387699617,limit_cycle_like
0.8,2.1,0.9536724564147433,0.08739204136933297,0.22988445974758182,limit_cycle_like
0.0,2.175,0.9999978666322906,0.0008152238584986702,0.0005064558591693472,near_complete_closure
0.02,2.175,0.9999974676452914,0.0006902502010445564,0.00035874517735755393,near_complete_closure
0.04,2.175,0.9999969689093082,0.0005040305814111625,0.0003071856864960716,near_complete_closure
0.06,2.175,0.9999963432340888,0.000405310225332549,0.0002589569398741013,near_complete_closure
0.08,2.175,0.9999955553667343,0.00037926312306832915,0.00018996721317991006,near_complete_closure
0.1,2.175,0.9999945593925041,0.0002867630753786487,0.0001805337315967823,near_complete_closure
0.12,2.175,0.9999932952711027,0.0002552413944345631,0.00014968094643121835,near_complete_closure
0.14,2.175,0.9999916843850967,0.00022098611677774196,0.00012576240215402738,near_complete_closure
0.16,2.175,0.999989623842929,0.00018705935011585268,0.0001274382383348529,near_complete_closure
0.18,2.175,0.9999869789784677,0.0002235474543940992,9.992229142576419e-05,near_complete_closure
0.2,2.175,0.9999835732238341,0.00018683014316156629,0.00011319998888543941,near_complete_closure
0.22,2.175,0.9999791745249499,0.00017490340834694913,9.488223453496402e-05,near_complete_closure
0.24,2.175,0.9999734775839088,0.000144948262407248,0.00010407187969510597,near_complete_closure
0.26,2.175,0.9999660808321389,0.00023613835589464453,9.158266621655236e-05,near_complete_closure
0.28,2.175,0.9999564559696458,0.00026535299646036025,0.00011420254007636994,near_complete_closure
0.3,2.175,0.9999439070799611,0.00023501528493057603,0.00011878951186134052,near_complete_closure
0.32,2.175,0.999927516519679,0.00022187861385855403,0.00012407896653375205,near_complete_closure
0.34,2.175,0.999906074613309,0.00042602949421500575,0.00011448325473875278,near_complete_closure
0.36,2.175,0.9998779873267015,0.0005379569096052101,0.0001922759295841828,near_complete_closure
0.38,2.175,0.9998411526484754,0.0005002940803522856,0.00022339347851291233,near_complete_closure
0.4,2.175,0.999792796897863,0.000563558803912135,0.00023040479231650922,near_complete_closure
0.42,2.175,0.9997292628543081,0.0010894831282332908,0.00022930432559397596,near_complete_closure
0.44,2.175,0.9996457319462146,0.0013176694655995555,0.0005225353333205763,near_complete_closure
0.46,2.175,0.9995358509606822,0.0012492343153453719,0.0005810755196212609,near_complete_closure
0.48,2.175,0.9993912410396688,0.0017176161309102765,0.000599303113142355,near_complete_closure
0.5,2.175,0.9992008710403756,0.003261064932722186,0.000834215548671938,near_complete_closure
0.52,2.175,0.9989502292150538,0.003592317856486772,0.0018346042174621265,near_complete_closure
0.54,2.175,0.9986201948779854,0.0033821710336334005,0.0019041190354925864,near_complete_closure
0.56,2.175,0.9981855965434752,0.005929357929618197,0.0020434074752423955,near_complete_closure
0.58,2.175,0.9976134220114534,0.01145842478637774,0.0038540193916539924,near_complete_closure
0.6,2.175,0.9968603225953058,0.01193553760027196,0.008094141965062447,near_complete_closure
0.62,2.175,0.995869166666572,0.012078380152381258,0.008446484008361099,near_complete_closure
0.64,2.175,0.9945651573636085,0.020159995857366296,0.011251437394134466,stable_quasi_closure
0.66,2.175,0.9928509800441769,0.055637400095168855,0.014936870409116646,limit_cycle_like
0.68,2.175,0.9905983019765934,0.08318201983134754,0.04782343611604657,limit_cycle_like
0.7000000000000001,2.175,0.9876376841122627,0.09213435018971451,0.09181809509875871,limit_cycle_like
0.72,2.175,0.9837529486183189,0.09051419511629741,0.1330798170372188,limit_cycle_like
0.74,2.175,0.9786647323357605,0.08610296014547016,0.16734796837869972,limit_cycle_like
0.76,2.175,0.9719869329216912,0.08315737620353801,0.19393771110398883,limit_cycle_like
0.78,2.175,0.9632258412676775,0.08329812362501164,0.21321435372266065,limit_cycle_like
0.8,2.175,0.951835650514114,0.08640368104359641,0.225628461047783,limit_cycle_like
0.0,2.25,0.9999973573130271,0.000787977080230151,0.0005075358135431208,near_complete_closure
0.02,2.25,0.9999968745545105,0.0006737164964000908,0.00036408695375434266,near_complete_closure
0.04,2.25,0.9999962731489368,0.0005224368532605637,0.00028913376080352447,near_complete_closure
0.06,2.25,0.9999955212384041,0.00038848761461031747,0.00025873012271036144,near_complete_closure
0.08,2.25,0.999994577691456,0.0003710578313126078,0.0001913705961245271,near_complete_closure
0.1,2.25,0.9999933892343157,0.0002989108159569003,0.00017008360643588333,near_complete_closure
0.12,2.25,0.9999918865540077,0.00024486295405155427,0.0001534346245806858,near_complete_closure
0.14,2.25,0.9999899792326798,0.0002261666984084625,0.00011966825331138855,near_complete_closure
0.16,2.25,0.9999875493209611,0.0001771692207598802,0.0001256932218804802,near_complete_closure
0.18,2.25,0.9999844430466781,0.00021923387100825548,9.94953390486761e-05,near_complete_closure
0.2,2.25,0.9999804597462518,0.00019735352652906963,0.00010805824414675125,near_complete_closure
0.22,2.25,0.9999753369649522,0.00017625382285670153,9.746232387407443e-05,near_complete_closure
0.24,2.25,0.9999687308766482,0.00014644488019443242,9.857399221365829e-05,near_complete_closure
0.26,2.25,0.9999601910722999,0.00022554539046418788,9.356880133698786e-05,near_complete_closure
0.28,2.25,0.9999491276509572,0.00028193916125207125,0.00010625299301756375,near_complete_closure
0.3,2.25,0.9999347672737701,0.0002513200083114252,0.0001225817983057505,near_complete_closure
0.32,2.25,0.9999160948273098,0.00023134292162237393,0.00011981948351023131,near_complete_closure
0.34,2.25,0.9998917778344476,0.0004195283108007286,0.0001157625229025759,near_complete_closure
0.36,2.25,0.9998600683242691,0.0005686676623279014,0.00018094371576826424,near_complete_closure
0.38,2.25,0.9998186722890817,0.0005391532141525742,0.00023071511582583342,near_complete_closure
0.4,2.25,0.9997645764167454,0.0005789936386791425,0.00022997250275347695,near_complete_closure
0.42,2.25,0.9996938244579562,0.0010936764761309377,0.00022335571897314359,near_complete_closure
0.44,2.25,0.9996012276043715,0.0013824280496255747,0.0005079896590993165,near_complete_closure
0.46,2.25,0.9994799771472075,0.0013234033124693955,0.0005960278584487732,near_complete_closure
0.48,2.25,0.9993211327361836,0.001718288416153024,0.0006060213683355793,near_complete_closure
0.5,2.25,0.9991129733444861,0.0032827074577451605,0.0007922690326668369,near_complete_closure
0.52,2.25,0.9988401524187095,0.0037164718645858294,0.0018113934276224163,near_complete_closure
0.54,2.25,0.998482544941434,0.0035020592814293656,0.0019151258981212579,near_complete_closure
0.56,2.25,0.9980137621104181,0.005811989759053856,0.002043889422098439,near_complete_closure
0.58,2.25,0.9973993416845985,0.01144066856222365,0.0036660723270139557,near_complete_closure
0.6,2.25,0.9965942657540983,0.0120908583397428,0.007953163262189459,near_complete_closure
0.62,2.25,0.9955394539712312,0.012142809707102492,0.008343962462440513,near_complete_closure
0.64,2.25,0.9941578021236496,0.019459941546255164,0.01101004712411273,stable_quasi_closure
0.66,2.25,0.9923495223152098,0.054379298451335045,0.01424375982900127,limit_cycle_like
0.68,2.25,0.9899837927945664,0.08224798882499412,0.04594594866463396,limit_cycle_like
0.7000000000000001,2.25,0.9868881815463368,0.09162085541318955,0.08910196992158818,limit_cycle_like
0.72,2.25,0.9828433532894012,0.0902266311802371,0.12978574801433826,limit_cycle_like
0.74,2.25,0.9775687736099014,0.08582726107590888,0.16366694706090298,limit_cycle_like
0.76,2.25,0.9706778770705595,0.08272350205040772,0.1900141270097593,limit_cycle_like
0.78,2.25,0.9616730135280225,0.08261889887999659,0.20916686422090083,limit_cycle_like
0.8,2.25,0.95001120971395,0.08546853641517614,0.2215722990347957,limit_cycle_like
0.0,2.3249999999999997,0.9999967603153235,0.0007852037463490659,0.0004957778281414463,near_complete_closure
0.02,2.3249999999999997,0.999996181680608,0.000646102564024402,0.00037385639183233984,near_complete_closure
0.04,2.3249999999999997,0.9999954631658831,0.0005347494724775721,0.00027641474929906003,near_complete_closure
0.06,2.3249999999999997,0.9999945677881279,0.0003847784096178307,0.00025185723799542314,near_complete_closure
0.08,2.3249999999999997,0.9999934479256217,0.00035450977335343395,0.00019651607682597152,near_complete_closure
0.1,2.3249999999999997,0.9999920421953226,0.000310459750403836,0.00016001578799228265,near_complete_closure
0.12,2.3249999999999997,0.9999902711496584,0.000239302897741249,0.00015426488918688586,near_complete_closure
0.14,2.3249999999999997,0.9999880315827967,0.00022709234114620108,0.00011755440172175176,near_complete_closure
0.16,2.3249999999999997,0.9999851892945298,0.00017381792459137516,0.00012119769621611605,near_complete_closure
0.18,2.3249999999999997,0.9999815699205954,0.00020985879978970695,0.0001014663721633,near_complete_closure
0.2,2.3249999999999997,0.9999769468970623,0.00020870462411708601,0.00010158488875124492,near_complete_closure
0.22,2.3249999999999997,0.9999710252765287,0.0001787063468527458,0.00010038013164092438,near_complete_closure
0.24,2.3249999999999997,0.9999634203099235,0.0001519200264077798,9.316037225721377e-05,near_complete_closure
0.26,2.3249999999999997,0.9999536299148274,0.00021348778203151636,9.556947542330899e-05,near_complete_closure
0.28,2.3249999999999997,0.999940999213161,0.0002958155765496158,9.824996997108299e-05,near_complete_closure
0.3,2.3249999999999997,0.9999246735780445,0.00026979296273147986,0.00012538958916875366,near_complete_closure
0.32,2.3249999999999997,0.9999035361680714,0.0002456533267609741,0.00011654951730392794,near_complete_closure
0.34,2.3249999999999997,0.9998761269211242,0.00041258382206682754,0.00011782149375153674,near_complete_closure
0.36,2.3249999999999997,0.9998405384806892,0.0005961238613985458,0.00016905851111618289,near_complete_closure
0.38,2.3249999999999997,0.9997942789860882,0.0005791579138877335,0.00023699785545611344,near_complete_closure
0.4,2.3249999999999997,0.9997340896592253,0.0006013018038553034,0.0002303424593693693,near_complete_closure
0.42,2.3249999999999997,0.9996557093059044,0.0010958889342703112,0.0002214145585083223,near_complete_closure
0.44,2.3249999999999997,0.9995535728422972,0.0014432659257612886,0.0004916841595976897,near_complete_closure
0.46,2.3249999999999997,0.9994204111948932,0.0013979406856312814,0.0006106429526966446,near_complete_closure
0.48,2.3249999999999997,0.9992467201112774,0.0017288732707473648,0.0006126555844130706,near_complete_closure
0.5,2.3249999999999997,0.9990200881631166,0.0032983139338207484,0.0007575401843673335,near_complete_closure
0.52,2.3249999999999997,0.998724336520658,0.0038358759301375224,0.001784608264855452,near_complete_closure
0.54,2.3249999999999997,0.9983383465043835,0.0036218342789970503,0.0019284513975831954,near_complete_closure
0.56,2.3249999999999997,0.9978345322768644,0.005711665651200325,0.0020441494308908845,near_complete_closure
0.58,2.3249999999999997,0.997177007685004,0.011412204573100217,0.0034940346514989546,near_complete_closure
0.6,2.3249999999999997,0.9963191267276391,0.012244061046584329,0.007810421334530366,near_complete_closure
0.62,2.3249999999999997,0.9951999331877603,0.012208712726861819,0.008254890142521143,near_complete_closure
0.64,2.3249999999999997,0.9937401033800745,0.0188255386200678,0.010777991624895565,stable_quasi_closure
0.66,2.3249999999999997,0.991837466302396,0.05316801678548103,0.013616749389603793,limit_cycle_like
0.68,2.3249999999999997,0.9893588738584089,0.08133035155596925,0.04418267480062168,limit_cycle_like
0.7000000000000001,2.3249999999999997,0.9861291431915059,0.09110780412259815,0.0865308599949861,limit_cycle_like
0.72,2.3249999999999997,0.9819259289558706,0.08993726421873793,0.126656986970079,limit_cycle_like
0.74,2.3249999999999997,0.9764676696464306,0.08555835669027229,0.1601642161279738,limit_cycle_like
0.76,2.3249999999999997,0.9693678848231784,0.0823111719329024,0.1862763259569436,limit_cycle_like
0.78,2.3249999999999997,0.9601254312742378,0.08197598796853595,0.20530747500185412,limit_cycle_like
0.8,2.3249999999999997,0.9481995187038286,0.08458203647385004,0.21770085382040816,limit_cycle_like
0.0,2.4,0.9999960663834124,0.0008034893669299422,0.00047472182622193846,near_complete_closure
0.02,2.4,0.9999953788606125,0.0006189532120217783,0.00038063814332541695,near_complete_closure
0.04,2.4,0.9999945277239254,0.0005354789743913189,0.00027221915199081607,near_complete_closure
0.06,2.4,0.9999934704266712,0.00039236293057853014,0.00024024377457274458,near_complete_closure
0.08,2.4,0.9999921522545367,0.00033472041323103814,0.00020147601114894393,near_complete_closure
0.1,2.4,0.9999905029440495,0.00031681810811926074,0.00015310541231812323,near_complete_closure
0.12,2.4,0.9999884320095148,0.00024063947839446162,0.00015157925561347355,near_complete_closure
0.14,2.4,0.9999858224381559,0.00022413891019270463,0.0001188656135590074,near_complete_closure
0.16,2.4,0.999982522590996,0.00017596144858984003,0.00011497749000821709,near_complete_closure
0.18,2.4,0.999978336046915,0.0001971832646273921,0.00010418005316265433,near_complete_closure
0.2,2.4,0.99997300854241,0.00021852383302614053,9.499492217743269e-05,near_complete_closure
0.22,2.4,0.9999662105385374,0.00018358491819646267,0.00010245387046026165,near_complete_closure
0.24,2.4,0.9999575139918437,0.00015956970069509464,8.882805948032327e-05,near_complete_closure
0.26,2.4,0.9999463624022905,0.00020174279536117103,9.676923197234603e-05,near_complete_closure
0.28,2.4,0.9999320326511061,0.0003063913310480159,9.108018716398642e-05,near_complete_closure
0.3,2.4,0.9999135850673616,0.00029011746922886583,0.00012670464637704593,near_complete_closure
0.32,2.4,0.9998897969774666,0.0002633782039474186,0.00011479104947757599,near_complete_closure
0.34,2.4,0.9998590762450685,0.00040655425868561416,0.00011990529869445772,near_complete_closure
0.36,2.4,0.9998193510467311,0.0006201082707016956,0.0001573363699559801,near_complete_closure
0.38,2.4,0.9997679261969188,0.0006199206314934739,0.00024178805971670293,near_complete_closure
0.4,2.4,0.9997012921003826,0.0006291815373637344,0.00023184369483234213,near_complete_closure
0.42,2.4,0.9996148774590989,0.001097287350252567,0.00022252637590347305,near_complete_closure
0.44,2.4,0.9995027357430499,0.0014998989207402377,0.00047428629647420037,near_complete_closure
0.46,2.4,0.9993571334161814,0.0014724589034097047,0.0006242938776076472,near_complete_closure
0.48,2.4,0.9991680009369776,0.0017485227705766823,0.0006194182280266009,near_complete_closure
0.5,2.4,0.9989222375170741,0.003309140984161531,0.0007296937370451602,near_complete_closure
0.52,2.4,0.9986028357016928,0.00395002036301451,0.001754990822725566,near_complete_closure
0.54,2.4,0.9981876945295426,0.003740827609641136,0.0019431298943980034,near_complete_closure
0.56,2.4,0.9976480530248475,0.005627707061890168,0.0020441143119475473,near_complete_closure
0.58,2.4,0.9969466287706099,0.011374748966177513,0.0033370087650895336,near_complete_closure
0.6,2.4,0.9960351876113495,0.012393694833339573,0.007666780230239103,near_complete_closure
0.62,2.4,0.9948509687148792,0.0122759219819804,0.008176777207376461,stable_quasi_closure
0.64,2.4,0.9933125179914344,0.018251680586212782,0.010555104346078368,stable_quasi_closure
0.66,2.4,0.9913153673776526,0.052001498709648576,0.013048902961586943,limit_cycle_like
0.68,2.4,0.9887241906000181,0.08042908538922014,0.042524008326351816,limit_cycle_like
0.7000000000000001,2.4,0.9853612896804443,0.09059588731422008,0.08409322072361752,limit_cycle_like
0.72,2.4,0.9810014580290684,0.08964647078524003,0.12368073059089796,limit_cycle_like
0.74,2.4,0.9753622159424394,0.08529550936655107,0.15682617958843556,limit_cycle_like
0.76,2.4,0.9680576601664543,0.08191830868360558,0.18271029154453775,limit_cycle_like
0.78,2.4,0.9585836231765064,0.08136619395308682,0.20162218209421853,limit_cycle_like
0.8,2.4,0.9464008880835473,0.08374012990869437,0.21400056643748483,limit_cycle_like
0.0,2.475,0.9999952659381648,0.0008298124903832803,0.00045122774380849966,near_complete_closure
0.02,2.475,0.9999944556433302,0.00060289733624043,0.0003801484181728068,near_complete_closure
0.04,2.475,0.9999934553272922,0.0005246823894569484,0.00027543535946587686,near_complete_closure
0.06,2.475,0.9999922164534122,0.00040489254533199897,0.0002272257449680022,near_complete_closure
0.08,2.475,0.9999906766344148,0.0003174766277672458,0.000203466612083485,near_complete_closure
0.1,2.475,0.9999887559551017,0.0003159296565614978,0.00015068126589538587,near_complete_closure
0.12,2.475,0.9999863519546002,0.0002478871027229524,0.00014592690454899316,near_complete_closure
0.14,2.475,0.9999833327570326,0.00021908179929732064,0.00012191962733819121,near_complete_closure
0.16,2.475,0.9999795280910178,0.00018107058740939573,0.0001083972735470041,near_complete_closure
0.18,2.475,0.9999747180433313,0.0001833930155815233,0.00010624916610558849,near_complete_closure
0.2,2.475,0.9999686188783058,0.0002252694191158808,8.944953465875792e-05,near_complete_closure
0.22,2.475,0.9999608643681789,0.00019143319137926592,0.00010301232557226797,near_complete_closure
0.24,2.475,0.9999509808227203,0.00016819606776413847,8.624887862064777e-05,near_complete_closure
0.26,2.475,0.9999383546655678,0.00019196638675058453,9.679685319058237e-05,near_complete_closure
0.28,2.475,0.9999221914051726,0.00031354163497925003,8.543309742943761e-05,near_complete_closure
0.3,2.475,0.999901462694912,0.000311697760735578,0.00012633663132575099,near_complete_closure
0.32,2.475,0.9998748360776679,0.00028343463236734,0.00011472382142809559,near_complete_closure
0.34,2.475,0.9998405831248309,0.0004025848695317177,0.00012158991198157482,near_complete_closure
0.36,2.475,0.9997964628521389,0.0006406616625393789,0.0001464126066336593,near_complete_closure
0.38,2.475,0.999739571654608,0.0006610184487616595,0.00024486876424165854,near_complete_closure
0.4,2.475,0.9996661442244301,0.0006613922705602452,0.00023462447739302004,near_complete_closure
0.42,2.475,0.9995712947002081,0.001098886091204512,0.00022577621159420653,near_complete_closure
0.44,2.475,0.9994486907721611,0.0015522346093868945,0.0004563973303293348,near_complete_closure
0.46,2.475,0.9992901310950456,0.00154663085187189,0.0006365515790532939,near_complete_closure
0.48,2.475,0.9990849803567036,0.001776212614240482,0.0006264859550062528,near_complete_closure
0.5,2.475,0.9988194507513843,0.003316318525271244,0.0007082289340335643,near_complete_closure
0.52,2.475,0.9984757110602738,0.004058588036657573,0.0017232105644076558,near_complete_closure
0.54,2.475,0.998030689914871,0.0038585692382955466,0.001958369628435032,near_complete_closure
0.56,2.475,0.9974544742632845,0.005559266614801401,0.0020437978231443586,near_complete_closure
0.58,2.475,0.996708414562966,0.011329825187145547,0.0031940945100188364,near_complete_closure
0.6,2.475,0.9957427274115777,0.012538668802836696,0.00752297875952397,near_complete_closure
0.62,2.475,0.9944929162264553,0.012344308588603478,0.008107528670751157,stable_quasi_closure
0.64,2.475,0.9928754864051896,0.01773361469417693,0.010341204936645669,stable_quasi_closure
0.66,2.475,0.9907837559187055,0.050877785403392974,0.01253406867339391,limit_cycle_like
0.68,2.475,0.9880803542668956,0.0795440969874116,0.040961392234041334,limit_cycle_like
0.7000000000000001,2.475,0.9845852961535427,0.09008569122314382,0.08177872933409201,limit_cycle_like
0.72,2.475,0.9800706652220476,0.08935459635007316,0.1208455086231915,limit_cycle_like
0.74,2.475,0.9742531431758892,0.08503809683404433,0.15364064527864563,limit_cycle_like
0.76,2.475,0.9667478409499788,0.08154309550066796,0.1793034422412046,limit_cycle_like
0.78,2.475,0.9570480497799894,0.08078669215587173,0.19809839674933621,limit_cycle_like
0.8,2.475,0.9446155640411869,0.08293921410870965,0.21045923658791915,limit_cycle_like
0.0,2.55,0.9999943491048559,0.0008505239900524576,0.0004326267259944456,near_complete_closure
0.02,2.55,0.9999934013163183,0.0006028079837531214,0.0003716954889583745,near_complete_closure
0.04,2.55,0.999992234259461,0.0005065400065073044,0.00028202518423195254,near_complete_closure
0.06,2.55,0.9999907929770625,0.00041573886207981543,0.00021638156988134654,near_complete_closure
0.08,2.55,0.9999890068541143,0.0003072757402487332,0.0002013480229434575,near_complete_closure
0.1,2.55,0.9999867855700544,0.0003079548819993099,0.00015216405256639496,near_complete_closure
0.12,2.55,0.999984013736178,0.00025800495930317763,0.00013859073888092952,near_complete_closure
0.14,2.55,0.9999805435191523,0.00021433659255519583,0.00012490300917111113,near_complete_closure
0.16,2.55,0.999976184804296,0.00018665832245764514,0.00010282765646961091,near_complete_closure
0.18,2.55,0.9999706927803327,0.00017074412292560428,0.00010685260307520826,near_complete_closure
0.2,2.55,0.9999637525090629,0.00022819590817526762,8.575983306185321e-05,near_complete_closure
0.22,2.55,0.9999549589965626,0.00020193100735244564,0.00010184299678532055,near_complete_closure
0.24,2.55,0.9999437905688603,0.00017728205971208338,8.558933044980937e-05,near_complete_closure
0.26,2.55,0.9999295739922957,0.0001854867160117378,9.562821881987479e-05,near_complete_closure
0.28,2.55,0.9999114404132796,0.00031749303617872583,8.167876433767392e-05,near_complete_closure
0.3,2.55,0.9998882693227619,0.0003338229671764303,0.00012432860802159249,near_complete_closure
0.32,2.55,0.9998586146746811,0.0003051107135439609,0.00011620325921832595,near_complete_closure
0.34,2.55,0.9998206077870325,0.0004015398500248044,0.00012272584794798355,near_complete_closure
0.36,2.55,0.9997718342059357,0.0006580140790051769,0.00013681427196504006,near_complete_closure
0.38,2.55,0.9997091772011767,0.0007020135381584515,0.00024618694467836235,near_complete_closure
0.4,2.55,0.9996286112778638,0.0006968610519660516,0.00023866094622015257,near_complete_closure
0.42,2.55,0.9995249321845036,0.001101529635570906,0.00023040045279292204,near_complete_closure
0.44,2.55,0.9993914183382921,0.0016003248196935279,0.0004385454734417755,near_complete_closure
0.46,2.55,0.999219397914835,0.0016201686037686986,0.000647151137532897,near_complete_closure
0.48,2.55,0.9989976701089679,0.0018108472069681184,0.0006339822427725033,near_complete_closure
0.5,2.55,0.9987117637096208,0.003320847219656294,0.0006925210902723442,near_complete_closure
0.52,2.55,0.998343029647255,0.004161417281893095,0.0016898614878685984,near_complete_closure
0.54,2.55,0.9978674384748172,0.003974723636193867,0.0019735389720530274,near_complete_closure
0.56,2.55,0.9972539487798971,0.005505375347531104,0.002043262177652308,near_complete_closure
0.58,2.55,0.9964625745516089,0.011278780067615247,0.0030643977764492,near_complete_closure
0.6,2.55,0.995442021140956,0.012678186675822042,0.00737964295183003,near_complete_closure
0.62,2.55,0.9941261223194539,0.01241375883031513,0.00804539211669492,stable_quasi_closure
0.64,2.55,0.9924294329165773,0.01726691006762234,0.01013609759652624,stable_quasi_closure
0.66,2.55,0.9902431379687182,0.04979501471203485,0.012066774929632694,stable_quasi_closure
0.68,2.55,0.9874279436650278,0.07867524007672566,0.039487177683873005,limit_cycle_like
0.7000000000000001,2.55,0.983801795587457,0.08957771062423846,0.07957812438199811,limit_cycle_like
0.72,2.55,0.9791342222842804,0.08906195613653223,0.11814101094042542,limit_cycle_like
0.74,2.55,0.9731411226492385,0.08478559245086861,0.15059664376895548,limit_cycle_like
0.76,2.55,0.9654390054267707,0.0811839349342494,0.17604444787846996,limit_cycle_like
0.78,2.55,0.9555191117754033,0.0802349768394686,0.19472476667230795,limit_cycle_like
0.8,2.55,0.9428437365581426,0.08217607220451542,0.20706585094488153,limit_cycle_like
0.0,2.625,0.9999933057505435,0.000856997174998408,0.0004236931696522093,near_complete_closure
0.02,2.625,0.9999922049339806,0.0006159849834454257,0.00035739985972194706,near_complete_closure
0.04,2.625,0.9999908526165363,0.00048747114911286215,0.0002876618000863613,near_complete_closure
0.06,2.625,0.9999891869632648,0.00042064031659215046,0.0002102661400825117,near_complete_closure
0.08,2.625,0.9999871285929136,0.0003056435275672139,0.00019542184811209012,near_complete_closure
0.1,2.625,0.9999845760579322,0.0002946921501934412,0.0001556880512334879,near_complete_closure
0.12,2.625,0.9999814000936106,0.00026761381734818077,0.00013118909854177636,near_complete_closure
0.14,2.625,0.9999774357846939,0.0002121628548700874,0.00012651517160120756,near_complete_closure
0.16,2.625,0.9999724719370509,0.000191125504981479,9.92700809014188e-05,near_complete_closure
0.18,2.625,0.9999662374529231,0.0001611610137648552,0.00010571594300903394,near_complete_closure
0.2,2.625,0.9999583845169274,0.00022723544039358908,8.418690712990855e-05,near_complete_closure
0.22,2.625,0.9999484673323304,0.000214141788664622,9.906405518842264e-05,near_complete_closure
0.24,2.625,0.9999359139229056,0.0001868144621520179,8.652871238141748e-05,near_complete_closure
0.26,2.625,0.9999199888792326,0.0001830938308504323,9.347360614519234e-05,near_complete_closure
0.28,2.625,0.9998997461482748,0.0003187229641046015,7.980789397587483e-05,near_complete_closure
0.3,2.625,0.9998739697341823,0.0003557847765449826,0.00012086702683661386,near_complete_closure
0.32,2.625,0.9998410963455704,0.0003279635932676992,0.00011884706385575224,near_complete_closure
0.34,2.625,0.9997991133111899,0.00040395971266924085,0.000123347670292255,near_complete_closure
0.36,2.625,0.9997454287824393,0.0006725287679512146,0.00012892978489713046,near_complete_closure
0.38,2.625,0.9996767086128078,0.0007424985365730136,0.00024581444506006293,near_complete_closure
0.4,2.625,0.9995886630158483,0.0007347173899069915,0.00024379581930264322,near_complete_closure
0.42,2.625,0.9994757661106068,0.0011058881365805346,0.00023582683923188954,near_complete_closure
0.44,2.625,0.9993309043288128,0.0016443333370357042,0.00042118629955139794,near_complete_closure
0.46,2.625,0.9991449334027724,0.0016928125303797758,0.0006559528526623911,near_complete_closure
0.48,2.625,0.9989060879313283,0.0018513390047749188,0.0006419761080098899,near_complete_closure
0.5,2.625,0.9985992179585913,0.003323601021260948,0.000681869040331745,near_complete_closure
0.52,2.625,0.9982048636489201,0.004258467653777477,0.0016554652483279455,near_complete_closure
0.54,2.625,0.997698049968943,0.004089050771222545,0.00198814972470022,near_complete_closure
0.56,2.625,0.9970466314737076,0.005464981307805128,0.002042590615608154,near_complete_closure
0.58,2.625,0.9962093173823628,0.011222799259106414,0.002947037456250325,near_complete_closure
0.6,2.625,0.9951333391886219,0.012811690456106554,0.007237299699417177,near_complete_closure
0.62,2.625,0.9937509240587478,0.012484165170440079,0.007988911353779658,stable_quasi_closure
0.64,2.625,0.9919747658434945,0.01684743097726125,0.009939570155066245,stable_quasi_closure
0.66,2.625,0.98969399624737,0.04875141567897006,0.011642142816439676,stable_quasi_closure
0.68,2.625,0.9867675068540361,0.07782232721402865,0.03809450614028637,limit_cycle_like
0.7000000000000001,2.625,0.9830113815469865,0.08907236491207285,0.07748307101321922,limit_cycle_like
0.72,2.625,0.9781927520950809,0.08876883715563118,0.11555794139331853,limit_cycle_like
0.74,2.625,0.9720267712419088,0.08453754881098932,0.14768427506150558,limit_cycle_like
0.76,2.625,0.964131678028133,0.08083941940054735,0.17292307443389007,limit_cycle_like
0.78,2.625,0.9539971571609165,0.07970881705156589,0.191491024203426,limit_cycle_like
0.8,2.625,0.9410855468795835,0.08144782427314798,0.20381043834471804,limit_cycle_like
0.0,2.6999999999999997,0.9999921255304578,0.0008469348980358748,0.0004247207249137242,near_complete_closure
0.02,2.6999999999999997,0.9999908553505703,0.0006348266283893477,0.0003410592065990555,near_complete_closure
0.04,2.6999999999999997,0.9999892983377998,0.0004738606007315812,0.0002894229842857706,near_complete_closure
0.06,2.6999999999999997,0.9999873852744355,0.0004182451039017995,0.00020943726911765764,near_complete_closure
0.08,2.6999999999999997,0.9999850274731344,0.0003107992229589223,0.00018697878693318474,near_complete_closure
0.1,2.6999999999999997,0.9999821116726584,0.00027895143487259545,0.00015917997072414456,near_complete_closure
0.12,2.6999999999999997,0.9999784938101582,0.0002741223366841658,0.00012524760787370825,near_complete_closure
0.14,2.6999999999999997,0.9999739907486592,0.00021389579933508708,0.00012612708714011557,near_complete_closure
0.16,2.6999999999999997,0.9999683689471333,0.00019392121143029369,9.806720262886464e-05,near_complete_closure
0.18,2.6999999999999997,0.9999613296425931,0.00015582095276449955,0.00010299657369714288,near_complete_closure
0.2,2.6999999999999997,0.9999524905248687,0.0002228101551278617,8.44075604347669e-05,near_complete_closure
0.22,2.6999999999999997,0.9999413630145861,0.0002269068711511194,9.502139099853318e-05,near_complete_closure
0.24,2.6999999999999997,0.9999273225483654,0.00019702967899647104,8.84460348065096e-05,near_complete_closure
0.26,2.6999999999999997,0.9999095690768722,0.00018494737535811403,9.069639718174814e-05,near_complete_closure
0.28,2.6999999999999997,0.9998870766423829,0.0003178773599855647,7.948319848253344e-05,near_complete_closure
0.3,2.6999999999999997,0.9998585306279242,0.0003769751073484859,0.0001162372283707326,near_complete_closure
0.32,2.6999999999999997,0.9998222470014629,0.00035171748881023484,0.00012217074696674118,near_complete_closure
0.34,2.6999999999999997,0.9997760655742821,0.00041005859070992773,0.00012360937794912458,near_complete_closure
0.36,2.6999999999999997,0.999717213522696,0.0006846527891900869,0.00012298343330445502,near_complete_closure
0.38,2.6999999999999997,0.9996421354244739,0.000782109065030554,0.00024390097583290246,near_complete_closure
0.4,2.6999999999999997,0.9995462734699616,0.0007742773034655818,0.00024978667440755925,near_complete_closure
0.42,2.6999999999999997,0.9994237773945567,0.0011124572771373526,0.00024166250041817558,near_complete_closure
0.44,2.6999999999999997,0.9992671397075855,0.00168450183040965,0.0004047025504884134,near_complete_closure
0.46,2.6999999999999997,0.9990667424120491,0.001764332372424856,0.0006629155450521784,near_complete_closure
0.48,2.6999999999999997,0.9988102569270888,0.001896661931433771,0.00065048384286052,near_complete_closure
0.5,2.6999999999999997,0.998481860143079,0.0033253320227568327,0.0006755433560722595,near_complete_closure
0.52,2.6999999999999997,0.9980612895227905,0.004349795831970462,0.0016204764284509139,near_complete_closure
0.54,2.6999999999999997,0.9975226373424714,0.004201374935222,0.0020018356303652825,near_complete_closure
0.56,2.6999999999999997,0.9968326783631624,0.0054369900227929065,0.002041872175447761,near_complete_closure
0.58,2.6999999999999997,0.9959488500790981,0.011162923667731254,0.0028411501298924564,near_complete_closure
0.6,2.6999999999999997,0.994816946778945,0.012938814170603974,0.007096390429201595,stable_quasi_closure
0.62,2.6999999999999997,0.9933676488457793,0.012555416560052603,0.007936881562584094,stable_quasi_closure
0.64,2.6999999999999997,0.9915118778725145,0.016471315844929318,0.009751396579226655,stable_quasi_closure
0.66,2.6999999999999997,0.9891367909803315,0.04774530734857308,0.011255814093834802,stable_quasi_closure
0.68,2.6999999999999997,0.9860995626010054,0.07698513697906666,0.03677720869936731,limit_cycle_like
0.7000000000000001,2.6999999999999997,0.9822146109994816,0.08857000751167916,0.07548604590119266,limit_cycle_like
0.72,2.6999999999999997,0.977246832476611,0.0884754983616735,0.11308789333138904,limit_cycle_like
0.74,2.6999999999999997,0.9709106557140409,0.08429358467931376,0.14489457843529766,limit_cycle_like
0.76,2.6999999999999997,0.9628263341090899,0.08050830323506616,0.16993005101589967,limit_cycle_like
0.78,2.6999999999999997,0.9524824874896348,0.07920621997970621,0.18838785671220287,limit_cycle_like
0.8,2.6999999999999997,0.9393410938848508,0.0807518838477689,0.2006839456556823,limit_cycle_like
0.0,2.775,0.9999907979405351,0.0008234016465296822,0.00043207005651596763,near_complete_closure
0.02,2.775,0.9999893412592951,0.000651233336059871,0.00032685722126446547,near_complete_closure
0.04,2.775,0.9999875592361319,0.00046973244182778887,0.0002862244853261303,near_complete_closure
0.06,2.775,0.9999853747042378,0.00040969051783682663,0.0002124971639646378,near_complete_closure
0.08,2.775,0.9999826891063021,0.00031912530877083547,0.0001778664831389146,near_complete_closure
0.1,2.775,0.9999793767074089,0.0002639139993166869,0.00016110015742695628,near_complete_closure
0.12,2.775,0.9999752777657487,0.0002760992066452443,0.00012177984929910664,near_complete_closure
0.14,2.775,0.9999701897896724,0.000219528282957023,0.00012368489774856775,near_complete_closure
0.16,2.775,0.9999638555967958,0.00019533627934242818,9.885150661205348e-05,near_complete_closure
0.18,2.775,0.999955947371965,0.0001548443654042664,9.912897973338938e-05,near_complete_closure
0.2,2.775,0.9999460467495671,0.00021569952405356508,8.573578693122825e-05,near_complete_closure
0.22,2.775,0.9999336204627957,0.00023914111088324392,9.019590390261572e-05,near_complete_closure
0.24,2.775,0.9999179891178003,0.0002082005828606895,9.066262736331374e-05,near_complete_closure
0.26,2.775,0.9998982856088843,0.00019065371169460052,8.77280172516278e-05,near_complete_closure
0.28,2.775,0.9998734015013881,0.00031568931332588354,8.018538109538072e-05,near_complete_closure
0.3,2.775,0.999841920611385,0.0003969202004531379,0.00011077533658959389,near_complete_closure
0.32,2.775,0.9998020348489429,0.0003761763107596297,0.00012569800942554798,near_complete_closure
0.34,2.775,0.9997514331574424,0.0004197712338293633,0.0001237210856480832,near_complete_closure
0.36,2.775,0.9996871585033507,0.0006948785460197616,0.00011901980871037698,near_complete_closure
0.38,2.775,0.9996054307410082,0.0008205405148952389,0.00024064595665897616,near_complete_closure
0.4,2.775,0.9995014206906858,0.0008150147860290755,0.00025635126498208395,near_complete_closure
0.42,2.775,0.99936895137507,0.0011215681044467998,0.0002476602818324338,near_complete_closure
0.44,2.775,0.9992001201214245,0.0017211234041459766,0.00038940439441207373,near_complete_closure
0.46,2.775,0.9989848346430746,0.0018345248288728299,0.0006680690137650758,near_complete_closure
0.48,2.775,0.9987102050359407,0.001945883430230893,0.0006594788097130312,near_complete_closure
0.5,2.775,0.9983597413204401,0.0033266794473517007,0.0006728297208017544,near_complete_closure
0.52,2.775,0.9979123874425416,0.0044355283806773805,0.0015852853432748498,near_complete_closure
0.54,2.775,0.9973413159847088,0.00431156688743425,0.002014332650761891,near_complete_closure
0.56,2.775,0.9966122461492657,0.005420291177923614,0.0020411901342123734,near_complete_closure
0.58,2.775,0.9956813774810578,0.011100064351617407,0.0027458942444593248,near_complete_closure
0.6,2.775,0.9944931035132117,0.013059344289292842,0.006957280332629451,stable_quasi_closure
0.62,2.775,0.9929766143555927,0.012627398221271962,0.007888312660576336,stable_quasi_closure
0.64,2.775,0.9910411464194817,0.01613495927614677,0.009571337724997355,stable_quasi_closure
0.66,2.775,0.9885719607907263,0.04677509303470592,0.01090388925422599,stable_quasi_closure
0.68,2.775,0.9854246020384542,0.07616342524272297,0.03552972166636955,limit_cycle_like
0.7000000000000001,2.775,0.9814120068605393,0.08807093375588941,0.0735802392066921,limit_cycle_like
0.72,2.775,0.9762969998358938,0.08818217486809218,0.11072324364014854,limit_cycle_like
0.74,2.775,0.9697932973806962,0.08405337377971944,0.14221942010802927,limit_cycle_like
0.76,2.775,0.9615234050611314,0.08018947928312276,0.16705695665658216,limit_cycle_like
0.78,2.775,0.9509753632009523,0.07872539821866359,0.18540679522164646,limit_cycle_like
0.8,2.775,0.937610439654535,0.08008592130202581,0.1976781314248276,limit_cycle_like
0.0,2.85,0.9999893123702337,0.0007930544134644674,0.000440604348580868,near_complete_closure
0.02,2.85,0.9999876512370522,0.0006594969303506188,0.00031798724292739976,near_complete_closure
0.04,2.85,0.9999856230310853,0.0004752842341626144,0.0002785500819227616,near_complete_closure
0.06,2.85,0.9999831420081988,0.0003977928667393707,0.00021705382988235919,near_complete_closure
0.08,2.85,0.9999800991316127,0.0003270048657455703,0.00016998170249155122,near_complete_closure
0.1,2.85,0.9999763555433067,0.0002524043883667085,0.00016066919572630138,near_complete_closure
0.12,2.85,0.9999717349885043,0.00027317735016341556,0.00012098307960341701,near_complete_closure
0.14,2.85,0.9999660145172604,0.0002279060899098811,0.00011956289063098725,near_complete_closure
0.16,2.85,0.9999589119943281,0.0001962028475353023,0.0001007998024108227,near_complete_closure
0.18,2.85,0.9999500691522412,0.00015745832624524203,9.472605335315547e-05,near_complete_closure
0.2,2.85,0.9999390300462406,0.00020689304895333695,8.740634695367306e-05,near_complete_closure
0.22,2.85,0.9999252149101968,0.0002499922666755088,8.512499488210359e-05,near_complete_closure
0.24,2.85,0.9999078873395706,0.00022048952569789056,9.260689399841315e-05,near_complete_closure
0.26,2.85,0.9998861107972804,0.0001994967806311304,8.499531502133996e-05,near_complete_closure
0.28,2.85,0.9998586919071711,0.0003129230176944695,8.138692202743487e-05,near_complete_closure
0.3,2.85,0.9998241101826281,0.0004152896920582537,0.00010483821147280638,near_complete_closure
0.32,2.85,0.9997804303346661,0.0004011755798170388,0.0001290313457826454,near_complete_closure
0.34,2.85,0.9997251872775914,0.000432820298120526,0.00012390572541395547,near_complete_closure
0.36,2.85,0.9996552368171707,0.000703710263353447,0.00011690905701006358,near_complete_closure
0.38,2.85,0.999566571073346,0.0008575542201554134,0.00023627647215022072,near_complete_closure
0.4,2.85,0.9994540865129964,0.0008565256851405496,0.00026320639112275396,near_complete_closure
0.42,2.85,0.9993112774852617,0.0011334046423942049,0.0002536814049193281,near_complete_closure
0.44,2.85,0.9991298455352482,0.0017545234297717046,0.0003755321631180126,near_complete_closure
0.46,2.85,0.9988992241824383,0.0019032127208784108,0.000671491890806422,near_complete_closure
0.48,2.85,0.9986059644786833,0.0019981814763775497,0.0006689008498537932,near_complete_closure
0.5,2.85,0.9982329164182778,0.0033281765018215556,0.0006730596653164836,near_complete_closure
0.52,2.85,0.9977582405570581,0.004515846323669747,0.0015502256519579571,near_complete_closure
0.54,2.85,0.997154203105923,0.004419530442428743,0.002025460102529228,near_complete_closure
0.56,2.85,0.9963854915127707,0.0054137879753112395,0.002040617775076963,near_complete_closure
0.58,2.85,0.9954071017971008,0.01103501604966867,0.0026604537235570143,near_complete_closure
0.6,2.85,0.9941620631353324,0.013173187173518671,0.006820269219810464,stable_quasi_closure
0.62,2.85,0.9925781284748754,0.012699989815805567,0.007842394799337887,stable_quasi_closure
0.64,2.85,0.9905629341575023,0.015834996665743444,0.00939914431773482,stable_quasi_closure
0.66,2.85,0.987999923490924,0.04583925695401514,0.010582875203608115,stable_quasi_closure
0.68,2.85,0.9847430900748676,0.07535692877090153,0.034347013354546735,limit_cycle_like
0.7000000000000001,2.85,0.9806040600883228,0.08757539218122741,0.07175947086093262,limit_cycle_like
0.72,2.85,0.9753437522896997,0.08788907852018267,0.10845706141475646,limit_cycle_like
0.74,2.85,0.9686751751811938,0.08381663510391271,0.13965139836102305,limit_cycle_like
0.76,2.85,0.9602232823963458,0.07988196390207651,0.16429612354786405,limit_cycle_like
0.78,2.85,0.9494760084528918,0.07826474579110629,0.1825401190285885,limit_cycle_like
0.8,2.85,0.935893614323194,0.07944783251177649,0.19478547432254076,limit_cycle_like
0.0,2.925,0.9999876581507282,0.0007640346997734944,0.00044598188459208445,near_complete_closure
0.02,2.925,0.9999857737923425,0.0006571685714568638,0.00031557292761428553,near_complete_closure
0.04,2.925,0.9999834773856967,0.00048736062048704054,0.00026800836472418155,near_complete_closure
0.06,2.925,0.9999806739332824,0.000386163250319808,0.00022084196127440726,near_complete_closure
0.08,2.925,0.9999772432495289,0.00033196798383045375,0.0001647707198506713,near_complete_closure
0.1,2.925,0.9999730326909231,0.00024614245615683033,0.00015780010306005776,near_complete_closure
0.12,2.925,0.9999678487000907,0.000265832758941343,0.000122268036580528,near_complete_closure
0.14,2.925,0.999961446813562,0.00023732816545502216,0.00011441579397524148,near_complete_closure
0.16,2.925,0.9999535186325772,0.00019757252002624038,0.00010300213960048322,near_complete_closure
0.18,2.925,0.9999436740166701,0.000162450303361629,9.044690403654474e-05,near_complete_closure
0.2,2.925,0.9999314179504878,0.00019750668418045268,8.880080663602182e-05,near_complete_closure
0.22,2.925,0.9999161224390262,0.0002588972080933801,8.034408831242877e-05,near_complete_closure
0.24,2.925,0.9998969919721833,0.00023388980970061462,9.388370815824672e-05,near_complete_closure
0.26,2.925,0.9998730182604649,0.00021070834973221388,8.286527555242036e-05,near_complete_closure
0.28,2.925,0.9998429206165191,0.00031031724558758266,8.266116973134953e-05,near_complete_closure
0.3,2.925,0.9998050716923966,0.00043189408242066854,9.878104990458714e-05,near_complete_closure
0.32,2.925,0.9997574060874378,0.0004265516288374658,0.00013187382177883244,near_complete_closure
0.34,2.925,0.9996973016875059,0.0004488039616215237,0.00012435803451650722,near_complete_closure
0.36,2.925,0.9996214244445015,0.0007116404524429871,0.00011639437325111232,near_complete_closure
0.38,2.925,0.9995255361592743,0.0008929723043050239,0.00023102960014621953,near_complete_closure
0.4,2.925,0.999404256315731,0.0008984990570774077,0.00027009400279397926,near_complete_closure
0.42,2.925,0.9992507490018929,0.0011480240362697484,0.0002596632362536818,near_complete_closure
0.44,2.925,0.9990563198908288,0.0017850424152839723,0.00036325843047273177,near_complete_closure
0.46,2.925,0.9988099291163433,0.001970246920594687,0.0006732967297969229,near_complete_closure
0.48,2.925,0.9984975712976973,0.0020528466873581588,0.0006786667899130802,near_complete_closure
0.5,2.925,0.998101443747646,0.003330260146110452,0.0006756338486981162,near_complete_closure
0.52,2.925,0.997598934539881,0.004590967936937199,0.001515579041514857,near_complete_closure
0.54,2.925,0.9969614171702582,0.004525195093468958,0.0020351048821917106,near_complete_closure
0.56,2.925,0.9961525706459933,0.0054164159227608035,0.002040214692427049,near_complete_closure
0.58,2.925,0.9951262222668243,0.010968469336292587,0.002584041186150027,near_complete_closure
0.6,2.925,0.9938240732267495,0.013280343256281009,0.006685600715245111,stable_quasi_closure
0.62,2.925,0.9921724892673248,0.012773067138123925,0.007798469487160135,stable_quasi_closure
0.64,2.925,0.9900775893201557,0.01556829214220579,0.009234559075155238,stable_quasi_closure
0.66,2.925,0.9874210773590756,0.04493635926279307,0.01028964029781388,stable_quasi_closure
0.68,2.925,0.9840554668197664,0.07456537087947843,0.033224521795111275,limit_cycle_like
0.7000000000000001,2.925,0.9797912319528053,0.08708358893023023,0.0700181181609118,limit_cycle_like
0.72,2.925,0.9743875527625457,0.08759639870881991,0.10628302976005065,limit_cycle_like
0.74,2.925,0.9675567296137539,0.08358312720924707,0.13718376065930896,limit_cycle_like
0.76,2.925,0.9589263206898045,0.07958487676221422,0.16164055107661338,limit_cycle_like
0.78,2.925,0.9479846151815001,0.07782281415744215,0.17978077265770837,limit_cycle_like
0.8,2.925,0.9341906205529736,0.07883571229565214,0.19199909398971507,limit_cycle_like
0.0,3.0,0.9999858245933961,0.0007435567471165884,0.00044570791440596034,near_complete_closure
0.02,3.0,0.9999836974123242,0.0006447452926077348,0.0003184687776607114,near_complete_closure
0.04,3.0,0.9999811099461456,0.0005012845589003057,0.00025679202815074355,near_complete_closure
0.06,3.0,0.9999779572474735,0.0003781669409173055,0.00022232798506056207,near_complete_closure
0.08,3.0,0.9999741072499362,0.00033296526372506745,0.0001628007330684488,near_complete_closure
0.1,3.0,0.9999693928267261,0.0002452823235816067,0.00015293561404041453,near_complete_closure
0.12,3.0,0.9999636023588068,0.0002551673606955081,0.00012462125306723866,near_complete_closure
0.14,3.0,0.999956468872295,0.0002461207163620898,0.00010903317351026522,near_complete_closure
0.16,3.0,0.9999476564224439,0.00020038153707957384,0.00010470947775119644,near_complete_closure
0.18,3.0,0.9999367415542622,0.00016868703832220868,8.689276597785977e-05,near_complete_closure
0.2,3.0,0.9999231887019658,0.0001886601023328221,8.951340586651685e-05,near_complete_closure
0.22,3.0,0.9999063200025323,0.0002655680184299849,7.631482327720482e-05,near_complete_closure
0.24,3.0,0.9998852788462265,0.0002482155752061355,9.426613823027247e-05,near_complete_closure
0.26,3.0,0.9998589829189749,0.0002236262001933266,8.158403082037138e-05,near_complete_closure
0.28,3.0,0.9998260619346679,0.0003085379329272914,8.372027969811485e-05,near_complete_closure
0.3,3.0,0.9997847793206441,0.0004466674991227376,9.294067893156185e-05,near_complete_closure
0.32,3.0,0.9997329368626913,0.00045213125652830314,0.00013402813311571955,near_complete_closure
0.34,3.0,0.9996677525779877,0.00046727184510117714,0.00012522742036652953,near_complete_closure
0.36,3.0,0.9995857001261269,0.0007191280145436335,0.0001171487140370571,near_complete_closure
0.38,3.0,0.9994823087682922,0.0009266819329227079,0.0002251427144721849,near_complete_closure
0.4,3.0,0.999351918808311,0.0009406886334195213,0.0002767930049987426,near_complete_closure
0.42,3.0,0.9991873627183154,0.0011653801692852268,0.0002655855065023443,near_complete_closure
0.44,3.0,0.998979550765538,0.001813024182869166,0.0003526911223538436,near_complete_closure
0.46,3.0,0.998716971091624,0.002035506251954135,0.0006736175838232504,near_complete_closure
0.48,3.0,0.9983850649251725,0.0021092756004849667,0.0006886793772294019,near_complete_closure
0.5,3.0,0.9979653844701755,0.0033332814702871196,0.0006800317972223735,near_complete_closure
0.52,3.0,0.9974345570522348,0.004661137484970005,0.001481581477994928,near_complete_closure
0.54,3.0,0.9967630774209175,0.004628508955302564,0.0020432072068719597,near_complete_closure
0.56,3.0,0.9959136388368446,0.005427159180907953,0.0020400264259975405,near_complete_closure
0.58,3.0,0.9948389347718961,0.010901022875693027,0.002515900269347498,stable_quasi_closure
0.6,3.0,0.9934793749906415,0.013380885853296972,0.006553469731352901,stable_quasi_closure
0.62,3.0,0.9917599851893246,0.012846502633833716,0.007756004817306824,stable_quasi_closure
0.64,3.0,0.9895854462634013,0.015331927242541567,0.009077318763800196,stable_quasi_closure
0.66,3.0,0.9868358016502088,0.0440650328895418,0.010021375334916698,stable_quasi_closure
0.68,3.0,0.9833621488860664,0.07378846572755181,0.03215810077202169,limit_cycle_like
0.7000000000000001,3.0,0.9789739559788702,0.08659569425319047,0.06835105342582008,limit_cycle_like
0.72,3.0,0.9734288315855857,0.08730430638248783,0.10419537758995581,limit_cycle_like
0.74,3.0,0.9664383655156538,0.08335264114876055,0.13481033235719075,limit_cycle_like
0.76,3.0,0.9576328413799561,0.0792974288831056,0.15908383401447077,limit_cycle_like
0.78,3.0,0.9465013468943687,0.0773982937450899,0.17712229400183496,limit_cycle_like
0.8,3.0,0.9325014369944248,0.07824782995476497,0.1893126819841788,limit_cycle_like
