t,L,v,Omega,E_v,E_Omega,P_drive,P_feedback,P_D,P_Omega,cumulative_drive,cumulative_feedback,cumulative_dissipation
0.0,0.01798620996209156,0.0,0.0,0.0,0.0,0.0,0.0,0.0,0.0,0.0,0.0,0.0
0.020850708924103418,0.01798634755053329,0.0007457680136477539,1.393314900970548e-07,2.780849650900582e-07,9.70663206633284e-15,2.682728537107871e-05,2.6040258843557453e-19,3.0589346159906405e-07,1.5530611306132546e-14,2.7968395924810997e-07,2.7147892872766318e-21,3.189047926706373e-09
0.041701417848206836,0.017986758230406574,0.0014830438839417907,5.521402940651998e-07,1.0997095808485759e-06,1.5242945216520263e-13,5.335030357108827e-05,8.13215754618824e-18,1.2096805389334337e-06,2.4388712346432424e-13,1.1155637438828784e-06,9.021020353481429e-20,1.8989446800249245e-08
0.06255212677231026,0.01798743891259001,0.002211935691306957,1.2307849086917913e-06,2.4463297512387928e-06,7.574157457317306e-13,7.957411625192288e-05,6.027068860189359e-17,2.6909627263626722e-06,1.211865193170769e-12,2.5013479372003426e-06,8.033341208417558e-19,5.965505064770987e-08
0.08340283569641367,0.01798838655866875,0.0029325501713723745,2.1677990033819336e-06,4.299925253808071e-06,2.3496762595318522e-12,0.00010550369217067311,2.4789952078638717e-16,4.729917779188879e-06,3.759482015250964e-12,4.430849693065604e-06,4.0161177883592774e-18,1.3702041216667105e-07
0.10425354462051709,0.01798959818025469,0.003644992723357385,3.355889657867527e-06,6.642985976664143e-06,5.6309976978911136e-12,0.0001311439089263032,7.384710492564552e-16,7.307284574330558e-06,9.009596316625782e-12,6.897984817095798e-06,1.4299380611991912e-17,2.6251264655572196e-07
0.12510425354462051,0.01799107083811628,0.004349367425993311,4.787933724808652e-06,9.458498503145838e-06,1.1462154676580024e-11,0.00015649955492408224,1.7938221053557613e-15,1.0404348353460423e-05,1.8339447482528038e-11,9.896769886428424e-06,4.069943435065139e-17,4.471629830531655e-07
0.14595496246872391,0.01799280164292919,0.005045776997377225,6.456985703988468e-06,1.2729932753630562e-05,2.0846332190755724e-11,0.0001815753292965265,3.7851796321612515e-15,1.400292602899362e-05,3.335413150520916e-11,1.342132038914536e-05,9.886250500866857e-17,7.016180088666873e-07
0.16680567139282734,0.01799478775212162,0.005734322891256272,8.35625777701432e-06,1.6441229510592843e-05,3.491352201795615e-11,0.000206375846660578,7.205307666358433e-15,1.808535246165213e-05,5.586163522872984e-11,1.746584891246797e-05,2.1344223080641342e-16,1.0361506163146909e-06
0.18765638031693077,0.017997026369083492,0.006415105311163691,1.047911687791242e-05,2.05767880766603e-05,5.490594527047448e-11,0.00023090563889092102,1.2678092371588853e-14,2.2634466884326333e-05,8.784951243275917e-11,2.2024663399034892e-05,4.207337241127864e-16,1.4606706648668816e-06
0.20850708924103417,0.017999514742792846,0.007088223210418819,1.2819084693127864e-05,2.5121454140360035e-05,8.216446618479255e-11,0.00025516915635227994,2.0965837518508948e-14,2.763359955439604e-05,1.3146314589566807e-10,2.7092165434514463e-05,7.71483618713472e-16,1.9847353620247283e-06
0.2293577981651376,0.01800225016739627,0.007753774294184767,1.5369837247603385e-05,3.0060507902580243e-05,1.181159485089082e-10,0.00027917076917088126,3.297452019658011e-14,3.306655869283827e-05,1.8898551761425313e-10,3.2662848561319735e-05,1.3338309677031412e-15,2.6175593684456818e-06
0.25020850708924103,0.018005229981079514,0.00841185504743465,1.8125198991945643e-05,3.5379652669525895e-05,1.6426141924881366e-10,0.00030291476939313074,4.9757209931942765e-14,3.891761793647849e-05,2.628182707981019e-10,3.873129662808383e-05,2.1963385795517952e-15,3.3680246356798895e-06
0.27105921601334443,0.018008451567038352,0.009062560689593054,2.1079151308084442e-05,4.106500312627866e-05,2.2216530993455902e-10,0.0003264053705037644,7.251595030227339e-14,4.5171503438906535e-05,3.5546449589529443e-10,4.5292182156616924e-05,3.471079616188743e-15,4.244689978237767e-06
0.29190992493744783,0.018011912350617484,0.009705985262677139,2.422581513972587e-05,4.7103074959652905e-05,2.9344505959208557e-10,0.0003496467116554513,1.0260210013791067e-13,5.18133824556182e-05,4.69512095347337e-10,5.234026474793485e-05,5.29674736473111e-15,5.255800391823213e-06
0.3127606338615513,0.01801560979821225,0.010342221658634677,2.7559445573968684e-05,5.34807744181661e-05,3.7976152017227105e-10,0.0003726428596971637,1.415154188799372e-13,5.882885185998271e-05,6.076184322756337e-10,5.987038955352927e-05,7.841759030888827e-15,6.4092961325042876e-06
0.3336113427856547,0.018019541416962798,0.010971361619344061,3.1074431841304274e-05,6.018538789120797e-05,4.828101571299325e-10,0.00039539781020049266,1.9090207887173108e-13,6.620392668032878e-05,7.72496251407892e-10,6.787748577848398e-05,1.1307329274338244e-14,7.712821556347021e-06
0.3544620517097581,0.018023704754458702,0.011593495736614307,3.4765297315616717e-05,6.720457169744705e-05,6.043129487216134e-10,0.00041791548845762394,2.525517411462601e-13,7.392502886719175e-05,9.669007179545814e-10,7.635656520569537e-05,1.5930492535576678e-14,9.173733722156964e-06
0.37531276063386154,0.018028097398057056,0.012208713466145613,3.862669684561937e-05,7.452634224922261e-05,7.460108546016906e-10,0.00044019975094528773,3.2839379239814545e-13,8.197897647414488e-05,1.193617367362705e-09,8.53027207457591e-05,2.1987055645922868e-14,1.0799110764060865e-05
0.39616346955796494,0.018032716974614647,0.012817103128114732,4.265341620871074e-05,8.213906629836423e-05,9.09656957136754e-10,0.00046225438628748203,4.2049291845338853e-13,9.035297292820066e-05,1.4554511314188065e-09,9.471112501215577e-05,2.979446505847013e-14,1.2595760039194769e-05
0.41701417848206834,0.01803756115057764,0.013418751894475531,4.6840374304208836e-05,9.003145120274534e-05,1.0970103324791936e-09,0.00048408311572206394,5.310441797258253e-13,9.903459632301988e-05,1.75521653196671e-09,0.00010457702891133785,3.971457659078053e-14,1.4570226051693556e-05
0.4378648874061718,0.018042627629117357,0.014013745879568947,5.1182606161526896e-05,9.819253678856782e-05,1.3098295867429855e-09,0.0005056895971882804,6.623671961053521e-13,0.00010801179046742461,2.0957273387887767e-09,0.00011489576028029475,5.2156313202865386e-14,1.6728798171525872e-05
0.4587155963302752,0.01804791414975371,0.014602170144549289,5.567526210697523e-05,0.0001066116864651833,1.5498674053401959e-09,0.0005270774263378446,8.169001231716234e-13,0.00011727285511170163,2.4797878485443134e-09,0.0001256627225772727,6.757819935045686e-14,1.9077518157913627e-05
0.4795663052543786,0.018053418488114523,0.015184108697384251,6.031360776376124e-05,0.00011527857846699002,1.8188656407404199e-09,0.0005482501373657948,9.971933373858594e-13,0.00012680643631368904,2.910185025184672e-09,0.00013687339359169762,8.649076670405863e-14,2.162218748024749e-05
0.5004170141784821,0.018059138455703425,0.01575964449285491,6.509302405198941e-05,0.00012418319727058603,2.118550890116436e-09,0.0005692112038182616,1.205902902513426e-12,0.00013660151699764465,3.3896814241862977e-09,0.00014852332417118112,1.0945882591902203e-13,2.4368374439982514e-05
0.5212677231025854,0.018065071899186196,0.016328859449705652,7.000900412385317e-05,0.00013331582546412078,2.450630329206845e-09,0.0005899640399812771,1.4457837695195174e-12,0.00014664740801053288,3.921008526730952e-09,0.0001606081369714265,1.3710359939726362e-13,2.7321421100721958e-05
0.5421184320266889,0.018071216700416264,0.016891834442991794,7.505715445011959e-05,0.00014266703542472193,2.8167882170745534e-09,0.0006105120013737199,1.719683011852098e-12,0.00015693373896719413,4.506861147319286e-09,0.000173123525225753,1.7010471263091271e-13,3.04864500294897e-05
0.5629691409507923,0.018077570776425397,0.017448649296843408,8.023319586063793e-05,0.00015222768114211697,3.218682859005744e-09,0.0006308583852334239,2.0305330710108637e-12,0.00016745044925632868,5.149892574409191e-09,0.00018606525152482664,2.0920204460404624e-13,3.386837084868533e-05
0.5838198498748957,0.018084132076692877,0.017999382872053205,8.553294799693122e-05,0.00016198889188738115,3.65794259652287e-09,0.0006510064343143475,2.3813441666889194e-12,0.0001781877810761193,5.852708154436592e-09,0.00019942914664104606,2.5519742865012387e-13,3.747188662154996e-05
0.6046705587989991,0.018090898582867408,0.018544113068943515,9.095232880356491e-05,0.00017194206475688084,4.136163057395891e-09,0.0006709593376789664,2.775197225522556e-12,0.00018913627123256894,6.617860891833426e-09,0.00021321110840077622,3.089562004621702e-13,4.130150007940792e-05
0.6255212677231026,0.018097868308578957,0.019082916827366257,9.648735452814672e-05,0.00018207885732008912,4.6549047919201374e-09,0.0006907202313704798,3.215236914882632e-12,0.00020028674305209805,7.4478476670722205e-09,0.00022740710057185054,3.7140859975747046e-13,4.5361519679003696e-05
0.6463719766472059,0.018105039299257792,0.019615870126702968,0.00010213413972132672,0.00019239118041383896,5.215691248307744e-09,0.0007102921990661883,3.70466480641078e-12,0.00021163029845522286,8.345105997292392e-09,0.0002420131517648933,4.435510280445158e-13,4.965606549281712e-05
0.6672226855713094,0.018112409631735202,0.020143047993689215,0.00010788889593672456,0.00020287119123803355,5.82000693322269e-09,0.000729678272986802,4.246732607805146e-12,0.00022315831036183692,9.312011093156304e-09,0.0002570253543509337,5.264471645563584e-13,5.4189074937501766e-05
0.6880733944954128,0.018119977413527867,0.02066452452187112,0.0001137479284691393,0.0002135112868575064,6.4692956155102145e-09,0.0007488814351951948,4.844735385245271e-12,0.00023486241554325707,1.0350872984816344e-08,0.0002724398634020388,6.212289409643071e-13,5.896430834856487e-05
0.7089241034195162,0.018127740784184963,0.021180372819503003,0.00011970764472334173,0.0002243040963865708,7.164960102604902e-09,0.0007679046163686945,5.50200593888782e-12,0.0002467345060252279,1.1463936164167845e-08,0.00028825289563268815,7.290973867955524e-13,6.398535439086712e-05
0.7297748123436196,0.018135697912255427,0.021690665108614157,0.00012576453755053408,0.0002352424764270258,7.908359452649848e-09,0.0007867506998514508,6.2219073340491044e-12,0.0002587667240697284,1.2653375124239758e-08,0.00030446072837059625,8.513233383482729e-13,6.925563532712907e-05
0.7506255212677231,0.01814384699474044,0.022195472738673314,0.00013191518296945507,0.00024631950504659515,8.700807748932405e-09,0.0008054225226928424,7.007826526610569e-12,0.00027095145555125467,1.3921292398291849e-08,0.0003210596985806077,9.892480032842581e-13,7.477841216499924e-05
0.7714762301918264,0.018152186256947547,0.02269486618658866,0.00013815624016638007,0.0002575284756135826,9.543573348455245e-09,0.0008239228761909165,7.86316840239822e-12,0.0002832813231749409,1.526971735752839e-08,0.00033804620190508385,1.1442833966225476e-12,8.055678966433149e-05
0.7923269391159299,0.01816071395235086,0.023188915056707844,0.00014448445149512108,0.0002688628907536059,1.0437878361922999e-08,0.0008422545064204662,8.791350087798319e-12,0.0002957491798289665,1.67006053790768e-08,0.0003554166917154611,1.3179126552776412e-12,8.659372120443412e-05
0.8131776480400333,0.018169428362457135,0.02367768808081796,0.00015089664247702658,0.0002803164564262544,1.138489835541979e-08,0.0008604201147460541,9.795795549342458e-12,0.00030834810206887983,1.8215837368671666e-08,0.0003731676781746617,1.5116902369826122e-12,9.289201351407336e-05
0.8340283569641367,0.01817832779596271,0.02416125314283503,0.0001573897180105846,0.00029188307671607777,1.238576166772567e-08,0.0008784223591833788,1.0879929984446645e-11,0.00032107138438768556,1.9817218668361073e-08,0.0003912957273190469,1.7272420044324562e-12,9.945433127379605e-05
0.8548790658882401,0.018187410589533326,0.02463967724818868,0.00016396066719874866,0.00030355684744745343,1.3441550194129408e-08,0.0008962638538127804,1.2047175578208348e-11,0.0003339125321921988,2.1506480310607053e-08,0.0004097974601484481,1.9662652067120124e-12,0.0001062832015852938
0.8757297748123436,0.018196675107245937,0.02511302653866354,0.0001706065605829923,0.0003153320509658097,1.4553299256979113e-08,0.0009139471697674109,1.3300946666694226e-11,0.00034686525606239066,2.3285278811166583e-08,0.00042866955172038505,2.23052836606254e-12,0.00011338101830770532
0.8965804837364469,0.01820611973833521,0.025581366365748676,0.00017732453860452114,0.0003272031525693288,1.5721995995653155e-08,0.0009314748382500828,1.464464367701947e-11,0.0003599234678262617,2.515519359304505e-08,0.00044790873028603857,2.521871051047044e-12,0.0001207500462931208
0.9174311926605504,0.0182157428970672,0.026044761291133582,0.00018411181152710285,0.0003391647953560651,1.694857957189572e-08,0.0009488493509895546,1.6081648726988076e-11,0.00037308127489167164,2.7117727315033156e-08,0.00046751177646243183,2.8422035406634704e-12,0.00012839242552204952
0.9382819015846539,0.01822554302263249,0.026503275086708175,0.000190965659437067,0.00035121179516086313,1.8233941542116926e-08,0.0009660731606669274,1.7615321537008885e-11,0.0003863329746769495,2.917430646738708e-08,0.000487475522413813,3.1935063999628554e-12,0.00013631017512174098
0.9591326105087572,0.018235518579044176,0.02695697073456278,0.00019788343224330502,0.00036333913559203707,1.9578926378195346e-08,0.0009831486813297395,1.9248995650574805e-11,0.0003996730491512408,3.132628220511256e-08,0.0005077968510418015,3.577829973644919e-12,0.00014450519726953977
0.9799833194328607,0.018245668055040794,0.027405910426990244,0.00020486254967697084,0.0003755419631661063,2.0984332130074672e-08,0.0010000782887940906,2.0985974968131933e-11,0.00041309615948271697,3.3574931408119475e-08,0.0005284726951840434,3.9972938041151735e-12,0.000152979280983547
1.0008340283569641,0.0182559899630994,0.027850155597144623,0.0002119004969763105,0.000387815583392583,2.2450910309403687e-08,0.0010168643221044576,2.2829529692399758e-11,0.00042659714173184135,3.59214564950459e-08,0.0005495000368322768,4.454085971134896e-12,0.00016173410581259688
1.0216847372810676,0.018266482840827526,0.028289766868740837,0.00021899483235110904,0.0004001554547438534,2.397936829824518e-08,0.001033509082157731,2.478289492064157e-11,0.00044017100021823873,3.836698927719229e-08,0.0005708759063512737,4.9504623745235674e-12,0.00017077124541222004
1.0425354462051708,0.01827714524973041,0.02872480409505574,0.00022614318072388778,0.00041255718514966554,2.5570369093958485e-08,0.0010500148334307694,2.6849266844956112e-11,0.0004538129036646321,4.091259055033358e-08,0.0005925973817014456,5.488745962571912e-12,0.00018009217101128895
1.0633861551292743,0.018287975773424368,0.029155326417031273,0.00023334322517613987,0.0004250165292418208,2.7224530367801356e-08,0.0010663838063618947,2.9031798320031005e-11,0.0004675181821660029,4.3559248588482175e-08,0.0006146615877042882,6.071325874633914e-12,0.0001896982548068454
1.0842368640533777,0.018298973017556123,0.02958139226327444,0.00024059270694832977,0.0004375293841168564,2.8942425318362444e-08,0.0010826181976948048,3.1333596335082037e-11,0.0004812823225285421,4.6307880509379914e-08,0.0006370656953362388,6.70065651115511e-12,0.00019959077327873494
1.1050875729774812,0.01831013560972632,0.03000305935005732,0.00024788942543989365,0.0004500917851815309,3.0724583622460295e-08,0.0010987201708124335,3.375771976581047e-11,0.000495100963699684,4.915933379593647e-08,0.0006598069210296004,7.379256553908369e-12,0.00020977091040803574
1.1259382819015846,0.018321462199417084,0.03042038468131708,0.0002552312382092393,0.00046269990207965545,3.2571492478910727e-08,0.0011146918560609549,3.630717740599243e-11,0.000508969892287621,5.211438796625716e-08,0.0006828825259803239,8.10970794227162e-12,0.00022023976080116616
1.146788990825688,0.018332951457923546,0.030833424548655956,0.00026261606097374593,0.00047535003469882984,3.448359774068312e-08,0.0011305353510641157,3.898492627771693e-11,0.0005228850381687128,5.517375638509299e-08,0.0007062898154624451,8.894654811367841e-12,0.00023099833272152362
1.1676396997497913,0.018344602077654357,0.0312422345529161,0.00027004186481073165,0.0004880386099297123,3.6461304375228736e-08,0.0011462527217799788,4.179386937975419e-11,0.0005368424709226836,5.833808700036598e-08,0.0007300261381568162,9.736802389114614e-12,0.00024204755103819138
1.1884904086738948,0.01835641277273465,0.031646869581811767,0.00027750667960072233,0.0005007621771641014,3.850497861150898e-08,0.0011618460020172744,4.473685545754236e-11,0.0005508383948805115,6.160796577841437e-08,0.0007540888854858118,1.0638915867401693e-11,0.00025338826008589754
1.2093411175979982,0.0183683822791596,0.03204738380267635,0.00028500859435681865,0.0005135174042980212,4.06149494286248e-08,0.0011773171934690134,4.7816678274194454e-11,0.0005648691447278233,6.498391908579968e-08,0.000778475490943342,1.160381926327051e-11,0.0002650212264275698
1.2301918265221017,0.018380509352410725,0.03244383074130554,0.0002925457463209363,0.0005263010765852411,4.279150684523681e-08,0.001192668268737194,5.103607238576438e-11,0.0005789311842437653,6.84664109523789e-08,0.0008031834294567513,1.26343942284494e-11,0.0002769471415579037
1.2510425354462051,0.01839279276735962,0.03283626328331225,0.0003001163207810561,0.0005391100932055002,4.503490299957888e-08,0.0012079011716488435,5.439771209828335e-11,0.0005930211025260503,7.205584479932621e-08,0.0008282102167835449,1.3733578803971167e-11,0.0002891666245544171
1.2718932443703086,0.018405231318214966,0.03322473367412665,0.0003077185510712237,0.0005519414638583226,4.734535333668666e-08,0.0012230178175167744,5.7904210707395046e-11,0.000607135610244155,7.575256533869866e-08,0.000853553408914129,1.4904366155990335e-11,0.00030168022465012546
1.2927439532944118,0.018417823818472904,0.0336092935189961,0.00031535071857155,0.0005647923054230167,4.972303785179647e-08,0.0012380200933924269,6.155811996503624e-11,0.0006212715359653184,7.955686056287435e-08,0.0008792106014799044,1.6149803298113253e-11,0.0003144884237288928
1.3135946622185153,0.018430569100870663,0.03398999378298524,0.000323011152708211,0.0005776598386836877,5.2168102386943596e-08,0.0012529098583109475,6.53619297699765e-11,0.0006354258225520565,8.346896381910975e-08,0.0009051794291665534,1.7472989804941996e-11,0.0003275916387449662
1.3344453711426187,0.01844346601721475,0.034366884795313746,0.00033069823042495205,0.0005905413852671836,5.468065980309734e-08,0.0012676889436798067,6.931806786550334e-11,0.000649595523793902,8.748905568495574e-08,0.00093145756513393,1.8877076519240162e-11,0.00034099022406987724
1.3552960800667222,0.018456513437503094,0.03474001627760295,0.00033841037313581297,0.0006034343654840591,5.726079032296008e-08,0.0012823591544933101,7.342889866416982e-11,0.000663777802032465,9.161726451673614e-08,0.0009580427204526656,2.036526424369464e-11,0.00035468447377949537
1.3761467889908257,0.01846971025204685,0.03510943727119168,0.00034614605575450515,0.0006163362927498718,5.99085459572005e-08,0.0012969222670226495,7.769672723684306e-11,0.000677969922024859,9.585367353152081e-08,0.0009849326435293541,2.1940802462012123e-11,0.0003686746238524246
1.3969974979149289,0.018483055368905817,0.035475196222265186,0.00035390379531820515,0.000629244773504109,6.262394817031502e-08,0.0013113800319978519,8.212379515541953e-11,0.00069216925085452,1.0019831707250404e-07,0.0010121251195408271,2.360698805826172e-11,0.0003829608543035294
1.4178482068390323,0.01849654771320131,0.035837341003738366,0.00036168214820819203,0.0006421575051091136,6.540698816624629e-08,0.0013257341755798248,8.671227953373787e-11,0.000706373255620025,1.0465118106599407e-07,0.0010396179699117371,2.5367163982877626e-11,0.0003975432912924023
1.4386989157631358,0.018510186227081244,0.036195918915255726,0.0003694797101498468,0.0006550722730598837,6.82576281062074e-08,0.001339986399563432,9.146429332877657e-11,0.0007205795003658721,1.0921220496993184e-07,0.00106740905180439,2.7224717911802927e-11,0.00041242200917576276
1.4595496246872393,0.01852396986968805,0.03655097668319141,0.0003772951162126527,0.0006679869482476012,7.117580235895956e-08,0.0013541383815742162,9.638188581360778e-11,0.0007347856430723614,1.138812837743353e-07,0.0010954962576127476,2.9183080913704355e-11,0.0004275970324965194
1.4804003336113427,0.018537897617129175,0.036902560460649186,0.0003851270408101953,0.0006808994842759344,7.416141878160892e-08,0.0013681917752588677,1.0146704321852585e-10,0.0007489894327035279,1.1865827005057428e-07,0.0011238775144604655,3.1245726128801667e-11,0.0004430683379107158
1.5012510425354462,0.018551968462450334,0.03725071582746246,0.00039297419770016216,0.0006938079148291812,7.721436002904307e-08,0.0013821482104695662,1.0672168953669468e-10,0.0007631887063120995,1.2354297604646892e-07,0.0011525507837028388,3.34161674627802e-11,0.00045883585605356115
1.5221017514595494,0.018566181415288673,0.03759548780097729,0.00040083533880142484,0.000706710351496716,8.033448441602652e-08,0.001396009293818433,1.1214768685888512e-10,0.0007773813866463877,1.2853517506564244e-07,0.0011815140604364497,3.569795829259231e-11,0.0004748994733503667
1.5429524603836529,0.018580535501553693,0.0379369208459412,0.00040870925376240453,0.000719604981635604,8.352162705551079e-08,0.0014097766091952855,1.1774683618479123e-10,0.0007915654797991644,1.3363460328881728e-07,0.0012107653730199957,3.809469018420696e-11,0.0004912590337780555
1.5638031693077563,0.018595029765090604,0.03827505881829848,0.00041659477601044124,0.0007324900637721041,8.677560369959486e-08,0.0014234517159737077,1.235208819908427e-10,0.0008057390701493145,1.3884096591935177e-07,0.0012403027825818075,4.060999166643834e-11,0.0005079143405495077
1.5846538782318598,0.01860966326501042,0.03860994505379335,0.00042449077190370255,0.0007453639285284709,9.00962077157006e-08,0.0014370361522632977,1.2947150766928524e-10,0.0008199003213813181,1.4415393234512098e-07,0.001270124382542577,4.324752700484669e-11,0.000524865157755814
1.6055045871559632,0.018624435075407533,0.03894162237670555,0.00043239613971253927,0.0007582249766649673,9.348321081915288e-08,0.0014505314353719795,1.3560033597268718e-10,0.0008340474743314641,1.4957313731064463e-07,0.0013002282981768062,4.601099493272381e-11,0.0005421112119966651
1.6263552960800667,0.01863934428534088,0.03927013309985032,0.00044030980961948533,0.0007710716768399799,9.693636422357371e-08,0.0014639390619585419,1.4190893011113003e-10,0.000848178844523978,1.5509818275771796e-07,0.001330612686180669,4.890412739815143e-11,0.0005596521939626317
1.64720600500417,0.01865438999881729,0.03959551902457842,0.00044823074371925793,0.0007839025634128758,1.0045539980755954e-07,0.0014772605081801507,1.4839879496915563e-10,0.0008622928197541634,1.607286396920953e-07,0.0013612757342429988,5.193068833518524e-11,0.0005774877599665993
1.6680567139282734,0.01866957133477703,0.039917821440776116,0.0004561579360187575,0.0007967162342888427,1.0404003129644643e-07,0.0014904972298349234,1.5507137843929212e-10,0.0008763878577177271,1.664640500743143e-07,0.0013922156606193028,5.509447246162861e-11,0.0005956175334253322
1.6889074228523768,0.018684887427081544,0.040237081126865186,0.0004640904124370675,0.0008095113488049652,1.076899554580037e-07,0.0015036506624996468,1.6192807286898472e-10,0.0008904624836854619,1.7230392873280593e-07,0.0014234307137086957,5.839930410579331e-11,0.000614041106292117
1.7097581317764803,0.018700337424264173,0.04055333835772805,0.00047202723001070886,0.0008222866259781885,1.1140485293579132e-07,0.0015167222219397392,1.689702160796433e-10,0.0009045152885760074,1.7824776469726613e-07,0.001454919171636546,6.184903605896917e-11,0.0006327580404451081
1.7306088407005837,0.018715920488989263,0.04086663292225173,0.0004799674758062616,0.0008350408432010346,1.1518438891591716e-07,0.0015297133048511487,1.7619909223582768e-10,0.0009185449275211381,1.8429502226546746e-07,0.0014866793418491283,6.544754844757918e-11,0.0006517678690406472
1.7514595496246872,0.018731635800041016,0.04117700405722448,0.00048791027365011085,0.0008477728315643406,1.1902821756666304e-07,0.0015426252866734805,1.8361593824600698e-10,0.0009325501147207747,1.9044514810666087e-07,0.0015187095606932132,6.919874768112626e-11,0.0006710700977980731
1.7723102585487904,0.01874748254975361,0.04148449053240389,0.0004958547743240592,0.000860481477366554,1.2293597860998184e-07,0.0015554595246833217,1.9122193885516135e-10,0.0009465296251032095,1.9669756577597095e-07,0.0015510081930051062,7.310656541570888e-11,0.0006906642062482175
1.7931609674728939,0.018763459943627353,0.04178913066295689,0.0005038001542230607,0.0008731657207828419,1.269072976975899e-07,0.0015682173585468025,1.9901822717562714e-10,0.0009604822928611262,2.0305167631614385e-07,0.0015835736317376973,7.717495747190976e-11,0.0007105496489838975
1.8140116763969973,0.01877956720032152,0.04209096230945968,0.0005117456153552211,0.0008858245540681777,1.3094178741764694e-07,0.001580900110433397,2.0700588618890443e-10,0.0009744070094749956,2.095068598682351e-07,0.001616404297594455,8.140790277387528e-11,0.0007307258568745597
1.8348623853211008,0.018795803551649143,0.04239002287789781,0.0005196903853417966,0.0008984570197943498,1.3503904830835254e-07,0.00159350908512576,2.151859503260962e-10,0.000988302721773785,2.1606247729336407e-07,0.0016494986386657558,8.580940232052875e-11,0.0007511922382401346
1.8557130942452043,0.018812168242573514,0.0426863493196661,0.0005276337174171954,0.0009110622091202792,1.3919866987774442e-07,0.0016060455701256441,2.2355940712453339e-10,0.0010021684300323072,2.227178718043911e-07,0.0016828551300674594,9.038347819053116e-11,0.0007719481799848718
1.8765638031693077,0.018828660531206434,0.04297997813156871,0.0005355748904289768,0.0009236392600950622,1.4342023162900525e-07,0.0016185108357559667,2.3212719895817565e-10,0.0010160031861045685,2.294723706064084e-07,0.0017164722735816549,9.513417258255274e-11,0.0007929930486919119
1.897414512093411,0.01884527968879934,0.04327094535611465,0.0005435132088099399,0.00093618735600593,1.4770330407543863e-07,0.001630906135269467,2.4089022481620455e-10,0.001029806091606523,2.3632528652070183e-07,0.0017503485972996012,1.0006554689212714e-10,0.0008143261916794869
1.9182652210175144,0.018862024998777784,0.043559286613227166,0.0005514479999654723,0.0009487057251266357,1.520474483329598e-07,0.0016432327060552346,2.49849339972963e-10,0.0010435762976392993,2.432759173327357e-07,0.0017844826552783825,1.0518168080360721e-10,0.000835946938035301
1.9391159299416179,0.018878895758666737,0.04384503703693512,0.0005593786210174258,0.0009611936363851061,1.5645222082567843e-07,0.0016554917675103609,2.5900536358562367e-10,0.0010573130000236168,2.503235533210855e-07,0.0018188730271879489,1.1048667145788774e-10,0.0008578545995984116
1.9599666388657213,0.018895891278858754,0.04412823131619954,0.0005673044537220637,0.000973650399548007,1.609171716064446e-07,0.0016676845225584733,2.6835907650195346e-10,0.0010710154395028079,2.5746747457031134e-07,0.0018535183179518024,1.1598463267648217e-10,0.0008800484718935984
1.9808173477898248,0.01891301088131921,0.04440890373753478,0.0005752249001522204,0.0009860753655848153,1.6544184287756596e-07,0.0016798121592309053,2.7791121931130424e-10,0.001084682902143297,2.647069486041055e-07,0.0018884171574199988,1.2167969414242523e-10,0.0009025278350719688
2.0016680567139282,0.018930253899587732,0.04468708818500853,0.0005831393826973002,0.0009984679252273644,1.7002576982629414e-07,0.0016918758507509571,2.876624939744478e-10,0.0010983147177501009,2.720412317220706e-07,0.0019235682000595096,1.27576000577848e-10,0.0009252919548392095
2.0225187656380315,0.018947619678781034,0.04496281814024178,0.0005910473440632781,0.0010108275075562275,1.7466848146212753e-07,0.001703876755614996,2.9761356550188794e-10,0.0011119102583118502,2.7946957033940407e-07,0.00195897012464631,1.336777109560416e-10,0.000948340083351136
2.043369474562135,0.01896510757559733,0.045236126682408874,0.0005989482472727001,0.001023153578613472,1.7936950145551977e-07,0.001715816017670466,3.077650636789468e-10,0.0011254689364748193,2.8699120232883166e-07,0.001994621633959128,1.3998899774900285e-10,0.0009716714600771511
2.0642201834862384,0.018982716958322095,0.04550704648823745,0.0006068415756646814,0.0010354456400413024,1.8412834897759663e-07,0.0017276947661908342,3.1811758483595316e-10,0.0011389902040454328,2.946053583641546e-07,0.0020305214544747794,1.4651404621141836e-10,0.0009952853126322066
2.0850708924103416,0.01900044720683537,0.0457756098320085,0.000614726832894909,0.0010477032277461365,1.8894453954050268e-07,0.001739514115947543,3.286716936619131e-10,0.0011524735505207503,3.023112632648043e-07,0.002066668336065046,1.5325705370201324e-10,0.0010191808575778676
2.1059216013344453,0.019018297712477095,0.04604184859022024,0.0006226035425515768,0.0010599259108023827,1.9381758559888654e-07,0.0017512751674432045,3.394279246731277e-10,0.0011659185018826211,3.101081369582185e-07,0.002103061051696726,1.6022222903911758e-10,0.0010433573011955034
2.1267723102585485,0.01903626787729259,0.04630579426631905,0.0006304712468066246,0.001072113291317333,1.9874699652494987e-07,0.0017629790078488971,3.503867827465044e-10,0.0011793246204490665,3.179951944399198e-07,0.0021396983971438913,1.6741379187710367e-10,0.0010678138402453686
2.147623019182652,0.019054357116280733,0.046567477917804655,0.0006383295128566985,0.001084264999812612,2.03732283491935e-07,0.001774626708500734,3.6154875166863104e-10,0.0011926914997938732,3.25971653587096e-07,0.002176579190683817,1.7483597217751176e-10,0.0010925496626712548
2.1684737281067554,0.019072564855162472,0.046826930229485746,0.0006461779254307511,0.001096380697358563,2.0877295565699466e-07,0.00178621932754007,3.729142884621898e-10,0.0012060187670944193,3.340367290511915e-07,0.0022137022727943337,1.824930097101516e-10,0.0011175639482766647
2.1893244370308587,0.019090890529840147,0.04708418153135944,0.0006540160851581845,0.0011084600752390046,2.1386851982281884e-07,0.0017977579106046085,3.844838233407711e-10,0.0012193060827629051,3.4218963171651015e-07,0.002251066505885917,1.9038915349458607e-10,0.001142855869421557
2.2101751459549623,0.019109333586406083,0.04733926179861129,0.00066184360856885,0.001120502853818729,2.1901848110171858e-07,0.0018092434908877463,3.962577613174052e-10,0.001232553139200602,3.5042956976274975e-07,0.0022886707740415926,1.9852866125791161e-10,0.0011684245917022598
2.2310258548790656,0.019127893481152347,0.04759220065161523,0.0006696601280930475,0.0011325087814318025,2.2422234357879843e-07,0.0018206770891954509,4.0823648383962895e-10,0.0012457596595749829,3.587557497260775e-07,0.002326513982758056,2.0691579892635436e-10,0.0011942692746056696
2.2518765638031693,0.019146569680581767,0.04784302735593364,0.0006774652920615267,0.0011444776332903072,2.2947961097400483e-07,0.0018320597140007262,4.2042035045003324e-10,0.001258925396619338,3.6716737755840773e-07,0.0023645950586879583,2.1555484015122583e-10,0.0012203890721382137
2.2727272727272725,0.01916536166142009,0.04809177082231731,0.0006852587647054856,0.0011564092104131452,2.3478978730284403e-07,0.0018433923614956831,4.328097004712588e-10,0.0012720501314544598,3.756636596845505e-07,0.0024029129493832917,2.2445006586975466e-10,0.00124678313343003
2.293577981651376,0.01918426891062937,0.048338459606705464,0.000693040226156572,0.0011683033385745478,2.401523775355762e-07,0.0018546760156412667,4.4540485471445973e-10,0.0012851336724320028,3.84243804056922e-07,0.002441466623039849,2.3360576390129894e-10,0.0012734506033148323
2.3144286905754794,0.019203290925314215,0.04858312191371466,0.0007008093721889253,0.0011801598674414308,2.4556688807391785e-07,0.001865911648338142,4.5820611690327205e-10,0.001298175854185574,3.9290702091826856e-07,0.002480255068243971,2.430262285762127e-10,0.0013003906228878362
2.3352793994995826,0.019222427211906246,0.048825785623290215,0.0007085659129266123,0.0011919786708657466,2.510328264807618e-07,0.0018771002204156693,4.712137739186063e-10,0.0013111765379523214,4.016525223692189e-07,0.002519277293731396,2.5271576038211207e-10,0.001327602330057156
2.3561301084236863,0.01924167728844312,0.049066478217620474,0.0007163095788330044,0.0012037596423401123,2.5654970636395804e-07,0.0018882426790877537,4.844281048638567e-10,0.0013241356065741236,4.104795301823329e-07,0.0025585323281298892,2.626786657072004e-10,0.0013550848600465122
2.3769808173477895,0.019261040682547706,0.04930522684713386,0.0007240401143177952,0.0012155026972236647,2.621170435706629e-07,0.0018993399603297772,4.978493751372614e-10,0.0013370529669460313,4.193872697130607e-07,0.00259801921970013,2.7291925661630287e-10,0.0013828373458713665
2.397831526271893,0.019280516930812407,0.049542058350806197,0.0007317572760428228,0.001227207772817343,2.67734355520806e-07,0.0019103929896400302,5.114778358727393e-10,0.0013499285500990774,4.283749688332896e-07,0.0026377370361093237,2.8344185055927633e-10,0.00141085891884138
2.4186822351959965,0.019300105578812517,0.049776999256160685,0.0007394608329220683,0.0012388748274739106,2.734011617128995e-07,0.0019214026820807467,5.25313725399157e-10,0.0013627623102213018,4.374418587406392e-07,0.002677684864213168,2.9425077008879976e-10,0.0014391487090535144
2.4395329441200997,0.019319806181120683,0.05001007577926792,0.0007471505661216573,0.00125050383972406,2.7911698422795646e-07,0.0019323699423172283,5.39357270712335e-10,0.0013755542236964663,4.4658717476473035e-07,0.0027178618098386677,3.0535034260872763e-10,0.0014677058458649327
2.4603836530442034,0.01933961830132219,0.05024131382474588,0.0007548262690598591,0.0012620948074183007,2.8488134823141344e-07,0.0019432956646550537,5.536086889591924e-10,0.0013883042881601309,4.558101571702615e-07,0.002758266997567737,3.1674490015325997e-10,0.0014965294583460479
2.4812343619683066,0.01935954151203136,0.0504707389857599,0.0007624877474070864,0.001273647746884352,2.906937824729664e-07,0.0019541807330754365,5.68068188933493e-10,0.0014010125215727874,4.6511005195674625e-07,0.002798899570521557,3.284387791971786e-10,0.001525618675714084
2.5020850708924103,0.01937957539490882,0.05069837654402272,0.000770134819085896,0.0012851626920997565,2.965538197842329e-07,0.00196502602126873,5.827359725826553e-10,0.0014136789613097321,4.7448611165477265e-07,0.002839758690145663,3.4043632049738883e-10,0.0015549726277475093
2.5229357798165135,0.019399719540679757,0.05092425146979446,0.0007777673142709884,0.0012966396938794314,3.024609975741532e-07,0.0019758323926661226,5.976122365251215e-10,0.0014263036632673747,4.839375961186452e-07,0.002880843535995692,3.527418689659852e-10,0.0015845904451816718
2.543786488740617,0.019419973548418252,0.05114838844530854,0.0007853850740770252,0.0013080788202760863,3.084148572914872e-07,0.001986600701304227,6.126971717879117e-10,0.001438886702303695,4.934637716663796e-07,0.0029221533055324976,3.653597735564048e-10,0.0016144712600997169
2.5646371976647204,0.019440337026726824,0.051370811827456724,0.000792987954277684,0.0013194801539059837,3.144149478147531e-07,0.0019973317905246464,6.279909706865541e-10,0.0014514281692965822,5.03063916503605e-07,0.0029636872139126983,3.782943872185655e-10,0.0016446142062974693
2.5854879065888237,0.01946080959379621,0.05159154564679113,0.00080057582416282,0.0013308437911124665,3.2046082511698925e-07,0.002008026492963696,6.434938267919202e-10,0.0014639281702237134,5.127373201871828e-07,0.003005444493765579,3.915500669253885e-10,0.0016750184196081131
2.6063386155129273,0.01948139087573517,0.05181061366156473,0.0008081485623028611,0.001342169843993959,3.265520493760907e-07,0.0020186856325052943,6.592059303406737e-10,0.0014763868283933549,5.224832790017452e-07,0.0030474243949902354,4.0513117365112463e-10,0.0017056830382404765
2.6271893244370306,0.01950208050658169,0.05202803935790061,0.0008157060565369587,0.0013534584397136274,3.3268818533553805e-07,0.002029310024314757,6.751274694724931e-10,0.0014888042836849903,5.323010965368609e-07,0.0030896261845734297,4.1904207231473136e-10,0.0017366072031326143
2.6480400333611342,0.019522878128320268,0.052243845949791964,0.0008232482039729884,0.001364709719812797,3.3886880267237556e-07,0.002039900474865054,6.912586314883311e-10,0.0015011806917940768,5.421900842758009e-07,0.0031320491464080823,4.332871317492689e-10,0.0017677900582896192
2.6688907422852375,0.01954378339089989,0.052458056379102135,0.0008307749109875489,0.001375923839536529,3.450934763631849e-07,0.0020504577819615726,7.075996041130646e-10,0.0015135162234901822,5.521495621810958e-07,0.0031746925811122796,4.478707246975736e-10,0.0017992307511058275
2.6897414512093407,0.019564795952253015,0.05267069331556457,0.0008382860932259631,0.0013871009671711293,3.513617870480241e-07,0.0020609827347654354,7.241505767623073e-10,0.0015258110638882423,5.621788592768386e-07,0.003217555805848799,4.6279722783430587e-10,0.001830928432671714
2.7105921601334444,0.019585915478315126,0.052881779156782854,0.0008457816756022776,0.0013982412833933768,3.5767332139229815e-07,0.002071476113815351,7.409117418131469e-10,0.0015380654117327147,5.72277314227677e-07,0.0032606381541450966,4.780710218144505e-10,0.0018628822580657352
2.7314428690575476,0.019607141643045212,0.05309133602823068,0.0008532615922992622,0.0014093449806312523,3.6402767244653617e-07,0.0020819386910480566,7.578832958786123e-10,0.0015502794786943776,5.82444275914458e-07,0.0033039389757137305,4.936964913483512e-10,0.0018950913866313858
2.7522935779816513,0.019628474128415018,0.05329938578426323,0.0008607257867088177,0.0014204122624898606,3.7042443995275654e-07,0.002092371229853644,7.750654409917965e-10,0.0015624534887388468,5.926791039244105e-07,0.00334745763627359,5.096780253023798e-10,0.001927554982240363
2.7731442869057545,0.019649912623512608,0.05350595003707458,0.0008681742102949805,0.0014314433446849608,3.7686322971065653e-07,0.0021027744861330934,7.924583841972838e-10,0.0015745876791534571,6.029811675370505e-07,0.003391193517382709,5.26020016807687e-10,0.0019602722135598346
2.7939949958298578,0.019671456826645124,0.05371105009068446,0.0008756068274064242,0.0014424384509220077,3.833436581003718e-07,0.002113149205945346,8.100623467189848e-10,0.0015866822960142087,6.133498529605949e-07,0.003435146016257588,5.427268634602751e-10,0.0019932422542832304
2.8148457047539615,0.019693106444026488,0.05391470698347306,0.0008830236112561037,0.0014533978145568793,3.8986534901788526e-07,0.0021234961270480664,8.278775587097219e-10,0.0015987375960125675,6.237845584286164e-07,0.003479314545584042,5.59802967561909e-10,0.0020264642833328363
2.8356964136780647,0.019714861188880578,0.05411694151722067,0.0008904245419139529,0.0014643216795891412,3.964279324213364e-07,0.0021338159799575477,8.459042571021784e-10,0.0016107538475480555,6.342846918741383e-07,0.0035236985333551595,5.772527362838844e-10,0.00205993748509275
2.8565471226021684,0.019736720781460104,0.05431777425710767,0.0008978096063068856,0.0014752103001230542,4.030310445884625e-07,0.0021441094879658313,8.641426866469024e-10,0.0016227313301353599,6.4484967134154e-07,0.0035682974227205,5.950805818192171e-10,0.002093661049647031
2.8773978315262716,0.019758684949066168,0.0545172255317145,0.0009051787982187954,0.0014860639398379118,4.0967432837241134e-07,0.0021543773671566665,8.82593100950631e-10,0.001634670333821703,6.554789253958582e-07,0.0036131106718356215,6.132909215564723e-10,0.0021276341730055983
2.8982485404503753,0.019780753426068422,0.05471531543302173,0.0009125321182905556,0.001496882871467533,4.163574334559243e-07,0.0021646203264203178,9.012557635148885e-10,0.0016465711586142865,6.661718935294789e-07,0.003658137753711946,6.31888178275254e-10,0.002161856057318098
2.9190992493744785,0.019802925953925955,0.05491206381640997,0.0009198695740200187,0.0015076673762887407,4.2308001660388537e-07,0.0021748390674672467,9.201309487748213e-10,0.001658434113917615,6.769280265662166e-07,0.0037033781560669035,6.50876780363345e-10,0.0021963259110759376
2.9399499582985817,0.019825202281208733,0.05510749030065994,0.0009271911797620174,0.001518417743618665,4.2984174191424083e-07,0.0021850342848406634,9.392189431382482e-10,0.0016702595179805316,6.877467870627854e-07,0.0037488313811743666,6.702611620555161e-10,0.002231042949302707
2.9608006672226854,0.019847582163619783,0.055301614267952465,0.0009344969567283638,0.0015291342703207017,4.366422810672867e-07,0.0021952066659279893,9.585200460249105e-10,0.001682047697352772,6.986276497076588e-07,0.0037944969457153247,6.90045763693998e-10,0.002266006393733171
2.9816513761467887,0.019870065364015792,0.05549445486393444,0.0009417869329843658,0.0015398172603226287,4.4348131357004915e-07,0.002205356890973603,9.780345708997331e-10,0.0016937989863548917,7.095701017120787e-07,0.0038403743806288103,7.1023503201056e-10,0.0023012154729810763
3.0025020850708923,0.019892651651583715,0.05568603102420876,0.0009490611425023738,0.0015504670256145702,4.503585261039555e-07,0.0022154856340477367,9.97762844754226e-10,0.0017055137281760274,7.205736417663288e-07,0.00388646323097307,7.308334204139585e-10,0.002336669422712878
3.0233527939949956,0.01991534080350172,0.05587636142281247,0.0009563196289938469,0.0015610838829263828,4.5727361639946445e-07,0.0022255935611898933,1.0177052163606652e-09,0.0017171922712190212,7.316377862391432e-07,0.003932763055777465,7.518453893580251e-10,0.002372367485794853
3.044203502919099,0.019938132604389203,0.056065464490457996,0.0009635624435387701,0.0015716681542654032,4.6422629129920276e-07,0.0022356813310748513,1.0378620528517432e-09,0.0017288349696919438,7.427620660787245e-07,0.003979273427881976,7.732754067601559e-10,0.0024083089124083148
3.0650542118432025,0.019961026845095153,0.05625335845323927,0.0009707896421503293,0.001582220168634313,4.7121626465318226e-07,0.002245749596423739,1.0582337361731859e-09,0.0017404421854977444,7.539460234450916e-07,0.0040259939337983506,7.95127948347155e-10,0.0024444929601906257
3.0859049207673057,0.019984023322718276,0.05644006133263175,0.0009780012857749103,0.0015927402616156168,4.782432574886889e-07,0.0022557990040139256,1.0788206639193598e-09,0.0017520142877771787,7.651892119819023e-07,0.004072924173586066,8.174074979728069e-10,0.0024809188943911084
3.1067556296914094,0.020007121840627744,0.05662559094549246,0.0009851974402920998,0.0016032287749631188,4.853069981790528e-07,0.0022658301946880295,1.0996232501675065e-09,0.0017635516524594308,7.764911970864845e-07,0.004120063760728497,8.40118547952862e-10,0.0025175859880175234
3.1276063386155126,0.020030322208484302,0.05680996490405993,0.0009923781765146843,0.0016136860562002604,4.924072226113049e-07,0.0022758438033620106,1.1206419263106364e-09,0.0017750546618202866,7.87851556178088e-07,0.004167412322009251,8.632655994173962e-10,0.0025544935219732464
3.1484570475396163,0.020053624242262143,0.05699320061595426,0.0009995435701886518,0.0016241124582252046,4.995436743527382e-07,0.00228584045903242,1.141877141889205e-09,0.0017865237040477252,7.992698789643811e-07,0.004214969497388677,8.868531626805308e-10,0.0025916407851853313
3.1693077564637195,0.020077027764271085,0.057175315284177054,0.0010066937019931898,0.001634508338922525,5.067161048163766e-07,0.0022958207847827514,1.1633293654215928e-09,0.0017979591728147777,8.107457677062026e-07,0.004262734939880494,9.108857576274738e-10,0.0026290270747235836
3.1901584653878228,0.020100532603179455,0.057356325907111476,0.0010138286575406867,0.0016448740607813935,5.139242734253754e-07,0.0023057853977889614,1.1849990852335322e-09,0.001809361466859533,8.222788374806007e-07,0.004310708315428573,9.35367914118874e-10,0.002666651695910817
3.2110091743119265,0.02012413859403742,0.057536249278522224,0.0010209485273767313,0.0016552099905201246,5.211679477763582e-07,0.0023157349093241336,1.2068868102865296e-09,0.0018207309895721371,8.338687164421731e-07,0.0043588893027837975,9.603041724124529e-10,0.0027045139624244287
3.2318598832360297,0.020147845578067463,0.05771510199480236,0.0010280534067066665,0.0016655164991352198,5.284469035205913e-07,0.0023256699250273826,1.2289930704916862e-09,0.001832068149048742,8.455150456329462e-07,0.004407277593383792,9.856990835965458e-10,0.0027426131963942256
3.2527105921601334,0.020171653402287038,0.05789290046732544,0.0010351433959818678,0.001675793962259825,5.35760925122437e-07,0.0023355910453599802,1.2513184191697425e-09,0.0018433733584858078,8.572174801958991e-07,0.004455872891240208,1.011557210052566e-09,0.0027809487285049474
3.2735613010842366,0.020195561921458143,0.05806966086266845,0.0010422186034631,0.001686042756352664,5.431098087022871e-07,0.0023454988634201905,1.2738634390235714e-09,0.0018546470319879306,8.689756939236594e-07,0.004504674912807974,1.0378831260053734e-09,0.002819519898059241
3.29441201000834,0.02021957099616708,0.05824539916314573,0.0010492791412631851,0.0016962632618370886,5.504933581450036e-07,0.0023553939671586313,1.2966287347356372e-09,0.0018658895880207976,8.807893730320058e-07,0.004553683386854876,1.0646814180587428e-09,0.002858326053032924
3.3152627189324435,0.020243680492577687,0.05842013117512904,0.001056325124917744,0.001706455863259642,5.579113847662438e-07,0.002365276939687579,1.3196149327767603e-09,0.0018771014495856065,8.9265821562599e-07,0.004602898054357443,1.091956685651658e-09,0.0028973665501679856
3.3361134278565467,0.020267890282452378,0.0585938725290476,0.0010633566733851952,0.0017166209489751397,5.653637074164143e-07,0.0023751483592854743,1.3428226820696494e-09,0.0018882830438726537,9.045819318662629e-07,0.004652318668400115,1.119713541519531e-09,0.0029366407550637918
3.3569641367806504,0.02029220024317356,0.05876663867938807,0.0010703739090467564,0.001726758910836875,5.72850152584017e-07,0.0023850087994007427,1.3662526546509387e-09,0.0018994348019205627,9.165602441344272e-07,0.004701944994074492,1.1479566121692456e-09,0.002976148042261136
3.3778148457047537,0.02031661025776558,0.058938444904694555,0.0010773769577064433,0.0017368701438918578,5.803705544983957e-07,0.0023948588286549378,1.3899055463318445e-09,0.0019105571582810437,9.285928871974331e-07,0.004751776808378658,1.1766905383679817e-09,0.0030158877953192355
3.398665554628857,0.020341120214917085,0.059109306307568624,0.0010843659485910706,0.001746955046080986,5.879247552319062e-07,0.0024046990108452203,1.4137820773575831e-09,0.0019216505506890846,9.4067960837105e-07,0.004801813900116566,1.2059199756458112e-09,0.003055859406885808
3.4195162635529606,0.02036573000900386,0.05927923781466929,0.0010913410143502506,0.0017570140179440587,5.955126048015169e-07,0.0024145299049461734,1.4378829930656547e-09,0.0019327154197384647,9.528201676824271e-07,0.004852056069797461,1.2356495948120256e-09,0.003096062278760325
3.440366972477064,0.02039043954011201,0.05944825417671299,0.0010983022910563947,0.0017670474623295367,6.031339612698627e-07,0.002424352065110955,1.4622090645431425e-09,0.0019437522085624906,9.650143380317805e-07,0.004902503129535337,1.2658840824851779e-09,0.0031364958219505523
3.4612176814011675,0.020415248714061723,0.059616369968473644,0.0011052499182047123,0.0017770557841089631,6.107886908457616e-07,0.002434166040671819,1.4867610892831515e-09,0.00195476136251986,9.772619053532186e-07,0.00495315490294842,1.2966281416368286e-09,0.003177159456722506
3.4820683903252707,0.020440157442161346,0.05978359959709705,0.0011121840384726233,0.0017870393903930114,6.184766677166368e-07,0.002443972376447595,1.5115398913768182e-09,0.001965743329432313,9.89562668346619e-07,0.005004011225061841,1.3278864921441257e-09,0.0032180526126495894
3.5029190992493744,0.020465165640970683,0.05994995731008504,0.0011191047986422945,0.0017969986907405092,6.261977751721054e-07,0.0024537716130400232,1.5365463248661306e-09,0.0019766985598145604,1.0019164402753685e-06,0.005055071942216633,1.3596638713793527e-09,0.0032591747286666406
3.5237698081734776,0.020490273234094084,0.060115457140860695,0.0011260123513621397,0.0018069340936273295,6.339519077100474e-07,0.002463564284817416,1.5617812781263394e-09,0.0019876275029900624,1.014323052336076e-06,0.005106336911960768,1.391965034880108e-09,0.0033005252530859193
3.544620517097581,0.020515480150338352,0.06028011296629889,0.001132906851814031,0.001816846009614878,6.417389674435893e-07,0.002473350922040517,1.5872456668359308e-09,0.001998530610576366,1.026782347909743e-06,0.005157806002941355,1.4247947569918912e-09,0.0033421036436089243
3.5654712260216845,0.020540786323532116,0.060443938512942295,0.0011397884574396802,0.0018267348514781744,6.495588638563629e-07,0.0024831320510941223,1.6129404339140181e-09,0.002009408336625992,1.0392941821701806e-06,0.005209479094821408,1.458157831436741e-09,0.0033839093673759435
3.5863219349457878,0.020566191692546965,0.0606069473570014,0.0011466573279406396,0.0018366010339671696,6.574115138599838e-07,0.002492908194488387,1.6388665500525693e-09,0.0020202611373638865,1.051858422175974e-06,0.00526135607819904,1.4920590718867677e-09,0.0034259419010143318
3.6071726438698914,0.020591696201319114,0.06076915292435452,0.001153513625278302,0.0018464449735717929,6.652968418513454e-07,0.0025026798708596225,1.6650250142478397e-09,0.0020310894709289723,1.0644749469621527e-06,0.0053134368545266885,1.5265033125487824e-09,0.0034682007306813672
3.6280233527939947,0.020617299798871336,0.06093056849054779,0.0011603575136739,0.0018562670882906675,6.732147797697375e-07,0.0025124475949705742,1.6914168543311216e-09,0.0020418937971197343,1.07714364763158e-06,0.005365721336030339,1.561495408759989e-09,0.0035106853521017518
3.648874061718098,0.020643002439335336,0.06109120718079514,0.001167189159608507,0.0018660677974034177,6.811652671538065e-07,0.0025222118777101887,1.7180431274989647e-09,0.00205267457714376,1.0898644274460905e-06,0.005418209445628762,1.5970402375947477e-09,0.00355339527059986
3.6697247706422016,0.02066880408197443,0.06125108196997835,0.0011740087318230369,0.0018758475212465031,6.891482511983677e-07,0.002531973226092878,1.744904920842996e-09,0.0020634322733711534,1.1026372019173883e-06,0.005470901116852732,1.6331426984823834e-09,0.0035963300011268022
3.690575479566305,0.020694704691206673,0.06141020568264699,0.0011808164013182429,0.0018856066809925043,6.971636868110828e-07,0.002541732143257283,1.7720033518794827e-09,0.002074167349091755,1.1154618988977325e-06,0.005523796293764221,1.6698077138360368e-09,0.0036394890682823868
3.7114261884904085,0.020720704236628307,0.06156859099301848,0.0011876123413547194,0.001895345698432798,7.052115366690193e-07,0.002551489128464547,1.7993395690787798e-09,0.002084880268276078,1.1283384586704308e-06,0.005576894930875584,1.7070402296925663e-09,0.0036828720063320683
3.7322768974145117,0.020746802693009814,0.06172625042582627,0.0011943967274287957,0.001905064995815909,7.132917712463084e-07,0.0025612446771278614,1.8269147523437117e-09,0.0020955714953975,1.1412668339940936e-06,0.005630196993068999,1.744845216362942e-09,0.003726478359219539
3.7531276063386154,0.02077300003949824,0.06188319638146728,0.0012011697371731092,0.0019147649971936226,7.214043687502581e-07,0.0025709992817529947,1.854730113910386e-09,0.002106241496912985,1.154246990000413e-06,0.005683702455526056,1.7832276690970346e-09,0.0037703076805929185
3.7739783152627187,0.020799296261510267,0.06203944107890396,0.001207931553024244,0.001924446124691398,7.29549318395781e-07,0.002580753429797267,1.8827869056561706e-09,0.002116890737160538,1.1672789094332498e-06,0.005737411303644802,1.8221926088339666e-09,0.003814359533803645
3.794829024186822,0.020825691349770116,0.06219499658580245,0.0012146823597940016,0.0019341088001539892,7.377266175973622e-07,0.002590507604791856,1.9110864131433403e-09,0.0021275196801693883,1.1803625881557795e-06,0.00579132353294619,1.8617450829665717e-09,0.0038586334918814962
3.8156797331109256,0.02085218529955411,0.062349874842277234,0.001221422343680708,0.0019437534464238177,7.459362708212369e-07,0.002600262287230344,1.9396299536937025e-09,0.0021381287910661995,1.193498033313979e-06,0.005845439149001468,1.901890166023672e-09,0.003903129137543059
3.836530442035029,0.020878778110711607,0.0625040876608911,0.0012281516922692127,0.00195338048716018,7.541782896118654e-07,0.0026100179545684252,1.9684188768326742e-09,0.0021487185358761984,1.2066852633789848e-06,0.005899758167368844,1.942632960336916e-09,0.003947846063212774
3.8573811509591325,0.020905469787686315,0.06265764672665522,0.0012348705945308895,0.0019629903466611637,7.624526926185362e-07,0.002619775081223226,1.9974545647335928e-09,0.00215928938132728,1.219924308189658e-06,0.005954280613530143,1.9839785967168817e-09,0.00399278387103987
3.8782318598832357,0.02093226033953796,0.06281056359702901,0.001241579240823636,0.001972583449688213,7.707595056220982e-07,0.002629534138572234,2.0267384326623654e-09,0.0021698417946570342,1.2332152089953573e-06,0.006009006522827426,2.0259322351384407e-09,0.004037942172911237
3.899082568807339,0.02095914977996416,0.06296284970192027,0.0012482778228918741,0.001982160221293301,7.790987615618385e-07,0.0026392955949518376,2.0562719294225925e-09,0.0021803762434226314,1.2465580184989416e-06,0.006063935940399612,2.068499065435406e-09,0.00408332059046031
3.9199332777314426,0.020986138127322727,0.06311451634368515,0.0012549665338665494,0.0019917210866486497,7.874705005625106e-07,0.0026490599156554885,2.0860565378013093e-09,0.002190893195313515,1.259952800900017e-06,0.006119068921119039,2.111684308004463e-09,0.004128918755072024
3.940783986655546,0.021013225404654196,0.06326557469712805,0.001261645568265132,0.0020012664708789446,7.95874769961524e-07,0.002658827562931478,2.1160937750154495e-09,0.0022013931179668393,1.2733996319384384e-06,0.0061744055295279935,2.155493214518399e-09,0.004174736307883879
3.9616346955796495,0.021040411639704763,0.06341603580950182,0.0012683151219916153,0.002010796798896009,8.04311624336303e-07,0.0026685989959803523,2.1463851931591847e-09,0.00221187647878561,1.2868985989380849e-06,0.006229945839775199,2.1999310686486606e-09,0.004220772899783206
3.9824854045037528,0.021067696864949408,0.06356591060050751,0.0012749753923365172,0.0020203124952358565,8.127811255318281e-07,0.0026783746709519328,2.1769323796522513e-09,0.0022223437447594424,1.300449800850925e-06,0.006285689935552224,2.2450031867972364e-09,0.004267028191400645
4.0033361134278564,0.021095081117535577,0.06371520986472426,0.0012816265779311655,0.002029813984052928,8.212833426297749e-07,0.0026881550410343224,2.207736957607748e-09,0.0022327953824582206,1.31405334820764e-06,0.0063416379100308135,2.290714918837062e-09,0.004313501853101717
4.024186822351959,0.02112256443859058,0.06386394429349333,0.0012882688791253348,0.00203930169036121,8.298183524614232e-07,0.002697940557283744,2.2388005882840503e-09,0.002243231859397331,1.3277093639382772e-06,0.006397789865809774,2.337071648881804e-09,0.004360193564992538
4.045037531276063,0.0211501468751977,0.064012124415668,0.0012949024999462544,0.00204877603610348,8.383862421835298e-07,0.002707731666369614,2.270124976608968e-09,0.0022536536397138283,1.3414179874936477e-06,0.006454145914847028,2.3840787961388213e-09,0.004407103016894775
4.065888240200167,0.021177828479099936,0.06415976063756869,0.0013015276456866782,0.0020582374425350543,8.469871062433537e-07,0.0027175288120850744,2.3017118646808756e-09,0.00226406118678856,1.355179369989366e-06,0.006510706178383879,2.4317418157519353e-09,0.004454229908302823
4.08673894912427,0.021205609306221396,0.06430686325814508,0.0013081445223919912,0.002067686331050885,8.556210457320854e-07,0.0027273324359216563,2.333563030882323e-09,0.0022744549641559738,1.3689936731713367e-06,0.006567470786891039,2.480066199567232e-09,0.004501573948377758
4.107589658048373,0.02123348941668811,0.06445344246897615,0.0013147533368602089,0.0020771231230508093,8.642881683925269e-07,0.002737142977068242,2.3656802902787788e-09,0.0022848354353558905,1.382861069428043e-06,0.006624439880020623,2.5290574768937642e-09,0.004549134855949217
4.128440366972477,0.021261468874849074,0.06459950835427015,0.001321354296641978,0.0020865482398067098,8.729885886271082e-07,0.0027469608724097353,2.3980654950188647e-09,0.0022952030637873808,1.3967817418033731e-06,0.006681613606558134,2.5787212152725975e-09,0.004596912359514214
4.14929107589658,0.021289547749297554,0.0647450708908646,0.0013279476100405761,0.0020959621023315415,8.81722427506239e-07,0.002756786556525434,2.4307205347361716e-09,0.002305558312564696,1.4107558840099825e-06,0.006738992124374389,2.6290630212541975e-09,0.0046449061972329165
4.170141784820683,0.02131772611289272,0.06489013994822629,0.0013345334861119109,0.0021053651312501966,8.904898127770049e-07,0.0027666204616871334,2.463647336952806e-09,0.0023159016443752164,1.424783700443208e-06,0.006796575600377438,2.680088541184231e-09,0.004693116116921451
4.190992493744787,0.021346004042781485,0.06503472528845126,0.0013411121346645221,0.0021147577466721613,8.992908788722157e-07,0.002776463017856928,2.4968478674847612e-09,0.0023262335213393775,1.4388654061955452e-06,0.006854364210464429,2.731803461997801e-09,0.004741541876041772
4.211843202668891,0.021374381620420636,0.06517883656626489,0.0013476837662595794,0.002124140368065934,9.081257669198023e-07,0.0027863146526847455,2.530324130849217e-09,0.0023365544048725277,1.4530012270716838e-06,0.006912358139473412,2.784213512022134e-09,0.004790183241688616
4.232693911592994,0.021402858931599274,0.06532248332902175,0.0013542485922108834,0.0021335134141351624,9.169946247525797e-07,0.002796175791505596,2.5640781706739214e-09,0.002346864755548679,1.4671913996041276e-06,0.006970557581135114,2.837324461787805e-09,0.004839039990573603
4.253544620517097,0.02143143606646144,0.06546567501670573,0.0013608068245848657,0.0021428773026964647,9.258976069183727e-07,0.0028060468573365416,2.5981120701087244e-09,0.0023571650329661112,1.4814361710693965e-06,0.0070289627380246255,2.8911421248485067e-09,0.004888111909006519
4.274395329441201,0.02146011311952911,0.06560842096193001,0.001367358676200589,0.0021522324505589083,9.348348746905136e-07,0.002815928270873406,2.632427952239415e-09,0.0023674556956147993,1.4957357995048218e-06,0.0070875738215130536,2.9456723586094345e-09,0.00493739879287382
4.295246038365304,0.02148889018912673,0.06575073040816086,0.0013739043606755806,0.0021615792746033247,9.438065961416878e-07,0.002825820451191689,2.6670279813467966e-09,0.0023777372020636575,1.5100905538267006e-06,0.00714639105172641,3.0009210651730947e-09,0.004986900447628114
4.316096747289407,0.02151776737833998,0.06589261248170401,0.0013804440942546726,0.0021709181898320077,9.528129486813017e-07,0.002835723814664817,2.7019143694965734e-09,0.002388010008815209,1.524500717890083e-06,0.007205414657500559,3.0568941922669563e-09,0.005036616688267714
4.336947456213511,0.02154674479532582,0.0660340761827418,0.001386978094669215,0.002180249608654074,9.61854117546123e-07,0.0028456387746092814,2.737089372406841e-09,0.0023982745695194816,1.5389665880737968e-06,0.007264644876321182,3.1135977341967258e-09,0.005086547339285654
4.3577981651376145,0.021575822552125958,0.06617513042179597,0.0013935065799672922,0.0021895739431708533,9.709302942060697e-07,0.0028555657426889243,2.7725552866737307e-09,0.002408531337487939,1.5534884707297116e-06,0.007324081954274667,3.1710377327275915e-09,0.0051366922346366365
4.378648874061717,0.021605000764684166,0.0663157840198229,0.0014000297685119651,0.0021988916050818988,9.800416763598333e-07,0.0028655051289178074,2.808314450162308e-09,0.002418780765590089,1.5680666821757334e-06,0.007383726146013684,3.2292202779406426e-09,0.0051870512177291175
4.399499582985821,0.021634279552866856,0.06645604570821372,0.0014065478789812725,0.002208203005586095,9.891884679333583e-07,0.0028754573416591863,2.8443692424035777e-09,0.002429023306144705,1.5827015486933733e-06,0.007443577714722786,3.288151509097502e-09,0.005237624141415166
4.420350291909925,0.021663659040484003,0.06659592412879424,0.0014130611303682285,0.0022175085552840596,9.98370879078768e-07,0.0028854227876242804,2.8807220849943616e-09,0.0024392594108124657,1.5973934065260288e-06,0.007503636932083957,3.3478376155132446e-09,0.005288410867978056
4.441201000834028,0.02169313935531027,0.06673542783382497,0.001419569741980825,0.00222680866408183,1.007589126173753e-06,0.002895401871870834,2.917375442000182e-09,0.0024494895304900135,1.6121426018780048e-06,0.007563904078242163,3.408284837437709e-09,0.005339411269117662
4.462051709758131,0.021722720629106292,0.06687456528600108,0.0014260739334420298,0.0022361037410958103,1.0168434318214113e-06,0.0029053949978014625,2.9543318203612007e-09,0.0024597141152053917,1.6269494909142581e-06,0.007624379441770855,3.4694994669452278e-09,0.005390625225933634
4.482902418682235,0.021752402997640374,0.06701334485845249,0.0014325739246897884,0.0022453941945589405,1.0261340248505517e-06,0.00291540256716182,2.9915937703013895e-09,0.0024699336140148347,1.6418144397608828e-06,0.007685063319637446,3.5314878488328704e-09,0.005442052628906434
4.5037531276063385,0.021782186600710185,0.06715177483474379,0.001439069935977022,0.0022546804317280645,1.0354611403164553e-06,0.002925424980038527,3.0291638857409364e-09,0.0024801484749008714,1.6567378245063285e-06,0.007745956017168726,3.594256381527224e-09,0.005493693377876201
4.524603836530441,0.021812071582164933,0.06728986340887422,0.0014455621878716293,0.0022639628587924746,1.0448250195021058e-06,0.0029354626348569307,3.0670448047120952e-09,0.0024903591446717222,1.6717200312033694e-06,0.007807057848016258,3.657811517999835e-09,0.00554554738201953
4.545454545454545,0.0218420580899276,0.06742761868527779,0.0014520509012564858,0.002273241880783611,1.0542259099198863e-06,0.0029455159283786505,3.1052392097785016e-09,0.002500566068861972,1.6867614558718181e-06,0.007868369134121717,3.7221597666913556e-09,0.005597614559824168
4.566305254378649,0.021872146276017152,0.067565048678834,0.0014585362973293314,0.0022825179014866045,1.0636640653135778e-06,0.0029555852556993538,3.1437498284580447e-09,0.002510769691635265,1.7018625045017246e-06,0.007929890205682164,3.787307692444448e-09,0.0056498948390616335
4.587155963302752,0.021902336295910044,0.06770216133509818,0.0014650185978573168,0.0022917913247218315,1.0731397460339094e-06,0.002965671011042557,3.182579435610337e-09,0.002520970457194015,1.7170235936542552e-06,0.007991621401123595,3.853261917466012e-09,0.005702388156773555
4.608006672226855,0.0219326283097585,0.06783896449453215,0.0014714980268142773,0.002301062551845197,1.0826532214591557e-06,0.002975773586354955,3.221730859600257e-09,0.0025311688070297172,1.7322451543346492e-06,0.008053563067068104,3.9200291223785475e-09,0.005755094459244068
4.628857381150959,0.021963022482321678,0.06797546589476741,0.0014779748089416415,0.0023103319818053437,1.0922047679330408e-06,0.0029858933713861344,3.2612069767675977e-09,0.0025413651799858785,1.7475276286928654e-06,0.008115715558287257,3.98761604727813e-09,0.0058080137019442205
4.6497080900750625,0.021993518982027793,0.06811167319951725,0.0014844491690177218,0.002319600013018918,1.1017946676987025e-06,0.0029960307548225124,3.301010709924763e-09,0.00255156001432081,1.762871468317924e-06,0.008178079237668083,4.056029492719043e-09,0.0058611458494984715
4.670558798999165,0.022024117980994233,0.06824759399857663,0.0014909213318577141,0.0023288670432972764,1.11142320889419e-06,0.0030061861242872915,3.3411450287885694e-09,0.002561753747627004,1.778277134230704e-06,0.00824065447619091,4.1252763206872785e-09,0.005914490875671847
4.691409507923269,0.022054819655048043,0.06838323580782238,0.0014973915223137,0.0023381334697741203,1.1210906855484699e-06,0.003016359866340292,3.381612950416329e-09,0.0025719468167515326,1.793745096877552e-06,0.008303441652907211,4.195363455583077e-09,0.0059680487633554345
4.712260216847373,0.022085624183746547,0.068518606069213,0.0015038599652746434,0.002347399688833997,1.1307973975779257e-06,0.0030265523664776274,3.422417539646214e-09,0.002582139657717397,1.8092758361246813e-06,0.008366441154917408,4.266297885212587e-09,0.0060218195045502005
4.733110925771475,0.022116531750398162,0.06865371215078878,0.0015103268856663924,0.002356666096041681,1.140543650783372e-06,0.003036764009131232,3.4635619095420844e-09,0.002592332705645849,1.8248698412533953e-06,0.008429653377348691,4.338086661788776e-09,0.006075803100349205
4.753961634695579,0.022147542542083454,0.06878856134667173,0.0015167925084516806,0.0023659330860724102,1.1503297568475708e-06,0.0030469951776682593,3.5050492218428495e-09,0.0026025263946796513,1.8405276109561134e-06,0.00849307872333284,4.410736902941665e-09,0.006129999560918198
4.774812343619683,0.02217865674967643,0.06892316087706567,0.0015232570586301243,0.0023752010526429377,1.160156033333249e-06,0.003057246254390334,3.546882687416423e-09,0.0026127211579072317,1.8562496533331985e-06,0.008556717603983993,4.484255792737947e-09,0.006184408905474612
4.795663052543786,0.022209874567865967,0.06905751788825612,0.001529720761238224,0.002384470388443407,1.1700228036816257e-06,0.0030675176205326574,3.589065566718409e-09,0.002622917427287748,1.872036485890601e-06,0.008620570438376435,4.5586505827101624e-09,0.006239031162265003
4.816513761467889,0.02224119619517751,0.06919163945261037,0.001536183841349364,0.0023937414850700137,1.1799303972114442e-06,0.0030778096562629836,3.6316011702556007e-09,0.002633115633577015,1.8878886355383107e-06,0.008684637653522342,4.633928592895461e-09,0.00629386636854092
4.837364470391993,0.022272621833994994,0.06932553256857747,0.0015426465240738138,0.002403014732958448,1.18987914911851e-06,0.0030881227406804592,3.6744928590543863e-09,0.002643316206254293,1.903806638589616e-06,0.008748919684349528,4.7100972128840974e-09,0.006348914570533263
4.858215179316097,0.022304151690582915,0.06945920416068824,0.001549109034558726,0.002412290521318085,1.199869400475734e-06,0.0030984572518143166,3.717744045134135e-09,0.002653519573449894,1.9197910407611746e-06,0.008813416973679124,4.7871639028777236e-09,0.006404175823425085
4.879065888240199,0.022335785974933884,0.06959266108493017,0.0015555715980265106,0.002421569238440977,1.209901498293376e-06,0.003108813566838221,3.761358192432338e-09,0.002663726162285075,1.9358423972694015e-06,0.008878129972205525,4.8651361947622754e-09,0.0064596501913272205
4.899916597164303,0.022367524900419704,0.0697259101407621,0.0015620344409593907,0.0024308512724788155,1.219975797371658e-06,0.003119192062555846,3.805338823671915e-09,0.002673936399726697,1.951961275794653e-06,0.008943059138483611,4.944021693262112e-09,0.006515337747266387
4.920767306088407,0.02239936868541007,0.06985895802229905,0.0015684977911996584,0.0024401370079806706,1.2300926604991035e-06,0.0031295931134401236,3.849689519191235e-09,0.0026841507087787377,1.9681482567985657e-06,0.009008204938900585,5.023828077153514e-09,0.006571238573142514
4.94161801501251,0.022431317551995157,0.06999181135732864,0.0015749618765544021,0.002449426828539939,1.240252456299882e-06,0.00314001709319116,3.894413912653951e-09,0.002694369511393933,1.9844039300798113e-06,0.009073567847643614,5.104563100421292e-09,0.006627352759676706
4.962468723936613,0.022463371725804964,0.07012447671341879,0.0015814269247184046,0.002458721117165407,1.2504555591121554e-06,0.0031504643749821603,3.939515691481244e-09,0.0027045932288819476,2.0007288945794486e-06,0.009139148346686287,5.18623459337516e-09,0.006683680406393766
4.983319432860717,0.022495531436029514,0.07025696059791763,0.001587893163274144,0.002468020256228675,1.2607023489863835e-06,0.003160935331460686,3.984998597366539e-09,0.002714822281851543,2.017123758378214e-06,0.009204946925777644,5.268850463775993e-09,0.006740221621608387
5.004170141784821,0.02252779691543929,0.07038926945795354,0.0015943608196917925,0.0024773246274121955,1.2709932116841422e-06,0.0031714303347498214,4.0308664267961895e-09,0.0027250570901534155,2.0335891386946277e-06,0.009270964082431216,5.3524186979728525e-09,0.006796976522410119
5.025020850708923,0.02256016840040588,0.07052140968043517,0.0016008301213292168,0.002486634611657888,1.2813285386774575e-06,0.003181949756449262,4.077123031576225e-09,0.0027352980728236774,2.050125661883932e-06,0.009337200321914107,5.436947362050961e-09,0.006853945234647166
5.045871559633027,0.022592646130922798,0.07065338759205142,0.0016073012954319797,0.002495950589116323,1.29170872714866e-06,0.0031924939676362986,4.123772319365259e-09,0.0027455456480279554,2.066733963437856e-06,0.0094036561572361,5.522444602990719e-09,0.00691112789290902
5.066722268557131,0.022625230350626416,0.07078520945927141,0.0016137745691333371,0.0025052729390964636,1.302134179990744e-06,0.0032030633388667115,4.17081825421362e-09,0.00275580023300611,2.0834146879851902e-06,0.00947033210913876,5.608918649837872e-09,0.00696852464050791
5.087572977481234,0.022657921306817225,0.07091688148834453,0.0016202501694542405,0.002514602040015952,1.3126053058082475e-06,0.003213658240175587,4.2182648571088714e-09,0.002766062244017547,2.100168489293196e-06,0.009537228706084573,5.696377814885022e-09,0.00702613562945913
5.108423686405337,0.022690719250481217,0.0710484098253004,0.0016267283233033357,0.0025239382693519217,1.323122518918641e-06,0.0032242790410780455,4.266116206527763e-09,0.002776332096287114,2.1169960302698257e-06,0.009604346484246098,5.784830494864551e-09,0.007083961020460215
5.129274395329441,0.022723624436311464,0.07117980055594894,0.001633209257476964,0.0025332820035923347,1.3336862393542281e-06,0.0032349261105698753,4.3143764389947365e-09,0.0027866102039515684,2.133897982966765e-06,0.009671685987495139,5.874285172153152e-09,0.0071420009828690135
5.1501251042535445,0.022756637122729906,0.07131105970588027,0.001639693198659161,0.0025426336181878103,1.3442968928645555e-06,0.0032455998171280875,4.363049749647057e-09,0.0027968969800065916,2.150875028583289e-06,0.009739247767391908,5.964750415988034e-09,0.007200255694680625
5.170975813177647,0.022789757571909312,0.07144219324046473,0.0016461803734216561,0.0025519934875039524,1.3549549109193317e-06,0.0032563005287113787,4.412140392806699e-09,0.002807192836254348,2.167927857470931e-06,0.00980703238317422,6.056234883695013e-09,0.007258725342503256
5.191826522101751,0.0228229860497162,0.0715732070673356,0.0016526710082505338,0.002561361984951849,1.365660730755918e-06,0.0032670286128624985,4.461652682842292e-09,0.0028174981834470344,2.1850571692094687e-06,0.00987504040174776,6.148747321931555e-09,0.0073174101215350345
5.212677231025855,0.022856322825159862,0.07170410705497109,0.0016591653306118992,0.002570739484275377,1.3764147971522464e-06,0.003277784437476484,4.511591001617985e-09,0.002827813432702915,2.2022636754435942e-06,0.009943272397685407,6.242296568016421e-09,0.00737631023555708
5.2335279399499575,0.022889768171994215,0.07183489898385266,0.0016656635692667793,0.002580126356010158,1.3872175629912733e-06,0.0032885683687980203,4.561959798294177e-09,0.002838138991611174,2.2195481007860373e-06,0.010011728953213705,6.336891551334936e-09,0.007435425896900806
5.254378648874061,0.02292332236776243,0.0719655885758021,0.0016721659529141159,0.002589522969530809,1.3980694870425867e-06,0.0032993807726177456,4.6127635843318646e-09,0.00284847526648389,2.2369111792681386e-06,0.010080410658190934,6.4325412946900876e-09,0.007494757326398045
5.275229357798165,0.0229569856934803,0.07209618150437339,0.0016786727100951996,0.0025989296937557757,1.408971033809181e-06,0.003310222014700918,4.6640069341910624e-09,0.0028588226631313537,2.2543536540946896e-06,0.010149318110102097,6.529254915608802e-09,0.0075543047533626895
5.2960800667222685,0.022990758433656677,0.0722266833948528,0.0016851840691936722,0.0026083468971101528,1.4199226735320717e-06,0.0033210924607905254,4.71569448597289e-09,0.002869181586821168,2.271876277651315e-06,0.01021845191405843,6.627041627662222e-09,0.007614068415579999
5.316930775646371,0.023024640876313954,0.07235709982425886,0.0016917002584355253,0.002617774947488881,1.4309248821954115e-06,0.0033319924766103196,4.767830942069619e-09,0.0028795524422377695,2.2894798115126586e-06,0.010287812682796969,6.725910741799443e-09,0.007674048559295052
5.337781484570475,0.0230586333130089,0.07248743632134237,0.0016982215058891016,0.0026272142122203326,1.441978141532124e-06,0.0033429224278678327,4.820421069822914e-09,0.002889935633442366,2.3071650264513988e-06,0.010357401036680185,6.825871667694904e-09,0.007734245439200371
5.358632193494579,0.02309273603885347,0.07261769836658634,0.0017047480394650934,0.002636665058030258,1.4530829390300398e-06,0.0033538826802573187,4.873469702190252e-09,0.002900331563833284,2.3249327024480637e-06,0.010427217603695669,6.926933915109555e-09,0.007794659318422688
5.379482902418681,0.023126949352536005,0.07274789139220607,0.0017112800869165431,0.002646127851006105,1.4642397679385456e-06,0.0033648735994626796,4.9269817384197725e-09,0.0029107406361067157,2.342783628701673e-06,0.010497263019455883,7.029107095266037e-09,0.007855290468508917
5.400333611342785,0.02316127355634239,0.07287802078214908,0.0017178178758388441,0.002655602956561677,1.4754491272757392e-06,0.0033758955511603212,4.980962144733547e-09,0.002921163252217845,2.3607186036411827e-06,0.010567537927197992,7.132400922238029e-09,0.007916139169411304
5.421184320266889,0.02319570895617764,0.0730080918720952,0.00172436163366974,0.0026650907394021464,1.4867115218360872e-06,0.003386948901021997,5.035415955019477e-09,0.0029315998133423614,2.3787384349377397e-06,0.010638042977783714,7.2368252143538876e-09,0.007977205709471758
5.4420350291909925,0.023230255861587445,0.07313810994945645,0.0017309115876893242,0.00267459156348939,1.4980274621985885e-06,0.0033980340147175755,5.090348271531851e-09,0.0029420507198383294,2.396843939517742e-06,0.010708778829699265,7.342389895614849e-09,0.008038490385405403
5.462885738115095,0.023264914585780047,0.07326808025337715,0.0017374679650200406,0.0026841057920076574,1.5093974647354404e-06,0.0034091512579177943,5.1457642656007566e-09,0.0029525163712084235,2.4150359435767047e-06,0.010779746149055344,7.449104997127905e-09,0.008099993502283319
5.483736447039199,0.02329968544564826,0.07339800797473385,0.001744030992626684,0.002693633787329547,1.5208220516212082e-06,0.0034203009962969623,5.201669178350409e-09,0.002962997166062502,2.4333152825939334e-06,0.010850945609587192,7.556980658553586e-09,0.008161715373514523
5.504587155963303,0.02333456876179164,0.07352789825613537,0.0017506008973163984,0.0027031759109822973,1.5323017508424896e-06,0.0034314835955356207,5.258068321426513e-09,0.002973493502080527,2.4516828013479835e-06,0.010922377892654673,7.666027129568776e-09,0.008223656320827149
5.525437864887405,0.023369564858408902,0.07365775619616417,0.0017571779058301324,0.0027127325239267807,1.5438370963687848e-06,0.0034426994215022576,5.314967078562541e-09,0.002984005776319459,2.470139354190056e-06,0.010994043687244307,7.77625477135348e-09,0.008285816674252456
5.546288573811509,0.02340467406291718,0.07378758686353325,0.0017637622462076052,0.002722303987571732,1.5554286305736485e-06,0.0034539488408603697,5.372370915610885e-09,0.0029945343863289056,2.488685808917838e-06,0.011065943689979532,7.887674058198492e-09,0.008348196772123718
5.567139282735613,0.02343989670738386,0.07391739525158612,0.0017703541473848901,0.0027318906603896035,1.5670769035814406e-06,0.00346523221915209,5.430285376179502e-09,0.003005079726428564,2.507323045730305e-06,0.011138078605117277,8.00029557917212e-09,0.008410796961047948
5.5879899916597155,0.023475233127538724,0.07404718630959384,0.001776953838184831,0.0027414929001838505,1.5787824715199013e-06,0.0034765499221120185,5.488716078394333e-09,0.0030156421902022357,2.526051954431842e-06,0.011210449144538294,8.114130039707708e-09,0.008473617595864782
5.608840700583819,0.023510683662600364,0.07417696494895912,0.001783561547311343,0.0027511110645195547,1.590545896523816e-06,0.003487902315933546,5.547668716084016e-09,0.0030262221709715102,2.5448734344381057e-06,0.011283056027753948,8.229188263169743e-09,0.008536659039636286
5.629691409507923,0.02354624865529715,0.07430673604321637,0.0017901775033494101,0.0027607455106981155,1.6023677467491636e-06,0.0034992897672742073,5.607149059609576e-09,0.003036820061767927,2.563788394798662e-06,0.01135589998191583,8.345481192440945e-09,0.008599921663641381
5.650542118432027,0.023581928451888258,0.07443650442803171,0.0017968019347650856,0.002770396595732192,1.6142485963877776e-06,0.0035107126432610144,5.667162956704918e-09,0.0030474362553054115,2.5827977542204443e-06,0.011428981741825498,8.463019891526794e-09,0.008663405847369722
5.671392827356129,0.023617723402184966,0.0745662749012029,0.0018034350699054934,0.0027800646763208813,1.626189025682516e-06,0.0035221713114957946,5.7277163333282565e-09,0.0030580711439529696,2.6019024410920258e-06,0.011502302049944312,8.581815547177678e-09,0.008727111978514984
5.692243536280233,0.02365363385957203,0.07469605222265942,0.0018100771369988274,0.0027897501088251313,1.638189620942936e-06,0.0035336661400605144,5.7888151945246214e-09,0.003068725119707645,2.6211033935086976e-06,0.011575861656403407,8.70187947052894e-09,0.008791040452967603
5.713094245204337,0.023689660181029294,0.0748258411144624,0.0018167283641543504,0.002799453249243386,1.650250974561471e-06,0.003545197497522609,5.8504656252995744e-09,0.0030793985741677248,2.640401559298354e-06,0.011649661319013741,8.823223098758968e-09,0.00885519167480693
5.7339449541284395,0.02372580272715348,0.07495564626080468,0.0018233889793623952,0.002809174453187442,1.6623736850301187e-06,0.003556765752940303,5.912673791504296e-09,0.0030900918985061862,2.65979789604819e-06,0.01172370180327628,8.945857996765676e-09,0.008919566056292846
5.754795663052543,0.023762061862180123,0.0750854723080108,0.0018300592104943652,0.0028189140758585283,1.6745583569576296e-06,0.0035683712758679304,5.975445940732202e-09,0.003100805483444381,2.6792933711322076e-06,0.011797983882392296,9.069795858861554e-09,0.008984164017856835
5.775646371976647,0.023798437954005706,0.07521532386453693,0.0018367392853027326,0.002828672472023589,1.6868056010871965e-06,0.0035800144363612534,6.0387884032271855e-09,0.0031115397192259483,2.6988889617395146e-06,0.011872508337273753,9.195048510487488e-09,0.009048985988092482
5.7964970809007506,0.023834931374209976,0.07534520550097097,0.00184342943142104,0.0028384499959917733,1.6991160343146491e-06,0.003591695604982782,6.102707592803699e-09,0.0031222949955909507,2.718585654903439e-06,0.01194727595655382,9.321627909945693e-09,0.00911403240374546
5.817347789824853,0.023871542498078428,0.07547512175003249,0.0018501298763638988,0.0028482470015911135,1.7114902797071478e-06,0.003603415152807088,6.167210007778778e-09,0.003133071701750225,2.738384447531437e-06,0.012022287536597499,9.449546150151929e-09,0.009179303709702961
5.838198498748957,0.023908271704624978,0.07560507710657274,0.0018568408475269922,0.002858063842145405,1.7239289665223794e-06,0.003615173451426126,6.232302231916184e-09,0.003143870226359946,2.758286346435807e-06,0.012097543881512358,9.5788154604073e-09,0.009244800358982614
5.859049207673061,0.023945119376614834,0.07573507602757468,0.001863562572187071,0.0028679008704512584,1.736432730228246e-06,0.003626970872954552,6.297990935382798e-09,0.0031546909574963846,2.778292368365194e-06,0.012173045803159364,9.709448208189818e-09,0.009310522812720845
5.8798999165971635,0.02398208590027353,0.07586512294327317,0.0018702952779428936,0.002877758439598977,1.7490022133477428e-06,0.003638807790520779,6.364282879567852e-09,0.0031655342835588745,2.7984035413563885e-06,0.012248794121168905,9.84145690100623e-09,0.009376471540170437
5.900750625521267,0.02401917166551102,0.07599522225189659,0.001877039194152205,0.0028876369025575793,1.7616380681917795e-06,0.003650684578053934,6.431184927660455e-09,0.0031764005928133373,2.818620909106847e-06,0.012324789662959718,9.974854188404359e-09,0.009442647018702784
5.921601334445371,0.02405637706668285,0.07612537829284151,0.0018837945504324644,0.0028975366101141125,1.7743409541195253e-06,0.0036626016091129377,6.4987040336731595e-09,0.003187290271125524,2.8389455265912407e-06,0.01240103326374336,1.0109652863981234e-08,0.009509049733781753
5.9424520433694745,0.024093702501738395,0.07625559537589582,0.001890561576380253,0.002907457913066172,1.7871115370426937e-06,0.003674559258159544,6.566847243803963e-09,0.0031982037043727894,2.85937845926831e-06,0.01247752576652977,1.0245865867291047e-08,0.00957568017893901
5.963302752293577,0.024131148372220048,0.07638587778201066,0.0018973405015813172,0.0029174011622641344,1.7999504894704222e-06,0.003686557900599932,6.6356216976459e-09,0.0032091412784905483,2.879920783152676e-06,0.012554268022146526,1.0383506285779885e-08,0.009642538855774974
5.984153461217681,0.024168715083285174,0.07651622976330044,0.0019041315556105707,0.002927366708595092,1.8128584905359658e-06,0.0036985979127927868,6.705034629285005e-09,0.0032201033794546016,2.9005735848575456e-06,0.012631260889258629,1.0522587356744555e-08,0.009709626273960058
6.005004170141785,0.024206403043728144,0.07664665554304291,0.0019109349680320922,0.0029373549029669353,1.8258362260239065e-06,0.003710679672057393,6.775093368412898e-09,0.003231090393263629,2.9213379616382506e-06,0.012708505234388427,1.0663122469314385e-08,0.009776942951235547
6.0258548790658875,0.024244212666002563,0.07677715931567905,0.0019177509683991265,0.002947366096292581,1.8388843883978937e-06,0.0037228035566817656,6.845805341454251e-09,0.0032421027059218394,2.94221502143663e-06,0.012786001931935747,1.080512516645645e-08,0.009844489413414117
6.046705587989991,0.024282144366243753,0.07690774524681315,0.001924579786254085,0.0029574006394743556,1.85200367682891e-06,0.0037349699459308275,6.9171780727093674e-09,0.0032531407034217916,2.963205882926256e-06,0.012863751864198181,1.0948609147004446e-08,0.009912266194380006
6.067556296914095,0.02432019856429129,0.07703841747321276,0.0019314216511285452,0.0029674588833885065,1.8651947972240578e-06,0.0037471792200546037,6.989219185511949e-09,0.0032642047717273575,2.9843116755584925e-06,0.012941755921391525,1.1093588267711509e-08,0.009980273836088802
6.088407005838198,0.024358375683711797,0.07716918010280875,0.0019382767925432492,0.002977541178869867,1.878458462255873e-06,0.0037594317602964657,7.0619364034023885e-09,0.003275295296756854,3.005533539609397e-06,0.013020015001670411,1.1240076545327375e-08,0.0100485128885669
6.109257714762301,0.024396676151821912,0.07730003721469525,0.0019451454400081071,0.0029876478766966354,1.8917953913921662e-06,0.003771727948901404,7.1353375513167036e-09,0.0032864126643662992,3.0268726262274662e-06,0.013098530011149122,1.1388088158700178e-08,0.010116983909910613
6.130108423686405,0.024435100399711394,0.07743099285912967,0.0019520278230221936,0.0029977793275752953,1.9052063109263824e-06,0.0037840681691243393,7.2094305567913325e-09,0.003297557260332825,3.048330097482212e-06,0.013177301863922537,1.153763745090314e-08,0.010185687466284914
6.150959132610509,0.02447364886226648,0.07756205105753274,0.00195892417107375,0.0030079358821256575,1.9186919540084896e-06,0.0037964528052384814,7.284223451184034e-09,0.0033087294703382235,3.0699071264135836e-06,0.013256331482087288,1.1688738931386621e-08,0.01025462413192185
6.171809841534611,0.02451232197819334,0.07769321580248842,0.0019658347136401835,0.003018117890866018,1.932253060676391e-06,0.00380888224254371,7.359724370911039e-09,0.00331992967995262,3.0916048970822258e-06,0.01333561979576308,1.1841407278155747e-08,0.01032379448911862
6.192660550458715,0.02455112019004178,0.077824491057744,0.0019727596801880675,0.003028325704198438,1.9458903778878633e-06,0.003821356867375009,7.435941558700739e-09,0.003331158274618282,3.1134246046205817e-06,0.013415167743114194,1.1995657339974054e-08,0.010393199128235307
6.213511259382819,0.024590043944229114,0.07795588075821003,0.0019796993001731412,0.00303855967239413,1.9596046595530125e-06,0.0038338770671109386,7.512883364864033e-09,0.0033424156396335432,3.13536745528482e-06,0.013494976270371137,1.2151504138593371e-08,0.010462838647692268
6.234361968306922,0.024629093691036868,0.07808738881104477,0.0019866538030772667,0.00304882014566364,1.9733966666406834e-06,0.0038464432302312912,7.590558248961053e-09,0.0033537021602300042,3.1574346666250936e-06,0.013575046331853018,1.2308962871014396e-08,0.010532713653968177
6.255212677231025,0.024668269884164828,0.0782190191152133,0.001993623419844472,0.0030591074756730514,1.987267170076184e-06,0.003859055747217458,7.668974793939073e-09,0.0033650182232403568,3.1796274721218945e-06,0.0136553788899999,1.2468048911912023e-08,0.010602824761616314
6.276063386155129,0.024707572981720834,0.0783507755242955,0.0020006083827136954,0.003069422012629271,2.001216950492154e-06,0.0038717150088819147,7.748141703249367e-09,0.0033763642138921984,3.2019471207874463e-06,0.0137359749153971,1.2628777816177959e-08,0.010673172593264828
6.296914095079233,0.0247470034458489,0.07848266185981859,0.0020076089239869912,0.0030797641063013115,2.0152467958361022e-06,0.003884421406968649,7.828067794070734e-09,0.003387740516931443,3.2243948733377636e-06,0.01381683538678837,1.27911653213627e-08,0.010743757779595289
6.317764804003335,0.024786561742464117,0.07861468192230979,0.00201462527612344,0.003090134106872971,2.0293575015977235e-06,0.0038971753346630183,7.908762000440016e-09,0.0033991475175602684,3.246972002556358e-06,0.013897961291100625,1.2955227350079445e-08,0.010814580959342656
6.338615512927439,0.024826248341276103,0.0787468394912963,0.0020216576717391518,0.0031005323649339906,2.043549870850884e-06,0.0039099771866030605,7.990233374712586e-09,0.00341058560142739,3.2696797933614142e-06,0.013979353623474125,1.3120980012455935e-08,0.010885642779304955
6.359466221851543,0.024866063715812358,0.07887913832530528,0.0020287063436072628,0.0031109592314713225,2.0578247142961745e-06,0.003922827358890836,8.072491089042749e-09,0.003422055154618455,3.2925195428738794e-06,0.014061013387292869,1.3288439608616855e-08,0.010956943894352726
6.3803169307756455,0.02490600834344198,0.07901158216186391,0.0020357715246579373,0.0031214150578604853,2.0721828503040515e-06,0.003935726249103868,8.155544436884527e-09,0.003433556563646534,3.3154925604864823e-06,0.014142941594215246,1.345762263119741e-08,0.011028484967438298
6.401167639699749,0.024946082705399556,0.0791441747174993,0.002042853447978368,0.003131900195857027,2.086625104958553e-06,0.00394867425630666,8.23940283451302e-09,0.00344509021544273,3.338600167933685e-06,0.014225139264204932,1.362854576788838e-08,0.01110026666960487
6.422018348623853,0.024986287286809118,0.07927691968773856,0.0020499523468127737,0.003142414997588075,2.101152312101599e-06,0.003961671781062259,8.324075822566625e-09,0.003456656497346883,3.361843699362559e-06,0.01430760742556199,1.3801225904013067e-08,0.011172289679995373
6.442869057547956,0.0250266225767084,0.07940982074710881,0.0020570684545624025,0.0031529598155439764,2.1157653133778754e-06,0.003974719225443921,8.409573067610423e-09,0.0034682557970983742,3.3852245014046006e-06,0.014390347114954254,1.3975680125136675e-08,0.011244554685861155
6.463719766472059,0.02506708906807326,0.0795428815491371,0.00206420200478553,0.0031635350025700283,2.1304649582803005e-06,0.003987816993046842,8.495904363721013e-09,0.0034798885028270313,3.408743933248481e-06,0.014473359377448945,1.4151925719708522e-08,0.011317062382570497
6.484570475396163,0.025107687257842237,0.07967610572635049,0.0020713532311974585,0.003174140911858291,2.1452521041960758e-06,0.0040009654889999625,8.58307963409305e-09,0.0034915550030441204,3.4324033667137215e-06,0.014556645266544514,1.4329980181737445e-08,0.011389813473616903
6.505421184320267,0.025148417646941326,0.07980949689027603,0.0020785223676705183,0.0031847778969394894,2.1601276164533287e-06,0.004014165119977853,8.671108932667851e-09,0.0035032556866334387,3.456204186325326e-06,0.01464020584420275,1.450986121350101e-08,0.01146280867062723
6.5262718932443695,0.025189280740308975,0.07994305863144072,0.0020857096482340682,0.0031954463116749842,2.1750923683683403e-06,0.004027416294212682,8.760002445784306e-09,0.003514990942842483,3.4801477893893446e-06,0.014724042180881131,1.4691586728288871e-08,0.011536048693369634
6.547122602168473,0.025230277046921233,0.08007679451937154,0.0020929153070744938,0.003206146510248826,2.190147241293361e-06,0.004040719421506255,8.849770493852431e-09,0.0035267611612737086,3.504235586069378e-06,0.014808155355565442,1.4875174853180833e-08,0.011609534269761333
6.567973311092577,0.02527140707981712,0.0802107081025955,0.002100139578535209,0.003216878847159889,2.2052931246650224e-06,0.004054074913242152,8.940423533049866e-09,0.003538566731875878,3.528468999464036e-06,0.014892546455802604,1.506064393185997e-08,0.01168326613587617
6.58882402001668,0.02531267135612414,0.08034480290863952,0.0021073826971166544,0.0032276436772140644,2.2205309160533322e-06,0.004067483182397918,9.031972157041571e-09,0.0035504080449354713,3.5528494656853317e-06,0.014977216577733795,1.5248012527461418e-08,0.011757245035952027
6.609674728940783,0.025354070397084042,0.08047908244403054,0.0021146448974763,0.0032384413555165323,2.2358615212112756e-06,0.0040809446435573615,9.124427098723169e-09,0.003562285491068186,3.577378433938041e-06,0.015062166826127824,1.5437299425457298e-08,0.01183147172239806
6.630525437864887,0.025395604727912705,0.08061355020297874,0.0021219264149855825,0.0032492722381640866,2.251285855306783e-06,0.00409445971333719,9.21779923775948e-09,0.0035741994619804957,3.602057368490853e-06,0.015147398314419053,1.5628523636638312e-08,0.011905946955809769
6.651376146788991,0.025437274877774856,0.0807482096709447,0.002129227487462593,0.003260136682531424,2.266804846683133e-06,0.0041080288105760365,9.312099618127706e-09,0.0035861503507845665,3.626887754693013e-06,0.01523291216475176,1.5821704400356905e-08,0.011980671504995427
6.6722268557130935,0.025479081380360095,0.08088306429484485,0.0021365483530651876,0.003271035044862003,2.2824194324927827e-06,0.004121652354922499,9.407339428854753e-09,0.0035981385493482035,3.6518710919884527e-06,0.01531870950801175,1.6016861187752462e-08,0.012055646146978113
6.693077564637197,0.02552102477343709,0.08101811750626713,0.002143889250293748,0.0032819676821296538,2.298130558762544e-06,0.004135330767949361,9.503530008415406e-09,0.0036101644503426194,3.677008894020071e-06,0.015404791483854869,1.6214013704821588e-08,0.012130871666991425
6.713928273561301,0.025563105598856994,0.08115337272259723,0.002151250418028796,0.003292934952126394,2.3139391805345348e-06,0.004149064473222308,9.600682847152977e-09,0.0036222284473390338,3.7023026888552556e-06,0.015491159240747818,1.6413181895559376e-08,0.01220634885849752
6.734778982485404,0.02560532440257907,0.08128883334701854,0.002158632095530993,0.003303937213459677,2.329846261928263e-06,0.004162853896315194,9.698809589283462e-09,0.0036343309348056446,3.727754019085221e-06,0.015577813936009884,1.6614385945146907e-08,0.012282078523206157
6.755629691409507,0.025647681734696542,0.08142450276851218,0.0021660345224411427,0.0033149748255497237,2.3458527762034146e-06,0.004176699464825436,9.797922034928065e-09,0.0036464723081046963,3.7533644419254635e-06,0.01566475673585497,1.6817646283180808e-08,0.012358061471093683
6.776480400333611,0.025690178149462572,0.08156038436185699,0.0021734579387801866,0.003326048148626923,2.3619597058233087e-06,0.0041906016083894946,9.898032142174334e-09,0.003658652963489616,3.779135529317294e-06,0.01575198881543394,1.702298358694543e-08,0.012434298520421933
6.797331109257714,0.025732814205316562,0.0816964814876295,0.002180902584949208,0.003337157543729294,2.3781680425190693e-06,0.004204560758698507,9.999152029166522e-09,0.0036708732981022237,3.805068868030511e-06,0.015839511358877307,1.7230418784728377e-08,0.012510790497757097
6.8181818181818175,0.025775590464910493,0.081832797492204,0.00218836870172943,0.0033483033727000344,2.394478787354476e-06,0.004218577349514009,1.0101293976225365e-08,0.003683133709970038,3.831166059767162e-06,0.015927325559338238,1.7439973059179923e-08,0.012587538237988541
6.839032527105921,0.025818507495135676,0.08196933570775247,0.002195856530282216,0.0033594859981851124,2.4108929507915266e-06,0.004232651816683799,1.020447042799792e-08,0.003695434598003624,3.857428721266443e-06,0.01601543261903588,1.7651667850716867e-08,0.012664542584347536
6.859883236030025,0.025861565867149446,0.08210609945224465,0.002203366312149069,0.0033707057836309443,2.4274115527566946e-06,0.004246784598157896,1.0308693995637674e-08,0.003707776361994039,3.883858484410712e-06,0.016103833749299037,1.786552486097162e-08,0.012741804388425971
6.880733944954128,0.0259047661564023,0.08224309202944793,0.002210898289251633,0.003381963093282121,2.4440356227078985e-06,0.004260976134004646,1.0413977459015538e-08,0.0037201594026103338,3.910456996332638e-06,0.016192530170610155,1.8081566056287014e-08,0.012819324510194996
6.901584653878231,0.025948108942665072,0.08238031672892751,0.002218452703891692,0.0033932582921792067,2.4607661997021794e-06,0.00427522686642693,1.0520333768962054e-08,0.0037325841213971278,3.937225919523487e-06,0.016281523112649684,1.829981367125759e-08,0.012897103818023638
6.922435362802335,0.025991594810056418,0.08251777682604622,0.0022260297987511707,0.003404591746156585,2.4776043324640888e-06,0.004289537239778513,1.0627776049541293e-08,0.003745050920772244,3.964166931942542e-06,0.016370813814340735,1.8520290212317887e-08,0.012975143188697335
6.943286071726438,0.026035224347070455,0.08265547558196465,0.002233629816892133,0.003415963821840377,2.494551079454792e-06,0.004303907700580507,1.0736317600356893e-08,0.003757560204024415,3.991281727127667e-06,0.0164604035238941,1.8743018461378536e-08,0.013053443507436447
6.964136780650541,0.026078998146604627,0.08279341624364114,0.002241253001756784,0.0034273748866464108,2.511607508941897e-06,0.0043183386975379654,1.0845971898890727e-08,0.003770112375311052,4.018572014307035e-06,0.016550293498853636,1.8968021479510812e-08,0.013132005667914731
6.984987489574645,0.026122916805987786,0.08293160204383168,0.0022488995971674686,0.0034388253087782334,2.5287746990700014e-06,0.004332830681556603,1.0956752602874569e-08,0.003782707839656057,4.046039518512002e-06,0.016640485006141945,1.9195322610680177e-08,0.013210830572277742
7.005838198498749,0.026166980927008494,0.08307003620109005,0.0022565698473266714,0.0034503154572252054,2.5460537379319584e-06,0.004347384105759656,1.1068673552695359e-08,0.0037953470029477264,4.073685980691134e-06,0.01673097932210646,1.942494548552974e-08,0.01328991913116122
7.026688907422852,0.02621119111593044,0.08320872192102806,0.002264263996910827,0.003461845701865488,2.5634457238532974e-06,0.004361999425568754,1.1181748774924762e-08,0.003808030272052037,4.101513158165276e-06,0.01682177773256651,1.9656914025225522e-08,0.013369272263710619
7.047539616346955,0.02625554798329157,0.08334766241543935,0.0022719822932670184,0.003473416415059021,2.58095177045943e-06,0.004376677099687511,1.1295992509167722e-08,0.0038207580565649234,4.129522832735088e-06,0.01691288153287152,1.9891252445618482e-08,0.01344889089762021
7.068390325271059,0.02630005214417886,0.08348686087275785,0.0022797249851444082,0.003485027969193613,2.598573003945836e-06,0.004391417588614674,1.1411419194827014e-08,0.0038335307661129746,4.157716806313338e-06,0.017004292027953904,2.012798526154837e-08,0.013528775969162299
7.089241034195162,0.026344704218218228,0.08362632046568859,0.002287492321636826,0.003496680737315023,2.616310560773718e-06,0.0044062213550529914,1.1528043464331823e-08,0.003846348811046526,4.186096897237949e-06,0.017096010532370788,2.0367137290939092e-08,0.013608928423195481
7.110091743119265,0.026389504829533873,0.08376604435863094,0.0022952845524964083,0.003508375093746063,2.6341655884643187e-06,0.00442108886430608,1.1645880149897871e-08,0.00385921260312067,4.21466494154291e-06,0.017188038370354097,2.060873365889395e-08,0.013689349213187204
7.130942452043369,0.026434454606776944,0.08390603570767863,0.002303101928133601,0.0035201114140891204,2.652139245686355e-06,0.004436020584298472,1.1764944286290494e-08,0.003872122555498033,4.2434227930981685e-06,0.017280376875864988,2.085279980189008e-08,0.013770039301243433
7.151793160967473,0.026479554183154577,0.08404629766061975,0.0023109446996171573,0.003531890075228748,2.6702327023443165e-06,0.004451016985595837,1.1885251113628025e-08,0.003885079082751623,4.272372323750906e-06,0.017373027392648708,2.1099361472031015e-08,0.013850999658138415
7.1726438698915755,0.026524804196458977,0.0841868333569367,0.0023188131186741394,0.003543711455334315,2.688447139667644e-06,0.004466078541425334,1.2006816080225985e-08,0.003898082600867747,4.3015154234682305e-06,0.017465991274289876,2.1348444741358092e-08,0.013932231263344487
7.193494578815679,0.02657020528909684,0.08432764592780631,0.0023267074376899185,0.003555575933862734,2.706783750300793e-06,0.004481205727696169,1.2129654845482833e-08,0.003911133527249008,4.330854000481269e-06,0.017559269884268206,2.1600076006221615e-08,0.014013735105061967
7.214345287739783,0.026615758108118993,0.0844687384960997,0.002334627909708173,0.0035674838915612382,2.7252437383941768e-06,0.004496399023020297,1.2253783282807758e-08,0.003924232280717362,4.360389981430683e-06,0.017652864596014627,2.1854281991712556e-08,0.014095512180249086
7.235195996663886,0.026661463305250186,0.0846101141763824,0.00234257478843089,0.0035794357104702327,2.743828319696015e-06,0.004511658908733295,1.2379217482591234e-08,0.003937379281517256,4.3901253115136235e-06,0.017746776792967853,2.2111089756155825e-08,0.014177563494651997
7.256046705587989,0.026707321536919147,0.08475177607491421,0.002350548328218366,0.003591431773926201,2.762538721645078e-06,0.004526985868915411,1.2505973755218911e-08,0.0039505749513188216,4.420061954632125e-06,0.017841007868631416,2.2370526695665943e-08,0.014259890062834882
7.276897414512093,0.026753333464288966,0.0848937272896494,0.002358548784089205,0.0036034724665646818,2.781376183464333e-06,0.004542380390412798,1.2634068634129574e-08,0.00396381971322115,4.450201893542933e-06,0.017935559226631086,2.2632620548765908e-08,0.014342492908210073
7.297748123436196,0.02679949975328745,0.08503597091023649,0.002366576411720319,0.003615558174323293,2.8003419562555103e-06,0.004557842962858883,1.2763518878917656e-08,0.003977113991755622,4.480547130008817e-06,0.018030432280772783,2.2897399401070396e-08,0.014425373063068288
7.3185988323602995,0.026845821074638062,0.0851785100180184,0.002374631467446929,0.003627689284444831,2.819437303094578e-06,0.004573374078695976,1.2894341478481231e-08,0.003990458212889314,4.511099684951325e-06,0.01812562845510092,2.3164891690034108e-08,0.014508531568608948
7.339449541284403,0.02689229810389074,0.08532134768603243,0.002382714208262565,0.003639866185480416,2.838663499128151e-06,0.004588974233196985,1.3026553654215875e-08,0.004003852804028458,4.541861598605042e-06,0.018221149183957185,2.343512620976615e-08,0.014591969474970514
7.360300250208507,0.026938931521453244,0.08546448697901018,0.0023908248918190645,0.003652089267292701,2.8580218316708205e-06,0.004604643924487376,1.3160172863255324e-08,0.004017298194021971,4.572834930673313e-06,0.0183169959120398,2.37081321159116e-08,0.014675687841260962
7.38115095913261,0.026985722012622528,0.08560793095337764,0.0023989637764265724,0.003664358921059137,2.877513600303421e-06,0.004620383653567265,1.3295216801759415e-08,0.004030794813165051,4.604021760485474e-06,0.018413170094463218,2.398393893060107e-08,0.014759687735588296
7.402001668056713,0.027032670267616507,0.08575168265725513,0.002407131121053545,0.0036766755392752953,2.897140116972248e-06,0.004636193924333734,1.3431703408250259e-08,0.004044343093202825,4.635424187155598e-06,0.018509673196818316,2.42625765474694e-08,0.014843970235091168
7.422852376980817,0.02707977698160594,0.08589574513045735,0.002415327185326744,0.0036890395157582437,2.916902706089206e-06,0.004652075243603298,1.3569650866997063e-08,0.004057943467334069,4.66704432974273e-06,0.01860650669523301,2.454407523674429e-08,0.014928536425969545
7.44370308590492,0.02712704285474687,0.0860401214048181,0.002423552229564731,0.0037014512456779195,2.93680270471409e-06,0.004668028121152249,1.3709077611881355e-08,0.004071596370245712,4.6988843275425445e-06,0.018703672076433545,2.4828465650410655e-08,0.0150133874035158
7.4645537948290235,0.02717446859213241,0.0861848145227437,0.0024318065171741116,0.0037139111271598663,2.9568414684852413e-06,0.004684053070734111,1.3850002360132253e-08,0.004085302239875853,4.730946349576387e-06,0.01880117083781685,2.511577882776693e-08,0.015098524272164661
7.485404503753127,0.027222054903612087,0.08632982751885021,0.0024400903136297726,0.0037264195597172135,2.9770203693349208e-06,0.004700150609075004,1.3992444102158222e-08,0.004099061515688935,4.763232590935873e-06,0.01889900448752295,2.540604620122701e-08,0.015183948145543575
7.506255212677231,0.027269802504017438,0.08647516341561133,0.0024484038847443867,0.003738976943878342,2.997340791415702e-06,0.00471632125569271,1.4136422085108685e-08,0.004112874638266177,4.795745266265124e-06,0.01899717454449509,2.5699299601844894e-08,0.015269660146500752
7.527105921601334,0.02731771211324696,0.08662082523233225,0.002456747497322977,0.0037515836819651234,3.0178041328013557e-06,0.0047325655334174615,1.4281955825500467e-08,0.004126742050161636,4.82848661248217e-06,0.01909568253854336,2.5995571264799525e-08,0.015355661407137807
7.547956630525437,0.027365784456299096,0.08676681598514972,0.0024651214191629173,0.0037642401781004167,3.0384118056078977e-06,0.004748883968417949,1.4429065113103177e-08,0.0041406641959104585,4.861458888972637e-06,0.01919453001041404,2.629489383505186e-08,0.01544195306885146
7.568807339449541,0.027414020263305548,0.08691313868703204,0.0024735259190539287,0.003776946838215633,3.0591652361157915e-06,0.004765277090227563,1.4577770014883176e-08,0.004154641522037196,4.894664377785267e-06,0.01929371851185947,2.6597300373083414e-08,0.015528536282375383
7.589658048373644,0.02746242026956474,0.087059796347779,0.002481961266778083,0.0037897040700583763,3.0800658648933337e-06,0.004781745431770849,1.4728090879007025e-08,0.004168674477064214,4.928105383829334e-06,0.01939324960570849,2.6902824360717788e-08,0.015615412207822242
7.6105087572977475,0.027510985215575625,0.08720679197402194,0.002490427733109803,0.0038025122832001687,3.1011151469212156e-06,0.004798289529390193,1.48800483389054e-08,0.0041827635115201855,4.961784235073945e-06,0.019493124865937444,2.7211499707026304e-08,0.01570258201472595
7.631359466221851,0.027559715847071724,0.08735412856922375,0.0024989255898158584,0.003815371889044237,3.122314551718268e-06,0.004814909922872753,1.503366331739828e-08,0.004196909077948661,4.995703282749229e-06,0.019593345877741686,2.752336075431888e-08,0.015790046882084026
7.652210175145954,0.027608612915055338,0.08750180913367885,0.0025074551096553707,0.0038282833008333812,3.1436655634684137e-06,0.004831607155477586,1.5188957030882465e-08,0.00421111163091672,5.029864901549462e-06,0.01969391423760772,2.7838442284221716e-08,0.01587780799840022
7.673060884070058,0.027657677175832236,0.08764983666451319,0.0025160165663798105,0.0038412469336579205,3.1651696811488256e-06,0.00484838177396306,1.5345950993582437e-08,0.004225371627023713,5.0642714898381215e-06,0.019794831553385878,2.8156779523842915e-08,0.015965866561727285
7.693911592994161,0.027706909391046374,0.08779821415568427,0.002524610234732997,0.0038542632044636987,3.186828418659299e-06,0.004865234328614458,1.550466702186535e-08,0.004239689524910069,5.098925469854879e-06,0.019896099444363543,2.847840815202732e-08,0.01605422377970991
7.714762301918265,0.02775631032771495,0.0879469445979811,0.0025332363904511006,0.003867332532060178,3.2086433049528604e-06,0.004882165373271834,1.5665127238621356e-08,0.004254065785266196,5.133829287924577e-06,0.019997719541339005,2.8803364305702122e-08,0.016142880869627906
7.735613010842368,0.027805880758263887,0.08809603097902423,0.00254189531026264,0.003880455337128598,3.230615884167601e-06,0.004899175465358138,1.58273540777102e-08,0.0042685008708414586,5.168985414668162e-06,0.020099693486695863,2.913168458631441e-08,0.01623183905843952
7.756463719766471,0.027855621460563352,0.08824547628326576,0.0025505872718884844,0.00389363204223021,3.2527477157597705e-06,0.004916265165907544,1.5991370288475096e-08,0.0042829952464532315,5.204396345215633e-06,0.020202022934478033,2.9463406066362217e-08,0.016321099582824992
7.777314428690575,0.027905533217963647,0.08839528349198932,0.0025593125540418525,0.0039068630718145795,3.2750403746381154e-06,0.004933435039594043,1.615719894032488e-08,0.004297549378996038,5.240064599420985e-06,0.020304709550465334,2.979856629602027e-08,0.016410663689230266
7.798165137614678,0.027955616819331456,0.08854545558331006,0.0025680714364283114,0.003920148852227968,3.2974954512994853e-06,0.004950685654760298,1.63248634273857e-08,0.004312163737450765,5.275992722079177e-06,0.020407755012249677,3.013720330986211e-08,0.016500532633910915
7.819015846538782,0.02800587305908626,0.08869599553217469,0.0025768641997457797,0.003933489811721777,3.3201145519657287e-06,0.0049680175834467336,1.6494387473223113e-08,0.004326838792893955,5.312183283145166e-06,0.020511161009311885,3.0479355633679974e-08,0.016590707682976283
7.839866555462885,0.028056302737237037,0.08884690631036143,0.002585691125684525,0.003946886380461072,3.3428992987218533e-06,0.0049854314014208725,1.666579513563574e-08,0.00434157501850718,5.3486388779549655e-06,0.02061492924309908,3.082506229140369e-08,0.016681190112433773
7.860717264386989,0.028106906659419315,0.08899819088648006,0.0025945524969271634,0.003960338990533171,3.3658513296554893e-06,0.005002927688206956,1.6839110811521645e-08,0.0043563728895864885,5.385362127448783e-06,0.020719061427102708,3.1174362812120514e-08,0.016771981208233387
7.881567973311092,0.028157685636968112,0.08914985223673909,0.002603448598636581,0.003973848076916206,3.3889723028713883e-06,0.005020507027728515,1.7014359263343094e-08,0.004371232884607827,5.422355684594221e-06,0.020823559286943568,3.152729723742143e-08,0.016863082266323527
7.902418682235195,0.028208640486570388,0.08930189335155124,0.002612379719950376,0.003987414078085916,3.4122639006040025e-06,0.005038170008647919,1.7191565645615047e-08,0.004386155485894508,5.459622240966404e-06,0.020928424560467094,3.1883906129299645e-08,0.016954494592724988
7.923269391159299,0.02825977203031419,0.08945431720991195,0.0026213461501305704,0.004001037433745775,3.4357278194021816e-06,0.005055917222959046,1.7370755455515018e-08,0.004401141177120353,5.497164511043491e-06,0.021033658997827467,3.224423057781018e-08,0.01704621950358578
7.944120100083402,0.028311081096066382,0.08960712679191446,0.0026303481797855907,0.004014718585951117,3.459365773450685e-06,0.005073749266782786,1.755195455657888e-08,0.004416190444546229,5.5349852375210964e-06,0.02113926436156539,3.260831220846169e-08,0.017138258325222713
7.9649708090075055,0.028362568517514695,0.08976032507903181,0.0026393861009049694,0.004028457979146733,3.4831794948251684e-06,0.005091666740416865,1.7735189184703327e-08,0.004431303777061407,5.57308719172027e-06,0.021245242426694663,3.297619318991793e-08,0.017230612394176392
7.985821517931609,0.02841423513420656,0.08991391505411692,0.0026484602068593457,0.004042256060179476,3.507170733658724e-06,0.005109670248369506,1.7920485953728235e-08,0.004446481666197424,5.611473173853959e-06,0.0213515949807896,3.334791624181985e-08,0.017323283057266724
8.006672226855713,0.028466081791588174,0.09006789970140248,0.002657570792400463,0.004056113278310949,3.5313412583100127e-06,0.005127760399393367,1.8107871861106023e-08,0.004461724606142044,5.6501460132960205e-06,0.0214583238240732,3.372352464272513e-08,0.01741627167164878
8.027522935779816,0.028518109341043953,0.09022228200650106,0.0026667181536611712,0.0040700300852303025,3.555692855533023e-06,0.0051459378065197995,1.8297374293659727e-08,0.004477033093753333,5.689108568852838e-06,0.021565430769505987,3.4103062238166796e-08,0.017509579604868934
8.048373644703918,0.02857031863993625,0.09037706495640509,0.002675902588155427,0.0040840069350671325,3.5802273306484565e-06,0.005164203087093419,1.848902103343099e-08,0.004492407628573846,5.7283637290375304e-06,0.021672917642875596,3.448657344883287e-08,0.017603208234921317
8.069224353628023,0.028622710551645333,0.09053225153948677,0.002685124394778293,0.004098044284404453,3.6049465077167472e-06,0.005182556862806955,1.8682840263619392e-08,0.004507848712844899,5.767914412346796e-06,0.021780786282887075,3.4874103278868864e-08,0.01769715895030456
8.090075062552126,0.028675285945609738,0.09068784474549815,0.0026943838738059346,0.004112142592291789,3.629852229712737e-06,0.005200999759736443,1.8878860574614735e-08,0.0045233568515209675,5.80776356754038e-06,0.02188903854125387,3.5265697324304986e-08,0.017791433150078802
8.11092577147623,0.02872804569736695,0.09084384756557116,0.002703681326895627,0.004126302320258365,3.65494635870205e-06,0.0052195324083767316,1.9077110970123876e-08,0.004538932552284202,5.84791417392328e-06,0.02199767628278967,3.5661401781610455e-08,0.01788603224392312
8.131776480400333,0.02878099068859432,0.09100026299221753,0.002713017057085748,0.004140523932326378,3.6802307760191063e-06,0.005238155443677294,1.9277620873393192e-08,0.004554576325559016,5.88836924163057e-06,0.02210670138550082,3.606126345637605e-08,0.01798095765219312
8.152627189324436,0.028834121807150333,0.0911570940193288,0.002722391368795783,0.004154807895024375,3.705707382446889e-06,0.005256869505078364,1.9480420133528816e-08,0.0045702886845268124,5.929131811915023e-06,0.022216115740679672,3.646532977212793e-08,0.018076210805978973
8.17347789824854,0.028887439947116303,0.09131434364217642,0.0027318045678263237,0.004169154677400742,3.7313780983983837e-06,0.005275675236547425,1.9685539031915775e-08,0.004586070145140816,5.970204957437414e-06,0.022325921252998544,3.6873648779273955e-08,0.018171793147163686
8.194328607172643,0.02894094600883816,0.09147201485741156,0.0027412569613590653,0.004183564751037261,3.757244864099768e-06,0.00529457328661598,1.989300828873772e-08,0.004601921226140987,6.011591782559629e-06,0.022436119840604497,3.728626916418484e-08,0.018267706128481675
8.215179316096746,0.028994640898968846,0.09163011066306534,0.002750748857956811,0.0041980385900628,3.78330963977535e-06,0.005313564308416711,2.0102859069599185e-08,0.00461784244906908,6.05329542364056e-06,0.022546713435214926,3.770324025841269e-08,0.018363951213577756
8.23603002502085,0.029048525530510776,0.09178863405854867,0.0027602805675634697,0.004212576671167081,3.809574405834255e-06,0.005332648959720924,2.03151229922515e-08,0.00463383433828379,6.095319049334808e-06,0.022657703982213864,3.8124612048048355e-08,0.018460529877066353
8.256880733944953,0.02910260082285884,0.09194758804465225,0.0027698524015040537,0.004227179473614538,3.836041163058887e-06,0.005351827902976365,2.0529832133424456e-08,0.004649897420975993,6.137665860894219e-06,0.02276909344074907,3.855043518322011e-08,0.018557443604591058
8.277731442869056,0.0291568677018436,0.0921069756235467,0.002779464672484684,0.004241847479258313,3.862711932795196e-06,0.005371101805345369,2.0747019035765377e-08,0.004666032227184144,6.180339092472314e-06,0.022880883783829985,3.8980760987736257e-08,0.018654693892884565
8.29858215179316,0.029211327099863692,0.09226679980971736,0.002789117696180296,0.0042565811735632295,3.889588761573041e-06,0.00539047133939859,2.0966716741306332e-08,0.004682239290919553,6.223342018516865e-06,0.022993076998433244,3.941564146914862e-08,0.01875228224984052
8.319432860717264,0.02926597995542239,0.0924270636389224,0.002798811792709782,0.004271381046456706,3.9166737255056715e-06,0.005409937183590506,2.1188958823605086e-08,0.004698519151102377,6.266677960809075e-06,0.023105675085620364,3.9855129329500065e-08,0.018850210194607
8.340283569641366,0.029320827213116223,0.09258777014135076,0.0028085472825874988,0.004286247589873802,3.943968919264812e-06,0.005429500020724534,2.1413779328885216e-08,0.004714872348861182,6.310350270823699e-06,0.023218680060644495,4.0299277975793736e-08,0.018948479257661577
8.361134278565471,0.029375869824203437,0.0927489223524542,0.002818324488116542,0.00430118129877079,3.971476460158685e-06,0.005449160538721694,2.1641212807158825e-08,0.004731299428647869,6.354362336253896e-06,0.02333209395304907,4.074814153017287e-08,0.01904709098086963
8.381984987489574,0.029431108746655485,0.0929105233132145,0.002828143733426123,0.004316182671167688,3.999198488458725e-06,0.005468919430679771,2.1871294320677094e-08,0.004747800938284458,6.398717581533961e-06,0.0234459188067751,4.12017748405131e-08,0.01914604691755489
8.402835696413677,0.029486544945202864,0.09307257607014364,0.0028380053444715778,0.004331252208166337,4.02713716762462e-06,0.005488777394916206,2.210405945188489e-08,0.004764377428982972,6.4434194681993915e-06,0.023560156680269635,4.166023349118616e-08,0.019245348632570703
8.423686405337781,0.02954217939138131,0.09323508367528366,0.0028479096490343597,0.004346390413968572,4.055294684531505e-06,0.005508735135011354,2.2339544311503487e-08,0.00478102945536543,6.488471495250409e-06,0.02367480964659499,4.212357381399049e-08,0.01934499770237171
8.444537114261884,0.029598013063578343,0.09339804918620666,0.0028578569767220407,0.004361597795894539,4.083673249699422e-06,0.005528793359852155,2.2577785546744034e-08,0.004797757575483993,6.533877199519075e-06,0.023789879793538936,4.25918528992516e-08,0.019444995715085886
8.465387823185988,0.029654046947080247,0.09356147566601491,0.0028678476589683154,0.004376874864401151,4.112275097525023e-06,0.005548952783676225,2.2818820349653897e-08,0.004814562350841266,6.579640156040038e-06,0.023905369223725853,4.306512860709564e-08,0.019545344270587153
8.486238532110091,0.02971028203411931,0.09372536618334071,0.0028778820290329948,0.004392222133100653,4.141102486515534e-06,0.005569214126116322,2.3062686465597737e-08,0.0048314443464107185,6.6257639784248545e-06,0.02402128005472869,4.3543459578897665e-08,0.019646044980568243
8.507089241034194,0.029766719323921543,0.09388972381234652,0.002887960422002013,0.004407640118779354,4.170157699525023e-06,0.005589578112245264,2.3309422201876124e-08,0.00484840413065729,6.672252319240036e-06,0.024137614419181996,4.4026905248908844e-08,0.01974709946861417
8.527939949958299,0.029823359822754737,0.09405455163272487,0.002898083174787422,0.004423129341416455,4.199443043992972e-06,0.005610045472621236,2.3559066436483516e-08,0.004865442275558101,6.719108870388756e-06,0.02425437446489579,4.4515525856064413e-08,0.01984850937027603
8.548790658882401,0.029880204543976843,0.09421985272969838,0.0029082506261273932,0.004438690324203025,4.228960852185187e-06,0.005630616943333525,2.38116586270081e-08,0.004882559356623328,6.7663373634962995e-06,0.02437156235497038,4.5009382455975695e-08,0.019950276333145243
8.569641367806504,0.029937254508084894,0.09438563019401978,0.002918463116586219,0.0044543235935611296,4.258713481437074e-06,0.005651293266048705,2.406723881967617e-08,0.004899755952917243,6.8139415702993185e-06,0.024489180267912226,4.5508536933109585e-08,0.020052402016928334
8.590492076730609,0.02999451074276406,0.09455188712197193,0.002928720988554312,0.004470029679163061,4.288703314399273e-06,0.005672075188057204,2.432584765854281e-08,0.0049170326470793675,6.861925303038837e-06,0.0246072303977507,4.601305201315777e-08,0.020154888093522064
8.611342785654712,0.030051974282937412,0.09471862661536774,0.002939024586248201,0.004485809113950725,4.318932759285705e-06,0.005692963462320365,2.4587526394831997e-08,0.004934390025345798,6.910292414857129e-06,0.024725714954155802,4.652299127559911e-08,0.020257736247089025
8.632193494578814,0.030109646170815768,0.09488585178155025,0.0029493742557105385,0.0045016624341551615,4.3494042501240465e-06,0.005713958847517894,2.4852316896428224e-08,0.004951828677570678,6.959046800198474e-06,0.024844636162556947,4.703841916645877e-08,0.020360948174133763
8.653044203502919,0.030167527455948185,0.09505356573339259,0.0029597703448100963,0.004517590179316193,4.380120247008638e-06,0.005735062108095793,2.5120261657522428e-08,0.004969349197247813,7.008192395213821e-06,0.024963996264262683,4.755940101126645e-08,0.020464525583579286
8.673894912427022,0.03022561919527265,0.09522177158929798,0.002970213203241763,0.004533592892302219,4.411083236355848e-06,0.005756274014314706,2.539140380841438e-08,0.004986952181532441,7.057733178169357e-06,0.025083797516581387,4.80860030282174e-08,0.020568470196844022
8.694745621351124,0.030283922453201485,0.09539047247477069,0.0029807031827643275,0.004549671119479992,4.442295731870696e-06,0.005777595342400413,2.5665787130021365e-08,0.005004638231427991,7.107673170993114e-06,0.025204042192944136,4.861829234158723e-08,0.02067278374792106
8.715596330275229,0.03034243830171248,0.09555967154548048,0.0029912406406139382,0.004565825412940055,4.473760285030242e-06,0.005799026876001302,2.5943456129677617e-08,0.005022407954234061,7.158016456048387e-06,0.025324732583044244,4.915633699608788e-08,0.02077746798348496
8.736447039199332,0.030401167819432976,0.09572937196533873,0.003001825936061912,0.00458205632843909,4.505479475206987e-06,0.00582056940473437,2.6224455987048456e-08,0.005040261961283,7.20876716033118e-06,0.02544587099297685,4.9700205971449895e-08,0.02088252466300053
8.757297748123435,0.030460112092488608,0.09589957690353126,0.0030124594300649796,0.004598364425138154,4.537455908893711e-06,0.005842223724207588,2.650883255848474e-08,0.005058200867651969,7.259929454229938e-06,0.025567459745363647,5.024996919648671e-08,0.02098795555880484
8.77814845704754,0.03051927221475887,0.0960702895387191,0.003023141485916493,0.004614750266026661,4.56969222193469e-06,0.005863990636365739,2.679663240049837e-08,0.005076225292629327,7.3115075550955044e-06,0.02568950117948139,5.080569756344862e-08,0.02109376245619111
8.798999165971642,0.030578649287931293,0.0962415130590384,0.003033872469246427,0.00463121441794653,4.602191079825706e-06,0.00588587094954439,2.7087902780998447e-08,0.005094335859741183,7.363505727721129e-06,0.025811997651394546,5.13674629427386e-08,0.021199947153497753
8.819849874895747,0.0306382444215562,0.09641325066210056,0.0030446527480213824,0.004647757451616517,4.634955178017077e-06,0.005907865478524404,2.7382691690715027e-08,0.005112533196778169,7.415928284827324e-06,0.02593495153408918,5.1935338197864915e-08,0.02130651146219805
8.84070058381985,0.030698058733101878,0.0965855055549921,0.0030554826925445816,0.004664379941656705,4.667987242219743e-06,0.00592997504458697,2.7681047854813428e-08,0.0051308179358223755,7.46877958755159e-06,0.026058365217607852,5.250939720063313e-08,0.0214134572069903
8.861551292743952,0.03075809334801003,0.09675828095427476,0.0030663626754558727,0.004681082466613184,4.701290028714449e-06,0.005952200475569128,2.798302074470254e-08,0.005149190713274503,7.522064045943118e-06,0.02618224110918579,5.308971484658303e-08,0.021520786225888655
8.882402001668057,0.030818349399751976,0.09693158008598544,0.003077293071731727,0.004697865608982905,4.734866324664044e-06,0.0059745426059198805,2.8288660590040604e-08,0.005167652169881196,7.57578611946247e-06,0.026306581633388143,5.367636707067338e-08,0.021628500370314444
8.90325271059216,0.03087882802988499,0.09710540618563625,0.0030882742586852384,0.0047147299552387015,4.768718948428929e-06,0.005997002276756784,2.8598018390941504e-08,0.005186202950762572,7.629950317486287e-06,0.026431389232248404,5.4269430863219045e-08,0.021736601505188094
8.924103419516262,0.030939530388109315,0.09727976249821442,0.003099306615966126,0.004731676095854502,4.802850749885699e-06,0.006019580335923124,2.8911145930385585e-08,0.005204843705439953,7.68456119981712e-06,0.026556666365408117,5.486898428608524e-08,0.0218450915090217
8.944954128440367,0.03100045763232554,0.09745465227818244,0.0031103905255607323,0.004748704625330725,4.837264610748984e-06,0.0060422776380456246,2.922809578683806e-08,0.005223575087863798,7.739623377198375e-06,0.026682415510257674,5.5475106489142237e-08,0.021953972274012124
8.96580483736447,0.031061610928692463,0.09763007878947791,0.0031215263717920224,0.004765816142219832,4.871963444896534e-06,0.006065095044592707,2.9548921347078775e-08,0.005242397756441816,7.795141511834454e-06,0.026808639162078336,5.6087877726985386e-08,0.022063245706134667
8.986655546288572,0.03112299145168543,0.09780604530551365,0.0031327145413195872,0.004783011249152094,4.906950198697596e-06,0.006088033423933319,2.9873676819247205e-08,0.005261312374067304,7.851120317916154e-06,0.026935339834185567,5.670737937592538e-08,0.022172913725237445
9.007506255212677,0.031184600384155145,0.09798255510917768,0.0031439554231396404,0.004800290552861521,4.9422278513445775e-06,0.00611109365139633,3.020241724610597e-08,0.005280319608147673,7.907564562151324e-06,0.027062520058073497,5.7333693951252285e-08,0.022282978265136272
9.02835696413678,0.031246438917386925,0.09815961149283312,0.0031552494085850184,0.004817654664211968,4.977799415188054e-06,0.006134276609330483,3.053519851852704e-08,0.005299420130633165,7.964479064300887e-06,0.02719018238356064,5.7966905124778467e-08,0.022393441273710155
9.049207673060883,0.03130850825116048,0.09833721775831836,0.0031665968913251823,0.004835104198223462,5.013667936075154e-06,0.0061575831871649505,3.087207738920437e-08,0.005318614618045808,8.021868697720247e-06,0.027318329378936943,5.8607097742665555e-08,0.022504304712997487
9.070058381984987,0.0313708095938102,0.09851537721694692,0.003177998267366219,0.004852639774098672,5.049836493691345e-06,0.006181014281470459,3.121311148659691e-08,0.00533790375150854,8.079738389906153e-06,0.02744696363111205,5.925435784353925e-08,0.02261557055929276
9.09090909090909,0.03143334416232988,0.09869409319102221,0.0031894539352935306,0.0048702620153990885,5.086308202679695e-06,0.006204570796124918,3.155835933443706e-08,0.005357288216938998,8.138093124287511e-06,0.027576087745765875,5.990877267695284e-08,0.02272724080324565
9.111759799833193,0.0314961131825484,0.09887336903766641,0.003200964299838766,0.004887971552429286,5.123086224421141e-06,0.006228253643900436,3.1907880445267094e-08,0.005376768707672215,8.196937959073826e-06,0.027705704347517596,6.05704307230298e-08,0.02283931744998975
9.132610508757297,0.03155911788796559,0.09905320812810618,0.003212529768266801,0.00490576902023496,5.160173756000173e-06,0.006252063744992188,3.226173525774885e-08,0.0053963459222584565,8.256278009600277e-06,0.027835816080095718,6.123942171242742e-08,0.022951802519275616
9.1534612176814,0.03162235952077333,0.09923361384290653,0.0032241507500611736,0.004923655058161546,5.197574029560014e-06,0.0062760020269719595,3.261998514485546e-08,0.005416020563977701,8.316118447296023e-06,0.02796642560649234,6.191583664573228e-08,0.023064698045575583
9.174311926605505,0.03168583933218067,0.09941458957602678,0.0032358276576340173,0.004941630310284926,5.2352903149546255e-06,0.006300069425161336,3.29826924450889e-08,0.005435793341313419,8.376464503927402e-06,0.028097535609120924,6.259976781326719e-08,0.023178006078188623
9.195162635529607,0.03174955858247854,0.09959613873482039,0.0032475609063260524,0.004959695425442795,5.273325920148646e-06,0.00632426688269968,3.33499204784779e-08,0.005455664967987075,8.437321472237833e-06,0.02822914878997852,6.329130881538942e-08,0.023291728681350387
9.21601334445371,0.031813518541105104,0.09977826474003507,0.003259350914406594,0.004977851057266262,5.3116841916215505e-06,0.006348595350612799,3.3721733562852077e-08,0.005475636162992889,8.49869470659448e-06,0.028361267870809545,6.399055458312638e-08,0.023405867934344116
9.236864053377815,0.031877720486711544,0.09996097102581276,0.0032711981030735474,0.00499609786421169,5.350368514775988e-06,0.006373055787882261,3.4098197030396127e-08,0.005495707650632859,8.560589623641581e-06,0.028493895593270927,6.469760139915277e-08,0.023520425931612222
9.257714762301918,0.03194216570722847,0.10014426103968956,0.003283102896453406,0.005014436509592742,5.389382314350371e-06,0.006397649161515416,3.4479377244489666e-08,0.005515880160552017,8.623011702960595e-06,0.028627034719098672,6.541254691911611e-08,0.023635404782868595
9.27856547122602,0.03200685549993278,0.1003281382425958,0.0032950657216012573,0.005032867661612707,5.428729054835807e-06,0.006422376446616088,3.486534161683791e-08,0.005536154427773978,8.685966487737292e-06,0.028760688030276017,6.613549019331675e-08,0.02375080661321176
9.299416180150125,0.032071791171515214,0.10051260610885608,0.003307087008500781,0.005051391993397027,5.4684122408973225e-06,0.006447238626455993,3.525615862489799e-08,0.00555653119273673,8.749459585435716e-06,0.028894858329202966,6.686653168874773e-08,0.023866633563238704
9.320266889074228,0.032136974038148275,0.10069766812618915,0.003319167190064244,0.005070010183026065,5.5084354177994844e-06,0.006472236692546823,3.5651897829606314e-08,0.005577011201328671,8.813496668479175e-06,0.029029548438867295,6.760577331150109e-08,0.02398288778915946
9.34111759799833,0.03220240542555496,0.10088332779570797,0.0033313067021325067,0.005088722913568132,5.5488021718364786e-06,0.006497371644713092,3.605262989341276e-08,0.005597595204924945,8.878083474938366e-06,0.029164761203017208,6.835331842954755e-08,0.024099571462912556
9.361968306922435,0.03226808666907782,0.10106958863191978,0.003343505983475022,0.005107530873112744,5.589516130766637e-06,0.00652264449116566,3.6458426598626604e-08,0.005618283960424019,8.94322580922662e-06,0.029300499486335386,6.910927189589496e-08,0.024216686772281133
9.382819015846538,0.0323340191137487,0.10125645416272594,0.00335576547578983,0.00512643475480411,5.630580964251472e-06,0.006548056248576,3.686936086607993e-08,0.005639078230284521,9.008929542802355e-06,0.02943676617461459,6.98737400721325e-08,0.024334235921009868
9.40366972477064,0.03240020411435913,0.10144392792942211,0.0033680856237035648,0.005145435256874894,5.672000384299316e-06,0.006573607942151226,3.728550677411479e-08,0.005659978782562384,9.075200614878905e-06,0.029573564174934928,7.064683085236803e-08,0.024452221128922758
9.424520433694745,0.03246664303553113,0.10163201348669813,0.003380466874771452,0.005164533082680196,5.713778145713533e-06,0.0065993006057098276,3.7706939577898894e-08,0.0056809863909482155,9.142045033141653e-06,0.029710896415842576,7.142865368756421e-08,0.0245706446320416
9.445371142618848,0.032533337251788724,0.10182071440263803,0.0033929096794773055,0.00518372894073179,5.755918046545396e-06,0.006625135281758169,3.8133735729076457e-08,0.005702101834804969,9.209468874472633e-06,0.029848765847530104,7.221931961028078e-08,0.02468950868270528
9.46622185154295,0.032600288147630094,0.10201003425872006,0.0034054144912335324,0.00520302354473262,5.798423928551669e-06,0.0066511130215677824,3.8565972895760225e-08,0.005723325899205883,9.277478285682672e-06,0.029987175442018486,7.301894125983076e-08,0.02480881554968996
9.487072560467055,0.032667497117839006,0.10219997665959923,0.0034179817679745998,0.005222417614611314,5.8412996831033856e-06,0.0066772348859413435,3.900373002325604e-08,0.005744659376072446,9.346079492965418e-06,0.030126128193347822,7.382763290827759e-08,0.02492856751834152
9.507923269391158,0.032734965566893086,0.10239054524994264,0.0034306119742563393,0.005241911878290275,5.884549258955489e-06,0.006703501946264561,3.94470874102978e-08,0.005766103066119303,9.415278814328783e-06,0.030265627117786995,7.464551048786008e-08,0.02504876689074038
9.528773978315263,0.03280269490851048,0.10258174368372776,0.003443305576369596,0.0052615070685970095,5.928176646128977e-06,0.006729915282480688,3.989612660802851e-08,0.005787657775456711,9.485082633806364e-06,0.030405675254033305,7.54726916181596e-08,0.025169415985851148
9.549624687239366,0.03287068656685538,0.10277357563189873,0.0034560630441409,0.005281203924082805,5.972185882538231e-06,0.006756475983902298,4.035093048676991e-08,0.005809324316491086,9.555497412061172e-06,0.03054627566339926,7.630929563290934e-08,0.025290517139645908
9.570475396163468,0.03293894197664185,0.10296604478284865,0.0034688848510198616,0.005301003189111797,6.016581054817544e-06,0.006783185149333116,4.081158326079734e-08,0.005831103508022977,9.62652968770807e-06,0.0306874314300093,7.715544360775884e-08,0.02541207270523821
9.591326105087573,0.033007462583211744,0.10315915484241958,0.0034817714740791685,0.0053209056139011494,6.061366298855713e-06,0.006810043887153822,4.127817051132254e-08,0.005852996175291265,9.698186078169142e-06,0.03082914566099854,7.801125838853579e-08,0.02553408505301845
9.612176814011676,0.03307624984261319,0.10335290953390239,0.0034947233940145835,0.005340911954561506,6.106545800336405e-06,0.006837053315408708,4.175077920988514e-08,0.0058750031500176565,9.770473280538249e-06,0.030971421486713325,7.887686461999123e-08,0.02565655657079021
9.633027522935778,0.03314530522167977,0.103547312598037,0.003507741095144949,0.005361022973137796,6.152123795284344e-06,0.006864214561893247,4.222949774216074e-08,0.0058971252704515765,9.84339807245495e-06,0.031114262060913715,7.975238877503755e-08,0.02577948966390762
9.653878231859883,0.03321463019811029,0.1037423677930122,0.0035208250654121843,0.005381239437650308,6.198104570617356e-06,0.006891528764242494,4.271441593219238e-08,0.005919363381415339,9.916967312987771e-06,0.03125767056097769,8.063795918448664e-08,0.025902886755413593
9.674728940783986,0.03328422626054932,0.1039380788944657,0.0035339757963812842,0.005401562122136088,6.244492464704366e-06,0.006918997070020444,4.320562506705425e-08,0.005941718334349698,9.991187943526986e-06,0.0314016501881072,8.153370606729777e-08,0.026026750286179033
9.695579649708089,0.03335409490866845,0.10413444969548416,0.003547193783240323,0.005421991806690661,6.291291867929398e-06,0.006946620636810278,4.3703217921955034e-08,0.005964190987359727,1.0066066988687038e-05,0.03154620416753621,8.243976156134497e-08,0.0261510827150431
9.716430358632193,0.033424237653248076,0.10433148400660319,0.0035604795248004527,0.0054425292775100486,6.338507223261629e-06,0.006974400632305512,4.420728878578896e-08,0.005986782205261054,1.0141611557218606e-05,0.03169133574874051,8.335625975471183e-08,0.026275886518954353
9.737281067556296,0.033494656016260005,0.10452918565580724,0.003573833523495899,0.005463175326933109,6.3861430268315565e-06,0.007002338234402086,4.4717933487142874e-08,0.00600949285962642,1.0217828842930491e-05,0.03183704820564946,8.428333671752385e-08,0.026401164193112895
9.758131776480399,0.03356535153095075,0.10472755848852977,0.003587256285383969,0.005483930753484212,6.434203828513396e-06,0.007030434631291414,4.523524942076838e-08,0.006032323828832634,1.0294726125621435e-05,0.03198334483685977,8.522113053432857e-08,0.026526918251113595
9.778982485404503,0.03363632574192549,0.10492660636765316,0.0036007483201450467,0.005504796361916217,6.482694232513688e-06,0.00705869102155435,4.575933557452654e-08,0.006055275998107839,1.0372310772021901e-05,0.03213022896585108,8.616978133703186e-08,0.02665315122509023
9.799833194328606,0.033707580205232734,0.10512633317350867,0.0036143101410825895,0.0055257729632537745,6.5316188979662246e-06,0.007087108614256124,4.6290292556814525e-08,0.006078350259579152,1.045059023674596e-05,0.032277703941203564,8.712943133840111e-08,0.026779865665860617
9.82068390325271,0.03377911648844983,0.10532674280387652,0.0036279422651231377,0.005546861374836978,6.580982539533402e-06,0.007115688629042279,4.682822262448361e-08,0.006101547512320676,1.0529572063253444e-05,0.03242577313681761,8.810022486614615e-08,0.02690706414307288
9.841534612176813,0.033850936170769,0.10552783917398587,0.0036416452128163043,0.005568062420365313,6.630789928013953e-06,0.007144432296235544,4.7373229711256246e-08,0.006124868662401845,1.0609263884822325e-05,0.032574439952135346,8.908230839758628e-08,0.027034749245352596
9.862385321100916,0.03392304084330558,0.10572962622336841,0.0036554195095184756,0.005589376930666597,6.681045895284147e-06,0.0071733408574455185,4.792541949111044e-08,0.006148314623733257,1.0689673432454636e-05,0.03272370781236972,9.007583059527564e-08,0.027162923580459478
9.88323603002502,0.033995432108807865,0.10593210793938038,0.0036692656886544825,0.0056108057462402675,6.731755346968527e-06,0.007202415567192224,4.848489950553562e-08,0.006171886320864295,1.0770808555149645e-05,0.03287358016875669,9.10809423446152e-08,0.027291589775482267
9.904086738949124,0.034068111580614346,0.10613528832479292,0.0036831842860548516,0.005632349713893463,6.782923242520693e-06,0.007231657690579441,4.9051779031384814e-08,0.006195584685282809,1.085267718803311e-05,0.033024060498800176,9.209779679141376e-08,0.02742075047702407
9.924937447873226,0.0341410808842009,0.10633917140291084,0.0036971758417449394,0.005654009687328826,6.8345546023912005e-06,0.007261068504051364,4.962616916264204e-08,0.006219410656061708,1.093528736382592e-05,0.03317515230650066,9.312654937892443e-08,0.027550408351355762
9.945788156797331,0.03421434165736266,0.1065437612188283,0.0037112409001961366,0.0056757865273273506,6.886654509644315e-06,0.007290649295602915,5.020818284979896e-08,0.0062433651800600865,1.1018647215430904e-05,0.03332685912259381,9.416735788614343e-08,0.027680566084578258
9.966638865721434,0.034287895550307396,0.1067490618394289,0.003725380010325865,0.005697681101799107,6.939228110667771e-06,0.007320401364887286,5.079793493259657e-08,0.006267449211979018,1.1102764977068435e-05,0.03347918450479241,9.522038246686062e-08,0.027811226382787508
9.987489574645537,0.03436174422574979,0.10695507735338562,0.003739593725497586,0.005719694285834351,6.9922806158904566e-06,0.007350326023324641,5.139554217336807e-08,0.0062916637144177865,1.1187648985424732e-05,0.03363213203803064,9.628578568939983e-08,0.027942391972240792
10.008340283569641,0.034435889359006294,0.10716181187116093,0.003753882603520794,0.005741826961755044,7.0458173005080275e-06,0.00738042459421189,5.2001123290993073e-08,0.006316009657930549,1.1273307680812845e-05,0.03378570533471056,9.736373257706003e-08,0.028074065599524103
10.029190992493744,0.03451033263809116,0.10736926952500661,0.0037682472066510164,0.005764080019166756,7.099843505216594e-06,0.007410698412833684,5.261479899547615e-08,0.006340488021083433,1.135974960834655e-05,0.03393990803495081,9.84543906492709e-08,0.028206250031720753
10.050041701417847,0.034585075763812895,0.10757745446896394,0.003782688101589818,0.005786454355011005,7.1543646369545906e-06,0.0074411488265745,5.323669202316074e-08,0.006365099790512106,1.1446983419127346e-05,0.03409474380683788,9.955792996347683e-08,0.02833894805658129
10.070892410341951,0.03466012044987192,0.10778637087886357,0.003797205859484798,0.005808950873617965,7.209386169652842e-06,0.007471777195031957,5.3866927172590906e-08,0.006389845960979762,1.1535017871444549e-05,0.03425021634667949,1.0067452315776121e-07,0.028472162482694543
10.091743119266054,0.03473546842295881,0.10799602295232558,0.0038118010559295883,0.0058315704867596165,7.264913644992962e-06,0.00750258489013128,5.450563134103275e-08,0.006414727535435579,1.162386183198874e-05,0.03440632937926042,1.0180434549422514e-07,0.028605896139659914
10.112593828190157,0.03481112142285354,0.10820641490875943,0.003826474270963858,0.005854314113703298,7.3209526731741945e-06,0.0075335732962409875,5.515293356166919e-08,0.006439745525073628,1.1713524277078712e-05,0.03456308665810083,1.0294757490313568e-07,0.028740151878261018
10.133444537114261,0.03488708120252557,0.10841755098936406,0.0038412260890733113,0.005877182681265678,7.3775089336887235e-06,0.007564743810289802,5.580896504147948e-08,0.006464900949392247,1.1804014293901958e-05,0.03472049196571688,1.0410439202785581e-07,0.028874932570640475
10.154295246038364,0.03496334952823476,0.10862943545712775,0.0038560570991896842,0.005900177123867142,7.434588176105581e-06,0.007596097841884752,5.64738591998175e-08,0.0064901948362538564,1.189534108176893e-05,0.034878549113883835,1.0527498027057155e-07,0.029010241110475978
10.175145954962469,0.03503992817963315,0.10884207259682827,0.0038709678946907515,0.005923298383586617,7.492196220863274e-06,0.007627636813430559,5.7147751707702016e-08,0.006515628221945279,1.198751395338124e-05,0.03503726194390173,1.0645952583883183e-07,0.029146080413157745
10.195996663886572,0.035116818949867734,0.10905546671503272,0.0038859590734003184,0.005946547410216804,7.550338960071131e-06,0.007659362160250262,5.783078052783213e-08,0.006541202151238485,1.2080542336113809e-05,0.03519663432686337,1.0765821779291367e-07,0.029282453415967094
10.216847372810674,0.035194023645684004,0.10926962214009767,0.0039010312375882287,0.005969925161319861,7.609022358319574e-06,0.0076912753307071076,5.8523085955342155e-08,0.0065669176774518475,1.2174435773311318e-05,0.035356670163925054,1.0887124809403096e-07,0.029419363078256495
10.237698081734779,0.03527154408798084,0.10948454323719063,0.003916184996612966,0.005993432603928132,7.66825246384825e-06,0.007723377787486028,5.9224810748120584e-08,0.006592775864320946,1.2269203942157201e-05,0.0355173733865918,1.1009881165432567e-07,0.029556812381649835
10.258548790658882,0.0353493821106887,0.10970023442035834,0.003931420967797135,0.006017070715940786,7.72803541301748e-06,0.007755671008314743,5.993610020396933e-08,0.006618777787534866,1.2364856660827969e-05,0.03567874795702341,1.1134110638902215e-07,0.029694804330278466
10.279399499582984,0.035427539560633325,0.10991670012131552,0.003946739771483552,0.0060408404827796015,7.78837741190502e-06,0.007788156483844351,6.065710203915496e-08,0.0066449245310575625,1.2461403859048032e-05,0.03584079786832615,1.1259833326812057e-07,0.029833341950994813
10.300250208507089,0.035506018298978974,0.11013394479823505,0.003962142033422925,0.006064742898410342,7.849284746508376e-06,0.007820835718689747,6.138796651165931e-08,0.006671217188251377,1.2558855594413402e-05,0.03600352714483297,1.1387069636810827e-07,0.029972428293559065
10.321100917431192,0.03558482020134694,0.11035197293585201,0.003977628384795033,0.006088778965417508,7.910763783763572e-06,0.007853710231572395,6.212884646809632e-08,0.006697656861959259,1.2657222054021715e-05,0.03616693984239617,1.1515840292544514e-07,0.03011206643083866
10.341951626355295,0.03566394715792822,0.11057078904546377,0.003993199462208739,0.0061129496950682255,7.972820972492083e-06,0.007886781555455698,6.287989739080091e-08,0.0067242446645750485,1.2756513555987334e-05,0.03633104004868295,1.1646166339102994e-07,0.03025225945900947
10.3628023352794,0.03574340107359723,0.11079039766492992,0.0040088559077019826,0.006137256107376654,8.035462844358543e-06,0.007920051237681839,6.364127744580831e-08,0.00675098171811432,1.285674055097367e-05,0.0364958318834738,1.1778069148565688e-07,0.030393010497758395
10.383653044203502,0.035823183868026395,0.1110108033586722,0.004024598368741777,0.006161699231168893,8.098696014839485e-06,0.007953520840110072,6.441314753174223e-08,0.006777869154285783,1.2957913623743177e-05,0.0366613194989637,1.1911570425648202e-07,0.030534322690487486
10.404503753127605,0.03590329747580192,0.11123201071767469,0.004040427498224216,0.006186280104148448,8.1625271842032e-06,0.007987191939256523,6.519567132963005e-08,0.006804908114563294,1.3060043494725122e-05,0.03682750708006635,1.2046692213451963e-07,0.03067619920451967
10.42535446205171,0.035983743846540496,0.11145402435948369,0.004056343954474474,0.006210999772962192,8.226963138500807e-06,0.00802106612643549,6.598901535366225e-08,0.006832099750258411,1.3163141021601292e-05,0.0369943988447212,1.2183456899318623e-07,0.030818643231305936
10.446205170975812,0.03606452494500706,0.11167684892820764,0.004072348401246797,0.006235859293266857,8.292010750568671e-06,0.008055145007902258,6.67933490029151e-08,0.006859445222593543,1.3267217200909875e-05,0.03716199904420345,1.232188722079128e-07,0.030961657986634063
10.467055879899915,0.036145642751233636,0.11190048909451732,0.004088441507724513,0.006260859729796095,8.357676981042346e-06,0.008089430204997477,6.760884461405608e-08,0.006886945702775705,1.3372283169667754e-05,0.037330311963437175,1.24620062716847e-07,0.03110524671083902
10.48790658882402,0.036227099260639224,0.11212494955564571,0.004104623948520029,0.006286002156428047,8.423968879382078e-06,0.008123923354293086,6.843567751505021e-08,0.006914602372070853,1.3478350207011325e-05,0.03749934192131136,1.2603837508266344e-07,0.031249412669014834
10.508757297748122,0.036308896484150685,0.11235023503538799,0.0041208964036748225,0.006311287656253462,8.490893584910043e-06,0.008158626107739804,6.927402607988749e-08,0.006942416421878809,1.358542973585607e-05,0.03766909327099894,1.274740475555047e-07,0.031394159151228056
10.529608006672227,0.03639103644832485,0.11257635028410162,0.004137259558659458,0.006336717321644374,8.558458327859526e-06,0.008193540132816255,7.012407178435253e-08,0.006970389053808812,1.3693533324575243e-05,0.03783957040027914,1.2892732213707527e-07,0.03153948947273294
10.55045871559633,0.036473521195471585,0.11280330007870623,0.004153714104373571,0.006362292254323322,8.626670430435968e-06,0.008228667112679666,7.09859992628546e-08,0.006998521479755655,1.380267268869755e-05,0.038010777731862705,1.3039844464590764e-07,0.031685406974188084
10.571309424520432,0.03655635278377807,0.11303108922268376,0.004170260737145876,0.006388013565433149,8.695537307890232e-06,0.008264008746318247,7.185999636634148e-08,0.007026814921976464,1.3912859692624372e-05,0.038182719723720476,1.3188766478382666e-07,0.03183191502187483
10.592160133444537,0.03663953328764119,0.11325972255067954,0.0041869001596257565,0.006413882376128453,8.765066473337092e-06,0.008299566749089257,7.274625425566557e-08,0.007055270613741299,1.4024106357339348e-05,0.03835540086941906,1.3339523620398946e-07,0.03197901700792329
10.61301084236864,0.03672306479785005,0.11348920495903163,0.004203633085575043,0.006439899821116544,8.835265559070577e-06,0.008335342855134008,7.364496765101051e-08,0.0070838898032281996,1.4136424894512925e-05,0.03852882569848727,1.3492141658249936e-07,0.03212671635058614
10.633861551292743,0.03680694941962532,0.11371954137249819,0.004220460232925599,0.006466067044985664,8.9061422888532e-06,0.00837133881464106,7.455633463139295e-08,0.0071126737494842315,1.424982766216512e-05,0.03870299877677933,1.3646646769053104e-07,0.032275016494510964
10.654712260216847,0.03689118927470659,0.11395073674502039,0.00423738232557288,0.00649238520236647,8.977704486538715e-06,0.008407556394505621,7.548055676378037e-08,0.007141623722603118,1.4364327178461944e-05,0.038877924706816315,1.3803065546571017e-07,0.032423920910971855
10.67556296914095,0.036975786501746724,0.11418279606245742,0.004254400094023109,0.006518855458320371,9.049960080011918e-06,0.008443997378755824,7.641783919346549e-08,0.007170741004152409,1.447993612801907e-05,0.039053608128138885,1.396142500857815e-07,0.03257343309810761
10.696413678065053,0.037060743256447246,0.11441572434258662,0.004271514275393292,0.006545478988419384,9.12291710244434e-06,0.008480663568722088,7.73683907111714e-08,0.0072000268872613234,1.4596667363910946e-05,0.03923005371766638,1.4121752604391986e-07,0.03272355658116542
10.717264386989157,0.03714606171169521,0.11464952663510339,0.004288725613411205,0.006572256978826641,9.196583693564658e-06,0.008517556783208388,7.83324238214653e-08,0.0072294826767093055,1.4714533909703453e-05,0.039407266190059326,1.4284076222545287e-07,0.03287429491274638
10.73811509591326,0.037231744057701,0.11488420802162116,0.0043060348584153954,0.006599190626377562,9.270968100944248e-06,0.008554678858665359,7.931015481250868e-08,0.007259109689015319,1.4833548961510796e-05,0.039585250298085524,1.4448424198602387e-07,0.03302565167305283
10.758965804837363,0.03731779250213761,0.1151197736156715,0.004323442767355189,0.006626281138661727,9.346078681297947e-06,0.00859203164936537,8.030180382717092e-08,0.007288909252527901,1.4953725890076716e-05,0.03976401083298992,1.461482532312248e-07,0.033177630470137845
10.779816513761467,0.03740420927028114,0.11535622856270401,0.0043409501037906875,0.006653529734105405,9.42192390180019e-06,0.008629617027579526,8.130759493553345e-08,0.007318882707515946,1.5075078242880305e-05,0.039943552624868005,1.4783308849772516e-07,0.03333023494015638
10.80066722268557,0.037490996605152475,0.11559357804008637,0.004358557637892759,0.006680937642054768,9.498512341416655e-06,0.008667436883756612,8.23277562088121e-08,0.007349031406260246,1.5197619746266649e-05,0.040123880543042896,1.4953904503592722e-07,0.033483468747618476
10.821517931609673,0.03757815676766044,0.11583182725710435,0.004376266146443053,0.006708506102859831,9.575852692251765e-06,0.00870549312670406,8.336251979472831e-08,0.007379356713145815,1.5321364307602824e-05,0.04030499949644636,1.5126642489417925e-07,0.03363733558564454
10.842368640533778,0.037665692036746114,0.1160709814549618,0.004394076412833993,0.006736236367959042,9.653953760912025e-06,0.008743787683770921,8.441212199435653e-08,0.007409860004754947,1.5446326017459242e-05,0.04048691443400344,1.530155350045743e-07,0.03379183917622238
10.86321934945788,0.0377536047095285,0.1163110459067806,0.004411989227068769,0.006764129699964612,9.732824469885437e-06,0.008782322501032835,8.547680334047786e-08,0.007440542669961074,1.55725191518167e-05,0.04066963034502099,1.5478668727036693e-07,0.033946983270466385
10.884070058381985,0.03784189710145163,0.11655202591760078,0.004430005385761356,0.006792187372748542,9.81247385893731e-06,0.008821099543479144,8.655680867747294e-08,0.0074714061100233965,1.5699958174299696e-05,0.04085315225958013,1.5658019865504125e-07,0.034102771648878726
10.904920767306088,0.03793057154643281,0.11679392682438035,0.004448125692136494,0.006820410671529355,9.89291108652238e-06,0.008860120795201994,8.765238724278129e-08,0.007502451738682292,1.582865773843581e-05,0.04103748524893251,1.5839639127305886e-07,0.03425920812161244
10.92577147623019,0.0380196303970125,0.11703675399599549,0.004466350956029702,0.0068488008929595825,9.974145431213714e-06,0.008899388259587648,8.87637927499631e-08,0.007533680982255542,1.5958632689941943e-05,0.041222634425900705,1.6023559248232429e-07,0.03441629652873677
10.946622185154295,0.038109076024704466,0.11728051283718255,0.004484681994695397,0.00687735934567627,1.0056186296772544e-05,0.008938903959857036,8.989128350928015e-08,0.0075650952802438975,1.608989807483607e-05,0.04140860494528609,1.6209813497877189e-07,0.03457404074050976
10.967472894078398,0.03819891082043188,0.11752520882209234,0.0045031196383983575,0.006906087354338206,1.0139043238864477e-05,0.008978669941895478,9.103512276837105e-08,0.0075966960897720275,1.6222469182183164e-05,0.04159540200431186,1.6398435689576152e-07,0.03473244465770401
10.9883236030025,0.038289137192111945,0.11777084746056686,0.004521664722724518,0.006934986255790054,1.0222725932365697e-05,0.009018688271297867,9.219557846691906e-08,0.00762848488136906,1.6356361491785115e-05,0.041783030843064915,1.6589460190446967e-07,0.034891512211934775
11.009174311926605,0.03837975756699538,0.11801743429682934,0.0045403180903737525,0.006964057399003215,1.030724418088758e-05,0.009058961033982233,9.33729234024007e-08,0.007660463138903537,1.649159068942013e-05,0.041971496744913135,1.6782921931344935e-07,0.03505124736594285
11.030025020850708,0.03847077439220773,0.1182649749131217,0.004559080592084291,0.006993302145600652,1.0392607922559826e-05,0.009099490336765624,9.4567435365127e-08,0.007692632360160718,1.6628172676095723e-05,0.0421608050369351,1.6978856417132593e-07,0.035211654113883106
11.05087572977481,0.038562190134913035,0.11851347492970463,0.004577953086632735,0.0070227218699568635,1.0478827231705093e-05,0.009140278307577038,9.577939723480161e-08,0.00772499405695255,1.676612357072815e-05,0.042350961090358186,1.7177299737190895e-07,0.035372736481620384
11.071726438698915,0.0386540072824791,0.1187629400048575,0.004596936440834045,0.0070523179592986915,1.0565912320533989e-05,0.00918132709567278,9.700909707902157e-08,0.007757549755228561,1.6905459712854384e-05,0.04254197032100092,1.7378288576133592e-07,0.035534498527027655
11.092577147623018,0.038746228342644205,0.11901337583487841,0.004616031529541544,0.00708209181380701,1.0653873540860823e-05,0.009222638871854266,9.825682825376266e-08,0.007790300995187712,1.7046197665377317e-05,0.04273383818971992,1.7581860224729067e-07,0.03569694434028656
11.113427856547121,0.03883885584368553,0.11926478815408416,0.0046352392356469214,0.007112044846719286,1.0742721385840328e-05,0.009264215828688336,9.952288950589067e-08,0.007823249331391216,1.7188354217344525e-05,0.042926570202861516,1.7788052591033953e-07,0.03586007804419045
11.134278565471226,0.03893189233458906,0.11951718273481031,0.004654560450080229,0.00714217848443302,1.083246649172553e-05,0.009306060180730083,1.0080758507773985e-07,0.007856396332876322,1.733194638676085e-05,0.04312017191271785,1.7996904211742503e-07,0.03602390379444975
11.155129274395328,0.03902534038522104,0.11977056538741104,0.004673996071809877,0.007172494166610052,1.0923119639647082e-05,0.00934817416474818,1.021112248138023e-07,0.007889743583271058,1.7476991423435332e-05,0.043314648917987635,1.8208454263756198e-07,0.03618842577999976
11.175979983319431,0.03911920258650116,0.12002494196025934,0.004693547007842647,0.007202993346281812,1.1014691757414332e-05,0.009390560039952858,1.0343412426957314e-07,0.007923292680909994,1.762350681186293e-05,0.04351000686424181,1.8422742575978226e-07,0.03635364822331102
11.196830692243536,0.039213481550577245,0.12028031833974691,0.004713214173223678,0.007233677489955429,1.1107193921338279e-05,0.009433220088226446,1.0477660482259493e-07,0.007957045238950973,1.7771510274141246e-05,0.043706251444393815,1.8639809641337045e-07,0.03651957538070205
11.217681401167638,0.0393081799110017,0.12053670045028406,0.004732998491036473,0.007264548077720754,1.1200637358076767e-05,0.009476156614356572,1.0613899378574847e-07,0.00799100288549283,1.7921019772922828e-05,0.0439033883991747,1.885969662904382e-07,0.03668621154265462
11.238532110091743,0.03940330032290953,0.12079409425429996,0.004752900892402902,0.007295606603358352,1.1295033446502149e-05,0.009519371946272044,1.0752162452283699e-07,0.008025167263694188,1.8072053514403438e-05,0.04410142351761329,1.9082445397088644e-07,0.036853561034131635
11.259382819015846,0.03949884546319802,0.12105250575224238,0.004772922316483191,0.007326854574448338,1.1390393719591636e-05,0.009562868435281422,1.0892483656651061e-07,0.008059540031893173,1.8224629951346618e-05,0.04430036263752106,1.930809850497995e-07,0.037021628214897406
11.280233527939949,0.039594818030708266,0.12131194098257786,0.004793063710475935,0.007358293512480227,1.148672986634067e-05,0.009606648456314381,1.103489757385819e-07,0.00809412286372825,1.8378767786145072e-05,0.04450021164598223,1.9536699226732543e-07,0.03719041747984068
11.301084236864053,0.03969122074694009,0.12157240603371967,0.004813326032075365,0.0073899249544138,1.1584053745527187e-05,0.009650714409242,1.1179439439939296e-07,0.00812891744985518,1.85344859928435e-05,0.044700976479860016,1.976829156424087e-07,0.03735993325931694
11.321934945788156,0.03978805635547553,0.12183390707221659,0.004833710253331245,0.007421750456240753,1.1682377406579803e-05,0.009695068721194244,1.1326145178371819e-07,0.008163925501864828,1.8691803850527688e-05,0.04490266312634079,2.0002920261262456e-07,0.03753018001955008
11.342785654712259,0.03988532762040676,0.12209645029844012,0.0048542173517513105,0.007453771587739729,1.1781713049021752e-05,0.009739713842883989,1.1475051367644409e-07,0.008199148746513703,1.8850740878434805e-05,0.045105277623464196,2.0240630817413578e-07,0.037701162263014495
11.363636363636363,0.039983037328990646,0.12236004195669609,0.004874848314337159,0.007485989933822213,1.188207304389792e-05,0.009784652250262883,1.1626195274676373e-07,0.008234588927204436,1.9011316870236672e-05,0.04530882606063213,2.0481469502175067e-07,0.037872884528772084
11.384487072560466,0.04008118829194416,0.12262468833633393,0.004895604137860312,0.007518407094791515,1.1983469937317505e-05,0.009829886444899138,1.1779614869969367e-07,0.008270247804270667,1.917355189970801e-05,0.04551331457913881,2.0725483369404478e-07,0.03804535139282801
11.405337781484569,0.040179783343643236,0.12289039577174674,0.004916485828862231,0.007551024686468274,1.2085916452701571e-05,0.00987541895424671,1.1935348841645123e-07,0.008306127155115101,1.9337466324322515e-05,0.04571874937270788,2.0972720272152744e-07,0.03821856746849116
11.426188490408673,0.04027882534232357,0.12315717064237128,0.0049374944036543085,0.0075838443403170785,1.2189425493058808e-05,0.009921252331917626,1.2093436609774585e-07,0.008342228774348787,1.9503080788894095e-05,0.04592513668803488,2.12232288777764e-07,0.038392537406737384
11.447039199332776,0.04037831717028313,0.12342501937268784,0.0049586308883178614,0.0076168677035741835,1.2294010143289992e-05,0.009967389157957458,1.2253918341004768e-07,0.008378554473931602,1.967041622926399e-05,0.04613248282533549,2.1477058683351657e-07,0.03856726589657577
11.467889908256879,0.040478261734086904,0.12369394843222044,0.004979896318704146,0.0076500964393764045,1.239968367252155e-05,0.010013832039124135,1.2416834963490072e-07,0.008415106083314045,1.983949387603448e-05,0.04634079413889972,2.1734260031396843e-07,0.038742757665418036
11.488740617180984,0.04057866196477346,0.1239639643355367,0.005001291740434349,0.007683532226891108,1.250645953646842e-05,0.010060583609169954,1.2582228182134145e-07,0.00845188544958022,2.0010335258349473e-05,0.04655007703765176,2.1994884125909204e-07,0.03891901747945087
11.509591326105086,0.04067952081806336,0.12423507364224787,0.005022818208899585,0.007717176761447376,1.261435137982662e-05,0.010107646529126912,1.2750140494149182e-07,0.008488894437592114,2.018296220772259e-05,0.04676033798571573,2.2258983048722826e-07,0.03909605014401131
11.53044203502919,0.04078084127456997,0.1245072829570088,0.005044476789260907,0.007751031754668327,1.2723373038696013e-05,0.010155023487595493,1.2920615204939724e-07,0.008526134930135161,2.035739686191362e-05,0.04697158350298764,2.2526609776194553e-07,0.0392738605039654
11.551292743953294,0.04088262634001184,0.12478059892951808,0.005066268556449296,0.0077850989346046244,1.2833538543033416e-05,0.01020271720103674,1.30936964443175e-07,0.008563608828065087,2.0533661668853468e-05,0.04718382016571318,2.2797818196224356e-07,0.03945245344408979
11.572143452877397,0.0409848790454275,0.12505502825451778,0.005088194595165663,0.00781938004586912,1.2944862119136534e-05,0.01025073041406786,1.326942918305478e-07,0.008601318050456034,2.0711779390618456e-05,0.047397054607071644,2.3072663125617303e-07,0.039631833889456555
11.592994161801501,0.04108760244739212,0.12533057767179373,0.005110255999880856,0.00785387684977276,1.3057358192159144e-05,0.01029906589976132,1.3447859249783535e-07,0.008639264534750037,2.0891773107454632e-05,0.04761129351776629,2.335120032779453e-07,0.03981200680582129
11.613844870725604,0.041190799628236324,0.12560725396617528,0.00513245387483565,0.007888591124461627,1.3171041388657738e-05,0.010347726459947436,1.3629033348247648e-07,0.00867745023690779,2.107366622185238e-05,0.047826543646620624,2.36334865308599e-07,0.039992977200014226
11.634695579649707,0.04129447369640707,0.1258850639697894,0.005154789334560433,0.007923524665338985,1.3285926541848996e-05,0.01039671492574198,1.3812999077995296e-07,0.008715877131872884,2.1257482466958396e-05,0.04804281180118369,2.391957944606259e-07,0.04017475012033813
11.655546288573811,0.04139862778760527,0.12616401460129364,0.0051772635113717215,0.007958679290157719,1.3402028733090524e-05,0.010446034161337905,1.3999804997709578e-07,0.008754547219173492,2.144324597294484e-05,0.048260104848380114,2.4209537787135427e-07,0.04035733065703003
11.676396997497914,0.04150326506138742,0.1264441128346947,0.005199877546482468,0.007994056835276502,1.3519363249206267e-05,0.010495687060860626,1.418950059257689e-07,0.008793462518804153,2.1630981198730028e-05,0.048478429715167,2.450342128995325e-07,0.04054072394273842
11.697247706422017,0.04160838870382605,0.1267253656903943,0.005222632591001353,0.008029659154682083,1.3637945590294756e-05,0.010545676548560855,1.4382136298212035e-07,0.008832625070150292,2.182071294447161e-05,0.048697793389160124,2.480129073210075e-07,0.040724935152945854
11.718098415346121,0.04171400192857352,0.1270077802419909,0.005245529807914211,0.008065488120998925,1.375779148285825e-05,0.010596005579916499,1.457776353196937e-07,0.008872036933098819,2.2012466372573202e-05,0.04891820291927353,2.510320795301592e-07,0.040909969506392134
11.738949124270224,0.0418201079771023,0.12729136361627946,0.005268570372084017,0.008101545625645938,1.3878916882800757e-05,0.010646677141970796,1.477643471314274e-07,0.008911700188210532,2.2206267012481214e-05,0.0491396654163741,2.5409235874670544e-07,0.041095832265511126
11.759799833194327,0.041926710118947746,0.12757612299325186,0.0052917554702509,0.008137833578994662,1.4001337978465163e-05,0.010697694253674589,1.4978203283598258e-07,0.008951616936894129,2.240214076554426e-05,0.04936218805394337,2.5719438522676593e-07,0.04128252873687145
11.780650542118432,0.0420338116519532,0.12786206560609664,0.005315086301032144,0.00817435391052888,1.4125071193709778e-05,0.010749059966232698,1.5183123728849248e-07,0.008991789301581768,2.2600113909935646e-05,0.04958577806874642,2.603388104782723e-07,0.04147006427162075
11.801501251042534,0.04214141590251749,0.12814919874119893,0.005338564074922172,0.00821110856900565,1.4250133191024815e-05,0.01080077736345447,1.5391251599583204e-07,0.009032219425906216,2.2800213105639704e-05,0.04981044276150796,2.635262974808194e-07,0.04165844426593375
11.822351959966637,0.042249526225844894,0.12843752973814068,0.0053621900142925664,0.008248099522617887,1.4376540874689457e-05,0.010852849562108616,1.560264353365101e-07,0.009072909474879676,2.3002465399503133e-05,0.05003618949759597,2.667575209100556e-07,0.0418476741614643
11.843202668890742,0.042358146006197604,0.12872706598970055,0.005385965353392056,0.00828532875915836,1.4504311393969806e-05,0.01090527971228234,1.581735727852845e-07,0.009113861635074195,2.3206898230351692e-05,0.050263025707712655,2.70033167366705e-07,0.04203775944580109
11.864053377814844,0.04246727865715062,0.12901781494185383,0.005409891338346514,0.00832279828618522,1.4633462146358319e-05,0.010958070997744795,1.6035451714260539e-07,0.009155078114803743,2.3413539434173312e-05,0.050490958888592834,2.733539356103234e-07,0.04222870565292726
11.884904086738949,0.042576927621849205,0.12930978409377256,0.005433969227158974,0.008360510131189037,1.476401078085535e-05,0.011011226636315003,1.6256986876899628e-07,0.009196561144307941,2.362241724936856e-05,0.05071999660371023,2.7672053679789243e-07,0.0424205183636841
11.905754795663052,0.04268709637326884,0.1296029809978255,0.005458200289709609,0.008398466341761359,1.4895975201293027e-05,0.011064749880234214,1.6482023982447885e-07,0.009238312975937496,2.3833560322068844e-05,0.05095014648399118,2.801336947273489e-07,0.04261320320623848
11.926605504587155,0.04279778841447786,0.1298974132595781,0.005482585807755747,0.008436668985764808,1.5029373569702366e-05,0.011118644016542828,1.6710625451315814e-07,0.00928033588434129,2.4046997711523787e-05,0.05118141622853639,2.8359414608616487e-07,0.04280676585655449
11.94745621351126,0.042909007278902574,0.1301930885377925,0.005507127074931867,0.008475120151504737,1.516422430972381e-05,0.011172912367461891,1.6942854933307938e-07,0.009322632166655211,2.4262758895558095e-05,0.05141381360535047,2.8710264070507914e-07,0.04300121203886897
11.968306922435362,0.043020756530675885,0.13049001454559994,0.005531825397037874,0.008513821948055443,1.5300546111656614e-05,0.01122755829090122,1.7178777335124664e-07,0.009365204142860987,2.4480873778650586e-05,0.05164734645208068,2.9065994181730096e-07,0.043196547526172864
11.989157631359465,0.04313303976620954,0.1307881990910811,0.005556682100415888,0.008552776510744134,1.543835798254116e-05,0.011282585184693064,1.7418458904980677e-07,0.009408054161818549,2.4701372772065856e-05,0.05188202267680539,2.9426682632940526e-07,0.04339277814076033
12.01000834028357,0.043245860610424944,0.13108765005234105,0.005581698523355021,0.008591985998122515,1.557767920281181e-05,0.01133799648382341,1.7661967202760936e-07,0.009451184597934767,2.49242867244989e-05,0.05211785025883747,2.9792408509793565e-07,0.043589909754805894
12.030859049207672,0.04335922271923543,0.13138837536044032,0.005606876015540359,0.008631452589927981,1.5718529326820867e-05,0.011393795659943673,1.7909371122462894e-07,0.00949459784892078,2.514964692291339e-05,0.05235483724949392,3.016325232052358e-07,0.04378794829088286
12.051709758131775,0.043473129781115484,0.13169038300915292,0.00563221594110569,0.008671178488548696,1.586092820362253e-05,0.01144998622296342,1.8160740941488991e-07,0.009538296337403567,2.5377485125796046e-05,0.05259299177287701,3.053929602427619e-07,0.04398689972247557
12.07256046705588,0.04358758551739256,0.1319936810549662,0.0056577196786334995,0.008711165919220071,1.6004895980998373e-05,0.011506571721477555,1.8416148350014562e-07,0.00958228251114208,2.5607833569597398e-05,0.052832322026676454,3.092062306025936e-07,0.044186770074511036
12.093411175979982,0.04370259368254194,0.1322982776170808,0.005683388621154967,0.00875141713022309,1.615045310953688e-05,0.011563555743198829,1.8675666481004856e-07,0.0096265588432454,2.5840724975259008e-05,0.053072836282980415,3.1307318377513514e-07,0.04438756542389523
12.114261884904085,0.04381815806448457,0.1326041808774108,0.005709224176149976,0.00879193439308454,1.629762034676769e-05,0.011620941915395777,1.893936994089597e-07,0.009671127832392995,2.6076192554828303e-05,0.053314542889095866,3.1699468465314804e-07,0.044589291900054194
12.13511259382819,0.04393428248488795,0.13291139908058358,0.005735227765547108,0.008832720002779078,1.6446418761351236e-05,0.01167873390533607,1.9207334840954794e-07,0.009715992003056987,2.631427001816198e-05,0.0535574502683779,3.209716138422486e-07,0.0447919556854798
12.155963302752292,0.044050970799469916,0.1332199405339399,0.005761400825723638,0.008873776277933242,1.6596869737324507e-05,0.01173693542073541,1.947963882933356e-07,0.009761153905726567,2.6554991579719213e-05,0.05380156692106838,3.250048679780167e-07,0.044995563016280264
12.176814011676395,0.04416822689830578,0.13352981360753383,0.0057877448075055425,0.008915105561031363,1.6748994978403683e-05,0.011795550210212067,1.975636112383504e-07,0.0098066161171345,2.6798391965445896e-05,0.054046901425144143,3.2909536004986483e-07,0.045200120182735705
12.1976647206005,0.04428605470613828,0.13384102673413292,0.0058142611761675,0.008956710218623442,1.6902816512344342e-05,0.011854582063747053,2.0037582545404475e-07,0.009852381240485786,2.704450641975095e-05,0.05429346243717459,3.332440197318125e-07,0.04540563352985837
12.218515429524603,0.04440445818269082,0.1341535884092179,0.00584095141143288,0.008998592641534922,1.705835669535988e-05,0.011914034813150065,2.032338555236491e-07,0.009898451905688416,2.7293370712575808e-05,0.05454125869318894,3.374517937203204e-07,0.04561210945795789
12.239366138448707,0.04452344132298398,0.134467507190983,0.005867817007473759,0.009040755245078531,1.7215638216599148e-05,0.011973912332531315,2.0613854275413394e-07,0.009944830769586386,2.7545021146558637e-05,0.054790299009553435,3.417196460793467e-07,0.045819554423211596
12.26021684737281,0.04464300815765493,0.1347827917003357,0.005894859472910899,0.00908320046926804,1.7374684102683684e-05,0.012034218538779182,2.0909074553394795e-07,0.009991520516194846,2.7799494564293896e-05,0.055040592283858165,3.4604855859277527e-07,0.04602797493823966
12.281067556296913,0.0447631627532806,0.1350994506208969,0.005922080330813775,0.00912593077903408,1.7535517722305697e-05,0.012094957392044007,2.1209133969872e-07,0.010038523856937489,2.8056828355689116e-05,0.055292147495814195,3.5043953112439176e-07,0.04623737757268557
12.301918265221017,0.04488390921302888,0.1354174927041562,0.005949481119979055,0.009168948665140099,1.7698162798493615e-05,0.012156132896778695,2.151412190073131e-07,0.01008584353165411,2.8317060477589784e-05,0.055544973708166405,3.548935819866317e-07,0.04644776895380969
12.32276897414512,0.045005251677923075,0.1357369268177353,0.005977063404533926,0.009212256650961615,1.786264347090934e-05,0.012217749106840007,2.1824129631250406e-07,0.010133482316057776,2.8580229553454947e-05,0.05579908006767034,3.594117483264962e-07,0.04665915576717231
12.343619683069223,0.045127194322579466,0.13605776189604427,0.006004828760069285,0.009255857286080338,1.8028984218877612e-05,0.012279810120356074,2.2139250287071326e-07,0.010181443014688372,2.884637475020418e-05,0.05605447580606896,3.6399508651647955e-07,0.04687154475732087
12.364470391993327,0.04524974135912668,0.13638000694090532,0.0060327787777874585,0.009299753146600693,1.819720989086137e-05,0.012342320081263736,2.2459578905894937e-07,0.010229728461260763,2.9115535825378193e-05,0.056311170241031654,3.6864467254577155e-07,0.047084942728406416
12.38532110091743,0.04537289703830487,0.13670367102800915,0.0060609150664853425,0.009343946836267073,1.8367345721574512e-05,0.012405283180624319,2.2785212495256033e-07,0.010278341519893782,2.938775315451922e-05,0.056569172777123054,3.7336160242495727e-07,0.04729935654481732
12.406171809841533,0.04549666564982196,0.13702876330691488,0.006089239252554415,0.00938844098671125,1.8539417337424723e-05,0.012468703657166597,2.3116250075688543e-07,0.010327285085382377,2.966306773987956e-05,0.05682849290679143,3.781469926012441e-07,0.047514793131829096
12.427022518765638,0.045621051522713535,0.13735529300105015,0.00611775297998073,0.009433238257702169,1.871345076203155e-05,0.012532585797836645,2.3452792724875197e-07,0.010376562083472386,2.9941521219250482e-05,0.057089140211368204,3.830019803827877e-07,0.04773125947626003
12.44787322768974,0.04574605902570656,0.13768326940771097,0.006146457910344909,0.009478341337398161,1.8889472421820754e-05,0.01259693393835481,2.3794943622805108e-07,0.010426175471137979,3.022315587491321e-05,0.05735112436207911,3.8792772437232885e-07,0.04794876262713267
12.468723936613843,0.04587169256758672,0.13801270189806186,0.006175355722822158,0.009523752942601644,1.9067509151696186e-05,0.012661752463779772,2.414280809796325e-07,0.01047612823686181,3.0508014642713898e-05,0.057614455121067165,3.929254049103571e-07,0.04816730969634156
12.489574645537948,0.04599795659756973,0.13834359991713582,0.006204448114182256,0.00956947581901627,1.9247588200789877e-05,0.012727045809079929,2.449649367457591e-07,0.010526423400917898,3.0796141121263805e-05,0.05787914234242727,3.979962245280116e-07,0.048386907859326804
12.51042535446205,0.0461248556056764,0.13867597298383422,0.006233736798789552,0.009615512741506559,1.9429737238291506e-05,0.012792818459712068,2.485611012093706e-07,0.010577064015657216,3.108757958126641e-05,0.058145195973252864,4.0314140840994565e-07,0.04860756435575379
12.531276063386153,0.04625239412311163,0.13900983069092696,0.0062632235086029775,0.009661866514360089,1.9613984359358497e-05,0.012859074952207545,2.522176949884174e-07,0.0106280531657961,3.1382374974973596e-05,0.05841262605469489,4.08362204867387e-07,0.048829286490199256
12.552126772310258,0.04638057672264743,0.1393451827050524,0.006292909993176039,0.009708539971552216,1.980035809110743e-05,0.012925819874766011,2.5593586214152044e-07,0.010679393968707438,3.168057294577189e-05,0.05868144272303283,4.1365988582161933e-07,0.04905208163284339
12.57297748123436,0.04650940801900967,0.13968203876671725,0.006322798019656812,0.009755535977013351,1.998888739868805e-05,0.012993057867856758,2.597167706852266e-07,0.010731089574714687,3.198221983790088e-05,0.05895165621075824,4.1903574729812823e-07,0.0492759572201683
12.593828190158465,0.046638892669269294,0.1400204086902968,0.006352889372787956,0.009802857424898873,2.0179601691441077e-05,0.01306079362482795,2.635616131231409e-07,0.010783143167388761,3.228736270630572e-05,0.059223276847671154,4.244911099316603e-07,0.049500920755662974
12.614678899082568,0.04676903537323714,0.1403603023640347,0.006383185854906698,0.009850507239861623,2.0372530829140475e-05,0.013129031892523601,2.6747160698720557e-07,0.010835557963847787,3.259604932662476e-05,0.059496315061988825,4.300273194824352e-07,0.049726979810534415
12.63552960800667,0.04689984087540353,0.14070172978145115,0.00641368929348998,0.00989848838174625,2.0567705176714e-05,0.01319777747528817,2.714479960996039e-07,0.010888337219920876,3.2908328282742404e-05,0.059770781381503116,4.356457473711632e-07,0.049954142024477045
12.656380316930775,0.04703131396233121,0.14104470105427913,0.006444401540001082,0.009946803847745484,2.0765155604384157e-05,0.0132670352360139,2.7549205108467615e-07,0.010941484232520032,3.3224248967014653e-05,0.06004668643479027,4.4134779123255094e-07,0.050182415106521376
12.677231025854878,0.04716345946237988,0.14138922636000698,0.006475324459545397,0.009995456665340645,2.0964913428193443e-05,0.013336810091694884,2.7960506898063985e-07,0.01099500233187471,3.354386148510951e-05,0.06032404095238522,4.471348754700958e-07,0.05041180683582545
12.698081734778981,0.04729628224946525,0.14173531596301903,0.006506459938654375,0.010044449895568418,2.1167010466657146e-05,0.01340710701700817,2.837883745566044e-07,0.011048894885125261,3.3867216746651436e-05,0.06060285576794717,4.530084518205673e-07,0.05064232506242294
12.718932443703086,0.04742978724349891,0.14208298021468496,0.006537809885310966,0.01009378663334328,2.1371479048234897e-05,0.013477931045009545,2.880433209419762e-07,0.011103165296677608,3.4194366477175834e-05,0.06088314181946947,4.5896999993877634e-07,0.0508739777080133
12.739783152627188,0.04756397941082528,0.14243222955335968,0.0065693762289496145,0.010143470007770473,2.157835201874413e-05,0.013549287267827882,2.9237129026827787e-07,0.011157817008547522,3.4525363229990606e-05,0.06116491015050405,4.65021027995597e-07,0.05110677276675946
12.760633861551291,0.04769886376466316,0.1427830745043835,0.006601160920456271,0.010193503182462163,2.1787662748879543e-05,0.013621180837368676,2.9677369432608935e-07,0.011212853500708381,3.486026039820727e-05,0.06144817191140058,4.711630732895331e-07,0.05134071830609311
12.781484570475396,0.04783444536555186,0.14313552568008206,0.006633165932168389,0.010243889355856715,2.199944514183967e-05,0.013693616966026861,3.0125197523747293e-07,0.011268278291442387,3.519911222694347e-05,0.06173293836056027,4.773977028721394e-07,0.0515758224675274
12.802335279399498,0.04797072932180213,0.14348959377976622,0.006665393257874915,0.010294631761541162,2.221373364106219e-05,0.013766600927409016,3.058076061442636e-07,0.011324094937695279,3.554197382569951e-05,0.06201922086570451,4.837265141876286e-07,0.05181209346747725
12.823185988323601,0.04810772078995205,0.1438452895897323,0.006697844912816305,0.010345733668576974,2.243056323806963e-05,0.013840138057065276,3.104420919126168e-07,0.011380307035434674,3.588890118091141e-05,0.06230703090515898,4.901511357270037e-07,0.0520495395980875
12.844036697247706,0.04824542497522745,0.1442026239832619,0.006730522933684512,0.01039719838182901,2.2649969480426585e-05,0.013914233753230792,3.151569698541989e-07,0.01143691822001191,3.623995116868254e-05,0.06259638006915291,4.966732276970501e-07,0.05228816922806871
12.864887406171809,0.04838384713200761,0.14456160792062187,0.006763429378622986,0.010449029242297802,2.2871988479810254e-05,0.013988893477577176,3.1995381046443797e-07,0.011493932166527583,3.659518156769641e-05,0.06288728006113381,5.03294482704542e-07,0.052527990803540724
12.885738115095911,0.04852299256429572,0.14492225244906448,0.006796566327226685,0.010501229627455188,2.309665692019582e-05,0.014064122755973886,3.248342181782478e-07,0.011551352590200707,3.695465107231332e-05,0.06317974269909826,5.100166264560294e-07,0.052769012848884425
12.906588824020016,0.04866286662619434,0.14528456870282735,0.006829935880542068,0.01055380295158328,2.3324012066157974e-05,0.014139927179259711,3.297998321436486e-07,0.011609183246741608,3.731841930585276e-05,0.06347377991693849,5.168414184735641e-07,0.05301124396760129
12.927439532944119,0.04880347472238606,0.14564856790313327,0.006863540161067085,0.010606752666116812,2.355409177129039e-05,0.014216312404024588,3.3485232701372906e-07,0.011667427932728494,3.768654683406463e-05,0.06376940376580509,5.237706528267476e-07,0.05325469284318104
12.948290241868223,0.048944822309832825,0.14601426137942686,0.006897381318242407,0.010660082263089793,2.3786934524619685e-05,0.014293284155835067,3.3999341435663265e-07,0.011726090489398773,3.80590952393915e-05,0.06406662641551174,5.3080615888774e-07,0.053499368240013834
12.969140950792326,0.04908691489707821,0.1463816606098644,0.006931461534636689,0.010713795281450764,2.4022579503074e-05,0.0143708482336988,3.4522484422063997e-07,0.01178517480959584,3.84361272049184e-05,0.0643654601560198,5.379498021172777e-07,0.053745279004415815
12.989991659716429,0.04922975804120137,0.14675077714937015,0.0069657830080880785,0.01076789529697205,2.42610664578843e-05,0.01444901050284351,3.5054840406015465e-07,0.011844684826669257,3.8817706332614886e-05,0.06466591739889449,5.452034848558179e-07,0.05399243406561058
13.010842368640533,0.04937335735310171,0.14712162265354786,0.00700034796207776,0.010822385926106464,2.4502435795083122e-05,0.014527776899283603,3.559659207199883e-07,0.011904624518717112,3.9203897272133e-05,0.0649680106787332,5.525691471241684e-07,0.05424084243663844
13.031693077564636,0.04951771849819967,0.14749420888044737,0.00703515864627662,0.01087727082663452,2.474672858914034e-05,0.01460715343091331,3.614792614147418e-07,0.011964997909297972,3.959476574262455e-05,0.06527175265465268,5.600487674550139e-07,0.05449051321531889
13.052543786488739,0.04966284719696951,0.1478685476905647,0.007070217336545269,0.010932553698058404,2.499398659299264e-05,0.014687146178388628,3.670903346719685e-07,0.012025809067864246,3.999037854878823e-05,0.0655771561117972,5.676443637444915e-07,0.05474145558522561
13.073394495412844,0.04980874922547764,0.14824465104684195,0.007105526334934034,0.01098823828199997,2.5244252248220542e-05,0.014767761296021186,3.728010912982671e-07,0.012087062110199968,4.039080359715287e-05,0.06588423396286487,5.753579941236646e-07,0.05499367881667069
13.094245204336946,0.04995543041592698,0.1486225310146673,0.007141087969682944,0.011044328362602872,2.5497568695375236e-05,0.014849005012684324,3.7861352536888973e-07,0.01214876119886316,4.079610991260038e-05,0.06619299924965287,5.831917578503862e-07,0.055247192267698336
13.11509591326105,0.050102896657207296,0.14900219976187506,0.007176904595221755,0.01110082776693886,2.5753979784457572e-05,0.014930883632731567,3.845296752414572e-07,0.012210910543632747,4.120636765513212e-05,0.06650346514462176,5.911477962220535e-07,0.05550200538508848
13.135946622185154,0.05025115389545133,0.14938366955874577,0.007212978592169934,0.011157740365418273,2.601353008555088e-05,0.015013403536927563,3.905516245943812e-07,0.012273514401960102,4.162164813688141e-05,0.06681564495247894,5.992282935097503e-07,0.05575812770536982
13.156797331109257,0.050400208134597224,0.14976695277800584,0.007249312367336654,0.011215070072204715,2.627626489961008e-05,0.015096571183391775,3.9668150349062237e-07,0.012336577079425188,4.204202383937613e-05,0.06712955211178168,6.074354779143059e-07,0.056015568855842725
13.17764804003336,0.050550065436957066,0.150152061894828,0.007285908353720811,0.011272820845634128,2.654223026940935e-05,0.015180393108555165,4.02921489467426e-07,0.012400102930197542,4.2467568431054964e-05,0.0674452001965601,6.157716225448108e-07,0.056274338555612244
13.198498748957464,0.050700731923791514,0.15053900948683105,0.007322769010511018,0.011330996688638104,2.681147299065026e-05,0.015264875928129857,4.09273808652681e-07,0.012464096357501916,4.289835678504042e-05,0.06776260291796009,6.242390464201251e-07,0.05653444661663098
13.219349457881567,0.05085221377589086,0.15092780823407978,0.007359896823085589,0.01138960164917158,2.708404062323267e-05,0.015350026338092172,4.157407369085798e-07,0.01252856181408874,4.333446499717227e-05,0.06808177412590652,6.328401154939495e-07,0.056795902944752036
13.24020016680567,0.05100451723416241,0.15131847091908526,0.007397294303012563,0.011448639820645026,2.7359981502691063e-05,0.015435851115679175,4.223246010032755e-07,0.01259350380270953,4.3775970404305706e-05,0.06840272781078736,6.415772437040394e-07,0.057058717540792475
13.261050875729774,0.05115764860201674,0.15171101045856777,0.007434963996528384,0.011508115347179831,2.763934481483666e-05,0.015522357124192594,4.290277808945955e-07,0.012658926881897814,4.422295170373866e-05,0.06872547810519805,6.504528940574373e-07,0.057322900501663165
13.281901584653877,0.05131161424336118,0.15210543993224568,0.007472908486819523,0.011568032428490999,2.792218062618963e-05,0.015609551316240271,4.3585271134583684e-07,0.0127248356713401,4.467548900190341e-05,0.0690500392857697,6.594695797563573e-07,0.057588462021616695
13.302752293577981,0.05146642058070845,0.15250177251022515,0.007511130376739405,0.011628395309380231,2.8208539768188718e-05,0.01569744072662954,4.4280188099591456e-07,0.012791234840318255,4.513366362910195e-05,0.06937642577495726,6.686298653312301e-07,0.05785541239342957
13.323603002502084,0.05162207410077224,0.15290002148264112,0.007549632300949659,0.011689208284696058,2.849847393977122e-05,0.015786032477973135,4.4987783518589947e-07,0.012858129113165665,4.559755830363396e-05,0.06970465214281174,6.779363677935089e-07,0.05812376200952023
13.344453711426187,0.05177858135517642,0.15330020026033253,0.007588416926133453,0.01175047569992903,2.879203572241434e-05,0.01587533378188893,4.5708317735339723e-07,0.012925523269921933,4.606725715586295e-05,0.07003473310882363,6.873917578324922e-07,0.0583935213631331
13.365304420350292,0.051935948961107335,0.15370232237484222,0.007627486950995482,0.01181220195170996,2.9089278593803177e-05,0.015965351940126944,4.644205704344687e-07,0.012993422146880958,4.654284575008509e-05,0.07036668354379046,6.969987610412903e-07,0.05866470104953542
13.386155129274394,0.05209418360197357,0.15410640147841664,0.007666845106261959,0.011874391488313468,2.9390256941706472e-05,0.016056094345712174,4.718927383007613e-07,0.013061830637144816,4.702441110673036e-05,0.07070051847170787,7.067601591723913e-07,0.05893731176722601
13.407005838198497,0.052253292028073065,0.15451245134400643,0.007706494154680634,0.011937048810166977,2.969502607806339e-05,0.0161475684841036,4.795024672327709e-07,0.013130753691183676,4.751204172490143e-05,0.0710362530716851,7.166787914235746e-07,0.059211364319156364
13.427856547122602,0.05241328105726767,0.15492048586526588,0.007746436891020785,0.012000178470365023,3.000364225328388e-05,0.01623978193436929,4.872526074301586e-07,0.013200196317401526,4.800582760525421e-05,0.07137390267988437,7.267575557549235e-07,0.05948686961396367
13.448707256046704,0.05257415757566511,0.15533051905655318,0.007786676142073206,0.012063785075189116,3.0316162670766034e-05,0.01633274237037816,4.95146074560097e-07,0.01327016358270803,4.850586027322566e-05,0.07171348279148515,7.36999410237724e-07,0.05976383866721625
13.469557964970807,0.052735928538308885,0.1557425650529304,0.007827214766650232,0.01212787328463313,3.063264550163372e-05,0.01642645756200852,5.031858513446376e-07,0.013340660613096444,4.9012232802613956e-05,0.0720550090626735,7.474073744360633e-07,0.06004228260267162
13.490408673894912,0.0528986009698757,0.15615663811016353,0.00786805565558572,0.012192447812934288,3.0953149899697215e-05,0.01652093537637365,5.113749891881042e-07,0.013411692594227718,4.952503983951555e-05,0.07239849731265664,7.579845308219348e-07,0.060322212653547015
13.511259382819015,0.05306218196538063,0.15657275260472225,0.007909201731735052,0.01225751342910978,3.1277736016640374e-05,0.016616183779064594,5.197166098455642e-07,0.01348326477202076,5.00443776266246e-05,0.07274396352570332,7.687340262247042e-07,0.06060364016380258
13.532110091743117,0.05322667869089049,0.1569909230337803,0.007950655949975141,0.012323074957499163,3.1606465017437556e-05,0.016712210835410683,5.282139071334487e-07,0.01355538245324908,5.057034402790009e-05,0.07309142385321035,7.796590733158112e-07,0.06088657658943773
13.552960800667222,0.05339209838446689,0.15741116401801952,0.007992421298065365,0.012389137278753922,3.193939910288443e-05,0.016809024712127106,5.368701488108746e-07,0.013628051006629316,5.1103038564615086e-05,0.07344089461579938,7.90762952130911e-07,0.06117103349980546
13.573811509591325,0.05355844835985174,0.15783349037149286,0.008034500814656119,0.012455705341424064,3.227660167035492e-05,0.016906633687033514,5.456886811029846e-07,0.01370127587556647,5.164256267256787e-05,0.07379239230553207,8.020490116587867e-07,0.061457022579073935
13.594662218515428,0.05372573599923945,0.15825791704592884,0.008076897567476064,0.012522784153858048,3.261813715775038e-05,0.01700504614199822,5.546729274335719e-07,0.013775062569243855,5.218901945240061e-05,0.07414593358815333,8.135206714642133e-07,0.06174455562772838
13.615512927439532,0.05389396875855132,0.15868445911741982,0.008119614656742099,0.012590378782694043,3.2964071086990554e-05,0.017104270564283677,5.638263907721671e-07,0.013849416660963449,5.274251373918489e-05,0.07450153530527472,8.251814233220719e-07,0.06203364456396066
13.636363636363635,0.05406315417054629,0.15911313180435466,0.0081626552218832,0.012658494356294969,3.331447013566854e-05,0.017204315550594554,5.731526566149001e-07,0.013924343791924466,5.3303152217069666e-05,0.07485921447661413,8.370348329070076e-07,0.062324301425082884
13.65721434528774,0.054233299845614834,0.15954395046741895,0.008206022441540456,0.012727136065375117,3.366940215553279e-05,0.017305189808506906,5.826553950404465e-07,0.01399984967191263,5.3871043448852466e-05,0.07521898830229286,8.490845415356086e-07,0.06261653836898931
13.678065054211842,0.05440441347258181,0.15997693060959478,0.008249719533567021,0.012796309163633552,3.402893619125864e-05,0.017406902157917847,5.923383628192688e-07,0.014075940079996909,5.444629790601382e-05,0.07558087416516217,8.613342679519939e-07,0.062910367675633
13.698915763135945,0.05457650281951862,0.16041208787616096,0.008293749755028161,0.012866018968394594,3.439314249951484e-05,0.017509461532516334,6.022054055776078e-07,0.014152620865234054,5.5029027999223746e-05,0.07594488963316084,8.73787810157966e-07,0.06320580174851807
13.71976647206005,0.05474957573456457,0.16084943805469293,0.008338116402201225,0.012936270861255249,3.476209256832855e-05,0.017612876981275127,6.122604600176691e-07,0.014229897947380775,5.561934810932568e-05,0.0763110524617033,8.864490472888599e-07,0.06350285311620703
13.740617180984152,0.05492364014675772,0.16128899707506256,0.008382822810575648,0.013007070288739769,3.5135859136753704e-05,0.01771715766996439,6.225075561955243e-07,0.014307777317613747,5.621737461880593e-05,0.07667938059609904,8.993219415362864e-07,0.06380153443384383
13.761467889908255,0.05509870406687518,0.16173078100943855,0.00842787235485296,0.013078422762961485,3.55145162148474e-05,0.0178223128826873,6.329508198582818e-07,0.014386265039257634,5.682322594375584e-05,0.07704989217400407,9.124105401189988e-07,0.0641018584846928
13.78231859883236,0.055274775588283226,0.16217480607228618,0.008473268448946792,0.013150333862291816,3.5898139103958584e-05,0.01792835202343794,6.435944748421126e-07,0.014465367248520999,5.7437022566333736e-05,0.07742260552790448,9.257189773031154e-07,0.06440383818169332
13.803169307756463,0.05545186288779685,0.1626210886203672,0.008519014545982842,0.013222809232036661,3.6286804417333625e-05,0.018035284617681724,6.544428455327624e-07,0.014545090155240328,5.80588870677338e-05,0.07779753918763256,9.392514764729948e-07,0.06470748656903062
13.824020016680565,0.05562997422654956,0.1630696451527401,0.008565114138298921,0.013295854585120288,3.668059010104404e-05,0.01814312031395903,6.655003593902566e-07,0.014625440043632318,5.868894416167047e-05,0.07817471188291654,9.530123522540934e-07,0.06501281682372309
13.84487072560467,0.05580911795087295,0.16352049231076005,0.008611570757444925,0.013369475702776667,3.707957545524028e-05,0.01825186888551204,6.76771549539496e-07,0.014706423273054336,5.9327320728384446e-05,0.07855414254596359,9.670060126891416e-07,0.06531984225722579
13.865721434528773,0.05598930249613054,0.16397364692814667,0.008658387988708216,0.013443678443458252,3.748384128150335e-05,0.01836154023850742,6.882610599841493e-07,0.014788046287804078,5.9974146050405363e-05,0.0789358503141456,9.812369614956845e-07,0.06562857631714693
13.886572143452875,0.05617053638267601,0.16442912604214033,0.008705569466566152,0.013518468745491036,3.789346986860444e-05,0.018472144413443324,6.999736477393243e-07,0.014870315620040141,6.06295517897671e-05,0.0793198545327856,9.95709800400224e-07,0.06593903258909943
13.90742285237698,0.0563528282155278,0.16488694681985888,0.008753118857694874,0.013593852615787485,3.830854486846681e-05,0.01858369157824475,7.119141826469378e-07,0.014953237877366235,6.129367178954691e-05,0.07970617475788662,1.0104292314926587e-06,0.06625122479845084
13.928273561301083,0.05653618669102954,0.16534712659618092,0.008801039876828539,0.01366983613680674,3.8729151456763046e-05,0.01869619203613396,7.240876530321592e-07,0.015036819750487415,6.196664233082088e-05,0.08009483075887054,1.0254000596377697e-06,0.06656516681202437
13.949124270225187,0.05672062059783004,0.16580968287384923,0.008849336286794254,0.013746425467363226,3.915537635838676e-05,0.01880965622746824,7.364991687583922e-07,0.01512106801409955,6.264860217341881e-05,0.08048584252141855,1.0406271949775385e-06,0.06688087263989231
13.96997497914929,0.05690613881786442,0.16627463332347017,0.008898011898512068,0.01382362684342723,3.9587307873031165e-05,0.018924094731589798,7.491539643578523e-07,0.015205989527769954,6.333969259684986e-05,0.0808792302503495,1.0561156554979326e-06,0.06719835643718838
13.990825688073393,0.057092750327347105,0.16674199578351426,0.008947070570994975,0.013901446578934743,4.002503590118217e-05,0.019039518268703485,7.620574022460708e-07,0.015291591236828219,6.404005744189147e-05,0.0812750143725377,1.0718705696618596e-06,0.0675176325059398
14.011676396997498,0.05728046419777638,0.16721178826031582,0.008996516211348922,0.013979891066606347,4.0468651970531984e-05,0.01915593770178237,7.752149760226231e-07,0.015377880173266982,6.474984315285118e-05,0.08167321553986973,1.0878971791100328e-06,0.06783871529691865
14.0325271059216,0.05746928959695048,0.167684028928073,0.009046352774772785,0.01405896677877541,4.091824926281963e-05,0.019273364038501696,7.886323138604764e-07,0.015464863456652952,6.546919882051141e-05,0.08207385463224132,1.1042008414315825e-06,0.06816161941151302
14.053377814845703,0.05765923578999607,0.1681587361288479,0.009096584264558399,0.01413868026822575,4.137392264110573e-05,0.019391808433201946,8.02315181986439e-07,0.015552548295048325,6.619827622576918e-05,0.08247695276059518,1.1207870330062996e-06,0.06848635960361839
14.074228523769808,0.05785031214040842,0.16863592837256663,0.009147214732090543,0.014219038169038712,4.1835768677487135e-05,0.019511282188881072,8.162694882552035e-07,0.015640941985942583,6.693722988397942e-05,0.08288253126999974,1.1376613519204127e-06,0.06881295078154898
14.09507923269391,0.0580425281111039,0.169115624337019,0.00919824827684693,0.014300047197449865,4.230388568125876e-05,0.019631796759216624,8.305012858196063e-07,0.015730051917194853,6.768621709001402e-05,0.08329061174276972,1.1548295209578893e-06,0.06914140800996964
14.115929941618013,0.058235893265484846,0.16959784286785876,0.009249689046398227,0.014381714152715455,4.277837372752967e-05,0.019753363750618185,8.450167768997821e-07,0.015819885567987003,6.844539796404748e-05,0.08370121600162954,1.1722973906693085e-06,0.06947174651184865
14.136780650542118,0.05843041726851706,0.17008260297860373,0.009301541236408053,0.014464045917988671,4.3259334686299725e-05,0.019875994924310678,8.598223166539502e-07,0.015910450509787538,6.921493549807956e-05,0.08411436611291948,1.1900709425203701e-06,0.0698039816704312
14.15763135946622,0.058626109891155256,0.17056992390459014,0.009353809107107758,0.014547049470408835,4.374687240610601e-05,0.019999702205912982,8.749244205621922e-07,0.01600175441744972,6.999499584976963e-05,0.08453008438992346,1.2081562921577355e-06,0.07013812903134221
14.178482068390323,0.05882298100627629,0.17105982511872853,0.009406496979192156,0.014630731884824994,4.4241092709775585e-05,0.02012449768779182,8.903297679432625e-07,0.016093805073307495,7.078574833564094e-05,0.08494839339632154,1.2265596927885258e-06,0.07047420430485078
14.199332777314428,0.059021040587834604,0.17155232624719235,0.009459609212867709,0.014715100320411562,4.4742103230085815e-05,0.020250393620745967,9.060452018292873e-07,0.01618661035245272,7.158736516813731e-05,0.08536931594957989,1.2452875385951631e-06,0.07081222336802077
14.22018348623853,0.05922029871879933,0.1720474471141078,0.009513150227344098,0.01480016202924086,4.525001362400853e-05,0.020377402423808588,9.22077737299243e-07,0.016280178232164946,7.240002179841366e-05,0.0857928751243563,1.2643463682357851e-06,0.07115220226680709
14.241034195162634,0.05942076559236549,0.1725452077417671,0.009567124500910101,0.014885924357324783,4.5764935607957175e-05,0.0205055366866191,9.384345660697266e-07,0.01637451679305726,7.322389697273148e-05,0.08621909425603297,1.2837428684794142e-06,0.07149415721826656
14.261884904086738,0.05962245151315853,0.17304562835062828,0.00962153657093358,0.014972394745631884,4.628698299290615e-05,0.02063480917179877,9.551230611969136e-07,0.016469634220195074,7.405917278864985e-05,0.0866479969442984,1.3034838779379917e-06,0.07183810461279341
14.282735613010841,0.05982536689845356,0.17354872935931526,0.009676391033861458,0.015059580731116427,4.681627172009721e-05,0.020765232817362908,9.721507819087417e-07,0.01656553880422807,7.490603475215554e-05,0.08707960705677921,1.3235763908978082e-06,0.07218406101637935
14.303586321934946,0.060029522279409116,0.17405453138461782,0.009731692545219769,0.015147489947759456,4.735291989734301e-05,0.02089682073917006,9.89525478571056e-07,0.016662238942535403,7.576467183574882e-05,0.08751394873272307,1.3440275612531033e-06,0.07253204317289888
14.324437030859048,0.060234928302315714,0.17456305524149165,0.009787445819613601,0.015236130127622033,4.789704783593588e-05,0.021029586233408854,1.0072550977915226e-06,0.01675974314038424,7.663527653749741e-05,0.08795104638673243,1.3648447065446225e-06,0.07288206800641944
14.345287739783151,0.06044159572985937,0.17507432194305828,0.009843655630727147,0.015325509101910809,4.844877808817314e-05,0.021163542779123152,1.0253477876652965e-06,0.01685806001210189,7.751804494107702e-05,0.08839092471255114,1.3860353121060982e-06,0.0732341526235375
14.366138448707256,0.06064953544240043,0.17558835270060522,0.009900326811323676,0.015415634802056067,4.900823548550721e-05,0.021298704040776127,1.0438119031664805e-06,0.016957198282261676,7.841317677681154e-05,0.08883360868690374,1.40760703532161e-06,0.0735883143157402
14.386989157631358,0.06085875843926741,0.17610516892358566,0.009957464253245528,0.01550651526080232,4.957554717733126e-05,0.021435083870853765,1.0626560116895632e-06,0.01705716678688255,7.932087548373002e-05,0.0892791235733886,1.4295677099969225e-06,0.0739445705617932
14.407839866555461,0.061069275840066904,0.1766247922196189,0.010015072907414137,0.015598158613311775,5.0150842670410324e-05,0.02157269631250882,1.0818888987451708e-06,0.017157974474642953,8.024134827265653e-05,0.08972749492642615,1.451925350847993e-06,0.07430293903015517
14.428690575479566,0.06128109888622976,0.17714724439700735,0.010073157784727319,0.015690573098726526,5.073425387800629e-05,0.021711555602632236,1.1015195740303939e-06,0.01725963040859918,8.117480620481007e-05,0.09017874859526626,1.4746881581121265e-06,0.07466343758142416
14.449541284403669,0.061494238947377704,0.17767254755872253,0.01013172398465709,0.01578376707800326,5.1325915450637876e-05,0.021851676187930824,1.1215572844764546e-06,0.01736214378580359,8.212146472102061e-05,0.09063291072819538,1.497864522358444e-06,0.07502608427101265
14.470391993327771,0.06170870751124642,0.17820072403249496,0.010190776662342438,0.015877749022852713,5.1925964490871645e-05,0.021993072715227144,1.1420115128560427e-06,0.017465523925137987,8.308154318539464e-05,0.09109000777681044,1.5214630294198747e-06,0.07539089735190138
14.491242702251876,0.06192451619072597,0.17873179634920908,0.010250321032406648,0.015972527513107574,5.2534540633699046e-05,0.02213576003364827,1.1628919849455063e-06,0.017569780264418335,8.405526501391848e-05,0.09155006650021408,1.5454924653852799e-06,0.07575789527723246
14.512093411175979,0.06214167672945231,0.1792657872738548,0.010310362382163403,0.016068111243457483,5.31517862257651e-05,0.022279753202845302,1.184208679400439e-06,0.01767492236780323,8.504285796122416e-05,0.09201311396931845,1.5699618217692026e-06,0.07612709670295385
14.532944120100082,0.06236020100327498,0.1798027198055279,0.010370906071616807,0.016164509024732588,5.3777846373149175e-05,0.022425067496016502,1.2059718347082765e-06,0.01778095992720585,8.604455419703869e-05,0.09247917757126654,1.5948803008570742e-06,0.07649852049055984
14.553794829024186,0.06258010102174213,0.1803426171774297,0.010431957533461378,0.01626172978520248,5.4412868989970795e-05,0.022571718402977836,1.2281919563397458e-06,0.017887902763722728,8.706059038395328e-05,0.09294828501391664,1.6202573211974428e-06,0.07687218570986251
14.574645537948289,0.06280138892960424,0.18088550285686708,0.01049352227308202,0.016359782571890833,5.505700484783423e-05,0.022719721633282296,1.2508798241050677e-06,0.01799576082907992,8.809120775653478e-05,0.09342046433039139,1.646102523245449e-06,0.07724811164179476
14.595496246872392,0.06302407700833601,0.18143140054525272,0.010555605868554068,0.016458676551905964,5.571040762612654e-05,0.022869093119388527,1.2740464997209807e-06,0.018104544207096562,8.913665220180246e-05,0.09389574388369278,1.6724257751618998e-06,0.0776263177812457
14.616346955796496,0.06324817767767704,0.1819803341781049,0.010618213970643265,0.01655842101378737,5.637323396318191e-05,0.02301984901987965,1.2977033345947991e-06,0.01821426311516611,9.019717434109106e-05,0.09437415237138326,1.699237178772366e-06,0.078006823839928
14.637197664720599,0.0634737034971911,0.18253232792504745,0.010681352302805742,0.016659025368868527,5.7045643508326765e-05,0.023172005722733036,1.3218619778319363e-06,0.01832492790575538,9.127302961332283e-05,0.09485571883033458,1.7265470756909092e-06,0.07838964974927824
14.658048373644704,0.06370066716784505,0.18308740618980995,0.010745026661188067,0.01676049915265623,5.772779897482119e-05,0.023325579848642274,1.3465343844735612e-06,0.018436549067921856,9.236447835971391e-05,0.09534047264154578,1.754366053613195e-06,0.07877481566339055
14.678899082568806,0.06392908153360648,0.18364559361022756,0.010809242914627194,0.016862852026226425,5.8419866193709096e-05,0.023480588254391598,1.3717328239711346e-06,0.01854913722884907,9.347178590993456e-05,0.09582844353503027,1.7827049527838018e-06,0.07916234196198353
14.69974979149291,0.06415895958306148,0.1842069150582411,0.010874007004650497,0.016966093777637026,5.912201416859403e-05,0.023637048036284258,1.3974698889049357e-06,0.01866270315540073,9.459522266975046e-05,0.09631966159477458,1.8115748726428091e-06,0.07955224925340168
14.720600500417014,0.06439031445419212,0.18477139568359802,0.010939324960555418,0.01707023433143237,5.983441529631541e-05,0.023794976540413664,1.4237585082851937e-06,0.01877725776457561,9.573506447410466e-05,0.09681415726383943,1.8409871787019238e-06,0.07994455837774615
14.741451209341117,0.0646231594342441,0.18533906098099637,0.011005202912122508,0.017175283762658745,6.055724556849486e-05,0.023954391374336036,1.4506119608995023e-06,0.01889281213892462,9.689159290959179e-05,0.0973119613496896,1.8709535096984273e-06,0.08033929041028247
14.76230191826522,0.06485750795312438,0.1859099366554893,0.011071647045443172,0.017281252273624023,6.129068414943527e-05,0.024115310390396494,1.4780438723033862e-06,0.019009377500986427,9.806509463909644e-05,0.09781310502947203,1.9014857848569219e-06,0.08073646666473888
14.783152627189324,0.0650933735960661,0.18648404868536025,0.01113866363477003,0.017388150207041906,6.203491378427414e-05,0.024277751701566267,1.506068233682678e-06,0.0191269652277461,9.925586205483863e-05,0.09831761985528485,1.932596211316328e-06,0.08113610869648856
14.804003336113427,0.06533077010580288,0.18706142332564724,0.0112062590439344,0.0174959880483085,6.279012087988076e-05,0.024441733685904264,1.5346994126517822e-06,0.019245586853139353,0.00010046419340780922,0.09882553775965797,1.9642972918661026e-06,0.0815382383059167
14.82485404503753,0.06556971138438557,0.18764208710814315,0.01127443972634635,0.01760477642714999,6.355649557150838e-05,0.024607274990489363,1.5639521639599261e-06,0.01936525406986499,0.0001016903929144134,0.0993368910611216,1.996601832906674e-06,0.08194287754183543
14.845704753961634,0.0658102114950215,0.18822606684139565,0.011343212224994672,0.01771452611929077,6.433423179063429e-05,0.0247743945354166,1.5938416405141153e-06,0.01948597873121985,0.00010293477086501487,0.09985171246985709,2.0295229526363886e-06,0.08235004870493871
14.866555462885737,0.06605228466393669,0.188813389610707,0.011412583172446871,0.017825248048142322,6.512352733400876e-05,0.02494311151785841,1.624383404728481e-06,0.019607772852956555,0.00010419764373441402,0.10037003509343168,2.063074089471694e-06,0.08275977435129792
14.88740617180984,0.06629594528226171,0.18940408277813436,0.011482559290849188,0.017936953286513187,6.59245839339335e-05,0.025113445416192325,1.6555934402100284e-06,0.019730648615164506,0.0001054793342942936,0.10089189244261901,2.097269010707499e-06,0.08317207729589914
14.908256880733944,0.06654120790794063,0.18999817398248958,0.011553147391926599,0.01804965305834019,6.673760732979019e-05,0.025285415994195832,1.6874881637910376e-06,0.01985461836417421,0.0001067801717276643,0.10141731843730616,2.132121821424776e-06,0.08358698061622194
14.929107589658047,0.06678808726766408,0.19059569113933916,0.01162435437698278,0.018163358740441185,6.756280734083935e-05,0.02545904330530987,1.7200844379187364e-06,0.019979694614485306,0.00010810049174534297,0.10194634741248865,2.167646973652775e-06,0.08400450765586051
14.94995829858215,0.06703659825882664,0.19119666244100447,0.01169618723690016,0.018278081864289704,6.840039794031309e-05,0.02563434769697221,1.7533995834132476e-06,0.020105890050718677,0.00010944063670450095,0.10247901412435563,2.2038592757934327e-06,0.084424682028188
14.970809007506254,0.0672867559515084,0.1918011163565616,0.011768653052139887,0.018393834117811644,6.925059733082073e-05,0.025811349815021655,1.7874513926050186e-06,0.02023321752959281,0.00011080095572931316,0.10301535375646569,2.240773902315727e-06,0.084847527620064
14.991659716430357,0.06753857559284043,0.19240908166161494,0.011841759003783843,0.018510627352933004,7.011362815184786e-05,0.025990070613103978,1.8222581466074407e-06,0.020361690088226306,0.00011218180504295659,0.10355540192606665,2.278406403767065e-06,0.08527306859565398
15.012510425354462,0.06779207261119599,0.19302058754559717,0.01191551240285935,0.01862847360822377,7.09897179113475e-05,0.02617053137269367,1.8578386397375936e-06,0.02049132096904615,0.000113583548658156,0.10409919469072261,2.3167727172193714e-06,0.08570132940060576
15.033361134278564,0.06804726260457092,0.19363566345236463,0.0119899206295677,0.01874738508031871,7.187909835166655e-05,0.026352753681106744,1.8942121736815145e-06,0.02062212358835058,0.0001150065573626665,0.10464676855491985,2.3558891769088938e-06,0.08613233476615431
15.054211843202667,0.06830416135588124,0.19425433914223708,0.012064991169945836,0.01886737413779363,7.27820059654355e-05,0.02653675944970288,1.9313985845716018e-06,0.020754111551572994,0.00011645120954469681,0.10519816047663386,2.3957725250975195e-06,0.0865661097130562
15.075062552126772,0.06856278483643856,0.1948766447029166,0.012140731620592307,0.018988453325333398,7.369868214162495e-05,0.02672257092082631,1.9694182603010083e-06,0.02088729865786674,0.00011791789142659992,0.10575340787415817,2.436439923396861e-06,0.08700267955574191
15.095913261050875,0.06882314920818035,0.19550261054948742,0.012217149688667236,0.019110635365832275,7.462937325765098e-05,0.026910210672872293,2.008292156747809e-06,0.021021698902415505,0.00011940699721224156,0.10631254863305827,2.4779089644419893e-06,0.08744206990654382
15.116763969974977,0.06908527082592862,0.19613226742441622,0.012294253191892368,0.01923393316252136,7.557433077317784e-05,0.027099701625438507,2.0480418144953148e-06,0.021157326478773497,0.00012091892923708455,0.10687562111323247,2.5201976839086595e-06,0.08788430667997624
15.137614678899082,0.06934916623967753,0.19676564639755198,0.01237205005855105,0.01935835980112323,7.653381132564653e-05,0.027291067044562876,2.088689376064145e-06,0.021294195781235554,0.00012245409812103444,0.10744266415608072,2.5633245728844695e-06,0.08832941609706725
15.158465387823185,0.06961485219690973,0.1974027788661258,0.012450548327488207,0.019483928552034284,7.75080768275597e-05,0.027484330548049208,2.130257603672244e-06,0.021432321407237713,0.00012401292292409552,0.1080137170917835,2.6073085906048226e-06,0.08877742468974362
15.179316096747288,0.06988234564494268,0.1980436965547513,0.012529756148110385,0.019610652872535203,7.8497394565555e-05,0.027679516110882547,2.172769897539584e-06,0.021571718159788724,0.000125595831304888,0.10858881974669311,2.6521691775649114e-06,0.08922835930526962
15.200166805671392,0.07015166373330452,0.19868843151542434,0.012609681780385724,0.019738546409029733,7.950203730129584e-05,0.027876648070735505,2.216250314754711e-06,0.021712401049932707,0.00012720325968207334,0.10916801245083846,2.697926269019191e-06,0.08968224711073992
15.221017514595495,0.07042282381614008,0.19933701612752294,0.012690333594843953,0.01986762299931217,8.052228337421254e-05,0.028075751133567244,2.2607235887209705e-06,0.021854385299243387,0.00012883565339874006,0.10975133604554552,2.744600308880279e-06,0.0901391155976275
15.241868223519598,0.0706958434546481,0.1999894830978076,0.012771720072576417,0.019997896674864134,8.155841680612569e-05,0.0282768503793172,2.3062151492008055e-06,0.02199768634235055,0.0001304934668898011,0.11033883189117608,2.7922122640295874e-06,0.09059899258638772
15.262718932443702,0.07097074042342559,0.20064586550993477,0.012853849824256898,0.020129381673115416,8.261072765227455e-05,0.028479971276278285,2.3527511506492272e-06,0.022142319840426958,0.00013217716424363928,0.11093054187507514,2.8407836391322803e-06,0.0910619062312367
15.283569641367805,0.0712475327123202,0.2013061969171334,0.012936731612135776,0.020262092458619842,8.367951240221656e-05,0.02868513970009247,2.400358503293202e-06,0.022288301704481827,0.0001338872198435465,0.11152650841986632,2.8903364920716284e-06,0.09152788502532547
15.304420350291908,0.07152623851658038,0.20197051117035986,0.01302037428594555,0.02039604369120823,8.476507327305604e-05,0.028892381910573642,2.449064869682894e-06,0.022435648060329053,0.00013562411723688967,0.11212677449170394,2.940893449671461e-06,0.0919969578057872
15.325271059216012,0.07180687625434391,0.20263884250191563,0.013104786829352184,0.020531250245258086,8.586771892138124e-05,0.029101724575717084,2.498898705995127e-06,0.022584375269783897,0.00013738835027421,0.11273138360853352,2.992477723813228e-06,0.09246915375863986
15.346121768140115,0.07208946457004707,0.20331122553158973,0.013189978362686428,0.02066772721357847,8.698776460406806e-05,0.029313194779304774,2.5498892872553607e-06,0.02273449993493632,0.0001391804233665089,0.11334037984868177,3.0451131282466137e-06,0.09294450242396887
15.36697247706422,0.072374022337173,0.203987695266659,0.013275958142943859,0.020805489910101668,8.812553230659868e-05,0.029526820027475233,2.6020667322423934e-06,0.022886038901111835,0.00014100085169055788,0.11395380785959486,3.0988240959227816e-06,0.0934230337011906
15.387823185988323,0.0726605686610357,0.2046682871018877,0.013362735563784832,0.020944553872610364,8.928135087381996e-05,0.029742628255406554,2.6554620291805443e-06,0.0230390092598714,0.00014285016139811195,0.11457171286671412,3.1536356968550455e-06,0.09390477785438149
15.408673894912425,0.07294912288159995,0.205353036819528,0.01345032015553452,0.02108493486550121,9.045555614318906e-05,0.029960647834114933,2.7101070622450992e-06,0.02319342835205133,0.00014472888982910252,0.1151941406824931,3.2095736565237847e-06,0.09438976551767536
15.42952460383653,0.07323970457633797,0.20604198058931958,0.013538721585182902,0.021226648882584773,9.164849108054872e-05,0.030180907577370655,2.76603463890752e-06,0.023349313770843254,0.00014663758572887797,0.115821137715557,3.2666643748427268e-06,0.09487802770072848
15.450375312760633,0.07353233356312266,0.20673515496848976,0.01362794965638474,0.02136971214992274,9.286050591847849e-05,0.030403436748733692,2.823278518147871e-06,0.023506683364915015,0.00014857680946956558,0.1164527509800076,3.324934945704437e-06,0.09536959579425387
15.471226021684735,0.07382702990315892,0.20743259690175356,0.013718014309459617,0.02151414112870269,9.40919582972694e-05,0.030628265068711344,2.8818734395629006e-06,0.02366555524157296,0.00015054713327563104,0.11708902810487669,3.384413177123438e-06,0.09586450157562618
15.49207673060884,0.07412381390395208,0.20813434372131373,0.013808925621391917,0.021659952518150984,9.534321340856706e-05,0.03085542272203971,2.9418551533989813e-06,0.023825947769966084,0.00015254914145370731,0.11773001734372943,3.4451276119958547e-06,0.09636277721455727
15.512927439532943,0.07442270612246087,0.2088404331483123,0.01390069380646885,0.02180716325878735,9.661464415060073e-05,0.03108494036536856,3.0032604518427282e-06,0.023987879584666087,0.00015458343064096117,0.11837576758442382,3.5071075494983726e-06,0.09686445527884757
15.533778148457046,0.07472372737762371,0.20955090343021926,0.013993329268919939,0.02195579056421054,9.790663201420572e-05,0.031316849159308914,3.0661272264848455e-06,0.024151369620631594,0.00015665061122272915,0.11902632835928491,3.5703830674125447e-06,0.09736956874055691
15.55462885738115,0.07502689873612259,0.21026579325819986,0.014086842550399006,0.02210585190725002,9.921956651986599e-05,0.031551180756906896,3.1304944778902394e-06,0.024316437097975024,0.0001587513064317856,0.11968174985549236,3.6349850451479015e-06,0.09787815098238618
15.575479566305253,0.07533224152180623,0.21098514171741548,0.014181244328439547,0.022257365012758944,0.00010055384535144942,0.03178796730673772,3.1964023485986342e-06,0.02448310151403484,0.00016088615256231906,0.1203420829253802,3.700945187208876e-06,0.09839023580381032
15.596330275229356,0.07563977732815694,0.21170898835186386,0.014276545449750452,0.022410347874484815,0.00010190987498939516,0.032027241474608704,3.263892174932545e-06,0.0246513826619333,0.00016305579998303227,0.12100737909699556,3.768296047545938e-06,0.09890585742733525
15.61718098415346,0.075949528021645,0.21243737316437894,0.014372756930215981,0.022564818758490795,0.00010328807088753575,0.032269036451985304,3.333006524525134e-06,0.024821300634339877,0.00016526091342005723,0.12167769058497094,3.837071054838036e-06,0.09942505050500079
15.638031693077563,0.07626151574512757,0.2131703366166307,0.014469889954895742,0.022720796206623824,0.00010468885765339635,0.032513385964566655,3.4037892350744533e-06,0.02499287582728621,0.00016750217224543418,0.12235307030157383,3.9073045385703064e-06,0.09994785012496837
15.658882402001666,0.07657576292129216,0.21390791962912545,0.01456795587802474,0.022878299040030196,0.00010611266923203779,0.032760324281013456,3.4762854543654774e-06,0.025166128944033216,0.00016978027077126047,0.12303357186793724,3.9790317559331055e-06,0.10047429181819538
15.67973311092577,0.07689229225614527,0.21465016358120576,0.01466696622301335,0.023037346362719195,0.00010755994909350724,0.033009886221830924,3.5505416816026005e-06,0.025341080998991117,0.0001720959185496116,0.12371924962547319,4.05228891956914e-06,0.1010044115651965
15.700583819849873,0.07721112674254678,0.2153971103110502,0.01476693268244729,0.023197957565175363,0.00010903115042396496,0.03326210716840965,3.6266058100969156e-06,0.025517753321692902,0.00017444984067834394,0.12441015864747318,4.127113226196531e-06,0.10153824580289365
15.721434528773978,0.07753228966379104,0.21614880211567375,0.014867867118087687,0.023360152328020346,0.00011052673632055653,0.03351702307222773,3.7045271713541244e-06,0.02569616756082238,0.00017684277811289047,0.12510635475089937,4.203542886136601e-06,0.10207583143155617
15.74228523769808,0.07785580459723443,0.21690528175092738,0.014969781560871006,0.023523950625724595,0.00011204717999009678,0.03377467046421656,3.784356580610279e-06,0.025876345688297057,0.00017927548798415485,0.12580789450836855,4.281617153775927e-06,0.10261720582183155
15.763135946622183,0.0781816954179708,0.21766659243149847,0.015072688210909103,0.023689372730370032,0.00011359296495163913,0.034035086464294005,3.866146383864556e-06,0.026058310003407036,0.00018174874392262264,0.1265148352603338,4.361376358993552e-06,0.10316240682186918
15.783986655546288,0.07850998630891465,0.2184327779086417,0.015176599470381476,0.023856439232443,0.00011516458574219164,0.03429830880605131,3.9499505253066635e-06,0.026242083155687303,0.00018426333718750664,0.12722723512762268,4.442861939781414e-06,0.1037114727647404
15.80483736447039,0.07884070176104979,0.21920388255510234,0.015281527959824709,0.024025171063615552,0.00011676254839345217,0.03456437585878202,4.035824608900505e-06,0.02642768816997711,0.0001868200774295235,0.12794515302446205,4.526116476209759e-06,0.104264442476378
15.825688073394494,0.07917386656444221,0.21997995116856037,0.015387486441141341,0.024195589458061103,0.00011838736948815431,0.03483332660134422,4.1238259068548925e-06,0.026615148403867216,0.00018941979118104692,0.12866864867146083,4.61118372512297e-06,0.10482135528332602
15.846538782318598,0.07950950583113175,0.22076102908597242,0.01549448788389387,0.02436771598154878,0.00012003957739206699,0.03510520065879554,4.214013451345528e-06,0.026804487579703662,0.0001920633238273072,0.1293977826087017,4.698108655879859e-06,0.1053822510203838
15.867389491242701,0.07984764499972334,0.2215471621877926,0.015602545467352494,0.024541572536732042,0.00012171971253040092,0.03538003831413399,4.30644809291096e-06,0.026995729790405248,0.0001947515400486415,0.1301326162093369,4.786937487659011e-06,0.1059471700386697
15.888240200166804,0.08018830983954833,0.22233839689797288,0.01571167258049517,0.02471718136758026,0.00012342832763834186,0.03565788051936624,4.401192559633184e-06,0.02718889950433829,0.000197485324221347,0.13087321169342256,4.877717727989952e-06,0.10651615321380535
15.909090909090908,0.08053152645488124,0.22313478018396304,0.01582188282200758,0.024894565063872755,0.00012516598801666926,0.03593876890677786,4.498311518319603e-06,0.02738402157026003,0.00020026558082667084,0.1316196321419854,4.97049821253909e-06,0.10708924195421037
15.929941618015011,0.08087732128921264,0.22393635955671032,0.015933190000283114,0.025073746565756123,0.0001269332717925609,0.036222745800409406,4.5978716377562115e-06,0.027581121222331736,0.00020309323486809744,0.13237194151132636,5.065329146192922e-06,0.10766647820950942
15.950792326939114,0.08122572112957895,0.2247431830706599,0.016045608133422914,0.025254749168366078,0.00012873077018568378,0.03650985422774266,4.6999416541043555e-06,0.027780224085202688,0.00020596923229709407,0.13313020464756645,5.162262145482541e-06,0.10824790447905382
15.971643035863218,0.08157675311094921,0.2255552993237547,0.016159151449235857,0.02543759652651429,0.00013055908777967064,0.03680013793160038,4.8045924385158e-06,0.027981356179165723,0.00020889454044747304,0.13389448730143788,5.2613502823947665e-06,0.10883356382055837
15.992493744787321,0.08193044472067038,0.22637275745743513,0.01627383438523852,0.025622312659441374,0.0001324188427990858,0.037093641382264224,4.9118970670437094e-06,0.028184543925385514,0.00021187014847853726,0.13466485614332552,5.362648129617027e-06,0.10942349985885565
16.013344453711426,0.08228682380297123,0.22719560715663958,0.01638967158865524,0.02580892195563705,0.0001343106673919864,0.03739040978981494,5.021930892929907e-06,0.02838981415120076,0.00021489706782717825,0.13544137877856408,5.466211807264797e-06,0.1100177567947699
16.034195162635527,0.08264591857009336,0.22802389872600579,0.016506677950692276,0.025997449195103873,0.00013623520848393526,0.03769048913228938,5.13477164479894e-06,0.028597194114614262,0.00021797633357429643,0.1362241237631564,5.572099031386228e-06,0.11061637941431962
16.05504587155963,0.08300775760575693,0.22885768320619837,0.016624868636937615,0.026187919581254326,0.00013819312859771597,0.03799392618759045,5.2504995275738145e-06,0.028806711539379762,0.00022110900575634555,0.13701316062011934,5.680369164542748e-06,0.11121941309857032
16.075896580483736,0.08337236985233733,0.22969701214305055,0.016744258988230624,0.026380358693722357,0.000140185104532471,0.03830076850073446,5.369197235949433e-06,0.029018394563094595,0.00022429616725195363,0.1378085598558192,5.791083267581987e-06,0.11182690383330224
16.096747289407837,0.08373978463838859,0.23054193771886494,0.01686486460187997,0.026574792523584502,0.000142211829019872,0.038611064429389094,5.4909500929075435e-06,0.029232271775942953,0.0002275389264317952,0.13861039297644173,5.904304152995412e-06,0.11243889821854738
16.11759799833194,0.08411003168456792,0.23139251275983003,0.016986701335480154,0.02677124748065405,0.00014427401113040162,0.03892486315960218,5.615846140737805e-06,0.029448372228719457,0.0002308384178086426,0.13941873250510098,6.020096440668952e-06,0.11305544347864857
16.138448707256046,0.08448314110874368,0.23224879073601953,0.017109785306911374,0.026969750399171696,0.00014637237662430016,0.03924221472017244,5.7439762325927364e-06,0.029666725439088867,0.00023419580259888026,0.14023365199926047,6.138526615536875e-06,0.11367658747247905
16.159299416180147,0.08485914343117248,0.23311082576139264,0.017234132894339598,0.02717032854357918,0.0001485076683098791,0.03956316999729015,5.875434127244926e-06,0.029887361397937098,0.00023761226929580658,0.14105522606845827,6.259663087178205e-06,0.11430237870380634
16.18015012510425,0.08523806957974586,0.23397867259379462,0.017359760736216628,0.02737300961437707,0.00015068064640934422,0.039887780749452886,6.010316587161758e-06,0.03011031057581478,0.00024108903425495076,0.1418835303923401,6.383576251423486e-06,0.11493286633180161
16.201000834028356,0.08561995089530636,0.23485238663495578,0.017486685731279962,0.027577821754067377,0.0001528920889322751,0.04021609962266083,6.148723480017095e-06,0.03033560392947412,0.00024462734229164016,0.14271864173900523,6.510338554042121e-06,0.11556810018169568
16.22185154295246,0.08600481913703542,0.23573202393049217,0.01761492503855289,0.027784793553183067,0.00015514279205691876,0.04054818016589857,6.290757883764479e-06,0.030563272908501377,0.00024822846729107,0.14356063798367333,6.6400245565836376e-06,0.11620813075558602
16.242702251876562,0.08639270648791254,0.2366176411699053,0.017744496077344445,0.02799395405640503,0.0001574335705194462,0.04088407684690768,6.436526195400098e-06,0.03079334946204554,0.00025189371283111396,0.14440959812767662,6.772711004448141e-06,0.11685300924339526
16.263552960800666,0.08678364556024772,0.23750929568658258,0.017875416527249492,0.028205332768768257,0.00015976525801133216,0.04122384506825691,6.586138243549248e-06,0.031025866045645084,0.0002556244128181315,0.1452656023177847,6.908476897264551e-06,0.11750278753398474
16.28440366972477,0.08717766941372987,0.2384070456068639,0.01800770439729883,0.028418959697496644,0.0001621387088302478,0.0415675412156384,6.739707461951719e-06,0.03126085566724631,0.00025942193412839646,0.146128731866199,7.047403562251015e-06,0.11815751822685215
16.305254378648872,0.08757481154561787,0.23931094984289866,0.01814137799214677,0.02863486535735518,0.0001645547977269736,0.04191522266658932,6.8973509875816656e-06,0.0314983518930907,0.00026328767636315777,0.1469990692711429,7.189574730407102e-06,0.11881725464439616
16.326105087572977,0.08797510589324173,0.24022106793784384,0.018276455859986884,0.028853080740599092,0.00016701441940102446,0.04226694777923885,7.059189743202997e-06,0.031738388814659006,0.0002672230710416391,0.14787669823742555,7.335076614589602e-06,0.11948205084388697
16.34695579649708,0.08837858686022593,0.24113746019752624,0.01841295687239169,0.029073637355256778,0.0001695184903922782,0.04262277594264269,7.225348634125102e-06,0.03198100109078246,0.0002712295846276451,0.14876170369741185,7.483997990500037e-06,0.1201519616295533
16.367806505421182,0.08878528932270376,0.24206018769056667,0.018550900224377928,0.02929656723239618,0.00017206794956741252,0.04298276759522987,7.3959566868438276e-06,0.032226223955635805,0.00027530871930786006,0.14965417183271065,7.636430281169003e-06,0.12082704256523247
16.388657214345287,0.08919524863560208,0.24298931224838044,0.018690305434406626,0.029521902933470463,0.00017466375861570493,0.043346984243576483,7.571147192638808e-06,0.03247409322681751,0.0002794620137851279,0.1505541900962512,7.792467644382968e-06,0.12150734998720442
16.40950792326939,0.08960850063900937,0.2439248964651765,0.01883119234438297,0.02974967755777354,0.00017730690255557388,0.043715488481540124,7.751057856365748e-06,0.0327246453135509,0.0002836910440889182,0.1514618472347533,7.952207063159087e-06,0.12219294101721115
16.430358632193492,0.09002508166463036,0.24486700369795789,0.01897358111965635,0.02997992475000786,0.00017999839025208995,0.044088344009764004,7.935830950637894e-06,0.032977917225008646,0.0002879974244033439,0.15237723331160166,8.115748439378872e-06,0.12288387357566657
16.451209341117597,0.09044502854232743,0.24581569806652206,0.019117492249020457,0.03021267870796577,0.00018273925494567862,0.04446561565555746,8.125613475597475e-06,0.03323394657876235,0.0002923828079130858,0.1533004397301309,8.28319469069493e-06,0.12358020639505868
16.4720600500417,0.09086837860674842,0.24677104445346018,0.019262946544713125,0.03044797419032581,0.00018553055479223767,0.044847369393159524,8.320557324485307e-06,0.033492771609358395,0.0002968488876675803,0.15423155925732776,8.454651850829247e-06,0.12428199903354602
16.492910758965802,0.09129516970404375,0.24773310850415736,0.019409965142416406,0.030685846524566303,0.00018837337341490998,0.04523367236439466,8.52081945522581e-06,0.03375443117702293,0.000301397397463856,0.15517068604796103,8.630229173386682e-06,0.12498931188875353
16.513761467889907,0.0917254402021701,0.24870195666142306,0.01955856951934158,0.030926331623610175,0.0001912688208214588,0.04562459290782012,8.726562085937847e-06,0.0340189647859712,0.0003060301133143341,0.15611791566923103,8.810039239495571e-06,0.12570220621187464
16.53461217681401,0.09215922901151588,0.24967765640465553,0.019708781596794213,0.031169466053860614,0.0001942180360150671,0.046020200631310446,8.937952983632467e-06,0.03428641265924668,0.0003107488576241074,0.15707334512647805,8.994198070496107e-06,0.12642074412280208
16.555462885738113,0.09259657555625027,0.2506602759544573,0.019860623573467403,0.03141528697078234,0.00019722218436348457,0.046420566362734894,9.155165497448671e-06,0.03455681566786058,0.00031555549498157534,0.1580370728891348,9.182825243985255e-06,0.12714498862530108
16.576313594662217,0.09303751981095558,0.2516498843920153,0.020014118024830888,0.031663832157257335,0.00020028246015593032,0.04682576220909361,9.37837885391386e-06,0.03483021537298307,0.00032045193624948855,0.1590091989167811,9.376044013286376e-06,0.12787500362188237
16.59716430358632,0.0934821023139784,0.25264655170194583,0.020169287928707445,0.031915140043441995,0.00020340008777555195,0.047235861590950265,9.607778393753106e-06,0.0351066540477862,0.0003254401404408831,0.1599898246861728,9.573981432465566e-06,0.12861085392940388
16.618015012510423,0.09393036417506832,0.253650348772295,0.020326156665272953,0.03216924971615344,0.00020657632239061004,0.04765093926662952,9.84355579215864e-06,0.035386174687768786,0.0003305221158249761,0.16097905321888306,9.776768486113496e-06,0.12935260529503997
16.638865721434527,0.09438234708311949,0.2546613473945391,0.020484748017056492,0.03242620092840107,0.00020981245066114995,0.048071071356892515,1.0085909287296629e-05,0.03566882102124118,0.00033569992105783993,0.1619769891094536,9.98454022380591e-06,0.13010032441249095
16.659716430358632,0.09483809331401566,0.25567962026358393,0.020645086168940174,0.03268603410906524,0.00021310979146148243,0.04849633537009972,1.0335043917368066e-05,0.035954637519971765,0.00034097566633837194,0.16298373855406367,1.0197435899417523e-05,0.13085407893843562
16.680567139282733,0.09529764573858078,0.25670524097776487,0.02080719570815922,0.03294879037272617,0.0002164696966188197,0.04892681022787209,1.0591171766554036e-05,0.03624366940999879,0.0003463515145901116,0.16399940937973048,1.041559911547173e-05,0.13161393750923306
16.701417848206837,0.09576104783063566,0.2577382840388478,0.020971101624302046,0.03321451152964489,0.00021989355166840196,0.049362576291260125,1.0854512220187643e-05,0.036535962682609384,0.0003518296826694432,0.1650241110740501,1.0639177972714671e-05,0.13237996975787641
16.722268557130942,0.09622834367516121,0.2587788248520278,0.021136829309310108,0.03348324009589824,0.0002233827766254554,0.04980371538743056,1.1125292229508158e-05,0.03683156410548807,0.0003574124426007287,0.1660579548154877,1.0868325225109344e-05,0.13315224633120182
16.743119266055043,0.09669957797748535,0.25982693973408466,0.02130440456213884,0.03375501930578983,0.00022693882687364113,0.05025031083893501,1.1403746591823726e-05,0.03713052123636881,0.0003631021229978258,0.16710105350425286,1.1103198440511024e-05,0.13393083890738455
16.763969974979148,0.09717479609289922,0.26088270617827947,0.02147385372112216,0.03402989319145125,0.000230563196818076,0.050702447554076095,1.1690118394568624e-05,0.03743288251059638,0.0003689011149089216,0.16815352179442192,1.1343960168892943e-05,0.13471582021456632
16.784820683903252,0.09765404399715175,0.2619462026347151,0.02164520350850614,0.0343079065373736,0.00023425741746232329,0.05116021199395458,1.1984659138528778e-05,0.03773869719111097,0.0003748118679397173,0.1692154761266575,1.1590778116485715e-05,0.13550726404989327
16.805671392827353,0.09813736831643519,0.26301750852210587,0.021818481081706538,0.03458910489458802,0.00023802305835639306,0.05162369221501007,1.2287629104665817e-05,0.03804801538404682,0.00038083689337022893,0.17028703476102938,1.184382532502608e-05,0.1363052452981883
16.826522101751458,0.09862481635149414,0.26409670432859683,0.021993714099108497,0.03487353461861315,0.00024186172993666193,0.05209297792688542,1.2599297758948854e-05,0.03836088808047447,0.0003869787678986591,0.1713683178108824,1.2103280359050434e-05,0.13710983995129292
16.847372810675562,0.09911643608691602,0.2651838716117622,0.0221709307200664,0.03516124288150179,0.00024577508449699203,0.052568160523776344,1.2919944094582572e-05,0.03867736716965197,0.0003932401351951873,0.1724594472776325,1.236932750097634e-05,0.13792112512803628
16.868223519599663,0.09961227620054658,0.2662790929986061,0.02235015960490393,0.03545227768408015,0.00024976481718233973,0.05304933311641635,1.3249856987466773e-05,0.03899750545248817,0.00039962370749174357,0.17356054708622487,1.2642156953458057e-05,0.13873917909451686
16.889074228523768,0.10011238607303072,0.26738245218556306,0.02253142991491417,0.035746687868382455,0.0002538326670053446,0.05353659056470953,1.3589335565413389e-05,0.039321356655220706,0.0004061322672085514,0.17467174312126585,1.2921965049297106e-05,0.1395640812847005
16.909924937447872,0.10061681579747904,0.2684940339384971,0.022714771312359435,0.03604452313028341,0.0002579804178863936,0.054030029511023696,1.3938689591668071e-05,0.03964897544331176,0.0004127686686182298,0.17579316326384029,1.3208954469199973e-05,0.14039591232133897
16.930775646371977,0.10112561618926315,0.2696139240927021,0.022900213960471368,0.03634583403233266,0.0002622098997176839,0.05452974841415944,1.4298239863307277e-05,0.03998041743556593,0.00041953583954829423,0.176924937429032,1.3503334467688056e-05,0.1412347540372173
16.951626355296078,0.10163883879593838,0.27074220955290174,0.023087788523450902,0.03665067201679368,0.0002665229894517956,0.0550358475840071,1.4668318625102953e-05,0.04031573921847305,0.000426436783122873,0.1780671976041587,1.380532110747545e-05,0.14208068949673253
16.972477064220183,0.10215653590852534,0.27187897830388763,0.023277526172918603,0.0369590894217829,0.0002709216123654553,0.05554842921974856,1.5049270008582649e-05,0.04065499836396119,0.0004334745797847285,0.17922007788776756,1.411513750273908e-05,0.14293380301784747
16.993327773144287,0.10267876059643388,0.2730243197092574,0.02346945874618899,0.0372711395763514,0.00027540774691953347,0.05606759752086213,1.544145070841186e-05,0.04099825353398654,0.0004406523950712536,0.18038371453018434,1.4433014074017189e-05,0.14379418019542053
17.014178482068388,0.10320556667382004,0.2741783242558236,0.02366361855730719,0.03758687674586578,0.0002799834216128666,0.05659345864900131,1.5845230193453666e-05,0.041345564420452355,0.0004479734745805866,0.18155824597482415,1.4759188812360202e-05,0.1446619079250294
17.035029190992493,0.10373700873640035,0.2753410835861398,0.02386003846919288,0.03790635615519481,0.00028465071787568203,0.05712612078693064,1.626099129145273e-05,0.041696991770714294,0.0004554411486010913,0.18274381289971925,1.509390755177751e-05,0.14553707442643007
17.055879899916597,0.1042731421890863,0.27651269060761563,0.024058751968984844,0.03822963403353148,0.00028941177315256606,0.05766569420962946,1.6689130811282524e-05,0.04205259743688463,0.0004630588370441057,0.1839405582604007,1.5437424254266427e-05,0.1464197692678943
17.0767306088407,0.1048140232572816,0.27769323949251773,0.024259793168041065,0.0385567676299244,0.000294268782278066,0.058212291325117245,1.7130060081858275e-05,0.042412444392916845,0.00047083005164490557,0.1851486273339488,1.579000130694717e-05,0.14731008339131466
17.097581317764803,0.1053597089983285,0.27888282567797,0.024463196801938838,0.0388878152290645,0.0002992239988851953,0.05876602671612499,1.7584205512593142e-05,0.04277659675197096,0.0004787583982163125,0.18636816776390344,1.6151909830659155e-05,0.14820810913771534
17.118432026688907,0.1059102573131022,0.28008154586595274,0.024668998230474554,0.039222836167330896,0.0003042797368475783,0.059327017182628984,1.8052009176282106e-05,0.04314511978406399,0.00048684757895612533,0.18759932960605066,1.6523430000476473e-05,0.14911394027317418
17.13928273561301,0.10646572695775705,0.28128949802330294,0.024877233437663807,0.039561890849100875,0.0003094383717560091,0.05989538178526702,1.8533929415337556e-05,0.04351807993401097,0.0004951013948096145,0.18884226537510698,1.6904851378620923e-05,0.15002767201516573
17.160133444537113,0.10702617755562403,0.28250678138171514,0.025087939031741495,0.0399050407633281,0.00031470234243018917,0.060471241889654616,1.9030441472336883e-05,0.04389554483966091,0.0005035237478883027,0.1900971300923185,1.7296473260268927e-05,0.15094940105933144
17.180984153461218,0.10759166960925992,0.28373349643773993,0.025301152245161624,0.04025234850039249,0.00032007415246642355,0.06105472121161888,1.9542038145882683e-05,0.04427758335043174,0.0005121186439462777,0.19136408133399155,1.7698605032769154e-05,0.15187922560668268
17.20183486238532,0.1081622645192142,0.2849697450119802,0.02551691097160607,0.040603877786096504,0.00032555637276643514,0.06164594587991764,2.0069230536421957e-05,0.04466426556470616,0.0005208901964262962,0.19264327928115088,1.81115665494737e-05,0.15281724539145644
17.222685571309423,0.10873802461651834,0.286215630570015,0.025735253928590027,0.04095969359129565,0.0003311516473845042,0.062245044565109216,2.0612549049257795e-05,0.04505566295042522,0.0005298426358152068,0.19393488677119503,1.8535688521801494e-05,0.15376356171075772
17.243536280233528,0.10931901312393119,0.2874712578138486,0.025956220387134833,0.0413198620345381,0.00033686268839275697,0.06285214841141024,2.1172543685128202e-05,0.045451848237991914,0.0005389803014284112,0.195239069350183,1.8971312924787192e-05,0.15471827745435307
17.26438698915763,0.1099052942160941,0.28873673288843915,0.026179850360155604,0.04168445045954493,0.0003426922824400698,0.06346739115819536,2.174978513651867e-05,0.045852895505499425,0.0005483076519041117,0.19655599532567916,1.941879341708955e-05,0.15568149713426147
17.285237698081733,0.11049693304049454,0.29001216343290026,0.026406184638783678,0.04205352746951563,0.00034864329358876754,0.06409090920754829,2.2344865675218302e-05,0.046258880216467194,0.0005578292697420281,0.19788583582156896,1.987849578168233e-05,0.15665332691578376
17.306088407005838,0.11109399573117858,0.2912976585804995,0.026635264792366362,0.042427162947240624,0.00035471866527973556,0.06472284167768864,2.2958400013021356e-05,0.04666987924196469,0.0005675498644475769,0.19922876483413407,2.0350798384770757e-05,0.15763387464923484
17.32693911592994,0.11169654942263879,0.2925933289586592,0.02686713316846707,0.042805428075555076,0.00036092142234607174,0.06536333045753057,2.3591026198008245e-05,0.04708597088311059,0.0005774742757537148,0.20058495928925504,2.0836092653025804e-05,0.15862324990220883
17.347789824854043,0.112304662263877,0.29389928668895704,0.027101832892865437,0.04318839535813888,0.0003672546730764015,0.06601252026239536,2.424340654791534e-05,0.04750723489395277,0.0005876074769222424,0.20195459910076394,2.133478356989326e-05,0.15962156399238547
17.368640533778148,0.11291840343264184,0.29521564538712464,0.02733940786955706,0.04357613864066826,0.0003737216113289993,0.06667055869090215,2.4916228622168567e-05,0.04793375250473509,0.0005979545781263989,0.20333786722996852,2.1847290191766554e-05,0.1606289300208857
17.38949124270225,0.1135378431498441,0.2965425201630485,0.02757990278075365,0.043968733132326014,0.00038032551869791143,0.06733759628306336,2.5610206234226627e-05,0.048365606445558616,0.0006085208299166584,0.20473494974637751,2.237404618484818e-05,0.16164546290618936
17.410341951626354,0.11416305269419014,0.29788002762109056,0.027823363087110142,0.04436625542777084,0.0003870697667385816,0.06801378657970675,2.6326080506414765e-05,0.04880288097054793,0.0006193116267817307,0.20614603588965083,2.291550038356215e-05,0.16267127941862483
17.431192660550458,0.11479410444676856,0.29922828615709923,0.028069835214956172,0.04476878361825743,0.0003939578244973968,0.0686992862690912,2.706462136309505e-05,0.04924566198008318,0.0006303325191958349,0.20757131813369592,2.3472117375529548e-05,0.16370649821654618
17.45204336947456,0.11543107186870699,0.30058741585829296,0.02831936642274362,0.045176397286183174,0.0004009932572928094,0.06939425520553506,2.7826628432275996e-05,0.0496940370148015,0.000641589211668495,0.20901099225248876,2.404437811151125e-05,0.16475123988382867
17.472894078398664,0.11607402952420766,0.30195753835953393,0.028572004767132064,0.0455891774860747,0.0004081797282065087,0.07009885644520321,2.861293217139012e-05,0.05014809523468218,0.0006530875651304139,0.21046525738646235,2.463278053648695e-05,0.16580562696708856
17.49374478732277,0.11672305313258721,0.3033387770577277,0.02882779927529546,0.04600720683343892,0.0004155210055283628,0.07081325638336636,2.9424395497154142e-05,0.050607927516782815,0.0006648336088453805,0.2119343161106969,2.5237840249461798e-05,0.16686978401385094
17.51459549624687,0.11737821958466192,0.3047312571118239,0.029086799944922234,0.046430569530476265,0.00042302096551796405,0.07153762482316348,3.0261915123556486e-05,0.0510736264835239,0.0006768335448287425,0.21341837450526022,2.5860091194214757e-05,0.1679438376122034
17.535446205170974,0.1180396069593314,0.3061351054428168,0.029349057744215423,0.04685935139224228,0.00043068359523664563,0.07227213504584713,3.112642295697382e-05,0.05154528653146651,0.000689093752378633,0.21491764222699727,2.650008637854059e-05,0.169027916431138
17.55629691409508,0.11870729454036043,0.30755045073374404,0.02961462461189243,0.04729363987326456,0.0004385129954516525,0.07301696388254232,3.201888755091876e-05,0.05202300386059103,0.0007016207927226441,0.21643233258279793,2.7158398623201725e-05,0.17012215126159216
17.577147623019183,0.11938136283336119,0.30897742342968754,0.029883553457185182,0.04773352409462421,0.00044651338361422226,0.0737722917875532,3.294031562303608e-05,0.052506876504086634,0.0007144214137827557,0.2179626626043795,2.7835621341862676e-05,0.17122667505820588
17.597998331943284,0.1200618935829739,0.3104161557377729,0.030155898159840037,0.04817909487150865,0.00045468909691332186,0.07453830291324869,3.389175363707667e-05,0.05299700435865952,0.000727502555061315,0.21950885312461285,2.8532369353331662e-05,0.17234162298180447
17.61884904086739,0.12074896979024675,0.3118667816271708,0.030431713570117983,0.04863044474124472,0.0004630445954068515,0.07531518518656145,3.487428945270344e-05,0.0534934892153692,0.0007408713526509624,0.22107112885542832,2.9249279727495382e-05,0.17346713244262335
17.639699749791493,0.12144267575225312,0.3133294370274789,0.030711055646414725,0.049087668053978434,0.00047158446945859086,0.07610313044912827,3.588905439699009e-05,0.05399643485937628,0.0007545351511337455,0.2226497184679773,2.9987012670048525e-05,0.17460334314506848
17.660550458715594,0.12214309707377362,0.31480426001002043,0.03099398150972926,0.049550861060228275,0.00048031344491271963,0.07690233457928279,3.693722524360588e-05,0.05450594716625111,0.0007685015118603514,0.22424485467552935,3.074625244945415e-05,0.17575039713473287
17.6814011676397,0.12285032065288319,0.3162913903945155,0.031280549200510106,0.0500201218188479,0.0004892363791427668,0.07771299745942498,3.802002548938011e-05,0.05502213400073269,0.0007827782066284269,0.22585677431730078,3.152770835784646e-05,0.17690843884538215
17.702251876563803,0.12356443475906925,0.3177909700652396,0.031570817962742165,0.050495550327503004,0.0004983582734183016,0.07853532317529525,3.9138728059988474e-05,0.05554510536025331,0.0007973732374692826,0.22748571844401813,3.233211571344876e-05,0.17807761514651946
17.723102585487904,0.12428552905397632,0.31930314297979134,0.031864848250810845,0.050977248558386534,0.0005076842770236015,0.07936952010768163,4.029465743357855e-05,0.05607497341422519,0.0008122948432377625,0.2291319324065177,3.31602369133399e-05,0.17925807539313302
17.74395329441201,0.12501369461110817,0.32082805516909313,0.03216270172950224,0.05146532049179133,0.0005172196912704631,0.08021580102316955,4.1489191840216654e-05,0.05661185254097047,0.000827551506032741,0.23079566594624726,3.401286253129027e-05,0.18044997147637398
17.764804003336113,0.12574902393574836,0.32236585473738966,0.03246444127400279,0.05195987215028391,0.0005269699736165879,0.08107438316687998,4.272376555843188e-05,0.057155859365312305,0.0008431519577865407,0.23247717328767822,3.489081246246889e-05,0.18165345787514492
17.785654712260214,0.1264916109850982,0.3239166918622487,0.03277013096989946,0.05246101163349148,0.0005369407418921819,0.08194548835723897,4.3999871313253044e-05,0.05770711279684063,0.000859105187027491,0.2341767132326751,3.5794937117094356e-05,0.18286869170862025
17.80650542118432,0.1272415511886313,0.32548071879456186,0.033079836113179883,0.052968849153512326,0.00054713777863742,0.08282934308282151,4.531906278033171e-05,0.05826573406886356,0.000875420445819872,0.23589454925686265,3.672611866519266e-05,0.18409583278971448
17.827356130108424,0.12799894146866034,0.32705808985854296,0.03339362321023207,0.05348349707095938,0.0005575670355534751,0.08372617860131099,4.668295720095377e-05,0.05883184677805532,0.0008921072568855602,0.23763094960803177,3.768527233472238e-05,0.18533504367951464
17.848206839032525,0.12876388028820074,0.32864896168590624,0.0337115601526694,0.054005070008612134,0.0005682346439635236,0.084636231118731,4.8093238656166615e-05,0.059405577009473354,0.0009091754303416378,0.2393861874074482,3.8673347771097585e-05,0.18658648974368
17.86905754795663,0.12953646766129454,0.33025349338519344,0.034033716257113586,0.054533684946562,0.0005791469211348588,0.08555974193184132,4.955166111291898e-05,0.059987053441218206,0.0009266350738157741,0.2411605407545143,3.9691330462601866e-05,0.18785033921151628
17.889908256880734,0.1303168051436944,0.33187184614633114,0.034360162012038245,0.05506946113228704,0.0005903103667467581,0.08649695741385913,5.10600506534539e-05,0.06057640724551575,0.000944496586794813,0.24295429283276399,4.074024322080014e-05,0.18912676323515423
17.910758965804835,0.13110499592137684,0.33350418358490164,0.034690969409337316,0.055612520234315885,0.0006017316792797888,0.08744812925732129,5.262030966788396e-05,0.06117377225774748,0.000962770686847662,0.24476773201824314,4.1821147727903205e-05,0.19041593594967562
17.93160967472894,0.13190114483455617,0.3351506717490172,0.03502621195011794,0.05616298638690873,0.0006134177617872923,0.08841351459153182,5.4234420232485565e-05,0.06177928502559961,0.0009814684188596678,0.24660115199164664,4.293514616306141e-05,0.1917180345358835
17.952460383653044,0.13270535840090109,0.3368114791193186,0.035365964644700085,0.05672098623327159,0.0006253757276250882,0.08939337610013356,5.5904447623484196e-05,0.06239308485659875,0.0010006011642001412,0.24845485185290264,4.4083382900509034e-05,0.19303323928427035
17.973311092577145,0.13351774483897766,0.33848677660897586,0.03571030401261674,0.057286648969567366,0.0006376129063367556,0.09038798214129054,5.763254399102302e-05,0.0630153138665241,0.001020180650138809,0.2503291362382384,4.526704628264513e-05,0.19436173366018203
17.99416180150125,0.1343384140919153,0.34017673756368905,0.036059308082614094,0.05786010638973749,0.000650136849698439,0.09139760687053532,5.9420952200786234e-05,0.06364611702871124,0.0010402189595175024,0.25222431543977963,4.648737047146723e-05,0.19570370437019974
18.015012510425354,0.13516747785128866,0.3418815377616868,0.036413056392651154,0.05844149293114783,0.0006629553379271965,0.0924225303663346,6.127200985109995e-05,0.06428564222426261,0.0010607285406835146,0.2541407055277371,4.774563738193317e-05,0.1970593414297617
18.035863219349455,0.1360050495818632,0.3436013554181598,0.03677162999382436,0.05903094572259828,0.0006760763862013618,0.09346303876008445,6.318815348831569e-05,0.06493404029485811,0.0010817222179221788,0.25607862847526003,4.904317870115128e-05,0.1984288382320731
18.05671392827356,0.13685124459574885,0.3453363716281624,0.037135111797113304,0.05962860478465214,0.0006895082640920519,0.09451942452298814,6.517192432582527e-05,0.06559146526311735,0.001103213222547283,0.2580384122876358,5.038137801114031e-05,0.19981239162029718
18.077564637197664,0.13770618001039978,0.34708677012886097,0.037503586266769806,0.06023461299924238,0.0007032594914345224,0.09559198649318636,6.722597180641397e-05,0.06625807429916662,0.001125215186295236,0.26002039113476033,5.176167300834889e-05,0.20121020196194786
18.098415346121765,0.13856997480830233,0.348852737259808,0.037877139505528616,0.06084911614683031,0.0007173388485606383,0.0966810300277978,6.935305875779698e-05,0.06693402776151335,0.0011477421576970212,0.2620249054854793,5.3185557814064016e-05,0.2026224732234643
18.11926605504587,0.13944274990833627,0.35063446220395345,0.03825585949680531,0.06147226304252783,0.0007317553929196544,0.09778686724469973,7.155606746302734e-05,0.06761948934678061,0.0011708086286714471,0.26405230224603504,5.465458540185418e-05,0.20404941304722024
18.140116763969974,0.1403246281925719,0.35243213698764325,0.0386398361046959,0.06210420559083847,0.0007465184670988805,0.09890981717180922,7.383800509612954e-05,0.06831462614992233,0.0011944295473582088,0.2661029349025876,5.617037014496474e-05,0.20549123283113122
18.160967472894075,0.14121573453328393,0.35424595648061996,0.03902916107397705,0.06274509884143464,0.0007616377070692228,0.10005020589971296,7.620200941326101e-05,0.06901960872557811,0.0012186203313107567,0.26817716366688593,5.773459047971634e-05,0.20694814780980253
18.18181818181818,0.1421161958201723,0.3560761183960238,0.039423928030106276,0.06339510104598958,0.0007771230506614996,0.10120836673771234,7.865135471167887e-05,0.06973461115058854,0.0012433968810583995,0.2702753556251578,5.934899169036009e-05,0.20842037713724773
18.202668890742284,0.1430261409877816,0.3579228232903909,0.039824232479221504,0.06405437371608219,0.0007929847462795405,0.10238464037335257,8.118945806938499e-05,0.07045981108769042,0.001268775594047265,0.27239788489028577,6.1015388821105214e-05,0.2099081439712072
18.223519599666385,0.14394570104311116,0.35978627456365386,0.04023017180814133,0.06472308168219647,0.0008092333618562845,0.10357937503550886,8.381988587895775e-05,0.07119538985041612,0.0012947733789700554,0.2745451327573504,6.27356697213171e-05,0.21141167555910448
18.24437030859049,0.14487500911313575,0.3616666786041183,0.040641845416325144,0.0654013932062673,0.0008258797994222345,0.10479292671737835,8.654636129821734e-05,0.07194153252689403,0.0013214076790755754,0.27671748786319794,6.451179823650877e-05,0.21293120332636223
18.265221017514595,0.14581420050168575,0.3635642452379457,0.041059355021662254,0.06608948020771857,0.0008429353173974507,0.10602565950073974,8.937277294353009e-05,0.07269842822849043,0.0013486965078359212,0.27891534635171056,6.634581756763634e-05,0.2144669629692136
18.2860717264387,0.14676341263850146,0.3654791871460061,0.0414828041287141,0.06678751811845267,0.0008604115191906298,0.10727794550778677,9.230318007000443e-05,0.07346626993029794,0.0013766584307050077,0.281139112041958,6.823985377503359e-05,0.21601919454862706
18.3069224353628,0.14772278520699217,0.3674117202699809,0.04191229853438102,0.06749568609587335,0.0008783203842175387,0.10855016527194776,9.534182286853448e-05,0.07424525470546069,0.001405312614748062,0.28338919659971146,7.019611944370036e-05,0.21758814258533676
18.327773144286905,0.14869246018300142,0.36936206385957193,0.04234794637681066,0.06821416710930124,0.0008966742811666157,0.10984270794710126,9.849313118986153e-05,0.07503558382023137,0.001434678849866585,0.2856660197150061,7.221691754689476e-05,0.2191740561590473
18.34862385321101,0.14967258186546395,0.37133044047249936,0.04278985813539751,0.06894314801075019,0.0009154859796237224,0.11115597150151789,0.00010176173346109368,0.07583746281182521,0.0014647775673979559,0.2879700092839034,7.430464549363127e-05,0.2207771890098535
18.36947456213511,0.15066329690721889,0.3733170759745027,0.04323814663078314,0.06968281960707631,0.0009347686620325517,0.11249036291616259,0.00010515246603469747,0.07665110156778394,0.0014956298592520827,0.29030160159434604,7.646179936660633e-05,0.22239779964169504
18.390325271059215,0.15166475434596324,0.3753221995393417,0.043692927024856394,0.07043337673352472,0.0009545359359997131,0.11384629838744172,0.00010867038299135932,0.0774767144068772,0.0015272574975995412,0.2926612415161936,7.869097835978886e-05,0.22403615142788688
18.41117597998332,0.15267710563532708,0.37734604364879454,0.04415431682075299,0.07119501832869897,0.0009748018469537154,0.11522420353447949,0.00011232076641918142,0.07831452016156887,0.0015596829551259446,0.2950493826955299,8.099488942537011e-05,0.22569251271876659
18.43202668890742,0.15370050468393007,0.37938884414338725,0.04462243591567155,0.07196794753022769,0.000995580893524107,0.11662451363258301,0.00011610913748914138,0.07916474228325046,0.0015929294296385711,0.2974664877535682,8.337635214334652e-05,0.22736715695176873
18.452877397831525,0.15473510794964382,0.3814508408083282,0.04509740711560865,0.07275237197669027,0.0010168880642754748,0.11804767405991813,0.00012004127076701231,0.0800276091743593,0.0016270209028407597,0.2999130284926478,8.583830385577527e-05,0.22906036276692823
18.47372810675563,0.15578107436429284,0.38353227683753616,0.04557935549587762,0.07354850368809224,0.0010387388237097946,0.11949414027826953,0.00012412320271286287,0.08090335405690147,0.0016619821179356714,0.3023894861066824,8.838380503884334e-05,0.23077241412485197
18.49457881567973,0.15683856546390954,0.3856333991084198,0.04606840887256594,0.0743565592539569,0.0010611491480249562,0.12096437822227171,0.0001283612468919322,0.08179221517935259,0.0016978386368399299,0.3048963513954701,9.101604492212906e-05,0.23250360042584248
18.515429524603835,0.15790774545104846,0.387754458323986,0.04656469797209556,0.07517675997506389,0.00108413554861624,0.12245886460506632,0.00013276200836153542,0.08269443597257028,0.0017346168777859841,0.30743412498624734,9.373834741643141e-05,0.23425421663379242
18.53628023352794,0.158988781228789,0.38989570901283727,0.047068356431222313,0.07600933195331154,0.0011077150885682935,0.12397808716457112,0.0001373323978040305,0.0836102651486427,0.0017723441417092697,0.3100033175609935,9.655417733892496e-05,0.23602456340339956
18.55713094245204,0.16008184243477705,0.3920574095291734,0.04757952079703624,0.076854506183363,0.0011319053996378021,0.12552254491527198,0.0001420796463658749,0.0845399568016993,0.0018110486394204836,0.3126044500889315,9.946714694036233e-05,0.23781494721002436
18.577981651376145,0.16118710147527743,0.39423982205279207,0.04809833052696183,0.07771251864610858,0.001156724699740434,0.12709274840563742,0.00014701132123869746,0.08548377051071944,0.0018507595195846945,0.3152380540643373,0.00010248102274941768,0.2396256804822453
18.59883236030025,0.16230473355920874,0.396443212589087,0.04862492798875748,0.07858361040397802,0.0011821918109559252,0.128689219981257,0.00015213534202014768,0.08644197144437582,0.0018915068975294805,0.3179046717497721,0.00010559973275003132,0.24145708173716834
18.61968306922435,0.16343491673947091,0.39866785101242197,0.04915945851151469,0.07946802771543134,0.0012083261805726669,0.13031249407383796,0.0001574599982451389,0.08741483048697447,0.001933321888916267,0.32060485642507514,0.00010882737391209608,0.24330947571879652
18.640533778148455,0.1645778320201083,0.40091401168252755,0.04970207099702964,0.08036602238168891,0.0012351479306968874,0.1319631177383895,0.00016299397180288152,0.08840262461985782,0.00197623668911502,0.32333917264496925,0.00011216822013861857,0.24518319354286736
18.66138448707256,0.16573366327372896,0.40318197293477426,0.05025291720843172,0.08127785164978853,0.0012626778439787463,0.13364165068081915,0.00016874635134741747,0.08940563681476739,0.0020202845503659943,0.3261081965025508,0.00011562673059681621,0.2470785728451413
18.68223519599666,0.16690259738329616,0.4054720173321208,0.05081215229776688,0.08220377841968983,0.001290937410565728,0.13534866571795168,0.00017472665604545886,0.09042415626165883,0.0020654998569051646,0.3289125158978671,0.00011920755844703343,0.24899595793150156
18.703085904920766,0.16808482431438052,0.40778443182812585,0.05137993502754151,0.0831440714206937,0.0013199488617171935,0.13708474916394003,0.00018094485861772962,0.09145847856276308,0.00211191817874751,0.33175273081531814,0.0001229155600594522,0.250935699933796
18.72393661384487,0.16928053715153854,0.41011950776694567,0.05195642777072182,0.08409900532550091,0.0013497351933471167,0.1388505011422263,0.00018741140800554684,0.09250890585805101,0.0021595763093553867,0.33462945360833507,0.0001267558047073181,0.2528981569699608
18.74478732276897,0.17048993213450367,0.4124775408833352,0.052541796510734116,0.08506886086658173,0.001380320190287696,0.14064653590441356,0.0001941372532028854,0.09357574695323992,0.0022085123044603134,0.33754330929063914,0.00013073358474493683,0.2548836943075868
18.765638031693076,0.17171320869414378,0.41485883130264933,0.053136210841465144,0.08605392495490002,0.0014117284512943189,0.14247348215616082,0.00020113386831482568,0.09465931745039004,0.00225876552207091,0.34049493583422324,0.00013485442629537192,0.25689268453100395
18.78648874061718,0.17295056948813955,0.4172636835408404,0.05373984396726145,0.0870544908010353,0.0014439854148128033,0.14433198339021439,0.00020841327890647334,0.09575993988113884,0.0023103766637004855,0.3434849844741981,0.00013912410047407626,0.25892550771196005
18.80733944954128,0.1742022204558347,0.41969240661488816,0.05435287284791276,0.0880708580850983,0.001477117393410686,0.14622269828153311,0.0002159880909430954,0.09687794389360814,0.002363387829457098,0.34651412002123433,0.0001435486351889378,0.2609825515846444
18.828190158465386,0.17546837091584694,0.4221453146511736,0.05497547882024711,0.08910333334096919,0.0015111516357577191,0.14814630130319809,0.0002238715255457837,0.09801366667506611,0.0024178426172123506,0.3495830211845449,0.00014813432760437675,0.2630642117286744
18.84904086738949,0.1767492334818659,0.4246227262825028,0.055607846754273334,0.09015222983779266,0.0015461163103233737,0.15010348277882507,0.00023207744296068508,0.09916745282157192,0.002473786096517398,0.3526923809018305,0.0001528877572176638,0.26517089175588854
18.86989157631359,0.17804502424071902,0.42712496504628406,0.05625016585562925,0.09121786788289468,0.0015820405793928996,0.15209494951096383,0.00024062038204705904,0.10033965467118416,0.0025312649270286397,0.35584290667632756,0.00015781579959680986,0.26730300350022007
18.890742285237696,0.17935596280947502,0.42965235947004826,0.0569026297970328,0.09230057499908978,0.0016189546389090825,0.15412142521222633,0.0002495155963026131,0.10153063249899877,0.002590327422254532,0.3590353209249014,0.00016292564090570998,0.2694609672149769
18.9115929941618,0.18068227237208043,0.4322052430714466,0.057565436718281376,0.09340068606922411,0.001656889752283229,0.15618365089855268,0.0002587790906479933,0.10274075467614653,0.0026510236036531663,0.3622703613347304,0.00016822479318834795,0.2716452117750381
18.9324437030859,0.1820241797154048,0.4347839543582514,0.058238789226252176,0.09451854348369902,0.0016958782852699132,0.15828238529096142,0.0002684276601556674,0.10397039783206893,0.0027134052564318613,0.3655487812282821,0.00017372111044026205,0.2738561748835481
18.953294412010006,0.1833819152646234,0.4373888368283579,0.05892289439490252,0.09565449729103194,0.0017359537419364172,0.16041840522590026,0.00027847893082737403,0.10521994702013514,0.0027775259870982676,0.36887134993675663,0.0001794228055088929,0.27609430328321183
18.97414512093411,0.18475571311786232,0.44002023896978115,0.059617963765269184,0.09680890535151165,0.0017771508017584746,0.16259250607430822,0.00028895140252987653,0.10648979588666282,0.0028434412828135594,0.3722388531821718,0.0001853384678666627,0.2783600529722936
18.994995829858215,0.18614581114512935,0.44267851462830854,0.06032421388134632,0.09798213365676278,0.0018195053902012078,0.164805502364015,0.00029986449988614317,0.10778034702243906,0.002911208624321933,0.3756520934703113,0.0001914770823622429,0.2806538894278425
19.015846538782316,0.18755245098552856,0.4453640232153322,0.0610418662775773,0.09917455658727348,0.0018630547193248144,0.1670582282696228,0.00031123862057976285,0.10909201224600083,0.0029808875509197033,0.37911189049526545,0.00019784804900596512,0.2829762878373885
19.03669724770642,0.1889758780686885,0.4480771293440751,0.0617711471733014,0.10038655692061352,0.0019078373115528307,0.16935153792058782,0.0003230951828137515,0.11042521261267488,0.0030525396984845293,0.3826190815522945,0.00020446120375360429,0.28532773333476225
19.057547956630525,0.1904163417755103,0.4508182032254543,0.0625122882915541,0.10161852617971351,0.001953893093723186,0.17168630612799915,0.0003354566878303422,0.11178037879768486,0.0031262289499570974,0.3861745219614751,0.00021132684043671657,0.2877087212419642
19.078398665554626,0.19187409547281284,0.4535876206705428,0.0632655268633143,0.10287086481278211,0.0020012634446463715,0.1740634288676515,0.00034834677724263487,0.11315795129406034,0.0032020215114341947,0.3897790855039648,0.00021845573394248073,0.29011975731945705
19.09924937447873,0.19334939654621935,0.45638576309057166,0.06403110562750466,0.1041439823758817,0.00204999124394033,0.17648382377169572,0.0003617902934290845,0.11455838061346987,0.003279985990304528,0.39343366486842857,0.00022585916462087687,0.2925613580222227
19.120100083402836,0.19484250643176704,0.45921301749692645,0.06480927283099094,0.10543829771931623,0.0021001209224409106,0.1789484306303921,0.0003758133432048523,0.11598212749124787,0.003360193475905457,0.3971391721078167,0.00023354894398528448,0.2950340507617029
19.140950792326937,0.19635369064613337,0.4620697765011493,0.06560028222858223,0.10675423917791102,0.002151698514234821,0.1814582119040693,0.0003904433649496932,0.11742966309570213,0.003442717622775714,0.40089653910671597,0.0002415374417767196,0.2975383741737713
19.16180150125104,0.1978832188391751,0.4649564384170604,0.06640439327975545,0.10809224481273885,0.002204771723426215,0.1840141533079332,0.0004057092019235476,0.11890146929401274,0.0035276347574819443,0.4047067180601357,0.0002498376144922459,0.3000748783936419
19.182652210175146,0.19943136489533342,0.46787340786020687,0.06722187198490825,0.10945276289136174,0.0022593900365776966,0.18661726465558415,0.00042164118841621,0.12039803918049793,0.003615024058524315,0.40857068196717844,0.0002584630355758552,0.30264412534204194
19.203502919099247,0.20099840682636266,0.47082109524661453,0.06805298983710971,0.11083625186461084,0.0023156047128848785,0.18926858008962535,0.00043827121605656555,0.12191987705107193,0.0037049675406158056,0.4124894251359145,0.00026742792719879803,0.3052466890183418
19.22435362802335,0.20258462697434873,0.473799917101434,0.06889802492013304,0.11224318072266286,0.002373468918947637,0.19196915893294272,0.0004556328321238586,0.12346749879492916,0.0037975502703162193,0.4164639636995362,0.0002767471937561424,0.30788315579958603
19.245204336947456,0.20419031206163676,0.47681029613021414,0.06975726207941747,0.11367402924789125,0.0024330378064082673,0.19472008632205973,0.0004737613316886526,0.12504143217268038,0.003892860490253228,0.42049533614798307,0.0002864364573488505,0.31055412475004673
19.266055045871557,0.20581575321516357,0.47985266121890335,0.07063099292206862,0.11512928823943182,0.0024943685805786536,0.1975224738021386,0.0004926938526102248,0.126642217063375,0.003990989728925846,0.42458460387238,0.00029651209521685266,0.31326020793869563
19.28690575479566,0.20746124598856724,0.4829274474338513,0.07151951581685898,0.1166094597424876,0.0025575205713389707,0.2003774599334102,0.000512469475812347,0.12827040571673637,0.004092032914142354,0.4287328517220002,0.0003069912792079142,0.3160020307642085
19.307756463719766,0.20912709038190735,0.48603509602180567,0.072423135894227,0.11811505728246292,0.0026225553063768353,0.20328621090906235,0.000533129331132802,0.12992656301070923,0.004196088490202937,0.43294118857398617,0.0003178920173954164,0.3187802322876844
19.328607172643867,0.2108135908690298,0.48917605444139944,0.07334216513368325,0.1196466061194275,0.002689536593248231,0.20624992120787083,0.000554716710443133,0.13161126673137025,0.00430325854919717,0.43721074791632236,0.000329233197978984,0.32159546557356267
19.34945788156797,0.21252105651590855,0.49235077690126117,0.07427692346005793,0.12120464375763772,0.002758530679345652,0.2092698145669688,0.0005772772037439592,0.1333251081334015,0.004413649086953043,0.44154268844775335,0.0003410346357832705,0.3244483980433389
19.370308590492076,0.21424980084113512,0.49555972410504884,0.07522773764403765,0.12278972007753607,0.002829606255520079,0.21234714438878916,0.0006008588081043432,0.13506869208528968,0.004527370008832127,0.4459381946920797,0.00035331712131129767,0.32733971183936156
19.391159299416177,0.21600014199601125,0.4988033633188371,0.07619494231338271,0.12440239762909192,0.0029028346170698596,0.2154831946099136,0.0006255120767104586,0.13684263739200112,0.0046445353873117755,0.4503984776257604,0.0003661024724874305,0.3302701041962569
19.412010008340282,0.21777240282802085,0.5020821684758653,0.07717888035091693,0.1260432519507136,0.0029782897861105754,0.21867928049218474,0.0006512902675238834,0.13864757714578496,0.004765263657776921,0.4549247753228217,0.0003794135895040528,0.33324028782410187
19.432860717264386,0.21956691088802327,0.5053966201765335,0.07817990289452662,0.12771287184293165,0.0030560486082988054,0.22193674933081817,0.0006782494939228077,0.14048415902722483,0.004889677773278089,0.45951835361538873,0.000393274512788527,0.33625099130204267
19.453711426188487,0.22138399843379403,0.5087472056884051,0.07919836933716105,0.1294118596478802,0.003136190852832686,0.22525698117463794,0.0007064488838966041,0.14235304561266823,0.005017905364532298,0.4641805067691148,0.0004077104842003207,0.339302959481543
19.474562135112592,0.22322400242967558,0.5121344189462077,0.08023464732683308,0.1311408315346849,0.003218799315830641,0.22864138955833752,0.0007359507482809439,0.1442549146881534,0.005150078905329026,0.4689125581737541,0.0004227480116417055,0.34239695389950275
19.495412844036696,0.22508726455226716,0.5155587605708474,0.08128911286086657,0.13290041780067416,0.0033039599348533514,0.23209142226569857,0.0007668207603889991,0.1461904595807416,0.005286335895765363,0.47371586104931773,0.0004384149372950627,0.34553375320173385
19.516263552960798,0.22697413128803795,0.5190207382771008,0.0823621515237707,0.1346912633808534,0.003391762001812282,0.23560856238184213,0.0007991281691883508,0.14816038971893877,0.005426819202899651,0.4785917991711639,0.00045474050995537516,0.3487141535811991
19.537114261884902,0.22888495376586723,0.522520866795055,0.08345415730791766,0.13651402811812782,0.0034822981859873336,0.2391943288761741,0.0008329459775439587,0.1501654309299406,0.005571677097579734,0.483541787612136,0.000471755461443411,0.3519389692291284
19.557964970809007,0.23082008792342917,0.5260596677705034,0.0845655337584719,0.1383693870274062,0.003575664749927625,0.24285027753551508,0.0008683511768938818,0.15220632573014684,0.0057210635998842,0.48856727350049833,0.0004894920873237064,0.35520903279624233
19.578815679733108,0.23277989454622502,0.5296376698131142,0.08569669442920404,0.1402580306425327,0.003671961718046185,0.24657800185361015,0.0009054249833187777,0.15428383370678597,0.005875138748873896,0.4936697367968815,0.0005079843325302583,0.35852519586740217
19.599666388657212,0.23476473924447197,0.5332554084964329,0.08684806288249139,0.1421806653453488,0.0037712930132205893,0.2503791338527389,0.0009442530781550571,0.15639873187988368,0.0060340688211529435,0.4988506910890664,0.0005272678819618047,0.3618883294491027
19.620517097581317,0.23677499242423106,0.5369134263578782,0.08802007268931683,0.14413801370167834,0.0038737665981163094,0.2542553449167091,0.0009849258625308892,0.15855181507184618,0.006198026556986095,0.5041116844040109,0.0005473802562391822,0.3652993244692225
19.64136780650542,0.23881102925244732,0.5406122728987445,0.08921316742926957,0.1461308148043733,0.003979494621381443,0.2582083466349082,0.0010275387266294124,0.16074389628481062,0.006367191394210309,0.5094543000373684,0.0005683609129235067,0.36875909228936293
19.662218515429522,0.24087322963891142,0.5443525045922578,0.09042780093789518,0.14815982462793204,0.0040885935912317985,0.262239891686335,0.00107219234051407,0.16297580709072526,0.006541749745970878,0.514880157401017,0.000590251353573457,0.3722685652305189
19.683069224353627,0.24296197826805277,0.5481346851446679,0.09166443856497639,0.1502258165293221,0.004201184648716165,0.2663517749201695,0.0011189929879529192,0.1652483981822543,0.006721895437945865,0.5203909128910768,0.0006130952373147739,0.3758286971160163
19.70391993327773,0.2450776644067889,0.5519593855245245,0.09292355584808586,0.15232958163430532,0.0043173936157261655,0.2705458341035137,0.0011680528569198202,0.16756253979773586,0.006907829785161865,0.525988260774977,0.000636938500918536,0.3794404638299771
19.724770642201833,0.24722068205962291,0.5558271836473533,0.0942056400833741,0.1544719290406743,0.004437351311759111,0.27482395089715594,0.0012194904190163164,0.16991912194474174,0.007099762098814577,0.5316739340965012,0.0006618294858636555,0.38310486388863446
19.745621351125937,0.2493914299343369,0.5597386643573408,0.09551119059612884,0.15665368618826989,0.004561193764545024,0.27918805178722617,0.001273430800947369,0.1723190548070969,0.007297910023272039,0.5374497056007174,0.0006878190732277487,0.38682291902702004
19.76647206005004,0.2515903113690495,0.563694419427331,0.09684071874077366,0.15887569924675787,0.004689062403114815,0.2836401090014356,0.0013300061711340198,0.17476326917143367,0.007502499844983704,0.5433173886781641,0.0007149608264813093,0.3905956748010693
19.787322768974143,0.25381773425052234,0.5676950475588267,0.09819474790086871,0.16113883351140926,0.00482110425765758,0.28818214143324783,0.00138935614904471,0.1772527168625502,0.007713766812252128,0.5492788383282331,0.0007433111425799167,0.3944242012052726
19.808173477898247,0.25607411092325333,0.5717411543819921,0.09957381348911139,0.1634439738070265,0.00495747216638217,0.2928162155732063,0.0014516282385695317,0.17978837118772917,0.007931955466211473,0.5553359521418954,0.0007729294118419517,0.3983095933062814
19.829024186822352,0.25835985814743045,0.5758333523272842,0.10097846372894859,0.1657920248262391,0.005098325068529292,0.29754444644767297,0.0015169783103258427,0.18237122730886302,0.008157320109646869,0.5614906713039148,0.0008038781873725557,0.4022529718933589
19.849874895746453,0.2606753969631233,0.5799722608883731,0.10240926014053683,0.16818391169998553,0.005243828281266073,0.3023689986693535,0.0015855711066004596,0.1850023028699841,0.008390125250025717,0.5677449816158098,0.0008362233647800405,0.40625548414876417
19.870725604670557,0.26302115256334613,0.5841585065094416,0.10386677692299748,0.17062058036367064,0.00539415367418586,0.3072920873235925,0.0016575807418847987,0.1876826384000377,0.008630645878697376,0.574100914539006,0.0008700343723747594,0.4103183043364077
19.891576313594662,0.26539755434415696,0.5883927220007696,0.10535160254629959,0.1731029976517375,0.005549480079536739,0.3123159788258114,0.0017331913030148582,0.19041329741691126,0.008879168127258783,0.5805605482561603,0.0009053843728428562,0.4144426345055375
19.912427022518763,0.2678050357689282,0.5926755465312036,0.10686433977906916,0.17563215172803043,0.0057099935582081715,0.31744299187631614,0.0018125974387120938,0.1931953669008335,0.009135989693133074,0.5871260087513861,0.0009423504773229077,0.4186297052117311
19.933277731442868,0.2702440342177289,0.5970076256281578,0.10840560568858995,0.1782090525290853,0.005875887672355023,0.32267549841700194,0.0018960049833194744,0.19602995778199386,0.009401420275768037,0.5937994709104077,0.0009810139721314125,0.42288077625689113
19.954128440366972,0.2727149908238432,0.6013896111776114,0.10997603164080191,0.1808347322161793,0.0060473637677293315,0.32801592458771384,0.0019836316175899774,0.19891820543779723,0.009675782028366931,0.6005831596406491,0.0010214605588798453,0.4271971374487588
19.974979149291073,0.27521835030587843,0.6058221613528539,0.1115762634353124,0.1835102455931217,0.006224631281093116,0.3334667516525483,0.002075707573540962,0.20186127015243388,0.009959410049748986,0.6074793510109596,0.0010637806088290788,0.4315801093802465
19.995829858215178,0.27775456083858907,0.6103059400292032,0.11320696286899602,0.1862366702174647,0.006407908221011122,0.33903051669998724,0.0021724764351354967,0.20486033723921118,0.010252653153617796,0.6144903734082967,0.001108069432939553,0.43603104422798455
20.016680567139282,0.28032407372172047,0.6148416176880915,0.11486880643221005,0.18901510742065467,0.00659742134558027,0.3447098139279569,0.0022741958844393058,0.20791661816272014,0.010555874152928434,0.6216186087150939,0.0011544275680477167,0.4405513265748205
20.037531276063383,0.2829273433531661,0.619429870115009,0.11656248685394169,0.1918466819953485,0.006793406670787664,0.3505072950904725,0.002381138596627356,0.21103135019488337,0.010869450673260263,0.628866493504693,0.0012029610801522427,0.445142374251882
20.058381984987488,0.2855648270423964,0.6240713780658583,0.11828871362092987,0.19473254246050975,0.006996109885047179,0.3564256702789736,0.002493593155123294,0.21420579670656073,0.011193775816075488,0.6362365202495792,0.0012537818865716642,0.4498056391954892
20.079232693911592,0.2882369847617336,0.628766827266949,0.12004821297766345,0.19767386153567262,0.007205786719565222,0.36246770881925433,0.0026118650024810164,0.2174412476892399,0.011529258751304356,0.6437312385471008,0.0013070080975558654,0.45454260832563104
20.100083402835693,0.2909442788801796,0.6335169084150007,0.12184172792638216,0.2006718366238502,0.007422703332043267,0.3686362401544063,0.002736277448106014,0.22073902028623527,0.011876325331269227,0.6513532563637561,0.0013627643783167746,0.4593548044480038
20.120934111759798,0.2936871738790613,0.6383223171771432,0.12367001822707932,0.20372769030319868,0.007647136704143066,0.3749341547113779,0.0028671727361302326,0.22410045933351858,0.012235418726628906,0.6591052412977201,0.0014211823326978896,0.4642437871802565
20.141784820683903,0.2964661360795316,0.643183753144603,0.12553386156570445,0.2068426701545888,0.007879375199798725,0.38136440416782347,0.0030049132282859658,0.22752693717004768,0.012607000319677961,0.6669899218531751,0.0014824009103085707,0.4692111538978326
20.162635529608004,0.2992816332272632,0.6481019204742925,0.1274340534197616,0.21001804966123308,0.008119718985495327,0.38793000251454424,0.0031498826064605945,0.2310198546273564,0.012991550376792525,0.6750100887285115,0.0015465668385273557,0.4742585407044821
20.183486238532108,0.302134134243689,0.6530775271847529,0.1293714072751387,0.21325512825687581,0.008368480510174907,0.39463402653994917,0.0033024871597514115,0.2345806410825634,0.013389568816279852,0.6831685961206564,0.0016138350804603453,0.4793876234286587
20.204336947456213,0.3050241089565963,0.6581112836734508,0.1313467558996613,0.21655523084915865,0.008625985142682605,0.4014796157935523,0.003463157200925102,0.23821075393407454,0.013801576228292168,0.6914683630340587,0.001684369321084583,0.48460011863363406
20.225187656380314,0.30795202771681873,0.6632039027167809,0.13336095134309353,0.21991970828938467,0.00889257167156748,0.4084699732626809,0.0036323485129216423,0.24191167911832318,0.01422811467450797,0.699912374596362,0.00175834248323894,0.48989778464651085
20.24603836530442,0.31091836099205444,0.6683560994700678,0.13541486493713917,0.2233499378494216,0.00916859282297182,0.41560836601255197,0.0038105438817897298,0.24568493163436378,0.014669748516754913,0.7085036833878057,0.0018359372746767192,0.4952824226150678
20.266889074228523,0.31392357893698375,0.6735685914675622,0.13750938729543952,0.22684732370579785,0.00945441579718359,0.42289812578608044,0.003998254721031252,0.24953205607637766,0.015127065275493746,0.7172454107835383,0.0019173467680339065,0.5007558775932061
20.287739783152624,0.31696815092932,0.678842097530458,0.13964542896440532,0.23041329668977592,0.009750422915326386,0.43034264885442075,0.0041960228248324,0.25345462635875354,0.015600676664522218,0.7261407483006401,0.0020027750160099564,0.5063200396488262
20.30859049207673,0.32005254499221875,0.6841773370740637,0.1418239211868852,0.23404931428287848,0.010057012310411912,0.4379453959131064,0.004404422237986329,0.2574542457111664,0.01609121969665906,0.7351929589425039,0.0020924377043212493,0.5119768449911024
20.329441201000833,0.32317722734351995,0.6895750308464595,0.144045815281941,0.23775686158344783,0.010374598450119532,0.44570989302856207,0.0046240611654170625,0.26153254774179263,0.016599357520191253,0.7444053785519881,0.0021865628440564857,0.5177282771290281
20.350291909924938,0.3263426619314018,0.6950358977529463,0.14631208417409455,0.241537449582622,0.010703612987683665,0.4536397300211562,0.0048555841059837596,0.2656911945408842,0.017125780780293864,0.7537814171575945,0.002285391506185357,0.523576368044199
20.37114261884904,0.32954930987487424,0.7005606547734062,0.14862372243717326,0.24539261550827182,0.011044505435540959,0.4617385606121321,0.005099674042479551,0.26993187705909905,0.017671208696865535,0.7633245603043124,0.0023891786011443037,0.5295231993731928
20.391993327773143,0.33279762887493336,0.7061500169623071,0.1509817462943116,0.2493239232279333,0.011397743857039937,0.4700101025500995,0.005357054759087108,0.27425631555072666,0.0182363901712639,0.773038370387322,0.0024981937054141872,0.5355709036212952
20.412844036697248,0.33608807259626816,0.7118046974486957,0.1533871936179488,0.2533329636550146,0.011763815582995057,0.47845813766100387,0.005628493295627312,0.2786662600205161,0.018822104932792093,0.7829264879875217,0.002612721937844494,0.5417216654089864
20.43369474562135,0.3394210899742832,0.7175254061088121,0.15584112432261035,0.25742135420580786,0.012143228015067647,0.48708651085138643,0.005914802564332107,0.28316348962638865,0.01942916482410824,0.7929926331971994,0.0027330648888448912,0.5479777227422197
20.454545454545453,0.34279712435866644,0.723312847591087,0.15834462119972284,0.26159073774516356,0.012536509531441859,0.49589912833180605,0.0062168441489653965,0.28774981151967993,0.020058415250306976,0.8032406069167912,0.0028595416060394094,0.5543413682928923
20.475396163469558,0.3462166128976796,0.729167723171802,0.16089878930002577,0.26584278425777486,0.012944210199107043,0.5048999587017083,0.006535531194955378,0.29242706268355234,0.02071073631857127,0.8136742921444139,0.0029924896392329193,0.5608149507133692
20.49624687239366,0.34967998575920706,0.7350907257829997,0.163504757106963,0.27017918756608866,0.013366902798303482,0.514093029047049,0.006871831548557313,0.2971971063226976,0.021387044477285573,0.8242976552360386,0.0031322661482353293,0.5674008759615138
20.517097581317763,0.35318766534586976,0.7410825397628206,0.1661636766023023,0.2746016653706563,0.013805183710997253,0.5234824240948366,0.007226771034107394,0.30206183190772196,0.022088293937595607,0.8351147471161673,0.0032792490775792145,0.5741016086204518
20.537948290241868,0.3567400654812025,0.7471438408554958,0.16887672326613268,0.2791119594641512,0.01425967383055298,0.5330722854213334,0.007601436918215657,0.30702315541056635,0.022815478128884768,0.846129704471424,0.003433838401519205,0.5809196732512358
20.55879899916597,0.36033759056168735,0.7532752962113511,0.1716450960768656,0.2837118359411494,0.014731019503618211,0.5428668105328792,0.007996981573826856,0.31208301953526435,0.02356963120578914,0.8573467509263248,0.0035964574433461514,0.5878576557812654
20.579649708090074,0.36398063456620444,0.7594775623347317,0.1744700176933004,0.28840308384495317,0.015219893536950276,0.5528702501547795,0.00841462634710281,0.31724339222944853,0.024351829659120444,0.8687701981812009,0.003767554273214068,0.5949182049121
20.600500417014178,0.36766957984745186,0.7657512822216024,0.17735273491985135,0.2931875131120141,0.01572699629177553,0.5630869044041281,0.008855665657511086,0.3225062644232155,0.025163194066840852,0.8804044470819408,0.003947603189025315,0.6021040335232204
20.62135112593828,0.3714047963504547,0.7720970876887085,0.18029451843739233,0.29806695640869263,0.016253056689285603,0.573521123231608,0.009321471328386078,0.3278736520495619,0.026004890702856966,0.8922539886544554,0.0041371062852085414,0.6094179201083163
20.642201834862384,0.37518664041450817,0.7785155924314872,0.18329666318220358,0.3030432638294747,0.016798833366865093,0.5841772992693604,0.009813497107131267,0.3333475902124222,0.02687813338698415,0.9043234050691867,0.004336595113768992,0.6168627102078978
20.66305254378649,0.37901545372812745,0.7850073917227985,0.18636048836698416,0.3081183025297156,0.01736511581219042,0.5950598655075008,0.010333283479724205,0.3389301327826872,0.027784185299504674,0.916617370506811,0.004546632442656154,0.6244413178150876
20.68390325271059,0.3828915622604517,0.7915730624129304,0.18948733748085334,0.3132939565688925,0.017952725532791404,0.6061732930211539,0.010882462754917114,0.3446233522257818,0.028724360852466248,0.9291406519760408,0.004767814117329203,0.6321567268138403
20.704753961634694,0.3868152751572154,0.7982131629296005,0.19267857828935211,0.3185721267370385,0.018562517265802995,0.6175220885054493,0.011462764429897127,0.3504293394107424,0.029700027625284793,0.941898110082032,0.005000771031265979,0.6400119924530637
20.7256046705588,0.39078688333608325,0.8049282294232764,0.19593560255586473,0.3239547272612453,0.019195380174464892,0.6291107881711079,0.012076020750801667,0.3563501999873699,0.03071260827914383,0.954894699705433,0.005246171210380867,0.6480102428211056
20.7464553794829,0.39480665796265046,0.8117187733812152,0.1992598260791529,0.32944368352975234,0.019852239144547132,0.6409439522483592,0.012724172618285626,0.3623880518827276,0.03176358263127541,0.9681354705605134,0.0055047220169809966,0.6561546802979658
20.767306088407004,0.3988748494316199,0.8185852827058122,0.20265268866036673,0.33504093253127726,0.020534056110637765,0.6530261627724416,0.013409275868083789,0.368545025784405,0.03285448977702043,0.9816255676729079,0.005777172480767182,0.6644485830301955
20.78815679733111,0.4029916856944934,0.8255282131101861,0.20611565329528594,0.3407484153204484,0.02124183126667126,0.6653620123792737,0.014133507598213366,0.3748232568524933,0.033986930026674016,0.9953702317174428,0.006064315761274882,0.6728953063667326
20.80900750625521,0.4071573709635672,0.8325479879831803,0.2096502061628989,0.34656807614742086,0.021976604472073006,0.6779560999764784,0.014899173058612249,0.38122488376216296,0.035162567155316814,1.009374799194044,0.006366991748105807,0.6814982842420094
20.829858215179314,0.4113720843929649,0.8396449983893658,0.2132578566254044,0.352501861660139,0.022739456706230766,0.6908130262751221,0.0157087129030834,0.38775204782615297,0.03638313072996923,1.0236447025119306,0.006686089808590558,0.690261030587648
20.85070892410342,0.41563597872968544,0.8468196030619645,0.21694013722666286,0.3585517200650115,0.023531511569961656,0.7039373890522866,0.01656471081501248,0.3944068920715127,0.03765041851193865,1.0381854699778135,0.0070225516905557134,0.6991871407746749
20.87155963302752,0.4199491782796547,0.8540721205423625,0.22069860204777533,0.36471959354386385,0.02435393647292115,0.7173337704266547,0.017469901074851753,0.40119155289825026,0.03896629835667384,1.0530027256020709,0.007377374583485866,0.7082802930040147
20.892410341951624,0.424311777413255,0.8614028310122075,0.22453482733469154,0.37100741863792286,0.025207944343109873,0.731006732591199,0.018427177029597546,0.40810816050171517,0.0403327109489758,1.068102188727779,0.007751614346876726,0.7175442496627477
20.91326105087573,0.428723839000962,0.8688119716640814,0.22845041031468807,0.3774171210534143,0.02609479498647467,0.74496080772364,0.01943959955050696,0.41515883315875574,0.041751671978359474,1.0834896735100448,0.008146388915059656,0.7269828586763826
20.93411175979983,0.4331853924079235,0.876299728445847,0.23244696733236445,0.38395060703713263,0.027015796311006653,0.7592004834675421,0.02051040562057689,0.4223456677408459,0.04322527409761065,1.0991710881388084,0.008562881879728956,0.7366000547457682
20.954962468723934,0.4376964320107586,0.8838662360606506,0.23652613384964513,0.3906097616240109,0.02797230599693012,0.7737301957970514,0.021643017795899777,0.429670737786412,0.044755689595088195,1.1151524338358962,0.009002346260634701,0.7463998605132829
20.97581317764804,0.4422569157002349,0.8915115779669156,0.24068956444577558,0.3973964468245299,0.028965733216548578,0.7885543215653952,0.022841054105219697,0.4371360915069829,0.04634517314647773,1.131439803699976,0.009466108478119292,0.7563863877446738
20.99666388657214,0.44686676331487973,0.8992357857281548,0.24493893259347693,0.40431249916706596,0.02999754035001592,0.8036771700505065,0.024108338336976676,0.4447437490837726,0.047996064560025475,1.1480393813857113,0.009955572536107104,0.7665638385192479
21.017514595496245,0.4515258538440445,0.9070388261969867,0.2492759263814456,0.41135971611440375,0.031069243736663945,0.8191029609365886,0.025448909538761996,0.45249568772584414,0.049710789978662316,1.1649574394652273,0.010472224411375467,0.7769365062772583
21.03836530442035,0.4562340244483436,0.9149206096414526,0.2537022515213786,0.41853986097334367,0.032182416213508425,0.8348358235749038,0.026867033944234644,0.4603938470706781,0.05149186594161348,1.1822003375522956,0.011017636666202401,0.7875087768226801
21.059216013344454,0.46099106800947504,0.9228809761613218,0.25821962641354995,0.4258546480802371,0.03333868773257665,0.8508797736924693,0.02836721507309872,0.4684401128882608,0.05334190037212264,1.1997745201760182,0.011593473290653364,0.7982851292650563
21.080066722268555,0.46579673112976444,0.9309196898671427,0.2628297800988902,0.43330573449116855,0.034539746653415485,0.8672386969688983,0.02995420488134391,0.47663630794028544,0.05526359464546478,1.2176865142404592,0.012201494766408534,0.8092701367280047
21.10091743119266,0.4706507126190919,0.9390364388802477,0.2675344522589895,0.44089471677244857,0.03578734157275876,0.8839163382685659,0.03163301591935934,0.4849841884496935,0.057259746516414016,1.2359429262008175,0.012843563373588544,0.8204684669777119
21.121768140116764,0.4755526620018923,0.9472308353327454,0.27233539321609296,0.44862312770258533,0.03708328319908199,0.9009162905455264,0.03340893394096618,0.49348544047284393,0.05933325311853119,1.2545504390116409,0.01352164875578547,0.8318848830385703
21.142618849040865,0.4805021777326647,0.9555024123692458,0.27723436251355466,0.4564924300217241,0.03842944587914852,0.9182419799444744,0.03528753047223836,0.5021416730238966,0.06148711340663763,1.27351580880407,0.014237833747582765,0.8435242437560618
21.16346955796497,0.4854988039377256,0.9638506088841347,0.2822331219641916,0.46450399812315857,0.03982776756682712,0.9358966355757918,0.03727467366828815,0.5109543979354745,0.0637244281069234,1.2928458610926477,0.014994320446295551,0.8553915041029446
21.184320266889074,0.49054203014749426,0.9722747808948831,0.2873334411710135,0.47265912478209643,0.04128025320758814,0.9538832897627721,0.039376543731894406,0.5199250372603061,0.06604840513214102,1.3125474866695728,0.015793436557640282,0.867491715408563
21.205170975813175,0.4956312880660197,0.980774180657038,0.29253708723392646,0.48095899672174214,0.04278897370365495,0.9722047409218857,0.04159964309387524,0.5290548963939163,0.06846235792584791,1.332627637114573,0.016637642008284156,0.8798300254243269
21.22602168473728,0.5007659499649304,0.9893479535228734,0.2978458232321252,0.48940468656994884,0.04435606720841119,0.9908635355834831,0.043950809578704904,0.5383451552269438,0.07096970753345791,1.3530933197303516,0.017529535801784832,0.8924116780210766
21.246872393661384,0.5059453274534832,0.9979951379413815,0.303261408224088,0.49799714767731856,0.04598374085902847,1.0098619537254727,0.04643723038350434,0.5477968624450504,0.07357398537444555,1.3739515921376604,0.01847186315752101,0.9052420127852547
21.267723102585485,0.5111686703244129,1.006714665458277,0.3087855972475789,0.5067372088243853,0.04767427253377201,1.0292019938767873,0.04906645634838351,0.5574109297068239,0.07627883605403522,1.395209556562202,0.01946752294413357,0.9183264645531886
21.28857381150959,0.5164351646532787,1.0155053541999965,0.31442013726631596,0.5156255622044302,0.04943001135928449,1.0488853496051225,0.05184641474556829,0.5671881184248733,0.07908801817485518,1.4168743537211055,0.020519575395071408,0.9316705627846383
21.309424520433694,0.5217439297375362,1.024365894327055,0.3201667586289559,0.5246627427302336,0.05125337666548605,1.068913374390607,0.05478541980041749,0.577129017003257,0.08200540266477768,1.438953156098043,0.021631250067152222,0.9452799305522346
21.330275229357795,0.5270940184345215,1.0332948566184545,0.32602718034892014,0.5338491303570763,0.05314686116313365,1.0892870764054878,0.05789218901651823,0.587234043392784,0.08503497786101384,1.4614531607977497,0.022805954079005045,0.9591602833558384
21.3511259382819,0.5324844139815476,1.0422906708715454,0.3320030960946819,0.5431849212929281,0.0551130279082273,1.1100070741549377,0.06117585085623082,0.5975034134222209,0.08818084465316368,1.4843815818836603,0.02404728059978023,0.9733174276357514
21.371976647206004,0.5379140292391791,1.0513516246694115,0.3380961734057049,0.5526701193475055,0.05715451123579025,1.1310735771461604,0.0646459574735057,0.6079371312822561,0.0914472179772644,1.5077456420515212,0.025359017550674136,0.9877572588214788
21.392827356130105,0.5433817062236677,1.060475863380875,0.3443080536924459,0.5623045284067062,0.059274017918740096,1.152486368105834,0.0683124976342089,0.6185349812473768,0.09483842866998415,1.5315525639161138,0.02674515657389869,1.00248575922991
21.41367806505421,0.5488862157560325,1.0696613899389917,0.35064035205165534,0.5720877445631078,0.0614743282434544,1.174244784927902,0.07218590934682237,0.6292965190194186,0.09835892518952705,1.55580956092439,0.028209902268029625,1.0175089958242216
21.434528773978315,0.554426254658621,1.0789060478632244,0.3570946435191694,0.5820191300579212,0.06375829221504134,1.196347678490685,0.07627708487599541,0.6402210430637133,0.10201326754406614,1.5805238276405986,0.02975768160730012,1.0328331175383252
21.455379482902416,0.5600004461416648,1.0882075250267813,0.3636724671275363,0.5920978087624564,0.06612883167331449,1.2187933990194288,0.08059738352830262,0.6513075896387022,0.10580613067730318,1.6057025294495002,0.03139315354646067,1.048464352222683
21.47623019182652,0.5656073385481046,1.097563341760443,0.37037531504866095,0.6023226445881754,0.06858893699869742,1.2415797612421757,0.08515863602269737,0.662554909046993,0.10974229919791588,1.6313527917541473,0.03312121880449871,1.0644090032710671
21.497080900750625,0.5712454042782924,1.1069708401892175,0.3772046234718355,0.6126922205146111,0.0711416639842646,1.2647040102563412,0.08997314773720855,0.6739614425660723,0.11382666237482336,1.6574816884545085,0.03494702972776722,1.080673445652071
21.517931609674726,0.5769130404594823,1.116427184232347,0.3841617726037432,0.6232048288464834,0.07379013376502504,1.2881628026142038,0.09505370551603165,0.6855253117311318,0.11806421402404006,1.684096229873089,0.03687600025793005,1.0972641215350556
21.53878231859883,0.5826085698342975,1.1259293596033118,0.39124808666846167,0.6338584614083619,0.07653753266086605,1.311952187865864,0.10041358342827822,0.6972443075491981,0.12246005225738568,1.7112033502909394,0.038913816030910875,1.114187535688119
21.559633027522935,0.5883302408024706,1.1354741684741345,0.3984648277193053,0.6446507936360136,0.07938710946468783,1.3360675819267454,0.1060665433786393,0.7091158729996151,0.12701937514350053,1.7388098950135493,0.041066444542242495,1.1314502505333004
21.580483736447036,0.5940762257965989,1.1450582150266373,0.40581318059873284,0.6555791578999943,0.08234216877382988,1.36050372540083,0.11202682737437947,0.7211370736899938,0.1317474700381278,1.7669226067246342,0.043340145238166115,1.1490588805569768
21.60133444537114,0.5998446244041328,1.154677912633325,0.41329426095628236,0.6666405409616264,0.08540607306969981,1.3852546776225698,0.11830916221717666,0.7333045950577891,0.1366497169115197,1.7955481113433118,0.045741479575025674,1.167020086308619
21.622185154295245,0.6056334618083083,1.1643294657848848,0.42090909214934313,0.6778315524474576,0.08858223192699212,1.4103137700974362,0.12492874147260173,0.7456147076922035,0.1417315710831874,1.8246929033337222,0.04827732093959815,1.1853405678635065
21.643035863219346,0.6114406908006915,1.1740088688969361,0.42865860378806103,0.6891484121243316,0.09187409930076494,1.4356735876089621,0.13190121775147126,0.7580632533367648,0.1469985588812239,1.854363330332326,0.05095486430098309,1.2040270575527598
21.66388657214345,0.6172641943015849,1.1837119063100359,0.43654363173534233,0.7005869385700696,0.09528517120434109,1.4613259522673148,0.13924269354713786,0.7706456324270766,0.15245627392694575,1.8845655774119385,0.05378163568649835,1.2230863123335367
21.684737281067555,0.6231017881151507,1.1934341521910752,0.4445649178764836,0.7121425378080152,0.09881898310326231,1.4872619084558958,0.14696970940182882,0.7833567915888168,0.1581103729652197,1.9153056510224824,0.05676550143867707,1.2425251058167328
21.70558798999166,0.6289512204345358,1.203170960197283,0.4527230890299784,0.7238101797310261,0.10247909767042286,1.513471687614947,0.15509921289651185,0.7961911977041288,0.1639665562726766,1.9465893624077097,0.0599146770256074,1.2623502196462881
21.72643869891576,0.6348101757110025,1.21291746304546,0.46101866285627124,0.7355843860803174,0.10626910375089214,1.5399446956776637,0.1636485426356057,0.8091428246883492,0.17003056600142744,1.9784223105237675,0.06323773536101274,1.2825684342487313
21.747289407839865,0.6406762765932486,1.2226685694717916,0.46945203334280017,0.7474592153870986,0.11019260580484479,1.566669493193562,0.17263539388995416,0.8222051369258085,0.17630816928775167,2.010809864619591,0.06674361459918599,1.303186519078834
21.76814011676397,0.6465470858766416,1.2324189588844203,0.47802345645830535,0.7594282451088793,0.11425321246217268,1.593633772891693,0.18207777804108846,0.8353710696197673,0.1828051399394763,2.0437571463761115,0.070441625148926,1.32421122212067
21.78899082568807,0.6524201109014095,1.2421630813634494,0.4867330501528339,0.7714845603511697,0.11845453105554056,1.6208243506015565,0.1919939883739084,0.8486330163862867,0.18952724968886492,2.0772690117169463,0.07434145590804771,1.3456492587724023
21.809841534612175,0.658292808220092,1.2518951576609498,0.49558079435774394,0.7836207428874672,0.12280016186812624,1.648227157867523,0.20240256178157348,0.861982817176214,0.196480258989002,2.1113500324474432,0.07845317974202919,1.3675073002886708
21.83069224353628,0.6641625881200401,1.2616091795627642,0.5045665284206203,0.7958288609785155,0.12729369080121833,1.6758272357888118,0.2133222339887614,0.875411747076367,0.20366990528194934,2.1460044777524527,0.08278725809659922,1.38979196176202
21.85154295246038,0.6700268151987858,1.2712989096885547,0.5136899236902986,0.808100458887654,0.13193866885047242,1.7036087192486224,0.22477186665972143,0.8889105047764195,0.21110187016075588,2.1812362954655162,0.08735454438359289,1.4125097894027128
21.872393661384486,0.6758828162759295,1.2809578753456443,0.522950500809891,0.8204265392050136,0.13673861314865793,1.7315548326388903,0.23677040640589833,0.9024691931255151,0.2187817810378527,2.217049093129066,0.0921662861795233,1.4356672471706513
21.89324437030859,0.6817278827716324,1.290579379635897,0.532347603815064,0.8327975675706885,0.14169698564382016,1.759647896055814,0.24933680266559902,0.9160773243277573,0.22671517703011226,2.2534461190745927,0.09723412614065262,1.459270702920457
21.91409507923269,0.687559275734884,1.300156503396985,0.541880392512283,0.8452034666627373,0.14681717989463297,1.7878693276352604,0.26248993270352255,0.9297238133290111,0.23490748783141277,2.2904302435918016,0.10257010128002983,1.4833264139558826
21.934945788156796,0.6933742321973679,1.3096821052023948,0.5515478424788183,0.8576336083436884,0.15210251127151966,1.8161996482346858,0.27624852746694634,0.9433969691780573,0.24336401803443147,2.3280039401709316,0.1081866406896472,1.5078405120415064
21.9557964970809,0.6991699716965952,1.3191488213614162,0.5613487450627344,0.8700768064496068,0.15755620679175336,1.8446184881897167,0.29063109197711046,0.9570844870945676,0.25208993086680537,2.3661692668642655,0.1140965616596648,1.5328189879086247
21.976647206005,0.7049437027912326,1.3285490670195483,0.571281706497627,0.8825213117392562,0.16318139408942042,1.8731045972891958,0.30565581946095344,0.9707734429131819,0.2610902305430727,2.4049278478221314,0.12031306407248793,1.5582676752670208
21.997497914929106,0.7106926255176932,1.3378750598664402,0.5813451232267888,0.8949548379063155,0.1689810761497851,1.9016358778222426,0.32134047707944385,0.9844503216969471,0.2703697218396562,2.444280855277424,0.1268497227103156,1.584192234451685
22.01834862385321,0.716413939342674,1.3471188027533672,0.5915371882529732,0.9073645343658326,0.1749581225431167,1.930189376486253,0.33770230946270385,0.998100987802416,0.27993299606898675,2.484228991790234,0.13372047736567616,1.61059813548805
22.03919933277731,0.722104849291672,1.3562721114335956,0.6018558817714879,0.9197370201262718,0.18111525121146757,1.9587413372505085,0.35475792935441175,1.011710722138899,0.28978440193834815,2.5247724729592944,0.14093962080622074,1.6374906407835916
22.060050041701416,0.7277625720121764,1.3653266269322455,0.6122989633652596,0.9320583991050916,0.18745501026908573,1.9872672353058405,0.37252320000167394,1.0252642390156008,0.2999280164305372,2.5659110110384913,0.14852178437331964,1.664874787776122
22.08090075062552,0.7333843430936533,1.3742738155462784,0.6228639720048231,0.9443142600480632,0.19397976381081256,2.015741798890432,0.3910131180523484,1.0387456860528697,0.3103676220973001,2.607643799134785,0.15648192113368312,1.692755371216452
22.10175145954962,0.7389674243567399,1.3831049688445043,0.6335482260483268,0.9564896774211786,0.20069167736449092,2.0441390328840647,0.4102416912757312,1.0521386451632966,0.3211066837831855,2.6499694958797186,0.16483528653535104,1.7211369249810093
22.122602168473726,0.7445091105173315,1.3918112140705876,0.6443488207682097,0.9685692278063215,0.20759270141269118,2.0724322579914807,0.43022181093125483,1.0654261505869538,0.3321483222603059,2.6928862107554044,0.17359741645827673,1.7500237035651827
22.14345287739783,0.7500067332263132,1.4003835549709795,0.6552626139570192,0.9805370505165792,0.2146845466248928,2.100594190655271,0.4509651114637105,1.0785907555682372,0.34349527459982854,2.736391490662066,0.1827841024715692,1.779419663771766
22.16430358632193,0.7554576695941256,1.408812855458781,0.6662862313162693,0.9923768308529622,0.22196867102081855,2.128596953358273,0.4724818368758991,1.0916145139382585,0.3551498736333097,2.7804823074261718,0.19241136423490848,1.8093284462753034
22.185154295246036,0.7608593484596984,1.4170898854577683,0.6774160633252818,1.0040718717333554,0.2294462614255611,2.1564121739164523,0.49478071139769686,1.104479058906691,0.3671140182808978,2.82515504645114,0.20249541915852867,1.8397533572923939
22.20600500417014,0.7662092570770564,1.425205325347804,0.6886482645367565,1.01560510969987,0.23711821612474332,2.184011027034011,0.5178687987270733,1.117165620669857,0.3793891457995893,2.870405496836364,0.213052649247403,1.8706973506582947
22.226855713094242,0.771504947729208,1.4331497659648433,0.6999787535767769,1.0269591258425426,0.24498512772944905,2.211364270557666,0.5417513582789097,1.129655038426797,0.3919762043671185,2.916228842307498,0.22409956497932398,1.9021630096372668
22.247706422018346,0.77674404380377,1.4409137286100504,0.7114032138584909,1.038116186648459,0.2530472663440949,2.2384423126658772,0.566431708089054,1.1419278053133048,0.4048756261505519,2.962619653225177,0.23565276625505402,1.934152528760056
22.26855713094245,0.7819242443088739,1.4484877040150452,0.7229170898174679,1.0490583143413887,0.2613045593750785,2.26521530670532,0.591911087608317,1.1539641457755276,0.41808729500012565,3.0095718802828446,0.24772890048876373,1.9666676963188516
22.289407839866552,0.7870433303783779,1.4558621520259296,0.7345155900135538,1.0597673028507855,0.26975657598647956,2.29165319340464,0.6181885188013173,1.1657440331358642,0.4316105215783673,3.0570788496334433,0.260344617819972,1.9997098772559818
22.310258548790657,0.7920991712135096,1.4630275561948183,0.746193695123955,1.0702248150926912,0.2784025153213709,2.3177258294488836,0.64526070074388,1.1772472966019605,0.44544402451419346,3.1051332597966397,0.27351652377853397,2.0332799968955833
22.33110925771476,0.7970897291015984,1.469974425584715,0.7579461581162217,1.0804124059365563,0.2872411893015703,2.3434030333511964,0.673121874312705,1.188453646530212,0.45958590288251244,3.1537271803846334,0.28726112944009213,2.0673785255708235
22.351959966638862,0.8020130640289964,1.4766932947695142,0.7697675042482548,1.0903115434086217,0.2962710052982935,2.3686546279383442,0.7017636878237484,1.1993426977494839,0.4740336084772696,3.2028520517491974,0.30159479877012024,2.1020054631817398
22.372810675562967,0.8068673379338104,1.483174759662372,0.7816520375086261,1.0999036838497676,0.30548995387069333,2.393450540038794,0.7311750950682373,1.2098940522347443,0.48878392619310934,3.25249868611093,0.31653369350419097,2.137160324364546
22.39366138448707,0.8116508177505259,1.4894095188160175,0.7935938435711627,1.1091703573698803,0.3148955942770255,2.417760907824876,0.7613422578892749,1.2200873931068685,0.5038329508432409,3.3026572708467925,0.332093715949537,2.1728421250565617
22.414512093411176,0.8163618800623439,1.495388386008253,0.805586799134963,1.118093212504184,0.32448504547025764,2.441556148450183,0.7922484578480449,1.2299025337546026,0.5191760727524123,3.3533173736019566,0.3482904498500521,2.209049370161413
22.435362802335277,0.8209990147621201,1.501102334478836,0.8176245847077747,1.1266541092889055,0.3342549807592805,2.4648070753284856,0.8238740415392614,1.2393195202177962,0.5348079692148489,3.404467949329418,0.36513909976025977,2.245780042554441
22.45621351125938,0.8255608272390477,1.5065424970985648,0.8297006846452382,1.1348351477819896,0.3442016130503885,2.4874849403509436,0.8561963289073442,1.2483186625601885,0.5507225808806216,3.4560973489924676,0.3826544288933571,2.2830315931473693
22.477064220183486,0.8300460402844332,1.5117001772110479,0.8418083907176198,1.1426187128899568,0.3543206833412944,2.5095614923826126,0.8891895428680059,1.2568805841789525,0.5669130933460711,3.5081933293170486,0.40085069527967326,2.3208009313559392
22.497914929107587,0.8344534958119639,1.5165669116833447,0.8539408188725977,1.1499875988063788,0.3646074610684013,2.5310091221738418,0.9228248099767676,1.2649863586870167,0.5833719377094421,3.5607430646647953,0.4197415871984031,2.359084417322589
22.51876563803169,0.8387821559887467,1.5211344755963547,0.8660909128931775,1.1569250464238985,0.3750567346980688,2.551800909979044,0.9570701168963008,1.2726175510662885,0.6000907755169101,3.6137331609132644,0.4393401581624687,2.397877855844064
22.539616346955796,0.8430311054196461,1.525394930571304,0.8782514680890304,1.1634148471063166,0.38566282060026863,2.571910749042101,0.9918903538077264,1.2797563318169483,0.6170605129604299,3.6671496711199096,0.45965876190208643,2.4371764919091263
22.560467055879897,0.8471995508055495,1.5293406300514483,0.8904151334182466,1.1694413813630804,0.396419554910117,2.591313389616526,1.0272473005444098,1.2863855194993885,0.6342712878561872,3.7209781129324413,0.48070898765638065,2.476975007882151
22.581317764804,0.8512868202733787,1.5329642283096354,0.902574415646547,1.174989662638478,0.40732028788985286,2.6099844870210864,1.063099632641479,1.2924886289023259,0.6517124606237646,3.7752034869591085,0.5025015953835075,2.517267521402604
22.602168473728106,0.8552923630327925,1.5362587369062006,0.9147217010054627,1.1800454533603175,0.4183578951451635,2.627900730636555,1.0994030183195465,1.2980499986963494,0.6693726322322617,3.8298102969847334,0.5250464520449039,2.5580475852105162
22.623019182652207,0.8592157481946207,1.5392175358957143,0.926849263195246,1.1845953114044372,0.4295247783427852,2.645039893477833,1.1361101739538904,1.303054842544881,0.6872396453484564,3.8847825720484717,0.5483524694789444,2.5993081890347605
22.643869891576312,0.8630566645915784,1.5418344110320612,0.9389492894466351,1.1886266755212915,0.44081288407617053,2.661380928275703,1.1731710026185285,1.3074893430734207,0.7053006145218729,3.940103890040067,0.5724275442972571,2.6410417633205077
22.664720600500416,0.8668149180055114,1.5441035577404534,0.9510138827781164,1.1921278985133628,0.4522137026183544,2.6769039975896187,1.2105326683038762,1.3113406883646992,0.7235419241893671,3.995757402611644,0.5972784999991183,2.683240184610641
22.685571309424517,0.8704904285177487,1.5460195973219797,0.9630350716438778,1.195088297651808,0.4637182746080644,2.6915905235392947,1.2481397135270587,1.314597127416989,0.7419492393729031,4.051725860921989,0.6229110310857597,2.7258947819766073
22.706422018348622,0.8740832280088731,1.5475776227266551,0.9750048320356794,1.1974982491821426,0.47531721124646176,2.7054232881344253,1.2859342525572877,1.317248074100357,0.7605075379943389,4.107991642945279,0.6493296504152477,2.768996345559643
22.727272727272727,0.8775934576315471,1.5487732090377373,0.9869151035103626,1.1993492265165253,0.4870007107684349,2.718386471213069,1.3238561436240623,1.319284149168178,0.7792011372294958,4.164536782221216,0.6765376403670982,2.8125351372453458
22.748123436196828,0.8810213650347237,1.5496024348681947,0.9987578099563864,1.200633853074719,0.49875858147443863,2.730465704857417,1.3618432017192885,1.3206972383821909,0.7980137303591018,4.221342997568066,0.7045370080207997,2.8565009030412014
22.768974145120932,0.8843672996957692,1.5500618838027773,1.010524860891887,1.2013459218091074,0.5105802472402838,2.7416480850799987,1.3998313571259966,1.3214805139900183,0.8169283955844542,4.278391723484848,0.7333284442055936,2.900882886760092
22.789824854045037,0.8876317093049315,1.5501486742006017,1.0222081733003088,1.2014804560629415,0.522454774780977,2.751922234714907,1.4377549113527397,1.3216285016692357,0.8359276396495633,4.33566414133092,0.7629112868711367,2.945669845172243
22.810675562969138,0.8908151354204161,1.5498604792250497,1.0337996859702936,1.2010337525318502,0.5343708953561388,2.761278345367227,1.4755467817414027,1.3211371277850352,0.8549934325698221,4.393141211598659,0.7932834896765351,2.9908500651646652
22.831526271893242,0.8939182103242795,1.5491955358894445,1.0452913861389936,1.2000034042098915,0.5463170409681893,2.7697082017693107,1.5131387891359345,1.3200037446308808,0.874107265549103,4.4508037068774,0.8244415961285524,3.036411382622287
22.852376980817347,0.8969416518309925,1.5481526493998143,1.0566753160398203,1.1983883129218322,0.5582813617639271,2.7772051892783938,1.5504618949681865,1.3182271442140157,0.8932501788222833,4.508632245149377,0.8563807191905237,3.082341202609949
22.873227689741448,0.8998862581923149,1.5467312012701746,1.0679435828773636,1.1961887044913386,0.5702517481044702,2.7837643062806436,1.5874464619673647,1.3158075749404725,0.9124027969671524,4.56660732329323,0.8890945260810074,3.1286265205305432
22.894078398665552,0.9027529035992745,1.5449311763647744,1.0790883823849187,1.1934061698519227,0.5822158684990503,2.789382210648686,1.6240225863486255,1.312746786837115,0.9315453895984804,4.6247093512011705,0.9225752292536112,3.1752539449294535
22.914929107589657,0.9055425338078705,1.542753157999371,1.0901020164344037,1.1900436532585161,0.5941612031171766,2.794057207469689,1.660120391968409,1.3090480185843678,0.9506579249874826,4.6829186862524494,0.9568135839066264,3.2222097218269483
22.935779816513758,0.908256161381974,1.54019832842584,1.1009769091052994,1.1861054454428759,0.6060750771915294,2.7977892430859725,1.6956703314689616,1.3047159899871636,0.9697201235064471,4.741215667596851,0.9917988916989219,3.2694797599531467
22.956630525437863,0.9108948599422564,1.5372684698527463,1.1117056104175982,1.181597174201702,0.6179446821169823,2.8005798950803285,1.730603453008625,1.2997568916218722,0.9887114913871717,4.799580650271649,1.027519010386138,3.317049656705679
22.977481234361967,0.9134597595815519,1.5339659799176524,1.1222808195490017,1.1765258137723618,0.6297571189637895,2.802432390443717,1.7648517482966408,1.294178395149598,1.0076113903420632,4.85799403940347,1.0639603698659696,3.36490472518463
22.99833194328607,0.9159520420542686,1.5302938670433912,1.1326953990687403,1.170899659755308,0.6414994335357465,2.803351584923035,1.798348453729664,1.287989625730839,1.0263990936571943,4.916436324384351,1.1011079949913438,3.413030022358099
23.019182652210173,0.9183729364271264,1.5262557358238436,1.142942393132299,1.1647282855675911,0.6531586570094934,2.8033439236945754,1.8310283523360724,1.2812011141243502,1.0450538512151895,4.974888112422486,1.1389455346709303,3.4614103777034684
23.040033361134277,0.9207237134929135,1.521855786079987,1.1530150301471094,1.1580225168125677,0.6647218298725698,2.8024174215204853,1.8628280364998655,1.2738247684938246,1.0635549277961116,5.033330161476025,1.1774552968564613,3.510030422132469
23.06088407005838,0.9230056812536035,1.5170988155600453,1.1629067411311405,1.1507944080868462,0.6761760442841247,2.800581651570069,1.8936862228533502,1.265873848895531,1.0818816708545995,5.091743412863535,1.2166182895519657,3.558874617462322
23.081734778982483,0.9252201803668771,1.511990215846299,1.1726111736378733,1.1430572064074689,0.6875084822701952,2.7978477204365326,1.9235440399004458,1.2573629270482158,1.1000135716323125,5.1501090234974685,1.256414268104447,3.607927286545213
23.102585487906588,0.927368580186273,1.506535942081971,1.1821222068928963,1.134825272392406,0.6987064560146657,2.7942281952162933,1.952345279575832,1.2483077996316467,1.1179303296234653,5.208408397096854,1.2968217881156698,3.657172643383577
23.123436196830692,0.9294522738111588,1.5007425091243332,1.1914339548025967,1.1261140393463995,0.7097574343282781,2.7897370750213506,1.9800366288176288,1.2387254432810395,1.135611894925245,5.2666232143428715,1.3378182633908333,3.7065948229859713
23.144286905754793,0.9314726739431425,1.4946169852938722,1.2005407793268599,1.1169399663644715,0.720649081413372,2.7843897596250433,2.006567922570587,1.2286339630009186,1.1530385302613952,5.324735462410488,1.3793800289390794,3.7561779113040283
23.165137614678898,0.9334312089440665,1.4881669856435393,1.2094373039266249,1.107320488579689,0.7313692960646516,2.778203017039792,2.0318923848970845,1.218052537437658,1.1701908737034425,5.382727463835271,1.4214824091253586,3.8059059753616147
23.185988323603002,0.9353293193636061,1.4814006295576967,1.2181184235696336,1.0972739126269702,0.7419062469198847,2.771194885098036,2.055966796686665,1.2070013038896672,1.1870499950718156,5.440581904016027,1.4640997900843242,3.8557630928564315
23.206839032527103,0.937168453834721,1.474326532510811,1.2265793076072913,1.0868193622326758,0.752248398925191,2.7633846338413246,2.0787516664216117,1.1955012984559434,1.2035974382803056,5.498281857299375,1.5072056956630127,3.9057333809683703
23.227689741451208,0.9389500655520455,1.466953794246359,1.2348154091027321,1.0759767172268946,0.7623845472787738,2.7547927225388813,2.100211402619666,1.1835743889495842,1.219815275646038,5.555810812224109,1.5507728669415939,3.95580102485215
23.248540450375312,0.9406756090956366,1.4592919874343935,1.2428224768912404,1.064766552295111,0.7723038545330388,2.7454407582564606,2.1203144799935734,1.1712432075246222,1.2356861672528623,5.613152695885448,1.594773345284103,4.005950305913173
23.269391159299413,0.9423465375475089,1.4513511069353033,1.2505965599002793,1.0532100178011652,0.7819958778172065,2.7353513807724545,2.1390335041456634,1.158531019581282,1.2511934045075304,5.670291896667645,1.639178557795975,4.056165629087337
23.290241868223518,0.9439642992841243,1.4431415570662045,1.2581340090100825,1.0413287768657347,0.7914505923138913,2.7245482173675994,2.156345300423343,1.1454616545523082,1.2663209477022261,5.727213285305472,1.6839594043823933,4.106431548878242
23.311092577147623,0.9455303352082659,1.4346741363345663,1.2654314832443354,1.0291449387336669,0.8006584193929793,2.7130558340861035,2.172230995844281,1.1320594326070337,1.281053471028767,5.783902234966168,1.7290863465870208,4.156732794769512
23.331943286071724,0.947046076368099,1.4259600213341792,1.27248595966144,1.0166809912216863,0.809610258767748,2.70089968652461,2.186676094112919,1.118349090343855,1.2953764140283968,5.84034464031031,1.7745294980669697,4.207054296104036
23.352793994995828,0.9485129417076399,1.4170107107791041,1.279294732017792,1.003959677231351,0.8182975056842372,2.6881059954246433,2.1996704310708295,1.1043556449544862,1.3092760090947797,5.896526934742645,1.8202587153854015,4.257381205595506
23.373644703919933,0.9499323357189072,1.4078380094711977,1.2858554110157143,0.9910039304559122,0.8267120690191958,2.6747016973016637,2.2112081741854133,1.0901043235015035,1.3227393104307135,5.952436105851137,1.8662436883342806,4.3076989212750485
23.394495412844034,0.9513056464460401,1.3984540109135564,1.2921659279586604,0.9778368103201066,0.8348463926886329,2.6607143937543567,2.2212878136005476,1.0756204913521175,1.3357542283018127,6.008059709802924,1.912454030158566,4.357993107613514
23.41534612176814,0.9526342438527083,1.388871077518635,1.298224542079281,0.9644814349838872,0.8426934808284795,2.6461722974817223,2.229912144236767,1.0609295784822759,1.3483095693255673,6.0633858846490085,1.9588593675004922,4.4082497159064875
23.436196830692243,0.95391947818382,1.3791017820842277,1.304029833758101,0.9509608626739464,0.8502469036655904,2.6311041046563255,2.237088118205866,1.0460569489413412,1.3603950458649448,6.118403361735521,2.005429428618537,4.458455003048005
23.457047539616344,0.9551626783901467,1.3691588901218852,1.3095807029918025,0.9372980331998962,0.8575008088242518,2.615538945261001,2.2428267610726387,1.031027836519886,1.3720012941188031,6.173101475266764,2.0521341291948296,4.5085955485593106
23.47789824854045,0.9563651508414891,1.35905534144713,1.3148763708617328,0.9235157105579876,0.8644499353252606,2.599506333250032,2.2471430816555955,1.0158672816137866,1.383119896520417,6.227470170830894,2.0989436563291965,4.558658270710824
23.498748957464553,0.9575281783505799,1.3488042283109105,1.319916384283295,0.9096364231546954,0.8710896307497435,2.583036111372212,2.2500559724684734,1.000600065470165,1.3937434091995897,6.281500012830712,2.145828550554846,4.608630441820125
23.519599666388654,0.9586530190736825,1.3384187369245555,1.3247006041226446,0.8956823576753612,0.8774158452814498,2.56615832587502,2.2515879766236604,0.9852505934428974,1.4038653524503197,6.335182190033033,2.192759784386076,4.658499701834329
23.54045037531276,0.9597409055920549,1.327912129537908,1.3292292019858538,0.8816753118869508,0.8834251357059749,2.548903179498772,2.2517651372500933,0.9698428430756459,1.41348021712956,6.388508519321754,2.239708836865997,4.70825407012143
23.561301084236863,0.9607930442245836,1.317297726201453,1.333502659737958,0.867636649727759,0.8891146717641041,2.5313009850144317,2.25061684442726,0.954400314700535,1.4225834748225665,6.441471448476399,2.286647764948541,4.757881956377982
23.582151793160964,0.9618106145947094,1.3065888825400007,1.3375217719650623,0.8535872539885639,0.8944822452402801,2.513382112276825,2.2481756749361326,0.9389459793874204,1.4311715923844481,6.494064057914375,2.3335492716141255,4.807372170736765
23.60300250208507,0.9627947689730673,1.2957989339502518,1.3412876295176424,0.8395474386133045,0.8995262525485281,2.4951768704963593,2.244477099763354,0.923502182474635,1.439242004077645,6.546280060653882,2.3803867692652902,4.856713932187186
23.623853211009173,0.9637466318854225,1.284941178186111,1.3448016147389183,0.8255369156991557,0.9042456915022011,2.476715465295502,2.239559288570327,0.9080906072690713,1.446793106403522,6.5981138006016735,2.4271344380344098,4.905896875267098
23.644703919933274,0.9646672998988947,1.274028858664569,1.3480653992991218,0.8115747663550721,0.9086401603937504,2.4580279581624405,2.2334629181570427,0.8927322429905794,1.4538242566300008,6.649560249970495,2.473767280056166,4.954911055972818
23.66555462885738,0.9655578416143784,1.2630751434199194,1.3510809448882608,0.797679408962625,0.9127098598200778,2.4391442185546177,2.2262309777979383,0.8774473498588876,1.4603357757121245,6.700615005774471,2.5202611697137476,5.003746956986077
23.686405337781483,0.966419297351149,1.2520930745558312,1.353850482979212,0.7838685336753372,0.9164555651315227,2.4200938186609724,2.217908448252246,0.862255387042871,1.4663289042104364,6.751274284727931,2.566592898509102,5.052395491356641
23.707256046705584,0.9672526791461753,1.241095551408273,1.3563765083804729,0.7701590838627027,0.9198786162432014,2.4009059943521036,2.208542083814621,0.8471749922489731,1.4718057859891225,6.801534916640071,2.6127402143146314,5.100848004591533
23.72810675562969,0.9680589708939085,1.2300953168879616,1.3586617758302701,0.7565672443148473,0.9229809105511316,2.3816096131359528,2.19818020930955,0.8322239687463322,1.4767694568818106,6.851394337068431,2.658681856236279,5.149096276108073
23.748957464553794,0.9688391286519561,1.2191049386097539,1.3607092994495593,0.7431084256713459,0.9257648988042553,2.3622331329159407,2.186872517245985,0.8174192682384805,1.4812238380868086,6.9008505792082575,2.704397585245409,5.197132520185989
23.769808173477898,0.9695940805822683,1.208136766221207,1.3625223300231912,0.7297972229477178,0.928233549905913,2.342804514123772,2.1746697508807067,0.8027769452424895,1.4851736798494608,6.949902264435947,2.7498682093918534,5.244949385609441
23.790658882402,0.9703247272071389,1.1972029146300034,1.3641043462252187,0.7166474093992876,0.9303903336952657,2.3233511830998994,2.1616234825356058,0.7883121503392164,1.488624533912425,6.99854859155462,2.7950756034016098,5.292539953888665
23.811509591326104,0.9710319418049096,1.186315254821918,1.365459050852507,0.7036719419115961,0.9322392097775147,2.3039000109650263,2.1477859256284435,0.7740391361027558,1.4915827356440237,7.046789325437701,2.840002724003823,5.339897736999577
23.83236030025021,0.9717165709182473,1.1754853972557366,1.3665903689732057,0.6908829595807385,0.9337846182851613,2.2844772787716363,2.133209743738896,0.7599712555388124,1.4940553892562582,7.094624785088837,2.884633621307488,5.3870166748284145
23.85321100917431,0.9723794345020225,1.1647246598506653,1.3675024252131895,0.678291766632124,0.9350314414819775,2.265108612192301,2.1179477707714085,0.7461209432953364,1.496050306371164,7.14205583065768,2.9289534452702677,5.433891131609702
23.874061718098414,0.9730213263028221,1.1540440507039138,1.3681995311682593,0.6659088354825488,0.9359849785445223,2.245818945655607,2.1020527976643453,0.7324997190308037,1.4975759656712357,7.189083849400884,2.9729484470262726,5.48051589114232
23.89491242702252,0.9736430144340993,1.1434542634583993,1.3686861822310668,0.6537438263105952,0.9366509327151264,2.2266325118823174,2.085577419068397,0.7191182089416548,1.4986414923442024,7.235710741160039,3.016605976391712,5.526886151630103
23.91576313594662,0.9742452419889228,1.1329656639986236,1.3689670541562449,0.6418055978999211,0.9370353976826136,2.2075728149749594,2.068573870593388,0.7059861576899132,1.4992566362921818,7.281938903450039,3.0599144760754204,5.572997520429806
23.936613844870724,0.9748287273771067,1.1225882697973668,1.3690469836995574,0.6301022117433228,0.9371448217884281,2.1886625888300704,2.0510938117641557,0.6931124329176551,1.499431714861485,7.327771215833329,3.1028634719298593,5.618846008146251
23.95746455379483,0.9753941647088749,1.1123317331502667,1.368930950370085,0.618640942286538,0.9369859734405721,2.169923763470559,2.0331881298072916,0.6805050365151918,1.4991775575049155,7.373211023509527,3.145443558893701,5.664428021717972
23.97831526271893,0.9759422244823,1.102205339514676,1.368624074265449,0.6074283052273312,0.9365659283294786,2.151377461764443,2.014906829664533,0.6681711357500644,1.4985054853271658,7.418262120519895,3.1876463837422344,5.709740357154762
23.999165971643034,0.976473554226027,1.0922179992085073,1.3681316108923471,0.5964700788975174,0.9358920523614443,2.133043983353542,1.996298911357977,0.6561170867872691,1.4974272837783111,7.462928732750068,3.2294646254126134,5.754780192347037
24.02001668056714,0.9769887790233713,1.0823782362412477,1.3674589386463931,0.5857713231443572,0.93497197444196,2.1149427829336136,1.9774122295912144,0.6443484554587929,1.495955159107136,7.507215500538719,3.270891972586815,5.799545079598202
24.04086738949124,0.9774885018189362,1.072694175241446,1.3666115339036626,0.575336396798463,0.9338135422992608,2.097092444533321,1.9582933241586766,0.6328700364783094,1.4941016676788175,7.551127460791705,3.3119230980429184,5.84403293738305
24.061718098415344,0.9779733041442691,1.0631735405497245,1.365594968979529,0.5651689886625183,0.9324248096511004,2.0795106806603503,1.9389873505821573,0.6216858875287702,1.4918796954417608,7.594670028819165,3.3525536305151977,5.888242041710905
24.08256880733945,0.9784437467512546,1.0538236538724075,1.3644149057338228,0.5552721467304959,0.9308140174943184,2.062214328620031,1.91953800415716,0.6107993614035455,1.4893024279909095,7.637848980125259,3.392780125039171,5.932171017652994
24.10341951626355,0.9789003702910253,1.0446514289107294,1.3630770911994539,0.5456483039626143,0.9289895782763822,2.0452193411715234,1.8999874532376335,0.6002131343588758,1.4863833252422116,7.680670432062197,3.4326000318093373,5.9758188309244185
24.124270225187654,0.9793436955512148,1.0356633660622259,1.3615873287799605,0.53629930390167,0.9269600269470741,2.0285407765327816,1.8803762128780661,0.5899292342918371,1.4831360431153187,7.723140825282636,3.4720116630240567,6.0191847789749655
24.14512093411176,0.9797742241129992,1.0268655516992147,1.3599514728187867,0.5272264306332662,0.9247340042109936,2.01219279836893,1.860743103680225,0.5799490736965929,1.4795744067375898,7.765266905087702,3.5110141579840075,6.062268481621354
24.16597164303586,0.9801924390070971,1.018263659651257,1.3581754244200757,0.5184304402831855,0.9223202417493264,1.9961886802117166,1.841125226110139,0.5702734843115042,1.4757123867989224,7.807055702821024,3.5496074474939108,6.105069871858469
24.186822351959965,0.9805988053840087,1.009862950451957,1.3562651285562826,0.5099115893477658,0.9197275494688948,1.9805408056295186,1.8215579417847878,0.5609027482825425,1.4715640791502318,7.848514517310614,3.587792217801408,6.147589186897496
24.20767306088407,0.9809937708597787,1.001668272792617,1.354226552867203,0.5016696643596722,0.9169647782452938,1.9652606721548616,1.8020748164366795,0.5518366307956395,1.4671436451924702,7.889650896353405,3.625569873746171,6.189826959034914
24.22852376980817,0.9813777659706484,0.9936840670806009,1.352065673024783,0.493704012584922,0.9140407920859799,1.950358899664376,1.7827075935011665,0.5430744138434143,1.462465267337568,7.930472618328164,3.6629425010390966,6.231784006127998
24.249374478732275,0.9817512048443869,0.9859143665221385,1.3497884715308182,0.4860135690573748,0.9109644589387511,1.935845234413,1.7634862065561985,0.5346149259631123,1.4575431343020018,7.970987673937813,3.699912828395827,6.273461422114719
24.27022518765638,0.9821144857832244,0.9783628026678256,1.3474009330266694,0.47859688682202134,0.9077446371605696,1.9217285617030915,1.7444387959642762,0.5264565755042235,1.4523914194569114,8.011204248125848,3.7364841899733987,6.314860567811409
24.29107589658048,0.9824679917866453,0.9710326068549148,1.3449090360743747,0.47145216178772575,0.904390157657252,1.9080169104321985,1.7255917144384787,0.5185973779664984,1.4470242522516032,8.05113070217229,3.7726604880384773,6.355983061818694
24.311926605504585,0.9828120908132546,0.9639266231518652,1.3423187307091822,0.46457726741047894,0.900909787406355,1.8947174797808894,1.7069695219045058,0.5110349941515269,1.441455659850168,8.090775556115299,3.8084461556400533,6.396830771203807
24.33277731442869,0.9831471363835579,0.9570473098358082,1.3396359364018398,0.45796977663197874,0.897312221049617,1.881836644097325,1.6885950187675285,0.5037667542951767,1.4356995536793873,8.130147471501854,3.843846119575335,6.437405802083462
24.35362802335279,0.9834734681213212,0.9503967463624003,1.3368665383338154,0.4516269877481184,0.8936060706583194,1.869379968472499,1.670489288194083,0.49678968652293026,1.4297697130533111,8.169255234351827,3.8788657641433213,6.477710490444078
24.374478732276895,0.9837914123169016,0.9439766363443419,1.334016385573674,0.44554594498198896,0.8897998584895246,1.8573522165267167,1.6526717394306774,0.4901005394801879,1.4236797735832394,8.208107738365582,3.9135108957907874,6.5177473932030425
24.395329441201,0.9841012821749832,0.9377883242190534,1.3310912713871978,0.43972347052079025,0.8859019863815935,1.8457573845453987,1.6351601333472634,0.48369581757286934,1.4174431782105497,8.246713968568589,3.9477877084761306,6.557519279241898
24.4161801501251,0.9844033782571165,0.9318328036754354,1.3280969257386335,0.4341561870028113,0.8819207220782046,1.8345987198177982,1.6179706277054624,0.47757180570309243,1.4110731553251274,8.285082985503147,3.981702749771505,6.597029120326252
24.437030859049205,0.9846979890093861,0.9261107206907666,1.3250390141590644,0.42884053348918555,0.8778641945218127,1.8238787285284623,1.6011178309251064,0.47172458683810414,1.4045827112349005,8.323223909693581,4.01526288799743,6.636280082160087
24.45788156797331,0.9849853912456827,0.9206223828227118,1.321923135637331,0.4237727858770839,0.8737403882666168,1.813599195868323,1.5846148655580126,0.4661500644647923,1.397984621226587,8.361145906403308,4.048475280579616,6.6752755156855725
24.478732276897414,0.9852658505013778,0.9153677694788837,1.3187548128894115,0.41894907670037335,0.8695571282594934,1.803761207834323,1.568473415950289,0.46084398437041074,1.3912914052151895,8.398858170828902,4.081347343564484,6.714018948497053
24.499582985821515,0.9855396213125539,0.9103465516180781,1.3155394794674962,0.41436542202146304,0.8653220610188054,1.79436519148974,1.5527037857203052,0.45580196422360936,1.3845152976300887,8.436369913941117,4.11388672223077,6.752514076222646
24.52043369474562,0.9858069476895636,0.9055580934405353,1.312282479048258,0.4100177302978286,0.8610426524085207,1.7854109201003894,1.5373149542823767,0.45101950332761154,1.3776682438536332,8.473690348799233,4.146101262889682,6.79076475396488
24.541284403669724,0.9860680635425666,0.9010014626130407,1.3089890638318216,0.4059018178154193,0.8567261846156543,1.7768975349757226,1.522314645592712,0.44649199959696123,1.370761895385047,8.510828677146566,4.177998985990968,6.828774987932389
24.562135112593825,0.9863231930766414,0.8966754365172446,1.3056643912809451,0.40201341922669553,0.8523797513295205,1.7688235593981598,1.5077093857056008,0.44221476114936514,1.363807602127233,8.547794076378985,4.209588060545784,6.866548927238667
24.58298582151793,0.9865725510006974,0.8925785276985168,1.3023135111263755,0.39834821405422594,0.848010240631154,1.7611869500799446,1.493504569333742,0.43818303545964854,1.3568163850098465,8.584595687195064,4.240876779843527,6.904090855759792
24.603836530442035,0.9868163429170177,0.8887089886716503,1.2989413634255258,0.3949018332728937,0.8436243328088819,1.7539851082368785,1.4797045166930511,0.4343920166001831,1.3497989324942112,8.621242601898118,4.271873538455151,6.94140518404966
24.624687239366136,0.9870547657033107,0.8850648194145201,1.2955527778037246,0.39166986728262854,0.8392285000374735,1.7472148959188842,1.4663125363451357,0.43083685401089145,1.3427656000599577,8.657743852983975,4.3025868104843195,6.978496441380402
24.64553794829024,0.9872880078880458,0.8816437737844345,1.2921524730014808,0.3886478719264295,0.8348290067419213,1.7408726501730665,1.4533309854081573,0.4275126591190725,1.335726410787074,8.694108402046654,4.333025129101432,7.015369267943967
24.666388657214345,0.9875162498574873,0.8784433828208073,1.2887450474162772,0.38583138841083164,0.8304318986199912,1.7349542302306573,1.4407613354292303,0.42441452725191486,1.328691037791986,8.730345129323592,4.363197067392065,7.052028407174057
24.687239366138446,0.9877396641565609,0.8754609660940122,1.2853349757092478,0.3832159515771306,0.8260429998907464,1.729455041263756,1.4286042304616875,0.4215375467348437,1.3216687998251944,8.766462823980534,4.39311122049768,7.088478698162418
24.70809007506255,0.9879584158312121,0.8726936355936764,1.2819266086861894,0.38079709080285423,0.8216679150288372,1.7243700434542193,1.4168595383432139,0.4188767998831397,1.3146686640461396,8.802470174738646,4.422776188896398,7.124725068163351
24.728940783986655,0.9881726627587007,0.8701383040207612,1.2785241738790074,0.3785703340620633,0.8173120315964992,1.719693769705071,1.4055264086414938,0.4164273674682697,1.307699250554399,8.838375760780758,4.452200562822428,7.160772525231242
24.749791492910756,0.9883825558715419,0.8677917016488849,1.275131770227606,0.37653121872533357,0.812980515721894,1.7154203600796787,1.3946033290174145,0.41418434059786696,1.3007688251550305,8.874188043201363,4.481392907877251,7.196626151000374
24.77064220183486,0.9885882393881582,0.8656503943275649,1.271753364265507,0.37467530259973425,0.8086783097603176,1.7115435985079044,1.384088184322464,0.4121428328597077,1.2938852956165083,8.909915357198317,4.510361751844516,7.232291093600763
24.791492910758965,0.9887898511110693,0.8637107856731644,1.2683927901318666,0.3729981606440775,0.8044101350292506,1.7080569183375858,1.373978296317583,0.4102979767084853,1.287056216046801,8.945565904705049,4.539115572535094,7.267772560669483
24.812343619683066,0.9889875227159757,0.8619691250762772,1.265053750831487,0.37149538629238144,0.800180496246407,1.7049534193336888,1.3642704731594395,0.40864492492161963,1.2802887939942513,8.981147747257914,4.567662786562165,7.303075812459212
24.83319432860717,0.98918137997942,0.8604215190850601,1.26173981593947,0.37016259525232126,0.7959936815634837,1.7022258912250974,1.3549610540089474,0.4071788547775534,1.2735898905015741,9.016668799286261,4.596011739097284,7.338206155080096
24.854045037531275,0.9893715429653727,0.8590639533162385,1.2584544186525712,0.36899543794366224,0.7918537619130905,1.6998668579968395,1.3460459662561826,0.4058949817380285,1.2669660190609449,9.052136822109677,4.624170694688039,7.373168933917443
24.874895746455376,0.9895581262792195,0.8578922946798361,1.2552008557447762,0.36798959463551734,0.7877645941312093,1.6978685833455172,1.3375207554473125,0.4047885540990691,1.260423350609935,9.087559418453942,4.6521478289843605,7.4079695271775305
24.89574645537948,0.98974123931844,0.8569022982553958,1.2519822891580936,0.3671407743776896,0.7837298261827702,1.6962230853002298,1.3293806238095514,0.4038548518154586,1.2539677218924323,9.122944027176272,4.67995122117845,7.442613339504648
24.916597164303585,0.9899209864937195,0.8560896139470029,1.2488017457227114,0.36644471355396424,0.7797529000600458,1.694922150330889,1.32162046209652,0.4030891849093607,1.2476046400960734,9.158297918290026,4.7075888471783065,7.477105795704747
24.937447873227686,0.9900974673893516,0.855449809638569,1.2456621157807233,0.365897188405332,0.775837053345654,1.6939573800037,1.314234902195195,0.4024869072458652,1.2413392853530465,9.193628188622952,4.735068573661745,7.511452334670594
24.95829858215179,0.9902707769766367,0.854978374806194,1.2425661532115921,0.3654940106931204,0.7719853225535269,1.6933201990351037,1.307218340038517,0.40204341176243247,1.2351765160856432,9.228941758045794,4.7623981529177275,7.545658403482595
24.979149291075895,0.990441005835758,0.8546707233136883,1.239516477069318,0.3652310226447716,0.7682005484631664,1.6930018617143685,1.3005649587181398,0.4017541249092488,1.2291208775410665,9.264245365851774,4.789585218167486,7.5797294515465925
25.0,0.9906082403378595,0.8545222066009667,1.2365155725458894,0.3651041007870926,0.7644853805742443,1.6929934788212169,1.294268763966352,0.4016145108658019,1.223176608918791,9.299545567483715,4.816637279496558,7.613670924880987
