12.282486453599505
10.884981060627789
12.252862577086754
8.828190950799609
12.40358247187821
5.6134439092210409
5.2689014626681523
5.7175546067546472
12.933208699133603
3.8493753378118458
5.4992901854184471
3.9037488632928836
13.74388433420868
3.4650658337332243
12.244787876905152
12.316742381844833
5.5269201994395845
12.450502738404561
9.7367032754390994
12.956505326494673
4.9401630469824509
12.5158670494063
10.445792478813839
13.437599136355463
6.4104703782558028
5.4067996422873188
10.374971292118067
4.8501719799353964
4.6027064547104048
12.450502738404561
3.9690492267907298
4.4146676035603463
12.409790708450451
7.0439104408909614
3.9814452647092664
3.6838805411548505
6.7577368529860946
12.405867290131317
6.9327137791569031
4.057411623662718
4.6518169372530895
3.9746425326698738
5.060643620509639
5.0052907929285917
3.6213157230917203
12.262872004723661
4.2237541189613319
9.3649668517283189
3.6867771231820425
4.0838893296550873
4.8265099569248129
10.307091009330835
13.548719934479319
9.8259778926506858
12.914988142943578
12.354867481225345
3.8866543070315891
13.380936737885586
4.7855572315328274
13.210458780747354
3.8214977946869344
13.67592692725027
11.595211424179555
13.37950019456208
4.0682853435657149
5.7956951565109662
3.0225840703021474
2.8888805340938299
3.5646791666649542
4.1527385405721233
6.1025231225149152
5.2826107904738135
4.1384835044678594
8.0978865895606642
13.520107997970106
6.0497720270718149
12.632091454183897
12.673159862132453
11.567197448186235
3.8277876315465771
11.570028140397628
5.169677991525905
4.0607822417170762
4.5944471745031059
9.2725653951257012
12.788141440570099
3.0247147022394509
5.84640084946997
11.585824463614154
3.2348458018241382
2.6213794544482938
13.470369443805621
13.174487886965251
3.1098831127259037
2.8116124431105156
3.2185709326428364
3.8803525898508151
3.7044139494128947
5.7956951565109662
3.7645357757498425
9.5412644525006503
13.506659512017018
8.1463306845571246
10.690232926919883
4.3792628416572157
4.3454397530371018
4.3675111163545282
4.3665983792303402
7.5283001211824798
3.9875906493490847
4.7338071497643313
5.2009901551726676
5.0196014695116427
3.8334523002044687
3.8156834083631348
4.6511188288085981
4.950280122570895
4.8411731636939228
7.4399753864738196
6.9839408807417529
7.7314070015532854
8.4217439177896125
8.498753469193522
8.4263440296176881
9.528250474323988
8.4596473844288251
7.3852419322483058
7.2063081586580813
8.7658511409534619
11.812014085160621
3.8214977946869344
7.7314070015532854
8.0214484157450379
13.67592692725027
3.6225135721860142
5.2957161822168377
8.1172531941467945
9.2670757472158929
11.259974166360953
11.198443479805846
6.750276780898977
10.590008216897008
10.507538836984924
5.1276114631715775
9.4646593212480834
5.3512984915170758
5.2546386377376448
13.188941519045457
8.5511507031276999
5.6012416973557384
5.7184390187875467
6.582937790105488
8.1159958641815315
13.702779981226543
6.2473981942617458
5.5865904271641345
12.282486453599505
8.1463306845571246
4.3116685365400693
4.2235525640094131
9.3676305910023068
4.1804239488267667
4.2220873060393131
8.1961168564717077
4.8508086068370924
4.19046345097202
6.1596014069512197
12.783658154162509
5.7079121385133886
4.2358441841021079
5.3522558318733378
6.5316705582064936
13.01914959473007
5.5693615008230246
10.924287581761902
4.8894260859487266
13.061769300888292
13.015160014209687
10.953808281333494
4.3664933682771903
6.7499261250768061
5.644126126355701
6.5583444897386993
11.595211424179555
10.884981060627789
5.6413866872728544
12.252862577086754
8.828190950799609
9.384282115288352
10.091197336706831
8.8282118114210153
8.4718145653830756
5.2795436951170673
6.1930791657528301
5.869277689946613
9.799973501139398
6.1596014069512197
5.9229264696558559
5.9823968458857051
5.5677893293598046
6.8912357521001804
12.40358247187821
4.950280122570895
5.0795169528706419
8.7083116381786319
4.4915911386955907
8.3439371132010791
4.754039612601721
4.9118592657625664
3.2678107484463843
3.0321634474028243
4.5217842011500995
3.1203728509380824
5.0215113789965722
5.6134439092210409
5.2645363487246648
4.8887281257149038
4.9210486516491185
4.8104138534022534
6.3862176377964603
4.9860063337324982
11.825465369578314
11.719291610826735
9.3893316522767467
9.4674605280038335
13.37950019456208
6.2421933275859445
6.6902024089544918
4.0682853435657149
8.0214484157450379
9.9011305625602173
3.6225135721860142
4.9118592657625664
2.8637478690265872
12.783658154162509
8.4217439177896125
9.384282115288352
10.690232926919883
10.433513390488333
5.7956951565109662
9.9011305625602173
5.2689014626681523
5.3170990376379414
11.479688117090893
10.727094689345616
4.3792628416572157
4.3116685365400693
8.0650754045085797
8.8116731509510107
9.7998836050969516
9.4872506053522176
3.0225840703021474
5.7175546067546472
5.2795436951170673
12.933208699133603
5.2957161822168377
5.8661583293728956
7.4369173424286652
7.8797096756016778
7.6738357893740226
7.5959665032630719
2.8888805340938299
4.0344912096324448
5.7791528767821418
3.8493753378118458
5.9953284187547471
5.7079121385133886
5.9953284187547471
5.4992901854184471
4.2358441841021079
7.5879711205167588
4.5894655492339229
4.3072222880514017
4.4261265030660617
3.2678107484463843
2.8637478690265872
3.2209773122265326
3.2914840351415764
10.417329683211495
4.4947649118148609
5.6987015183973737
3.6445544242518748
4.4209320012620763
2.8515987479102614
3.7735660580430408
11.207364488998872
3.854711331146182
5.0584982471145103
5.6814401718265737
5.677073068955691
3.3847437322928475
3.9037488632928836
7.8195914676074851
6.2473981942617458
5.7819191630122742
13.006171621085304
5.810650702476754
6.9052993443284514
8.7484242393901877
6.1336043203049924
12.950180790653983
6.4270048113115976
6.0920201802469416
8.8523306064889287
5.941781793230164
12.737770825376675
5.443165478546244
5.4786471814860924
8.1172531941467945
4.1346465697105605
2.8446020509647867
6.2421933275859445
5.7819191630122742
8.6704626979204757
13.708009695958467
7.0687561299922281
7.2567654232225776
8.50262081533889
6.7539021108649013
13.74388433420868
10.509675420774659
3.5646791666649542
6.1930791657528301
5.3522558318733378
7.5879711205167588
3.9875906493490847
4.1346465697105605
4.4757010945496454
4.1701356500127229
8.2980201117178787
3.8522122204609879
5.5546172264867018
6.828931653325669
6.2702219205250724
5.5637722945200334
5.5638168397268206
4.9903685698801041
10.656274577754743
10.661229349849545
4.1527385405721233
5.1433163555396177
7.5478165521110991
6.5017874496598784
9.0177154587803656
4.3073929480813149
5.4668949105755127
5.7691688646654891
5.4668949105755127
6.5281007323612865
3.8610052643560833
7.0730948460449259
3.5430905494918608
4.6199697990801667
8.2746490357447069
3.4210301142343864
3.2599562825669168
7.1535201478000587
5.2769447333049495
12.973843637583718
5.856049577871338
3.847524455738891
8.3390991201476989
7.6877352348829797
5.8867916577524735
3.2810116505157314
6.1025231225149152
3.7292555724412746
7.2066203115592247
9.2670757472158929
5.4983899085804735
4.7827458596083829
2.8446020509647867
4.4757010945496454
3.6139580729514424
5.0670369067066474
12.47481246806149
10.383031634736653
3.3068047738887665
3.4124709017476071
2.6859511285477735
3.541586071381515
10.577364228294964
3.0584565642978196
7.1886051826082449
4.6786623561816345
4.4792371819804968
6.7537328850892111
4.1189432023941732
9.2389587247673646
12.379012994684468
4.4235943851214525
4.5583547009875511
6.7499261250768061
6.792062105031869
6.7148612035588835
6.7499936956945543
5.3147513243275037
6.244761024949554
4.1701356500127229
7.3409894736767338
5.6393603705268482
6.3924312283182871
10.83479710973773
11.475812872544866
3.4650658337332243
7.3787834193415653
9.563789683151299
12.244787876905152
11.259974166360953
5.2645363487246648
5.8724041323517548
5.2826107904738135
5.1433163555396177
4.2235525640094131
4.7053678310813005
11.198443479805846
5.9229264696558559
6.5819525785175763
8.0755177617585296
8.0755177617585296
7.4496532879299711
12.316742381844833
3.9420664129707914
3.9976030202737292
5.5865904271641345
13.006171621085304
6.175155143247026
5.6364791664842704
8.6624276849679482
6.684680665601082
5.2147476114919842
6.750276780898977
3.2209773122265326
9.1138720559769837
10.590008216897008
5.810650702476754
8.6594182757758809
12.024739966217558
10.507538836984924
8.7890553197324106
6.9052993443284514
8.6704626979204757
4.1384835044678594
7.4369173424286652
8.498753469193522
10.091197336706831
5.0447746290057704
4.636844152287388
4.6639568423732491
4.0453335262341108
3.6139580729514424
6.3490417408083806
8.0978865895606642
3.2512800677676497
5.3170990376379414
4.7101698772414942
10.002815160878878
3.8610052643560833
3.9733387156549558
4.8011330200306324
8.2980201117178787
5.0670369067066474
5.5269201994395845
9.0317944398161671
7.6738357893740226
7.1825267230158607
13.520107997970106
13.27396158585449
12.450502738404561
8.7484242393901877
7.3620216284194218
9.7367032754390994
13.30477735271635
6.0497720270718149
6.1336043203049924
9.1025690215632995
9.8011171984030785
11.866265531534316
3.2914840351415764
5.4983899085804735
9.1853646677982006
11.182586739949356
9.8788538128001093
12.950180790653983
8.6594182757758809
8.5822577502243362
5.443165478546244
7.5478165521110991
4.6120948737076031
6.498916487314748
4.7263882734874114
9.3893316522767467
10.417329683211495
7.0730948460449259
12.632091454183897
6.175155143247026
5.8156936582973451
6.4901939985012689
6.0715165164682183
3.6531239508320623
12.956505326494673
13.27396158585449
10.430750233292292
5.7826605799522444
5.7184214031550571
5.1276114631715775
4.6120948737076031
6.4455133739506323
4.7115008334937611
5.9823968458857051
6.6902024089544918
6.4270048113115976
13.708009695958467
10.357586850648419
5.4679047435145236
8.3182052664269595
5.8838688455772372
12.673159862132453
9.4646593212480834
9.4509648715098109
6.5316705582064936
6.5819525785175763
8.1859766502265572
7.9767978851244168
8.2639381916962691
4.4915911386955907
4.5646033333906439
2.710105210695537
3.8675591784341004
2.3490365987476105
2.2097332021114604
6.7239334399548447
11.567197448186235
7.1886051826082449
10.002815160878878
8.6891718958371644
4.4965864762833245
4.6999187495219505
12.775223657507446
12.775223657507446
5.3147513243275037
4.6792649972764542
7.8797096756016778
7.8299305092437255
5.6364791664842704
9.0317944398161671
5.8156936582973451
6.9421786495593905
6.1291609546017627
5.6578400081600302
3.5430905494918608
4.077779391067077
7.4399753864738196
6.792062105031869
4.7338071497643313
13.01914959473007
4.6434928750801516
12.47481246806149
4.6335439639948692
9.3676305910023068
8.0650754045085797
10.509675420774659
3.8277876315465771
6.956535012354462
11.570028140397628
4.6199697990801667
4.968941895274833
4.6344620985510572
4.1804239488267667
10.446861352848201
4.6341149738807044
7.3828132518505019
6.4651234870745773
4.9401630469824509
4.8887281257149038
4.4947649118148609
8.2746490357447069
11.991605359676353
5.0541777436224242
3.0321634474028243
10.383031634736653
2.6792727026602643
10.353292716760343
2.7724701358897681
9.8632044048358125
3.3094879060125457
2.7535280222936342
4.1725428646705849
5.169677991525905
9.4509648715098109
4.0607822417170762
8.6891718958371644
7.0687561299922281
4.5944471745031059
3.7292555724412746
2.710105210695537
3.9054381595675891
4.9030569229730574
3.5720444362952564
5.4812652234273624
3.6912832409992116
12.5158670494063
4.0344912096324448
4.4965864762833245
4.9021661380835884
10.445792478813839
4.2220873060393131
4.7080752534825665
3.3068047738887665
2.6792727026602643
4.6786623561816345
4.9784127105953706
13.437599136355463
6.4104703782558028
4.9210486516491185
7.8989427834585122
5.3512984915170758
5.8724041323517548
10.430750233292292
6.0920201802469416
9.1025690215632995
8.1961168564717077
10.446861352848201
6.498916487314748
5.4067996422873188
5.644126126355701
4.5894655492339229
3.9344549294564071
4.7336630835130613
10.374971292118067
3.9054381595675891
3.7129096483859394
11.812014085160621
5.2546386377376448
5.8661583293728956
5.7826605799522444
7.8020886717695292
5.5693615008230246
13.30477735271635
5.1129698293788701
4.8501719799353964
10.433513390488333
8.4263440296176881
6.244761024949554
6.1703526724210116
7.5085210440463301
13.188941519045457
9.2725653951257012
10.197675997117948
10.48098773823143
4.6027064547104048
6.5583444897386993
7.206601155348042
12.788141440570099
8.0755177617585296
8.8750870126284465
3.4210301142343864
4.4792371819804968
12.024739966217558
9.2478121250863978
11.727100556804045
11.947557331108065
12.735052138604473
3.9049455115211371
4.2968117160721215
3.8546944048532885
5.3127237018885225
11.31914909447053
3.3050865307142407
7.7602465457237759
4.9030569229730574
3.2512800677676497
4.4665695600759241
3.6531223070055452
12.450502738404561
7.1825267230158607
7.8299305092437255
7.1826941906878892
3.9690492267907298
4.4146676035603463
8.3167687044356988
6.4455133739506323
8.5318552697888066
10.353292716760343
12.409790708450451
8.3439371132010791
8.4223242602434514
3.0247147022394509
4.6792649972764542
5.84640084946997
7.0439104408909614
11.805421380332415
8.8116731509510107
6.7537328850892111
9.2478121250863978
10.197675997117948
10.066519370702203
8.3061568832468762
10.197739491579085
4.3454397530371018
4.8508086068370924
6.9421786495593905
6.7797971966267081
8.0300535672871334
3.9814452647092664
4.1189432023941732
11.727100556804045
12.054967709592946
4.9186914380884765
12.783471550257252
3.6848594992377244
3.7183822610713619
11.479688117090893
5.6987015183973737
8.7890553197324106
11.866265531534316
8.8750870126284465
10.336492653186932
3.8522122204609879
3.4124709017476071
4.3675111163545282
9.1853646677982006
9.824048217433349
4.19046345097202
7.3787834193415653
4.6341149738807044
4.7080752534825665
4.576113776512126
8.6100956564484932
4.4665695600759241
4.5345711691376902
8.6624276849679482
6.4901939985012689
6.9839408807417529
7.5959665032630719
8.344345385948829
8.5526267112574921
9.5278358109736025
7.4246216327710854
7.2567654232225776
10.357586850648419
4.8411731636939228
4.7115008334937611
3.6838805411548505
4.9057209804168291
11.585824463614154
7.3409894736767338
7.3828132518505019
5.2009901551726676
5.6393603705268482
7.7155501474491617
11.947557331108065
6.7577368529860946
10.924287581761902
4.3072222880514017
5.0447746290057704
3.9344549294564071
3.5861349937295302
3.5410466275389401
3.4075319947836453
3.5738916913284751
5.0694929320293829
5.5546172264867018
6.4651234870745773
6.854496400344396
2.6859511285477735
2.7724701358897681
4.1543552029525683
6.5017874496598784
12.405867290131317
5.0795169528706419
5.3862073001819235
6.9327137791569031
4.057411623662718
5.1129698293788701
4.6518169372530895
8.7083116381786319
6.828931653325669
3.541586071381515
13.081441799415257
4.5217842011500995
4.584598269076559
10.066519370702203
9.5278358109736025
3.2348458018241382
5.869277689946613
9.9011305625602173
6.3096948042803689
6.2702219205250724
10.577364228294964
6.3490417408083806
8.0755177617585296
8.1859766502265572
8.8523306064889287
6.684680665601082
11.182586739949356
9.824048217433349
3.6445544242518748
3.6439527873433306
7.9767978851244168
9.2389587247673646
12.735052138604473
3.9746425326698738
7.8195914676074851
6.1291609546017627
9.0998821516180595
6.7239334399548447
6.801898319523775
5.060643620509639
4.8104138534022534
10.336492653186932
9.563789683151299
4.7053678310813005
3.6531239508320623
3.6531223070055452
8.3061568832468762
4.576113776512126
4.5345711691376902
7.4246216327710854
5.5637722945200334
5.0052907929285917
2.6213794544482938
3.6873009220984483
13.470369443805621
3.6213157230917203
5.3862073001819235
12.262872004723661
4.2237541189613319
6.7797971966267081
8.4540049750746142
8.2963540166572614
10.325081970347698
4.9784127105953706
3.6873009220984483
6.956535012354462
6.801898319523775
4.4209320012620763
3.2599562825669168
4.3665983792303402
8.3167687044356988
4.4765427233561939
8.6100956564484932
12.054967709592946
12.379012994684468
4.9186914380884765
5.4657428012314258
2.8515987479102614
4.7827458596083829
4.5997457426198114
9.3649668517283189
8.8282118114210153
9.7998836050969516
9.8011171984030785
9.8788538128001093
3.7735660580430408
7.1535201478000587
3.9420664129707914
4.077779391067077
7.7602465457237759
3.6439527873433306
4.0251204644856751
3.7831937535386491
7.3852419322483058
6.3862176377964603
6.7156721786463986
8.341899733165981
3.6867771231820425
8.5511507031276999
8.344345385948829
4.9860063337324982
7.8989427834585122
4.0838893296550873
5.2769447333049495
3.9976030202737292
4.0251204644856751
3.9068992747748852
9.0998821516180595
8.50262081533889
8.5822577502243362
6.1703526724210116
4.4685285189873829
4.8894260859487266
4.636844152287388
9.8632044048358125
3.5861349937295302
4.4685285189873829
4.4359228725543964
3.8880187083181235
10.530609989921896
3.1371784106944625
3.0914607801903524
3.8096466590915017
11.207364488998872
12.973843637583718
4.968941895274833
3.9049455115211371
4.8802450319519792
5.856049577871338
11.991605359676353
4.8265099569248129
8.5318552697888066
5.941781793230164
5.2147476114919842
7.3620216284194218
9.4872506053522176
9.6412274081856175
10.48098773823143
10.197739491579085
7.5283001211824798
9.6412274081856175
10.307091009330835
9.528250474323988
9.0177154587803656
5.2452001219350386
5.0196014695116427
3.5720444362952564
3.7129096483859394
3.9876421093760803
5.6012416973557384
7.256158325821235
3.8334523002044687
5.4812652234273624
6.8336742420177572
3.8156834083631348
3.9876421093760803
13.548719934479319
4.6639568423732491
4.4359228725543964
5.5638168397268206
6.854496400344396
7.5582648072459317
9.8259778926506858
10.325081970347698
9.5275623632279718
4.5646033333906439
4.4765427233561939
3.847524455738891
5.0541777436224242
3.854711331146182
3.7831937535386491
5.4786471814860924
4.3073929480813149
4.7263882734874114
5.2452001219350386
4.9080789134471656
13.061769300888292
7.2063081586580813
5.7184390187875467
11.825465369578314
6.7156721786463986
7.256158325821235
4.9903685698801041
7.5582648072459317
7.4496532879299711
8.2639381916962691
12.914988142943578
4.754039612601721
11.805421380332415
4.8426310539150537
10.656274577754743
3.5410466275389401
3.8880187083181235
4.9021661380835884
13.174487886965251
6.3924312283182871
7.7155501474491617
12.006764974050913
12.749208907684929
13.73946274951197
5.5677893293598046
5.4679047435145236
13.015160014209687
10.953808281333494
3.1098831127259037
2.6812010507914072
3.5082841620438452
4.0453335262341108
3.4075319947836453
8.0083411161124864
3.8675591784341004
3.6912832409992116
12.737770825376675
5.4668949105755127
4.3664933682771903
4.6434928750801516
8.0300535672871334
8.4540049750746142
2.8116124431105156
2.3490365987476105
2.9663017822693662
3.5738916913284751
8.0083411161124864
3.2185709326428364
4.7101698772414942
3.8803525898508151
6.7539021108649013
8.3182052664269595
3.7044139494128947
2.2097332021114604
2.6812010507914072
2.9570666281194051
10.530609989921896
3.3094879060125457
3.1371784106944625
5.0694929320293829
6.8912357521001804
5.8838688455772372
5.7956951565109662
9.9011305625602173
3.7645357757498425
5.7791528767821418
7.1826941906878892
9.799973501139398
6.3096948042803689
4.4235943851214525
4.6999187495219505
3.1203728509380824
4.584598269076559
3.0914607801903524
4.5583547009875511
5.4657428012314258
2.7535280222936342
4.1543552029525683
7.5085210440463301
12.775223657507446
8.4596473844288251
8.4718145653830756
12.775223657507446
4.6335439639948692
4.1725428646705849
12.006764974050913
12.783471550257252
4.2968117160721215
3.6848594992377244
3.8546944048532885
3.7183822610713619
5.7691688646654891
4.9080789134471656
3.0584565642978196
13.081441799415257
8.3390991201476989
5.3127237018885225
4.6511188288085981
6.8336742420177572
11.31914909447053
4.6344620985510572
4.8802450319519792
12.354867481225345
3.9733387156549558
3.3050865307142407
4.8790945615003443
10.661229349849545
7.6877352348829797
9.4674605280038335
5.8867916577524735
10.83479710973773
12.749208907684929
6.7148612035588835
5.0584982471145103
8.5526267112574921
3.2810116505157314
3.9068992747748852
6.7499936956945543
7.206601155348042
6.582937790105488
8.7658511409534619
8.341899733165981
5.6814401718265737
9.1138720559769837
7.2066203115592247
11.475812872544866
13.73946274951197
8.1159958641815315
11.719291610826735
3.8866543070315891
8.2963540166572614
10.727094689345616
5.677073068955691
4.8790945615003443
3.8096466590915017
5.0215113789965722
3.3847437322928475
4.5997457426198114
13.702779981226543
7.8020886717695292
9.5275623632279718
5.6413866872728544
5.7184214031550571
5.4668949105755127
13.380936737885586
4.9057209804168291
4.8426310539150537
6.0715165164682183
5.6578400081600302
2.9663017822693662
4.7855572315328274
8.4223242602434514
3.5082841620438452
2.9570666281194051
4.8011330200306324
13.210458780747354
4.4261265030660617
4.7336630835130613
9.5412644525006503
6.5281007323612865
13.506659512017018
12.834019597370586
10.777229487542405
6.515520249859164
7.2179399994109481
7.666593143497443
2.8461144228025468
7.2031901438277242
5.0767436418592817
4.2204379616649259
7.2357878620061031
11.566159608560492
2.4474677419901316
2.5357767035229735
3.6030075929117769
8.3595089149985995
7.3558381790301146
12.205059042364761
4.4528907666634074
4.4283506052102402
4.18922044682086
5.9707432247058723
8.8419853434139704
5.2649566682088302
4.1309678991677385
8.5405781689093683
8.724373819217174
4.458435548797067
6.2577943084412384
3.4294924547291168
2.8925728485455569
4.4633823908511889
4.6774465868416044
5.7417829528794035
11.314005388471116
4.1917184380008186
4.3336851081739161
6.3917843386165822
12.13604310022192
11.775016429393482
2.9187341305666856
3.4187474346767002
6.3689917373657927
5.458334957460389
13.488951635924996
4.0866645173135119
5.4531182551280954
4.3159114483992118
4.1296166325153978
5.0245259575736174
6.1017770773149191
8.0515616592577111
7.2316493272166102
5.8982141381402489
10.04692512630346
7.9062059907855105
13.461573162722411
4.3453368122351446
13.464534100451123
7.0078591687017413
5.7996651368180734
6.5434857112459017
11.221603931868499
3.9787694667902764
7.6927919513280623
13.480291540867833
3.8991570020661768
3.5903159418915336
4.4575125178795085
4.4343149730358524
4.4697478517151144
5.5031010289490183
5.6534524861556914
7.6393993684278287
4.9794494809171583
5.647387344935332
11.490302989243446
10.095369221299922
12.639271463662679
6.3283013784000124
6.2944782897798977
6.316549653097324
3.9148460412487807
9.4773386579252765
5.9366291860918814
5.9748928997639457
7.1500286919154634
6.9686400062544394
5.7824908369472645
5.7647219451059311
6.6001573655513948
6.8993186593136899
6.7902117004367186
9.3890139232166163
8.9329794174845496
9.1934340501725416
10.370782454532408
10.44779200593632
10.375382566360484
11.477289011066784
10.408685921171621
9.3342804689911034
7.6553811828559626
10.714889677696258
13.761052621903419
5.458334957460389
9.1934340501725416
5.6275425824126977
4.0477123640288539
4.7787379300930413
9.6267897098912076
4.331652202333883
12.971181245645182
12.896548424181407
4.0411803793029728
12.288077814694121
12.456577373727722
4.7183340805284262
11.413697857990881
2.7291055842968972
4.7724982557635069
4.6216466129190179
3.9928894374403643
2.8669362258693587
7.4447320483399739
9.6259896731269876
2.7397037116704936
2.6754424966517263
10.095369221299922
6.260707073282866
6.1725911007522098
11.316669127745103
6.1294624855695634
6.1711258427821098
10.145155393214504
6.7998471435798891
6.1395019877148167
3.266943142765284
3.8744873019217625
4.4755793929775622
6.6373002166787094
8.4807090949492903
7.5184000375658204
12.688062287260284
2.7139653775941981
12.71613908182025
2.6869188176394028
8.6989646618196019
7.5931646630984977
8.5073830264814951
13.488951635924996
12.834019597370586
7.5904252240156502
10.777229487542405
11.333320652031148
12.040235873449626
10.777250348163811
10.420853102125871
7.228582231859864
8.1421177024956268
6.4905482670214552
11.749012037882194
3.266943142765284
3.2529834834009606
6.8053536660449696
2.6191909369675939
3.2158902460678593
6.8993186593136899
7.0285554896134377
10.657350174921428
3.2270335687346385
10.292975649943877
3.7065858570216039
6.8608978025053622
4.0925593450879729
4.9812019841456205
6.4708227378928962
4.5149691649802177
6.970549915739368
6.515520249859164
2.8245244184582341
2.4841506090764445
4.5929880645322667
3.1448052157480508
2.4851066585600288
4.2698868697866894
4.6353413655531206
13.605851208080898
13.668330147569531
11.338370189019543
11.416499064746631
6.7547596553009202
8.6392409456972885
4.0866645173135119
5.6275425824126977
11.850169099303013
4.0477123640288539
6.8608978025053622
2.8824029814100474
10.370782454532408
11.333320652031148
12.639271463662679
12.382551927231129
5.4531182551280954
5.4848519602539243
7.2179399994109481
7.2661375743807373
13.42872665383369
12.676133226088414
6.3283013784000124
6.260707073282866
10.014113941251376
10.760711687693808
11.748922141839747
11.436289142095013
4.3159114483992118
7.666593143497443
7.228582231859864
4.3507136446674233
4.7787379300930413
7.8151968661156923
9.3859558791714619
9.8287482123444736
9.6228743261168184
9.5450050400058686
4.1296166325153978
5.9835297463752415
7.7281914135249377
2.8461144228025468
3.5172066007348777
3.8744873019217625
3.5172066007348777
7.2031901438277242
4.4755793929775622
9.5370096572595546
6.5385040859767187
6.2562608247941984
6.3751650398088584
4.0925593450879729
2.8824029814100474
4.3507136446674233
4.6117799157157311
3.0824423463560109
12.366368219954291
6.4438034485576567
7.3812037953795722
3.7991402325656187
4.5301275069514322
3.684207107419621
3.8680582499048661
3.1396033067798772
13.044541172735508
5.8037498678889783
6.7313918187965172
3.6893740863711688
7.3734564471325452
4.1368791187900955
5.0767436418592817
9.7686300043502818
2.7397037116704936
3.4908643134481654
3.4924764153994672
3.5111483427288475
10.697462776132985
3.5011961461117611
3.4767020027152622
3.4985482382975923
10.801369143231724
7.8908203299729598
7.3922040152890407
7.4276857182288891
9.6267897098912076
6.0836851064533564
4.7936405877075838
6.7547596553009202
3.4908643134481654
9.3807176217639761
7.9011848567895662
2.4419906332628649
3.354239260893237
6.8983130253475196
5.2234380743775057
5.2862521423039652
12.458713957517455
5.0245259575736174
8.1421177024956268
6.6373002166787094
9.5370096572595546
5.9366291860918814
6.0836851064533564
6.4247396312924412
6.1191741867555196
10.247058648460674
5.8012507572037837
7.5036557632294985
8.7779701900684657
8.2192604572678682
7.5128108312628292
7.5128553764696173
6.9394071066229008
12.605313114497541
12.610267886592341
6.1017770773149191
7.0923548922824144
9.496855088853895
8.4508259864026734
10.966753995523161
6.2564314848241116
7.4159334473183085
7.7182074014082858
7.4159334473183085
8.4771392691040841
3.2498937837362218
8.7161095704820113
3.6551027831900198
6.5690083358229634
9.9531125677180174
3.6572444409526219
5.2575809693112081
3.1921814890258511
8.801402680809943
6.8025403947096246
7.4020298803176106
3.3365503039475399
9.7698241492069471
9.3506964214679336
7.410764694357078
3.1483810011182114
8.0515616592577111
5.6782941091840708
9.1556588483020214
4.331652202333883
3.5774788794684267
6.7317843963511788
4.7936405877075838
6.4247396312924412
5.5629966096942391
7.0160754434494441
12.332070171479451
5.2558433106315627
5.361509438490403
4.6349896652905702
5.4906246081243113
12.526402765037762
5.0074951010406163
9.1376437193510416
4.0455372030144758
4.1572321228057021
4.4475505603377288
3.9314500671768648
10.815552414822236
5.4135048577558518
6.3726329218642492
4.0747435434864405
8.6989646618196019
8.7411006417746648
8.6638997403016802
8.6990322324373501
5.1797053878179913
4.7144829701554141
6.1191741867555196
9.2900280104195296
7.5883989072696449
8.341469765061083
12.783835646480526
13.424851409287662
4.2204379616649259
9.327821956084362
11.512828219894095
12.971181245645182
2.8245244184582341
3.0888424127227507
7.2316493272166102
7.0923548922824144
6.1725911007522098
6.6544063678240972
12.896548424181407
3.2529834834009606
6.5950748681229614
8.3557122937903152
8.3557122937903152
8.2574821726945959
4.1661201942404622
4.370637723191507
3.8092353385857174
2.6754424966517263
8.1241936799898227
2.3833942208498731
10.611466221710746
8.2363167502160906
5.7381370580945203
4.0411803793029728
4.6117799157157311
4.1751175412121917
12.288077814694121
3.4924764153994672
9.1464835639869442
13.675594218192686
12.456577373727722
10.738093856475206
3.5111483427288475
9.3807176217639761
5.8982141381402489
9.3859558791714619
10.44779200593632
12.040235873449626
6.9938131657485672
6.5858826890301847
6.6129953791160458
5.9943720629769075
5.5629966096942391
8.2980802775511773
10.04692512630346
5.2003186045104464
7.2661375743807373
6.65920841398429
11.951853697621676
3.2498937837362218
3.4060876255334227
4.45226133148745
4.3056578634373519
4.7343434713106696
10.247058648460674
7.0160754434494441
7.2357878620061031
10.980832976558965
9.6228743261168184
9.1315652597586574
10.697462776132985
9.3110601651622176
11.566159608560492
4.6155553042302051
7.9062059907855105
3.5011961461117611
10.307070350444187
3.475784281012015
11.750155735145876
13.815304068277111
3.0824423463560109
3.5774788794684267
11.134403204540996
13.131625276692152
11.827892349542905
9.1464835639869442
10.531296286967134
7.3922040152890407
9.496855088853895
6.5611334104503989
8.4479550240575438
6.6754268102302081
11.338370189019543
12.366368219954291
8.7161095704820113
8.1241936799898227
6.9041076830060151
8.4392325352440647
8.0205550532110141
5.6021624875748586
12.379788770035088
7.7316991166950402
7.6674599398978529
4.7183340805284262
6.5611334104503989
8.3945519106934281
6.6605393702365578
6.8053536660449696
8.6392409456972885
3.4767020027152622
2.9296799355203822
2.4767792044797199
10.267243803169755
2.4955938251784051
11.413697857990881
11.400003408252607
8.4807090949492903
6.5950748681229614
10.135015186969353
9.9258364218672135
10.212976728439065
3.2270335687346385
2.9525999293878078
4.6591437474383337
5.8165977151768971
4.2980751354904072
4.1587717388542567
8.6729719766976405
13.461573162722411
9.1376437193510416
11.951853697621676
10.63821043257996
6.4456250130261203
6.6489572862647472
5.1797053878179913
5.0438064913082066
9.8287482123444736
9.7789690459865213
2.4474677419901316
2.3833942208498731
10.980832976558965
6.9041076830060151
3.2758168872917279
3.9707133771437526
5.427664231295604
3.6551027831900198
6.0268179278098737
9.3890139232166163
8.7411006417746648
5.9748928997639457
5.5232352317263098
6.5825825007376659
11.316669127745103
10.014113941251376
12.458713957517455
4.3453368122351446
5.4705861885687783
13.464534100451123
6.5690083358229634
6.2411588681871075
6.5835006352938539
6.1294624855695634
12.395899889590996
6.5831535106235011
9.3318517885932977
8.414162023817374
2.5357767035229735
2.4841506090764445
4.1661201942404622
6.4438034485576567
9.9531125677180174
5.7269445525942357
4.9812019841456205
12.332070171479451
4.6283112394030601
12.302331253503139
4.7215086726325648
11.728170917029797
4.5336914839468401
4.7025665590364305
6.1215814014133816
7.0078591687017413
11.400003408252607
5.7996651368180734
10.63821043257996
7.9011848567895662
6.5434857112459017
5.6782941091840708
4.6591437474383337
5.8544766963103863
6.8520954597158541
5.5210829730380526
7.4303037601701591
5.6403217777420078
5.9835297463752415
6.4456250130261203
6.8512046748263851
3.6030075929117769
6.1711258427821098
6.6571137902253623
5.2558433106315627
4.6283112394030601
5.2234380743775057
4.0455372030144758
4.6649573974815768
8.3595089149985995
4.5929880645322667
9.3984253365614894
2.7291055842968972
3.0888424127227507
12.379788770035088
3.4985482382975923
10.307070350444187
10.145155393214504
12.395899889590996
8.4479550240575438
7.3558381790301146
7.5931646630984977
6.5385040859767187
5.8834934661992033
6.6827016202558571
12.205059042364761
5.8544766963103863
5.6619481851287361
13.761052621903419
4.7724982557635069
7.8151968661156923
7.7316991166950402
9.751127208512326
7.5184000375658204
7.0620083661216668
4.4528907666634074
12.382551927231129
10.375382566360484
4.7144829701554141
6.2022539662528429
5.3109314522658888
11.221603931868499
12.146714533860743
12.430026274974228
4.4283506052102402
8.5073830264814951
9.1556396920908387
8.3557122937903152
10.824125549371242
3.6572444409526219
4.1572321228057021
13.675594218192686
5.4036998449668534
13.475602636781487
4.0373790788435304
4.8011282567510332
3.973902795992029
4.4840866397590178
5.8037329415960848
4.5782331697731342
12.955153187073984
3.4509412251489615
9.4837069062581048
6.8520954597158541
5.2003186045104464
6.4156080968187208
5.6021608437483419
3.1448052157480508
9.1315652597586574
9.7789690459865213
9.1317327274306859
4.18922044682086
5.9707432247058723
10.265807241178495
8.3945519106934281
10.480893806531604
12.302331253503139
10.292975649943877
10.371362796986249
3.9787694667902764
5.0438064913082066
7.6927919513280623
8.8419853434139704
13.754459917075211
10.760711687693808
4.4475505603377288
5.4036998449668534
12.146714533860743
12.015557907444999
10.255195419989672
12.146778028321881
6.2944782897798977
6.7998471435798891
3.2758168872917279
3.3912352947617466
9.9790921040299292
5.2649566682088302
3.9314500671768648
13.475602636781487
4.9283949703078731
5.948408758791949
4.2624695108884287
4.5630120954627174
13.42872665383369
7.3812037953795722
10.738093856475206
13.815304068277111
10.824125549371242
12.285531189929728
5.8012507572037837
5.361509438490403
6.316549653097324
11.134403204540996
11.773086754176147
6.1395019877148167
9.327821956084362
6.5831535106235011
6.6571137902253623
6.5251523132549227
10.559134193191289
6.4156080968187208
6.4836097058804869
10.611466221710746
8.4392325352440647
8.9329794174845496
9.5450050400058686
10.293383922691625
10.501665248000288
11.476874347716398
9.3736601695138813
2.4419906332628649
2.9296799355203822
6.7902117004367186
6.6605393702365578
4.1309678991677385
6.8547595171596258
13.480291540867833
9.2900280104195296
9.3318517885932977
7.1500286919154634
7.5883989072696449
9.6645886841919566
5.2575809693112081
4.0373790788435304
8.5405781689093683
12.688062287260284
6.2562608247941984
6.9938131657485672
5.8834934661992033
5.5351735304723269
5.4900851642817363
5.356570531526442
5.5229302280712718
7.0185314687721796
7.5036557632294985
8.414162023817374
8.8035349370871927
4.6349896652905702
4.7215086726325648
6.103393739695365
8.4508259864026734
7.0285554896134377
7.3352458369247202
8.724373819217174
4.458435548797067
7.0620083661216668
6.2577943084412384
10.657350174921428
8.7779701900684657
5.4906246081243113
6.4708227378928962
5.837201749086975
12.015557907444999
11.476874347716398
3.8991570020661768
6.4905482670214552
5.4848519602539243
7.3695228466462916
8.2192604572678682
12.526402765037762
8.2980802775511773
8.3557122937903152
10.135015186969353
10.801369143231724
8.2363167502160906
13.131625276692152
11.773086754176147
3.7991402325656187
3.3681998502737338
9.9258364218672135
10.815552414822236
3.4294924547291168
9.7686300043502818
3.9707133771437526
10.793859961785742
8.6729719766976405
7.9188902276890571
2.8925728485455569
2.4851066585600288
12.285531189929728
11.512828219894095
6.6544063678240972
5.6021624875748586
5.6021608437483419
10.255195419989672
6.5251523132549227
6.4836097058804869
9.3736601695138813
7.5128108312628292
4.4633823908511889
3.5903159418915336
4.688586937839597
4.6774465868416044
7.3352458369247202
5.7417829528794035
3.3912352947617466
8.7138290427717759
4.005284232215585
12.274120507090496
5.2862521423039652
4.6649573974815768
4.688586937839597
5.4705861885687783
7.9188902276890571
4.5301275069514322
3.1921814890258511
3.9148460412487807
10.265807241178495
2.8334888099103077
10.559134193191289
4.8011282567510332
4.9283949703078731
5.948408758791949
4.982202838067991
3.684207107419621
6.7317843963511788
6.5487842793626081
11.314005388471116
10.777250348163811
11.748922141839747
11.750155735145876
11.827892349542905
3.8680582499048661
8.801402680809943
4.370637723191507
6.0268179278098737
9.4837069062581048
3.3681998502737338
3.8822172396338281
4.3873435344679947
9.3342804689911034
4.2698868697866894
3.8314799401524509
10.290938269908777
4.1917184380008186
4.6216466129190179
3.1396033067798772
10.293383922691625
4.6353413655531206
9.3984253365614894
4.3336851081739161
6.8025403947096246
3.8092353385857174
3.8822172396338281
3.9964545346693017
10.793859961785742
3.354239260893237
3.475784281012015
10.531296286967134
6.2022539662528429
4.7231712577978975
4.9751369596253419
2.7139653775941981
6.5858826890301847
11.728170917029797
5.5351735304723269
4.9751369596253419
6.3849614092971922
5.8370572450609197
12.396762729939393
3.0850667836113659
3.0274784262600027
3.2418991259867909
13.044541172735508
6.2411588681871075
3.973902795992029
6.1796523901921896
7.4020298803176106
6.3917843386165822
10.480893806531604
7.8908203299729598
5.7381370580945203
9.3110601651622176
11.436289142095013
11.590265944928413
12.430026274974228
12.146778028321881
9.4773386579252765
11.590265944928413
12.13604310022192
11.477289011066784
10.966753995523161
7.1942386586778353
6.9686400062544394
5.5210829730380526
5.6619481851287361
5.9366806461188766
3.9928894374403643
3.8945955527366962
5.7824908369472645
7.4303037601701591
8.782712778760553
5.7647219451059311
5.9366806461188766
5.4135048577558518
6.6129953791160458
6.3849614092971922
7.5128553764696173
8.8035349370871927
9.5073033439887276
11.775016429393482
12.274120507090496
11.476600899970768
2.9525999293878078
2.8334888099103077
3.3365503039475399
5.7269445525942357
5.8037498678889783
4.3873435344679947
7.4276857182288891
6.2564314848241116
6.6754268102302081
7.1942386586778353
6.8571174501899614
7.6553811828559626
2.8669362258693587
13.605851208080898
3.8314799401524509
3.8945955527366962
6.9394071066229008
9.5073033439887276
8.2574821726945959
10.212976728439065
2.9187341305666856
3.7065858570216039
13.754459917075211
6.7916695906578504
12.605313114497541
5.4900851642817363
5.8370572450609197
6.8512046748263851
8.341469765061083
9.6645886841919566
2.6191909369675939
2.4767792044797199
12.71613908182025
4.4575125178795085
4.6302395875342039
5.4573226987866414
5.9943720629769075
5.356570531526442
9.9573796528552823
5.8165977151768971
5.6403217777420078
7.4159334473183085
2.6869188176394028
5.5232352317263098
3.8542740283616146
9.9790921040299292
8.7138290427717759
4.4343149730358524
4.2980751354904072
4.4352016714092697
5.5229302280712718
9.9573796528552823
4.4697478517151144
6.65920841398429
5.5031010289490183
6.8983130253475196
10.267243803169755
5.6534524861556914
4.1587717388542567
4.6302395875342039
4.9061051648622014
12.396762729939393
4.5336914839468401
3.0850667836113659
6.6801393426164859
7.0185314687721796
3.2158902460678593
2.4955938251784051
7.6393993684278287
11.850169099303013
4.9794494809171583
7.7281914135249377
9.1317327274306859
11.749012037882194
7.3695228466462916
6.3726329218642492
6.6489572862647472
4.5149691649802177
5.837201749086975
3.0274784262600027
4.0747435434864405
4.982202838067991
4.7025665590364305
6.103393739695365
5.3109314522658888
4.7231712577978975
10.408685921171621
10.420853102125871
6.5825825007376659
6.1215814014133816
3.8542740283616146
4.4840866397590178
4.2624695108884287
5.8037329415960848
4.5630120954627174
7.7182074014082858
6.8571174501899614
5.0074951010406163
9.7698241492069471
4.5782331697731342
6.6001573655513948
8.782712778760553
12.955153187073984
6.5835006352938539
6.1796523901921896
3.4060876255334227
4.6155553042302051
3.4509412251489615
3.7225492116129546
3.5986952724631904
12.610267886592341
9.3506964214679336
11.416499064746631
7.410764694357078
12.783835646480526
8.6638997403016802
6.7313918187965172
10.501665248000288
3.1483810011182114
3.9964545346693017
8.6990322324373501
9.1556396920908387
7.4447320483399739
10.714889677696258
10.290938269908777
3.6893740863711688
4.1751175412121917
9.1556588483020214
13.424851409287662
9.6259896731269876
13.668330147569531
3.4187474346767002
4.005284232215585
12.676133226088414
7.3734564471325452
4.45226133148745
3.7225492116129546
3.2418991259867909
6.6801393426164859
6.970549915739368
4.1368791187900955
6.5487842793626081
9.751127208512326
11.476600899970768
7.5904252240156502
7.6674599398978529
7.4159334473183085
6.8547595171596258
6.7916695906578504
8.0205550532110141
5.427664231295604
5.647387344935332
4.4352016714092697
6.3689917373657927
10.371362796986249
5.4573226987866414
4.9061051648622014
4.3056578634373519
6.3751650398088584
6.6827016202558571
11.490302989243446
8.4771392691040841
4.7343434713106696
3.5986952724631904
13.002329985626011
9.4721690611837417
7.7056291971390545
10.535029184499363
2.2593453077468642
1.6771720165673032
7.0144364664482692
7.0091673111478556
1.3846396310096356
3.3487474767962584
7.976273928104896
2.6526694022044417
2.6526694022044417
9.2617354536883028
8.6781530179346564
2.1627910587221026
8.5426103942218514
4.5084732347807153
1.2855952873551877
1.6308286472238904
13.588362822010637
5.2395050631331657
5.4573226987866414
10.743201990654237
1.4423404589223443
1.2244950682022049
3.5082841620438452
5.0883551969192604
2.528481908051722
1.9939495914586798
2.342251038736697
5.2324612559119856
9.5244656912565659
8.4641388506920023
8.4641388506920023
2.0450927820252778
8.5343898746587126
9.3924788746501608
1.8728348141289182
1.4142234548047079
2.7394871669550835
1.654951551467905
1.6748048413375738
12.986300440193244
6.2109720869312959
1.5243796452144813
8.5173938108719458
1.3232293412487446
1.3600969832742031
1.6974429036277696
8.8499622702164338
1.4137668189451191
9.9362843205381175
1.472771310897163
1.3147500554609797
1.2477637038430867
1.5455766040469698
2.0906774655560185
7.9801472257270145
4.8481899343040276
1.2906011018709391
9.0400637619095221
9.4560499706770962
13.203000276721363
2.0189840092895843
3.8991505854174267
9.5449266477723445
8.0243313819541768
8.1014774393823679
1.2938238932340482
5.2234794142401801
8.5343898746587126
8.5343898746587126
1.3770348678326776
10.7756297303261
6.2369381134837605
13.071076417471277
9.7980993559870164
4.6943782399413765
4.4413193739288133
3.6479520198681663
1.3460117582635112
1.237578286863831
10.711589839889692
1.4901011311175942
3.3156986869456295
4.6031370659857425
1.8458603285743855
1.4670416350667124
1.2852075388161655
8.1067094337860048
3.7253172168067632
5.5535867378942614
2.5953998482491909
2.6526694022044417
2.311752368828571
9.4389324453247809
9.3873691305394225
9.6114073000961699
1.2978487689189127
1.5484255264639757
2.28094992583129
13.342918061422953
8.3938293898613967
13.002329985626011
1.6479545307774721
13.667920269266016
8.7488776991654387
10.307242265962493
2.8335718758641626
1.5344845865496182
8.9596085032368968
4.5191357588776881
9.5290376898559508
8.8895967868855088
2.6649010416655741
1.4627214598467122
3.4393412024810139
2.9199159937083827
8.9599564723310117
3.8561191342492789
2.9174876705193729
1.6318192882157612
13.695347414373193
1.5357162602792938
13.371265891082571
7.5693518533391808
3.4393412024810139
5.1496635749875281
1.4641711807874007
12.802318962428656
2.5562304416524357
9.2254005433285435
1.3559952418630021
3.1037740181901463
2.9299186535780737
1.7831084979087688
1.3780368657168256
3.9760534108621162
3.4393412024810139
1.7793489925508452
11.206931243992027
12.668389898471043
1.406097333238479
1.8865223758736001
2.4804637743183928
1.5164458344947294
1.4369361621671848
2.9560271966623191
8.0201802282339845
1.4120803556602655
1.6634625875749098
8.7488776991654387
2.0336000890909083
12.806117919003858
6.631459083980153
4.5334243388485174
8.1919271876838256
1.3411704734683767
12.548884256008202
3.4393412024810139
1.5363312581715785
8.1927191130623314
1.5004332880283933
8.0907860408518406
1.5454191176252901
7.4175102913822304
3.8234477724870284
1.3926884307724443
8.5326723842389463
5.3501279376790594
4.3104037838020002
4.3053554168130006
2.2122141705999558
9.3370169711953199
1.4633986104765662
11.227564425923724
1.6040352864201197
1.6633445003643534
2.8064695655179386
3.4393412024810139
2.8995339384591894
8.0916462419567541
12.800902947693539
3.0754652295042444
12.731012986027313
9.5546730023028239
1.4101907438995254
1.4145968259719832
1.6778518856026656
9.8885342729089682
5.4934290176198388
8.0907860408518406
3.213615706470343
2.2011263133690324
1.9711904480472751
8.8239244743708021
7.9601159113725952
1.4864264990121649
5.9328764559246876
9.4126723094231544
2.2122141705999558
1.6886972345837412
8.0009460540215649
1.8932576942029922
1.4147597047634095
9.2427402197570547
2.2121893771759717
3.3956127390116269
2.6680711789673213
3.2676183287891378
4.9115919084986581
2.9848534453591418
2.6988035300496991
1.9049093098252015
2.7373567448286549
2.105619103803916
9.7421206599199159
4.8335813805554286
1.9801846586704543
2.2263647024767703
2.0156938487287155
1.7632278679719027
9.7421206599199159
1.8604108209091479
1.8167717808593931
3.2674125334586495
1.9057201251878149
2.8172747399812113
4.8427004797025974
2.0851805552499538
9.4721690611837417
1.6479545307774721
2.8949568966170873
9.6676215637371055
9.6986234736385146
9.7574819995438258
9.3998771047055687
3.0295124511997198
11.044459888676446
11.540074629162277
2.8960093822782342
9.6872609559124321
5.996936382220678
2.8370015868850369
4.575482998655743
10.732715252716424
11.817213382112653
9.3909194193918459
11.540074629162277
11.699950739770225
6.1972614541379869
9.8449380047660497
11.298551455173756
2.5042039531381661
10.795359917049788
12.300722918293134
7.4354722080860078
11.593453562904903
2.4237424228944988
1.7331160375143158
3.6316970910511133
3.7421687864529805
4.3825300470635611
7.9631924114881123
10.695317988161182
2.261092533869197
9.818873370159654
11.163831074306175
9.6291281478531108
1.5339371522751732
2.1963718703570825
2.4851011981080102
2.9684459518591182
2.2170869643342495
2.2252028941632847
4.2896218428173825
3.789939266556261
6.0190821407926709
4.183653893172286
7.7056291971390545
7.0498556535944958
7.1394366939941829
7.5524719833471137
7.0412041439338378
13.667920269266016
11.432420012077046
2.5352532336291271
3.5051815338887833
11.076211636406581
2.3278553592873386
5.3793611573169295
3.6642072449832686
4.7445640364529478
11.064505794215908
2.2945326189698907
3.3956127390116269
7.8503113994735081
2.6337006249997961
10.375969481220686
8.9655552636668219
3.1925018593612871
10.379680441151729
4.2005122648561821
5.0011562918658798
3.6145469619943289
3.1078938422149029
5.5967447851510581
10.535029184499363
10.559763122239936
10.742605802888882
12.043992707639463
1.7331160375143158
1.9257695339794343
2.3825176121119762
2.3825176121119762
2.3401192265877082
2.2593453077468642
2.7014030005832779
1.6147053971520473
1.6008887824146689
10.90427567031462
1.8649346603704597
2.1543297152071892
2.8585559157784917
2.7020525380598741
2.9271850742055259
1.4979134470873994
2.4446594172751768
2.7020525380598741
1.5636507414139642
2.2998883821247076
3.3738072720355934
3.3981206708351444
2.3100451675143203
2.3382750418690192
1.6771720165673032
3.767856564259545
5.9454110831440703
7.0144364664482692
7.9722555182126005
4.0787208116388243
3.0253367828873721
8.5628770983122333
2.9277336283445128
8.3388111822687847
2.8155316581883323
4.0787208116388243
3.4192204783317979
3.0405757280830974
4.1486932926771889
2.8154058781315108
4.0787208116388243
3.6316970910511133
2.7014030005832779
8.6019117649196737
11.030662727716742
9.2801262405931837
8.7488776991654387
5.3679433947936008
3.497766314771328
3.567532998001139
3.5203693268952709
12.670964934385983
7.0091673111478556
1.3846396310096356
2.9034718914539237
3.4130277067413566
1.7069727580059002
4.3832029432219439
2.6975669212503131
2.9684459518591182
3.0079764710803634
10.307242265962493
2.8949568966170873
3.4170595690770016
4.101911073967285
4.6599348823230287
7.8503113994735081
3.0567787753229694
2.8335718758641626
2.7331059124334161
5.0712242748579985
3.6329989857956919
3.5198138619876445
3.050335547757514
3.1478539729695671
2.6814849505951055
4.5217842011500995
4.015525062861915
3.7512294520821134
3.3978252735758185
1.988867891252774
2.2185979778191682
2.6357263477642436
3.3978252735758185
3.3978252735758185
3.3487474767962584
1.5344845865496182
7.976273928104896
13.611643894723796
3.7846390342070562
3.5894293908381028
3.421130727272661
10.97175165217836
2.6526694022044417
4.13197649380154
3.2634109571862702
9.6676215637371055
7.978319861225561
8.9596085032368968
3.7421687864529805
3.5982102895660155
2.6526694022044417
3.174752299272888
4.1351283423572642
2.9560303315956675
12.777290010838094
9.6986234736385146
7.9845728073623112
9.2617354536883028
4.1477860554119337
3.5881871835713888
3.5881871835713888
2.6098100633322754
4.255402229742649
3.0789737858679942
8.4634975856660049
4.255402229742649
3.193093811908899
8.2860698942272233
3.841379575355794
3.9927702097377651
2.5000888702451114
3.0734376653158746
4.5191357588776881
3.6484895570949405
3.7846390342070562
4.0924633333209606
4.4068686121634606
3.6398939708519928
4.4112165019624054
2.6680711789673213
4.3825779170863246
2.6337006249997961
3.0567787753229694
2.5614699751692589
3.2003732645618306
2.757357861409957
2.8121035117648416
3.3978252735758185
4.3825300470635611
1.6147053971520473
12.907601581026096
8.6781530179346564
7.9631924114881123
1.7069727580059002
2.3286095626782797
2.1351458246774255
4.4311712354932311
1.5428134905278292
2.074437700586591
2.2032812511850537
3.2676183287891378
2.9648352667726141
4.1486932926771889
9.5290376898559508
3.174752299272888
3.115452438692401
4.6029497925005893
6.5942139804908777
2.1627910587221026
8.8895967868855088
2.4883527217455375
2.4897660337440821
2.5043560697384901
9.7574819995438258
12.771081667968849
9.8312175122199825
8.5426103942218514
4.5084732347807153
9.3998771047055687
12.771081667968849
4.5203181617965127
4.6479517311848335
2.6649010416655741
2.6555779350548065
1.4627214598467122
2.9972564426746393
3.0817344315892057
3.0295124511997198
3.2617747800479169
3.1989506018145586
3.4393412024810139
3.5862457035135571
2.9199159937083827
7.8741304843477096
8.9599564723310117
11.044459888676446
7.978319861225561
7.9845728073623112
13.258251518339597
3.1429388374510108
7.9845728073623112
13.258251518339597
12.387892832027608
4.9115919084986581
3.9101221688811756
3.8291909935518254
3.7588855853286294
3.8561191342492789
4.8755428935955676
3.1557063979179274
2.9174876705193729
7.9722555182126005
3.0761014834968678
2.9848534453591418
3.9673769270492394
3.1290455387382585
3.466217389829497
4.5672483956214966
1.2855952873551877
4.0998307456860781
4.378185589206371
2.558421086282944
4.4068686121634606
4.4590737710526982
3.7988232638434676
11.676368856881007
8.5443343958789786
3.1280435730927256
1.6318192882157612
2.7127033894402883
13.607079611505045
2.6988035300496991
10.375969481220686
2.9648352667726141
4.2219026213237107
4.3046163756166127
3.2138094784315889
3.5837889700453913
3.5673869709045878
3.3414476369820889
1.9011884980164446
2.6566030799608886
13.348366006339868
2.8162884155328727
4.7673246498457624
5.1706458796767558
5.1144562625619967
1.6308286472238904
4.1839386729372148
13.588362822010637
13.655875280778291
13.356427395425431
13.258251518339597
4.3118629666297288
2.2998883821247076
2.1262058297632431
2.036151588583861
2.5748072465161917
2.888269493681153
2.8341384066461481
3.743648535373107
4.6338894430587327
4.5672483956214966
13.695347414373193
4.0787208116388243
1.6008887824146689
2.2846226136787702
3.5881871835713888
5.2395050631331657
10.90427567031462
5.4573226987866414
3.8008347945306133
10.743201990654237
1.9049093098252015
3.1787512196710996
10.695317988161182
1.5357162602792938
3.5862457035135571
2.5301204786026692
1.6910209945609893
1.4423404589223443
8.6019117649196737
7.0498556535944958
7.1302043455345201
7.7869474516584702
11.632473656746935
13.371265891082571
1.2244950682022049
3.2521350497274182
2.7373567448286549
3.9101221688811756
4.8503471659045951
3.2642416210604255
2.3624961943196823
4.1351283423572642
3.0224337561585526
10.966373353225688
10.521789722400344
3.5390065157305752
3.5082841620438452
3.5710982299703047
7.5693518533391808
3.1429388374510108
11.676368856881007
2.0841090841688277
3.2911163365103584
5.3909491045703284
3.4393412024810139
5.0883551969192604
4.0224671047790439
5.1496635749875281
3.5526373762995473
2.528481908051722
1.4641711807874007
11.540074629162277
1.9939495914586798
2.342251038736697
2.4883527217455375
3.5710982299703047
12.802318962428656
2.3286095626782797
3.0253367828873721
3.0288129904595689
4.4438226596803876
3.7654686779708908
3.3738072720355934
2.1262058297632431
3.4159401117832191
3.4613819510073389
3.466684631088822
7.6074962863493285
3.676266402307125
2.5562304416524357
8.5628770983122333
4.0388674787885757
2.6338518145972967
2.5560255777171665
2.5560833299844159
9.2254005433285435
4.8677740674678684
2.6555779350548065
2.9972564426746393
2.9364384094113829
3.5965424796246195
1.8649346603704597
3.3042461294781118
3.5881871835713888
2.105619103803916
2.7331059124334161
2.4978768154357036
5.1035012526048238
2.9533218730806627
2.9277336283445128
3.0160189987427932
1.3559952418630021
2.0841090841688277
3.5862457035135571
2.7920608729432557
5.2324612559119856
8.9655552636668219
2.5614699751692589
2.7163902448532053
3.1181855484340026
3.5983668387839129
2.8484792146705789
3.6685942948004753
2.9456548797673925
11.432420012077046
13.655875280778291
2.7163902448532053
2.7858885320999542
9.5244656912565659
2.1543297152071892
4.13197649380154
3.8291909935518254
2.888269493681153
2.3089421244287887
8.7658643903746292
13.131411703799081
2.4927398764070205
2.2556965182798701
2.2635992672208962
4.13197649380154
8.4641388506920023
12.107058700883464
2.8960093822782342
13.014469171654955
8.1519067796445785
3.0746638788169793
3.1037740181901463
8.0081085712020066
9.6872609559124321
7.9845728073623112
2.9299186535780737
10.145678082624208
8.4641388506920023
3.7512294520821134
3.0817344315892057
2.9364384094113829
2.1917321530712766
10.790605751617974
9.8168635976939491
3.4138523164980619
1.7831084979087688
6.6704867532779888
13.016430933131566
12.670901780414273
12.721082495504673
12.763324093026265
1.3780368657168256
2.5352532336291271
2.5872531714057212
5.9389642242382408
9.4788876071699129
3.7246040771782418
3.7270213129097285
13.384221354208663
2.6008488904869513
4.8503471659045951
3.2564349503054246
4.4242733217153596
10.559763122239936
10.966373353225688
12.34790535114124
10.57913484352485
12.271277641791164
13.258426984870217
10.892159339470739
3.3090425434051083
5.996936382220678
13.014469171654955
3.9760534108621162
3.915019488504734
2.261092533869197
1.988867891252774
11.248046033797269
3.2911163365103584
2.0803873620770088
2.0046073139829459
2.418666061081379
3.4393412024810139
3.434189435690421
2.0450927820252778
3.9673769270492394
4.1779693411713348
2.036151588583861
2.6008488904869513
3.6031733226258864
12.479527140576845
2.01058498982237
4.0388674787885757
8.5343898746587126
1.7793489925508452
2.5301204786026692
9.3924788746501608
3.1290455387382585
3.2521350497274182
1.8728348141289182
2.4290796822151188
4.1685247698281973
2.7180380094083665
1.4142234548047079
5.3679433947936008
8.3388111822687847
3.6398939708519928
3.0288129904595689
3.4613819510073389
3.0160189987427932
3.8394892543844068
9.3357784882930144
3.5051815338887833
5.3013996158472176
2.7394871669550835
2.6669482637674644
4.2246711771121834
3.2400673616484843
2.4897660337440821
2.5594962188547412
2.4928506902572192
11.206931243992027
2.5872531714057212
2.7016173678832076
3.6809240438589175
2.8155316581883323
2.6338518145972967
3.5989977398273885
4.1486932926771889
4.2219026213237107
4.8755428935955676
1.654951551467905
4.6944240829651713
4.3832029432219439
2.1351458246774255
3.1925018593612871
4.5129030586858425
12.907601581026096
10.379680441151729
4.5129030586858425
4.4042907201490769
1.6748048413375738
3.5710982299703047
12.986300440193244
3.497766314771328
3.9552155437930669
12.668389898471043
13.50614618564031
13.233586105100457
9.7421206599199159
9.818873370159654
3.7426979603805468
3.5540755608795367
6.2109720869312959
11.318399217352791
1.406097333238479
3.3981206708351444
1.8865223758736001
2.8162884155328727
3.0845679821304155
2.7200797456714985
7.6070796627377035
13.275254343131733
12.66012484882239
2.8370015868850369
4.5203181617965127
8.1519067796445785
1.5243796452144813
3.963488479167725
13.016430933131566
13.006920352344219
12.810115854712286
2.4804637743183928
4.378185589206371
2.5722562098110786
2.4191374674151351
2.8585559157784917
2.3089421244287887
8.5173938108719458
11.030662727716742
11.43081574262809
12.752307894210183
12.580813750673569
12.487423156275584
12.516541459534952
13.503171031777358
1.5164458344947294
3.4170595690770016
4.8335813805554286
3.2642416210604255
2.6098100633322754
2.8341384066461481
3.5390065157305752
8.7658643903746292
8.9748285179463263
2.7725641436497508
3.5390065157305752
2.8410811240362648
2.791373203573829
3.5390065157305752
12.418543735857719
1.9801846586704543
3.841379575355794
4.0955020438860998
1.4369361621671848
3.115452438692401
3.8980918693924043
4.575482998655743
3.2617747800479169
2.9560271966623191
5.6356890302531024
2.7127033894402883
2.5594962188547412
11.016194619332087
3.9927702097377651
4.0698245139422227
8.0201802282339845
4.0698245139422227
1.4120803556602655
3.0165865801622438
1.6634625875749098
4.101911073967285
7.8741304843477096
3.0165865801622438
10.732715252716424
8.7488776991654387
2.2263647024767703
4.0955020438860998
1.3232293412487446
2.9034718914539237
3.1181855484340026
2.0336000890909083
3.9760534108621162
12.806117919003858
13.131411703799081
8.9748285179463263
4.255402229742649
6.631459083980153
12.508001162955399
3.6031733226258864
4.1525101437908756
5.0712242748579985
4.6029497925005893
4.2005122648561821
12.34790535114124
4.5334243388485174
3.8959712778851912
10.97175165217836
10.790605751617974
11.016194619332087
10.301022935057198
2.7725641436497508
2.9953361571074519
12.670901780414273
12.752307894210183
1.3600969832742031
3.7478037287518133
8.1919271876838256
13.607079611505045
1.3411704734683767
1.9011884980164446
1.6910209945609893
12.479527140576845
13.721246094576099
1.8034848447591898
2.2062042475049735
1.7429940530511394
4.0540149523318281
10.57913484352485
10.886857817958646
1.6974429036277696
12.548884256008202
2.7016173678832076
3.3522334176575979
2.2291397767705057
2.7020525380598741
2.5000888702451114
3.4138523164980619
4.0698245139422227
4.0698245139422227
2.4787475901854132
2.3259547270460961
4.0698245139422227
4.9726477041340589
3.5758754896217253
8.8499622702164338
12.721082495504673
12.580813750673569
3.4393412024810139
3.5862457035135571
11.076211636406581
3.5894293908381028
4.0924633333209606
3.5390348500864106
3.6755587804212038
4.0749177159260661
1.5363312581715785
3.9760534108621162
3.6083228330609174
1.4137668189451191
4.3118629666297288
3.5983668387839129
2.7858885320999542
3.5710982299703047
2.9075872003305467
12.359409570693145
7.1190442793100139
8.1927191130623314
13.740189862183492
2.0156938487287155
3.6329989857956919
4.584598269076559
3.2911163365103584
2.7920608729432557
12.670964934385983
2.2185979778191682
11.248046033797269
2.0803873620770088
2.3728175231827464
3.6031733226258864
3.5390065157305752
4.546625485367219
3.5758757640618621
3.743648535373107
2.8410811240362648
7.1394366939941829
7.1302043455345201
7.1485422084008805
7.9382808776641207
8.3670428038103228
11.455243898442946
9.9362843205381175
11.817213382112653
13.348366006339868
13.275254343131733
12.487423156275584
12.66114605193702
13.643284553106387
11.857353177086059
1.5004332880283933
5.9389642242382408
9.3909194193918459
8.5443343958789786
10.521789722400344
10.468495052183965
1.7632278679719027
4.8677740674678684
2.4978768154357036
3.3090425434051083
3.188699401717987
3.3090425434051083
1.472771310897163
4.1839386729372148
2.9075872003305467
1.3147500554609797
3.567532998001139
2.2170869643342495
4.0470371607670002
2.6113784589480242
2.4427298779559932
3.0734376653158746
2.4787475901854132
10.742605802888882
12.271277641791164
10.886857817958646
4.3046163756166127
4.4607502787927169
2.791373203573829
2.9953361571074519
2.4422319946120146
4.0787208116388243
1.2477637038430867
2.3136012235032402
3.0789737858679942
2.6399831738549322
3.2288221724192128
5.0011562918658798
8.5566016573270609
2.3173356951533415
3.3812818221684786
3.2003732645618306
9.7421206599199159
8.0907860408518406
13.721246094576099
1.5455766040469698
3.4130277067413566
2.8484792146705789
3.235248759059254
1.5454191176252901
5.0348087805706578
3.5390065157305752
2.0906774655560185
3.767856564259545
13.258251518339597
7.9801472257270145
7.5524719833471137
12.107058700883464
12.66114605193702
4.8481899343040276
3.1304554000662557
7.4175102913822304
3.5004303562857064
4.4438226596803876
3.8394892543844068
11.163831074306175
3.8234477724870284
1.8604108209091479
3.8959712778851912
3.2634109571862702
2.4927398764070205
2.4422319946120146
3.2634109571862702
11.540074629162277
3.5198138619876445
5.8830467722621398
1.3926884307724443
3.105134257616553
4.4311712354932311
1.8999283011160994
3.6809240438589175
3.3522334176575979
1.2906011018709391
3.188480247779784
9.0400637619095221
3.5203693268952709
8.4634975856660049
3.9552155437930669
2.6399831738549322
2.5430160997695128
4.7673246498457624
5.502710254619922
1.8167717808593931
4.3825779170863246
2.3173356951533415
2.0615967013768666
4.5217842011500995
4.8070430518415934
8.5326723842389463
5.3501279376790594
4.255402229742649
4.3104037838020002
2.5722562098110786
13.611643894723796
9.4560499706770962
2.2252028941632847
4.0470371607670002
2.3278553592873386
3.0020281003069202
4.5299039425856948
5.5352842402563533
13.203000276721363
2.0189840092895843
4.3053554168130006
3.9050646547510319
2.2122141705999558
3.8980918693924043
9.3370169711953199
9.2801262405931837
1.4633986104765662
5.0348087805706578
2.7398671071908871
11.227564425923724
1.6040352864201197
2.2291397767705057
2.3245761900973432
5.7691688646654891
4.2911156463156557
4.4524450891035414
3.8991505854174267
3.7295317340737748
3.2674125334586495
3.2138094784315889
11.699950739770225
9.5449266477723445
4.2911156463156557
3.3567881916035462
8.0243313819541768
7.0412041439338378
3.4192204783317979
1.6633445003643534
9.4788876071699129
8.1014774393823679
3.3567881916035462
2.6437717602619371
5.3793611573169295
3.7246040771782418
9.6291281478531108
13.50614618564031
4.6338894430587327
1.2938238932340482
2.6437717602619371
5.2234794142401801
12.555589635454876
12.66012484882239
12.516541459534952
2.6357263477642436
2.3728175231827464
1.5339371522751732
1.9257695339794343
1.5428134905278292
1.8999283011160994
3.5862457035135571
1.7341400121905204
3.9577611328634985
3.2818028252829898
2.5748072465161917
3.4159401117832191
13.258426984870217
2.3100451675143203
2.6669482637674644
3.6145469619943289
2.757357861409957
2.8064695655179386
2.5560255777171665
3.915019488504734
3.4393412024810139
2.8995339384591894
2.5560833299844159
2.8261204367739508
1.9057201251878149
4.1477860554119337
3.1787512196710996
2.3259547270460961
3.3812818221684786
2.0615967013768666
6.1972614541379869
9.8312175122199825
8.0916462419567541
3.0845679821304155
3.105134257616553
5.0418930257418513
4.4524450891035414
4.3740787197415907
12.800902947693539
8.5343898746587126
11.318399217352791
11.204072335406902
5.1035012526048238
3.188699401717987
8.5343898746587126
3.0754652295042444
3.050335547757514
3.6484895570949405
3.1557063979179274
3.5526373762995473
4.4242733217153596
3.5004303562857064
4.9355382088929192
3.3751532141680549
4.0932811426847042
1.3770348678326776
3.434189435690421
3.188480247779784
2.5430160997695128
2.3825176121119762
3.5862457035135571
3.3978252735758185
3.1478539729695671
4.9355382088929192
2.074437700586591
1.7341400121905204
10.7756297303261
2.3624961943196823
3.2564349503054246
2.4290796822151188
2.9271850742055259
2.2556965182798701
2.8172747399812113
4.5217842011500995
12.731012986027313
13.006920352344219
12.169725642764949
9.5546730023028239
6.5942139804908777
6.6704867532779888
9.4906599312993372
1.4101907438995254
1.4145968259719832
4.5299039425856948
3.9565363056458107
2.3825176121119762
11.373320270872055
2.5043560697384901
2.4928506902572192
4.5672483956214966
4.1371538087225037
3.2597639881900817
6.2369381134837605
4.2246711771121834
3.1663104561182309
4.8427004797025974
3.466217389829497
3.5965424796246195
13.071076417471277
12.043992707639463
9.7980993559870164
4.6943782399413765
4.6479517311848335
9.8449380047660497
13.356427395425431
2.1963718703570825
1.4979134470873994
3.5982102895660155
3.3042461294781118
4.4413193739288133
3.2400673616484843
1.6778518856026656
3.6083228330609174
5.6001584830883004
3.6479520198681663
3.5390348500864106
3.7295317340737748
9.8885342729089682
1.3460117582635112
4.1779693411713348
4.4112165019624054
4.4590737710526982
12.387892832027608
4.0179659374287366
4.0698245139422227
1.237578286863831
3.3090425434051083
2.6975669212503131
2.2032812511850537
2.1917321530712766
7.7869474516584702
7.1485422084008805
5.5352842402563533
3.9565363056458107
5.6001584830883004
4.5672483956214966
5.4934290176198388
3.0405757280830974
3.5989977398273885
8.0907860408518406
10.711589839889692
4.0998307456860781
3.9050646547510319
2.9560303315956675
3.1989506018145586
1.4901011311175942
4.1685247698281973
3.7478037287518133
11.298551455173756
3.213615706470343
2.8261204367739508
3.3156986869456295
2.4446594172751768
3.7588855853286294
2.2635992672208962
3.0746638788169793
4.6031370659857425
2.6814849505951055
5.8830467722621398
3.3751532141680549
2.0851805552499538
4.8070430518415934
3.6685942948004753
2.2011263133690324
10.145678082624208
9.8168635976939491
12.508001162955399
10.301022935057198
13.740189862183492
8.0081085712020066
7.9382808776641207
7.9128055795822814
1.9711904480472751
12.169725642764949
5.1706458796767558
2.7200797456714985
4.5387118202624288
3.6031733226258864
1.8458603285743855
4.9457356089375804
1.8034848447591898
3.3394023946006346
1.4670416350667124
2.7180380094083665
4.6944240829651713
8.8239244743708021
2.5042039531381661
6.96215680911848
4.6599348823230287
4.2896218428173825
4.3740787197415907
11.204072335406902
4.2678780328114927
4.5217842011500995
4.584598269076559
2.2062042475049735
5.3529936971985004
3.7988232638434676
3.466684631088822
7.6074962863493285
9.3357784882930144
4.1371538087225037
4.5387118202624288
3.3103590864357741
10.795359917049788
3.5837889700453913
3.193093811908899
3.2288221724192128
3.5673869709045878
4.4607502787927169
3.4202048369863465
1.2852075388161655
2.4851011981080102
5.9454110831440703
3.5082841620438452
3.6642072449832686
3.7270213129097285
2.3401192265877082
3.9577611328634985
4.13197649380154
3.2634109571862702
13.503171031777358
13.643284553106387
8.1067094337860048
12.359409570693145
12.300722918293134
11.857353177086059
13.270404464870156
7.9601159113725952
2.7888690087699839
3.7253172168067632
4.0224671047790439
3.6755587804212038
1.4864264990121649
5.6356890302531024
8.3670428038103228
7.9128055795822814
5.5535867378942614
11.43081574262809
2.6566030799608886
2.01058498982237
1.7429940530511394
3.3394023946006346
5.3529936971985004
2.7888690087699839
5.9328764559246876
11.455243898442946
9.4126723094231544
12.777290010838094
3.0224337561585526
2.7398671071908871
4.7445640364529478
5.1144562625619967
5.502710254619922
2.7020525380598741
1.5636507414139642
2.2846226136787702
2.0046073139829459
3.1663104561182309
1.8223299392785042
11.064505794215908
3.421130727272661
3.7426979603805468
4.1525101437908756
4.9726477041340589
4.0749177159260661
4.546625485367219
3.721520299319081
2.5953998482491909
2.3382750418690192
3.8008347945306133
3.1304554000662557
9.4906599312993372
2.2122141705999558
1.6886972345837412
5.3909491045703284
2.6526694022044417
3.5082841620438452
7.4354722080860078
3.1078938422149029
3.3414476369820889
4.4042907201490769
8.5566016573270609
3.4202048369863465
11.632473656746935
3.3978252735758185
3.2911163365103584
2.418666061081379
1.8223299392785042
13.233586105100457
2.6113784589480242
3.8386622762369318
2.311752368828571
7.1190442793100139
2.2945326189698907
5.3013996158472176
3.5540755608795367
3.5758754896217253
3.5758757640618621
3.0020281003069202
3.721520299319081
9.4389324453247809
5.5967447851510581
13.384221354208663
11.593453562904903
8.0009460540215649
4.0932811426847042
9.3873691305394225
9.6114073000961699
1.2978487689189127
3.676266402307125
3.963488479167725
12.555589635454876
3.2597639881900817
3.3103590864357741
13.766698023625665
1.5484255264639757
8.2860698942272233
12.418543735857719
2.28094992583129
3.789939266556261
3.0079764710803634
2.3136012235032402
11.373320270872055
13.342918061422953
6.0190821407926709
2.558421086282944
2.4191374674151351
2.4427298779559932
3.8386622762369318
4.015525062861915
2.9533218730806627
13.270404464870156
8.3938293898613967
13.766698023625665
1.8932576942029922
4.0540149523318281
4.1486932926771889
3.7654686779708908
2.8121035117648416
2.9456548797673925
3.235248759059254
3.2818028252829898
4.0179659374287366
4.9457356089375804
1.4147597047634095
2.3245761900973432
3.9134391728182512
12.763324093026265
12.810115854712286
9.2427402197570547
2.4237424228944988
3.1280435730927256
6.96215680911848
2.2121893771759717
4.183653893172286
4.2678780328114927
5.7691688646654891
3.9134391728182512
2.8154058781315108
3.0761014834968678
10.892159339470739
10.468495052183965
7.6070796627377035
5.0418930257418513
4.0787208116388243
3.2579455802988742
5.8286269739598007
6.4519504491446016
2.4559589868365861
2.5187075955833662
3.1755025095251272
2.5021290058424235
4.1416808736873927
6.642499957619167
3.319185705507588
5.0227000694826502
12.88626122149361
11.232753811232691
2.7581941317669254
5.184929442530275
6.5780385752804271
10.863054510941888
7.7421726054549991
4.9204325238383868
10.218155410854681
4.4892446426428556
2.9916306632692193
6.62674582083232
2.707804713487957
5.9997073952107813
4.4892522669976369
10.218476673199627
4.2364052093852402
13.764858922057718
4.2278859770541883
4.9507874977739288
12.749236300899863
13.022999864443447
10.218476673199627
11.004207158031429
10.600068727227994
2.2684953424108367
11.616284474893879
10.498007910914321
2.5280229778545142
2.8277541778736448
2.4452372312105277
12.614559721202301
3.7844734173788721
6.0223589832134916
10.218476673199627
5.8610321844000595
2.271106828568366
2.7331705864000884
10.725362545149878
3.7020061277051166
9.6447224486660481
2.792268941603461
9.899388881849541
8.6083118781831107
4.2727521031977114
10.746534858075458
2.4814643929448779
10.836948131744212
2.5218805080794819
2.9395856834029779
2.8546128399294299
9.3969648707483913
6.9213187110299659
3.153367586221429
12.537433506079259
2.7976613362201825
8.8445480408465826
2.8690310601601912
4.0185210039562556
2.4201927055966195
2.4017879118592527
3.7844734173788721
3.9055349400701873
12.840440350568807
2.9912198382397315
10.510961476186203
11.64563401916565
10.722817241538968
10.930922196241269
8.0300535672871334
8.7741350585139095
2.6252919775732573
10.793085782166273
5.6584933216491802
3.9017123032224013
10.58855644560264
10.581516694259388
2.7007431356497595
2.5968687273814544
4.8503471659045951
2.8690310601601912
2.8690310601601912
2.8690310601601912
2.8690310601601912
1.6111280052437764
9.7277222531226695
3.3157095634207616
3.4422872066265922
4.0582014135033484
1.7087259534340615
8.8640134100977281
8.9003563634735468
2.1065835533583823
11.356635926891926
2.7880961883788387
10.183319887792255
10.039216851351741
1.4657122410975365
1.511374488905177
12.94163067987898
7.912209211649583
11.867554368955624
5.6606402497415811
12.94163067987898
1.5473211414173831
8.6290114077927065
1.5917399444969742
7.9017786795368998
9.8176783870056088
12.567809179299001
11.867554368955624
11.535462375553918
1.7786770559623546
1.9205965376593326
12.272599769015045
2.3131781575923962
10.658289721508014
12.139536345437381
10.115070841327755
11.180236834948982
13.692491745914344
10.352532832085194
11.38495370293635
11.433330374262097
5.6733781247246942
11.297258873655784
12.933037817338171
13.415753282876441
11.182570334354109
5.8003913066624726
8.9665029830069951
7.6956850858636683
2.7730972410476311
3.4421253252938451
11.792856741095914
1.5259835950396448
13.625603748243453
11.867554368955624
3.8092949039493056
9.0451989234497496
1.6906316320538017
5.846908721863417
9.8037168355636339
2.3204588369591987
4.3658611182106757
12.140756578573827
2.4349995960566271
2.3205030772633535
1.770881699754149
2.218841068811646
2.4077877370911582
7.248553685079421
8.1084503176794325
11.248725583706976
10.648213830333836
11.18042401042443
11.18042401042443
1.4054172857168286
1.4967177494096939
2.2809232861831865
7.8423854759943632
1.5912096734313734
1.4761449249361949
1.5863900317114419
1.770881699754149
4.5657139952128185
3.8014186815038125
8.7311293328234392
3.2664802439748186
13.465579472865537
7.7765643532772897
12.697911526660068
4.3424878596705883
13.534985654682789
3.1255268123803868
13.043728196425079
3.3734890040005285
12.805282504677397
4.3236742853383667
13.175518690137805
3.2239934877608638
12.551400172245389
3.5794172515912877
12.863552843666113
6.2711691990679919
4.1338770409143448
5.9202856048365273
3.1625570952297912
7.7001748990457646
3.6169680572002871
3.2579455802988742
1.6111280052437764
11.282895211774658
5.8614263404903397
7.804979448068381
6.80569621541553
11.090026285911025
11.071783495288527
3.6207285961320048
3.4067445646315138
8.2976368282735997
6.6842171949446643
8.9197337820802574
3.8799953822760065
6.6450155472671302
5.1777996568718407
11.8319228944597
5.2907157175840824
9.7277222531226695
9.9067184217411999
9.7100799255144494
5.9697071604160703
2.5371721457359517
9.6231128764167018
12.756864013609354
3.0988165925949196
9.9271956980776981
4.2859445594844647
9.7845480929237265
4.3115812245780605
2.5693964838040801
4.1409605154966389
2.5540589074818376
2.5004325849619282
4.765112983161135
9.2070180114726785
4.6381604486496499
3.280493392218752
3.280493392218752
5.3826402164878813
2.5848152431165081
2.7456098771038238
10.663178128662047
3.351460164610002
5.9250919476049129
3.0426756601702647
4.1013863369554917
11.586635748600028
2.4253549860492631
4.586687690751754
3.3091511999576846
4.7494490655141917
10.057053645499641
7.1455394123447498
9.9067184217411999
4.3450520156890873
4.4025677241567704
2.0094179201259896
2.2813005685917709
2.0659569407836891
2.4153533151559237
3.7270213129097285
12.676719490009132
9.7906594289980138
4.5657139952128185
2.7584949232585236
5.0310137830253057
5.1534544320156224
12.015106782873731
3.2148965519000439
5.104494192509808
3.4250797845365861
5.2003485372475673
2.7137192607338632
11.220599402780648
2.640756627435493
7.5098118394415474
5.7077992286907762
2.6789101546657732
7.1259072154790228
4.2304045646107378
5.8286269739598007
8.2026934491022043
6.7139527190115
6.7936079894098658
7.5847178439339151
5.8675802008514264
8.4198612746356929
6.4456771834849897
7.0378036346899124
5.9288425814976637
7.6599027703332627
6.238094703371365
9.7100799255144494
3.5099180466980417
13.113513647730814
2.6723304608580243
10.331378410784168
5.5472192303045533
3.2051245858109438
11.252749515976964
2.5722831760982703
10.687673351152302
12.669732192942769
2.9253413137447923
2.6940527438859516
10.53602977590111
6.4519504491446016
4.358690112634549
10.802632692386286
12.000331329070004
11.092702644462745
4.2566834444065105
4.0589058507798566
4.0543798325122511
11.829185817106122
13.765405800943656
5.7169950485472132
3.7872796086276082
11.829185817106122
4.5169665915249615
3.3957535983747085
4.7556755826723007
11.522705986338378
12.244251362406175
4.7406622776309852
8.3472738429231459
4.1919202406850875
4.7406622776309852
6.4798928505665465
4.2974380524428595
5.2562934900753522
3.6747134282931997
3.9253611564592004
3.7014963633100626
4.659725181511118
2.4559589868365861
5.4248099146299325
3.8389404574272494
3.3157095634207616
2.9108326118295893
5.9697071604160703
4.358690112634549
8.9472997869250577
6.7017738613163536
7.196253195575391
2.5371721457359517
3.5099180466980417
9.6231128764167018
13.113513647730814
2.5187075955833662
4.5206503811388297
10.977476824496636
11.429046048494804
11.418738198733408
3.3733214611317064
2.9430638416604999
3.1755025095251272
6.6617269182741197
2.5021290058424235
4.8253126695218196
6.2089613521369396
9.1335178403068848
5.3852224216834159
7.5576206216996935
10.31510392431006
2.3483500940958177
6.5754792771202322
2.2767011126990995
2.7711930192909908
2.6977087994457367
2.229530801914585
5.2234380743775057
2.7554792158045571
5.3826402164878813
6.2837528033770109
4.9515369245771552
3.4422872066265922
3.5862457035135571
2.7584949232585236
5.1362996733303135
3.522059286242988
4.0367326327021162
11.24123431955193
4.0582014135033484
3.9642259239711524
8.2866035390721553
7.6355738819863808
7.6282421103444369
7.6339802862715667
4.955021665673919
4.1355929831280527
2.9588083388258037
2.1381707258804026
4.4034187859963136
5.1150133785330327
3.411650867640788
3.3724131893965894
3.411650867640788
3.5738055006610003
4.1030278255674171
11.552803055982956
4.7446802451107946
4.3622407528105658
4.7446802451107946
4.9453085553909686
4.7878427617468597
11.151366276594473
6.0362700926733792
13.58411534926004
8.2026934491022043
7.1728902726809647
4.1416808736873927
1.7087259534340615
8.4348976153154887
13.006452751094111
13.253476845757827
4.0348131201801323
2.2653948321079396
5.3793611573169295
3.8696186148446912
3.0567957256342346
2.3328261953221983
4.4892868541517847
4.0524331606226438
4.7556688255592352
6.642499957619167
5.907001923857722
5.3617732634535997
2.6559104415675621
11.282895211774658
7.3392681481120832
8.5983575965984205
12.756864013609354
4.2164861106609743
4.0290027447990591
3.319185705507588
4.8677189023969101
8.6093198642283113
7.9972176831330009
4.6330020321805527
5.1915721002317108
9.8385937535772143
5.8614263404903397
4.286362565284934
9.4098682022766162
9.4526458116540066
3.0947015899091816
2.4326396841359239
5.1334536268587545
3.0947015899091816
3.1124954326434677
2.9557462230814764
7.2928776779048023
10.057053645499641
8.8016200401925264
9.9384243547432387
5.5147716418325015
9.9790921040299292
8.7228994280786765
2.9591907441981373
7.9136126230447239
8.8640134100977281
8.7892991262929172
13.006452751094111
10.8401341986576
3.8014186815038125
4.1272876154249705
3.8922736547801482
6.8751250083541233
9.6831198904064042
3.8373519891247452
5.0310137830253057
5.1362996733303135
11.24123431955193
3.5342286036628483
8.1160993148555924
5.4442258591888386
11.298157163521335
7.2647503887248694
3.7081966063997864
3.6446615104411566
3.5477841854824073
5.794374053559884
7.1872206302043873
7.5545672679248588
11.552803055982956
8.3041729571228551
9.6259127082995111
13.236412156291264
10.802632692386286
3.522059286242988
3.5342286036628483
3.5838883301289237
4.7494490655141917
4.3450520156890873
10.31510392431006
2.1830493888479285
3.7789450587498861
3.5691103050457689
2.4270682096807508
4.2939467508674189
2.2208689696696626
4.0632018102210816
2.0985499679286947
11.913505101314467
9.821293403292028
13.245739308864016
2.5964547347129288
5.1341711442043936
2.1530313592319299
3.2752537741935148
2.2994487885563029
2.4436930261789702
2.6847137533415149
11.94220838309899
2.7199475107652726
4.4605394585560365
2.7928402908297674
2.3472820771256524
3.4587827091255572
4.6777072840895233
8.7311293328234392
8.1622893180617115
9.8929875626477823
9.0930809721160042
10.914630601666472
8.6093198642283113
8.6870551018539377
5.0227000694826502
8.9003563634735468
3.9163526804621456
4.0958606751030073
12.17180264311299
3.9552251514721015
4.7556688255592352
8.9122114379082618
8.1392960583130449
8.8502169441931162
9.924120317028434
7.6917793000999328
12.88626122149361
12.534677360590562
13.429600490550419
8.318419603283095
9.0315116068703585
2.1065835533583823
2.2994487885563029
2.6703686950505658
3.6536583695315228
2.1496999189066739
3.6684458193034382
4.3135863787888606
12.627106344185201
4.3048271958532931
2.1250840062064449
2.8305777665663161
8.9472997869250577
7.284994352952376
9.3385267797538152
11.356635926891926
13.80827774871946
2.9588083388258037
2.5301291792737977
8.5401790268853155
3.3398445975315565
2.6165880914896595
2.8833777782631498
12.216242990642758
2.6683162239833833
4.4508511399699389
5.1454765329077938
4.4211796585266194
2.9608526246984375
2.9490234036451488
3.6012503643246938
7.804979448068381
7.8413991690105105
8.4532545500200804
2.7880961883788387
3.4757834794238294
10.183319887792255
6.80569621541553
7.3392681481120832
4.286362565284934
2.680250616436588
12.820083513334835
6.8503627951468316
8.7293072488680838
4.5619569649548923
4.7386900716454567
3.2664802439748186
3.3150581959375853
4.5997457426198114
10.039216851351741
8.8911191224757395
2.6164228756526988
2.0389060594842934
4.7632829612922647
2.4436930261789702
2.6703686950505658
6.6330696026117657
2.4138580975433621
13.465579472865537
4.917626430037501
7.1135877596391905
5.2486198515568905
6.9713185220898071
10.307655068784426
11.232753811232691
3.1690643523743933
2.5143710226287874
13.211284782283261
6.9596626484039259
13.20636730376153
4.7058690837652026
2.9291714581531787
9.924120317028434
7.7220349525470038
7.9075208851701042
7.6901998385953378
8.5229400581952763
7.6289486625522152
7.8103889406506983
7.4869424638207045
1.4657122410975365
3.3699281689970113
5.2234380743775057
2.6847137533415149
3.6536583695315228
7.7765643532772897
5.1534544320156224
8.1622893180617115
8.8502169441931162
8.4651010289716382
7.751726665528861
9.3962850987557722
13.488191521965899
9.0471758968562366
9.0200985263533404
7.4773499478065473
7.7914921234312109
6.9688479859261294
3.0757392865261739
1.634554808183365
2.2961189962691626
3.5096856874792848
1.511374488905177
3.7989511529432614
13.691198669066466
13.696678484389674
2.7581941317669254
6.9663956052329121
2.1830493888479285
2.9914678650167761
4.7406622776309852
6.5487842793626081
12.000331329070004
2.9661086391964386
3.4252313291675458
8.3472738429231459
3.8540134035943887
4.3306011549464891
2.9508341810510825
3.9255201599530034
5.0194394402880125
4.7252715198119075
12.693960390930993
4.3270443077770393
12.471709895986905
5.0248757773692798
9.1147423556843883
4.2341187437135268
2.7300475420253663
4.276031056245098
3.7789450587498861
6.818264611878222
3.5614656497912058
2.3483500940958177
3.1868176353873192
4.4040949698609495
9.541377898012815
3.0988165925949196
5.4573226987866414
11.092702644462745
4.7353466199947638
5.8075707664489284
4.7024131433965186
4.6164625414954603
2.8663438091047095
4.8840281605242515
3.927264804980934
5.1016586918770042
5.184929442530275
4.4998589198167256
3.0567957256342346
3.5614656497912058
2.0223570181685364
1.9609096731730034
4.867005201302975
3.0907834005798667
12.697911526660068
12.94163067987898
9.0054335785462793
12.72963283105662
3.1847835033009684
3.5331323021738092
3.326194007768605
7.912209211649583
3.4757834794238294
3.2576497796032204
2.6316728554882518
6.5780385752804271
7.1572107240456768
10.135015186969353
5.5041373886798928
3.4840424690698701
10.863054510941888
2.5848152431165081
4.4795717032786442
7.7421726054549991
7.575859402004772
5.7431625129260739
4.3424878596705883
3.3150581959375853
3.451820491900254
3.7250813316997657
7.4362293584727759
4.3816706798210694
4.6777072840895233
2.9292044720734385
4.9617995991366968
7.8825483797150477
7.6598038336469072
3.0757392865261739
1.956103794545643
4.2566834444065105
4.6429277137971665
2.0298815041611267
2.9263400494296046
4.0058836136380584
3.2756889956169473
2.680250616436588
2.6445460555244229
5.0773230243901208
3.1474379551989355
5.1623644507238842
11.867554368955624
4.9204325238383868
5.0340445047702387
7.0058833324692973
7.1525085550828829
3.4774251993472163
2.117360750655195
3.5144366032953069
4.3096822970486981
10.218155410854681
5.6606402497415811
12.94163067987898
9.0054335785462793
4.4892446426428556
3.9163526804621456
12.015106782873731
8.1160993148555924
2.7456098771038238
3.1218001983121009
4.1865188414773877
6.5754792771202322
3.5691103050457689
4.1919202406850875
3.8540134035943887
5.1924613956324492
11.694102624049341
5.038514054650066
6.0030534890746248
12.961821101061362
2.9916306632692193
4.7118509845284446
4.7406622776309852
6.5487842793626081
1.5473211414173831
2.4197464464282246
12.534677360590562
10.642113335733416
4.1272876154249705
3.9816526871763438
8.8016200401925264
3.002356291910429
8.6290114077927065
11.94220838309899
2.1496999189066739
2.5301291792737977
2.0298815041611267
7.5451653599532822
2.0990037840524614
2.4678375132093735
3.7453560080221706
2.1043939886048491
2.7293963173627489
8.4338206705266039
2.7412007661489213
3.285398835391129
3.5868977808670004
2.2144179406018396
4.2735369201030915
2.8627295100577412
2.8627295100577412
4.0589058507798566
4.6429277137971665
4.1302474726102814
5.8146161803162624
6.62674582083232
5.6960595549211517
3.8370579470350221
13.534985654682789
3.9642259239711524
9.5867129046185671
10.541539693193561
3.5785540576197703
8.2485816075882887
11.575914157165705
1.5917399444969742
2.6445460555244229
11.816519695577492
5.3783935756820647
11.757926994631434
2.707804713487957
4.6330020321805527
5.4442258591888386
2.8355241349690794
7.4730762841950487
13.269140735510321
7.1079166435240628
4.3748798068544303
3.9949598059341271
2.8928276312971484
10.163198727265707
4.1947905617279995
13.439772119877926
6.6330696026117657
7.5442724642334165
9.1974699339983772
7.5404785553718199
2.8355241349690794
4.1774293990081759
3.1949535137743807
4.2727521031977114
5.9997073952107813
4.0543798325122511
4.5206503811388297
4.4286751861371352
3.3993492463428554
3.6326911247911826
11.771756549269925
6.3148996549534724
2.8834562253007201
9.8929875626477823
8.4651010289716382
11.829185817106122
4.4892522669976369
4.0958606751030073
11.090026285911025
2.2767011126990995
2.6732921712992082
3.6139871712753986
4.2515231924142958
13.765405800943656
8.5621443138303519
3.4685766161955192
4.0037948786239577
12.820083513334835
7.9017786795368998
10.045576581209133
7.9668534173393786
12.244251362406175
2.1381707258804026
8.5401790268853155
2.0223570181685364
7.5451653599532822
2.1948713205136583
1.9870405201175227
4.372889598500227
2.6316391018923251
5.2234380743775057
2.5135046699686461
3.5799774914604443
4.7446802451107946
6.7139527190115
7.6037714100231328
8.3041729571228551
9.725332959894482
4.2267721443737081
7.549234426359547
9.8176783870056088
6.9713185220898071
10.524822894317913
10.218476673199627
12.567809179299001
2.0094179201259896
1.9590148846036404
3.6811348640955983
4.4576949363137155
13.20636730376153
4.3306011549464891
5.5041373886798928
3.1306068568310628
6.9015247060266178
9.9271956980776981
3.451820491900254
3.5128640472154968
3.8003339109849161
8.7892991262929172
8.6651349034930405
6.7936079894098658
7.8825483797150477
7.0058833324692973
8.4445671339426873
6.7895820778456413
6.8332591207411406
9.5867129046185671
6.9681079106878894
2.7300475420253663
4.0860518079463013
2.1254296076775843
3.9148086682680532
4.7058690837652026
2.8050169048519775
2.9276884868729476
4.6625598105462709
4.6625598105462709
2.9485991962160449
3.8774766357816333
4.6982991265118699
4.6625598105462709
4.2859445594844647
4.3622407528105658
12.004171828232392
4.9500673313517352
5.7510301025636492
6.2692424324043685
7.5442724642334165
7.8288287401659202
11.867554368955624
3.6056344250610084
9.8768681479831422
7.7220349525470038
7.8860006015276136
10.787332925882991
2.7199475107652726
3.6684458193034382
4.917626430037501
4.2407405405786474
2.9508341810510825
3.4840424690698701
3.1306068568310628
2.9658948734248072
5.6132457817260653
8.3505631261072324
2.1104438197436117
7.6799761091417729
4.219701180377788
4.7446802451107946
8.3469323833197446
9.8932077086061732
11.535462375553918
3.7989511529432614
3.2576497796032204
4.2364052093852402
7.1135877596391905
7.575859402004772
13.764858922057718
4.7024131433965186
4.0461237504523631
4.1787218288366317
4.2278859770541883
10.977476824496636
2.2813005685917709
2.4871432819916177
4.9507874977739288
5.6960595549211517
4.597812249582101
12.995380071812235
12.17180264311299
3.8331110738272796
4.7317035451894469
4.7316212790650205
1.7786770559623546
1.9590148846036404
1.7881753922845636
3.6236119074093227
2.8802231694101437
4.4286751861371352
2.0990037840524614
3.1304794989671727
4.6155553042302051
4.6155553042302051
9.0930809721160042
7.751726665528861
10.270051984622542
6.4798928505665465
5.1924613956324492
12.749236300899863
2.7711930192909908
2.4270682096807508
6.818264611878222
2.539395353340784
3.7407981962930892
5.1454765329077938
3.2148965519000439
8.2344492887050524
9.2247945388245522
4.1717751820932509
9.4098682022766162
6.8503627951468316
9.4592084994625356
5.104494192509808
8.2344492887050524
8.7285885590008494
13.022999864443447
4.1774293990081759
3.3443568526753591
4.8253126695218196
5.3039899065167253
11.429046048494804
11.298157163521335
10.218476673199627
11.836767852249892
3.4250797845365861
9.2247945388245522
9.9814137288370386
9.725332959894482
6.6210874002807012
3.0695183838186284
2.1093253992019312
3.5217864581335983
11.004207158031429
1.9205965376593326
4.2974380524428595
13.429600490550419
11.071783495288527
12.272599769015045
12.589470375652297
9.7845480929237265
3.6207285961320048
8.318419603283095
12.72963283105662
10.642113335733416
9.9249196505192501
13.338377676860061
13.338377676860061
5.2562934900753522
3.9255201599530034
10.600068727227994
3.4067445646315138
9.9814137288370386
4.9751700912283088
8.7408276805775298
8.662816011718478
2.3131781575923962
3.1690643523743933
11.836767852249892
2.9013088603054804
2.3612514546631984
2.747124301679905
2.2684953424108367
3.3993492463428554
4.6541349651099582
5.7169950485472132
3.6326911247911826
3.1255268123803868
3.8922736547801482
12.322605469131725
10.658289721508014
4.4605394585560365
3.9244206304451694
13.043728196425079
11.510020261150757
12.139536345437381
8.6870551018539377
8.231440830699464
8.2976368282735997
7.8413991690105105
2.4678375132093735
3.9094996409929501
10.115070841327755
6.9727251811649262
13.236412156291264
3.3699281689970113
3.8331110738272796
4.7317035451894469
4.6866443680252328
8.4445671339426873
13.470169372145838
9.9384243547432387
3.6202719343546508
10.258440922910461
3.3734890040005285
6.8751250083541233
13.470169372145838
11.180236834948982
13.692491745914344
13.253476845757827
9.3972850762313929
11.616284474893879
7.5847178439339151
12.805282504677397
10.498007910914321
6.2089613521369396
5.1915721002317108
7.4730762841950487
5.3039899065167253
12.585243630100042
11.235546880218969
12.61602740606352
10.352532832085194
11.019856556973174
11.38495370293635
2.5280229778545142
5.7431625129260739
7.5873578518766012
8.8732607707582947
12.883209900022788
3.3398445975315565
7.8149688953718206
9.6412465758170445
5.0194394402880125
2.9658948734248072
9.4465472166790168
4.3115812245780605
3.831361363521951
8.2866035390721553
10.726193417918498
2.8277541778736448
6.1108104572271751
5.2003485372475673
2.7137192607338632
8.3469323833197446
6.9474571663200066
2.5693964838040801
2.6723304608580243
5.4573226987866414
2.6165880914896595
3.7453560080221706
6.6842171949446643
9.9249196505192501
3.3942865875351003
3.3681706407148155
12.585243630100042
2.4452372312105277
4.3374141988573358
10.541539693193561
8.3957570862739566
11.433330374262097
2.6559104415675621
1.634554808183365
2.6316728554882518
1.956103794545643
1.6833160062596035
2.6559104415675621
1.6191408646596537
7.5346340484468026
7.1296374082453227
1.4539255561218425
3.3817118313478161
3.5664135215822879
4.6777072840895233
4.6777072840895233
2.2993333238937863
4.4438226596803876
2.8744599040508945
2.8744599040508945
10.331378410784168
6.7017738613163536
7.284994352952376
7.1525085550828829
6.7895820778456413
8.3094023861676654
6.5864866703893039
12.614559721202301
2.6164228756526988
1.6720387046652156
1.9358870290461252
3.2834696503083602
3.7872796086276082
4.7353466199947638
7.1455394123447498
3.1124954326434677
5.5147716418325015
9.1147423556843883
7.1572107240456768
4.2267721443737081
6.6210874002807012
13.470169372145838
13.470169372145838
3.0765378332326927
2.5215053983763189
2.4163049375071561
7.1676060837977724
6.3989346479775833
3.7844734173788721
8.1080151087568453
3.3942865875351003
1.9727940642062713
3.2009567217370996
1.8858392521927401
3.3942865875351003
2.4272841901282449
2.8297982903819827
6.0223589832134916
5.8675802008514264
7.6037714100231328
7.8988363436547049
7.8988363436547049
7.491716903030591
10.218476673199627
5.6733781247246942
11.816519695577492
9.9790921040299292
8.5283808339198686
2.7928402908297674
4.3135863787888606
4.0348131201801323
4.3547589759683394
3.9785398326389099
4.3375756917941199
9.4491313190625306
11.297258873655784
5.8610321844000595
13.269140735510321
3.1949535137743807
3.3443568526753591
4.5700989279725768
6.6367039777614547
4.2769699512621067
4.3236742853383667
9.6831198904064042
8.4198612746356929
7.1728902726809647
2.3472820771256524
2.9263400494296046
2.1043939886048491
3.1304794989671727
3.9244206304451694
3.9094996409929501
4.6625598105462709
3.7268726855186243
5.5491565168896813
2.7411640079240938
4.7556688255592352
3.9244206304451694
3.9244206304451694
13.175518690137805
5.3783935756820647
11.829185817106122
4.9453085553909686
12.004171828232392
4.9500673313517352
4.8825355866433764
5.6287756256812278
4.6625598105462709
3.3336701260656167
2.0808534217046195
8.7228994280786765
6.6498338906090435
8.3094023861676654
8.4198612746356929
4.0367326327021162
3.5838883301289237
8.9122114379082618
7.9075208851701042
7.3001636934422098
12.933037817338171
2.271106828568366
6.1108104572271751
3.5076871360743271
8.5983575965984205
7.6901998385953378
7.6598038336469072
7.8860006015276136
8.7408276805775298
7.5873578518766012
7.8149688953718206
7.685204980994425
7.7691326112192582
7.5333374310257373
3.2239934877608638
8.4348976153154887
3.5785540576197703
6.9681079106878894
8.3957570862739566
11.837160194596171
2.7331705864000884
6.9663956052329121
4.5700989279725768
4.6530363431336283
4.98955344996837
10.725362545149878
10.663178128662047
3.3733214611317064
3.4685766161955192
2.9959894697773795
11.964905493995776
2.6695295358539282
11.918785374419125
2.9840335550739461
2.9591907441981373
9.6259127082995111
10.135015186969353
3.002356291910429
7.549234426359547
3.6202719343546508
3.0765378332326927
6.6498338906090435
3.1531920817072066
6.9736279226942175
6.0863649940842466
9.0011609221585083
6.4456771834849897
7.196253195575391
7.5576206216996935
7.1728902726809647
6.5864866703893039
7.1728902726809647
8.4198612746356929
7.5576206216996935
7.1322974277731781
4.3547589759683394
11.220599402780648
5.6132457817260653
3.4207399729428327
3.7020061277051166
5.907001923857722
5.0694202527961645
6.1736292080894684
5.3902037765021644
13.372907901960415
2.640756627435493
6.6374862323919892
6.9713185220898071
6.9713185220898071
3.6056344250610084
3.8223117532182762
2.8921048803391094
3.7635164187298615
3.5304259320894293
6.8396965482487344
2.974687550051978
7.5098118394415474
7.2647503887248694
7.9520920258174215
10.258440922910461
11.017970256156168
3.7081966063997864
3.7434784027190013
9.6447224486660481
7.1079166435240628
3.6948355077994179
6.4015552078528239
4.1626136481477296
13.415753282876441
4.5997457426198114
3.7250813316997657
2.792268941603461
5.4248099146299325
9.899388881849541
2.9013088603054804
2.3245393212816032
2.5215053983763189
3.1531920817072066
3.8223117532182762
4.3812572396994804
4.1409605154966389
4.2164861106609743
8.6083118781831107
4.0364546008297202
5.4547692857311985
1.6833160062596035
2.4315871721217395
3.1656940903364901
11.182570334354109
8.8923413748528581
5.8003913066624726
11.019856556973174
4.2727521031977114
2.5540589074818376
2.7293963173627489
11.510020261150757
12.551400172245389
8.9665029830069951
13.80827774871946
7.6355738819863808
9.8611696029468554
7.6956850858636683
12.136878371433072
4.2939467508674189
2.3849274150280726
1.7881753922845636
1.6720387046652156
2.1966435514793852
10.746534858075458
11.418738198733408
13.372907901960415
4.789716020554823
13.691198669066466
13.409597007138656
3.5794172515912877
3.8373519891247452
6.9596626484039259
4.1865188414773877
3.9816526871763438
4.1717751820932509
2.8921048803391094
3.2230783882470142
3.1878817075787249
4.706031712531094
3.3036441732219028
9.3962850987557722
7.42391432364027
6.6367039777614547
4.6530363431336283
10.870812760635681
2.7730972410476311
2.3612514546631984
2.6977087994457367
2.2208689696696626
8.9197337820802574
3.351460164610002
2.9430638416604999
4.4795717032786442
3.1218001983121009
2.9959894697773795
2.0659569407836891
3.9932657634649504
3.565571842101575
2.422139821841014
4.6452099370912086
2.4814643929448779
5.3617732634535997
10.836948131744212
3.4421253252938451
9.4526458116540066
9.4592084994625356
7.5576206216996935
11.792856741095914
3.7635164187298615
3.2230783882470142
1.5259835950396448
2.0389060594842934
12.883209900022788
3.3681706407148155
1.9358870290461252
3.3681706407148155
2.583518510047571
2.5218805080794819
3.1847835033009684
3.5076871360743271
4.6318958627756279
3.1473111487658865
13.479171217190993
13.488191521965899
4.0632018102210816
2.4961860024665437
2.9395856834029779
4.6318958627756279
6.1803778126065021
6.9736279226942175
8.8903677291121603
2.4153533151559237
3.9932657634649504
13.625603748243453
2.8546128399294299
8.1080151087568453
6.1803778126065021
6.2217906399405081
4.3748798068544303
4.4518711508098647
6.7491044334975232
3.8799953822760065
8.1325439698857593
9.3969648707483913
3.5331323021738092
4.6452099370912086
3.7510623573720547
7.0378036346899124
13.338377676860061
6.9213187110299659
5.9288425814976637
11.964905493995776
4.7878427617468597
4.8825355866433764
2.5004325849619282
5.5472192303045533
2.0985499679286947
2.4138580975433621
9.541377898012815
2.117360750655195
9.1974699339983772
2.3849274150280726
2.4961860024665437
4.7892147940548249
10.21271547831517
2.5249762368540041
2.7428061435632785
4.0093596855483922
2.3898162898799158
5.0391689117642544
3.5950682678295856
3.6446615104411566
3.7434784027190013
3.7715331025117571
4.7252715198119075
11.694102624049341
12.693960390930993
8.3505631261072324
3.6747134282931997
6.5487842793626081
4.597812249582101
5.7077992286907762
3.5477841854824073
3.4918138579677738
11.867554368955624
2.6559104415675621
12.863552843666113
2.4326396841359239
2.9557462230814764
4.2341187437135268
3.8370579470350221
10.524822894317913
2.4163049375071561
3.5304259320894293
4.3812572396994804
3.1878817075787249
7.007408268406552
3.8370579470350221
3.2167632735195455
6.2711691990679919
2.6789101546657732
3.8092949039493056
8.231440830699464
12.589470375652297
12.136878371433072
2.9291714581531787
2.9661086391964386
2.8663438091047095
3.326194007768605
2.9292044720734385
2.8050169048519775
2.9485991962160449
3.1473111487658865
3.7510623573720547
2.9918922931722727
2.7198721185824386
3.1906499950658174
11.896175249903667
3.153367586221429
6.9845995529978833
5.794374053559884
7.9520920258174215
7.007408268406552
3.565571842101575
11.837160194596171
9.8385937535772143
9.0451989234497496
7.6282421103444369
8.8911191224757395
8.6651349034930405
10.258440922910461
10.726193417918498
10.258440922910461
8.8923413748528581
9.9727745551815516
10.258440922910461
7.929471355388654
8.8921019093548352
6.8396965482487344
9.0471758968562366
12.537433506079259
4.8677189023969101
4.789716020554823
7.9136126230447239
8.5283808339198686
6.0863649940842466
8.8903677291121603
3.2051245858109438
4.7892147940548249
11.151366276594473
2.7976613362201825
5.0694202527961645
5.3864112674412503
7.6339802862715667
10.870812760635681
9.9727745551815516
10.561989651060244
4.4025677241567704
11.913505101314467
3.5144366032953069
7.5404785553718199
7.8288287401659202
10.21271547831517
4.7806406096056833
10.995039262046474
4.6164625414954603
7.4362293584727759
3.5128640472154968
4.0461237504523631
11.771756549269925
4.1338770409143448
4.706031712531094
11.252749515976964
1.6906316320538017
3.5833959276225138
8.5229400581952763
9.0965891992167833
5.846908721863417
9.8037168355636339
2.5722831760982703
2.5249762368540041
2.8833777782631498
2.1948713205136583
4.5997457426198114
3.9552251514721015
4.7316212790650205
4.6866443680252328
4.6452099370912086
12.275881369943384
5.9250919476049129
3.3445603447472467
5.9202856048365273
5.2486198515568905
12.627106344185201
8.4338206705266039
10.258440922910461
7.8988363436547049
9.821293403292028
8.7293072488680838
5.0773230243901208
8.8445480408465826
9.0315116068703585
9.1335178403068848
11.235546880218969
4.765112983161135
4.5169665915249615
4.0290027447990591
4.1302474726102814
12.995380071812235
2.8690310601601912
5.3864112674412503
13.245739308864016
4.7806406096056833
2.3204588369591987
4.0185210039562556
3.9785398326389099
13.479171217190993
4.9211641202875294
4.9211641202875294
11.017970256156168
6.8481274684530558
8.6605128450021986
2.4201927055966195
6.6617269182741197
4.2407405405786474
4.8840281605242515
2.9918922931722727
12.216242990642758
3.9949598059341271
4.4518711508098647
10.687673351152302
7.1872206302043873
5.5570408592184775
7.1676060837977724
2.4017879118592527
4.2271741781107242
3.7270213129097285
4.3658611182106757
4.3048271958532931
2.229530801914585
2.3328261953221983
2.5964547347129288
2.9914678650167761
3.1868176353873192
1.9609096731730034
2.6732921712992082
1.9870405201175227
2.7050719955265539
2.4251618237378829
2.4348944848531433
2.9605723815718359
3.5241762544212309
5.1334536268587545
7.2928776779048023
6.3148996549534724
4.6541349651099582
4.372889598500227
2.7050719955265539
3.7844734173788721
4.0058836136380584
2.7412007661489213
10.914630601666472
10.270051984622542
3.9055349400701873
7.9972176831330009
8.4532545500200804
7.6599027703332627
7.1322974277731781
12.840440350568807
4.1787218288366317
4.3374141988573358
4.5619569649548923
3.1474379551989355
8.1325439698857593
4.4892868541517847
2.9912198382397315
4.2769699512621067
3.3957535983747085
4.7632829612922647
2.8834562253007201
8.5621443138303519
3.285398835391129
4.955021665673919
9.3385267797538152
9.8611696029468554
7.929471355388654
3.1625570952297912
3.3036441732219028
2.8928276312971484
3.6948355077994179
6.7491044334975232
12.140756578573827
5.1341711442043936
2.7428061435632785
9.0200985263533404
3.8370579470350221
9.2070180114726785
12.669732192942769
13.439772119877926
3.9253611564592004
5.0564099775851989
2.6683162239833833
3.5868977808670004
3.2834696503083602
3.3681706407148155
13.214522520758923
3.6811348640955983
10.510961476186203
12.089651914492547
1.6191408646596537
2.6071647517652186
4.0787208116388243
11.64563401916565
6.1736292080894684
6.1225664718677217
6.6450155472671302
4.9751700912283088
6.8481274684530558
7.292738793051619
9.2624152378657438
4.3270443077770393
5.038514054650066
10.722817241538968
3.0426756601702647
3.4252313291675458
3.927264804980934
4.9617995991366968
3.4774251993472163
2.9276884868729476
3.8774766357816333
2.4272841901282449
2.7198721185824386
2.2838736410725189
2.8938384740550069
4.3825779170863246
4.0093596855483922
7.5346340484468026
10.8401341986576
13.211284782283261
12.961821101061362
13.214522520758923
8.8133617571520446
4.3096822970486981
2.3898162898799158
2.4349995960566271
2.2194840337435857
4.6338894430587327
7.7001748990457646
7.4773499478065473
2.3205030772633535
7.7914921234312109
10.045576581209133
7.3545962400075142
10.930922196241269
4.6381604486496499
3.8389404574272494
3.831361363521951
4.4703235094646763
5.6438761467161154
8.662816011718478
7.685204980994425
7.3956883831087881
2.9253413137447923
5.0391689117642544
1.770881699754149
5.2234380743775057
10.995039262046474
6.3989346479775833
9.0011609221585083
2.6940527438859516
3.5950682678295856
2.218841068811646
7.2373761170944295
4.276031056245098
4.0860518079463013
2.1104438197436117
3.4207399729428327
2.1373029511702821
5.0340445047702387
4.3375756917941199
4.4703235094646763
2.4077877370911582
6.9727251811649262
10.307655068784426
9.8768681479831422
2.974687550051978
3.2167632735195455
8.0300535672871334
7.8988363436547049
2.2961189962691626
2.1254296076775843
7.6799761091417729
7.1296374082453227
2.4315871721217395
2.6071647517652186
2.1373029511702821
2.8047917188193119
4.4438226596803876
4.2099380352712519
4.0007592701691124
6.2837528033770109
5.2323609883129674
7.1259072154790228
10.385616610254138
6.238094703371365
7.491716903030591
4.1013863369554917
2.8904198475918719
12.676719490009132
13.696678484389674
13.409597007138656
4.7556755826723007
5.8146161803162624
11.522705986338378
5.8075707664489284
5.7510301025636492
5.7764269718651224
8.2485816075882887
2.2653948321079396
3.0695183838186284
9.3972850762313929
9.4465472166790168
1.9727940642062713
9.4491313190625306
3.3336701260656167
9.1423331435499016
3.3264504759990077
2.5371083022519612
4.13197649380154
7.6289486625522152
7.7691326112192582
9.0965891992167833
8.7741350585139095
3.7014963633100626
4.4998589198167256
6.5487842793626081
4.0364546008297202
5.0564099775851989
5.847130406135201
7.248553685079421
11.757926994631434
8.1084503176794325
5.1623644507238842
4.4035950693026829
2.6252919775732573
5.6438761467161154
5.1777996568718407
9.2229055998428926
4.2304045646107378
6.9688479859261294
7.9668534173393786
9.8932077086061732
8.7285885590008494
6.9474571663200066
6.6374862323919892
7.42391432364027
7.3545962400075142
10.385616610254138
6.0362700926733792
5.6287756256812278
12.471709895986905
13.58411534926004
6.2692424324043685
5.7764269718651224
10.793085782166273
4.0037948786239577
12.322605469131725
2.6695295358539282
2.3817840946727529
5.6584933216491802
5.4547692857311985
3.2009567217370996
9.7906594289980138
2.4871432819916177
2.1093253992019312
1.8858392521927401
2.0808534217046195
2.422139821841014
9.1423331435499016
6.9015247060266178
4.219701180377788
2.2144179406018396
3.7268726855186243
11.248725583706976
10.53602977590111
10.648213830333836
8.8921019093548352
2.1530313592319299
2.539395353340784
3.8871211674184085
7.8103889406506983
10.787332925882991
11.8319228944597
4.7386900716454567
3.9017123032224013
12.275881369943384
8.8133617571520446
11.918785374419125
10.58855644560264
6.4015552078528239
7.907901248696839
13.338377676860061
11.586635748600028
4.9515369245771552
5.3902037765021644
6.2217906399405081
6.9845995529978833
6.1225664718677217
5.2323609883129674
11.18042401042443
2.5143710226287874
2.747124301679905
2.9840335550739461
2.3245393212816032
2.3817840946727529
11.575914157165705
11.18042401042443
10.581516694259388
1.4054172857168286
2.4197464464282246
1.4539255561218425
3.5833959276225138
4.1921282833382731
1.9940231464768698
1.7927204211466279
1.8097340805426774
2.1841674696579152
2.1841674696579152
4.6982991265118699
3.1906499950658174
7.5545672679248588
10.163198727265707
4.1626136481477296
3.7715331025117571
5.5570408592184775
12.089651914492547
7.907901248696839
1.4967177494096939
2.583518510047571
7.2373761170944295
4.1355929831280527
10.561989651060244
12.61602740606352
2.7007431356497595
5.3852224216834159
2.2809232861831865
2.9108326118295893
2.1250840062064449
9.0054335785462793
9.0054335785462793
3.4918138579677738
2.2194840337435857
3.1670415235104543
5.2907157175840824
8.1392960583130449
7.6917793000999328
7.4869424638207045
7.3001636934422098
11.896175249903667
8.6605128450021986
7.292738793051619
9.2229055998428926
11.851160504061829
7.8423854759943632
2.4253549860492631
2.8297982903819827
3.3445603447472467
2.2838736410725189
2.8904198475918719
3.8434302194406027
9.2624152378657438
11.851160504061829
1.5912096734313734
4.1921282833382731
4.3816706798210694
6.8332591207411406
8.8732607707582947
9.6412465758170445
7.5333374310257373
7.3956883831087881
1.4761449249361949
4.4035950693026829
4.659725181511118
5.847130406135201
5.0248757773692798
6.0030534890746248
4.586687690751754
2.8938384740550069
3.3942865875351003
5.3793611573169295
3.3264504759990077
3.8696186148446912
2.5371083022519612
4.867005201302975
2.4251618237378829
4.0524331606226438
2.4348944848531433
3.2752537741935148
4.4034187859963136
2.6316391018923251
1.5863900317114419
3.5862457035135571
1.9940231464768698
2.6571723116742412
1.770881699754149
3.0907834005798667
5.2234380743775057
5.1150133785330327
2.5135046699686461
5.2234380743775057
3.7407981962930892
3.2756889956169473
5.5491565168896813
3.411650867640788
3.3724131893965894
4.4508511399699389
5.1454765329077938
3.8871211674184085
3.411650867640788
5.1454765329077938
2.7554792158045571
3.6139871712753986
2.5968687273814544
4.2271741781107242
3.5738055006610003
4.4211796585266194
2.9605723815718359
3.4587827091255572
2.7411640079240938
4.9457356089375804
4.4040949698609495
2.9608526246984375
4.8503471659045951
4.9211641202875294
4.9211641202875294
2.9490234036451488
4.2735369201030915
2.8627295100577412
2.8627295100577412
2.8690310601601912
2.8690310601601912
4.98955344996837
2.8690310601601912
2.8690310601601912
4.1030278255674171
4.2515231924142958
4.6155553042302051
3.6012503643246938
4.6155553042302051
4.7556688255592352
3.3817118313478161
1.7927204211466279
4.382788737323005
4.7556688255592352
3.5241762544212309
4.7556688255592352
4.6452099370912086
3.3091511999576846
3.5664135215822879
1.8097340805426774
5.1016586918770042
4.6777072840895233
2.1841674696579152
4.6777072840895233
3.8003339109849161
3.9244206304451694
2.8305777665663161
4.7118509845284446
3.1670415235104543
4.6777072840895233
2.1841674696579152
4.6777072840895233
3.9244206304451694
4.6625598105462709
4.3825779170863246
3.280493392218752
3.5799774914604443
4.5997457426198114
3.280493392218752
4.6625598105462709
4.6625598105462709
3.1656940903364901
4.9457356089375804
2.2993333238937863
3.8434302194406027
2.8047917188193119
3.6236119074093227
2.1966435514793852
3.6169680572002871
3.5096856874792848
4.4438226596803876
4.4438226596803876
4.382788737323005
2.6571723116742412
2.8744599040508945
2.8744599040508945
4.2727521031977114
4.0787208116388243
4.2099380352712519
4.6338894430587327
3.9148086682680532
4.0007592701691124
3.5217864581335983
4.13197649380154
4.1947905617279995
4.4576949363137155
2.8802231694101437
4.7738824089676868
7.7776655107025974
8.1310894820039277
2.0867632290432732
2.9419760189111508
4.4423134377366917
2.6880608637023897
6.0907194104301894
8.329789177845619
2.3459638156900544
6.9717386062254469
13.004860565686279
3.6751965513583085
3.3122441456272447
8.2618677772350679
12.624840795596215
9.4624444894569955
6.8694710605811826
12.167193947597479
6.4382831793856514
2.3980525286103682
6.9786842838791818
2.2979375589758932
7.6714951458676506
6.4382908037404327
11.970283503577212
5.7661026218435332
2.042974606983913
3.7399535941338922
2.3161881471498398
12.768702810720454
12.362476288161892
2.1694772128285109
13.565323011636675
12.259498708377006
2.2785336742677367
3.827230922550767
3.7590964055653102
2.9654577037015004
5.1931519932996313
7.9713975199562883
11.970283503577212
7.5298343652292861
2.0834105494976258
2.5406289329924325
12.489027696547586
5.1363490744690887
11.396895548599353
3.4284586191101614
11.651921928404734
9.6485680802784266
2.3143992875214208
2.7713021315962334
12.511535106649974
2.1353749215347961
12.599450559110903
2.3706150515621065
2.5081342025124727
3.9323718184691723
11.146511971789041
8.8703572477727626
4.4226930485367539
2.3799896656095827
10.79358657758938
3.0693304722476267
3.8963445966825336
2.3299898314636374
2.9116973384182585
2.7049323475443723
5.3584529300033994
2.8416790464450528
12.271548449802621
13.423370371948563
12.481907632386333
12.698694336484218
9.9790921040299292
10.074219443637745
2.6316690948246007
12.553502693714758
2.5670532151455845
2.7151767995657243
12.350604411584824
12.338080024829635
2.4015903029691614
2.3777471132124846
6.7993857026473918
7.0871177681880582
3.0693304722476267
2.4015264717355085
2.1922441494259481
3.0693304722476267
3.5601665419865727
11.639136409709758
5.2647481001635583
5.3913257433693884
6.0072399502461442
3.6577644901768576
10.813051946840524
10.849394900216343
4.0556220901011786
13.305674463634723
4.7371347251216349
12.132358424535051
11.988255388094537
3.4147507778403328
3.460413025647973
9.8612477483923797
7.6096787864843778
3.4963596781601791
10.557806278307899
3.5407784812397707
9.8508172162796974
11.766716923748406
13.484500912296713
3.7277155927051506
3.8696350744021295
4.2622166943351925
12.60732825825081
12.064109378070553
13.129275371691778
12.30157136882799
13.333992239679148
13.382368911004892
7.6224166614674909
13.246297410398581
13.131608871096907
7.7494298434052693
10.915541519749793
9.644723622606465
4.7221357777904274
5.3911638620366418
13.74189527783871
3.4750221317824415
5.7583334406921018
10.994237460192545
3.6396701687965978
7.7959472586062128
11.752755372306432
4.269497373701995
6.3148996549534724
4.3840381327994233
4.2695416140061493
3.7199202364969453
4.1678796055544423
4.3568262738339545
9.1975922218222177
10.057488854422228
13.197764120449772
12.597252367076631
13.129462547167225
13.129462547167225
3.3544558224596255
3.4457562861524909
4.2299618229259828
9.7914240127371599
3.5402482101741692
3.4251834616789911
3.5354285684542384
3.7199202364969453
6.5147525319556152
5.4402126331619014
10.680167869566235
5.2155187807176144
9.7256028900200864
6.2915263964133841
3.0600032247483431
3.1535927292818702
3.3075302454843745
3.0730185300874031
5.1446595633687648
8.2202077358107886
4.1446136828263382
3.426848665802313
3.0120877497111587
9.6492134357885604
4.102177358415025
4.7738824089676868
3.5601665419865727
13.231933748517456
7.070420835994975
9.7540179848111777
8.2821610212789114
13.022766430939512
13.002872900490273
5.1108536385982424
5.1246781682825917
10.246675365016396
8.5818488656327006
10.837044758453983
5.5852993021799922
8.5467396180078818
7.0523488032508093
5.5689648574255814
7.1686130415576637
11.639136409709758
11.819813959184399
11.623212343435847
7.918745697158867
3.9567693410646037
11.535474190128086
4.8096080650841611
11.839849014205898
6.2349830962272605
11.697376136454267
3.7265637502429483
3.7210928826994141
6.0899990522394356
3.2046894691904657
3.204360323114249
6.7141515199039317
11.118187062667266
6.2470267562160071
4.6735249212204746
4.6735249212204746
2.0295228010601734
2.3054472291034531
2.1166636690899683
12.214667861066344
2.2474082764054217
7.8741304843477096
2.7311795410824034
4.991714196913061
6.0504248736982884
12.873927707602743
4.3743935227920598
6.5357262274945498
2.3986412604589047
6.6984876022569884
12.006092182242437
9.0945779490875456
11.819813959184399
6.294090552431884
6.3516062608995663
3.0522696003072327
2.9385492373541418
3.5888230619510644
2.8820821970909063
3.1857003039510747
3.3230797961507124
3.8282838775248642
3.5888230621497823
11.375345182150486
6.5147525319556152
4.7075334600013203
6.4762961180285252
7.1024929687584182
5.1639350886428401
7.0535327292526047
5.3741183212793819
7.149387073990364
4.6627577974766599
13.169637939523444
4.5897951641782901
9.4588503761843441
6.7569251821683407
4.6279486914085695
9.0749457522218187
6.1794431013535336
7.7776655107025974
10.151731985845002
8.6629912557542976
8.7426465261526616
9.5337563806767118
7.8166187375942222
10.368899811378489
8.3947157202277847
8.9868421714327091
7.8778811182404604
9.6089413070760585
8.1871332401141608
11.623212343435847
5.4589565834408385
4.621368997600821
12.280416947526964
7.49625776704735
5.1541631225537401
13.201788052719762
4.5213217128410665
12.636711887895098
4.8743798504875882
4.6430912806287479
12.485068312643905
8.1310894820039277
6.3077286493773448
12.751671229129084
13.041741181205541
6.2057219811493063
6.0079443875226533
5.9007185444116521
13.77822435384892
7.6660335852900099
5.7363181453704044
13.77822435384892
6.4660051282677582
5.3447921351175047
6.7047141194150974
13.471744523081174
3.3770669384114171
3.3041998730796562
10.077124342616496
3.2019024682675217
4.9920910376190468
8.4289313873093423
6.2464765891856562
3.5498865697815005
2.9057560296342881
2.9365528453301515
2.9169189586376927
2.9897384811816119
2.0867632290432732
7.3738484513727292
3.8300135246929106
5.2647481001635583
4.8598711485723856
7.918745697158867
6.3077286493773448
10.896338323667853
8.6508123980591503
9.1452917323181868
3.9567693410646037
5.4589565834408385
11.535474190128086
2.9419760189111508
6.4696889178816255
3.7515130581546119
3.6797679525510989
3.7588116178618507
2.5665193549538383
2.1224583199517122
4.4423134377366917
8.6107654550169155
2.6880608637023897
6.7743512062646163
8.1579998888797363
11.082556377049681
6.4539882271025411
9.5066591584424902
12.264142461052856
4.297388630838614
8.524517813863028
4.2257396494418957
4.7202315560337871
4.6467473361885325
4.1785693386573808
7.1724766111203024
4.7045177525473534
2.0295228010601734
3.2846963137457719
3.5082841620438452
2.4009607217341733
2.1787324430059209
1.8621867710650983
5.3913257433693884
5.5352842402563533
4.7075334600013203
6.5803347368988634
4.3533826464546665
5.9857711694449121
13.100208457308062
6.0072399502461442
5.0380921132287408
10.235642075814951
9.5846124187291775
9.5772806470872336
9.5830188230143634
6.9040602024167157
6.0846315198708494
4.9078468755686
4.0872092626231993
6.3524573227391103
7.0640519152758285
5.3606894043835842
5.3214517261393866
5.3606894043835842
5.5228440374037966
6.0520663623102129
13.501841592725752
6.6937187818535913
6.3112792895533625
6.6937187818535913
6.8943470921337644
6.7368812984896556
13.100404813337269
7.9853086294161759
10.151731985845002
9.1219288094237605
6.0907194104301894
3.6577644901768576
10.116861888986861
3.7306617537236426
3.4313931278647054
7.3283996940597262
5.8186571515874874
5.0058342623770313
4.2818647320649941
6.4383253908945814
6.0014716973654396
6.704707362302031
8.329789177845619
3.7796000748201934
3.8918773986337132
3.7441286730120416
13.231933748517456
8.851799611183754
10.547396133341216
6.1655246474037702
5.9780412815418549
2.3459638156900544
5.9330250748552382
10.558358400971107
9.9462562198757976
6.5820405689233485
7.1406106369745075
11.787632290320012
7.070420835994975
4.6266815684411409
10.478059181131506
11.401684348396804
5.0437401266519775
4.3816782208787206
7.0824921636015512
5.0437401266519775
5.0615339693862635
4.9047847598242731
9.241916214647599
12.006092182242437
10.750658576935322
11.887462891486035
7.4638101785752973
11.928130640772725
10.671937964821472
4.9082292809409331
9.8626511597875197
10.813051946840524
10.738337663035713
12.789172735400395
5.4402126331619014
4.6727073703197908
3.0914656155173832
3.8384068007546532
11.110744433043781
4.5359168326042907
6.4762961180285252
6.5803347368988634
13.100208457308062
3.0575892358488601
9.9244790328905381
6.8363175997255485
13.158925985743574
9.0220515685459706
3.1870821308436876
2.6951279255036642
3.1102898368787395
7.2324694147329174
3.9144189604418016
8.9101844968542423
13.501841592725752
10.253211493865651
11.574951245042307
12.751671229129084
4.3533826464546665
3.0575892358488601
4.9452866083311742
6.6984876022569884
6.294090552431884
12.264142461052856
4.1320879255907252
5.7279835954926819
5.5181488417885651
4.376106746423547
6.2429852876102157
4.1699075064124589
6.0122403469638783
3.6793362521469883
11.770331940034826
4.545493271455725
7.0832096809471894
4.1020698959747257
5.2242923109363106
3.8644653286390187
3.9967100824451975
4.4119687804506507
4.4708277580842344
6.4095779952988323
4.5305936044548165
2.8338951038010736
5.0769857479566198
6.62674582083232
10.680167869566235
10.111327854804509
11.842026099390578
11.0421195088588
12.863669138409268
10.558358400971107
10.636093638596734
6.9717386062254469
10.849394900216343
5.8653912172049418
6.044899211845804
5.9042636882148987
6.704707362302031
10.861249974651058
10.088334595055841
10.799255480935912
11.87315885377123
9.6408178368427286
10.267458140025891
10.980550143613156
4.0556220901011786
3.8644653286390187
4.6194072317933621
5.6026969062743195
3.8363004912914471
5.6174843560462344
6.2626249155316573
6.2538657325960898
4.0741225429492411
4.7796163033091128
10.896338323667853
9.2340328896951718
11.287565316496613
13.305674463634723
4.9078468755686
4.4791677160165939
10.489217563628111
5.2888831342743527
4.5656266282324562
4.832416315005946
4.6173547607261796
6.3998896767127356
7.0945150696505905
6.3702181952694161
4.9098911614412337
4.8980619403879455
5.5502889010674901
9.7540179848111777
9.7904377057533072
10.402293086762876
4.7371347251216349
5.4248220161666261
12.132358424535051
8.2821610212789114
8.851799611183754
4.6266815684411409
4.6292891531793847
5.1282458094848682
10.67834578561088
4.9255861528991032
4.8111049542795907
5.2155187807176144
5.2640967326803816
6.5487842793626081
4.4044922934434325
11.988255388094537
10.840157659218535
4.5654614123954946
3.9879445962270901
6.7123214980350614
3.9967100824451975
4.6194072317933621
8.5821081393545615
4.0537735423751666
5.2718354751582126
4.1223924886221388
3.5143463909849233
8.9203570588326038
12.256693605527222
13.004860565686279
5.11810288911719
4.1049638640858435
8.8357353878097431
6.6549076205079984
4.8782099948959754
11.87315885377123
9.6710734892897996
9.8565594219129
9.6392383753381345
10.471978594938072
9.577987199295011
9.7594274773934941
9.4359810005634994
3.4147507778403328
5.3189667057398076
7.1724766111203024
4.4119687804506507
5.6026969062743195
9.7256028900200864
7.1024929687584182
10.111327854804509
10.799255480935912
10.414139565714434
9.7007652022716577
11.345323635498568
10.996214433599034
10.969137063096136
9.426388484549344
9.7405306601740076
8.9178865226689261
3.4577616758920531
3.0793100630528039
3.3245937191214363
4.2825338236000414
3.460413025647973
5.7479896896860581
5.4390304207880229
3.7687079587360381
3.6751965513583085
8.9154341419757088
4.1320879255907252
4.9405064017595723
3.3041998730796562
4.0394664114494727
3.3692886982167507
4.9151471759392349
5.3742698659103425
10.077124342616496
3.4860049293661679
4.0650975387810266
3.9623918979063411
3.5056344752810071
4.8310525324975169
3.5913827949974069
3.8204634983104468
3.6052917290965922
11.063780892427186
6.1831572804563235
3.6101378760002945
4.7142589938771806
5.7279835954926819
8.7673031486210178
5.5105041865340025
4.297388630838614
5.1358561721301159
6.3531335066037453
11.467435345737385
4.8096080650841611
7.4063612355294381
13.041741181205541
6.6843851567375605
7.7566093031917251
6.6514516801393153
6.5655010782382561
4.8153823458475058
6.8330666972670473
5.8763033417237303
7.0506972286198009
3.3122441456272447
2.6165699669838971
5.0058342623770313
5.5105041865340025
3.9713955549113327
3.9099482099157998
6.8160437380457717
5.0398219373226629
10.954472115289075
4.1600873444711661
5.4821708389166055
5.2752325445114012
9.8612477483923797
5.4248220161666261
5.2066883163460167
4.1338536899382268
8.2618677772350679
9.1062492607884735
12.084053723712149
4.3763554257442774
3.4308013220404519
12.624840795596215
2.3054472291034531
2.6977147907899144
3.3299441585573031
9.4624444894569955
3.6987972607613062
3.7032730699848853
6.2915263964133841
5.2640967326803816
5.4008590286430502
5.6741198684425624
9.3852678952155717
6.3307092165638661
6.62674582083232
4.8782430088162343
6.9108381358794935
9.8315869164578444
9.6088423703897039
3.4577616758920531
4.9206620211723093
3.2536813852643984
4.9285195276109883
6.2057219811493063
6.5919662505399623
3.6051419417443111
4.8753785861724017
5.9549221503808552
5.2247275323597435
4.6292891531793847
4.5935845922672192
7.0263615611329175
5.0964764919417318
7.11140298746668
6.8694710605811826
6.0229449435321429
8.9549218692120931
9.1015470918256796
5.426463736090013
3.7224064145526015
5.1384316579375993
3.6813108255512521
12.167193947597479
7.6096787864843778
10.954472115289075
5.1129791859094791
6.4382831793856514
5.8653912172049418
9.9244790328905381
2.1166636690899683
3.3770669384114171
2.5162206277579822
5.912213794689297
8.524517813863028
5.5181488417885651
3.2019024682675217
3.4860049293661679
5.5961175351270818
4.1566823531085362
3.5645763895901093
6.4886551383544084
6.8698049810471602
2.3980525286103682
3.7104752296254087
6.6608895212712413
4.9920910376190468
8.4978228161054048
3.4963596781601791
4.3687849831710208
12.591151872476214
4.6727073703197908
5.9306912239191396
10.750658576935322
4.9513948286532257
10.557806278307899
3.8363004912914471
4.4791677160165939
3.6051419417443111
9.494203896696078
3.6875383651633573
4.0237962385848212
5.6943945447649664
3.2058165626583452
3.3313547419441871
10.363111751253413
4.2863082487796094
5.1778129888973581
5.5359363176097975
3.8934474317498156
6.2225754568458882
4.6074317466724066
4.6074317466724066
6.0079443875226533
6.5919662505399623
6.0792860093530781
7.7636547170590591
6.9786842838791818
3.8639828867008146
5.7860964837778184
5.0380921132287408
10.720275449266527
12.490578229936357
3.240394651739789
10.110004000854374
13.498115574255888
3.5407784812397707
4.5935845922672192
13.76555823232029
7.3274321124248614
13.70696553137423
2.2979375589758932
6.5820405689233485
6.8363175997255485
2.5173527643834746
9.4221148209378445
8.6650795714324058
2.3314375162311753
2.2126818099310004
1.9861082707789364
11.877469324866038
2.0584851242002564
3.6429614786420355
2.2173182593434428
8.5821081393545615
9.4933110009762132
11.123322500746719
9.4895170921146157
2.5173527643834746
2.8112323440811471
2.932322334591202
2.4600982461058591
7.6714951458676506
5.9007185444116521
6.4696889178816255
5.6884341202332269
4.3549686624738912
5.1780401656047523
13.691281552833788
4.1779804759542394
4.5458944372276475
11.842026099390578
10.414139565714434
13.77822435384892
6.4382908037404327
6.044899211845804
13.022766430939512
4.2257396494418957
4.6223307080420044
5.5630257080181948
6.2005617291570925
10.511182850573148
3.6171012328103069
5.9528334153667544
9.8508172162796974
11.994615117951929
9.9158919540821753
4.0872092626231993
10.489217563628111
3.9713955549113327
9.494203896696078
4.143909857256455
3.936079056860319
6.3219281352430237
4.5806776386351213
7.1724766111203024
4.4625432067114419
5.529016028203241
6.6937187818535913
8.6629912557542976
9.5528099467659295
10.253211493865651
11.674371496637278
6.1758106811165039
9.4982729631023428
11.766716923748406
8.9203570588326038
12.473861431060708
11.970283503577212
3.0522696003072327
3.0790189658216742
3.5021936279297288
5.2195694821896454
4.0650975387810266
4.3763554257442774
4.3363041253652712
7.8550378687863169
11.839849014205898
5.4008590286430502
5.4619025839582935
5.7493724477277119
10.738337663035713
10.614173440235838
8.7426465261526616
9.8315869164578444
8.9549218692120931
10.393605670685485
8.738620614588438
8.7822976574839373
10.720275449266527
3.4881570084647291
3.6101378760002945
4.7707364093507483
3.0578344020759505
3.9455724334304696
6.6549076205079984
4.7540554415947742
4.8767270236157438
6.6115983472890667
6.6115983472890667
4.8976377329588408
5.82651517252443
6.6473376632546666
6.6115983472890667
6.2349830962272605
6.3112792895533625
6.8991058680945319
7.7000686393064459
8.2182809691471643
9.4933110009762132
9.7778672769087169
5.5546729618038047
11.825906684725938
9.6710734892897996
9.8350391382704103
12.736371462625787
4.4708277580842344
5.6174843560462344
5.2718354751582126
3.6146630464220433
3.9623918979063411
3.4308013220404519
4.3363041253652712
3.2788590548380445
7.562284318468862
3.5126498643965567
10.155658140890344
2.7434766633209082
9.4103470067999471
4.5937160616773749
6.6937187818535913
10.29597092006254
11.842246245348969
13.484500912296713
5.7479896896860581
5.2066883163460167
5.7661026218435332
4.1223924886221388
3.6987972607613062
6.6514516801393153
5.9951622871951598
6.1277603655794284
2.042974606983913
3.7515130581546119
2.9385492373541418
2.9899425826675889
3.7399535941338922
3.8639828867008146
4.2099380352712519
4.0396605925694473
5.7821496105700758
6.6807420819322427
6.6806598158078172
3.7277155927051506
3.0790189658216742
3.328821200709791
5.0064810690807002
4.1500338175008711
3.4142694090590058
5.6884341202332269
3.6875383651633573
5.0795180357099694
6.5645938409730009
6.5645938409730009
11.0421195088588
9.7007652022716577
12.219090521365338
8.4289313873093423
5.5961175351270818
4.2099380352712519
3.6587205013468123
4.7202315560337871
4.376106746423547
8.7673031486210178
4.4884338900835807
5.689836733035885
7.0945150696505905
5.1639350886428401
10.183487825447848
11.173833075567348
5.9152496566894834
10.478059181131506
5.1282458094848682
10.496309905933279
7.0535327292526047
10.183487825447848
10.677627095743645
2.8112323440811471
2.7508742452524633
6.7743512062646163
7.253028443259522
3.6797679525510989
13.158925985743574
2.3161881471498398
4.4779638742283421
13.78580638899269
5.3741183212793819
11.173833075567348
11.930452265579834
11.674371496637278
8.5701259370234961
4.4013426271432285
2.8092029481713205
4.8083416626915989
12.768702810720454
3.8696350744021295
6.2464765891856562
13.002872900490273
3.2846963137457719
11.697376136454267
5.1108536385982424
10.267458140025891
12.591151872476214
11.873958187262046
3.5498865697815005
3.5056344752810071
12.362476288161892
5.1246781682825917
11.930452265579834
6.9242086279711055
10.689866217320327
10.611854548461274
4.2622166943351925
5.11810288911719
13.78580638899269
4.8503473970482762
4.3102899914059947
4.5218098330046193
2.1694772128285109
4.3549686624738912
4.2023764035551032
7.6660335852900099
5.1780401656047523
3.0600032247483431
3.0914656155173832
3.5082841620438452
2.6704237577690328
12.60732825825081
6.4095779952988323
5.0304037212008161
13.35177803841964
10.636093638596734
10.18047936744226
10.246675365016396
9.7904377057533072
4.0237962385848212
5.8585381777357464
12.064109378070553
8.9217637179077229
5.3189667057398076
5.7821496105700758
6.6807420819322427
6.6356829047680295
10.393605670685485
11.887462891486035
5.569310471097447
12.207479459653259
3.1535927292818702
3.8384068007546532
13.129275371691778
4.9206620211723093
5.0844426105504121
11.286946363149506
13.565323011636675
9.5337563806767118
4.1566823531085362
12.259498708377006
8.1579998888797363
7.1406106369745075
9.4221148209378445
7.253028443259522
13.184585416961767
12.30157136882799
12.968895093715972
13.333992239679148
2.2785336742677367
3.7032730699848853
9.5363963886193979
10.82229930750109
5.2888831342743527
9.7640074321146173
11.59028511255984
4.8310525324975169
3.2788590548380445
11.337649468754886
3.7265637502429483
3.8161170291787712
10.235642075814951
12.675231954661294
3.827230922550767
8.0598489939699718
7.149387073990364
4.6627577974766599
10.29597092006254
8.8964957030628042
3.7210928826994141
4.621368997600821
7.4063612355294381
4.5656266282324562
5.6943945447649664
8.5818488656327006
11.873958187262046
5.2314169052624671
5.3172091774576113
3.7590964055653102
2.9654577037015004
6.2864527356001325
12.490578229936357
10.103962268026246
13.382368911004892
3.7441286730120416
4.4044922934434325
3.0793100630528039
4.1338536899382268
3.2536813852643984
5.0844426105504121
3.0999110976935058
3.5506588632405491
3.0582720223422264
9.3193302932863897
8.9138371077765477
3.248780037405623
5.3307503680906123
5.515452058325085
4.8422666953394549
6.62674582083232
3.6320029481210909
6.3928611964231843
3.8093434988951245
3.8093434988951245
12.280416947526964
8.6508123980591503
9.2340328896951718
9.1015470918256796
8.738620614588438
10.258440922910461
8.5355252071321015
3.7876329809243781
4.5654614123954946
3.425676875110661
3.8849255657889219
5.2325081870511561
5.1612860945181884
5.7363181453704044
6.6843851567375605
9.0945779490875456
5.0615339693862635
7.4638101785752973
11.063780892427186
9.1062492607884735
6.1758106811165039
8.5701259370234961
5.0255763699754894
4.4705439351191156
4.3653434742499515
9.1166446205405691
8.3479731847203791
5.1931519932996313
10.057053645499641
5.2314169052624671
3.6221943386905417
4.8254813251357005
2.6998134542889458
5.2314169052624671
4.3763227268710416
4.7788368271247794
7.9713975199562883
7.8166187375942222
9.5528099467659295
9.8478748803975016
9.8478748803975016
9.4407554397733868
11.970283503577212
7.6224166614674909
13.76555823232029
11.928130640772725
10.477419370662664
4.5305936044548165
6.2626249155316573
3.5888230619510644
3.7306617537236426
4.2170628859598036
3.5746592226680129
4.0896153489938438
11.340238146407907
13.246297410398581
7.5298343652292861
2.932322334591202
2.7508742452524633
3.0736383927569739
7.8954083507373181
3.6169017834902211
3.3075302454843745
11.110744433043781
10.368899811378489
9.1219288094237605
2.8338951038010736
4.8753785861724017
3.2058165626583452
5.0795180357099694
5.0304037212008161
5.8585381777357464
5.2287329580180471
5.675911222261421
7.498195053632478
3.138581744126034
6.704707362302031
5.0304037212008161
5.0304037212008161
4.5387118202624288
7.3274321124248614
13.77822435384892
6.8943470921337644
6.8991058680945319
6.8315741233861722
7.5778141624240236
5.2287329580180471
4.8977998647181957
2.8457474880887754
10.671937964821472
8.5988724273518393
10.258440922910461
10.368899811378489
5.9857711694449121
4.9452866083311742
10.861249974651058
9.8565594219129
9.2492022301850074
2.0834105494976258
8.0598489939699718
4.8742793748148081
10.547396133341216
9.6392383753381345
9.6088423703897039
9.8350391382704103
10.689866217320327
9.5363963886193979
9.7640074321146173
9.6342435177372217
9.7181711479620549
9.4823759677685331
3.0730185300874031
10.116861888986861
3.240394651739789
3.4881570084647291
10.103962268026246
13.690510244509078
2.5406289329924325
8.9154341419757088
3.0736383927569739
3.111244528321099
4.0817794624225012
12.489027696547586
12.214667861066344
2.5665193549538383
3.6171012328103069
2.2606220131653956
13.720514679478422
3.1201138729937572
13.668720586047806
2.9872039630725356
4.9082292809409331
11.574951245042307
12.084053723712149
4.9513948286532257
9.4982729631023428
5.569310471097447
5.0255763699754894
8.5988724273518393
5.1022306184500028
8.9226664594370142
8.0354035308270433
10.950199458901304
8.3947157202277847
9.1452917323181868
9.5066591584424902
9.1219288094237605
8.5355252071321015
9.1219288094237605
10.368899811378489
9.5066591584424902
9.0813359645159739
4.2170628859598036
7.2404932058540394
13.169637939523444
7.562284318468862
4.7143323855430763
5.1363490744690887
3.7796000748201934
2.5864276758948841
3.5175413807186953
2.4994681873133668
2.4701675030009569
4.5897951641782901
8.586524769134785
8.9203570588326038
8.9203570588326038
5.5546729618038047
5.771350289961072
3.6458460426878401
5.7125549554726573
5.4794644688322256
8.7887350849915293
4.9237260867947752
9.4588503761843441
9.0220515685459706
9.9011305625602173
12.207479459653259
12.967008792898964
3.1870821308436876
2.5024308746795261
11.396895548599353
8.6650795714324058
1.9452424945991242
6.893752526863862
1.911514977682458
6.5487842793626081
5.6741198684425624
3.4284586191101614
7.3738484513727292
11.651921928404734
4.8503473970482762
3.7928365481556021
4.4705439351191156
5.1022306184500028
5.771350289961072
6.3302957764422771
6.0899990522394356
6.1655246474037702
9.6485680802784266
2.5878512426970763
2.5173301042918363
3.0999110976935058
4.2631958508625685
3.414765469093032
3.5735311972633896
13.131608871096907
10.841379911595656
7.7494298434052693
12.968895093715972
2.3143992875214208
4.1325457137312869
3.2046894691904657
3.3313547419441871
13.35177803841964
2.7713021315962334
3.9760534108621162
4.9285195276109883
10.915541519749793
9.5846124187291775
11.810208139689653
9.644723622606465
6.2429852876102157
4.1771136815688017
5.1129791859094791
3.328821200709791
3.425676875110661
3.5811261306938968
12.511535106649974
3.7588116178618507
6.7387545572976189
3.5126498643965567
4.5387118202624288
3.751302092616434
5.1446595633687648
4.5359168326042907
8.8357353878097431
5.912213794689297
5.9306912239191396
5.9152496566894834
3.6458460426878401
4.4389906373115107
4.4264868214111868
6.6550702492738898
2.9567927827978013
11.345323635498568
9.3729528603830659
7.8954083507373181
3.111244528321099
12.819851297378479
4.7221357777904274
4.3102899914059947
4.6467473361885325
4.1699075064124589
10.837044758453983
2.2474082764054217
2.1224583199517122
2.6977147907899144
2.5162206277579822
2.2606220131653956
2.8820821970909063
4.3766070003658415
3.49900427451374
4.4279072079356769
2.9015548329602683
6.5942484738340044
2.1353749215347961
3.8918773986337132
12.599450559110903
5.3911638620366418
11.401684348396804
10.496309905933279
9.5066591584424902
13.74189527783871
5.7125549554726573
4.4389906373115107
3.4750221317824415
3.9879445962270901
5.3172091774576113
3.8849255657889219
5.3172091774576113
4.5325570467903669
2.3706150515621065
4.1600873444711661
4.8742793748148081
3.3390664286487808
4.2799744718951436
10.094418778497397
4.7714783871696289
6.0122403469638783
4.04186155094194
2.5081342025124727
4.1325457137312869
3.3390664286487808
8.1294163493492988
4.2440817357101741
8.9226664594370142
10.839406265854958
3.1857003039510747
4.3766070003658415
5.0064810690807002
3.9323718184691723
10.057053645499641
8.1294163493492988
2.4009607217341733
1.8917425330325897
2.3314375162311753
3.950280851500291
3.6203012413590701
5.5852993021799922
9.6811018220219331
11.146511971789041
5.4821708389166055
6.5942484738340044
5.7001008941148514
8.9868421714327091
8.8703572477727626
7.8778811182404604
13.720514679478422
6.7368812984896556
6.8315741233861722
3.204360323114249
7.49625776704735
3.6793362521469883
4.0537735423751666
11.467435345737385
3.7224064145526015
11.123322500746719
4.1771136815688017
4.04186155094194
6.7382533307976207
12.141251002558855
4.4740147735968003
4.5202946101419323
3.8742642876811608
3.9513617653232695
6.9882074485070511
5.5441068045723823
2.6951279255036642
2.5024308746795261
2.0658247758098018
3.5913827949974069
3.5645763895901093
4.5263029267222015
10.155658140890344
2.9057560296342881
4.0394664114494727
4.0396605925694473
3.6587205013468123
6.7569251821683407
3.1102898368787395
5.4408523947105696
3.5506588632405491
4.2631958508625685
4.3816782208787206
4.9047847598242731
6.1831572804563235
5.7860964837778184
12.473861431060708
4.3653434742499515
5.4794644688322256
6.3302957764422771
4.4264868214111868
8.9564468051493478
5.7860964837778184
5.1658018102623418
8.2202077358107886
4.6279486914085695
5.7583334406921018
10.18047936744226
3.4461321821845274
4.8782099948959754
4.9151471759392349
4.8153823458475058
5.2752325445114012
4.8782430088162343
4.7540554415947742
4.8976377329588408
4.2799744718951436
5.7001008941148514
4.9409308299150689
4.6689106553252344
5.1396885318086136
4.4226930485367539
8.9336380897406791
7.2324694147329174
9.9011305625602173
8.9564468051493478
3.49900427451374
5.2015975804450116
13.690510244509078
11.787632290320012
10.994237460192545
9.5772806470872336
10.840157659218535
10.614173440235838
12.207479459653259
12.675231954661294
12.207479459653259
10.841379911595656
11.921813091924349
12.207479459653259
9.8785098921314507
10.841140446097631
8.7887350849915293
10.996214433599034
5.9330250748552382
6.7387545572976189
9.8626511597875197
10.477419370662664
8.0354035308270433
10.839406265854958
5.1541631225537401
6.7382533307976207
13.100404813337269
2.3799896656095827
2.5864276758948841
3.5511920962914987
9.5830188230143634
12.819851297378479
11.921813091924349
12.51102818780304
6.3516062608995663
5.1384316579375993
9.4895170921146157
9.7778672769087169
12.141251002558855
6.7296791463484791
12.944077798789271
6.5655010782382561
9.3852678952155717
5.4619025839582935
5.9951622871951598
13.691281552833788
4.1446136828263382
6.6550702492738898
13.201788052719762
3.6396701687965978
5.5324344643653101
10.471978594938072
11.045627735959581
7.7959472586062128
11.752755372306432
4.5213217128410665
4.4740147735968003
4.832416315005946
4.143909857256455
6.5487842793626081
5.9042636882148987
6.6806598158078172
6.6356829047680295
6.5942484738340044
2.7094388175251511
7.8741304843477096
5.293598881490043
3.426848665802313
3.5143463909849233
10.363111751253413
12.207479459653259
9.8478748803975016
11.770331940034826
10.67834578561088
7.0263615611329175
10.79358657758938
10.980550143613156
11.082556377049681
13.184585416961767
6.7141515199039317
6.4660051282677582
5.9780412815418549
6.0792860093530781
3.0693304722476267
3.7104752296254087
3.5511920962914987
6.7296791463484791
4.269497373701995
3.8963445966825336
3.5746592226680129
7.2404932058540394
5.658457909382653
4.3929308799985272
12.967008792898964
8.7971660051958516
10.609551381744994
2.3299898314636374
8.6107654550169155
3.6146630464220433
3.7876329809243781
7.0000456792029606
6.8330666972670473
4.9409308299150689
3.5175413807186953
2.2126818099310004
3.950280851500291
12.636711887895098
3.9144189604418016
2.5265914582395954
9.1166446205405691
2.9116973384182585
5.0293165299910383
3.3230797961507124
4.4279072079356769
6.3148996549534724
6.2538657325960898
4.1785693386573808
4.2818647320649941
4.545493271455725
4.9405064017595723
5.1358561721301159
3.9099482099157998
4.6223307080420044
3.936079056860319
4.6541105322693506
4.3742003604806792
4.38393302159594
4.9096109183146321
5.4732147911640272
7.0824921636015512
9.241916214647599
4.1779804759542394
4.2023764035551032
6.3219281352430237
4.6541105322693506
2.7049323475443723
10.094418778497397
5.9549221503808552
4.2863082487796094
12.863669138409268
12.219090521365338
5.3584529300033994
9.9462562198757976
10.402293086762876
9.6089413070760585
9.0813359645159739
6.1277603655794284
6.2864527356001325
4.9255861528991032
5.0964764919417318
9.6811018220219331
6.4383253908945814
2.8416790464450528
3.6169017834902211
3.9760534108621162
5.3447921351175047
6.7123214980350614
4.5458944372276475
10.511182850573148
5.1778129888973581
6.9040602024167157
11.287565316496613
11.810208139689653
9.8785098921314507
3.0120877497111587
3.3692886982167507
2.9567927827978013
1.9861082707789364
1.9452424945991242
3.6203012413590701
4.2696072987423461
3.6221300543862314
2.7311795410824034
7.0832096809471894
4.5202946101419323
10.969137063096136
5.7860964837778184
11.118187062667266
2.9365528453301515
3.0246096538615546
4.6173547607261796
5.5359363176097975
5.2325081870511561
5.3172091774576113
3.8282838775248642
3.5021936279297288
12.271548449802621
13.708472447271607
3.0582720223422264
3.5336885739727437
4.322643484545476
13.423370371948563
2.4994681873133668
3.4461321821845274
2.4246300783629153
8.5467396180078818
6.9242086279711055
8.7971660051958516
9.2417773297944148
11.211453774608541
3.8204634983104468
6.4886551383544084
12.481907632386333
4.991714196913061
5.3742698659103425
5.8763033417237303
6.9108381358794935
5.426463736090013
4.8767270236157438
5.82651517252443
4.3763227268710416
4.6689106553252344
4.2329121778153151
4.8428770107978032
6.3316164538291204
3.8742642876811608
3.9274682846071873
9.3193302932863897
12.789172735400395
9.9744217446583381
3.6813108255512521
3.9513617653232695
3.9274682846071873
4.3840381327994233
4.168522570486382
6.5829279798015294
9.6492134357885604
9.426388484549344
4.2695416140061493
9.7405306601740076
11.994615117951929
9.3036347767503091
12.698694336484218
6.2470267562160071
3.8300135246929106
4.4779638742283421
3.8161170291787712
5.654143245698509
7.5929146834589121
10.611854548461274
9.6342435177372217
9.3447269198515848
5.1612860945181884
4.8743798504875882
6.9882074485070511
3.7199202364969453
7.1724766111203024
12.944077798789271
8.3479731847203791
10.950199458901304
4.6430912806287479
5.5441068045723823
4.1678796055544423
9.1864146538372253
5.4390304207880229
4.7142589938771806
4.7707364093507483
2.7434766633209082
4.7143323855430763
3.751302092616434
3.0687507546893209
6.0229449435321429
4.0896153489938438
5.654143245698509
4.3568262738339545
8.9217637179077229
12.256693605527222
11.825906684725938
4.9237260867947752
5.1658018102623418
9.9790921040299292
9.8478748803975016
3.3245937191214363
3.7687079587360381
3.0578344020759505
9.4103470067999471
8.9138371077765477
3.414765469093032
4.7714783871696289
3.5336885739727437
3.0687507546893209
4.470195633760305
3.6627565716235111
6.3928611964231843
5.2341156122708856
3.5290980024782028
2.1787324430059209
2.6704237577690328
1.8877134224925365
9.0749457522218187
12.334655146996933
8.1871332401141608
9.4407554397733868
6.0504248736982884
4.8394583843346686
4.2440817357101741
6.7047141194150974
7.7636547170590591
13.471744523081174
7.7566093031917251
7.7000686393064459
7.7254655086079183
10.110004000854374
3.4313931278647054
4.4013426271432285
11.286946363149506
11.337649468754886
3.6221943386905417
11.340238146407907
4.8977998647181957
4.5263029267222015
3.8262665990544154
4.9703886947157541
3.7828358008049188
6.0810150305443367
9.577987199295011
9.7181711479620549
11.045627735959581
10.074219443637745
2.9169189586376927
2.6165699669838971
8.4978228161054048
2.5878512426970763
3.0246096538615546
3.011034592648111
9.1975922218222177
13.70696553137423
10.057488854422228
7.11140298746668
6.3526336060454796
2.6316690948246007
7.5929146834589121
7.0523488032508093
11.171944136585688
6.1794431013535336
8.9178865226689261
9.9158919540821753
11.842246245348969
10.677627095743645
8.8964957030628042
8.586524769134785
9.3729528603830659
9.3036347767503091
12.334655146996933
7.9853086294161759
7.5778141624240236
3.3643256651568803
3.5888230621497823
8.2182809691471643
7.7254655086079183
12.553502693714758
5.9528334153667544
3.1201138729937572
4.3308226314155496
2.5670532151455845
2.5173301042918363
4.8254813251357005
11.375345182150486
2.9899425826675889
2.8092029481713205
2.6998134542889458
2.8457474880887754
2.9015548329602683
5.2015975804450116
3.8262665990544154
7.8550378687863169
4.5937160616773749
3.8934474317498156
5.675911222261421
13.197764120449772
12.485068312643905
12.597252367076631
10.841140446097631
4.1020698959747257
4.4884338900835807
5.8361597041612052
9.7594274773934941
12.736371462625787
5.5689648574255814
4.8111049542795907
2.7151767995657243
9.9744217446583381
13.668720586047806
12.350604411584824
6.893752526863862
9.8569397854396357
12.873927707602743
1.8621867710650983
2.4701675030009569
1.8917425330325897
8.9336380897406791
2.7094388175251511
2.4246300783629153
1.8877134224925365
3.3643256651568803
13.129462547167225
4.1049638640858435
4.5218098330046193
2.9872039630725356
3.7928365481556021
4.3308226314155496
13.498115574255888
13.129462547167225
12.338080024829635
3.3544558224596255
4.3687849831710208
3.248780037405623
5.5324344643653101
6.141166820081069
3.9430616832196663
3.6286011311040176
3.6111480881524316
3.9325221534530281
4.0641771575199659
6.6473376632546666
5.1396885318086136
8.9101844968542423
11.877469324866038
1.911514977682458
2.0658247758098018
2.5265914582395954
13.708472447271607
9.8569397854396357
3.4457562861524909
4.5325570467903669
9.1864146538372253
6.0846315198708494
12.51102818780304
2.0584851242002564
4.2696072987423461
2.4015903029691614
6.4539882271025411
4.2299618229259828
4.8598711485723856
4.0741225429492411
10.954472115289075
10.954472115289075
5.4408523947105696
4.168522570486382
5.1160800602532506
7.1686130415576637
10.088334595055841
9.6408178368427286
9.4359810005634994
9.2492022301850074
10.609551381744994
9.2417773297944148
11.171944136585688
13.800199040804626
9.7914240127371599
4.3743935227920598
4.7788368271247794
5.293598881490043
4.2329121778153151
4.8394583843346686
5.792468756183399
11.211453774608541
13.800199040804626
3.5402482101741692
6.141166820081069
6.3307092165638661
8.7822976574839373
10.82229930750109
11.59028511255984
9.4823759677685331
9.3447269198515848
3.4251834616789911
6.3526336060454796
2.9897384811816119
3.011034592648111
3.6052917290965922
6.8698049810471602
6.5357262274945498
4.8428770107978032
5.2314169052624671
7.3283996940597262
4.9703886947157541
5.8186571515874874
3.7828358008049188
6.8160437380457717
4.3742003604806792
6.0014716973654396
4.38393302159594
5.2242923109363106
6.3524573227391103
4.5806776386351213
3.5354285684542384
5.5352842402563533
3.9430616832196663
4.6062108484170379
3.7199202364969453
5.0398219373226629
7.1724766111203024
7.0640519152758285
4.4625432067114419
7.1724766111203024
5.689836733035885
5.2247275323597435
7.498195053632478
5.3606894043835842
5.3214517261393866
6.3998896767127356
7.0945150696505905
5.8361597041612052
5.3606894043835842
7.0945150696505905
4.7045177525473534
5.5630257080181948
2.3777471132124846
5.0293165299910383
5.5228440374037966
6.3702181952694161
4.9096109183146321
5.0769857479566198
3.138581744126034
6.0009695429712817
6.3531335066037453
4.9098911614412337
6.7993857026473918
5.658457909382653
7.0871177681880582
4.3929308799985272
4.8980619403879455
6.2225754568458882
4.6074317466724066
4.6074317466724066
3.0693304722476267
2.4015264717355085
4.0817794624225012
2.1922441494259481
7.0000456792029606
3.0693304722476267
6.0520663623102129
6.2005617291570925
6.5645938409730009
5.5502889010674901
6.5645938409730009
6.704707362302031
5.3307503680906123
3.6286011311040176
6.3318272740658017
6.704707362302031
5.4732147911640272
6.704707362302031
6.5942484738340044
2.3986412604589047
3.3299441585573031
5.515452058325085
3.6111480881524316
7.0506972286198009
4.8422666953394549
3.9325221534530281
6.62674582083232
5.7493724477277119
5.0304037212008161
4.7796163033091128
6.6608895212712413
5.1160800602532506
6.62674582083232
4.0641771575199659
6.62674582083232
5.0304037212008161
6.6115983472890667
6.3316164538291204
4.6735249212204746
5.529016028203241
6.5487842793626081
4.6735249212204746
6.6115983472890667
6.6115983472890667
3.5735311972633896
4.470195633760305
6.0009695429712817
3.6320029481210909
5.792468756183399
3.6627565716235111
4.1500338175008711
3.5811261306938968
4.102177358415025
4.2825338236000414
6.3928611964231843
6.3928611964231843
6.3318272740658017
4.6062108484170379
3.8093434988951245
3.8093434988951245
3.6429614786420355
2.4600982461058591
4.322643484545476
5.2341156122708856
6.5829279798015294
3.9455724334304696
3.5290980024782028
4.8083416626915989
6.0810150305443367
2.2173182593434428
3.6221300543862314
5.2195694821896454
3.4142694090590058
6.0766380338366082
7.1032143121326898
9.9776185329994984
1.7776013109580902
4.4820247516673968
6.1804050187422286
1.8635401025810783
8.0397579471729852
10.178903947116156
2.673670911370511
3.9223877754247116
5.3384727136483283
5.2612826823700409
10.109882392656038
11.322296793259158
8.8185095973239793
3.8591619050953625
2.6953107523733508
3.2863641236871683
8.9277228206219785
1.7424978772820112
9.5156946172360257
7.3908850511085413
7.5689851650484012
2.3757805928212772
5.688992130876688
2.7809810583886918
2.6282408872322889
2.0532577498713058
2.0651984368988177
5.5079017722672434
2.7350400528916752
4.5222053849865969
6.9653393999859512
2.3978415868655012
9.3730931326334552
2.5742108132272965
2.0086660449561604
6.9143837322426016
13.267573226240705
5.0415858290523978
2.671284319329728
11.597606617021222
2.6518763058709793
2.7590461471491849
2.7038266956789743
2.6968526504546624
1.9003221942145563
5.6285428556220101
13.016281305674633
2.1702947736454758
6.1611388667670566
2.7492661366129072
12.742625114332176
4.6013393850652902
5.8453831334253294
1.9881413706085636
4.4595289975036732
1.8227941282383333
7.1414269819903957
4.300251470531836
9.7283478430928021
12.02325798038054
4.0465484800936196
4.5160917518883803
1.8732146610590155
2.7015688850846913
1.8430819353506467
8.7484242393901877
9.036156304930854
4.6013393850652902
2.6983770115850625
2.7311529140375903
4.6013393850652902
3.527900668732292
13.588174946452554
6.571336104607342
3.7726912625555302
4.5433078621392058
4.2070760795745166
4.6083710285192883
12.530292722872462
4.5108433162436823
4.3825779170863246
3.807837929349037
5.257143330514948
4.0070153180704509
2.4401528888184867
11.521712911214534
9.2216574562391322
3.3662016577828022
12.506844815050696
3.2944571519228827
11.509381229691844
13.472252896844811
2.6931551186126788
3.8039854740821228
4.3586935506262305
3.0175080008620392
13.772164412992232
3.0832893257664438
9.2413809456100502
2.6553131062622044
9.3731776749063389
12.599203840452494
11.308469925928646
3.9687373887134032
2.8194718537973023
3.248760377573078
7.3163673604104975
11.525182956659872
2.4318520399235468
2.5314171351904093
13.460319207648269
4.1967811280265206
8.2639381916962691
3.0832893257664438
4.8441485925646672
2.8887372264336406
2.4828776439859053
5.5400057994776137
5.7738291602292087
10.853900914085658
11.725492480710372
4.2981963528520257
13.543206804628964
2.4419678060864185
2.4855374995560471
4.4451625335313425
11.448653854937534
2.5984576092352651
4.1864660257109465
3.4305036072463553
2.4820017726330774
7.8838790380742205
7.2500397995983308
12.629206406309033
7.164557317460412
11.674641426762882
8.2405649331561808
3.9986548000338415
3.8874534922687065
4.111590051931068
4.0033025407813456
6.9287287772110648
4.9285195276109883
4.9493171272043428
5.6706623737753441
5.3758872025451092
3.8395769530619992
11.598251972531358
5.6663333690777069
6.0766380338366082
3.527900668732292
9.0194593727377708
11.703056521553973
10.231199558021707
6.428294858950661
6.7004948456698701
12.195713901759191
10.435321934473141
12.725494727540493
7.1566392465984938
4.7863229402703782
8.866694780354214
7.5180033941683773
8.9885166764296009
13.588174946452554
13.768852495927195
13.572250880178645
9.8677842339016628
5.9058078778074004
13.484512726870882
6.7586466018269578
13.788887550948694
8.1840216329700564
13.646414673197063
5.675602286985745
5.6701314194422103
8.0390375889822323
5.153728005933262
5.1533988598570462
8.6631900566467284
13.067225599410063
8.1039807097665193
6.6225634579632704
6.6225634579632704
3.7096555080493196
3.6417384124635253
3.534755458999792
5.3793611573169295
3.6103052168029355
5.0833245530484765
9.8231690210905054
3.8672082853021186
6.7958786002312586
7.9994634104410851
6.3234320595348565
8.4847647642373474
3.6911416155329055
8.6475261389997833
11.043616485830343
13.768852495927195
8.2431290891746798
6.9165391570627763
4.4913849352559367
4.8875877740969376
5.5378615986938611
4.8311207338337026
5.1347388406938705
5.2721183328935091
5.77732241426766
5.5378615988925786
13.324383718893282
7.8838790380742205
4.626277976303327
4.2536697428302332
8.5149585485951871
3.9274483051233831
8.471553253247551
5.0471359030424292
8.5498959863785764
3.653741940763032
4.4857229666711165
11.40788891292714
3.9441307828221714
3.782346253383031
10.740495016271822
7.5220803493003316
7.1032143121326898
3.5707084569943794
12.100770522587798
2.0211692026241312
2.9364851004285781
11.013475867813494
2.01973274218612
2.2607842715369482
2.3373372998917898
3.2830432598996597
8.5473925234243762
1.8413849031038554
11.557979843818856
1.841469383482369
13.572250880178645
7.4079951201836343
6.5704075343436177
9.4452963037901458
7.1032016592965368
6.4703602495838632
6.8234183872303849
6.5921298173715446
9.9776185329994984
8.2567671861201415
8.1547605178921021
7.9569829242654491
7.8497570811544488
9.6150721220328066
7.6853566821132011
8.415043665010554
7.2938306718603014
8.653752656157895
4.514023563279129
4.7316005275778696
11.705117302493386
3.0169651741223382
6.9126000998720398
10.37796992405214
8.195515125928452
3.1132922132526768
4.4837909649307353
4.1553121456547073
4.2452772380063326
4.4018409862373851
1.7776013109580902
9.3228869881155259
3.8910504572342903
6.571336104607342
4.694625135010515
9.8677842339016628
8.2567671861201415
11.970743632167354
2.4161099267071271
2.7839998548068792
5.9058078778074004
7.4079951201836343
13.484512726870882
4.4820247516673968
8.4187274546244222
5.7005515948974086
5.6288064892938952
5.707850154604647
3.084121688800749
3.1066758630323221
5.0675149914380819
6.1804050187422286
10.559803991759711
1.8635401025810783
7.757575184275356
9.9373928371720357
12.941651214387091
8.4030267638453378
3.5707084569943794
2.3385261788640714
6.2464271675814107
10.473556350605826
6.1747781861846924
6.6692700927765838
6.5957858729313292
6.1276078754001775
9.1215151478630982
6.6535562892901501
3.7096555080493196
4.5243546917820403
5.4573226987866414
4.34999925847697
4.1277709797487177
3.8112253078078946
3.7726912625555302
7.4843227769991501
4.626277976303327
8.1945698079103142
4.6409992695156372
7.9348097061877088
4.5433078621392058
4.3757134908343902
11.255838162262346
10.467898259017936
10.464418969412968
4.9961680360708423
4.3321664703430143
4.7003460793805196
6.8568854123113967
6.036247799365996
8.301495859481907
9.0130904520186252
7.30972794112638
7.2704902628821824
7.30972794112638
7.4718825741465933
8.0011048990530096
8.642757318596388
8.2603178262961574
8.642757318596388
8.8433856288765611
8.6859198352324523
9.9343471661589735
12.100770522587798
8.754670590916648
8.0397579471729852
4.2070760795745166
11.990671187807427
5.6797002904664398
5.3804316646075012
9.2774382308025221
7.7676956883302832
6.9548727991198271
6.2309032688077908
8.3873639276373773
7.9505102341082363
8.6537458990448286
10.178903947116156
5.7286386115629897
5.8409159353765094
1.9095026159484172
3.9645110751910728
10.800838147926552
11.892828026519949
8.1145631841465669
7.9270798182846507
2.673670911370511
7.882063611598034
11.135182497565102
11.895294756618593
3.6873116833372608
4.29725134178166
13.193168929406204
9.0194593727377708
6.5757201051839367
12.427097717874302
13.3507228851396
6.9927786633947742
7.855751952497986
5.2239938345105239
9.0315307003443479
6.9927786633947742
7.0105725061290602
5.7391272806915694
11.190954751390395
12.69969711367812
9.4128487153180931
12.620976501564268
6.8572678176837298
11.811689696530317
4.6083710285192883
4.7216694176702898
7.2500397995983308
6.0286480117830843
5.040504152260179
4.3630367943813084
13.059782969786578
3.8774453970686964
4.2536697428302332
8.1945698079103142
3.8269019057460256
11.750221914359704
8.6699946205085467
10.810251029916254
4.5460634629695429
4.64416646224646
3.7522495173934036
8.8445435754219393
4.5476683471143691
10.831626156353414
4.9115919084986581
4.0037735960124179
12.202250030608448
13.523989781785103
4.6409992695156372
3.8269019057460256
6.2555165294717039
8.6475261389997833
8.2431290891746798
6.0811264623335211
7.6770221322354777
7.4671873785313618
6.3251452831663437
8.1920238243530115
6.1189460431552556
7.9612788837066741
5.6283747888897846
13.719370476777621
6.4945318081985217
9.0322482176899861
6.0511084327175224
7.1733308476791073
5.1211205634904955
4.7944883717385638
5.8134529489551428
4.9068415068852715
8.3586165320416281
5.944732360820896
4.7829336405438703
5.4614945897684652
8.5757843575751167
12.629206406309033
12.060366391547305
13.791064636133374
12.991158045601598
11.135182497565102
4.409777719306061
3.9223877754247116
12.530292722872462
3.8425630200873684
3.9171743088425512
3.3286976716755539
3.3588852995676599
12.810288511393853
10.760353104679474
12.74829401767871
3.9855098519473726
4.0623082755873838
12.216496676768688
12.929588680355952
4.5108433162436823
5.1211205634904955
5.0401806540620209
7.5517354430171162
5.7853390280342429
5.2766735718933315
8.211663452274454
6.2733111354740956
4.4180587251285619
4.6417991084114156
11.970743632167354
2.8999610515562591
4.8430584042897182
4.9212541334443562
4.3825779170863246
4.5387118202624288
6.8568854123113967
6.4282062527593906
12.438256100370909
7.2379216710171494
6.5146651649752521
6.7814548517487427
6.5663932974689754
8.3489282134555314
9.0435536063933863
8.3192567320122119
6.8589296981840295
6.8471004771307413
7.4993274378102868
11.703056521553973
11.739476242496103
12.351331623505672
3.807837929349037
7.3738605529094228
10.231199558021707
10.800838147926552
6.5757201051839367
6.5783276899221805
7.0772843462276658
12.627384322353675
6.8746246896418999
6.7601434910223865
7.164557317460412
7.2131352694231774
8.4978228161054048
3.9377896980124301
5.257143330514948
4.1097651513213229
7.4584846293861276
4.2728980239706589
3.6467838904383196
8.661360034777859
4.7944883717385638
5.0401806540620209
10.531146676097359
6.0028120791179633
7.2208740119010093
6.0714310253649355
5.46338492772772
10.522993631398259
3.8024986348880039
2.9547410175531463
3.8656044000079404
5.5692469600887105
8.603946157250796
6.1304073761863673
3.9855098519473726
3.2571467411231736
3.9849037386916044
3.9055042346473603
10.006008203306857
3.2516573181965773
3.2572692883475654
4.0621890470436597
4.0070153180704509
4.1427186248877668
3.8444455723341688
5.8134529489551428
7.5517354430171162
11.674641426762882
8.5149585485951871
12.060366391547305
12.74829401767871
12.36317810245723
11.649803739014454
13.294362172241364
12.94525297034183
12.918175599838932
11.37542702129214
11.689569196916805
10.866925059411722
3.7583599637926968
1.8725712760558753
4.5091252609251562
2.1941913050937187
8.4629489956685955
5.2746096841356866
2.4401528888184867
2.9253574378315825
4.9475781696654
3.0631410952818126
4.2622575014252719
2.4846233106067825
5.3384727136483283
10.376109746396493
3.8542738697558039
6.0811264623335211
6.889544938502369
4.7316005275778696
5.9885049481922694
4.3781133599375597
4.0945666095855664
5.7432638303622774
7.3233084026531383
11.705117302493386
2.1478262103480463
2.6131148661498802
2.096807541834278
2.1488181450260853
2.3183569546558247
2.1266958903578184
2.7241088605458841
2.6310036018652228
2.7494503773078756
13.012819429169982
7.8363448730246104
2.594230448630352
2.9902910003817653
7.6770221322354777
10.716341685363815
7.4595427232767983
6.2464271675814107
7.0848947088729117
8.3021720433465429
13.416473882480181
6.7586466018269578
9.355399772272234
8.6334236934803563
9.705647839934521
8.6004902168821111
8.5145396149810519
3.255098435844376
8.782105234009844
3.5746662777164264
7.0762908092072712
5.2612826823700409
4.5656085037266934
6.9548727991198271
7.4595427232767983
5.9204340916541289
5.858986746658597
8.7650822747885684
6.9888604740654596
12.779729839499689
5.1785891337413252
7.4312093756594022
7.2242710812541979
11.521712911214534
7.3738605529094228
3.3036868115912212
3.2954751414210013
10.109882392656038
11.055287797531269
3.458764177120079
1.9421269068680249
3.6417384124635253
3.524310117976825
5.2234380743775057
4.0187678491085057
11.322296793259158
5.6478357975041034
5.6523116067276815
8.2405649331561808
7.2131352694231774
7.3498975653858469
7.6231584051853583
11.334306431958368
8.2797477533066619
8.5757843575751167
6.2384798740339251
8.8598766726222902
3.0710310962429515
3.0952438249786978
3.7583599637926968
6.8697005579151051
2.2000611101152474
4.0903958959218167
8.1547605178921021
8.541004787282759
5.5541804784871065
6.8244171229151975
7.903960687123651
7.1737660691025402
6.5783276899221805
6.542623129010015
8.9754000978757134
7.0455150286845285
9.0604415242094767
8.8185095973239793
7.9719834802749396
2.93807604330692
2.8716577153021792
6.5671189296067052
5.6714449512953982
5.0491457107983031
5.6303493622940479
9.2216574562391322
12.779729839499689
5.2785736358896118
3.8591619050953625
3.8425630200873684
11.750221914359704
3.534755458999792
4.514023563279129
3.7124895584756223
7.1352021659703828
10.473556350605826
7.4671873785313618
3.0169651741223382
2.1478262103480463
7.3411189670648627
4.5194624653346471
2.7567283059214982
7.8490744270934636
8.3006531469015741
2.6953107523733508
5.6595137663682049
7.7161234553049427
6.9126000998720398
10.446861352848201
3.3662016577828022
6.3178235199138175
3.2863641236871683
6.0286480117830843
7.8797297606619363
12.69969711367812
6.9004333653960215
12.506844815050696
5.7853390280342429
6.4282062527593906
5.5541804784871065
11.443242433438876
5.636576901906154
5.972834775327617
7.6434330815077631
5.1548550994011411
5.2803932786869838
12.312150287996211
6.2353467855224061
7.1268515256401539
7.4849748543525942
5.8424859684926114
8.171613993588684
6.5564702834152033
6.5564702834152033
7.9569829242654491
8.541004787282759
8.0283245460958739
9.7126932538018558
8.9277228206219785
5.8130214234436108
7.855751952497986
4.924541307151638
4.3757134908343902
5.1903558962497742
4.6832914650722488
11.496646129798073
3.2944571519228827
6.542623129010015
9.2764706491676581
1.7424978772820112
3.6873116833372608
8.6699946205085467
4.4663913011262713
10.854448227505561
10.525506162751714
3.1701208110178616
3.6177265626238713
3.1765170485699601
13.768441908652296
3.2617135799914374
5.5920000153848326
3.6203627634572064
10.531146676097359
11.442349537719011
13.072361037489516
11.438555628857413
4.4663913011262713
4.7602708808239429
4.8813608713339987
4.4091367828486554
9.5156946172360257
7.8497570811544488
8.4187274546244222
7.6374726569760236
6.304007199216688
7.127078702347549
6.1270190126970361
6.4949329739704442
13.791064636133374
12.36317810245723
3.6729450324231734
7.3908850511085413
3.9171743088425512
6.1747781861846924
6.5713692447848011
7.5120642447609915
8.1496002658998883
12.460221387315945
3.4102889159019192
5.1303290593645414
4.9765310417486379
11.509381229691844
11.864930490824971
6.036247799365996
12.438256100370909
5.9204340916541289
11.443242433438876
6.0929483939992508
5.8851175936031153
8.2709666719858213
6.529716175377918
9.1215151478630982
6.4115817434542386
7.4780545649460377
8.642757318596388
2.0211692026241312
10.829391718485947
12.202250030608448
13.623410033380075
8.1248492178593015
11.447311499845139
13.472252896844811
10.522993631398259
4.4913849352559367
3.2126721709502251
5.0882127235027932
7.1686080189324421
2.6131148661498802
3.458764177120079
5.1114805444296181
3.3649699146356995
13.788887550948694
7.3498975653858469
7.4109411207010893
7.6984109844705086
4.7216694176702898
4.1090314393513703
2.9364851004285781
3.0710310962429515
2.93807604330692
9.0090926101589641
2.9368758175252831
3.0164131652760502
5.1903558962497742
4.859955072263249
2.594230448630352
3.1216697951065044
2.2592222013057626
3.1422844529461695
8.603946157250796
5.4432086955860139
6.8257655603585405
8.5606368840318634
8.5606368840318634
6.4738280739728307
7.7755537092672267
8.5963761999974633
8.5606368840318634
8.1840216329700564
8.2603178262961574
8.8481444048373277
9.6491071760492417
10.167319505889962
11.442349537719011
11.726905813651513
2.6931551186126788
4.98955344996837
3.6387745101380089
4.0503430848448589
3.2571467411231736
3.9069802148774575
4.9068415068852715
5.2766735718933315
7.2208740119010093
4.4821653198594928
2.096807541834278
1.9421269068680249
5.1114805444296181
1.5745485108520205
2.0252371732479455
8.4122951978502751
2.2433301407953561
11.675334300527583
2.3429492327507613
1.8534937277060592
11.129974692691038
3.2221247982128944
1.860832986468026
8.642757318596388
11.819379519610854
13.791284782091767
2.9253574378315825
3.3036868115912212
7.5689851650484012
6.0714310253649355
5.6478357975041034
8.6004902168821111
7.9442008239379556
8.076798902322226
2.3757805928212772
5.7005515948974086
4.8875877740969376
4.9389811194103856
5.688992130876688
5.8130214234436108
6.1589765720140486
5.988699129312244
4.076037179115108
3.9849652074511086
4.1032981907235548
3.8039854740821228
3.2126721709502251
3.0729561802369632
5.4462962057918078
3.9556586865900298
4.6029168694940044
7.6374726569760236
5.636576901906154
7.0285565724527661
8.5136323777157976
8.5136323777157976
12.991158045601598
11.649803739014454
10.37796992405214
7.3411189670648627
6.1589765720140486
5.6077590380896085
6.6692700927765838
6.3251452831663437
10.716341685363815
6.4374724268263774
7.6388752697786817
9.0435536063933863
3.9274483051233831
11.95287602124775
13.122871612310146
7.1759196863903378
12.427097717874302
7.0772843462276658
12.445348442676076
8.471553253247551
11.95287602124775
12.626665632486443
4.7602708808239429
4.69991278199526
7.757575184275356
9.2020669800023178
5.6288064892938952
2.7809810583886918
6.4270024109711388
4.8583362263359424
5.0471359030424292
13.122871612310146
13.623410033380075
10.519164473766292
6.3503811638860252
4.7582414849141168
6.7573801994343947
4.2099380352712519
4.1489041129138693
4.3586935506262305
8.195515125928452
5.3793611573169295
4.5243546917820403
13.646414673197063
6.428294858950661
12.216496676768688
3.1132922132526768
2.1488181450260853
3.3692886982167507
6.7004948456698701
8.8732471647139022
9.8168674533770393
12.560893085204071
3.0175080008620392
3.8024986348880039
3.0604901358048759
2.8698178903893226
3.289031861206094
2.6282408872322889
6.304007199216688
6.151414940297899
9.6150721220328066
7.127078702347549
3.9986548000338415
5.040504152260179
5.4573226987866414
4.6194622945118295
2.6020066079683599
8.3586165320416281
6.9794422579436128
4.9475781696654
3.4970283791277654
4.409777719306061
4.4533946608985779
12.129517904185056
12.195713901759191
11.739476242496103
5.972834775327617
7.8075767144785431
13.772164412992232
10.870802254650519
4.1427186248877668
4.076037179115108
3.9849652074511086
3.9826177424426006
9.0090926101589641
7.5183490078402437
4.7793368569248269
3.8874534922687065
4.3630367943813084
6.8697005579151051
3.9144748964631138
13.235984899892303
11.013475867813494
4.5194624653346471
2.0532577498713058
9.9373928371720357
4.29725134178166
10.854448227505561
9.2020669800023178
2.6997200791126033
3.0832893257664438
3.2656424174880359
2.0651984368988177
5.6523116067276815
3.1198457231321899
3.7871527928019972
7.2379216710171494
3.1195579513369003
3.7515406984290389
2.3183569546558247
1.5745485108520205
13.286688005497684
5.675602286985745
5.086189756556891
11.255838162262346
5.5079017722672434
10.008887530712768
8.5498959863785764
3.653741940763032
11.819379519610854
10.14771046320098
5.6701314194422103
6.5704075343436177
9.355399772272234
6.5146651649752521
7.6434330815077631
10.435321934473141
7.1804554420052638
7.4584846293861276
3.8649443029579471
2.7350400528916752
4.5222053849865969
8.2354912723429283
11.984085664241055
1.9095026159484172
3.9377896980124301
1.8725712760558753
3.2954751414210013
2.2000611101152474
3.9144748964631138
3.3806580851443306
2.6694787105026112
2.7267965412907156
11.020294071153399
10.614147616353323
2.0498369377186827
7.2797889048334081
7.4644905950678808
3.1085417714703616
3.1577552716714083
2.4237297775260851
8.341899733165981
4.5596228369329665
2.2212853338725518
3.5082841620438452
3.3619332908932926
2.4161099267071271
2.8999610515562591
2.8716577153021792
2.9368758175252831
2.4363505011414484
2.4166086177560255
3.6490597714400166
5.1339988181401193
4.2728980239706589
2.5640007620228564
2.8955419285728188
3.256434860277392
5.107061791916637
7.6853566821132011
8.6334236934803563
11.043616485830343
7.0105725061290602
9.4128487153180931
13.012819429169982
11.055287797531269
8.1248492178593015
10.519164473766292
6.9746149067182852
6.4195824718619123
4.4814440996069367
11.065683157283365
10.297011721463175
6.9653393999859512
12.006092182242437
7.1804554420052638
5.5712328754333384
6.7745198618784963
4.6488519910317416
7.1804554420052638
5.5099438039625301
6.7278753638675752
2.3978415868655012
2.01973274218612
10.829391718485947
9.4648661979682327
2.3992467295109869
3.3650364484274373
9.2413809456100502
12.42645790740546
5.944732360820896
8.211663452274454
5.5378615986938611
5.6797002904664398
6.1661014227025994
5.5236977594108092
6.0386538857366405
13.289276683150703
9.3730931326334552
4.8813608713339987
4.69991278199526
4.4379544110997573
9.8444468874801139
5.5659403202330173
4.111590051931068
13.059782969786578
2.2607842715369482
3.5082841620438452
2.3385515180661849
3.2846963137457719
4.7829336405438703
6.8244171229151975
5.1548550994011411
7.0285565724527661
6.9794422579436128
7.8075767144785431
7.1777714947608429
7.6249497590042177
9.4472335903752747
5.0876202808688307
8.6537458990448286
6.9794422579436128
6.9794422579436128
2.0252371732479455
2.4877968862513193
3.5862457035135571
9.2764706491676581
2.6553131062622044
4.1900635155449395
8.8433856288765611
8.8481444048373277
8.7806126601289698
9.5268526991668203
7.1777714947608429
6.8468384014609924
4.7947860248315717
12.620976501564268
10.547910964094637
2.4363505011414484
2.9058545954020185
7.9348097061877088
6.2555165294717039
12.810288511393853
3.9849037386916044
4.0686631380725977
2.5742108132272965
10.008887530712768
6.4336901830049014
11.892828026519949
3.9055042346473603
3.0952438249786978
3.9069802148774575
9.8168674533770393
3.1198457231321899
3.1195579513369003
8.8909049951570065
3.3069410063758262
3.0992659556470028
4.0033025407813456
11.990671187807427
4.6832914650722488
4.859955072263249
11.984085664241055
2.0086660449561604
10.376109746396493
4.4379544110997573
4.4583848245344901
6.0308179991652979
2.6020066079683599
3.084121688800749
3.4102889159019192
3.1570240491738675
4.0682662700503522
3.1205444530809987
3.6298488545845684
2.9285406447547269
3.0479254203347668
6.8572678176837298
13.523989781785103
6.9004333653960215
11.447311499845139
7.5183490078402437
6.9746149067182852
10.547910964094637
7.0512691551927995
10.87170499617981
9.9844420675698391
12.8992379956441
2.3373372998917898
2.7839998548068792
2.3385261788640714
8.754670590916648
3.3619332908932926
2.4166086177560255
2.3385515180661849
2.9058545954020185
2.3385957624016744
8.0695343916017368
6.1661014227025994
9.1895317425968361
8.4122951978502751
2.9423817935991128
6.9143837322426016
5.7286386115629897
4.5354662126376803
5.466579917461492
4.4485067240561635
4.4192060397437531
4.4857229666711165
10.535563305877581
10.522993631398259
10.522993631398259
3.6387745101380089
3.3919339962740342
3.3992778178192813
3.8508126271664556
3.6037188514901097
10.360341912983552
4.0788066446379476
11.40788891292714
10.810251029916254
11.850169099303013
11.350893184666688
4.5460634629695429
4.4514694114223223
13.267573226240705
10.525506162751714
3.8942810313419205
8.8427910636066596
3.8605535144252543
8.4978228161054048
7.6231584051853583
5.0415858290523978
9.3228869881155259
2.671284319329728
3.8542738697558039
4.9115919084986581
3.0604901358048759
2.7822349325779849
6.4195824718619123
7.0512691551927995
3.3919339962740342
4.0469647426601361
8.0390375889822323
8.1145631841465669
11.597606617021222
4.536889779439873
4.4663686410346326
3.3806580851443306
3.6061937414209648
3.8914032746487415
2.7375956904193233
2.9183558724289798
11.542349373171536
9.3731776749063389
2.6518763058709793
6.0815842504740827
5.153728005933262
5.2803932786869838
2.7590461471491849
5.9250919476049129
4.5091252609251562
4.0903958959218167
12.599203840452494
10.467898259017936
13.759246676432449
11.308469925928646
8.1920238243530115
6.1261522183115984
5.2785736358896118
3.0729561802369632
2.5640007620228564
3.5055307694328803
3.2846963137457719
5.707850154604647
8.6877930940404156
2.2433301407953561
2.4877968862513193
2.1595149255409041
4.0101971113010384
6.9287287772110648
3.8774453970686964
3.8656044000079404
4.3781133599375597
7.1352021659703828
7.8797297606619363
7.1759196863903378
3.3992778178192813
3.7205917102489572
5.0686444767451491
8.6041087860166865
3.8416438241201276
4.693516845699917
13.294362172241364
11.321991397125863
9.8444468874801139
4.4583848245344901
4.8785876964577017
3.9687373887134032
4.5387118202624288
2.8698178903893226
6.5957858729313292
6.1189460431552556
12.725494727540493
3.6103052168029355
3.1066758630323221
3.524310117976825
3.7124895584756223
4.8583362263359424
3.1570240491738675
4.1994543664400608
4.8311207338337026
6.3256455371086373
5.4480428112565358
6.3769457446784727
4.8505933697030654
8.5432870105768011
2.7038266956789743
5.8409159353765094
3.4931366885005928
2.8194718537973023
4.4533946608985779
13.3507228851396
12.445348442676076
3.2830432598996597
2.3385957624016744
5.0833245530484765
5.2234380743775057
3.8508126271664556
3.7205917102489572
5.1796202333467161
3.248760377573078
3.6467838904383196
3.8649443029579471
2.8955419285728188
2.6355034995191304
2.6200973415431674
2.6968526504546624
5.1785891337413252
6.4336901830049014
3.4931366885005928
3.3019600375623948
2.5033390102524864
3.8650154593591406
3.6772690532813899
3.8292004405963431
3.6299551350908144
3.9025584895907395
7.9612788837066741
5.9909000876847358
1.9003221942145563
6.0815842504740827
3.3019600375623948
10.078454886092095
3.3803684495545654
10.87170499617981
12.788444802597754
5.1347388406938705
6.3256455371086373
5.4462962057918078
5.6285428556220101
12.006092182242437
10.078454886092095
4.34999925847697
3.8407810697753861
3.1701208110178616
5.8993193882430868
4.6300999950124364
7.1566392465984938
11.630140358764731
13.016281305674633
7.4312093756594022
8.5432870105768011
7.6491394308576472
8.5473925234243762
2.1702947736454758
1.8413849031038554
3.3692886982167507
2.6997200791126033
4.0682662700503522
4.7723856244348832
8.6859198352324523
8.7806126601289698
5.1533988598570462
9.4452963037901458
5.6283747888897846
6.0028120791179633
13.416473882480181
5.6714449512953982
13.072361037489516
6.1261522183115984
5.9909000876847358
8.6872918675404183
6.423053310339597
6.469333146884729
5.8233028244239566
5.9004003020660658
8.9372459852498469
7.4931453413151781
4.64416646224646
4.4514694114223223
3.7530828625978381
2.1266958903578184
2.7567283059214982
6.4753414634649982
11.675334300527583
4.4837909649307353
5.9885049481922694
5.988699129312244
5.6077590380896085
3.9441307828221714
3.7522495173934036
6.1018976398353475
4.9285195276109883
2.6694787105026112
3.6061937414209648
5.2239938345105239
5.7391272806915694
5.5692469600887105
7.8363448730246104
4.924541307151638
4.4814440996069367
3.6037188514901097
4.0469647426601361
5.0686444767451491
10.735239340100337
5.9143978296027875
6.1200777739961545
4.9493171272043428
3.782346253383031
7.3163673604104975
12.129517904185056
5.3951707189273233
6.1304073761863673
5.7432638303622774
3.255098435844376
7.2242710812541979
6.2384798740339251
5.4432086955860139
6.4738280739728307
2.5033390102524864
7.6491394308576472
6.1133759351164656
3.235894931021162
6.2983847325322238
3.1205444530809987
3.6704149147399465
6.1611388667670566
10.882676626483477
8.8445435754219393
11.850169099303013
10.735239340100337
5.4480428112565358
7.1506361171878083
5.1303290593645414
13.193168929406204
11.525182956659872
10.464418969412968
4.8430584042897182
4.1097651513213229
4.1090314393513703
4.7793368569248269
11.350893184666688
11.542349373171536
4.1951419055435348
11.350893184666688
4.2823271675418813
4.779445918203912
10.360341912983552
12.94525297034183
7.882063611598034
8.6877930940404156
11.811689696530317
12.42645790740546
9.9844420675698391
12.788444802597754
7.1032016592965368
8.6872918675404183
2.7492661366129072
4.5354662126376803
5.5002306330342945
4.9961680360708423
4.8785876964577017
4.1951419055435348
4.9201765155678254
6.9165391570627763
5.0491457107983031
11.438555628857413
11.726905813651513
8.0395730600324722
8.5145396149810519
11.334306431958368
7.4109411207010893
7.9442008239379556
5.0675149914380819
4.1994543664400608
5.6706623737753441
8.6041087860166865
4.2099380352712519
2.6594001005481394
3.0292646345558474
2.4318520399235468
4.6348259812476211
10.006008203306857
12.994666272702377
2.5314171351904093
13.460319207648269
6.4703602495838632
6.423053310339597
6.7814548517487427
6.0929483939992508
8.4978228161054048
3.3286976716755539
4.1032981907235548
3.9826177424426006
3.3873264158769061
4.658477354267947
9.8231690210905054
7.2426374182328397
5.3758872025451092
5.46338492772772
12.312150287996211
11.350893184666688
9.4648661979682327
13.719370476777621
12.627384322353675
8.9754000978757134
12.742625114332176
12.929588680355952
12.941651214387091
8.6631900566467284
8.415043665010554
7.9270798182846507
8.0283245460958739
4.6013393850652902
5.6595137663682049
5.5002306330342945
8.0395730600324722
4.1967811280265206
5.8453831334253294
5.5236977594108092
9.1895317425968361
7.6074964461254488
6.3419694167413239
4.224479250568355
4.6332432907279424
1.9881413706085636
10.559803991759711
4.4821653198594928
5.1339988181401193
8.9490842159457582
8.782105234009844
6.1133759351164656
5.466579917461492
3.6177265626238713
5.8993193882430868
3.8292004405963431
2.779076814473282
4.5476683471143691
4.1495758944092938
11.065683157283365
4.4595289975036732
4.2210045646288696
5.2721183328935091
6.3769457446784727
8.2639381916962691
6.2733111354740956
6.1276078754001775
6.2309032688077908
6.4945318081985217
6.889544938502369
7.0848947088729117
5.858986746658597
6.5713692447848011
5.8851175936031153
6.6031490690121473
6.3232388972234759
6.3329715583387358
6.8586494550574288
7.4222533279068239
9.0315307003443479
11.190954751390395
6.1270190126970361
6.151414940297899
8.2709666719858213
6.6031490690121473
1.8227941282383333
3.8650154593591406
7.903960687123651
6.2353467855224061
3.6490597714400166
7.1414269819903957
11.895294756618593
12.351331623505672
11.557979843818856
8.0695343916017368
8.076798902322226
8.2354912723429283
6.8746246896418999
7.0455150286845285
11.630140358764731
8.3873639276373773
4.300251470531836
5.5659403202330173
5.9250919476049129
7.2938306718603014
8.661360034777859
6.4949329739704442
12.460221387315945
7.1268515256401539
4.3321664703430143
4.9212541334443562
13.759246676432449
4.2823271675418813
3.8395769530619992
4.0945666095855664
3.8416438241201276
3.1765170485699601
3.8942810313419205
4.6300999950124364
6.2186458354851419
5.5711685911290276
3.8672082853021186
9.0322482176899861
6.469333146884729
12.918175599838932
5.9143978296027875
13.067225599410063
4.1553121456547073
4.9736481906043508
6.5663932974689754
7.4849748543525942
3.256434860277392
2.6355034995191304
5.77732241426766
5.0882127235027932
2.3429492327507613
3.6298488545845684
3.9645110751910728
2.7267965412907156
5.1145902934337109
5.8207425069452432
3.0832893257664438
3.4330598262323311
4.4485067240561635
5.3951707189273233
4.3736686151057116
4.7863229402703782
8.8732471647139022
4.224479250568355
4.1466786655007377
12.865888074175809
2.7241088605458841
7.8490744270934636
6.7958786002312586
7.3233084026531383
3.5746662777164264
8.8598766726222902
6.5671189296067052
6.8257655603585405
7.7755537092672267
5.5099438039625301
3.235894931021162
5.1748750513828812
6.200493343837894
8.2806549905719162
5.8233028244239566
5.8765068213499836
11.020294071153399
11.185798872978195
5.6303493622940479
5.9004003020660658
5.8765068213499836
4.8441485925646672
4.4372672232424657
6.8682265214769407
11.598251972531358
11.37542702129214
2.8887372264336406
3.0631410952818126
4.98955344996837
3.4970283791277654
11.689569196916805
11.252673313493107
8.1039807097665193
3.8910504572342903
6.4270024109711388
5.086189756556891
7.4373299780668791
9.541953220201707
12.560893085204071
8.8909049951570065
11.293765456594381
5.107061791916637
6.8234183872303849
8.9372459852498469
2.4828776439859053
3.8444455723341688
4.1566823531085362
10.297011721463175
12.8992379956441
6.5921298173715446
7.4931453413151781
5.5400057994776137
3.038891777477907
3.0776124432822725
4.2622575014252719
2.9902910003817653
3.1216697951065044
1.8534937277060592
2.6020066079683599
2.6020066079683599
2.9423817935991128
2.1595149255409041
3.6299551350908144
2.1695689685679311
2.5289032411639036
7.9719834802749396
6.0386538857366405
7.4373299780668791
5.7738291602292087
10.870802254650519
4.0503430848448589
4.0788066446379476
6.1200777739961545
9.7283478430928021
2.3992467295109869
2.1941913050937187
2.4846233106067825
2.2592222013057626
11.129974692691038
10.614147616353323
3.8914032746487415
3.9025584895907395
2.779076814473282
5.1145902934337109
2.1695689685679311
2.6580153897643553
4.7848004101000239
8.341899733165981
7.1831541490136814
2.2840796528902088
4.1277709797487177
4.6194622945118295
3.836751959235333
10.740495016271822
1.841469383482369
3.3650364484274373
7.9994634104410851
6.7884969210774644
3.6772690532813899
3.3803684495545654
8.653752656157895
9.7126932538018558
9.705647839934521
9.6491071760492417
9.6745040453507158
11.496646129798073
5.3804316646075012
6.3503811638860252
13.235984899892303
13.286688005497684
5.5712328754333384
13.289276683150703
6.8468384014609924
6.4753414634649982
5.7753051357972121
6.9194272314585508
5.7318743375477155
8.0300535672871334
3.2516573181965773
3.3069410063758262
12.994666272702377
12.02325798038054
4.2452772380063326
4.5656085037266934
10.446861352848201
4.536889779439873
4.9736481906043508
4.9600731293909073
10.853900914085658
11.725492480710372
9.0604415242094767
8.3016721427882754
4.0465484800936196
9.541953220201707
8.866694780354214
13.120982673328484
7.5220803493003316
10.866925059411722
11.864930490824971
13.791284782091767
12.626665632486443
10.14771046320098
10.535563305877581
11.321991397125863
11.252673313493107
9.9343471661589735
9.5268526991668203
5.3133642018996765
5.5378615988925786
10.167319505889962
9.6745040453507158
3.2221247982128944
2.5289032411639036
4.9765310417486379
2.9285406447547269
3.5046599740382138
4.5160917518883803
4.4663686410346326
6.7745198618784963
13.324383718893282
4.9389811194103856
4.7582414849141168
4.6488519910317416
4.7947860248315717
4.8505933697030654
7.1506361171878083
5.7753051357972121
3.3649699146356995
1.860832986468026
5.8424859684926114
7.6249497590042177
4.2981963528520257
3.6745040210943314
13.543206804628964
4.779445918203912
6.0511084327175224
6.4374724268263774
7.785198240904001
3.2572692883475654
7.5180033941683773
6.7601434910223865
1.8732146610590155
11.185798872978195
4.693516845699917
2.6310036018652228
8.8427910636066596
11.805978322182431
3.8112253078078946
4.4192060397437531
3.8407810697753861
10.882676626483477
4.658477354267947
4.3736686151057116
3.836751959235333
5.3133642018996765
4.0037735960124179
2.9547410175531463
3.6729450324231734
3.289031861206094
3.0479254203347668
2.7822349325779849
4.7723856244348832
3.6704149147399465
3.5046599740382138
5.1796202333467161
3.5862457035135571
4.0101971113010384
2.4419678060864185
6.3178235199138175
4.1489041129138693
2.0498369377186827
4.1900635155449395
2.6594001005481394
4.6348259812476211
3.4330598262323311
3.293003563974104
5.8921002199624635
4.0322796302929182
3.7193721785712306
2.4171346357969923
2.7731862532177898
8.5963761999974633
6.2983847325322238
10.831626156353414
13.768441908652296
3.8605535144252543
3.7530828625978381
4.1495758944092938
11.805978322182431
2.4855374995560471
2.6200973415431674
3.038891777477907
4.7003460793805196
4.9201765155678254
3.2617135799914374
6.2186458354851419
2.7015688850846913
8.4030267638453378
4.4451625335313425
4.694625135010515
4.4180587251285619
12.779729839499689
12.779729839499689
6.1018976398353475
4.4372672232424657
6.1631564387025959
8.9885166764296009
10.760353104679474
4.0623082755873838
4.0621890470436597
4.0686631380725977
4.6332432907279424
4.1466786655007377
13.120982673328484
11.448653854937534
6.3234320595348565
6.7278753638675752
7.2426374182328397
5.1748750513828812
6.7884969210774644
7.7415072929261957
12.865888074175809
2.5984576092352651
3.2656424174880359
4.1566823531085362
3.293003563974104
8.2797477533066619
3.0164131652760502
3.7871527928019972
3.7515406984290389
3.0992659556470028
11.293765456594381
3.6745040210943314
4.1864660257109465
8.3016721427882754
4.4018409862373851
4.9600731293909073
2.7494503773078756
8.3006531469015741
8.4847647642373474
6.200493343837894
7.1804554420052638
9.2774382308025221
6.9194272314585508
7.7676956883302832
5.7318743375477155
8.7650822747885684
6.3232388972234759
7.9505102341082363
6.3329715583387358
7.1733308476791073
8.301495859481907
6.529716175377918
3.4305036072463553
7.4843227769991501
5.8921002199624635
6.5552493851598346
2.4820017726330774
3.0776124432822725
6.9888604740654596
9.1215151478630982
9.0130904520186252
6.4115817434542386
9.1215151478630982
7.6388752697786817
7.1737660691025402
9.4472335903752747
7.30972794112638
7.2704902628821824
8.3489282134555314
9.0435536063933863
7.785198240904001
7.30972794112638
9.0435536063933863
6.6535562892901501
7.5120642447609915
1.8430819353506467
4.2210045646288696
7.4718825741465933
8.3192567320122119
6.8586494550574288
5.4614945897684652
5.0876202808688307
7.4851547770247677
8.3021720433465429
6.8589296981840295
8.7484242393901877
7.6074964461254488
9.036156304930854
6.3419694167413239
6.8471004771307413
8.171613993588684
6.5564702834152033
6.5564702834152033
4.6013393850652902
2.6983770115850625
6.0308179991652979
2.7311529140375903
8.9490842159457582
4.6013393850652902
8.0011048990530096
8.1496002658998883
8.5136323777157976
7.4993274378102868
8.5136323777157976
8.6537458990448286
7.2797889048334081
4.0322796302929182
8.2808658108085975
8.6537458990448286
7.4222533279068239
3.3588852995676599
3.3873264158769061
3.6911416155329055
4.0187678491085057
7.4644905950678808
3.7193721785712306
7.0762908092072712
3.1085417714703616
3.0292646345558474
2.4171346357969923
8.5757843575751167
7.6984109844705086
6.9794422579436128
4.6417991084114156
7.7161234553049427
6.1631564387025959
3.1577552716714083
2.7731862532177898
8.5757843575751167
6.9794422579436128
8.5606368840318634
8.2806549905719162
6.6225634579632704
7.4780545649460377
8.4978228161054048
6.6225634579632704
8.5606368840318634
8.5606368840318634
2.7375956904193233
2.6580153897643553
7.4851547770247677
8.4629489956685955
2.4237297775260851
7.7415072929261957
4.7848004101000239
3.9556586865900298
3.5055307694328803
5.6663333690777069
5.2746096841356866
8.341899733165981
8.341899733165981
8.2808658108085975
6.5552493851598346
4.5596228369329665
2.2212853338725518
2.9183558724289798
5.5920000153848326
4.4091367828486554
5.8207425069452432
7.1831541490136814
6.8682265214769407
3.1422844529461695
2.2840796528902088
6.7573801994343947
8.0300535672871334
3.6203627634572064
5.5711685911290276
7.1686080189324421
4.6029168694940044
7.3484517216096181
8.7562760879660058
11.796812438680874
2.7024915842219084
6.0396149919960092
7.889853633655731
2.7937957989606983
9.988796483915781
12.001022746818911
3.8344830818603493
4.2289733484395828
5.8714263121675074
6.9844127638135065
4.2289733484395828
7.2103212191128376
11.930754766896786
13.156736175363614
10.767548134066775
5.8082004418381592
3.0775818541901732
2.9318785423715585
4.7606767416585489
2.5221292484828486
11.332266918360872
9.339923587851338
9.3411197734999867
3.5258674638768004
3.5861536503533014
3.5058313326229351
3.8077252247427147
2.725026681710256
5.80515512583223
3.1300575660285763
7.1678564374009719
3.7971202167657894
6.090716946913231
8.7067933516465548
3.2823336605973132
11.188610468923754
3.7573768743806566
2.7217129208259281
8.6615360050343746
6.6494430837680296
2.7874699356600261
13.395759327730346
3.8134002586531626
3.8824057357262576
3.9046858457124869
3.8581643818064464
2.6760932398083792
7.301347630784254
3.5660201614664881
3.5035522625099897
3.9183053500960461
6.1539060739876099
7.7944216701681261
2.6060126915521309
6.0221339026589789
2.5829710858308972
8.893449766920936
5.8084862345530563
5.17960421244765
3.9361931211701466
5.5304076728878524
3.7986994125001217
2.5979366215135888
4.2289733484395828
3.8593636515999235
2.5894580171768751
10.697462776132985
10.985194841673652
6.1539060739876099
2.7836191212730781
2.8436035245377873
6.1539060739876099
4.380191679268683
8.5203746413501378
5.5902914209522709
6.4923463988820025
6.0620113376013434
6.5574095652620841
6.459881852986479
6.3316164538291204
5.6305567383043158
7.2061818672577447
5.8615242616141607
3.3387031997157028
13.441114268643766
11.136929338003034
5.187003895914037
5.1097047645150138
13.428616786892777
3.4779957267335671
5.6410884369671166
6.2129526511990329
4.1036261825943807
3.9270017371585766
11.15723393787132
3.8579262222155672
11.289431833283125
13.228158104600428
3.7485600002232009
4.1706743319568131
5.0622915578732037
9.2272469514051672
13.474221493402668
3.8351262164112492
3.6365407232447984
6.0366095120083356
10.212976728439065
3.9270017371585766
6.7931871293074639
3.8680329338962962
3.8193993365004966
7.4371342862636025
7.6740931594215978
12.772939722138565
13.645554723333213
4.5641126576571684
3.803632867491447
3.7749388941201207
6.3942010702741392
3.9434772345805698
4.1511612490437715
3.83491820145125
5.2542016109429159
3.6207188168303217
8.6075462101183753
8.4473090671443103
1.7631294695540378
9.1135958542032078
2.6341270091053652
1.6777669351506626
10.189603469898977
1.7853008494393603
1.8568056143253113
3.2863641236871683
1.789374780066973
3.5682566957437318
8.0388709418439142
2.0934867203108696
3.2899433382213865
6.2139917008328487
7.3249257392879059
1.7369028680359511
2.0107283826823892
6.2689338306878089
7.3484517216096181
4.380191679268683
10.968497909480567
13.652095058296769
12.007081776411226
7.7107415801939787
8.162994837205531
12.216907417744695
8.6161716203755176
3.4715333692425787
10.590911396257656
3.5468439897549775
3.6482880278339622
11.816822770644459
7.8548464145501962
8.7076851385697545
10.133060169712854
7.6246408237285417
7.619169956185007
9.9880761257250281
7.1027665426760587
7.102437396599842
10.612228593389524
10.053019246509315
8.571601994706068
8.571601994706068
5.6586940447921164
4.0290071522522526
3.0435649805857752
7.3283996940597262
4.3630403833521632
4.8727606321933896
5.2490130961493096
4.8218663634551113
3.5564294406633583
9.9485019471838818
7.1572156044819994
3.552192558250729
3.3124643969328655
10.596564675742579
12.992655022573139
5.2862521423039652
10.192167625917477
8.865577693805573
6.4404234719987326
6.8366263108397343
7.4869001354366569
6.7801592705764993
7.0837773774366664
7.2211568696363049
7.7263609510104567
7.4869001356353753
8.6075462101183753
2.899787973496466
3.0925752568956839
3.0964927449697064
9.2799902291935847
3.0964927449697064
3.0964927449697064
3.751426005127831
2.4177515272267471
9.24201632308821
2.4642842933251203
9.3033936559210009
2.387238726831812
2.6734193755416658
4.4773300037424049
4.0540149523318281
2.9273206369157019
2.4111092270417407
11.83659133462063
8.2217824589223767
8.7562760879660058
5.2862521423039652
5.5197469937371757
4.5397159102792788
3.482033501363849
4.5397159102792788
4.8855236371713744
12.832252576145716
3.494983842167378
4.5397159102792788
3.881376675778172
4.2863758366345861
5.232081796642456
10.205753333981367
3.3639191541376148
13.507018380561652
3.3640695180226228
9.357033656926431
8.5194460710864135
11.394334840532943
9.0522401960393335
8.4193987863266599
8.7724569239731807
8.5411683541143404
11.796812438680874
10.205805722862937
10.1037990546349
9.9060214610082458
9.7987956178972446
11.564110658775602
9.634395218855996
10.36408220175335
9.2428692086030981
10.602791192900691
4.1610422819959991
5.1138503846178116
4.8995106083158593
13.643231250817799
3.9640588265159291
8.5101623896042078
12.327008460794936
10.144553662671248
5.0623307499954731
5.0675543557324128
3.9125997973690865
4.0893963237411786
4.0753762059208656
4.1255252901934938
2.7024915842219084
11.271925524858322
5.840088993977087
8.5203746413501378
6.6436636717533117
11.816822770644459
10.205805722862937
4.3651484634499234
4.7330383915496759
7.8548464145501962
9.357033656926431
4.3298121033075843
6.0396149919960092
10.367765991367218
7.6495901316402053
7.5778450260366919
7.6568886913474437
3.5139960436823894
2.9421598362589831
7.0165535281808786
7.889853633655731
12.508842528502509
2.7937957989606983
9.7066137210181509
11.886431373914833
10.352065300588134
5.5197469937371757
4.2875647156068677
8.1954657043242065
12.422594887348621
8.1238167229274882
8.6183086295193796
8.5448244096741259
8.0766464121429742
11.070553684605896
8.6025948260329468
5.6586940447921164
6.4733932285248361
7.4063612355294381
6.2990377952197658
6.0768095164915144
5.7602638445506917
5.5902914209522709
9.4333613137419459
2.899787973496466
9.0311269894626456
3.638753939450496
3.8938985570364317
3.9148086682680532
3.8292505679856834
3.3681706407148155
6.4923463988820025
6.324752027577186
13.204876699005142
12.416936795760732
12.413457506155765
6.9452065728136381
6.281205007085811
6.6493846161233163
8.8059239490541934
7.9852863361087918
10.250534396224703
10.962128988761421
9.2587664778691767
9.21952879962498
9.2587664778691767
9.42092111088939
9.9501434357958054
10.591795855339184
10.209356363038955
10.591795855339184
10.792424165619357
10.634958371975248
11.883385702901769
10.703709127659446
9.988796483915781
6.0620113376013434
7.6287388272092356
7.3294702013502979
11.22647676754532
9.7167342250730808
8.9039113358626238
8.1799418055505875
10.336402464380173
9.8995487708510321
10.602784435787624
12.001022746818911
7.6776771483057864
7.7899544721193061
3.8585411526912137
5.9135496119338695
12.586713904869679
10.063601720889363
9.8761183550274474
3.8344830818603493
9.8311021483408307
13.084221034307898
4.067431621141405
4.5942164876816598
10.968497909480567
7.4986367368955893
8.9418172001375709
9.8047904892407818
7.0588972425040559
10.980569237087144
8.9418172001375709
8.9596110428718561
7.5771551030045838
13.139993288133192
11.361887252060891
8.8063063544265265
13.760728233273113
6.5574095652620841
6.6707079544130865
4.2289733484395828
8.4473090671443103
7.0627815877720304
2.5123908442085652
2.2638391753752511
2.7660785279731805
3.3692886982167507
2.5017163630952748
3.0925752568956839
9.0311269894626456
2.9788875400680519
13.094217698503186
10.315898040688557
12.034249157020584
3.1194162548484021
4.3919886634038647
2.9214114447540425
3.340260567424326
6.4967068838571649
12.561542504966599
6.8606304452414548
4.6073563676505733
2.4581326072539311
2.3387557706792852
4.9744059764251185
3.638753939450496
2.9788875400680519
3.939539542930433
3.9850881650717938
10.596564675742579
10.192167625917477
8.0301649990763178
9.6260606689782744
9.4162259152741576
8.2741838199091404
10.141062361095807
8.0679845798980523
9.9103174204494699
7.5774133256325804
8.4435703449413175
10.981286754432782
8.0001469694603191
9.1223693844219031
7.0701591002332922
6.7435269084813605
7.7624914856979395
6.8558800436280674
10.307655068784426
7.8937708975636918
6.7319721772866661
7.4105331265112611
10.524822894317913
1.7631294695540378
1.563265216309472
3.283943645521223
2.3613071541149835
13.084221034307898
6.3588162560488577
5.8714263121675074
5.7916015568301651
5.8662128455853475
5.2777362084183501
5.3079238363104562
12.54359498827362
3.0964927449697064
3.9760534108621162
5.9345483886901693
4.5925229292998493
2.4086795815554427
2.3387557706792852
6.459881852986479
7.0701591002332922
6.9892191908048167
9.5007739797599129
7.7343775647770396
7.2257121086361282
10.16070198901725
8.2223496722168914
6.3670972618713586
6.5908376451542123
4.8489995882990558
6.7920969410325149
6.8702926701871521
6.3316164538291204
5.2186410325122541
8.8059239490541934
8.3772447895021873
9.1869602077599453
8.4637037017180479
8.7304933884915386
8.5154318342117712
10.297966750198329
10.992592143136184
10.26829526875501
8.8079682349268271
8.7961390138735371
9.4483659745530826
13.652095058296769
13.688514779238901
5.6305567383043158
9.3228990896522195
4.5397159102792788
12.007081776411226
12.586713904869679
7.4986367368955893
3.8576922672692384
7.7382097510720227
4.1290569200953913
3.790910769654058
9.1135958542032078
9.1621738061659741
10.446861352848201
5.8868282347552263
7.2061818672577447
6.0588036880641196
9.4075231661289251
6.2219365607134547
5.5958224271811154
10.610398571520655
6.7435269084813605
6.9892191908048167
12.480185212840155
7.95185061586076
9.1699125486438042
8.0204695621077313
7.4124234644705167
12.452700343583476
2.6341270091053652
4.5091252609251562
3.0100149929600821
4.1947905617279995
3.4501322481134609
3.1957205573485448
2.6077972909717073
3.7788894540771749
10.552984693993592
7.6080757164376429
5.9345483886901693
4.8765109533876769
3.4299734265173631
4.6696922387864186
11.902842654930758
4.2990529084046143
4.8766302191255129
4.5924981804441449
5.8615242616141607
6.0917571616305635
5.7934841090769655
7.7624914856979395
9.5007739797599129
1.6777669351506626
9.2799902291935847
2.4581326072539311
1.563265216309472
1.6777939209535657
2.260954545559517
1.6777670821360466
3.2991053969417052
1.6780183326370792
1.5632537560582682
2.4399708910810745
1.6372707222769924
5.7073985005354935
3.8216098127986715
6.4581637976679529
4.143229841836515
10.411987532411391
7.2236482208784834
3.3387031997157028
3.4430499187397192
6.0524623873406744
4.2641232243373022
6.2112960381680677
4.4336618473495797
6.9844127638135065
5.7237829117297245
4.7419086014876743
8.0301649990763178
8.8385834752451657
4.8995106083158593
7.9375434849350661
3.7432957430267879
2.3587411141690251
5.0548001884604679
5.5221413055089572
13.643231250817799
3.7980223763761618
4.562153402892676
3.8353896341576417
3.8564333940427766
3.6888789466884768
3.7734600173889827
4.2632378527535026
4.3225168621569212
4.3954422894229728
9.7434978936981391
4.5432689853731478
4.9393295371245625
9.6260606689782744
12.665380222106611
9.408581260019595
8.1954657043242065
9.0339332456157084
10.251210580089339
4.2289733484395828
4.8336303670289462
8.7076851385697545
11.304438309015032
10.582462230223154
11.654686376677319
10.549528753624909
10.46357815172385
4.2084841645807929
10.73114377075264
5.5237048144592231
9.0253293459500679
7.2103212191128376
5.2660931000141078
8.9039113358626238
9.408581260019595
7.8694726283969256
7.8080252834013928
10.714120811531364
8.9378990108082554
3.0964927449697064
6.9672742463394997
9.3802479124021989
9.1733096179969937
13.441114268643766
9.3228990896522195
3.6070080364448014
4.7557887039473439
11.930754766896786
13.004326334274067
5.4078027138628757
3.708734659985327
3.7741312181411697
4.0290071522522526
3.9538527049279808
7.1724766111203024
4.3447846915874839
13.156736175363614
7.5968743342468992
7.6013501434704782
10.189603469898977
9.1621738061659741
9.2989361021286427
9.572196941928155
13.283344968701165
10.228786290049459
10.524822894317913
5.1021828451922193
10.30722319502804
5.0200696329857477
5.0442823617214945
5.7073985005354935
8.8187390946579018
4.1490996468580441
6.0394344326646126
10.1037990546349
10.490043324025555
7.5032190152299032
8.7734556596579942
9.8529992238664477
9.1228046058453369
3.8576922672692384
8.4916616657528117
10.564557427530588
3.866194069372725
3.7866062676191561
3.3692886982167507
10.767548134066775
9.9210220170177355
4.8871145800497162
4.8206962520449759
3.9135539572862799
10.4850499255896
7.6204834880381949
6.9981842475410989
7.5793878990368446
11.136929338003034
3.0964927449697064
3.9760534108621162
7.2276121726324076
5.8082004418381592
5.7916015568301651
13.094217698503186
3.0435649805857752
4.1610422819959991
4.3298121033075843
3.7376958055108496
8.7785134992850171
12.422594887348621
9.4162259152741576
3.9640588265159291
3.7980223763761618
8.8499888494868042
4.3084882324590055
4.2120211011758695
5.1809003947793499
5.7128392761166014
3.0775818541901732
4.8184828934856947
4.4912991821682864
9.6651619920477394
8.5101623896042078
12.395899889590996
5.187003895914037
8.2668620566566133
2.9318785423715585
7.0627815877720304
9.8287682974047339
8.8494719021388182
7.7343775647770396
8.3772447895021873
7.5032190152299032
13.392280970181671
7.5856154386489507
7.9218733120704128
9.5924716182505598
7.1038936361439387
7.2294318154297796
8.1843853222652037
9.0758900623829497
9.4340133910953892
7.7915245052354081
10.120652530331482
8.5055088201579991
8.5055088201579991
9.9060214610082458
10.490043324025555
9.9773630828386697
11.661731790544652
4.7606767416585489
3.9057395980580081
9.8047904892407818
6.1772326926455561
6.324752027577186
7.1393944329925709
6.207563713839269
13.445684666540869
5.1097047645150138
8.4916616657528117
11.225509185910454
2.5221292484828486
4.067431621141405
10.315898040688557
3.7741312181411697
3.8115972765721708
12.464490200635399
12.231130427429747
3.4390105438425391
4.0855505221835777
4.1460313875458494
3.5145276444658147
4.9603490637517416
4.0861245597715952
12.480185212840155
13.391388074461807
13.387594165600209
3.8115972765721708
3.7779755782198583
3.4223588510902601
3.8317131997393039
11.332266918360872
9.7987956178972446
10.367765991367218
9.5865111937188185
8.2530457359594855
9.0761172390903457
8.0760575494398328
8.44397151071324
3.283943645521223
1.6777939209535657
4.5091252609251562
3.7866545873461095
9.339923587851338
5.8662128455853475
2.260954545559517
2.8702291736482781
8.1238167229274882
8.5204077815275969
9.4611027815037883
10.098638802642684
3.751426005127831
3.8980918693924043
4.5363583004070618
7.0793675961073381
6.9255695784914346
13.428616786892777
11.460867630324305
7.9852863361087918
7.8694726283969256
13.392280970181671
8.0419869307420466
7.8341561303459111
10.220005208728617
8.4787547121207147
11.070553684605896
8.3606202801970344
9.4270931016888344
10.591795855339184
3.482033501363849
5.1120400255302698
10.073887754602097
13.396350036587936
4.3298121033075843
12.452700343583476
4.5397159102792788
6.4404234719987326
5.1617107076930218
7.0372512602455899
9.117646555675238
4.562153402892676
5.4078027138628757
7.041234705808745
5.3140084513784958
5.6473894821649875
9.2989361021286427
9.3599796574438852
9.6474495212133053
6.6707079544130865
6.0580699760941661
4.8855236371713744
5.0200696329857477
4.8871145800497162
10.958131146901762
4.8859143542680794
4.9654517020188464
7.1393944329925709
6.358832417394801
4.5432689853731478
5.0707083318493016
4.2082607380485593
5.0913229896889662
10.552984693993592
5.0171862298343957
8.0498585268737219
9.3948366283177656
5.5521219124825825
8.1055262158351571
9.7245922460100225
10.545414736740259
10.509675420774659
10.133060169712854
10.209356363038955
10.797182941580123
11.598145712792038
12.116358042632758
13.391388074461807
13.67594435039431
3.4779957267335671
4.1431377987652693
5.1684145494493405
5.9993816215876556
4.8765109533876769
5.8560187516202538
6.8558800436280674
7.2257121086361282
9.1699125486438042
5.5625150867247246
3.8353896341576417
3.708734659985327
7.041234705808745
3.3455282458616646
3.9742757099907413
10.361333734593073
4.1923686775381528
13.614722893077367
4.1158255936845141
3.8025322644488555
13.079013229433833
5.1711633349556907
3.6414733888704771
10.591795855339184
12.352562822108354
3.4430499187397192
3.6070080364448014
9.3411197734999867
8.0204695621077313
7.5968743342468992
10.549528753624909
9.8932393606807523
10.025837439065022
3.5258674638768004
7.6495901316402053
6.8366263108397343
6.8880196561531815
3.5861536503533014
3.9057395980580081
4.7046744184362188
3.888542293390711
6.0250757158579047
5.9340037441939053
6.0523367274663515
5.6410884369671166
5.1617107076930218
5.0219947169797594
7.3953347425346045
5.9046972233328265
6.5519554062368011
9.5865111937188185
7.5856154386489507
8.9775951091955619
10.462670914458595
10.462670914458595
2.3613071541149835
1.6777670821360466
3.3692886982167507
12.327008460794936
8.8499888494868042
4.7046744184362188
4.6874927893789726
8.6183086295193796
8.2741838199091404
12.665380222106611
8.3865109635691741
9.5879138065214793
10.992592143136184
2.4177515272267471
1.9758812698393498
2.6505506830541878
2.3185500032916186
2.7075227335133283
3.8201303279226924
8.8289045605352374
7.7382097510720227
9.24201632308821
1.9758812698393498
3.0598738396872882
3.0598738396872882
3.1820753395271257
2.6111320704649774
3.8201303279226924
2.6111320704649774
1.8961199726173292
3.0598738396872882
4.3298121033075843
3.7779755782198583
5.361068879318311
3.3533507678824068
9.7066137210181509
11.151105516745114
7.5778450260366919
3.2991053969417052
3.5058313326229351
7.4813605319489236
4.5765897713917267
2.4642842933251203
3.9760534108621162
2.6505506830541878
3.0746638788169793
3.7590964055653102
5.2403656934898359
12.46820301050909
8.2994197006288211
6.7072800216569135
8.7064187361771914
6.1589765720140486
6.097942649656666
6.2129526511990329
10.144553662671248
2.7115836602388264
7.3283996940597262
6.4733932285248361
5.361068879318311
3.728410865400567
7.7107415801939787
5.0623307499954731
3.8564333940427766
4.1600797198811881
8.162994837205531
10.822285701456698
11.765905990119835
4.1036261825943807
3.0100149929600821
5.0095286725476722
3.2530173768165982
4.6067958527441322
3.7358673002315945
3.8077252247427147
8.2530457359594855
8.1004534770406948
11.564110658775602
9.0761172390903457
1.7853008494393603
2.5123908442085652
7.4063612355294381
6.5685008312546262
4.5510451447111562
10.307655068784426
8.9284807946864095
6.0524623873406744
3.8360606190399711
6.3588162560488577
6.4024331976413746
13.688514779238901
7.9218733120704128
9.7566152512213407
12.819840791393316
6.0917571616305635
6.0250757158579047
5.9340037441939053
5.9316562791853968
10.958131146901762
9.4673875445830404
6.7283753936676236
1.8568056143253113
2.2638391753752511
3.0598738396872882
3.6642072449832686
8.8187390946579018
5.8635134332059096
3.0598738396872882
3.4470394194497818
12.832252576145716
5.0675543557324128
4.3084882324590055
2.725026681710256
11.886431373914833
4.5942164876816598
12.464490200635399
11.151105516745114
5.80515512583223
3.8719949676920269
3.9270017371585766
5.2146809542308326
3.1300575660285763
7.6013501434704782
5.0688842598749861
5.736191329544793
9.1869602077599453
5.068596488079697
5.7005792351718352
3.6888789466884768
5.6473894821649875
3.3455282458616646
4.8184828934856947
4.7556688255592352
7.6246408237285417
7.0352282932996877
13.204876699005142
7.1678564374009719
11.957926067455565
9.3033936559210009
2.387238726831812
3.9760534108621162
3.8980918693924043
12.352562822108354
2.442811521915826
7.619169956185007
8.5194460710864135
11.304438309015032
8.4637037017180479
9.5924716182505598
12.216907417744695
9.1294939787480605
9.4075231661289251
5.8139828397007438
3.7971202167657894
6.090716946913231
10.184529809085726
3.8585411526912137
5.8868282347552263
3.8216098127986715
4.7557887039473439
4.1490996468580441
5.8635134332059096
5.3296966218871269
4.6185172472454079
4.6758350780335123
12.969332607896197
12.563186153096121
3.998875474461479
9.2288274415762057
9.4135291318106766
5.0575803082131578
5.1067938084142046
4.3727683142688818
10.290938269908777
6.5086613736757633
4.1703238706153476
5.4573226987866414
5.3109718276360889
4.3651484634499234
4.8489995882990558
4.8206962520449759
4.8859143542680794
4.3853890378842442
4.3656471544988218
5.5980983081828128
6.4310908737647514
6.2219365607134547
4.5130392987656522
4.844580465315615
5.2054733970201887
7.0561003286594328
9.634395218855996
10.582462230223154
12.992655022573139
8.9596110428718561
11.361887252060891
13.004326334274067
10.073887754602097
12.46820301050909
8.923653443461081
8.3686210086047073
6.2674481728281242
13.014721694026161
12.246050258205972
8.7067933516465548
9.1294939787480605
7.5202714121761343
8.723558398621293
6.5978905277745383
9.1294939787480605
6.5778367934145576
8.6769139006103728
3.2823336605973132
3.494983842167378
5.1120400255302698
10.770467340086336
4.56369672771672
3.2477616732580379
3.8133284163220962
4.5397159102792788
11.15723393787132
3.0746638788169793
7.8937708975636918
10.16070198901725
7.4869001354366569
7.6287388272092356
8.1151399594453952
7.472736296153605
7.9876924224794363
3.2863641236871683
11.188610468923754
3.4223588510902601
3.3533507678824068
3.728410865400567
3.3106248540733616
3.8215537884007991
7.514978856975814
1.789374780066973
2.7660785279731805
3.881376675778172
5.2403656934898359
5.4573226987866414
4.2875900548089811
4.5531457390869861
6.7319721772866661
8.7734556596579942
7.1038936361439387
8.9775951091955619
8.9284807946864095
9.7566152512213407
9.1268100315036396
9.5739882957470144
11.39627212711807
7.0366588176116265
10.602784435787624
8.9284807946864095
8.9284807946864095
3.9742757099907413
4.4368354229941156
5.5352842402563533
11.225509185910454
3.8579262222155672
6.1391020522877362
10.792424165619357
10.797182941580123
10.729651196871766
11.475891235909616
9.1268100315036396
8.79587693820379
6.7438245615743675
12.496949500837433
4.3853890378842442
4.8548931321448148
3.8938985570364317
3.939539542930433
3.4299734265173631
3.6964698486420247
3.7573768743806566
11.957926067455565
8.3827287197476981
4.6696922387864186
5.0442823617214945
5.8560187516202538
11.765905990119835
5.0688842598749861
5.068596488079697
10.839943531899802
5.2559795431186229
5.0483044923897991
3.5682566957437318
6.207563713839269
6.358832417394801
3.5274525207670777
2.7217129208259281
5.7237829117297245
3.3106248540733616
3.1209011792333081
4.320212372668272
3.2261115775282878
4.5510451447111562
3.5139960436823894
4.5363583004070618
4.3825779170863246
3.1204057754567529
4.6989427674235387
3.8851033176335994
4.6485217805682542
3.5552284266476057
3.6354562604571123
8.8063063544265265
8.8494719021388182
13.396350036587936
9.4673875445830404
8.923653443461081
12.496949500837433
9.0003076919355962
12.820743532922606
11.933480604312635
4.2863758366345861
4.7330383915496759
4.2875647156068677
10.703709127659446
5.3109718276360889
4.3656471544988218
4.2875900548089811
4.8548931321448148
4.2876342991444707
10.018572928344533
8.1151399594453952
11.138570279339632
3.3692886982167507
10.361333734593073
4.8914203303419095
8.6615360050343746
7.6776771483057864
6.4845047493804771
7.4156184542042887
6.3975452607989602
6.368244576486549
2.6734193755416658
2.7046389055142326
12.452700343583476
12.452700343583476
5.1684145494493405
4.9025282837550774
2.7411794125190356
5.3663227398359004
5.3382872965002726
12.288636042650291
5.9529048611778137
6.8336169452873836
4.4773300037424049
12.034249157020584
4.0213398213162401
13.299931721409486
3.455028479881129
3.1194162548484021
3.7730713246961591
4.3658611182106757
4.3825779170863246
4.5387118202624288
12.231130427429747
3.7217221934738851
4.4587766556082613
3.7113461480570318
10.446861352848201
9.572196941928155
6.6494430837680296
11.271925524858322
2.7874699356600261
4.7419086014876743
6.8606304452414548
5.0095286725476722
3.4608137583588139
8.3686210086047073
9.0003076919355962
4.9025282837550774
5.9960032794029328
9.9880761257250281
10.063601720889363
13.395759327730346
4.9744059764251185
3.8136269595225278
3.8831771092527556
5.3296966218871269
5.5552322781637606
5.8404418113915382
4.68663422716212
4.8673944091717756
13.491387909914334
11.289431833283125
3.8134002586531626
8.0306227872168794
7.1027665426760587
7.2294318154297796
3.8824057357262576
7.8741304843477096
6.4581637976679529
6.0394344326646126
4.0540149523318281
4.1168290202582876
12.416936795760732
13.228158104600428
10.141062361095807
8.0751907550543951
7.2276121726324076
5.0219947169797594
4.5130392987656522
5.4545693061756761
4.5531457390869861
7.6568886913474437
10.636831630783211
4.1923686775381528
4.4368354229941156
4.1085534622836999
5.9592356480438351
8.0388709418439142
2.5017163630952748
2.6077972909717073
3.7432957430267879
8.7785134992850171
9.8287682974047339
8.8289045605352374
2.7411794125190356
2.2791424405124912
6.579711585410104
10.553147322759482
2.1150865433644794
3.1035709668626428
2.4086795815554427
1.6780183326370792
3.2911163365103584
2.6572652055984238
1.6372772157848228
3.8215537884007991
3.1209011792333081
6.8276262332004976
3.7485600002232009
5.2186410325122541
3.2530173768165982
8.5448244096741259
8.0679845798980523
3.9148086682680532
3.9850881650717938
4.3630403833521632
5.1138503846178116
2.9421598362589831
3.9538527049279808
3.7376958055108496
4.5765897713917267
3.1204057754567529
4.5387118202624288
4.5372477937884215
6.7801592705764993
8.274684073851434
7.3970813479993325
8.3259842814212686
6.7996319064458621
10.492325547319597
3.9046858457124869
7.7899544721193061
4.7255412855124677
5.3793611573169295
4.1706743319568131
6.4024331976413746
2.3185500032916186
3.1820753395271257
5.232081796642456
4.2876342991444707
4.8727606321933896
7.1724766111203024
5.3663227398359004
2.2791424405124912
6.2339775507860873
5.0622915578732037
5.5958224271811154
5.8139828397007438
4.844580465315615
4.5845420362619276
4.5691358782859641
3.8581643818064464
6.9672742463394997
8.3827287197476981
4.7255412855124677
5.2509985743051919
4.0521339881984204
5.0524331703591088
5.6263075900241866
5.7782389773391394
5.5789936718336106
5.8515970263335353
9.9103174204494699
7.9399386244275325
2.6760932398083792
8.0306227872168794
5.2509985743051919
12.02749342283489
5.3294069862973616
12.820743532922606
7.0837773774366664
8.274684073851434
7.3953347425346045
7.301347630784254
12.02749342283489
6.2990377952197658
5.7898196065181828
3.4390105438425391
7.0653215185483891
4.7423929820160495
8.6161716203755176
13.380004794784695
2.6111320704649774
9.3802479124021989
10.492325547319597
9.5981779676004439
10.205753333981367
3.5660201614664881
3.3639191541376148
4.1600797198811881
3.8719949676920269
4.6989427674235387
6.7214241611776799
10.634958371975248
10.729651196871766
7.102437396599842
11.394334840532943
7.5774133256325804
7.95185061586076
7.6204834880381949
8.0751907550543951
7.9399386244275325
10.636330404283214
8.3720918470823928
8.4183716836275249
7.7723413611667533
7.8494388388088625
10.886284521992643
9.4421838780579748
4.3919886634038647
3.7730713246961591
4.2190582753342429
3.8759422266317491
3.7734600173889827
4.2120211011758695
8.424380000207794
13.614722893077367
3.9125997973690865
7.9375434849350661
3.888542293390711
4.6874927893789726
2.9273206369157019
2.9214114447540425
4.1168290202582876
8.0509361765781442
2.0934867203108696
3.5274525207670777
4.6185172472454079
5.5552322781637606
7.0588972425040559
7.5771551030045838
3.7788894540771749
9.7434978936981391
6.1772326926455561
6.2674481728281242
5.3382872965002726
5.9960032794029328
6.579711585410104
12.65852014565769
7.7264933843737573
8.0691163107389503
3.2899433382213865
2.4111092270417407
9.2272469514051672
7.34420925567012
7.6080757164376429
5.0548001884604679
4.2084841645807929
9.1733096179969937
5.1021828451922193
5.0171862298343957
8.1055262158351571
5.3793611573169295
4.0521339881984204
9.5981779676004439
7.5628479232138428
4.1990664630838408
7.7432908849242175
3.8851033176335994
5.6194534514827428
3.5035522625099897
12.102042970237695
3.340260567424326
4.0213398213162401
12.65852014565769
7.3970813479993325
9.0996746539306042
7.0793675961073381
4.1947905617279995
13.474221493402668
12.413457506155765
6.7920969410325149
6.0588036880641196
6.0580699760941661
6.7283753936676236
13.299931721409486
13.491387909914334
6.1441804422863315
13.299931721409486
6.231365704284678
6.7284844549467078
12.288636042650291
2.7075227335133283
3.8201303279226924
9.8311021483408307
10.636831630783211
13.760728233273113
11.933480604312635
9.0522401960393335
10.636330404283214
3.2911163365103584
3.3681706407148155
3.9183053500960461
6.4845047493804771
4.8644442858445363
6.9452065728136381
6.8276262332004976
6.1441804422863315
6.8692150523106212
8.865577693805573
6.9981842475410989
13.387594165600209
13.67594435039431
9.9886115967752698
10.46357815172385
13.283344968701165
9.3599796574438852
9.8932393606807523
7.0165535281808786
4.5372477937884215
6.2139917008328487
10.553147322759482
6.1589765720140486
4.6084386372909352
4.9783031712986441
3.8351262164112492
6.5838645179904187
11.902842654930758
3.6365407232447984
4.320212372668272
8.4193987863266599
8.3720918470823928
8.7304933884915386
8.0419869307420466
10.446861352848201
5.2777362084183501
6.0523367274663515
5.9316562791853968
5.3363649526197019
6.6075158910107437
5.2490130961493096
4.3222788382287378
7.3249257392879059
7.4124234644705167
2.6111320704649774
13.299931721409486
10.770467340086336
4.56369672771672
10.564557427530588
3.4501322481134609
4.6067958527441322
3.8201303279226924
3.7590964055653102
10.612228593389524
10.36408220175335
9.8761183550274474
9.9773630828386697
6.1539060739876099
4.4912991821682864
4.7556688255592352
4.8644442858445363
9.9886115967752698
6.0366095120083356
7.7944216701681261
7.472736296153605
11.138570279339632
9.5565349828682447
8.2910079534841206
5.5424913669850442
6.5822818274707382
2.6060126915521309
12.508842528502509
5.5625150867247246
6.4310908737647514
10.193208042976689
10.73114377075264
7.5628479232138428
7.4156184542042887
4.0855505221835777
7.0653215185483891
5.7782389773391394
4.7281153512160783
6.4967068838571649
4.5511899840471566
13.014721694026161
6.0221339026589789
3.1755000759393579
7.2211568696363049
8.3259842814212686
10.212976728439065
8.2223496722168914
8.0766464121429742
8.1799418055505875
8.4435703449413175
8.8385834752451657
9.0339332456157084
7.8080252834013928
8.5204077815275969
7.8341561303459111
8.5521876057549431
8.2722774339662717
8.2820100950815316
8.8076879918002255
9.3712918646496206
10.980569237087144
13.139993288133192
8.0760575494398328
8.1004534770406948
10.220005208728617
8.5521876057549431
2.5829710858308972
5.0524331703591088
9.8529992238664477
8.1843853222652037
5.5980983081828128
8.893449766920936
13.507018380561652
10.018572928344533
10.025837439065022
10.184529809085726
4.1290569200953913
3.866194069372725
13.380004794784695
10.336402464380173
5.8084862345530563
7.514978856975814
7.8741304843477096
9.2428692086030981
10.610398571520655
8.44397151071324
9.0758900623829497
6.281205007085811
6.8702926701871521
6.231365704284678
1.7369028680359511
2.3587411141690251
2.1150865433644794
4.1460313875458494
3.7217221934738851
4.7423929820160495
7.3113177523468869
4.8478887651125842
4.8218663634551113
10.981286754432782
8.4183716836275249
4.3658611182106757
4.2190582753342429
7.7264933843737573
2.6572652055984238
2.0882294596063344
4.0893963237411786
5.0743857063098163
8.5154318342117712
9.4340133910953892
5.2054733970201887
4.5845420362619276
7.7263609510104567
7.0372512602455899
4.1158255936845141
4.6485217805682542
5.9135496119338695
4.6758350780335123
7.0636288301765076
7.7697810436880408
3.9270017371585766
5.3820983629751273
6.3975452607989602
7.34420925567012
6.3227071518485083
3.4715333692425787
10.822285701456698
5.5424913669850442
5.1479430717544075
4.2632378527535026
5.1809003947793499
5.17960421244765
3.5564294406633583
5.5221413055089572
5.5237048144592231
10.30722319502804
3.9135539572862799
8.0498585268737219
9.7245922460100225
6.5778367934145576
4.1990664630838408
3.4326244683572087
3.7897531000017626
10.229693527314714
5.4818831380544193
7.7723413611667533
7.8255453580927794
12.969332607896197
5.7246859427804608
7.5793878990368446
7.8494388388088625
7.8255453580927794
6.7931871293074639
6.3863057599852624
8.8172650582197374
2.0107283826823892
1.5632537560582682
2.8702291736482781
3.8680329338962962
4.2641232243373022
4.1431377987652693
3.8360606190399711
2.4399708910810745
3.455028479881129
1.7555937228522398
10.053019246509315
5.840088993977087
7.4813605319489236
7.0352282932996877
9.3863685148096749
11.490991756944505
10.839943531899802
13.242803993337176
7.0561003286594328
8.7724569239731807
10.886284521992643
3.8193993365004966
5.7934841090769655
6.105720889851332
12.246050258205972
8.5411683541143404
9.4421838780579748
7.4371342862636025
4.9879303142207032
5.0266509800250683
6.2112960381680677
4.9393295371245625
5.0707083318493016
3.8025322644488555
4.5510451447111562
4.5510451447111562
4.8914203303419095
4.1085534622836999
5.5789936718336106
4.1186075053107274
4.4779417779067003
9.9210220170177355
7.9876924224794363
9.3863685148096749
7.6740931594215978
12.819840791393316
5.9993816215876556
5.9529048611778137
8.0691163107389503
3.9361931211701466
3.2477616732580379
4.143229841836515
4.4336618473495797
4.2082607380485593
13.079013229433833
12.563186153096121
5.8404418113915382
5.8515970263335353
4.7281153512160783
7.0636288301765076
4.1186075053107274
4.6070539265071524
6.7338389468428206
10.290938269908777
9.132192685756479
4.2331181896330046
6.0768095164915144
6.5685008312546262
5.7857904959781292
11.83659133462063
3.3640695180226228
3.8133284163220962
9.9485019471838818
7.8349060794543659
5.6263075900241866
5.3294069862973616
10.602791192900691
11.661731790544652
11.654686376677319
11.598145712792038
11.623542582093512
13.445684666540869
7.3294702013502979
8.2994197006288211
7.5202714121761343
8.79587693820379
8.424380000207794
7.7243436725400079
8.8684657682013466
7.6809128742905122
9.9790921040299292
4.2990529084046143
5.2559795431186229
4.0753762059208656
5.2660931000141078
12.395899889590996
3.8136269595225278
5.0743857063098163
4.7551830931249492
12.772939722138565
13.645554723333213
3.7866062676191561
4.390929980148548
5.5304076728878524
11.490991756944505
10.590911396257656
8.2217824589223767
3.3681706407148155
2.3387557706792852
2.3387557706792852
1.6372707222769924
11.460867630324305
1.8961199726173292
2.7115836602388264
3.6642072449832686
3.4470394194497818
2.442811521915826
2.7046389055142326
1.6372772157848228
3.3681706407148155
2.0882294596063344
1.7555937228522398
11.883385702901769
11.475891235909616
7.2624027386424732
7.4869001356353753
12.116358042632758
11.623542582093512
5.1711633349556907
4.4779417779067003
6.9255695784914346
3.5552284266476057
4.1483739601466532
3.7986994125001217
3.8831771092527556
8.723558398621293
6.8880196561531815
6.7072800216569135
6.5978905277745383
6.7438245615743675
6.7996319064458621
9.0996746539306042
7.7243436725400079
5.3140084513784958
3.6414733888704771
7.7915245052354081
9.5739882957470144
4.5641126576571684
5.6235425578371281
6.7284844549467078
8.0001469694603191
8.3865109635691741
9.7342367776467977
4.8766302191255129
3.5468439897549775
3.790910769654058
2.5979366215135888
5.7246859427804608
6.8336169452873836
3.1035709668626428
4.3225168621569212
4.4587766556082613
12.371580755457705
5.7602638445506917
6.368244576486549
5.7898196065181828
12.102042970237695
6.6075158910107437
6.3227071518485083
5.7857904959781292
7.2624027386424732
3.0598738396872882
4.6073563676505733
3.1957205573485448
3.7866545873461095
3.7358673002315945
3.6354562604571123
3.4608137583588139
6.7214241611776799
5.6194534514827428
4.1483739601466532
6.2339775507860873
4.2289733484395828
5.5352842402563533
5.9592356480438351
3.803632867491447
8.2668620566566133
6.097942649656666
3.998875474461479
6.1391020522877362
4.6084386372909352
6.5838645179904187
5.3820983629751273
5.2420421007169002
7.8411387567052602
5.9813181670357149
5.6684107153140273
4.3661731725397885
4.7222247899605865
10.545414736740259
7.7432908849242175
12.561542504966599
3.7113461480570318
3.8759422266317491
4.5511899840471566
12.371580755457705
3.7749388941201207
4.5691358782859641
4.9879303142207032
6.6493846161233163
6.8692150523106212
3.5145276444658147
7.3113177523468869
3.8593636515999235
10.352065300588134
6.3942010702741392
6.6436636717533117
6.3670972618713586
8.0509361765781442
6.3863057599852624
8.1121949754453926
3.6482880278339622
12.54359498827362
4.5925229292998493
4.5924981804441449
3.6964698486420247
6.5822818274707382
5.1479430717544075
3.9434772345805698
7.1572156044819994
10.4850499255896
8.6769139006103728
4.3222788382287378
3.4326244683572087
7.8349060794543659
8.5561354080006424
3.8292505679856834
4.1511612490437715
5.2146809542308326
6.105720889851332
5.2420421007169002
10.228786290049459
4.9654517020188464
5.736191329544793
5.7005792351718352
5.0483044923897991
13.242803993337176
5.6235425578371281
3.83491820145125
4.390929980148548
4.1255252901934938
4.7551830931249492
4.3954422894229728
5.7128392761166014
3.552192558250729
3.7897531000017626
9.1294939787480605
11.22647676754532
8.8684657682013466
9.7167342250730808
7.6809128742905122
10.714120811531364
8.2722774339662717
9.8995487708510321
8.2820100950815316
9.1223693844219031
10.250534396224703
8.4787547121207147
5.2542016109429159
9.4333613137419459
7.8411387567052602
8.5042879219026304
3.6207188168303217
5.0266509800250683
8.9378990108082554
11.070553684605896
10.962128988761421
8.3606202801970344
11.070553684605896
9.5879138065214793
9.1228046058453369
11.39627212711807
9.2587664778691767
9.21952879962498
10.297966750198329
10.992592143136184
9.7342367776467977
9.2587664778691767
10.992592143136184
8.6025948260329468
9.4611027815037883
2.5894580171768751
4.8336303670289462
3.1755000759393579
9.42092111088939
10.26829526875501
8.8076879918002255
7.4105331265112611
7.0366588176116265
9.4341933137675635
10.251210580089339
8.8079682349268271
10.697462776132985
9.5565349828682447
10.985194841673652
8.2910079534841206
8.7961390138735371
10.120652530331482
8.5055088201579991
8.5055088201579991
6.1539060739876099
2.7836191212730781
3.2261115775282878
2.8436035245377873
10.193208042976689
6.1539060739876099
9.9501434357958054
10.098638802642684
10.462670914458595
9.4483659745530826
10.462670914458595
10.602784435787624
9.2288274415762057
5.9813181670357149
10.229904347551395
10.602784435787624
9.3712918646496206
5.3079238363104562
5.3363649526197019
3.3124643969328655
4.3447846915874839
9.4135291318106766
5.6684107153140273
9.0253293459500679
5.0575803082131578
4.9783031712986441
4.3661731725397885
10.524822894317913
9.6474495212133053
8.9284807946864095
6.5908376451542123
9.6651619920477394
8.1121949754453926
5.1067938084142046
4.7222247899605865
10.524822894317913
8.9284807946864095
9.3948366283177656
10.229693527314714
8.571601994706068
9.4270931016888344
10.446861352848201
8.571601994706068
10.509675420774659
5.5521219124825825
5.4818831380544193
4.68663422716212
4.6070539265071524
9.4341933137675635
10.411987532411391
4.3727683142688818
8.5561354080006424
6.7338389468428206
5.9046972233328265
5.4545693061756761
6.2689338306878089
7.2236482208784834
10.290938269908777
10.290938269908777
10.229904347551395
8.5042879219026304
6.5086613736757633
4.1703238706153476
4.8673944091717756
4.9603490637517416
3.8317131997393039
7.7697810436880408
9.132192685756479
8.8172650582197374
5.0913229896889662
4.2331181896330046
8.7064187361771914
9.9790921040299292
4.0861245597715952
4.8478887651125842
9.117646555675238
6.5519554062368011
10.674125998661358
4.1774336896341344
11.96282831873215
1.2475364584651472
5.7731852822641434
10.462584156967468
1.412730652187618
4.2175385053006638
1.3916425477058758
1.4451486411204686
13.41739182964721
2.3201007497996153
2.1210497097694585
5.6503423981409053
9.2182598751394416
2.351577566952284
3.2320424705431501
5.3793611573169295
1.6129773750385288
5.8338342691220868
8.7874539721805434
9.2121580329576336
10.485388205243673
3.0617620871852713
2.3870411397902864
12.825918885936689
7.8709189876619678
1.2833137124640719
8.6361638847741364
6.0635379952842383
1.9029121956762178
4.1491433737504249
3.8878130502676829
13.561266397263221
2.7920608729432557
1.5343057640164708
1.3883086218967555
1.4524275883836637
12.597339592224079
2.7957679983354717
10.481017156380171
13.099538253271982
5.214981819596173
9.0973603016316247
9.0825658187919611
1.8103590924137047
10.61657800809019
2.2903593562772881
8.9240805152524452
8.1541717048911515
8.0426862700859019
3.3753459985288767
1.4128995764152688
10.857832205562445
8.1541715429198547
10.58563916544967
7.9714157739813762
8.0128715322046506
3.1321264568691896
9.9393871752937031
2.512309758298755
7.8468993552307378
9.8054554773296125
1.4164341858543921
12.169800848307375
1.9811833912906787
11.18987900915015
8.6178703016146887
1.3755381628479353
2.6544496215274718
3.1942325550991439
1.7994732883824627
1.5861988924577841
5.6350977166706935
8.5967847588061925
13.715217131690983
2.027892577275646
11.476924010058013
7.7579831979367446
1.798939025942849
8.5783863355324428
8.2245356999892252
8.3322574414634847
12.047797344117823
10.086151862990771
1.7288378980817265
3.5942853402161301
8.4135870463652811
1.4946825649770954
8.0951088906711952
8.5464010789796152
1.4120527072632938
2.8573612566918798
5.8240530539492479
1.6659651590445428
1.8818843676851691
1.8103590924137047
1.5036069178088962
2.1204067300614304
2.3583457816885804
2.8786929133401173
2.3864970544111861
9.8142297881343108
8.5395908823378583
3.480255460844675
11.018610906847465
2.505878848485438
7.7422045345999182
12.101224315661268
1.1783428472874815
8.2877367405313933
1.4199348872569602
13.605722674803998
8.0612366491911551
4.3238504152202868
1.854511555121046
12.027327343838566
2.0287495716529715
2.4861125619303057
12.104408940683891
3.8355560041372838
2.3243711499154029
4.1206319412296315
3.754032233104946
10.754118072116995
1.8845640914494644
1.3290372739373455
9.8060565637409312
10.481017156380171
8.5846286413413146
3.3021948211701675
10.14267662547933
5.8043949133975046
5.3711915302930562
1.5086215984171696
5.1287677735135304
1.7470482798724571
9.1284897249569337
8.9924312154401456
1.5807701862765147
1.7455616541581394
1.2795959791152383
8.2946927713758516
1.5720454487136819
2.8057975813397262
8.2245356999892252
8.2245356999892252
8.2245356999892252
8.2245356999892252
8.0128715322046506
1.6704205903693183
7.8709189876619678
7.6566398177755683
13.331438387227539
1.7994732883824627
2.1210497097694585
2.3244108938012178
4.5339709367012411
9.8086039254894128
3.4757850870605029
10.561306457338688
4.0627446972846801
4.4486478388406754
1.6978057745892294
5.0578649983328781
5.4538994334456454
2.462288057404685
5.1842969275973267
1.9445611391292259
1.5934594620918423
2.3702430875895115
8.6943967948564378
1.4340465558381787
6.5861584509769102
9.6845391261243137
8.8729694109036572
10.960878817170093
1.8503233597305051
4.0738362662522416
5.7573349076757623
3.3120727155836507
11.008185828369211
1.5408544837319103
4.2656854721368003
2.0247485865367185
2.400637452003672
12.992707314623095
2.2345036850190492
5.675851246828695
2.1258962404448112
2.3333712137244227
2.002586749434895
5.7369313422658452
2.1616013371820446
2.3370277850193304
4.4242209296890307
11.280344866256499
11.278764438185561
13.446302908919112
3.8984255396542569
10.932974127655607
11.229613025782022
8.6931882709234731
7.8023196588395036
8.1508209976066439
9.7839099437581023
2.4569707164807375
1.4359125550540641
4.5979794694764289
3.2857253262397808
2.6630157074331793
9.4978913930825204
5.4400789664489926
11.072397032703973
2.4409584680059786
1.3403073784334876
8.429275692530565
4.1342789212577156
6.2929176765621353
1.5103879123737858
8.429275692530565
2.0894213034722093
5.4136259212027431
4.1832896081848787
8.0300535672871334
1.5312137024942951
8.276133216771802
7.7305206805049895
3.36230204829792
4.0213858644944347
3.2560403161150133
4.4005242722934534
1.7593254123388915
10.79351978679011
9.96166122769875
4.174637511900178
5.9217148337837795
4.0796645167951775
1.8771604115938958
1.4085089314275314
5.6082059455306128
11.24094548964753
9.8394357015251472
3.0023723615261702
10.687870444468365
11.026707022451536
1.2173448474525574
3.362295055615184
10.905253451517664
13.327999182979974
3.3034778429660943
13.722430705334846
11.149960030018937
1.5823403341703295
11.06582113081352
1.7938060029411815
9.7585729542192432
11.155575928152548
11.259771271382171
13.372291048421705
1.5451848476639729
2.022580716925285
5.7390558060071575
11.984702369541493
11.984702369541493
10.577012103912212
11.280332935630843
3.1756808225359037
1.3616508287632605
1.5606737840861387
11.072397032703973
5.5504532145559038
8.4695585098893602
10.863018202012679
9.9248550785310332
5.1600726171939515
2.1168480954073536
9.4978913930825204
1.8828236635630762
1.7498501014234746
3.8084269472384285
3.7798516670708562
13.643284553106387
8.2162982939548783
8.8518995599352746
6.662732081999061
1.8090363207103297
6.3148996549534724
2.2396675823167809
2.2396675823167809
2.2396675823167809
2.1771774891263682
2.0894213034722093
1.6449150397390895
5.6206396637389755
9.6560139932087328
1.9591599345854849
7.2842525462785703
4.3991588297331923
10.829837230420361
12.826347120650151
10.652862048048458
2.6295068912914559
2.2441677028549187
5.6795228188905211
2.2782563955718627
4.3747403273376557
12.954430332553494
1.7647290156224462
3.397545478853174
8.0357379916932405
5.6959717104816363
12.959713342503969
9.2776814718895508
3.7588855853286294
3.1583776586204775
3.2894733355388199
1.9827957149036743
8.1144349739239576
2.2801916623190492
10.715462805022799
10.242068641652521
13.65559872147967
10.125445285992944
11.415722245315134
9.4587866878803339
1.9393843955808814
7.5872103821541641
8.2989954102269063
3.9504001141898679
8.048936908251191
10.722421077887708
4.8636448162172217
3.5729334203474035
9.1141211593482296
10.021771073789777
8.048936908251191
4.4152205546207579
7.5389876254478487
1.8115032055524838
3.1876685514305376
3.8139813187085214
3.3052086055101086
1.7853451409962426
4.3747403273376557
2.2802229449306215
11.885540952754075
12.287432672778325
7.2906998522697766
10.126364996379232
4.7723856244348832
10.813446311816143
8.0693828997949311
7.6445172443564093
12.824030895134266
10.361816857134977
1.8801521473361102
12.687674144496556
11.822716859421172
7.0731154898733788
2.1983775987335377
2.2120989058722769
9.790672490171989
10.674125998661358
9.2723434364071391
9.7579826821820106
4.0399148119350592
4.6804138239534945
4.017339484038116
3.7949279278063277
10.620587485631466
4.5063248391602198
10.239888802210103
10.620587485631466
4.1774336896341344
4.5339709367012411
3.4062049054314203
3.8866612017270485
2.7139975562426875
6.7326684402374077
4.1774406882729371
4.5052594308391942
2.6114792167798879
5.8885317961901196
11.777929261745685
5.3988572276301969
4.6929739492394429
2.9149297206841336
11.922837653229413
2.6454455194811262
4.6071015730464246
3.0199973488664589
13.395396931325314
13.10824994325608
2.6384688058100925
2.6065916675911036
9.1536535628882003
11.96282831873215
9.8086039254894128
3.684986348236897
6.2068938098624757
4.2310176547267773
7.7182074014082858
5.063673196013367
9.1166827749926487
12.7543065182549
11.61980488663735
11.937691545715131
1.2475364584651472
5.6206396637389755
6.7144238810045236
5.4409647454542975
12.13002855878563
3.4070429526910391
4.2098890487977334
12.985967745938124
4.1320998155903021
4.660533521347265
4.5064083259941938
4.4376238609033463
3.4757850870605029
3.5536353478915341
3.0076408447553686
9.4726674721348338
2.3287645468677352
12.271564857327739
7.8301787987912208
2.7533991367751018
4.8832524817857541
11.687371458298912
3.1747344534101134
2.5907207891857893
2.4218457344185822
13.087606998281009
2.5377606375483426
11.563830819559884
11.592375741247899
3.1662095949570119
13.112778782630231
6.8720791149397504
3.1655309028741061
2.5010767621264791
7.0911202387864147
2.5598088673198873
12.07468636871085
4.1566823531085362
4.6969694580182813
8.6014424301513124
2.6929733424941009
2.933988725383895
5.9599881477381658
8.5644523780325059
5.3849233276006157
3.162179976076541
2.4948990347051123
2.4140290067497769
2.5428217622640878
2.617960406705818
13.225348922849307
2.5851811690050805
11.590104820882823
11.456155940475652
2.3363393045266059
4.3268553627595843
2.7121099781933089
2.8383519236263646
2.7533991367751018
2.7533991367751018
3.684986348236897
3.1533170528120977
2.353350449379954
5.7731852822641434
8.202629565565621
6.0381452059387017
6.0554976101855846
6.0338869474598056
10.561306457338688
4.1064385100129428
5.4814987960126134
4.0627446972846801
4.139251256168091
4.06247816842051
10.973620580130889
4.4486478388406754
4.1622512708519537
5.3793611573169295
1.6978057745892294
5.2358993772713651
11.387762797998194
13.442795959542796
13.610241080168906
3.2108389847850387
4.7600220878362061
10.462584156967468
1.412730652187618
5.0578649983328781
9.2723434364071391
13.046804615206
13.767814740268879
5.5370615687434839
2.8500171273905743
6.8480310821190882
4.3507608588632767
5.2767349788173146
2.5293608606925981
2.6103768837713046
12.707746055469844
2.970203412850712
2.8443398654120253
8.4585002985387412
2.7819188650780848
2.8507558271570921
10.861775581773372
9.586159464007137
9.5863942095660821
9.660198427654878
4.2175385053006638
2.6539532852346386
3.915019488504734
2.7120542424900105
5.4538994334456454
3.7525097736330597
3.6069555269433642
3.9592333153817325
3.9592333153817325
4.6155553042302051
3.1498828755486183
9.5432505626665627
13.672076833132127
3.2945988408934022
4.699090801736971
3.562039946812277
3.6595663659247153
9.6560139932087328
13.624902458860904
4.4462172639516169
5.4396883243565854
2.462288057404685
4.2048170385993249
4.5997457426198114
13.369527719951369
1.3916425477058758
5.5315668380347311
5.0340115303718962
3.9702092337250066
6.0479868683615763
3.4612140931333992
13.778744763762377
3.5240965314431856
3.9955940034314694
6.2068938098624757
3.1533170528120977
7.0142761714714865
5.1842969275973267
10.658667425169252
1.4451486411204686
5.460344387982822
3.0076408447553686
11.313786570986021
2.4785183484168143
3.014373113083785
1.9445611391292259
9.4726674721348338
2.1873965518523821
2.2074757622381824
1.7867076066175587
1.7790934985308728
6.3475388941497419
2.4254331041380599
6.8384853409100392
3.4398948323630045
6.7735399742146463
12.062092833379703
2.0732705169056302
1.8327651409036843
2.282849732991453
1.8718292678003994
1.9768013652988696
10.942927098958524
6.5868828517890741
2.9161806624607913
2.2918685476380194
1.7810782953284818
11.418318231063957
2.7458221577679933
1.9479145139988494
1.987379462521949
1.8094467637954315
12.011626123681072
2.5354594489470692
1.9725248815764063
6.0030534890746248
2.0920835059412952
3.8980918693924043
2.4166795851947191
2.4172703513466294
2.4166795851947191
3.4062049054314203
3.3790757081946912
3.5243880787070325
4.0466469340497362
6.8348659057278578
7.3220003304387395
2.3287645468677352
4.3172664686322042
5.0848716711253212
11.387762797998194
8.1380825582184873
5.4928569391854243
9.9073243062957737
2.9980084232110782
4.0918219147057666
9.9186166488580607
3.8215882165934136
13.41739182964721
13.303887780321851
12.271564857327739
4.0280174266913953
2.8812112385449913
4.4629823230322154
2.3201007497996153
1.5934594620918423
10.933093600653972
2.2299560826763218
7.3427949680780822
3.7094552952973485
1.9973751622916025
1.8013333702904779
7.6514660651141284
2.6020459230477808
3.9382056600100293
13.516959918321097
3.1016156598844353
3.4012713114137658
10.568020205409061
7.7182074014082858
5.5389904718770788
2.1210497097694585
1.9591599345854849
6.4557617388083308
3.6191200317619563
3.5947963668305758
4.2025381471618068
4.5581797768669192
5.4901558302585025
3.8866612017270485
4.4629823230322154
3.8019475250488859
8.6600848302417521
3.8898479643712482
5.6503423981409053
11.126687725912848
13.296281461369654
13.348155186103188
2.3702430875895115
11.337343762249203
9.2182598751394416
9.7579826821820106
13.046804615206
4.7085423396704416
3.7310755627540053
4.2102113799629075
3.7293200463657126
3.7490979667347508
8.6943967948564378
3.3790757081946912
3.4800394628160372
2.351577566952284
6.7144238810045236
3.2320424705431501
5.5315668380347311
12.691857259646701
5.0738536441622282
13.721246094576099
11.24665074771778
1.4340465558381787
3.1272605593648461
3.7525097736330597
3.5985352647265292
3.7504485758041941
3.6885197800701537
5.7990872716569095
5.4104309151310082
5.127723979088846
7.3451164929353743
5.6292273631975149
7.8301787987912208
6.8348659057278578
13.145248060127088
4.4951462009736538
2.8475167239143202
5.9954900473687909
3.1440490164770036
3.9507568210771682
12.161615273735894
2.7448697540059439
3.9993331406556774
6.1586923224010564
3.7290015130220246
9.06086640896803
2.6085197135213813
2.265439983361107
5.3793611573169295
5.2689022688489029
2.1873965518523821
2.6534288903234153
7.2842525462785703
11.790334237813834
6.9203456977680453
6.9551531405505038
1.6129773750385288
5.3888448021323727
12.379680472399761
5.8338342691220868
5.0340115303718962
4.653945554937013
6.9385919867111667
13.303887780321851
13.242142817788471
6.5861584509769102
5.3836636921352952
8.7874539721805434
9.586159464007137
9.5203372299429923
9.4453258997944047
9.2121580329576336
9.6845391261243137
8.202629565565621
8.5889392850182986
10.786065540833299
6.4274343806802881
5.9451128114021827
11.779087329084307
4.3991588297331923
8.2883030095371648
10.829837230420361
13.145248060127088
2.9256577711707861
4.0499574053509928
6.5045178844468063
12.808542605321385
6.5827003536648565
12.826347120650151
2.9256577711707861
2.5535703355105772
3.0643428143371172
3.0602953782749069
4.4516569302834643
2.3661594802044772
1.8962888233300428
8.7024080143112652
3.5985352647265292
7.393566280898467
9.7538578310980704
4.9417129967699527
4.2803470433423456
4.2515651926065461
9.6007064096021075
3.6939614878122486
3.8279162987032538
5.5223802627396834
4.7800430245796939
10.485388205243673
7.6343021002706264
5.3101496566434712
7.4181326512931447
5.6696448938889512
2.7533991367751018
8.1380825582184873
12.661342866176257
7.3166792685970314
6.2398474994271336
11.285333052121938
6.12607270034965
5.378725219101038
6.0267491699376308
6.6616334574296854
8.8729694109036572
10.658667425169252
7.9959303070735084
8.6530694059338984
8.7475170021249333
4.2310176547267773
4.2025381471618068
6.4651148264794065
6.9707964082242144
2.7139975562426875
3.1358540435961073
10.960878817170093
9.8099495629352607
9.7230391172382458
3.3490684002027362
3.4270058820759877
2.2074757622381824
2.5133912848779243
3.0088629210901203
2.2334348769336074
2.6534188865546735
3.0206898027644411
3.0206898027644411
4.6167193803195365
3.0617620871852713
7.393566280898467
7.76241979090294
9.8099495629352607
9.8975748357679585
3.1891878068000858
2.9779750009178159
4.8832524817857541
7.3451164929353743
4.4951462009736538
5.9019405571635
4.0686129095277161
3.5196811726998858
10.652862048048458
2.3870411397902864
13.712096398049198
1.8503233597305051
2.8369809467961078
3.0028439212880165
3.0603847162129547
12.825918885936689
7.8709189876619678
3.8359398895330865
1.2833137124640719
2.9675541926318454
2.2177998024574688
1.7867076066175587
2.9482294347388915
8.9665802622169934
2.6295068912914559
2.6539532852346386
11.313786570986021
9.9329409435794744
2.2441677028549187
5.5370615687434839
3.5726164806659702
9.8568419762252386
11.99510950416648
9.8568419762252386
11.591105522620271
2.9145311880732017
11.859561650814785
6.4651148264794065
6.646802977121677
8.3208313104546221
6.4914674879485146
7.0840314008193994
8.6361638847741364
7.9959303070735084
6.0635379952842383
6.0381452059387017
9.7538578310980704
13.682441745347658
2.5535703355105772
2.634325107744242
2.2430507284722609
3.1891878068000858
2.2618715409356782
2.33308829008514
4.0738362662522416
4.1320998155903021
5.5641252211676342
4.2454948770849512
10.114952896129036
5.1830342006934327
2.4785183484168143
2.1507648906635168
1.9029121956762178
7.76241979090294
5.6795228188905211
7.3283996940597262
5.326567021105725
11.687371458298912
4.1491433737504249
4.0399148119350592
4.8046816987948233
4.2266992502611016
11.023927020060691
9.6829141614903627
8.7188228329256852
11.070553684605896
9.0771307667076861
5.7573349076757623
2.6392423090386088
3.6069555269433642
3.7504485758041941
4.1528143685148535
4.0222444857145172
3.9592333153817325
3.1747344534101134
3.2586178802127077
2.2782563955718627
2.2618715409356782
2.1507648906635168
3.3120727155836507
12.661342866176257
3.7812250476932534
4.1691313987001601
13.370498088607109
6.5657118984749374
3.8878130502676829
2.3838564974663616
11.008185828369211
13.242142817788471
13.417917966992748
13.624902458860904
3.1908682486917868
4.7745285133229727
4.9330809485784242
4.2647501679112976
4.5212328008717293
4.5230614034990975
8.530039968317082
12.686521509232692
13.561266397263221
8.530039968317082
13.121942437792908
7.7542830192943484
8.4717058634619988
1.5408544837319103
1.7790934985308728
2.9482294347388915
4.0840776628231374
3.5862457035135571
1.7170274788776076
11.530624486465598
3.1932136440070344
9.7452074796207935
3.3197229797857584
2.0727381866236136
11.388106281342601
2.6486507535795596
1.6421995245822443
3.2863641236871683
9.0490415237068387
6.3656785948408494
2.5907207891857893
3.9018564940234852
4.3747403273376557
2.7920608729432557
3.5082841620438452
12.954430332553494
8.7589606770402639
8.4198612746356929
6.43980223794523
2.4218457344185822
3.9844200849519202
1.5343057640164708
2.5380819735832092
4.4438226596803876
3.7421687864529805
6.3475388941497419
6.4089032919003284
5.523053211184644
1.3883086218967555
5.7668477995718588
4.2656854721368003
8.5889392850182986
9.6829141614903627
9.5812855375198343
13.409399928697251
2.0247485865367185
2.353350449379954
2.8369809467961078
3.0820500784999507
3.014373113083785
3.2586178802127077
1.4524275883836637
2.9675541926318454
12.597339592224079
4.1622512708519537
4.0166506704991534
5.9418087464805618
5.8033125651044113
2.400637452003672
6.7326684402374077
3.0028439212880165
3.0820500784999507
9.8975748357679585
9.9726568889216622
9.9183703032591453
1.7647290156224462
4.6862761314576549
2.7957679983354717
3.6202223283598749
2.9017972986437175
11.659743479457894
3.6526875409757698
13.66477044156159
2.9071725926274596
3.3531306770388891
11.045350921884335
11.710754027711126
12.992707314623095
10.933093600653972
13.176999667390403
2.6884646680126387
2.3676601055812996
2.4430765121099003
10.609541095750687
11.779453713838146
12.438428165027979
2.6831003227790928
11.421676831692473
11.421676831692473
7.3283996940597262
6.321776435231989
2.2299560826763218
4.8676440325305945
4.9417129967699527
8.9331568168819295
2.2345036850190492
3.446105050666227
3.7421687864529805
10.481017156380171
4.2373120211778099
4.3704428651049785
6.2398474994271336
6.1410685761468526
5.675851246828695
8.6530694059338984
8.9043473223296115
3.5243880787070325
4.7522561619077681
6.2341541604710269
6.9951123011360288
4.139251256168091
4.2175198866543955
13.099538253271982
11.001414538141464
2.1258962404448112
3.4800394628160372
3.4235820192155288
5.5554660227540893
4.7024131433965186
6.646802977121677
7.3716988470060922
7.0415606831463444
7.1222052065942112
2.3333712137244227
9.8143290608140017
2.002586749434895
3.8295737425539369
7.6544869854528619
11.362006162899631
13.087606998281009
4.1690282725917545
3.8226042279284167
8.3208313104546221
7.3716988470060922
3.397545478853174
6.1410685761468526
6.7623377848217672
2.5377606375483426
7.467814928021232
5.7369313422658452
7.6343021002706264
5.214981819596173
4.5581797768669192
9.0973603016316247
9.0825658187919611
12.265045783277277
8.5824648748719277
8.0357379916932405
5.4409647454542975
3.9702092337250066
6.2375051427998791
5.6959717104816363
9.9329409435794744
2.4254331041380599
3.539617534290354
13.348578432644205
2.2640486905431212
3.6109515628205529
2.4678369508312983
3.5921900272446847
5.3865605509946937
6.3579159321243326
5.4853641978635252
11.285333052121938
12.959713342503969
1.8103590924137047
11.563830819559884
11.592375741247899
7.7182074014082858
7.0142761714714865
10.786065540833299
9.5812855375198343
4.653945554937013
4.0867047389265903
5.6993504336781333
6.3702181952694161
9.2776814718895508
2.2961019187510874
3.4855629371587296
7.7085416544161252
1.9021725718199758
2.9834054376110033
4.13197649380154
10.61657800809019
4.2974260535844682
4.3747865914583803
6.8384853409100392
6.4089032919003284
2.8500171273905743
3.1638645052660586
2.1616013371820446
3.8019475250488859
5.2234380743775057
3.3202827686080991
8.169424055597398
3.6779915972314257
3.7629193998571666
11.604690569859942
12.676600621036364
3.7588855853286294
3.2009567217370996
2.2903593562772881
7.3427949680780822
2.3838564974663616
12.622400383141038
2.1726618716655581
3.7109282074087182
2.8126673529991293
2.2074828100327704
3.1583776586204775
6.3548263993234713
2.3370277850193304
3.2894733355388199
6.7623377848217672
3.539617534290354
2.5756336992382618
1.9827957149036743
3.5726164806659702
8.1144349739239576
13.153584981174751
3.9592333153817325
9.8568419762252386
4.0280174266913953
5.3865605509946937
6.2616439727907558
3.7094552952973485
3.7487233587841131
13.112963611220183
5.2234380743775057
4.5070732115221084
3.6885197800701537
4.1528143685148535
3.1662095949570119
6.7826689037717429
4.1774406882729371
3.8295737425539369
3.2667369794134338
9.7550956218277367
2.2801916623190492
5.2575780553893185
6.12607270034965
6.9707964082242144
6.4914674879485146
3.6202223283598749
3.5361298215240122
10.715462805022799
6.3548263993234713
7.3869363257560687
12.985903840569025
7.3726587788374607
4.4242209296890307
4.1064385100129428
4.3512405613047971
6.7238287244901835
2.8174169199863206
4.4267094142250167
5.1554547385099516
5.2872510900004555
12.619783266723104
3.9900664939074728
3.4849356217406862
3.8968282910961736
3.9018564940234852
5.4145353544888941
3.6098597946126056
4.0620673930206816
8.9240805152524452
13.112778782630231
4.1690282725917545
13.348578432644205
3.7003836809898765
3.4351883024316128
3.2181469399512457
3.0666952530745926
4.4240689986393908
3.3931659046457749
2.9644732242690601
4.1687367024729003
8.1541717048911515
5.3888448021323727
5.3101496566434712
8.0426862700859019
13.492459150764333
6.8720791149397504
4.3172664686322042
5.523053211184644
5.8044495827193261
3.1655309028741061
13.370498088607109
5.7990872716569095
4.5052594308391942
4.5954069455389828
5.4928569391854243
9.1644287192691571
3.3753459985288767
8.5373099120727041
1.4128995764152688
3.1908682486917868
3.286105964141592
4.0209667084360863
3.9247173005142746
6.8480310821190882
5.500085158308929
7.0470783712096834
10.242068641652521
6.4279090325055144
3.9139014310027984
3.8368471267983413
13.65559872147967
13.414618787946653
1.9973751622916025
12.622400383141038
7.4922491007613941
3.0116892182806763
4.3507608588632767
9.5863942095660821
9.5203372299429923
10.857832205562445
8.1541715429198547
4.6804138239534945
11.604690569859942
3.8442459900756361
5.3947353755078264
4.5384600706579707
4.0499574053509928
3.0643428143371172
3.4849356217406862
3.3073712017605104
2.5010767621264791
2.5133912848779243
3.9139014310027984
3.9139014310027984
2.6111574537791116
6.0589166459199006
3.4829003290981309
4.5997457426198114
7.0911202387864147
10.58563916544967
4.660533521347265
13.712096398049198
8.4198612746356929
4.5427609900225709
4.5921294572017128
5.9879060155313724
11.280344866256499
2.6114792167798879
3.6553416923710267
10.68520079515004
5.4664300430211874
10.125445285992944
11.61980488663735
11.99510950416648
11.755515981032811
12.000744872675826
11.415722245315134
7.9714157739813762
2.2177998024574688
2.2961019187510874
11.133584422419059
8.0128715322046506
8.6600848302417521
8.947414966467262
3.1321264568691896
2.9017972986437175
4.6777072840895233
11.278764438185561
3.3202827686080991
4.5070732115221084
3.030523489572416
4.2653957448950726
11.41568337148014
13.446302908919112
11.659743479457894
3.5361298215240122
4.7024064979451747
3.9345923455955791
4.6091628645267946
3.6526875409757698
3.7508470639430125
2.8475167239143202
2.2315005256251279
7.8741304843477096
5.2767349788173146
5.378725219101038
5.500085158308929
7.4154313482030885
11.452941407169288
4.7745285133229727
6.941038385993556
7.2405063119586703
9.9393871752937031
8.7475170021249333
2.512309758298755
2.5380819735832092
3.286105964141592
6.9385919867111667
3.8984255396542569
10.932974127655607
2.5598088673198873
2.5293608606925981
3.1638645052660586
2.7723485215823978
3.5943327967607854
2.569153221221061
12.07468636871085
9.4587866878803339
5.9954900473687909
10.68520079515004
2.2315005256251279
4.2308075437521095
3.7965147866097286
4.573991249667996
13.38374074469767
6.1788820204844166
4.920501940045714
13.463004992208218
2.3729044201671381
3.7427192103740756
5.5580779145158452
4.7460245011598552
6.6768523415954579
10.510356523247214
12.035098078407852
2.9652374295393371
3.6656252051272404
3.3730700194802927
2.6103768837713046
2.7723485215823978
9.0490415237068387
9.9726568889216622
11.229613025782022
8.6931882709234731
5.8885317961901196
5.531144257908176
12.707746055469844
9.8568419762252386
9.660198427654878
9.7230391172382458
7.8023196588395036
12.995840180386194
11.777929261745685
7.8468993552307378
13.121942437792908
13.66477044156159
3.7003836809898765
4.191252029576094
4.7768014632162039
12.231958632301552
13.442795959542796
9.9073243062957737
9.8054554773296125
1.4164341858543921
4.0867047389265903
4.7654083437904289
12.169800848307375
3.5536353478915341
3.6317004087355893
13.701727264915251
4.7085423396704416
4.1566823531085362
4.2878995767409638
8.1508209976066439
9.7839099437581023
1.9393843955808814
3.3651447317126695
3.1440490164770036
4.2308075437521095
3.2703581518946288
3.0602953782749069
2.634325107744242
4.4516569302834643
3.8968282910961736
3.3073712017605104
3.7965147866097286
4.6444190231187319
2.3383818966047905
1.9105475226437714
2.4829764992021688
13.312693245399473
1.9960449843155705
4.4915634930550743
2.6757685325157792
1.9811833912906787
6.43980223794523
5.7668477995718588
4.5427609900225709
5.2153171100347011
11.18987900915015
4.2373120211778099
4.2175198866543955
8.6178703016146887
3.3490684002027362
3.4855629371587296
2.4569707164807375
6.8932621348524927
2.9980084232110782
7.7182074014082858
3.6191200317619563
6.5045178844468063
3.6244139501496129
9.1175112765937953
3.5724315185504416
11.195897004162713
1.3755381628479353
4.6167193803195365
4.0166506704991534
4.6212525573099423
13.153584981174751
7.5872103821541641
12.379680472399761
8.2883030095371648
7.0415606831463444
8.0747508454205281
6.9814961011825067
1.4359125550540641
9.8143290608140017
3.659390101351748
13.005369570198143
12.691857259646701
12.870952214324122
3.3198637321061071
4.5979794694764289
11.643217860274808
4.0840776628231374
2.9009716655115474
8.2989954102269063
13.369527719951369
5.2575780553893185
4.6444190231187319
3.7812250476932534
3.659390101351748
3.2857253262397808
7.6544869854528619
2.6544496215274718
3.9504001141898679
5.460344387982822
6.9203456977680453
6.4279090325055144
7.8566162972171298
3.9830818911516679
8.048936908251191
4.6969694580182813
3.9507568210771682
7.3204775842359711
3.7876367716247699
3.4398948323630045
3.5862457035135571
3.1942325550991439
7.7542830192943484
8.5373099120727041
2.6630157074331793
1.7170274788776076
7.3220003304387395
12.161615273735894
4.573991249667996
4.017339484038116
13.610241080168906
4.0918219147057666
11.001414538141464
9.1644287192691571
3.8442459900756361
4.3457449560600372
9.8553760518711275
11.290549010249848
9.4978913930825204
11.070553684605896
5.5755184864209104
5.4802627596813878
3.915019488504734
5.4400789664489926
3.7487233587841131
3.7996227333407493
8.6014424301513124
6.5657118984749374
5.4145353544888941
5.4978716671408643
1.7994732883824627
1.5861988924577841
4.2803470433423456
5.6350977166706935
6.9551531405505038
12.265045783277277
7.8566162972171298
6.6542918865308014
11.072397032703973
2.4409584680059786
5.063673196013367
5.2358993772713651
2.3661594802044772
2.2430507284722609
3.3678304074946306
2.7092768564712753
12.196199536440794
13.687571647678059
1.3403073784334876
3.0603847162129547
3.9139014310027984
1.8962888233300428
2.3383818966047905
3.3812237477472116
12.13002855878563
12.686521509232692
8.4717058634619988
12.146195646301548
11.177854114472542
8.5967847588061925
13.414618787946653
6.321776435231989
4.9330809485784242
4.0209667084360863
5.6131967952525468
8.429275692530565
13.715217131690983
5.2153171100347011
7.4404671808593763
3.7962546564301163
10.722421077887708
7.7085416544161252
4.1342789212577156
3.6098597946126056
11.908854624709429
6.5021504562009822
2.9779750009178159
2.33308829008514
4.6862761314576549
2.8805602784022639
4.0279901825069562
3.3365412390143874
2.6929733424941009
5.4978716671408643
9.3656454440395507
4.8636448162172217
5.326567021105725
6.321776435231989
6.321776435231989
7.7131234939237245
8.3437755049621281
4.106724955373112
5.4752539362128241
3.5729334203474035
3.6779915972314257
6.2929176765621353
1.5103879123737858
3.7996227333407493
9.1141211593482296
13.38374074469767
10.021771073789777
8.429275692530565
2.027892577275646
6.0479868683615763
2.0894213034722093
6.7735399742146463
11.530624486465598
5.4136259212027431
5.4814987960126134
5.3836636921352952
4.3512405613047971
5.0116930367234742
7.8946453833039403
5.9763025551803786
12.062092833379703
3.1932136440070344
1.9923296912739621
11.476924010058013
3.0122453985793456
7.7579831979367446
8.5824648748719277
7.683353777563485
3.0088629210901203
3.8368471267983413
2.6111574537791116
3.4351883024316128
5.1532265867387625
6.0554976101855846
6.4274343806802881
6.704707362302031
5.4186597541106076
4.6155553042302051
7.0470783712096834
9.9183703032591453
1.798939025942849
8.5783863355324428
8.048936908251191
2.970203412850712
4.3621028700892772
3.8542740283616146
4.1832896081848787
8.9043473223296115
8.2245356999892252
8.3322574414634847
4.2515651926065461
13.492459150764333
4.1544407357984978
4.4123036290225857
10.192535362537679
4.5064083259941938
4.5921294572017128
6.9385919867111667
5.6993504336781333
1.8013333702904779
4.8676440325305945
2.1726618716655581
6.0074399357817985
3.7949279278063277
3.7310755627540053
4.4136753714548478
5.4248253517883267
11.908854624709429
2.2640486905431212
2.5756336992382618
2.9903597858002984
5.0202375765449903
2.694199118306162
3.1519211543895933
12.315409274370065
9.6007064096021075
10.620587485631466
2.8443398654120253
2.8812112385449913
4.3621028700892772
12.94163067987898
2.933988725383895
4.2878995767409638
3.8214867110100506
8.0300535672871334
6.6842769447221935
1.5312137024942951
3.030523489572416
5.3988572276301969
4.7522561619077681
6.2341541604710269
4.2647501679112976
6.941038385993556
2.8455844513571309
4.064133045952639
8.276133216771802
12.047797344117823
10.086151862990771
7.7305206805049895
13.409399928697251
9.7452074796207935
7.5234386203535619
7.7131234939237245
5.1009273954733709
1.7288378980817265
5.0738536441622282
6.1788820204844166
8.3437755049621281
5.647535488624075
3.9057986313426176
5.1955590387150421
3.36230204829792
5.5389904718770788
6.0074399357817985
3.5942853402161301
4.4152205546207579
8.823080241989782
8.4135870463652811
13.687571647678059
4.0213858644944347
4.06247816842051
7.5389876254478487
11.755515981032811
5.9599881477381658
4.5597374948986138
1.8115032055524838
12.676600621036364
7.3869363257560687
3.3678304074946306
8.5047949554548623
1.4946825649770954
3.8397093149727595
3.1876685514305376
6.4557617388083308
2.8805602784022639
2.6115039074379403
3.2051316024493834
4.1842492922724652
4.1544407357984978
4.1965791931848031
6.6686822134455612
6.6314960481288301
7.8741304843477096
4.920501940045714
3.8139813187085214
8.0747508454205281
8.0951088906711952
3.4270058820759877
4.2553765741916427
4.3694382946562387
2.0732705169056302
3.3197229797857584
3.2560403161150133
7.6514660651141284
8.5464010789796152
7.4404671808593763
7.5184247845401675
4.4005242722934534
9.1166827749926487
4.4136753714548478
4.3037091383513575
3.6109515628205529
1.7593254123388915
5.6014539567651296
10.79351978679011
9.96166122769875
12.808542605321385
3.6244139501496129
3.5636772336155822
4.0568119244464471
13.498159481270751
5.3947353755078264
7.4843227769991501
3.3052086055101086
8.5047949554548623
4.174637511900178
9.1175112765937953
5.9217148337837795
1.4120527072632938
3.9830818911516679
6.7238287244901835
3.4070429526910391
3.7629193998571666
4.0796645167951775
8.947414966467262
8.9486361415914502
8.4585002985387412
12.94163067987898
9.3898250478145826
1.7853451409962426
2.7092768564712753
2.8573612566918798
7.4181326512931447
1.8771604115938958
5.6014539567651296
5.6703833975992985
8.5644523780325059
5.9019405571635
10.22045834218531
2.7448697540059439
4.0686129095277161
4.2194853883125454
2.7699994583958318
5.3849233276006157
6.3579159321243326
5.5266247524109131
11.937691545715131
11.591105522620271
12.000744872675826
1.4085089314275314
5.9451128114021827
5.6082059455306128
5.0116930367234742
6.7388510627409532
10.22045834218531
5.8240530539492479
6.0338869474598056
1.6659651590445428
2.7819188650780848
2.9145311880732017
3.2181469399512457
5.1532265867387625
2.9903597858002984
3.2777172661079694
7.2674218740073657
3.8510512229522305
3.988017996914575
3.6837359418404483
3.022175610985772
3.4743576840991719
3.4743576840991719
3.988017996914575
3.988017996914575
5.6696448938889512
4.0279901825069562
2.6115039074379403
6.0267491699376308
7.4154313482030885
1.8327651409036843
2.0727381866236136
2.143244851941168
11.24094548964753
9.8394357015251472
3.0023723615261702
11.388106281342601
3.9057986313426176
4.2194853883125454
2.5104540750852542
5.8223431060607007
4.4429032528715267
4.5123197502277526
3.162179976076541
3.9844200849519202
4.191252029576094
4.2102113799629075
4.952035887427459
12.881825053663853
2.4948990347051123
3.0666952530745926
3.8214867110100506
5.8033125651044113
10.687870444468365
2.282849732991453
5.3263499742674609
4.6929739492394429
3.8898479643712482
4.5954069455389828
13.176999667390403
12.249855085367578
1.8718292678003994
2.6486507535795596
2.9009716655115474
7.5234386203535619
1.9768013652988696
1.9923296912739621
5.3263499742674609
5.847130406135201
2.5334274992059047
2.5984932747982699
11.026707022451536
5.5389904718770788
3.5947963668305758
4.7800430245796939
3.5724315185504416
5.5389904718770788
2.6195979766673014
2.4140290067497769
4.7768014632162039
9.7025201123779876
1.8818843676851691
3.5082841620438452
2.6478500704485679
2.6884646680126387
2.8455844513571309
2.673292525458872
2.841436917414403
11.110083209621715
2.5428217622640878
6.0589166459199006
1.2173448474525574
3.4235820192155288
11.643217860274808
1.8103590924137047
5.5352842402563533
10.942927098958524
2.8174169199863206
2.1692549039124711
4.7858697286778691
3.4682552185505782
3.5974070084772869
12.870952214324122
12.78747443302859
1.5036069178088962
4.1965791931848031
5.5352842402563533
12.093273247055741
2.1204067300614304
3.6317004087355893
3.362295055615184
7.0025253425778127
9.4453258997944047
2.9149297206841336
4.7024064979451747
4.686627800348985
4.7652400350387509
4.4267094142250167
7.8946453833039403
6.5868828517890741
5.4104309151310082
3.6939614878122486
13.682441745347658
8.9331568168819295
10.905253451517664
8.9665802622169934
8.7188228329256852
6.8932621348524927
10.175144474023998
13.327999182979974
12.327304844743672
12.823735777074186
5.4248253517883267
2.8507558271570921
3.5943327967607854
11.337343762249203
5.4664300430211874
13.463004992208218
1.9105475226437714
9.3656454440395507
9.3898250478145826
3.2955437766867024
3.8479153855827231
5.3630880315256579
4.3747403273376557
2.3583457816885804
6.6686822134455612
6.7683152965604165
13.217727609412446
12.971951508726562
3.4612140931333992
6.2375051427998791
4.106724955373112
6.704707362302031
5.1009273954733709
5.647535488624075
4.727266429927659
4.0188281049340091
2.8786929133401173
7.683353777563485
2.3864970544111861
6.9385919867111667
11.922837653229413
3.9345923455955791
4.0968075314604979
4.0620673930206816
6.5021504562009822
2.6454455194811262
4.7024131433965186
3.7508470639430125
5.0202375765449903
3.2777172661079694
5.127723979088846
3.8279162987032538
6.3702181952694161
4.7654083437904289
2.9161806624607913
2.2334348769336074
3.3034778429660943
3.1498828755486183
8.9486361415914502
9.5432505626665627
9.9186166488580607
4.4240689986393908
7.2674218740073657
2.6020459230477808
8.169424055597398
7.4922491007613941
13.722430705334846
2.2802229449306215
11.149960030018937
12.995840180386194
12.881825053663853
12.249855085367578
9.8142297881343108
1.5823403341703295
4.2048170385993249
3.5636772336155822
11.06582113081352
2.617960406705818
8.6242944825692085
8.5395908823378583
4.6071015730464246
3.6553416923710267
2.6494158125929337
2.4957099602302857
2.5572736601423753
13.4261167275729
3.3931659046457749
3.8510512229522305
4.6091628645267946
4.686627800348985
4.0748865302405228
3.480255460844675
2.9071725926274596
4.3037091383513575
11.018610906847465
5.5641252211676342
2.505878848485438
7.5184247845401675
7.7422045345999182
12.78747443302859
2.9834054376110033
2.3729044201671381
2.4829764992021688
3.1762006156396705
2.3602254884917211
7.2896705818299559
3.4931366885005928
12.101224315661268
1.1783428472874815
11.126687725912848
3.7962546564301163
6.6314960481288301
6.7683152965604165
8.2877367405313933
13.217727609412446
13.778744763762377
7.0840314008193994
3.5240965314431856
5.4186597541106076
4.727266429927659
6.7759079002343041
3.3531306770388891
4.6777072840895233
2.2918685476380194
5.847130406135201
1.4199348872569602
4.2098890487977334
12.985903840569025
13.063191424598324
1.6421995245822443
2.7699994583958318
2.5104540750852542
11.885540952754075
12.287432672778325
12.327304844743672
12.336735644290226
7.2906998522697766
11.859561650814785
1.7938060029411815
4.2653957448950726
3.9322355698313265
10.126364996379232
12.823735777074186
9.7585729542192432
3.1272605593648461
2.3676601055812996
4.6011581816528819
13.225348922849307
3.9993331406556774
6.1586923224010564
3.7427192103740756
3.7290015130220246
7.3204775842359711
9.06086640896803
5.5580779145158452
1.7810782953284818
2.1692549039124711
2.4295296815106502
2.4956055701132267
3.3999152681696208
10.861775581773372
11.155575928152548
2.5851811690050805
7.467814928021232
3.4829003290981309
3.8731032563130325
11.590104820882823
11.456155940475652
5.4853641978635252
5.5266247524109131
2.3363393045266059
3.8226042279284167
11.418318231063957
5.1554547385099516
5.267656504685057
3.0199973488664589
4.7652400350387509
4.7723856244348832
3.141726312594415
13.605722674803998
11.133584422419059
8.0612366491911551
12.985967745938124
12.146195646301548
4.7460245011598552
7.1724766111203024
3.3812237477472116
11.177854114472542
3.9247173005142746
5.6131967952525468
10.813446311816143
11.259771271382171
8.0693828997949311
13.063191424598324
13.372291048421705
13.417917966992748
13.785208643550526
4.0466469340497362
6.9951123011360288
1.5451848476639729
6.3656785948408494
3.446105050666227
11.045350921884335
2.022580716925285
10.175144474023998
3.7109282074087182
3.0116892182806763
4.3238504152202868
2.8126673529991293
11.790334237813834
12.196199536440794
1.854511555121046
13.395396931325314
12.027327343838566
2.0287495716529715
3.988017996914575
2.4430765121099003
2.673292525458872
4.3268553627595843
2.569153221221061
4.5597374948986138
2.4861125619303057
2.6494158125929337
2.8578173173888883
2.5710753792691659
9.5936034765237608
3.7517409982418517
3.9382056600100293
4.064133045952639
2.841436917414403
3.9946211073911537
3.4822872161362706
12.104408940683891
4.2974260535844682
4.2553765741916427
2.7458221577679933
2.4678369508312983
2.9644732242690601
3.6837359418404483
11.710754027711126
5.5472488263088122
3.8355560041372838
6.6542918865308014
12.394414253880267
6.1793420848480878
5.7390558060071575
11.41568337148014
6.5827003536648565
4.0568119244464471
3.9946211073911537
4.4462172639516169
4.5212328008717293
5.8033125651044113
4.9633440586720248
7.6445172443564093
12.336735644290226
13.516959918321097
10.609541095750687
2.3243711499154029
12.824030895134266
10.361816857134977
1.8801521473361102
3.2051316024493834
13.498159481270751
7.3726587788374607
4.8046816987948233
4.5063248391602198
4.5384600706579707
7.4843227769991501
5.5472488263088122
4.1206319412296315
3.7293200463657126
5.2689022688489029
12.687674144496556
11.822716859421172
3.754032233104946
3.7490979667347508
4.952035887427459
11.984702369541493
11.984702369541493
10.754118072116995
13.672076833132127
5.9879060155313724
10.577012103912212
4.5230614034990975
7.2405063119586703
4.9633440586720248
13.312693245399473
6.6768523415954579
3.2955437766867024
7.7305662700022006
7.0731154898733788
5.4396883243565854
13.10824994325608
10.510356523247214
12.035098078407852
11.779453713838146
1.9960449843155705
3.1762006156396705
1.9479145139988494
9.7550956218277367
5.267656504685057
1.987379462521949
4.7858697286778691
1.8845640914494644
2.6534188865546735
1.8094467637954315
2.6534288903234153
3.3198637321061071
2.4295296815106502
11.280332935630843
3.1756808225359037
5.5755184864209104
4.6011581816528819
12.011626123681072
3.2108389847850387
3.8359398895330865
2.694199118306162
3.022175610985772
4.0519662110441423
3.4090355115737019
3.0000415487356809
3.9148086682680532
3.8359398895330865
1.3616508287632605
11.362006162899631
3.2667369794134338
2.6195979766673014
1.5606737840861387
2.6392423090386088
3.1016156598844353
12.438428165027979
2.5875457342508557
12.231958632301552
9.7025201123779876
13.005369570198143
3.9322355698313265
11.072397032703973
5.5504532145559038
5.1955590387150421
5.8223431060607007
5.2872510900004555
3.4682552185505782
12.619783266723104
1.3290372739373455
6.3497663714131223
3.9900664939074728
5.9763025551803786
8.4695585098893602
13.785208643550526
2.6384688058100925
4.0968075314604979
10.863018202012679
2.1983775987335377
1.9021725718199758
3.2009567217370996
3.141726312594415
9.8060565637409312
13.701727264915251
13.737962893451748
10.481017156380171
13.296281461369654
12.056292144222386
13.628137079563134
12.7543065182549
8.5846286413413146
12.971951508726562
3.3021948211701675
2.2074828100327704
12.315409274370065
2.6065916675911036
3.1358540435961073
2.4957099602302857
10.14267662547933
9.9248550785310332
5.8043949133975046
12.394414253880267
6.3497663714131223
5.3711915302930562
12.093273247055741
3.8215882165934136
4.3457449560600372
7.3166792685970314
4.1691313987001601
9.8553760518711275
2.7121099781933089
6.7826689037717429
5.8044495827193261
8.6242944825692085
5.1600726171939515
4.2454948770849512
6.6842769447221935
2.1168480954073536
9.4978913930825204
2.2120989058722769
3.3651447317126695
4.1842492922724652
11.110083209621715
7.1222052065942112
6.9814961011825067
10.239888802210103
13.767814740268879
11.195897004162713
1.5086215984171696
3.8397093149727595
4.3694382946562387
5.1287677735135304
4.2266992502611016
11.023927020060691
13.112963611220183
2.6831003227790928
2.5875457342508557
11.421676831692473
1.7470482798724571
4.4438226596803876
11.421676831692473
11.779087329084307
9.1284897249569337
1.8828236635630762
3.7421687864529805
9.790672490171989
8.7589606770402639
8.823080241989782
11.290549010249848
8.9924312154401456
3.4012713114137658
4.0748865302405228
3.4822872161362706
2.6085197135213813
3.7876367716247699
4.13197649380154
2.9652374295393371
2.3602254884917211
10.568020205409061
3.6656252051272404
3.2703581518946288
7.1724766111203024
3.8980918693924043
1.5807701862765147
6.1793420848480878
1.7455616541581394
12.056292144222386
3.8201303279226924
5.6292273631975149
2.265439983361107
3.5196811726998858
10.620587485631466
1.7498501014234746
9.0771307667076861
5.4802627596813878
1.2795959791152383
2.7120542424900105
2.6478500704485679
2.5572736601423753
2.8578173173888883
10.114952896129036
8.2946927713758516
3.8084269472384285
3.2945988408934022
1.5720454487136819
4.3704428651049785
2.8057975813397262
3.0122453985793456
2.5710753792691659
8.2245356999892252
13.737962893451748
8.2245356999892252
8.2245356999892252
8.2245356999892252
5.5223802627396834
4.4123036290225857
3.7798516670708562
5.531144257908176
5.6703833975992985
7.0025253425778127
8.0128715322046506
13.721246094576099
9.1536535628882003
13.4261167275729
1.6704205903693183
4.3747865914583803
13.643284553106387
10.973620580130889
4.699090801736971
4.0222444857145172
10.192535362537679
13.348155186103188
13.628137079563134
7.8709189876619678
8.2162982939548783
3.562039946812277
8.8518995599352746
3.6595663659247153
5.4752539362128241
4.0188281049340091
11.24665074771778
7.6566398177755683
13.331438387227539
9.5936034765237608
8.7024080143112652
6.6616334574296854
11.452941407169288
4.4915634930550743
7.2896705818299559
2.6757685325157792
3.8479153855827231
5.3630880315256579
7.7305662700022006
2.5354594489470692
2.5334274992059047
2.3983923310718094
1.9725248815764063
2.143244851941168
3.9322355698313265
3.9955940034314694
6.7759079002343041
3.4743576840991719
4.0519662110441423
3.5974070084772869
2.4956055701132267
6.2616439727907558
3.4743576840991719
3.4090355115737019
6.662732081999061
4.4429032528715267
1.8090363207103297
5.5554660227540893
6.3148996549534724
6.7388510627409532
4.7600220878362061
3.1519211543895933
3.0000415487356809
2.2396675823167809
5.9418087464805618
4.6212525573099423
5.4901558302585025
2.2396675823167809
2.8383519236263646
3.8731032563130325
2.2396675823167809
5.0848716711253212
4.5123197502277526
4.4376238609033463
5.1830342006934327
6.0030534890746248
3.5921900272446847
4.1687367024729003
2.0920835059412952
3.3999152681696208
2.1771774891263682
2.0894213034722093
5.3793611573169295
5.8033125651044113
1.7994732883824627
3.3365412390143874
2.7533991367751018
4.5997457426198114
1.6449150397390895
4.5997457426198114
2.7533991367751018
3.988017996914575
3.988017996914575
3.9148086682680532
3.8359398895330865
3.0206898027644411
3.8980918693924043
3.0206898027644411
3.7517409982418517
3.3730700194802927
3.8980918693924043
2.1210497097694585
3.8201303279226924
2.4166795851947191
2.5984932747982699
3.9322355698313265
2.3244108938012178
3.7421687864529805
2.4172703513466294
2.4166795851947191
2.3983923310718094
3.4931366885005928
3.8542740283616146
3.2863641236871683
12.102697578830556
3.7280092818946899
13.353466531305838
1.5984548118039359
7.7222238190069392
12.244546602340201
1.9554129441272519
5.838720226027081
2.0175047596236166
1.268897022387228
3.3341270791816364
1.2115480226488158
7.3275947676735305
10.975141652865128
3.7349543447143256
4.7860311915646747
7.3283996940597262
2.5437156603641768
7.5174541451817429
2.7123637839440731
10.962052141880807
12.265051393672239
4.5924250608767148
3.7462291776402679
9.5866338539729608
1.1957543367936427
10.585202421516932
8.012576532027035
1.7059422823951396
2.0569481316645506
3.36925472511418
1.1901434682539414
1.5430632397875761
1.903292263008485
1.5174349305187489
3.4654589711467532
12.260533101318329
2.224332913144706
10.845140959547514
10.830834608943247
2.7588603044840285
12.399241889185291
3.0699484323730952
10.662903979360218
9.8757683117324842
9.762429751590755
4.9426916949557826
1.195726744398822
12.647484764440499
9.8757681441010146
12.369637584565444
9.6965425060281856
9.7314767511761353
4.4341790968062185
11.708749166290957
3.9426754140224785
9.5652892463338883
11.568016744037978
2.212360556966571
1.3234577533397867
12.985577589343491
10.354329719920218
2.1358325642946321
4.1068785076417997
4.7212016499567779
2.5693481282936337
2.5494556551562231
7.3112010362694235
10.33242756626621
1.5650287951460915
3.2408096853077488
4.3997095440963339
9.4786956153631099
2.2660400493037987
10.308689241402995
9.9476728349144405
10.0632040118109
1.7951627937473833
2.6405662450233627
1.4002993432480526
10.147496960169537
1.2606835694464473
9.8156281245805985
10.276585723796055
1.6837235421375207
4.3695102328273459
7.7730915906920446
1.1795119129928677
1.9455035119690687
2.7588603044840285
1.2701868619353418
1.6535953606702016
2.7618320792641531
3.7511720536941953
4.3928787324760332
3.7450654586579546
11.579983522477686
10.092539004347811
5.4292939975874717
12.810256178476459
3.912718091707871
9.4616855033515677
1.1444397935809294
10.019071281616025
1.8358187850482672
9.7875866617241485
5.3583443978158583
2.9079173614860303
3.2313824548206456
2.4184564229251615
5.4305347937781372
1.7103126459685647
1.6163882030995851
5.2815452413153086
4.8725115237268968
12.541184986660614
1.4279955741788193
1.9453032451062628
1.1897096557920945
11.572221135421843
12.260533101318329
10.32166839482775
5.2512333579129633
11.913990913666519
7.4889536083744215
7.0402880030748367
2.0243940482030047
2.3088509575300393
2.0674685733347693
10.872828034001513
2.6315660618842469
1.5019131828619043
2.0676986342860566
1.1932103392386593
2.2894861759936638
1.4718473938094851
2.5724419512666814
9.9476728349144405
9.9476728349144405
9.9476728349144405
9.9476728349144405
9.7314767511761353
1.2886483887089133
9.5866338539729608
9.368244660370177
2.5693481282936337
1.3483991780457654
1.7103123827954969
1.4279955741788193
3.9927702097377651
1.6982024047222273
1.9104052695889888
1.9104052695889888
3.2835197776977005
3.2835197776977005
3.2835197776977005
3.2835197776977005
6.0074942209549285
11.518665610685431
5.4248236238032996
12.284497664802766
6.0117832340274759
6.3976863755834712
1.5652954523684166
5.1055086038088184
7.402937970188443
1.4325339147570861
6.7077511850875293
1.5589568173840818
1.6046560606499478
3.3985919512406033
10.380330805892596
1.3577727763661649
4.356011081658683
11.391526672383415
10.561645288190091
12.687785246380377
2.7950086231089886
6.0228748029950374
7.331430634914561
2.6510223853163786
1.8736652039003063
1.4139849628417762
5.7124902281148833
1.7093762287724454
3.4722167405820845
1.3373427925348056
7.2426186740125589
1.606055374353907
1.4634986899661233
1.6840637864243071
7.2946541364569653
1.3909013756035529
1.587446063724169
4.7890849658966772
13.014604004331449
13.014999523778137
5.2690155450977789
12.658886754652036
12.965532719646339
10.37968447845048
9.4669524030903212
9.8194652347873035
11.489372725089588
3.5704072666841262
1.4121206395658892
1.515500191697241
1.4616823833191668
2.04174294756139
11.197714704629103
6.9879612887633016
12.801587680559242
2.9146923421657016
1.3683458837111242
10.105978733854638
3.0881157626360767
7.895396990576006
1.4282039237750164
10.105978733854638
2.8965036642189159
5.5492179741661909
5.5973855196977267
9.9790921040299292
1.2935264046026516
9.9509589661518998
9.3873565397106624
4.6612779972082299
5.9704244012372314
4.567965683630189
5.8563814104811112
2.6727686956127537
12.516264445952853
11.674307987605722
5.603757386271325
7.4950168271752906
5.4797160488943595
2.7984942815469602
1.3202729794691928
3.279906658533458
12.976439614505471
11.550209158986188
2.5126876751674225
12.413501313946862
12.758856225244612
1.2931848960220402
1.9070723053392862
12.635293715533088
5.252516379708891
2.7924004360363854
1.5392403087083075
12.798163313186182
1.8054197035804374
1.3554320329911078
1.8679587127334372
11.467993127477348
2.0565148479763549
12.996179000125929
1.502880363167608
2.7931657268766039
7.2970767458985897
1.7084084196564886
13.733069893655927
1.4541629585228633
12.299367318190528
1.7615795716789471
4.4796709372501207
1.277595145495376
1.2616271129040921
12.801587680559242
7.4994917512986996
10.149648388527664
12.587324726302825
11.633536558131953
7.1091111539367482
2.951171817387833
11.197714704629103
2.7924399249697158
1.7250978665075916
2.6029853951788664
5.7574654839812247
5.1701116637951046
10.165336830697674
10.80093809667807
8.6117706187418577
2.6702539012504451
8.2639381916962691
3.1731211107808512
1.6024546668985342
3.1731211107808512
3.0614541141044573
1.5830074853012512
2.1133883887112677
1.5077159226257595
1.6740520890497383
1.5509391977598002
1.6763805303392447
1.4400538610766307
4.6777072840895233
1.764648874912274
1.9562025708879367
2.0565321827163774
3.8368471267983413
4.0540149523318281
7.5696782004817722
10.343369480622284
2.4379236630557859
8.9385448627813187
3.3390609108834592
5.8272827932268916
12.589177938649305
12.406031241222676
4.5785454280342517
2.5850929312414141
7.6285613556333169
2.6608500358995104
5.7829244642005841
2.3231362563234379
4.717426507497315
9.9847765284360381
7.2638248137214845
11.226720008632348
5.7079241220714261
2.9371614068875647
2.9555649083854778
2.3467934060627118
9.7767771776438721
3.0931155665688648
12.472704769328608
12.191107178395317
11.865213755713171
13.184396663202309
11.178215255670439
2.5136992325517573
9.2499318038308918
9.9745933067697621
3.1229803639150528
9.7081544093401178
12.671459614630503
6.8126833529600184
5.5219719570901997
10.82246050124588
11.759866381533849
9.7081544093401178
5.8388213117946393
9.1956573578089102
2.5210191349604711
4.4588344935845017
5.1763961841262249
4.5676982775824051
2.3010678612533462
5.7829244642005841
2.4037592648231216
13.665460357593393
8.9455547125342658
11.865299668469678
6.7214241611776799
12.572289065175925
9.7343986476844027
9.3076521052145491
12.10997781517494
2.2883666139471566
13.600456476812859
3.30967132153244
4.1474161354763339
2.6467338379033447
11.514344496230381
2.5902855202933717
2.7984571699725387
2.7124522817283827
3.3390609108834592
4.3507136446674233
12.102697578830556
10.68761751000542
4.5385010000257484
11.184869096171509
1.8095138262073667
1.5321163718057746
2.5479874599830694
3.3251645639703349
1.7733637146924621
1.5061341734742906
12.039161005061571
3.5250009609194937
4.9301952461597676
4.1568865703061366
11.672819079924052
12.039161005061571
1.8550649584599446
3.7280092818946899
6.0074942209549285
3.884651790004924
3.1151162625192601
2.4439521185043236
8.6817069769802035
3.0973833096911099
3.5706963599355594
3.268278873156055
4.3875966225572771
13.613097787941889
7.3478957643729927
3.601201500166082
3.8796317545660348
13.760530112845458
2.7379574411176963
6.331132178616552
3.4954414127322164
2.6157225228961334
2.6198132915582875
10.961604984186796
13.353466531305838
11.518665610685431
3.0632049246829913
3.7966930270321959
2.2428221451447659
8.568364372789949
3.955434730187799
11.065721311735444
3.6694718696917228
13.568843423380148
1.5984548118039359
7.5696782004817722
8.6634624177473203
7.3900032821970942
5.3560814894338353
6.1589275855405292
6.0811383523330989
6.6095720580900617
6.4554468627369905
6.386662397646143
5.4248236238032996
5.5026738846343308
2.1020406309962243
11.119565184081477
1.9241525590437967
9.7792173355340175
2.7620387450651793
6.8322910185285508
13.371004550665468
2.1774658311446
1.7134510495664099
1.7836477197289222
2.0222643039520882
13.246316093459201
13.275146668359758
4.1778026450703836
8.4502995403929155
4.1785190122284588
2.3317142367903481
8.6625375474527786
2.1117180604792654
13.7636029016564
2.2372310744227506
2.6863891567663107
6.646007994761078
10.236383387301366
1.8995301903136925
2.6181303219997369
4.1749035466495386
10.513490914775302
6.428069222577423
4.180481236597287
1.899441228060839
1.6596809906739189
1.8301423568498936
1.6940921140590486
4.72595864743412
3.4431928384012278
13.272091065882764
13.137329079576073
1.9700536201010626
3.5428831274528125
1.8632630163779316
1.9197831758570481
1.9779788428464415
1.8042153150219105
3.0402657151544608
2.2372310744227506
2.2372310744227506
2.8382509712605177
3.0632049246829913
3.1075523106414922
2.6440531164420622
3.2475287668475588
7.7222238190069392
10.044636649955409
7.9871837426814984
8.0045361469283804
7.9829254842026023
12.284497664802766
1.7642707246711606
3.5677808625050025
6.0117832340274759
4.2618304928294295
6.0115167051633067
12.922659116873687
6.3976863755834712
6.1112898075947495
7.3283996940597262
1.5652954523684166
6.5858473072568611
12.710192495290867
4.5260190768223039
6.7090606245790028
12.244546602340201
1.9554129441272519
5.1055086038088184
5.3013996158472176
10.68761751000542
6.9290155088531629
2.2150888994710587
8.7970696188618849
5.717342789071532
7.2257735155601113
2.3381229063433562
2.2181081709770671
2.8305293004983874
2.4998552987471201
10.219419748722547
2.094444371905233
2.6224845199901647
12.65807541596465
2.8140624628791375
3.5129675130254605
3.5142665046772925
3.585276184175044
5.838720226027081
4.1425969299026679
5.2650232315205496
3.449571763312766
7.402937970188443
5.7015483103758564
5.5559940636861613
5.9082718521245292
5.9082718521245292
6.5645938409730009
5.0989214122914142
11.492289099409358
5.2436373776361984
6.6481293384797677
5.5110784835550737
5.608604902667512
10.343369480622284
4.6022493184629774
4.7231714785609205
3.3244125603970436
3.3643814942842787
1.4325339147570861
3.7787445960908075
6.5487842793626081
4.8964444349554066
2.0175047596236166
7.480605374777527
6.9830500671146929
5.9192477704678028
7.9970254051043721
5.4102526298761955
5.4731350681859823
5.9446325401742657
3.7966930270321959
3.1075523106414922
3.8505498127134934
6.7077511850875293
12.60770596191205
1.268897022387228
4.3175729891626151
2.1020406309962243
13.262825107728817
1.8824520274410557
2.0919854174566281
2.3303033746326385
2.3327754657782496
4.1486932926771889
3.0167255961860908
1.5589568173840818
11.119565184081477
1.816333446367802
3.2038582566235982
4.2099380352712519
1.5801985489847177
1.6208753834300338
3.0764458034297157
2.4349909318698764
3.1371404079856151
4.8336303670289462
2.672842741068199
1.8933589811097944
8.3826206593272286
13.752708187570329
1.7182256759868897
1.6469710256732122
1.8044267159916039
1.6313588561735399
2.0418513257902893
12.627309782616456
8.183361345413191
3.3472641727143317
3.3080529498063962
1.5279142669302237
13.104930666643922
2.3769167763528118
2.9412947594349199
1.7664732454609589
2.0265848785501932
13.698567645906785
2.0159464592142853
1.5965885121680328
3.1316070301240768
2.0521506225820345
5.847130406135201
1.5801965074950726
1.7296063408260085
1.8410517542087204
1.9539132034815885
1.9539132034815885
1.9548552672155357
2.0056906242788504
2.1359171448929013
2.1359171448929013
2.3295395919409452
2.4706292907786094
2.9509678500781908
2.9509678500781908
3.884651790004924
2.2304369775489366
4.402636328940349
5.62517305091027
3.2830358659452172
8.7839044424706536
9.2710388671815362
1.9241525590437967
4.9938538534748771
6.5053534165408049
12.710192495290867
3.4286248760870941
6.3178191382526911
11.093711288623535
2.0178324824315661
1.9830842421413857
11.107804303547294
4.347568840212058
1.8600002312608084
2.155670120333351
4.5385010000257484
2.2715401485943754
3.3198637321061071
5.0769276883144165
3.9308662376357146
2.9185410445480264
4.0469941056401533
3.3341270791816364
1.6046560606499478
12.807462567976012
3.2761310455490573
9.1093796817546426
3.5839488491590945
3.1798985379832332
3.0078670358050443
9.6005046018569242
3.8941127659377752
4.9476125367771484
3.2454289230401816
4.3942878558315632
12.377745746775824
9.6672459381510816
6.1516319541241433
1.2115480226488158
2.791042556417672
2.4379236630557859
3.4715338514881342
4.1955753786333796
4.2878995767409638
2.2188098653754746
1.9234854184873291
3.9148086682680532
2.5092620160335808
2.5244174750769499
2.7083332228314205
2.7789782626151807
3.1151162625192601
2.9185410445480264
2.6607962678477328
10.609123366984548
2.9009941361029585
3.4062572918612077
3.9395789609466765
7.3275947676735305
2.6281656435633458
2.260721502789873
3.3985919512406033
13.257851854392602
10.975141652865128
11.184869096171509
5.1116640558873661
1.7834124642338283
2.6119918567465041
4.8809301644184471
2.8703310952940759
2.7733717294834519
10.380330805892596
2.2304369775489366
1.4255388025065954
2.4749722960398186
3.7349543447143256
8.6634624177473203
4.7860311915646747
7.480605374777527
5.5712814647889237
13.195689284460576
1.3577727763661649
4.5256968367494155
5.7015483103758564
5.5475738014693254
5.6994871125469899
5.6375583168129495
7.7481258083997062
7.359469451873804
7.0767625158316427
9.294155029678171
7.5782658999403116
9.7792173355340175
8.7839044424706536
6.4441847377164496
4.7965552606571169
7.9445285841115867
5.0930875532197994
5.8997953578199649
4.6939082907487402
5.9483716773984741
8.1077308591438531
5.6780400497648209
11.009904945710828
4.5575582502641776
4.2144785201039037
7.3283996940597262
6.6054119759491678
1.816333446367802
4.6024674270662116
8.9385448627813187
13.739372774556632
4.2417661470577164
4.3298194069506843
2.5437156603641768
7.3378833388751685
3.7590964055653102
7.5174541451817429
6.9830500671146929
6.6029840916798088
8.8876305234539625
3.3390609108834592
4.6777072840895233
4.356011081658683
3.9223777172440291
2.7123637839440731
3.5129675130254605
3.4341768676258564
2.7134974271881798
10.962052141880807
11.391526672383415
10.044636649955409
10.537977821761096
12.735104077576095
7.6949224450503122
4.2613960969946687
13.689176665316847
5.8272827932268916
10.237341546279962
12.589177938649305
1.8095138262073667
2.5944231031318776
3.3978252735758185
4.8746963079135828
5.9989959420937886
8.453556421189603
8.5317388904076523
4.8746963079135828
4.5026088722533739
5.0133813510799135
5.0093339150177032
6.400695467026261
3.708204583296089
3.8453273600728393
10.651446551054063
5.5475738014693254
9.3426048176412646
11.702896367840868
6.8907515335127485
6.2293855800851414
6.2006037293493428
11.549744946344903
5.6430000245550449
5.7769548354460509
7.4714187994824792
7.8524180331730635
2.575065376570481
12.265051393672239
9.5833406370134231
7.259188193386267
9.3671711880359414
7.6186834306317479
2.7620387450651793
6.0896968164674572
3.4286248760870941
13.658137752430729
3.5047108395041184
8.1888860361699294
13.234371588864734
8.0751112370924467
7.3277637558438347
7.9757877066804266
8.6106719941724812
10.561645288190091
12.60770596191205
9.9449688438163051
10.602107942676694
10.696555538867729
2.2428221451447659
2.5244174750769499
8.4141533632222032
8.9198349449670111
2.4439521185043236
3.0910561241028067
12.687785246380377
3.7484158345720764
3.6621605481177593
4.3220352269622868
5.2981069369455325
4.0807584466543387
3.2038582566235982
4.7024131433965186
3.7213976449023529
4.7024131433965186
3.7537866479283584
3.2128242236581697
3.5982402129985611
4.7024131433965186
3.7857858761212957
3.7857858761212957
6.5657579170623332
4.5924250608767148
9.3426048176412646
9.7114583276457367
3.7484158345720764
3.8223574253996824
3.0097729406972431
2.1222763875541721
6.8322910185285508
9.294155029678171
6.4441847377164496
7.8509790939062958
6.0176514462705128
5.4687197094426816
12.406031241222676
3.7462291776402679
2.7950086231089886
2.5594120727238314
2.6269014451988673
2.3975699365265557
8.1658666813382084
5.2990785507535874
3.3419992930192004
3.6008254589560806
4.2099380352712519
4.0787208116388243
9.5866338539729608
4.3929433142162093
4.620337585042158
1.1957543367936427
4.9165927293746412
3.6800127450928257
1.5801985489847177
3.3248900273085464
4.2190081479449022
4.1774406882729371
10.915618798959791
4.5785454280342517
4.1425969299026679
13.262825107728817
11.88197948032227
2.5850929312414141
6.9290155088531629
3.2126264969167098
11.3278106681251
11.3278106681251
13.540144059363069
2.3653759012858373
13.80860018755758
4.6338894430587327
8.4141533632222032
8.5958415138644728
10.269869847197418
8.4405060246913113
9.0330699375621961
10.585202421516932
9.9449688438163051
8.012576532027035
7.9871837426814984
11.702896367840868
4.5026088722533739
4.5833636444870383
3.541796050836385
3.0097729406972431
2.009629450886862
2.5785346316581608
2.0419562576339199
3.1213374595694479
3.9929810299744459
6.0228748029950374
6.0811383523330989
7.5131637579104309
6.194533413827747
12.063991432871832
7.1320727374362285
1.8824520274410557
1.7181121512347892
4.5217842011500995
2.5102391535052062
2.9807537729594613
1.7059422823951396
9.7114583276457367
7.6285613556333169
9.2774382308025221
7.2756055578485217
13.371004550665468
2.0569481316645506
1.5321163718057746
4.6691892213716253
1.8566670362695135
12.3827996713521
3.0264250633818057
11.631952698233158
10.667861369668481
13.019592221348692
11.026169303450484
7.331430634914561
2.93097973492194
5.5559940636861613
5.6994871125469899
6.1018529052576502
5.9712830224573139
5.9082718521245292
2.1774658311446
2.2551304640006165
2.6608500358995104
2.009629450886862
1.7181121512347892
3.5205364037707296
2.3869897955637454
2.3869897955637454
2.7316306822815362
2.9237611862081447
2.6510223853163786
13.658137752430729
2.8932294131518459
3.1062944330669202
2.5479874599830694
1.7788054646509872
4.1661201942404622
3.217074697510562
5.2838682427372836
4.8720379934891698
3.36925472511418
3.0966654133502036
1.8736652039003063
2.8552417842189488
3.0369794212346903
3.5858618577080041
3.632432635426166
3.6668487252595638
3.2815373997533812
10.479078505059878
10.479078505059878
9.7033215560371442
10.420744400204795
1.4139849628417762
1.6208753834300338
3.3248900273085464
3.8829443958491523
4.1457927817653175
2.8221745450809639
1.4570642233404949
13.479663023208394
2.9518332038632558
11.694246016363591
3.8122729857910076
2.6247505223969494
13.05103226253334
3.8445729723797366
1.4555308651508567
2.1962552131963644
3.8901690154383592
1.7501185271251092
4.070731751207477
2.547330362602692
2.547330362602692
2.7751814193214157
3.1672778100461989
2.531556162731853
4.2099380352712519
1.7134510495664099
3.3772840036219747
5.7829244642005841
1.1901434682539414
4.545209848211532
10.707999213783062
10.368899811378489
8.1529612362379957
1.7836477197289222
6.0896968164674572
4.3215733066915751
4.6774712541408769
1.5430632397875761
4.1402210198125129
6.3928611964231843
5.6912073231957772
3.0764458034297157
3.0975291594200955
2.8244875968630336
1.903292263008485
7.7158863363146546
5.7124902281148833
10.537977821761096
11.631952698233158
11.530324074262628
1.7093762287724454
2.6440531164420622
2.5594120727238314
3.4382601199137346
5.4933089599533824
2.0919854174566281
2.2551304640006165
1.5174349305187489
4.9165927293746412
6.1112898075947495
5.9656892072419501
7.8908472832233576
7.752351101847208
3.4722167405820845
8.6817069769802035
2.6269014451988673
3.4382601199137346
3.8223574253996824
3.9011040389884641
3.8274383485042316
2.3231362563234379
4.3112522955070727
3.4654589711467532
3.5568328519006789
3.6724135594520297
13.382441982454166
5.601726077718566
3.7067109437688002
3.989650297045277
12.946093727717058
13.612005340388968
12.807462567976012
4.166082567456594
3.227275018656544
4.3166986423240958
3.4208272277922367
12.480839769049052
13.659465855076792
3.2941796231306388
3.7269548502201726
13.29066112205995
9.2774382308025221
8.2708149719747848
3.2761310455490573
5.5220588976227125
6.8907515335127485
10.882195353624727
1.3373427925348056
2.2378179666123779
3.6003403519065955
4.6795109942375888
4.1168290202582876
4.1168290202582876
12.260533101318329
3.5034454256928949
3.5302759566635724
8.1888860361699294
7.0935104669782607
7.2426186740125589
10.602107942676694
10.853385859072409
4.402636328940349
6.7012946986505639
8.1831926972138227
8.9441508378788246
4.2618304928294295
3.5225868551135173
2.5785346316581608
3.5205364037707296
12.394612884416615
1.606055374353907
3.3198637321061071
1.4255388025065954
1.5576191522952314
3.5862457035135571
7.5045045594968851
3.0178838288612293
3.5862457035135571
3.3198637321061071
3.3198637321061071
6.0581219630787633
8.5958415138644728
9.320737383748888
8.9905992198891411
9.071243743337007
1.4634986899661233
3.5102837009076713
1.6840637864243071
2.6488896306560545
3.3449881598707991
12.576570175803637
3.9927702097377651
3.9929810299744459
5.2074897573123016
4.6698830347731519
4.98955344996837
10.269869847197418
9.320737383748888
4.717426507497315
7.0935104669782607
5.0183757132230511
2.0222643039520882
5.3700356959504996
7.2946541364569653
9.5833406370134231
2.224332913144706
2.7083332228314205
2.7742854678250199
10.845140959547514
10.830834608943247
10.531503411614723
9.9847765284360381
7.3900032821970942
5.9192477704678028
8.1865436795426767
7.2638248137214845
11.88197948032227
2.4349909318698764
3.1326520784099392
2.513095102543188
2.6940998270831362
2.452998236900612
2.6711181558877
4.1566823531085362
5.1895171949802856
5.4255479914187461
6.6641466495340778
13.234371588864734
4.7118509845284446
2.7588603044840285
13.246316093459201
13.275146668359758
8.568364372789949
3.8505498127134934
12.735104077576095
11.530324074262628
6.6029840916798088
5.6791831815860059
7.6483889704209291
8.3192567320122119
11.226720008632348
4.2451404554938836
5.4346014739015258
9.657580191158921
3.8512111085627718
4.9324439743537996
6.0810150305443367
12.399241889185291
6.246464590327264
5.1017181142564425
3.1371404079856151
3.0975291594200955
2.2150888994710587
3.2657286588366836
1.3909013756035529
2.6607962678477328
4.3960654801777368
2.6437462994667285
3.4207532410807242
10.118462592340194
5.6270301339742224
5.7119579365999629
13.274276181538633
3.8829443958491523
3.8201303279226924
5.7079241220714261
5.1499952584798958
3.0699484323730952
9.1093796817546426
3.0966654133502036
3.4326297460285216
3.834613256333137
3.4937632194815023
3.0965885677138787
3.8514918658595794
2.9371614068875647
4.5262999139542677
1.587446063724169
5.0499836183281479
2.9555649083854778
5.0183757132230511
3.1326520784099392
2.6269252763867228
4.2266548341469008
2.3467934060627118
3.2126264969167098
9.7767771776438721
5.9082718521245292
11.3278106681251
5.0769276883144165
5.1895171949802856
7.2326028262792681
4.8964444349554066
3.5839488491590945
4.0289313692033701
4.98955344996837
4.3960654801777368
3.1486500218953934
5.6375583168129495
6.1018529052576502
4.1778026450703836
8.7317074405145405
3.0973833096911099
4.2006245981557857
2.6488896306560545
2.5431086256939732
11.204384994708414
3.0931155665688648
7.2066165921321153
8.0751112370924467
8.9198349449670111
8.4405060246913113
3.5568328519006789
3.582708962765603
12.472704769328608
4.5262999139542677
4.9933363813730463
8.3553648056177021
4.7890849658966772
1.7642707246711606
4.7736179238801215
7.720961502918418
1.6700697085112759
4.2099380352712519
2.3819961198948154
3.3555943199717269
3.5710982299703047
1.9991170595028573
1.6359083833400976
2.2758129317191855
5.4339741584834824
5.8458668278389698
5.2838682427372836
3.3772840036219747
4.6984295358309289
2.9481127546651549
4.9202799442680325
10.662903979360218
5.2074897573123016
3.4117694753540055
2.8034818329212161
2.8762283194764686
2.8956828455189085
5.4468302295055588
3.0211706801496234
2.6248099911302898
3.2522763924093829
4.4779663601193089
9.8757683117324842
7.3378833388751685
7.259188193386267
9.762429751590755
8.4502995403929155
4.9938538534748771
2.8244875968630336
2.9435201972307037
4.1785190122284588
7.7481258083997062
3.5706963599355594
3.4234999480205901
6.3178191382526911
11.113467256011953
4.9426916949557826
10.486348448815502
1.195726744398822
2.8552417842189488
5.2351445008843882
5.1327235814612608
3.9412024294580692
2.6986848090647264
8.7970696188618849
7.4491236950517257
8.9961169079524801
12.191107178395317
7.6238022173317672
4.6484760106810423
5.785885663541138
4.7024131433965186
3.1798985379832332
9.4412876375041908
3.910776479958098
5.717342789071532
3.5142665046772925
3.4341768676258564
12.647484764440499
9.8757681441010146
3.3251645639703349
13.274276181538633
1.7264598369341597
6.7384482297305563
2.8878713989423961
5.9989959420937886
5.0133813510799135
5.4339741584834824
5.2564097385033071
2.3317142367903481
3.7213976449023529
4.6484760106810423
4.6484760106810423
3.7982345592907509
4.5802378806729314
3.7716805927777837
5.506435103846953
8.6625375474527786
12.369637584565444
6.6095720580900617
10.368899811378489
5.5117959580123976
6.5411679939445095
7.9369445522741682
13.014604004331449
3.268278873156055
4.2006245981557857
3.8361116512261537
12.634239331892838
7.2852440469476356
11.865213755713171
13.568843423380148
13.704554517775607
13.184396663202309
9.6965425060281856
3.6800127450928257
4.2451404554938836
13.082622959161855
9.7314767511761353
10.609123366984548
10.896453503210058
4.4341790968062185
3.6724135594520297
4.2858508354532772
13.014999523778137
2.6437462994667285
3.1486500218953934
3.5083713905639717
3.5892063443436912
13.364721908222936
4.8336303670289462
4.7024131433965186
13.382441982454166
3.582708962765603
6.6514450346879714
3.8668893333422441
6.5582014012695904
5.601726077718566
4.8517975740590353
4.7965552606571169
4.1805390623679246
9.8231690210905054
7.2257735155601113
7.3277637558438347
7.4491236950517257
9.3644698849458852
13.401979943912083
3.0369794212346903
5.0772633847938353
2.9566403802125754
11.708749166290957
10.696555538867729
3.9426754140224785
4.1402210198125129
5.2351445008843882
8.8876305234539625
5.2690155450977789
12.658886754652036
2.1117180604792654
2.3381229063433562
3.7590964055653102
3.2657286588366836
2.7425485123921822
3.2699527039818683
2.1223850456453275
3.7590964055653102
13.7636029016564
11.178215255670439
7.9445285841115867
12.634239331892838
4.1805390623679246
6.1798460804949054
5.7455533233525244
6.5230297864107927
8.1279205572272133
6.8695404767885107
4.3219429569099352
5.6917577471168732
7.507116451258641
6.6950630379026519
8.2188314581066653
12.45939505999001
4.9142759662821334
5.6146637418700367
5.3221085562230899
2.2181081709770671
4.7118509845284446
2.7425485123921822
3.1672778100461989
3.9011040389884641
12.965532719646339
10.37968447845048
4.3875966225572771
4.4435174096750938
11.3278106681251
3.585276184175044
3.6621605481177593
9.4669524030903212
13.613097787941889
9.5652892463338883
2.2372310744227506
3.4117694753540055
4.1600215734333057
4.0009260647909226
4.7725964446715645
11.093711288623535
11.568016744037978
2.212360556966571
5.6791831815860059
6.5148001844592347
5.5026738846343308
4.630926115000161
5.1116640558873661
2.6863891567663107
6.2369381134837605
9.8194652347873035
11.489372725089588
2.5136992325517573
3.1693719457252159
2.9473905780787244
2.8714471189328949
5.0930875532197994
6.1798460804949054
5.2193966886374259
5.0093339150177032
4.5833636444870383
6.400695467026261
5.8458668278389698
5.2564097385033071
5.7455533233525244
6.5934575598615277
4.2874204333475872
3.8595860593865687
4.432015035944965
3.945083521058367
6.440602029797871
4.6248070692585754
1.3234577533397867
8.1529612362379957
7.7158863363146546
5.5117959580123976
6.0652006961193283
12.985577589343491
3.5034454256928949
3.5225868551135173
10.354329719920218
5.2981069369455325
5.4346014739015258
3.5704072666841262
8.8423006715952894
2.0178324824315661
9.6672459381510816
2.2188098653754746
8.453556421189603
7.8524180331730635
3.5300491650446477
11.066549813336591
1.9583267171808032
2.8286861123002351
12.782912767551013
3.2115049888717295
2.1358325642946321
6.5657579170623332
5.9656892072419501
6.570291094052739
3.4629390317491029
9.2499318038308918
10.237341546279962
8.9905992198891411
10.023789382163324
8.9305346379253034
1.4121206395658892
3.5102837009076713
2.9044466340622992
2.672842741068199
5.2689022688489029
1.515500191697241
2.4740169651353345
4.1457927817653175
3.9028016372811924
9.9745933067697621
7.2066165921321153
6.5934575598615277
2.8932294131518459
2.9044466340622992
1.4616823833191668
3.3449881598707991
4.1068785076417997
3.1229803639150528
4.3175729891626151
4.2417661470577164
7.6238022173317672
8.5788759207259027
5.932120427894465
9.7081544093401178
6.646007994761078
5.8997953578199649
9.2695161209787678
5.7366753083675661
1.8933589811097944
2.8221745450809639
3.8368471267983413
4.7212016499567779
9.7033215560371442
10.486348448815502
2.04174294756139
1.4570642233404949
2.3967898900543472
3.9929810299744459
3.9929810299744459
9.2710388671815362
6.5230297864107927
1.7733637146924621
1.9830842421413857
2.2715401485943754
1.7788054646509872
12.394612884416615
11.113467256011953
1.7264598369341597
3.2991053969417052
2.1490945948647466
11.187983265204101
12.653234875885277
3.3379223975295114
11.197714704629103
13.019592221348692
7.5245570231637071
7.4293012964241845
5.2650232315205496
6.9879612887633016
4.0289313692033701
4.1956464612662971
4.9285195276109883
10.236383387301366
4.8720379934891698
4.6984295358309289
4.9469773653027103
2.5693481282936337
2.5494556551562231
6.2293855800851414
7.3112010362694235
4.3298194069506843
8.5788759207259027
4.3912515881570426
12.801587680559242
2.9146923421657016
3.955434730187799
6.5858473072568611
3.708204583296089
3.541796050836385
3.2800272591034494
3.5268102656178346
4.0018295566378992
3.3329350904421813
1.3683458837111242
2.3975699365265557
2.7014014341803838
4.6484760106810423
3.8453273600728393
4.2874204333475872
5.3302622844900078
10.420744400204795
13.126892651215337
10.33242756626621
8.2708149719747848
3.5858618577080041
5.1327235814612608
3.7116898635222455
10.105978733854638
6.0652006961193283
9.389505717602173
2.6937772374604951
12.671459614630503
9.657580191158921
3.0881157626360767
2.9481127546651549
13.448872521032484
8.4511889929437789
2.1222763875541721
2.0419562576339199
4.3112522955070727
2.3603387368212703
2.5158385513806452
2.2548801079525558
3.2275439489036852
1.8995301903136925
4.9469773653027103
11.261681724810931
6.8126833529600184
7.2756055578485217
8.2708149719747848
8.2708149719747848
9.6621620306665221
10.292814041704924
6.0557634921159078
7.4242924729556208
5.5219719570901997
5.6270301339742224
7.895396990576006
1.5650287951460915
5.3013996158472176
1.4282039237750164
4.1956464612662971
10.82246050124588
11.759866381533849
10.105978733854638
3.2408096853077488
7.9970254051043721
2.8965036642189159
8.3826206593272286
13.479663023208394
5.5492179741661909
3.5677808625050025
3.9223777172440291
4.7736179238801215
2.6986523167126739
3.329783907031707
2.4111818644699565
4.9115919084986581
13.752708187570329
2.9518332038632558
2.2731912500584537
3.3013796858794109
4.3997095440963339
3.2746365520734164
3.9148086682680532
9.4786956153631099
10.531503411614723
9.6323923143062817
3.7537866479283584
5.785885663541138
3.7982345592907509
2.8034818329212161
2.7265691018478617
4.0540149523318281
8.0045361469283804
7.6949224450503122
8.6537458990448286
7.3676982908534043
6.5645938409730009
8.9961169079524801
4.3220352269622868
3.8274383485042316
2.2660400493037987
10.308689241402995
9.7081544093401178
2.8305293004983874
6.311141406832073
5.8033125651044113
5.5973855196977267
10.853385859072409
9.9476728349144405
10.0632040118109
6.2006037293493428
6.1034792725412936
6.3613421657653824
12.141573899280475
6.4554468627369905
6.5411679939445095
8.8876305234539625
7.6483889704209291
3.0078670358050443
5.5220588976227125
3.4326297460285216
7.7315069474951965
1.5061341734742906
1.7834124642338283
2.5944231031318776
1.8958579674556097
4.4147924430031154
13.448872521032484
2.513095102543188
2.6269252763867228
3.4629390317491029
2.4747010085116741
4.8459976699332632
3.9740040931810618
3.6944254558058289
4.382788737323005
4.1661201942404622
11.549744946344903
12.039161005061571
2.4998552987471201
3.9308662376357146
6.311141406832073
5.3793611573169295
2.6181303219997369
6.2369381134837605
5.7705252477528468
9.9790921040299292
8.6333154814649902
1.2935264046026516
3.5083713905639717
7.3478957643729927
6.7012946986505639
8.1831926972138227
3.632432635426166
5.0772633847938353
3.021743400442535
3.877794168530313
9.9509589661518998
1.7951627937473833
9.3873565397106624
11.694246016363591
9.2826660945897377
9.6621620306665221
7.0499659322161667
2.6405662450233627
5.5712814647889237
4.0540149523318281
8.1279205572272133
3.5053605567016453
10.292814041704924
7.5965740253668717
3.1041400628435447
5.7580115783890848
4.6612779972082299
6.1516319541241433
7.7315069474951965
1.4002993432480526
3.9412024294580692
5.8388213117946393
10.77211877873258
10.147496960169537
5.9704244012372314
6.0115167051633067
9.1956573578089102
13.704554517775607
4.1749035466495386
3.145765999452538
2.5210191349604711
4.9933363813730463
3.2800272591034494
10.45383349219766
3.7478621522710456
1.2606835694464473
2.791042556417672
2.1602485904127207
4.4588344935845017
3.4715338514881342
2.3603387368212703
2.2831861888740952
2.7853761526799898
3.2088209021052143
3.1217394895373407
4.5217842011500995
6.1034792725412936
5.558780889589797
8.6177207501883579
8.5805345848716268
9.8231690210905054
6.8695404767885107
5.1763961841262249
10.023789382163324
9.8156281245805985
4.0807584466543387
6.2044151109344394
2.3513073894762138
1.7182256759868897
3.8122729857910076
4.567965683630189
9.6005046018569242
10.276585723796055
9.389505717602173
9.4674633212829633
5.8563814104811112
11.065721311735444
2.6119918567465041
1.8958579674556097
6.2527476750941542
2.6940998270831362
3.2992978915210469
2.6727686956127537
7.5504924935079263
12.516264445952853
11.674307987605722
3.5300491650446477
4.0018295566378992
3.3972635484501499
5.2473967812276392
6.7384482297305563
9.4333613137419459
4.5676982775824051
10.45383349219766
5.603757386271325
11.066549813336591
7.4950168271752906
1.6837235421375207
5.932120427894465
7.720961502918418
5.3560814894338353
5.7119579365999629
5.4797160488943595
10.896453503210058
10.897674678334246
10.219419748722547
11.288567777052769
2.3010678612533462
4.6777072840895233
3.5268102656178346
4.3695102328273459
9.3671711880359414
2.7984942815469602
7.5504924935079263
7.6194219343420952
10.513490914775302
7.8509790939062958
12.169496878928106
4.6939082907487402
6.0176514462705128
2.8284259125943518
2.3706851190626934
6.428069222577423
5.4255479914187461
7.4756632891537098
13.540144059363069
1.3202729794691928
4.2613960969946687
3.279906658533458
2.6986523167126739
6.4151818758948087
12.169496878928106
3.6694718696917228
3.2475287668475588
7.7730915906920446
7.9829254842026023
1.1795119129928677
2.094444371905233
2.3653759012858373
3.9851235235357669
2.8762283194764686
2.7265691018478617
2.4747010085116741
2.9883475084909552
5.1161373402609387
4.7792841048780721
3.0602619821948323
3.8227414502816499
3.6456554770943201
3.011855736022425
3.4562284848385745
2.8329766629072202
2.8645262893149139
7.6186834306317479
2.5158385513806452
2.2831861888740952
5.0813872680714107
3.3989419067349971
4.2268656543835812
7.9757877066804266
9.3644698849458852
1.6469710256732122
2.6247505223969494
4.9189560381595374
2.5011412790086713
4.2878995767409638
12.976439614505471
4.5559278595047212
11.550209158986188
2.5126876751674225
13.05103226253334
3.1041400628435447
2.8284259125943518
2.1216634769219858
6.9429861620797908
5.0350524920325297
4.8953229653869998
4.180481236597287
4.3215733066915751
4.1600215734333057
4.8503471659045951
4.8809301644184471
6.9010744241702557
3.493676020712507
3.130107357295314
1.899441228060839
2.8956828455189085
5.7705252477528468
3.3630297107314959
4.6022493184629774
3.3871132343525021
12.413501313946862
1.8044267159916039
4.3653796267868499
3.601201500166082
4.0469941056401533
2.9009941361029585
3.4234999480205901
4.166082567456594
4.2440083592893316
1.6313588561735399
3.8445729723797366
3.9028016372811924
9.2826660945897377
2.0418513257902893
2.2731912500584537
3.5053605567016453
4.3653796267868499
7.7961689428779977
5.6785558990086207
3.4633479527493689
3.1100406917625851
12.758856225244612
6.1516319541241433
1.9234854184873291
2.575065376570481
1.9583267171808032
4.1661201942404622
6.1516319541241433
2.3841344900297807
2.1059815399030359
2.5854052555111258
2.7740735147039639
1.6596809906739189
4.0009260647909226
11.183961314087135
1.9455035119690687
4.545209848211532
4.1990903460071589
3.227275018656544
3.021743400442535
4.6223310622016687
3.1593124823837404
12.921026667507418
1.8301423568498936
4.5802378806729314
1.2931848960220402
1.5576191522952314
2.4740169651353345
3.4757868150455304
3.4757868150455304
2.8101878416920694
2.5868614995806425
3.4757868150455304
2.7588603044840285
7.4843227769991501
12.627309782616456
1.6700697085112759
3.493676020712507
2.124190397501609
4.0139845620543166
1.6525543463439554
3.7270213129097285
2.5232855088040589
1.9766506903931143
2.8598464902971061
2.8598464902971061
4.2099380352712519
2.8422714914303997
1.2701868619353418
5.558780889589797
7.4843227769991501
1.6535953606702016
4.630926115000161
1.9070723053392862
4.6075440023810925
2.7618320792641531
2.7134974271881798
3.8796317545660348
6.6514450346879714
6.6356663370917817
5.5105982153686552
2.3819961198948154
3.329783907031707
3.5082841620438452
8.183361345413191
7.359469451873804
5.6430000245550449
10.882195353624727
12.635293715533088
10.915618798959791
10.667861369668481
8.8423006715952894
11.656501594685395
3.5250009609194937
4.1661201942404622
4.4147924430031154
2.6224845199901647
3.2699527039818683
13.257851854392602
7.2852440469476356
3.8595860593865687
11.261681724810931
11.288567777052769
4.7061846331033728
5.7969539223255193
7.1860523830184277
5.7829244642005841
3.7511720536941953
8.6177207501883579
8.7173538333032123
5.4102526298761955
8.1865436795426767
6.0557634921159078
8.6537458990448286
7.0499659322161667
7.5965740253668717
6.6763049666704548
5.9678666416768058
4.3928787324760332
9.6323923143062817
3.7450654586579546
8.8876305234539625
13.760530112845458
3.8668893333422441
4.055451767733584
4.9202799442680325
8.4511889929437789
2.7379574411176963
6.0581219630787633
4.8517975740590353
4.8459976699332632
2.9883475084909552
7.0767625158316427
5.7769548354460509
8.3192567320122119
6.5148001844592347
3.3472641727143317
3.2128242236581697
5.1796160934499458
5.252516379708891
5.0989214122914142
10.897674678334246
11.492289099409358
11.107804303547294
5.4468302295055588
5.1161373402609387
4.6840459368136687
3.8941127659377752
10.118462592340194
9.4412876375041908
3.1693719457252159
3.6239521893990547
2.4037592648231216
2.9473905780787244
4.9115919084986581
2.7924004360363854
4.2440083592893316
11.579983522477686
1.5392403087083075
3.7787445960908075
3.3329350904421813
3.3972635484501499
12.798163313186182
1.6940921140590486
3.8731208247019913
10.092539004347811
6.331132178616552
3.8361116512261537
2.8331539873024472
2.6756650672168796
2.8536989841825937
4.1415487055904112
4.1415487055904112
4.1415487055904112
3.0211706801496234
4.7792841048780721
6.5582014012695904
6.6356663370917817
5.6064654356023276
5.4292939975874717
3.7067109437688002
6.2527476750941542
12.810256178476459
7.5131637579104309
3.912718091707871
9.4674633212829633
9.4616855033515677
4.9324439743537996
4.3219429569099352
4.432015035944965
5.1252391523824672
4.3092640252345173
9.2387091185727517
5.442175225243389
3.2991053969417052
1.1444397935809294
2.6281656435633458
2.6937772374604951
8.5805345848716268
8.7173538333032123
10.019071281616025
4.72595864743412
2.3303033746326385
9.0330699375621961
5.4731350681859823
7.3676982908534043
6.6763049666704548
8.7249464369771008
3.989650297045277
4.2858508354532772
3.3080529498063962
7.7961689428779977
1.8358187850482672
6.1589275855405292
1.8054197035804374
1.4555308651508567
2.3706851190626934
2.1216634769219858
3.8049828543794404
13.665460357593393
3.5862457035135571
3.4757868150455304
8.9455547125342658
13.80860018755758
1.3554320329911078
3.5892063443436912
5.6785558990086207
3.4083683736072503
11.865299668469678
1.8679587127334372
3.549771253598117
11.467993127477348
4.5256968367494155
4.3166986423240958
5.33913195155327
5.9483716773984741
8.1077308591438531
5.6917577471168732
5.6780400497648209
9.2695161209787678
11.009904945710828
7.507116451258641
1.5279142669302237
3.130107357295314
2.124190397501609
4.3785682182534469
2.3271301296930496
5.3489538049124166
3.247249511673536
12.65807541596465
2.0565148479763549
4.5559278595047212
3.4431928384012278
5.3700356959504996
3.7716805927777837
4.9115919084986581
4.3084067460753372
13.272091065882764
13.137329079576073
6.6641466495340778
7.4756632891537098
1.9700536201010626
4.6698830347731519
4.599509712671165
13.104930666643922
3.3555943199717269
3.4905171804038204
3.4954414127322164
5.5105982153686552
6.7214241611776799
5.0907648493372113
5.0675149914380819
4.0781299021696285
13.082622959161855
9.7875866617241485
3.4757868150455304
6.6950630379026519
9.1215151478630982
5.3302622844900078
13.126892651215337
2.6986848090647264
3.7116898635222455
12.572289065175925
12.996179000125929
9.7343986476844027
2.7853761526799898
5.0813872680714107
5.62517305091027
8.9441508378788246
1.502880363167608
2.531556162731853
2.2378179666123779
3.0927815728634589
12.946093727717058
2.7931657268766039
11.656501594685395
3.834613256333137
3.910776479958098
5.3583443978158583
3.4937632194815023
13.739372774556632
2.9079173614860303
2.3841344900297807
2.3303609820595135
4.2099380352712519
4.7231714785609205
4.8336303670289462
3.2313824548206456
3.0602619821948323
4.7208892552668775
3.4208272277922367
4.6223310622016687
3.5428831274528125
2.1223850456453275
3.145765999452538
2.4184564229251615
2.8331539873024472
3.195861388203622
2.5727531405088109
11.180700122878829
2.9166162074471575
4.2878995767409638
3.3833556910154488
4.9476125367771484
3.877794168530313
3.1593124823837404
4.974695519270159
3.1598029299627552
6.246464590327264
6.2044151109344394
2.3769167763528118
4.0787208116388243
2.452998236900612
3.2992978915210469
4.0787208116388243
2.6248099911302898
3.8227414502816499
13.612005340388968
4.9301952461597676
4.5731333569826456
5.4305347937781372
4.3912515881570426
4.5671707538660637
5.6262339382444146
7.2970767458985897
13.364721908222936
8.5317388904076523
5.2473967812276392
4.974695519270159
3.3244125603970436
3.6668487252595638
3.3871132343525021
5.0675149914380819
3.0215662116245419
4.9744059764251185
4.9744059764251185
9.3076521052145491
12.480839769049052
1.7103126459685647
1.6163882030995851
12.10997781517494
2.2883666139471566
3.2088209021052143
4.9115919084986581
5.3355433162861399
8.3553648056177021
4.6691892213716253
4.1568865703061366
2.8878713989423961
9.4333613137419459
4.5731333569826456
5.2815452413153086
2.8703310952940759
6.6054119759491678
4.347568840212058
2.8286861123002351
13.600456476812859
4.8725115237268968
2.7733717294834519
6.9010744241702557
1.7084084196564886
13.733069893655927
12.541184986660614
1.4541629585228633
5.4933089599533824
7.9369445522741682
12.299367318190528
3.2815373997533812
2.9566403802125754
4.0781299021696285
3.0215662116245419
4.6946349032018526
8.2188314581066653
4.7061846331033728
9.6796048067449973
3.30967132153244
3.3643814942842787
4.8336303670289462
4.6946349032018526
1.4279955741788193
2.7005517766173379
3.8980918693924043
12.45939505999001
3.5710982299703047
3.5082841620438452
13.659465855076792
3.945083521058367
5.1252391523824672
2.9412947594349199
11.204384994708414
3.4905171804038204
3.6104218007395286
1.7664732454609589
4.0139845620543166
1.9453032451062628
3.5982402129985611
5.1796160934499458
2.0265848785501932
4.6024674270662116
5.2689022688489029
4.3785682182534469
1.7615795716789471
4.4796709372501207
5.0499836183281479
7.5245570231637071
5.33913195155327
7.7862239961420228
13.698567645906785
4.5260190768223039
4.3929433142162093
3.9740040931810618
3.6456554770943201
5.3091611869282342
4.6852523370166157
4.383531914695415
4.5377751465229919
4.2812446336826113
4.8750755888513764
1.277595145495376
12.576570175803637
2.5431086256939732
2.1059815399030359
2.3303609820595135
5.1454765329077938
2.9679543223871567
1.2616271129040921
2.93097973492194
3.2454289230401816
4.5365842709936519
3.4398934786891675
11.183961314087135
3.9148086682680532
2.5854052555111258
4.9189560381595374
3.0042909934741786
12.801587680559242
7.4994917512986996
5.7580115783890848
6.9429861620797908
1.9991170595028573
1.6525543463439554
2.8422714914303997
3.8211968318373564
3.1159745124513423
3.7590964055653102
1.1897096557920945
4.2975980953236572
1.6359083833400976
2.4111818644699565
3.3131179186085418
10.149648388527664
2.6157225228961334
4.055451767733584
12.587324726302825
4.1474161354763339
3.8512111085627718
5.1499952584798958
5.0907648493372113
11.572221135421843
12.260533101318329
2.260721502789873
3.5172273788778017
3.3613743441517725
3.7270213129097285
10.32166839482775
5.2512333579129633
3.0965885677138787
2.6198132915582875
3.0910561241028067
2.6756650672168796
11.913990913666519
11.633536558131953
7.4889536083744215
4.5671707538660637
4.2975980953236572
7.0402880030748367
1.8600002312608084
2.1490945948647466
2.7724655054339404
2.6850555773507727
3.5047108395041184
3.1062944330669202
11.187983265204101
1.8632630163779316
8.7317074405145405
2.9435201972307037
3.8731208247019913
7.1091111539367482
6.194533413827747
8.6333154814649902
2.951171817387833
11.197714704629103
2.6467338379033447
2.8714471189328949
3.1217394895373407
3.6239521893990547
4.4607502787927169
12.921026667507418
9.071243743337007
8.9305346379253034
11.672819079924052
12.782912767551013
2.0243940482030047
2.1602485904127207
2.3513073894762138
2.3088509575300393
1.8566670362695135
12.3827996713521
2.7924399249697158
3.2941796231306388
4.5365842709936519
3.7269548502201726
3.4398934786891675
2.0674685733347693
6.3928611964231843
13.29066112205995
13.689176665316847
10.872828034001513
1.7250978665075916
3.6003403519065955
3.549771253598117
11.514344496230381
10.707999213783062
10.77211877873258
12.653234875885277
2.6315660618842469
4.3942878558315632
5.6064654356023276
3.1598029299627552
4.5575582502641776
5.7366753083675661
6.0810150305443367
4.9142759662821334
4.3092640252345173
12.377745746775824
5.6146637418700367
5.2193966886374259
9.1215151478630982
5.847130406135201
1.5019131828619043
5.6262339382444146
2.0676986342860566
2.7005517766173379
3.5172273788778017
4.7534556091763083
7.5782658999403116
4.2144785201039037
5.4687197094426816
12.039161005061571
2.6029853951788664
11.026169303450484
7.4293012964241845
1.1932103392386593
3.449571763312766
4.1990903460071589
2.8536989841825937
3.195861388203622
12.063991432871832
2.2894861759936638
3.3613743441517725
5.7574654839812247
5.2436373776361984
1.4718473938094851
3.5302759566635724
2.5724419512666814
3.2746365520734164
2.5727531405088109
3.2321293099036286
3.0974911937931173
9.9476728349144405
9.9476728349144405
9.9476728349144405
9.9476728349144405
7.4714187994824792
6.3613421657653824
5.1701116637951046
4.4435174096750938
7.6194219343420952
4.6075440023810925
9.7314767511761353
10.961604984186796
1.2886483887089133
5.1017181142564425
12.922659116873687
6.6481293384797677
5.9712830224573139
12.141573899280475
4.7024131433965186
9.5866338539729608
10.165336830697674
5.5110784835550737
10.80093809667807
5.608604902667512
7.4242924729556208
5.9678666416768058
13.195689284460576
9.368244660370177
11.180700122878829
10.651446551054063
8.6106719941724812
13.401979943912083
6.440602029797871
9.2387091185727517
4.6248070692585754
5.7969539223255193
7.1860523830184277
9.6796048067449973
2.0159464592142853
3.4633479527493689
4.3474308678146061
1.5965885121680328
2.5011412790086713
3.0042909934741786
2.951142512777837
4.2099380352712519
4.0540149523318281
5.9446325401742657
8.7249464369771008
3.011855736022425
5.3091611869282342
2.5232855088040589
2.3271301296930496
7.2326028262792681
3.4562284848385745
4.7208892552668775
4.6852523370166157
8.6117706187418577
5.0350524920325297
2.6702539012504451
7.5045045594968851
8.2639381916962691
6.4151818758948087
6.7090606245790028
4.620337585042158
3.6944254558058289
4.383531914695415
3.1731211107808512
7.8908472832233576
6.570291094052739
2.7789782626151807
2.7742854678250199
1.6024546668985342
8.1658666813382084
1.9197831758570481
4.3084067460753372
5.3355433162861399
3.1731211107808512
6.5053534165408049
4.8953229653869998
6.386662397646143
7.1320727374362285
3.1316070301240768
2.6711181558877
3.2522763924093829
4.6840459368136687
2.0521506225820345
5.3489538049124166
3.0614541141044573
1.5830074853012512
7.7862239961420228
7.3283996940597262
7.752351101847208
2.5693481282936337
3.1213374595694479
2.2548801079525558
1.9779788428464415
5.506435103846953
2.1133883887112677
6.5487842793626081
1.8042153150219105
3.3630297107314959
2.8329766629072202
4.5377751465229919
2.8645262893149139
4.2812446336826113
4.8750755888513764
3.7857858761212957
5.847130406135201
3.7857858761212957
2.9166162074471575
3.2321293099036286
5.3221085562230899
5.847130406135201
1.3483991780457654
4.7534556091763083
1.5801965074950726
3.1100406917625851
3.4083683736072503
1.7103123827954969
5.6912073231957772
1.7296063408260085
3.247249511673536
4.5997457426198114
1.8410517542087204
4.3474308678146061
5.442175225243389
5.8033125651044113
5.3793611573169295
2.1962552131963644
2.5902855202933717
3.7478621522710456
3.8901690154383592
3.3013796858794109
1.9766506903931143
3.8211968318373564
3.0402657151544608
2.3327754657782496
1.5077159226257595
2.8101878416920694
4.070731751207477
1.6740520890497383
2.2372310744227506
1.5509391977598002
5.2990785507535874
1.6763805303392447
5.1454765329077938
1.4400538610766307
2.7014014341803838
2.2372310744227506
2.5092620160335808
3.2115049888717295
3.2830358659452172
2.4749722960398186
3.4062572918612077
4.6774712541408769
4.8503471659045951
2.155670120333351
2.7724655054339404
4.98955344996837
4.9285195276109883
4.98955344996837
4.599509712671165
3.3419992930192004
4.9115919084986581
3.3131179186085418
4.9744059764251185
2.7984571699725387
4.9115919084986581
2.7124522817283827
4.1955753786333796
4.9744059764251185
4.7725964446715645
1.7501185271251092
3.8201303279226924
2.3967898900543472
3.1857932356672718
3.8514918658595794
1.9539132034815885
4.6777072840895233
1.9539132034815885
3.3390609108834592
3.9395789609466765
3.4207532410807242
1.8550649584599446
3.0264250633818057
1.9548552672155357
3.6104218007395286
2.0056906242788504
4.5997457426198114
4.5217842011500995
2.3869897955637454
3.3379223975295114
2.6850555773507727
1.4279955741788193
2.8140624628791375
2.5102391535052062
2.3869897955637454
4.2878995767409638
3.3379984224665491
4.5217842011500995
4.4607502787927169
3.2275439489036852
3.3989419067349971
4.2727521031977114
1.764648874912274
4.6795109942375888
4.2266548341469008
4.382788737323005
2.1359171448929013
4.2190081479449022
2.1359171448929013
2.951142512777837
3.217074697510562
4.1486932926771889
2.9807537729594613
2.2758129317191855
2.3295395919409452
4.2878995767409638
1.9562025708879367
4.070731751207477
2.7316306822815362
4.2878995767409638
4.1566823531085362
4.1774406882729371
4.070731751207477
4.3507136446674233
4.2878995767409638
3.0167255961860908
4.1415487055904112
4.2268656543835812
4.1415487055904112
4.1415487055904112
4.2878995767409638
3.9927702097377651
3.3833556910154488
4.6338894430587327
3.9851235235357669
4.2099380352712519
3.0927815728634589
4.2727521031977114
2.4706292907786094
4.2099380352712519
3.6008254589560806
4.2099380352712519
2.9679543223871567
4.0787208116388243
2.0565321827163774
3.9927702097377651
2.547330362602692
3.1857932356672718
3.9148086682680532
3.0974911937931173
2.547330362602692
3.1159745124513423
3.9929810299744459
3.9929810299744459
4.4779663601193089
4.0540149523318281
3.8368471267983413
3.9929810299744459
2.7740735147039639
1.6982024047222273
4.0540149523318281
2.9509678500781908
3.8368471267983413
4.1168290202582876
4.0540149523318281
2.7751814193214157
2.9509678500781908
4.0540149523318281
2.8382509712605177
4.1168290202582876
3.9929810299744459
2.9237611862081447
3.3379984224665491
1.9104052695889888
3.0178838288612293
2.5868614995806425
2.8598464902971061
1.9104052695889888
3.8980918693924043
2.8598464902971061
3.8049828543794404
3.5862457035135571
3.4757868150455304
3.3978252735758185
3.3198637321061071
3.2835197776977005
3.2835197776977005
3.2835197776977005
3.3198637321061071
3.2835197776977005
4.5710357708756844
2.6548472000315937
3.142354875750156
9.6712623557497359
2.6040159179145217
3.5543138346101912
7.6674381172753208
3.6301639800641206
1.9191221839587869
5.2831656159244336
2.1478386965782197
9.1734126856909022
12.699023327954819
5.5010636445283643
6.5955322836249568
8.1858440522689939
4.2165735050710698
9.365284685925193
3.7824275865723136
12.831833836728368
6.3955821980713914
5.5070410305907789
11.444861851425523
2.5167717777510741
12.53424095825973
9.9616150687698308
3.2156273447516548
3.5838927650167425
5.3182932618569767
2.0386550486338706
3.0438498150709137
3.4954256415394869
2.2411585769948044
4.5075923101004172
4.1733714498875019
12.714192831950024
12.700054842662389
4.4384767638662934
5.0189869691158915
12.528885740656332
11.735947423478647
11.621992471451582
6.7559101349202288
2.1814062528374216
11.735947253962118
11.557899423890289
11.590661667112517
6.3832176335490152
13.585352001804107
5.7200628595826872
11.424402455553944
13.442216381839707
2.4300540460263553
2.1414809249066993
12.219507141180367
2.4084826555754333
5.8898126797962975
6.5234849453653432
4.2208084827235286
2.4795093834035415
9.1566578861760419
12.197327790432627
2.9787482629860209
4.969722979053957
5.0263263346511629
11.338579806991508
2.4063513684844788
12.171784389649842
11.808365473952733
11.926515812209995
2.530051944320328
4.3126700115068948
2.2327767658115283
12.011809827429659
1.8199893056263323
11.675448704306477
12.139641013005674
3.2292844234944407
6.1676511884529734
2.6548472000315937
9.7221301274348413
1.8204136184084603
3.4988281972771169
2.442959304718582
2.6610341043902435
2.2856755740930068
3.3629951726405438
5.5194509357644579
6.1915686258114642
5.505739252646654
13.455308531793182
11.904258052785533
6.2905447997558559
5.6845862494044317
11.32116047298771
1.7375968200048806
11.88251385737388
3.4116000517723664
11.649353260957742
7.307382934558655
4.6058865119878361
4.9583080556035437
2.7224690363074777
7.2516277549611461
3.1983467994540713
2.5393010998159635
4.7504036586327087
5.8317869262057354
1.7124094240707795
2.6040231087072394
3.498399506565927
2.0989338966978095
13.447691319928101
3.2990860540403029
12.187042954999635
7.20027189465576
13.791287759394995
9.3370811006112753
8.8835489975231869
2.371304765417197
3.4640540376616333
3.6506716978530629
4.928308707374307
12.740695707491188
2.4713774434990956
2.9877556344604494
3.6510712773435441
2.5295840186195191
2.4605869530808011
2.1660213560436512
2.4156477672569752
11.808365473952733
11.808365473952733
11.808365473952733
11.808365473952733
11.590661667112517
2.6710656727158617
11.444861851425523
11.225118126892214
2.4245850211668722
2.3613380610661587
1.9266739124039065
2.6190629356329809
5.9418087464805618
2.5340344423073842
2.1009430191942569
2.5270614155625708
2.489947166378558
2.489947166378558
2.489947166378558
2.489947166378558
7.787346151416326
13.369499417402938
6.424045408845493
7.9608217707702726
8.3467249123262679
1.9537176912591687
7.0545471405516151
9.3519765069312388
1.8617706216808894
8.5010498111967365
3.5079953541268778
2.9418471457326398
5.0737179083580362
2.648843753615469
2.5358043247643138
6.3050496184014797
13.241297388699195
12.405172968681745
4.4390470271605462
1.7853943164668113
9.1390587727976911
2.4571006033280565
1.9560525429386761
3.3630234995845729
7.4854010646327271
2.1164629866647848
5.1561338634654783
2.145478807545107
9.048121325406882
2.8592927181548236
1.8427823871789781
3.0127535772881679
9.0975781649612397
2.3830342510604803
1.9339979106793079
6.738123502639473
7.0232972599040577
12.222478866713852
11.302507833902496
11.6563346352564
13.338617909192701
5.2633325874107584
2.6397791320735866
2.0115632411980862
1.7821745985848225
3.9907814843041862
13.045024927854293
8.7880661162225095
2.4188815508205397
2.5768495548656203
11.945505724157263
5.0371542993788729
9.711449830480003
2.655100138394209
11.945505724157263
4.52242684981299
7.4346792059284095
7.3622181575746772
11.928130640772725
2.2504098708238649
11.789863996794487
11.22038158401055
2.1269708986185698
7.9194629379800272
6.3076135460362712
7.6316584761846498
4.3060286459446635
3.6888603018218591
7.3722227944753493
9.3024299525455216
7.2410937898905416
4.4386373708143925
2.1690769366386888
5.2289451952762542
13.401289735758509
4.4617262119102188
2.1313948501594391
2.0524315591049644
7.2015549164516868
2.4657036144040432
1.9715728220811686
3.7870971576345758
2.00455574075212
2.3987967184870711
1.9272853755699628
13.318604707948914
2.1899898393894053
3.7418883158766842
1.7974700198343769
2.8211916302820148
9.1000857546175684
3.6889131042902648
2.6298080510618251
2.3967401533231323
2.5749443609020841
6.2172894598079003
2.2430063827330127
2.1962888898998725
9.4485302880414963
11.990300409751462
13.483892647555409
3.2399180644956966
4.5832913614488229
13.045024927854293
2.4798417535965478
2.4657056697917668
3.0843797697031188
3.6889131042902648
4.2223394555560887
7.7065040207240205
6.9287808771321044
2.4798417535965478
12.11437536744047
12.749976633420868
10.560809155484653
4.294476286820947
10.212976728439065
4.827587623425317
1.9408282008614537
4.827587623425317
2.8705002856989315
1.9748518539611253
3.630571564598216
1.9606250297505996
2.8638160831789663
2.229566131777863
2.8306425583556845
2.0831653780473411
6.62674582083232
1.864753116530248
2.518851186075961
2.5049328565005227
5.785885663541138
6.0030534890746248
9.5187167372245689
12.292408017365082
3.5128952634494413
10.807721860781992
3.9942435314695275
7.6510059280280727
3.9571713929123624
3.4277972531727676
9.5775998923761136
3.7656941076832497
7.6031608579553014
3.4148022070469986
6.5202378591309706
11.933815065178834
9.1144842896815526
12.930768241981628
4.3528426348359481
3.3855437285731571
3.3893198174715931
3.2075985928284161
11.647777526475494
3.5538589420410598
13.754589820665279
13.062593379569542
4.0240832218573317
11.121011894677988
11.848617113172693
4.4080932395263384
11.578448889751916
8.761721889702816
7.4710104938329955
12.704166194098574
13.64882650546102
11.578448889751916
7.6617729686215741
11.065372342796456
4.0750583539120528
6.252392857953863
6.9878160889383336
6.360660569674657
3.4690328352803292
7.6031608579553014
3.5166398092804236
10.814857899063497
13.754468381717476
8.6704626979204757
11.606004185366119
11.178826592659846
3.085889192955197
5.2587098582752372
4.2155567437830923
3.7891098221084074
13.399755179106622
3.604212291972432
3.9181769517053491
3.5712326246530779
3.4494946703135043
3.9488771730634973
12.61512028235485
6.4875395367685442
13.112724955446179
3.5385758308158755
3.3099201420871922
4.4970259967258652
4.4482929553593582
3.3225556371504936
3.2888027789099663
5.4740394976622904
5.3793611573169295
6.8792337829025643
6.1059251070489333
13.600860398208484
3.5860346645209011
4.5710357708756844
7.787346151416326
2.5876229188970332
5.0641547992620568
2.1215460952946446
10.630745513722999
3.1837523490727171
5.5197348966783553
1.8868311938025006
2.099296593269893
5.197928295941292
5.5502400369088782
4.9916677803802401
2.1277889987928655
7.9512928793914321
2.9504215788243782
2.7557326037852148
2.3593269467896936
1.9573952911411026
12.684482874380691
13.369499417402938
3.4713677097824815
5.7457315637749922
4.1918606818875626
10.517402909532745
5.1320253186813209
13.014759848478242
5.6185104064345186
2.6548472000315937
3.142354875750156
9.5187167372245689
10.612500954490116
9.3390418189398918
7.305120026176632
8.1079661222833259
2.2457425824188078
2.5683445070954467
2.7030579152477157
4.2190081479449022
3.4793354938097223
3.1684135826521209
2.7463727624404863
2.8595868666943391
4.7556688255592352
2.1893015660422721
6.424045408845493
5.219301086605947
4.0510791677390205
13.068603720824273
3.8731910957865936
11.728255872276813
4.7110772818079756
8.7813295552713466
4.1265043678873967
3.6624895863092064
3.7326862564717187
3.9713028406948845
6.1268411818131803
10.399338077135711
6.1275575489712555
4.2807527735331439
10.611576084195576
4.0607565972220625
4.1862696111655469
4.635427693509107
8.5950465315038738
12.185421924044162
3.848568727056489
4.5671688587425328
6.1239420833923344
12.462529451518099
8.3771077593202197
6.1295197733400828
3.8484797648036353
3.6087195274167159
3.7791808935926898
3.6431306508018451
6.6749971841769167
5.3922313751440241
3.9190921568438584
5.4919216641956092
3.812301553120728
3.8688217125998441
3.9270173795892385
3.7532538517647063
4.9893042518972575
4.1862696111655469
4.1862696111655469
4.7872895080033144
3.4713677097824815
3.5347227954650697
2.1794630452258614
4.1228834902848677
9.6712623557497359
11.993675186698205
9.9362222794242943
9.953574683671178
9.931964020945399
3.4470394194497818
3.5329900213508409
3.7133092614139565
5.5168193992477992
7.9608217707702726
6.2108690295722253
7.9605552419061025
8.3467249123262679
7.6752428832806459
9.2774382308025221
1.9537176912591687
4.9009012420068707
6.4750576135651006
8.6580991613217986
2.6040159179145217
3.5543138346101912
7.0545471405516151
7.2504381525900143
12.61512028235485
8.8780540455959596
3.0090080089275211
3.9123459328069061
3.3798715937407051
7.2552168315385197
3.6316022323129102
3.2061943870344756
4.3986321003968376
3.139284579423931
3.9431209770518096
12.107193208206334
4.0434829086480297
2.8487149864281074
4.0185112434567714
3.4944660520748929
3.4864899815084396
3.1280084695037402
7.6674381172753208
4.0742200007096603
4.3694382306139392
3.8739244674428068
9.3519765069312388
7.6505868471186522
7.5050326004289571
7.857310388867325
7.857310388867325
8.5136323777157976
7.0479599490342109
13.441327636152156
7.1926759143789951
8.5971678752225635
7.4601170202978695
7.5576434394103087
12.292408017365082
6.5512878552057741
6.6722100153037163
5.2734510971398398
5.3134200310270749
1.8617706216808894
3.8245946654387701
8.4978228161054048
6.8454829716982024
3.6301639800641206
9.4296439115203246
8.9320886038574887
7.8682863072105995
9.9460639418471679
7.3592911666189913
7.422173604928779
7.8936710769170624
5.7457315637749922
3.5347227954650697
5.7995883494562896
8.5010498111967365
1.9191221839587869
4.8511750163162279
4.0510791677390205
3.8314905641838521
4.0410239541994244
4.2793419113754343
4.2818140025210463
6.0977318294199847
4.9657641329288875
3.5079953541268778
13.068603720824273
3.7653719831105983
5.1528967933663949
6.1589765720140486
3.5292370857275146
3.56991392017283
5.0254843401725129
4.3840294686126731
5.0861789447284114
6.7826689037717429
4.6218812778109948
3.8423975178525911
10.331659196070024
3.6672642127296857
3.5960095624160084
3.7534652527344003
3.5803973929163364
3.9908898625330855
10.132399882155989
5.2963027094571276
5.2570914865491929
3.47695280367302
4.3259553130956085
4.8903332961777162
3.7155117822037549
3.9756234152929899
3.9649849959570815
3.5456270489108288
5.0806455668668731
4.0011891593248308
7.7961689428779977
3.5292350442378688
3.678644877568805
3.7900902909515168
3.9029517402243852
3.9029517402243852
3.903893803958332
3.9547291610216471
4.084955681635698
4.084955681635698
4.2785781286837414
4.4196678275214056
4.9000063868209871
4.9000063868209871
2.5876229188970332
2.2213200735610488
5.0346864882759519
3.4845453916536964
2.544694620543916
10.732942979213451
11.220077403924332
3.8731910957865936
6.9428923902176738
8.4543919532836025
3.243468222533203
8.1141301017180414
12.920716276168596
2.5239021181524164
2.4860548925786055
12.935091043287818
6.2966073769548538
3.3033047302379446
2.329936842092224
2.5919611540828389
6.4875395367685442
3.8522999533373934
5.4791754720006951
2.9863960869065753
7.0259662250572124
5.8799047743785104
4.8675795812908227
5.99603264238295
5.2831656159244336
2.9418471457326398
5.225169582291854
11.058418218497438
5.5329873859018912
5.1289370747260294
4.956905572547841
11.549543138599722
5.8431513026805719
6.8966510735199442
5.1944674597829783
6.3433263925743599
11.616284474893879
7.942021544701185
2.1478386965782197
3.8931500536812988
5.1545466455814442
3.5128952634494413
5.0224049521514873
6.1446139153761763
6.2369381134837605
4.1168290202582876
3.3901368587707279
3.0655637725063958
5.8638472050108499
4.2099380352712519
3.1527051345273311
5.4077014395904568
4.4734560118197466
4.6573717595742172
4.7280167993579774
5.0641547992620568
4.8675795812908227
4.6098348045905295
12.558161903727346
4.8500326728457548
5.355295828604004
5.8886174976894727
9.1734126856909022
4.9706073236685704
3.3958273022194416
2.6869096255079814
2.2664168201095363
5.0737179083580362
3.8107045575076226
4.070731751207477
12.699023327954819
13.112724955446179
6.308988870256556
3.7324510009766252
4.1212204766859415
4.3354648807062537
3.9351387546933707
3.8883447511469229
2.648843753615469
2.2213200735610488
5.4791754720006951
2.3164693866060331
2.3097513020796092
3.3343539253996055
5.1621933317834428
5.5010636445283643
10.612500954490116
6.5955322836249568
9.4296439115203246
7.5203200015317204
2.5358043247643138
6.4747353734922131
7.6505868471186522
6.9876906497490783
7.6485256492897866
7.5865968535557462
9.6971643451425038
9.3085079886166007
9.0258010525744385
11.243193566420969
9.5273044366831083
11.728255872276813
10.732942979213451
8.3932232744592472
6.7455937973999127
9.8935671208543834
7.0421260899625961
7.8488338945627607
6.642946827491536
7.8974102141412708
10.056769395886649
7.6270785865076176
12.958943482453623
6.5065967870069743
6.1635170568466995
8.1858440522689939
4.9655725751476485
3.7653719831105983
6.5515059638090083
10.807721860781992
6.1908046838005131
6.278857943693481
4.2165735050710698
5.5364446866677257
5.7253509150039843
5.7081349423081065
9.365284685925193
8.9320886038574887
8.0872731560686457
10.83666906019676
3.9942435314695275
6.62674582083232
6.3050496184014797
5.3423286553690792
3.7824275865723136
3.4944660520748929
5.3832154043686522
3.2149489967429914
12.831833836728368
13.241297388699195
11.993675186698205
12.487016358503892
9.6439609817931089
6.2104346337374645
7.6510059280280727
12.18638008302276
3.5385758308158755
4.5434616398746739
5.3468638103186148
6.8237348446563795
7.9480344788365853
10.402594957932399
10.480777427150448
6.8237348446563795
6.4516474089961697
6.9624198878227102
6.9583724517604999
8.3497340037690577
5.6572431200388857
5.794365896815636
12.600485087796859
6.9876906497490783
11.29164335438406
13.634427579424278
8.2256765031760555
5.3101491270980761
8.1496422660921386
13.479196305645209
7.3211028217547378
7.4371928383602297
9.4204573362252759
9.8014565699158602
4.0313884584392934
11.532379173756219
7.970553919237978
11.316209724778737
9.5677219673745455
4.7110772818079756
8.038735353210253
3.243468222533203
3.3020617014676872
4.7657666550626177
10.024149773835243
7.5189786082371821
4.7050237875820846
9.6134549646853156
12.405172968681745
11.894007380559101
12.55114647941949
12.645594075610527
4.1918606818875626
4.4734560118197466
10.363191899964999
10.868873481709807
2.1215460952946446
3.4590444512615353
3.4836401798487966
3.1859947725926663
3.0805981956798538
4.3852246669050272
4.30324157890204
5.1528967933663949
6.6514516801393153
5.6704361816451492
6.6514516801393153
5.7028251846711546
5.1618627604009664
5.5472787497413574
6.6514516801393153
5.7348244128640928
5.7348244128640928
7.9098894142284228
6.3955821980713914
11.29164335438406
11.660496864388533
3.4836401798487966
2.7443559452884645
4.9588114774400394
4.0713149242969688
8.7813295552713466
11.243193566420969
8.3932232744592472
9.8000176306490925
7.9666899830133087
7.4177582461854783
3.7590964055653102
3.6029625023892056
5.5070410305907789
4.4390470271605462
3.1688103275850801
2.8995047667150473
2.7675807965724042
3.5252117811561745
4.0862647317380008
7.2481170874963832
4.4827486856500602
4.0817704937050152
6.1589765720140486
6.0277593483816201
11.444861851425523
6.341981850959006
6.5693761217849547
2.5167717777510741
5.8366311402513213
5.629051281835622
3.5292370857275146
5.2739285640513431
6.1680466846876989
6.1264792250157338
4.08793424750393
3.6315495667326219
3.9571713929123624
4.0742200007096603
4.4389402176386721
3.4277972531727676
8.8780540455959596
4.647623911988183
13.276849204867895
13.276849204867895
4.314414438028634
6.5829279798015294
10.363191899964999
10.54488005060727
12.218908383940214
10.389544561434107
10.982108474304992
12.53424095825973
11.894007380559101
9.9616150687698308
9.9362222794242943
13.634427579424278
6.4516474089961697
6.5324021812298341
5.4908345875791813
4.9588114774400394
3.9586679876296582
4.5275731684009575
3.9909947943767161
5.0703759963122446
5.9420195667172422
1.7853943164668113
2.2457425824188078
4.9635540876343329
2.6214458631529856
2.2071973685332988
2.4198120991681065
2.270336484743678
1.8597340108259652
13.256505347121077
2.8019155989310418
2.2478478208200543
3.8314905641838521
3.6671506879775855
6.4708227378928962
4.4592776902480029
4.9297923097022576
3.2156273447516548
11.660496864388533
9.5775998923761136
11.22647676754532
9.2246440945913175
4.9706073236685704
2.8718777812779606
3.5838927650167425
3.3099201420871922
6.4709043709872685
3.3818242470970632
4.975463600124602
4.08793424750393
12.975909309778322
11.876512972288531
12.97520784019328
9.1390587727976911
4.8800182716647358
7.5050326004289571
7.6485256492897866
8.0508914420004469
7.9203215592001106
7.857310388867325
4.1265043678873967
4.2041690007434127
3.7656941076832497
3.9586679876296582
3.6671506879775855
5.4695749405135263
4.3360283323065421
4.3360283323065421
4.680669219024332
4.8727997229509414
2.4571006033280565
2.4059584510872192
2.7883605258613922
4.4970259967258652
3.3261814185345
6.1151587309832589
5.1661132342533582
7.2329067794800803
6.8210765302319665
5.3182932618569767
5.0457039500929994
1.9560525429386761
4.4890921775105497
4.986017957977487
5.5349003944508004
5.5814711721689632
5.615887262002361
5.2305759364961775
12.428117041802675
12.428117041802675
11.65236009277994
12.369782936947592
3.3630234995845729
3.56991392017283
5.2739285640513431
5.8319829325919486
6.0948313185081142
4.7712130818237597
3.4061027600832916
4.9008717406060525
13.643284553106387
5.7613115225338039
4.5737890591397452
5.7936115091225329
3.404569401893653
4.1452937499391611
5.8392075521811559
3.6991570638679057
6.0197702879502728
4.4963688993454891
4.4963688993454891
4.7242199560642124
3.8107045575076226
2.7937308147324744
3.8107045575076226
3.3397361307725459
2.8492969253735727
3.0148353953961107
3.6624895863092064
5.3263225403647709
7.6031608579553014
2.0386550486338706
4.8864193447554767
12.657037750525857
12.317938348121285
8.7852456068170977
3.7326862564717187
8.038735353210253
6.2706118434343718
6.6265097908836728
3.0438498150709137
6.0892595565553087
8.341899733165981
6.5502018606658599
5.0254843401725129
5.0465676961628914
4.7735261336058299
3.4954256415394869
9.6649248730574513
7.4854010646327271
12.487016358503892
12.975909309778322
13.479362611005426
2.1164629866647848
2.1794630452258614
3.1688103275850801
3.141112647161219
7.4423474966961791
4.0410239541994244
4.2041690007434127
2.2411585769948044
5.8366311402513213
7.6752428832806459
3.8287299480468913
9.8398858199661543
8.7965326165597855
5.1561338634654783
10.630745513722999
2.8995047667150473
3.141112647161219
2.7443559452884645
2.7043256978054768
2.6734374203640745
3.4148022070469986
6.2602908322498694
4.5075923101004172
5.5058713886434747
5.0704890313916851
4.105495531654265
3.8774046845404615
5.067931468158001
6.1151211041993907
5.1763135553993402
6.2657371790668925
5.3698657645350334
5.243218159873436
5.6759933869629684
11.22647676754532
10.219853508717581
5.225169582291854
7.4710974343655083
8.2256765031760555
12.831233890367523
2.145478807545107
3.3885736943901716
5.5493788886493913
4.1319359813841912
4.7628331414174685
4.7628331414174685
5.4524839624356911
4.5989975811735944
4.7657666550626177
4.8389545658828439
9.048121325406882
12.55114647941949
12.802424395815205
5.0346864882759519
5.2613841497644858
9.5636945862924989
4.8741825565488615
6.2108690295722253
5.471625391856314
4.5275731684009575
5.4695749405135263
2.8592927181548236
2.9863960869065753
2.3164693866060331
2.411795056085043
5.5352842402563533
3.7630089919341585
3.6642072449832686
9.4535430962396827
4.1310730335836725
5.5352842402563533
2.6726575783785771
3.3928527624094822
6.9577224585704913
10.54488005060727
11.269775920491684
10.939637756631939
11.020282280079805
1.8427823871789781
2.7640465970973773
3.0127535772881679
3.1174438150171713
2.7536615380343843
5.9418087464805618
3.7739588125091439
7.1565282940550974
6.6189215715159486
6.9385919867111667
12.218908383940214
11.269775920491684
6.5202378591309706
4.8389545658828439
4.6243654849434535
3.9713028406948845
7.3190742326932954
9.0975781649612397
11.532379173756219
4.1733714498875019
4.6573717595742172
4.7233240045678162
12.714192831950024
12.700054842662389
12.480541948357519
11.933815065178834
9.3390418189398918
7.8682863072105995
10.135582216285473
9.1144842896815526
4.3840294686126731
5.0816906151527359
4.4621336392859856
4.6431383638259325
4.4020367736434087
4.6201566926304967
6.105720889851332
7.1385557317230823
7.3745865281615428
8.6131851862768745
4.6777072840895233
4.0103985998353604
6.6608895212712413
4.4384767638662934
2.5683445070954467
4.9635540876343329
2.6214458631529856
3.5932741838031088
10.517402909532745
5.7995883494562896
13.479362611005426
8.0872731560686457
5.0206532173228178
9.3514386809593528
10.26829526875501
12.930768241981628
6.1941789922366794
4.4941736327770982
11.33453371568322
3.9801756872908869
6.8814825110965963
8.0300535672871334
8.1955031270700616
7.0507566509992392
5.0861789447284114
5.0465676961628914
3.0090080089275211
4.4608288532047178
2.3830342510604803
4.6098348045905295
6.3451040169205335
4.5927848362095247
5.3697917778235205
12.067501129082991
7.5760686707170191
7.6609964733427587
4.5217842011500995
3.0131711069351619
5.8319829325919486
5.7691688646654891
4.3528426348359481
4.5069230810217142
5.0189869691158915
11.058418218497438
5.0457039500929994
5.3816682827713178
5.7836517930759337
5.4428017562242985
5.0456271044566749
5.8005304026023756
3.3855437285731571
5.5592896771900984
1.9339979106793079
6.1419839089771591
3.3893198174715931
4.6243654849434535
5.0816906151527359
4.5759638131295199
6.1756933708896966
3.2075985928284161
4.647623911988183
11.647777526475494
7.857310388867325
13.276849204867895
7.0259662250572124
7.1385557317230823
9.1816413630220648
6.8454829716982024
5.5329873859018912
5.9779699059461668
6.9385919867111667
6.3451040169205335
5.0976885586381906
7.5865968535557462
8.0508914420004469
6.1268411818131803
10.680745977257336
3.1837523490727171
6.1496631348985833
3.1174438150171713
2.7350860443251146
4.412675808103927
13.15342353145121
3.5538589420410598
4.9012369904921327
10.024149773835243
10.868873481709807
10.389544561434107
5.5058713886434747
5.5317474995083993
5.5592896771900984
6.942374918115843
10.304403342360498
6.738123502639473
3.7133092614139565
6.7226564606229182
9.6700000396612147
3.6191082452540724
6.1589765720140486
4.3310346566376117
5.3046328567145231
5.5201367667131009
3.9481555962456532
3.5849469200828938
4.2248514684619813
7.3830126952262791
7.7949053645817665
7.2329067794800803
5.3263225403647709
6.6474680725737256
4.8971512914079511
6.8693184810108292
12.528885740656332
7.1565282940550974
5.3608080120968014
4.7525203696640128
4.8252668562192653
4.8447213822617048
7.3958687662483555
4.9702092168924192
4.5738485278730865
5.2013149291521792
6.4270048968621056
11.735947423478647
5.5364446866677257
7.970553919237978
11.621992471451582
10.399338077135711
6.9428923902176738
4.7735261336058299
4.8925587339734999
6.1275575489712555
9.6971643451425038
5.5197348966783553
5.3725384847633864
8.1141301017180414
13.062505792754751
6.7559101349202288
12.435386985558297
2.1814062528374216
4.4890921775105497
7.1841830376271849
7.0024868391297073
5.8902409662008655
4.2968480561049036
3.9123459328069061
4.5428570983056433
3.9912367191067823
9.525728799109725
6.5975145474238399
7.7349242002839338
6.6514516801393153
5.1289370747260294
11.390326174246987
5.8598150167008951
3.3798715937407051
11.419066446715783
3.4864899815084396
5.3832154043686522
11.735947253962118
4.4482929553593582
3.2878309926139044
8.5092506605828557
4.3008804970581815
7.9480344788365853
6.9624198878227102
7.3830126952262791
7.2054482752461029
4.2807527735331439
5.6704361816451492
6.5975145474238399
6.5975145474238399
5.7472730960335481
6.5292764174157281
5.7207191295205799
7.4554736405897497
10.611576084195576
2.7030579152477157
12.317938348121285
3.5884596798202102
4.2969144605277556
2.6641719362558103
2.7052831247776807
4.255402229742649
2.7124706721326297
4.2190081479449022
3.5884596798202102
1.8868311938025006
6.1496631348985833
2.8387325501678276
9.2342825836904314
13.754589820665279
4.2969144605277556
3.918963447301099
11.557899423890289
5.629051281835622
6.1941789922366794
11.590661667112517
12.558161903727346
12.845492039952855
6.3832176335490152
5.0704890313916851
6.2348893721960739
4.5927848362095247
5.0976885586381906
5.4574099273067675
5.5382448810864879
6.7826689037717429
6.6514516801393153
5.5317474995083993
8.6004835714307681
4.9263312652809912
8.5072399380123862
4.105495531654265
3.6761318738118738
6.7455937973999127
6.1295775991107204
11.772207557833303
7.2552168315385197
7.5189786082371821
4.5428570983056433
4.6268529730355201
4.986017957977487
7.026301921536632
4.9056789169553712
13.585352001804107
12.645594075610527
5.7200628595826872
6.0892595565553087
7.1841830376271849
10.83666906019676
7.0232972599040577
4.1168290202582876
4.0540149523318281
4.0607565972220625
3.6316022323129102
5.7081349423081065
4.4608288532047178
11.419066446715783
4.691587049134978
4.1431849793739008
4.0714235823881237
5.7081349423081065
13.062593379569542
9.8935671208543834
6.1295775991107204
8.1288846172377021
7.6945918600953211
8.4720683231535894
10.076959093970009
8.8185790135313074
6.2709814936527319
7.640796283859669
9.4561549880014386
8.6441015746454486
10.167869994849461
6.8633145030249301
7.5637022786128334
7.2711470929658857
3.2061943870344756
6.6608895212712413
4.691587049134978
4.070731751207477
2.7937308147324744
2.7043256978054768
4.2878995767409638
3.4793354938097223
12.222478866713852
2.099296593269893
3.4470394194497818
2.518804901275411
13.276849204867895
3.1280084695037402
3.1859947725926663
11.302507833902496
11.424402455553944
4.1862696111655469
5.3608080120968014
6.1090601101761024
5.9499646015337193
6.7216349814143612
12.920716276168596
13.442216381839707
2.4300540460263553
5.0206532173228178
8.0279393588947308
5.5312266932755172
5.219301086605947
5.2972773118736214
6.308988870256556
4.635427693509107
8.1859766502265572
11.6563346352564
13.338617909192701
4.0240832218573317
5.1184104824680121
4.8964291148215207
4.8204856556756912
7.0421260899625961
8.1288846172377021
7.1684352253802217
6.9583724517604999
6.5324021812298341
8.3497340037690577
7.7949053645817665
7.2054482752461029
7.6945918600953211
7.5481761599199171
6.2364589700903839
5.8086245961293645
6.3810535726877617
5.8941220578011633
8.3896405665406668
6.5738456060013721
2.1414809249066993
8.7852456068170977
9.6649248730574513
2.6641719362558103
3.918963447301099
2.9452958551460879
4.8503471659045951
5.4524839624356911
5.471625391856314
12.219507141180367
4.3852246669050272
4.4941736327770982
5.2633325874107584
10.791339208338085
2.5239021181524164
11.616284474893879
3.3901368587707279
10.402594957932399
9.8014565699158602
4.0540149523318281
2.9889923958300444
13.015588350079387
2.9897764175078283
3.1731504433032982
3.7502703377112026
2.4084826555754333
7.9098894142284228
3.8287299480468913
8.1728118746131244
5.4119775684918991
11.121011894677988
12.18638008302276
10.939637756631939
11.97282791890612
10.879573174668099
2.6397791320735866
2.7640465970973773
2.4686623928908298
4.6218812778109948
7.2179408055916996
2.0115632411980862
4.4230555018781308
6.0948313185081142
5.8518401740239891
11.848617113172693
4.9012369904921327
7.5481761599199171
2.4059584510872192
2.4686623928908298
1.7821745985848225
2.7536615380343843
4.1486932926771889
5.8898126797962975
4.4080932395263384
4.8511750163162279
6.1908046838005131
9.525728799109725
10.5279144574687
7.8811589646372608
11.578448889751916
8.5950465315038738
7.8488338945627607
11.218554657721564
7.6857138451103628
3.8423975178525911
4.7712130818237597
5.785885663541138
6.5234849453653432
11.65236009277994
12.435386985558297
3.9907814843041862
3.4061027600832916
4.3458284267971434
5.9420195667172422
5.9420195667172422
11.220077403924332
8.4720683231535894
3.3225556371504936
2.4860548925786055
3.8522999533373934
3.3261814185345
13.062505792754751
3.2878309926139044
4.0956079377149486
5.1129791859094791
4.4635392115724057
2.6372946421976202
13.013505963968164
3.4137030904581018
13.045024927854293
9.4735955599065029
9.3783398331669812
4.3694382306139392
4.4389402176386721
8.7880661162225095
5.9779699059461668
6.144684998009093
6.877558064353785
12.185421924044162
6.8210765302319665
6.6474680725737256
6.8960159020455061
4.2208084827235286
2.4795093834035415
5.3101491270980761
9.1566578861760419
6.278857943693481
10.5279144574687
6.3402901248998393
2.4188815508205397
5.1320253186813209
4.9009012420068707
5.6572431200388857
5.4908345875791813
5.2290657958462461
5.4758488023606304
3.3446136690354731
2.8382352059480205
2.5768495548656203
2.7675807965724042
3.6029625023892056
4.6504399709231805
6.5975145474238399
5.794365896815636
6.2364589700903839
7.2793008212328054
12.369782936947592
12.197327790432627
10.219853508717581
5.5349003944508004
7.0024868391297073
5.6607284002650422
11.945505724157263
4.6777072840895233
2.9452958551460879
11.338544254344969
2.6969386870823024
11.33453371568322
5.0371542993788729
4.8971512914079511
10.400227529686575
4.0713149242969688
3.9909947943767161
6.2602908322498694
4.1105947335317978
4.4648770881234414
4.203918644695352
5.1765824856464819
3.848568727056489
6.8960159020455061
13.210720261553726
8.761721889702816
9.2246440945913175
10.219853508717581
10.219853508717581
11.611200567409318
12.241852578447721
8.0048020288587054
9.3733310096984184
7.4710104938329955
7.5760686707170191
9.711449830480003
2.9787482629860209
7.2504381525900143
2.655100138394209
6.144684998009093
12.704166194098574
13.64882650546102
11.945505724157263
4.969722979053957
9.9460639418471679
4.52242684981299
10.331659196070024
7.4346792059284095
5.5168193992477992
5.3423286553690792
6.7226564606229182
4.3672910756187875
4.6987247555849843
4.3602204012127528
6.8606304452414548
4.9008717406060525
4.2222297868012504
5.2504182226222067
5.0263263346511629
3.0809661551771712
4.2348279120254926
11.338579806991508
12.480541948357519
11.581430851049078
5.7028251846711546
7.7349242002839338
5.7472730960335481
4.7525203696640128
4.6756076385906589
6.0030534890746248
9.953574683671178
9.6439609817931089
10.602784435787624
9.3167368275962001
8.5136323777157976
4.3986321003968376
3.9912367191067823
3.0805981956798538
2.6734374203640745
2.4063513684844788
5.7253509150039843
12.171784389649842
11.578448889751916
3.139284579423931
7.8981659932578463
6.8554106945692581
7.3622181575746772
12.802424395815205
11.808365473952733
11.926515812209995
8.1496422660921386
7.3531232669562359
8.3103807025081782
3.1684135826521209
2.7052831247776807
4.1170705307421294
10.83666906019676
9.3514386809593528
4.956905572547841
7.4710974343655083
5.3816682827713178
9.6805454842379923
3.2888027789099663
3.7324510009766252
4.5434616398746739
3.844896504198406
6.3638309797459121
4.4621336392859856
4.5759638131295199
5.4119775684918991
4.4237395452544703
6.7950362066760599
5.9230426299238577
5.6434639925486252
6.3318272740658017
3.9634025050147184
13.479196305645209
3.9431209770518096
5.8799047743785104
7.8981659932578463
7.3283996940597262
4.5671688587425328
8.1859766502265572
7.7195637844956435
11.928130640772725
9.4813556861626331
2.2504098708238649
5.4574099273067675
5.197928295941292
5.2613841497644858
9.5636945862924989
5.5814711721689632
7.026301921536632
4.9707819371853308
5.8268327052731088
11.789863996794487
3.3958273022194416
4.4831986307820966
2.530051944320328
11.22038158401055
13.643284553106387
11.231704631332535
11.611200567409318
8.9990044689589634
4.3126700115068948
7.5203200015317204
6.0030534890746248
10.076959093970009
5.4543990934444411
12.241852578447721
9.5456125621096675
5.0531785995863414
7.7070501151318815
2.1269708986185698
7.942021544701185
9.6805454842379923
2.2327767658115283
5.8902409662008655
7.6617729686215741
12.721157315475375
12.011809827429659
7.9194629379800272
7.9605552419061025
11.065372342796456
6.1239420833923344
5.0948045361953351
4.0750583539120528
6.942374918115843
5.2290657958462461
12.402872028940456
5.6969006890138418
1.8199893056263323
3.8931500536812988
2.3488452686513317
6.0549220355910647
6.252392857953863
5.0224049521514873
4.1105947335317978
3.9080737835399217
4.4968017092835995
3.8690000992571392
5.070778026280137
6.4708227378928962
7.3531232669562359
5.3307031476756492
10.566759286931154
10.529573121614423
11.772207557833303
8.8185790135313074
6.9878160889383336
11.97282791890612
11.675448704306477
4.30324157890204
8.1534536476772352
2.7410853870180998
3.6672642127296857
5.7613115225338039
6.3076135460362712
11.549543138599722
12.139641013005674
11.338544254344969
11.416501858025761
7.6316584761846498
13.014759848478242
4.1212204766859415
3.844896504198406
7.5949173726275179
4.6431383638259325
5.2483364282638432
4.3060286459446635
9.4995310302507221
3.6888603018218591
2.9889923958300444
3.3446136690354731
3.6106055117594704
6.60102665364776
8.5092506605828557
11.382399850484743
6.360660569674657
12.402872028940456
7.3722227944753493
13.015588350079387
9.3024299525455216
3.2292844234944407
7.8811589646372608
9.6700000396612147
7.305120026176632
7.6609964733427587
7.2410937898905416
12.845492039952855
12.846713215077044
12.107193208206334
13.237606313795565
3.4690328352803292
6.62674582083232
5.4758488023606304
6.7174912080834179
6.1676511884529734
11.316209724778737
4.4386373708143925
9.4995310302507221
9.5684604710848919
12.462529451518099
9.8000176306490925
6.642946827491536
7.9666899830133087
4.7774644493371481
4.3197236558054897
8.3771077593202197
7.3745865281615428
9.4247018258965074
2.6548472000315937
2.1690769366386888
6.2104346337374645
5.2289451952762542
4.3672910756187875
8.3642204126376054
5.6185104064345186
4.1228834902848677
9.7221301274348413
9.931964020945399
1.8204136184084603
4.0434829086480297
4.314414438028634
5.9341620602785632
4.8252668562192653
4.6756076385906589
4.4237395452544703
4.9373860452337519
7.0651758770037345
6.7283226416208679
5.0093005189376285
5.7717799870244457
5.5946940138371168
4.9608942727652217
5.4052670215813707
4.7820151996500169
4.8135648260577106
9.5677219673745455
4.4648770881234414
3.9080737835399217
7.0304258048142065
5.3479804434777938
6.1759041911263779
4.7050237875820846
4.6268529730355201
3.5960095624160084
4.5737890591397452
6.8679945749023341
4.4501798157514685
6.2369381134837605
5.6268608522716841
13.401289735758509
4.4617262119102188
5.0531785995863414
4.7774644493371481
4.070702013664782
8.8920246988225866
6.9840910287753264
6.8443615021297957
6.1295197733400828
6.2706118434343718
6.1090601101761024
6.7993857026473918
4.3354648807062537
5.1757445573593071
5.4427145574553037
5.0791458940381107
3.8484797648036353
4.8447213822617048
7.7195637844956435
5.3120682474742926
6.5512878552057741
5.3361517710952988
3.7534652527344003
6.3144181635296466
5.5502400369088782
5.99603264238295
4.8500326728457548
5.3725384847633864
6.1151211041993907
6.1930468960321283
3.5803973929163364
5.7936115091225329
5.8518401740239891
11.231704631332535
3.9908898625330855
4.2222297868012504
5.4543990934444411
6.3144181635296466
9.7452074796207935
7.6275944357514165
5.4123864894921656
5.0590792285053814
7.942021544701185
3.0655637725063958
4.0313884584392934
2.9897764175078283
3.9634025050147184
7.942021544701185
3.3390795679751957
2.6064356558082928
3.7873682093908876
3.3619160186621948
2.8871454678160604
3.6087195274167159
5.9499646015337193
13.132999850829931
3.4988281972771169
4.8864193447554767
4.4151302953413456
5.1763135553993402
4.9707819371853308
6.5713695989444645
5.1083510191265367
3.7791808935926898
6.5292764174157281
2.1313948501594391
2.411795056085043
4.4230555018781308
3.4052069826952232
3.060790898157193
3.5240937236542393
3.2342696257471384
2.8175131946038672
3.4052069826952232
2.442959304718582
5.4926876435075389
3.6191082452540724
5.4427145574553037
4.0732289342444048
5.9630230987971133
3.6015928830867519
5.6760598496525247
4.4723240455468547
3.9256892271359107
4.8088850270399028
4.8088850270399028
6.1589765720140486
4.7913100281731964
2.6610341043902435
5.3307031476756492
5.4926876435075389
2.2856755740930068
5.2972773118736214
2.0524315591049644
2.7316760285840904
4.2393144504860345
3.3629951726405438
3.2149489967429914
4.9916677803802401
8.6004835714307681
8.5847048738345784
7.4596367521114519
4.3310346566376117
4.6987247555849843
5.4573226987866414
10.132399882155989
9.3085079886166007
7.3211028217547378
12.831233890367523
3.6315495667326219
11.876512972288531
10.791339208338085
4.2439514071596989
5.4740394976622904
6.1151587309832589
6.3638309797459121
2.8487149864281074
4.1431849793739008
9.2342825836904314
5.8086245961293645
13.210720261553726
13.237606313795565
6.6552231698461686
7.7459924590683151
9.1350909197612253
7.6031608579553014
5.5194509357644579
10.566759286931154
10.66639237004601
7.3592911666189913
10.135582216285473
8.0048020288587054
10.602784435787624
8.9990044689589634
9.5456125621096675
8.6253435034132515
7.9169051784196016
6.1915686258114642
11.581430851049078
5.505739252646654
10.83666906019676
4.9263312652809912
3.7839939204527209
6.8693184810108292
10.400227529686575
2.1277889987928655
6.9577224585704913
3.6761318738118738
6.7950362066760599
4.9373860452337519
9.0258010525744385
7.4371928383602297
10.26829526875501
8.0279393588947308
5.2963027094571276
5.1618627604009664
7.1286546301927416
7.2015549164516868
7.0479599490342109
12.846713215077044
13.441327636152156
12.935091043287818
7.3958687662483555
7.0651758770037345
6.6330844735564645
5.8431513026805719
12.067501129082991
11.390326174246987
5.1184104824680121
5.5729907261418505
3.5166398092804236
4.8964291148215207
6.8606304452414548
2.4657036144040432
6.1930468960321283
13.455308531793182
1.9715728220811686
3.8245946654387701
2.8382352059480205
3.6106055117594704
4.4951015711302515
3.6431306508018451
5.822159361444788
11.904258052785533
7.9512928793914321
3.7590964055653102
2.8387325501678276
2.7050889022186881
3.0501011695192144
3.1260618674564502
2.9588655317343417
4.069314515060162
4.069314515060162
4.9702092168924192
6.7283226416208679
8.5072399380123862
8.5847048738345784
7.5555039723451243
6.2905447997558559
3.8774046845404615
7.5949173726275179
3.7870971576345758
2.2071973685332988
5.6845862494044317
11.416501858025761
11.32116047298771
6.8814825110965963
6.2709814936527319
6.3810535726877617
7.0742776891252639
6.2583025619773132
11.187747655315547
7.3912137619861857
5.3793611573169295
4.0956079377149486
1.7375968200048806
2.6869096255079814
4.0103985998353604
2.6969386870823024
4.4831986307820966
10.529573121614423
10.66639237004601
11.88251385737388
6.6749971841769167
4.2793419113754343
10.982108474304992
7.422173604928779
9.3167368275962001
8.6253435034132515
10.673984973719897
5.067931468158001
6.2348893721960739
5.2570914865491929
9.7452074796207935
3.4116000517723664
8.1079661222833259
2.00455574075212
4.4951015711302515
3.404569401893653
4.3197236558054897
4.070702013664782
5.7540213911222367
5.5352842402563533
3.4052069826952232
10.814857899063497
2.3987967184870711
5.5382448810864879
7.6275944357514165
5.357406910350047
13.754468381717476
1.9272853755699628
4.8836076083579636
13.318604707948914
6.4747353734922131
6.2657371790668925
7.2881704882960667
7.8974102141412708
10.056769395886649
7.640796283859669
7.6270785865076176
11.218554657721564
12.958943482453623
9.4561549880014386
3.47695280367302
5.0791458940381107
4.0732289342444048
6.3276067549962427
4.2761686664358454
7.2979923416552133
5.1962880484163323
2.1899898393894053
5.6268608522716841
5.3922313751440241
7.3190742326932954
5.7207191295205799
6.8606304452414548
6.2574452828181339
3.8107045575076226
4.2878995767409638
2.4198120991681065
3.5932741838031088
4.1270003228205683
8.6131851862768745
9.4247018258965074
3.9190921568438584
6.6189215715159486
6.5485482494139609
5.3046328567145231
5.4395557171466162
2.9504215788243782
7.4596367521114519
8.6704626979204757
6.4021778655092758
7.0165535281808786
6.0271684389124252
3.7418883158766842
2.270336484743678
11.649353260957742
3.7630089919341585
3.060790898157193
8.6441015746454486
11.070553684605896
7.2793008212328054
2.7463727624404863
4.2968480561049036
5.6607284002650422
3.3397361307725459
11.606004185366119
4.4968017092835995
7.0304258048142065
3.4845453916536964
4.8741825565488615
1.7974700198343769
2.8492969253735727
3.3885736943901716
3.1574905010044705
4.255402229742649
2.8211916302820148
4.2439514071596989
5.7836517930759337
5.8598150167008951
7.307382934558655
5.4428017562242985
5.1129791859094791
4.6058865119878361
3.3390795679751957
2.9873391941739276
6.1589765720140486
6.6722100153037163
6.7826689037717429
4.4635392115724057
4.9583080556035437
5.0093005189376285
6.6699277920096742
5.3698657645350334
6.5713695989444645
5.4919216641956092
4.0714235823881237
5.0948045361953351
2.7224690363074777
2.7050889022186881
3.234857360027124
2.8453730043066749
13.038161233953012
3.0068156900736351
6.2369381134837605
4.1262009593966384
6.8966510735199442
5.8268327052731088
5.1083510191265367
6.9237340560129557
5.1088414667055515
8.1955031270700616
8.1534536476772352
4.3259553130956085
6.0277593483816201
4.4020367736434087
5.2483364282638432
6.0277593483816201
4.5738485278730865
5.7717799870244457
6.8792337829025643
6.5221718937254423
7.2516277549611461
6.3402901248998393
6.5162092906088604
7.5752724749872105
9.1000857546175684
10.480777427150448
6.60102665364776
6.9237340560129557
5.2734510971398398
5.615887262002361
5.3361517710952988
7.0165535281808786
4.9706047483673386
6.9234445131679143
6.9234445131679143
11.178826592659846
3.6889131042902648
3.6029625023892056
3.1983467994540713
2.5393010998159635
3.085889192955197
3.8690000992571392
6.8606304452414548
7.2845818530289366
10.304403342360498
6.4709043709872685
6.1059251070489333
4.3008804970581815
11.382399850484743
6.5221718937254423
4.7504036586327087
3.9351387546933707
4.9655725751476485
5.0350176444397672
6.2966073769548538
3.1731504433032982
2.7557326037852148
5.8317869262057354
3.8883447511469229
5.1757445573593071
2.6298080510618251
2.3967401533231323
7.4423474966961791
2.8595868666943391
2.7124706721326297
3.6642072449832686
3.5240937236542393
5.2305759364961775
4.9056789169553712
6.0271684389124252
4.9706047483673386
6.6436734399446493
10.167869994849461
6.6552231698461686
11.628643343487793
5.2587098582752372
5.3134200310270749
6.7826689037717429
6.6436734399446493
1.7124094240707795
2.6479700632580108
5.847130406135201
3.3033047302379446
5.5201367667131009
5.4573226987866414
2.6040231087072394
4.8503471659045951
5.8941220578011633
7.0742776891252639
4.8903332961777162
13.15342353145121
5.4395557171466162
5.5594603374823253
3.7155117822037549
5.9630230987971133
3.498399506565927
5.5472787497413574
7.1286546301927416
3.9756234152929899
6.5515059638090083
7.2179408055916996
6.3276067549962427
2.5749443609020841
6.2172894598079003
6.1419839089771591
9.4735955599065029
7.2881704882960667
9.0274195258461134
6.4750576135651006
6.341981850959006
5.9230426299238577
5.5946940138371168
7.2581997236710309
6.6342908737594124
6.3325704514382117
6.4868136832657886
6.2302831704254071
6.8241141255941722
2.2430063827330127
2.7350860443251146
2.6064356558082928
2.9873391941739276
6.030733873150635
3.9188471213872131
2.1962888898998725
4.8800182716647358
5.1944674597829783
6.4856228077364477
5.3889320154319638
13.132999850829931
5.8638472050108499
3.7873682093908876
6.8679945749023341
4.9533295302169744
9.4485302880414963
7.7070501151318815
8.8920246988225866
3.9481555962456532
3.6015928830867519
4.7913100281731964
5.7702353685801526
5.065013049194139
5.7081349423081065
2.0989338966978095
5.8000592536938917
3.5849469200828938
4.3602204012127528
5.262156455351338
11.990300409751462
2.3593269467896936
3.7839939204527209
4.2155567437830923
3.9801756872908869
4.5069230810217142
6.4021778655092758
13.447691319928101
3.2990860540403029
2.2664168201095363
2.8718777812779606
2.4693066683389264
5.3104128808945692
5.6760598496525247
12.187042954999635
7.20027189465576
5.0456271044566749
1.9573952911411026
3.4590444512615353
3.0501011695192144
13.791287759394995
13.483892647555409
9.3370811006112753
6.5162092906088604
5.8000592536938917
8.8835489975231869
2.329936842092224
2.6372946421976202
3.3418517492828546
2.7824084193220329
3.3020617014676872
2.7883605258613922
13.013505963968164
3.812301553120728
10.680745977257336
4.8925587339734999
5.822159361444788
3.2399180644956966
1.8597340108259652
9.4813556861626331
4.1270003228205683
4.5832913614488229
13.045024927854293
3.7891098221084074
4.8204856556756912
5.070778026280137
5.5729907261418505
6.4097888155355136
2.4798417535965478
11.020282280079805
10.879573174668099
13.600860398208484
4.2099380352712519
3.3619160186621948
2.371304765417197
2.3488452686513317
2.7410853870180998
3.4640540376616333
3.3818242470970632
2.4657056697917668
5.243218159873436
6.4856228077364477
5.6759933869629684
5.3889320154319638
3.6506716978530629
8.341899733165981
4.7556688255592352
4.1170705307421294
4.928308707374307
5.0350176444397672
12.740695707491188
3.0843797697031188
5.5493788886493913
4.8836076083579636
13.399755179106622
12.657037750525857
12.721157315475375
2.4713774434990956
6.3433263925743599
7.5555039723451243
5.1088414667055515
6.5065967870069743
7.6857138451103628
8.0300535672871334
6.8633145030249301
6.2583025619773132
3.6889131042902648
7.5637022786128334
7.1684352253802217
11.070553684605896
7.7961689428779977
2.9877556344604494
7.5752724749872105
3.6510712773435441
2.6479700632580108
2.4693066683389264
6.702494145919105
9.5273044366831083
6.1635170568466995
7.4177582461854783
4.2223394555560887
12.97520784019328
9.3783398331669812
2.5295840186195191
3.8739244674428068
4.4151302953413456
3.6029625023892056
3.1260618674564502
3.234857360027124
5.6522961162610619
13.256505347121077
2.4605869530808011
5.3104128808945692
7.7065040207240205
7.1926759143789951
2.1660213560436512
4.5989975811735944
2.4156477672569752
3.0809661551771712
2.8453730043066749
3.0653859945319128
2.9216363241958621
11.808365473952733
11.808365473952733
11.808365473952733
11.808365473952733
9.4204573362252759
8.3103807025081782
6.9287808771321044
3.5329900213508409
2.518804901275411
9.5684604710848919
2.7316760285840904
11.590661667112517
12.684482874380691
2.6710656727158617
7.0507566509992392
2.4798417535965478
4.1486932926771889
8.5971678752225635
7.9203215592001106
3.5252117811561745
6.6514516801393153
11.444861851425523
12.11437536744047
7.4601170202978695
12.749976633420868
7.5576434394103087
9.3733310096984184
7.9169051784196016
2.8019155989310418
4.5217842011500995
2.6271015550478278
11.225118126892214
13.038161233953012
12.600485087796859
9.6134549646853156
8.3896405665406668
11.187747655315547
6.5738456060013721
7.7459924590683151
9.1350909197612253
11.628643343487793
3.9649849959570815
5.4123864894921656
6.2964694045574028
3.5456270489108288
4.4501798157514685
4.9533295302169744
4.9001810495206337
6.1589765720140486
6.0030534890746248
7.8936710769170624
10.673984973719897
4.9608942727652217
7.2581997236710309
4.4723240455468547
4.2761686664358454
9.1816413630220648
5.4052670215813707
6.6699277920096742
6.6342908737594124
10.560809155484653
6.9840910287753264
4.294476286820947
9.4535430962396827
10.212976728439065
8.3642204126376054
8.6580991613217986
6.5693761217849547
5.6434639925486252
6.3325704514382117
4.827587623425317
9.8398858199661543
8.1728118746131244
4.7280167993579774
4.7233240045678162
1.9408282008614537
4.0862647317380008
3.8688217125998441
6.2574452828181339
7.2845818530289366
4.827587623425317
8.4543919532836025
6.8443615021297957
2.1893015660422721
2.2478478208200543
3.0131711069351619
2.6271015550478278
5.0806455668668731
4.6201566926304967
5.2013149291521792
6.6330844735564645
4.0011891593248308
7.2979923416552133
2.8705002856989315
4.2393144504860345
1.9748518539611253
9.0274195258461134
9.2774382308025221
8.7965326165597855
2.4245850211668722
5.5312266932755172
5.0703759963122446
4.203918644695352
3.9270173795892385
7.4554736405897497
3.630571564598216
8.4978228161054048
3.7532538517647063
5.3120682474742926
4.7820151996500169
6.4868136832657886
4.8135648260577106
6.2302831704254071
6.8241141255941722
5.7348244128640928
7.7961689428779977
5.7348244128640928
3.0068156900736351
3.0653859945319128
7.2711470929658857
7.7961689428779977
2.3613380610661587
6.702494145919105
3.5292350442378688
5.0590792285053814
5.357406910350047
1.9266739124039065
6.5502018606658599
3.678644877568805
5.1962880484163323
6.5487842793626081
3.7900902909515168
6.2964694045574028
7.3912137619861857
6.8554106945692581
7.3283996940597262
4.1452937499391611
3.604212291972432
5.6969006890138418
5.8392075521811559
5.2504182226222067
3.9256892271359107
5.7702353685801526
4.9893042518972575
4.2818140025210463
1.9606250297505996
3.2342696257471384
6.0197702879502728
2.8638160831789663
4.1862696111655469
2.229566131777863
7.2481170874963832
2.8306425583556845
6.030733873150635
2.0831653780473411
4.6504399709231805
4.1862696111655469
3.1527051345273311
3.7502703377112026
2.544694620543916
2.3097513020796092
5.355295828604004
6.6265097908836728
6.7993857026473918
2.5919611540828389
3.3418517492828546
6.9385919867111667
6.877558064353785
6.9385919867111667
6.5485482494139609
4.4827486856500602
6.8606304452414548
5.262156455351338
6.9234445131679143
3.9181769517053491
6.8606304452414548
3.5712326246530779
6.1446139153761763
6.9234445131679143
6.7216349814143612
3.6991570638679057
5.7691688646654891
4.3458284267971434
5.1348317724100685
5.8005304026023756
3.9029517402243852
6.62674582083232
3.9029517402243852
3.4494946703135043
6.7174912080834179
5.8886174976894727
5.3697917778235205
3.5860346645209011
4.975463600124602
3.903893803958332
5.5594603374823253
3.9547291610216471
6.5487842793626081
6.4708227378928962
4.3360283323065421
3.4137030904581018
2.7824084193220329
2.6190629356329809
4.0185112434567714
4.4592776902480029
4.3360283323065421
6.2369381134837605
5.2870369592093462
6.4708227378928962
6.4097888155355136
5.1765824856464819
5.3479804434777938
6.2217906399405081
1.864753116530248
4.1319359813841912
6.1756933708896966
6.3318272740658017
4.084955681635698
6.1680466846876989
4.084955681635698
4.9001810495206337
5.1661132342533582
6.0977318294199847
4.9297923097022576
4.2248514684619813
4.2785781286837414
6.2369381134837605
2.518851186075961
6.0197702879502728
4.680669219024332
6.2369381134837605
6.105720889851332
6.1264792250157338
6.0197702879502728
3.9488771730634973
6.2369381134837605
4.9657641329288875
2.9588655317343417
5.6522961162610619
6.1759041911263779
4.069314515060162
4.069314515060162
6.2369381134837605
5.9418087464805618
4.1262009593966384
6.5829279798015294
5.9341620602785632
3.0148353953961107
3.1574905010044705
6.2217906399405081
4.4196678275214056
6.1589765720140486
4.0817704937050152
6.1589765720140486
3.9188471213872131
6.0277593483816201
2.5049328565005227
5.9418087464805618
4.4963688993454891
5.1348317724100685
4.2348279120254926
2.9216363241958621
4.4963688993454891
5.065013049194139
5.9420195667172422
5.9420195667172422
6.4270048968621056
6.0030534890746248
5.785885663541138
5.9420195667172422
5.4077014395904568
2.8871454678160604
2.5340344423073842
6.0030534890746248
4.9000063868209871
5.785885663541138
4.7628331414174685
6.0030534890746248
4.7242199560642124
4.9000063868209871
6.0030534890746248
4.7872895080033144
4.7628331414174685
3.7739588125091439
4.412675808103927
4.8727997229509414
5.2870369592093462
2.1009430191942569
6.0549220355910647
4.1310730335836725
2.8175131946038672
4.8088850270399028
2.5270614155625708
5.847130406135201
4.8088850270399028
5.7540213911222367
5.5352842402563533
3.4052069826952232
5.3468638103186148
3.3343539253996055
2.6726575783785771
2.489947166378558
2.489947166378558
5.1545466455814442
2.489947166378558
5.1621933317834428
3.3928527624094822
2.489947166378558
8.2403883289809983
2.1980359071085545
6.247262803528848
3.5170717868539461
4.2126863417918976
6.7478391710080476
11.252301503338895
6.8439925695108865
2.5774550378163741
8.9203800427955375
4.4497788358477939
2.6451803772678901
1.8635445642735256
10.140865920398136
12.083921125754586
7.524523237883094
12.991658424862244
7.680504660057907
9.928328664206024
8.9608240632214162
1.6113356818748523
3.5250009609194937
3.005246904536814
6.2848646525712235
1.8466430076068387
9.2163703353425692
4.1355322655666207
6.0901069081229382
6.6781748791011877
4.3173403132488435
8.4056693835860106
2.3850796556599598
7.7585789816019517
8.9170640426014849
10.308730450802303
1.6114425608927323
2.3048398060943858
10.281294707034608
9.203682436959415
4.2522789456235692
1.5751891482321081
1.527766973373555
9.3837970736274716
10.054591414608511
7.4987352893628536
4.2425217570216986
12.777745528371824
5.9238638505667494
1.6198156623062461
6.2978641430629922
4.4780693610144384
4.8811743694025544
2.88191648534626
2.8343920932483018
1.7946442449200146
6.3415852137492097
9.6905367919322707
1.4972036077935955
12.074640780300301
3.70508304453287
6.6339180860602349
4.3564444261196176
5.5382506439371326
2.2227538236418156
7.2610722461261368
2.6820687438139017
8.9863895608062911
9.7155280695989052
8.9592794743827344
10.188621873241448
9.1581923082349963
3.0695555072189622
2.3048421011066713
6.5703121813294185
11.205460008044248
7.9544899611032909
8.3538804167404965
5.6647157341036731
1.5886024082782471
10.820574025187652
2.1141872624108631
4.9989793357216739
8.6484807321183013
9.3268414255297039
1.5778860721279901
4.2126840619738228
6.6332001892175185
4.3101502672463896
1.528223269667635
11.098348968141353
1.7206974908724819
2.6451617908725438
12.964118122251993
12.49977936648923
4.4872964560561561
1.8928440618429601
2.6672292236071895
8.8263857808598996
1.6100143633811024
2.8412063893232764
6.8282168661125278
5.3231660863080865
2.2302204497200679
1.610235416554993
6.3137248407425677
2.3850356778936601
1.5655233449466632
2.608435232258385
1.6842762385824872
1.4270812735962026
1.6116324808622238
6.6713498596185277
4.9402679811947641
3.9457637998138719
1.5386375677588431
1.5470248989835651
1.470869312938659
4.4506450735667196
4.4506450735667196
11.60182179110665
10.322122482331086
11.858898844255865
4.2183062425390698
4.8542191218764579
10.952624214037208
13.250053580416832
3.185648225710958
12.321447790165484
6.5443242778634207
3.2889394670169301
8.8448635813917775
4.7875195124214383
6.0976374189431501
4.7773569573817571
8.1974693770535207
5.6834713899524045
12.9658841009797
5.7233794351743468
4.7540727136088581
7.2611005730701654
11.296859410906848
4.7698761905532079
8.9307312150496987
5.5083049095833996
12.873985184309737
6.4671810230238087
4.118573520570572
6.6500586718508599
12.922280502720723
5.8656902035713978
4.8206848181229782
10.503910426734791
10.826800763964307
9.0415107223964899
6.2263461255877841
5.1941867525595287
4.3404240109516206
7.8888585577897787
12.611500878423174
5.6403716525110257
6.152292301704418
4.8333456660839307
2.9599258992146704
6.2425273919562896
8.2743924004719496
10.931120846075011
11.170208228178099
5.6954175214592251
4.9339436957354907
11.817540011465621
10.104936151713128
11.444144233914841
8.0601108133981967
4.510158832078635
11.181765595926555
13.12915878204376
11.047608041363189
8.1956128146609721
5.5542441074758644
4.7381076379405931
8.3598032853958113
5.5003039091263268
3.7365092305744696
11.099631989937279
5.7214139238895187
4.8235860817716176
7.6851742311201683
4.6995887778123802
4.0045460579754177
4.546744366443833
4.4214514728459768
7.6399653893622768
4.5394857231703742
3.038686411248094
12.924826327316438
3.1521148156394663
6.1279176879358763
5.8664191889537607
6.039106717207277
10.01375836957266
5.6893223674751932
5.6201843016228157
13.346607361527088
7.1379951379812887
8.3376488985887729
4.8134248513394846
5.7214131227300609
6.7334516180334392
4.5101596063669129
7.9710669960378313
11.604581094209614
10.734125376193216
4.8134248513394846
8.0452084359921461
8.5906309501708602
3.0961455480224465
8.5906309501708602
4.5244792936081994
4.8197517181182139
7.3401242879569635
3.5999889184770124
6.4534005805224819
3.2692911478335778
6.4082517765751188
5.3612187983222155
10.524822894317913
4.6128398768054115
5.9177915713020193
3.2662985512244207
9.6839627370267305
9.9011305625602173
13.416793810710161
5.0710690320400085
7.2251711308666566
11.437641577110757
7.8552484663979554
6.5660723460593662
13.475676965861705
5.3201025133024853
11.387043422774225
6.679435426075667
10.290377729736939
12.922985464102203
7.3541936632129419
5.7541114821197228
5.7544968970372272
5.6325173115493881
5.8456595904822901
5.3657018079703764
7.7049657275730326
12.258664629678567
11.369087567318589
11.447800128836606
5.0949273141385687
10.01537463535476
10.764723399473526
10.123251742087183
5.2725876819269315
11.387043422774225
6.0153901349998193
12.568539771406069
5.5720771203934376
6.345797108321519
5.6548738451641638
4.9463419402283089
4.9736446537955938
7.1515259262552551
6.8788894592233696
7.2861318662258086
6.7708759726478531
5.7558016780312089
5.3159870806777931
3.7308720374457791
2.9159533682230374
2.3911981325262186
1.9070311872482513
8.3951030702114586
2.6425678265640813
2.5447172698157488
2.2038302737877173
9.3721165711478829
2.8797848202836365
2.8055517913385635
2.6599411459384297
1.9103109559508116
8.2403883289809983
11.60182179110665
4.3418840490038759
8.9622318727476493
5.1041674108844486
6.7570550928907158
9.4178119701639478
4.9993137778061394
5.997373666755486
5.7686629650174837
9.4483171103944716
8.6956259259982414
5.2206047327848006
11.750560545576031
6.4725223337470714
6.0516440909741203
5.3939851658474298
5.0879542739873278
4.6279236256521852
2.9358713159037291
2.1194007735196982
2.9709804118671808
2.3676269583013458
9.0301023921669135
8.1103705251859459
2.1980359071085545
2.7968029145036839
4.0234822613735242
6.247262803528848
13.416793810710161
13.788526103349747
13.237118892425483
11.203197099662225
12.006043195768918
6.1438196559044007
6.4664215805810388
5.0529399286414556
8.1170852214304947
7.3774125672953144
6.3891291228430127
6.6444498359260793
6.2922010061333271
8.6537458990448286
6.0873786395278646
10.322122482331086
8.3593432992211127
6.8366589775959392
5.6743373785784854
8.3433549019770776
12.67940662875694
8.0245814413729892
5.5177916872782102
6.7169075037482529
5.6937309796675359
9.8921253120871349
9.8929699693002018
7.8267009989090965
7.958833670707655
7.5410463167704069
5.7801043179375471
12.493123604989467
7.0615636019697705
8.161602009501971
10.022019156877928
12.275184832805811
9.8954142604266124
6.5129865274542338
6.4622446386725114
6.7995858130912756
6.5472332319549436
5.9194464798764388
9.1310021828060641
7.2872438014181649
9.3899987376812017
5.6129011742961383
5.8590949921876598
5.6674961420435634
6.9951765747660763
6.7635086359121983
5.8413196462716295
7.5410463167704069
7.5410463167704069
7.1238506326981907
4.6279236256521852
2.9811334722897862
3.4884232194383742
2.868278652170976
3.494389512680188
3.5170717868539461
3.6761608419472465
2.8631604819026597
3.5946730055750984
3.5168981964124448
7.3451164929353743
7.4310670948364335
4.9871193997614762
8.9118543616409802
11.858898844255865
10.108946103057818
11.858632315391697
4.2183062425390698
3.9203966004299455
13.175515304288115
4.8542191218764579
8.7989783154924623
10.373134687050692
12.556176234807392
4.2126863417918976
6.7478391710080476
10.952624214037208
11.148515226075608
12.776131119081551
6.907085082413114
7.8104230062924991
7.2779486672262976
11.153293905024112
7.5296793057985028
7.1042714605200681
8.2967091738824301
7.0373616529095244
7.8411980505374022
7.9415599821336222
6.7467920599137008
7.9165883169423639
7.3925431255604854
7.3845670549940321
7.0260855429893319
11.252301503338895
7.9722970741952537
8.2675153040995326
7.7720015409283993
13.250053580416832
11.548663920604247
11.40310967391455
11.755387462352918
11.755387462352918
12.411709451201391
10.946037022519803
11.090752987864587
12.495244948708157
11.358194093783462
11.455720512895901
6.5419938268055535
5.810204577634809
6.4171148642510651
5.7172486121916561
6.5440953544781761
3.185648225710958
4.4946061081602302
12.395899889590996
10.743560045183795
6.8439925695108865
13.327720985005916
3.7875855312397415
5.0347179591788498
6.5551111166339071
4.6025622747808068
10.132775162025849
3.9049732710089469
2.9358713159037291
2.9811334722897862
4.0675087562562711
2.9975894321669072
12.321447790165484
2.5774550378163741
6.8087110401786388
6.8366589775959392
5.6650190191218801
6.6709419455465975
6.0089170909614893
6.0105874065639391
9.9958089029055781
8.1389557240970429
6.5443242778634207
4.7887049264029846
7.3255779170320769
10.057053645499641
6.7632266466628419
6.9235317862867527
6.0667704458335896
8.2821065420982656
8.9842560182140048
10.680745977257336
7.2932295490034758
6.9393704573007078
6.9869696324486092
5.5032649196184593
6.937126935459764
6.8691913323688345
7.6297507631198487
4.6294727325697025
9.0425829608031023
6.4071553181037677
8.2240323865812002
8.6685523924463173
6.5287231711588607
7.6243233192450015
7.2244063757378454
4.7617443407763416
8.9787226403524656
7.6343060965952771
11.694246016363591
6.4280510834952143
7.0644147566841404
7.305830168631517
7.2781121682534673
7.2781121682534673
4.7725784058015179
7.275478978054565
7.271252990447401
7.271252990447401
7.2733791473779466
7.2795045239816343
7.3086371420411034
7.3086371420411034
4.3418840490038759
4.3215992246873869
4.6797245711183955
6.2864807720490266
6.0263932955164377
2.5418867017106739
5.6743373785784854
5.7663672944803182
11.743084723742374
7.141545296018796
11.604242166821013
3.0482619475111661
3.766300011183719
4.2266548341469008
10.194684450440446
3.7761864281352882
3.440870362315291
4.1409999777761426
3.063904361571804
3.7308720374457791
2.7971358743359374
9.3772525454862876
6.8844731603921687
10.924043298542806
9.777981847864103
8.7656566547764161
9.8941097158685434
8.9203800427955375
3.2889394670169301
5.897744415672495
9.4310644593874837
8.5728497394048269
8.3471627622314788
9.6222177576381345
10.794728147005538
9.0925445332685708
10.241403466059952
11.840098618186778
4.4497788358477939
3.5935868995485647
3.4724973805308621
5.0710690320400085
8.3826761345639618
10.04269098886177
6.6195998013135959
8.0149060937438801
7.2882139322563209
6.9636408459919883
9.7619242784964424
8.1080151087568453
7.0507822080129241
9.3057785130760493
1.9177706119047599
2.1461194702353885
2.2827874692653221
8.9622318727476493
8.7656566547764161
8.507911878076122
8.7481097463313482
9.2533729020895965
9.7866945711750652
2.6451803772678901
2.7880048776322992
3.5323687759719675
3.2167918678963656
2.8606066378181003
3.3864201731539092
8.8448635813917775
7.708781630993216
7.9688088246930695
9.9804551324813318
5.8465406018239854
2.4244027667544565
3.5181021347343355
6.0551395665367069
3.5219061232105755
4.7875195124214383
4.3215992246873869
9.3772525454862876
6.2145464600916256
5.1796189257981808
5.0643994293273265
7.2324309988851985
9.0602704052690353
1.8635445642735256
13.788526103349747
10.140865920398136
13.327720985005916
11.084880689545376
6.0976374189431501
10.372812446977806
11.548663920604247
10.885767723234672
11.546602722775379
11.484673927041339
13.595241418628095
13.206585062102194
12.923878126060032
13.4253815101687
12.291300347944839
10.643670870885506
13.791644194339977
10.940203163448189
11.746910968048354
10.541023900977128
11.795487287626862
11.52515565999321
10.404673860492567
10.061594130332292
12.083921125754586
8.8636496486332419
4.7887049264029846
9.5051031462423143
2.9159533682230374
10.088881757286106
10.176935017179073
7.524523237883094
9.4345217601533182
9.6234279884895777
9.6062120157936999
12.991658424862244
3.7875855312397415
3.6153747149179107
7.2251711308666566
10.524822894317913
4.7773569573817571
4.1953608557025985
7.680504660057907
7.3925431255604854
9.2812924778542456
7.1130260702285835
3.6761608419472465
3.7511513110528072
3.6728601958311011
10.108511707223057
11.437641577110757
2.3911981325262186
2.9717683429446784
3.18526312207866
10.721811918141972
11.846111552322178
4.2967359449023785
4.5845980497635797
4.945489356880155
10.721811918141972
10.349724482481763
10.860496961308302
10.856449525246093
12.247811077254649
9.5553201935244783
9.6924429703012294
10.885767723234672
12.123753576661649
9.2082262005836704
12.047719339577732
11.21917989524033
11.335269911845822
13.318534409710869
13.699533643401452
7.9294655319248859
11.86863099272357
13.465799040860137
8.3433549019770776
11.936812426695846
7.141545296018796
7.2001387749532801
8.6638437285482102
11.417055681722776
8.6031008610676771
13.511532038170909
2.1194007735196982
1.9177706119047599
2.1229436180930463
2.6126700276205179
5.1041674108844486
5.7507212431877006
7.3817172533343891
7.0840718460782597
6.9786752691654463
3.3748988448745694
2.426427049490449
5.1211745098209933
7.3255779170320769
5.4495631589401237
5.5576338634983324
8.3129692926545626
5.5788047623393133
5.467688125956677
5.3525832337980361
5.4166078015001666
5.4495631589401237
8.8343806589605354
8.8343806589605354
11.049075972055997
9.928328664206024
7.3817172533343891
6.6424330187740575
8.8568885509256319
7.9693919977825614
12.67940662875694
12.291300347944839
13.698094704134684
11.864767056498902
11.315835319671072
6.1003558750388267
7.5010395758747981
8.9608240632214162
8.1974693770535207
5.9629374883566362
2.8206790307833307
3.7770363501217439
3.0348446377995231
5.3701924362817861
4.6419208491648698
7.5752291807001608
6.9491377620619152
10.057053645499641
9.9258364218672135
10.240058924444599
10.467453195270547
1.6113356818748523
9.7347082137369139
8.6292574973101797
6.7632266466628419
9.1720056375369357
10.066123758173292
10.024556298501325
3.8014210544819877
3.8303440138577178
7.8552484663979554
7.9722970741952537
8.3370172911242655
3.4884232194383742
4.0675087562562711
6.5660723460593662
12.776131119081551
8.5457009854737755
8.2124915115142265
10.481005053287122
3.5250009609194937
2.4178710251763924
3.005246904536814
2.8631604819026597
10.349724482481763
10.430479254715427
9.3889116610647747
8.8568885509256319
7.8567450611152507
8.4256502418865509
7.8890718678623086
8.9684530697978371
9.8400966402028356
5.6834713899524045
6.1438196559044007
8.8616311611199254
6.5195229366385785
6.1052744420188922
6.3178891726536985
6.1684135582292718
5.757811084311558
6.6999926724166352
6.1459248943056473
5.6650190191218801
5.8458779235091285
10.368899811378489
8.3573547637335945
8.1601081531032253
6.2848646525712235
13.475676965861705
12.962912514764097
2.7880048776322992
2.2973303437410566
1.8466430076068387
1.9070311872482513
2.4178710251763924
3.4406193966851957
3.7421687864529805
9.0805275841615849
1.9625280531900204
1.8338303784661341
3.8014210544819877
3.8291312015104002
3.7100603920383568
12.9658841009797
8.7780953451503283
11.40310967391455
11.546602722775379
11.94896851548604
11.818398632685703
11.755387462352918
8.0245814413729892
8.1022460742290061
5.3201025133024853
7.8567450611152507
5.8458779235091285
9.367652013999118
7.9429518799790628
7.9429518799790628
8.1082369141412265
7.7126801716516225
5.7233794351743468
6.3040355245728117
6.6864375993469851
8.3951030702114586
4.8993306811169646
10.013235804468851
9.0641903077389507
11.130983852965672
10.71915360371756
9.2163703353425692
8.9437810235785928
4.7540727136088581
7.0641659839858706
7.4207836065053057
5.780014021718717
5.8942781014451304
6.6291479221637193
5.872816171114545
7.2611005730701654
6.9235317862867527
9.1720056375369357
9.7300600060775402
9.9929083919937067
8.6692901553093531
7.3041798335688846
8.798948814091645
9.6593885960193973
8.1321480172122591
9.6916885826081245
7.3026464753792455
8.0433708234247536
9.7372846256667493
7.5972341373534986
9.9178473614358662
8.3944459728310825
8.3944459728310825
8.622297029549804
7.708781630993216
6.6918078882180678
7.708781630993216
7.2378132042581385
6.7473739988591648
6.9129124688817036
5.5177916872782102
5.7623442248327628
11.387043422774225
4.1355322655666207
8.7844964182410692
12.392039439491281
6.7169075037482529
11.936812426695846
10.168688916919965
10.524586864369265
6.0901069081229382
3.8511762104636
11.139238892622506
3.926429133855557
6.0667704458335896
8.0089370459566016
5.9753248366272542
6.6781748791011877
13.563001946543045
11.296859410906848
3.7511513110528072
3.8291312015104002
4.7698761905532079
2.868278652170976
5.9629374883566362
2.8605158828152208
11.340424570181773
6.84681585553591
6.6709419455465975
8.1022460742290061
4.3173403132488435
9.7347082137369139
3.9203966004299455
3.5603137127816384
3.5799646358410966
10.673048074264335
8.9307312150496987
2.8206790307833307
2.8605158828152208
6.6424330187740575
6.6024027712910689
6.5715144938496675
6.679435426075667
10.158367905735462
8.4056693835860106
9.4039484621290672
8.9685661048772776
8.0035726051398566
7.7754817580260545
8.9660085416435926
10.013198177684984
9.0743906288849328
10.163814252552486
9.2679428380206268
9.1412952333590294
9.5740704604485618
5.897744415672495
11.030237881946311
12.123753576661649
5.5083049095833996
7.2866507678757646
9.4474559621349847
8.0300130548697837
8.6609102149030619
8.6609102149030619
8.701368896177712
6.0782264732747935
8.6638437285482102
8.7370316393684355
12.873985184309737
4.6797245711183955
4.5505242633916687
12.917456667149763
8.7722596300344549
10.108946103057818
9.3697024653419074
8.4256502418865509
9.367652013999118
6.4671810230238087
6.8844731603921687
6.2145464600916256
6.3098721295706355
9.4333613137419459
7.6610860654197515
7.562284318468862
13.351620169725274
8.0291501070692668
9.4333613137419459
6.5707346518641696
7.290929835895076
10.855799532056084
3.8291451474084246
4.118573520570572
6.6621236705829698
6.6500586718508599
5.296579583785439
6.6517386115199777
5.3825399492028891
6.6522501527990121
11.05460536754069
10.516998645001541
10.83666906019676
10.290377729736939
8.7370316393684355
7.7743317749490011
5.6937309796675359
6.3261948332187901
12.922280502720723
2.3850796556599598
2.1461194702353885
3.0641072640543126
13.237118892425483
5.0347179591788498
13.499725742033485
12.922985464102203
8.2821065420982656
8.9797676886383275
8.3602107127715772
8.541215437311525
8.3001138471290012
8.5182337661160901
10.003797963336925
11.036632805208676
11.272663601647135
12.511262259762468
7.6072328639877389
5.0555916906124381
10.558966594756834
7.7585789816019517
6.4664215805810388
8.8616311611199254
6.5195229366385785
7.4913512572887022
2.9709804118671808
2.9975894321669072
3.6153747149179107
4.1903944413244671
12.091608208388026
4.2327225950053675
3.925266563204413
4.2055793997614597
3.0013149585575194
10.77955958458219
11.928130640772725
6.5966803226226096
5.2673115252897746
8.9842560182140048
8.0089370459566016
6.907085082413114
8.3589059266903103
5.8656902035713978
8.507911878076122
10.243181090406127
8.0134703527352489
9.2678688513091139
11.474145744202612
11.559073546828351
8.4198612746356929
6.9112481804207544
9.7300600060775402
9.6672459381510816
7.3541936632129419
4.9933209544057098
8.9170640426014849
8.9437810235785928
9.2797453562569103
9.6817288665615262
9.3408788297098919
8.9437041779422692
9.6986074760879681
5.7541114821197228
9.4573667506756909
4.8206848181229782
10.040060982462752
5.7544968970372272
7.7743317749490011
8.9797676886383275
8.4740408866151125
10.07377044437529
5.6325173115493881
8.5457009854737755
11.755387462352918
10.924043298542806
11.036632805208676
13.079718436507658
10.743560045183795
9.4310644593874837
9.8760469794317594
10.83666906019676
10.243181090406127
8.6286822813255277
11.484673927041339
11.94896851548604
9.8921253120871349
6.7570550928907158
10.047740208384175
5.296579583785439
6.0418059061624296
8.3107528815895186
5.8456595904822901
8.7993140639777252
9.4039484621290672
9.4298245729939918
9.4573667506756909
10.840451991601435
10.503910426734791
4.9871193997614762
5.0802980824535258
13.467329747613725
7.5171853187396644
10.057053645499641
5.0284790943077802
5.0573389759048135
7.6181306764406695
7.8462326697312461
6.5506628553294277
7.6578454960643683
11.281089768711873
11.692982438067359
11.130983852965672
5.7623442248327628
10.545545146059318
5.5893650562192487
5.7289218337463161
11.05460536754069
9.2588850855823939
8.6505974431496053
8.7233439297048587
7.8132135853891205
11.293945839733949
8.8682862903780126
8.471925601358679
9.0993920026377726
10.325081970347698
9.4345217601533182
11.86863099272357
5.7663672944803182
5.9753248366272542
8.2148205395518161
9.8929699693002018
13.595241418628095
9.4178119701639478
9.2706155582489789
11.604242166821013
10.308730450802303
1.6114425608927323
7.0641659839858706
10.423232908979642
5.2326837373809632
7.2824595507663492
3.4109719957219604
3.0518661738966495
7.8104230062924991
8.4409341717912358
7.8893137925923744
13.378805724113667
5.6119182499082392
10.395635882085397
5.4495631589401237
5.9471487150542073
8.5728497394048269
9.7578920901864876
7.2779486672262976
7.3845670549940321
9.2812924778542456
2.6425678265640813
3.9760534108621162
2.7618748523076451
11.547631999413742
4.3108557195410029
2.3973812593932626
11.846111552322178
10.860496961308302
11.281089768711873
11.103525348731695
7.8267009989090965
5.5576338634983324
5.6119182499082392
5.6119182499082392
5.5384198150258275
10.42735349090132
5.6620714996846315
11.353550714075343
3.9760534108621162
3.8291451474084246
5.0529399286414556
6.2577940586030172
6.9186835887553411
3.556743883795265
4.2994503449869832
5.0478234554577481
6.3572633071905598
5.0269640314303548
8.1170852214304947
6.2577940586030172
4.9993137778061394
10.047740208384175
6.7368096236534205
13.132359657176025
6.9186835887553411
5.0479139028795936
2.3048398060943858
8.6292574973101797
3.925266563204413
10.281294707034608
8.9685661048772776
10.132966445681667
8.0134703527352489
8.6286822813255277
9.3554870007923618
4.6117789729969738
10.680745977257336
8.3129692926545626
9.4298245729939918
12.498560644916362
8.3386843504723043
12.40531701149798
8.0035726051398566
7.5742089472974667
10.643670870885506
10.027654672596313
11.153293905024112
11.417055681722776
8.4409341717912358
8.5249300465211135
7.4207836065053057
9.9490107074040157
8.8037559904409637
6.4613969674778264
9.203682436959415
3.8511762104636
10.423232908979642
10.826800763964307
8.0149060937438801
7.9520920258174215
7.958833670707655
7.5296793057985028
9.6062120157936999
8.3589059266903103
8.5896641226205706
8.0412620528594942
7.9695006558737171
9.6062120157936999
13.791644194339977
10.027654672596313
12.026961690723294
11.592668933580914
12.370145396639181
12.716656087016899
10.169058567138324
11.538873357345262
13.35423206148703
12.54217864813104
10.761391576510523
11.461779352098427
11.169224166451478
7.1042714605200681
10.558966594756834
8.5896641226205706
7.9688088246930695
6.6918078882180678
6.6024027712910689
8.1859766502265572
7.3774125672953144
5.997373666755486
7.3451164929353743
6.4168819747610035
7.0260855429893319
7.0840718460782597
7.5410463167704069
9.2588850855823939
10.007137183661696
9.8480416750193118
10.619712054899953
4.2522789456235692
4.1903944413244671
11.092744369891253
4.2135979118807265
8.5634575765276519
4.3253904587878811
8.3593432992211127
3.9188790317945248
9.9804551324813318
5.7801043179375471
10.984543201344458
2.3676269583013458
2.1229436180930463
7.1286587700895128
5.3657018079703764
5.0131766920847678
6.2974521590492758
7.599371191429082
10.940203163448189
12.026961690723294
11.066512298865813
10.856449525246093
10.430479254715427
12.247811077254649
11.692982438067359
11.103525348731695
11.592668933580914
11.44625323340551
10.134536043575975
9.7067016696149562
10.279130646173355
9.7921991312867558
12.28771764002626
10.471922679486966
1.5751891482321081
12.392039439491281
13.563001946543045
3.556743883795265
5.0479139028795936
3.8339322931688762
3.9378342961127735
8.7484242393901877
8.701368896177712
9.3697024653419074
3.3748988448745694
4.2055793997614597
5.8470151414422444
6.2536549123594085
9.0415107223964899
3.0482619475111661
7.2882139322563209
4.2967359449023785
13.699533643401452
7.9520920258174215
3.5647515962155989
3.6264298973496043
6.8878534909934217
5.6247909294942913
7.6483474111967951
1.527766973373555
11.049075972055997
3.5603137127816384
3.1967206581866243
9.3100546419774908
3.4406193966851957
6.2263461255877841
6.6621236705829698
6.3667394663764227
7.2932295490034758
11.116017879077292
5.1941867525595287
8.3211325753637233
9.9929083919937067
9.7499172475095826
8.7993140639777252
11.44625323340551
6.3040355245728117
6.3667394663764227
4.3404240109516206
6.6517386115199777
8.0467703661627805
9.3837970736274716
7.7049657275730326
6.8087110401786388
10.088881757286106
13.378805724113667
11.779236038122853
12.493123604989467
11.746910968048354
11.583790918595955
6.9393704573007078
8.6692901553093531
9.6839627370267305
10.054591414608511
7.8888585577897787
7.3041798335688846
8.2439055002827359
9.8400966402028356
9.8400966402028356
12.370145396639181
2.5447172698157488
3.766300011183719
2.7971358743359374
4.8993306811169646
3.8291451474084246
2.7618748523076451
3.8291451474084246
2.7892297490713398
3.6957880545284061
5.2912627115022248
2.9165428219860163
3.6817375216074364
13.371672633392096
13.276416906652575
8.2675153040995326
8.3370172911242655
12.611500878423174
9.8760469794317594
10.042762071494685
10.775635137839377
10.71915360371756
10.545545146059318
10.794092975531099
7.4987352893628536
4.2425217570216986
9.2082262005836704
12.777745528371824
10.176935017179073
10.238367198385433
5.6403716525110257
9.0301023921669135
8.7989783154924623
9.5553201935244783
9.3889116610647747
8.7744628477796933
8.9506595360113472
4.3481855771423614
4.1902417033973505
6.152292301704418
3.7770363501217439
3.5770433221818592
8.5485170444087739
5.5788047623393133
5.6119182499082392
9.6924429703012294
10.134536043575975
11.177377894718397
5.780014021718717
5.2326837373809632
4.8581372473626709
7.6072328639877389
3.8339322931688762
3.298980485817216
4.2266548341469008
3.5647515962155989
4.8333456660839307
5.5893650562192487
6.1921929183248183
7.9693919977825614
7.8890718678623086
10.158367905735462
8.0086718070173912
8.3629541616090339
8.1019957181809446
9.0746595591320744
7.0615636019697705
10.794092975531099
12.258664629678567
12.962912514764097
7.1147941607412495
13.27140808318401
11.369087567318589
11.474145744202612
2.9599258992146704
5.1796189257981808
5.9238638505667494
11.148515226075608
6.2425273919562896
10.042762071494685
4.2994503449869832
3.9378342961127735
1.6198156623062461
6.5551111166339071
8.2743924004719496
3.7270213129097285
10.931120846075011
8.9118543616409802
4.1953608557025985
5.0802980824535258
4.8342699828312403
4.8779166246522188
8.2582974746983453
10.758707518727048
8.798948814091645
8.120306860286842
9.1484952961078001
6.2978641430629922
6.9790432286627642
6.7980839310448902
5.467688125956677
10.395635882085397
5.5384198150258275
8.6505974431496053
8.5736847120762523
9.9011305625602173
3.5946730055750984
3.6728601958311011
12.627399882158223
12.411709451201391
8.2967091738824301
7.8893137925923744
6.9786752691654463
6.5715144938496675
4.4780693610144384
9.6234279884895777
7.0373616529095244
11.79624306674344
10.753487768054852
11.170208228178099
12.047719339577732
11.251200340441828
12.208457775993772
6.3891291228430127
5.0478234554577481
7.6261844688069109
12.091608208388026
8.3471627622314788
11.030237881946311
9.2797453562569103
13.578622557723586
2.2038302737877173
5.8465406018239854
2.9717683429446784
3.7270213129097285
2.5518979912382145
9.9557223319709642
9.3933321745706806
8.3602107127715772
8.4740408866151125
9.3100546419774908
8.3218166187400637
10.693113280161652
9.8211197034094511
9.5415410660342186
10.229904347551395
7.8614795785003109
7.8411980505374022
9.777981847864103
11.79624306674344
11.22647676754532
8.161602009501971
10.984543201344458
11.617640857981236
13.379432759648227
5.6954175214592251
9.3554870007923618
5.7686629650174837
4.5505242633916687
12.917456667149763
5.8942781014451304
9.9490107074040157
8.8688590106709242
9.7249097787587022
3.5323687759719675
4.6176747005940282
4.8811743694025544
12.684316185248525
2.88191648534626
11.084880689545376
9.9011305625602173
9.3524761669300336
13.25560693087113
8.9512556730719339
11.605127188617475
4.9339436957354907
11.840098618186778
13.578622557723586
2.8343920932483018
7.2824595507663492
11.447800128836606
11.817540011465621
11.858632315391697
10.022019156877928
8.9928816096809268
5.0949273141385687
10.840451991601435
8.7744628477796933
9.5949777624994361
1.7946442449200146
3.5935868995485647
4.5797985582861225
1.9907132742587599
9.9529991090766572
10.01537463535476
8.3826761345639618
8.0086718070173912
7.8061508570255143
8.394878782769192
7.7670771727427317
8.9688550997657295
10.368899811378489
11.251200340441828
9.2287802211612426
12.716656087016899
10.764723399473526
2.426427049490449
2.8486832931769235
2.2223830990773301
6.9869696324486092
9.6593885960193973
10.104936151713128
11.444144233914841
2.4244027667544565
2.5518979912382145
11.49299444611311
8.541215437311525
9.1464135017494357
8.0601108133981967
13.397608103736315
4.510158832078635
4.5845980497635797
3.6264298973496043
4.3481855771423614
4.4742026993179129
3.8381045127679028
11.547631999413742
10.123251742087183
11.181765595926555
13.12915878204376
6.3415852137492097
11.779236038122853
13.467329747613725
11.203197099662225
11.559073546828351
11.047608041363189
5.2725876819269315
10.524822894317913
8.9506595360113472
10.615568281569011
9.6905367919322707
8.1956128146609721
13.397608103736315
13.466537544570485
13.698094704134684
10.541023900977128
11.864767056498902
8.6755415228227406
8.2178007292910831
12.275184832805811
11.272663601647135
13.322778899382099
1.4972036077935955
2.4145770041540859
5.5542441074758644
10.108511707223057
4.7381076379405931
4.8342699828312403
11.787835963767773
8.1103705251859459
3.494389512680188
12.074640780300301
3.5168981964124448
3.70508304453287
2.7968029145036839
7.9415599821336222
8.2124915115142265
9.8322391337641566
8.7233439297048587
8.5736847120762523
8.3218166187400637
8.8354631187193426
10.963252950489327
10.62639971510646
8.9073775924232219
9.6698570605100382
9.4927710873227085
8.8589713462508133
9.3033440950669632
8.6800922731356085
8.7116418995433023
13.465799040860137
8.3629541616090339
7.8061508570255143
10.928502878299799
9.2460575169633863
10.073981264611971
8.6031008610676771
8.5249300465211135
5.5032649196184593
8.1321480172122591
10.766071648387927
8.0784479426652425
10.135015186969353
9.5249379257572766
8.3598032853958113
8.9512556730719339
8.6755415228227406
7.9687790871503745
12.79010177230818
10.88216810226092
10.742438575615388
9.8954142604266124
10.168688916919965
10.007137183661696
10.697462776132985
3.5181021347343355
3.841725483745368
9.3407916309408954
8.9772229675237032
6.5129865274542338
7.8132135853891205
11.617640857981236
6.0030534890746248
9.2101453209598851
6.5419938268055535
6.5620701016006322
6.937126935459764
10.21249523701524
9.4483171103944716
9.8941097158685434
8.7481097463313482
9.2706155582489789
10.013198177684984
10.091123969517721
6.8691913323688345
9.6916885826081245
9.7499172475095826
7.6297507631198487
8.120306860286842
9.3524761669300336
10.21249523701524
13.643284553106387
11.525671509237009
9.310463562977759
8.9571563019909739
11.840098618186778
6.9636408459919883
7.9294655319248859
6.8878534909934217
7.8614795785003109
11.840098618186778
7.2371566414607891
6.5045127292938858
7.685445282876481
7.2599930921477878
6.7852225413016525
6.4622446386725114
9.8480416750193118
6.6339180860602349
8.7844964182410692
8.313207368826939
9.0743906288849328
8.8688590106709242
10.469446672430056
9.0064280926121292
6.7995858130912756
10.42735349090132
5.5003039091263268
6.3098721295706355
8.3211325753637233
7.3032840561808161
6.9588679716427855
7.4221707971398319
6.1306783341110709
6.7155902680894597
7.3032840561808161
4.3564444261196176
9.3907647169931323
7.5171853187396644
9.3407916309408954
7.9713060077299982
9.8611001722827059
7.4996699565723439
9.5741369231381181
8.3704011190324472
7.8237663006215037
8.7069621005254962
8.7069621005254962
10.057053645499641
8.6893871016587898
5.5382506439371326
9.2287802211612426
9.3907647169931323
2.2227538236418156
3.9188790317945248
3.7365092305744696
5.8977586529528505
8.1373915239716279
7.2610722461261368
7.1130260702285835
8.6956259259982414
12.498560644916362
12.482781947320172
11.357713825597045
5.0284790943077802
4.8779166246522188
9.355399772272234
2.6820687438139017
13.206585062102194
11.21917989524033
3.8303440138577178
3.7100603920383568
4.023253554252519
9.3721165711478829
10.013235804468851
9.9557223319709642
6.7467920599137008
8.0412620528594942
13.132359657176025
9.7067016696149562
10.553300243331762
11.644069532553909
13.033167993246817
11.387043422774225
8.9863895608062911
4.6025622747808068
13.499725742033485
7.1147941607412495
12.684316185248525
13.25560693087113
6.3153628757721387
11.050320069600158
9.7155280695989052
8.9592794743827344
8.3386843504723043
6.3886733438753369
5.7289218337463161
6.1921929183248183
5.2206047327848006
10.855799532056084
7.5742089472974667
10.693113280161652
8.8354631187193426
12.923878126060032
11.335269911845822
11.092744369891253
4.6294727325697025
5.3525832337980361
5.9471487150542073
5.4101112194079475
5.9471487150542073
11.099631989937279
10.946037022519803
5.8470151414422444
11.293945839733949
10.963252950489327
10.531161547042057
9.6222177576381345
5.0131766920847678
8.1611606548186302
6.0153901349998193
6.2974521590492758
10.758707518727048
5.7214139238895187
10.091123969517721
4.8235860817716176
4.4946061081602302
4.1902417033973505
4.4742026993179129
8.3931786446158458
6.5472332319549436
9.7202364349303796
11.750560545576031
6.1003558750388267
6.7368096236534205
5.2311808006192022
5.3148318094300624
6.5324149297950456
5.7064695168742832
7.534243200567194
7.534243200567194
8.8682862903780126
10.62639971510646
12.40531701149798
12.482781947320172
11.453581045830717
10.188621873241448
7.7754817580260545
11.49299444611311
7.6851742311201683
6.1052744420188922
9.1581923082349963
10.77955958458219
10.169058567138324
10.279130646173355
10.972354762610857
10.156379635462907
11.289290835471778
2.8797848202836365
2.7892297490713398
3.0695555072189622
3.2167918678963656
5.0555916906124381
3.298980485817216
4.6176747005940282
3.7421687864529805
2.6126700276205179
5.9194464798764388
6.0089170909614893
2.3048421011066713
3.3690778779800703
10.132775162025849
12.627399882158223
6.3153628757721387
4.3832972753874566
8.9660085416435926
10.132966445681667
9.0425829608031023
13.643284553106387
6.5703121813294185
12.006043195768918
4.6995887778123802
8.3931786446158458
7.3026464753792455
8.2178007292910831
7.9687790871503745
9.6520984646078301
9.4333613137419459
7.3032840561808161
3.985625622650987
4.0045460579754177
4.6117789729969738
11.525671509237009
9.2554839838356386
4.546744366443833
8.7816846818435561
10.372812446977806
10.163814252552486
11.186247561781659
11.795487287626862
11.538873357345262
11.52515565999321
13.35423206148703
6.4071553181037677
8.9772229675237032
7.9713060077299982
10.225683828481836
8.1742457399214388
11.196069415140805
9.0943651219019248
4.4214514728459768
9.5249379257572766
9.1310021828060641
6.3261948332187901
5.6620714996846315
10.758707518727048
6.3084048895938931
7.708781630993216
8.1859766502265572
6.3178891726536985
7.4913512572887022
8.0250773963061608
12.511262259762468
13.322778899382099
7.2872438014181649
10.516998645001541
10.446625322899553
5.0573389759048135
5.5675440072317022
6.4725223337470714
11.357713825597045
12.568539771406069
9.7569658335149789
10.914630601666472
9.6210748280982425
7.6399653893622768
6.1684135582292718
7.6610860654197515
6.9588679716427855
12.54217864813104
11.177377894718397
6.6444498359260793
3.4109719957219604
4.8581372473626709
7.2378132042581385
8.394878782769192
10.928502878299799
6.2864807720490266
8.7722596300344549
4.5394857231703742
6.7473739988591648
7.2866507678757646
7.0555675744900626
6.3572633071905598
3.038686411248094
4.023253554252519
9.6817288665615262
9.7578920901864876
11.205460008044248
9.3408788297098919
4.3108557195410029
3.6957880545284061
7.9544899611032909
7.2371566414607891
6.8854162676595196
10.057053645499641
5.810204577634809
6.3680123400794555
5.2912627115022248
8.3538804167404965
8.9073775924232219
10.568004865495267
9.2679428380206268
10.469446672430056
9.3899987376812017
7.9695006558737171
8.9928816096809268
5.6647157341036731
7.1286587700895128
5.2311808006192022
7.1329344335127169
5.7471791491320099
5.8372147528692331
10.135015186969353
6.0841695227452997
10.794728147005538
9.7249097787587022
9.0064280926121292
10.821811129498549
9.0069185401911458
1.5886024082782471
6.5966803226226096
2.8486832931769235
8.2240323865812002
9.9258364218672135
8.3001138471290012
9.1464135017494357
9.9258364218672135
8.471925601358679
9.6698570605100382
2.8055517913385635
2.6618928536644186
10.820574025187652
10.238367198385433
9.4116358164806204
10.617916612784134
12.924826327316438
4.945489356880155
3.8381045127679028
10.821811129498549
6.4171148642510651
6.6291479221637193
6.5620701016006322
10.914630601666472
8.027608890115701
6.6692818587924778
9.0250349532169185
3.1521148156394663
3.5770433221818592
2.1141872624108631
4.9989793357216739
5.5720771203934376
7.7670771727427317
10.758707518727048
9.8123507174502773
3.0613864911342685
9.0805275841615849
2.6599411459384297
2.3973812593932626
2.6618928536644186
8.6484807321183013
6.0551395665367069
8.8636496486332419
8.9330947179253606
10.194684450440446
5.6247909294942913
6.0516440909741203
9.3268414255297039
3.5219061232105755
3.841725483745368
6.1279176879358763
5.8664191889537607
11.340424570181773
6.2922010061333271
5.0269640314303548
7.562284318468862
7.4221707971398319
5.872816171114545
8.8037559904409637
9.6210748280982425
8.027608890115701
6.345797108321519
6.3081784860984635
10.553300243331762
5.6548738451641638
5.7172486121916561
6.3680123400794555
6.3081784860984635
1.5778860721279901
2.4145770041540859
2.2899931861515581
3.2638823856342825
3.7761864281352882
4.5781876148115748
7.6181306764406695
9.355399772272234
4.2126840619738228
8.7484242393901877
9.7921991312867558
10.972354762610857
8.6685523924463173
5.5675440072317022
5.2015521666380602
6.5287231711588607
9.8611001722827059
6.6332001892175185
5.4166078015001666
5.4101112194079475
7.6243233192450015
9.5051031462423143
11.116017879077292
10.225683828481836
6.039106717207277
10.01375836957266
10.040060982462752
13.371672633392096
11.186247561781659
12.925496599331705
10.373134687050692
10.240058924444599
9.8211197034094511
9.4927710873227085
11.156276797156623
10.532367947245005
10.230647524923803
10.384890756751382
10.128360243911001
10.722191199079765
5.6893223674751932
6.0418059061624296
6.5045127292938858
6.8854162676595196
9.9288109466362275
7.8169241948728061
5.6201843016228157
8.7780953451503283
9.0925445332685708
10.383699881222041
9.2870090889175572
4.9463419402283089
9.7619242784964424
7.685445282876481
10.766071648387927
8.5104436735004896
13.346607361527088
11.605127188617475
12.79010177230818
7.8462326697312461
7.4996699565723439
8.6893871016587898
9.668312442065746
8.9630901226797324
9.6062120157936999
4.3101502672463896
3.8498002899095169
3.9212584341138554
6.5506628553294277
8.2582974746983453
9.1602335288369314
5.3939851658474298
6.3886733438753369
4.9736446537955938
3.0013149585575194
4.9933209544057098
9.7569658335149789
4.5797985582861225
6.7826689037717429
1.528223269667635
2.8606066378181003
2.2973303437410566
2.4833992508464324
7.7469152505678371
9.5741369231381181
11.098348968141353
8.9437041779422692
5.0879542739873278
5.7507212431877006
6.4613969674778264
5.3148318094300624
1.7206974908724819
4.0234822613735242
2.6451617908725438
6.643462619707968
12.964118122251993
9.4116358164806204
3.8498002899095169
12.49977936648923
3.440870362315291
2.9165428219860163
3.985625622650987
4.5781876148115748
3.0010653744083209
2.9051475383382597
7.2001387749532801
6.6864375993469851
5.6129011742961383
8.2148205395518161
9.7202364349303796
7.1379951379812887
5.757811084311558
13.379432759648227
8.0250773963061608
8.3376488985887729
5.1211745098209933
6.2536549123594085
7.1515259262552551
7.599371191429082
8.9688550997657295
8.1611606548186302
10.307865889021107
4.8134248513394846
4.1409999777761426
4.2327225950053675
4.2135979118807265
8.1080151087568453
7.2599930921477878
4.4872964560561561
1.9907132742587599
2.2223830990773301
6.7826689037717429
1.8928440618429601
2.5418867017106739
1.9625280531900204
5.7214131227300609
9.1412952333590294
10.383699881222041
9.5740704604485618
9.2870090889175572
2.6672292236071895
11.139238892622506
8.6537458990448286
7.6261844688069109
8.8263857808598996
8.9330947179253606
6.7334516180334392
9.4474559621349847
8.7816846818435561
1.6100143633811024
10.241403466059952
11.453581045830717
9.0069185401911458
10.404673860492567
11.583790918595955
11.928130640772725
10.761391576510523
10.156379635462907
4.5101596063669129
11.461779352098427
11.066512298865813
11.694246016363591
2.8412063893232764
10.617916612784134
6.8282168661125278
2.2899931861515581
2.4833992508464324
10.054711670086915
13.4253815101687
10.061594130332292
11.315835319671072
7.9710669960378313
13.276416906652575
5.3231660863080865
7.7720015409283993
8.313207368826939
7.5010395758747981
6.5324149297950456
7.1329344335127169
9.5503731897466544
2.2302204497200679
7.7469152505678371
11.604581094209614
11.090752987864587
1.610235416554993
6.0782264732747935
6.3137248407425677
6.9790432286627642
5.7471791491320099
6.9634630680175054
6.8197133976814541
13.318534409710869
12.208457775993772
10.734125376193216
7.4310670948364335
6.4168819747610035
13.466537544570485
5.8977586529528505
2.3850356778936601
5.2673115252897746
6.643462619707968
4.8134248513394846
8.0467703661627805
12.495244948708157
11.818398632685703
3.0348446377995231
6.84681585553591
5.4495631589401237
5.9471487150542073
1.5655233449466632
3.0518661738966495
11.358194093783462
11.455720512895901
13.27140808318401
11.050320069600158
6.6999926724166352
8.4198612746356929
6.5251786285334203
3.3864201731539092
5.8590949921876598
6.0030534890746248
13.511532038170909
12.28771764002626
10.471922679486966
11.644069532553909
13.033167993246817
7.2244063757378454
9.310463562977759
10.194546478042996
4.7617443407763416
8.0784479426652425
8.5104436735004896
8.5884285902086734
10.057053645499641
9.9011305625602173
3.9049732710089469
4.3832972753874566
8.8589713462508133
11.156276797156623
8.3704011190324472
8.1742457399214388
13.079718436507658
9.3033440950669632
10.568004865495267
10.532367947245005
10.88216810226092
8.0452084359921461
13.351620169725274
11.787835963767773
12.556176234807392
10.467453195270547
9.5415410660342186
10.230647524923803
8.5906309501708602
3.5799646358410966
3.1967206581866243
2.2827874692653221
3.0641072640543126
3.0961455480224465
5.3701924362817861
5.6674961420435634
6.3084048895938931
9.8123507174502773
8.5906309501708602
11.743084723742374
10.742438575615388
6.0873786395278646
6.1459248943056473
6.9112481804207544
6.5251786285334203
8.9787226403524656
8.5182337661160901
9.0993920026377726
10.531161547042057
7.6343060965952771
11.196069415140805
4.5244792936081994
8.1373915239716279
4.8197517181182139
12.925496599331705
13.175515304288115
10.673048074264335
2.608435232258385
8.5634575765276519
8.9684530697978371
8.1019957181809446
6.9951765747660763
11.353550714075343
7.3401242879569635
12.395899889590996
6.7635086359121983
9.2101453209598851
8.6800922731356085
10.384890756751382
8.7116418995433023
10.128360243911001
10.722191199079765
8.8343806589605354
11.694246016363591
8.8343806589605354
5.8372147528692331
6.9634630680175054
11.169224166451478
11.694246016363591
1.6842762385824872
10.054711670086915
6.4280510834952143
8.9571563019909739
9.2554839838356386
1.4270812735962026
3.926429133855557
7.0644147566841404
9.0943651219019248
10.446861352848201
7.305830168631517
10.194546478042996
11.289290835471778
10.753487768054852
11.22647676754532
8.0433708234247536
6.8788894592233696
9.5949777624994361
9.7372846256667493
9.1484952961078001
7.8237663006215037
9.668312442065746
5.8413196462716295
6.0105874065639391
3.5999889184770124
6.1306783341110709
9.9178473614358662
6.4534005805224819
7.5410463167704069
3.2692911478335778
4.6419208491648698
6.4082517765751188
9.9288109466362275
5.3612187983222155
8.5485170444087739
7.5410463167704069
7.0507822080129241
7.6483474111967951
6.0263932955164377
5.0643994293273265
9.2533729020895965
10.524586864369265
10.697462776132985
3.063904361571804
3.0010653744083209
10.83666906019676
10.775635137839377
10.83666906019676
10.446625322899553
7.5752291807001608
10.758707518727048
9.1602335288369314
6.5440953544781761
6.6692818587924778
7.2861318662258086
10.758707518727048
6.7708759726478531
10.04269098886177
9.0250349532169185
10.619712054899953
7.5972341373534986
9.6672459381510816
8.2439055002827359
9.0329088458956601
9.6986074760879681
7.2781121682534673
10.524822894317913
7.2781121682534673
5.7558016780312089
10.615568281569011
9.7866945711750652
9.2678688513091139
1.9103109559508116
2.6126700276205179
1.8338303784661341
2.6126700276205179
3.0613864911342685
4.7725784058015179
5.2015521666380602
7.275478978054565
10.446861352848201
10.368899811378489
7.9429518799790628
3.6817375216074364
2.9051475383382597
1.6116324808622238
4.3253904587878811
7.9165883169423639
8.3573547637335945
7.9429518799790628
10.135015186969353
9.1851140326949388
10.368899811378489
10.307865889021107
9.0746595591320744
9.2460575169633863
10.1198677134261
4.6128398768054115
8.0300130548697837
10.07377044437529
10.229904347551395
7.271252990447401
10.066123758173292
7.271252990447401
8.5884285902086734
9.0641903077389507
9.9958089029055781
8.1601081531032253
7.6578454960643683
7.2733791473779466
10.135015186969353
5.9177915713020193
9.9178473614358662
8.1082369141412265
10.135015186969353
10.003797963336925
10.024556298501325
9.9178473614358662
5.3159870806777931
6.6195998013135959
8.1389557240970429
5.7064695168742832
9.5503731897466544
10.073981264611971
7.534243200567194
7.534243200567194
10.135015186969353
6.6713498596185277
6.0841695227452997
10.481005053287122
9.8322391337641566
6.9129124688817036
7.0555675744900626
10.1198677134261
7.2795045239816343
10.057053645499641
6.9491377620619152
10.057053645499641
7.8169241948728061
9.9258364218672135
3.2662985512244207
5.3825399492028891
8.3944459728310825
9.0329088458956601
6.7980839310448902
6.8197133976814541
8.3944459728310825
8.9630901226797324
9.8400966402028356
9.8400966402028356
10.325081970347698
9.9011305625602173
9.6839627370267305
9.8400966402028356
9.3057785130760493
6.7852225413016525
4.9402679811947641
9.9011305625602173
7.3086371420411034
9.6839627370267305
8.6609102149030619
9.9011305625602173
8.622297029549804
7.3086371420411034
9.9011305625602173
7.1238506326981907
8.6609102149030619
6.6522501527990121
8.3107528815895186
7.7126801716516225
9.1851140326949388
3.9457637998138719
9.9529991090766572
8.0291501070692668
6.7155902680894597
8.7069621005254962
1.5386375677588431
3.3690778779800703
3.2638823856342825
8.7069621005254962
9.6520984646078301
9.4333613137419459
7.3032840561808161
3.18526312207866
9.3933321745706806
7.2324309988851985
6.5707346518641696
1.5470248989835651
3.9212584341138554
1.470869312938659
3.4724973805308621
4.4506450735667196
9.0602704052690353
7.290929835895076
4.4506450735667196
9.8292440839326094
3.1183260377198896
8.1252638383620841
5.4661103235967428
6.0374758665753587
8.6313357041750471
13.166112710974739
8.7287937494619374
4.3424220533120215
10.869418579538333
6.2907827802091392
4.3977364335178253
3.0331767212026199
12.051033811566768
9.4157222254434689
8.6342661787242001
11.837368742847399
10.863124933693834
3.1588898383498956
5.4740394976622904
4.9542854412796107
8.1608876614756607
3.7956815443496352
11.165408872085365
5.9686117840040067
7.9647524675589594
8.5609820735967599
6.1516506942728508
10.354707920328806
3.9781371202226556
9.6506558366318131
10.866102579344281
12.2195765166088
3.164108052993527
3.1515421230890897
12.230333243777405
11.108462637065387
6.080895374086916
3.1144379523700385
2.7715877402292723
11.289458052028101
11.963486342031761
9.3878625755242275
6.0700214325121493
3.5525949741946761
3.5405444760685607
3.1502797542302141
7.1741177473254698
6.3135683247880259
6.725960943529234
2.6378939950229738
4.6162977238764222
2.5764283526627612
8.2200606762757875
11.598703420539193
2.5837784156410444
3.3270227042547016
8.5138438916347798
2.9805771274335102
7.4038809454600321
3.1264792176989027
4.2285706475331226
2.5677822256009049
10.889772767855098
11.623789378195424
10.861560494310353
12.137660409984246
11.062132121764716
4.8680276251376471
3.1515427772923643
8.4516178278242933
13.154498544787044
9.848631270567326
10.251557394840848
6.6428322562965745
2.4697759870727194
12.732899672807612
2.8015528884702365
6.8474394432854062
10.597519268861099
5.1886504166083061
3.129522972487742
6.0374734256722995
8.5131087690804268
6.1476644102187992
2.7711193800996954
13.047387504884149
2.9651723057890864
4.3977094572247566
3.50199349769894
3.8418825985857565
3.2244042388947114
10.775424317602697
2.7899337386491312
4.6167907761592399
8.7107250825475262
7.1847077130091614
3.1288003978692536
3.1629048761882275
3.4641441266351403
4.1346700159028531
2.7944966733891095
4.3697487152246017
3.203442205235671
2.4683675471490241
3.1606581641509317
3.814754313951898
6.786887105542017
5.7712736118829904
2.6014916593134219
2.7871795231281489
2.6049969076634598
6.2836161514624473
6.2836161514624473
13.468422057070338
12.271161019073883
13.807937380998661
6.1673447792818665
6.2637558316840991
5.4893988937344478
3.4038319197409357
8.0936963029316349
3.9635469112002863
10.673682343275047
6.0634620062707674
7.7780864862935974
6.726395494124553
10.015737033349646
2.9879191213667933
7.2600412429240215
6.13593513746852
8.9880182126460877
13.160729013199388
6.1215230168184691
10.762450311887653
7.0841027304430018
3.0351111299072642
8.1763902249120353
5.3711738625472769
8.3785625768393874
7.501296189209592
6.2258561282558071
12.452948963477587
12.683545707146017
10.876258188803249
7.9219427610549529
6.6952324012276598
5.6553008767552351
9.8378970945325754
7.1595297756099123
3.0277579248652202
6.7823842028267274
3.1596779555470524
2.5838289623900783
10.087411701231112
12.880159382817807
13.030958448249102
7.3110815664720672
3.0351111299072642
6.3226689692373386
13.766578548208416
11.956217072405996
13.308941933158879
9.874833745515609
5.6904681677080982
13.043909766061986
12.907037017783393
10.01269806855977
7.1404656355021192
6.6871461746833898
10.308841822138607
7.0787941242250358
2.8528401580533997
13.048670526680075
7.2539700684014647
6.2201943761735139
9.6342127678629641
6.0572455586209433
2.3482411563892351
5.8834627082024946
5.6901240199185725
9.5890039261050735
5.9013112820853904
2.3931309659729516
2.7747965880096834
7.7724066796135425
7.4952405163497442
7.6655665735907066
11.864289451822613
7.3056194632188429
7.225100735406949
2.5234311840768533
10.152609561981883
6.1142808308908405
7.2539681637297999
8.4699221527565491
2.5776224703790298
9.7814576776425728
13.55361963095241
12.592509361421145
6.1142808308908405
9.8572188072347515
10.412710186978421
2.4804717619681971
10.412710186978421
5.7443255840130751
6.2145304503691809
9.1199958825256662
2.3547740950336418
8.1511222518620201
3.4228675899554379
8.0985951227395034
6.9000231953655984
12.473861431060708
2.4736731311956435
7.5119862646465094
3.9569155130031586
11.633001273769528
11.850169099303013
2.3527526583444556
8.1031358332791559
13.045371559892439
9.8042870031407521
7.3677197951159226
4.4109045657694308
12.988050944563339
2.4689975472848684
11.858706943422918
4.2346438945782472
2.9747714155276515
2.3740997063194205
6.1830947917676884
6.0578525487889952
6.2693422502855798
2.4812721198994643
4.8233417377339629
3.7032550214154689
13.318126104061385
13.054039253170197
2.4918565021723573
11.567261785867094
12.348961400570611
11.674265390039293
2.5583489746559138
12.988050944563339
2.4060804375672609
4.2346438945782472
6.0050031001979916
8.2948356450643157
7.6039123819069605
2.5002655390334807
2.661769629120966
8.1330577729351603
7.7834053497654336
2.8644376970802004
7.6185360160634179
2.3871830108833665
2.3518600291853855
5.6799105741885754
4.8649919049658337
4.3402366692690153
3.8560697239910473
10.344141606954254
4.5916063633068775
4.4937558065585455
4.1528688105305136
11.32115510789068
4.8288233570264332
4.7545903280813597
4.6089796826812259
3.8593494926936076
9.8292440839326094
13.468422057070338
3.4772155828307025
10.911270409490445
5.2775108934635178
8.2244153060692167
11.366850506906745
2.4758075631000178
3.6261038557144811
3.4767169090258969
11.397355647137267
10.32801775168096
2.5984538422536048
13.519275926230875
7.8779259560860426
2.6137914654600722
5.4849786416033908
2.4071065948851329
6.576962162394981
4.8849098526465253
4.0684393102624954
4.920018948609977
4.3166654950441421
10.979140928909711
10.059409061928744
3.1183260377198896
4.7458414512464797
5.9725207981163209
8.1252638383620841
13.15223563640502
3.8588262288526236
4.0456838983433139
3.3891344972870883
10.066123758173292
7.4512405799226569
4.6436385913761864
7.5122581981724865
8.2412395428761229
5.0861506012998774
3.7566615481640633
12.271161019073883
10.30838183596391
2.6815422614579338
7.1424641931837973
4.5085701205182804
9.8630920702045835
1.7391682594431446
2.7064355641419353
9.973619978115785
4.4776419490501
7.7629094841377766
2.1041317071419821
11.59087399365759
11.59191893000418
9.2535288649375733
9.9078722074504508
8.8080987678029814
4.5154140912851473
8.2316011415381301
2.6815422614579338
9.6389927284917345
11.971057693620724
11.59511628842815
7.4338889922448947
7.4422751455951506
1.7387024992258844
7.5519006211502084
2.6815422614579338
3.0684286502917963
10.789546081180816
8.5608619515895583
11.339037274423998
2.5855967041704369
4.5175057391649105
4.5072930589184468
8.0885968609448948
1.9220852516492752
3.3103821659841701
8.8080987678029814
8.8080987678029814
8.0019310954290468
6.576962162394981
4.9301720090325833
5.4374617561811709
4.8173171889137727
5.4434280494229839
5.4661103235967428
5.6251993786900423
4.8121990186454564
5.5437115423178955
5.4659367331552415
9.294155029678171
7.7292839104376272
6.9361579365042729
10.860892898383778
13.807937380998661
10.913713657531913
13.807670852134493
6.1673447792818665
5.8694351371727418
6.2637558316840991
10.74801685223526
12.32217322379349
6.0374758665753587
8.6313357041750471
5.4893988937344478
5.0340301924617776
8.8561236191559107
9.7594615430352949
9.2269872039690934
13.102332441766908
9.4787178425413003
9.0533099972628648
10.245747710625228
8.9864001896523202
9.790236587280198
9.8905985188764181
8.6958305966564975
9.8656268536851606
3.9753316936659453
3.9929810299744459
3.981218951078314
3.9333176263011689
13.166112710974739
9.9213356109380495
10.216553840842328
9.721040077671196
13.497702457347042
13.352148210657347
13.704425999095715
13.704425999095715
12.895075559262599
13.039791524607384
13.30723263052626
13.404759049638699
8.4910323635483493
7.7592431143776048
8.366153400993861
7.6662871489344528
8.4931338912209728
3.4038319197409357
6.443644644903026
12.692598581926591
8.7287937494619374
3.0810835846250448
5.7366240679825378
3.9277037693050962
8.5041496533767038
3.7956714835000636
11.803160931851568
3.5618201135169918
4.8849098526465253
4.9301720090325833
6.0165472929990678
4.946627968909703
2.6815422614579338
3.5082841620438452
4.3424220533120215
8.7577495769214355
7.1424641931837973
3.9927702097377651
2.795452816487102
3.9227977286994
6.9030204819325673
3.2647253578504762
2.674864869659066
2.6749016029886943
11.944847439648374
8.69900538421963
8.0936963029316349
2.8696784007364693
2.545159341519283
12.006092182242437
8.370441608363187
8.5723614012314631
8.0158089825763863
10.231145078841061
10.933294554956802
12.629784514000132
8.7777281827625533
8.5084130842773167
8.6240155444982278
5.1043545014253624
3.5128251793971943
8.4949876050371138
9.4067039704334707
2.7505074735014086
10.908044011241122
7.929331762757835
10.173070923323998
10.529123520953837
8.028653909621891
9.4065950452274603
8.8424441359549579
3.3901403820978433
10.927761177095261
9.4081919780295724
13.643284553106387
7.9437096710338864
8.7258477998146873
9.0217521450862765
8.9363354134861552
8.9363354134861552
5.0595834114431328
8.9141566395187084
8.867164977817982
8.867164977817982
8.8196219006581824
8.7970873704345482
8.7574295001904066
8.7574295001904066
3.4772155828307025
2.8770668118594376
3.3613107686138526
7.546823235951007
7.9754318322592335
4.4909252384534701
4.5085701205182804
7.7154058312231149
13.692123260485172
9.0905838327615918
13.553280703563809
4.9973004842539623
5.7153385479265149
6.1756933708896966
12.143722987183242
5.7252249648780849
5.3899088990580877
6.0900385145189384
5.0129428983146003
5.6799105741885754
4.7461744110787336
3.9422314649492414
3.0282249390087599
12.873081835285602
11.727020384606901
10.714695191519212
11.843148252611339
10.869418579538333
3.9635469112002863
7.8467829524152908
11.38010299613028
10.521888276147623
10.296201298974276
11.571256294380932
12.743766683748333
11.041583070011367
12.190442002802749
13.789137154929573
6.2907827802091392
5.5426254362913614
5.4215359172736584
2.3527526583444556
3.1303148475897542
11.991729525604566
3.167110949028312
9.9639446304866759
9.2372524689991167
8.912679382734785
11.71096281523924
10.057053645499641
8.9998207447557199
11.254817049818847
3.6235526548442563
3.811941825578006
3.9138243746684824
10.911270409490445
10.714695191519212
10.456950414818918
10.697148283074144
11.202411438832392
11.735733107917861
4.3977364335178253
3.4037208381154129
3.357462693329738
4.8494399286393408
4.8494399286393408
3.4496400189916776
3.640095178058437
3.2774596267736444
10.673682343275047
4.5518273149163768
4.3199342484151417
11.929493669224128
7.7955791385667812
4.3734413034972528
5.4671406714771322
8.0041781032795036
5.4709446599533722
6.0634620062707674
2.8770668118594376
3.9422314649492414
2.8688882845497261
7.1286574625409775
5.3586449579250468
3.8145459435452098
4.3940021315130027
3.0331767212026199
12.051033811566768
3.0810835846250448
3.2749698932216167
7.7780864862935974
12.321850983720601
13.497702457347042
12.834806259977467
13.495641259518177
13.433712463784135
3.9927702097377651
4.0698245139422227
1.9582361600482796
1.7447276873262183
3.8046716278447832
12.665564974661102
1.7671216782440557
12.688502931637405
12.414863921776272
10.337138360217944
9.8260130454518499
10.812688185376038
2.8696784007364693
10.975501761692074
4.8649919049658337
4.9146224458635208
4.9907027396238304
9.4157222254434689
11.383560296896114
11.572466525232374
11.555250552536496
5.7366240679825378
5.5644132516607074
8.1031358332791559
12.473861431060708
6.726395494124553
6.1443993924453961
8.6342661787242001
3.9753316936659453
3.8632896719752807
4.2800858206718058
5.6251993786900423
5.7001898477956034
5.6218987325738974
12.057550243965855
13.045371559892439
4.3402366692690153
4.9208068796874755
5.1343016588214567
9.9473642768587673
13.795150089064974
6.2457744816451752
6.5336365865063764
6.8945278936229508
9.9473642768587673
2.4844044432273051
11.432380728726555
3.2253267350591934
3.1380514639170611
2.3065053536135909
2.2578022270764442
1.7886944331951899
2.5448664462414921
12.834806259977467
11.157264737326466
13.168218431983126
13.284308448588618
9.8785040686676826
9.8630920702045835
9.0905838327615918
9.1491773116960768
10.612882265291006
13.366094218465571
10.552139397810473
4.0684393102624954
3.6235526548442563
4.071982154835843
4.5617085643633146
5.2775108934635178
7.6997597799304973
9.3307557900771858
3.3932237975367383
3.4787969099495157
3.2197393567739065
3.2120255343788546
4.8011330200306324
3.4652889640576783
1.7391682594431446
3.5082841620438452
2.545159341519283
3.23078203364634
6.5650640508754732
9.5277671176377776
7.52784329908211
7.4167266626994728
2.4347113986107196
2.4779508003241415
5.0341178247161453
10.274974234458293
10.274974234458293
12.643608523622207
11.837368742847399
9.3307557900771858
7.1292748423313705
10.805927087668428
7.6179019856717156
2.7064355641419353
1.9582361600482796
2.3098744435589484
13.264873856413868
6.8033250903684834
9.4500781126175948
10.863124933693834
10.015737033349646
7.8255513586755052
3.9870276329188177
4.5940153189943391
4.380000662590124
4.1412180781801542
6.5909593859076656
9.452960343908213
8.8155304086986046
12.006092182242437
11.874874958610009
2.431590118530123
3.6732773576569193
12.189097461187394
12.416491732013345
3.1588898383498956
11.683746750479711
10.578296034052975
8.370441608363187
11.121044174279733
12.015162294916088
11.973594835244123
5.750459591224784
5.7793825506005136
9.8042870031407521
9.9213356109380495
10.286055827867061
5.4374617561811709
6.0165472929990678
7.3677197951159226
10.494739522216571
10.161530048257022
12.43004359002992
5.4740394976622904
4.3669095619191891
4.9542854412796107
4.8121990186454564
2.4844044432273051
2.9872785298944398
2.6120066130918653
2.2548138946202867
10.805927087668428
2.9678800062057182
8.5297196214175415
2.9846162255186992
3.8464993224978219
9.0484767950046372
2.9879191213667933
3.8588262288526236
9.9857243599357997
6.4671696860893304
6.5618953642502316
2.9631058706974955
6.5652099119873437
3.543108012533958
4.8191979788253407
4.2954123620872213
2.795452816487102
4.0698245139422227
3.938083830009778
3.3237241951927636
4.7056557274473603
8.9769122950200426
8.1608876614756607
3.9227977286994
3.4037208381154129
3.4109384056345977
3.7956815443496352
3.8560697239910473
4.3669095619191891
5.3896579334279924
5.6912073231957772
11.029566120904382
3.9115665899328174
3.7828689152089305
5.750459591224784
5.7781697382531965
5.6590989287811535
4.7118509845284446
4.2878995767409638
10.727133881893126
13.352148210657347
13.495641259518177
13.767437169428501
13.704425999095715
9.973619978115785
10.051284610971802
4.4109045657694308
2.9678800062057182
3.938083830009778
11.316690550741916
3.3588416868593991
4.2196489424119195
8.9912558682823551
8.1822016973527365
7.2600412429240215
8.2530740613156084
8.6354761360897818
10.344141606954254
6.8483692178597604
11.962274341211648
11.013228844481748
13.08002238970847
12.668192140460356
11.165408872085365
10.892819560321389
6.13593513746852
9.0132045207286673
9.3698221432481024
7.7290525584615128
7.8433166381879271
8.5781864589065151
7.8218547078573408
8.9880182126460877
8.5723614012314631
11.121044174279733
10.972722832966859
11.941946928736504
10.618328692052149
9.0593318633020292
3.2977459870438484
11.608427132762193
10.081186553955057
11.640727119350922
9.0454348506213549
9.9532143419807362
9.8371747273194519
9.3690152776008269
11.866885898178664
10.163104606702504
10.163104606702504
10.333592464545777
4.5518273149163768
3.7362067049947796
7.808941098092073
3.8377023128066385
4.5099787034055154
3.7975801270614484
4.4776419490501
7.7113827615755586
12.988050944563339
5.9686117840040067
10.733534954983867
3.4757868150455304
7.7629094841377766
12.117727453662761
12.473625401112061
7.9647524675589594
5.8002147472063967
13.088277429365302
5.8754676705983524
8.0158089825763863
9.9579755826993974
6.7393997573290765
8.5609820735967599
13.160729013199388
5.7001898477956034
5.7781697382531965
6.1215230168184691
4.8173171889137727
7.8255513586755052
4.8095544195580171
13.289463106924568
8.7958543922787058
6.9030204819325673
10.051284610971802
6.1516506942728508
11.683746750479711
5.8694351371727418
4.7008504052775812
4.822435133394702
12.622086611007131
10.762450311887653
3.9870276329188177
4.8095544195580171
7.1292748423313705
3.1906678585895065
3.1517728115547272
3.7710739790562156
2.4689975472848684
5.1016586918770042
3.5783352649773028
10.354707920328806
11.352986998871865
10.917604641620073
9.9526111418826542
9.7245202947688512
10.91504707838639
11.96223671442778
11.02342916562773
12.112852789295282
11.216981374763423
11.090333770101825
11.523108997191358
5.2234380743775057
4.4617543688095669
7.8467829524152908
12.979276418689107
3.4757868150455304
3.3690778779800703
7.0841027304430018
4.7480060469125513
11.396494498877781
4.0310357432893067
4.7679020792397742
4.7679020792397742
3.3967415321033068
3.9838135236474823
10.612882265291006
10.686070176111233
3.0351111299072642
3.3613107686138526
3.3170856062868097
10.721298166777251
10.913713657531913
3.3187538807353776
8.5297196214175415
11.316690550741916
8.1763902249120353
3.0282249390087599
2.8688882845497261
2.8130247701520874
4.2394787445906124
8.7746025718339471
4.0006895476895563
9.9781886438120626
9.7707822025970934
3.2345385003566909
3.477285313294483
12.653330119677385
5.7781836841512213
5.3711738625472769
8.6111622073257656
8.3785625768393874
7.2456181205282357
8.6007771482627753
7.3315784859456858
8.6012886895418088
13.003643904283487
12.466037181744337
12.785707596939556
1.9421399228671152
2.8768649446648626
11.858706943422918
10.686070176111233
9.2759537121169053
2.1041317071419821
4.1916889381337574
4.2346438945782472
4.3658611182106757
3.9781371202226556
3.811941825578006
4.4580550222125499
5.1016586918770042
4.6777072840895233
3.9277037693050962
5.3354795470829224
3.9929810299744459
10.231145078841061
10.928806225381125
10.309249249514375
10.490253974054321
10.249152383871799
10.467272302858886
11.952836500079721
12.985671341951472
13.221702138389933
9.5562714007305356
5.6239752598657295
12.508005131499631
9.6506558366318131
4.0456838983433139
9.9857243599357997
6.4671696860893304
9.440389794031498
4.920018948609977
4.946627968909703
5.5644132516607074
6.1394329780672638
6.1817611317481633
3.7704674439614201
5.8743050999472093
2.6035125685199092
3.607645193658072
2.4938820771876284
3.1037775854578267
2.2753470033700247
2.6793902614760912
3.4472502396864626
8.5457188593654063
7.2163500620325705
10.933294554956802
9.9579755826993974
8.8561236191559107
10.307944463433106
7.501296189209592
10.456950414818918
12.192219627148923
9.6398873804245575
11.21690738805191
13.423184280945408
13.508112083571149
4.928982956826963
4.4457630416794354
10.972722832966859
11.616284474893879
2.9747714155276515
2.6667596379138154
4.3333637712123609
10.866102579344281
10.892819560321389
11.228783892999706
11.630767403304322
11.289917366452688
10.892742714685065
11.647646012830766
2.3740997063194205
3.6721617180622355
6.2258561282558071
11.989099519205547
6.1830947917676884
9.2759537121169053
4.5244599891950212
10.928806225381125
10.423079423357908
12.022808981118086
6.0578525487889952
10.494739522216571
13.704425999095715
12.873081835285602
12.985671341951472
12.692598581926591
11.38010299613028
11.05049988498269
12.785707596939556
12.192219627148923
10.309487992018596
13.433712463784135
11.59087399365759
8.2244153060692167
11.996778745126973
7.2456181205282357
7.9908444429052254
10.259791418332316
6.2693422502855798
10.748352600720521
4.928308707374307
5.5694279406952756
11.352986998871865
11.378863109736789
3.6721617180622355
3.256498979946636
12.452948963477587
6.9361579365042729
7.0293366191963225
9.4662238554824611
12.006092182242437
6.977517631050576
7.0063775126476102
9.5671692131834654
9.7952712064740428
8.4997013920722235
9.6068840328071641
13.230128305454668
13.642020974810157
13.08002238970847
7.7113827615755586
12.494583682802114
7.5384035929620445
7.677960370489112
13.003643904283487
11.207923622325191
10.599635979892401
10.672382466447655
9.1064314663116299
13.242984376476745
10.817324827120808
10.420964138101475
11.048430539380568
12.274120507090496
11.383560296896114
7.7154058312231149
6.7393997573290765
3.3182960898902358
11.59191893000418
3.7704674439614201
2.9480750578398003
11.366850506906745
11.219654094991775
13.553280703563809
12.2195765166088
3.164108052993527
9.0132045207286673
12.372271445722438
7.1817222741237599
9.2314980875091468
5.3600105324647576
5.0009047106394462
9.7594615430352949
10.389972708534032
9.8383523293351711
3.549771253598117
2.1612095805460343
6.5912645200143603
12.344674418828193
3.23078203364634
6.9987693263989774
10.521888276147623
11.706930626929283
9.2269872039690934
3.981218951078314
3.8632896719752807
4.5916063633068775
5.9250919476049129
4.7109133890504422
13.496670536156538
6.2598942562837987
4.3464197961360593
13.795150089064974
11.432380728726555
13.230128305454668
13.052563885474493
9.2535288649375733
6.5650640508754732
6.5912645200143603
6.5912645200143603
5.7839935282848085
2.8905022810985073
3.9783781948738985
13.302589250818139
5.9250919476049129
5.7781836841512213
3.3891344972870883
7.1825970242757169
3.9206480320345229
3.2600587463149644
3.3787893980396388
3.2330288635364179
7.1652342931971118
5.4675239782900187
10.066123758173292
7.1825970242757169
2.4758075631000178
11.996778745126973
3.5016968988012445
3.6053601944453391
3.9206480320345229
3.5643866638787536
3.1515421230890897
10.578296034052975
5.8743050999472093
12.230333243777405
10.917604641620073
12.082004982424463
9.6398873804245575
10.309487992018596
11.304525537535158
3.6299376954433242
12.629784514000132
9.5277671176377776
11.378863109736789
10.2877228872151
9.9526111418826542
8.5811450979134705
1.7447276873262183
1.5039553127528766
2.1753243461756266
13.102332441766908
13.366094218465571
10.389972708534032
10.473968583263909
9.3698221432481024
11.898049244146813
10.752794527183759
6.8902065107556547
11.108462637065387
5.8002147472063967
12.372271445722438
12.683545707146017
9.9639446304866759
9.9011305625602173
9.9078722074504508
9.4787178425413003
11.555250552536496
10.307944463433106
10.538702659363368
9.9903005896022901
9.9185391926165138
11.555250552536496
1.5039553127528766
3.2886337290984509
12.474795629093265
12.350061256866082
12.815428461005656
3.4757868107154573
2.0710941277327817
11.840320701166178
12.831182556178861
1.5434324593150492
1.8523251695702958
11.722431151257092
1.7903648326342989
1.5038833527989885
2.7291536035371462
9.0533099972628648
12.508005131499631
10.538702659363368
4.3199342484151417
3.7362067049947796
3.1906678585895065
10.135015186969353
4.3726256079433199
7.4512405799226569
3.6261038557144811
9.294155029678171
3.7089049716271276
3.9333176263011689
3.3932237975367383
3.2253267350591934
2.9872785298944398
3.2886337290984509
1.7814263991242358
8.8080987678029814
11.207923622325191
11.956175720404492
11.797080211762108
12.568750591642749
6.080895374086916
6.1394329780672638
13.041782906634051
6.1626364486235232
10.512496113270448
6.2744289955306778
10.30838183596391
5.8679175685373215
11.929493669224128
4.5154140912851473
12.933581738087256
4.3166654950441421
4.071982154835843
6.5377117817661405
2.4812721198994643
2.604580333906843
2.5590573307450795
2.8715603768525457
3.8046716278447832
12.474795629093265
2.4847902772903785
3.1380514639170611
2.6120066130918653
2.3065053536135909
2.431590118530123
1.9421399228671152
13.642020974810157
3.549771253598117
13.052563885474493
12.350061256866082
13.395291770148306
1.880657864039607
1.7212821623930703
8.7173607823504415
1.8039835244004281
1.6514895954421407
2.3904330969581524
13.065675261791059
9.4110694117562215
3.1144379523700385
3.2600587463149644
3.5643866638787536
3.1430561325694191
3.272768851659984
3.6793482864507472
10.697462776132985
3.3967415321033068
3.3187538807353776
3.2197393567739065
2.6035125685199092
2.9480750578398003
4.9325404631447931
4.6164625414954603
3.6564008536674169
10.876258188803249
4.9973004842539623
9.2372524689991167
6.2457744816451752
9.9011305625602173
5.5137901329583947
5.5754684340924001
8.8368920277362175
7.573829466237088
9.5973859479395909
2.7715877402292723
12.643608523622207
4.7008504052775812
5.2234380743775057
3.8931892874281977
11.259093178720288
5.3896579334279924
7.9219427610549529
8.6111622073257656
8.3157780031192186
8.7777281827625533
13.065056415820088
6.6952324012276598
10.270171112106521
11.941946928736504
11.698955784252378
10.748352600720521
13.395291770148306
8.2530740613156084
8.3157780031192186
5.6553008767552351
8.6007771482627753
9.9958089029055781
11.289458052028101
4.8233417377339629
8.7577495769214355
4.9146224458635208
13.728274574865651
12.665564974661102
13.532829455338751
8.5084130842773167
10.618328692052149
11.633001273769528
11.963486342031761
9.8378970945325754
9.0593318633020292
10.192944037025534
11.789135176945631
11.789135176945631
12.815428461005656
4.4937558065585455
5.7153385479265149
4.7461744110787336
6.8483692178597604
5.7781836841512213
4.7109133890504422
5.7781836841512213
4.7382682858141365
5.6448265912712028
7.2403012482450206
4.8655813587288135
5.6307760583502331
5.1796202333467161
10.216553840842328
10.286055827867061
11.05049988498269
4.3979473219705474
12.079093365423292
12.668192140460356
12.494583682802114
12.743131512273894
9.3878625755242275
6.0700214325121493
11.157264737326466
4.9907027396238304
5.0743482491933181
7.1595297756099123
10.979140928909711
10.74801685223526
2.2578022270764442
2.2548138946202867
4.13197649380154
2.4222457565077833
4.4864710473942973
6.2972241138851581
6.1392802401401472
3.0277579248652202
4.5940153189943391
5.5260818589246554
10.49755558115157
7.52784329908211
6.5912645200143603
1.7886944331951899
2.1612095805460343
1.880657864039607
3.2442719975879428
4.4018473793774167
1.887387585321358
3.5525949741946761
5.2234380743775057
7.7290525584615128
7.1817222741237599
6.8071757841054668
9.5562714007305356
3.1430561325694191
2.9191848851644826
6.1756933708896966
5.5137901329583947
6.7823842028267274
7.5384035929620445
8.141231455067615
7.6179019856717156
2.9846162255186992
3.5783352649773028
4.6777072840895233
2.6158989023177868
10.31199269835183
3.9179090641769565
3.1495738862505545
11.023698095874872
8.2316011415381301
12.743131512273894
3.7032550214154689
3.2593392548419855
13.318126104061385
13.423184280945408
3.1596779555470524
7.1286574625409775
3.5405444760685607
5.0340301924617776
2.5838289623900783
4.3979473219705474
3.3787893980396388
3.272768851659984
3.1502797542302141
8.5041496533767038
10.087411701231112
5.6760598496525247
12.880159382817807
10.860892898383778
6.1443993924453961
7.0293366191963225
6.783308519574037
6.8269551613950155
10.207336011441143
12.707746055469844
3.2977459870438484
3.3597457767247958
3.282171389416658
7.1741177473254698
3.4750970368592915
8.7471224677876869
4.13197649380154
4.0709425714441574
7.4167266626994728
12.344674418828193
5.7839935282848085
10.599635979892401
10.522723248819048
11.850169099303013
5.5437115423178955
5.6218987325738974
13.794926858451154
3.4931366885005928
10.245747710625228
9.8383523293351711
3.4787969099495157
3.1517728115547272
6.3135683247880259
11.572466525232374
8.9864001896523202
13.745281603486236
12.702526304797649
13.030958448249102
13.200238877184624
4.6436385913761864
3.2330288635364179
4.6839232899976091
2.6815422614579338
3.5082841620438452
10.296201298974276
12.979276418689107
11.228783892999706
4.1528688105305136
7.7955791385667812
4.9208068796874755
5.6760598496525247
4.5009365279810103
11.904760868713762
11.342370711313476
10.309249249514375
10.423079423357908
11.259093178720288
10.27085515548286
12.64215181690445
11.770158240152247
11.490579602777014
12.178942884294191
9.8105181152431076
9.790236587280198
11.727020384606901
13.745281603486236
13.175515304288115
9.6389927284917345
12.933581738087256
13.566679394724032
3.607645193658072
7.3110815664720672
11.304525537535158
3.4767169090258969
3.3170856062868097
3.7710739790562156
7.8433166381879271
11.898049244146813
10.81789754741372
11.673948315501498
3.357462693329738
5.1796202333467161
3.994368241130108
3.994368241130108
2.9057939242167903
3.28763203501485
6.725960943529234
4.2727521031977114
3.994368241130108
3.2442719975879428
2.6378939950229738
3.2749698932216167
11.850169099303013
4.8494399286393408
4.98955344996837
10.713704623094863
3.0351111299072642
10.90029420981473
13.554165725360271
6.3226689692373386
13.789137154929573
4.8494399286393408
4.6162977238764222
9.2314980875091468
13.054039253170197
13.766578548208416
13.807670852134493
3.9885424010462271
11.971057693620724
10.941920146423724
2.4918565021723573
3.256498979946636
2.4222457565077833
4.0709425714441574
11.544016299242232
2.5764283526627612
5.5426254362913614
6.5288370950289192
3.9397518110015568
11.902037645819455
11.567261785867094
3.1303148475897542
3.6053601944453391
2.6158989023177868
3.6053601944453391
7.642645484456442
8.6078479095667433
9.7161157094855266
2.5822971606335052
2.7742756783527396
13.200238877184624
9.9123739799725321
3.2647253578504762
12.348961400570611
3.2120255343788546
4.928308707374307
4.0351541519143694
3.3922120303924399
8.6240155444982278
11.608427132762193
11.956217072405996
2.5448664462414921
4.4018473793774167
13.308941933158879
4.3734413034972528
4.5009365279810103
13.442032982855908
10.490253974054321
11.095452038492231
9.874833745515609
5.6904681677080982
6.5336365865063764
5.5754684340924001
6.2972241138851581
6.4232412360607087
5.787143049510699
13.496670536156538
11.674265390039293
13.043909766061986
3.6053601944453391
8.2200606762757875
13.728274574865651
3.9885424010462271
13.15223563640502
13.508112083571149
12.907037017783393
2.5583489746559138
12.473861431060708
4.4864710473942973
5.0996376831776749
11.598703420539193
10.01269806855977
4.9985882041780476
1.7671216782440557
2.3098744435589484
10.624580059565536
10.166839266033879
13.221702138389933
2.5837784156410444
4.0157440966338553
7.1404656355021192
12.057550243965855
6.6871461746833898
6.783308519574037
13.736874500510568
10.059409061928744
5.4434280494229839
5.4659367331552415
3.3270227042547016
4.7458414512464797
9.8905985188764181
10.161530048257022
11.781277670506952
10.672382466447655
10.522723248819048
10.27085515548286
10.784501655462138
12.912291487232125
12.575438251849258
10.856416129166018
11.618895597252836
11.441809624065506
10.808009882993611
11.252382631809761
10.629130809878406
10.6606804362861
3.6793482864507472
10.31199269835183
7.642645484456442
12.877541415042595
11.195096053706182
12.023019801354767
10.552139397810473
10.473968583263909
5.1043545014253624
10.081186553955057
12.715110185130722
9.6379295710691508
12.084053723712149
11.473976462500074
10.308841822138607
10.90029420981473
10.624580059565536
9.9178176238931712
12.831206639003716
12.691477112358186
11.59511628842815
12.117727453662761
11.956175720404492
12.646501312875781
5.4671406714771322
5.7907640204881643
11.289830167683693
10.926261504266501
7.4338889922448947
9.1064314663116299
13.566679394724032
7.9520920258174215
2.5026326024310306
8.4910323635483493
8.511108638343428
3.5128251793971943
3.4751482563227132
11.397355647137267
11.843148252611339
10.697148283074144
11.219654094991775
11.96223671442778
12.040162506260517
8.4949876050371138
11.640727119350922
11.698955784252378
9.4067039704334707
3.3597457767247958
10.713704623094863
3.4751482563227132
13.474710045979807
11.259502099720555
10.906194838733771
13.789137154929573
8.912679382734785
9.8785040686676826
8.8368920277362175
9.8105181152431076
13.789137154929573
9.1861951782035849
8.4535512660366816
9.6344838196192768
9.2090316288905836
8.7342610780444492
7.4422751455951506
11.797080211762108
8.5138438916347798
10.733534954983867
10.262245905569735
11.02342916562773
10.81789754741372
12.418485209172854
10.955466629354927
1.7387024992258844
2.8905022810985073
7.0787941242250358
2.8130247701520874
10.270171112106521
2.8971416150336924
2.9943186707715941
2.8270253707294692
9.7059019909253532
2.700352950874227
6.5878435656326282
2.6752579444323623
2.9805771274335102
5.0786849229026592
9.4662238554824611
11.289830167683693
9.920344544472794
11.810138709025503
9.4487084933151415
11.523175459880914
10.319439655775245
9.7728048373642995
10.656000637268292
10.656000637268292
12.006092182242437
10.638425638401586
7.4038809454600321
9.9123739799725321
5.0786849229026592
3.1264792176989027
5.8679175685373215
2.8528401580533997
3.8366752563699502
10.086430060714424
4.2285706475331226
4.2800858206718058
10.32801775168096
13.306752362339841
6.977517631050576
6.8269551613950155
11.304438309015032
2.5677822256009049
3.8071775895976425
13.168218431983126
5.7793825506005136
5.6590989287811535
5.3180111058554296
11.32115510789068
11.962274341211648
11.904760868713762
8.6958305966564975
9.9903005896022901
3.6732773576569193
3.4757868150455304
3.4757868107154573
1.7212821623930703
1.6474954775014021
13.593108069296704
12.988050944563339
10.889772767855098
3.7956714835000636
5.3354795470829224
3.2593392548419855
4.5976433096749041
12.27166716943414
11.623789378195424
10.861560494310353
10.2877228872151
8.3377118806181336
7.677960370489112
8.141231455067615
2.5984538422536048
12.653330119677385
8.5811450979134705
12.64215181690445
10.784501655462138
13.284308448588618
13.041782906634051
2.7505074735014086
2.4347113986107196
6.9987693263989774
6.3770688043461119
7.8961872517970031
13.048670526680075
12.895075559262599
4.9325404631447931
13.242984376476745
12.912291487232125
12.480200083784855
11.571256294380932
2.604580333906843
3.3181107232709088
2.4060804375672609
4.3658611182106757
2.5590573307450795
4.2727521031977114
5.0997531627348103
7.2539700684014647
12.040162506260517
6.2201943761735139
6.443644644903026
6.1392802401401472
6.4232412360607087
10.342217181358642
7.5519006211502084
11.669274971673177
13.519275926230875
6.8033250903684834
3.5016968988012445
2.3105873454747048
2.7665911061320516
7.7559477410175379
2.4819327664079429
8.8257631513785366
2.4403475867614746
10.817324827120808
12.575438251849258
2.6815422614579338
13.402619582573514
12.137660409984246
9.7245202947688512
13.442032982855908
9.6342127678629641
6.5618953642502316
11.062132121764716
3.994368241130108
2.2753470033700247
2.0710941277327817
8.7173607823504415
1.9541706892341835
2.063103027225746
2.2583608238452233
4.8288233570264332
4.7382682858141365
4.8680276251376471
3.4496400189916776
5.6239752598657295
2.9191848851644826
2.9057939242167903
3.9885424010462271
3.9885424010462271
5.6912073231957772
4.5617085643633146
3.0684286502917963
2.674864869659066
3.1515427772923643
5.3181164147228666
11.803160931851568
13.794926858451154
4.5976433096749041
4.406189646210092
10.91504707838639
12.082004982424463
10.908044011241122
8.4516178278242933
6.0572455586209433
10.342217181358642
9.0454348506213549
10.166839266033879
9.9178176238931712
11.601137001350626
4.2394787445906124
2.8971416150336924
5.9346641593937832
2.3482411563892351
3.6299376954433242
13.474710045979807
11.204522520578436
5.8834627082024946
10.730723218586354
12.321850983720601
12.112852789295282
13.135286098524457
12.688502931637405
11.840320701166178
12.414863921776272
4.6164625414954603
4.7725964446715645
7.929331762757835
10.926261504266501
9.920344544472794
12.174722365224632
10.123284276664235
13.145107951883602
11.043403658644721
5.6901240199185725
11.473976462500074
10.789546081180816
4.1916889381337574
3.9783781948738985
12.707746055469844
8.2574434263366889
7.808941098092073
10.135015186969353
2.9631058706974955
4.7118509845284446
9.440389794031498
2.9003463544068282
2.6774943974435024
8.5608619515895583
12.466037181744337
12.395663859642349
7.0063775126476102
7.516582543974498
7.8779259560860426
13.306752362339841
10.911822427923955
12.863669138409268
11.570113364841038
9.5890039261050735
6.5652099119873437
8.7746025718339471
2.9943186707715941
12.831182556178861
1.8039835244004281
1.887387585321358
2.6774943974435024
7.5122581981724865
5.3600105324647576
6.8071757841054668
3.8377023128066385
4.3726256079433199
3.3692886982167507
8.6078479095667433
12.877541415042595
7.546823235951007
10.721298166777251
5.9013112820853904
4.5099787034055154
4.7480060469125513
3.8670757645114109
11.886956203505282
4.6444463800996685
7.1652342931971118
2.3931309659729516
5.3180111058554296
11.630767403304322
11.706930626929283
13.154498544787044
11.289917366452688
6.2598942562837987
5.6448265912712028
9.848631270567326
9.1861951782035849
8.8344548044023163
12.006092182242437
7.7592431143776048
8.3170508768222522
7.2403012482450206
10.251557394840848
10.856416129166018
12.517043402238063
11.216981374763423
12.418485209172854
11.339037274423998
9.9185391926165138
10.941920146423724
6.6428322562965745
6.5377117817661405
2.3105873454747048
9.0819729702555136
2.7365453276807719
6.7985104300510031
3.0141448373216293
2.7374088757303365
12.743766683748333
11.673948315501498
10.955466629354927
12.770849666241345
10.955957076933942
2.4697759870727194
8.5457188593654063
5.5694279406952756
4.0351541519143694
10.173070923323998
11.874874958610009
10.249152383871799
11.095452038492231
11.874874958610009
10.420964138101475
11.618895597252836
4.7545903280813597
4.6109313904072158
12.732899672807612
5.0743482491933181
5.7208609372498946
12.566955149526931
4.2346438945782472
6.8945278936229508
5.787143049510699
12.770849666241345
8.366153400993861
8.5781864589065151
8.511108638343428
12.863669138409268
9.9766474268584968
8.6183203955352745
10.974073489959714
4.8011330200306324
2.7747965880096834
5.5260818589246554
2.8015528884702365
6.8474394432854062
6.0050031001979916
9.7161157094855266
12.707746055469844
11.761389254193075
5.0104250278770657
11.029566120904382
4.6089796826812259
4.3464197961360593
4.6109313904072158
10.597519268861099
8.0041781032795036
10.812688185376038
10.882133254668156
12.143722987183242
7.573829466237088
2.6137914654600722
10.873428166887409
5.1886504166083061
5.4709446599533722
5.7907640204881643
7.7724066796135425
7.4952405163497442
13.289463106924568
8.2412395428761229
5.4675239782900187
4.0006895476895563
2.8270253707294692
7.8218547078573408
10.752794527183759
11.570113364841038
9.9766474268584968
8.2948356450643157
8.2572170228412602
3.3690778779800703
1.5434324593150492
1.7814263991242358
1.6474954775014021
3.3692886982167507
7.6039123819069605
7.6662871489344528
8.3170508768222522
8.2572170228412602
3.129522972487742
4.0157440966338553
3.6330098114084541
5.2129209223770792
5.7252249648780849
6.5272261515543706
9.5671692131834654
11.304438309015032
6.0374734256722995
10.697462776132985
2.8768649446648626
1.6514895954421407
1.9541706892341835
3.1599635462495579
10.529123520953837
7.516582543974498
7.150590703380856
8.028653909621891
11.810138709025503
8.5131087690804268
2.4779508003241415
6.3770688043461119
9.4065950452274603
10.975501761692074
13.065056415820088
12.174722365224632
7.6655665735907066
11.864289451822613
11.989099519205547
13.135286098524457
12.32217322379349
12.189097461187394
11.770158240152247
11.441809624065506
13.105315333899421
12.481406483987803
12.179686061666601
12.333929293494178
12.077398780653796
12.671229735822562
7.3056194632188429
7.9908444429052254
8.4535512660366816
8.8344548044023163
11.877849483379025
9.7659627316156019
7.225100735406949
10.727133881893126
11.041583070011367
12.332738417964837
11.236047625660353
2.5002655390334807
4.5244599891950212
11.71096281523924
9.6344838196192768
12.715110185130722
10.001364170777336
13.554165725360271
9.7952712064740428
9.4487084933151415
10.638425638401586
11.617350978808542
10.912128659422528
11.555250552536496
6.1476644102187992
5.7988388266523136
5.8702969708566508
8.4997013920722235
10.207336011441143
11.109272065579727
5.4849786416033908
8.3377118806181336
10.873428166887409
2.661769629120966
2.4938820771876284
2.6667596379138154
10.911822427923955
5.3373858770139595
6.5288370950289192
8.7317074405145405
2.7711193800996954
3.640095178058437
3.4109384056345977
5.2234380743775057
4.9985882041780476
3.4851882517686321
9.6959537873106338
11.523175459880914
13.047387504884149
10.892742714685065
2.4071065948851329
7.6997597799304973
6.8902065107556547
2.7665911061320516
2.9651723057890864
5.9725207981163209
4.3977094572247566
8.5925011564507638
5.7208609372498946
5.7988388266523136
2.3904330969581524
3.1599635462495579
5.3899088990580877
4.8655813587288135
5.9346641593937832
6.5272261515543706
4.9501039111511176
4.8541860750810564
9.1491773116960768
8.6354761360897818
2.5855967041704369
3.3182960898902358
11.669274971673177
2.5234311840768533
3.543108012533958
4.2878995767409638
2.9003463544068282
10.152609561981883
3.4652889640576783
3.6564008536674169
4.7725964446715645
8.1330577729351603
2.8715603768525457
2.5822971606335052
3.3181107232709088
2.6605201851510634
6.1142808308908405
6.0900385145189384
6.1817611317481633
6.1626364486235232
10.057053645499641
9.2090316288905836
3.50199349769894
3.9397518110015568
3.3922120303924399
8.7317074405145405
3.8418825985857565
4.4909252384534701
3.9115665899328174
7.2539681637297999
11.090333770101825
12.332738417964837
11.523108997191358
11.236047625660353
3.2244042388947114
13.088277429365302
5.0861506012998774
4.6839232899976091
10.775424317602697
10.882133254668156
8.4699221527565491
11.396494498877781
10.730723218586354
2.7899337386491312
12.190442002802749
13.402619582573514
10.955957076933942
10.337138360217944
13.532829455338751
2.6793902614760912
1.8523251695702958
2.063103027225746
3.2834696503083602
2.5776224703790298
9.7059019909253532
11.722431151257092
2.4847902772903785
1.9529406498177273
4.6167907761592399
12.566955149526931
8.7107250825475262
4.4617543688095669
3.6330098114084541
3.4851882517686321
12.003750206829711
9.8260130454518499
13.264873856413868
9.7814576776425728
7.1847077130091614
9.721040077671196
10.262245905569735
9.4500781126175948
7.7559477410175379
9.0819729702555136
11.069363815579161
3.1288003978692536
9.6959537873106338
13.55361963095241
13.039791524607384
3.1629048761882275
3.9838135236474823
3.8071775895976425
3.4641441266351403
3.4750970368592915
2.7365453276807719
8.912501604760303
7.0289730252498197
3.4472502396864626
3.2834696503083602
12.592509361421145
7.7292839104376272
3.7089049716271276
3.8366752563699502
2.1753243461756266
1.7903648326342989
3.4931366885005928
4.1346700159028531
7.2163500620325705
8.5925011564507638
6.1142808308908405
9.9958089029055781
13.767437169428501
4.380000662590124
8.7958543922787058
5.0341178247161453
7.8961872517970031
2.7944966733891095
5.0009047106394462
13.30723263052626
13.404759049638699
12.27166716943414
4.8191979788253407
4.928982956826963
6.7833005036537024
3.2774596267736444
3.28763203501485
4.98955344996837
4.5175057391649105
7.9520920258174215
3.1037775854578267
5.3373858770139595
13.065675261791059
9.4110694117562215
13.593108069296704
4.3333637712123609
8.8424441359549579
11.259502099720555
12.143585014785792
3.3901403820978433
9.6379295710691508
10.001364170777336
10.215493885657922
12.006092182242437
11.850169099303013
3.5618201135169918
4.406189646210092
10.808009882993611
13.105315333899421
10.319439655775245
10.123284276664235
3.9179090641769565
4.3046163756166127
11.252382631809761
12.517043402238063
12.481406483987803
12.831206639003716
9.8572188072347515
13.736874500510568
12.416491732013345
11.490579602777014
12.179686061666601
10.412710186978421
4.822435133394702
3.8931892874281977
3.9138243746684824
4.4580550222125499
2.4804717619681971
4.1412180781801542
4.5072930589184468
8.2574434263366889
11.761389254193075
10.412710186978421
13.692123260485172
12.691477112358186
3.7566615481640633
4.2954123620872213
4.4457630416794354
6.7833005036537024
10.927761177095261
10.467272302858886
11.048430539380568
12.480200083784855
9.4081919780295724
13.145107951883602
5.7443255840130751
10.086430060714424
6.2145304503691809
12.622086611007131
4.3697487152246017
10.512496113270448
3.8464993224978219
3.1495738862505545
4.3046163756166127
8.0885968609448948
13.302589250818139
9.1199958825256662
1.9220852516492752
3.5082841620438452
2.5026326024310306
10.629130809878406
12.333929293494178
10.6606804362861
12.077398780653796
12.671229735822562
10.274974234458293
13.643284553106387
10.274974234458293
6.7985104300510031
8.912501604760303
1.5038833527989885
1.9529406498177273
3.203442205235671
12.003750206829711
7.9437096710338864
10.906194838733771
11.204522520578436
2.4683675471490241
5.8754676705983524
8.7258477998146873
11.043403658644721
12.395899889590996
9.0217521450862765
12.143585014785792
3.4757868150455304
2.7291536035371462
2.2583608238452233
12.702526304797649
13.175515304288115
9.9532143419807362
7.7834053497654336
11.544016299242232
9.8371747273194519
3.282171389416658
9.7728048373642995
11.617350978808542
3.3103821659841701
2.6749016029886943
2.3547740950336418
2.700352950874227
11.866885898178664
8.1511222518620201
8.8080987678029814
3.4228675899554379
6.5909593859076656
8.0985951227395034
11.877849483379025
6.9000231953655984
10.49755558115157
8.8080987678029814
8.9998207447557199
9.5973859479395909
7.9754318322592335
5.3586449579250468
11.202411438832392
12.473625401112061
12.646501312875781
5.0129428983146003
4.9501039111511176
12.785707596939556
12.079093365423292
12.785707596939556
12.395663859642349
9.452960343908213
12.707746055469844
11.109272065579727
8.4931338912209728
8.6183203955352745
2.8644376970802004
5.0997531627348103
7.6185360160634179
11.991729525604566
10.974073489959714
12.568750591642749
9.3690152776008269
11.616284474893879
10.192944037025534
10.981947382638458
11.647646012830766
8.9363354134861552
12.473861431060708
8.9363354134861552
2.3871830108833665
5.0996376831776749
11.735733107917861
11.21690738805191
3.8593494926936076
4.5617085643633146
3.7828689152089305
4.5617085643633146
5.0104250278770657
5.0595834114431328
7.150590703380856
8.9141566395187084
12.395899889590996
3.3237241951927636
3.3588416868593991
5.6307760583502331
4.8541860750810564
3.1606581641509317
6.2744289955306778
9.8656268536851606
4.7056557274473603
4.2196489424119195
12.084053723712149
11.134152569437735
2.7742756783527396
2.6605201851510634
11.023698095874872
11.195096053706182
12.068906250168897
2.4736731311956435
4.0310357432893067
12.022808981118086
12.178942884294191
8.867164977817982
12.015162294916088
8.867164977817982
10.215493885657922
11.013228844481748
11.944847439648374
8.9769122950200426
9.6068840328071641
8.8196219006581824
12.084053723712149
7.5119862646465094
11.866885898178664
8.9912558682823551
12.084053723712149
11.952836500079721
11.973594835244123
11.866885898178664
2.3518600291853855
3.167110949028312
8.69900538421963
2.4819327664079429
11.069363815579161
12.023019801354767
8.8257631513785366
2.4403475867614746
3.0141448373216293
3.814754313951898
2.7374088757303365
12.43004359002992
11.781277670506952
3.7975801270614484
3.8670757645114109
12.068906250168897
8.7970873704345482
12.006092182242437
8.8155304086986046
12.006092182242437
9.7659627316156019
11.874874958610009
3.9569155130031586
7.3315784859456858
10.163104606702504
10.981947382638458
8.7471224677876869
7.0289730252498197
10.163104606702504
10.912128659422528
11.789135176945631
9.0484767950046372
12.274120507090496
11.850169099303013
11.633001273769528
11.789135176945631
11.254817049818847
8.7342610780444492
6.786887105542017
11.850169099303013
8.7574295001904066
11.633001273769528
4.7679020792397742
11.886956203505282
11.850169099303013
10.333592464545777
8.7574295001904066
11.850169099303013
8.0019310954290468
4.7679020792397742
4.6444463800996685
8.6012886895418088
10.259791418332316
8.1822016973527365
11.134152569437735
5.7712736118829904
11.902037645819455
9.9781886438120626
6.5878435656326282
10.656000637268292
2.6014916593134219
5.3181164147228666
5.2129209223770792
10.656000637268292
11.601137001350626
9.7707822025970934
2.6752579444323623
5.1343016588214567
11.342370711313476
3.8145459435452098
3.2345385003566909
2.7871795231281489
5.8702969708566508
2.6049969076634598
5.4215359172736584
6.2836161514624473
4.3940021315130027
3.477285313294483
6.2836161514624473
11.606644596851515
2.2898807968107655
9.8765500512456086
4.1589283176448664
7.6684939698381127
10.396171746361532
10.496881298881142
5.8473814500694097
12.000873501201839
7.9564579737680381
5.8809840516451848
3.5821066235196652
11.199968068977897
10.583304715466996
13.66864236778636
12.676277790606047
2.649635085259888
7.4230780344050862
3.8891878648644744
9.9073700847475799
5.7447200810924315
4.0991298305815569
7.6169138686218298
9.7078914547492356
10.324105085880985
7.8027989654713741
12.303746457071602
3.6271584611414642
11.437147950508022
10.744701187588586
4.2355589247301957
3.5025797087788804
12.928229844760082
7.7199391945358178
4.1544984175159918
3.3015138820983898
13.111589613903568
13.794364996762789
11.166840919235126
7.7067170731114123
3.3422889733322045
3.3424524504538531
4.1840274444062944
9.1231562840682656
7.9674170253297119
8.4001909200877378
2.2946312851506532
6.1564367512348541
2.7268254514695456
9.9725106887403516
13.427602926222363
2.9158142110492622
5.0236631998423569
2.2847547459854529
10.269859551210423
2.8521430908208565
9.1255341759862301
3.5028019573766556
6.1776091842759184
1.9145716287332717
12.705805559645148
13.452945862762713
12.674660635996414
2.3153068384172868
6.4421965061709612
2.0184068455257442
10.211024556204778
4.6338338086743143
11.640428815396257
12.052531988117776
7.9727012187149473
2.2096224852765496
2.3763724762314711
2.9579360122536347
8.5298258521476669
12.546557805603895
7.1376889533511019
4.1925694960934718
7.6684911919574912
10.269082129951085
7.8056608648624479
3.2998943985372593
3.5650301206055128
3.0864923644593181
3.3424346101786129
5.7909211353285528
2.0429209111194875
12.724462854345493
2.0042967277548209
6.1450228371990976
10.473113056900862
8.8968066183321266
3.5027452584939298
4.2341321719016118
5.4131826633779374
2.0994143303336363
2.4600719590877351
2.5369543334395046
2.1131150814751534
5.8684058091958207
4.2308682494243035
2.1986709349606173
3.1449773044795744
3.3301276394141723
3.3384191392370943
2.630757745322394
8.4651761491430459
7.4033468124683512
2.920071966269
2.4604176138528588
2.3473522161353593
7.9320620642270674
7.9320620642270674
5.07627726627216
8.1163833160246632
7.7342218031812004
7.4384374304772436
4.4843805212213592
9.2845600217901847
2.5397126568826911
12.469023557169505
7.4688739468138268
9.4302711233325081
4.1439410798539988
4.1889217795862512
11.799438877769653
4.9369576581095895
3.1537927283153806
8.8061767094952366
7.5917345830491207
2.1306220752722185
7.562161226641515
12.561036281974411
8.6564784343781138
2.7199776181679782
9.8532401987189751
6.76421819026364
2.820706176179312
9.1175130236123483
7.6939457179290391
12.678253535699467
9.5869518821735653
2.5016543507294329
7.0772537008186562
3.8278171745897263
8.6944018482837802
2.7194883914527086
8.7314227395695241
4.2125840978647018
2.2189527453118516
11.86542002046737
8.9121730875729579
2.3937340560355613
7.7822832871629259
13.777220449322565
11.654682583303579
7.0554557701773897
4.1439410798539988
11.795111698621037
8.7201648889111301
8.6361847114261874
3.4177694770525484
8.6530420542236897
2.672519214338025
3.1537927285397744
8.7974418480296031
7.6837635832243301
11.58325130460576
7.5007220049748762
2.303946304776793
7.316368305520891
7.0913525268193069
11.538042462847869
7.3465361492273935
2.2227196690012647
3.6907489614241249
9.395557522204431
9.10626587762364
9.274831461233747
13.684416022592229
8.9071804273025936
8.8182532005046177
4.4724697208196496
11.932716988959006
7.5309313887487166
8.7974392297183996
10.171389664263417
2.8463763043920745
11.556636162882477
7.5309313887487166
3.4636241215979111
11.634138683880458
12.20058761853198
2.2434039525011289
12.20058761853198
7.1251620146268575
7.6771346706252945
10.863421132827737
2.206046724099171
9.8179757208235472
2.4255644430867589
9.7591367311706154
8.4473996601225814
3.1245341440071854
9.0974620367834209
5.1541803807655482
13.582039810512324
4.8253413698277692
3.3518674200426259
10.016257955120226
11.753325539883548
9.2794340481085218
6.3046783845216359
4.0401906713261759
13.790307940661114
4.9698120583629537
4.1302864919159141
3.8398531488362022
8.0891792864037058
7.9638360022454364
8.1754069462949737
3.7735012397803431
6.7723802744767596
4.8748786639894464
3.7566443745874496
13.498254431758484
13.605226048717395
4.2719736137215127
3.6698732558874045
4.9698120583629537
7.91104847327912
10.243874181807112
8.7747094774593464
4.2392675051527346
3.1428470077022461
10.04819230349818
9.6970055983394268
4.4656645650142606
9.5310780328335181
3.9978356966381829
3.7400629041030604
7.6289491109313721
6.8140304417086304
6.2892752060118111
5.805108260733844
12.29318014369705
6.5406449000496751
6.4427943433013413
6.1019073472733103
13.270193644633476
6.777861893769229
6.7036288648241555
6.5580182194240217
5.8083880294364043
11.606644596851515
2.6539903810445682
12.860308946233243
6.8037495985564131
9.9609560675150934
13.315889043649541
2.2300066277728616
5.5751423924572778
2.9270101416468957
13.346394183880065
12.121742119320118
2.3648643788219017
3.5252117811561745
9.5959888299470304
2.3309425658936029
7.0070995165978474
2.1638826264980611
8.0611778865060462
3.7159672577224288
4.0423217620743426
6.8690574853527737
3.6075030827767853
12.928179465652507
12.008447598671539
2.2898807968107655
5.7196380258417658
7.9215593348591167
9.8765500512456086
5.8078647655954203
5.9947224350861097
5.338173034029885
12.015162294916088
9.4002791166654536
6.5926771281189831
9.4612967349152832
10.190278079618919
7.0351891380426741
5.7057000849068595
12.257420372706706
3.7856650209849687
9.091502729926594
6.3149274961304682
11.759026539936723
3.1055212784199466
3.5512070785150236
11.922658514858583
6.2847358512658298
9.6230450991083387
3.4436395998182467
13.505899758467507
13.506968247528551
11.140938624283379
11.856910744193247
10.682714341046513
6.3211989433412246
10.099444328812645
3.6575795633562325
11.530934968227987
13.510254213310565
9.2872007167801538
9.2986914529859721
3.0964166138530955
9.4096763866070354
3.7856650209849687
5.017467187034593
12.699948553203923
10.435957253733662
13.288075811166795
3.7420895615647694
6.3228731839511356
6.3136811940386712
9.9515677854347384
3.2001743961686051
5.2594207027269668
10.682714341046513
10.682714341046513
4.611681636971408
8.0611778865060462
4.4104636620719795
4.409614394159
3.5903211446178069
5.6759928989195743
4.1589283176448664
4.0055220573110164
3.7923945064176938
4.3380587881096426
4.1589419839458834
11.243193566420969
9.6783224471804239
6.3603011919626384
12.809931435126574
5.07627726627216
5.1545993135100767
13.095627874880497
8.1163833160246632
7.8184736739155385
7.7342218031812004
12.697055388978056
4.1167763044844925
4.3999930381008117
7.6684939698381127
10.396171746361532
7.4384374304772436
6.9830687292045734
10.805162155898707
11.708500079778091
11.176025740711889
11.427756379284096
11.002348534005661
12.194786247368024
10.935438726395116
11.739275124022996
11.839637055619216
10.644869133399293
11.814665390427956
5.9243702304087416
5.9420195667172422
5.9302574878211098
5.8823561630439656
11.870374147680845
12.165592377585126
11.670078614413992
10.440070900291145
4.0030623098546547
4.0840800055276638
7.8993057428817561
10.442172427963769
4.4843805212213592
8.3926831816458218
4.9456458793612361
4.4682919230025986
10.496881298881142
5.0301221213678415
7.6856626047253336
5.8767423060478929
10.4531881901195
5.7447100202428594
13.752199468594364
5.5108586502597889
3.7159672577224288
4.4104636620719795
4.3859604279456379
5.0251398544907646
3.7856650209849687
5.4573226987866414
5.8473814500694097
10.706788113664231
9.091502729926594
5.9418087464805618
4.7444913532298987
5.8718362654421963
8.852059018675364
5.2137638945932734
4.6239034064018627
4.6239401397314905
10.648043920962426
9.2845600217901847
2.6457229421279136
3.9134853121972526
9.6278273316726466
9.8831789068633871
5.0398932348750183
4.0602304940917664
12.882333091699598
3.5287707263449102
9.9027647605055797
9.7209296609983742
9.9191709107979058
3.0746603886264317
2.7365490993090407
9.7755997856061327
10.921032195492833
3.317185234357559
12.6132154393718
9.0916356544222889
4.4767072749347268
12.222258184273064
9.1686874250261763
10.930985165581546
10.113203383290012
2.7280915059387598
12.876799713838059
10.916786964275227
9.0993891048535485
10.053887549254739
3.9136071330743412
10.259923774995643
10.259923774995643
5.6895791840606327
10.211433593951936
10.110828618792059
10.110828618792059
10.007011073165433
9.954569859971004
9.8497188977835144
9.8497188977835144
2.6539903810445682
2.358857330148584
2.6453573725382036
3.153960728060397
9.9244703690020302
6.4399637751962668
6.3149274961304682
9.6644443679659116
11.039622369504389
6.946339020996759
7.6643770846693116
8.1247319076324924
7.6742635016208807
7.3389474358008835
8.0390770512617351
6.961981435057397
7.6289491109313721
6.6952129478215303
4.9607739094747449
3.0218274455721486
13.676058921349696
12.663733728262008
13.792186789354135
12.000873501201839
2.5397126568826911
4.9456458793612361
3.6359072973072712
4.4522001213916234
11.36722006814386
11.0815966880806
13.03949801694173
12.990621606754164
7.9564579737680381
3.7639882356298724
4.3749191827397143
3.3518674200426259
3.5804258931227211
5.1161494857711078
11.912983167229473
11.186291005741914
10.861717919477583
13.660001351982036
12.006092182242437
10.948859281498518
13.203855586561643
3.2200578078721644
3.5522160721363432
4.4438226596803876
3.5793891648083545
12.860308946233243
12.663733728262008
12.405988951561715
12.64618681981694
13.151449975575188
13.684771644660657
5.8809840516451848
5.3527593748582092
5.3065012300725343
6.7984784653821366
6.7984784653821366
5.3986785557344739
5.5891337148012337
5.2264981635164407
12.469023557169505
5.8265505083247104
6.2689727851579384
9.744617675309577
6.3224798402400486
7.416179208219928
9.9532166400222994
7.4199831966961689
7.4688739468138268
2.358857330148584
4.9607739094747449
2.8678145724435673
9.0776959992837742
6.9419330206320753
3.1495654915005478
5.4770688207993841
3.5821066235196652
5.0301221213678415
5.2240084299644129
9.4302711233325081
4.1439410798539988
4.2878995767409638
5.9418087464805618
6.0188630506850185
3.1883105029040371
2.9896974202316882
3.4889500561478992
3.0300926100055885
4.6896718701419813
11.759365848762117
11.238555860432427
12.761726722118834
2.6457229421279136
2.8535872765507815
6.8140304417086304
6.8636609826063175
6.9397412763666262
11.199968068977897
13.33259883363891
13.521505061975169
13.504289089279292
7.6856626047253336
7.5134517884035033
10.016257955120226
4.1889217795862512
4.6852359989216952
10.583304715466996
5.9243702304087416
5.8123282087180774
6.2291243574146016
4.0055220573110164
4.2324401277801709
3.873148084127922
4.9115919084986581
6.2892752060118111
6.8698454164302714
7.0833401955642534
11.896402813601563
8.1948130183879719
8.4826751232491713
8.8435664303657475
11.896402813601563
4.4334429799701018
13.381419265469352
5.1743652718019897
5.0870900006598569
4.255543890356388
4.2068407638192404
3.7377329699379866
4.4939049829842883
13.106303274069262
11.827542605410478
5.3013996158472176
5.190940727379191
11.759026539936723
11.039622369504389
11.098215848438873
12.561920802033804
12.501177934553269
4.0423217620743426
3.2200578078721644
3.3854019172751477
3.8490355205259275
6.5107471011061104
6.8037495985564131
9.6487983166732931
11.279794326819982
5.3422623342795346
5.4278354466923124
2.6088833246546725
2.3976833864174028
4.7256271341107574
3.1454462799132612
3.1055212784199466
5.4573226987866414
3.9134853121972526
4.0702890998318049
7.8644602350932953
11.316905063626294
9.476881835824905
4.981756779536215
3.4868379755256971
3.8634367371427469
6.7155340529543803
12.099266051154101
12.099266051154101
13.66864236778636
11.279794326819982
9.0783133790741672
12.754965624411225
9.4912533915375317
3.5512070785150236
3.1883105029040371
3.4096687267718289
8.4672764247884995
11.399116649360392
12.676277790606047
11.799438877769653
9.2660424940746573
2.6813454201019442
3.1576458106172804
3.9465276572786125
2.6417856018720109
4.2688366713582235
3.7052672796263848
10.963315484463086
10.273074599363589
12.833891030654542
4.3806286552729192
5.6223158943997156
12.814493178195027
2.649635085259888
13.632785287222507
3.9074292358197011
9.6278273316726466
13.070082711022529
5.1298207044674689
3.7245517133908632
11.753325539883548
11.870374147680845
12.235094364609857
4.409614394159
4.3859604279456379
9.2794340481085218
12.443778058959369
12.11056858499982
7.4230780344050862
6.3159480986619849
3.8891878648644744
3.7923945064176938
4.4334429799701018
4.936317066637236
4.561045149834662
4.2038524313630825
12.754965624411225
3.121663792512869
10.378520932910474
3.3008402868239735
5.7955378592406186
10.886805021392727
4.9369576581095895
5.8078647655954203
11.934762896678597
8.4162082228321253
8.5109339009930292
4.9121444074402918
8.5142484487301395
5.4921465492767547
6.7682365155681374
6.2444508988300189
4.7444913532298987
6.0188630506850185
5.3968881121081944
5.2727627319355603
6.654694264190157
10.925950831762838
9.9073700847475799
5.8718362654421963
5.3527593748582092
5.3599769423773935
5.7447200810924315
5.805108260733844
6.3159480986619849
7.3386964701707882
7.6402458599385739
12.978604657647178
5.8606051266756136
5.7319074519517272
5.1298207044674689
4.5232633783399567
4.0550191573294398
6.6608895212712413
6.2369381134837605
3.1537927283153806
12.676172418635922
11.922658514858583
12.000323147714598
6.3046783845216359
3.121663792512869
5.3968881121081944
13.265729087484711
4.530727360343759
5.5731068898165681
10.897472660506551
10.080908774623602
8.8061767094952366
10.202112598058406
10.584514672832578
12.29318014369705
8.797407754602558
12.962267381224544
4.0991298305815569
3.5452945085863559
7.5917345830491207
10.491838472707743
10.661077731527293
2.6821232650618558
8.5266443501460678
3.7922696838993044
8.511028899929391
3.8201303279226924
2.1306220752722185
9.8831789068633871
13.070082711022529
2.0266860546154906
12.567367228794945
2.148495935405101
2.4094353835784941
13.557465669504989
3.6700354484233912
13.589765656093718
1.9271615491571137
1.9945751626476909
2.003162618853974
9.494061858372902
2.7240050505775586
2.570445353787806
10.274637555522203
2.1565045924890409
5.8265505083247104
5.1084794883009277
9.6679800719568778
5.4239675841862764
4.0895097145733823
5.7466186638042442
6.2847358512658298
9.6604212983183544
7.6169138686218298
12.682573491726663
5.4248253517883267
9.6230450991083387
9.7078914547492356
4.1089189968268851
4.2283756120874179
5.0398932348750183
10.757352766142512
5.1262496346692057
10.324105085880985
4.2324401277801709
4.5232633783399567
4.8505579861412764
7.562161226641515
3.5903211446178069
9.2660424940746573
3.6248039675162911
4.0955110597309563
8.852059018675364
12.000323147714598
7.8027989654713741
13.632785287222507
7.8184736739155385
6.6498889420203788
6.7714736701374987
12.561036281974411
2.6813454201019442
3.6248039675162911
9.0783133790741672
5.1397063953323023
5.1008113482975244
5.7201125157990118
4.0401906713261759
7.0506972286198009
5.5273738017200991
12.303746457071602
13.302025535614661
12.866643178362869
11.90164967862545
11.673558831511647
12.864085615129186
12.972467702370526
13.166019911506218
13.039372306844621
13.472147533934153
7.1724766111203024
6.4107929055523627
3.6359072973072712
3.5640039690390606
5.4248253517883267
5.3181164147228666
8.6564784343781138
3.8283512893405383
13.345533035620578
4.0394535509824285
5.4388536497598068
5.4388536497598068
5.3457800688461035
5.094820325348004
12.561920802033804
12.635108712854029
2.7199776181679782
6.3320448559515921
2.6453573725382036
2.8538594222088176
3.6734423630646984
5.1545993135100767
5.2677924174781738
10.378520932910474
13.265729087484711
9.8532401987189751
3.0218274455721486
2.8678145724435673
3.1576080927841139
5.3318808600430296
3.3677176054435947
5.949728084432353
11.927227180554858
11.719820739339891
3.0183255925461863
3.0660465502518601
7.727222220894018
6.76421819026364
10.560200744068563
2.820706176179312
4.6007859263049751
10.549815685005571
9.2806170226884817
10.035761017888536
3.5639966915750714
4.3748104517389299
4.2966515855443035
3.8911784596099115
4.8259034814076589
13.790307940661114
12.635108712854029
11.224992248859701
3.4436395998182467
5.3355277562598253
4.9698120583629537
6.3148996549534724
3.6271584611414642
3.5522160721363432
4.0994791468032252
5.7572987205951236
7.0506972286198009
6.62674582083232
5.8767423060478929
7.2845180838257191
5.9420195667172422
4.0602304940917664
12.877844762123921
3.1069769748124192
3.7401102122412011
10.983239101708282
11.015333165569844
12.247831300548052
11.505309937473331
7.5730137966085262
11.437147950508022
5.9947224350861097
11.934762896678597
8.4162082228321253
11.389428330774296
6.8690574853527737
5.0251398544907646
7.5134517884035033
8.0884715148100597
8.13079966849096
4.5026363028303162
3.7693097956579509
2.7203369082474245
4.5513669224407129
2.5327019238883226
4.0442426687559223
4.224385540112821
4.6284287982188879
5.3962887764292597
3.6689191731097153
3.1005030909120062
12.882333091699598
10.757352766142512
10.805162155898707
12.256983000175904
9.1175130236123483
12.405988951561715
11.588925917167353
13.165945924794705
6.8780214935697588
6.3948015784222312
2.0266860546154906
3.0547129808558342
4.1302864919159141
3.0885590377353487
5.674516455149071
10.744701187588586
3.5452945085863559
3.5090272087465522
13.57980594004712
3.5455672415920336
4.2723378232904876
3.4483900200082731
3.8398531488362022
5.6212002548050322
7.6939457179290391
8.0891792864037058
11.224992248859701
6.4734985259378179
12.877844762123921
11.084100317683747
7.9638360022454364
12.443778058959369
3.5287707263449102
5.1454765329077938
3.1576458106172804
4.6594150060909048
4.4682919230025986
4.4522001213916234
4.5301366259608598
12.258526528761392
2.684984511693377
3.2136503487678323
13.505899758467507
9.9609560675150934
4.6007859263049751
9.5329311678803954
12.208829955075112
8.1754069462949737
12.697391137463319
6.8773472441171037
5.005905597463757
13.302025535614661
13.327901646479585
5.6212002548050322
5.2055375166894322
6.3603011919626384
2.652423944632968
2.9438282052496825
6.3657722128900867
8.955416049390406
10.299656756934331
2.4850578760540789
9.434184958037017
10.838770911700946
9.6604212983183544
9.4874421297048421
9.6269989072319078
3.5639966915750714
13.156962159067987
10.666311567215764
3.1913836773936395
10.990996166503956
4.442168559072754
3.3867082662961878
3.123712134213906
11.607988834861597
11.021643660408026
13.33259883363891
9.6644443679659116
5.1262496346692057
5.2673346266330316
13.506968247528551
4.5026363028303162
2.5283491399496261
13.315889043649541
13.168692631734572
3.4757868150455304
4.2355589247301957
10.491838472707743
4.1773624314197795
8.342926861772078
11.180536624251943
2.8350825568894562
3.8100194155832274
11.708500079778091
12.339011245276829
11.787390866077967
5.4988097903409132
4.1102481172888305
7.8822365187535945
4.0702890998318049
5.6769850327327047
11.36722006814386
13.655969163672081
11.176025740711889
5.9302574878211098
5.8123282087180774
6.5406449000496751
7.8741304843477096
6.659951925793238
8.2089327930265963
6.295458332878856
13.381419265469352
11.140938624283379
7.8644602350932953
7.8822365187535945
7.8822365187535945
5.0136095475783824
4.4126614257608932
5.9274167316166952
7.8741304843477096
7.727222220894018
5.338173034029885
9.1316355610185127
5.8696865687773192
5.2090972830577602
5.3278279347824355
5.1820674002792151
9.1142728299399085
7.4165625150328154
12.015162294916088
9.1316355610185127
2.2300066277728616
3.0287367153891678
4.9931150928200303
5.8696865687773192
5.5134252006215503
3.5025797087788804
3.9074292358197011
3.7693097956579509
12.866643178362869
11.588925917167353
12.258526528761392
13.253564074277953
5.57897623218612
11.316905063626294
13.327901646479585
11.448204287819884
11.90164967862545
10.053159908429736
2.9896974202316882
2.9875008259831786
3.5929310835610013
5.1454765329077938
12.339011245276829
12.423007120006707
10.661077731527293
12.701833063926557
8.4185296946884609
12.928229844760082
4.1089189968268851
4.1773624314197795
11.912983167229473
11.850169099303013
11.856910744193247
11.427756379284096
13.504289089279292
12.256983000175904
12.487741196106164
11.939339126345086
11.86757772935931
13.504289089279292
5.3013996158472176
2.9875008259831786
4.5031847766548294
4.0228694891307795
4.4000100838020808
5.4248253474582544
4.0201326644755779
13.534176147800316
3.4924709960578455
3.5714982232183656
13.414142143291787
3.1575277171654959
4.4000100838020808
2.9874554534685434
4.6781921402799425
11.002348534005661
12.487741196106164
6.2689727851579384
5.1084794883009277
5.1397063953323023
12.084053723712149
6.3216641446861166
9.4002791166654536
5.5751423924572778
11.243193566420969
5.6579435083699243
5.8823561630439656
5.3422623342795346
5.1743652718019897
4.936317066637236
4.5031847766548294
5.2403656934898359
3.7304649358670323
10.682714341046513
13.156962159067987
13.746118748504905
7.7199391945358178
8.0884715148100597
8.111674985366319
12.461534650013244
7.0850784545481718
12.257420372706706
7.8169561052801173
6.3211989433412246
3.6075030827767853
3.3854019172751477
7.6650949861678761
3.7735012397803431
4.5536188706496388
4.5080958674878762
4.820598913595342
3.4889500561478992
4.7714783871696289
3.4166262024273846
5.0870900006598569
4.561045149834662
4.255543890356388
4.3806286552729192
3.8911784596099115
5.4988097903409132
3.8296964007824035
3.6703206991358663
10.666399319093237
3.7530220611432243
3.6005281321849369
4.3394716337009491
11.360107948499017
4.1544984175159918
5.2090972830577602
5.5134252006215503
5.0920946693122149
5.2218073884027802
5.6283868231935434
12.646501312875781
5.3457800688461035
5.2677924174781738
2.6088833246546725
2.7203369082474245
2.5283491399496261
6.7227031526992729
6.5655010782382561
3.5332408943808025
12.678253535699467
6.946339020996759
11.186291005741914
8.1948130183879719
11.850169099303013
7.4628286697011914
7.5245069708351968
10.785930564479015
9.5228680029798838
11.546424484682388
3.3015138820983898
6.6498889420203788
7.1724766111203024
5.842227824170994
12.158650608725733
7.3386964701707882
9.5869518821735653
10.560200744068563
10.264816539862014
9.9027647605055797
2.8381630199536723
3.0070629845847945
2.5016543507294329
4.0985368048263338
13.647994320995174
12.697391137463319
10.202112598058406
10.264816539862014
7.0772537008186562
10.549815685005571
11.944847439648374
13.111589613903568
6.7723802744767596
10.706788113664231
6.8636609826063175
4.0228694891307795
3.5537483565152423
9.7209296609983742
12.567367228794945
13.582039810512324
13.794364996762789
3.8278171745897263
2.148495935405101
2.9005623314168569
3.6310188640548144
3.5860231455615685
11.42856023788911
6.4427943433013413
7.6643770846693116
6.6952129478215303
8.797407754602558
7.727222220894018
6.659951925793238
7.727222220894018
6.6873068225569332
7.5938651280139986
9.1893397849878173
6.8146198954716093
7.5798145950930298
7.1286587700895128
12.165592377585126
12.235094364609857
4.5301366259608598
3.5129851561214815
12.364076376822043
11.166840919235126
7.7067170731114123
13.106303274069262
6.9397412763666262
5.8760525681473528
8.6944018482837802
12.928179465652507
12.697055388978056
4.2068407638192404
4.2038524313630825
6.0810150305443367
4.3712842932505795
6.435509584137094
8.2462626506279548
8.088318776882943
2.7194883914527086
3.9465276572786125
7.4751203956674521
12.446594117894366
9.476881835824905
7.8822365187535945
3.7377329699379866
4.1102481172888305
3.8296964007824035
5.1933105343307391
6.3508859161202134
3.8364261220641547
3.3422889733322045
7.1724766111203024
2.6821232650618558
8.342926861772078
2.7777078190921127
3.7096714394546662
11.505309937473331
5.0920946693122149
4.8682234219072784
8.1247319076324924
7.4628286697011914
8.7314227395695241
9.4874421297048421
10.090269991810411
9.4912533915375317
3.3008402868239735
5.5273738017200991
6.62674582083232
3.233191318871103
12.261031235094627
5.1584061593141985
4.7965732668183794
12.972736632617668
10.099444328812645
4.8748786639894464
5.2083777915847822
4.2125840978647018
9.0776959992837742
3.3424524504538531
6.9830687292045734
2.2189527453118516
3.5129851561214815
5.3278279347824355
5.2218073884027802
4.1840274444062944
10.4531881901195
11.86542002046737
7.6250983863953214
12.809931435126574
4.6852359989216952
2.652423944632968
7.2756009892963753
8.7759936981378122
12.156374548183939
2.4094353835784941
2.684984511693377
3.4757868150455304
3.5537378618949473
2.7023068274312734
2.3064193235965766
9.1231562840682656
5.4241355736020882
10.696161004530484
6.0810150305443367
6.0199811081869541
4.981756779536215
5.0136095475783824
10.666311567215764
12.471761785561844
13.799207636045811
4.3380587881096426
3.873148084127922
4.3859463374413075
12.194786247368024
11.787390866077967
5.4278354466923124
5.1008113482975244
7.9674170253297119
13.521505061975169
5.2403656934898359
10.935438726395116
6.5926771281189831
5.1820674002792151
6.6329618267404049
3.6575795633562325
3.9469333785227683
11.0815966880806
3.5640039690390606
3.5090272087465522
6.1019073472733103
9.744617675309577
6.8698454164302714
7.6250983863953214
6.4499750647238061
13.291409248056274
3.1069769748124192
11.084100317683747
3.1913836773936395
12.158650608725733
3.4834313729046356
13.042883885508651
4.3217521934819718
12.265027025279412
11.759556651985903
11.739275124022996
13.676058921349696
11.530934968227987
4.5513669224407129
8.9121730875729579
13.253564074277953
2.9270101416468957
2.8538594222088176
5.7201125157990118
8.5266443501460678
12.766936084156518
13.622986852244294
5.3065012300725343
7.1286587700895128
5.9434067778729043
5.9434067778729043
4.854832460959587
5.2366705717576458
8.4001909200877378
6.2217906399405081
5.9434067778729043
5.1933105343307391
2.2946312851506532
5.2240084299644129
13.799207636045811
6.7984784653821366
6.9385919867111667
3.5537378618949473
3.8047752035089699
2.3937340560355613
6.3664937363047542
3.5265577778963926
7.7822832871629259
4.4000100838020808
6.7984784653821366
6.1564367512348541
11.180536624251943
13.095627874880497
5.937580937789023
12.89095868316652
3.7566443745874496
5.2055375166894322
4.3712842932505795
6.0199811081869541
13.493054835985028
2.7268254514695456
3.7639882356298724
8.0513117735934401
3.4714149537378458
13.498254431758484
3.5804258931227211
4.9931150928200303
3.233191318871103
4.9931150928200303
9.5070248281884204
10.477589993150222
11.665154246228324
4.5313356973763019
4.7233142150955354
11.861412516715328
5.2137638945932734
3.6800168065936631
2.3976833864174028
6.8773472441171037
3.5537483565152423
2.7297044758313329
4.5116927075300843
9.9191709107979058
13.557465669504989
13.777220449322565
4.4939049829842883
6.3508859161202134
6.3224798402400486
6.4499750647238061
4.7714783871696289
3.7401102122412011
4.5548589638969625
11.654682583303579
7.0554557701773897
8.4826751232491713
7.5245069708351968
8.2462626506279548
8.3722797728035054
7.7361815862534957
4.9115919084986581
4.8505579861412764
13.605226048717395
4.4438226596803876
3.8490355205259275
4.9931150928200303
9.9725106887403516
5.937580937789023
4.1439410798539988
4.2878995767409638
4.2719736137215127
6.435509584137094
7.0486762199204707
13.427602926222363
11.795111698621037
6.9476267409208443
3.0300926100055885
3.4096687267718289
3.0900204826158228
2.4100167326323487
2.9158142110492622
5.9647826333766512
8.7201648889111301
8.6361847114261874
7.2756009892963753
12.008447598671539
5.6759928989195743
5.0236631998423569
4.1589419839458834
2.2847547459854529
5.7196380258417658
11.839637055619216
12.11056858499982
13.730316207249748
10.990996166503956
12.471761785561844
3.4834313729046356
11.853105208134856
5.491177509971318
11.890134909696069
3.6289004631606874
4.0708348162780537
11.864786855463148
12.778259008391291
11.454535033812766
3.9913071437429424
5.6283868231935434
12.261031235094627
9.5070248281884204
13.144134590448978
12.501177934553269
12.423007120006707
3.0746603886264317
3.6700354484233912
4.8009916364393579
4.7725964446715645
4.9259674288453805
13.42301499924287
3.4177694770525484
3.5265577778963926
3.0900204826158228
10.002729203531686
4.4607502787927169
3.5267994439135273
2.7449762861674318
13.510254213310565
7.416179208219928
7.739802557230961
3.0798716363129639
2.709684727526287
9.2872007167801538
4.442168559072754
9.9011305625602173
3.5879013823532193
10.440070900291145
9.5005921394054322
2.7365490993090407
3.8744361160724594
13.346394183880065
13.792186789354135
12.64618681981694
13.168692631734572
9.7755997856061327
13.589765656093718
13.647994320995174
10.921032195492833
2.7023068274312734
3.8047752035089699
3.8744361160724594
3.7094781433158359
12.855233375476567
10.861717919477583
11.827542605410478
10.785930564479015
11.759556651985903
11.135233714946382
10.402589802779477
11.583522356362073
11.158070165633379
10.683299614787245
9.2986914529859721
13.746118748504905
10.269859551210423
12.682573491726663
12.211284442312531
12.972467702370526
12.766936084156518
12.904505166097723
3.0964166138530955
4.4126614257608932
8.6530420542236897
3.1576080927841139
4.0985368048263338
3.1362831871046084
3.0156454146049381
3.3531979980266726
10.555008331937771
3.6257325083122836
8.087678375210043
3.2714839886888725
2.8521430908208565
7.0277234596454559
2.9438282052496825
3.0798716363129639
2.8805738414982947
13.759177245768299
9.5351345980798712
10.8829944958086
4.423440901092432
2.9440945926671445
10.97647830752128
2.9441667481294194
10.943675227379266
9.1255341759862301
11.861412516715328
7.0277234596454559
3.5028019573766556
7.8169561052801173
2.672519214338025
5.7857137931127465
12.03546859745722
6.1776091842759184
6.2291243574146016
12.121742119320118
6.3657722128900867
8.7759936981378122
13.253476845757827
1.9145716287332717
3.7888197525635166
3.7245517133908632
4.0550191573294398
3.1966664189520353
13.270193644633476
10.644869133399293
11.939339126345086
5.6223158943997156
5.4248253517883267
5.4248253474582544
3.6703206991358663
3.5965340142441988
3.1537927285397744
4.4438226596803876
12.705805559645148
5.7447100202428594
7.2845180838257191
5.2083777915847822
6.5466818464177008
13.452945862762713
12.674660635996414
11.448204287819884
3.2807315262896122
9.6269989072319078
10.090269991810411
2.3648643788219017
10.053159908429736
11.853105208134856
3.317185234357559
3.4868379755256971
5.6769850327327047
8.3261073410889086
9.8452257885397998
6.7227031526992729
13.03949801694173
4.5536188706496388
5.2671492600137055
3.6698732558874045
6.3148996549534724
4.5080958674878762
6.2217906399405081
7.048791699477607
8.7974418480296031
7.6837635832243301
8.3926831816458218
8.088318776882943
8.3722797728035054
12.291255718101437
9.4096763866070354
13.618313508415973
8.4672764247884995
3.0287367153891678
2.7550204110611132
2.8513357281473479
9.4912164721400885
3.4820202561824085
10.573932409724177
2.7883242363199718
3.3867082662961878
5.491177509971318
3.7856650209849687
4.6896718701419813
11.673558831511647
11.58325130460576
8.5109339009930292
2.3153068384172868
5.9434067778729043
4.224385540112821
4.0201326644755779
10.666399319093237
3.9032092259769802
4.0121415639685418
4.2073993605880196
6.777861893769229
6.6873068225569332
6.4421965061709612
5.3986785557344739
7.5730137966085262
4.8682234219072784
4.854832460959587
5.937580937789023
5.937580937789023
7.6402458599385739
6.5107471011061104
5.017467187034593
4.6239034064018627
2.0184068455257442
3.3647903830345358
13.752199468594364
6.5466818464177008
6.3552281829528878
12.864085615129186
12.6132154393718
10.211024556204778
7.5007220049748762
12.291255718101437
1.9271615491571137
2.4100167326323487
10.002729203531686
3.0971395089515981
3.1686220039724446
4.9989910473391435
2.4245094700976457
5.3318808600430296
3.1362831871046084
7.8837026961365799
2.303946304776793
5.57897623218612
13.153561057321232
7.316368305520891
12.67976175532915
3.5252117811561745
13.534176147800316
6.5655010782382561
5.6974277512188936
9.0916356544222889
2.8381630199536723
2.709684727526287
2.8805738414982947
2.9138038710136138
4.0881586527707503
2.8808397299326356
12.992442195387518
7.0913525268193069
13.42301499924287
12.699948553203923
5.3355277562598253
5.9274167316166952
10.206481963079487
9.6679800719568778
12.084053723712149
4.9121444074402918
6.6608895212712413
11.389428330774296
4.8493848911496249
4.6265329341862991
10.435957253733662
4.3748104517389299
4.3747680521738648
4.4891937515046854
8.955416049390406
9.4656210807172947
9.5959888299470304
12.760645112280418
13.519151901583834
11.538042462847869
8.5142484487301395
3.3677176054435947
3.0156454146049381
3.7530220611432243
3.8364261220641547
4.6265329341862991
9.4612967349152832
2.8350825568894562
2.7777078190921127
5.4239675841862764
6.3216641446861166
5.3183272349595478
10.477589993150222
3.153960728060397
3.6734423630646984
7.3465361492273935
4.0895097145733823
3.8283512893405383
4.0534725298313283
6.5934849168424652
9.1142728299399085
2.2227196690012647
3.1966664189520353
4.4438226596803876
13.57980594004712
13.655969163672081
4.6338338086743143
3.5455672415920336
8.2089327930265963
7.5938651280139986
11.640428815396257
11.135233714946382
10.783493341145114
4.0030623098546547
3.9263924001087926
9.1893397849878173
12.052531988117776
11.890134909696069
13.166019911506218
13.288075811166795
11.86757772935931
12.89095868316652
7.9727012187149473
7.6650949861678761
2.7550204110611132
11.031011506998309
2.9198697321305178
8.1239281563597192
3.0787071449304948
2.573100011639498
13.622986852244294
12.904505166097723
12.904995613676737
2.2096224852765496
3.6689191731097153
5.005905597463757
2.7297044758313329
4.4767072749347268
12.833891030654542
10.983239101708282
4.5548589638969625
12.833891030654542
3.123712134213906
3.6289004631606874
6.7036288648241555
6.5599699271500116
2.3763724762314711
5.8760525681473528
7.6698994739926905
4.9698120583629537
8.8435664303657475
7.7361815862534957
4.0994791468032252
4.0840800055276638
3.7922696838993044
9.5005921394054322
11.925685963601293
9.5556992340457327
12.629969330194125
4.7256271341107574
3.6907489614241249
7.4751203956674521
2.9579360122536347
8.5298258521476669
7.91104847327912
11.665154246228324
13.710427790935871
6.9594635646198615
12.978604657647178
6.5580182194240217
6.295458332878856
6.5599699271500116
12.546557805603895
9.9532166400222994
12.761726722118834
12.831171791410954
9.5228680029798838
2.3309425658936029
3.3616217383390623
7.1376889533511019
7.4199831966961689
7.739802557230961
9.395557522204431
9.10626587762364
10.190278079618919
7.4165625150328154
5.949728084432353
3.3531979980266726
8.511028899929391
12.701833063926557
13.519151901583834
11.925685963601293
10.243874181807112
9.6367416551984366
5.3181164147228666
3.4924709960578455
3.7304649358670323
3.5965340142441988
5.3183272349595478
8.7747094774593464
7.8993057428817561
3.9263924001087926
9.6367416551984366
4.1925694960934718
5.9647826333766512
4.7578057664120781
4.1534349219112041
7.6742635016208807
8.4762646882971655
10.299656756934331
13.253476845757827
7.6684911919574912
12.646501312875781
4.8259034814076589
3.6005281321849369
3.9032092259769802
5.1090020829923546
12.222258184273064
9.4656210807172947
9.0996292401236527
9.1686874250261763
13.759177245768299
10.269082129951085
3.8634367371427469
8.3261073410889086
10.930985165581546
2.8535872765507815
3.0070629845847945
3.6800168065936631
2.9138038710136138
9.274831461233747
13.684416022592229
4.1167763044844925
12.814493178195027
13.042883885508651
4.0708348162780537
13.568809137689556
4.4778096308694328
8.9071804273025936
9.5329311678803954
10.402589802779477
10.783493341145114
11.715001268358398
8.8182532005046177
12.676172418635922
12.990621606754164
13.185086162403149
4.2392675051527346
6.4734985259378179
13.660001351982036
11.583522356362073
4.8009916364393579
4.8477074529646984
5.4132761966924088
2.4850578760540789
9.5351345980798712
10.943675227379266
3.0241259333177366
10.924720627091197
3.0036522005437933
13.504289089279292
7.8056608648624479
7.7478773633951104
6.9278861207574876
9.434184958037017
12.156374548183939
13.058310602322525
7.0070995165978474
3.2807315262896122
3.3616217383390623
3.1428470077022461
2.5327019238883226
3.0885590377353487
12.760645112280418
7.2864244137567553
8.0513117735934401
10.680745977257336
3.2998943985372593
5.5891337148012337
5.3599769423773935
7.1724766111203024
6.9476267409208443
5.4342267885114284
11.64499232405343
10.8829944958086
4.2723378232904876
2.1638826264980611
9.6487983166732931
8.4185296946884609
2.8513357281473479
3.5650301206055128
7.9215593348591167
3.0864923644593181
9.3031837695079336
7.6698994739926905
7.7478773633951104
4.3394716337009491
5.1090020829923546
7.3389474358008835
6.8146198954716093
7.8837026961365799
8.4762646882971655
6.8991424478939134
6.8032246118238522
11.098215848438873
10.584514672832578
3.7420895615647694
5.2673346266330316
13.618313508415973
4.4724697208196496
5.4921465492767547
6.2369381134837605
4.8493848911496249
11.932716988959006
3.1454462799132612
3.5332408943808025
5.6974277512188936
10.04819230349818
4.820598913595342
4.5313356973763019
5.2671492600137055
4.6095587218938592
7.5309313887487166
8.0390770512617351
8.13079966849096
8.111674985366319
12.006092182242437
11.158070165633379
3.3424346101786129
3.4714149537378458
4.5116927075300843
10.680745977257336
5.7909211353285528
6.4399637751962668
5.8606051266756136
8.7974392297183996
13.039372306844621
13.472147533934153
13.185086162403149
2.0429209111194875
7.0351891380426741
6.6329618267404049
12.724462854345493
12.831171791410954
10.171389664263417
13.345533035620578
12.67976175532915
2.0042967277548209
12.904995613676737
11.759365848762117
5.190940727379191
4.6284287982188879
3.5714982232183656
4.0121415639685418
5.2325081870511561
2.8463763043920745
4.2878995767409638
10.555008331937771
13.414142143291787
3.4166262024273846
3.0782143384591096
6.1450228371990976
10.473113056900862
6.4107929055523627
4.7578057664120781
5.4342267885114284
11.238555860432427
11.556636162882477
8.8968066183321266
11.670078614413992
12.211284442312531
11.399116649360392
9.4912164721400885
11.031011506998309
13.018402352321957
3.5027452584939298
11.64499232405343
4.4607502787927169
4.5217842011500995
4.2341321719016118
5.094820325348004
3.7888197525635166
5.4131826633779374
5.4241355736020882
2.9198697321305178
10.861540141503099
8.9780115619926164
5.3962887764292597
5.2325081870511561
9.6783224471804239
5.6579435083699243
5.7857137931127465
3.5929310835610013
3.1575277171654959
4.3859463374413075
5.2082906008342533
2.0994143303336363
3.1005030909120062
9.3031837695079336
4.0540149523318281
7.5309313887487166
11.944847439648374
4.4000100838020808
2.6417856018720109
4.0955110597309563
4.6594150060909048
6.7155340529543803
9.8452257885397998
2.4600719590877351
3.8100194155832274
4.901968152581734
3.0971395089515981
4.5308543138237498
4.7725964446715645
4.0881586527707503
6.7682365155681374
6.8780214935697588
8.7323390403964982
5.2264981635164407
5.2366705717576458
6.9385919867111667
6.3228731839511356
9.9011305625602173
4.0442426687559223
7.2864244137567553
2.5369543334395046
11.360107948499017
5.674516455149071
10.113203383290012
3.7094781433158359
3.7875607111388003
2.7280915059387598
5.1454765329077938
4.9259674288453805
4.8477074529646984
4.3407681077168521
13.799207636045811
5.5108586502597889
6.3552281829528878
11.864786855463148
4.423440901092432
2.8808397299326356
5.1584061593141985
6.2536549123594085
12.778259008391291
3.4636241215979111
3.5267994439135273
4.5217842011500995
11.634138683880458
2.1131150814751534
4.901968152581734
4.3999930381008117
4.3217521934819718
13.568809137689556
12.20058761853198
6.7714736701374987
5.842227824170994
3.5793891648083545
5.7572987205951236
2.2434039525011289
4.2688366713582235
6.3136811940386712
10.206481963079487
13.710427790935871
12.20058761853198
5.1454765329077938
5.2082906008342533
5.7057000849068595
6.2444508988300189
6.3948015784222312
8.7323390403964982
12.876799713838059
11.015333165569844
11.607988834861597
10.916786964275227
7.1251620146268575
12.03546859745722
7.6771346706252945
5.8684058091958207
12.461534650013244
5.7955378592406186
4.7965732668183794
6.2536549123594085
9.9515677854347384
10.863421132827737
3.2001743961686051
3.9469333785227683
3.5879013823532193
11.454535033812766
3.9913071437429424
4.4778096308694328
12.099266051154101
12.099266051154101
8.1239281563597192
10.861540141503099
2.9874554534685434
3.0782143384591096
4.2308682494243035
9.0993891048535485
12.855233375476567
13.153561057321232
2.1986709349606173
4.2283756120874179
10.053887549254739
12.992442195387518
3.9136071330743412
3.7875607111388003
5.4248253517883267
4.6781921402799425
4.2073993605880196
1.9945751626476909
3.1686220039724446
9.6970055983394268
13.493054835985028
2.003162618853974
3.2136503487678323
2.3064193235965766
2.9440945926671445
3.0241259333177366
5.2594207027269668
4.6239401397314905
2.206046724099171
6.3664937363047542
3.6257325083122836
9.8179757208235472
10.682714341046513
2.4255644430867589
3.7052672796263848
9.7591367311706154
8.4473996601225814
12.446594117894366
10.682714341046513
10.948859281498518
11.546424484682388
9.9244703690020302
6.9419330206320753
13.151449975575188
3.8201303279226924
3.7096714394546662
6.961981435057397
6.8991424478939134
12.364076376822043
4.2966515855443035
4.3747680521738648
10.963315484463086
13.058310602322525
10.442172427963769
9.5556992340457327
4.4656645650142606
7.048791699477607
9.5310780328335181
12.629969330194125
3.1449773044795744
4.0540149523318281
9.494061858372902
3.0547129808558342
2.9005623314168569
3.0008858487336929
3.3301276394141723
3.4483900200082731
10.259923774995643
10.259923774995643
3.9978356966381829
7.0486762199204707
13.684771644660657
13.165945924794705
5.8083880294364043
6.5107471011061104
5.7319074519517272
6.5107471011061104
6.9594635646198615
5.6895791840606327
9.0996292401236527
10.211433593951936
5.2727627319355603
4.530727360343759
7.5798145950930298
6.8032246118238522
3.3384191392370943
7.0850784545481718
11.814665390427956
6.654694264190157
5.5731068898165681
13.083191106180532
4.7233142150955354
4.6095587218938592
12.972736632617668
13.144134590448978
3.1245341440071854
4.2878995767409638
4.0394535509824285
6.3320448559515921
12.265027025279412
10.110828618792059
10.110828618792059
5.4132761966924088
4.3407681077168521
12.962267381224544
10.925950831762838
10.838770911700946
10.007011073165433
9.0974620367834209
10.897472660506551
12.247831300548052
3.7400629041030604
5.1161494857711078
10.648043920962426
3.4820202561824085
13.018402352321957
10.573932409724177
2.7883242363199718
3.0787071449304948
2.630757745322394
2.573100011639498
13.730316207249748
5.7466186638042442
4.0534725298313283
2.7240050505775586
9.954569859971004
10.273074599363589
11.715001268358398
12.833891030654542
5.1541803807655482
9.2806170226884817
2.570445353787806
4.9989910473391435
3.6310188640548144
3.0008858487336929
10.696161004530484
8.9780115619926164
10.274637555522203
10.924720627091197
3.5860231455615685
10.886805021392727
11.021643660408026
13.799207636045811
13.582039810512324
11.42856023788911
13.203855586561643
10.683299614787245
8.4651761491430459
13.799207636045811
9.8497188977835144
13.582039810512324
5.4388536497598068
4.8253413698277692
2.1565045924890409
9.8497188977835144
13.799207636045811
4.611681636971408
4.4891937515046854
5.4388536497598068
6.5934849168424652
10.035761017888536
12.208829955075112
10.080908774623602
13.083191106180532
7.4033468124683512
11.927227180554858
8.087678375210043
10.97647830752128
2.920071966269
3.3647903830345358
4.1534349219112041
2.9441667481294194
3.0036522005437933
2.7449762861674318
2.4245094700976457
4.5308543138237498
11.719820739339891
3.2714839886888725
7.0833401955642534
13.291409248056274
3.1495654915005478
3.0183255925461863
2.4604176138528588
6.9278861207574876
2.3473522161353593
4.3749191827397143
7.9320620642270674
5.4770688207993841
3.0660465502518601
7.9320620642270674
13.519933572529574
2.785450787494939
11.678613887380324
6.1079668543876622
9.4020133531822054
12.206802206825044
12.309595568585832
7.5203585962241624
9.7084411169141536
7.5447312145292038
4.9780696083345104
13.023204590837624
11.773542388138885
2.3729629330083553
9.3721165711478829
5.8382264016072707
11.706442816390707
7.6937586178352282
6.0481683673243527
9.3595017494304518
11.504894615299143
12.133642084211617
9.5469227495428441
4.9203507599191338
3.1073708945893324
5.5761969978842609
13.261869682928056
12.693739724331383
5.7549143491098338
4.8664242947895415
5.4134515257178917
9.457647926123455
5.6645924054596541
2.2300995918396747
12.986616758489262
9.4431950678146954
4.6391912918819598
4.6402804541169491
5.6930275874736607
4.0200437266399449
9.7129999149278756
10.156902200747073
2.0991430053903044
7.8453315891652524
3.975906736846643
11.775303262594456
4.2232742649688495
6.9727017365851536
2.7767948788340933
12.074893104720545
4.0926416194528796
10.909501701956314
4.8699252235086217
3.1288821116156376
2.0738193385478763
4.8431607591577839
2.0965362312638396
8.1471274549892065
2.3751570419254007
12.018199966367305
6.5828723454171101
13.468680134303353
9.7309596793062507
2.5170404764502359
2.568748701656717
2.1973144339144555
10.291084158733819
9.0867274900938977
5.7091111779127441
3.1056983336532871
12.074089035887608
9.5534624511769426
4.6761135371394715
4.9682916138938253
2.42547676399544
4.6432112832476262
7.7399596720713495
1.9456293152928803
2.02706802494186
7.8285377357993662
12.282182372885543
10.675117992227708
4.8695543608491025
5.753408887005679
6.2728923777601953
2.1594013057901353
2.2530849144406919
2.7981562279135503
2.5145553397931928
2.5028404326225355
5.7390455449660793
2.4058641889204031
2.3869795817731534
5.2791661761569681
2.2955612093390281
2.8245282219486243
10.224143231537434
9.1373786689069849
4.2260968724410199
2.5710629061525614
2.2441951540364724
9.6747563782886843
9.6747563782886843
7.0253158030149567
10.065421852767459
9.4733699513282854
9.3874759672200412
6.1215977703029418
11.233598558532981
3.7476895411370474
9.188719976304764
11.23294000709584
3.8330194207954018
4.2231955681272941
13.659081473882019
6.8859961948523862
3.7835764998499375
10.569950686066601
9.3263782616494257
3.9395358583998155
9.2922528942114937
10.429352808678109
3.5427340542484815
11.665800070483639
8.480371936342797
3.5587234124646838
10.906353382899329
9.4323562099337703
11.394720611846681
3.5083721823299605
8.8017542916551079
4.2909898600337106
10.454360575169071
3.6163907116784273
10.68046127631232
5.8419727156990318
3.3331098866754405
13.722365860637847
10.695396998646748
3.558843162875402
9.5181115899430999
13.512497635399097
8.7640059135510295
3.9279007403859056
13.654142137668591
10.495640887413185
10.585223248168983
4.0992118723607467
10.426578403059038
3.6531245148940443
3.7835764999035635
10.560309049270037
9.4207857183253818
13.532289841348556
9.2316478282730206
3.4456016226421831
9.0441280088858793
8.8099223455383431
13.487080999590665
9.0779549865216449
3.367462311358937
5.2868545621485579
11.187014167700983
10.893166710843021
11.061080792402102
10.690576660459227
10.598574985207792
6.4215082575624454
13.790654480432364
9.2540024102166782
10.560306188443128
11.994167232383059
4.3090583771794728
13.412249871474609
9.2540024102166782
4.6899622828878522
13.490571441412401
3.3715089877637947
8.8380539892765917
9.4138608648307347
12.704460095940242
3.3524478503006838
11.626487037936696
3.4343400775596513
11.565120543590233
10.211582495371609
4.6579584491247585
10.875016588239134
4.2767950526453786
6.8192835140516577
4.3436545308920218
6.7743799065705659
2.1528342856616667
11.707561774481301
13.702364076626344
10.96203209623812
7.883291414020837
4.6740972755691237
4.9643383332364959
2.6322571769827547
5.2615759168759952
2.1612938104326145
9.7378147942427642
9.6118711842113793
9.8239273236629412
4.048682166182914
8.7214188112195572
6.8239172007322422
2.3564453334351403
2.6304713410383407
3.911995850106663
2.6227443653172555
9.5594481604444557
3.82866962831294
2.8059220116982524
2.2427349423072358
2.8106189414579226
11.752090729966501
11.39128420961973
2.6303188992119995
11.218783616925233
4.6993444523116841
4.1122205995699614
9.5779876476741688
8.7630689784514271
8.2383137427546078
7.7541467974766398
8.4896834367924718
8.391832880044138
8.050945884016107
8.7269004305120248
8.6526674015669514
8.5070567561668184
7.757426566179201
13.519933572529574
4.6030289177873644
8.6760869406743399
4.8176449978384168
3.59428786360212
4.6868543915263992
4.8760486783896919
3.8562152757021551
4.3716155648099111
11.498527956083455
3.5475922511568956
8.8788857610868952
3.4723297424419823
10.010216423248842
5.665005794465225
5.9913602988171384
8.8180960220955704
5.5565416195195816
2.785450787494939
7.6686765625845617
9.8705978716019125
11.678613887380324
7.7569033023382161
7.9437609718289064
7.2872115707726808
11.349317653408249
8.5417156648617798
11.410335271658079
12.139316616361716
8.9842276747854708
7.6547386216496554
5.734703557727765
10.848855898407972
8.2639660328732649
13.708065076679519
5.0545598151627429
5.5002456152578203
8.2337743880086265
11.572083635851136
5.3926781365610434
13.089977161026177
13.805949280936044
12.63175287778931
8.2702374800840222
12.048482865555441
5.6066181000990287
13.479973504970785
11.236239253522951
11.247729989728768
5.0454551505958927
11.358714923349831
5.734703557727765
6.1192870005751967
12.384995790476459
5.6911280983075656
8.2719117206939323
8.2627197307814679
11.900606322177534
5.1492129329114018
6.8809250484874962
12.63175287778931
12.63175287778931
6.5607201737142047
10.010216423248842
6.3595021988147762
6.3586529309017958
5.5393596813606036
7.6250314356623701
6.1079668543876622
5.9545605940538131
5.7414330431604901
6.2870973248524384
6.1079805206886801
13.192232103163764
11.230761762238043
7.9307205696668808
7.0253158030149567
7.1036378502528734
10.065421852767459
9.7675122106583352
9.4733699513282854
6.0658148412272901
6.3490315748436075
9.4020133531822054
12.206802206825044
9.3874759672200412
8.9321072659473693
12.754200692641502
13.657538616520888
13.125064277454687
13.376794916026892
12.951387070748456
12.884477263137914
13.688313660765791
13.788675592362011
12.593907670142091
13.763703927170754
3.9351229348975321
3.93587264744848
3.9227850032815508
3.7827429834121253
13.619117151156789
12.389109437033943
2.9866217504970276
3.3964054760571725
2.9866217504970276
2.2032432244905209
1.7745203224702941
2.7129888260649775
3.0245994614808627
2.7173181865201896
12.391210964706566
6.1215977703029418
10.341721718388619
6.0396246388576031
4.5887343514185792
12.309595568585832
6.9791606581106382
9.6347011414681294
7.8257808427906896
12.402226726862295
7.6937485569856561
7.4598971870025848
5.665005794465225
6.3595021988147762
6.3349989646884346
6.9741783912335604
5.734703557727765
7.4063612355294381
7.5203585962241624
12.655826650407027
10.848855898407972
5.2216902135232637
4.691941832212466
6.0658124987386453
10.606233072792362
5.9684242504642278
4.1600820439787549
4.3057823056228752
5.4905147214493653
11.233598558532981
4.5947614788707103
5.8625238489400484
11.576865868415442
11.832217443606183
6.988931771617815
6.0092690308345631
5.4778092630877069
11.851803297248376
11.66996819774117
11.868209447540702
5.0236989253692279
4.6855876360518369
11.724638322348929
12.870070732235629
5.2662237711003552
11.040674191165085
6.4257458116775235
11.117725961768974
12.880023702324342
12.062241920032807
4.6771300426815561
12.865825501018023
11.048427641596344
12.002926085997535
5.8626456698171374
12.208962311738439
12.208962311738439
7.6386177208034294
12.160472130694734
12.059867155534857
12.059867155534857
11.956049609908229
11.9036083967138
11.798757434526312
11.798757434526312
4.6030289177873644
4.3078958668913803
4.5943959092809994
5.1029992648031932
11.873508905744826
8.3890023119390627
8.2639660328732649
11.613482904708707
12.988660906247185
7.5110182234847223
9.6134156214121074
10.07377044437529
9.6233020383636774
9.2879859725436802
9.9881155880045309
8.9110199718001937
9.5779876476741688
8.644251484564327
6.9098124462175416
4.9708659823149448
3.7476895411370474
6.0396246388576031
5.5849458340500675
4.3704363916226709
13.316258604886656
13.030635224823396
9.7084411169141536
5.7130267723726682
5.4991192112421681
2.1528342856616667
3.2250298679294027
7.0651880225139045
5.0233427405903832
12.848130674892712
4.6163588944185445
12.146813834714637
5.1690963446149611
5.5012546088791394
6.3928611964231843
5.5284277015511503
5.3352683661249021
7.5447312145292038
7.3017979116010059
7.255539766815331
8.7475170021249333
8.7475170021249333
7.3477170924772706
7.5381722515440295
7.1755367002592374
3.8477904733106101
4.9626820331121246
11.693656212052375
8.2715183769828453
9.3652177449627239
11.902255176765095
9.3690217334389647
9.188719976304764
4.3078958668913803
6.9098124462175416
4.8168531091863631
11.02673453602657
8.890971557374872
5.0986040282433445
7.4261073575421799
4.9780696083345104
6.9791606581106382
5.8522080264696248
11.23294000709584
3.8330194207954018
5.3000905787077182
5.2216902135232637
5.0081749507558406
5.1373490396468338
4.9387359569744849
5.4379885928906955
4.9791311467483848
6.638710406884778
13.708404385504913
13.187594397175223
4.5947614788707103
4.8026258132935782
8.7630689784514271
8.8126995193491151
7.6466442557560121
13.023204590837624
9.6347011414681294
8.0260566080806175
11.707561774481301
4.2231955681272941
4.3774875745192956
11.773542388138885
3.9351229348975321
4.5114814163219119
5.9940455218584479
3.2348976609911086
5.9545605940538131
5.4289280910846465
5.8221866208707187
6.8606304452414548
8.2383137427546078
8.8188839531730672
9.0323787323070484
13.688514562686438
10.143851555130768
10.431713659991969
10.792604967108543
13.688514562686438
6.3824815167128985
7.1234038085447864
7.0361285374026536
3.3915800852712787
3.4411344524146332
3.9168683014608399
3.4218202794664228
13.533745265711488
7.2504381525900143
7.1399792641219877
13.708065076679519
12.988660906247185
13.04725438518167
3.915019488504734
5.9913602988171384
5.1690963446149611
5.334440454017944
5.7980740572687237
8.459785637848908
8.6760869406743399
11.597836853416091
13.228832863562777
3.377494849565112
3.4981239081568534
2.253476968125546
3.4121555256367704
1.9015279400274503
2.5929171824427462
2.2839346653327732
5.0545598151627429
7.4063612355294381
5.8625238489400484
6.0193276365746016
9.8134987718360929
13.26594360036909
11.425920372567703
6.9307953162790108
5.4358765122684929
5.8124752738855436
8.6645725896971761
13.228832863562777
10.033128483485861
11.404492338183289
5.5002456152578203
5.1373490396468338
5.3587072635146251
10.228362580818722
13.348155186103188
13.659081473882019
11.166438069037746
4.2342009697743173
4.4047490626200174
5.8955661940214092
4.1372297543119014
4.6485018975275194
4.2813868993334356
12.868919329795014
12.174712727017152
3.2116110573805292
6.1373406308984615
2.3729629330083553
3.6965520193271622
11.576865868415442
4.5828379002609845
4.4243779006317343
13.702364076626344
6.3586529309017958
6.3349989646884346
10.96203209623812
9.3721165711478829
8.2649866354047816
5.8382264016072707
5.7414330431604901
6.3824815167128985
6.8853556033800327
6.5100836865774578
4.6989444674042709
5.0707023292556652
12.32755946965327
4.6112157433893444
7.7445763959834153
12.835843558135522
6.8859961948523862
7.7569033023382161
10.365246759574923
10.459972437735825
6.8611829441830885
10.463286985472937
7.4411850860195505
8.7172750523109332
8.1934894355728147
4.691941832212466
5.0081749507558406
5.2192277430394221
5.0962516509329872
8.6037328009329528
12.693112132642765
11.706442816390707
6.0658124987386453
7.3017979116010059
7.3090154791201902
7.6937586178352282
7.7541467974766398
8.2649866354047816
9.287735006913584
9.5892843966813697
7.8096436634184094
7.6809459886945231
4.5828379002609845
4.4528022947437105
5.3040594455774928
8.609928058014038
8.1859766502265572
3.7835764998499375
7.883291414020837
5.0707023292556652
5.2192277430394221
5.0369351775522384
6.8908015753843674
12.766005569197988
11.936302747236551
10.569950686066601
12.151151134801202
12.533553209575373
10.746446291345354
6.0481683673243527
5.4943330453291521
9.3263782616494257
11.803632014557722
11.205775439030223
1.7099471520890581
8.756756920036711
1.846165991304638
8.7430300892583279
1.9078557737556052
2.2471984968726013
3.9395358583998155
11.832217443606183
3.7603925493314208
3.9478658551325703
4.3584739203212903
5.6190739851661871
5.3642136837736771
3.6395599693083196
3.6951699599380774
3.9522011555967702
11.391993864226873
4.2883094062834903
4.406298521676165
12.172451832917842
3.9573430061949963
3.8477904733106101
3.7413874095469364
10.58489423371627
3.7957888536707709
3.545569819113938
4.3930490981041741
8.2337743880086265
11.609459835061152
9.3595017494304518
7.3738638885311234
11.572083635851136
11.504894615299143
2.9484748237010914
3.4370845274205313
3.3611688538153719
5.0404579811981138
3.8829443958491523
6.988931771617815
12.706391302885308
7.0752881714120024
12.133642084211617
5.4289280910846465
4.4528022947437105
6.1775930581765097
9.2922528942114937
5.5393596813606036
11.166438069037746
5.5738425042590878
6.044549596473753
10.606233072792362
9.5469227495428441
9.7675122106583352
8.3196955487453579
8.4058554751818786
4.2342009697743173
5.5738425042590878
10.033128483485861
3.5923030240396998
3.5208662608743095
3.6460411143159424
3.7251965836952499
4.6740972755691237
8.9997357653625976
7.4764123384628958
4.9203507599191338
4.9983792250324779
4.9204921956185377
4.9192880186024386
4.9217464851244435
9.1215151478630982
8.3598314422951603
5.5849458340500675
5.5130425057818568
6.7553562198920778
7.2671549514656633
10.429352808678109
4.0016287159411288
4.1972645200752474
4.6485853871357365
6.1679128984380158
7.2948186055888993
7.0438588620907998
3.1073708945893324
3.5427340542484815
4.8207760972202447
4.5943959092809994
4.8028979589516139
5.6224808998074947
7.1036378502528734
7.2168309542209697
12.32755946965327
11.665800070483639
4.9708659823149448
4.8168531091863631
5.1066466295269102
7.2809193967858263
5.3167561421863914
7.8987666211751497
13.668859276082687
4.9673641292889821
5.0150850869946568
9.6762607576368129
8.480371936342797
12.509239280811359
3.5587234124646838
4.7767895225651307
12.498854221748369
11.229655559431279
11.747198277975754
5.5130352283178681
6.3238489884817266
6.2456901222871002
4.1904368531456484
6.7749420181504556
3.5951413291563719
5.3926781365610434
7.284566293002622
4.9643383332364959
8.2639381916962691
5.5761969978842609
5.5012546088791394
6.0485176835460219
7.7063372573379203
8.9997357653625976
8.5757843575751167
7.8257808427906896
9.2335566205685158
3.93587264744848
4.5114814163219119
6.0092690308345631
5.0560155115552154
5.6891487489839978
12.932277638451078
12.964371702312642
13.454348474216127
9.5220523333513221
13.261869682928056
7.9437609718289064
10.365246759574923
13.338466867517091
8.8180960220955704
6.9741783912335604
8.0260566080806175
5.0713597111719704
9.1692917456541867
2.6322571769827547
4.6031283596983439
4.8330396270605824
2.5108373068125056
5.3371216769555438
2.6310170274406222
2.1797510206227146
4.8089870111165363
3.2839717494235807
3.2839717494235807
6.1734240768556177
6.5774673349616846
7.3453273131720556
2.3835558180416965
2.1894006867947193
12.706391302885308
12.754200692641502
10.906353382899329
5.3352683661249021
5.4130970032829149
8.8270600303125555
8.3438401151650279
3.7603925493314208
5.3013996158472176
3.9422530986494233
5.2615759168759952
2.6425301900445781
6.9652668973026604
12.693739724331383
5.4943330453291521
5.4580657454893489
5.4946057783348294
6.2213763600332834
5.3974285567510689
2.1612938104326145
3.0311698888251262
9.4323562099337703
9.7378147942427642
3.5951413291563719
3.6885549318554216
13.033138854426543
9.6118711842113793
5.4778092630877069
7.0945150696505905
4.4047490626200174
6.6084535428337015
4.5887343514185792
4.3704363916226709
4.2921357516876846
4.6340230484361733
5.1626888855106285
4.8176449978384168
4.567215488819631
4.7767895225651307
5.3324213164312857
9.8239273236629412
8.8263857808598996
6.1721829433589335
4.9983792250324779
5.076272311818145
3.0311698888251262
3.4596202768996389
7.9307205696668808
4.1470770880211791
4.8928667419924787
7.9352254738829142
10.904454586133204
11.947200295967102
4.4340964127968752
11.106558260195035
12.559932535590457
5.1574411189602527
11.609459835061152
11.436480666447638
11.576037443974705
5.5130352283178681
12.61535010395856
5.1404222141364366
12.940034703246752
6.3912070958155507
5.3357468030389841
5.0727506709567027
13.557027371604395
12.970682197150824
4.6946349032018526
11.613482904708707
7.0752881714120024
7.2163731633758283
4.6031283596983439
2.5937898841724563
5.4248253517883267
5.7549143491098338
11.803632014557722
2.5906975426750734
2.4151425895289913
13.129575160994738
2.1136558927485871
3.1978992841631788
13.657538616520888
13.736429402820765
3.7684142757682921
3.2369780118495299
9.8312750554963912
6.0193276365746016
7.6260235694755014
13.316258604886656
13.125064277454687
3.9227850032815508
5.9940455218584479
8.4896834367924718
9.8231690210905054
8.6089904625360347
10.157971329769392
8.2444968696216527
13.089977161026177
9.8134987718360929
9.8312750554963912
9.8312750554963912
6.9626480843211782
6.3616999625036899
7.8764552683594911
9.8231690210905054
9.6762607576368129
7.2872115707726808
11.08067409776131
7.818725105520115
6.782219851850491
7.2768664715252314
7.1311059370220109
11.063311366682704
9.3656010517756112
11.08067409776131
3.59428786360212
4.567215488819631
3.6117896738155286
6.5788362711855832
7.818725105520115
7.0266420361387221
4.8664242947895415
3.6965520193271622
4.8330396270605824
5.4134515257178917
4.9204921956185377
5.4130970032829149
5.2929274656901324
13.26594360036909
5.076272311818145
5.1542298575494643
12.002198445172532
4.9387359569744849
4.4961394996030313
5.5419696203037985
7.0945150696505905
11.205775439030223
10.285168365720333
2.9484748237010914
2.5906975426750734
4.7556688255592352
5.0233427405903832
12.698434865551677
13.805949280936044
13.376794916026892
7.2504381525900143
4.4961394996030313
6.4522233133976261
3.2991028782402823
5.736003140836325
5.9990393952548127
6.7553562176032997
5.9691712012183737
5.4415095328006418
5.5205367599611614
4.6495809529282255
5.9990393952548127
4.4646243605269689
6.6272306770227392
12.951387070748456
4.9626820331121246
3.7413874095469364
3.5923030240396998
4.4041714294072518
11.349317653408249
4.6868543915263992
13.192232103163764
4.6156505976541791
3.7827429834121253
3.377494849565112
7.1234038085447864
6.8853556033800327
6.4522233133976261
7.1894042302326318
5.6795034726098281
12.63175287778931
9.457647926123455
5.0713597111719704
5.1370044146832239
5.6795686086371608
9.765994642022914
8.2702374800840222
5.5565416195195816
5.334440454017944
9.3866593648929904
4.048682166182914
6.5026574073924355
6.4571344042306729
6.7696374503381387
5.4379885928906955
6.7205169239124247
5.3656647391701808
7.0361285374026536
6.5100836865774578
3.3915800852712787
3.2116110573805292
4.1904368531456484
3.7684142757682921
3.2991028782402823
3.1623538664602755
2.4694300380671361
12.441565427550559
3.0731367247685113
3.9950638232600504
4.6833354942764203
13.138515257599471
5.6645924054596541
6.782219851850491
7.0266420361387221
7.0411332060550116
6.6820956085871224
7.3302926144878482
4.3218888959525481
7.2948186055888993
7.2168309542209697
2.253476968125546
2.5108373068125056
2.5937898841724563
8.4140597666821311
6.7509609170654796
8.8485067669449329
3.1167740708149481
7.5110182234847223
12.848130674892712
10.143851555130768
12.698434865551677
9.075598556246403
9.4735455075779935
4.6163278356459561
11.442013649042188
13.495463021425184
2.2300995918396747
8.3196955487453579
9.1215151478630982
5.1017033780037906
9.287735006913584
11.394720611846681
12.509239280811359
12.21385507660481
11.851803297248376
4.787201556696469
4.9561015213275903
3.5083721823299605
6.0475753415691296
12.151151134801202
12.21385507660481
8.8017542916551079
12.498854221748369
8.7214188112195572
12.655826650407027
8.8126995193491151
5.736003140836325
3.4121555256367704
2.2499542972102051
11.66996819774117
4.2909898600337106
3.9478658551325703
4.331650515332897
4.6516576779772789
4.1376127745905045
12.561787630910073
8.391832880044138
9.6134156214121074
8.644251484564327
10.746446291345354
9.6762607576368129
8.6089904625360347
9.6762607576368129
8.6363453592997299
9.5429036647567944
11.138378321730613
8.763658432214406
9.5288531318358256
9.0776973068323095
4.2921357516876846
4.1432896829940145
12.986616758489262
9.4431950678146954
7.6466442557560121
4.1670049235677444
10.454360575169071
3.4411344524146332
4.6989444674042709
8.0300535672871334
4.5333679107983595
3.6837401748008785
10.195301187370751
10.037357313625741
3.6163907116784273
5.8955661940214092
9.4241589324102488
11.425920372567703
9.8312750554963912
3.9168683014608399
3.2369780118495299
3.1623538664602755
5.4570564322888622
3.4110840211539029
3.086005907066999
4.6391912918819598
9.1215151478630982
1.7099471520890581
2.4151425895289913
1.9970006911807943
1.7777430875148634
3.2710731850798389
13.454348474216127
7.0411332060550116
6.8172619586500751
10.07377044437529
9.075598556246403
10.68046127631232
11.436480666447638
12.039308528553208
11.404492338183289
4.6112157433893444
7.4764123384628958
8.5757843575751167
3.6379977456522248
6.8775555974320346
6.6215458467983259
12.048482865555441
6.8239172007322422
7.1574163283275789
5.8419727156990318
11.02673453602657
4.6402804541169491
8.9321072659473693
3.3331098866754405
4.1432896829940145
7.2768664715252314
6.6820956085871224
5.6930275874736607
12.402226726862295
13.722365860637847
9.5741369231381181
4.3774875745192956
4.1470770880211791
8.1514587192399333
10.725032234880608
4.3584739203212903
4.6340230484361733
5.4248253517883267
5.502776398637744
4.6513453641740696
4.2554578603393729
4.0200437266399449
4.4898154517208271
12.64519954127328
8.0300535672871334
6.2684531353627024
6.9307953162790108
6.9626480843211782
12.61535010395856
6.2870973248524384
5.8221866208707187
6.3349848741841042
13.736429402820765
3.4981239081568534
3.5208662608743095
3.7181589195951608
9.7129999149278756
7.1894042302326318
12.884477263137914
8.5417156648617798
7.1311059370220109
8.5820003634832016
5.6066181000990287
5.895971915265565
13.030635224823396
5.5130425057818568
5.4580657454893489
8.050945884016107
11.693656212052375
8.8188839531730672
9.5741369231381181
8.3990136014666028
5.0560155115552154
13.033138854426543
5.1404222141364366
5.4324699096474314
6.2707907302247676
13.186671101910154
13.688313660765791
13.479973504970785
5.3371216769555438
10.695396998646748
4.8760486783896919
4.8028979589516139
3.6460411143159424
3.7181589195951608
8.756756920036711
7.255539766815331
9.0776973068323095
7.8924453146157001
7.8924453146157001
6.8038709977023837
7.1857091085004425
10.156902200747073
8.1708291766833039
7.8924453146157001
5.4570564322888622
2.0991430053903044
5.8522080264696248
8.7475170021249333
8.8876305234539625
5.502776398637744
5.7538137402517666
3.558843162875402
8.3155322730475518
4.3593048402252048
9.5181115899430999
5.9990393952548127
8.7475170021249333
7.8453315891652524
13.129575160994738
7.8866194745318197
2.3564453334351403
3.4596202768996389
4.5333679107983595
6.2684531353627024
3.2837804745561936
3.975906736846643
5.7130267723726682
10.000350310336236
5.4204534904806421
3.2250298679294027
6.5788362711855832
3.6379977456522248
6.5788362711855832
11.378012285384992
12.353159636960301
13.61419278297112
6.4803742341190977
6.6723527518383321
13.810451053458126
5.9684242504642278
5.629055343336459
1.9015279400274503
8.8263857808598996
2.2499542972102051
2.213062451924785
6.4607312442728801
3.6642072449832686
11.868209447540702
2.6310170274406222
3.8247657447889183
3.4218202794664228
3.4110840211539029
8.2715183769828453
8.3990136014666028
6.7205169239124247
5.6891487489839978
6.5038975006397592
13.512497635399097
8.7640059135510295
10.431713659991969
9.4735455075779935
10.195301187370751
10.321318309546303
9.6852201229962915
6.8606304452414548
6.1775930581765097
6.3928611964231843
5.7980740572687237
6.5788362711855832
11.775303262594456
7.8866194745318197
3.9279007403859056
6.2369381134837605
2.6304713410383407
3.6837401748008785
8.9977147566632674
13.654142137668591
8.8966652776636401
4.9791311467483848
5.3587072635146251
4.5060078737363423
4.359055269375145
4.2232742649688495
7.9138211701194479
10.495640887413185
10.585223248168983
8.1514587192399333
7.6250314356623701
6.9727017365851536
6.1079805206886801
2.7767948788340933
7.6686765625845617
13.788675592362011
12.940034703246752
5.4324699096474314
13.802143744877652
7.4402160467141147
5.5779389999034832
6.0198733530208504
13.813825392205944
13.403573570555563
5.9403456804857386
7.3302926144878482
11.378012285384992
3.2837804745561936
5.0236989253692279
5.6190739851661871
6.7500301731821537
6.7216349814143612
6.8750059655881772
4.0992118723607467
4.3593048402252048
4.5060078737363423
11.951767740274482
4.6979398191440875
4.3593921348470586
4.2064019194090836
9.3652177449627239
9.6888410939737568
5.0289101730557606
4.6587232642690832
11.236239253522951
6.3912070958155507
11.850169099303013
5.5369399190960147
12.389109437033943
8.6706854614713684
4.6855876360518369
5.8234746528152561
11.724638322348929
12.870070732235629
4.6513453641740696
5.7538137402517666
5.8234746528152561
5.6585166800586322
4.6163588944185445
13.533745265711488
4.6163278356459561
13.186671101910154
5.1788720671991326
11.673278872158193
13.203866305815472
12.131935536477489
4.6161035773123817
11.247729989728768
12.074893104720545
5.0454551505958927
6.3616999625036899
10.426578403059038
5.1066466295269102
6.0475753415691296
5.0853217238474056
4.9646839513477348
5.3022365347694684
12.504046868680566
5.0021852016379063
10.036716911952841
5.2205225254316687
4.0926416194528796
8.9767619963882535
4.8928667419924787
5.0289101730557606
4.8296123782410909
11.484173134822667
12.832033032551397
6.3724794378352287
4.8931331294099403
12.925516844264077
4.8932052848722156
12.892713764122062
10.909501701956314
13.810451053458126
8.9767619963882535
4.8699252235086217
9.765994642022914
3.6531245148940443
5.0245802620371762
3.1288821116156376
3.2348976609911086
3.2991053969417052
7.9352254738829142
10.725032234880608
2.0738193385478763
4.7449175215780643
4.4243779006317343
5.3040594455774928
4.1160238655169623
3.4370845274205313
4.7556688255592352
5.3642136837736771
5.3013996158472176
12.593907670142091
6.1373406308984615
6.7553562198920778
6.7553562176032997
2.4694300380671361
4.780467615315632
3.7835764999035635
6.3928611964231843
2.9866217504970276
7.6937485569856561
9.2335566205685158
7.1574163283275789
8.4957203831604975
5.1542298575494643
5.2297700630324089
11.576037443974705
12.039308528553208
3.8562152757021551
12.002198445172532
13.802143744877652
5.2662237711003552
5.4358765122684929
7.6260235694755014
10.275145877831704
11.794264325282596
8.4140597666821311
6.5026574073924355
7.2161877967565022
3.911995850106663
8.2639381916962691
6.4571344042306729
8.1708291766833039
8.095312372206795
10.560309049270037
9.4207857183253818
10.341721718388619
10.037357313625741
10.321318309546303
11.358714923349831
10.228362580818722
3.6117896738155286
3.4655807442184994
4.450742966693511
11.291488062815862
4.1207313555361038
12.381770999489618
3.7185009160323368
5.3357468030389841
7.4402160467141147
5.734703557727765
6.638710406884778
4.8431607591577839
4.9192880186024386
13.532289841348556
10.459972437735825
2.0965362312638396
7.8924453146157001
6.1734240768556177
5.9691712012183737
12.441565427550559
5.8522477627197764
5.9611801007113385
6.1564378973308163
8.7269004305120248
8.6363453592997299
8.1471274549892065
7.3477170924772706
9.5220523333513221
6.8172619586500751
6.8038709977023837
7.8866194745318197
7.8866194745318197
9.5892843966813697
8.459785637848908
6.1192870005751967
4.1600820439787549
2.3751570419254007
5.3138289197773325
8.4957203831604975
8.3042667196956845
4.9217464851244435
3.3964054760571725
12.018199966367305
9.2316478282730206
3.6395599693083196
4.359055269375145
11.951767740274482
5.0461780456943943
4.5540587757151938
6.9480295840819402
4.3735480068404415
7.2809193967858263
5.0853217238474056
9.8327412328793766
3.4456016226421831
5.2929274656901324
9.0441280088858793
4.3716155648099111
6.7509609170654796
3.416330705230429
11.040674191165085
4.787201556696469
4.6587232642690832
4.8296123782410909
4.8628424077564096
6.037197189513547
4.8298782666754319
8.8099223455383431
7.284566293002622
7.8764552683594911
12.155520499822282
10.58489423371627
6.8611829441830885
8.609928058014038
13.338466867517091
6.7984234278924207
5.8616327701485078
12.384995790476459
6.3238489884817266
6.3238065889166615
6.4382322882474821
10.904454586133204
11.414659617460091
11.498527956083455
2.9866217504970276
13.487080999590665
10.463286985472937
5.3167561421863914
4.9646839513477348
3.0731367247685113
3.086005907066999
5.8616327701485078
11.410335271658079
2.1136558927485871
1.9970006911807943
2.4105152369152263
3.7957888536707709
4.4041714294072518
7.2673657717023437
12.353159636960301
5.1029992648031932
5.6224808998074947
9.0779549865216449
3.545569819113938
4.0016287159411288
4.6946349032018526
3.6678297311824788
4.7231391011826647
8.542523453585261
11.063311366682704
3.367462311358937
4.1160238655169623
6.3928611964231843
6.5828723454171101
5.4946057783348294
10.157971329769392
9.5429036647567944
13.468680134303353
5.1788720671991326
5.2567013260259241
2.2032432244905209
2.8566426167708578
11.138378321730613
9.7309596793062507
9.3866593648929904
3.4655807442184994
4.7890337479912741
3.7198890136952811
9.8813292325542061
5.0277456816732915
2.8411061797021078
2.5170404764502359
2.3835558180416965
6.1721829433589335
2.213062451924785
3.7270213129097285
6.4257458116775235
12.932277638451078
6.5038975006397592
5.0727506709567027
5.5779389999034832
8.6526674015669514
8.5090084638928083
2.568748701656717
4.1670049235677444
9.6189380107354872
2.6227443653172555
8.3056353117444353
10.792604967108543
9.6852201229962915
6.0485176835460219
1.7745203224702941
1.846165991304638
8.6706854614713684
2.186657127407019
8.6966358697586053
12.601464844959189
2.4712899864134705
2.5929171824427462
8.8485067669449329
5.2868545621485579
9.4241589324102488
2.1973144339144555
10.291084158733819
9.5594481604444557
13.61419278297112
8.9085021013626591
8.5070567561668184
8.2444968696216527
8.5090084638928083
11.902255176765095
11.442013649042188
3.5475922511568956
5.310660275081859
9.0867274900938977
9.3690217334389647
9.6888410939737568
11.187014167700983
10.893166710843021
12.139316616361716
9.3656010517756112
7.8987666211751497
5.3022365347694684
8.7430300892583279
3.82866962831294
3.1778663483477154
7.2671549514656633
5.4415095328006418
5.6795034726098281
4.780467615315632
7.2673657717023437
2.8059220116982524
2.7129888260649775
3.915019488504734
2.8566426167708578
3.1778663483477154
5.7091111779127441
7.9138211701194479
6.7068443031548739
6.1024734586540008
9.6233020383636774
10.425303225039963
11.947200295967102
3.1056983336532871
4.3218888959525481
6.7749420181504556
3.9950638232600504
5.8522477627197764
7.0580406197351504
11.414659617460091
11.048667776866449
11.117725961768974
12.074089035887608
5.8124752738855436
10.275145877831704
12.880023702324342
4.8026258132935782
4.9561015213275903
5.629055343336459
4.8628424077564096
11.061080792402102
6.0658148412272901
6.0198733530208504
6.4268481676122295
10.690576660459227
5.3324213164312857
11.673278872158193
5.2567013260259241
13.477331717757664
10.598574985207792
2.2427349423072358
3.6885549318554216
8.3056353117444353
13.203866305815472
6.7500301731821537
6.7967459897074951
7.3623147334352046
4.4340964127968752
11.484173134822667
12.892713764122062
4.9731644700605333
12.873759163833993
4.9526907372865896
9.5534624511769426
9.6969159001379062
8.8769246575002843
11.106558260195035
8.8788857610868952
5.2297700630324089
5.310660275081859
2.8106189414579226
2.1797510206227146
2.6425301900445781
3.8247657447889183
9.2354629504995529
10.000350310336236
12.629784514000132
4.6761135371394715
7.5381722515440295
7.3090154791201902
9.1215151478630982
8.8966652776636401
7.3832653252542251
13.594030860796227
12.832033032551397
6.2213763600332834
3.4723297424419823
11.597836853416091
10.285168365720333
4.450742966693511
4.9682916138938253
9.8705978716019125
2.42547676399544
4.2422785816669268
9.6189380107354872
9.6969159001379062
4.6833354942764203
7.0580406197351504
9.2879859725436802
8.763658432214406
9.8327412328793766
10.425303225039963
8.8481809846367092
8.752263148566648
13.04725438518167
12.533553209575373
5.6911280983075656
7.2163731633758283
6.4215082575624454
7.4411850860195505
8.1859766502265572
6.7984234278924207
13.790654480432364
2.2839346653327732
3.1167740708149481
3.416330705230429
11.752090729966501
6.7696374503381387
6.4803742341190977
7.2161877967565022
6.5585972586366559
9.2540024102166782
9.9881155880045309
9.1692917456541867
5.1370044146832239
12.131935536477489
4.6432112832476262
5.4204534904806421
6.4607312442728801
12.629784514000132
7.7399596720713495
8.3890023119390627
7.8096436634184094
10.560306188443128
3.7251965836952499
1.9456293152928803
3.3611688538153719
8.9842276747854708
8.5820003634832016
3.0245994614808627
2.186657127407019
11.994167232383059
2.02706802494186
13.708404385504913
7.1399792641219877
6.5774673349616846
5.5205367599611614
5.9611801007113385
7.1815467237939528
4.3090583771794728
6.2369381134837605
12.504046868680566
5.3656647391701808
5.0272528752019063
7.8285377357993662
12.282182372885543
8.3598314422951603
6.7068443031548739
7.3832653252542251
13.187594397175223
13.412249871474609
10.675117992227708
13.619117151156789
13.348155186103188
11.291488062815862
4.7890337479912741
4.333330827354315
4.8695543608491025
13.594030860796227
4.6979398191440875
6.4708227378928962
5.753408887005679
7.0438588620907998
4.7449175215780643
6.2728923777601953
4.4898154517208271
3.7198890136952811
12.810578678245895
10.58043211581222
7.3453273131720556
7.1815467237939528
11.230761762238043
4.6156505976541791
5.0245802620371762
5.5419696203037985
4.6495809529282255
6.3349848741841042
7.15732913757705
2.1594013057901353
2.1894006867947193
4.2422785816669268
3.5125325621753714
4.1661201942404622
9.2540024102166782
5.9990393952548127
4.1372297543119014
6.044549596473753
6.6084535428337015
8.6645725896971761
11.794264325282596
2.2530849144406919
3.1978992841631788
6.8510066893245298
5.0461780456943943
6.4798928505665465
6.7216349814143612
6.037197189513547
8.7172750523109332
8.8270600303125555
10.681377577139296
7.1755367002592374
7.1857091085004425
8.8876305234539625
8.2719117206939323
11.850169099303013
4.8089870111165363
9.2354629504995529
2.7981562279135503
13.138515257599471
6.9652668973026604
12.062241920032807
5.6585166800586322
5.736599247881597
4.6771300426815561
7.0945150696505905
6.8750059655881772
6.7967459897074951
6.2898066444596479
7.4598971870025848
8.3042667196956845
13.813825392205944
6.3724794378352287
4.8298782666754319
6.8775555974320346
8.2026934491022043
2.7173181865201896
4.6899622828878522
4.3593921348470586
6.4708227378928962
13.490571441412401
2.5145553397931928
6.8510066893245298
6.3490315748436075
6.2707907302247676
8.4058554751818786
5.1017033780037906
5.5284277015511503
7.7063372573379203
3.3715089877637947
4.6485018975275194
8.2627197307814679
12.155520499822282
7.0945150696505905
7.15732913757705
7.6547386216496554
8.1934894355728147
8.3438401151650279
10.681377577139296
12.964371702312642
13.557027371604395
12.865825501018023
8.8380539892765917
9.4138608648307347
2.5028404326225355
7.7445763959834153
6.6215458467983259
8.2026934491022043
11.900606322177534
12.704460095940242
5.1492129329114018
5.895971915265565
5.5369399190960147
13.403573570555563
5.9403456804857386
6.4268481676122295
3.2839717494235807
3.2839717494235807
9.8813292325542061
12.810578678245895
4.4646243605269689
5.0272528752019063
5.7390455449660793
11.048427641596344
2.4058641889204031
5.0404579811981138
12.002926085997535
5.8626456698171374
5.736599247881597
7.3738638885311234
6.6272306770227392
6.1564378973308163
3.6951699599380774
4.5540587757151938
11.39128420961973
3.9522011555967702
5.1626888855106285
4.2554578603393729
4.8931331294099403
4.9731644700605333
6.8809250484874962
4.3057823056228752
3.3524478503006838
8.3155322730475518
5.0021852016379063
11.626487037936696
12.63175287778931
3.4343400775596513
4.2813868993334356
11.565120543590233
10.211582495371609
12.63175287778931
12.146813834714637
13.495463021425184
11.873508905744826
8.890971557374872
1.9078557737556052
1.7777430875148634
3.4472502396864626
8.9110199718001937
8.8481809846367092
3.4472502396864626
6.2456901222871002
6.3238065889166615
12.868919329795014
12.391210964706566
8.6966358697586053
2.6303188992119995
8.095312372206795
11.218783616925233
12.601464844959189
2.3869795817731534
3.5125325621753714
11.391993864226873
3.9422530986494233
4.331650515332897
4.4051462808132582
5.2791661761569681
5.3974285567510689
12.208962311738439
12.208962311738439
4.6993444523116841
8.9977147566632674
3.8829443958491523
7.757426566179201
8.459785637848908
7.6809459886945231
8.459785637848908
8.9085021013626591
7.6386177208034294
11.048667776866449
12.160472130694734
5.0962516509329872
5.0369351775522384
9.5288531318358256
8.752263148566648
2.2955612093390281
5.6795686086371608
13.763703927170754
8.6037328009329528
6.8908015753843674
6.6723527518383321
6.5585972586366559
4.6579584491247585
5.3000905787077182
4.1972645200752474
4.8207760972202447
4.1661201942404622
12.059867155534857
12.059867155534857
7.3623147334352046
6.2898066444596479
3.2710731850798389
2.4105152369152263
12.693112132642765
12.559932535590457
11.956049609908229
10.875016588239134
12.766005569197988
3.6642072449832686
3.7270213129097285
5.1574411189602527
4.1122205995699614
7.0651880225139045
5.4905147214493653
4.1207313555361038
4.333330827354315
12.381770999489618
3.7185009160323368
5.0277456816732915
2.8245282219486243
2.8411061797021078
4.2767950526453786
4.3930490981041741
3.6678297311824788
4.2883094062834903
11.9036083967138
12.174712727017152
13.477331717757664
2.2471984968726013
3.2991053969417052
2.4712899864134705
6.8192835140516577
11.229655559431279
4.406298521676165
6.9480295840819402
4.6516576779772789
4.4051462808132582
12.64519954127328
10.58043211581222
12.172451832917842
12.873759163833993
4.3436545308920218
4.1376127745905045
12.835843558135522
12.970682197150824
12.561787630910073
4.6161035773123817
10.224143231537434
11.798757434526312
4.6485853871357365
4.7231391011826647
6.7743799065705659
3.9573430061949963
11.798757434526312
6.5607201737142047
6.4382322882474821
6.1679128984380158
8.542523453585261
11.747198277975754
11.936302747236551
9.1373786689069849
10.036716911952841
12.925516844264077
4.2260968724410199
5.3138289197773325
6.1024734586540008
4.8932052848722156
4.9526907372865896
4.2064019194090836
4.3735480068404415
6.4798928505665465
13.668859276082687
5.2205225254316687
9.0323787323070484
5.0986040282433445
4.9673641292889821
2.5710629061525614
8.8769246575002843
2.2441951540364724
5.4991192112421681
9.6747563782886843
7.4261073575421799
5.0150850869946568
9.6747563782886843
4.7344893242377353
13.62765242412312
8.057005391130458
11.351051889925003
9.4693971329669591
11.657479653656949
9.4937697512719996
6.9271081450773071
13.722580924881681
4.322001469751152
11.32115510789068
7.7872649383500674
13.655481353133503
9.6427971545780249
7.9972069040671494
11.308540286173248
13.453933152041939
11.49596128628564
6.8693892966619297
5.0564094313321295
7.5252355346270567
7.7039528858526296
6.8154628315323382
7.3624900624606884
11.406686462866251
7.6136309422024508
4.1791381285824709
11.392233604557491
6.5882298286247565
6.5893189908597458
7.6420661242164565
5.9690822633827407
11.662038451670673
12.105940737489869
4.0481815421331007
9.7943701259080491
5.9249452735894392
13.724341799337251
6.1723128017116462
8.9217402733279503
4.72583341557689
6.0416801561956763
12.858540238699112
6.8189637602514175
5.0779206483584343
4.0228578752906721
6.7921992959005806
4.0455747680066363
10.096165991732002
4.3241955786681974
8.5319108821599059
11.679998216049048
4.4660790131930321
4.5177872383995137
4.1463529706572517
12.240122695476614
11.035766026836695
7.6581497146555408
5.0547368703960833
11.502500987919738
6.6251520738822682
6.9173301506366212
4.3745153007382367
6.5922498199904229
9.6889982088141462
3.8946678520356772
3.9761065616846563
9.7775762725421629
12.624156528970506
6.8185928975918992
7.7024474237484757
8.2219309145029928
4.108439842532932
4.2021234511834882
4.7471947646563466
4.4635938765359899
4.4518789693653318
7.6880840817088751
4.3549027256631998
4.3360181185159501
7.2282047128997648
4.2445997460818248
4.7735667586914206
12.173181768280232
11.086417205649781
6.1751354091838166
4.5201014428953581
4.1932336907792696
11.62379491503148
11.62379491503148
8.9743543397577525
12.014460389510255
11.354607741863465
11.336514503962837
7.9743923396331695
12.744885911228481
5.4077086301032438
11.064592478073417
13.132776076798288
4.3290904898556315
2.3110872436341174
8.8350347315951829
3.1868610806394919
12.458229412365723
11.206350000137466
5.1451501567048741
11.170955938232531
12.320282103583478
3.9115488993192247
13.568669403861703
10.355187284528956
4.1932485305926885
12.802013614581705
11.313385732973069
13.296115705625455
4.8931523115488629
10.678885824708187
3.2644801942232182
12.341535861733055
5.0334182681930875
12.629499813055116
7.6922079521679487
3.5662629751058161
12.589381861645361
5.1342829062946587
11.398420393526532
10.636778737467898
5.2115332526398213
12.387334516630435
12.534261784911779
4.4414077955630757
12.317701784262297
4.0057213858848533
2.4484966806902504
12.448325187321794
11.301425710578865
11.110580270071416
4.3811769272327261
10.922173849917792
10.685424489681061
10.957017978042657
4.2589954589740087
7.1266205062622134
13.083459524794263
12.788247319945121
3.5082841620438452
12.955967738176851
12.584612687489702
12.491698847722192
8.370546794305243
11.130763391694337
12.448322256303577
6.1006148377519924
11.130763391694337
6.639000819630648
4.2800371059879314
10.712009079646046
11.294417773066581
4.2679978413484525
13.528110379422492
4.2250928833798946
13.465969280045448
12.099976351782553
6.4759781816084194
12.767324610472579
4.639104677656138
8.6800294428523195
5.1010838156466995
3.8391938484916333
2.8794385869295236
3.6404713003465319
12.716170530354702
9.5816404805333146
3.8301921365813301
6.3218662071835254
4.5812957137255514
3.8157988636597202
2.8677286446076997
11.472762917965358
11.346487870282312
11.558812978734995
3.9142548969286377
5.4171204992574893
10.670457347962353
8.7729557374750389
3.0488637163687722
3.0608521256565608
5.0675149914380819
5.2734063035329832
3.2455312341892975
3.0748676662304835
11.294264580333644
4.845708944983012
3.2717964780443003
2.9929587905613739
3.8993616788170162
13.518796121313445
13.152261456769653
3.1042371366739054
12.975897069268841
6.1349034710955292
5.4930128202287642
11.527026184416965
10.712107515194223
10.187352279497404
9.7031853342194356
10.438721973535268
10.340871416786936
9.9999844207589028
10.675938967254822
10.601705938309747
10.456095292909614
9.7064651029219977
6.5520674545301603
10.625125477417136
6.7666835345812135
5.5433264003449167
6.6358929282691959
6.8250872151324877
5.8052538124449509
6.3206541015527078
13.447566492826251
5.4966307878996918
10.827924297829693
5.4213682791847786
11.95925495999164
7.6140443312080208
7.9403988355599351
10.767134558838366
7.5055801562623783
4.7344893242377353
9.6177150993273592
11.81963640834471
13.62765242412312
9.7059418390810119
9.8927995085717022
9.2362501075154775
13.298356190151045
10.490754201604576
13.359373808400875
10.933266211528268
9.6037771583924521
5.7277826091471944
12.565455564263772
9.5661857537673409
1.9412047580109801
2.2910615526201918
9.5382137422228777
13.064631702463849
2.9893432129021442
3.8323417101646826
3.8397872383173821
2.3649167575347172
9.5706883011863049
13.572025833893187
4.7323081355104053
12.702306803337198
12.725727898097487
2.2431437563689114
2.6669482430781022
12.842000994252688
5.7277826091471944
7.5813611690723519
2.0037823765300846
3.8796829886670792
9.5650320798661728
13.404424553284963
2.5922919866532297
4.3189864081638136
5.084923517891224
11.95925495999164
8.3085407355575729
8.3076914676445934
7.4883982181033995
9.5740699724051659
8.057005391130458
7.9035991307966089
7.6904715799032868
8.2361358615952351
8.0570190574314768
13.179800298980838
9.2570802634528082
8.9743543397577525
9.0526763869956692
12.014460389510255
11.716550747401131
11.354607741863465
8.0148533779700859
8.2980701115864033
11.351051889925003
11.336514503962837
10.881145802690167
5.8841614716403283
5.8849111841912762
5.871823540024347
5.7317815201549216
3.9854183532666427
3.784084462857122
3.8838583095799235
3.7612146174855776
3.3670561277615865
3.3197237024143722
3.6997543395300143
3.9679596923702345
3.7015301361815598
7.9743923396331695
12.290760255131415
7.988663175600399
6.5377728881613759
8.9281991948534341
11.583739678210927
9.7748193795334863
9.6427870937284528
9.4089357237453815
7.6140443312080208
8.3085407355575729
8.2840375014312304
8.9232169279763571
5.7277826091471944
9.355399772272234
9.4693971329669591
12.565455564263772
4.6105247784419934
3.6247507569323218
7.1787211660728287
4.4109923977837475
7.1766350299785886
3.9519804604078508
4.003657981201366
4.8880537613699486
12.744885911228481
3.3468988909466448
6.1950454447189118
13.110007278977756
13.384330674794219
4.0090610922441412
7.9583075675773598
2.7677485475084733
13.343548225600488
13.188258875869803
13.414641604919241
4.8924898289959078
2.036111448545614
13.265869549402071
2.0107055915576795
1.7876024612031647
8.3747843484203202
12.613575611849091
13.600084367665591
1.9594150058174393
12.548874152602034
13.561461646540025
4.4571353286144557
2.8161490452196487
13.765857011405455
13.765857011405455
8.9998854977420439
13.707711058982833
13.588461393439097
13.588461393439097
13.466451328781686
13.404873535048106
2.8161490452196487
13.281285977679005
13.281285977679005
6.5520674545301603
6.2569344036341761
6.5434344460237952
7.0520378015459899
10.338040848681858
9.5661857537673409
13.562521441451503
9.4600567602275181
11.562454158154905
12.022808981118086
11.572340575106473
11.237024509286476
11.937154124747327
10.860058508542989
11.527026184416965
10.593290021307123
8.8588509829603375
6.9199045190577415
5.4077086301032438
7.988663175600399
7.5339843707928642
6.3194749283654676
11.657479653656949
7.6620653091154649
7.4481577479849648
2.8794385869295236
3.7151526754851845
9.0142265592567021
6.9723812773331799
6.5653974311613403
7.118134881357757
7.4502931456219352
8.341899733165981
7.477466238293947
7.2843069028676988
9.4937697512719996
9.2508364483438026
9.2045783035581277
10.696555538867729
10.696555538867729
9.2967556292200673
9.4872107882868253
9.1245752370020341
5.7968290100534059
6.9117205698549213
13.64269474879517
10.220556913725641
11.314256281705521
11.318060270181761
11.064592478073417
6.2569344036341761
8.8588509829603375
6.7658916459291598
12.975773072769368
10.840010094117668
7.0476425649861412
9.3751458942849766
6.9271081450773071
8.9281991948534341
7.8012465632124215
13.132776076798288
4.3290904898556315
7.249129115450514
4.6105247784419934
4.0271417653111889
2.3318780488717761
2.2068998664890938
3.1501950579682534
2.2518516562161404
2.3357460862229451
2.3979153354851963
3.1501950579682534
3.3468988909466448
6.751664350036374
10.712107515194223
10.761738056091911
9.5956827924988097
11.583739678210927
9.9750951448234133
3.6404713003465319
4.920603804356257
2.3110872436341174
1.9045308975740947
3.4472502396864626
13.722580924881681
5.8841614716403283
6.4605199530647077
7.9430840586012437
5.1839361977339049
7.9035991307966089
7.3779666278274432
7.7712251576135145
8.8096689819842506
10.187352279497404
10.767922489915865
10.981417269049846
12.092890091873564
12.380752196734765
12.741643503851339
8.3315200534556944
4.6452099370912086
9.0724423452875822
8.9851670741454495
3.4480292065007516
3.3735835218832739
3.7586982919045631
3.4527438732129649
5.0523675178948295
4.7723856244348832
9.1994766893328102
7.5988136646017423
4.0593299824428675
7.9403988355599351
7.118134881357757
7.2834789907607416
7.7471125940115195
10.408824174591704
10.625125477417136
13.546875390158887
5.3265333863079087
5.4471624448996501
4.2025155048683427
5.3611940623795666
3.8505664767702465
4.5419557191855429
4.232973202075569
1.9412047580109801
9.355399772272234
6.1950454447189118
2.0930924361434076
11.009248190241582
13.374958909310498
3.9929155701814159
2.7805218705151784
2.9917368100088386
9.6590822599519353
11.982167020228657
5.1795914754227637
4.7723498643310833
2.2910615526201918
2.3318780488717761
2.5858265552257254
2.5858265552257254
2.5283015059206186
2.6845951157671339
3.2316283993252406
4.13197649380154
3.2316283993252406
12.177401117561519
13.115476605780543
6.1832395065171131
6.3537875993628141
7.8446047307642051
6.0862682910546972
6.5975404342703152
6.2304254360762314
2.8504389341455996
2.9977467115198539
4.3622405280626575
4.322001469751152
5.6455905560699584
13.110007278977756
3.1428016394060339
3.2256981847299344
8.3076914676445934
8.2840375014312304
12.716170530354702
11.32115510789068
10.214025172147577
7.7872649383500674
7.6904715799032868
8.3315200534556944
8.8343941401228285
8.4591222233202537
5.6548104946958766
5.1795914754227637
3.6745705679481984
3.7736780447976463
9.6936149327262129
8.8350347315951829
9.7059418390810119
12.314285296317719
12.409010974478621
8.8102214809258843
12.412325522215733
9.3902236227623472
10.666313589053731
10.142527972315611
3.6247507569323218
4.0271417653111889
3.9139529418230818
4.3786478122201933
10.55277133767575
13.655481353133503
7.1787211660728287
9.2508364483438026
9.2580540158629869
9.6427971545780249
9.7031853342194356
10.214025172147577
11.236773543656382
11.538322933424167
9.7586822001612052
9.6299845254373189
3.1428016394060339
4.7551150948387022
3.4126774290349746
10.558966594756834
10.135015186969353
3.1868610806394919
9.5816404805333146
3.6745705679481984
3.9139529418230818
4.0672197979274483
8.0438494445083375
13.683630270006351
12.458229412365723
12.69548482808815
7.9972069040671494
7.4433715820719488
11.206350000137466
13.752670551300518
13.154813975773019
3.6589856888318542
10.705795456779509
3.7952045280474347
10.692068626001126
3.8568943104984017
4.1962370336153976
5.1451501567048741
13.384330674794219
2.3280503907169483
2.8638936474502121
2.7239473365904128
2.8956422905405215
4.6909811000394237
2.4025042207505249
8.7707416803005191
2.4085807575042537
3.3662537511740847
13.06047952227733
4.6794946503632655
2.3335518765904757
2.8653851401295944
5.7968290100534059
5.6904259462897331
12.533932770459066
5.744827390413568
5.4946083558567338
6.3420876348469708
9.5382137422228777
13.558498371803948
11.308540286173248
9.3229024252739201
13.064631702463849
13.453933152041939
4.8975133604438881
5.3861230641633275
5.3102073905581682
6.9894965179409105
5.8319829325919486
4.0090610922441412
4.0983213326655799
7.3779666278274432
4.7551150948387022
8.1266315949193064
11.170955938232531
7.4883982181033995
13.115476605780543
7.5228810410018836
7.9935881332165488
4.4109923977837475
11.49596128628564
11.716550747401131
10.268734085488154
10.354894011924676
6.1832395065171131
7.5228810410018836
11.982167020228657
5.5413415607824961
5.4699047976171054
5.5950796510587395
5.6742351204380466
3.8301921365813301
5.0441669400210882
5.0229540968169815
6.8693892966619297
6.9474177617752746
6.8695307323613335
6.8683265553452353
6.8707850218672402
11.070553684605896
10.308869979037956
7.5339843707928642
7.4620810425246535
6.3857996887680821
9.2161934882084591
12.320282103583478
5.9506672526839255
6.1463030568180441
6.5976239238785332
8.1169514351808125
9.2438571423316951
8.9928973988335965
5.0564094313321295
3.9115488993192247
6.7698146339630414
6.5434344460237952
6.7519364956944106
7.5715194365502914
9.0526763869956692
9.1658694909637664
13.568669403861703
6.9199045190577415
6.7658916459291598
7.055685166269706
9.2299579335286221
7.2657946789291881
9.8478051579179464
6.9164026660317779
6.9641236237374535
11.625299294379611
10.355187284528956
4.1932485305926885
6.7258280593079274
13.178694096174075
13.696236814718551
7.4620737650606648
8.2728875252245224
8.1947286590298969
2.9408763304793251
5.540004008539249
5.5441798658991681
2.9893432129021442
8.7424978372805011
6.3218662071835254
10.212976728439065
7.5252355346270567
7.4502931456219352
7.9975562202888186
9.655375794080717
5.0441669400210882
5.3144331704411831
9.7748193795334863
11.182595157311312
5.8849111841912762
6.4605199530647077
7.9583075675773598
7.0050540482980121
7.6381872857267945
11.47109087009412
3.8323417101646826
2.5858265552257254
9.8927995085717022
12.314285296317719
10.767134558838366
8.9232169279763571
9.9750951448234133
7.0203982479147671
11.118330282396984
4.5812957137255514
6.5521668964411406
6.7820781638033791
4.4598758435553023
7.2861602136983405
4.5800555641834189
4.1287895573655113
6.7580255478593321
5.233010286166377
5.233010286166377
3.3537964727361604
4.0743321988015984
7.983251929034096
4.3325943547844927
4.1384392235375165
12.802013614581705
7.2843069028676988
7.3621355400257116
10.776098567055353
10.292878651907824
2.3280503907169483
7.2504381525900143
3.096085177923356
3.8157988636597202
4.4187548192188757
5.1303290593645414
3.809866566729303
7.3859372376908849
7.4433715820719488
7.4071042822321456
7.4436443150776261
8.1704148967760801
7.3464670934938656
2.8677286446076997
3.9854183532666427
3.2127094946165942
4.3323656831980308
11.313385732973069
11.472762917965358
5.5441798658991681
5.6375934685982179
11.346487870282312
2.7677485475084733
3.6947065355986966
6.3537875993628141
8.5574920795764982
6.5377728881613759
6.3194749283654676
6.2411742884304813
4.4187548192188757
4.4476077101355012
2.7929408129408304
6.1688283589737045
6.7666835345812135
6.5162540255624277
6.7258280593079274
7.2814598531740815
11.558812978734995
10.775424317602697
8.1212214801017293
6.9474177617752746
7.0253108485609417
3.2127094946165942
3.7523186989600057
9.2570802634528082
1.45972972819707
1.9828726392912437
9.2606242023855359
12.853493122875999
13.36173631312424
2.0020862457570243
12.551056674612466
3.3831172779429868
2.2588088633311942
13.558498371803948
13.385519203190434
13.525075980717501
7.4620737650606648
7.0894607508792324
7.0899353202844217
7.2847853397817808
7.0217892076994985
6.6436734399446493
13.562521441451503
4.0983213326655799
4.1764187148535017
6.5521668964411406
4.5428284209152521
5.0587858056898849
7.7039528858526296
13.752670551300518
4.5397360794178701
4.364181126271788
4.0626944294913834
5.1469378209059746
3.9142548969286377
3.7426987382877419
3.3818779239808694
11.022221625650937
2.0930924361434076
2.9437148113776406
2.042850363919209
4.6452099370912086
4.7556688255592352
3.8397872383173821
2.5858265552257254
5.871823540024347
7.9430840586012437
10.438721973535268
11.772207557833303
10.558028999278831
12.107009866512188
10.193535406364449
11.009248190241582
11.022221625650937
11.022221625650937
3.3719792933110901
3.3195667914737168
9.8254938051022869
11.772207557833303
11.625299294379611
9.2362501075154775
13.029712634504106
9.7677636422629117
8.7312583885932877
9.225905008268029
9.0801444737648076
13.0123499034255
11.314639588518409
13.029712634504106
5.5433264003449167
6.5162540255624277
5.5608282105583244
4.8424389784979249
3.930695733770611
9.7677636422629117
8.9756805728815188
6.8154628315323382
5.6455905560699584
6.7820781638033791
7.3624900624606884
6.8695307323613335
7.3621355400257116
7.2419660024329291
2.3649167575347172
2.5283015059206186
4.4438226596803876
7.0253108485609417
7.103268394292261
2.2068998664890938
3.55185322679166
3.0063090360078855
2.7816493497414849
3.7192717727405675
13.154813975773019
12.234206902463129
4.8975133604438881
4.5397360794178701
6.704707362302031
6.9723812773331799
3.1501950579682534
9.1994766893328102
3.55185322679166
4.1123693708817193
2.374701024187261
2.890042208341145
5.1654775192547708
4.6197832675053201
2.0576538923274312
2.3160436550951107
3.0030681432078281
2.4017382691285678
4.9089357262996973
5.2595980018973254
4.3247970579139485
2.0480783148666188
2.2127415908798556
3.3837226170413084
2.213719155884919
2.4096461938382854
8.576269213765535
4.2346438945782472
6.9117205698549213
5.6904259462897331
5.5413415607824961
6.3532099661500476
13.298356190151045
6.6358929282691959
6.5646891343969749
5.7317815201549216
5.3265333863079087
9.0724423452875822
8.8343941401228285
4.1123693708817193
4.1633640259455733
4.278628820573033
11.406686462866251
7.0203982479147671
7.0860429514260206
7.6286071453799567
11.71503317876571
9.5706883011863049
7.5055801562623783
7.2834789907607416
11.335697901635786
5.4171204992574893
8.4516959441352313
8.4061729409734696
8.7186759870809354
2.2518516562161404
2.374701024187261
6.2020128399411538
2.3784206136028798
8.9851670741454495
8.4591222233202537
3.4480292065007516
2.8504389341455996
2.9408763304793251
3.7426987382877419
4.7556688255592352
2.890042208341145
3.4318315797364094
2.690690213955707
3.8117638841914778
4.3778257042631346
2.9600310331952424
3.0344455866245137
4.1136417435866557
7.6136309422024508
8.7312583885932877
8.9756805728815188
8.9901717427978074
8.63113414532992
9.2793311512306449
6.2709274326953448
9.2438571423316951
9.1658694909637664
4.2025155048683427
4.4598758435553023
4.5428284209152521
10.363098303424927
8.6999994538082763
10.79754530368773
5.0658126075577448
9.4600567602275181
12.092890091873564
11.024637092989199
11.422584044320789
6.5653663723887528
13.391052185784986
4.1791381285824709
10.268734085488154
11.070553684605896
7.0507419147465864
11.236773543656382
13.296115705625455
13.343548225600488
6.7362400934392648
6.905140058070387
4.8931523115488629
7.9966138783119272
10.678885824708187
10.670457347962353
10.761738056091911
5.1654775192547708
5.3611940623795666
4.1989928339530014
13.188258875869803
3.2644801942232182
2.8638936474502121
3.6846444671132748
6.6006962147200756
3.1814476087552368
10.340871416786936
11.562454158154905
10.593290021307123
12.69548482808815
11.625299294379611
10.558028999278831
11.625299294379611
10.585383896042526
11.491942201499592
13.087416858473409
10.712696968957202
11.477891668578621
11.026735843575105
6.2411742884304813
6.0923282197368112
4.3658611182106757
4.2346438945782472
11.392233604557491
9.5956827924988097
6.1160434603105411
12.341535861733055
3.3735835218832739
5.6548104946958766
9.9790921040299292
4.4431701762269142
3.7826299598847717
12.144339724113546
11.986395850368536
5.0334182681930875
7.8446047307642051
11.373197469153045
13.374958909310498
11.022221625650937
3.7586982919045631
3.3818779239808694
3.4318315797364094
6.4352897647382079
3.737360947207343
3.3536293742943912
6.5882298286247565
11.070553684605896
3.6589856888318542
4.364181126271788
3.9460392279235905
3.7267816242576597
5.2201117218226356
8.9901717427978074
8.7663004953928709
12.022808981118086
11.024637092989199
12.629499813055116
13.385519203190434
4.7723498643310833
3.7736780447976463
5.0229540968169815
5.3144331704411831
4.8424389784979249
3.5503208474508341
7.584954390055227
7.6956223978420679
13.572025833893187
8.7729557374750389
9.1064548650703738
7.6922079521679487
12.975773072769368
6.5893189908597458
10.881145802690167
3.5662629751058161
6.0923282197368112
9.225905008268029
8.63113414532992
7.6420661242164565
11.523175459880914
1.9045308975740947
1.45972972819707
9.5142978948030912
12.674070771623406
7.2959644460179804
3.8201303279226924
2.7239473365904128
2.7929408129408304
5.0587858056898849
3.9770399388465232
3.3836484383141521
2.6850688482349532
5.9690822633827407
6.4388539884636238
9.9790921040299292
7.8149779745242478
3.9929155701814159
3.3719792933110901
8.2361358615952351
7.7712251576135145
6.348730392505705
5.4471624448996501
5.4699047976171054
5.6671974563379566
11.662038451670673
4.6197832675053201
4.1633640259455733
4.2346438945782472
10.490754201604576
9.0801444737648076
10.531038900225997
4.7323081355104053
7.8450104520083617
7.4620810425246535
7.4071042822321456
9.9999844207589028
13.64269474879517
10.767922489915865
11.523175459880914
10.348052138209399
7.0050540482980121
7.0894607508792324
7.3815084463902281
8.2198292669675652
2.7415946751271769
7.2861602136983405
12.589381861645361
6.8250872151324877
6.7519364956944106
5.5950796510587395
5.6671974563379566
10.705795456779509
9.2045783035581277
11.026735843575105
9.8414838513584968
9.8414838513584968
8.7529095344451804
9.1347476452432392
12.105940737489869
10.1198677134261
9.8414838513584968
6.4352897647382079
4.0481815421331007
7.8012465632124215
10.696555538867729
10.83666906019676
3.9770399388465232
3.5603405578474239
5.1342829062946587
10.264570809790348
4.594339144540438
11.398420393526532
2.0576538923274312
3.6792731754952999
3.9927702097377651
2.0939880702252971
10.696555538867729
9.7943701259080491
9.8356580112746155
3.0488637163687722
3.7523186989600057
4.4431701762269142
7.8149779745242478
4.3849070529131353
5.9249452735894392
7.6620653091154649
11.949388847079033
7.3694920272234379
3.7151526754851845
3.930695733770611
3.5503208474508341
7.5449730314435062
12.981368372428514
8.4294127708618944
8.6213912885811279
7.1766350299785886
7.5780938800792557
3.8505664767702465
10.775424317602697
4.1989928339530014
4.1621009886675813
8.409769781015676
5.6132457817260653
13.414641604919241
4.5800555641834189
4.9729370116259171
3.4527438732129649
3.737360947207343
10.220556913725641
10.348052138209399
6.2020128399411538
7.6381872857267945
8.4529360373825551
2.3160436550951107
3.6792731754952999
10.636778737467898
12.380752196734765
11.422584044320789
12.144339724113546
12.270356846289099
11.634258659739089
8.8096689819842506
8.1266315949193064
8.341899733165981
7.7471125940115195
7.5449730314435062
13.724341799337251
9.8356580112746155
5.2115332526398213
8.1859766502265572
3.0608521256565608
4.920603804356257
3.7826299598847717
10.946753293406063
5.0675149914380819
5.1303290593645414
10.845703814406438
2.3357460862229451
2.6845951157671339
3.6495004107473021
4.5559279015890208
3.2105768844784941
2.8376281123235403
6.1723128017116462
9.8628597068622437
12.387334516630435
12.534261784911779
9.5142978948030912
9.5740699724051659
8.9217402733279503
8.0570190574314768
4.72583341557689
9.6177150993273592
7.3815084463902281
9.3892545834569106
7.5269775366462799
7.9689118897636462
7.8893842172285353
9.2793311512306449
12.981368372428514
4.3849070529131353
4.8924898289959078
2.8956422905405215
3.537410278321194
3.0734378451057047
3.7619356353844182
4.4414077955630757
4.594339144540438
3.2105768844784941
13.548306101806181
5.9709294669724331
4.5943537796305627
5.034243617757058
11.314256281705521
11.637879630716554
2.2589706411347854
1.7176973176946251
12.702306803337198
7.0899353202844217
3.6315894998652749
6.8596152892932043
10.477106936661114
2.036111448545614
2.7044099550508061
13.265869549402071
3.3836484383141521
3.5603405578474239
2.7044099550508061
7.6075552168014289
6.5653974311613403
6.5653663723887528
7.1279106039419284
13.622317408900988
6.5651421140551776
12.725727898097487
2.2431437563689114
3.3195667914737168
12.317701784262297
7.055685166269706
7.9966138783119272
7.0343602605902014
6.9137224880905306
7.2512750715122651
6.951223738380703
11.985755448695636
7.1695610621744645
6.0416801561956763
10.925800533131049
1.9828726392912437
2.2589706411347854
1.7520606952668141
12.470106387901831
13.761142373790239
7.8280596192904071
2.142820433245372
3.5537483565152423
2.0893859573656384
2.6669482430781022
12.858540238699112
10.925800533131049
6.8189637602514175
11.71503317876571
4.0057213858848533
6.9736187987799729
5.0779206483584343
5.1839361977339049
5.3793611573169295
5.2481439336845019
9.2606242023855359
12.674070771623406
4.0228578752906721
6.693956058320861
3.2256981847299344
3.4126774290349746
3.2541618342844041
5.3861230641633275
6.704707362302031
4.6909811000394237
7.2504381525900143
2.9437148113776406
2.9977467115198539
6.3857996887680821
3.0030681432078281
2.690690213955707
2.8662504137628133
2.4484966806902504
2.8658540372427814
3.784084462857122
6.2763127606677385
9.6427870937284528
11.182595157311312
9.1064548650703738
10.444758919903293
7.103268394292261
7.1788085997752047
13.525075980717501
5.8052538124449509
2.0107055915576795
2.7805218705151784
2.042850363919209
4.4771483281962707
13.743302862025393
3.5537483565152423
10.363098303424927
8.4516959441352313
9.1652263334992981
5.2734063035329832
10.212976728439065
8.4061729409734696
10.1198677134261
9.5770386206066735
12.448325187321794
11.301425710578865
12.290760255131415
11.986395850368536
12.270356846289099
12.842000994252688
12.177401117561519
5.5608282105583244
5.4146192809612952
6.3997815034363077
13.240526599558658
6.0697698922789005
5.6675394527751335
7.2847853397817808
9.3892545834569106
5.7277826091471944
2.3979153354851963
3.6495004107473021
6.7921992959005806
6.8683265553452353
12.409010974478621
4.0455747680066363
9.8414838513584968
3.3537964727361604
2.4017382691285678
4.3658611182106757
2.7415946751271769
2.56191314493433
2.7415946751271769
2.7088516252194053
4.1489041129138693
5.2782281356367537
10.675938967254822
10.585383896042526
10.096165991732002
9.2967556292200673
11.47109087009412
8.7663004953928709
8.7529095344451804
9.8356580112746155
9.8356580112746155
11.538322933424167
10.408824174591704
7.5813611690723519
3.9519804604078508
4.3241955786681974
7.2628674565201283
10.444758919903293
10.25330525643848
6.8707850218672402
3.8838583095799235
4.9629661347810172
11.110580270071416
2.4025042207505249
2.8376281123235403
13.548306101806181
2.8847099132249312
5.8999902374850999
3.3382060035951162
2.7021981013516783
9.2299579335286221
7.0343602605902014
11.781779769622172
4.3811769272327261
7.2419660024329291
10.922173849917792
6.3206541015527078
8.6999994538082763
5.3653692419732257
1.7876024612031647
6.7362400934392648
1.7176973176946251
1.7520606952668141
6.8118809444992063
4.6520270884567427
2.4143641024313149
3.8980918693924043
10.685424489681061
8.7424978372805011
9.8254938051022869
12.533932770459066
8.8102214809258843
10.558966594756834
8.7474619646352174
7.5818244089079219
8.2728875252245224
8.2728451256594582
8.3872708249902779
12.853493122875999
13.363698154202888
13.447566492826251
3.7612146174855776
4.157243814319231
12.412325522215733
7.2657946789291881
6.9137224880905306
3.8117638841914778
3.3536293742943912
7.5818244089079219
13.359373808400875
4.0626944294913834
3.9460392279235905
4.359553773658023
5.744827390413568
6.3532099661500476
4.9089357262996973
3.9233013090443691
7.0520378015459899
7.5715194365502914
10.957017978042657
5.4946083558567338
5.9506672526839255
6.6436734399446493
5.6168682679252759
6.6721776379254614
10.491561990328059
13.0123499034255
4.2589954589740087
3.2541618342844041
2.8658540372427814
8.5319108821599059
7.4436443150776261
12.107009866512188
11.491942201499592
4.3778257042631346
7.1279106039419284
7.2057398627687199
3.3670561277615865
5.0523675178948295
6.2763127606677385
4.9629661347810172
4.157243814319231
3.5028465717312365
4.8381635596392023
13.087416858473409
3.2455312341892975
4.3323656831980308
4.5433273046527578
4.3622405280626575
2.9600310331952424
11.679998216049048
11.335697901635786
5.4146192809612952
6.7380722847340699
5.6689275504380765
11.830367769297002
6.9767842184160873
4.790144716444904
4.4660790131930321
4.3325943547844927
8.1212214801017293
4.1621009886675813
5.6760598496525247
8.3747843484203202
8.4529360373825551
7.0217892076994985
7.5269775366462799
10.601705938309747
10.458047000635604
4.5177872383995137
6.1160434603105411
11.567976547478283
3.0748676662304835
9.1541032242209983
12.741643503851339
11.634258659739089
7.9975562202888186
3.3197237024143722
3.7952045280474347
10.477106936661114
5.3793611573169295
4.5433273046527578
3.5758748810664462
10.502807823385252
4.4203285231562672
4.5419557191855429
10.79754530368773
7.1266205062622134
11.373197469153045
4.1463529706572517
12.240122695476614
11.294264580333644
10.857540638105455
10.456095292909614
10.193535406364449
10.458047000635604
13.391052185784986
5.4966307878996918
7.2596988118246548
11.035766026836695
11.318060270181761
11.637879630716554
13.083459524794263
12.788247319945121
11.314639588518409
9.8478051579179464
7.2512750715122651
10.692068626001126
4.845708944983012
3.4253346273083158
9.2161934882084591
5.2595980018973254
4.278628820573033
2.8662504137628133
3.9233013090443691
3.2717964780443003
3.6997543395300143
4.7723856244348832
4.0593299824428675
3.5028465717312365
3.4253346273083158
7.6581497146555408
9.8628597068622437
8.6558828398976697
8.0515119953967975
11.572340575106473
12.374341761782759
13.36173631312424
5.0547368703960833
6.2709274326953448
5.540004008539249
4.2346438945782472
3.0344455866245137
4.2346438945782472
4.2346438945782472
2.56191314493433
4.2800049904645698
13.363698154202888
12.997706313609246
12.613575611849091
3.5082841620438452
3.4472502396864626
2.9917368100088386
4.4771483281962707
6.751664350036374
6.905140058070387
7.5780938800792557
6.8118809444992063
12.955967738176851
8.0148533779700859
7.9689118897636462
8.3758867043550254
12.584612687489702
7.2814598531740815
13.622317408900988
7.2057398627687199
12.491698847722192
2.9929587905613739
5.6375934685982179
9.1541032242209983
2.7415946751271769
3.537410278321194
3.7266373606363938
9.3113532701780013
2.0020862457570243
12.470106387901831
3.6016155561275349
2.1929985743277118
11.502500987919738
11.645954436880704
10.82596319424308
12.551056674612466
10.827924297829693
7.1788085997752047
7.2596988118246548
3.8993616788170162
4.1287895573655113
3.809866566729303
4.4476077101355012
4.9729370116259171
11.184501487242349
11.949388847079033
6.6251520738822682
9.4872107882868253
9.2580540158629869
11.070553684605896
10.845703814406438
9.3323038619970209
13.761142373790239
8.1704148967760801
5.4213682791847786
13.546875390158887
12.234206902463129
6.3997815034363077
6.9173301506366212
11.81963640834471
4.3745153007382367
6.1913171184097227
11.567976547478283
11.645954436880704
4.1136417435866557
4.2800049904645698
11.237024509286476
10.712696968957202
11.781779769622172
12.374341761782759
10.797219521379507
10.701301685309446
2.0037823765300846
4.1764187148535017
8.370546794305243
9.3902236227623472
10.135015186969353
8.7474619646352174
4.232973202075569
5.0658126075577448
5.3653692419732257
13.518796121313445
8.7186759870809354
8.4294127708618944
9.1652263334992981
8.5076357953794517
11.130763391694337
11.937154124747327
11.118330282396984
7.0860429514260206
6.5922498199904229
7.3694920272234379
8.409769781015676
9.6889982088141462
10.338040848681858
9.7586822001612052
12.448322256303577
5.6742351204380466
3.8946678520356772
5.3102073905581682
10.933266211528268
10.531038900225997
3.9679596923702345
3.5758748810664462
3.9761065616846563
7.5988136646017423
4.0743321988015984
4.3247970579139485
2.7088516252194053
9.1305852605367495
6.1006148377519924
8.1859766502265572
2.3784206136028798
2.2173093624541149
9.7775762725421629
10.308869979037956
8.6558828398976697
9.3323038619970209
4.1489041129138693
3.1501950579682534
12.624156528970506
13.240526599558658
6.7380722847340699
6.2823693640971126
6.8185928975918992
5.9709294669724331
8.4198612746356929
7.7024474237484757
8.9928973988335965
6.693956058320861
8.2219309145029928
6.4388539884636238
5.6689275504380765
12.529470652555016
7.983251929034096
9.1305852605367495
13.179800298980838
6.5646891343969749
6.9736187987799729
3.0063090360078855
2.0480783148666188
6.348730392505705
3.9029185549950851
3.0139925626036881
3.9029185549950851
4.108439842532932
4.1384392235375165
6.1913171184097227
5.4615710989181681
6.1151587309832589
11.130763391694337
2.7816493497414849
2.2127415908798556
4.4779663601193089
6.0862682910546972
7.9935881332165488
8.5574920795764982
9.6590822599519353
13.743302862025393
4.2021234511834882
5.1469378209059746
8.8000452260673274
2.8847099132249312
6.985701955643421
8.7707416803005191
3.0734378451057047
4.6520270884567427
10.666313589053731
10.776098567055353
12.630416113882092
9.1245752370020341
9.1347476452432392
10.83666906019676
3.8796829886670792
3.6315894998652749
6.7580255478593321
11.184501487242349
4.7471947646563466
3.3837226170413084
3.9927702097377651
7.3859372376908849
13.600084367665591
7.6075552168014289
7.6856377846243937
1.9594150058174393
3.6947065355986966
3.7619356353844182
3.7266373606363938
6.6894472596334413
9.4089357237453815
10.25330525643848
7.8280596192904071
2.4143641024313149
7.584954390055227
10.151731985845002
3.7015301361815598
4.8381635596392023
6.639000819630648
4.5943537796305627
8.4198612746356929
3.9029185549950851
4.4635938765359899
8.8000452260673274
8.2980701115864033
8.2198292669675652
10.354894011924676
7.0507419147465864
7.477466238293947
9.655375794080717
4.2800371059879314
6.5975404342703152
9.5650320798661728
3.7192717727405675
3.0139925626036881
4.7725964446715645
9.6037771583924521
10.142527972315611
10.292878651907824
12.630416113882092
3.2316283993252406
4.4438226596803876
2.213719155884919
3.8706983243075075
10.712009079646046
11.294417773066581
4.4518789693653318
9.6936149327262129
7.6956223978420679
10.151731985845002
13.404424553284963
4.13197649380154
4.5559279015890208
2.5922919866532297
7.8450104520083617
6.8596152892932043
4.7725964446715645
7.8893842172285353
8.3758867043550254
5.233010286166377
5.233010286166377
11.830367769297002
2.4096461938382854
2.0939880702252971
2.2173093624541149
3.8706983243075075
3.7876329809243781
2.6766226422545314
7.6880840817088751
12.548874152602034
4.3549027256631998
6.9894965179409105
13.561461646540025
4.4571353286144557
7.6856377846243937
9.3229024252739201
8.576269213765535
5.2782281356367537
2.4085807575042537
5.8999902374850999
13.152261456769653
3.3662537511740847
6.1688283589737045
2.6850688482349532
2.142820433245372
3.6016155561275349
4.3189864081638136
4.003657981201366
4.2679978413484525
10.264570809790348
6.951223738380703
13.528110379422492
3.5537483565152423
4.2250928833798946
6.2304254360762314
13.465969280045448
12.099976351782553
3.5537483565152423
10.840010094117668
3.8568943104984017
3.7267816242576597
5.3962887764292597
10.860058508542989
10.797219521379507
5.3962887764292597
8.1947286590298969
8.2728451256594582
10.502807823385252
3.1042371366739054
9.5770386206066735
12.975897069268841
2.8161490452196487
3.8980918693924043
4.3360181185159501
5.4615710989181681
13.06047952227733
3.096085177923356
3.6846444671132748
5.4186419856514174
7.2282047128997648
7.3464670934938656
13.765857011405455
13.765857011405455
6.1349034710955292
10.946753293406063
5.8319829325919486
9.7064651029219977
10.408824174591704
9.6299845254373189
10.408824174591704
10.857540638105455
8.9998854977420439
12.997706313609246
13.707711058982833
4.3786478122201933
4.0672197979274483
11.477891668578621
10.701301685309446
4.2445997460818248
7.6286071453799567
10.55277133767575
8.0438494445083375
8.6213912885811279
8.5076357953794517
6.4759781816084194
7.249129115450514
6.1463030568180441
6.7698146339630414
6.1151587309832589
13.588461393439097
13.588461393439097
9.3113532701780013
6.6894472596334413
5.2201117218226356
4.359553773658023
13.466451328781686
12.767324610472579
4.4779663601193089
5.6132457817260653
5.6760598496525247
3.3831172779429868
7.2959644460179804
5.4930128202287642
9.0142265592567021
4.8880537613699486
6.0697698922789005
6.2823693640971126
2.2588088633311942
3.8201303279226924
5.6675394527751335
6.9767842184160873
4.7735667586914206
4.790144716444904
4.639104677656138
6.3420876348469708
5.6168682679252759
4.6794946503632655
13.404873535048106
3.9029185549950851
4.1962370336153976
5.2481439336845019
4.4203285231562672
8.6800294428523195
13.178694096174075
2.3335518765904757
3.3382060035951162
6.6006962147200756
5.4186419856514174
12.529470652555016
5.1010838156466995
3.1814476087552368
2.8161490452196487
3.2316283993252406
3.7876329809243781
6.5651421140551776
12.173181768280232
13.281285977679005
6.5976239238785332
6.6721776379254614
3.8391938484916333
2.8653851401295944
13.281285977679005
5.084923517891224
8.3872708249902779
8.1169514351808125
10.491561990328059
13.696236814718551
13.683630270006351
11.086417205649781
11.985755448695636
2.6766226422545314
6.1751354091838166
7.2628674565201283
8.0515119953967975
2.0893859573656384
2.1929985743277118
5.034243617757058
2.7021981013516783
6.985701955643421
7.1695610621744645
10.981417269049846
7.0476425649861412
6.9164026660317779
4.5201014428953581
10.82596319424308
4.1932336907792696
7.4481577479849648
11.62379491503148
9.3751458942849766
6.9641236237374535
11.62379491503148
3.3681697393470147
6.266448964472227
3.3583174080103735
13.205598156720351
11.302095942045087
13.519038913729981
3.8537136138399575
8.6770130287434917
4.6131628004519332
13.270193644633476
3.6623046487686368
11.591835691320821
9.9462454408099443
13.166507598909991
13.354513482421067
8.8184278334047264
4.7419129426709858
9.4742740713698534
9.4878906288248821
8.5572092474055204
9.311528599203486
13.262808343210923
9.394861258129227
3.5554838347549422
3.0471376435286239
13.247891680429234
8.3136052118269284
8.3149061755939915
9.4230149550514533
7.9181208001255374
13.521147164039174
5.2071037857720404
11.632648476511651
7.6349169398824257
3.1103831277983982
3.762480082695026
6.2563144791410439
7.7509533325064064
8.5615081499938661
7.0269591851012301
4.079015823556257
8.7412378326433764
4.7884789733271091
11.940178508551849
5.7631330513827965
10.480949418902703
13.594886096087983
5.9305580418154271
4.141736681622981
4.8245723526717637
12.984804563579489
9.4412467434397485
2.4035972692337739
13.362455945835945
8.3692202490912742
8.6690278968786689
4.5797343909862507
8.3185104734509192
11.638036745556942
4.349898759631408
4.4672417807379903
11.613961356240203
8.5610605870316334
9.4863614563407204
10.170969451245789
3.3216574406769177
3.839902207661424
6.2516232254762647
3.0753376614781009
4.7777454184188253
9.4688432749881759
4.64072561372069
4.6056985991021877
9.1772432496425616
5.507305022557321
6.7226052954342173
12.941153514248292
7.9001385422621135
3.0770357914994699
4.6321424718740234
13.481804517146283
13.481804517146283
2.3548322083283697
10.923392876500548
12.98617166242069
13.285553040705633
9.5027268186111122
6.4679493291782189
12.675620406151248
1.9434104474435634
3.6090240122650941
2.0517440060115737
1.9950291352026017
12.833019865809622
7.0941886934476699
12.792751632202618
1.6157107523764294
11.962230649571797
4.4909291615317848
12.944142496802268
1.9118731369681907
12.294685061134661
4.2949032193170487
5.7712309825794801
9.2118876875889573
2.1715172013149497
6.0608733412992706
13.026390308647377
12.236180755984213
1.9676967378766295
4.3912608665628294
1.8777032500305209
1.5275028449721868
12.930675027334178
3.4757828520809912
12.733255051189337
4.7914185986325597
12.541456311147865
12.295054172526863
12.580193446703957
2.5180494843740142
8.6118778990228169
2.313378140294069
4.1658443792017161
2.6128581494171739
3.2708084956658685
12.745155483450473
2.2141301997487335
2.6128581494171739
12.745155483450473
5.5631411132582436
4.6776317456874468
12.315825205233235
12.923345931356996
1.6929003620247927
1.9423961936855436
13.759782649008915
2.6085003739686217
5.0675149914380819
4.8712310312299403
10.235880255996475
2.354832215987964
4.1777775004848046
3.5710982299703047
5.78823238523443
4.8284771236723198
5.5895098370893281
11.53067901727611
5.7792306733241263
8.270904743926323
5.9507069842420739
5.7648374004025165
4.816767181350496
13.421801454708154
13.295526407025108
13.507851515477791
5.8632934336714344
7.3661590360002851
12.619495884705149
10.721994274217835
4.9979022531115689
5.0098906623993571
7.0165535281808786
7.2224448402757799
5.1945697709320937
5.0239062029732802
13.24330311707644
6.7947474817258078
5.2208350147870961
4.9419973273041702
5.8484002155598125
5.0532756734167021
8.0839420078383259
7.4420513569715609
13.476064721159762
12.66114605193702
12.136390816240199
11.652223870962233
12.387760510278063
12.289909953529731
11.9490229575017
12.624977503997618
12.550744475052545
12.405133829652412
11.655503639664794
3.3681697393470147
2.3548322083283697
4.3263814543141805
12.207331864515023
5.7604162344621459
2.4130708891710957
3.4107656692650874
4.7406596301255917
2.418180350356562
2.4200069220668996
5.4476053617417914
12.408029932832289
5.1095545295468741
13.672054293575561
8.3707248423339529
9.8894373723027318
12.716173095581164
9.454618693005175
6.266448964472227
11.566753636070155
13.768674945087506
2.8260485672704454
2.7494033217363603
9.3926871829935266
4.3500417525552324
3.1201423032531213
11.982889946038583
2.8256785695415876
7.6768211458899911
11.515224290510137
3.8902432947537764
4.2401000893629881
11.487252278965675
4.9383817496449405
5.7813802469074798
5.7888257750601788
4.3139552942775135
11.519726837929101
6.681346672253202
4.1921822931117081
4.615986779820898
7.6768211458899911
9.5303997058151495
3.9528209132728809
5.8287215254098754
11.514070616608969
4.5413305233960264
6.2680249449066094
7.0339620546340198
13.672054293575561
3.2523038515808826
7.8183706227810212
2.8912169162190806
11.027574510001354
3.3583174080103735
2.8686270935977967
3.3602966411927242
3.7464495850036359
3.5225291489928083
11.206118800195604
10.923392876500548
11.001714923738465
13.665589284143927
12.98617166242069
9.9638919147128835
10.247108648329201
13.205598156720351
13.285553040705633
12.830184339432963
7.2790567705599232
7.2795113318902418
6.6793379040962861
4.1819482351643771
5.9344568900094394
5.7331229995999182
5.8328968463227202
5.7102531542283739
5.3160946645043827
5.2687622391571685
5.648792876272811
5.9169982291130303
5.6505686729243561
9.5027268186111122
9.9377017123431948
8.4868114249041717
10.877237731596232
13.532778214953723
11.723857916276282
11.591825630471249
11.357974260488177
8.3707248423339529
3.2523038515808826
10.233076038174028
10.681049587423542
7.6768211458899911
11.304438309015032
11.302095942045087
6.5595633151847892
5.5737892936751186
9.1277597028156254
6.3600309345265442
9.1256735667213853
5.9010189971506462
5.9526965179441627
6.8370922981127453
5.2959374276894415
8.1440839814617085
5.958099628986937
9.9073461043201565
4.71678708425127
6.8415283657387045
3.9851499852884098
3.9597441283004757
3.7366409979459614
10.323822885163116
3.9084535425602356
6.4061738653572524
4.7651875819624454
10.948924034484842
4.7651875819624454
4.3263814543141805
3.3924459853355748
4.3366065894229315
7.4685745863166879
12.287079385424656
11.515224290510137
11.409095296970316
13.511492694897701
13.521379111849271
13.186063046029272
12.809097045285785
13.476064721159762
12.54232855804992
2.620131842854267
2.3303554359260441
6.4679493291782189
9.9377017123431948
9.4830229075356609
8.2685134651082635
13.519038913729981
9.6111038458582616
9.3971962847277606
4.8284771236723198
5.6641912122279807
10.963265095999498
8.9214198140759766
8.5144359679041361
9.0671734181005537
9.3993316823647319
10.290938269908777
9.4265047750367437
9.2333454396104955
3.8537136138399575
4.861834964029744
9.6929955486237667
10.998830084317493
10.998830084317493
10.09662732348805
4.3732299811272082
3.8703568093748681
2.7526099144201508
4.2601097889620512
12.169595450468439
13.263294818448317
13.267098806924556
12.675620406151248
3.3924459853355748
2.620131842854267
6.6259213316354311
12.521431266820347
8.996681101728937
11.324184431027772
8.6770130287434917
10.877237731596232
9.7502850999552173
1.9434104474435634
2.6140568248843397
6.5595633151847892
5.9761803020539848
4.2809165856145723
4.1559384032318905
5.0992335947110501
4.2008901929589371
4.2847846229657414
4.346953872227993
5.0992335947110501
5.2959374276894415
8.7007028867791707
12.66114605193702
12.710776592834707
11.544721329241606
13.532778214953723
11.924133681566211
5.5895098370893281
6.8696423410990528
3.6090240122650941
3.4182586339499066
4.0948735405466632
7.2790567705599232
8.4095584898075035
9.8921225953440413
7.1329747344767016
2.8686270935977967
2.4603105795688354
2.7865916366980259
3.868693805895874
12.136390816240199
12.716961026658661
12.930455805792642
10.28055859019849
6.5942484738340044
11.021480882030378
10.934205610888247
5.3970677432435483
5.3226220586260711
5.7077368286473593
5.4017824099557616
7.0014060546376262
6.7214241611776799
11.148515226075608
9.5478522013445382
6.0083685191856642
9.8894373723027318
9.0671734181005537
9.2325175275035374
9.6961511307543162
12.3578627113345
12.207331864515023
4.2264156990333488
3.7850945206360471
6.1515540416111385
7.3102325991223633
5.7996050135130428
6.4909942559283396
6.1820117388183657
3.8902432947537764
11.304438309015032
8.1440839814617085
4.0421309728862038
12.958286726984378
5.9419541069242126
4.7295604072579751
4.9407753467516358
11.608120796694731
13.614628603948189
7.1286300121655604
6.72138840107388
4.2401000893629881
4.2809165856145723
4.5348650919685216
4.5348650919685216
4.4773400426634149
4.6336336525099302
5.1806669360680369
6.0810150305443367
5.1806669360680369
4.0662550330921574
7.8042231442043448
9.7936432675070009
7.6572005981349021
8.5465789710131119
4.1114875514534264
4.7994774708883963
4.9467852482626506
6.3112790648054533
4.6131628004519332
7.5946290928127551
2.4572715703817036
2.1741971636394881
3.6490597714400166
7.8183706227810212
10.233076038174028
13.270193644633476
12.163063708890375
3.6623046487686368
3.3602966411927242
10.28055859019849
10.783432676865626
10.408160760063051
7.6038490314386733
7.1286300121655604
5.6236091046909946
5.7227165815404426
11.642653469469009
2.0517440060115737
2.8260485672704454
3.9856234559129851
13.574964344908953
2.9634466326032731
2.3991842032665849
7.8374007076540693
13.719575131271169
2.5023515978292088
3.8651967079253176
3.6141184786061817
2.9634466326032731
5.5737892936751186
5.9761803020539848
5.8629914785658785
6.3276863489629891
12.501809874418546
9.1277597028156254
4.861834964029744
4.3710526980287261
11.591835691320821
11.652223870962233
12.163063708890375
13.185812080399177
13.487361470166963
11.707720736904003
11.579023062180116
2.4572715703817036
1.8431169595324606
2.2554279446468657
3.8542740283616146
3.3690778779800703
12.508005131499631
12.084053723712149
1.9950291352026017
11.53067901727611
5.6236091046909946
5.8629914785658785
6.016258334670245
9.9928879812511351
9.9462454408099443
9.3924101188147446
12.833019865809622
5.60802422557465
12.654833993522304
5.7442430647902309
12.641107162743921
5.8059328472411984
6.1452755703581943
7.0941886934476699
4.2770889274597454
4.8129321841930084
4.672985873333209
4.8446808272833177
6.6400196367822204
4.3515427574933208
10.719780217043317
4.3576192942470504
5.3152922879168809
6.6285331871060622
4.2825904133332724
4.8144236768723907
2.7526099144201508
3.0106759622538153
3.034339824571783
2.1555425577947136
3.0620835533878368
11.487252278965675
13.166507598909991
11.271940962016716
6.8465518971866848
7.3351616009061233
7.2592459273009649
8.9385350546837063
7.7810214693347453
5.958099628986937
6.0473598694083757
2.4603105795688354
1.8431169595324606
3.2846963137457719
2.6175599704656927
12.792751632202618
2.8912169162190806
3.4711150594809754
5.2575813839527212
9.9426266699593455
6.3600309345265442
13.354513482421067
13.665589284143927
11.999410888883602
12.064261064692049
4.0662550330921574
3.4711150594809754
13.614628603948189
2.834980726051278
3.7478692665000404
3.9309375666118545
4.0463739921022608
5.7792306733241263
6.9932054767638849
6.9719926335597773
8.8184278334047264
8.8964562985180713
8.8185692691041311
8.817365092088032
8.819823558610036
13.019592221348692
11.079138810469482
9.4830229075356609
9.4111195792674494
8.3348382255108788
11.165232024951257
3.7421687864529805
2.2899535481621904
2.1212560995194267
2.2178535114152576
2.3977976574974282
11.192895679074493
10.941935935576392
4.7419129426709858
1.6157107523764294
2.2605308566155689
4.3366065894229315
4.8009082662559743
9.5205579732930889
11.001714923738465
11.114908027706562
2.3303554359260441
6.6259213316354311
6.7722360580957215
11.17899647027142
2.7558594820372613
3.0808461912117853
3.9322336747168234
6.5904381528912488
7.2219928328071887
13.574337831122406
11.962230649571797
4.4909291615317848
8.6748665960507232
9.4111123018034597
10.221926061967318
10.143767195772694
4.8899148672221209
7.4890425452820448
7.4932184026419648
4.9383817496449405
10.691536374023297
8.270904743926323
12.162015265181861
9.4742740713698534
9.3993316823647319
9.9465947570316136
11.604414330823513
6.9932054767638849
7.2634717071839789
11.723857916276282
13.131633694054107
7.2795113318902418
8.4095584898075035
9.9073461043201565
8.954092585040808
9.5872258224695912
13.318974518729071
5.7813802469074798
4.5348650919685216
2.7494033217363603
3.9856234559129851
13.574964344908953
12.716173095581164
10.681049587423542
11.924133681566211
8.9694367846575638
13.06736881913978
5.9507069842420739
8.0750455683361224
8.7311167005461758
4.1862672102502509
9.1675898828519742
5.526597315714266
4.6424189342015456
8.6380068107773678
6.2164908311369214
4.6758278224115797
5.3028350094789571
6.0233707355443951
9.9322904657768927
6.2816328915272894
5.4718308667935052
9.2333454396104955
9.3111740767685074
4.477166368193525
3.6150019365505779
4.2770889274597454
9.1994766893328102
4.4052052894292242
5.7648374004025165
6.3677933559616715
7.0793675961073381
5.7589051034720997
9.3349757744336817
9.3924101188147446
9.3561428189749432
9.3926828518204228
10.119453433518878
9.2955056302366614
4.816767181350496
5.9344568900094394
5.1617480313593909
6.2814042199408275
12.944142496802268
13.421801454708154
7.4932184026419648
7.5866320053410146
13.295526407025108
4.71678708425127
5.6437450723414928
7.8042231442043448
10.506530616319294
8.4868114249041717
8.2685134651082635
8.190212825173278
6.3677933559616715
6.396646246878297
4.7419793496836267
8.1178668957165012
5.7604162344621459
8.4652925623052244
8.6748665960507232
9.2304983899168782
13.507851515477791
12.724462854345493
10.070260016844527
8.8964562985180713
8.9743493853037393
5.1617480313593909
5.7013572357028028
11.206118800195604
3.4087682649398663
3.9319111760340397
11.209662739128332
3.9511247824998206
5.332155814685783
4.2078474000739909
9.4111123018034597
9.0384992876220291
9.0389738570272176
9.2338238765245766
8.9708277444422944
5.4600388298087736
6.0473598694083757
6.1254572515962975
8.0750455683361224
4.3703280703323744
7.0078243424326807
9.4878906288248821
6.4887746161606668
5.4729540762076105
4.0209404302503335
4.2481257583468599
5.8632934336714344
5.6917372750305386
5.3309164607236657
12.971260162393735
4.0421309728862038
4.8927533481204364
3.9918889006620057
6.5942484738340044
6.704707362302031
5.7888257750601788
4.5348650919685216
6.6793379040962861
9.8921225953440413
12.387760510278063
13.721246094576099
12.507067536021628
12.142573943107246
12.958286726984378
12.971260162393735
12.971260162393735
5.3210178300538864
5.2686053282165135
11.774532341845083
13.721246094576099
13.574337831122406
9.3926871829935266
4.3968745212529718
3.415478752394725
11.174943545010825
3.477953257750523
3.2562748028705024
2.4130708891710957
8.4652925623052244
2.9235227698048245
6.7914775152407216
5.8797342705134072
4.3968745212529718
3.2414923197127981
8.5572092474055204
7.5946290928127551
8.7311167005461758
9.311528599203486
8.8185692691041311
9.3111740767685074
9.1910045391757258
4.3139552942775135
4.4773400426634149
6.3928611964231843
8.9743493853037393
9.0523069310350568
4.1559384032318905
5.5008917635344554
4.9553475727506813
4.7306878864842812
5.6683103094833642
6.8465518971866848
6.4887746161606668
8.6537458990448286
8.9214198140759766
5.0992335947110501
11.148515226075608
5.5008917635344554
6.061407907624516
4.3237395609300577
4.8390807450839413
7.1145160559975675
6.5688218042481168
4.0066924290702275
4.2650821918379069
4.9521066799506244
4.3507768058713649
6.8579742630424931
7.2086365386401212
6.2738355946567452
3.9971168516094151
4.1617801276226523
5.3327611537841051
4.1627576926277152
4.3586847305810821
10.525307750508333
6.1836824313210439
4.2601097889620512
3.0106759622538153
2.834980726051278
4.2342833893823002
3.4107656692650874
3.4902555070655326
4.1819482351643771
4.2264156990333488
11.021480882030378
10.783432676865626
6.061407907624516
6.11240256268837
6.2276673573158297
13.262808343210923
8.9694367846575638
9.0350814881688173
9.5776456821227534
13.664071715508507
11.519726837929101
9.454618693005175
9.2325175275035374
13.24484491672707
7.3661590360002851
10.400734480878029
10.355211477716265
10.667714523823731
4.2008901929589371
4.3237395609300577
8.1510513766839505
4.3274591503456765
10.934205610888247
10.408160760063051
5.3970677432435483
4.7994774708883963
4.8899148672221209
5.6917372750305386
6.704707362302031
4.8390807450839413
5.3808701164792057
4.6397287506985032
5.7608024209342741
6.3268642410059304
4.9090695699380387
4.9834841233673099
6.0626802803294524
9.394861258129227
3.415478752394725
3.2414923197127981
4.018251014034063
8.9903773594458229
10.066555863099484
3.5225034696966482
11.192895679074493
11.114908027706562
3.5554838347549422
6.1515540416111385
4.1862672102502509
4.3703280703323744
12.246190776896366
10.649037990551072
12.746583840430526
7.0148511443005415
11.409095296970316
12.973675629731995
13.371622581063587
8.5144049091315495
3.0471376435286239
11.999410888883602
13.019592221348692
5.1193514112477727
13.185812080399177
8.6852786301820615
8.8541785948131828
1.9118731369681907
4.1452695062134888
12.294685061134661
12.619495884705149
12.710776592834707
7.1145160559975675
7.3102325991223633
6.1480313706957981
4.2949032193170487
4.8129321841930084
4.198922725411725
8.5497347514628714
4.1239786741475548
12.289909953529731
13.511492694897701
12.54232855804992
13.574337831122406
12.507067536021628
13.574337831122406
12.534422432785323
13.440980738242388
12.661735505699998
13.426930205321419
11.285818351921785
8.190212825173278
7.5311880164618854
6.3148996549534724
6.1836824313210439
13.247891680429234
11.544721329241606
8.0650819970533369
5.3226220586260711
7.6038490314386733
11.928130640772725
6.39220871296971
5.7316684966275684
3.2846963137457719
5.7712309825794801
9.7936432675070009
13.32223600589584
12.971260162393735
5.7077368286473593
5.3309164607236657
5.3808701164792057
8.3843283014810037
5.6863994839501393
5.3026679110371875
8.3136052118269284
13.019592221348692
5.60802422557465
5.4729540762076105
4.8103657311897656
5.6758201610004564
7.1691502585654323
4.018251014034063
4.0973666758868719
12.973675629731995
6.72138840107388
5.7227165815404426
6.9719926335597773
7.2634717071839789
6.7914775152407216
5.4993593841936308
9.5339929267980228
9.6446609345848646
10.721994274217835
11.055493401813171
9.2118876875889573
8.3149061755939915
12.830184339432963
2.1715172013149497
7.5311880164618854
11.174943545010825
8.9903773594458229
9.4230149550514533
13.47221399662371
3.4182586339499066
3.4087682649398663
11.325439584306421
5.68414182059343
5.7691688646654891
4.672985873333209
4.7419793496836267
7.0078243424326807
5.9260784755893194
5.3326869750569479
4.6341073849777494
7.9181208001255374
8.3878925252064196
11.928130640772725
9.7640165112670445
5.9419541069242126
5.3210178300538864
3.7464495850036359
2.7865916366980259
8.2977689292485017
3.7850945206360471
3.7478692665000404
3.9645820289824352
8.5404105079101207
13.521147164039174
6.5688218042481168
6.11240256268837
6.1836824313210439
4.3500417525552324
3.477953257750523
4.3500607522788988
6.681346672253202
9.7940489887511575
9.4111195792674494
9.3561428189749432
11.9490229575017
12.716961026658661
13.47221399662371
12.297090674952194
8.954092585040808
9.0384992876220291
9.3305469831330239
10.168867803710361
4.6906332118699732
9.1675898828519742
2.9634466326032731
3.8980918693924043
4.7406596301255917
4.8009082662559743
3.9309375666118545
3.9645820289824352
12.654833993522304
9.6929955486237667
11.285818351921785
4.349825077172877
11.022346198100028
4.3461753488848442
4.7862617323448928
12.068906250168897
4.349825077172877
12.744251598311264
8.3843283014810037
5.2071037857720404
9.7502850999552173
10.998830084317493
12.785707596939556
5.9260784755893194
5.5093790945902201
6.0608733412992706
12.213609346533143
4.3292188782763059
13.026390308647377
4.0066924290702275
5.6283117122380961
5.9418087464805618
4.0430266069680938
10.998830084317493
11.632648476511651
11.01963338081304
4.9979022531115689
5.7013572357028028
6.39220871296971
9.7640165112670445
6.3339455896559311
7.6349169398824257
9.6111038458582616
9.3185305639662346
5.6641912122279807
5.8797342705134072
5.4993593841936308
9.494011568186302
10.378451307604692
10.570429825323924
9.1256735667213853
9.5271324168220524
5.7996050135130428
12.724462854345493
6.1480313706957981
6.111139525410378
10.358808317758472
7.562284318468862
5.526597315714266
6.9219755483687129
5.4017824099557616
5.6863994839501393
12.169595450468439
12.297090674952194
8.1510513766839505
9.5872258224695912
10.401974574125353
4.2650821918379069
5.6283117122380961
12.236180755984213
13.371622581063587
13.583297196481885
3.868693805895874
2.6175599704656927
10.290938269908777
9.6961511307543162
9.494011568186302
11.01963338081304
1.9676967378766295
3.0682862645832563
5.0098906623993571
6.8696423410990528
5.7316684966275684
12.895791830148859
7.0165535281808786
7.0793675961073381
10.874054614260716
4.2847846229657414
4.6336336525099302
5.5985389474900984
6.5049664383318175
5.1596154212212904
4.786666649066337
3.1103831277983982
5.1768319600761084
11.325439584306421
11.027574510001354
3.762480082695026
3.5225291489928083
6.2563144791410439
11.566753636070155
9.3305469831330239
11.338293120199706
9.4760160733890775
9.917950426506442
9.8384227539713311
10.066555863099484
6.3339455896559311
6.8415283657387045
4.8446808272833177
5.4864488150639898
5.0224763818485014
5.7109741721272149
4.3912608665628294
4.3292188782763059
5.1596154212212904
4.6569268334905942
4.5428438623166594
5.0059740885547122
13.263294818448317
13.58691816745935
4.2080091778775817
3.6667358544374222
9.0389738570272176
5.5806280366080712
8.8086538260360001
12.42614547340391
3.9851499852884098
4.6534484917936023
5.3326869750569479
5.5093790945902201
4.6534484917936023
9.5565937535442238
8.5144359679041361
8.5144049091315495
9.0769491406847251
8.5141806507979751
4.1921822931117081
5.2686053282165135
6.7722360580957215
4.1452695062134888
6.7449590245277937
2.4228463665533546
2.3713234510415986
2.7707430964917745
2.9693555784797749
3.5251623419830835
7.9485474444411883
7.7509533325064064
12.874839069873845
3.9319111760340397
4.2080091778775817
3.7010992320096103
9.7770981560332029
4.0918589699881682
5.5027868932580386
4.0384244941084351
4.615986779820898
12.874839069873845
8.5615081499938661
13.664071715508507
1.8777032500305209
3.6154784787918124
7.0269591851012301
7.1329747344767016
7.3283996940597262
7.1971824704272978
11.209662739128332
4.079015823556257
8.6429945950636569
2.1741971636394881
2.2554279446468657
2.5891462581070841
3.1527209664389098
7.3351616009061233
8.6537458990448286
6.6400196367822204
9.1994766893328102
4.8927533481204364
4.9467852482626506
8.3348382255108788
4.9521066799506244
4.6397287506985032
4.8152889505056091
1.5275028449721868
2.7975899801815873
3.6820764999900994
5.7331229995999182
8.2253512974105352
11.591825630471249
13.131633694054107
11.055493401813171
12.393797456646089
9.0523069310350568
9.1278471365180014
2.418180350356562
3.9597441283004757
4.7295604072579751
3.9918889006620057
6.4261868649390674
5.5027868932580386
12.246190776896366
10.400734480878029
11.114264870242096
7.2224448402757799
12.162015265181861
10.355211477716265
12.068906250168897
11.526077157349469
12.930675027334178
2.9235227698048245
6.1714020119175137
7.8051240707270164
6.7262060164727915
3.3534568755758323
9.2338238765245766
11.338293120199706
7.6768211458899911
4.346953872227993
5.5985389474900984
8.7412378326433764
8.817365092088032
3.4757828520809912
2.3991842032665849
4.7884789733271091
11.022346198100028
5.3028350094789571
4.3507768058713649
6.3148996549534724
4.6906332118699732
4.5109516816771258
4.6906332118699732
4.657890161962202
6.097942649656666
7.2272666723795504
12.624977503997618
12.534422432785323
11.940178508551849
10.09662732348805
13.318974518729071
4.0973666758868719
4.3461753488848442
12.744251598311264
11.01963338081304
11.01963338081304
13.487361470166963
12.3578627113345
9.5303997058151495
5.9010189971506462
5.7631330513827965
9.2119059932629241
12.393797456646089
12.202343793181278
8.819823558610036
5.8328968463227202
6.912004671523813
12.733255051189337
4.3515427574933208
4.786666649066337
4.8337484499677279
7.8490287742278957
5.2872445403379125
4.6512366380944741
11.17899647027142
6.7449590245277937
13.73081830636497
4.7914185986325597
9.1910045391757258
12.541456311147865
2.4200069220668996
3.3154824818582509
10.649037990551072
7.3144077787160224
3.7366409979459614
8.6852786301820615
3.6667358544374222
3.7010992320096103
8.7609194812420039
6.6010656251995385
4.3634026391741116
5.847130406135201
12.295054172526863
10.691536374023297
11.774532341845083
3.7421687864529805
2.9159533682230374
7.8374007076540693
12.508005131499631
10.696500501378013
9.5308629456507177
10.221926061967318
10.221883662402254
10.336309361733075
5.7102531542283739
6.1062823510620268
13.719575131271169
2.7558594820372613
2.4228463665533546
5.7608024209342741
5.3026679110371875
9.5308629456507177
4.0209404302503335
4.8103657311897656
5.5271545185495068
3.034339824571783
4.2342833893823002
6.8579742630424931
5.8723398457871649
7.4685745863166879
9.5205579732930889
12.580193446703957
2.1555425577947136
2.2899535481621904
5.4600388298087736
2.2464730386052496
2.2351009675176634
3.3972869984134322
2.5180494843740142
2.5891462581070841
2.7975899801815873
5.3013996158472176
3.2589650431721222
10.480949418902703
9.3926828518204228
13.440980738242388
6.3268642410059304
9.0769491406847251
9.1547783995115157
5.3160946645043827
7.0014060546376262
8.2253512974105352
6.912004671523813
6.1062823510620268
5.4518851084740332
6.787202096381999
5.1945697709320937
6.2814042199408275
6.4923658413955545
6.3112790648054533
4.9090695699380387
13.594886096087983
13.24484491672707
6.1714020119175137
8.6871108214768675
7.1639651131248874
13.74511920934423
4.5934054775049029
6.2625562237469019
5.9305580418154271
6.2816328915272894
10.070260016844527
6.111139525410378
7.6250983863953214
10.323822885163116
10.401974574125353
8.9708277444422944
9.4760160733890775
12.550744475052545
12.407085537378402
4.141736681622981
8.0650819970533369
13.517015084221081
5.0239062029732802
11.103141760963796
13.583297196481885
9.9465947570316136
5.2687622391571685
5.7442430647902309
12.42614547340391
7.3283996940597262
6.4923658413955545
5.5249134178092429
12.451846360128048
6.369367059899063
6.4909942559283396
12.746583840430526
8.6118778990228169
13.32223600589584
4.8245723526717637
13.24330311707644
12.806579174848251
12.405133829652412
12.142573943107246
12.407085537378402
5.4476053617417914
9.2087373485674515
12.984804563579489
13.267098806924556
13.58691816745935
2.313378140294069
5.2575813839527212
3.1201423032531213
3.2562748028705024
3.0808461912117853
2.3713234510415986
12.641107162743921
6.7947474817258078
5.3743731640511125
11.165232024951257
7.2086365386401212
6.2276673573158297
4.8152889505056091
5.8723398457871649
5.2208350147870961
5.648792876272811
6.7214241611776799
6.0083685191856642
5.4518851084740332
5.3743731640511125
9.4412467434397485
5.1768319600761084
4.5626761319895328
10.000550532139593
13.521379111849271
2.4035972692337739
3.5225034696966482
7.4890425452820448
6.1836824313210439
4.9834841233673099
6.1836824313210439
6.1836824313210439
4.5109516816771258
6.2290435272073656
4.1658443792017161
4.0948735405466632
5.4914663992255637
4.9407753467516358
6.4261868649390674
8.7007028867791707
8.8541785948131828
9.5271324168220524
8.7609194812420039
9.9638919147128835
9.917950426506442
10.324925241097821
9.2304983899168782
9.1547783995115157
4.9419973273041702
7.5866320053410146
11.103141760963796
4.6906332118699732
5.4864488150639898
5.6756758973791905
11.260391806920797
3.9511247824998206
5.5506540928703316
4.1420371110705076
13.362455945835945
13.5949929736235
12.30546564731562
2.6128581494171739
12.408029932832289
9.1278471365180014
9.2087373485674515
5.8484002155598125
4.6424189342015456
5.7589051034720997
6.396646246878297
6.9219755483687129
13.133540023985145
7.3879827036797145
3.8542740283616146
8.3692202490912742
4.3732299811272082
4.3710526980287261
13.019592221348692
10.874054614260716
4.4482412719479738
10.119453433518878
5.1095545295468741
7.8051240707270164
3.3154824818582509
8.6690278968786689
13.768674945087506
4.5797343909862507
8.1403556551525185
13.517015084221081
13.5949929736235
6.0626802803294524
6.2290435272073656
13.186063046029272
12.661735505699998
13.73081830636497
12.746258058122303
12.650340222052241
3.9528209132728809
6.1254572515962975
3.2708084956658685
2.5023515978292088
12.084053723712149
3.8980918693924043
10.696500501378013
6.1820117388183657
7.0148511443005415
7.3144077787160224
10.667714523823731
10.378451307604692
11.114264870242096
10.456674332122249
12.745155483450473
13.06736881913978
9.0350814881688173
8.3185104734509192
9.3185305639662346
10.358808317758472
11.638036745556942
12.287079385424656
11.707720736904003
3.6490597714400166
3.3690778779800703
4.0463739921022608
8.5404105079101207
4.349898759631408
7.2592459273009649
11.982889946038583
4.3500607522788988
5.9169982291130303
5.5249134178092429
4.4672417807379903
9.5478522013445382
6.0233707355443951
6.2738355946567452
4.657890161962202
11.079623797279545
2.2141301997487335
3.0682862645832563
2.7707430964917745
4.3274591503456765
4.1663478991969107
11.613961356240203
11.079138810469482
4.5626761319895328
4.4482412719479738
6.097942649656666
5.0992335947110501
2.6128581494171739
8.6871108214768675
8.2314079008399084
8.5610605870316334
4.6569268334905942
9.2717031950593132
9.4863614563407204
10.941935935576392
8.6429945950636569
10.170969451245789
8.3878925252064196
7.1639651131248874
9.9322904657768927
11.079623797279545
3.4902555070655326
3.6154784787918124
4.9553475727506813
3.9971168516094151
8.2977689292485017
5.8519570917378818
4.9630310993464848
5.8519570917378818
3.3216574406769177
5.4718308667935052
8.1403556551525185
7.4106096356609639
7.1703926650169594
12.745155483450473
4.7306878864842812
4.1617801276226523
6.4270048968621056
7.6572005981349021
9.9426266699593455
10.506530616319294
11.608120796694731
3.839902207661424
4.2481257583468599
4.6411947981449417
4.8337484499677279
8.9347404923862168
10.719780217043317
5.0224763818485014
6.6010656251995385
3.8651967079253176
4.477166368193525
3.8703568093748681
4.7862617323448928
12.785707596939556
5.8287215254098754
5.5806280366080712
8.6380068107773678
13.133540023985145
6.2516232254762647
5.3327611537841051
5.9418087464805618
9.3349757744336817
9.5565937535442238
9.6346763213671895
3.9084535425602356
5.6437450723414928
5.7109741721272149
5.6756758973791905
8.6384857963762371
11.357974260488177
12.202343793181278
9.7770981560332029
4.3634026391741116
9.5339929267980228
12.100770522587798
5.6505686729243561
6.787202096381999
5.5631411132582436
4.5428438623166594
9.2717031950593132
5.8519570917378818
3.0753376614781009
4.6411947981449417
10.247108648329201
10.168867803710361
12.064261064692049
5.1193514112477727
9.4265047750367437
11.604414330823513
4.6776317456874468
8.5465789710131119
11.514070616608969
5.6683103094833642
4.9630310993464848
6.7216349814143612
2.8256785695415876
3.6141184786061817
3.6150019365505779
5.1806669360680369
6.3928611964231843
4.1627576926277152
5.8197368610503037
12.315825205233235
12.923345931356996
4.7777454184188253
11.642653469469009
9.6446609345848646
12.100770522587798
6.0810150305443367
6.5049664383318175
4.5413305233960264
9.7940489887511575
8.8086538260360001
6.7216349814143612
9.8384227539713311
10.324925241097821
6.2164908311369214
4.6758278224115797
7.3879827036797145
13.74511920934423
4.3586847305810821
4.0430266069680938
4.1663478991969107
5.8197368610503037
5.7366715176671743
4.6256611789973272
9.4688432749881759
2.9634466326032731
4.64072561372069
8.9385350546837063
6.4061738653572524
9.6346763213671895
11.271940962016716
10.525307750508333
7.2272666723795504
4.3576192942470504
7.8490287742278957
5.3152922879168809
8.1178668957165012
4.6341073849777494
4.0918589699881682
5.5506540928703316
6.2680249449066094
5.9526965179441627
1.6929003620247927
12.213609346533143
2.9693555784797749
5.5027868932580386
1.9423961936855436
4.1114875514534264
13.759782649008915
5.5027868932580386
12.521431266820347
5.8059328472411984
5.6758201610004564
7.3453273131720556
12.809097045285785
12.746258058122303
7.3453273131720556
10.143767195772694
10.221883662402254
12.451846360128048
5.0532756734167021
11.526077157349469
4.7651875819624454
5.847130406135201
4.6056985991021877
7.4106096356609639
4.4052052894292242
4.198922725411725
6.4579861358246742
9.1772432496425616
9.2955056302366614
8.0839420078383259
12.895791830148859
7.7810214693347453
11.655503639664794
12.3578627113345
11.579023062180116
12.3578627113345
12.806579174848251
10.948924034484842
6.3276863489629891
6.016258334670245
13.426930205321419
12.650340222052241
5.507305022557321
9.5776456821227534
12.501809874418546
9.9928879812511351
10.570429825323924
10.456674332122249
2.6085003739686217
2.6140568248843397
2.1212560995194267
2.2605308566155689
2.9159533682230374
2.9159533682230374
7.1703926650169594
5.0675149914380819
5.4914663992255637
11.260391806920797
8.6384857963762371
7.1691502585654323
5.5271545185495068
2.9159533682230374
6.4270048968621056
7.562284318468862
7.6250983863953214
5.332155814685783
5.68414182059343
7.4420513569715609
10.963265095999498
6.8370922981127453
6.7262060164727915
8.2314079008399084
4.2078474000739909
5.7691688646654891
3.3534568755758323
4.5934054775049029
6.7226052954342173
6.2625562237469019
4.8712310312299403
3.0620835533878368
2.2464730386052496
6.6285331871060622
5.8519570917378818
6.1452755703581943
7.1971824704272978
6.369367059899063
10.235880255996475
4.2825904133332724
5.2872445403379125
8.5497347514628714
6.4579861358246742
2.354832215987964
3.6820764999900994
5.3013996158472176
4.1777775004848046
4.1239786741475548
4.7651875819624454
5.1806669360680369
5.7366715176671743
8.5141806507979751
3.5710982299703047
2.2178535114152576
2.2351009675176634
5.78823238523443
4.8144236768723907
7.0339620546340198
10.336309361733075
2.3977976574974282
3.3972869984134322
3.1527209664389098
3.2589650431721222
12.941153514248292
3.9322336747168234
3.5251623419830835
4.6256611789973272
7.9001385422621135
9.2119059932629241
10.000550532139593
4.0384244941084351
4.1420371110705076
5.0059740885547122
4.6512366380944741
8.9347404923862168
7.9485474444411883
12.930455805792642
8.996681101728937
6.5904381528912488
3.0770357914994699
12.30546564731562
4.6321424718740234
9.3971962847277606
13.481804517146283
11.324184431027772
7.2219928328071887
13.481804517146283
4.3923080678127988
7.6760611463286903
3.9130930799357357
2.5297919904123458
13.044765315063884
2.4395251886158729
10.306214951207673
5.5345785430473278
4.1927782450066049
13.540874228063617
11.89528397755274
2.6950988804420897
10.767466370147522
5.5980486620424106
11.423312608112649
11.161084119065036
10.176357417440284
11.260567135946282
11.064428110795889
2.4989896995683853
2.622962600968485
9.9131106731905518
9.9146611793671102
11.092206890540359
4.860024851255119
6.3837398983036682
13.383810596460052
9.2164753601496958
2.629647511427621
5.7115186194378227
7.6647117036919541
9.331741197917518
10.18163119933628
3.081510650591075
4.9344753671235635
10.690276369386174
5.8105806070178652
13.70019445640056
7.1016305019609014
12.429987955645499
7.2877380139445807
2.5681605766404449
5.8308969654458025
11.113311289344002
2.6192897069814869
2.2720771401176001
9.9911941589198978
10.300461571087009
5.4865433366176974
2.6951028136822615
9.9190596571616521
13.587075282299738
5.2885264517402639
5.4187798439518176
13.362228430036302
10.18108985490028
11.15952307348218
11.603381993498461
2.4209832669449791
3.6518105234762035
7.6394582949539762
3.1285616672415761
5.7109247124595139
11.13778332541907
2.7651478088111681
5.5233927755445107
11.126281786385357
6.7377596029689508
5.3357224306611943
4.0618095809111248
3.0764839648688835
3.1285446783294537
5.5801550494412853
2.1629430812166537
12.872431413243344
11.270408387720064
8.1225616540722463
2.0818531252807322
5.5580625490078903
1.5143529888123801
1.961122913497189
9.0432272301904657
2.0775302180970221
13.756239532804672
6.0422587440259834
2.0284209174509944
6.2439417560598445
7.3762095898359359
10.976833124229975
2.1670081973265871
7.6927224387137318
2.2526095372557
6.3402994033056261
2.0846039263883185
1.8741258455876404
4.5422454902597318
6.3559986405762245
2.5906061087256407
10.366243526179582
3.1613924053226743
6.1148829159445128
2.6017034248889233
1.8013929210513109
3.2529116448064386
2.1750900573002587
7.5121796500010394
2.836757506015982
2.3712717660880545
1.8506982056260783
2.3989890795110185
4.13197649380154
2.0513476407817079
7.0165535281808786
6.4220434186356421
12.012458433697532
2.1930036966584336
6.1268160372276013
2.5220098510788933
7.7372709219772258
5.6592896810122513
6.3999989135138797
13.387655530738286
6.4030456466730978
10.040197668448219
7.8997455209848697
7.7138759371453132
5.3553984917100763
6.4223561908355933
9.134256242601241
2.809907875542708
12.67103281096063
2.8130354563982487
5.6399819231227424
8.9655920649236744
8.9880737091852634
3.4722351471407538
3.076660664164605
5.6136610099737076
8.7437860184686045
7.1698735515298928
6.1788041303945347
7.7974387523026092
3.416401874484059
9.8697417285193492
9.2132802677451782
13.601262407705029
13.604542176407589
4.3923080678127988
2.1629430812166537
4.2069661077998717
7.6080192681620655
3.3356282305855771
5.3598042060078832
6.6896981668683875
3.5853848364110257
3.8034447983558008
7.3034450205173123
6.9614541027503014
10.319763379076749
11.838475909045528
11.403657229747971
7.6760611463286903
13.515792172812951
2.3383304585639015
2.3120293039375683
10.299967393704581
3.343267598018357
4.0056042631791255
2.8518527149128339
2.2941241829046688
3.0327042854833355
9.6258596826327878
13.464262827252934
5.8392818314965727
6.1891386261057848
13.436290815708471
6.8874202863877372
7.7304187836502765
7.7378643118029746
6.2629938310203093
13.468765374671896
8.6303852089959978
6.1412208298545039
6.5650253165636947
9.6258596826327878
11.479438242557945
5.9018594500156771
7.7777600621526712
13.463109153351766
6.4903690601388231
8.2170634816494061
8.9830005913768165
5.2013423883236785
9.7674091595238171
4.8402554529618769
12.97661304674415
3.9130930799357357
3.9262665199775184
3.8507811995863239
4.3694373746878457
3.966539821016331
13.155157336938402
12.872431413243344
12.950753460481263
2.5297919904123458
3.3697700968342508
11.912930451455679
12.196147185071997
3.7227018637895957
3.7704646784057769
3.4092822785693193
3.2867435852264766
7.6020495240911137
7.682161536342714
7.781935383065516
7.6592916909711697
7.2651332012471794
7.2178007758999652
7.5978314130156068
7.866036765855827
7.5996072096671519
11.270408387720064
11.886740249085992
10.435849961646969
12.826276268339027
13.67289645301908
13.540864167214044
13.307012797230975
10.319763379076749
5.2013423883236785
12.182114574916824
12.630088124166338
9.6258596826327878
13.253476845757827
13.044765315063884
8.508601851927585
6.0333437309010201
11.076798239558421
8.3090694712693391
11.074712103464183
7.8500575338934429
7.9017350546869585
8.7861308348555411
7.2449759644322382
10.093122518204504
7.9071381657297337
11.856384641062952
6.6658256209940667
8.7905669024815012
5.9341885220312065
5.9087826650432724
5.6856795346887576
12.272861421905914
5.8574920793030314
8.3552124021000491
6.7142261187052421
12.897962571227637
6.7142261187052421
4.2069661077998717
2.761696127086319
3.9698379403241728
9.0160585861687981
3.5537483565152423
13.464262827252934
13.358133833713111
2.5853624064626368
2.7332274781511474
8.1225616540722463
11.886740249085992
11.432061444278457
10.217552001851059
11.560142382601057
11.346234821470558
5.6592896810122513
7.6132297489707765
12.912303632742294
10.870458350818772
10.463474504646934
11.016211954843349
11.348370219107528
12.239976806651573
11.375543311779539
11.182383976353293
2.4395251886158729
6.8108735007725407
10.988745313018997
12.270392938722456
12.270392938722456
11.446878733208317
5.3847810630396129
3.3543007051468443
3.8793895321043199
4.2407644927559378
5.0015180360208289
2.761696127086319
2.5853624064626368
8.0796459566778118
10.945719638471735
13.27322296777057
10.306214951207673
12.826276268339027
11.699323636698015
2.0818531252807322
4.0587544102527557
8.508601851927585
6.7644016672929261
6.2299551223573681
6.1049769399746863
7.0482721314538459
6.1499287297017329
6.2338231597085381
6.2959924089707888
7.0482721314538459
7.2449759644322382
10.649741423521967
3.094779848898948
3.1703326266918008
4.1947905617279995
6.3999989135138797
8.8186808778418495
5.5580625490078903
5.3672971706927033
6.0439120772894599
3.7227018637895957
9.4680973195122213
4.2964750834217886
3.185874958953661
3.9262665199775184
4.4093491163116321
3.9607063501830071
4.7583002924964184
12.229597126941288
2.5221838027618131
12.970519418773176
12.883244147631043
2.3516803803162527
3.5329900213508409
2.3819310826642228
2.4481185142215467
2.316118517571792
8.9504445913804229
8.6704626979204757
13.097553762818404
11.496890738087336
7.95740705592846
11.838475909045528
11.016211954843349
11.181556064246333
11.645189667497112
3.3882123681325695
3.7817326479519697
4.8336303670289462
8.1005925783539343
9.2592711358651592
7.7486435502558395
8.4400327926711363
8.1310502755611616
5.8392818314965727
13.253476845757827
10.093122518204504
5.9911695096290005
7.8909926436670084
6.6785989440007718
6.8898138834944316
13.557159333437529
9.0776685489083562
6.9646889870024067
6.1891386261057848
6.2299551223573681
6.4839036287113174
6.4839036287113174
6.4263785794062116
6.5826721892527269
7.1297054728108336
8.0300535672871334
7.1297054728108336
6.0152935698349541
9.7532616809471406
11.742681804249798
9.6062391348776988
9.8366956581172378
6.0605260881962231
1.8756814847930718
5.7038279915071914
8.26031760154825
5.5345785430473278
9.5436676295555518
4.4063101071244999
4.1232357003822848
5.5980983081828128
9.7674091595238171
12.182114574916824
4.1927782450066049
3.8507811995863239
12.229597126941288
12.732471213608422
12.357199296805847
8.9136119996009526
9.0776685489083562
3.3183573068095198
3.390623626682097
13.591692006211805
1.5143529888123801
2.3383304585639015
3.2066215216089042
1.9480404727895204
1.744551867586027
2.9381040644222001
8.8594402377408112
1.5546569099009389
2.4160772711094256
2.5723591163730366
1.5598975175290222
2.3533193313210279
2.1765161334919703
6.0333437309010201
6.7644016672929261
3.243581299324322
6.9189865117618812
11.076798239558421
6.8108735007725407
5.3837548314103092
13.540874228063617
13.601262407705029
13.656759273646799
13.528061598922912
4.4063101071244999
3.7921554962752566
4.2044664813896624
5.8033125651044113
5.3181164147228666
1.961122913497189
13.387655530738286
3.3183573068095198
3.243581299324322
3.3375619579610047
11.370161931368417
11.89528397755274
11.34144865555754
6.4865779090559244
7.6932816015330276
7.7549713839839942
8.0943141071009901
9.0432272301904657
6.2261274642025413
6.7619707209358051
6.6220244100760057
6.7937193640261144
8.5890581735250162
6.3005812942361175
12.668818753786113
6.3066578309898462
7.2643308246596776
8.5775717238488589
6.2316289500760691
6.7634622136151874
3.8793895321043199
3.9621328827449922
4.0539851586140436
2.5941245173867453
2.9589222481140216
13.436290815708471
2.6950988804420897
13.220979498759512
8.3229256058547723
9.0549847965442858
9.2082844640437607
5.2502084294135365
9.0253013238828093
7.9071381657297337
7.9963984061511724
4.4093491163116321
3.7921554962752566
5.2337348504885686
4.5665985072084894
4.8402554529618769
5.4201535962237717
7.2066199206955179
11.891665206702143
8.3090694712693391
3.4793008002239758
2.9071813929731909
6.0152935698349541
5.4201535962237717
4.2242667712609308
3.5694454392465227
5.0675149914380819
3.5091537797303913
3.4668596870173771
3.6070606048433853
6.4030456466730978
8.9422440135066825
8.9210311703025731
10.767466370147522
10.845494835260867
10.767607805846927
10.766403628830828
10.768862095352832
12.783661498599578
11.432061444278457
11.360158116010247
10.283876762253675
13.114270561694052
3.7270213129097285
3.622509834646964
2.2753636642686232
2.3500780895893412
2.8672956234234106
2.1765130093271798
2.2843456958152033
13.141934215817288
12.89097447231919
5.5980486620424106
2.0775302180970221
3.7668746457599767
3.7328553493375147
2.9233648572288717
3.9698379403241728
5.943952346414985
11.469596510035885
12.950753460481263
13.063946564449358
3.5537483565152423
2.7332274781511474
8.0796459566778118
8.509026999032054
13.128035007014216
3.1322015608155938
3.2318674143605044
5.8812722114596196
8.0346946271221498
8.7041362686379529
13.756239532804672
6.0422587440259834
10.623905132793521
11.360150838546257
12.170964598710116
12.09280573251549
1.6635047160737342
2.6357385822022863
9.4422569393847606
6.8874202863877372
12.640574910766095
10.040197668448219
11.423312608112649
11.348370219107528
11.895633293774411
13.553452867566309
8.9422440135066825
9.2125102439267756
13.67289645301908
3.7704646784057769
9.4680973195122213
11.856384641062952
10.903131121783606
11.536264359212387
7.7304187836502765
6.4839036287113174
2.3120293039375683
3.2066215216089042
12.630088124166338
10.91847532140036
7.8997455209848697
10.02408410507892
10.680155237288972
5.5635478951551756
11.11662841959477
7.4756358524570619
6.5914574709443414
10.587045347520165
8.1655293678797189
6.6248663591543755
6.3332934773994056
7.9724092722871918
11.881329002519688
4.0607342169696246
4.5763999406548823
11.182383976353293
11.260212613511303
2.5770619397100019
2.6374207125735789
6.2261274642025413
11.148515226075608
6.3542438261720209
7.7138759371453132
8.3168318927044673
9.0284061328501348
7.7079436402148955
11.284014311176477
11.34144865555754
11.305181355717739
11.341721388563219
12.068491970261674
11.244544166979459
5.3553984917100763
7.6020495240911137
6.7526907061516415
4.9142657668442293
9.4422569393847606
9.5356705420838104
6.6658256209940667
7.5927836090842886
9.7532616809471406
12.45556915306209
10.435849961646969
10.217552001851059
10.139251361916074
8.3168318927044673
8.3456847836210937
6.6910178864264225
10.066905432459297
7.6080192681620655
10.41433109904802
10.623905132793521
11.179536926659674
11.915667609401435
10.845494835260867
10.923387922046535
6.7526907061516415
7.6503957724455995
13.155157336938402
5.3578068016826634
5.880949712776836
13.158701275871129
5.9001633192426173
7.2811943514285797
6.1568859368167876
11.360150838546257
10.987537824364825
10.988012393770013
11.182862413267374
10.919866281185092
7.134481238205038
7.9963984061511724
8.0744957883390942
10.02408410507892
5.7334335235868368
8.9568628791754765
11.161084119065036
8.4378131529034643
3.9085355425270198
4.5401182074880158
4.1252634870914591
6.4223561908355933
2.5042964660298956
2.5037402856549664
5.9911695096290005
6.8417918848632322
5.9409274374048033
2.5221838027618131
4.1426781207135122
7.7378643118029746
6.4839036287113174
3.4092822785693193
4.2964750834217886
7.2700563667966831
7.2176438649593093
13.72357087858788
4.2242667712609308
5.3864112674412503
10.299967393704581
4.1562194231462568
3.6771736859563866
13.123982081753621
2.9111285949174794
2.9433371396780923
3.3356282305855771
10.41433109904802
3.3251966912081388
8.7405160519835174
6.8249724523153832
4.1562194231462568
3.0375665267172316
10.176357417440284
9.5436676295555518
10.680155237288972
11.260567135946282
10.767607805846927
11.260212613511303
11.140043075918522
6.2629938310203093
6.4263785794062116
8.341899733165981
10.923387922046535
11.001345467777854
6.1049769399746863
7.3320555812274968
6.904386109493478
6.679726423227077
7.61734884622616
8.3229256058547723
8.4378131529034643
10.602784435787624
10.870458350818772
7.0482721314538459
13.097553762818404
7.3320555812274968
8.0104464443673127
5.9207723762543214
1.650775109377941
8.9660497400481969
8.5178603409909126
2.6436335132269662
5.442801141090011
6.9011452166934211
4.795958815410601
8.8070127997852889
9.157675075382917
8.222874131399541
4.8123202514605605
4.6387963340799416
6.0252176382523484
3.354896259563223
5.7428646838790272
12.474346287251128
5.995318020753559
4.2407644927559378
3.9621328827449922
3.5694454392465227
4.9206266627083357
4.9206266627083357
4.3479278279846749
4.9206266627083357
5.3598042060078832
5.4392940438083288
3.2867435852264766
3.3882123681325695
12.970519418773176
12.732471213608422
8.0104464443673127
8.0614410994311658
8.1767058940586264
10.91847532140036
10.984120024911613
11.526684218865549
5.0675149914380819
4.9206266627083357
13.468765374671896
11.403657229747971
11.181556064246333
9.134256242601241
10.90220922635633
3.7870401569881462
4.2435003025089619
6.1499287297017329
5.9207723762543214
10.100089913426748
6.2764976870884732
12.883244147631043
12.357199296805847
2.3516803803162527
1.8756814847930718
1.6635047160737342
2.5042964660298956
4.1426781207135122
1.650775109377941
2.3665365713141928
3.4931366885005928
4.2394644092424505
7.7098409576770708
5.1698471288049808
4.8225087352305005
1.6982854543275161
5.156958763474174
11.064428110795889
3.6771736859563866
3.0375665267172316
5.9672895507768597
10.446333430799211
11.577468578252821
2.6171173615540892
13.141934215817288
13.063946564449358
2.4989896995683853
8.1005925783539343
5.5635478951551756
5.7334335235868368
12.59807652729387
8.9638896810433373
13.358133833713111
10.463443445874347
2.622962600968485
3.4793008002239758
3.8659827708643215
3.3335853127846562
4.1489041129138693
10.634317166924857
10.80321713155598
2.0284209174509944
3.1300261076404139
3.6718095119695526
2.809907875542708
3.094779848898948
3.3210387086474893
8.9660497400481969
9.2592711358651592
8.0970699074385948
6.2439417560598445
6.7619707209358051
6.1479612621545217
10.498773288205667
6.0730172108903515
3.5329900213508409
13.234856888664581
10.139251361916074
9.140329406511059
8.2639381916962691
5.995318020753559
3.1703326266918008
3.3210387086474893
2.9109236305659825
2.3819310826642228
8.9136119996009526
6.4613534588187793
7.6807070333703651
2.5593162262809659
5.2337348504885686
7.3762095898359359
11.742681804249798
2.4481185142215467
2.5037402856549664
2.3665365713141928
9.932618044834614
2.7133716515026851
5.2400806423429067
9.9131106731905518
6.4865779090559244
3.9085355425270198
6.7594042679325614
6.6818721243936956
9.1181887953082281
5.9672895507768597
6.0464052126296686
6.9646889870024067
3.390623626682097
8.9210311703025731
9.2125102439267756
8.7405160519835174
3.5146661868942788
11.222272267987723
11.375411205150954
12.67103281096063
13.004531938555967
10.976833124229975
9.9146611793671102
2.1670081973265871
9.140329406511059
13.123982081753621
10.446333430799211
11.092206890540359
5.3672971706927033
5.3578068016826634
13.274478121049217
7.6331803573362258
7.7182074014082858
6.6220244100760057
6.6910178864264225
8.9568628791754765
7.8751170123321161
7.2817255117997446
6.5831459217205452
4.860024851255119
5.4691735916257533
11.021582361636826
7.8909926436670084
7.2700563667966831
4.3694373746878457
3.9607063501830071
10.246807465991298
3.7817326479519697
3.5091537797303913
3.9948073870278495
5.3161027169700681
4.8964444349554066
8.5178603409909126
8.0614410994311658
5.995318020753559
3.343267598018357
2.9111285949174794
2.8657385417534176
8.6303852089959978
11.743087525493953
11.360158116010247
11.305181355717739
3.4931366885005928
10.903131121783606
10.987537824364825
11.279585519875821
12.117906340453157
6.1717465220057646
11.11662841959477
1.9480404727895204
2.8267932425531392
6.6896981668683875
5.943952346414985
3.4668596870173771
5.3864112674412503
3.9948073870278495
10.988745313018997
13.234856888664581
6.2988636139156728
12.971384734842825
6.2952138856276409
5.0696772157252701
12.204177985796271
6.2988636139156728
9.932618044834614
6.3837398983036682
11.699323636698015
12.270392938722456
7.8751170123321161
7.4584176313330168
7.6927224387137318
6.2782574150191026
2.6436335132269662
7.5773502489808928
7.8908472832233576
4.8361476759671032
12.270392938722456
13.383810596460052
12.968671917555836
2.8130354563982487
7.6503957724455995
6.4613534588187793
11.021582361636826
2.7490791254132869
4.0540149523318281
9.2164753601496958
11.560142382601057
11.26756910070903
7.6132297489707765
6.8249724523153832
3.5146661868942788
11.284556209265197
4.1656466522554343
12.519468362066721
11.074712103464183
11.476170953564848
7.7486435502558395
8.0970699074385948
7.2100382182793572
12.307846854501269
9.5113228552116578
7.4756358524570619
8.8710140851115096
2.316118517571792
2.7133716515026851
10.100089913426748
11.536264359212387
12.351013110868148
5.442801141090011
7.5773502489808928
4.7583002924964184
4.5665985072084894
12.239976806651573
11.645189667497112
11.284556209265197
12.968671917555836
2.2526095372557
5.017324801326053
5.6399819231227424
8.8186808778418495
7.6807070333703651
8.9655920649236744
9.0284061328501348
12.708008957884893
6.2338231597085381
6.5826721892527269
7.5475774842328951
8.4540049750746142
7.1086539579640871
6.7357051858091337
2.629647511427621
3.8105470831236481
13.274478121049217
12.97661304674415
5.7115186194378227
3.966539821016331
7.6647117036919541
13.515792172812951
11.279585519875821
13.287331656942504
11.425054610131873
11.86698896324924
11.787461290714129
11.577468578252821
2.5593162262809659
2.7490791254132869
8.7905669024815012
6.7937193640261144
7.4354873518067865
6.9715149185912981
7.6600127088700107
6.3402994033056261
6.2782574150191026
7.1086539579640871
6.60596537023339
6.4918823990594552
6.955012625297508
6.1570477146203784
5.6157743911802189
10.988012393770013
7.529666573350867
10.757692362778796
3.7668746457599767
5.9341885220312065
6.602487028536399
7.2817255117997446
7.4584176313330168
6.602487028536399
11.505632290287021
10.463474504646934
10.463443445874347
11.025987677427521
10.463219187540771
6.1412208298545039
7.2176438649593093
8.509026999032054
3.1300261076404139
8.4815783984723154
2.9479047063314274
3.0755844258570693
4.7197816332345708
3.3566157701373567
3.9177982619785729
9.7305765082903974
9.331741197917518
5.880949712776836
6.1570477146203784
5.6501377687524066
11.726136692776
6.0408975067309649
7.4518254300008353
5.9874630308512318
6.5650253165636947
10.18163119933628
2.0846039263883185
4.6597423099275801
3.081510650591075
3.185874958953661
9.2774382308025221
9.1462210071700945
13.158701275871129
4.9344753671235635
10.592033131806454
4.1232357003822848
4.2044664813896624
4.5381847948498804
5.1017595031817056
9.0549847965442858
10.602784435787624
8.5890581735250162
11.148515226075608
6.8417918848632322
5.7038279915071914
10.283876762253675
6.9011452166934211
4.2394644092424505
6.7643274872484058
1.8741258455876404
4.3676306694484586
5.4590657591163856
7.682161536342714
10.174389834153331
13.540864167214044
13.004531938555967
11.001345467777854
11.076885673260797
3.5853848364110257
5.9087826650432724
6.6785989440007718
5.9409274374048033
8.3752254016818632
7.4518254300008353
3.7270213129097285
10.90220922635633
13.063303406984891
8.9880737091852634
3.7870401569881462
12.204177985796271
3.8296135922250598
3.3251966912081388
7.4010036681590803
5.1804610632519497
7.9364158731785244
3.2208127614188728
11.182862413267374
13.287331656942504
9.6258596826327878
6.2959924089707888
7.5475774842328951
10.690276369386174
10.766403628830828
4.5422454902597318
1.744551867586027
5.8105806070178652
12.971384734842825
6.3332934773994056
4.795958815410601
8.2639381916962691
6.1717465220057646
2.5324951424432078
6.1717465220057646
6.1459782346531853
6.524091866918817
9.0424450299847212
13.70019445640056
11.446878733208317
6.0464052126296686
6.2952138856276409
12.968671917555836
12.968671917555836
11.479438242557945
7.8500575338934429
7.1016305019609014
11.160944530005722
2.9381040644222001
10.768862095352832
7.781935383065516
8.8610432082666097
3.4722351471407538
4.0540149523318281
6.3005812942361175
6.7357051858091337
6.7827869867105246
9.7980673109706924
7.2362830770807083
6.6002751748372708
13.128035007014216
8.4815783984723154
4.9206266627083357
6.3559986405762245
11.140043075918522
3.8034447983558008
5.264521018601048
12.59807652729387
9.2634463154588182
5.6856795346887576
10.634317166924857
5.6157743911802189
5.6501377687524066
10.7099580179848
8.5501041619423361
6.3124411759169083
7.7961689428779977
12.640574910766095
13.72357087858788
3.622509834646964
2.5739534874811421
8.8594402377408112
12.645539038120811
11.479901482393515
12.170964598710116
12.17092219914505
12.285347898475871
7.6592916909711697
8.0553208878048235
5.0015180360208289
3.1322015608155938
2.9479047063314274
7.7098409576770708
5.2400806423429067
11.479901482393515
4.5401182074880158
6.7594042679325614
7.4761930552923026
4.0539851586140436
4.3479278279846749
8.8070127997852889
7.8213783825299616
9.0160585861687981
11.469596510035885
2.5941245173867453
2.2753636642686232
7.134481238205038
2.22494313520437
4.1841395042604601
3.3622475170401307
2.5906061087256407
4.5381847948498804
4.3676306694484586
7.2504381525900143
5.2080035799149194
12.429987955645499
11.341721388563219
5.1698471288049808
11.025987677427521
11.103816936254313
7.2651332012471794
8.9504445913804229
10.174389834153331
8.8610432082666097
8.0553208878048235
7.400923645216829
8.7362406331247957
3.076660664164605
4.9142657668442293
8.4414043781383512
8.26031760154825
4.8225087352305005
7.4010036681590803
10.636149358219663
4.9797495342113187
3.8183285775644284
4.9162288572852573
7.2877380139445807
4.0607342169696246
11.915667609401435
7.2100382182793572
8.4606341447290951
12.272861421905914
12.351013110868148
10.919866281185092
11.425054610131873
2.5681605766404449
2.9109236305659825
5.6136610099737076
13.052180297706592
4.9206266627083357
11.895633293774411
7.2178007758999652
7.6932816015330276
9.2774382308025221
8.4414043781383512
7.4739519545520396
8.3184055966418597
8.4400327926711363
10.366243526179582
5.8308969654458025
7.3034450205173123
11.157775885310247
3.1613924053226743
7.2066199206955179
4.0056042631791255
2.9433371396780923
3.2318674143605044
3.0755844258570693
3.4352564623553787
8.7437860184686045
7.3234117007939084
13.114270561694052
9.157675075382917
8.1767058940586264
6.7643274872484058
7.8213783825299616
7.1698735515298928
7.5978314130156068
8.6704626979204757
7.95740705592846
7.400923645216829
7.3234117007939084
11.113311289344002
3.8105470831236481
4.001948883213462
11.523821546786753
2.6192897069814869
3.8659827708643215
2.2720771401176001
3.3697700968342508
2.6171173615540892
2.6357385822022863
5.995318020753559
1.6982854543275161
5.995318020753559
5.995318020753559
2.5324951424432078
8.1780820639501624
6.1148829159445128
6.0439120772894599
7.4405049359683604
6.8898138834944316
8.3752254016818632
10.649741423521967
10.80321713155598
11.476170953564848
10.7099580179848
11.912930451455679
11.86698896324924
12.273963777840617
11.179536926659674
11.103816936254313
6.1788041303945347
9.5356705420838104
13.052180297706592
6.1717465220057646
7.4354873518067865
7.6247144341219872
13.209430343663595
5.9001633192426173
7.4996926296131283
6.0910756478133044
3.6109515628205529
2.6017034248889233
11.076885673260797
11.157775885310247
7.7974387523026092
6.5914574709443414
7.7079436402148955
8.3456847836210937
8.8710140851115096
9.3370212404225104
5.8033125651044113
9.9911941589198978
5.3847810630396129
5.3837548314103092
12.708008957884893
3.9495313314573255
12.068491970261674
6.9614541027503014
5.1804610632519497
5.264521018601048
10.300461571087009
5.4865433366176974
10.089394191895316
2.6951028136822615
5.156958763474174
8.1780820639501624
4.1947905617279995
5.9018594500156771
8.0744957883390942
1.8013929210513109
1.5546569099009389
2.8267932425531392
12.645539038120811
4.0101971113010384
8.1310502755611616
8.9638896810433373
9.2634463154588182
4.2435003025089619
4.1656466522554343
13.063303406984891
11.511144129474474
10.984120024911613
9.9190596571616521
11.26756910070903
12.307846854501269
13.587075282299738
13.656759273646799
5.5980983081828128
5.3181164147228666
3.6070606048433853
5.3161027169700681
5.2885264517402639
9.2082844640437607
2.8518527149128339
2.8657385417534176
7.866036765855827
7.4739519545520396
5.4187798439518176
11.496890738087336
7.9724092722871918
8.222874131399541
6.1459782346531853
13.028662334022343
3.2529116448064386
5.017324801326053
4.7197816332345708
6.2764976870884732
6.1153864359397074
13.362228430036302
12.783661498599578
4.001948883213462
3.9495313314573255
6.524091866918817
7.0482721314538459
2.1750900573002587
3.7328553493375147
10.636149358219663
10.180446437582704
10.18108985490028
6.60596537023339
11.220741731802111
11.15952307348218
12.89097447231919
10.592033131806454
11.603381993498461
5.4691735916257533
4.9797495342113187
11.881329002519688
13.028662334022343
5.4392940438083288
4.6597423099275801
6.904386109493478
4.8123202514605605
10.246807465991298
7.8009956284806776
6.9120696360892815
7.8009956284806776
2.4209832669449791
4.5763999406548823
10.089394191895316
9.3596481724037606
8.0887742900401243
6.679726423227077
4.6387963340799416
8.3760434336049023
9.6062391348776988
11.891665206702143
12.45556915306209
13.557159333437529
3.6518105234762035
4.1252634870914591
6.5902333348877375
6.7827869867105246
10.883779029129013
12.668818753786113
6.9715149185912981
8.5501041619423361
2.4160772711094256
2.5770619397100019
3.3543007051468443
5.0696772157252701
7.7777600621526712
7.529666573350867
10.587045347520165
7.6394582949539762
6.0252176382523484
7.8908472832233576
11.284014311176477
11.505632290287021
11.583714858109987
5.8574920793030314
7.5927836090842886
7.6600127088700107
7.6247144341219872
10.587524333119035
13.307012797230975
11.726136692776
6.3124411759169083
11.222272267987723
7.5996072096671519
8.7362406331247957
7.5121796500010394
6.4918823990594552
11.220741731802111
7.8009956284806776
3.1285616672415761
6.5902333348877375
12.196147185071997
12.117906340453157
2.9071813929731909
3.3335853127846562
4.2099380352712519
11.375543311779539
13.553452867566309
2.836757506015982
9.8366956581172378
13.463109153351766
7.61734884622616
6.9120696360892815
8.670673518157157
2.2941241829046688
2.5723591163730366
2.6374207125735789
3.6109515628205529
7.1297054728108336
8.341899733165981
3.354896259563223
7.136693153750314
4.0101971113010384
5.7109247124595139
13.591692006211805
11.375411205150954
8.0300535672871334
8.4540049750746142
6.4903690601388231
11.743087525493953
10.757692362778796
8.670673518157157
11.787461290714129
12.273963777840617
8.1655293678797189
6.6248663591543755
9.3370212404225104
5.7428646838790272
4.8361476759671032
6.1153864359397074
7.136693153750314
7.685710054409971
6.5746997157401239
11.13778332541907
2.3712717660880545
1.5598975175290222
3.4352564623553787
2.7651478088111681
5.2502084294135365
8.3552124021000491
11.583714858109987
13.220979498759512
12.474346287251128
9.0424450299847212
6.3066578309898462
9.7980673109706924
7.2643308246596776
10.066905432459297
6.5831459217205452
6.0408975067309649
7.4996926296131283
8.2170634816494061
7.9017350546869585
1.8506982056260783
3.3566157701373567
7.4518254300008353
2.3989890795110185
6.0605260881962231
7.4518254300008353
2.3533193313210279
7.7549713839839942
6.6818721243936956
9.2943658499148523
4.1489041129138693
4.2099380352712519
9.2943658499148523
12.09280573251549
12.17092219914505
3.0327042854833355
3.416401874484059
3.8296135922250598
6.7142261187052421
7.7961689428779977
5.5233927755445107
9.3596481724037606
6.3542438261720209
6.1479612621545217
8.40702467256747
11.126281786385357
11.244544166979459
9.8697417285193492
9.0253013238828093
13.604542176407589
13.528061598922912
12.897962571227637
6.9189865117618812
3.3375619579610047
4.13197649380154
2.1765161334919703
6.7377596029689508
11.526684218865549
11.370161931368417
12.519468362066721
11.511144129474474
2.0513476407817079
4.0587544102527557
2.3500780895893412
2.9233648572288717
2.5739534874811421
2.5845815001862111
8.0887742900401243
7.0165535281808786
7.4405049359683604
13.209430343663595
10.587524333119035
9.1181887953082281
7.4761930552923026
2.8672956234234106
2.5845815001862111
8.3760434336049023
9.5113228552116578
8.4606341447290951
7.2811943514285797
7.6331803573362258
9.2132802677451782
12.912303632742294
8.7861308348555411
7.9364158731785244
10.180446437582704
6.1568859368167876
7.7182074014082858
3.2208127614188728
3.8183285775644284
5.3357224306611943
4.9162288572852573
6.4220434186356421
2.9589222481140216
2.22494313520437
8.5775717238488589
7.8009956284806776
8.0943141071009901
9.1462210071700945
8.3184055966418597
12.012458433697532
6.2316289500760691
7.2362830770807083
10.498773288205667
8.40702467256747
2.1930036966584336
3.6718095119695526
5.4590657591163856
7.2504381525900143
6.1268160372276013
6.0730172108903515
6.7142261187052421
7.1297054728108336
7.685710054409971
10.463219187540771
2.5220098510788933
2.1765130093271798
4.1841395042604601
7.7372709219772258
6.7634622136151874
8.9830005913768165
12.285347898475871
2.2843456958152033
3.3622475170401307
5.1017595031817056
5.2080035799149194
5.8812722114596196
3.9177982619785729
6.5746997157401239
4.0618095809111248
11.160944530005722
11.523821546786753
5.9874630308512318
6.0910756478133044
6.955012625297508
6.6002751748372708
10.883779029129013
9.7305765082903974
3.0764839648688835
10.945719638471735
8.0346946271221498
3.1285446783294537
5.5801550494412853
11.346234821470558
13.27322296777057
8.7041362686379529
4.8336303670289462
4.8964444349554066
3.180532226548018
3.4589691417086397
2.3486782285900167
9.4954483785885326
5.27947046249108
3.4503464938860149
9.5211112793792658
2.2340765897332462
10.811986915701663
2.232670683586357
2.2344675686670734
8.6684828734816364
11.480663669093746
5.9158041739234157
11.260596906217733
13.135321188318727
3.3719526252084808
5.6755337547636877
11.060647942697813
8.3474915490828074
8.4958436867678255
2.718076468805084
13.423561871582685
11.65588484348328
3.2276231892058869
2.3899344534530145
13.558527666339796
12.359126991192626
8.6577778412597315
8.9669117217289411
10.804886162535034
3.7821528828100566
13.314114027312028
3.8693249041638618
2.6912874647255371
10.689279052484968
11.959610734509406
4.2334884919704772
2.4388823217111901
11.568959204155673
2.1854051974047182
11.03340457009274
6.3168618266085437
3.0115672542457861
3.229445363466501
12.746111816546328
3.0183998038137854
2.0453480857255459
11.595386542582681
3.2345426611304338
13.399728914190783
5.6883323117826006
8.8588607470372889
3.074445374772754
6.0212280407008603
3.2299641476153824
8.0642339070661233
13.503526090830835
11.610942759843654
12.369180727984807
12.867732012899895
13.44270396587285
13.399270397992446
2.2396456644686116
13.745297710194398
11.405764175540316
2.3337932248550217
3.2669456230258369
2.872744125147519
3.2275310146897622
2.0238956080539046
6.6822762701774101
3.7268401435037788
10.975679907342768
6.8167434238735538
8.6711807325354133
13.68895211254855
3.9052525617396094
11.034589326217279
2.2368486193508383
10.685868976114431
13.785050394489733
8.1407053636659263
13.717761176014037
4.8174880742766648
11.010987265631332
2.4839952518605317
13.515624306131125
2.8188802165521518
2.5353222988023236
3.2265149481834587
3.2995367893529122
6.3195255369453154
10.758011809271633
10.075283306409821
6.2731806531543395
3.2340574417529786
6.4763834819335697
13.110976475498974
5.5215314619907954
2.6085934877535442
11.458336016269197
2.2378484019433196
5.3959008549072855
2.5398977670274165
11.320387289485202
3.2341107867687131
11.111351879112499
10.831323912772275
11.044202280924202
5.8068140628282539
9.4960441242907336
12.018830166458123
12.189532388326914
4.3809316607753228
1.9171136015303882
12.597222204069537
9.4753038754201011
4.2480336743431062
9.7970846972086871
4.9762328772022579
4.1490485474879666
9.7156118405134251
5.288984244539253
2.1920195345038218
9.3021828426544495
3.8980048066562638
9.4751487698315309
2.3290186892738971
9.2718467527704309
2.2360293348011875
2.0923989159501963
4.5657228983911269
12.623964269987253
9.9240005893033238
9.4368528539771006
4.4423289399694195
9.3387465421061631
11.108060215065667
12.823244774723189
4.5569189790934139
2.0428565426417973
2.2273967613140089
4.1435348090757165
7.1342258569535577
2.4326054287772267
12.239131072723268
10.117383286755992
9.6898678595293717
2.0283469423990774
4.8136422702818811
2.4117580446030238
2.3146193380235509
11.914918648392252
2.0782147569702984
2.098164097496694
2.9864289939519364
9.2139258346492934
11.238713704020061
1.929313220860998
9.7118794767091501
3.5269776195341169
5.3793611573169295
9.7313026588008498
10.51955432166011
2.5059314175869805
4.0796053637164489
2.0070890729901478
13.093041976506337
1.9734131282635328
10.534689295945277
3.952014918968318
13.469323006455507
10.056791151345449
4.5569180715410837
2.258525565547616
10.390750259223145
2.1770294083090982
2.0985602937575161
2.4847382164554999
11.300545850566694
2.3206703360238619
2.7088436368855935
13.634111629304105
2.4016824638972185
2.3297135816988246
8.3235114738016964
12.863546368176005
12.795245633500352
1.999858716789858
6.6571675055175525
2.5323853082987982
2.0309551981065979
6.6059268685256756
10.331382201104613
2.1083851111046878
7.1510162009093881
2.7088436368855935
4.4517137329703527
2.5321410637499775
9.6931725969217357
4.717182992808671
2.4371402033386356
4.7884092816930384
9.2843201530272133
2.0936928241778752
4.7885281145515473
10.173930935929166
10.105766383368257
9.3967904216902109
10.105766383368257
1.9739235089002418
9.6898678595293717
3.180532226548018
11.044202280924202
4.5999939280096429
4.0362607774553325
5.5685818733799524
12.4195879429105
4.3370129343984321
12.432820962713256
13.024353519780117
5.0886982856452185
12.244497419284706
5.700158059663651
12.415666216176362
12.486971600654844
4.9666267345003341
4.7617541112752102
5.3506123100959124
12.459643223880567
11.532511614820308
2.2366565954590514
6.6234775816746412
3.8220836821673072
11.092021759000454
2.3366706022494297
9.6330983200923033
2.5782175034603401
10.743765933092234
3.9126920495727608
6.5505942350199877
3.529759358271543
6.2369381134837605
11.9585269693975
11.004474665980082
2.8425342118209258
13.747803111972679
3.4243306462266712
11.974007244769998
7.0522281494750505
13.332768706558438
11.329123488546998
6.5649232549009868
10.537378232269676
2.8555360143321304
2.1977683201081879
9.3353000343857051
2.5638107000819055
3.8549143894607161
11.716612771708766
11.467156051860444
2.7673977341368525
2.0910205294142585
11.674525009145324
2.8421300484705805
12.011606892338531
2.6432591964316323
9.0562710804009452
12.047213966663163
2.877644948035631
6.3805577088577836
2.6544616990276881
3.6310415568695626
3.2608450291327844
2.561094365354978
2.1962605192688209
9.0143777170084523
2.1114555243763369
3.58477263926564
13.600819767164658
13.003252369240551
11.960928670961435
11.960390567231931
13.430226900963216
11.663375405460686
3.4489374470793082
13.598593155543343
2.4764718323799944
3.0274222460174096
2.8459479905178786
2.1836278298403839
11.728911491472472
11.974433602492667
2.8425342118209258
12.752311930381742
2.8425342118209258
2.7915723843576186
2.3618306383353631
7.1486225498344993
10.948445824579652
4.9118758504835176
7.0215677479026501
7.6813767909764845
3.837438512895464
2.4723762587115705
8.4147666322540697
2.0583594446662992
11.682265102830383
9.5664100984757354
2.3761404845155845
11.65817428149659
10.992590058114569
3.4029327514011189
2.4128345053157512
12.018208414658803
2.5373470030813436
3.837438512895464
13.62115771457133
2.2470109385365125
13.461554581032848
13.764121371482149
8.9042658440584734
2.1213646291742343
2.4128345053157512
2.3810968991274399
8.789218578932207
2.780730809418869
13.788133818440508
11.966469533703096
13.788133818440508
2.9876744659820402
2.9876744659820402
3.1755769673115744
3.1902341319505805
11.44022807622634
9.1368857153120384
8.6380132525942841
11.9585269693975
8.6133431348104192
2.1670629902366172
8.6700080742146088
3.3526966593958103
10.61220100973501
3.4589691417086397
8.5263832383044988
11.019132473276985
11.246080407569554
10.249034717027405
11.913446146575339
12.057673562880508
12.75568288230885
7.2192192367695496
3.1754620327055605
13.79061438543093
9.2082699590635428
12.031307279028299
3.2080370519328825
5.8959712806296061
11.503106805670313
2.9603121538504831
5.8672501385413902
3.4497203432865717
9.6086283369576666
3.2422440553843126
2.9704662341044816
11.963259788210692
9.2866522272631364
6.7009943533569638
11.906602474439675
7.1012910749733624
11.511512698958544
6.0507586704173617
3.538918501216644
12.698612995756228
11.349171222652526
6.1026899700652413
11.429800693032631
11.458386779306945
11.473203465826792
11.973757920897695
6.918789025619879
11.996945176337725
13.056538532673905
6.6778470352388668
3.5840845646134762
11.47894144751389
12.164475747194009
6.7012524664292084
12.028653204818546
6.7635289863147401
4.0380323753084166
12.084712471872963
9.8317013954279275
11.100429998235716
9.1938525237415156
9.9246553223559921
3.2289368838656869
11.772170687888176
9.7863012355928678
5.4952550945092948
6.9163091568882704
5.8068140628282539
5.5835518224785119
2.8603931351147009
7.6922700061148692
9.4960441242907336
11.401202167952663
4.9820541180574169
6.5161687472457333
10.485882837111598
4.6186242568164966
8.2191173929007899
8.0325274730746923
4.5725127436972066
11.194239639554064
4.5332098511430567
6.0239855899987367
6.7835997402620993
4.8333441001908177
8.0091035855781616
8.6407884536568744
5.2844145159175717
5.6683155955961535
4.5006592327849537
8.6539676273737012
11.228615113949783
11.228615113949783
10.510214877864444
11.056419108288004
4.7765631967113515
12.018830166458123
2.8603931351147009
2.6430334148371992
6.4633062794670479
3.2760246275512031
8.4540533884838212
2.7569035999086364
12.189532388326914
2.2366565954590514
5.2817175967304744
5.4518359551501847
6.3490433553923937
12.934470747488154
4.2157673582337853
4.2039750761076267
12.666614311889468
12.825485167852978
3.3920581116965987
3.3148276545832496
3.7267058978122338
3.4885149257005721
3.9922151396172296
13.492720216874405
2.3486782285900167
4.7078352316510621
5.5835518224785119
6.1087030642430582
11.183863046343728
11.092713209117177
2.8953093224237731
4.9702230952656574
2.9174624365917237
10.546791991705197
3.3749584458379509
2.9761596495740164
11.681185657769065
12.340301601378638
12.169232841579946
12.169232841579946
4.3809316607753228
4.5999939280096429
3.5648663083833498
5.7340838802963745
3.7856586326529498
3.6399052826352332
4.5644892228143945
3.497724013577145
5.1545112871174714
4.5252059780419307
5.1926846728133622
7.562284318468862
6.6234775816746412
4.5627034557237529
8.9874892885609174
4.0318759808933526
4.56307141789065
5.4329527843111984
6.6279925125918107
11.296189366339783
11.329897410276764
6.7020137907075776
6.7106001887840758
6.1332149182788323
9.6230313944364312
9.0881364203003727
6.1318750306133447
12.014500740999368
8.5263832383044988
7.0238700043773701
3.591639550699822
6.0822029285248833
9.4954483785885326
11.019132473276985
7.7314238337213492
3.9035309771007607
9.1592507605462643
9.8137492561190527
4.2066121361195314
6.1115784118753158
3.8065708714746656
3.5662224441590933
7.781878467399709
4.8413813666142191
11.338978333439927
5.5625285568294691
7.7741417587248138
7.7205876732147187
10.046101332046193
7.7792460561358592
10.644524331954491
10.201814348232627
5.1000098869331545
5.1076579927714718
3.8220836821673072
10.452393077433724
3.4873886264247562
5.1437448609542482
10.735907870112323
3.9881264285554443
10.752120348144638
3.8559718317502112
12.67863238911966
13.597798986595052
3.1684597517622874
11.635889890829015
13.162660228892143
3.2595646532390838
11.87323822366182
4.980241248290775
13.316206410954946
13.250292365366716
5.782921427666829
12.716597929716229
13.426879664320394
10.762462913969047
4.980241248290775
4.0362607774553325
4.5715376012376581
4.2727520924409959
4.139417133791067
4.5715893821360574
4.6784174653047153
5.3380307139180792
1.9171136015303882
2.6430334148371992
8.7705452254752228
3.941489635892832
5.27947046249108
6.4088542324125592
6.5828759874669673
3.4503464938860149
12.597222204069537
4.3080853063585778
3.9723620617904536
3.5461587826693797
6.9900736071313716
4.4004934015039749
4.3744974465211834
9.5211112793792658
11.401202167952663
5.6037184981383961
5.4521163456351962
5.5097323102571245
5.3307023506338105
6.0728398389488705
4.5901368852655935
3.357525242917176
6.0728398389488705
3.8647811688441891
10.302191968983106
11.084521226154935
10.193050426113274
10.845383170430205
3.8072170840809205
6.3900601540209498
6.1011870531656935
5.7151395853063747
5.6311194992578146
7.7936387615232672
3.2270491446355751
10.807653915017999
3.9148500582030246
3.6891041334151398
11.080939910299188
6.0965044478450663
8.6707238203460584
6.0728398389488705
3.6596184314462232
3.085897311355748
5.4906926696599383
6.0709347520589363
4.2432649176426329
11.332936950520361
10.407072835039008
10.452393077433724
12.631643736673487
3.1537149642632545
4.047566651628876
4.5672109593765011
3.2531274102760035
3.0998684611529161
4.1213319160297868
4.2681694283253995
3.379349177757911
10.159899058286445
3.7090429525451771
3.3482863704118699
4.5387118202624288
4.4504437476486425
13.567678070134681
13.38491304193391
7.0238700043773701
3.2854804163360773
9.4753038754201011
2.2340765897332462
3.9804593409002411
6.4879679388910159
8.8093247574684082
10.811986915701663
5.0736977253066549
11.924380287035239
7.1192209289575858
7.1192209289575858
6.2286039318227679
7.1192209289575858
10.916198855436111
5.5530905580972441
11.246080407569554
11.309000547028068
10.926882548466862
4.9997267126963072
13.457982618092283
10.614936041395765
4.3559375454251308
6.2912873271034266
12.821706662813998
11.304704276587394
11.257180421260122
13.500038320765064
13.457982618092283
4.2480336743431062
3.5648663083833498
4.9456247204963795
9.9533337202336156
5.2863762055961798
5.3299311622077798
11.092021759000454
6.8868280235137167
2.3366706022494297
6.2439102528332189
6.8813603856197245
6.9953914596231277
3.9787813804186674
5.3057432826558122
4.6967139929765978
4.1663102701389771
4.435303986298857
2.232670683586357
13.403264682916127
11.746845186401483
4.7783804122427274
4.4427330314244688
9.6330983200923033
5.2817175967304744
4.6065718612193356
9.7970846972086871
13.656719930816774
9.0482623508828794
8.5946633853031518
13.780673875543895
13.780673875543895
2.5782175034603401
6.5970356427072048
10.743765933092234
3.9787813804186674
3.1666550252863095
12.666614311889468
3.7201669661112526
6.6036024719646562
3.4884182657421112
4.5715376012376581
8.5070800347802553
4.3080853063585778
4.0004228091652552
4.4393780559368423
7.2087235729671004
10.249034717027405
9.9540165599018238
10.960058387998055
10.031574134677589
12.440587093099362
13.604878967853296
11.658708401939464
5.5345865682940127
5.508875327539811
12.914487187918857
5.4518359551501847
2.2344675686670734
11.183863046343728
3.8936032271276888
11.893790396580329
12.395431387098352
2.846613827678897
3.933054990321978
2.7352082208339907
11.581682698136312
2.821062824118429
11.716081289740771
3.8491175616374864
12.300606046187818
11.182889253814738
3.0157086894695051
4.9762328772022579
4.9456247204963795
4.1490485474879666
3.9126920495727608
2.7337757209120332
8.6684828734816364
9.7156118405134251
5.4952550945092948
11.223449071133695
9.1219863184949723
6.9686416880283639
4.2466711511200153
3.6053193220447053
5.3496456144538911
10.874574840633494
12.340875983737453
5.288984244539253
5.1038751808986547
6.5505942350199877
11.296189366339783
7.4017392346534994
6.8640555723148537
7.386517981990349
7.4017392346534994
6.5567496189332157
6.1177807339792194
2.1920195345038218
9.5783241895429807
2.3783741127330615
3.5735417761343671
3.4236789113884623
3.9077785808344441
5.3468413674259221
6.0314182742724745
7.8741304843477096
6.2257984858229953
12.317938348121285
9.3177869230363619
5.0418019442864912
6.347540906791707
9.339910545838519
9.3389177262836931
7.496842830522648
3.529759358271543
9.9540165599018238
12.292152350691424
9.7769841392335781
10.446749938240899
8.6154258966309758
7.4599671807677517
8.0586237919284311
10.282889328117053
10.6366650707687
4.5639526299256845
9.1123952814382143
12.948398269082814
5.7400877685322627
6.8947741456803771
8.4170103957578775
5.5096265827154483
8.3762756511821248
12.446707135302834
9.879092656956983
11.695783398179946
10.410225094678307
12.771276356971129
10.588810729691374
5.7321667056041132
11.480663669093746
5.5685818733799524
13.035981456298808
5.1135165832792788
5.5399561595282769
6.7716877837591154
4.6463228547748487
6.1087030642430582
6.2402236408203589
12.631643736673487
3.5394032293181832
5.1787594986865777
5.2772825720348973
3.7605467274931152
3.6304618989281576
12.130427438898108
13.337639385323154
12.593002548003634
9.3021828426544495
3.8980048066562638
9.5783241895429807
9.5139293190052481
9.9533337202336156
12.546047087268802
11.913446146575339
11.223449071133695
6.2369381134837605
5.1337285556163579
5.9158041739234157
12.057673562880508
8.1516460530380108
4.6288296261471329
5.9149690937780175
13.626745856639028
6.6518962901205549
3.1537149642632545
3.3865778159618398
4.6872819837111752
3.7884957660802079
4.2347728199377972
11.309000547028068
12.75568288230885
12.292152350691424
7.5325928583535715
5.9996352642719168
6.1524719377120096
6.3143150269124488
11.9585269693975
6.4633062794670479
9.0728471155875177
11.004474665980082
5.1926846728133622
10.926882548466862
5.0288831750773006
5.1926846728133622
11.550372206476375
4.9535044350652795
3.9136538824028664
12.108640106030588
5.1926846728133622
3.8246354893371697
10.298671120616925
3.8795937623283163
10.469991738275597
12.447974947747122
10.734098007791028
10.303964190144594
4.5785486447448553
12.895345020431355
6.6724344499455173
10.870612046336388
13.104279718438629
5.8812741065741232
5.0451114263806787
5.1568709801054977
6.2000713310405056
2.8425342118209258
6.0810150305443367
9.4751487698315309
2.3290186892738971
5.2863762055961798
8.1605402627643535
9.3982448711343523
7.2192192367695496
11.271932110328637
11.260596906217733
8.1516460530380108
4.047566651628876
3.5394032293181832
4.7460875276192827
4.5718429904248028
4.5672109593765011
5.1787594986865777
3.1754620327055605
4.141832464350454
13.035981456298808
13.747803111972679
5.0288831750773006
4.4343027480291211
4.8132705476395392
4.8258567860091608
4.6585793156500337
5.5153663733769811
4.118489629903836
4.3018343890726722
5.6994321402178647
5.87467697656247
13.135321188318727
5.7340838802963745
5.6961149616923432
3.7856586326529498
4.296172336464041
4.2936314370044508
3.8569102755335396
5.5352842402563533
4.2334751939336712
5.4573226987866414
6.6928543682450927
6.1156796336011956
4.9997267126963072
7.1192209289575858
6.0805976628810088
7.4063612355294381
11.080569386829103
3.4243306462266712
6.2439102528332189
4.8075540225626963
4.4844362154523383
13.79061438543093
3.3719526252084808
4.1738766542671977
6.6632669209963691
8.8826838234157677
5.6037184981383961
4.8466732635394179
5.4895974517314201
5.5966837224809698
5.3496540685071148
5.4045544854865932
5.8268145758197809
7.4872226793324019
9.2718467527704309
5.2772825720348973
12.155055983807058
4.6131004685720631
5.6755337547636877
5.5954500286722837
13.406605005940332
11.019603156704942
5.7431204886718099
13.80556849531518
10.609758935428966
5.6076825962647714
13.236782675827486
5.6700374873004442
5.7234256653657338
12.195471215833933
9.2082699590635428
11.974007244769998
2.2360293348011875
11.092713209117177
2.74038522169467
11.09268797735562
11.910464110996546
3.6642072449832686
2.0923989159501963
3.1666550252863095
3.4011969097819166
11.060647942697813
5.5895746101986115
6.0030534890746248
5.5363486977507419
6.1589765720140486
3.4873886264247562
3.2531274102760035
3.3865778159618398
11.75430912680606
3.4339173488990231
4.142993868608368
4.6999451844710718
8.5245337996256811
7.7461302093118602
8.3474915490828074
11.154910282287263
8.5525506720851059
8.2722852514692331
7.7081701151312823
8.4958436867678255
5.5954500286722837
5.807220727235876
2.718076468805084
4.7714475986800613
5.3613945757465125
7.0522281494750505
6.7316654519103016
7.2861912609918962
8.854731194385085
12.825485167852978
3.591639550699822
9.7769841392335781
4.7076008506780456
3.5627673018116055
9.8839717827462863
4.3333079699645616
4.4904205991305863
9.8476994010319956
3.2035698448907008
6.0441021408893025
3.4510985782696517
4.2944637236608028
4.8267803479493097
9.3895434727111571
4.5657228983911269
4.9820541180574169
4.5877993315061829
9.1215151478630982
5.2517436425873596
13.332768706558438
7.7314238337213492
10.558457624743548
13.423561871582685
7.643913567065983
12.623964269987253
9.1219863184949723
9.2090488364011325
9.9240005893033238
11.329123488546998
6.8868280235137167
4.9783436275657715
6.5649232549009868
4.9457347235436684
5.1038751808986547
5.0451114263806787
7.8741304843477096
3.6399052826352332
5.3013996158472176
13.769368447405318
6.6928543682450927
13.406605005940332
5.3310971109776197
11.870959174504444
5.8724447031208422
7.2146199685219132
5.4704988202863136
12.577674219121889
9.8839281004374282
3.9723620617904536
4.0004228091652552
5.1437448609542482
10.537378232269676
10.735907870112323
3.5089163278650526
4.5796423158356907
4.2111580511571907
3.2892299650181682
3.360498286144725
5.8974461666489413
5.4301040827415878
5.0047087055560677
3.7326160998871329
13.319409238552099
3.2693712250567248
12.031307279028299
3.9035309771007607
4.141832464350454
13.488771276708485
10.849386395203044
10.94689452341232
6.4153614238994487
13.538656142207275
3.8191209659835619
13.538656142207275
6.0277593483816201
2.8555360143321304
3.7201669661112526
3.7979050623791646
4.4343027480291211
5.9805907137790735
13.645901841496949
2.1977683201081879
12.317938348121285
5.5895746101986115
3.9869286329737701
4.9050488485371719
4.7876105416545238
4.3023567498685482
4.014626109642232
3.3881305755693369
3.801968609650364
8.4741947633809573
9.1592507605462643
9.2246387824139742
9.6584350587261767
10.440398492970255
11.328076829521887
10.61220100973501
3.2080370519328825
3.3920581116965987
3.8344414690914443
4.8466732635394179
6.0074252924698159
8.1080151087568453
7.2388356539090513
4.6623613137239417
4.9893668033416896
5.1957093780103563
5.4521163456351962
9.0004113473247074
9.8137492561190527
9.2246387824139742
8.8210784931394723
4.119554297532841
4.7716718400847018
9.2336201976748402
6.002853598084517
12.711850176283992
5.4992352253532619
11.65588484348328
4.0101970178242112
3.9881264285554443
6.2872763140825949
3.2276231892058869
2.3899344534530145
4.2727520924409959
3.5786762627965345
6.5829278999595218
3.1564668406640437
4.4285005946569216
4.2935059573726315
3.2157022559964865
5.1568709801054977
4.7714475986800613
3.3205980145647178
3.566126005555657
4.296172336464041
11.811627555015855
4.3536940887573268
5.3884813973799206
4.3359269660738802
6.020463241439316
4.088827235543862
12.4195879429105
9.3353000343857051
2.757022096403392
3.1111939671228481
6.3490433553923937
3.8936032271276888
6.020463241439316
3.439000379434344
3.799168051830859
13.558527666339796
5.5097323102571245
5.5363486977507419
4.8036766513520472
5.3310886677927449
4.5969128113909914
5.3307023506338105
5.4895974517314201
7.1307285587771352
2.5638107000819055
5.6297554181550362
8.8210784931394723
7.5830788613149291
8.8209979198632844
8.8210762847258444
9.4368528539771006
4.3370129343984321
11.811627555015855
4.1733909480654914
6.4088542324125592
6.2402236408203589
3.8549143894607161
8.749262419499539
5.8959712806296061
9.6584350587261767
9.8760166761574997
11.716612771708766
3.9869286329737701
5.1849102584479478
4.793728924046607
6.0074252924698159
5.3873180416593458
3.0998684611529161
2.3783741127330615
5.2553787970249006
9.3181687663126578
12.359126991192626
11.467156051860444
10.752120348144638
2.7673977341368525
6.6036024719646562
5.5011984142566526
6.6032460141235703
8.6577778412597315
6.0728398389488705
9.1382319467387472
3.8559718317502112
6.4421475102541796
3.9291898847164259
8.9669117217289411
13.567678070134681
11.503106805670313
2.9603121538504831
4.6288296261471329
7.1757877391204694
10.804886162535034
6.3490433553923937
4.8036766513520472
13.578643322389224
4.8711456597236529
2.0910205294142585
3.0403379681440805
7.5325928583535715
6.2783621833614625
5.1926846728133622
11.89205925360806
3.7821528828100566
5.0418019442864912
5.0956299469524255
4.5771242329882718
5.8494982376147719
4.909258621821472
4.7999445718217668
12.457921061309763
7.7272775140819361
6.1680466846876989
4.7991700739855343
11.550372206476375
6.8554370334149333
7.6077485129402591
6.9501046291494557
12.132688409319041
6.5161687472457333
4.5901368852655935
7.1901420588768072
13.226884592405959
11.019603156704942
10.558457624743548
13.314114027312028
4.7078352316510621
3.9804593409002411
4.088827235543862
3.4940158089355777
5.665073452196963
10.422552576478143
5.8672501385413902
5.9996352642719168
7.5184664774380723
11.893790396580329
4.4423289399694195
10.485882837111598
4.7286520618085959
5.3100539004950278
4.4330368577784087
12.9029503292595
12.695325252479968
4.2351436345222018
5.0956299469524255
5.9747886854370424
4.8086752122029282
5.824164155178372
3.4497203432865717
4.2066121361195314
6.4421475102541796
5.2428577202217648
6.3490433553923937
9.3387465421061631
5.9592265793620722
6.1115784118753158
13.488771276708485
5.20021384584886
13.496021940948813
3.8693249041638618
5.1135165832792788
6.0277593483816201
6.0608353964064889
7.3283996940597262
7.3283996940597262
6.5555118490417614
4.7610059631086079
6.6114904603751494
5.8640580252475303
12.432820962713256
5.7431204886718099
6.8949567143570327
2.6912874647255371
5.3613945757465125
4.6186242568164966
3.357525242917176
9.1382319467387472
5.4328389332033575
11.674525009145324
4.119554297532841
4.2462772574564065
11.108060215065667
12.823244774723189
2.8421300484705805
12.934470747488154
4.9535044350652795
13.024353519780117
11.75430912680606
12.67863238911966
6.0728398389488705
9.1382319467387472
5.0736977253066549
7.8741304843477096
4.9924407950012846
5.9629374094136471
5.1205901220621035
10.884458489866963
5.5816952082858577
4.8528931850034205
10.689279052484968
11.959610734509406
4.2157673582337853
5.4992352253532619
5.1400015238865615
4.4092049230729273
12.011606892338531
4.5569189790934139
9.2090488364011325
4.5057773985120857
4.0589136033393185
4.4385546054301868
3.7477525870312864
2.6432591964316323
4.9457347235436684
9.6086283369576666
6.1156796336011956
5.3310971109776197
4.9590310547701968
5.8068501890208282
11.924380287035239
9.0562710804009452
3.2422440553843126
12.182967539502636
6.9686416880283639
9.5166965312495009
10.849386395203044
3.439000379434344
3.4940158089355777
6.8813603856197245
11.870959174504444
4.9590310547701968
6.4751420008566125
6.7653752485949656
13.399125096287232
12.047213966663163
4.8132705476395392
6.2369381134837605
4.2334884919704772
3.8065708714746656
4.5834233786710596
4.6293471518953062
5.9747886854370424
5.4136418375376909
2.9704662341044816
9.1997294760191615
2.4388823217111901
4.5771242329882718
4.4956727946695088
4.1304882101693909
4.3712394090906388
6.7196061973194015
5.1831568660364882
13.184155320284924
2.0428565426417973
3.4011969097819166
8.2482032591082213
11.963259788210692
2.877644948035631
6.5487842793626081
11.568959204155673
3.8647811688441891
8.4292621609804073
3.8353014382972153
3.1123277902746009
11.332103513877787
3.5911726219044087
2.1854051974047182
5.3310886677927449
5.1020396597414264
3.5662224441590933
4.1738766542671977
7.6502715409973607
7.5601314637591894
5.8144407194654146
5.5435165347082709
7.4458173132335048
11.03340457009274
5.5399561595282769
5.2360966046542021
2.2273967613140089
5.3057432826558122
12.239331291808275
3.7884957660802079
3.5089163278650526
3.7159059817180804
13.457982618092283
5.8494982376147719
6.3168618266085437
13.80556849531518
6.2498587170263216
6.30360670288084
6.417521243032958
3.5786762627965345
2.9690359253175425
6.3805577088577836
3.2756100951317864
2.6544616990276881
9.3177869230363619
4.9050488485371719
4.2716116899729046
4.5796423158356907
4.4385546054301868
3.6446090258891157
5.2536443093104612
3.7290754847133996
12.119325528087542
4.6088158552934617
8.2399766449226384
7.6502715409973607
7.698814170298971
7.781878467399709
10.609758935428966
3.0115672542457861
5.665073452196963
4.1435348090757165
4.2462772574564065
4.8283729148942864
5.4905663028463936
7.1342258569535577
12.256693605527222
3.6310415568695626
3.6446090258891157
4.4541194357914495
3.5141140337843519
3.799008977459819
4.1213319160297868
3.7605467274931152
5.5345865682940127
4.3831489779174042
3.2608450291327844
6.2257984858229953
5.8640580252475303
4.9924407950012846
4.5274095291896304
2.4326054287772267
3.229445363466501
10.302191968983106
7.1192209289575858
2.561094365354978
3.2854804163360773
3.9084991756724481
2.1962605192688209
4.4004934015039749
4.3037584966394711
4.5627034557237529
6.7299445157905948
12.746111816546328
7.1192209289575858
7.2504381525900143
10.422552576478143
7.562284318468862
3.9136538824028664
6.4315304411855347
5.1380363412288705
5.3299311622077798
12.546047087268802
4.7460875276192827
11.329897410276764
13.597798986595052
4.5718429904248028
4.4711399519891257
4.5470502772275232
9.2866522272631364
5.0886982856452185
4.139417133791067
13.368395476129262
13.452734107530944
12.395431387098352
3.1684597517622874
4.2111580511571907
6.2872763140825949
4.8874826177403836
5.3958643032696729
4.9749855920415529
4.6805814897185734
5.8922089339681634
5.8922089339681634
5.1815965479594697
5.8922089339681634
5.9629374094136471
11.635889890829015
4.2936314370044508
4.3536940887573268
5.3962887764292597
3.0183998038137854
6.5829278999595218
9.0143777170084523
11.845572449119837
2.0453480857255459
2.9690359253175425
6.4708227378928962
8.1080151087568453
5.8792980613145351
11.080569386829103
8.5245337996256811
4.7076008506780456
4.7876105416545238
4.99214203306662
4.7750445920889861
3.9991821589619541
4.6665270359758564
4.3326908312815808
10.749910151280087
11.084521226154935
11.595386542582681
8.2191173929007899
7.1901420588768072
4.6967139929765978
5.2536443093104612
10.869364301034734
12.244497419284706
2.1114555243763369
4.5274095291896304
7.1192209289575858
3.58477263926564
6.5129209282141911
4.4438226596803876
3.7979050623791646
3.8758576107310003
3.2345426611304338
8.4292621609804073
13.600819767164658
3.1564668406640437
4.0218228663938378
4.2983726699979492
13.003252369240551
8.9804503702597991
11.960928670961435
5.700158059663651
4.5715893821360574
12.415666216176362
4.4285005946569216
6.0810150305443367
12.239131072723268
8.0325274730746923
4.5725127436972066
4.7286520618085959
5.2781414757861347
13.399728914190783
13.403264682916127
12.564071985630648
12.486971600654844
13.656719930816774
4.7716718400847018
4.1663102701389771
3.7477525870312864
3.7290754847133996
5.1236360389752997
4.2308096131799466
11.960390567231931
6.7009943533569638
10.193050426113274
9.0004113473247074
8.885898000940113
3.3148276545832496
3.4884182657421112
3.3960977088974631
12.155055983807058
10.117383286755992
4.3831489779174042
13.345258767481683
3.050548913641923
13.373563871400853
5.508875327539811
7.5830788613149291
11.906602474439675
11.271932110328637
11.154910282287263
4.8413813666142191
6.9953914596231277
6.4751420008566125
5.6883323117826006
4.4956727946695088
4.1457713081426304
11.338978333439927
6.7653752485949656
6.8926607770140649
11.171432257844787
13.604229829983993
9.5672688822507332
12.124180902307772
13.430226900963216
11.663375405460686
3.2892299650181682
4.5551068392159131
10.446749938240899
3.4489374470793082
5.1337285556163579
3.360498286144725
3.3205980145647178
6.1680466846876989
4.5551068392159131
3.6767630257431798
12.933077537267136
3.4073123982700184
13.479883284272582
13.702645628831924
3.360952709905777
13.686363498726331
5.1337285556163579
5.2283244034523317
4.2681694283253995
13.598593155543343
8.8588607470372889
12.564071985630648
13.730208252088218
8.6154258966309758
3.5627673018116055
4.4274546720413932
5.0384248712985116
6.347540906791707
7.2388356539090513
9.6898678595293717
7.4599671807677517
6.1524719377120096
6.2783621833614625
6.2146851802342384
7.4017392346534994
6.2000713310405056
7.8741304843477096
7.1012910749733624
10.94689452341232
11.511512698958544
3.6304618989281576
4.5057773985120857
3.8170274695747857
10.960058387998055
8.0586237919284311
2.4764718323799944
8.6927801388308072
4.7081594285345405
3.0274222460174096
8.6927801388308072
3.074445374772754
6.0608353964064889
4.909258621821472
5.0542997609430893
7.3283996940597262
7.2179408055916996
5.5625285568294691
7.5601314637591894
7.698814170298971
8.3400501846592796
4.9666267345003341
5.6961149616923432
5.8965961441537882
12.716030660294996
4.5644892228143945
3.8569102755335396
2.0283469423990774
4.2704390694270646
4.6623613137239417
5.3873180416593458
4.7999445718217668
11.845572449119837
5.8792980613145351
5.0542997609430893
5.5966837224809698
7.1307285587771352
5.8974461666489413
4.8874826177403836
6.8606304452414548
6.62674582083232
2.8459479905178786
6.2286039318227679
5.1205901220621035
7.2238508374026607
9.8839717827462863
4.99214203306662
4.5019054910862444
5.2111094184357007
13.810002012103388
4.8258567860091608
6.4216421469688738
10.845383170430205
4.8136422702818811
4.5877993315061829
5.8033125651044113
2.4117580446030238
4.8283729148942864
8.1605402627643535
2.1836278298403839
6.0810150305443367
4.3029989891174623
13.162660228892143
2.3146193380235509
5.9592265793620722
9.0482623508828794
8.9804503702597991
11.914918648392252
5.4134769913743401
3.5735417761343671
5.2553787970249006
11.728911491472472
4.3744974465211834
4.3037584966394711
3.8758576107310003
6.6632669209963691
5.8144407194654146
6.8503276604132672
9.0961712755825115
7.2901642909659499
5.7940053210124827
7.3283996940597262
7.2179408055916996
11.974433602492667
6.9163091568882704
6.7020137907075776
2.8425342118209258
5.5011984142566526
4.4438226596803876
5.8724447031208422
5.8024422748503373
4.6585793156500337
6.4216421469688738
5.011318627723421
8.9874892885609174
9.0728471155875177
4.6784174653047153
4.0218228663938378
12.130427438898108
10.282889328117053
5.7108576328313214
2.0782147569702984
2.7337757209120332
3.5862457035135571
2.098164097496694
3.069628255255882
6.7106001887840758
4.2466711511200153
8.9193597113515946
12.752311930381742
7.7461302093118602
4.3023567498685482
13.38491304193391
13.645901841496949
2.9864289939519364
8.2482032591082213
13.345258767481683
12.108640106030588
6.0507586704173617
6.3143150269124488
4.9783436275657715
4.9602902591064497
9.2336201976748402
8.8209979198632844
10.6366650707687
11.198300025700425
11.557353449738555
2.8425342118209258
5.3380307139180792
8.5946633853031518
6.002853598084517
8.8210762847258444
6.0212280407008603
5.9149690937780175
4.2039750761076267
5.1400015238865615
3.2299641476153824
3.8353014382972153
7.6874422725871696
4.0164433684780487
12.026473952312328
3.6136474941770422
12.467343564898865
7.6922700061148692
3.2760246275512031
4.0318759808933526
3.6935724627615092
4.8011330200306324
4.56307141789065
6.7316654519103016
5.1926846728133622
9.2139258346492934
8.0642339070661233
13.730208252088218
6.1332149182788323
6.8640555723148537
13.503526090830835
4.014626109642232
5.1849102584479478
11.238713704020061
2.7915723843576186
4.3333079699645616
5.3958643032696729
5.5153663733769811
12.119325528087542
10.869364301034734
2.3618306383353631
3.3881305755693369
3.0403379681440805
11.610942759843654
7.1486225498344993
8.5070800347802553
7.386517981990349
7.643913567065983
7.3149260869695976
7.6542762997476261
3.379349177757911
6.033271637641664
10.948445824579652
6.8554370334149333
13.379777421689701
5.7519460769327422
12.356550568717779
7.7741417587248138
11.194239639554064
1.929313220860998
3.6053193220447053
4.9118758504835176
3.6767630257431798
9.7118794767091501
8.4540533884838212
7.7119852738795061
4.4904205991305863
4.5019054910862444
3.5269776195341169
3.497724013577145
4.445881605985841
7.2146199685219132
5.8068501890208282
4.4393780559368423
4.4711399519891257
9.2622907572592705
4.5332098511430567
5.2781414757861347
7.5184664774380723
7.0215677479026501
5.4329527843111984
6.7299445157905948
5.3793611573169295
5.8033125651044113
9.7313026588008498
5.3496456144538911
4.9252791456698182
10.51955432166011
5.5435165347082709
6.8503276604132672
7.6813767909764845
7.2861912609918962
2.846613827678897
2.3875902652905721
12.369180727984807
13.769368447405318
2.5059314175869805
8.7705452254752228
12.867732012899895
5.8119274549033619
3.8072170840809205
9.3051140852133951
3.837438512895464
4.0796053637164489
2.0070890729901478
4.4054631309091814
2.4723762587115705
4.6065718612193356
6.5970356427072048
5.6297554181550362
5.4301040827415878
4.9749855920415529
10.714889677696258
6.3900601540209498
9.1382319467387472
9.2622907572592705
9.3051140852133951
7.7878370330224351
13.44270396587285
5.3100539004950278
5.3877590672773517
4.8086752122029282
5.4136418375376909
4.1304882101693909
5.7940053210124827
5.5775938459148744
13.093041976506337
2.8953093224237731
2.74038522169467
3.5309026685706941
3.4435381483903269
10.971702844995519
12.479265201741541
12.479265201741541
3.5537483565152423
8.4147666322540697
7.3149260869695976
6.0658675570010843
13.379777421689701
6.4315304411855347
7.4843227769991501
4.4330368577784087
7.5750681642502489
7.4017392346534994
13.399270397992446
13.578643322389224
4.9950296049511751
5.0520540019046694
2.0583594446662992
10.884458489866963
8.4978228161054048
8.5604661096529338
13.677783353927163
3.2145334348482306
11.682265102830383
4.8075540225626963
4.9602902591064497
9.5664100984757354
5.7519460769327422
3.5964227915913649
6.9904418265035906
6.4955285971998915
2.3761404845155845
4.118489629903836
6.5129209282141911
6.0322496692304393
4.1037116901639576
4.3336480675794364
2.2396456644686116
6.5555118490417614
1.9734131282635328
4.6131004685720631
9.8476994010319956
12.457921061309763
7.4458173132335048
9.0961712755825115
6.0822029285248833
4.5639526299256845
3.2035698448907008
13.494696435330484
12.914487187918857
6.7716877837591154
4.7610059631086079
5.2360966046542021
9.6230313944364312
9.339910545838519
9.0881364203003727
9.3389177262836931
10.534689295945277
9.1123952814382143
4.4274546720413932
5.7108576328313214
6.1011870531656935
11.65817428149659
5.7151395853063747
5.0740124914553943
7.6542762997476261
7.4648551689658929
3.952014918968318
4.0589136033393185
4.5834233786710596
3.8170274695747857
4.3848964313790066
4.2923644574127113
4.7617541112752102
4.6463228547748487
6.0239855899987367
9.1215151478630982
13.745297710194398
2.3875902652905721
2.4607002862883594
7.7272775140819361
5.824164155178372
11.405764175540316
5.5352842402563533
5.3884813973799206
2.3337932248550217
6.4879679388910159
13.469323006455507
11.09268797735562
5.0047087055560677
4.6805814897185734
6.4095779952988323
11.746845186401483
8.5525506720851059
8.4226965487997187
8.5513465946536105
3.2669456230258369
7.6874422725871696
5.8119274549033619
5.8898145797421071
4.3712394090906388
5.5775938459148744
4.8711456597236529
6.0658675570010843
4.9950296049511751
2.872744125147519
4.1133336564941976
4.784261249640231
10.874574840633494
5.6311194992578146
6.1589765720140486
4.5969128113909914
5.0680659648988255
4.7783804122427274
10.056791151345449
7.6077485129402591
10.992590058114569
3.4029327514011189
6.5487842793626081
6.0322496692304393
3.2595646532390838
3.7326160998871329
7.7936387615232672
5.3496540685071148
12.933077537267136
13.319409238552099
6.7835997402620993
3.2270491446355751
7.7878370330224351
9.355399772272234
3.5964227915913649
3.5928096143010624
3.6961541333281747
3.4631257187436066
10.807653915017999
2.4128345053157512
4.1037116901639576
12.018208414658803
4.2347728199377972
3.2693712250567248
4.7991700739855343
3.7159059817180804
3.4073123982700184
3.4442266707345608
3.2275310146897622
6.4708227378928962
2.0238956080539046
7.2087235729671004
4.5470502772275232
7.496842830522648
2.757022096403392
3.9148500582030246
3.7267058978122338
3.8344414690914443
4.4427330314244688
6.2146851802342384
5.7817023982442954
12.948398269082814
2.5373470030813436
3.9084991756724481
2.7569035999086364
3.6935724627615092
4.5569180715410837
3.538918501216644
7.1757877391204694
5.7400877685322627
12.698612995756228
11.198300025700425
7.7205876732147187
6.6822762701774101
3.5461587826693797
4.435303986298857
5.1236360389752997
7.0412593874878739
13.626745856639028
3.7268401435037788
4.0101970178242112
4.8333441001908177
5.3877590672773517
7.0412593874878739
11.349171222652526
10.031574134677589
3.6891041334151398
5.4328389332033575
13.212530812877384
3.837438512895464
8.4978228161054048
6.5567496189332157
7.4648551689658929
12.440587093099362
10.975679907342768
3.933054990321978
3.799168051830859
11.87323822366182
10.159899058286445
5.855300844698224
5.9280665507070225
3.7090429525451771
4.6872819837111752
2.258525565547616
3.1111939671228481
13.62115771457133
10.390750259223145
2.2470109385365125
3.5928096143010624
3.1784671867814049
3.6445644128084216
4.7118509845284446
6.8167434238735538
6.8947538073226138
6.7196061973194015
6.5120860189462508
6.5580414980374577
6.0441021408893025
4.7750445920889861
12.738647541619459
6.8947741456803771
4.0164433684780487
4.1133336564941976
13.461554581032848
3.4339173488990231
3.9291898847164259
5.2428577202217648
7.0165535281808786
8.6711807325354133
13.764121371482149
10.046101332046193
6.8926607770140649
6.9707361205335676
8.8826838234157677
7.2901642909659499
10.714889677696258
13.68895211254855
4.1457713081426304
4.2056579315594123
3.4236789113884623
2.4896675303458924
3.9052525617396094
7.7792460561358592
11.171432257844787
6.1026899700652413
10.614936041395765
6.0805976628810088
11.89205925360806
11.800300604711621
2.7352082208339907
3.9848949211479834
11.080939910299188
6.0030534890746248
3.801968609650364
4.793728924046607
5.1020396597414264
3.9991821589619541
8.0091035855781616
6.0965044478450663
8.885898000940113
8.010960909972189
8.9042658440584734
6.6279925125918107
8.854731194385085
4.2935059573726315
6.1589765720140486
4.980241248290775
13.604878967853296
11.429800693032631
8.4226965487997187
7.6777020804911293
3.8246354893371697
4.3018343890726722
5.9805907137790735
6.2369381134837605
5.011318627723421
4.1526516779467224
13.316206410954946
3.3482863704118699
4.142993868608368
11.034589326217279
13.250292365366716
5.8922089339681634
5.6076825962647714
5.4704988202863136
5.8024422748503373
6.5580414980374577
2.1770294083090982
3.0667769931200932
8.2722852514692331
8.5513465946536105
2.0985602937575161
12.256693605527222
3.050548913641923
3.069628255255882
8.4741947633809573
10.298671120616925
4.6999451844710718
7.0165535281808786
5.782921427666829
5.855300844698224
2.4847382164554999
3.9077785808344441
11.458386779306945
3.6961541333281747
3.1784671867814049
4.2878995767409638
5.1545112871174714
5.3013996158472176
8.6707238203460584
13.212530812877384
4.3559375454251308
3.8795937623283163
5.1380363412288705
7.4843227769991501
11.300545850566694
3.941489635892832
4.2704390694270646
5.5816952082858577
7.2238508374026607
3.4885149257005721
12.716597929716229
3.4510985782696517
5.0384248712985116
6.1318750306133447
6.1177807339792194
11.473203465826792
2.1213646291742343
4.7081594285345405
3.6445644128084216
11.658708401939464
8.4170103957578775
11.973757920897695
13.479883284272582
6.918789025619879
5.5096265827154483
11.996945176337725
4.6665270359758564
6.1786334824087374
12.340875983737453
9.5166965312495009
8.9193597113515946
8.3762756511821248
11.557353449738555
13.702645628831924
2.4128345053157512
3.8605743068514933
2.3810968991274399
3.8605743068514933
3.6651397060004989
4.8011330200306324
2.2368486193508383
2.665806187202465
10.685868976114431
12.446707135302834
13.056538532673905
9.879092656956983
8.789218578932207
2.780730809418869
3.566126005555657
3.2756100951317864
3.360952709905777
6.2369381134837605
13.686363498726331
6.0728398389488705
9.355399772272234
4.2944637236608028
13.788133818440508
11.966469533703096
6.6778470352388668
10.440398492970255
13.788133818440508
4.6088158552934617
4.2308096131799466
2.3206703360238619
4.9252791456698182
3.5840845646134762
6.6518962901205549
13.785050394489733
6.6114904603751494
7.2179408055916996
7.2179408055916996
6.8534161997912637
2.7088436368855935
13.634111629304105
8.1407053636659263
7.7081701151312823
11.47894144751389
13.717761176014037
6.9904418265035906
3.4631257187436066
4.8174880742766648
4.4092049230729273
11.695783398179946
4.3848964313790066
12.164475747194009
13.627227631961542
10.469991738275597
13.236782675827486
12.577674219121889
13.676780584678399
6.7012524664292084
12.028653204818546
2.9876744659820402
4.4438226596803876
11.010987265631332
10.644524331954491
6.4153614238994487
2.9876744659820402
4.4438226596803876
5.4045544854865932
4.9893668033416896
12.447974947747122
7.1192209289575858
10.734098007791028
6.7635289863147401
12.182967539502636
5.6700374873004442
6.8949567143570327
6.2498587170263216
6.4955285971998915
10.303964190144594
4.5785486447448553
4.1526516779467224
12.895345020431355
2.4839952518605317
4.784261249640231
13.515624306131125
2.8188802165521518
5.8898145797421071
2.5353222988023236
5.1831568660364882
10.201814348232627
13.604229829983993
3.2265149481834587
6.5120860189462508
3.2995367893529122
6.8534161997912637
6.3195255369453154
6.30360670288084
6.417521243032958
6.8947538073226138
10.758011809271633
4.9702230952656574
3.4636853356872814
9.1997294760191615
4.4738818615487963
6.6724344499455173
6.9501046291494557
5.1337285556163579
6.2369381134837605
10.075283306409821
12.132688409319041
10.410225094678307
6.2731806531543395
5.807220727235876
6.2912873271034266
7.4063612355294381
5.8268145758197809
12.821706662813998
3.2340574417529786
2.4607002862883594
2.665806187202465
11.304704276587394
13.399125096287232
9.5672688822507332
2.4016824638972185
12.124180902307772
8.6407884536568744
12.9029503292595
5.2844145159175717
3.6596184314462232
4.1660722485764579
3.1755769673115744
4.4844362154523383
3.6651397060004989
12.771276356971129
10.588810729691374
11.581682698136312
6.4763834819335697
5.7234256653657338
2.3297135816988246
5.3468413674259221
8.3235114738016964
5.6683155955961535
9.3895434727111571
2.821062824118429
3.0216905353095864
11.716081289740771
5.1000098869331545
8.3400501846592796
2.9174624365917237
3.8491175616374864
3.9848949211479834
3.4636853356872814
3.0216905353095864
13.110976475498974
4.5387118202624288
12.300606046187818
12.863546368176005
6.5657118984749374
3.1902341319505805
8.5604661096529338
5.8922089339681634
6.4095779952988323
12.195471215833933
12.795245633500352
10.083212989014623
1.999858716789858
2.4896675303458924
3.0667769931200932
4.1794963307798758
4.4541194357914495
6.6571675055175525
4.5006592327849537
8.2399766449226384
12.386171630368397
11.910464110996546
11.257180421260122
10.546791991705197
5.3506123100959124
5.8965961441537882
5.2283244034523317
3.4442266707345608
2.5323853082987982
11.182889253814738
3.0157086894695051
12.014500740999368
3.3749584458379509
3.5309026685706941
11.44022807622634
2.0309551981065979
4.6293471518953062
4.2923644574127113
5.2234380743775057
6.6059268685256756
12.239331291808275
4.4504437476486425
6.033271637641664
5.9280665507070225
13.426879664320394
10.762462913969047
9.1368857153120384
5.6994321402178647
4.3029989891174623
8.6380132525942841
11.9585269693975
5.87467697656247
4.3336480675794364
10.916198855436111
8.6133431348104192
4.445881605985841
12.356550568717779
5.1815965479594697
6.8606304452414548
5.5215314619907954
5.5530905580972441
7.2504381525900143
7.0412593874878739
7.0412593874878739
10.870612046336388
13.104279718438629
4.3326908312815808
5.2111094184357007
6.1786334824087374
6.5657118984749374
2.6085934877535442
5.0520540019046694
13.337639385323154
2.1670629902366172
8.749262419499539
4.2716116899729046
13.500038320765064
5.8922089339681634
6.62674582083232
10.331382201104613
11.458336016269197
13.457982618092283
11.800300604711621
2.1083851111046878
4.1794963307798758
2.2378484019433196
4.2056579315594123
5.3959008549072855
4.0380323753084166
7.6777020804911293
2.5398977670274165
8.8093247574684082
3.9922151396172296
3.3960977088974631
12.084712471872963
13.184155320284924
5.7321667056041132
5.7817023982442954
9.8317013954279275
13.492720216874405
11.100429998235716
11.320387289485202
9.1938525237415156
13.627227631961542
12.716030660294996
11.328076829521887
9.8760166761574997
9.9246553223559921
4.980241248290775
3.085897311355748
3.1123277902746009
2.9761596495740164
3.4435381483903269
12.738647541619459
3.2341107867687131
6.5828759874669673
7.4872226793324019
5.1957093780103563
3.2289368838656869
4.4738818615487963
10.971702844995519
3.2157022559964865
4.2983726699979492
6.0810150305443367
6.1589765720140486
5.4663461827612432
11.111351879112499
4.8267803479493097
13.494696435330484
13.538656142207275
3.8191209659835619
5.20021384584886
13.538656142207275
11.772170687888176
13.496021940948813
9.7863012355928678
7.1510162009093881
12.459643223880567
10.831323912772275
4.3359269660738802
4.1733909480654914
5.4663461827612432
2.7088436368855935
3.5862457035135571
9.8839281004374282
13.676780584678399
12.695325252479968
4.4517137329703527
4.2351436345222018
7.5750681642502489
12.593002548003634
2.5321410637499775
5.4134769913743401
9.6931725969217357
11.681185657769065
8.6539676273737012
8.010960909972189
5.4906926696599383
5.0740124914553943
5.0680659648988255
4.717182992808671
9.3982448711343523
5.1076579927714718
6.9707361205335676
12.026473952312328
12.340301601378638
4.5252059780419307
4.2334751939336712
2.4371402033386356
5.2234380743775057
5.8812741065741232
4.7884092816930384
10.083212989014623
11.332103513877787
5.4573226987866414
5.3962887764292597
8.6700080742146088
13.677783353927163
9.2843201530272133
4.7118509845284446
4.2878995767409638
2.0936928241778752
7.7119852738795061
4.7885281145515473
6.9900736071313716
4.4054631309091814
6.0709347520589363
4.2432649176426329
4.1660722485764579
11.332936950520361
10.407072835039008
13.373563871400853
12.169232841579946
12.169232841579946
10.173930935929166
13.226884592405959
11.228615113949783
10.105766383368257
9.3967904216902109
10.105766383368257
12.479265201741541
12.479265201741541
11.228615113949783
10.510214877864444
1.9739235089002418
5.4905663028463936
3.5911726219044087
3.6136474941770422
12.467343564898865
6.6032460141235703
9.5139293190052481
4.8528931850034205
3.2145334348482306
12.711850176283992
11.056419108288004
13.368395476129262
12.386171630368397
13.452734107530944
11.532511614820308
6.0314182742724745
9.3181687663126578
3.3526966593958103
3.5141140337843519
13.780673875543895
3.799008977459819
13.780673875543895
10.749910151280087
13.810002012103388
9.6898678595293717
4.7765631967113515
5.2517436425873596
3.6642072449832686
3.5537483565152423
11.438842874850279
5.1357320225985426
9.8249546705257611
5.0249193154849339
9.7054994554148362
4.3447158508619044
9.6846301413761946
12.59678244561988
5.280840409667384
6.6110930476438767
11.00696830759129
11.53423431689653
9.7655024599546127
3.9015492797361948
8.537949944091233
12.821322779402523
12.936426083553725
4.3747946993873654
3.8131292728478021
8.4995300904513957
6.2537154853630019
11.541969209274013
11.65008773202667
11.421125960549348
4.0433976870918915
11.940028380703181
4.4434962744743904
11.506439655064957
5.0202676800336272
3.8721438947929534
11.475519099070311
4.5249670592746174
5.4374011806975675
3.8226428085502717
8.5923082821717038
9.7234777709248004
5.4742503178989717
11.986138041529896
11.264728355608177
11.592430264336333
9.1446021537622109
11.201559669602579
9.1796045271655302
12.949679171008457
12.925443381606817
7.7396033396319162
9.8283834615750827
11.127250043107477
10.644594970259881
3.9212528282756938
12.091728790660625
11.915332432526395
11.755517685372718
4.0177533450462342
9.7487003504088818
9.7770967420109951
8.5923054965015417
7.1067321038672535
11.416295138163033
11.148515226075608
5.6924712410275555
2.4947099159470705
5.1121302117064698
2.7210469148725642
5.017092114226501
13.109317023787918
6.1678631584249981
9.3098870422375253
3.3395015826710828
2.394026300245172
2.7634022810735872
9.8891312229130559
2.7054968965501582
4.7867448254660845
2.5833190898550691
3.067905611948349
2.905321383285723
8.4198612746356929
3.3395015816188889
3.9343372543711643
13.573047497331675
8.1522062890727511
2.4129513864626961
13.131975079896504
3.5222506905886517
9.9235778862054218
2.4621165561535761
2.4224109264971747
2.5824609325687056
3.5744079032917844
9.8208580619326185
10.241513156706823
3.089365807075803
7.645286377075676
8.2948329596167039
8.3587486385980458
4.2257475968816456
8.5772542903363469
9.9147002942376705
4.0544305890199661
13.01737050865133
2.4091447541858195
4.2257475968816456
8.8195660957252375
6.9370114069671294
2.584055707741185
8.2691713489817023
5.6012836733602933
5.6002177219542153
3.4913557070636729
9.8896579892453413
2.5748162682972708
9.9866419197210128
2.3032038339356262
8.4287718664750866
9.1081091714620097
2.9861348096440836
4.2220884482878596
4.2205826246121978
9.493230297459375
2.2913280511359546
6.7221651839099046
9.7909802401553918
4.0339099381801171
9.9218085944551273
2.9053057651820051
4.2425437104964097
7.5324234727557426
10.212976728439065
11.438842874850279
11.105608887322342
12.408931106247081
8.9001179663299954
5.3662305465057072
6.2040906709493093
5.4481869177680347
6.2218301875064368
11.704667568008038
9.7094504586187131
11.428477687363625
1.8517314089827552
2.4539443788184752
10.662578434141496
3.7856661625692496
12.2564725773759
12.381304223856546
10.739277226253405
12.25594980633656
7.7989099656901928
3.8280936611074257
10.991311937619944
1.8743621659005976
10.727094089059543
1.6447665382066912
12.776865534844461
7.9434852581047926
7.6342261554853437
7.8636910378207538
10.802640563812199
8.3169465773403424
9.4542790368311742
11.11647053706645
2.9511287505346182
10.952079959388227
4.4176330285401058
11.999097143285509
10.704127548524216
9.4692655728805519
1.6870460896070527
1.6485049188285732
10.812416482710622
12.479638017612023
7.2201076699501181
6.9017736949616619
7.8112316282491836
9.2705359118971025
10.739277226253405
10.739277226253405
7.7523205134736637
10.260493927088321
11.276540347166337
2.6403701024975548
12.73755317463335
10.591752320904718
11.269688016807057
2.5729586325403004
13.039159398581424
8.4873213515877861
2.4932497878072408
2.5729586325403004
12.22172693626282
7.0541363798358647
1.6884453104320745
3.5954000634370753
9.4011960106488708
3.778551896224061
9.224514253405248
7.8459449398129522
2.5562467941906646
3.5955029221884072
1.7475194317933624
1.6379121419122835
11.852488973584933
5.1921637338060842
11.922656511252187
7.9278006117793449
2.660023005765392
7.7989059198392372
13.097889343109792
5.1357320225985426
5.4549126922148421
5.3823149859951478
7.07217019737854
4.899270911542974
4.8655411135334248
5.1170330634251862
8.5997719937688597
9.8474890415087515
4.7978758341226895
8.9524019038483846
11.920656456718403
5.7519276887124908
5.6875045335438301
7.6943537926506513
6.8700813751777128
11.996366671806495
5.6875045335438301
10.363193797932224
5.6866698458655476
7.5087280904644844
7.6943540631744574
4.6946349032018526
4.7556688255592352
4.0082590443920241
4.6164625414954603
3.5508403857241655
4.5083758143237631
6.1544876480171249
4.6946349032018526
4.0082590443920241
3.1567654491827524
3.2825210055196439
2.8575760829760055
9.0772722050738217
3.3589514941259471
4.8336303670289462
10.984818609308029
2.8614194786576994
3.6299017155101181
4.1824170306476347
4.8986856341926917
2.8527451179684373
5.0304901423764052
7.6900919511829979
2.7794327759824022
3.5508403857241655
3.7079750167929051
4.4056064209607149
8.6875116019355438
5.528638031839038
9.7094504586187131
3.9525529276925044
4.0101095162727249
13.196111568255295
3.2216974007990453
3.2840138972706847
3.2456626657641006
11.178307775891099
3.1803513994506938
9.8249546705257611
4.0734836097772664
4.9985180290838214
5.1101474180839457
12.863669138409268
11.88906867744892
9.2404493392936971
5.0809999834343973
9.7364249208897
10.845649692494643
5.6924712410275555
11.105608887322342
5.210711525369585
5.3337669677856354
8.928578579133962
5.2668127055651919
9.2639169180033072
7.9305641482280862
8.0295686682410032
8.0458781921696119
10.697467173374056
8.0458781921696119
7.9956351129142433
3.6281582300801776
5.3384780239127361
3.1471852730451872
9.7104907981734137
2.7069531293338196
7.5910252505833826
3.1465951550256195
12.330683571801684
12.781154688048266
12.764432759994795
12.200714069931918
5.4549126922148421
3.1008049941492892
2.1040352069799111
2.4008203653515445
5.3823149859951478
6.1051455905198191
5.5814591811933836
6.722393205843149
5.9804835783960799
10.235717915974725
5.5299535762043481
12.984127515002054
5.3240141531941303
5.5339497297167739
4.9321032167261469
7.8762712877166576
12.833985143185071
11.428477687363625
4.5385010000257484
5.0570770538620673
13.659244998351349
11.519601302528677
3.3238981693265703
3.9355107786713881
3.0564496493726327
3.0452787084320265
12.558401767391025
3.8567214016238331
4.6625598105462709
3.1531999848507457
12.408931106247081
13.507859399520227
12.387788541859278
6.1088336733261546
13.507903939871758
5.1646230334484704
13.664379857903697
2.4947099159470705
3.7079750167929051
7.2923194849142288
12.181375785700027
5.0249193154849339
9.6130706143455011
13.717554745504435
5.0583968803948345
4.0334132470778981
3.7079346829646389
3.0522948028202186
13.378030415238744
3.7102089663756068
4.7844970270900884
4.2657903858121147
10.3184028383446
3.3715236765612788
3.5658376774575942
11.570641118596763
4.9207121485616501
10.971468275022046
6.5798725873286106
4.9207121485616501
5.5129347371990809
3.4841607156697219
3.0524393186872345
10.99658296899543
10.882380665485906
4.2657903858121147
3.0584444343415398
3.7714392387725577
4.9207121485616501
10.882325120969686
11.288849838594254
6.089434665384343
3.1459722577063802
4.7327357200375033
2.6698781765869382
13.792759335342859
8.8655152553963195
2.7396936903844846
3.6048134000425947
12.622768812675888
2.7866817702554645
10.365773293047781
2.69999468388664
3.4752453357458992
10.423644933702654
9.1875678327774093
9.195900230266906
3.1008049941492892
2.4105661820391733
9.7054994554148362
13.725652024614224
12.622273701888359
11.402079505553424
12.622273701888359
12.426496170123718
5.5795276521601691
6.8745067983967241
4.358301930338599
7.8738739041164028
5.6414813769840251
5.8137178874149997
5.013114691208199
5.1121302117064698
5.210711525369585
5.1043676661372528
5.8146330591368862
8.723934322310944
8.5940435869665173
10.247120428877986
10.985952828872033
1.8517314089827552
2.6588519442575298
2.7210469148725642
5.3347447952352063
2.9377261754294244
4.1489041129138693
11.250807093497274
2.8328289752612434
4.1489041129138693
2.8848937534266224
4.3447158508619044
13.313294626415408
6.5664893578258061
2.4539443788184752
3.9525529276925044
8.6544096477929973
7.3425374795029734
7.4158562169207611
10.662578434141496
5.3347447952352063
5.4124874790410678
13.465359649825235
1.9895468865642745
2.2247209261972829
13.507859399520227
4.5385010000257484
4.8184828934856947
9.6130706143455011
11.161902288831639
9.4135032504346441
11.464070403575324
4.3306348403094361
4.2342231480282981
4.1477860554119337
9.6846301413761946
13.638795910841671
5.3423465919174875
13.67824767403596
5.265286674353244
11.082536640615841
5.2295491999817969
5.266351375721503
10.644008302617419
11.082536640615841
5.017092114226501
5.1043676661372528
13.109317023787918
3.7856661625692496
3.7199097746547789
3.9331507266580887
13.350512005758688
6.1678631584249981
6.2461893859874884
12.2564725773759
12.515393654497439
12.492114298147188
12.515194254060532
12.515393654497439
12.269905262155437
12.308917186638826
12.560837783004274
9.3098870422375253
3.5338242166776932
2.9343072240220414
4.4605394585560365
2.9007495841851112
5.3058564605197587
8.9237743794350983
12.294553921537085
8.9730198569967907
3.5139275553131766
4.2564304191830926
3.3395015826710828
4.5997457426198114
12.982846223089687
11.079104993715184
10.949617972552279
4.8619258499789035
12.381304223856546
5.3558348084804877
2.8547562771102188
5.3557349681241018
4.807993282270635
8.9001179663299954
5.9307853811547568
9.0764160594006196
8.169843100429274
6.7507471374154981
13.284595913032165
13.505739411207097
13.37565458264214
2.394026300245172
3.5338242166776932
4.6164625414954603
7.07217019737854
12.431726831153059
12.59678244561988
12.867293425808086
2.6698781765869382
2.9588136091834656
13.533688449794189
4.5672483956214966
2.7634022810735872
4.6164625414954603
7.9956351129142433
1.5211473399285891
8.5319665123165116
3.6819958831647672
2.0002760039601859
1.8498751698415794
11.555039732299816
13.216302770963518
7.7766404034394574
3.4140376456109682
8.0592585611613288
10.961468147362613
2.6396715228009806
1.8071048422684866
11.303418495001488
6.8935126721005036
6.4379644557448792
10.739277226253405
9.8891312229130559
8.723934322310944
8.6724996781110253
2.7054968965501582
4.7334796725066193
13.792759335342859
13.284595913032165
8.8001119057606036
9.202767019068494
4.899270911542974
6.0882378245497693
1.5211473399285891
12.595209314269749
12.401383397607407
2.853905458006941
11.317190182162344
3.33236686237997
1.9459069805842057
1.5517354143736437
11.144348852897828
4.090001213498569
5.3337669677856354
5.5778413149305788
8.928578579133962
9.7986027111925846
6.0737946153698923
10.258104824017641
8.3624118246253456
9.2127969026135386
10.236457125930016
6.6422843638505329
5.5795276521601691
13.365409657013384
5.5324766241641914
7.8289087296929631
12.25594980633656
2.6588519442575298
4.0086522668353473
12.053548437900531
5.280840409667384
5.3453831035824138
6.1798481499227433
3.7079346829646389
3.8157346312024845
3.8336054004678277
3.6396191302930521
5.17018239221479
4.2108856708207973
3.64575242122228
5.17018239221479
4.5629046266717141
3.694868652747302
4.3558437883036589
6.0030534890746248
6.6110930476438767
6.6113893047018797
7.0477751786130378
4.7867448254660845
9.5722972809764482
5.4125749798160427
4.8390712285269348
2.5833190898550691
5.4124874790410678
13.146389593495899
12.625371205027038
6.3234998481818492
6.2820622536195332
5.0570770538620673
8.8655152553963195
2.9588136091834656
2.8974078190775017
4.331113249969186
3.0358706016675199
4.6338894430587327
5.8329209810843077
3.1444837018142358
6.1051455905198191
6.9385919867111667
11.00696830759129
7.0494599827088722
5.9623107529903532
5.4742503178989717
2.1040352069799111
1.7769359288543793
12.965092145200581
10.892950566498811
11.871070572651034
7.1786701089387979
3.8245337429806399
10.688375574701981
12.922420213962873
3.067905611948349
3.1567654491827524
3.2046694400143005
3.1575154365997018
4.7865636838004324
7.2066201940104282
11.316695832233698
11.56023029261365
7.7989099656901928
10.985952828872033
12.185721647959985
3.8280936611074257
8.5319665123165116
6.2461893859874884
6.8935126721005036
5.2668127055651919
10.516933940539642
6.6344493185053324
13.086045577245255
6.5941720927336123
6.5574377347753012
13.717554745504435
11.161902288831639
13.659244998351349
4.1477860554119337
4.7334796725066193
9.4530600423515345
12.700856186391144
11.305931391960669
10.92336201423007
11.195424199542122
4.1931670606159139
7.7498423058870838
6.8219087717848348
6.2381299057485853
3.1950720875834873
5.4134479393705464
4.8655411135334248
5.5814591811933836
6.0882378245497693
6.5556911594753231
11.416121154315983
5.440631517779404
12.993272768713654
10.991311937619944
13.465359649825235
13.543097746093146
12.595209314269749
1.8743621659005976
12.625371205027038
1.7769359288543793
12.194524663647895
2.3412000070831187
13.738554403800181
12.741886020477216
1.9487289079152241
4.9869323049464276
12.842288465023607
11.756748623994886
5.1170330634251862
3.2216974007990453
6.3001352915820226
3.8157346312024845
4.296920343815791
4.58158275965227
3.9042700265984291
3.9358971306605022
3.8627399190405454
4.3578726206087195
3.0522948028202186
3.4148557516128495
8.6544096477929973
8.7353046046426321
7.7449733310237532
8.2200240590606537
2.905321383285723
4.7556688255592352
13.755389701538192
11.519601302528677
11.53423431689653
9.7655024599546127
12.387788541859278
6.5919648446960775
6.6849496498390302
6.6887612536810579
13.570509292533298
11.957764708146065
6.4379644557448792
7.0494599827088722
2.6119345281582884
3.9760534108621162
2.5642809613540325
9.7986027111925846
9.8263305380771442
13.671523641568365
6.4994174937541001
13.434856881270722
8.4198612746356929
7.1188775153371955
3.3395015816188889
4.4102063457736387
12.85638665083683
13.80790958237688
13.638795910841671
13.184193063148326
13.54436073554484
13.378030415238744
6.3234998481818492
6.4005238335168064
13.000134362778207
6.3211687790547115
3.7102089663756068
3.8336054004678277
4.9998502260794329
4.1582189732133683
5.4126449144286957
10.727094089059543
8.7353046046426321
6.2858357989935456
7.8794343641707183
5.3662305465057072
6.0737946153698923
5.9851813501294107
1.6447665382066912
1.9837492187276038
12.776865534844461
3.6281582300801776
4.2099380352712519
12.194524663647895
8.2177652985368521
8.1393846426277978
4.296920343815791
3.9239617893007157
2.7396936903844846
2.9343072240220414
3.5273130781495756
3.2378476060752268
7.9434852581047926
1.9895468865642745
2.0752820918264492
3.9015492797361948
6.5578447958556705
4.0734836097772664
3.3238981693265703
4.8184828934856947
3.0501750463955437
8.537949944091233
13.05371625916891
8.5997719937688597
12.867293425808086
13.80790958237688
6.4005238335168064
6.5155227107533982
7.6342261554853437
11.683971683206842
4.0574055728467204
3.6819958831647672
2.7876093181625956
2.1187478574745975
12.821322779402523
12.982846223089687
11.330643555654754
12.74280473658802
5.0158822110211352
4.0116254720008513
5.7540213911222367
4.0422957928789565
4.1017673408935966
12.560941119882337
11.106709658829066
11.037200734067047
11.012507299369849
11.053546712520404
4.7844970270900884
9.1549580485962654
13.725652024614224
13.434856881270722
6.5578447958556705
11.855371853777466
4.2657903858121147
3.9343372543711643
3.2825210055196439
8.2639381916962691
6.7299015392431807
5.179158018552922
6.4683339038045355
11.54726909708053
5.6018237116027407
11.330643555654754
4.4133291898308373
6.0030534890746248
4.166106914594871
5.9099444740616605
9.8474890415087515
13.178532675456934
3.9355107786713881
4.6777072840895233
4.9998502260794329
6.722393205843149
6.5556911594753231
7.1233488156555094
12.936426083553725
5.9307853811547568
12.993272768713654
5.3503373329934725
5.6325451072128088
3.4931366885005928
6.6113893047018797
6.8946051676351932
4.3747946993873654
5.9623107529903532
10.3184028383446
7.8636910378207538
12.819850525393957
10.802640563812199
2.0002760039601859
3.2103249519113564
6.4714353350696623
12.239976806651573
11.59639322271553
3.3715236765612788
5.2435131345727726
8.3169465773403424
5.0347673627610803
5.4879858210875048
4.0101095162727249
13.573047497331675
12.886534318129707
4.5311062064625878
2.9056404340944768
9.4542790368311742
4.7556688255592352
2.8575760829760055
3.2046694400143005
6.6422843638505329
6.6344493185053324
6.711938903767912
6.6422600861391432
4.7978758341226895
5.9804835783960799
6.9385919867111667
3.5658376774575942
3.6100745352766785
5.0675149914380819
13.184193063148326
11.855371853777466
6.711938903767912
6.7912843255093014
12.401383397607407
10.235717915974725
13.551009364549003
4.5672483956214966
8.9524019038483846
11.760436857432252
3.8131292728478021
12.74280473658802
4.4133291898308373
5.9420195667172422
11.728494421908225
11.920475598380348
5.0453717542258367
6.3432619391309188
8.1522062890727511
13.146389593495899
11.11647053706645
11.570641118596763
11.617981889723263
11.229712891656135
12.334617786915203
8.4995300904513957
13.000134362778207
5.5299535762043481
5.3453831035824138
5.7247753596015691
5.4075404072203792
13.809313363357948
12.886081072321467
9.0764160594006196
6.6735844441272532
2.4129513864626961
2.9377261754294244
3.5163423049008355
13.533688449794189
9.4530600423515345
13.461098665432061
6.2537154853630019
6.2822114126943944
6.2535280491652392
6.253722636344496
6.5919648446960775
6.0100051907490037
2.9511287505346182
2.5720010964968827
10.952079959388227
2.3412000070831187
2.9051712637182927
3.6642072449832686
12.700856186391144
4.5311062064625878
2.875183046349278
2.7745074243258707
12.902959699528612
6.7995965228840731
5.7247753596015691
6.7995965228840731
5.4774862707365166
5.0158822110211352
5.7691688646654891
11.541969209274013
13.131975079896504
3.5222506905886517
8.9654304662446176
4.4176330285401058
2.875183046349278
12.27735282905631
10.356499218264158
4.4186944034717675
13.505739411207097
4.3306348403094361
3.4120671985121627
11.999097143285509
5.0347673627610803
3.6306978156000729
9.9235778862054218
11.65008773202667
13.365409657013384
10.704127548524216
2.4105661820391733
2.3667622590484112
9.4692655728805519
5.3384780239127361
8.3499319822178641
3.6048134000425947
1.8498751698415794
2.7876093181625956
3.2103249519113564
13.656300364202407
2.5357391105747005
5.2634179357552551
2.5778963146872211
8.5940435869665173
8.8001119057606036
10.212111097567595
9.202767019068494
9.3178323393129912
9.4033186811321237
8.2639381916962691
7.5641813940158578
6.2040906709493093
6.1088336733261546
3.0564496493726327
11.305931391960669
4.6777072840895233
13.325172486265179
4.4916177301822122
5.6456828472906828
4.6045730029168057
3.8374046226352716
13.107035686383229
13.222921075687688
13.107035686383229
5.2858770238620041
4.1489041129138693
4.2099380352712519
10.258104824017641
9.8263305380771442
10.367840832797231
11.421125960549348
4.0433976870918915
6.0100051907490037
4.58158275965227
3.8639368298310628
5.8329209810843077
12.965092145200581
13.738554403800181
13.088214645545477
6.8779206872768173
8.0589499572092436
6.8777530122311887
7.9800278717320108
9.0772722050738217
9.1549580485962654
11.250807093497274
1.6870460896070527
3.6306978156000729
12.17852973044824
12.622273701888359
13.1035282897464
1.6485049188285732
1.9619530272505039
2.4717948013368747
6.1233114273742899
13.543097746093146
13.621050294444982
11.940028380703181
6.6849496498390302
5.2231392752302321
6.3227354385972792
13.507903939871758
6.6887612536810579
6.4380628741604005
4.4434962744743904
3.3589514941259471
6.7299015392431807
7.5641813940158578
11.555039732299816
11.711173635475919
7.3425374795029734
7.7449733310237532
2.8328289752612434
2.9056404340944768
2.7745074243258707
4.2099380352712519
4.0214830806467772
4.116385941397767
4.4605394585560365
3.9614839949889338
3.4148557516128495
4.2023245422606141
3.2840138972706847
2.2247209261972829
3.1367683524149292
2.4621165561535761
3.4120671985121627
4.3658611182106757
7.5685863265567574
4.2342231480282981
6.2858357989935456
12.984127515002054
6.7912843255093014
6.8290686162170138
12.741886020477216
12.819850525393957
10.92336201423007
10.812416482710622
12.431726831153059
11.195424199542122
2.6119345281582884
10.999625711024809
3.0831399397904611
4.0388674787885757
4.13197649380154
3.4466804804088018
12.431726831153059
2.7755755734518117
12.622768812675888
2.853905458006941
1.8105518112493153
10.892950566498811
5.4731322603970352
2.4224109264971747
4.5997457426198114
3.5125667715600635
5.3558348084804877
12.479638017612023
12.515393654497439
4.8336303670289462
4.7231714785609205
11.416121154315983
10.960093677148482
13.37565458264214
12.112547430880177
5.7774213457217156
7.2201076699501181
12.248170373830124
10.787980414145711
6.9017736949616619
12.248170373830124
11.506439655064957
4.0116254720008513
5.6912073231957772
3.9383496747369073
4.6154438856906372
5.7540213911222367
5.6912073231957772
5.4075404072203792
5.4774862707365166
5.0159691289008368
5.4481869177680347
5.5778413149305788
9.2639169180033072
8.3624118246253456
2.5824609325687056
5.7107456458834118
3.9042700265984291
3.9239617893007157
4.0422957928789565
5.7691688646654891
3.8639368298310628
5.4731322603970352
3.9383496747369073
5.4731322603970352
3.6396191302930521
4.1582189732133683
4.1931670606159139
13.325172486265179
4.263012260062089
7.8112316282491836
12.17852973044824
11.402079505553424
5.4879858210875048
13.088214645545477
7.2566330759412958
7.3359473779207862
11.317190182162344
3.5744079032917844
3.1575154365997018
12.476645220862025
9.8208580619326185
5.0202676800336272
9.2705359118971025
10.241513156706823
7.4158562169207611
4.5672483956214966
2.9007495841851112
3.5273130781495756
13.621050294444982
13.809313363357948
3.089365807075803
5.6912073231957772
4.6378481940377565
5.8146330591368862
10.739277226253405
2.0752820918264492
3.6642072449832686
2.1922676656905105
13.086045577245255
3.33236686237997
7.3806389236249448
4.5083758143237631
4.0851593728482936
5.1646230334484704
5.2231392752302321
5.0523675178948295
7.645286377075676
3.7199097746547789
3.762428873027102
8.2948329596167039
12.814820938969865
3.1444837018142358
1.9487289079152241
3.8721438947929534
6.15225889880326
5.0556005831274229
8.3587486385980458
5.17018239221479
5.0765851041117322
12.185721647959985
12.239976806651573
11.411710924540559
8.2200240590606537
7.8794343641707183
10.739277226253405
13.664379857903697
4.1489041129138693
4.2108856708207973
5.847130406135201
13.196111568255295
11.475519099070311
11.617981889723263
11.573885178019808
11.507185861608619
6.1544876480171249
4.4056064209607149
3.1471852730451872
4.0851593728482936
7.5088043923591865
3.1856334585712092
3.1445025612603579
9.7104907981734137
13.216302770963518
4.5249670592746174
12.330683571801684
12.492114298147188
4.9869323049464276
8.2177652985368521
7.7523205134736637
11.871070572651034
4.4916177301822122
4.263012260062089
5.3058564605197587
3.7306113086735042
4.2257475968816456
4.3658611182106757
10.260493927088321
12.842288465023607
11.683971683206842
11.276540347166337
12.515194254060532
11.316695832233698
11.667542265449049
12.33302382752535
12.707746055469844
2.7866817702554645
3.0371268745121478
11.106709658829066
11.15301491608308
6.0030534890746248
5.9420195667172422
8.5772542903363469
13.350512005758688
10.999625711024809
8.6875116019355438
8.2313032817659693
7.1786701089387979
7.2566330759412958
9.9147002942376705
7.9305641482280862
13.392112182919826
6.5941720927336123
6.6422600861391432
9.4135032504346441
9.3178323393129912
5.4446034464274362
10.984818609308029
6.1798481499227433
2.6403701024975548
2.7069531293338196
4.2099380352712519
8.3499319822178641
12.476645220862025
12.886081072321467
5.4731322603970352
5.4374011806975675
5.3423465919174875
11.53607636778762
4.0544305890199661
7.2923194849142288
4.9207121485616501
10.971468275022046
12.73755317463335
13.01737050865133
2.4091447541858195
4.3902641885408293
10.591752320904718
7.7498423058870838
5.6456828472906828
5.2435131345727726
5.179158018552922
4.7230077759989992
11.728494421908225
4.9985180290838214
9.5722972809764482
10.857995992935006
11.32361302782347
11.965187816209465
5.0044862886854764
4.9215246059937421
11.269688016807057
11.56023029261365
11.667542265449049
2.5729586325403004
10.857995992935006
13.656300364202407
6.4683339038045355
13.039159398581424
12.515393654497439
7.1259518186107949
5.6120812896206571
8.4873213515877861
4.0881559211045175
12.395899889590996
11.030341284869086
4.0086522668353473
11.59639322271553
11.411710924540559
11.15301491608308
10.972809463637486
11.905493903526931
4.2257475968816456
2.4932497878072408
1.9459069805842057
1.9837492187276038
1.9619530272505039
1.8105518112493153
11.384966916410436
12.94163067987898
1.5637692426524989
3.1305805668890518
2.3830575632684039
11.790785421892592
3.8226428085502717
5.3503373329934725
8.8195660957252375
2.4008203653515445
2.8547562771102188
3.8245337429806399
8.169843100429274
5.6325451072128088
6.6735844441272532
12.781154688048266
11.079104993715184
12.764432759994795
10.949617972552279
2.5729586325403004
6.5798725873286106
6.088822684477333
12.33302382752535
12.405025987113818
6.9370114069671294
12.886534318129707
12.112547430880177
11.84734379471012
13.159269903312746
6.2218301875064368
6.7507471374154981
11.53607636778762
11.211229524961999
4.1017673408935966
4.166106914594871
8.5923082821717038
13.05371625916891
13.671523641568365
9.7234777709248004
6.8219087717848348
4.6045730029168057
5.4742503178989717
11.986138041529896
4.9207121485616501
11.920475598380348
6.5155227107533982
7.1259518186107949
11.264728355608177
11.790546107156192
12.060569277857189
5.5129347371990809
6.2820622536195332
6.3211687790547115
6.1633719653268537
13.313294626415408
11.037200734067047
12.256132448730579
12.22172693626282
3.0452787084320265
6.2381299057485853
3.4841607156697219
3.64575242122228
5.0765851041117322
5.847130406135201
12.015212422305428
2.8614194786576994
3.0524393186872345
4.0574055728467204
3.6100745352766785
4.7231714785609205
4.0574055728467204
4.7231714785609205
10.972809463637486
12.015212422305428
12.015212422305428
12.26929523263059
11.073791508141383
10.924378981336099
12.17873206405751
7.0541363798358647
11.384966916410436
12.005571819970172
3.1950720875834873
12.560941119882337
13.461098665432061
3.0831399397904611
4.0787208116388243
3.0983617080050214
11.592430264336333
9.1446021537622109
11.464070403575324
9.4033186811321237
4.8619258499789035
4.4102063457736387
10.99658296899543
3.2456626657641006
6.3001352915820226
6.5664893578258061
3.9760534108621162
4.0388674787885757
12.015212422305428
12.162015265181861
1.6884453104320745
2.3667622590484112
5.528638031839038
7.5088043923591865
2.584055707741185
11.920656456718403
5.3240141531941303
6.9385919867111667
7.2066201940104282
11.201559669602579
5.0583968803948345
2.8848937534266224
4.0214830806467772
4.13197649380154
3.5807589598771004
9.1796045271655302
13.755389701538192
3.6299017155101181
4.7230077759989992
12.949679171008457
12.482338401104489
10.882380665485906
3.5954000634370753
4.0881559211045175
12.269905262155437
12.405025987113818
13.67824767403596
13.54436073554484
2.915354551608448
2.9122477915078337
10.365773293047781
8.2691713489817023
12.85638665083683
9.4011960106488708
12.26929523263059
10.841418809095368
10.027520839143838
11.015068119937071
11.346419476574788
4.2657903858121147
5.0453717542258367
5.2074445170143937
4.0787208116388243
4.2099380352712519
6.8779206872768173
11.573885178019808
11.790546107156192
2.8974078190775017
3.0501750463955437
13.178532675456934
4.1892000928270869
5.4446034464274362
12.94163067987898
12.005571819970172
5.5339497297167739
6.8290686162170138
10.680745977257336
6.15225889880326
8.9237743794350983
3.7306113086735042
4.4687433786451978
3.1825397893720764
3.6111128009207776
12.925443381606817
4.6154438856906372
5.7519276887124908
5.5324766241641914
5.265286674353244
12.089225562607506
3.0584444343415398
11.756748623994886
8.1393846426277978
8.0589499572092436
3.7714392387725577
5.4742503178989717
4.2023245422606141
4.4590122196183311
1.5517354143736437
3.4931366885005928
1.5637692426524989
4.0574055728467204
13.570509292533298
12.558401767391025
5.6875045335438301
7.7766404034394574
11.144348852897828
7.3806389236249448
7.7770665687840248
12.441364084062394
2.69999468388664
4.331113249969186
5.4134479393705464
3.8374046226352716
7.0477751786130378
6.5574377347753012
5.6012836733602933
11.95236556334695
6.8745067983967241
5.6002177219542153
8.9654304662446176
7.5685863265567574
12.814820938969865
8.7604166153993166
4.4687433786451978
3.0358706016675199
4.1892000928270869
3.8567214016238331
2.915354551608448
3.4913557070636729
12.294553921537085
7.6943537926506513
10.960093677148482
11.073791508141383
10.841418809095368
11.820386760574028
8.0295686682410032
10.516933940539642
5.1406233065498501
7.9101167455144505
4.358301930338599
3.4140376456109682
2.5357391105747005
5.7774213457217156
5.4446034464274362
5.4446034464274362
5.1406233065498501
5.4446034464274362
4.0540149523318281
4.6138419107755873
3.4816669474213953
12.181375785700027
5.7107456458834118
2.4717948013368747
3.1305805668890518
11.178307775891099
10.688375574701981
12.200714069931918
12.308917186638826
12.639041732674983
3.778551896224061
10.787980414145711
10.027520839143838
5.5980983081828128
6.8700813751777128
5.3557349681241018
6.8777530122311887
7.4509409718045614
5.2634179357552551
5.1101474180839457
5.1531401785167104
9.224514253405248
13.605766990565476
7.8459449398129522
13.605766990565476
12.157305375412058
7.5910252505833826
3.1856334585712092
7.7396033396319162
12.441364084062394
11.227433489310064
5.4446034464274362
2.5562467941906646
2.5642809613540325
2.5720010964968827
3.4466804804088018
8.9730198569967907
3.5955029221884072
12.922420213962873
3.1465951550256195
3.1445025612603579
3.4752453357458992
3.2378476060752268
11.082536640615841
12.902959699528612
4.116385941397767
9.8896579892453413
11.996366671806495
5.9099444740616605
2.5748162682972708
3.9541138612660447
12.863669138409268
11.07650665857617
5.6875045335438301
6.9385919867111667
11.553216795828213
11.905493903526931
10.924378981336099
12.162015265181861
3.6642072449832686
4.0881586527707503
11.84734379471012
5.17018239221479
1.7475194317933624
2.1922676656905105
4.0881586527707503
2.5778963146872211
4.0540149523318281
1.6379121419122835
6.1233114273742899
4.5629046266717141
3.9358971306605022
7.8738739041164028
4.6138419107755873
12.622273701888359
13.1035282897464
4.6625598105462709
6.8946051676351932
6.2822114126943944
8.0592585611613288
7.7770665687840248
10.212111097567595
9.8283834615750827
12.060569277857189
12.707746055469844
11.127250043107477
10.644594970259881
6.3432619391309188
5.0556005831274229
3.9212528282756938
5.2074445170143937
12.091728790660625
6.2535280491652392
6.253722636344496
11.88906867744892
9.9267167940526697
11.760436857432252
10.919591754288328
10.961468147362613
11.012507299369849
11.711173635475919
12.256132448730579
12.431726831153059
11.053546712520404
4.9207121485616501
5.0675149914380819
5.6414813769840251
7.8289087296929631
3.694868652747302
5.4126449144286957
11.915332432526395
11.211229524961999
11.227433489310064
12.363402542592683
9.9866419197210128
11.54726909708053
11.625853598246557
4.1824170306476347
10.882325120969686
4.174980253176285
8.5314142548257408
11.852488973584933
12.053548437900531
12.157305375412058
5.1921637338060842
3.9331507266580887
5.5980983081828128
10.247120428877986
2.3032038339356262
3.5139275553131766
4.7556688255592352
3.9614839949889338
8.4287718664750866
4.8986856341926917
5.2295491999817969
11.553216795828213
5.7156457195010981
4.9321032167261469
5.0159691289008368
9.2404493392936971
5.266351375721503
12.089225562607506
5.1531401785167104
11.07650665857617
9.9267167940526697
5.7156457195010981
10.423644933702654
4.090001213498569
2.3830575632684039
11.922656511252187
13.107035686383229
9.1081091714620097
5.6912073231957772
3.1825397893720764
11.95236556334695
3.6830736454600324
12.27735282905631
2.9861348096440836
4.6164625414954603
2.8527451179684373
4.5672483956214966
4.5672483956214966
4.5672483956214966
10.363193797932224
5.8137178874149997
11.704667568008038
2.7755755734518117
3.0983617080050214
3.5807589598771004
4.2099380352712519
4.2220884482878596
8.7604166153993166
8.0458781921696119
10.644008302617419
7.8762712877166576
10.680745977257336
5.0809999834343973
11.32361302782347
4.2205826246121978
13.551009364549003
13.159269903312746
3.5163423049008355
3.5125667715600635
9.1875678327774093
3.0371268745121478
2.9122477915078337
2.6396715228009806
6.4714353350696623
11.790785421892592
1.8071048422684866
2.1187478574745975
13.392112182919826
13.222921075687688
11.755517685372718
12.426496170123718
13.1035282897464
12.482338401104489
13.1035282897464
12.568750591642749
7.9800278717320108
7.3359473779207862
7.4509409718045614
4.0177533450462342
5.6120812896206571
7.9278006117793449
2.660023005765392
2.9051712637182927
4.0881586527707503
13.107035686383229
4.2564304191830926
3.6111128009207776
9.493230297459375
4.6378481940377565
3.9541138612660447
3.6830736454600324
9.7487003504088818
4.6338894430587327
5.6866698458655476
9.7770967420109951
3.1803513994506938
3.1367683524149292
7.7989059198392372
12.395899889590996
4.807993282270635
8.5923054965015417
12.707746055469844
7.1067321038672535
3.1531999848507457
5.2858770238620041
11.288849838594254
11.229712891656135
9.7364249208897
11.965187816209465
11.416295138163033
4.3558437883036589
3.8627399190405454
7.5087280904644844
10.919591754288328
11.957764708146065
6.3227354385972792
6.4380628741604005
13.076234505776762
10.845649692494643
5.440631517779404
7.1233488156555094
12.639041732674983
5.4125749798160427
5.0044862886854764
6.0030534890746248
4.3578726206087195
6.4994174937541001
5.9851813501294107
13.076234505776762
2.2913280511359546
3.762428873027102
6.7221651839099046
7.1188775153371955
5.6018237116027407
9.7909802401553918
5.0304901423764052
4.4590122196183311
6.089434665384343
6.088822684477333
6.1633719653268537
4.0339099381801171
8.6724996781110253
12.833985143185071
11.148515226075608
7.6943540631744574
10.697467173374056
9.2127969026135386
9.9218085944551273
11.303418495001488
2.9053057651820051
10.236457125930016
10.367840832797231
11.015068119937071
11.820386760574028
4.2425437104964097
8.2313032817659693
4.0334132470778981
4.3902641885408293
3.1459722577063802
5.0523675178948295
4.174980253176285
4.7327357200375033
8.5314142548257408
12.17873206405751
11.346419476574788
12.363402542592683
7.6900919511829979
11.625853598246557
7.5324234727557426
12.334617786915203
11.507185861608619
5.013114691208199
7.9101167455144505
3.4816669474213953
4.7231714785609205
11.030341284869086
10.212976728439065
8.0458781921696119
12.568750591642749
12.560837783004274
12.707746055469844
3.6642072449832686
4.0881586527707503
13.097889343109792
10.356499218264158
11.082536640615841
4.4186944034717675
9.195900230266906
2.7794327759824022
4.7865636838004324
4.8390712285269348
4.9215246059937421
2.5688687579196809
3.4836465977989151
11.086781011708302
6.9739578522277306
10.963206186276546
1.475890256507558
10.940350197045255
3.82964438804603
1.4460179185573039
2.2328969018936409
2.7357471614146855
12.366600920719858
12.900083762508737
11.019622505519671
1.8275125775682914
1.4687296274099175
9.6450593170028718
1.9000084770571612
4.268565538774924
1.4122717482794374
9.6541097274554222
8.2027540221057986
4.13197649380154
12.943347209295371
2.6167079334136298
13.033445429151632
1.6191861156638598
12.800486512642262
1.4357719105615117
13.377806403688185
1.7317381229352464
12.890899214943175
1.3997780572540215
1.586959780172607
12.832819031138625
4.1533429348200501
3.6361270920688562
1.7583833124503525
1.6450907590450952
3.0740620410859276
9.712739350022888
10.977001142022846
1.5340060775306916
13.427090172492129
12.641443129305861
12.966965552149997
1.8273762786047332
13.150598206345375
10.362809703143162
2.6185885580165138
1.8275125775682914
2.5411531715826112
2.6185885580165138
3.6031733226258864
8.8352861565869638
11.08281773340876
12.490627839887372
11.977546917445972
3.2294936491342803
13.550041738526438
13.347777459266084
13.704556222115514
3.6971965713098305
11.010277823267844
11.024507856969196
9.7127342569786741
8.0917600289946492
12.765267525992273
3.8368471267983413
13.097553762818404
5.6184217944198256
3.6639692866134137
3.7278984250020559
4.3973866953723189
3.4580140278286073
8.1169016951677939
11.214556568465664
4.2629496392415396
3.9999317333217319
4.1208296709373018
11.796055950644126
3.2840501425780322
5.7639043668679681
4.1010978246686962
3.9456548788238579
4.1606982287986245
10.368899811378489
4.2629496389404835
5.883375791113961
10.052807911584928
3.8193413889332448
4.1865111226861726
11.830164850727186
3.8381940411735846
3.8290493707423341
2.7326020803804889
5.5234464400345802
2.9218684413332352
12.150895380456131
4.20773078951503
9.5436614244913489
10.195904691936523
10.259149713575805
4.3203233380892572
10.479710136390452
11.863738830980466
5.9027324903558416
3.8733723692435915
4.3203233380892572
10.722880628180151
8.8299068946901098
3.6490597714400166
4.1014936023472979
10.169936216390257
7.4798495131368785
7.4788163112248904
4.1769926454196176
11.796630025602191
3.7846709375475522
11.893739801519251
3.7005073550945258
10.377810403217882
11.012561004777668
3.756993010062839
6.0743808283529956
4.3196431615422837
11.399087492792951
3.5068131470827786
8.6712037206527004
11.696483915572683
5.8841259505047505
11.828363855889521
4.1606919379188376
6.0934677261641781
9.4300881396879976
12.162015265181861
2.5688687579196809
12.058349043106173
12.712762957689058
9.1296620188762354
1.7632736385866381
1.8812785603941422
1.6352320523851378
3.6347732329264208
2.2121118487336489
12.660044718132569
2.3050426256008594
11.658488995361509
13.377516224106422
3.800769945725551
4.402982915561271
12.611616970884294
5.7347046993120463
12.688315762996201
9.7479485024329886
5.7771321978502215
12.94035047436274
3.823400702643394
12.676132625802341
3.5938050749494872
9.8925237948475893
9.5832646922281395
9.8127295745635497
12.751679100554995
10.265985114083138
11.403317573573972
13.065509073809245
4.900167287277414
12.901118496131023
6.3666715652829025
12.653166085267012
11.41830410962335
3.6360846263498492
3.5975434555713695
12.761455019453418
9.1691462066929148
8.8508122317044595
9.7602701649919812
11.219574448639898
12.688315762996201
12.688315762996201
9.7013590502164604
12.209532463831119
13.225578883909133
4.589408639240351
12.540790857647513
13.218726553549853
4.5219971692830967
10.436359888330582
4.4422883245500371
4.5219971692830967
9.0031749165786614
3.6374838471748712
5.5444386001798724
11.350234547391667
5.7275904329668572
11.173552790148044
9.794983476555748
4.5052853309334608
5.5445414589312039
3.6965579685361587
3.58695067865508
13.801527510327729
7.14120227054888
9.8768391485221407
4.6090615425081882
9.747944456582033
3.4836465977989151
7.4039512289576379
2.3439103096814544
2.9837692603115373
7.9929246541803058
2.3480942436356309
2.3287940570018661
4.3529707504300399
9.7232190941612693
11.069905414536533
2.416343254227534
10.113917904126962
2.9837692603115373
4.7556688255592352
2.6710429833556528
2.7353954114369898
2.4389322439810783
8.6368535651266001
5.4770725561837894
13.382708764485038
4.8705617993764392
4.3171544314711374
2.9837692603115373
4.8705643921784096
8.4820676148976357
8.6368527941486857
4.2308526784349887
6.704707362302031
4.2067884412304721
6.5655010782382561
5.4998789224669622
6.4574143510665598
8.1035261847599216
4.2308526784349887
4.2067884412304721
2.5239715505951472
4.1290616574747059
3.2965964232192371
11.026310741816619
4.1023412489933726
3.7363929011913615
12.791571009974053
2.7645965601431879
4.1855674353720032
6.1314555673904314
6.6084203380903981
2.4245268686535444
5.2049983371587185
9.4731342987088407
3.8572164430752198
3.1657579756926122
5.4998789224669622
5.6570135535357009
6.3546449577035116
10.636550138678341
7.4776765685818347
11.658488995361509
5.9015914644353007
5.9591480530155208
5.170735937541842
4.632669466768327
5.1947012025068968
13.127346312633895
5.1293899361934905
11.086781011708302
6.0225221465200631
3.8126562275873828
4.1066545141034414
10.653265723040469
3.8637381403595676
11.317274910152385
12.447088148218009
5.6184217944198256
12.058349043106173
2.4473211581962753
2.2799280311599808
9.5993576509280985
5.6353939917082876
3.2815217366684193
9.2276216496327752
9.2948228132298052
9.3049950895945308
12.646505710116852
9.3049950895945308
9.8317360106162646
5.5771967668229738
7.2875165606555319
5.0962238097879835
11.659529334916209
4.6559916660766163
9.5400637873261793
5.0956336917684153
7.4039512289576379
5.049843530892085
3.7662962184314219
3.693092647798633
2.3439103096814544
2.3389813535330162
1.9982660001203436
3.1444344809594718
2.3754262760756069
2.3754262760756069
3.1858803733035681
2.9889499493950846
11.136029470158581
1.9405407911939172
2.4968633855912397
3.7123454965583784
4.9593880020367429
1.9143023725862041
2.2545607111969823
1.7995148939688823
2.2418448272139453
13.377516224106422
6.4875395367685442
7.0061155906048631
13.468639839271473
5.272936706069367
5.8845493154141844
5.0054881861154286
4.9943172451748232
5.8057599383666298
6.6115983472890667
5.1022385215935424
12.712762957689058
12.540357238191259
2.9819823060990935
1.7250582124707909
3.0517436976689432
1.6809368742955864
3.6639692866134137
5.6570135535357009
9.2413580216570246
6.9739578522277306
11.562109151088299
7.0074354171376312
5.9824517838206939
4.6280793517258152
2.5571860820391734
4.5708274554992494
6.5458982082589987
4.4972577259981064
12.155627057040876
2.4763693162663603
2.485965006517727
13.519679655339559
4.5207360484111341
12.810700565001939
7.6283714653266923
4.5207360484111341
2.372407320250236
3.8075159930830491
2.5785230327942212
12.835149501849632
12.721821929718079
2.815795248892166
3.7274358065815982
4.6985439568870913
2.8250651987824331
12.722029703535272
13.23788837533705
3.2680690578485279
3.2314443244750679
6.4892306920011533
4.6189167133297344
10.814553792139115
4.6887322271272804
5.5538519367853914
4.7357203069982612
12.314811829790576
4.6490332206294367
5.4242838724886955
12.37268347044545
11.136606369520205
11.144938767009704
5.049843530892085
4.3596047187819691
10.963206186276546
13.351118042296219
3.0402709545886801
4.5066367276068471
3.6201598224729157
4.7590883994874931
9.8229124408591986
3.0350202737800416
3.0966832749402875
3.0900404951552103
3.7278984250020559
2.4473211581962753
3.6570678691290257
6.4935924322853307
10.672972859053742
10.543082123709313
12.196158965620784
12.934991365614829
3.800769945725551
4.6078904810003261
4.3973866953723189
7.283783331978003
4.8867647121722202
6.097942649656666
13.19984563024007
4.7818675120040401
6.097942649656666
4.8339322901694191
1.475890256507558
4.6777072840895233
2.5122462414917126
3.8980918693924043
4.402982915561271
5.9015914644353007
10.603448184535795
9.2915760162457701
9.3648947536635578
12.611616970884294
7.283783331978003
7.3615260157838645
3.9385854233070705
3.8559166817336066
6.4875395367685442
6.7675214302284905
11.562109151088299
13.110940825574437
11.36254178717744
13.41310894031812
6.2796733770522319
6.1832616847710948
6.0968245921547304
10.940350197045255
4.4230853005279327
5.9586643415677649
12.68309262283624
5.4368301266571786
3.9465745004454842
12.295764573055003
12.68309262283624
3.4580140278286073
3.6570678691290257
5.7347046993120463
5.6689483113975756
5.8821892634008854
4.390566977517671
8.1169016951677939
8.1952279227302842
11.214556568465664
5.4828627534204903
4.8833457607648381
6.4095779952988323
4.849788120927907
7.2548949972625554
10.872812916177894
10.922058393739587
5.4629660920559724
6.2054689559258893
4.2629496392415396
6.5487842793626081
4.6709462805520836
2.7521008470497637
13.028143530457982
12.898656509295074
6.8109643867216993
5.0502169998410782
4.2502166832150579
5.1172233630643964
6.3159094674090959
9.1296620188762354
7.1671396858525185
3.9045911849647954
9.3922269961295637
3.7738795332490813
2.9837692603115373
4.6777072840895233
3.9999317333217319
5.4828627534204903
6.5655010782382561
7.9929246541803058
3.82964438804603
4.4778862659028071
4.6189167133297344
4.9078521459262623
5.2586742540084632
4.1208296709373018
6.5655010782382561
9.8317360106162646
3.1436258272600868
10.481005049059307
4.7499326524259242
3.1750908359529353
3.1213998733602528
13.504078269042612
4.9778731666157592
5.1619740133889396
8.644821123987656
12.910506684105409
3.7253510475646836
3.016294883385032
13.159259772451129
8.8425512088433003
8.3870029924876768
12.688315762996201
11.796055950644126
10.672972859053742
10.621538214853821
3.2840501425780322
7.8387566346827144
6.682518209249416
1.4460179185573039
3.0893879942230456
10.749150442503399
11.151805555811292
2.3480942436356309
3.1241978203308123
4.4892868541517847
3.1436258272600868
5.2862521423039652
5.1621933317834428
4.8029439947497368
4.559038122059655
5.0421382391642
3.894945517327002
3.5007739511164395
12.933630363662862
6.0390397502413657
2.2799280311599808
2.3592499553634285
9.5993576509280985
3.6484060258616906
3.6054133192119693
10.440092832361035
2.6693327061694179
10.165070265153165
3.3192282491942113
5.7873331604715137
3.0402709545886801
4.2257475968816456
2.8125642224198382
4.2862536704156069
3.3598198198556664
4.6078904810003261
5.957690803578144
2.2328969018936409
2.2635118960526253
2.4830386094950523
2.4624950760011437
2.7907395195639206
4.6280793517258152
3.0250627558324679
3.0846525407091012
4.2190308602185356
3.1766037048742981
5.4163637509044058
3.7924511619627257
5.3447919147705392
6.5119431634145108
3.099612552274658
5.4786209178676337
7.9520920258174215
2.7357471614146855
6.1502114903764298
2.8568590453455696
5.7639043668679681
11.244945016507389
7.3616135165588394
3.8919242526408455
4.1010978246686962
7.3615260157838645
5.7485422401443822
8.2311007903623299
7.0061155906048631
10.814553792139115
4.9078521459262623
4.8464463558202979
6.2801517867119827
4.9849091384103161
6.5829279798015294
5.4338227918224415
4.4341126764591365
2.3389813535330162
4.2670833523344749
12.366600920719858
8.9984985194516689
7.9113492897331499
3.2407025052058303
7.5279509760148873
3.7662962184314219
3.7259744655971758
12.761420023725739
9.1277086456815937
5.608975175113768
12.555943778189468
5.3642136837736771
3.9456548788238579
2.5239715505951472
5.1537079767570972
3.7860871455272078
6.7356022205432282
1.9982660001203436
3.5370413472730302
13.265734368976496
13.509268829356445
9.7479485024329886
12.934991365614829
5.7771321978502215
10.481005049059307
8.1952279227302842
8.8425512088433003
5.6353939917082876
12.46597247728244
4.523109446107493
2.9234865317701675
3.0531356506327358
13.110940825574437
6.0968245921547304
6.682518209249416
11.40209857909433
13.254969928703465
12.872400550972868
13.144462736284918
6.1422055973587106
9.6988808426298796
8.7709473085276315
8.187168442491382
5.1441106243262835
7.3624864761133422
2.3287940570018661
3.1444344809594718
3.1241978203308123
6.00110306161623
13.36515969105878
4.5997457426198114
3.14686415378414
4.5066367276068471
12.94035047436274
3.823400702643394
3.7259744655971758
4.2902385438259154
3.8977674446580206
6.9359708416892243
13.705787160737682
4.3529707504300399
5.170735937541842
5.1101975666847288
3.0250627558324679
5.3777943550140197
6.5306212963950658
3.765391595390581
4.7118509837972793
4.6289770545977484
3.6247567374075662
5.6549629604171212
2.5571860820391734
3.2417063184722319
4.0234822613735242
10.603448184535795
10.684343141385428
9.6940118677665499
10.16906259580345
4.1606982287986245
6.704707362302031
13.468639839271473
12.900083762508737
11.019622505519671
12.540357238191259
2.3975048791069615
2.7481197502057499
2.7834130263711758
3.7590964055653102
12.305294329494568
8.3870029924876768
8.9984985194516689
4.5609730649010842
5.9250919476049129
4.5133194980968288
3.6484060258616906
3.6484223783784429
3.5257616586125566
1.8275125775682914
4.3658611182106757
10.368899811378489
9.0679160520799922
4.2629496389404835
6.3592448825164354
5.2862521423039652
2.3754262760756069
5.7485422401443822
2.8484635719455853
2.5967100872662465
4.5708274554992494
3.0846525407091012
6.3523140197497163
6.1072575099561641
6.891751886584597
12.676132625802341
10.684343141385428
8.2348743357363432
9.8284729009135159
1.7632736385866381
3.6054133192119693
3.6809240438589175
3.4331961588624917
4.1252154902641012
3.5938050749494872
3.9327877554704007
3.239335001331797
5.5771967668229738
6.1589765720140486
10.166803835279648
10.088423179370594
5.3777943550140197
3.6420843017507041
4.6887322271272804
4.8833457607648381
5.4763516148923719
5.1868861428180235
9.8925237948475893
3.9385854233070705
4.0243206285692459
1.4687296274099175
4.3658611182106757
2.3770687585660086
3.3352249511683132
3.8980918693924043
6.0225221465200631
5.272936706069367
6.7675214302284905
4.9992135831383395
9.6450593170028718
9.7232190941612693
4.4778862659028071
4.5559224641817959
2.8484635719455853
3.5252117811561745
2.9530055909170811
9.5832646922281395
13.633010219949638
4.4342718174158202
4.7499326524259242
3.5278577214635596
4.3552163577129495
3.7726741338946561
12.812822605089048
3.400143831855722
2.764888102117339
2.9530404122278195
2.9132261642350352
2.7269347971844704
13.055748195571862
12.986239270809843
12.961545836112647
13.0025852492632
6.5458982082589987
11.103996585339061
2.3770687585660086
3.0912683727056938
4.2099380352712519
4.4972577259981064
5.883375791113961
4.1290616574747059
10.212976728439065
8.6789400759859774
7.1281965552957178
8.4173724405473322
13.496307633823326
7.5508622483455383
12.812822605089048
2.1170066568920594
2.5569251479730584
3.6281582300801776
2.4201973335567555
2.5471709451858935
11.069905414536533
2.3754262760756069
5.8845493154141844
6.62674582083232
6.3523140197497163
3.1858803733035681
6.00110306161623
3.2914996949290249
1.9000084770571612
7.1671396858525185
7.2993758697362692
4.504934475229688
5.1621933317834428
5.442175225243389
6.1502114903764298
8.8436437043779907
4.268565538774924
7.9113492897331499
12.155627057040876
9.8127295745635497
12.751679100554995
3.1750908359529353
4.5127259453803887
8.4204738718124581
13.545431759458328
2.4763693162663603
3.5851326300807567
10.265985114083138
6.983805899503877
7.4370243578303015
5.9591480530155208
4.2257475968816456
6.4801447432053836
4.8546789708372735
11.403317573573972
6.704707362302031
3.2965964232192371
5.1537079767570972
5.7873331604715137
4.523109446107493
3.0537091342532303
3.007530818245443
2.416343254227534
2.9889499493950846
8.8876305234539625
2.485965006517727
3.189095291812746
3.4620267630812558
3.0912683727056938
3.0537091342532303
2.7486101254552113
2.9819823060990935
11.136029470158581
5.2586742540084632
10.113917904126962
13.709475394175049
1.4122717482794374
2.1170066568920594
3.6345090590106177
2.1063684978305366
13.256481322161104
13.446322876262702
6.9944102909686325
3.7582575382286514
8.2923004758737147
10.052807911584928
13.065509073809245
13.519679655339559
13.567020426466058
13.178751428398931
9.6541097274554222
1.9405407911939172
2.2635118960526253
4.552681654518147
3.6274653127566974
4.1489041129138693
3.7329893818583639
3.9045911849647954
3.9638504037154974
3.8193413889332448
4.8867647121722202
5.4653808416436318
11.40209857909433
8.2027540221057986
8.2312499494371902
8.2025665859080341
8.2027611730872927
4.6709462805520836
2.3975048791069615
2.3183363625348989
4.900167287277414
4.5210396332396794
12.901118496131023
4.2902385438259154
4.8542098004610894
5.6132457817260653
4.13197649380154
4.5559279015890208
6.4801447432053836
4.8242215830920738
4.723545961068667
4.552681654518147
4.0715558101381406
3.6274653127566974
4.0715558101381406
3.2707714259712395
3.400143831855722
6.6332645090719344
12.943347209295371
2.6167079334136298
2.4830386094950523
3.9929810299744459
4.1865111226861726
7.8387566346827144
10.914469002987413
6.3666715652829025
4.8242215830920738
12.305537755006954
6.3677329402145642
6.2796733770522319
5.3611057352549594
6.983805899503877
5.5797363523428691
11.830164850727186
13.033445429151632
1.6191861156638598
2.8189017646645889
12.653166085267012
4.3596047187819691
4.3158007957912075
11.41830410962335
7.2875165606555319
10.29897051896066
5.5538519367853914
3.1213998733602528
3.5278577214635596
4.5127259453803887
3.9649034651247748
3.2104009834446972
6.1677572251992379
3.2379405311982095
4.7725964446715645
10.543082123709313
10.749150442503399
12.161149634310393
11.151805555811292
11.266870876055787
11.352357217874919
10.212976728439065
9.5132199307586536
1.8812785603941422
1.7250582124707909
3.3978252735758185
5.0054881861154286
13.254969928703465
6.62674582083232
6.4406562669250089
7.5947213840334795
6.5536115396596015
5.7864431593780674
7.2349155606048008
6.097942649656666
6.1589765720140486
10.440092832361035
3.6484223783784429
3.3975639461254237
12.800486512642262
1.4357719105615117
2.7521008470497637
2.3183363625348989
1.9910428132205722
4.3398617558766377
6.5306212963950658
4.6741422504648495
5.4338227918224415
7.5307935954883485
10.007988493952039
4.9920908044430776
8.2511471487189674
11.026310741816619
11.103996585339061
13.19984563024007
3.6360846263498492
5.5797363523428691
3.5975434555713695
3.9109915639932997
4.4208333380796709
8.0723499641170857
3.1813404996881212
13.377806403688185
2.7481197502057499
1.7409597854764534
2.5267923631479405
3.3352249511683132
4.2099380352712519
2.7834130263711758
3.8201303279226924
2.4641039628016546
1.7317381229352464
3.0893879942230456
3.6345090590106177
4.1023412489933726
8.6789400759859774
9.5132199307586536
13.504078269042612
13.660212172218715
9.2915760162457701
9.6940118677665499
4.7818675120040401
4.8546789708372735
4.723545961068667
6.1589765720140486
5.9705216173895739
6.0654244781405637
6.4095779952988323
5.91052253173173
3.2417063184722319
3.2223732376326013
4.632669466768327
3.8559166817336066
4.484043291436473
3.8381940411735846
5.3611057352549594
6.3148996549534724
9.5176248632995541
6.1832616847710948
8.2348743357363432
3.3978252735758185
2.7486101254552113
2.2648073017840531
4.1489041129138693
12.872400550972868
12.761455019453418
13.144462736284918
4.5609730649010842
12.948664247767606
5.0321784765332573
5.9879060155313724
6.0810150305443367
5.3957190171515981
4.724614110194608
4.8029439947497368
3.7595903479921118
12.761420023725739
5.7942461944747219
3.8290493707423341
6.5487842793626081
5.4616053083028593
5.0502169998410782
3.7363929011913615
3.2876070565127438
13.36515969105878
12.909132213891278
3.5252117811561745
6.0059871023709421
9.1691462066929148
12.737018950888507
8.8508122317044595
12.890899214943175
2.764888102117339
6.0488308509012327
3.7179912374306534
5.9722820090013897
2.9530404122278195
6.0488308509012327
3.7329893818583639
3.2707714259712395
3.0264627980665888
1.6352320523851378
2.3592499553634285
3.2815217366684193
2.6693327061694179
2.7326020803804889
3.9462176751849984
3.765391595390581
3.6420843017507041
2.9132261642350352
6.6332645090719344
4.6741422504648495
5.7942461944747219
3.7179912374306534
5.7942461944747219
4.2190308602185356
6.1072575099561641
6.1422055973587106
6.2120507968048848
9.7602701649919812
13.351118042296219
7.4370243578303015
9.2056716126840925
6.7020111139821994
4.559038122059655
5.1129758141334118
5.5234464400345802
3.7860871455272078
2.9218684413332352
1.3997780572540215
2.8189017646645889
1.9910428132205722
2.8808381925276922
11.219574448639898
12.150895380456131
9.3648947536635578
5.2586742540084632
4.849788120927907
5.4763516148923719
3.9649034651247748
5.5285232367189145
4.20773078951503
7.6402458599385739
6.5868867307805532
6.4935924322853307
12.688315762996201
4.0243206285692459
5.6132457817260653
4.1413062024333067
3.0517436976689432
2.344823433152361
5.0421382391642
5.1129758141334118
4.9960004421395876
6.4574143510665598
6.0341979095910894
1.6809368742955864
1.7409597854764534
2.344823433152361
7.0014060546376262
9.5436614244913489
5.6689483113975756
5.7114674097698979
10.195904691936523
4.4341126764591365
3.8977674446580206
1.586959780172607
7.0243210547453412
3.6642072449832686
6.2887229472590533
10.259149713575805
3.1766037048742981
5.6330291643767518
13.360749461283355
10.16906259580345
9.8284729009135159
12.688315762996201
6.097942649656666
5.4163637509044058
7.7961689428779977
2.9837692603115373
12.832819031138625
13.567020426466058
13.522923714762603
13.456224398351416
8.1035261847599216
6.3546449577035116
5.0962238097879835
6.0341979095910894
9.4578429291019841
5.1346719953140054
5.0935410980031541
11.659529334916209
4.4892868541517847
4.5997457426198114
4.1533429348200501
6.9359708416892243
10.166803835279648
9.7013590502164604
6.4406562669250089
6.2120507968048848
7.2548949972625554
5.6796498454163009
4.3203233380892572
6.3148996549534724
12.209532463831119
13.633010219949638
13.225578883909133
13.265734368976496
13.616580802191844
4.7357203069982612
4.9861654112549445
13.055748195571862
13.102053452825876
2.5569251479730584
2.1063684978305366
10.479710136390452
12.948664247767606
10.636550138678341
10.180341818508765
9.1277086456815937
9.2056716126840925
11.863738830980466
9.2276216496327752
2.9234865317701675
3.007530818245443
11.36254178717744
11.266870876055787
4.404692193343605
9.7842417194067739
12.791571009974053
3.6361270920688562
2.4624950760011437
4.589408639240351
4.6559916660766163
6.1589765720140486
10.29897051896066
3.7590964055653102
3.8201303279226924
5.7942461944747219
1.7583833124503525
4.4230853005279327
13.485114904530416
5.9027324903558416
9.2413580216570246
4.5207360484111341
12.810700565001939
3.6281582300801776
2.4968633855912397
3.8733723692435915
6.3393027252836269
12.540790857647513
9.6988808426298796
7.5947213840334795
3.5851326300807567
3.5178560543784623
7.1281965552957178
6.6720463127417959
13.256481322161104
3.8126562275873828
11.244945016507389
12.523440162224047
12.902637152370657
5.9311839492909613
4.0315490041025042
13.218726553549853
13.509268829356445
13.616580802191844
4.5219971692830967
12.523440162224047
1.6450907590450952
4.6777072840895233
8.4173724405473322
2.7876672943042098
2.9078776577618273
10.436359888330582
6.0371944578473142
12.979379821611882
5.957690803578144
13.545431759458328
13.360749461283355
13.102053452825876
12.921848000380281
4.3203233380892572
4.4422883245500371
3.894945517327002
3.9327877554704007
3.9109915639932997
3.7595903479921118
13.334005453153232
3.512807779395295
5.0796191036318481
4.3320961000112002
13.739823958635387
3.0740620410859276
7.2993758697362692
10.722880628180151
3.693092647798633
4.2502166832150579
5.608975175113768
9.3922269961295637
4.504934475229688
3.9638504037154974
13.028143530457982
12.898656509295074
4.5219971692830967
7.6283714653266923
3.2298802048334632
8.8299068946901098
13.796382331452916
3.6347732329264208
3.7738795332490813
13.485114904530416
13.160268061704796
2.7269347971844704
2.4201973335567555
3.0616722761099684
3.1331513189002407
9.712739350022888
10.977001142022846
8.7709473085276315
6.5536115396596015
1.5340060775306916
2.8947118876377917
13.427090172492129
4.5207360484111341
13.446322876262702
2.9530055909170811
2.7876672943042098
12.641443129305861
13.739584643898988
2.372407320250236
8.2311007903623299
2.5967100872662465
2.4778526401174172
4.7556688255592352
3.0434813938493623
12.986239270809843
3.6490597714400166
4.9943172451748232
8.187168442491382
3.8075159930830491
3.7924511619627257
5.6330291643767518
7.7961689428779977
2.7645965601431879
2.5785230327942212
4.4342718174158202
3.189095291812746
3.2876070565127438
3.5178560543784623
4.4342718174158202
3.2876070565127438
12.921848000380281
13.022830044884179
12.873417518078897
9.0031749165786614
13.334005453153232
5.1441106243262835
5.0321784765332573
6.0277593483816201
5.0474002447478172
12.966965552149997
1.8273762786047332
4.7118509837972793
13.41310894031812
11.352357217874919
6.8109643867216993
6.3592448825164354
12.835149501849632
5.1947012025068968
5.1101975666847288
2.5122462414917126
5.9250919476049129
5.9879060155313724
3.6374838471748712
4.3158007957912075
7.4776765685818347
9.4578429291019841
4.1014936023472979
2.6710429833556528
4.5559224641817959
3.7123454965583784
4.2670833523344749
3.5370413472730302
13.150598206345375
7.0074354171376312
4.8339322901694191
5.9705216173895739
6.0810150305443367
5.5297974966198966
10.362809703143162
4.1855674353720032
6.6720463127417959
2.6185885580165138
3.8980918693924043
12.721821929718079
5.5444386001798724
6.0371944578473142
1.8275125775682914
4.8643930883512443
4.86128632825063
12.314811829790576
10.169936216390257
11.350234547391667
12.790457345838165
11.976559375886634
12.964106656679867
13.295458013317583
2.815795248892166
4.0234822613735242
6.9944102909686325
7.1564830537571904
6.0277593483816201
6.1589765720140486
7.5307935954883485
13.522923714762603
13.739584643898988
4.8464463558202979
4.9992135831383395
6.1382386295698845
6.2690189177222715
4.9593880020367429
3.1813404996881212
2.2648073017840531
4.3658611182106757
2.048440520743334
7.0243210547453412
4.3552163577129495
10.872812916177894
5.6796498454163009
6.4177819153879945
5.1315783261148731
5.5601513376635738
5.9722820090013897
2.7353954114369898
2.8125642224198382
3.0434813938493623
5.9586643415677649
3.7274358065815982
13.705787160737682
10.088423179370594
10.007988493952039
4.6985439568870913
3.2407025052058303
3.2223732376326013
3.1468387563609399
3.5007739511164395
5.442175225243389
3.512807779395295
4.4342718174158202
4.3658611182106757
2.824368009626721
2.5411531715826112
2.4389322439810783
4.6777072840895233
4.5559279015890208
4.9778731666157592
12.933630363662862
4.9960004421395876
4.9026125246993191
2.6185885580165138
3.8980918693924043
4.6490332206294367
6.2801517867119827
7.3624864761133422
5.7864431593780674
2.8568590453455696
3.0531356506327358
7.4798495131368785
3.6201598224729157
4.2862536704156069
7.4788163112248904
10.914469002987413
9.5176248632995541
10.709455152142112
6.4177819153879945
4.9849091384103161
6.1382386295698845
5.8057599383666298
4.8643930883512443
4.1769926454196176
8.6368535651266001
12.909132213891278
13.022830044884179
12.790457345838165
13.769425297316824
9.2948228132298052
12.46597247728244
3.3137147549646295
3.8825561824868098
4.7590883994874931
5.1619740133889396
3.2104009834446972
6.0059871023709421
4.404692193343605
6.2690189177222715
3.3137147549646295
6.2690189177222715
3.2627345759892017
5.0401888997924589
2.8486519557315977
3.9462176751849984
4.4208333380796709
5.0796191036318481
13.127346312633895
12.555943778189468
3.6031733226258864
3.6642072449832686
5.7275904329668572
12.737018950888507
11.976559375886634
7.5471368449256095
5.4770725561837894
5.1172233630643964
4.9920908044430776
4.8721405499567307
6.1677572251992379
4.1066545141034414
3.7295905792897264
11.173552790148044
9.794983476555748
9.5400637873261793
5.1346719953140054
8.8352861565869638
13.176472026052862
6.2690189177222715
4.5052853309334608
4.5133194980968288
4.5210396332396794
5.3957190171515981
10.922058393739587
5.5445414589312039
3.0616722761099684
5.0956336917684153
5.0935410980031541
5.4242838724886955
5.1868861428180235
12.68309262283624
6.0654244781405637
11.796630025602191
13.382708764485038
2.5471709451858935
3.1331513189002407
3.7846709375475522
5.3019409603646714
12.527332300258438
4.8705617993764392
8.8876305234539625
13.502255332571009
12.873417518078897
5.6132457817260653
6.037197189513547
13.796382331452916
5.3447919147705392
3.6965579685361587
4.1413062024333067
6.037197189513547
3.2379405311982095
5.5285232367189145
3.2627345759892017
3.58695067865508
8.0723499641170857
6.5119431634145108
4.6289770545977484
9.8229124408591986
5.0401888997924589
3.7582575382286514
6.6115983472890667
8.8436437043779907
8.2312499494371902
8.644821123987656
4.9026125246993191
12.161149634310393
11.08281773340876
12.490627839887372
11.977546917445972
8.2923004758737147
6.2887229472590533
3.2294936491342803
7.1564830537571904
13.550041738526438
8.2025665859080341
8.2027611730872927
11.374691940952248
13.709475394175049
12.868630291031124
12.910506684105409
12.961545836112647
13.660212172218715
2.2121118487336489
3.6809240438589175
13.0025852492632
2.8250651987824331
3.4620267630812558
3.0350202737800416
3.3598198198556664
3.099612552274658
6.891751886584597
13.347777459266084
13.160268061704796
13.176472026052862
11.893739801519251
13.496307633823326
13.574892134989353
6.1314555673904314
12.722029703535272
6.1240187899190817
10.480452791568537
13.801527510327729
7.14120227054888
5.8821892634008854
7.5471368449256095
12.196158965620784
3.7005073550945258
5.4629660920559724
6.704707362302031
5.91052253173173
10.377810403217882
6.6084203380903981
5.4368301266571786
13.502255332571009
7.6646842562438939
1.9143023725862041
3.0264627980665888
10.653265723040469
3.9465745004454842
3.7295905792897264
12.527332300258438
11.374691940952248
7.6646842562438939
12.37268347044545
6.0390397502413657
4.3320961000112002
2.2545607111969823
3.7836558780072527
11.012561004777668
7.6402458599385739
5.1315783261148731
5.6321121822028282
3.756993010062839
6.5655010782382561
2.4245268686535444
5.2586742540084632
5.2586742540084632
5.2586742540084632
4.3171544314711374
3.0966832749402875
12.660044718132569
4.724614110194608
5.0474002447478172
5.5297974966198966
6.1589765720140486
6.0743808283529956
10.709455152142112
9.3049950895945308
12.295764573055003
1.7995148939688823
3.239335001331797
2.048440520743334
2.824368009626721
3.7836558780072527
4.2975866545260066
3.8637381403595676
12.902637152370657
4.3196431615422837
5.4653808416436318
5.4616053083028593
11.136606369520205
4.9861654112549445
4.86128632825063
3.7253510475646836
8.4204738718124581
13.739823958635387
3.016294883385032
3.7726741338946561
4.7725964446715645
2.9837692603115373
13.704556222115514
8.2511471487189674
6.7020111139821994
4.8721405499567307
3.6971965713098305
2.9078776577618273
2.8947118876377917
9.8768391485221407
4.6090615425081882
4.8542098004610894
6.037197189513547
2.7907395195639206
6.2054689559258893
5.5601513376635738
11.399087492792951
6.5868867307805532
5.3019409603646714
5.6321121822028282
11.010277823267844
6.5829279798015294
4.8705643921784096
11.024507856969196
5.1293899361934905
4.484043291436473
9.747944456582033
6.3159094674090959
9.7127342569786741
8.0917600289946492
5.1022385215935424
7.2349155606048008
13.23788837533705
13.178751428398931
11.317274910152385
12.765267525992273
5.4786209178676337
3.6247567374075662
8.4820676148976357
12.868630291031124
12.305294329494568
2.5267923631479405
2.4641039628016546
2.2418448272139453
4.2975866545260066
5.3642136837736771
12.447088148218009
3.14686415378414
3.2914996949290249
3.8368471267983413
3.9929810299744459
7.3616135165588394
5.9311839492909613
7.9520920258174215
5.6549629604171212
3.5257616586125566
3.4331961588624917
3.5068131470827786
5.7114674097698979
8.6712037206527004
9.0679160520799922
7.5508622483455383
11.696483915572683
5.2049983371587185
7.5279509760148873
3.1468387563609399
3.2680690578485279
3.2298802048334632
2.4778526401174172
5.8841259505047505
10.621538214853821
13.097553762818404
8.6368527941486857
12.646505710116852
10.165070265153165
11.828363855889521
13.159259772451129
4.1606919379188376
3.3192282491942113
3.3975639461254237
12.964106656679867
13.769425297316824
6.0934677261641781
10.180341818508765
5.9824517838206939
6.3393027252836269
3.2314443244750679
7.0014060546376262
6.1240187899190817
6.4892306920011533
10.480452791568537
13.295458013317583
2.3050426256008594
4.1252154902641012
9.4731342987088407
13.574892134989353
9.4300881396879976
13.456224398351416
3.0900404951552103
4.390566977517671
9.7842417194067739
3.8825561824868098
2.8486519557315977
3.8572164430752198
3.2876070565127438
12.979379821611882
12.162015265181861
9.3049950895945308
4.3398617558766377
2.8808381925276922
5.6132457817260653
6.037197189513547
12.305537755006954
12.68309262283624
6.3677329402145642
11.144938767009704
3.1657579756926122
6.7356022205432282
3.8919242526408455
4.0315490041025042
4.5179072946624768
5.4326851345417113
13.035819548451098
8.9229963889705264
12.912244723019343
3.4249287932503547
12.889388733788051
5.7786829247888258
3.3950564553001006
4.1819354386364376
4.6847856981574818
12.968661042262466
3.7765511143110877
3.4177681641527138
11.594097853745669
3.8490470137999577
6.2176040755177198
3.3613102850222334
11.603148264198218
10.151792558848594
6.0810150305443367
4.5657464701564265
3.5682246524066561
3.3848104473043081
3.6807766596780427
3.3488165939968182
3.5359983169154034
6.1023814715628468
5.5851656288116525
3.7074218491931488
3.5941292957878912
5.0231005778287239
11.661777886765686
12.926039678765642
3.4830446142734877
3.7764148153475294
12.311848239885958
4.5676270947593105
3.7765511143110877
4.4901917083254075
4.5676270947593105
5.5522118593686836
10.784324693329761
13.031856270151557
5.1785321858770761
5.6462351080526272
12.959316360010641
12.973546393711992
11.66177279372147
10.040798565737447
5.785885663541138
4.6353121191903321
3.5175466415704046
3.8689273042097261
3.8362921294093475
4.0473696153752776
10.065940231910592
13.069014328626691
5.3093589420910732
5.4398355121226425
5.3664412045574945
13.655014917473611
3.4948144281023739
7.712942903610764
5.4619879580217452
5.7319068123417347
5.3473450444927035
12.317938348121285
5.3093589420396814
7.2489718138937773
11.899222700274812
5.0968459305536138
5.1597287438411108
13.688447729479181
5.0956319746751895
5.1067240498880508
3.1470684159041289
6.8084298042188038
3.4466371707762287
5.3283637005580573
11.385714840662338
12.043244006032957
12.105170492907172
5.1950182625871744
12.329778978287083
13.812777367723262
4.615021595417188
5.1921466996502668
5.1950182625871744
12.574648492314848
10.661348115159583
3.3220463205755819
5.4621027462448186
12.016671898585081
9.2843242643680952
9.2833514375406452
3.7531900775374436
13.655683743093942
4.9477936717714721
13.753045630250593
4.9718667016263147
10.686609321077741
12.866585873044009
5.4847547370735681
7.8321607038324679
5.1948875942003152
13.255911957041688
3.6399463902101008
10.620242257395498
13.55260302993708
7.6383577574093078
13.686583310928203
5.3473437244246513
7.8489069447549884
11.270756104126574
4.5179072946624768
11.078700555619031
3.2998811124906524
3.3897330075613104
3.2003968347486453
5.5838117696692171
3.6140659425865604
3.612717799292287
13.430079213173025
3.2859755312668644
4.3615626844676596
4.7353087748474536
3.7611736745194948
11.448630808522438
7.4191559641578122
2.9275102330573124
2.9594838643314834
11.602833884242164
11.296943252773444
11.516294817019036
11.988960352021184
13.16158585863908
6.8492058240202107
8.3157101020256992
13.183032971647034
3.9882262007653266
3.1068216289668591
10.873622640015734
10.552671452364589
11.465444530312372
12.978307559001228
11.411070336705285
3.1896113749436665
4.4638871380023479
12.172706898349968
3.0130104964445414
5.9968210343315329
2.9275411872536159
10.707547396159022
3.5730822353984824
4.427504695124667
13.112049386152851
7.363990573595542
12.928050561553551
11.509761335841089
6.4543238676762575
4.4275065463463283
3.0204708944522691
3.2661580298488282
8.4422440529005645
11.583401754272531
3.3810471038523504
11.448626313714355
5.4326851345417113
9.3529897657004337
4.2929488464242507
4.932807797054334
9.9419631909231025
4.2971327803784281
4.2778325937446624
6.3020092871728366
11.672257630904065
13.018943951279331
4.3653817909703303
12.06295644086976
4.932807797054334
6.704707362302031
4.6200815200984495
4.6844339481797865
4.387970780723875
10.585892101869396
7.4261110929265861
6.8196003361192359
4.8763430678685262
4.932807797054334
6.8196029289212063
10.431106151640433
10.585891330891481
5.7422390192702295
8.6537458990448286
5.7522897021807777
8.5145396149810519
3.3906991664364527
7.6699625673898746
9.8830152827783593
5.7422390192702295
5.7522897021807777
3.5111295322187841
4.7083660264680169
4.846110114986443
12.975349278559415
5.7002848139393203
5.6854314379341577
3.9155955628843668
5.7621935655301328
5.6473828943280964
8.0804941041332281
5.0518933235747738
3.4822182624057634
4.5569927336678617
11.336707635535504
5.0882347997801416
3.9950760600835804
3.3906991664364527
2.4985562748127244
2.6948976788457513
12.585588675421137
8.030084718683387
4.8336303670289462
3.5606007202323782
13.430079213173025
7.8506300011780974
7.9081865897583166
7.1197744742846378
6.5817080035111237
7.1437397392496935
7.0784284729362863
13.035819548451098
7.9715606832628598
5.761694764330179
6.0556930508462381
12.602304259783265
5.8127766771023639
13.266313446895181
4.6353121191903321
3.2492450595870306
4.228966567902777
11.005179108115829
3.8988292359498642
3.5328127587165796
10.715832406836064
10.770538668367731
10.778362689329189
10.778362689329189
1.8382314362778525
3.6023343033767219
4.375433329999546
3.6755465737486652
4.375433329999546
8.312435510825301
3.6586081422865107
12.900753587335693
3.5564815449924474
4.4493779506697333
3.7054560227113691
9.3529897657004337
6.9988820676348826
5.140502464295075
5.6421311845414293
4.2929488464242507
4.2880198902758124
3.9473045368631401
5.0934730177022685
4.3244648128184036
4.3244648128184036
5.1349189100463644
4.9379884861378809
13.085068006901377
3.8895793279367132
4.4459019223340359
5.6613840333011751
6.9084265387795396
3.8633409093290005
4.2035992479397786
3.748553430711679
4.1908833639567424
8.43657807351134
8.9551541273476598
7.2219752428121629
7.8335878521569811
6.9545267228582253
6.943355781917619
7.7547984751094265
8.5606368840318634
7.0512770583363391
4.4069143176298331
3.4690781618920501
4.4460294841608565
3.6299754110383828
3.5175466415704046
2.4985562748127244
4.4089784933724241
3.3607900128829313
3.1882819721808051
4.7118509845284446
4.4438226596803876
8.9229963889705264
13.511147687831095
8.9564739538804279
7.9314903205634906
6.577117888468611
4.1887120021202753
6.5198659922420461
8.4668003237848772
6.3145389607132882
4.1477321132442642
4.0624299474398313
6.3251379640690333
9.5774100020694881
6.3251379640690333
4.3214458569930319
5.7565545298258458
4.2059272083560915
4.3835709444757649
5.5565035843585209
5.1178840570730655
4.3892762828445404
5.2171075945913241
5.0333918353291907
8.4094733175246539
6.5679552500725311
12.763592328881911
6.6377707638700771
7.5028904735281872
6.684758843741057
6.5980717573722334
7.3733224092314913
13.085644906263001
13.093977303752499
6.9988820676348826
6.3086432555247658
12.912244723019343
3.7607721241140895
2.4880085684504802
2.5661740809352573
3.0142003299670064
2.6576371654732251
3.207965106546002
2.633633291789113
2.4738903699800709
2.4614706422827615
2.0442554027549007
3.8689273042097261
3.2492450595870306
3.6619621426353182
7.0376354126345433
12.622011395796537
12.492120660452109
3.2859755312668644
4.4649089739016707
3.8362921294093475
5.394306353571257
9.2328218687207997
6.8358032489150169
8.0469811863994618
6.730906048746836
8.0469811863994618
6.7829708269122149
3.4249287932503547
6.62674582083232
4.4612847782345089
5.847130406135201
4.3615626844676596
7.8506300011780974
12.552486721278591
11.240614552988566
11.313933290406354
9.2328218687207997
9.310564552526662
5.8876239600498668
5.8049552184764028
8.43657807351134
8.7165599669712872
13.511147687831095
13.311580323920236
8.2287119137950278
8.1323002215138906
8.0458631288975262
12.889388733788051
6.3721238372707294
7.9077028783105607
7.3858686633999744
5.8956130371882809
4.0473696153752776
3.6619621426353182
4.7353087748474536
5.1179933070493062
4.8298498406444272
3.7607721241140895
2.4410816028885649
10.065940231910592
10.144266459473082
13.069014328626691
7.4319012901632862
6.8323842975076348
8.3586165320416281
6.7988266576707037
9.2039335340053512
12.821851452920692
12.871096930482384
7.4120046287987691
8.1545074926686851
5.3093589420910732
8.4978228161054048
6.6199848172948803
4.7011393837925599
8.760002923464496
3.7611736745194948
6.1063550705246374
6.1992552199578546
6.4794741405961656
8.1463352911976354
11.078700555619031
9.1161782225953143
5.8536297217075921
11.341265532872361
5.722918069991878
4.932807797054334
6.62674582083232
5.4398355121226425
7.4319012901632862
8.5145396149810519
9.9419631909231025
5.7786829247888258
6.426924802645603
6.5679552500725311
6.8568906826690581
6.9908171970773267
5.3664412045574945
8.5145396149810519
1.8382314362778525
2.532501136619012
12.430043585802105
2.7814136494086976
1.8617140666538146
1.782124115777193
2.4630457495090918
2.1606296892626182
2.8612841731987202
3.6715609116495016
1.8167929184617928
10.791589745586096
10.336041529230473
13.655014917473611
12.622011395796537
12.570576751596619
3.4948144281023739
9.7877951714255111
8.6315567459922118
3.3950564553001006
5.0384265309658423
12.698188979246195
13.100844092554087
4.2971327803784281
5.0732363570736085
6.4383253908945814
2.532501136619012
2.7010105398550768
5.9039956714273485
3.2379214617153642
2.9921127439428949
3.7203472580886694
3.6239777589033855
3.4298495949958521
3.1923689135846001
4.228966567902777
3.9298758221377681
11.005179108115829
4.9943233381563958
3.7299186258811319
12.389131369103831
3.2547665846532352
4.7723856244348832
11.624943824161253
5.2682667859370076
7.7363716972143104
2.4880085684504802
5.7584309322296843
4.9667355540567586
3.2418898882903542
5.0346925216348168
4.4388619621244363
4.4649089739016707
7.0119734639174087
4.1819354386364376
4.212550432795422
4.432077146237849
4.4115336127439404
4.7397780563067178
6.577117888468611
4.9741012925752646
5.0336910774518975
6.1680693969613314
5.1256422416170944
7.3654022876472016
5.7414896987055224
7.293830451513335
8.4609817001573067
5.0486510890174543
7.4276594546104304
9.9011305625602173
4.6847856981574818
8.0992500271192256
4.8058975820883658
7.712942903610764
13.193983553250186
9.3106520533016361
5.8409627893836413
5.4619879580217452
9.310564552526662
7.6975807768871789
10.180139327105126
8.9551541273476598
12.763592328881911
6.8568906826690581
6.7954848925630946
8.2291903234547785
6.9339476751531128
8.5319665165443261
7.3828613285652374
5.291278286435964
4.2880198902758124
6.2161218890772716
10.947537056194465
9.8603878264759466
4.4297847501155481
5.6925381673683475
5.140502464295075
3.7281097655237669
11.076747182424391
7.4813892811667175
6.6227029200783356
5.7319068123417347
3.5111295322187841
7.1027465134998931
5.0005623485486357
7.9457277323554436
3.9473045368631401
5.4860798840158269
11.448630808522438
7.4191559641578122
12.430043585802105
10.144266459473082
10.791589745586096
3.8988292359498642
6.4721479828502906
4.8725250685129637
5.0021741873755321
4.375433329999546
4.5217842011500995
8.0458631288975262
8.6315567459922118
13.351137115837126
8.0912441341015064
11.647919379372677
10.719985845270427
10.136206979234178
7.0931491610690802
9.3115250128561389
4.2778325937446624
5.0934730177022685
5.0732363570736085
7.9501415983590258
6.5487842793626081
5.0959026905269367
2.5661740809352573
5.7584309322296843
2.9275102330573124
3.7281097655237669
5.3425310153475545
3.6892418802044804
8.6471078400899888
6.3020092871728366
7.1197744742846378
7.0592361034275255
4.9741012925752646
7.3268328917568164
8.4796598331378625
5.7144301321333772
6.6608895205400769
6.5780155913405443
5.5737952741503625
7.604001497159917
4.1887120021202753
5.190744855215029
5.9725207981163209
12.552486721278591
12.633381678128224
11.643050404509346
12.118101132546247
5.3473450444927035
8.6537458990448286
12.968661042262466
4.3465434158497578
4.6971582869485466
4.7324515631139725
5.7081349423081065
10.336041529230473
10.947537056194465
6.5100116016438809
7.8741304843477096
6.4623580348396255
4.9943233381563958
4.9943333179642746
3.9656190518085448
3.7765511143110877
6.3148996549534724
12.317938348121285
11.016954588822788
5.3093589420396814
8.3082834192592312
2.7010105398550768
3.0749774729214807
4.3244648128184036
7.6975807768871789
4.7975021086883816
4.5457486240090432
6.5198659922420461
5.0336910774518975
8.3013525564925121
8.0562960466989608
8.8407904233273928
12.633381678128224
10.183912872479139
11.777511437656312
3.2998811124906524
3.7299186258811319
4.4077736447772962
4.0457541938210202
5.0675149914380819
3.3935184341745366
6.074254027006897
2.9594838643314834
5.2398386210405601
5.1883735380745932
3.6755465737486652
7.0243493044121434
12.115842372022444
12.037461716113389
7.3268328917568164
5.5911228384935008
6.6377707638700771
6.8323842975076348
7.4253901516351677
7.1359246795608202
11.602833884242164
5.8876239600498668
5.9733591653120417
3.4177681641527138
6.3148996549534724
4.3261072953088062
5.2842634879111099
5.847130406135201
7.9715606832628598
7.2219752428121629
8.7165599669712872
6.9482521198811362
11.594097853745669
11.672257630904065
6.426924802645603
6.5049610009245926
4.7975021086883816
5.4742503178989717
4.9020441276598774
11.296943252773444
6.2275727238203711
2.7814136494086976
1.7846921503004718
1.8096496673066007
1.8703833736024957
5.3491823685985178
4.7139266388601353
4.9020789489706154
4.862264700977831
4.6759733339272671
12.724576156742129
8.4668003237848772
13.053035122081857
4.3261072953088062
5.04030690944849
6.1589765720140486
6.3145389607132882
7.2489718138937773
4.7083660264680169
12.162015265181861
10.627978612728775
9.0772350920385154
10.23800633835209
9.3339400198702727
4.0660451936348556
4.5059636847158551
5.5771967668229738
4.3692358702995522
4.4962094819286893
13.018943951279331
4.3244648128184036
7.8335878521569811
8.5757843575751167
8.3013525564925121
5.1349189100463644
7.9501415983590258
5.2405382316718212
3.8490470137999577
9.1161782225953143
9.2484144064790659
6.4539730119724839
5.9039956714273485
3.794228255120645
8.0992500271192256
10.792682241120787
6.2176040755177198
9.8603878264759466
11.516294817019036
1.8617140666538146
3.4893516266727431
10.369512408555256
4.1477321132442642
5.5341711668235529
11.988960352021184
8.9328444362466737
9.3860628945730973
7.9081865897583166
4.9667355540567586
8.4291832799481803
6.8037175075800702
13.16158585863908
8.6537458990448286
4.846110114986443
7.1027465134998931
7.7363716972143104
6.4721479828502906
5.002747670996027
4.9565693549882397
4.3653817909703303
4.9379884861378809
10.83666906019676
4.0624299474398313
4.2713791226040749
5.4110652998240516
5.04030690944849
5.002747670996027
4.6976486621980076
4.4069143176298331
13.085068006901377
6.9908171970773267
12.06295644086976
3.3613102850222334
4.0660451936348556
5.583547595753414
4.0554070345733333
8.9434488277114301
5.7072960749714481
10.241339012616512
11.899222700274812
4.375433329999546
4.5217842011500995
11.603148264198218
3.8895793279367132
4.212550432795422
6.5017201912609428
5.5765038494994945
6.097942649656666
5.6820279186011611
5.8536297217075921
5.9128889404582941
5.0968459305536138
6.8358032489150169
7.4144193783864276
13.351137115837126
10.151792558848594
10.180288486179988
10.151605122650832
10.151799709830089
6.6199848172948803
4.3465434158497578
4.2673748992776961
6.8492058240202107
6.4700781699824752
5.3425310153475545
5.5785018609267167
4.451168949855572
6.0810150305443367
6.5049664383318175
8.4291832799481803
6.7732601198348705
6.6725844978114637
6.5017201912609428
6.0205943468809373
5.5765038494994945
6.0205943468809373
5.2198099627140362
5.3491823685985178
8.5823030458147311
4.5657464701564265
4.432077146237849
5.9420195667172422
5.1597287438411108
9.7877951714255111
12.863507539730209
8.3157101020256992
6.7732601198348705
8.31677147695736
8.2287119137950278
7.3101442719977561
8.9328444362466737
7.2005326245795311
13.688447729479181
3.5682246524066561
4.7679403014073856
6.3086432555247658
6.2648393325340042
13.183032971647034
8.312435510825301
12.248009055703458
7.5028904735281872
3.6023343033767219
1.782124115777193
1.7846921503004718
3.4893516266727431
1.7233778577247296
2.3060438637553751
1.6181889905960449
7.0097516418725494
1.6175998025379252
2.2939706607467425
2.0166866705984772
1.7554628036752449
12.492120660452109
12.698188979246195
13.100844092554087
13.215909412798585
13.301395754617717
12.162015265181861
11.462258467501451
3.3897330075613104
3.4690781618920501
4.2319341281779117
6.9545267228582253
8.5757843575751167
8.3896948036678047
9.5437599207762762
8.5026500764023982
7.7354816961208641
9.1839540973475966
8.0469811863994618
8.1080151087568453
12.389131369103831
4.9943333179642746
5.3466024828682199
3.3848104473043081
4.7011393837925599
4.2673748992776961
3.9400813499633687
6.2889002926194344
8.4796598331378625
6.6231807872076462
7.3828613285652374
9.4798321322311434
11.957027030694835
6.9411293411858743
10.200185685461763
12.975349278559415
13.053035122081857
3.9882262007653266
7.2005326245795311
4.0613602059490805
3.1068216289668591
2.8860767646903791
3.1601798778433308
3.4105943613885881
5.1303790364309174
4.6971582869485466
3.6899983222192496
4.4758308998907372
5.2842634879111099
6.1589765720140486
4.7324515631139725
5.7691688646654891
4.4131424995444508
3.6807766596780427
5.0384265309658423
5.583547595753414
5.7002848139393203
10.627978612728775
11.462258467501451
11.240614552988566
11.643050404509346
6.730906048746836
6.8037175075800702
6.6725844978114637
8.1080151087568453
7.9195601541323697
8.0144630148833595
8.3586165320416281
7.8595610684745267
5.190744855215029
5.1714117743753976
6.5817080035111237
5.8049552184764028
6.4330818281792688
5.0956319746751895
7.3101442719977561
8.2639381916962691
11.46666340004235
8.1323002215138906
10.183912872479139
4.2319341281779117
4.6976486621980076
4.2138458385268498
6.097942649656666
6.5100116016438809
6.981217013276054
7.9369445522741682
8.0300535672871334
7.3447575538943948
6.6736526469374047
3.2379214617153642
2.8566399456327671
7.7432847312175186
5.1067240498880508
8.4978228161054048
7.410643845045656
6.1063550705246374
5.6854314379341577
4.4903380234645587
5.4742503178989717
3.0142003299670064
2.2555850218075566
10.873622640015734
10.552671452364589
4.7139266388601353
7.9978693876440294
5.6670297741734501
7.9213205457441864
4.9020789489706154
7.9978693876440294
5.6820279186011611
5.2198099627140362
4.9755013348093851
3.2003968347486453
3.9298758221377681
3.5328127587165796
3.2547665846532352
3.1470684159041289
3.2877605345469552
5.7144301321333772
5.5911228384935008
4.862264700977831
8.5823030458147311
6.6231807872076462
7.7432847312175186
5.6670297741734501
7.7432847312175186
6.1680693969613314
8.0562960466989608
8.0912441341015064
8.1610893335476806
11.465444530312372
9.3860628945730973
11.154710149426888
8.6510496507249961
2.9921127439428949
3.6878156044204728
6.8084298042188038
5.0005623485486357
3.4466371707762287
3.3488165939968182
4.7679403014073856
3.9400813499633687
4.8298767292704889
12.978307559001228
11.313933290406354
6.9908171970773267
6.7988266576707037
7.4253901516351677
1.7233778577247296
2.8742975483753361
5.3283637005580573
9.5892843966813697
8.5359252675233499
7.0376354126345433
5.9733591653120417
7.562284318468862
4.8419427287455719
4.4460294841608565
4.2938619698951568
3.7203472580886694
3.0749774729214807
3.6878156044204728
2.5406871265044813
4.1661201942404622
7.6699625673898746
7.9832364463338852
3.6299754110383828
3.6899983222192496
4.2938619698951568
8.9504445913804229
11.385714840662338
5.1179933070493062
5.1961505081781398
12.043244006032957
5.291278286435964
3.6892418802044804
3.5359983169154034
8.973359591488137
5.6132457817260653
8.2377614840018492
12.105170492907172
5.1256422416170944
7.5820677011195476
12.118101132546247
11.777511437656312
8.0469811863994618
7.3654022876472016
9.7452074796207935
4.932807797054334
9.8830152827783593
2.6948976788457513
3.6586081422865107
7.9832364463338852
11.40688146584478
3.1761569513432013
3.2028190243929959
12.900753587335693
6.4383253908945814
6.5487842793626081
6.1023814715628468
8.6471078400899888
12.115842372022444
11.411070336705285
8.3896948036678047
8.1610893335476806
9.2039335340053512
7.6286883821590976
5.1950182625871744
8.2639381916962691
6.684758843741057
6.9352039479977403
12.724576156742129
3.8750316981916972
4.5059636847158551
4.0554070345733333
12.329778978287083
12.585588675421137
12.129380355251561
11.076747182424391
11.154710149426888
13.812777367723262
10.715832406836064
4.8725250685129637
4.9565693549882397
13.311580323920236
13.215909412798585
2.5343731055364067
11.038875679094128
5.5851656288116525
4.4115336127439404
3.1896113749436665
3.5564815449924474
4.5217842011500995
7.0243493044121434
4.5217842011500995
12.248009055703458
5.7081349423081065
5.7691688646654891
7.7432847312175186
3.7074218491931488
6.3721238372707294
4.615021595417188
4.4089784933724241
5.394306353571257
6.3251379640690333
5.5771967668229738
4.4459019223340359
5.1921466996502668
8.2883412620264227
11.647919379372677
9.5437599207762762
5.5341711668235529
5.4668945911212585
9.0772350920385154
8.6210848494845926
5.761694764330179
13.193983553250186
7.880222486033758
5.9805875408453009
4.4638871380023479
3.5941292957878912
6.62674582083232
10.23800633835209
4.7367058310470069
4.856916194504624
12.172706898349968
7.98623299459011
7.0119734639174087
3.0130104964445414
3.8750316981916972
5.1950182625871744
5.9968210343315329
3.6239777589033855
5.2398386210405601
2.8860767646903791
2.8566399456327671
3.1751382262968959
4.3755686474753626
3.1372635368616035
5.0231005778287239
9.2484144064790659
12.574648492314848
5.6421311845414293
6.1992552199578546
7.4813892811667175
11.341265532872361
6.4539730119724839
5.9128889404582941
2.9275411872536159
4.0613602059490805
9.5774100020694881
5.1789187415762594
10.661348115159583
5.5838117696692171
5.722918069991878
4.6759733339272671
4.3692358702995522
5.0107108128527651
5.0821898556430369
11.661777886765686
12.926039678765642
10.719985845270427
8.5026500764023982
3.4830446142734877
4.8437504243805884
6.3251379640690333
4.9020441276598774
4.7367058310470069
4.3214458569930319
10.180139327105126
4.5457486240090432
4.4268911768602139
6.704707362302031
4.9925199305921586
3.3220463205755819
5.821131043801163
6.943355781917619
10.136206979234178
5.7565545298258458
5.7414896987055224
7.5820677011195476
9.7452074796207935
3.9155955628843668
4.2059272083560915
6.2275727238203711
4.2713791226040749
4.4903380234645587
5.4668945911212585
6.2275727238203711
4.3217694500009456
10.707547396159022
7.0931491610690802
6.981217013276054
7.9767978851244168
6.9964387814906139
3.7764148153475294
6.6608895205400769
13.301395754617717
8.760002923464496
8.3082834192592312
7.1437397392496935
7.0592361034275255
4.4612847782345089
7.8741304843477096
7.9369445522741682
3.5730822353984824
6.2648393325340042
8.030084718683387
11.40688146584478
5.4621027462448186
4.6200815200984495
6.5049610009245926
5.6613840333011751
6.2161218890772716
5.4860798840158269
8.9564739538804279
6.7829708269122149
7.9195601541323697
8.0300535672871334
7.4788360333626924
12.311848239885958
5.7621935655301328
8.6210848494845926
4.5676270947593105
5.847130406135201
4.427504695124667
7.98623299459011
3.7765511143110877
6.813431625094041
6.8103248649934267
12.016671898585081
13.112049386152851
4.3835709444757649
5.9725207981163209
8.9434488277114301
9.1055215904999862
7.9767978851244168
8.1080151087568453
9.4798321322311434
6.7954848925630946
6.9482521198811362
8.0872771663126812
7.3061479812857542
6.9084265387795396
5.1303790364309174
4.2138458385268498
6.3148996549534724
3.9974790574861307
8.973359591488137
1.8096496673066007
2.3060438637553751
12.821851452920692
7.6286883821590976
8.3668204521307903
7.0806168628576689
7.5091898744063696
7.9213205457441864
4.6844339481797865
3.2418898882903542
4.9925199305921586
7.9077028783105607
5.5565035843585209
12.037461716113389
11.957027030694835
5.6473828943280964
5.1178840570730655
4.4297847501155481
5.1714117743753976
4.0444506375830303
3.4298495949958521
3.794228255120645
3.1751382262968959
6.2275727238203711
6.3148996549534724
4.7734065463695181
4.4901917083254075
4.387970780723875
6.62674582083232
6.5049664383318175
2.4630457495090918
2.5406871265044813
2.4279711344597747
3.7421687864529805
4.5676270947593105
5.847130406135201
6.5980717573722334
8.2291903234547785
9.3115250128561389
7.7354816961208641
4.8058975820883658
5.0021741873755321
9.2843242643680952
2.6576371654732251
5.0346925216348168
9.2833514375406452
12.863507539730209
11.46666340004235
12.65849368888491
8.3668204521307903
6.9339476751531128
8.0872771663126812
7.7547984751094265
6.813431625094041
3.7531900775374436
10.585892101869396
10.770538668367731
1.909919912784793
2.1582291495012433
3.207965106546002
2.1606296892626182
1.6181889905960449
2.2555850218075566
2.5343731055364067
7.3061479812857542
1.909919912784793
7.3061479812857542
1.7564719122418175
2.2470573200257622
2.7222189374716992
1.7819681107724252
3.3607900128829313
3.2877605345469552
4.5066367276068471
3.1601798778433308
4.3755686474753626
5.5522118593686836
5.6132457817260653
7.363990573595542
8.7918574963421214
7.4261110929265861
6.4794741405961656
6.9411293411858743
6.8211790866995266
7.0097516418725494
6.0556930508462381
5.6786291160325231
12.928050561553551
11.509761335841089
4.4493779506697333
3.1761569513432013
10.784324693329761
7.3061479812857542
6.4543238676762575
6.4623580348396255
6.4700781699824752
7.3447575538943948
12.871096930482384
4.4275065463463283
5.0107108128527651
3.7054560227113691
3.2028190243929959
7.3733224092314913
7.1359246795608202
8.0144630148833595
13.655683743093942
4.8336303670289462
3.1882819721808051
4.4962094819286893
5.0821898556430369
4.9477936717714721
5.821131043801163
7.2509794971074681
6.8196003361192359
10.83666906019676
7.562284318468862
6.6385304794489155
7.293830451513335
3.0204708944522691
4.8419427287455719
6.6385304794489155
1.6175998025379252
2.8742975483753361
1.7564719122418175
3.5862457035135571
4.0357226743332104
3.2661580298488282
3.4105943613885881
8.4609817001573067
6.5780155913405443
2.633633291789113
2.2470573200257622
5.7072960749714481
8.5606368840318634
10.792682241120787
10.180288486179988
2.8612841731987202
2.4279711344597747
2.2939706607467425
3.5862457035135571
13.031856270151557
10.241339012616512
8.2377614840018492
5.1785321858770761
9.1055215904999862
4.7723856244348832
4.4077736447772962
10.151605122650832
10.151799709830089
13.323730477695046
4.7118509845284446
3.6140659425865604
4.0457541938210202
4.9274014701090527
4.3892762828445404
5.4110652998240516
2.4738903699800709
4.4388619621244363
5.0486510890174543
8.8407904233273928
13.753045630250593
8.0804941041332281
8.0730573266618766
12.429491328311334
8.4422440529005645
4.8298498406444272
8.7918574963421214
2.0166866705984772
4.0357226743332104
4.9718667016263147
7.4120046287987691
8.6537458990448286
7.8595610684745267
10.686609321077741
5.0518933235747738
7.3858686633999744
9.6137227929866906
3.8633409093290005
4.9755013348093851
12.602304259783265
5.8956130371882809
5.6786291160325231
13.323730477695046
9.6137227929866906
3.1923689135846001
3.1372635368616035
4.2035992479397786
5.7326944147500489
12.866585873044009
9.5892843966813697
7.0806168628576689
7.5811507189456258
5.4847547370735681
8.5145396149810519
3.4822182624057634
6.9908171970773267
6.9908171970773267
6.9908171970773267
4.8763430678685262
2.4614706422827615
6.6736526469374047
6.9964387814906139
7.4788360333626924
8.1080151087568453
7.8321607038324679
12.65849368888491
10.778362689329189
3.748553430711679
5.1883735380745932
3.9974790574861307
4.7734065463695181
5.7326944147500489
6.2466251912688033
5.8127766771023639
5.1948875942003152
7.4144193783864276
7.410643845045656
13.085644906263001
6.9352039479977403
6.8103248649934267
3.6715609116495016
10.369512408555256
1.8167929184617928
1.8703833736024957
1.7554628036752449
2.7222189374716992
4.932807797054334
5.0675149914380819
4.9274014701090527
10.200185685461763
8.6510496507249961
6.8211790866995266
5.6462351080526272
4.856916194504624
4.8437504243805884
11.583401754272531
3.3810471038523504
5.5785018609267167
4.602811942220181
4.7397780563067178
8.1545074926686851
7.5091898744063696
13.255911957041688
8.5359252675233499
7.2509794971074681
7.5811507189456258
12.959316360010641
8.5319665165443261
6.8196029289212063
12.973546393711992
7.0784284729362863
6.4330818281792688
11.448626313714355
8.1463352911976354
11.66177279372147
10.040798565737447
7.0512770583363391
9.1839540973475966
13.266313446895181
7.4276594546104304
5.5737952741503625
10.431106151640433
4.4758308998907372
4.4131424995444508
4.1908833639567424
6.2466251912688033
6.6227029200783356
5.0959026905269367
5.2405382316718212
5.785885663541138
5.9420195667172422
9.3106520533016361
7.880222486033758
9.9011305625602173
7.604001497159917
3.9656190518085448
3.3935184341745366
3.6399463902101008
5.1961505081781398
10.620242257395498
11.016954588822788
9.3339400198702727
13.55260302993708
4.5569927336678617
5.6925381673683475
4.0444506375830303
5.2171075945913241
5.1789187415762594
4.4268911768602139
7.6383577574093078
12.570576751596619
10.585891330891481
11.624943824161253
13.686583310928203
5.3473437244246513
5.2682667859370076
5.3466024828682199
7.8489069447549884
12.129380355251561
7.9314903205634906
8.2883412620264227
5.0333918353291907
8.9504445913804229
8.0730573266618766
8.4094733175246539
12.429491328311334
3.5606007202323782
3.612717799292287
6.074254027006897
11.336707635535504
11.270756104126574
2.0442554027549007
2.4410816028885649
11.038875679094128
2.1582291495012433
1.7819681107724252
5.0882347997801416
4.3217694500009456
4.4438226596803876
4.5066367276068471
10.778362689329189
6.2889002926194344
4.8298767292704889
4.451168949855572
4.602811942220181
4.1661201942404622
3.7421687864529805
8.31677147695736
13.093977303752499
3.9950760600835804
7.9457277323554436
5.8409627893836413
5.9805875408453009
