3.180532226548018
3.4589691417086397
2.3486782285900167
9.4954483785885326
5.27947046249108
3.4503464938860149
9.5211112793792658
2.2340765897332462
10.811986915701663
2.232670683586357
2.2344675686670734
8.6684828734816364
11.480663669093746
5.9158041739234157
11.260596906217733
13.135321188318727
3.3719526252084808
5.6755337547636877
11.060647942697813
8.3474915490828074
8.4958436867678255
2.718076468805084
13.423561871582685
11.65588484348328
3.2276231892058869
2.3899344534530145
13.558527666339796
12.359126991192626
8.6577778412597315
8.9669117217289411
10.804886162535034
3.7821528828100566
13.314114027312028
3.8693249041638618
2.6912874647255371
10.689279052484968
11.959610734509406
4.2334884919704772
2.4388823217111901
11.568959204155673
2.1854051974047182
11.03340457009274
6.3168618266085437
3.0115672542457861
3.229445363466501
12.746111816546328
3.0183998038137854
2.0453480857255459
11.595386542582681
3.2345426611304338
13.399728914190783
5.6883323117826006
8.8588607470372889
3.074445374772754
6.0212280407008603
3.2299641476153824
8.0642339070661233
13.503526090830835
11.610942759843654
12.369180727984807
12.867732012899895
13.44270396587285
13.399270397992446
2.2396456644686116
13.745297710194398
11.405764175540316
2.3337932248550217
3.2669456230258369
2.872744125147519
3.2275310146897622
2.0238956080539046
6.6822762701774101
3.7268401435037788
10.975679907342768
6.8167434238735538
8.6711807325354133
13.68895211254855
3.9052525617396094
11.034589326217279
2.2368486193508383
10.685868976114431
13.785050394489733
8.1407053636659263
13.717761176014037
4.8174880742766648
11.010987265631332
2.4839952518605317
13.515624306131125
2.8188802165521518
2.5353222988023236
3.2265149481834587
3.2995367893529122
6.3195255369453154
10.758011809271633
10.075283306409821
6.2731806531543395
3.2340574417529786
6.4763834819335697
13.110976475498974
5.5215314619907954
2.6085934877535442
11.458336016269197
2.2378484019433196
5.3959008549072855
2.5398977670274165
11.320387289485202
3.2341107867687131
11.111351879112499
10.831323912772275
11.044202280924202
5.8068140628282539
9.4960441242907336
12.018830166458123
12.189532388326914
4.3809316607753228
1.9171136015303882
12.597222204069537
9.4753038754201011
4.2480336743431062
9.7970846972086871
4.9762328772022579
4.1490485474879666
9.7156118405134251
5.288984244539253
2.1920195345038218
9.3021828426544495
3.8980048066562638
9.4751487698315309
2.3290186892738971
9.2718467527704309
2.2360293348011875
2.0923989159501963
4.5657228983911269
12.623964269987253
9.9240005893033238
9.4368528539771006
4.4423289399694195
9.3387465421061631
11.108060215065667
12.823244774723189
4.5569189790934139
2.0428565426417973
2.2273967613140089
4.1435348090757165
7.1342258569535577
2.4326054287772267
12.239131072723268
10.117383286755992
9.6898678595293717
2.0283469423990774
4.8136422702818811
2.4117580446030238
2.3146193380235509
11.914918648392252
2.0782147569702984
2.098164097496694
2.9864289939519364
9.2139258346492934
11.238713704020061
1.929313220860998
9.7118794767091501
3.5269776195341169
5.3793611573169295
9.7313026588008498
10.51955432166011
2.5059314175869805
4.0796053637164489
2.0070890729901478
13.093041976506337
1.9734131282635328
10.534689295945277
3.952014918968318
13.469323006455507
10.056791151345449
4.5569180715410837
2.258525565547616
10.390750259223145
2.1770294083090982
2.0985602937575161
2.4847382164554999
11.300545850566694
2.3206703360238619
2.7088436368855935
13.634111629304105
2.4016824638972185
2.3297135816988246
8.3235114738016964
12.863546368176005
12.795245633500352
1.999858716789858
6.6571675055175525
2.5323853082987982
2.0309551981065979
6.6059268685256756
10.331382201104613
2.1083851111046878
7.1510162009093881
2.7088436368855935
4.4517137329703527
2.5321410637499775
9.6931725969217357
4.717182992808671
2.4371402033386356
4.7884092816930384
9.2843201530272133
2.0936928241778752
4.7885281145515473
10.173930935929166
10.105766383368257
9.3967904216902109
10.105766383368257
1.9739235089002418
9.6898678595293717
3.180532226548018
11.044202280924202
4.5999939280096429
4.0362607774553325
5.5685818733799524
12.4195879429105
4.3370129343984321
12.432820962713256
13.024353519780117
5.0886982856452185
12.244497419284706
5.700158059663651
12.415666216176362
12.486971600654844
4.9666267345003341
4.7617541112752102
5.3506123100959124
12.459643223880567
11.532511614820308
2.2366565954590514
6.6234775816746412
3.8220836821673072
11.092021759000454
2.3366706022494297
9.6330983200923033
2.5782175034603401
10.743765933092234
3.9126920495727608
6.5505942350199877
3.529759358271543
6.2369381134837605
11.9585269693975
11.004474665980082
2.8425342118209258
13.747803111972679
3.4243306462266712
11.974007244769998
7.0522281494750505
13.332768706558438
11.329123488546998
6.5649232549009868
10.537378232269676
2.8555360143321304
2.1977683201081879
9.3353000343857051
2.5638107000819055
3.8549143894607161
11.716612771708766
11.467156051860444
2.7673977341368525
2.0910205294142585
11.674525009145324
2.8421300484705805
12.011606892338531
2.6432591964316323
9.0562710804009452
12.047213966663163
2.877644948035631
6.3805577088577836
2.6544616990276881
3.6310415568695626
3.2608450291327844
2.561094365354978
2.1962605192688209
9.0143777170084523
2.1114555243763369
3.58477263926564
13.600819767164658
13.003252369240551
11.960928670961435
11.960390567231931
13.430226900963216
11.663375405460686
3.4489374470793082
13.598593155543343
2.4764718323799944
3.0274222460174096
2.8459479905178786
2.1836278298403839
11.728911491472472
11.974433602492667
2.8425342118209258
12.752311930381742
2.8425342118209258
2.7915723843576186
2.3618306383353631
7.1486225498344993
10.948445824579652
4.9118758504835176
7.0215677479026501
7.6813767909764845
3.837438512895464
2.4723762587115705
8.4147666322540697
2.0583594446662992
11.682265102830383
9.5664100984757354
2.3761404845155845
11.65817428149659
10.992590058114569
3.4029327514011189
2.4128345053157512
12.018208414658803
2.5373470030813436
3.837438512895464
13.62115771457133
2.2470109385365125
13.461554581032848
13.764121371482149
8.9042658440584734
2.1213646291742343
2.4128345053157512
2.3810968991274399
8.789218578932207
2.780730809418869
13.788133818440508
11.966469533703096
13.788133818440508
2.9876744659820402
2.9876744659820402
3.1755769673115744
3.1902341319505805
11.44022807622634
9.1368857153120384
8.6380132525942841
11.9585269693975
8.6133431348104192
2.1670629902366172
8.6700080742146088
3.3526966593958103
10.61220100973501
3.4589691417086397
8.5263832383044988
11.019132473276985
11.246080407569554
10.249034717027405
11.913446146575339
12.057673562880508
12.75568288230885
7.2192192367695496
3.1754620327055605
13.79061438543093
9.2082699590635428
12.031307279028299
3.2080370519328825
5.8959712806296061
11.503106805670313
2.9603121538504831
5.8672501385413902
3.4497203432865717
9.6086283369576666
3.2422440553843126
2.9704662341044816
11.963259788210692
9.2866522272631364
6.7009943533569638
11.906602474439675
7.1012910749733624
11.511512698958544
6.0507586704173617
3.538918501216644
12.698612995756228
11.349171222652526
6.1026899700652413
11.429800693032631
11.458386779306945
11.473203465826792
11.973757920897695
6.918789025619879
11.996945176337725
13.056538532673905
6.6778470352388668
3.5840845646134762
11.47894144751389
12.164475747194009
6.7012524664292084
12.028653204818546
6.7635289863147401
4.0380323753084166
12.084712471872963
9.8317013954279275
11.100429998235716
9.1938525237415156
9.9246553223559921
3.2289368838656869
11.772170687888176
9.7863012355928678
5.4952550945092948
6.9163091568882704
5.8068140628282539
5.5835518224785119
2.8603931351147009
7.6922700061148692
9.4960441242907336
11.401202167952663
4.9820541180574169
6.5161687472457333
10.485882837111598
4.6186242568164966
8.2191173929007899
8.0325274730746923
4.5725127436972066
11.194239639554064
4.5332098511430567
6.0239855899987367
6.7835997402620993
4.8333441001908177
8.0091035855781616
8.6407884536568744
5.2844145159175717
5.6683155955961535
4.5006592327849537
8.6539676273737012
11.228615113949783
11.228615113949783
10.510214877864444
11.056419108288004
4.7765631967113515
12.018830166458123
2.8603931351147009
2.6430334148371992
6.4633062794670479
3.2760246275512031
8.4540533884838212
2.7569035999086364
12.189532388326914
2.2366565954590514
5.2817175967304744
5.4518359551501847
6.3490433553923937
12.934470747488154
4.2157673582337853
4.2039750761076267
12.666614311889468
12.825485167852978
3.3920581116965987
3.3148276545832496
3.7267058978122338
3.4885149257005721
3.9922151396172296
13.492720216874405
2.3486782285900167
4.7078352316510621
5.5835518224785119
6.1087030642430582
11.183863046343728
11.092713209117177
2.8953093224237731
4.9702230952656574
2.9174624365917237
10.546791991705197
3.3749584458379509
2.9761596495740164
11.681185657769065
12.340301601378638
12.169232841579946
12.169232841579946
4.3809316607753228
4.5999939280096429
3.5648663083833498
5.7340838802963745
3.7856586326529498
3.6399052826352332
4.5644892228143945
3.497724013577145
5.1545112871174714
4.5252059780419307
5.1926846728133622
7.562284318468862
6.6234775816746412
4.5627034557237529
8.9874892885609174
4.0318759808933526
4.56307141789065
5.4329527843111984
6.6279925125918107
11.296189366339783
11.329897410276764
6.7020137907075776
6.7106001887840758
6.1332149182788323
9.6230313944364312
9.0881364203003727
6.1318750306133447
12.014500740999368
8.5263832383044988
7.0238700043773701
3.591639550699822
6.0822029285248833
9.4954483785885326
11.019132473276985
7.7314238337213492
3.9035309771007607
9.1592507605462643
9.8137492561190527
4.2066121361195314
6.1115784118753158
3.8065708714746656
3.5662224441590933
7.781878467399709
4.8413813666142191
11.338978333439927
5.5625285568294691
7.7741417587248138
7.7205876732147187
10.046101332046193
7.7792460561358592
10.644524331954491
10.201814348232627
5.1000098869331545
5.1076579927714718
3.8220836821673072
10.452393077433724
3.4873886264247562
5.1437448609542482
10.735907870112323
3.9881264285554443
10.752120348144638
3.8559718317502112
12.67863238911966
13.597798986595052
3.1684597517622874
11.635889890829015
13.162660228892143
3.2595646532390838
11.87323822366182
4.980241248290775
13.316206410954946
13.250292365366716
5.782921427666829
12.716597929716229
13.426879664320394
10.762462913969047
4.980241248290775
4.0362607774553325
4.5715376012376581
4.2727520924409959
4.139417133791067
4.5715893821360574
4.6784174653047153
5.3380307139180792
1.9171136015303882
2.6430334148371992
8.7705452254752228
3.941489635892832
5.27947046249108
6.4088542324125592
6.5828759874669673
3.4503464938860149
12.597222204069537
4.3080853063585778
3.9723620617904536
3.5461587826693797
6.9900736071313716
4.4004934015039749
4.3744974465211834
9.5211112793792658
11.401202167952663
5.6037184981383961
5.4521163456351962
5.5097323102571245
5.3307023506338105
6.0728398389488705
4.5901368852655935
3.357525242917176
6.0728398389488705
3.8647811688441891
10.302191968983106
11.084521226154935
10.193050426113274
10.845383170430205
3.8072170840809205
6.3900601540209498
6.1011870531656935
5.7151395853063747
5.6311194992578146
7.7936387615232672
3.2270491446355751
10.807653915017999
3.9148500582030246
3.6891041334151398
11.080939910299188
6.0965044478450663
8.6707238203460584
6.0728398389488705
3.6596184314462232
3.085897311355748
5.4906926696599383
6.0709347520589363
4.2432649176426329
11.332936950520361
10.407072835039008
10.452393077433724
12.631643736673487
3.1537149642632545
4.047566651628876
4.5672109593765011
3.2531274102760035
3.0998684611529161
4.1213319160297868
4.2681694283253995
3.379349177757911
10.159899058286445
3.7090429525451771
3.3482863704118699
4.5387118202624288
4.4504437476486425
13.567678070134681
13.38491304193391
7.0238700043773701
3.2854804163360773
9.4753038754201011
2.2340765897332462
3.9804593409002411
6.4879679388910159
8.8093247574684082
10.811986915701663
5.0736977253066549
11.924380287035239
7.1192209289575858
7.1192209289575858
6.2286039318227679
7.1192209289575858
10.916198855436111
5.5530905580972441
11.246080407569554
11.309000547028068
10.926882548466862
4.9997267126963072
13.457982618092283
10.614936041395765
4.3559375454251308
6.2912873271034266
12.821706662813998
11.304704276587394
11.257180421260122
13.500038320765064
13.457982618092283
4.2480336743431062
3.5648663083833498
4.9456247204963795
9.9533337202336156
5.2863762055961798
5.3299311622077798
11.092021759000454
6.8868280235137167
2.3366706022494297
6.2439102528332189
6.8813603856197245
6.9953914596231277
3.9787813804186674
5.3057432826558122
4.6967139929765978
4.1663102701389771
4.435303986298857
2.232670683586357
13.403264682916127
11.746845186401483
4.7783804122427274
4.4427330314244688
9.6330983200923033
5.2817175967304744
4.6065718612193356
9.7970846972086871
13.656719930816774
9.0482623508828794
8.5946633853031518
13.780673875543895
13.780673875543895
2.5782175034603401
6.5970356427072048
10.743765933092234
3.9787813804186674
3.1666550252863095
12.666614311889468
3.7201669661112526
6.6036024719646562
3.4884182657421112
4.5715376012376581
8.5070800347802553
4.3080853063585778
4.0004228091652552
4.4393780559368423
7.2087235729671004
10.249034717027405
9.9540165599018238
10.960058387998055
10.031574134677589
12.440587093099362
13.604878967853296
11.658708401939464
5.5345865682940127
5.508875327539811
12.914487187918857
5.4518359551501847
2.2344675686670734
11.183863046343728
3.8936032271276888
11.893790396580329
12.395431387098352
2.846613827678897
3.933054990321978
2.7352082208339907
11.581682698136312
2.821062824118429
11.716081289740771
3.8491175616374864
12.300606046187818
11.182889253814738
3.0157086894695051
4.9762328772022579
4.9456247204963795
4.1490485474879666
3.9126920495727608
2.7337757209120332
8.6684828734816364
9.7156118405134251
5.4952550945092948
11.223449071133695
9.1219863184949723
6.9686416880283639
4.2466711511200153
3.6053193220447053
5.3496456144538911
10.874574840633494
12.340875983737453
5.288984244539253
5.1038751808986547
6.5505942350199877
11.296189366339783
7.4017392346534994
6.8640555723148537
7.386517981990349
7.4017392346534994
6.5567496189332157
6.1177807339792194
2.1920195345038218
9.5783241895429807
2.3783741127330615
3.5735417761343671
3.4236789113884623
3.9077785808344441
5.3468413674259221
6.0314182742724745
7.8741304843477096
6.2257984858229953
12.317938348121285
9.3177869230363619
5.0418019442864912
6.347540906791707
9.339910545838519
9.3389177262836931
7.496842830522648
3.529759358271543
9.9540165599018238
12.292152350691424
9.7769841392335781
10.446749938240899
8.6154258966309758
7.4599671807677517
8.0586237919284311
10.282889328117053
10.6366650707687
4.5639526299256845
9.1123952814382143
12.948398269082814
5.7400877685322627
6.8947741456803771
8.4170103957578775
5.5096265827154483
8.3762756511821248
12.446707135302834
9.879092656956983
11.695783398179946
10.410225094678307
12.771276356971129
10.588810729691374
5.7321667056041132
11.480663669093746
5.5685818733799524
13.035981456298808
5.1135165832792788
5.5399561595282769
6.7716877837591154
4.6463228547748487
6.1087030642430582
6.2402236408203589
12.631643736673487
3.5394032293181832
5.1787594986865777
5.2772825720348973
3.7605467274931152
3.6304618989281576
12.130427438898108
13.337639385323154
12.593002548003634
9.3021828426544495
3.8980048066562638
9.5783241895429807
9.5139293190052481
9.9533337202336156
12.546047087268802
11.913446146575339
11.223449071133695
6.2369381134837605
5.1337285556163579
5.9158041739234157
12.057673562880508
8.1516460530380108
4.6288296261471329
5.9149690937780175
13.626745856639028
6.6518962901205549
3.1537149642632545
3.3865778159618398
4.6872819837111752
3.7884957660802079
4.2347728199377972
11.309000547028068
12.75568288230885
12.292152350691424
7.5325928583535715
5.9996352642719168
6.1524719377120096
6.3143150269124488
11.9585269693975
6.4633062794670479
9.0728471155875177
11.004474665980082
5.1926846728133622
10.926882548466862
5.0288831750773006
5.1926846728133622
11.550372206476375
4.9535044350652795
3.9136538824028664
12.108640106030588
5.1926846728133622
3.8246354893371697
10.298671120616925
3.8795937623283163
10.469991738275597
12.447974947747122
10.734098007791028
10.303964190144594
4.5785486447448553
12.895345020431355
6.6724344499455173
10.870612046336388
13.104279718438629
5.8812741065741232
5.0451114263806787
5.1568709801054977
6.2000713310405056
2.8425342118209258
6.0810150305443367
9.4751487698315309
2.3290186892738971
5.2863762055961798
8.1605402627643535
9.3982448711343523
7.2192192367695496
11.271932110328637
11.260596906217733
8.1516460530380108
4.047566651628876
3.5394032293181832
4.7460875276192827
4.5718429904248028
4.5672109593765011
5.1787594986865777
3.1754620327055605
4.141832464350454
13.035981456298808
13.747803111972679
5.0288831750773006
4.4343027480291211
4.8132705476395392
4.8258567860091608
4.6585793156500337
5.5153663733769811
4.118489629903836
4.3018343890726722
5.6994321402178647
5.87467697656247
13.135321188318727
5.7340838802963745
5.6961149616923432
3.7856586326529498
4.296172336464041
4.2936314370044508
3.8569102755335396
5.5352842402563533
4.2334751939336712
5.4573226987866414
6.6928543682450927
6.1156796336011956
4.9997267126963072
7.1192209289575858
6.0805976628810088
7.4063612355294381
11.080569386829103
3.4243306462266712
6.2439102528332189
4.8075540225626963
4.4844362154523383
13.79061438543093
3.3719526252084808
4.1738766542671977
6.6632669209963691
8.8826838234157677
5.6037184981383961
4.8466732635394179
5.4895974517314201
5.5966837224809698
5.3496540685071148
5.4045544854865932
5.8268145758197809
7.4872226793324019
9.2718467527704309
5.2772825720348973
12.155055983807058
4.6131004685720631
5.6755337547636877
5.5954500286722837
13.406605005940332
11.019603156704942
5.7431204886718099
13.80556849531518
10.609758935428966
5.6076825962647714
13.236782675827486
5.6700374873004442
5.7234256653657338
12.195471215833933
9.2082699590635428
11.974007244769998
2.2360293348011875
11.092713209117177
2.74038522169467
11.09268797735562
11.910464110996546
3.6642072449832686
2.0923989159501963
3.1666550252863095
3.4011969097819166
11.060647942697813
5.5895746101986115
6.0030534890746248
5.5363486977507419
6.1589765720140486
3.4873886264247562
3.2531274102760035
3.3865778159618398
11.75430912680606
3.4339173488990231
4.142993868608368
4.6999451844710718
8.5245337996256811
7.7461302093118602
8.3474915490828074
11.154910282287263
8.5525506720851059
8.2722852514692331
7.7081701151312823
8.4958436867678255
5.5954500286722837
5.807220727235876
2.718076468805084
4.7714475986800613
5.3613945757465125
7.0522281494750505
6.7316654519103016
7.2861912609918962
8.854731194385085
12.825485167852978
3.591639550699822
9.7769841392335781
4.7076008506780456
3.5627673018116055
9.8839717827462863
4.3333079699645616
4.4904205991305863
9.8476994010319956
3.2035698448907008
6.0441021408893025
3.4510985782696517
4.2944637236608028
4.8267803479493097
9.3895434727111571
4.5657228983911269
4.9820541180574169
4.5877993315061829
9.1215151478630982
5.2517436425873596
13.332768706558438
7.7314238337213492
10.558457624743548
13.423561871582685
7.643913567065983
12.623964269987253
9.1219863184949723
9.2090488364011325
9.9240005893033238
11.329123488546998
6.8868280235137167
4.9783436275657715
6.5649232549009868
4.9457347235436684
5.1038751808986547
5.0451114263806787
7.8741304843477096
3.6399052826352332
5.3013996158472176
13.769368447405318
6.6928543682450927
13.406605005940332
5.3310971109776197
11.870959174504444
5.8724447031208422
7.2146199685219132
5.4704988202863136
12.577674219121889
9.8839281004374282
3.9723620617904536
4.0004228091652552
5.1437448609542482
10.537378232269676
10.735907870112323
3.5089163278650526
4.5796423158356907
4.2111580511571907
3.2892299650181682
3.360498286144725
5.8974461666489413
5.4301040827415878
5.0047087055560677
3.7326160998871329
13.319409238552099
3.2693712250567248
12.031307279028299
3.9035309771007607
4.141832464350454
13.488771276708485
10.849386395203044
10.94689452341232
6.4153614238994487
13.538656142207275
3.8191209659835619
13.538656142207275
6.0277593483816201
2.8555360143321304
3.7201669661112526
3.7979050623791646
4.4343027480291211
5.9805907137790735
13.645901841496949
2.1977683201081879
12.317938348121285
5.5895746101986115
3.9869286329737701
4.9050488485371719
4.7876105416545238
4.3023567498685482
4.014626109642232
3.3881305755693369
3.801968609650364
8.4741947633809573
9.1592507605462643
9.2246387824139742
9.6584350587261767
10.440398492970255
11.328076829521887
10.61220100973501
3.2080370519328825
3.3920581116965987
3.8344414690914443
4.8466732635394179
6.0074252924698159
8.1080151087568453
7.2388356539090513
4.6623613137239417
4.9893668033416896
5.1957093780103563
5.4521163456351962
9.0004113473247074
9.8137492561190527
9.2246387824139742
8.8210784931394723
4.119554297532841
4.7716718400847018
9.2336201976748402
6.002853598084517
12.711850176283992
5.4992352253532619
11.65588484348328
4.0101970178242112
3.9881264285554443
6.2872763140825949
3.2276231892058869
2.3899344534530145
4.2727520924409959
3.5786762627965345
6.5829278999595218
3.1564668406640437
4.4285005946569216
4.2935059573726315
3.2157022559964865
5.1568709801054977
4.7714475986800613
3.3205980145647178
3.566126005555657
4.296172336464041
11.811627555015855
4.3536940887573268
5.3884813973799206
4.3359269660738802
6.020463241439316
4.088827235543862
12.4195879429105
9.3353000343857051
2.757022096403392
3.1111939671228481
6.3490433553923937
3.8936032271276888
6.020463241439316
3.439000379434344
3.799168051830859
13.558527666339796
5.5097323102571245
5.5363486977507419
4.8036766513520472
5.3310886677927449
4.5969128113909914
5.3307023506338105
5.4895974517314201
7.1307285587771352
2.5638107000819055
5.6297554181550362
8.8210784931394723
7.5830788613149291
8.8209979198632844
8.8210762847258444
9.4368528539771006
4.3370129343984321
11.811627555015855
4.1733909480654914
6.4088542324125592
6.2402236408203589
3.8549143894607161
8.749262419499539
5.8959712806296061
9.6584350587261767
9.8760166761574997
11.716612771708766
3.9869286329737701
5.1849102584479478
4.793728924046607
6.0074252924698159
5.3873180416593458
3.0998684611529161
2.3783741127330615
5.2553787970249006
9.3181687663126578
12.359126991192626
11.467156051860444
10.752120348144638
2.7673977341368525
6.6036024719646562
5.5011984142566526
6.6032460141235703
8.6577778412597315
6.0728398389488705
9.1382319467387472
3.8559718317502112
6.4421475102541796
3.9291898847164259
8.9669117217289411
13.567678070134681
11.503106805670313
2.9603121538504831
4.6288296261471329
7.1757877391204694
10.804886162535034
6.3490433553923937
4.8036766513520472
13.578643322389224
4.8711456597236529
2.0910205294142585
3.0403379681440805
7.5325928583535715
6.2783621833614625
5.1926846728133622
11.89205925360806
3.7821528828100566
5.0418019442864912
5.0956299469524255
4.5771242329882718
5.8494982376147719
4.909258621821472
4.7999445718217668
12.457921061309763
7.7272775140819361
6.1680466846876989
4.7991700739855343
11.550372206476375
6.8554370334149333
7.6077485129402591
6.9501046291494557
12.132688409319041
6.5161687472457333
4.5901368852655935
7.1901420588768072
13.226884592405959
11.019603156704942
10.558457624743548
13.314114027312028
4.7078352316510621
3.9804593409002411
4.088827235543862
3.4940158089355777
5.665073452196963
10.422552576478143
5.8672501385413902
5.9996352642719168
7.5184664774380723
11.893790396580329
4.4423289399694195
10.485882837111598
4.7286520618085959
5.3100539004950278
4.4330368577784087
12.9029503292595
12.695325252479968
4.2351436345222018
5.0956299469524255
5.9747886854370424
4.8086752122029282
5.824164155178372
3.4497203432865717
4.2066121361195314
6.4421475102541796
5.2428577202217648
6.3490433553923937
9.3387465421061631
5.9592265793620722
6.1115784118753158
13.488771276708485
5.20021384584886
13.496021940948813
3.8693249041638618
5.1135165832792788
6.0277593483816201
6.0608353964064889
7.3283996940597262
7.3283996940597262
6.5555118490417614
4.7610059631086079
6.6114904603751494
5.8640580252475303
12.432820962713256
5.7431204886718099
6.8949567143570327
2.6912874647255371
5.3613945757465125
4.6186242568164966
3.357525242917176
9.1382319467387472
5.4328389332033575
11.674525009145324
4.119554297532841
4.2462772574564065
11.108060215065667
12.823244774723189
2.8421300484705805
12.934470747488154
4.9535044350652795
13.024353519780117
11.75430912680606
12.67863238911966
6.0728398389488705
9.1382319467387472
5.0736977253066549
7.8741304843477096
4.9924407950012846
5.9629374094136471
5.1205901220621035
10.884458489866963
5.5816952082858577
4.8528931850034205
10.689279052484968
11.959610734509406
4.2157673582337853
5.4992352253532619
5.1400015238865615
4.4092049230729273
12.011606892338531
4.5569189790934139
9.2090488364011325
4.5057773985120857
4.0589136033393185
4.4385546054301868
3.7477525870312864
2.6432591964316323
4.9457347235436684
9.6086283369576666
6.1156796336011956
5.3310971109776197
4.9590310547701968
5.8068501890208282
11.924380287035239
9.0562710804009452
3.2422440553843126
12.182967539502636
6.9686416880283639
9.5166965312495009
10.849386395203044
3.439000379434344
3.4940158089355777
6.8813603856197245
11.870959174504444
4.9590310547701968
6.4751420008566125
6.7653752485949656
13.399125096287232
12.047213966663163
4.8132705476395392
6.2369381134837605
4.2334884919704772
3.8065708714746656
4.5834233786710596
4.6293471518953062
5.9747886854370424
5.4136418375376909
2.9704662341044816
9.1997294760191615
2.4388823217111901
4.5771242329882718
4.4956727946695088
4.1304882101693909
4.3712394090906388
6.7196061973194015
5.1831568660364882
13.184155320284924
2.0428565426417973
3.4011969097819166
8.2482032591082213
11.963259788210692
2.877644948035631
6.5487842793626081
11.568959204155673
3.8647811688441891
8.4292621609804073
3.8353014382972153
3.1123277902746009
11.332103513877787
3.5911726219044087
2.1854051974047182
5.3310886677927449
5.1020396597414264
3.5662224441590933
4.1738766542671977
7.6502715409973607
7.5601314637591894
5.8144407194654146
5.5435165347082709
7.4458173132335048
11.03340457009274
5.5399561595282769
5.2360966046542021
2.2273967613140089
5.3057432826558122
12.239331291808275
3.7884957660802079
3.5089163278650526
3.7159059817180804
13.457982618092283
5.8494982376147719
6.3168618266085437
13.80556849531518
6.2498587170263216
6.30360670288084
6.417521243032958
3.5786762627965345
2.9690359253175425
6.3805577088577836
3.2756100951317864
2.6544616990276881
9.3177869230363619
4.9050488485371719
4.2716116899729046
4.5796423158356907
4.4385546054301868
3.6446090258891157
5.2536443093104612
3.7290754847133996
12.119325528087542
4.6088158552934617
8.2399766449226384
7.6502715409973607
7.698814170298971
7.781878467399709
10.609758935428966
3.0115672542457861
5.665073452196963
4.1435348090757165
4.2462772574564065
4.8283729148942864
5.4905663028463936
7.1342258569535577
12.256693605527222
3.6310415568695626
3.6446090258891157
4.4541194357914495
3.5141140337843519
3.799008977459819
4.1213319160297868
3.7605467274931152
5.5345865682940127
4.3831489779174042
3.2608450291327844
6.2257984858229953
5.8640580252475303
4.9924407950012846
4.5274095291896304
2.4326054287772267
3.229445363466501
10.302191968983106
7.1192209289575858
2.561094365354978
3.2854804163360773
3.9084991756724481
2.1962605192688209
4.4004934015039749
4.3037584966394711
4.5627034557237529
6.7299445157905948
12.746111816546328
7.1192209289575858
7.2504381525900143
10.422552576478143
7.562284318468862
3.9136538824028664
6.4315304411855347
5.1380363412288705
5.3299311622077798
12.546047087268802
4.7460875276192827
11.329897410276764
13.597798986595052
4.5718429904248028
4.4711399519891257
4.5470502772275232
9.2866522272631364
5.0886982856452185
4.139417133791067
13.368395476129262
13.452734107530944
12.395431387098352
3.1684597517622874
4.2111580511571907
6.2872763140825949
4.8874826177403836
5.3958643032696729
4.9749855920415529
4.6805814897185734
5.8922089339681634
5.8922089339681634
5.1815965479594697
5.8922089339681634
5.9629374094136471
11.635889890829015
4.2936314370044508
4.3536940887573268
5.3962887764292597
3.0183998038137854
6.5829278999595218
9.0143777170084523
11.845572449119837
2.0453480857255459
2.9690359253175425
6.4708227378928962
8.1080151087568453
5.8792980613145351
11.080569386829103
8.5245337996256811
4.7076008506780456
4.7876105416545238
4.99214203306662
4.7750445920889861
3.9991821589619541
4.6665270359758564
4.3326908312815808
10.749910151280087
11.084521226154935
11.595386542582681
8.2191173929007899
7.1901420588768072
4.6967139929765978
5.2536443093104612
10.869364301034734
12.244497419284706
2.1114555243763369
4.5274095291896304
7.1192209289575858
3.58477263926564
6.5129209282141911
4.4438226596803876
3.7979050623791646
3.8758576107310003
3.2345426611304338
8.4292621609804073
13.600819767164658
3.1564668406640437
4.0218228663938378
4.2983726699979492
13.003252369240551
8.9804503702597991
11.960928670961435
5.700158059663651
4.5715893821360574
12.415666216176362
4.4285005946569216
6.0810150305443367
12.239131072723268
8.0325274730746923
4.5725127436972066
4.7286520618085959
5.2781414757861347
13.399728914190783
13.403264682916127
12.564071985630648
12.486971600654844
13.656719930816774
4.7716718400847018
4.1663102701389771
3.7477525870312864
3.7290754847133996
5.1236360389752997
4.2308096131799466
11.960390567231931
6.7009943533569638
10.193050426113274
9.0004113473247074
8.885898000940113
3.3148276545832496
3.4884182657421112
3.3960977088974631
12.155055983807058
10.117383286755992
4.3831489779174042
13.345258767481683
3.050548913641923
13.373563871400853
5.508875327539811
7.5830788613149291
11.906602474439675
11.271932110328637
11.154910282287263
4.8413813666142191
6.9953914596231277
6.4751420008566125
5.6883323117826006
4.4956727946695088
4.1457713081426304
11.338978333439927
6.7653752485949656
6.8926607770140649
11.171432257844787
13.604229829983993
9.5672688822507332
12.124180902307772
13.430226900963216
11.663375405460686
3.2892299650181682
4.5551068392159131
10.446749938240899
3.4489374470793082
5.1337285556163579
3.360498286144725
3.3205980145647178
6.1680466846876989
4.5551068392159131
3.6767630257431798
12.933077537267136
3.4073123982700184
13.479883284272582
13.702645628831924
3.360952709905777
13.686363498726331
5.1337285556163579
5.2283244034523317
4.2681694283253995
13.598593155543343
8.8588607470372889
12.564071985630648
13.730208252088218
8.6154258966309758
3.5627673018116055
4.4274546720413932
5.0384248712985116
6.347540906791707
7.2388356539090513
9.6898678595293717
7.4599671807677517
6.1524719377120096
6.2783621833614625
6.2146851802342384
7.4017392346534994
6.2000713310405056
7.8741304843477096
7.1012910749733624
10.94689452341232
11.511512698958544
3.6304618989281576
4.5057773985120857
3.8170274695747857
10.960058387998055
8.0586237919284311
2.4764718323799944
8.6927801388308072
4.7081594285345405
3.0274222460174096
8.6927801388308072
3.074445374772754
6.0608353964064889
4.909258621821472
5.0542997609430893
7.3283996940597262
7.2179408055916996
5.5625285568294691
7.5601314637591894
7.698814170298971
8.3400501846592796
4.9666267345003341
5.6961149616923432
5.8965961441537882
12.716030660294996
4.5644892228143945
3.8569102755335396
2.0283469423990774
4.2704390694270646
4.6623613137239417
5.3873180416593458
4.7999445718217668
11.845572449119837
5.8792980613145351
5.0542997609430893
5.5966837224809698
7.1307285587771352
5.8974461666489413
4.8874826177403836
6.8606304452414548
6.62674582083232
2.8459479905178786
6.2286039318227679
5.1205901220621035
7.2238508374026607
9.8839717827462863
4.99214203306662
4.5019054910862444
5.2111094184357007
13.810002012103388
4.8258567860091608
6.4216421469688738
10.845383170430205
4.8136422702818811
4.5877993315061829
5.8033125651044113
2.4117580446030238
4.8283729148942864
8.1605402627643535
2.1836278298403839
6.0810150305443367
4.3029989891174623
13.162660228892143
2.3146193380235509
5.9592265793620722
9.0482623508828794
8.9804503702597991
11.914918648392252
5.4134769913743401
3.5735417761343671
5.2553787970249006
11.728911491472472
4.3744974465211834
4.3037584966394711
3.8758576107310003
6.6632669209963691
5.8144407194654146
6.8503276604132672
9.0961712755825115
7.2901642909659499
5.7940053210124827
7.3283996940597262
7.2179408055916996
11.974433602492667
6.9163091568882704
6.7020137907075776
2.8425342118209258
5.5011984142566526
4.4438226596803876
5.8724447031208422
5.8024422748503373
4.6585793156500337
6.4216421469688738
5.011318627723421
8.9874892885609174
9.0728471155875177
4.6784174653047153
4.0218228663938378
12.130427438898108
10.282889328117053
5.7108576328313214
2.0782147569702984
2.7337757209120332
3.5862457035135571
2.098164097496694
3.069628255255882
6.7106001887840758
4.2466711511200153
8.9193597113515946
12.752311930381742
7.7461302093118602
4.3023567498685482
13.38491304193391
13.645901841496949
2.9864289939519364
8.2482032591082213
13.345258767481683
12.108640106030588
6.0507586704173617
6.3143150269124488
4.9783436275657715
4.9602902591064497
9.2336201976748402
8.8209979198632844
10.6366650707687
11.198300025700425
11.557353449738555
2.8425342118209258
5.3380307139180792
8.5946633853031518
6.002853598084517
8.8210762847258444
6.0212280407008603
5.9149690937780175
4.2039750761076267
5.1400015238865615
3.2299641476153824
3.8353014382972153
7.6874422725871696
4.0164433684780487
12.026473952312328
3.6136474941770422
12.467343564898865
7.6922700061148692
3.2760246275512031
4.0318759808933526
3.6935724627615092
4.8011330200306324
4.56307141789065
6.7316654519103016
5.1926846728133622
9.2139258346492934
8.0642339070661233
13.730208252088218
6.1332149182788323
6.8640555723148537
13.503526090830835
4.014626109642232
5.1849102584479478
11.238713704020061
2.7915723843576186
4.3333079699645616
5.3958643032696729
5.5153663733769811
12.119325528087542
10.869364301034734
2.3618306383353631
3.3881305755693369
3.0403379681440805
11.610942759843654
7.1486225498344993
8.5070800347802553
7.386517981990349
7.643913567065983
7.3149260869695976
7.6542762997476261
3.379349177757911
6.033271637641664
10.948445824579652
6.8554370334149333
13.379777421689701
5.7519460769327422
12.356550568717779
7.7741417587248138
11.194239639554064
1.929313220860998
3.6053193220447053
4.9118758504835176
3.6767630257431798
9.7118794767091501
8.4540533884838212
7.7119852738795061
4.4904205991305863
4.5019054910862444
3.5269776195341169
3.497724013577145
4.445881605985841
7.2146199685219132
5.8068501890208282
4.4393780559368423
4.4711399519891257
9.2622907572592705
4.5332098511430567
5.2781414757861347
7.5184664774380723
7.0215677479026501
5.4329527843111984
6.7299445157905948
5.3793611573169295
5.8033125651044113
9.7313026588008498
5.3496456144538911
4.9252791456698182
10.51955432166011
5.5435165347082709
6.8503276604132672
7.6813767909764845
7.2861912609918962
2.846613827678897
2.3875902652905721
12.369180727984807
13.769368447405318
2.5059314175869805
8.7705452254752228
12.867732012899895
5.8119274549033619
3.8072170840809205
9.3051140852133951
3.837438512895464
4.0796053637164489
2.0070890729901478
4.4054631309091814
2.4723762587115705
4.6065718612193356
6.5970356427072048
5.6297554181550362
5.4301040827415878
4.9749855920415529
10.714889677696258
6.3900601540209498
9.1382319467387472
9.2622907572592705
9.3051140852133951
7.7878370330224351
13.44270396587285
5.3100539004950278
5.3877590672773517
4.8086752122029282
5.4136418375376909
4.1304882101693909
5.7940053210124827
5.5775938459148744
13.093041976506337
2.8953093224237731
2.74038522169467
3.5309026685706941
3.4435381483903269
10.971702844995519
12.479265201741541
12.479265201741541
3.5537483565152423
8.4147666322540697
7.3149260869695976
6.0658675570010843
13.379777421689701
6.4315304411855347
7.4843227769991501
4.4330368577784087
7.5750681642502489
7.4017392346534994
13.399270397992446
13.578643322389224
4.9950296049511751
5.0520540019046694
2.0583594446662992
10.884458489866963
8.4978228161054048
8.5604661096529338
13.677783353927163
3.2145334348482306
11.682265102830383
4.8075540225626963
4.9602902591064497
9.5664100984757354
5.7519460769327422
3.5964227915913649
6.9904418265035906
6.4955285971998915
2.3761404845155845
4.118489629903836
6.5129209282141911
6.0322496692304393
4.1037116901639576
4.3336480675794364
2.2396456644686116
6.5555118490417614
1.9734131282635328
4.6131004685720631
9.8476994010319956
12.457921061309763
7.4458173132335048
9.0961712755825115
6.0822029285248833
4.5639526299256845
3.2035698448907008
13.494696435330484
12.914487187918857
6.7716877837591154
4.7610059631086079
5.2360966046542021
9.6230313944364312
9.339910545838519
9.0881364203003727
9.3389177262836931
10.534689295945277
9.1123952814382143
4.4274546720413932
5.7108576328313214
6.1011870531656935
11.65817428149659
5.7151395853063747
5.0740124914553943
7.6542762997476261
7.4648551689658929
3.952014918968318
4.0589136033393185
4.5834233786710596
3.8170274695747857
4.3848964313790066
4.2923644574127113
4.7617541112752102
4.6463228547748487
6.0239855899987367
9.1215151478630982
13.745297710194398
2.3875902652905721
2.4607002862883594
7.7272775140819361
5.824164155178372
11.405764175540316
5.5352842402563533
5.3884813973799206
2.3337932248550217
6.4879679388910159
13.469323006455507
11.09268797735562
5.0047087055560677
4.6805814897185734
6.4095779952988323
11.746845186401483
8.5525506720851059
8.4226965487997187
8.5513465946536105
3.2669456230258369
7.6874422725871696
5.8119274549033619
5.8898145797421071
4.3712394090906388
5.5775938459148744
4.8711456597236529
6.0658675570010843
4.9950296049511751
2.872744125147519
4.1133336564941976
4.784261249640231
10.874574840633494
5.6311194992578146
6.1589765720140486
4.5969128113909914
5.0680659648988255
4.7783804122427274
10.056791151345449
7.6077485129402591
10.992590058114569
3.4029327514011189
6.5487842793626081
6.0322496692304393
3.2595646532390838
3.7326160998871329
7.7936387615232672
5.3496540685071148
12.933077537267136
13.319409238552099
6.7835997402620993
3.2270491446355751
7.7878370330224351
9.355399772272234
3.5964227915913649
3.5928096143010624
3.6961541333281747
3.4631257187436066
10.807653915017999
2.4128345053157512
4.1037116901639576
12.018208414658803
4.2347728199377972
3.2693712250567248
4.7991700739855343
3.7159059817180804
3.4073123982700184
3.4442266707345608
3.2275310146897622
6.4708227378928962
2.0238956080539046
7.2087235729671004
4.5470502772275232
7.496842830522648
2.757022096403392
3.9148500582030246
3.7267058978122338
3.8344414690914443
4.4427330314244688
6.2146851802342384
5.7817023982442954
12.948398269082814
2.5373470030813436
3.9084991756724481
2.7569035999086364
3.6935724627615092
4.5569180715410837
3.538918501216644
7.1757877391204694
5.7400877685322627
12.698612995756228
11.198300025700425
7.7205876732147187
6.6822762701774101
3.5461587826693797
4.435303986298857
5.1236360389752997
7.0412593874878739
13.626745856639028
3.7268401435037788
4.0101970178242112
4.8333441001908177
5.3877590672773517
7.0412593874878739
11.349171222652526
10.031574134677589
3.6891041334151398
5.4328389332033575
13.212530812877384
3.837438512895464
8.4978228161054048
6.5567496189332157
7.4648551689658929
12.440587093099362
10.975679907342768
3.933054990321978
3.799168051830859
11.87323822366182
10.159899058286445
5.855300844698224
5.9280665507070225
3.7090429525451771
4.6872819837111752
2.258525565547616
3.1111939671228481
13.62115771457133
10.390750259223145
2.2470109385365125
3.5928096143010624
3.1784671867814049
3.6445644128084216
4.7118509845284446
6.8167434238735538
6.8947538073226138
6.7196061973194015
6.5120860189462508
6.5580414980374577
6.0441021408893025
4.7750445920889861
12.738647541619459
6.8947741456803771
4.0164433684780487
4.1133336564941976
13.461554581032848
3.4339173488990231
3.9291898847164259
5.2428577202217648
7.0165535281808786
8.6711807325354133
13.764121371482149
10.046101332046193
6.8926607770140649
6.9707361205335676
8.8826838234157677
7.2901642909659499
10.714889677696258
13.68895211254855
4.1457713081426304
4.2056579315594123
3.4236789113884623
2.4896675303458924
3.9052525617396094
7.7792460561358592
11.171432257844787
6.1026899700652413
10.614936041395765
6.0805976628810088
11.89205925360806
11.800300604711621
2.7352082208339907
3.9848949211479834
11.080939910299188
6.0030534890746248
3.801968609650364
4.793728924046607
5.1020396597414264
3.9991821589619541
8.0091035855781616
6.0965044478450663
8.885898000940113
8.010960909972189
8.9042658440584734
6.6279925125918107
8.854731194385085
4.2935059573726315
6.1589765720140486
4.980241248290775
13.604878967853296
11.429800693032631
8.4226965487997187
7.6777020804911293
3.8246354893371697
4.3018343890726722
5.9805907137790735
6.2369381134837605
5.011318627723421
4.1526516779467224
13.316206410954946
3.3482863704118699
4.142993868608368
11.034589326217279
13.250292365366716
5.8922089339681634
5.6076825962647714
5.4704988202863136
5.8024422748503373
6.5580414980374577
2.1770294083090982
3.0667769931200932
8.2722852514692331
8.5513465946536105
2.0985602937575161
12.256693605527222
3.050548913641923
3.069628255255882
8.4741947633809573
10.298671120616925
4.6999451844710718
7.0165535281808786
5.782921427666829
5.855300844698224
2.4847382164554999
3.9077785808344441
11.458386779306945
3.6961541333281747
3.1784671867814049
4.2878995767409638
5.1545112871174714
5.3013996158472176
8.6707238203460584
13.212530812877384
4.3559375454251308
3.8795937623283163
5.1380363412288705
7.4843227769991501
11.300545850566694
3.941489635892832
4.2704390694270646
5.5816952082858577
7.2238508374026607
3.4885149257005721
12.716597929716229
3.4510985782696517
5.0384248712985116
6.1318750306133447
6.1177807339792194
11.473203465826792
2.1213646291742343
4.7081594285345405
3.6445644128084216
11.658708401939464
8.4170103957578775
11.973757920897695
13.479883284272582
6.918789025619879
5.5096265827154483
11.996945176337725
4.6665270359758564
6.1786334824087374
12.340875983737453
9.5166965312495009
8.9193597113515946
8.3762756511821248
11.557353449738555
13.702645628831924
2.4128345053157512
3.8605743068514933
2.3810968991274399
3.8605743068514933
3.6651397060004989
4.8011330200306324
2.2368486193508383
2.665806187202465
10.685868976114431
12.446707135302834
13.056538532673905
9.879092656956983
8.789218578932207
2.780730809418869
3.566126005555657
3.2756100951317864
3.360952709905777
6.2369381134837605
13.686363498726331
6.0728398389488705
9.355399772272234
4.2944637236608028
13.788133818440508
11.966469533703096
6.6778470352388668
10.440398492970255
13.788133818440508
4.6088158552934617
4.2308096131799466
2.3206703360238619
4.9252791456698182
3.5840845646134762
6.6518962901205549
13.785050394489733
6.6114904603751494
7.2179408055916996
7.2179408055916996
6.8534161997912637
2.7088436368855935
13.634111629304105
8.1407053636659263
7.7081701151312823
11.47894144751389
13.717761176014037
6.9904418265035906
3.4631257187436066
4.8174880742766648
4.4092049230729273
11.695783398179946
4.3848964313790066
12.164475747194009
13.627227631961542
10.469991738275597
13.236782675827486
12.577674219121889
13.676780584678399
6.7012524664292084
12.028653204818546
2.9876744659820402
4.4438226596803876
11.010987265631332
10.644524331954491
6.4153614238994487
2.9876744659820402
4.4438226596803876
5.4045544854865932
4.9893668033416896
12.447974947747122
7.1192209289575858
10.734098007791028
6.7635289863147401
12.182967539502636
5.6700374873004442
6.8949567143570327
6.2498587170263216
6.4955285971998915
10.303964190144594
4.5785486447448553
4.1526516779467224
12.895345020431355
2.4839952518605317
4.784261249640231
13.515624306131125
2.8188802165521518
5.8898145797421071
2.5353222988023236
5.1831568660364882
10.201814348232627
13.604229829983993
3.2265149481834587
6.5120860189462508
3.2995367893529122
6.8534161997912637
6.3195255369453154
6.30360670288084
6.417521243032958
6.8947538073226138
10.758011809271633
4.9702230952656574
3.4636853356872814
9.1997294760191615
4.4738818615487963
6.6724344499455173
6.9501046291494557
5.1337285556163579
6.2369381134837605
10.075283306409821
12.132688409319041
10.410225094678307
6.2731806531543395
5.807220727235876
6.2912873271034266
7.4063612355294381
5.8268145758197809
12.821706662813998
3.2340574417529786
2.4607002862883594
2.665806187202465
11.304704276587394
13.399125096287232
9.5672688822507332
2.4016824638972185
12.124180902307772
8.6407884536568744
12.9029503292595
5.2844145159175717
3.6596184314462232
4.1660722485764579
3.1755769673115744
4.4844362154523383
3.6651397060004989
12.771276356971129
10.588810729691374
11.581682698136312
6.4763834819335697
5.7234256653657338
2.3297135816988246
5.3468413674259221
8.3235114738016964
5.6683155955961535
9.3895434727111571
2.821062824118429
3.0216905353095864
11.716081289740771
5.1000098869331545
8.3400501846592796
2.9174624365917237
3.8491175616374864
3.9848949211479834
3.4636853356872814
3.0216905353095864
13.110976475498974
4.5387118202624288
12.300606046187818
12.863546368176005
6.5657118984749374
3.1902341319505805
8.5604661096529338
5.8922089339681634
6.4095779952988323
12.195471215833933
12.795245633500352
10.083212989014623
1.999858716789858
2.4896675303458924
3.0667769931200932
4.1794963307798758
4.4541194357914495
6.6571675055175525
4.5006592327849537
8.2399766449226384
12.386171630368397
11.910464110996546
11.257180421260122
10.546791991705197
5.3506123100959124
5.8965961441537882
5.2283244034523317
3.4442266707345608
2.5323853082987982
11.182889253814738
3.0157086894695051
12.014500740999368
3.3749584458379509
3.5309026685706941
11.44022807622634
2.0309551981065979
4.6293471518953062
4.2923644574127113
5.2234380743775057
6.6059268685256756
12.239331291808275
4.4504437476486425
6.033271637641664
5.9280665507070225
13.426879664320394
10.762462913969047
9.1368857153120384
5.6994321402178647
4.3029989891174623
8.6380132525942841
11.9585269693975
5.87467697656247
4.3336480675794364
10.916198855436111
8.6133431348104192
4.445881605985841
12.356550568717779
5.1815965479594697
6.8606304452414548
5.5215314619907954
5.5530905580972441
7.2504381525900143
7.0412593874878739
7.0412593874878739
10.870612046336388
13.104279718438629
4.3326908312815808
5.2111094184357007
6.1786334824087374
6.5657118984749374
2.6085934877535442
5.0520540019046694
13.337639385323154
2.1670629902366172
8.749262419499539
4.2716116899729046
13.500038320765064
5.8922089339681634
6.62674582083232
10.331382201104613
11.458336016269197
13.457982618092283
11.800300604711621
2.1083851111046878
4.1794963307798758
2.2378484019433196
4.2056579315594123
5.3959008549072855
4.0380323753084166
7.6777020804911293
2.5398977670274165
8.8093247574684082
3.9922151396172296
3.3960977088974631
12.084712471872963
13.184155320284924
5.7321667056041132
5.7817023982442954
9.8317013954279275
13.492720216874405
11.100429998235716
11.320387289485202
9.1938525237415156
13.627227631961542
12.716030660294996
11.328076829521887
9.8760166761574997
9.9246553223559921
4.980241248290775
3.085897311355748
3.1123277902746009
2.9761596495740164
3.4435381483903269
12.738647541619459
3.2341107867687131
6.5828759874669673
7.4872226793324019
5.1957093780103563
3.2289368838656869
4.4738818615487963
10.971702844995519
3.2157022559964865
4.2983726699979492
6.0810150305443367
6.1589765720140486
5.4663461827612432
11.111351879112499
4.8267803479493097
13.494696435330484
13.538656142207275
3.8191209659835619
5.20021384584886
13.538656142207275
11.772170687888176
13.496021940948813
9.7863012355928678
7.1510162009093881
12.459643223880567
10.831323912772275
4.3359269660738802
4.1733909480654914
5.4663461827612432
2.7088436368855935
3.5862457035135571
9.8839281004374282
13.676780584678399
12.695325252479968
4.4517137329703527
4.2351436345222018
7.5750681642502489
12.593002548003634
2.5321410637499775
5.4134769913743401
9.6931725969217357
11.681185657769065
8.6539676273737012
8.010960909972189
5.4906926696599383
5.0740124914553943
5.0680659648988255
4.717182992808671
9.3982448711343523
5.1076579927714718
6.9707361205335676
12.026473952312328
12.340301601378638
4.5252059780419307
4.2334751939336712
2.4371402033386356
5.2234380743775057
5.8812741065741232
4.7884092816930384
10.083212989014623
11.332103513877787
5.4573226987866414
5.3962887764292597
8.6700080742146088
13.677783353927163
9.2843201530272133
4.7118509845284446
4.2878995767409638
2.0936928241778752
7.7119852738795061
4.7885281145515473
6.9900736071313716
4.4054631309091814
6.0709347520589363
4.2432649176426329
4.1660722485764579
11.332936950520361
10.407072835039008
13.373563871400853
12.169232841579946
12.169232841579946
10.173930935929166
13.226884592405959
11.228615113949783
10.105766383368257
9.3967904216902109
10.105766383368257
12.479265201741541
12.479265201741541
11.228615113949783
10.510214877864444
1.9739235089002418
5.4905663028463936
3.5911726219044087
3.6136474941770422
12.467343564898865
6.6032460141235703
9.5139293190052481
4.8528931850034205
3.2145334348482306
12.711850176283992
11.056419108288004
13.368395476129262
12.386171630368397
13.452734107530944
11.532511614820308
6.0314182742724745
9.3181687663126578
3.3526966593958103
3.5141140337843519
13.780673875543895
3.799008977459819
13.780673875543895
10.749910151280087
13.810002012103388
9.6898678595293717
4.7765631967113515
5.2517436425873596
3.6642072449832686
3.5537483565152423
11.438842874850279
5.1357320225985426
9.8249546705257611
5.0249193154849339
9.7054994554148362
4.3447158508619044
9.6846301413761946
12.59678244561988
5.280840409667384
6.6110930476438767
11.00696830759129
11.53423431689653
9.7655024599546127
3.9015492797361948
8.537949944091233
12.821322779402523
12.936426083553725
4.3747946993873654
3.8131292728478021
8.4995300904513957
6.2537154853630019
11.541969209274013
11.65008773202667
11.421125960549348
4.0433976870918915
11.940028380703181
4.4434962744743904
11.506439655064957
5.0202676800336272
3.8721438947929534
11.475519099070311
4.5249670592746174
5.4374011806975675
3.8226428085502717
8.5923082821717038
9.7234777709248004
5.4742503178989717
11.986138041529896
11.264728355608177
11.592430264336333
9.1446021537622109
11.201559669602579
9.1796045271655302
12.949679171008457
12.925443381606817
7.7396033396319162
9.8283834615750827
11.127250043107477
10.644594970259881
3.9212528282756938
12.091728790660625
11.915332432526395
11.755517685372718
4.0177533450462342
9.7487003504088818
9.7770967420109951
8.5923054965015417
7.1067321038672535
11.416295138163033
11.148515226075608
5.6924712410275555
2.4947099159470705
5.1121302117064698
2.7210469148725642
5.017092114226501
13.109317023787918
6.1678631584249981
9.3098870422375253
3.3395015826710828
2.394026300245172
2.7634022810735872
9.8891312229130559
2.7054968965501582
4.7867448254660845
2.5833190898550691
3.067905611948349
2.905321383285723
8.4198612746356929
3.3395015816188889
3.9343372543711643
13.573047497331675
8.1522062890727511
2.4129513864626961
13.131975079896504
3.5222506905886517
9.9235778862054218
2.4621165561535761
2.4224109264971747
2.5824609325687056
3.5744079032917844
9.8208580619326185
10.241513156706823
3.089365807075803
7.645286377075676
8.2948329596167039
8.3587486385980458
4.2257475968816456
8.5772542903363469
9.9147002942376705
4.0544305890199661
13.01737050865133
2.4091447541858195
4.2257475968816456
8.8195660957252375
6.9370114069671294
2.584055707741185
8.2691713489817023
5.6012836733602933
5.6002177219542153
3.4913557070636729
9.8896579892453413
2.5748162682972708
9.9866419197210128
2.3032038339356262
8.4287718664750866
9.1081091714620097
2.9861348096440836
4.2220884482878596
4.2205826246121978
9.493230297459375
2.2913280511359546
6.7221651839099046
9.7909802401553918
4.0339099381801171
9.9218085944551273
2.9053057651820051
4.2425437104964097
7.5324234727557426
10.212976728439065
11.438842874850279
11.105608887322342
12.408931106247081
8.9001179663299954
5.3662305465057072
6.2040906709493093
5.4481869177680347
6.2218301875064368
11.704667568008038
9.7094504586187131
11.428477687363625
1.8517314089827552
2.4539443788184752
10.662578434141496
3.7856661625692496
12.2564725773759
12.381304223856546
10.739277226253405
12.25594980633656
7.7989099656901928
3.8280936611074257
10.991311937619944
1.8743621659005976
10.727094089059543
1.6447665382066912
12.776865534844461
7.9434852581047926
7.6342261554853437
7.8636910378207538
10.802640563812199
8.3169465773403424
9.4542790368311742
11.11647053706645
2.9511287505346182
10.952079959388227
4.4176330285401058
11.999097143285509
10.704127548524216
9.4692655728805519
1.6870460896070527
1.6485049188285732
10.812416482710622
12.479638017612023
7.2201076699501181
6.9017736949616619
7.8112316282491836
9.2705359118971025
10.739277226253405
10.739277226253405
7.7523205134736637
10.260493927088321
11.276540347166337
2.6403701024975548
12.73755317463335
10.591752320904718
11.269688016807057
2.5729586325403004
13.039159398581424
8.4873213515877861
2.4932497878072408
2.5729586325403004
12.22172693626282
7.0541363798358647
1.6884453104320745
3.5954000634370753
9.4011960106488708
3.778551896224061
9.224514253405248
7.8459449398129522
2.5562467941906646
3.5955029221884072
1.7475194317933624
1.6379121419122835
11.852488973584933
5.1921637338060842
11.922656511252187
7.9278006117793449
2.660023005765392
7.7989059198392372
13.097889343109792
5.1357320225985426
5.4549126922148421
5.3823149859951478
7.07217019737854
4.899270911542974
4.8655411135334248
5.1170330634251862
8.5997719937688597
9.8474890415087515
4.7978758341226895
8.9524019038483846
11.920656456718403
5.7519276887124908
5.6875045335438301
7.6943537926506513
6.8700813751777128
11.996366671806495
5.6875045335438301
10.363193797932224
5.6866698458655476
7.5087280904644844
7.6943540631744574
4.6946349032018526
4.7556688255592352
4.0082590443920241
4.6164625414954603
3.5508403857241655
4.5083758143237631
6.1544876480171249
4.6946349032018526
4.0082590443920241
3.1567654491827524
3.2825210055196439
2.8575760829760055
9.0772722050738217
3.3589514941259471
4.8336303670289462
10.984818609308029
2.8614194786576994
3.6299017155101181
4.1824170306476347
4.8986856341926917
2.8527451179684373
5.0304901423764052
7.6900919511829979
2.7794327759824022
3.5508403857241655
3.7079750167929051
4.4056064209607149
8.6875116019355438
5.528638031839038
9.7094504586187131
3.9525529276925044
4.0101095162727249
13.196111568255295
3.2216974007990453
3.2840138972706847
3.2456626657641006
11.178307775891099
3.1803513994506938
9.8249546705257611
4.0734836097772664
4.9985180290838214
5.1101474180839457
12.863669138409268
11.88906867744892
9.2404493392936971
5.0809999834343973
9.7364249208897
10.845649692494643
5.6924712410275555
11.105608887322342
5.210711525369585
5.3337669677856354
8.928578579133962
5.2668127055651919
9.2639169180033072
7.9305641482280862
8.0295686682410032
8.0458781921696119
10.697467173374056
8.0458781921696119
7.9956351129142433
3.6281582300801776
5.3384780239127361
3.1471852730451872
9.7104907981734137
2.7069531293338196
7.5910252505833826
3.1465951550256195
12.330683571801684
12.781154688048266
12.764432759994795
12.200714069931918
5.4549126922148421
3.1008049941492892
2.1040352069799111
2.4008203653515445
5.3823149859951478
6.1051455905198191
5.5814591811933836
6.722393205843149
5.9804835783960799
10.235717915974725
5.5299535762043481
12.984127515002054
5.3240141531941303
5.5339497297167739
4.9321032167261469
7.8762712877166576
12.833985143185071
11.428477687363625
4.5385010000257484
5.0570770538620673
13.659244998351349
11.519601302528677
3.3238981693265703
3.9355107786713881
3.0564496493726327
3.0452787084320265
12.558401767391025
3.8567214016238331
4.6625598105462709
3.1531999848507457
12.408931106247081
13.507859399520227
12.387788541859278
6.1088336733261546
13.507903939871758
5.1646230334484704
13.664379857903697
2.4947099159470705
3.7079750167929051
7.2923194849142288
12.181375785700027
5.0249193154849339
9.6130706143455011
13.717554745504435
5.0583968803948345
4.0334132470778981
3.7079346829646389
3.0522948028202186
13.378030415238744
3.7102089663756068
4.7844970270900884
4.2657903858121147
10.3184028383446
3.3715236765612788
3.5658376774575942
11.570641118596763
4.9207121485616501
10.971468275022046
6.5798725873286106
4.9207121485616501
5.5129347371990809
3.4841607156697219
3.0524393186872345
10.99658296899543
10.882380665485906
4.2657903858121147
3.0584444343415398
3.7714392387725577
4.9207121485616501
10.882325120969686
11.288849838594254
6.089434665384343
3.1459722577063802
4.7327357200375033
2.6698781765869382
13.792759335342859
8.8655152553963195
2.7396936903844846
3.6048134000425947
12.622768812675888
2.7866817702554645
10.365773293047781
2.69999468388664
3.4752453357458992
10.423644933702654
9.1875678327774093
9.195900230266906
3.1008049941492892
2.4105661820391733
9.7054994554148362
13.725652024614224
12.622273701888359
11.402079505553424
12.622273701888359
12.426496170123718
5.5795276521601691
6.8745067983967241
4.358301930338599
7.8738739041164028
5.6414813769840251
5.8137178874149997
5.013114691208199
5.1121302117064698
5.210711525369585
5.1043676661372528
5.8146330591368862
8.723934322310944
8.5940435869665173
10.247120428877986
10.985952828872033
1.8517314089827552
2.6588519442575298
2.7210469148725642
5.3347447952352063
2.9377261754294244
4.1489041129138693
11.250807093497274
2.8328289752612434
4.1489041129138693
2.8848937534266224
4.3447158508619044
13.313294626415408
6.5664893578258061
2.4539443788184752
3.9525529276925044
8.6544096477929973
7.3425374795029734
7.4158562169207611
10.662578434141496
5.3347447952352063
5.4124874790410678
13.465359649825235
1.9895468865642745
2.2247209261972829
13.507859399520227
4.5385010000257484
4.8184828934856947
9.6130706143455011
11.161902288831639
9.4135032504346441
11.464070403575324
4.3306348403094361
4.2342231480282981
4.1477860554119337
9.6846301413761946
13.638795910841671
5.3423465919174875
13.67824767403596
5.265286674353244
11.082536640615841
5.2295491999817969
5.266351375721503
10.644008302617419
11.082536640615841
5.017092114226501
5.1043676661372528
13.109317023787918
3.7856661625692496
3.7199097746547789
3.9331507266580887
13.350512005758688
6.1678631584249981
6.2461893859874884
12.2564725773759
12.515393654497439
12.492114298147188
12.515194254060532
12.515393654497439
12.269905262155437
12.308917186638826
12.560837783004274
9.3098870422375253
3.5338242166776932
2.9343072240220414
4.4605394585560365
2.9007495841851112
5.3058564605197587
8.9237743794350983
12.294553921537085
8.9730198569967907
3.5139275553131766
4.2564304191830926
3.3395015826710828
4.5997457426198114
12.982846223089687
11.079104993715184
10.949617972552279
4.8619258499789035
12.381304223856546
5.3558348084804877
2.8547562771102188
5.3557349681241018
4.807993282270635
8.9001179663299954
5.9307853811547568
9.0764160594006196
8.169843100429274
6.7507471374154981
13.284595913032165
13.505739411207097
13.37565458264214
2.394026300245172
3.5338242166776932
4.6164625414954603
7.07217019737854
12.431726831153059
12.59678244561988
12.867293425808086
2.6698781765869382
2.9588136091834656
13.533688449794189
4.5672483956214966
2.7634022810735872
4.6164625414954603
7.9956351129142433
1.5211473399285891
8.5319665123165116
3.6819958831647672
2.0002760039601859
1.8498751698415794
11.555039732299816
13.216302770963518
7.7766404034394574
3.4140376456109682
8.0592585611613288
10.961468147362613
2.6396715228009806
1.8071048422684866
11.303418495001488
6.8935126721005036
6.4379644557448792
10.739277226253405
9.8891312229130559
8.723934322310944
8.6724996781110253
2.7054968965501582
4.7334796725066193
13.792759335342859
13.284595913032165
8.8001119057606036
9.202767019068494
4.899270911542974
6.0882378245497693
1.5211473399285891
12.595209314269749
12.401383397607407
2.853905458006941
11.317190182162344
3.33236686237997
1.9459069805842057
1.5517354143736437
11.144348852897828
4.090001213498569
5.3337669677856354
5.5778413149305788
8.928578579133962
9.7986027111925846
6.0737946153698923
10.258104824017641
8.3624118246253456
9.2127969026135386
10.236457125930016
6.6422843638505329
5.5795276521601691
13.365409657013384
5.5324766241641914
7.8289087296929631
12.25594980633656
2.6588519442575298
4.0086522668353473
12.053548437900531
5.280840409667384
5.3453831035824138
6.1798481499227433
3.7079346829646389
3.8157346312024845
3.8336054004678277
3.6396191302930521
5.17018239221479
4.2108856708207973
3.64575242122228
5.17018239221479
4.5629046266717141
3.694868652747302
4.3558437883036589
6.0030534890746248
6.6110930476438767
6.6113893047018797
7.0477751786130378
4.7867448254660845
9.5722972809764482
5.4125749798160427
4.8390712285269348
2.5833190898550691
5.4124874790410678
13.146389593495899
12.625371205027038
6.3234998481818492
6.2820622536195332
5.0570770538620673
8.8655152553963195
2.9588136091834656
2.8974078190775017
4.331113249969186
3.0358706016675199
4.6338894430587327
5.8329209810843077
3.1444837018142358
6.1051455905198191
6.9385919867111667
11.00696830759129
7.0494599827088722
5.9623107529903532
5.4742503178989717
2.1040352069799111
1.7769359288543793
12.965092145200581
10.892950566498811
11.871070572651034
7.1786701089387979
3.8245337429806399
10.688375574701981
12.922420213962873
3.067905611948349
3.1567654491827524
3.2046694400143005
3.1575154365997018
4.7865636838004324
7.2066201940104282
11.316695832233698
11.56023029261365
7.7989099656901928
10.985952828872033
12.185721647959985
3.8280936611074257
8.5319665123165116
6.2461893859874884
6.8935126721005036
5.2668127055651919
10.516933940539642
6.6344493185053324
13.086045577245255
6.5941720927336123
6.5574377347753012
13.717554745504435
11.161902288831639
13.659244998351349
4.1477860554119337
4.7334796725066193
9.4530600423515345
12.700856186391144
11.305931391960669
10.92336201423007
11.195424199542122
4.1931670606159139
7.7498423058870838
6.8219087717848348
6.2381299057485853
3.1950720875834873
5.4134479393705464
4.8655411135334248
5.5814591811933836
6.0882378245497693
6.5556911594753231
11.416121154315983
5.440631517779404
12.993272768713654
10.991311937619944
13.465359649825235
13.543097746093146
12.595209314269749
1.8743621659005976
12.625371205027038
1.7769359288543793
12.194524663647895
2.3412000070831187
13.738554403800181
12.741886020477216
1.9487289079152241
4.9869323049464276
12.842288465023607
11.756748623994886
5.1170330634251862
3.2216974007990453
6.3001352915820226
3.8157346312024845
4.296920343815791
4.58158275965227
3.9042700265984291
3.9358971306605022
3.8627399190405454
4.3578726206087195
3.0522948028202186
3.4148557516128495
8.6544096477929973
8.7353046046426321
7.7449733310237532
8.2200240590606537
2.905321383285723
4.7556688255592352
13.755389701538192
11.519601302528677
11.53423431689653
9.7655024599546127
12.387788541859278
6.5919648446960775
6.6849496498390302
6.6887612536810579
13.570509292533298
11.957764708146065
6.4379644557448792
7.0494599827088722
2.6119345281582884
3.9760534108621162
2.5642809613540325
9.7986027111925846
9.8263305380771442
13.671523641568365
6.4994174937541001
13.434856881270722
8.4198612746356929
7.1188775153371955
3.3395015816188889
4.4102063457736387
12.85638665083683
13.80790958237688
13.638795910841671
13.184193063148326
13.54436073554484
13.378030415238744
6.3234998481818492
6.4005238335168064
13.000134362778207
6.3211687790547115
3.7102089663756068
3.8336054004678277
4.9998502260794329
4.1582189732133683
5.4126449144286957
10.727094089059543
8.7353046046426321
6.2858357989935456
7.8794343641707183
5.3662305465057072
6.0737946153698923
5.9851813501294107
1.6447665382066912
1.9837492187276038
12.776865534844461
3.6281582300801776
4.2099380352712519
12.194524663647895
8.2177652985368521
8.1393846426277978
4.296920343815791
3.9239617893007157
2.7396936903844846
2.9343072240220414
3.5273130781495756
3.2378476060752268
7.9434852581047926
1.9895468865642745
2.0752820918264492
3.9015492797361948
6.5578447958556705
4.0734836097772664
3.3238981693265703
4.8184828934856947
3.0501750463955437
8.537949944091233
13.05371625916891
8.5997719937688597
12.867293425808086
13.80790958237688
6.4005238335168064
6.5155227107533982
7.6342261554853437
11.683971683206842
4.0574055728467204
3.6819958831647672
2.7876093181625956
2.1187478574745975
12.821322779402523
12.982846223089687
11.330643555654754
12.74280473658802
5.0158822110211352
4.0116254720008513
5.7540213911222367
4.0422957928789565
4.1017673408935966
12.560941119882337
11.106709658829066
11.037200734067047
11.012507299369849
11.053546712520404
4.7844970270900884
9.1549580485962654
13.725652024614224
13.434856881270722
6.5578447958556705
11.855371853777466
4.2657903858121147
3.9343372543711643
3.2825210055196439
8.2639381916962691
6.7299015392431807
5.179158018552922
6.4683339038045355
11.54726909708053
5.6018237116027407
11.330643555654754
4.4133291898308373
6.0030534890746248
4.166106914594871
5.9099444740616605
9.8474890415087515
13.178532675456934
3.9355107786713881
4.6777072840895233
4.9998502260794329
6.722393205843149
6.5556911594753231
7.1233488156555094
12.936426083553725
5.9307853811547568
12.993272768713654
5.3503373329934725
5.6325451072128088
3.4931366885005928
6.6113893047018797
6.8946051676351932
4.3747946993873654
5.9623107529903532
10.3184028383446
7.8636910378207538
12.819850525393957
10.802640563812199
2.0002760039601859
3.2103249519113564
6.4714353350696623
12.239976806651573
11.59639322271553
3.3715236765612788
5.2435131345727726
8.3169465773403424
5.0347673627610803
5.4879858210875048
4.0101095162727249
13.573047497331675
12.886534318129707
4.5311062064625878
2.9056404340944768
9.4542790368311742
4.7556688255592352
2.8575760829760055
3.2046694400143005
6.6422843638505329
6.6344493185053324
6.711938903767912
6.6422600861391432
4.7978758341226895
5.9804835783960799
6.9385919867111667
3.5658376774575942
3.6100745352766785
5.0675149914380819
13.184193063148326
11.855371853777466
6.711938903767912
6.7912843255093014
12.401383397607407
10.235717915974725
13.551009364549003
4.5672483956214966
8.9524019038483846
11.760436857432252
3.8131292728478021
12.74280473658802
4.4133291898308373
5.9420195667172422
11.728494421908225
11.920475598380348
5.0453717542258367
6.3432619391309188
8.1522062890727511
13.146389593495899
11.11647053706645
11.570641118596763
11.617981889723263
11.229712891656135
12.334617786915203
8.4995300904513957
13.000134362778207
5.5299535762043481
5.3453831035824138
5.7247753596015691
5.4075404072203792
13.809313363357948
12.886081072321467
9.0764160594006196
6.6735844441272532
2.4129513864626961
2.9377261754294244
3.5163423049008355
13.533688449794189
9.4530600423515345
13.461098665432061
6.2537154853630019
6.2822114126943944
6.2535280491652392
6.253722636344496
6.5919648446960775
6.0100051907490037
2.9511287505346182
2.5720010964968827
10.952079959388227
2.3412000070831187
2.9051712637182927
3.6642072449832686
12.700856186391144
4.5311062064625878
2.875183046349278
2.7745074243258707
12.902959699528612
6.7995965228840731
5.7247753596015691
6.7995965228840731
5.4774862707365166
5.0158822110211352
5.7691688646654891
11.541969209274013
13.131975079896504
3.5222506905886517
8.9654304662446176
4.4176330285401058
2.875183046349278
12.27735282905631
10.356499218264158
4.4186944034717675
13.505739411207097
4.3306348403094361
3.4120671985121627
11.999097143285509
5.0347673627610803
3.6306978156000729
9.9235778862054218
11.65008773202667
13.365409657013384
10.704127548524216
2.4105661820391733
2.3667622590484112
9.4692655728805519
5.3384780239127361
8.3499319822178641
3.6048134000425947
1.8498751698415794
2.7876093181625956
3.2103249519113564
13.656300364202407
2.5357391105747005
5.2634179357552551
2.5778963146872211
8.5940435869665173
8.8001119057606036
10.212111097567595
9.202767019068494
9.3178323393129912
9.4033186811321237
8.2639381916962691
7.5641813940158578
6.2040906709493093
6.1088336733261546
3.0564496493726327
11.305931391960669
4.6777072840895233
13.325172486265179
4.4916177301822122
5.6456828472906828
4.6045730029168057
3.8374046226352716
13.107035686383229
13.222921075687688
13.107035686383229
5.2858770238620041
4.1489041129138693
4.2099380352712519
10.258104824017641
9.8263305380771442
10.367840832797231
11.421125960549348
4.0433976870918915
6.0100051907490037
4.58158275965227
3.8639368298310628
5.8329209810843077
12.965092145200581
13.738554403800181
13.088214645545477
6.8779206872768173
8.0589499572092436
6.8777530122311887
7.9800278717320108
9.0772722050738217
9.1549580485962654
11.250807093497274
1.6870460896070527
3.6306978156000729
12.17852973044824
12.622273701888359
13.1035282897464
1.6485049188285732
1.9619530272505039
2.4717948013368747
6.1233114273742899
13.543097746093146
13.621050294444982
11.940028380703181
6.6849496498390302
5.2231392752302321
6.3227354385972792
13.507903939871758
6.6887612536810579
6.4380628741604005
4.4434962744743904
3.3589514941259471
6.7299015392431807
7.5641813940158578
11.555039732299816
11.711173635475919
7.3425374795029734
7.7449733310237532
2.8328289752612434
2.9056404340944768
2.7745074243258707
4.2099380352712519
4.0214830806467772
4.116385941397767
4.4605394585560365
3.9614839949889338
3.4148557516128495
4.2023245422606141
3.2840138972706847
2.2247209261972829
3.1367683524149292
2.4621165561535761
3.4120671985121627
4.3658611182106757
7.5685863265567574
4.2342231480282981
6.2858357989935456
12.984127515002054
6.7912843255093014
6.8290686162170138
12.741886020477216
12.819850525393957
10.92336201423007
10.812416482710622
12.431726831153059
11.195424199542122
2.6119345281582884
10.999625711024809
3.0831399397904611
4.0388674787885757
4.13197649380154
3.4466804804088018
12.431726831153059
2.7755755734518117
12.622768812675888
2.853905458006941
1.8105518112493153
10.892950566498811
5.4731322603970352
2.4224109264971747
4.5997457426198114
3.5125667715600635
5.3558348084804877
12.479638017612023
12.515393654497439
4.8336303670289462
4.7231714785609205
11.416121154315983
10.960093677148482
13.37565458264214
12.112547430880177
5.7774213457217156
7.2201076699501181
12.248170373830124
10.787980414145711
6.9017736949616619
12.248170373830124
11.506439655064957
4.0116254720008513
5.6912073231957772
3.9383496747369073
4.6154438856906372
5.7540213911222367
5.6912073231957772
5.4075404072203792
5.4774862707365166
5.0159691289008368
5.4481869177680347
5.5778413149305788
9.2639169180033072
8.3624118246253456
2.5824609325687056
5.7107456458834118
3.9042700265984291
3.9239617893007157
4.0422957928789565
5.7691688646654891
3.8639368298310628
5.4731322603970352
3.9383496747369073
5.4731322603970352
3.6396191302930521
4.1582189732133683
4.1931670606159139
13.325172486265179
4.263012260062089
7.8112316282491836
12.17852973044824
11.402079505553424
5.4879858210875048
13.088214645545477
7.2566330759412958
7.3359473779207862
11.317190182162344
3.5744079032917844
3.1575154365997018
12.476645220862025
9.8208580619326185
5.0202676800336272
9.2705359118971025
10.241513156706823
7.4158562169207611
4.5672483956214966
2.9007495841851112
3.5273130781495756
13.621050294444982
13.809313363357948
3.089365807075803
5.6912073231957772
4.6378481940377565
5.8146330591368862
10.739277226253405
2.0752820918264492
3.6642072449832686
2.1922676656905105
13.086045577245255
3.33236686237997
7.3806389236249448
4.5083758143237631
4.0851593728482936
5.1646230334484704
5.2231392752302321
5.0523675178948295
7.645286377075676
3.7199097746547789
3.762428873027102
8.2948329596167039
12.814820938969865
3.1444837018142358
1.9487289079152241
3.8721438947929534
6.15225889880326
5.0556005831274229
8.3587486385980458
5.17018239221479
5.0765851041117322
12.185721647959985
12.239976806651573
11.411710924540559
8.2200240590606537
7.8794343641707183
10.739277226253405
13.664379857903697
4.1489041129138693
4.2108856708207973
5.847130406135201
13.196111568255295
11.475519099070311
11.617981889723263
11.573885178019808
11.507185861608619
6.1544876480171249
4.4056064209607149
3.1471852730451872
4.0851593728482936
7.5088043923591865
3.1856334585712092
3.1445025612603579
9.7104907981734137
13.216302770963518
4.5249670592746174
12.330683571801684
12.492114298147188
4.9869323049464276
8.2177652985368521
7.7523205134736637
11.871070572651034
4.4916177301822122
4.263012260062089
5.3058564605197587
3.7306113086735042
4.2257475968816456
4.3658611182106757
10.260493927088321
12.842288465023607
11.683971683206842
11.276540347166337
12.515194254060532
11.316695832233698
11.667542265449049
12.33302382752535
12.707746055469844
2.7866817702554645
3.0371268745121478
11.106709658829066
11.15301491608308
6.0030534890746248
5.9420195667172422
8.5772542903363469
13.350512005758688
10.999625711024809
8.6875116019355438
8.2313032817659693
7.1786701089387979
7.2566330759412958
9.9147002942376705
7.9305641482280862
13.392112182919826
6.5941720927336123
6.6422600861391432
9.4135032504346441
9.3178323393129912
5.4446034464274362
10.984818609308029
6.1798481499227433
2.6403701024975548
2.7069531293338196
4.2099380352712519
8.3499319822178641
12.476645220862025
12.886081072321467
5.4731322603970352
5.4374011806975675
5.3423465919174875
11.53607636778762
4.0544305890199661
7.2923194849142288
4.9207121485616501
10.971468275022046
12.73755317463335
13.01737050865133
2.4091447541858195
4.3902641885408293
10.591752320904718
7.7498423058870838
5.6456828472906828
5.2435131345727726
5.179158018552922
4.7230077759989992
11.728494421908225
4.9985180290838214
9.5722972809764482
10.857995992935006
11.32361302782347
11.965187816209465
5.0044862886854764
4.9215246059937421
11.269688016807057
11.56023029261365
11.667542265449049
2.5729586325403004
10.857995992935006
13.656300364202407
6.4683339038045355
13.039159398581424
12.515393654497439
7.1259518186107949
5.6120812896206571
8.4873213515877861
4.0881559211045175
12.395899889590996
11.030341284869086
4.0086522668353473
11.59639322271553
11.411710924540559
11.15301491608308
10.972809463637486
11.905493903526931
4.2257475968816456
2.4932497878072408
1.9459069805842057
1.9837492187276038
1.9619530272505039
1.8105518112493153
11.384966916410436
12.94163067987898
1.5637692426524989
3.1305805668890518
2.3830575632684039
11.790785421892592
3.8226428085502717
5.3503373329934725
8.8195660957252375
2.4008203653515445
2.8547562771102188
3.8245337429806399
8.169843100429274
5.6325451072128088
6.6735844441272532
12.781154688048266
11.079104993715184
12.764432759994795
10.949617972552279
2.5729586325403004
6.5798725873286106
6.088822684477333
12.33302382752535
12.405025987113818
6.9370114069671294
12.886534318129707
12.112547430880177
11.84734379471012
13.159269903312746
6.2218301875064368
6.7507471374154981
11.53607636778762
11.211229524961999
4.1017673408935966
4.166106914594871
8.5923082821717038
13.05371625916891
13.671523641568365
9.7234777709248004
6.8219087717848348
4.6045730029168057
5.4742503178989717
11.986138041529896
4.9207121485616501
11.920475598380348
6.5155227107533982
7.1259518186107949
11.264728355608177
11.790546107156192
12.060569277857189
5.5129347371990809
6.2820622536195332
6.3211687790547115
6.1633719653268537
13.313294626415408
11.037200734067047
12.256132448730579
12.22172693626282
3.0452787084320265
6.2381299057485853
3.4841607156697219
3.64575242122228
5.0765851041117322
5.847130406135201
12.015212422305428
2.8614194786576994
3.0524393186872345
4.0574055728467204
3.6100745352766785
4.7231714785609205
4.0574055728467204
4.7231714785609205
10.972809463637486
12.015212422305428
12.015212422305428
12.26929523263059
11.073791508141383
10.924378981336099
12.17873206405751
7.0541363798358647
11.384966916410436
12.005571819970172
3.1950720875834873
12.560941119882337
13.461098665432061
3.0831399397904611
4.0787208116388243
3.0983617080050214
11.592430264336333
9.1446021537622109
11.464070403575324
9.4033186811321237
4.8619258499789035
4.4102063457736387
10.99658296899543
3.2456626657641006
6.3001352915820226
6.5664893578258061
3.9760534108621162
4.0388674787885757
12.015212422305428
12.162015265181861
1.6884453104320745
2.3667622590484112
5.528638031839038
7.5088043923591865
2.584055707741185
11.920656456718403
5.3240141531941303
6.9385919867111667
7.2066201940104282
11.201559669602579
5.0583968803948345
2.8848937534266224
4.0214830806467772
4.13197649380154
3.5807589598771004
9.1796045271655302
13.755389701538192
3.6299017155101181
4.7230077759989992
12.949679171008457
12.482338401104489
10.882380665485906
3.5954000634370753
4.0881559211045175
12.269905262155437
12.405025987113818
13.67824767403596
13.54436073554484
2.915354551608448
2.9122477915078337
10.365773293047781
8.2691713489817023
12.85638665083683
9.4011960106488708
12.26929523263059
10.841418809095368
10.027520839143838
11.015068119937071
11.346419476574788
4.2657903858121147
5.0453717542258367
5.2074445170143937
4.0787208116388243
4.2099380352712519
6.8779206872768173
11.573885178019808
11.790546107156192
2.8974078190775017
3.0501750463955437
13.178532675456934
4.1892000928270869
5.4446034464274362
12.94163067987898
12.005571819970172
5.5339497297167739
6.8290686162170138
10.680745977257336
6.15225889880326
8.9237743794350983
3.7306113086735042
4.4687433786451978
3.1825397893720764
3.6111128009207776
12.925443381606817
4.6154438856906372
5.7519276887124908
5.5324766241641914
5.265286674353244
12.089225562607506
3.0584444343415398
11.756748623994886
8.1393846426277978
8.0589499572092436
3.7714392387725577
5.4742503178989717
4.2023245422606141
4.4590122196183311
1.5517354143736437
3.4931366885005928
1.5637692426524989
4.0574055728467204
13.570509292533298
12.558401767391025
5.6875045335438301
7.7766404034394574
11.144348852897828
7.3806389236249448
7.7770665687840248
12.441364084062394
2.69999468388664
4.331113249969186
5.4134479393705464
3.8374046226352716
7.0477751786130378
6.5574377347753012
5.6012836733602933
11.95236556334695
6.8745067983967241
5.6002177219542153
8.9654304662446176
7.5685863265567574
12.814820938969865
8.7604166153993166
4.4687433786451978
3.0358706016675199
4.1892000928270869
3.8567214016238331
2.915354551608448
3.4913557070636729
12.294553921537085
7.6943537926506513
10.960093677148482
11.073791508141383
10.841418809095368
11.820386760574028
8.0295686682410032
10.516933940539642
5.1406233065498501
7.9101167455144505
4.358301930338599
3.4140376456109682
2.5357391105747005
5.7774213457217156
5.4446034464274362
5.4446034464274362
5.1406233065498501
5.4446034464274362
4.0540149523318281
4.6138419107755873
3.4816669474213953
12.181375785700027
5.7107456458834118
2.4717948013368747
3.1305805668890518
11.178307775891099
10.688375574701981
12.200714069931918
12.308917186638826
12.639041732674983
3.778551896224061
10.787980414145711
10.027520839143838
5.5980983081828128
6.8700813751777128
5.3557349681241018
6.8777530122311887
7.4509409718045614
5.2634179357552551
5.1101474180839457
5.1531401785167104
9.224514253405248
13.605766990565476
7.8459449398129522
13.605766990565476
12.157305375412058
7.5910252505833826
3.1856334585712092
7.7396033396319162
12.441364084062394
11.227433489310064
5.4446034464274362
2.5562467941906646
2.5642809613540325
2.5720010964968827
3.4466804804088018
8.9730198569967907
3.5955029221884072
12.922420213962873
3.1465951550256195
3.1445025612603579
3.4752453357458992
3.2378476060752268
11.082536640615841
12.902959699528612
4.116385941397767
9.8896579892453413
11.996366671806495
5.9099444740616605
2.5748162682972708
3.9541138612660447
12.863669138409268
11.07650665857617
5.6875045335438301
6.9385919867111667
11.553216795828213
11.905493903526931
10.924378981336099
12.162015265181861
3.6642072449832686
4.0881586527707503
11.84734379471012
5.17018239221479
1.7475194317933624
2.1922676656905105
4.0881586527707503
2.5778963146872211
4.0540149523318281
1.6379121419122835
6.1233114273742899
4.5629046266717141
3.9358971306605022
7.8738739041164028
4.6138419107755873
12.622273701888359
13.1035282897464
4.6625598105462709
6.8946051676351932
6.2822114126943944
8.0592585611613288
7.7770665687840248
10.212111097567595
9.8283834615750827
12.060569277857189
12.707746055469844
11.127250043107477
10.644594970259881
6.3432619391309188
5.0556005831274229
3.9212528282756938
5.2074445170143937
12.091728790660625
6.2535280491652392
6.253722636344496
11.88906867744892
9.9267167940526697
11.760436857432252
10.919591754288328
10.961468147362613
11.012507299369849
11.711173635475919
12.256132448730579
12.431726831153059
11.053546712520404
4.9207121485616501
5.0675149914380819
5.6414813769840251
7.8289087296929631
3.694868652747302
5.4126449144286957
11.915332432526395
11.211229524961999
11.227433489310064
12.363402542592683
9.9866419197210128
11.54726909708053
11.625853598246557
4.1824170306476347
10.882325120969686
4.174980253176285
8.5314142548257408
11.852488973584933
12.053548437900531
12.157305375412058
5.1921637338060842
3.9331507266580887
5.5980983081828128
10.247120428877986
2.3032038339356262
3.5139275553131766
4.7556688255592352
3.9614839949889338
8.4287718664750866
4.8986856341926917
5.2295491999817969
11.553216795828213
5.7156457195010981
4.9321032167261469
5.0159691289008368
9.2404493392936971
5.266351375721503
12.089225562607506
5.1531401785167104
11.07650665857617
9.9267167940526697
5.7156457195010981
10.423644933702654
4.090001213498569
2.3830575632684039
11.922656511252187
13.107035686383229
9.1081091714620097
5.6912073231957772
3.1825397893720764
11.95236556334695
3.6830736454600324
12.27735282905631
2.9861348096440836
4.6164625414954603
2.8527451179684373
4.5672483956214966
4.5672483956214966
4.5672483956214966
10.363193797932224
5.8137178874149997
11.704667568008038
2.7755755734518117
3.0983617080050214
3.5807589598771004
4.2099380352712519
4.2220884482878596
8.7604166153993166
8.0458781921696119
10.644008302617419
7.8762712877166576
10.680745977257336
5.0809999834343973
11.32361302782347
4.2205826246121978
13.551009364549003
13.159269903312746
3.5163423049008355
3.5125667715600635
9.1875678327774093
3.0371268745121478
2.9122477915078337
2.6396715228009806
6.4714353350696623
11.790785421892592
1.8071048422684866
2.1187478574745975
13.392112182919826
13.222921075687688
11.755517685372718
12.426496170123718
13.1035282897464
12.482338401104489
13.1035282897464
12.568750591642749
7.9800278717320108
7.3359473779207862
7.4509409718045614
4.0177533450462342
5.6120812896206571
7.9278006117793449
2.660023005765392
2.9051712637182927
4.0881586527707503
13.107035686383229
4.2564304191830926
3.6111128009207776
9.493230297459375
4.6378481940377565
3.9541138612660447
3.6830736454600324
9.7487003504088818
4.6338894430587327
5.6866698458655476
9.7770967420109951
3.1803513994506938
3.1367683524149292
7.7989059198392372
12.395899889590996
4.807993282270635
8.5923054965015417
12.707746055469844
7.1067321038672535
3.1531999848507457
5.2858770238620041
11.288849838594254
11.229712891656135
9.7364249208897
11.965187816209465
11.416295138163033
4.3558437883036589
3.8627399190405454
7.5087280904644844
10.919591754288328
11.957764708146065
6.3227354385972792
6.4380628741604005
13.076234505776762
10.845649692494643
5.440631517779404
7.1233488156555094
12.639041732674983
5.4125749798160427
5.0044862886854764
6.0030534890746248
4.3578726206087195
6.4994174937541001
5.9851813501294107
13.076234505776762
2.2913280511359546
3.762428873027102
6.7221651839099046
7.1188775153371955
5.6018237116027407
9.7909802401553918
5.0304901423764052
4.4590122196183311
6.089434665384343
6.088822684477333
6.1633719653268537
4.0339099381801171
8.6724996781110253
12.833985143185071
11.148515226075608
7.6943540631744574
10.697467173374056
9.2127969026135386
9.9218085944551273
11.303418495001488
2.9053057651820051
10.236457125930016
10.367840832797231
11.015068119937071
11.820386760574028
4.2425437104964097
8.2313032817659693
4.0334132470778981
4.3902641885408293
3.1459722577063802
5.0523675178948295
4.174980253176285
4.7327357200375033
8.5314142548257408
12.17873206405751
11.346419476574788
12.363402542592683
7.6900919511829979
11.625853598246557
7.5324234727557426
12.334617786915203
11.507185861608619
5.013114691208199
7.9101167455144505
3.4816669474213953
4.7231714785609205
11.030341284869086
10.212976728439065
8.0458781921696119
12.568750591642749
12.560837783004274
12.707746055469844
3.6642072449832686
4.0881586527707503
13.097889343109792
10.356499218264158
11.082536640615841
4.4186944034717675
9.195900230266906
2.7794327759824022
4.7865636838004324
4.8390712285269348
4.9215246059937421
2.5688687579196809
3.4836465977989151
11.086781011708302
6.9739578522277306
10.963206186276546
1.475890256507558
10.940350197045255
3.82964438804603
1.4460179185573039
2.2328969018936409
2.7357471614146855
12.366600920719858
12.900083762508737
11.019622505519671
1.8275125775682914
1.4687296274099175
9.6450593170028718
1.9000084770571612
4.268565538774924
1.4122717482794374
9.6541097274554222
8.2027540221057986
4.13197649380154
12.943347209295371
2.6167079334136298
13.033445429151632
1.6191861156638598
12.800486512642262
1.4357719105615117
13.377806403688185
1.7317381229352464
12.890899214943175
1.3997780572540215
1.586959780172607
12.832819031138625
4.1533429348200501
3.6361270920688562
1.7583833124503525
1.6450907590450952
3.0740620410859276
9.712739350022888
10.977001142022846
1.5340060775306916
13.427090172492129
12.641443129305861
12.966965552149997
1.8273762786047332
13.150598206345375
10.362809703143162
2.6185885580165138
1.8275125775682914
2.5411531715826112
2.6185885580165138
3.6031733226258864
8.8352861565869638
11.08281773340876
12.490627839887372
11.977546917445972
3.2294936491342803
13.550041738526438
13.347777459266084
13.704556222115514
3.6971965713098305
11.010277823267844
11.024507856969196
9.7127342569786741
8.0917600289946492
12.765267525992273
3.8368471267983413
13.097553762818404
5.6184217944198256
3.6639692866134137
3.7278984250020559
4.3973866953723189
3.4580140278286073
8.1169016951677939
11.214556568465664
4.2629496392415396
3.9999317333217319
4.1208296709373018
11.796055950644126
3.2840501425780322
5.7639043668679681
4.1010978246686962
3.9456548788238579
4.1606982287986245
10.368899811378489
4.2629496389404835
5.883375791113961
10.052807911584928
3.8193413889332448
4.1865111226861726
11.830164850727186
3.8381940411735846
3.8290493707423341
2.7326020803804889
5.5234464400345802
2.9218684413332352
12.150895380456131
4.20773078951503
9.5436614244913489
10.195904691936523
10.259149713575805
4.3203233380892572
10.479710136390452
11.863738830980466
5.9027324903558416
3.8733723692435915
4.3203233380892572
10.722880628180151
8.8299068946901098
3.6490597714400166
4.1014936023472979
10.169936216390257
7.4798495131368785
7.4788163112248904
4.1769926454196176
11.796630025602191
3.7846709375475522
11.893739801519251
3.7005073550945258
10.377810403217882
11.012561004777668
3.756993010062839
6.0743808283529956
4.3196431615422837
11.399087492792951
3.5068131470827786
8.6712037206527004
11.696483915572683
5.8841259505047505
11.828363855889521
4.1606919379188376
6.0934677261641781
9.4300881396879976
12.162015265181861
2.5688687579196809
12.058349043106173
12.712762957689058
9.1296620188762354
1.7632736385866381
1.8812785603941422
1.6352320523851378
3.6347732329264208
2.2121118487336489
12.660044718132569
2.3050426256008594
11.658488995361509
13.377516224106422
3.800769945725551
4.402982915561271
12.611616970884294
5.7347046993120463
12.688315762996201
9.7479485024329886
5.7771321978502215
12.94035047436274
3.823400702643394
12.676132625802341
3.5938050749494872
9.8925237948475893
9.5832646922281395
9.8127295745635497
12.751679100554995
10.265985114083138
11.403317573573972
13.065509073809245
4.900167287277414
12.901118496131023
6.3666715652829025
12.653166085267012
11.41830410962335
3.6360846263498492
3.5975434555713695
12.761455019453418
9.1691462066929148
8.8508122317044595
9.7602701649919812
11.219574448639898
12.688315762996201
12.688315762996201
9.7013590502164604
12.209532463831119
13.225578883909133
4.589408639240351
12.540790857647513
13.218726553549853
4.5219971692830967
10.436359888330582
4.4422883245500371
4.5219971692830967
9.0031749165786614
3.6374838471748712
5.5444386001798724
11.350234547391667
5.7275904329668572
11.173552790148044
9.794983476555748
4.5052853309334608
5.5445414589312039
3.6965579685361587
3.58695067865508
13.801527510327729
7.14120227054888
9.8768391485221407
4.6090615425081882
9.747944456582033
3.4836465977989151
7.4039512289576379
2.3439103096814544
2.9837692603115373
7.9929246541803058
2.3480942436356309
2.3287940570018661
4.3529707504300399
9.7232190941612693
11.069905414536533
2.416343254227534
10.113917904126962
2.9837692603115373
4.7556688255592352
2.6710429833556528
2.7353954114369898
2.4389322439810783
8.6368535651266001
5.4770725561837894
13.382708764485038
4.8705617993764392
4.3171544314711374
2.9837692603115373
4.8705643921784096
8.4820676148976357
8.6368527941486857
4.2308526784349887
6.704707362302031
4.2067884412304721
6.5655010782382561
5.4998789224669622
6.4574143510665598
8.1035261847599216
4.2308526784349887
4.2067884412304721
2.5239715505951472
4.1290616574747059
3.2965964232192371
11.026310741816619
4.1023412489933726
3.7363929011913615
12.791571009974053
2.7645965601431879
4.1855674353720032
6.1314555673904314
6.6084203380903981
2.4245268686535444
5.2049983371587185
9.4731342987088407
3.8572164430752198
3.1657579756926122
5.4998789224669622
5.6570135535357009
6.3546449577035116
10.636550138678341
7.4776765685818347
11.658488995361509
5.9015914644353007
5.9591480530155208
5.170735937541842
4.632669466768327
5.1947012025068968
13.127346312633895
5.1293899361934905
11.086781011708302
6.0225221465200631
3.8126562275873828
4.1066545141034414
10.653265723040469
3.8637381403595676
11.317274910152385
12.447088148218009
5.6184217944198256
12.058349043106173
2.4473211581962753
2.2799280311599808
9.5993576509280985
5.6353939917082876
3.2815217366684193
9.2276216496327752
9.2948228132298052
9.3049950895945308
12.646505710116852
9.3049950895945308
9.8317360106162646
5.5771967668229738
7.2875165606555319
5.0962238097879835
11.659529334916209
4.6559916660766163
9.5400637873261793
5.0956336917684153
7.4039512289576379
5.049843530892085
3.7662962184314219
3.693092647798633
2.3439103096814544
2.3389813535330162
1.9982660001203436
3.1444344809594718
2.3754262760756069
2.3754262760756069
3.1858803733035681
2.9889499493950846
11.136029470158581
1.9405407911939172
2.4968633855912397
3.7123454965583784
4.9593880020367429
1.9143023725862041
2.2545607111969823
1.7995148939688823
2.2418448272139453
13.377516224106422
6.4875395367685442
7.0061155906048631
13.468639839271473
5.272936706069367
5.8845493154141844
5.0054881861154286
4.9943172451748232
5.8057599383666298
6.6115983472890667
5.1022385215935424
12.712762957689058
12.540357238191259
2.9819823060990935
1.7250582124707909
3.0517436976689432
1.6809368742955864
3.6639692866134137
5.6570135535357009
9.2413580216570246
6.9739578522277306
11.562109151088299
7.0074354171376312
5.9824517838206939
4.6280793517258152
2.5571860820391734
4.5708274554992494
6.5458982082589987
4.4972577259981064
12.155627057040876
2.4763693162663603
2.485965006517727
13.519679655339559
4.5207360484111341
12.810700565001939
7.6283714653266923
4.5207360484111341
2.372407320250236
3.8075159930830491
2.5785230327942212
12.835149501849632
12.721821929718079
2.815795248892166
3.7274358065815982
4.6985439568870913
2.8250651987824331
12.722029703535272
13.23788837533705
3.2680690578485279
3.2314443244750679
6.4892306920011533
4.6189167133297344
10.814553792139115
4.6887322271272804
5.5538519367853914
4.7357203069982612
12.314811829790576
4.6490332206294367
5.4242838724886955
12.37268347044545
11.136606369520205
11.144938767009704
5.049843530892085
4.3596047187819691
10.963206186276546
13.351118042296219
3.0402709545886801
4.5066367276068471
3.6201598224729157
4.7590883994874931
9.8229124408591986
3.0350202737800416
3.0966832749402875
3.0900404951552103
3.7278984250020559
2.4473211581962753
3.6570678691290257
6.4935924322853307
10.672972859053742
10.543082123709313
12.196158965620784
12.934991365614829
3.800769945725551
4.6078904810003261
4.3973866953723189
7.283783331978003
4.8867647121722202
6.097942649656666
13.19984563024007
4.7818675120040401
6.097942649656666
4.8339322901694191
1.475890256507558
4.6777072840895233
2.5122462414917126
3.8980918693924043
4.402982915561271
5.9015914644353007
10.603448184535795
9.2915760162457701
9.3648947536635578
12.611616970884294
7.283783331978003
7.3615260157838645
3.9385854233070705
3.8559166817336066
6.4875395367685442
6.7675214302284905
11.562109151088299
13.110940825574437
11.36254178717744
13.41310894031812
6.2796733770522319
6.1832616847710948
6.0968245921547304
10.940350197045255
4.4230853005279327
5.9586643415677649
12.68309262283624
5.4368301266571786
3.9465745004454842
12.295764573055003
12.68309262283624
3.4580140278286073
3.6570678691290257
5.7347046993120463
5.6689483113975756
5.8821892634008854
4.390566977517671
8.1169016951677939
8.1952279227302842
11.214556568465664
5.4828627534204903
4.8833457607648381
6.4095779952988323
4.849788120927907
7.2548949972625554
10.872812916177894
10.922058393739587
5.4629660920559724
6.2054689559258893
4.2629496392415396
6.5487842793626081
4.6709462805520836
2.7521008470497637
13.028143530457982
12.898656509295074
6.8109643867216993
5.0502169998410782
4.2502166832150579
5.1172233630643964
6.3159094674090959
9.1296620188762354
7.1671396858525185
3.9045911849647954
9.3922269961295637
3.7738795332490813
2.9837692603115373
4.6777072840895233
3.9999317333217319
5.4828627534204903
6.5655010782382561
7.9929246541803058
3.82964438804603
4.4778862659028071
4.6189167133297344
4.9078521459262623
5.2586742540084632
4.1208296709373018
6.5655010782382561
9.8317360106162646
3.1436258272600868
10.481005049059307
4.7499326524259242
3.1750908359529353
3.1213998733602528
13.504078269042612
4.9778731666157592
5.1619740133889396
8.644821123987656
12.910506684105409
3.7253510475646836
3.016294883385032
13.159259772451129
8.8425512088433003
8.3870029924876768
12.688315762996201
11.796055950644126
10.672972859053742
10.621538214853821
3.2840501425780322
7.8387566346827144
6.682518209249416
1.4460179185573039
3.0893879942230456
10.749150442503399
11.151805555811292
2.3480942436356309
3.1241978203308123
4.4892868541517847
3.1436258272600868
5.2862521423039652
5.1621933317834428
4.8029439947497368
4.559038122059655
5.0421382391642
3.894945517327002
3.5007739511164395
12.933630363662862
6.0390397502413657
2.2799280311599808
2.3592499553634285
9.5993576509280985
3.6484060258616906
3.6054133192119693
10.440092832361035
2.6693327061694179
10.165070265153165
3.3192282491942113
5.7873331604715137
3.0402709545886801
4.2257475968816456
2.8125642224198382
4.2862536704156069
3.3598198198556664
4.6078904810003261
5.957690803578144
2.2328969018936409
2.2635118960526253
2.4830386094950523
2.4624950760011437
2.7907395195639206
4.6280793517258152
3.0250627558324679
3.0846525407091012
4.2190308602185356
3.1766037048742981
5.4163637509044058
3.7924511619627257
5.3447919147705392
6.5119431634145108
3.099612552274658
5.4786209178676337
7.9520920258174215
2.7357471614146855
6.1502114903764298
2.8568590453455696
5.7639043668679681
11.244945016507389
7.3616135165588394
3.8919242526408455
4.1010978246686962
7.3615260157838645
5.7485422401443822
8.2311007903623299
7.0061155906048631
10.814553792139115
4.9078521459262623
4.8464463558202979
6.2801517867119827
4.9849091384103161
6.5829279798015294
5.4338227918224415
4.4341126764591365
2.3389813535330162
4.2670833523344749
12.366600920719858
8.9984985194516689
7.9113492897331499
3.2407025052058303
7.5279509760148873
3.7662962184314219
3.7259744655971758
12.761420023725739
9.1277086456815937
5.608975175113768
12.555943778189468
5.3642136837736771
3.9456548788238579
2.5239715505951472
5.1537079767570972
3.7860871455272078
6.7356022205432282
1.9982660001203436
3.5370413472730302
13.265734368976496
13.509268829356445
9.7479485024329886
12.934991365614829
5.7771321978502215
10.481005049059307
8.1952279227302842
8.8425512088433003
5.6353939917082876
12.46597247728244
4.523109446107493
2.9234865317701675
3.0531356506327358
13.110940825574437
6.0968245921547304
6.682518209249416
11.40209857909433
13.254969928703465
12.872400550972868
13.144462736284918
6.1422055973587106
9.6988808426298796
8.7709473085276315
8.187168442491382
5.1441106243262835
7.3624864761133422
2.3287940570018661
3.1444344809594718
3.1241978203308123
6.00110306161623
13.36515969105878
4.5997457426198114
3.14686415378414
4.5066367276068471
12.94035047436274
3.823400702643394
3.7259744655971758
4.2902385438259154
3.8977674446580206
6.9359708416892243
13.705787160737682
4.3529707504300399
5.170735937541842
5.1101975666847288
3.0250627558324679
5.3777943550140197
6.5306212963950658
3.765391595390581
4.7118509837972793
4.6289770545977484
3.6247567374075662
5.6549629604171212
2.5571860820391734
3.2417063184722319
4.0234822613735242
10.603448184535795
10.684343141385428
9.6940118677665499
10.16906259580345
4.1606982287986245
6.704707362302031
13.468639839271473
12.900083762508737
11.019622505519671
12.540357238191259
2.3975048791069615
2.7481197502057499
2.7834130263711758
3.7590964055653102
12.305294329494568
8.3870029924876768
8.9984985194516689
4.5609730649010842
5.9250919476049129
4.5133194980968288
3.6484060258616906
3.6484223783784429
3.5257616586125566
1.8275125775682914
4.3658611182106757
10.368899811378489
9.0679160520799922
4.2629496389404835
6.3592448825164354
5.2862521423039652
2.3754262760756069
5.7485422401443822
2.8484635719455853
2.5967100872662465
4.5708274554992494
3.0846525407091012
6.3523140197497163
6.1072575099561641
6.891751886584597
12.676132625802341
10.684343141385428
8.2348743357363432
9.8284729009135159
1.7632736385866381
3.6054133192119693
3.6809240438589175
3.4331961588624917
4.1252154902641012
3.5938050749494872
3.9327877554704007
3.239335001331797
5.5771967668229738
6.1589765720140486
10.166803835279648
10.088423179370594
5.3777943550140197
3.6420843017507041
4.6887322271272804
4.8833457607648381
5.4763516148923719
5.1868861428180235
9.8925237948475893
3.9385854233070705
4.0243206285692459
1.4687296274099175
4.3658611182106757
2.3770687585660086
3.3352249511683132
3.8980918693924043
6.0225221465200631
5.272936706069367
6.7675214302284905
4.9992135831383395
9.6450593170028718
9.7232190941612693
4.4778862659028071
4.5559224641817959
2.8484635719455853
3.5252117811561745
2.9530055909170811
9.5832646922281395
13.633010219949638
4.4342718174158202
4.7499326524259242
3.5278577214635596
4.3552163577129495
3.7726741338946561
12.812822605089048
3.400143831855722
2.764888102117339
2.9530404122278195
2.9132261642350352
2.7269347971844704
13.055748195571862
12.986239270809843
12.961545836112647
13.0025852492632
6.5458982082589987
11.103996585339061
2.3770687585660086
3.0912683727056938
4.2099380352712519
4.4972577259981064
5.883375791113961
4.1290616574747059
10.212976728439065
8.6789400759859774
7.1281965552957178
8.4173724405473322
13.496307633823326
7.5508622483455383
12.812822605089048
2.1170066568920594
2.5569251479730584
3.6281582300801776
2.4201973335567555
2.5471709451858935
11.069905414536533
2.3754262760756069
5.8845493154141844
6.62674582083232
6.3523140197497163
3.1858803733035681
6.00110306161623
3.2914996949290249
1.9000084770571612
7.1671396858525185
7.2993758697362692
4.504934475229688
5.1621933317834428
5.442175225243389
6.1502114903764298
8.8436437043779907
4.268565538774924
7.9113492897331499
12.155627057040876
9.8127295745635497
12.751679100554995
3.1750908359529353
4.5127259453803887
8.4204738718124581
13.545431759458328
2.4763693162663603
3.5851326300807567
10.265985114083138
6.983805899503877
7.4370243578303015
5.9591480530155208
4.2257475968816456
6.4801447432053836
4.8546789708372735
11.403317573573972
6.704707362302031
3.2965964232192371
5.1537079767570972
5.7873331604715137
4.523109446107493
3.0537091342532303
3.007530818245443
2.416343254227534
2.9889499493950846
8.8876305234539625
2.485965006517727
3.189095291812746
3.4620267630812558
3.0912683727056938
3.0537091342532303
2.7486101254552113
2.9819823060990935
11.136029470158581
5.2586742540084632
10.113917904126962
13.709475394175049
1.4122717482794374
2.1170066568920594
3.6345090590106177
2.1063684978305366
13.256481322161104
13.446322876262702
6.9944102909686325
3.7582575382286514
8.2923004758737147
10.052807911584928
13.065509073809245
13.519679655339559
13.567020426466058
13.178751428398931
9.6541097274554222
1.9405407911939172
2.2635118960526253
4.552681654518147
3.6274653127566974
4.1489041129138693
3.7329893818583639
3.9045911849647954
3.9638504037154974
3.8193413889332448
4.8867647121722202
5.4653808416436318
11.40209857909433
8.2027540221057986
8.2312499494371902
8.2025665859080341
8.2027611730872927
4.6709462805520836
2.3975048791069615
2.3183363625348989
4.900167287277414
4.5210396332396794
12.901118496131023
4.2902385438259154
4.8542098004610894
5.6132457817260653
4.13197649380154
4.5559279015890208
6.4801447432053836
4.8242215830920738
4.723545961068667
4.552681654518147
4.0715558101381406
3.6274653127566974
4.0715558101381406
3.2707714259712395
3.400143831855722
6.6332645090719344
12.943347209295371
2.6167079334136298
2.4830386094950523
3.9929810299744459
4.1865111226861726
7.8387566346827144
10.914469002987413
6.3666715652829025
4.8242215830920738
12.305537755006954
6.3677329402145642
6.2796733770522319
5.3611057352549594
6.983805899503877
5.5797363523428691
11.830164850727186
13.033445429151632
1.6191861156638598
2.8189017646645889
12.653166085267012
4.3596047187819691
4.3158007957912075
11.41830410962335
7.2875165606555319
10.29897051896066
5.5538519367853914
3.1213998733602528
3.5278577214635596
4.5127259453803887
3.9649034651247748
3.2104009834446972
6.1677572251992379
3.2379405311982095
4.7725964446715645
10.543082123709313
10.749150442503399
12.161149634310393
11.151805555811292
11.266870876055787
11.352357217874919
10.212976728439065
9.5132199307586536
1.8812785603941422
1.7250582124707909
3.3978252735758185
5.0054881861154286
13.254969928703465
6.62674582083232
6.4406562669250089
7.5947213840334795
6.5536115396596015
5.7864431593780674
7.2349155606048008
6.097942649656666
6.1589765720140486
10.440092832361035
3.6484223783784429
3.3975639461254237
12.800486512642262
1.4357719105615117
2.7521008470497637
2.3183363625348989
1.9910428132205722
4.3398617558766377
6.5306212963950658
4.6741422504648495
5.4338227918224415
7.5307935954883485
10.007988493952039
4.9920908044430776
8.2511471487189674
11.026310741816619
11.103996585339061
13.19984563024007
3.6360846263498492
5.5797363523428691
3.5975434555713695
3.9109915639932997
4.4208333380796709
8.0723499641170857
3.1813404996881212
13.377806403688185
2.7481197502057499
1.7409597854764534
2.5267923631479405
3.3352249511683132
4.2099380352712519
2.7834130263711758
3.8201303279226924
2.4641039628016546
1.7317381229352464
3.0893879942230456
3.6345090590106177
4.1023412489933726
8.6789400759859774
9.5132199307586536
13.504078269042612
13.660212172218715
9.2915760162457701
9.6940118677665499
4.7818675120040401
4.8546789708372735
4.723545961068667
6.1589765720140486
5.9705216173895739
6.0654244781405637
6.4095779952988323
5.91052253173173
3.2417063184722319
3.2223732376326013
4.632669466768327
3.8559166817336066
4.484043291436473
3.8381940411735846
5.3611057352549594
6.3148996549534724
9.5176248632995541
6.1832616847710948
8.2348743357363432
3.3978252735758185
2.7486101254552113
2.2648073017840531
4.1489041129138693
12.872400550972868
12.761455019453418
13.144462736284918
4.5609730649010842
12.948664247767606
5.0321784765332573
5.9879060155313724
6.0810150305443367
5.3957190171515981
4.724614110194608
4.8029439947497368
3.7595903479921118
12.761420023725739
5.7942461944747219
3.8290493707423341
6.5487842793626081
5.4616053083028593
5.0502169998410782
3.7363929011913615
3.2876070565127438
13.36515969105878
12.909132213891278
3.5252117811561745
6.0059871023709421
9.1691462066929148
12.737018950888507
8.8508122317044595
12.890899214943175
2.764888102117339
6.0488308509012327
3.7179912374306534
5.9722820090013897
2.9530404122278195
6.0488308509012327
3.7329893818583639
3.2707714259712395
3.0264627980665888
1.6352320523851378
2.3592499553634285
3.2815217366684193
2.6693327061694179
2.7326020803804889
3.9462176751849984
3.765391595390581
3.6420843017507041
2.9132261642350352
6.6332645090719344
4.6741422504648495
5.7942461944747219
3.7179912374306534
5.7942461944747219
4.2190308602185356
6.1072575099561641
6.1422055973587106
6.2120507968048848
9.7602701649919812
13.351118042296219
7.4370243578303015
9.2056716126840925
6.7020111139821994
4.559038122059655
5.1129758141334118
5.5234464400345802
3.7860871455272078
2.9218684413332352
1.3997780572540215
2.8189017646645889
1.9910428132205722
2.8808381925276922
11.219574448639898
12.150895380456131
9.3648947536635578
5.2586742540084632
4.849788120927907
5.4763516148923719
3.9649034651247748
5.5285232367189145
4.20773078951503
7.6402458599385739
6.5868867307805532
6.4935924322853307
12.688315762996201
4.0243206285692459
5.6132457817260653
4.1413062024333067
3.0517436976689432
2.344823433152361
5.0421382391642
5.1129758141334118
4.9960004421395876
6.4574143510665598
6.0341979095910894
1.6809368742955864
1.7409597854764534
2.344823433152361
7.0014060546376262
9.5436614244913489
5.6689483113975756
5.7114674097698979
10.195904691936523
4.4341126764591365
3.8977674446580206
1.586959780172607
7.0243210547453412
3.6642072449832686
6.2887229472590533
10.259149713575805
3.1766037048742981
5.6330291643767518
13.360749461283355
10.16906259580345
9.8284729009135159
12.688315762996201
6.097942649656666
5.4163637509044058
7.7961689428779977
2.9837692603115373
12.832819031138625
13.567020426466058
13.522923714762603
13.456224398351416
8.1035261847599216
6.3546449577035116
5.0962238097879835
6.0341979095910894
9.4578429291019841
5.1346719953140054
5.0935410980031541
11.659529334916209
4.4892868541517847
4.5997457426198114
4.1533429348200501
6.9359708416892243
10.166803835279648
9.7013590502164604
6.4406562669250089
6.2120507968048848
7.2548949972625554
5.6796498454163009
4.3203233380892572
6.3148996549534724
12.209532463831119
13.633010219949638
13.225578883909133
13.265734368976496
13.616580802191844
4.7357203069982612
4.9861654112549445
13.055748195571862
13.102053452825876
2.5569251479730584
2.1063684978305366
10.479710136390452
12.948664247767606
10.636550138678341
10.180341818508765
9.1277086456815937
9.2056716126840925
11.863738830980466
9.2276216496327752
2.9234865317701675
3.007530818245443
11.36254178717744
11.266870876055787
4.404692193343605
9.7842417194067739
12.791571009974053
3.6361270920688562
2.4624950760011437
4.589408639240351
4.6559916660766163
6.1589765720140486
10.29897051896066
3.7590964055653102
3.8201303279226924
5.7942461944747219
1.7583833124503525
4.4230853005279327
13.485114904530416
5.9027324903558416
9.2413580216570246
4.5207360484111341
12.810700565001939
3.6281582300801776
2.4968633855912397
3.8733723692435915
6.3393027252836269
12.540790857647513
9.6988808426298796
7.5947213840334795
3.5851326300807567
3.5178560543784623
7.1281965552957178
6.6720463127417959
13.256481322161104
3.8126562275873828
11.244945016507389
12.523440162224047
12.902637152370657
5.9311839492909613
4.0315490041025042
13.218726553549853
13.509268829356445
13.616580802191844
4.5219971692830967
12.523440162224047
1.6450907590450952
4.6777072840895233
8.4173724405473322
2.7876672943042098
2.9078776577618273
10.436359888330582
6.0371944578473142
12.979379821611882
5.957690803578144
13.545431759458328
13.360749461283355
13.102053452825876
12.921848000380281
4.3203233380892572
4.4422883245500371
3.894945517327002
3.9327877554704007
3.9109915639932997
3.7595903479921118
13.334005453153232
3.512807779395295
5.0796191036318481
4.3320961000112002
13.739823958635387
3.0740620410859276
7.2993758697362692
10.722880628180151
3.693092647798633
4.2502166832150579
5.608975175113768
9.3922269961295637
4.504934475229688
3.9638504037154974
13.028143530457982
12.898656509295074
4.5219971692830967
7.6283714653266923
3.2298802048334632
8.8299068946901098
13.796382331452916
3.6347732329264208
3.7738795332490813
13.485114904530416
13.160268061704796
2.7269347971844704
2.4201973335567555
3.0616722761099684
3.1331513189002407
9.712739350022888
10.977001142022846
8.7709473085276315
6.5536115396596015
1.5340060775306916
2.8947118876377917
13.427090172492129
4.5207360484111341
13.446322876262702
2.9530055909170811
2.7876672943042098
12.641443129305861
13.739584643898988
2.372407320250236
8.2311007903623299
2.5967100872662465
2.4778526401174172
4.7556688255592352
3.0434813938493623
12.986239270809843
3.6490597714400166
4.9943172451748232
8.187168442491382
3.8075159930830491
3.7924511619627257
5.6330291643767518
7.7961689428779977
2.7645965601431879
2.5785230327942212
4.4342718174158202
3.189095291812746
3.2876070565127438
3.5178560543784623
4.4342718174158202
3.2876070565127438
12.921848000380281
13.022830044884179
12.873417518078897
9.0031749165786614
13.334005453153232
5.1441106243262835
5.0321784765332573
6.0277593483816201
5.0474002447478172
12.966965552149997
1.8273762786047332
4.7118509837972793
13.41310894031812
11.352357217874919
6.8109643867216993
6.3592448825164354
12.835149501849632
5.1947012025068968
5.1101975666847288
2.5122462414917126
5.9250919476049129
5.9879060155313724
3.6374838471748712
4.3158007957912075
7.4776765685818347
9.4578429291019841
4.1014936023472979
2.6710429833556528
4.5559224641817959
3.7123454965583784
4.2670833523344749
3.5370413472730302
13.150598206345375
7.0074354171376312
4.8339322901694191
5.9705216173895739
6.0810150305443367
5.5297974966198966
10.362809703143162
4.1855674353720032
6.6720463127417959
2.6185885580165138
3.8980918693924043
12.721821929718079
5.5444386001798724
6.0371944578473142
1.8275125775682914
4.8643930883512443
4.86128632825063
12.314811829790576
10.169936216390257
11.350234547391667
12.790457345838165
11.976559375886634
12.964106656679867
13.295458013317583
2.815795248892166
4.0234822613735242
6.9944102909686325
7.1564830537571904
6.0277593483816201
6.1589765720140486
7.5307935954883485
13.522923714762603
13.739584643898988
4.8464463558202979
4.9992135831383395
6.1382386295698845
6.2690189177222715
4.9593880020367429
3.1813404996881212
2.2648073017840531
4.3658611182106757
2.048440520743334
7.0243210547453412
4.3552163577129495
10.872812916177894
5.6796498454163009
6.4177819153879945
5.1315783261148731
5.5601513376635738
5.9722820090013897
2.7353954114369898
2.8125642224198382
3.0434813938493623
5.9586643415677649
3.7274358065815982
13.705787160737682
10.088423179370594
10.007988493952039
4.6985439568870913
3.2407025052058303
3.2223732376326013
3.1468387563609399
3.5007739511164395
5.442175225243389
3.512807779395295
4.4342718174158202
4.3658611182106757
2.824368009626721
2.5411531715826112
2.4389322439810783
4.6777072840895233
4.5559279015890208
4.9778731666157592
12.933630363662862
4.9960004421395876
4.9026125246993191
2.6185885580165138
3.8980918693924043
4.6490332206294367
6.2801517867119827
7.3624864761133422
5.7864431593780674
2.8568590453455696
3.0531356506327358
7.4798495131368785
3.6201598224729157
4.2862536704156069
7.4788163112248904
10.914469002987413
9.5176248632995541
10.709455152142112
6.4177819153879945
4.9849091384103161
6.1382386295698845
5.8057599383666298
4.8643930883512443
4.1769926454196176
8.6368535651266001
12.909132213891278
13.022830044884179
12.790457345838165
13.769425297316824
9.2948228132298052
12.46597247728244
3.3137147549646295
3.8825561824868098
4.7590883994874931
5.1619740133889396
3.2104009834446972
6.0059871023709421
4.404692193343605
6.2690189177222715
3.3137147549646295
6.2690189177222715
3.2627345759892017
5.0401888997924589
2.8486519557315977
3.9462176751849984
4.4208333380796709
5.0796191036318481
13.127346312633895
12.555943778189468
3.6031733226258864
3.6642072449832686
5.7275904329668572
12.737018950888507
11.976559375886634
7.5471368449256095
5.4770725561837894
5.1172233630643964
4.9920908044430776
4.8721405499567307
6.1677572251992379
4.1066545141034414
3.7295905792897264
11.173552790148044
9.794983476555748
9.5400637873261793
5.1346719953140054
8.8352861565869638
13.176472026052862
6.2690189177222715
4.5052853309334608
4.5133194980968288
4.5210396332396794
5.3957190171515981
10.922058393739587
5.5445414589312039
3.0616722761099684
5.0956336917684153
5.0935410980031541
5.4242838724886955
5.1868861428180235
12.68309262283624
6.0654244781405637
11.796630025602191
13.382708764485038
2.5471709451858935
3.1331513189002407
3.7846709375475522
5.3019409603646714
12.527332300258438
4.8705617993764392
8.8876305234539625
13.502255332571009
12.873417518078897
5.6132457817260653
6.037197189513547
13.796382331452916
5.3447919147705392
3.6965579685361587
4.1413062024333067
6.037197189513547
3.2379405311982095
5.5285232367189145
3.2627345759892017
3.58695067865508
8.0723499641170857
6.5119431634145108
4.6289770545977484
9.8229124408591986
5.0401888997924589
3.7582575382286514
6.6115983472890667
8.8436437043779907
8.2312499494371902
8.644821123987656
4.9026125246993191
12.161149634310393
11.08281773340876
12.490627839887372
11.977546917445972
8.2923004758737147
6.2887229472590533
3.2294936491342803
7.1564830537571904
13.550041738526438
8.2025665859080341
8.2027611730872927
11.374691940952248
13.709475394175049
12.868630291031124
12.910506684105409
12.961545836112647
13.660212172218715
2.2121118487336489
3.6809240438589175
13.0025852492632
2.8250651987824331
3.4620267630812558
3.0350202737800416
3.3598198198556664
3.099612552274658
6.891751886584597
13.347777459266084
13.160268061704796
13.176472026052862
11.893739801519251
13.496307633823326
13.574892134989353
6.1314555673904314
12.722029703535272
6.1240187899190817
10.480452791568537
13.801527510327729
7.14120227054888
5.8821892634008854
7.5471368449256095
12.196158965620784
3.7005073550945258
5.4629660920559724
6.704707362302031
5.91052253173173
10.377810403217882
6.6084203380903981
5.4368301266571786
13.502255332571009
7.6646842562438939
1.9143023725862041
3.0264627980665888
10.653265723040469
3.9465745004454842
3.7295905792897264
12.527332300258438
11.374691940952248
7.6646842562438939
12.37268347044545
6.0390397502413657
4.3320961000112002
2.2545607111969823
3.7836558780072527
11.012561004777668
7.6402458599385739
5.1315783261148731
5.6321121822028282
3.756993010062839
6.5655010782382561
2.4245268686535444
5.2586742540084632
5.2586742540084632
5.2586742540084632
4.3171544314711374
3.0966832749402875
12.660044718132569
4.724614110194608
5.0474002447478172
5.5297974966198966
6.1589765720140486
6.0743808283529956
10.709455152142112
9.3049950895945308
12.295764573055003
1.7995148939688823
3.239335001331797
2.048440520743334
2.824368009626721
3.7836558780072527
4.2975866545260066
3.8637381403595676
12.902637152370657
4.3196431615422837
5.4653808416436318
5.4616053083028593
11.136606369520205
4.9861654112549445
4.86128632825063
3.7253510475646836
8.4204738718124581
13.739823958635387
3.016294883385032
3.7726741338946561
4.7725964446715645
2.9837692603115373
13.704556222115514
8.2511471487189674
6.7020111139821994
4.8721405499567307
3.6971965713098305
2.9078776577618273
2.8947118876377917
9.8768391485221407
4.6090615425081882
4.8542098004610894
6.037197189513547
2.7907395195639206
6.2054689559258893
5.5601513376635738
11.399087492792951
6.5868867307805532
5.3019409603646714
5.6321121822028282
11.010277823267844
6.5829279798015294
4.8705643921784096
11.024507856969196
5.1293899361934905
4.484043291436473
9.747944456582033
6.3159094674090959
9.7127342569786741
8.0917600289946492
5.1022385215935424
7.2349155606048008
13.23788837533705
13.178751428398931
11.317274910152385
12.765267525992273
5.4786209178676337
3.6247567374075662
8.4820676148976357
12.868630291031124
12.305294329494568
2.5267923631479405
2.4641039628016546
2.2418448272139453
4.2975866545260066
5.3642136837736771
12.447088148218009
3.14686415378414
3.2914996949290249
3.8368471267983413
3.9929810299744459
7.3616135165588394
5.9311839492909613
7.9520920258174215
5.6549629604171212
3.5257616586125566
3.4331961588624917
3.5068131470827786
5.7114674097698979
8.6712037206527004
9.0679160520799922
7.5508622483455383
11.696483915572683
5.2049983371587185
7.5279509760148873
3.1468387563609399
3.2680690578485279
3.2298802048334632
2.4778526401174172
5.8841259505047505
10.621538214853821
13.097553762818404
8.6368527941486857
12.646505710116852
10.165070265153165
11.828363855889521
13.159259772451129
4.1606919379188376
3.3192282491942113
3.3975639461254237
12.964106656679867
13.769425297316824
6.0934677261641781
10.180341818508765
5.9824517838206939
6.3393027252836269
3.2314443244750679
7.0014060546376262
6.1240187899190817
6.4892306920011533
10.480452791568537
13.295458013317583
2.3050426256008594
4.1252154902641012
9.4731342987088407
13.574892134989353
9.4300881396879976
13.456224398351416
3.0900404951552103
4.390566977517671
9.7842417194067739
3.8825561824868098
2.8486519557315977
3.8572164430752198
3.2876070565127438
12.979379821611882
12.162015265181861
9.3049950895945308
4.3398617558766377
2.8808381925276922
5.6132457817260653
6.037197189513547
12.305537755006954
12.68309262283624
6.3677329402145642
11.144938767009704
3.1657579756926122
6.7356022205432282
3.8919242526408455
4.0315490041025042
4.5179072946624768
5.4326851345417113
13.035819548451098
8.9229963889705264
12.912244723019343
3.4249287932503547
12.889388733788051
5.7786829247888258
3.3950564553001006
4.1819354386364376
4.6847856981574818
12.968661042262466
3.7765511143110877
3.4177681641527138
11.594097853745669
3.8490470137999577
6.2176040755177198
3.3613102850222334
11.603148264198218
10.151792558848594
6.0810150305443367
4.5657464701564265
3.5682246524066561
3.3848104473043081
3.6807766596780427
3.3488165939968182
3.5359983169154034
6.1023814715628468
5.5851656288116525
3.7074218491931488
3.5941292957878912
5.0231005778287239
11.661777886765686
12.926039678765642
3.4830446142734877
3.7764148153475294
12.311848239885958
4.5676270947593105
3.7765511143110877
4.4901917083254075
4.5676270947593105
5.5522118593686836
10.784324693329761
13.031856270151557
5.1785321858770761
5.6462351080526272
12.959316360010641
12.973546393711992
11.66177279372147
10.040798565737447
5.785885663541138
4.6353121191903321
3.5175466415704046
3.8689273042097261
3.8362921294093475
4.0473696153752776
10.065940231910592
13.069014328626691
5.3093589420910732
5.4398355121226425
5.3664412045574945
13.655014917473611
3.4948144281023739
7.712942903610764
5.4619879580217452
5.7319068123417347
5.3473450444927035
12.317938348121285
5.3093589420396814
7.2489718138937773
11.899222700274812
5.0968459305536138
5.1597287438411108
13.688447729479181
5.0956319746751895
5.1067240498880508
3.1470684159041289
6.8084298042188038
3.4466371707762287
5.3283637005580573
11.385714840662338
12.043244006032957
12.105170492907172
5.1950182625871744
12.329778978287083
13.812777367723262
4.615021595417188
5.1921466996502668
5.1950182625871744
12.574648492314848
10.661348115159583
3.3220463205755819
5.4621027462448186
12.016671898585081
9.2843242643680952
9.2833514375406452
3.7531900775374436
13.655683743093942
4.9477936717714721
13.753045630250593
4.9718667016263147
10.686609321077741
12.866585873044009
5.4847547370735681
7.8321607038324679
5.1948875942003152
13.255911957041688
3.6399463902101008
10.620242257395498
13.55260302993708
7.6383577574093078
13.686583310928203
5.3473437244246513
7.8489069447549884
11.270756104126574
4.5179072946624768
11.078700555619031
3.2998811124906524
3.3897330075613104
3.2003968347486453
5.5838117696692171
3.6140659425865604
3.612717799292287
13.430079213173025
3.2859755312668644
4.3615626844676596
4.7353087748474536
3.7611736745194948
11.448630808522438
7.4191559641578122
2.9275102330573124
2.9594838643314834
11.602833884242164
11.296943252773444
11.516294817019036
11.988960352021184
13.16158585863908
6.8492058240202107
8.3157101020256992
13.183032971647034
3.9882262007653266
3.1068216289668591
10.873622640015734
10.552671452364589
11.465444530312372
12.978307559001228
11.411070336705285
3.1896113749436665
4.4638871380023479
12.172706898349968
3.0130104964445414
5.9968210343315329
2.9275411872536159
10.707547396159022
3.5730822353984824
4.427504695124667
13.112049386152851
7.363990573595542
12.928050561553551
11.509761335841089
6.4543238676762575
4.4275065463463283
3.0204708944522691
3.2661580298488282
8.4422440529005645
11.583401754272531
3.3810471038523504
11.448626313714355
5.4326851345417113
9.3529897657004337
4.2929488464242507
4.932807797054334
9.9419631909231025
4.2971327803784281
4.2778325937446624
6.3020092871728366
11.672257630904065
13.018943951279331
4.3653817909703303
12.06295644086976
4.932807797054334
6.704707362302031
4.6200815200984495
4.6844339481797865
4.387970780723875
10.585892101869396
7.4261110929265861
6.8196003361192359
4.8763430678685262
4.932807797054334
6.8196029289212063
10.431106151640433
10.585891330891481
5.7422390192702295
8.6537458990448286
5.7522897021807777
8.5145396149810519
3.3906991664364527
7.6699625673898746
9.8830152827783593
5.7422390192702295
5.7522897021807777
3.5111295322187841
4.7083660264680169
4.846110114986443
12.975349278559415
5.7002848139393203
5.6854314379341577
3.9155955628843668
5.7621935655301328
5.6473828943280964
8.0804941041332281
5.0518933235747738
3.4822182624057634
4.5569927336678617
11.336707635535504
5.0882347997801416
3.9950760600835804
3.3906991664364527
2.4985562748127244
2.6948976788457513
12.585588675421137
8.030084718683387
4.8336303670289462
3.5606007202323782
13.430079213173025
7.8506300011780974
7.9081865897583166
7.1197744742846378
6.5817080035111237
7.1437397392496935
7.0784284729362863
13.035819548451098
7.9715606832628598
5.761694764330179
6.0556930508462381
12.602304259783265
5.8127766771023639
13.266313446895181
4.6353121191903321
3.2492450595870306
4.228966567902777
11.005179108115829
3.8988292359498642
3.5328127587165796
10.715832406836064
10.770538668367731
10.778362689329189
10.778362689329189
1.8382314362778525
3.6023343033767219
4.375433329999546
3.6755465737486652
4.375433329999546
8.312435510825301
3.6586081422865107
12.900753587335693
3.5564815449924474
4.4493779506697333
3.7054560227113691
9.3529897657004337
6.9988820676348826
5.140502464295075
5.6421311845414293
4.2929488464242507
4.2880198902758124
3.9473045368631401
5.0934730177022685
4.3244648128184036
4.3244648128184036
5.1349189100463644
4.9379884861378809
13.085068006901377
3.8895793279367132
4.4459019223340359
5.6613840333011751
6.9084265387795396
3.8633409093290005
4.2035992479397786
3.748553430711679
4.1908833639567424
8.43657807351134
8.9551541273476598
7.2219752428121629
7.8335878521569811
6.9545267228582253
6.943355781917619
7.7547984751094265
8.5606368840318634
7.0512770583363391
4.4069143176298331
3.4690781618920501
4.4460294841608565
3.6299754110383828
3.5175466415704046
2.4985562748127244
4.4089784933724241
3.3607900128829313
3.1882819721808051
4.7118509845284446
4.4438226596803876
8.9229963889705264
13.511147687831095
8.9564739538804279
7.9314903205634906
6.577117888468611
4.1887120021202753
6.5198659922420461
8.4668003237848772
6.3145389607132882
4.1477321132442642
4.0624299474398313
6.3251379640690333
9.5774100020694881
6.3251379640690333
4.3214458569930319
5.7565545298258458
4.2059272083560915
4.3835709444757649
5.5565035843585209
5.1178840570730655
4.3892762828445404
5.2171075945913241
5.0333918353291907
8.4094733175246539
6.5679552500725311
12.763592328881911
6.6377707638700771
7.5028904735281872
6.684758843741057
6.5980717573722334
7.3733224092314913
13.085644906263001
13.093977303752499
6.9988820676348826
6.3086432555247658
12.912244723019343
3.7607721241140895
2.4880085684504802
2.5661740809352573
3.0142003299670064
2.6576371654732251
3.207965106546002
2.633633291789113
2.4738903699800709
2.4614706422827615
2.0442554027549007
3.8689273042097261
3.2492450595870306
3.6619621426353182
7.0376354126345433
12.622011395796537
12.492120660452109
3.2859755312668644
4.4649089739016707
3.8362921294093475
5.394306353571257
9.2328218687207997
6.8358032489150169
8.0469811863994618
6.730906048746836
8.0469811863994618
6.7829708269122149
3.4249287932503547
6.62674582083232
4.4612847782345089
5.847130406135201
4.3615626844676596
7.8506300011780974
12.552486721278591
11.240614552988566
11.313933290406354
9.2328218687207997
9.310564552526662
5.8876239600498668
5.8049552184764028
8.43657807351134
8.7165599669712872
13.511147687831095
13.311580323920236
8.2287119137950278
8.1323002215138906
8.0458631288975262
12.889388733788051
6.3721238372707294
7.9077028783105607
7.3858686633999744
5.8956130371882809
4.0473696153752776
3.6619621426353182
4.7353087748474536
5.1179933070493062
4.8298498406444272
3.7607721241140895
2.4410816028885649
10.065940231910592
10.144266459473082
13.069014328626691
7.4319012901632862
6.8323842975076348
8.3586165320416281
6.7988266576707037
9.2039335340053512
12.821851452920692
12.871096930482384
7.4120046287987691
8.1545074926686851
5.3093589420910732
8.4978228161054048
6.6199848172948803
4.7011393837925599
8.760002923464496
3.7611736745194948
6.1063550705246374
6.1992552199578546
6.4794741405961656
8.1463352911976354
11.078700555619031
9.1161782225953143
5.8536297217075921
11.341265532872361
5.722918069991878
4.932807797054334
6.62674582083232
5.4398355121226425
7.4319012901632862
8.5145396149810519
9.9419631909231025
5.7786829247888258
6.426924802645603
6.5679552500725311
6.8568906826690581
6.9908171970773267
5.3664412045574945
8.5145396149810519
1.8382314362778525
2.532501136619012
12.430043585802105
2.7814136494086976
1.8617140666538146
1.782124115777193
2.4630457495090918
2.1606296892626182
2.8612841731987202
3.6715609116495016
1.8167929184617928
10.791589745586096
10.336041529230473
13.655014917473611
12.622011395796537
12.570576751596619
3.4948144281023739
9.7877951714255111
8.6315567459922118
3.3950564553001006
5.0384265309658423
12.698188979246195
13.100844092554087
4.2971327803784281
5.0732363570736085
6.4383253908945814
2.532501136619012
2.7010105398550768
5.9039956714273485
3.2379214617153642
2.9921127439428949
3.7203472580886694
3.6239777589033855
3.4298495949958521
3.1923689135846001
4.228966567902777
3.9298758221377681
11.005179108115829
4.9943233381563958
3.7299186258811319
12.389131369103831
3.2547665846532352
4.7723856244348832
11.624943824161253
5.2682667859370076
7.7363716972143104
2.4880085684504802
5.7584309322296843
4.9667355540567586
3.2418898882903542
5.0346925216348168
4.4388619621244363
4.4649089739016707
7.0119734639174087
4.1819354386364376
4.212550432795422
4.432077146237849
4.4115336127439404
4.7397780563067178
6.577117888468611
4.9741012925752646
5.0336910774518975
6.1680693969613314
5.1256422416170944
7.3654022876472016
5.7414896987055224
7.293830451513335
8.4609817001573067
5.0486510890174543
7.4276594546104304
9.9011305625602173
4.6847856981574818
8.0992500271192256
4.8058975820883658
7.712942903610764
13.193983553250186
9.3106520533016361
5.8409627893836413
5.4619879580217452
9.310564552526662
7.6975807768871789
10.180139327105126
8.9551541273476598
12.763592328881911
6.8568906826690581
6.7954848925630946
8.2291903234547785
6.9339476751531128
8.5319665165443261
7.3828613285652374
5.291278286435964
4.2880198902758124
6.2161218890772716
10.947537056194465
9.8603878264759466
4.4297847501155481
5.6925381673683475
5.140502464295075
3.7281097655237669
11.076747182424391
7.4813892811667175
6.6227029200783356
5.7319068123417347
3.5111295322187841
7.1027465134998931
5.0005623485486357
7.9457277323554436
3.9473045368631401
5.4860798840158269
11.448630808522438
7.4191559641578122
12.430043585802105
10.144266459473082
10.791589745586096
3.8988292359498642
6.4721479828502906
4.8725250685129637
5.0021741873755321
4.375433329999546
4.5217842011500995
8.0458631288975262
8.6315567459922118
13.351137115837126
8.0912441341015064
11.647919379372677
10.719985845270427
10.136206979234178
7.0931491610690802
9.3115250128561389
4.2778325937446624
5.0934730177022685
5.0732363570736085
7.9501415983590258
6.5487842793626081
5.0959026905269367
2.5661740809352573
5.7584309322296843
2.9275102330573124
3.7281097655237669
5.3425310153475545
3.6892418802044804
8.6471078400899888
6.3020092871728366
7.1197744742846378
7.0592361034275255
4.9741012925752646
7.3268328917568164
8.4796598331378625
5.7144301321333772
6.6608895205400769
6.5780155913405443
5.5737952741503625
7.604001497159917
4.1887120021202753
5.190744855215029
5.9725207981163209
12.552486721278591
12.633381678128224
11.643050404509346
12.118101132546247
5.3473450444927035
8.6537458990448286
12.968661042262466
4.3465434158497578
4.6971582869485466
4.7324515631139725
5.7081349423081065
10.336041529230473
10.947537056194465
6.5100116016438809
7.8741304843477096
6.4623580348396255
4.9943233381563958
4.9943333179642746
3.9656190518085448
3.7765511143110877
6.3148996549534724
12.317938348121285
11.016954588822788
5.3093589420396814
8.3082834192592312
2.7010105398550768
3.0749774729214807
4.3244648128184036
7.6975807768871789
4.7975021086883816
4.5457486240090432
6.5198659922420461
5.0336910774518975
8.3013525564925121
8.0562960466989608
8.8407904233273928
12.633381678128224
10.183912872479139
11.777511437656312
3.2998811124906524
3.7299186258811319
4.4077736447772962
4.0457541938210202
5.0675149914380819
3.3935184341745366
6.074254027006897
2.9594838643314834
5.2398386210405601
5.1883735380745932
3.6755465737486652
7.0243493044121434
12.115842372022444
12.037461716113389
7.3268328917568164
5.5911228384935008
6.6377707638700771
6.8323842975076348
7.4253901516351677
7.1359246795608202
11.602833884242164
5.8876239600498668
5.9733591653120417
3.4177681641527138
6.3148996549534724
4.3261072953088062
5.2842634879111099
5.847130406135201
7.9715606832628598
7.2219752428121629
8.7165599669712872
6.9482521198811362
11.594097853745669
11.672257630904065
6.426924802645603
6.5049610009245926
4.7975021086883816
5.4742503178989717
4.9020441276598774
11.296943252773444
6.2275727238203711
2.7814136494086976
1.7846921503004718
1.8096496673066007
1.8703833736024957
5.3491823685985178
4.7139266388601353
4.9020789489706154
4.862264700977831
4.6759733339272671
12.724576156742129
8.4668003237848772
13.053035122081857
4.3261072953088062
5.04030690944849
6.1589765720140486
6.3145389607132882
7.2489718138937773
4.7083660264680169
12.162015265181861
10.627978612728775
9.0772350920385154
10.23800633835209
9.3339400198702727
4.0660451936348556
4.5059636847158551
5.5771967668229738
4.3692358702995522
4.4962094819286893
13.018943951279331
4.3244648128184036
7.8335878521569811
8.5757843575751167
8.3013525564925121
5.1349189100463644
7.9501415983590258
5.2405382316718212
3.8490470137999577
9.1161782225953143
9.2484144064790659
6.4539730119724839
5.9039956714273485
3.794228255120645
8.0992500271192256
10.792682241120787
6.2176040755177198
9.8603878264759466
11.516294817019036
1.8617140666538146
3.4893516266727431
10.369512408555256
4.1477321132442642
5.5341711668235529
11.988960352021184
8.9328444362466737
9.3860628945730973
7.9081865897583166
4.9667355540567586
8.4291832799481803
6.8037175075800702
13.16158585863908
8.6537458990448286
4.846110114986443
7.1027465134998931
7.7363716972143104
6.4721479828502906
5.002747670996027
4.9565693549882397
4.3653817909703303
4.9379884861378809
10.83666906019676
4.0624299474398313
4.2713791226040749
5.4110652998240516
5.04030690944849
5.002747670996027
4.6976486621980076
4.4069143176298331
13.085068006901377
6.9908171970773267
12.06295644086976
3.3613102850222334
4.0660451936348556
5.583547595753414
4.0554070345733333
8.9434488277114301
5.7072960749714481
10.241339012616512
11.899222700274812
4.375433329999546
4.5217842011500995
11.603148264198218
3.8895793279367132
4.212550432795422
6.5017201912609428
5.5765038494994945
6.097942649656666
5.6820279186011611
5.8536297217075921
5.9128889404582941
5.0968459305536138
6.8358032489150169
7.4144193783864276
13.351137115837126
10.151792558848594
10.180288486179988
10.151605122650832
10.151799709830089
6.6199848172948803
4.3465434158497578
4.2673748992776961
6.8492058240202107
6.4700781699824752
5.3425310153475545
5.5785018609267167
4.451168949855572
6.0810150305443367
6.5049664383318175
8.4291832799481803
6.7732601198348705
6.6725844978114637
6.5017201912609428
6.0205943468809373
5.5765038494994945
6.0205943468809373
5.2198099627140362
5.3491823685985178
8.5823030458147311
4.5657464701564265
4.432077146237849
5.9420195667172422
5.1597287438411108
9.7877951714255111
12.863507539730209
8.3157101020256992
6.7732601198348705
8.31677147695736
8.2287119137950278
7.3101442719977561
8.9328444362466737
7.2005326245795311
13.688447729479181
3.5682246524066561
4.7679403014073856
6.3086432555247658
6.2648393325340042
13.183032971647034
8.312435510825301
12.248009055703458
7.5028904735281872
3.6023343033767219
1.782124115777193
1.7846921503004718
3.4893516266727431
1.7233778577247296
2.3060438637553751
1.6181889905960449
7.0097516418725494
1.6175998025379252
2.2939706607467425
2.0166866705984772
1.7554628036752449
12.492120660452109
12.698188979246195
13.100844092554087
13.215909412798585
13.301395754617717
12.162015265181861
11.462258467501451
3.3897330075613104
3.4690781618920501
4.2319341281779117
6.9545267228582253
8.5757843575751167
8.3896948036678047
9.5437599207762762
8.5026500764023982
7.7354816961208641
9.1839540973475966
8.0469811863994618
8.1080151087568453
12.389131369103831
4.9943333179642746
5.3466024828682199
3.3848104473043081
4.7011393837925599
4.2673748992776961
3.9400813499633687
6.2889002926194344
8.4796598331378625
6.6231807872076462
7.3828613285652374
9.4798321322311434
11.957027030694835
6.9411293411858743
10.200185685461763
12.975349278559415
13.053035122081857
3.9882262007653266
7.2005326245795311
4.0613602059490805
3.1068216289668591
2.8860767646903791
3.1601798778433308
3.4105943613885881
5.1303790364309174
4.6971582869485466
3.6899983222192496
4.4758308998907372
5.2842634879111099
6.1589765720140486
4.7324515631139725
5.7691688646654891
4.4131424995444508
3.6807766596780427
5.0384265309658423
5.583547595753414
5.7002848139393203
10.627978612728775
11.462258467501451
11.240614552988566
11.643050404509346
6.730906048746836
6.8037175075800702
6.6725844978114637
8.1080151087568453
7.9195601541323697
8.0144630148833595
8.3586165320416281
7.8595610684745267
5.190744855215029
5.1714117743753976
6.5817080035111237
5.8049552184764028
6.4330818281792688
5.0956319746751895
7.3101442719977561
8.2639381916962691
11.46666340004235
8.1323002215138906
10.183912872479139
4.2319341281779117
4.6976486621980076
4.2138458385268498
6.097942649656666
6.5100116016438809
6.981217013276054
7.9369445522741682
8.0300535672871334
7.3447575538943948
6.6736526469374047
3.2379214617153642
2.8566399456327671
7.7432847312175186
5.1067240498880508
8.4978228161054048
7.410643845045656
6.1063550705246374
5.6854314379341577
4.4903380234645587
5.4742503178989717
3.0142003299670064
2.2555850218075566
10.873622640015734
10.552671452364589
4.7139266388601353
7.9978693876440294
5.6670297741734501
7.9213205457441864
4.9020789489706154
7.9978693876440294
5.6820279186011611
5.2198099627140362
4.9755013348093851
3.2003968347486453
3.9298758221377681
3.5328127587165796
3.2547665846532352
3.1470684159041289
3.2877605345469552
5.7144301321333772
5.5911228384935008
4.862264700977831
8.5823030458147311
6.6231807872076462
7.7432847312175186
5.6670297741734501
7.7432847312175186
6.1680693969613314
8.0562960466989608
8.0912441341015064
8.1610893335476806
11.465444530312372
9.3860628945730973
11.154710149426888
8.6510496507249961
2.9921127439428949
3.6878156044204728
6.8084298042188038
5.0005623485486357
3.4466371707762287
3.3488165939968182
4.7679403014073856
3.9400813499633687
4.8298767292704889
12.978307559001228
11.313933290406354
6.9908171970773267
6.7988266576707037
7.4253901516351677
1.7233778577247296
2.8742975483753361
5.3283637005580573
9.5892843966813697
8.5359252675233499
7.0376354126345433
5.9733591653120417
7.562284318468862
4.8419427287455719
4.4460294841608565
4.2938619698951568
3.7203472580886694
3.0749774729214807
3.6878156044204728
2.5406871265044813
4.1661201942404622
7.6699625673898746
7.9832364463338852
3.6299754110383828
3.6899983222192496
4.2938619698951568
8.9504445913804229
11.385714840662338
5.1179933070493062
5.1961505081781398
12.043244006032957
5.291278286435964
3.6892418802044804
3.5359983169154034
8.973359591488137
5.6132457817260653
8.2377614840018492
12.105170492907172
5.1256422416170944
7.5820677011195476
12.118101132546247
11.777511437656312
8.0469811863994618
7.3654022876472016
9.7452074796207935
4.932807797054334
9.8830152827783593
2.6948976788457513
3.6586081422865107
7.9832364463338852
11.40688146584478
3.1761569513432013
3.2028190243929959
12.900753587335693
6.4383253908945814
6.5487842793626081
6.1023814715628468
8.6471078400899888
12.115842372022444
11.411070336705285
8.3896948036678047
8.1610893335476806
9.2039335340053512
7.6286883821590976
5.1950182625871744
8.2639381916962691
6.684758843741057
6.9352039479977403
12.724576156742129
3.8750316981916972
4.5059636847158551
4.0554070345733333
12.329778978287083
12.585588675421137
12.129380355251561
11.076747182424391
11.154710149426888
13.812777367723262
10.715832406836064
4.8725250685129637
4.9565693549882397
13.311580323920236
13.215909412798585
2.5343731055364067
11.038875679094128
5.5851656288116525
4.4115336127439404
3.1896113749436665
3.5564815449924474
4.5217842011500995
7.0243493044121434
4.5217842011500995
12.248009055703458
5.7081349423081065
5.7691688646654891
7.7432847312175186
3.7074218491931488
6.3721238372707294
4.615021595417188
4.4089784933724241
5.394306353571257
6.3251379640690333
5.5771967668229738
4.4459019223340359
5.1921466996502668
8.2883412620264227
11.647919379372677
9.5437599207762762
5.5341711668235529
5.4668945911212585
9.0772350920385154
8.6210848494845926
5.761694764330179
13.193983553250186
7.880222486033758
5.9805875408453009
4.4638871380023479
3.5941292957878912
6.62674582083232
10.23800633835209
4.7367058310470069
4.856916194504624
12.172706898349968
7.98623299459011
7.0119734639174087
3.0130104964445414
3.8750316981916972
5.1950182625871744
5.9968210343315329
3.6239777589033855
5.2398386210405601
2.8860767646903791
2.8566399456327671
3.1751382262968959
4.3755686474753626
3.1372635368616035
5.0231005778287239
9.2484144064790659
12.574648492314848
5.6421311845414293
6.1992552199578546
7.4813892811667175
11.341265532872361
6.4539730119724839
5.9128889404582941
2.9275411872536159
4.0613602059490805
9.5774100020694881
5.1789187415762594
10.661348115159583
5.5838117696692171
5.722918069991878
4.6759733339272671
4.3692358702995522
5.0107108128527651
5.0821898556430369
11.661777886765686
12.926039678765642
10.719985845270427
8.5026500764023982
3.4830446142734877
4.8437504243805884
6.3251379640690333
4.9020441276598774
4.7367058310470069
4.3214458569930319
10.180139327105126
4.5457486240090432
4.4268911768602139
6.704707362302031
4.9925199305921586
3.3220463205755819
5.821131043801163
6.943355781917619
10.136206979234178
5.7565545298258458
5.7414896987055224
7.5820677011195476
9.7452074796207935
3.9155955628843668
4.2059272083560915
6.2275727238203711
4.2713791226040749
4.4903380234645587
5.4668945911212585
6.2275727238203711
4.3217694500009456
10.707547396159022
7.0931491610690802
6.981217013276054
7.9767978851244168
6.9964387814906139
3.7764148153475294
6.6608895205400769
13.301395754617717
8.760002923464496
8.3082834192592312
7.1437397392496935
7.0592361034275255
4.4612847782345089
7.8741304843477096
7.9369445522741682
3.5730822353984824
6.2648393325340042
8.030084718683387
11.40688146584478
5.4621027462448186
4.6200815200984495
6.5049610009245926
5.6613840333011751
6.2161218890772716
5.4860798840158269
8.9564739538804279
6.7829708269122149
7.9195601541323697
8.0300535672871334
7.4788360333626924
12.311848239885958
5.7621935655301328
8.6210848494845926
4.5676270947593105
5.847130406135201
4.427504695124667
7.98623299459011
3.7765511143110877
6.813431625094041
6.8103248649934267
12.016671898585081
13.112049386152851
4.3835709444757649
5.9725207981163209
8.9434488277114301
9.1055215904999862
7.9767978851244168
8.1080151087568453
9.4798321322311434
6.7954848925630946
6.9482521198811362
8.0872771663126812
7.3061479812857542
6.9084265387795396
5.1303790364309174
4.2138458385268498
6.3148996549534724
3.9974790574861307
8.973359591488137
1.8096496673066007
2.3060438637553751
12.821851452920692
7.6286883821590976
8.3668204521307903
7.0806168628576689
7.5091898744063696
7.9213205457441864
4.6844339481797865
3.2418898882903542
4.9925199305921586
7.9077028783105607
5.5565035843585209
12.037461716113389
11.957027030694835
5.6473828943280964
5.1178840570730655
4.4297847501155481
5.1714117743753976
4.0444506375830303
3.4298495949958521
3.794228255120645
3.1751382262968959
6.2275727238203711
6.3148996549534724
4.7734065463695181
4.4901917083254075
4.387970780723875
6.62674582083232
6.5049664383318175
2.4630457495090918
2.5406871265044813
2.4279711344597747
3.7421687864529805
4.5676270947593105
5.847130406135201
6.5980717573722334
8.2291903234547785
9.3115250128561389
7.7354816961208641
4.8058975820883658
5.0021741873755321
9.2843242643680952
2.6576371654732251
5.0346925216348168
9.2833514375406452
12.863507539730209
11.46666340004235
12.65849368888491
8.3668204521307903
6.9339476751531128
8.0872771663126812
7.7547984751094265
6.813431625094041
3.7531900775374436
10.585892101869396
10.770538668367731
1.909919912784793
2.1582291495012433
3.207965106546002
2.1606296892626182
1.6181889905960449
2.2555850218075566
2.5343731055364067
7.3061479812857542
1.909919912784793
7.3061479812857542
1.7564719122418175
2.2470573200257622
2.7222189374716992
1.7819681107724252
3.3607900128829313
3.2877605345469552
4.5066367276068471
3.1601798778433308
4.3755686474753626
5.5522118593686836
5.6132457817260653
7.363990573595542
8.7918574963421214
7.4261110929265861
6.4794741405961656
6.9411293411858743
6.8211790866995266
7.0097516418725494
6.0556930508462381
5.6786291160325231
12.928050561553551
11.509761335841089
4.4493779506697333
3.1761569513432013
10.784324693329761
7.3061479812857542
6.4543238676762575
6.4623580348396255
6.4700781699824752
7.3447575538943948
12.871096930482384
4.4275065463463283
5.0107108128527651
3.7054560227113691
3.2028190243929959
7.3733224092314913
7.1359246795608202
8.0144630148833595
13.655683743093942
4.8336303670289462
3.1882819721808051
4.4962094819286893
5.0821898556430369
4.9477936717714721
5.821131043801163
7.2509794971074681
6.8196003361192359
10.83666906019676
7.562284318468862
6.6385304794489155
7.293830451513335
3.0204708944522691
4.8419427287455719
6.6385304794489155
1.6175998025379252
2.8742975483753361
1.7564719122418175
3.5862457035135571
4.0357226743332104
3.2661580298488282
3.4105943613885881
8.4609817001573067
6.5780155913405443
2.633633291789113
2.2470573200257622
5.7072960749714481
8.5606368840318634
10.792682241120787
10.180288486179988
2.8612841731987202
2.4279711344597747
2.2939706607467425
3.5862457035135571
13.031856270151557
10.241339012616512
8.2377614840018492
5.1785321858770761
9.1055215904999862
4.7723856244348832
4.4077736447772962
10.151605122650832
10.151799709830089
13.323730477695046
4.7118509845284446
3.6140659425865604
4.0457541938210202
4.9274014701090527
4.3892762828445404
5.4110652998240516
2.4738903699800709
4.4388619621244363
5.0486510890174543
8.8407904233273928
13.753045630250593
8.0804941041332281
8.0730573266618766
12.429491328311334
8.4422440529005645
4.8298498406444272
8.7918574963421214
2.0166866705984772
4.0357226743332104
4.9718667016263147
7.4120046287987691
8.6537458990448286
7.8595610684745267
10.686609321077741
5.0518933235747738
7.3858686633999744
9.6137227929866906
3.8633409093290005
4.9755013348093851
12.602304259783265
5.8956130371882809
5.6786291160325231
13.323730477695046
9.6137227929866906
3.1923689135846001
3.1372635368616035
4.2035992479397786
5.7326944147500489
12.866585873044009
9.5892843966813697
7.0806168628576689
7.5811507189456258
5.4847547370735681
8.5145396149810519
3.4822182624057634
6.9908171970773267
6.9908171970773267
6.9908171970773267
4.8763430678685262
2.4614706422827615
6.6736526469374047
6.9964387814906139
7.4788360333626924
8.1080151087568453
7.8321607038324679
12.65849368888491
10.778362689329189
3.748553430711679
5.1883735380745932
3.9974790574861307
4.7734065463695181
5.7326944147500489
6.2466251912688033
5.8127766771023639
5.1948875942003152
7.4144193783864276
7.410643845045656
13.085644906263001
6.9352039479977403
6.8103248649934267
3.6715609116495016
10.369512408555256
1.8167929184617928
1.8703833736024957
1.7554628036752449
2.7222189374716992
4.932807797054334
5.0675149914380819
4.9274014701090527
10.200185685461763
8.6510496507249961
6.8211790866995266
5.6462351080526272
4.856916194504624
4.8437504243805884
11.583401754272531
3.3810471038523504
5.5785018609267167
4.602811942220181
4.7397780563067178
8.1545074926686851
7.5091898744063696
13.255911957041688
8.5359252675233499
7.2509794971074681
7.5811507189456258
12.959316360010641
8.5319665165443261
6.8196029289212063
12.973546393711992
7.0784284729362863
6.4330818281792688
11.448626313714355
8.1463352911976354
11.66177279372147
10.040798565737447
7.0512770583363391
9.1839540973475966
13.266313446895181
7.4276594546104304
5.5737952741503625
10.431106151640433
4.4758308998907372
4.4131424995444508
4.1908833639567424
6.2466251912688033
6.6227029200783356
5.0959026905269367
5.2405382316718212
5.785885663541138
5.9420195667172422
9.3106520533016361
7.880222486033758
9.9011305625602173
7.604001497159917
3.9656190518085448
3.3935184341745366
3.6399463902101008
5.1961505081781398
10.620242257395498
11.016954588822788
9.3339400198702727
13.55260302993708
4.5569927336678617
5.6925381673683475
4.0444506375830303
5.2171075945913241
5.1789187415762594
4.4268911768602139
7.6383577574093078
12.570576751596619
10.585891330891481
11.624943824161253
13.686583310928203
5.3473437244246513
5.2682667859370076
5.3466024828682199
7.8489069447549884
12.129380355251561
7.9314903205634906
8.2883412620264227
5.0333918353291907
8.9504445913804229
8.0730573266618766
8.4094733175246539
12.429491328311334
3.5606007202323782
3.612717799292287
6.074254027006897
11.336707635535504
11.270756104126574
2.0442554027549007
2.4410816028885649
11.038875679094128
2.1582291495012433
1.7819681107724252
5.0882347997801416
4.3217694500009456
4.4438226596803876
4.5066367276068471
10.778362689329189
6.2889002926194344
4.8298767292704889
4.451168949855572
4.602811942220181
4.1661201942404622
3.7421687864529805
8.31677147695736
13.093977303752499
3.9950760600835804
7.9457277323554436
5.8409627893836413
5.9805875408453009
