13.002329985626011
9.4721690611837417
7.7056291971390545
10.535029184499363
2.2593453077468642
1.6771720165673032
7.0144364664482692
7.0091673111478556
1.3846396310096356
3.3487474767962584
7.976273928104896
2.6526694022044417
2.6526694022044417
9.2617354536883028
8.6781530179346564
2.1627910587221026
8.5426103942218514
4.5084732347807153
1.2855952873551877
1.6308286472238904
13.588362822010637
5.2395050631331657
5.4573226987866414
10.743201990654237
1.4423404589223443
1.2244950682022049
3.5082841620438452
5.0883551969192604
2.528481908051722
1.9939495914586798
2.342251038736697
5.2324612559119856
9.5244656912565659
8.4641388506920023
8.4641388506920023
2.0450927820252778
8.5343898746587126
9.3924788746501608
1.8728348141289182
1.4142234548047079
2.7394871669550835
1.654951551467905
1.6748048413375738
12.986300440193244
6.2109720869312959
1.5243796452144813
8.5173938108719458
1.3232293412487446
1.3600969832742031
1.6974429036277696
8.8499622702164338
1.4137668189451191
9.9362843205381175
1.472771310897163
1.3147500554609797
1.2477637038430867
1.5455766040469698
2.0906774655560185
7.9801472257270145
4.8481899343040276
1.2906011018709391
9.0400637619095221
9.4560499706770962
13.203000276721363
2.0189840092895843
3.8991505854174267
9.5449266477723445
8.0243313819541768
8.1014774393823679
1.2938238932340482
5.2234794142401801
8.5343898746587126
8.5343898746587126
1.3770348678326776
10.7756297303261
6.2369381134837605
13.071076417471277
9.7980993559870164
4.6943782399413765
4.4413193739288133
3.6479520198681663
1.3460117582635112
1.237578286863831
10.711589839889692
1.4901011311175942
3.3156986869456295
4.6031370659857425
1.8458603285743855
1.4670416350667124
1.2852075388161655
8.1067094337860048
3.7253172168067632
5.5535867378942614
2.5953998482491909
2.6526694022044417
2.311752368828571
9.4389324453247809
9.3873691305394225
9.6114073000961699
1.2978487689189127
1.5484255264639757
2.28094992583129
13.342918061422953
8.3938293898613967
13.002329985626011
1.6479545307774721
13.667920269266016
8.7488776991654387
10.307242265962493
2.8335718758641626
1.5344845865496182
8.9596085032368968
4.5191357588776881
9.5290376898559508
8.8895967868855088
2.6649010416655741
1.4627214598467122
3.4393412024810139
2.9199159937083827
8.9599564723310117
3.8561191342492789
2.9174876705193729
1.6318192882157612
13.695347414373193
1.5357162602792938
13.371265891082571
7.5693518533391808
3.4393412024810139
5.1496635749875281
1.4641711807874007
12.802318962428656
2.5562304416524357
9.2254005433285435
1.3559952418630021
3.1037740181901463
2.9299186535780737
1.7831084979087688
1.3780368657168256
3.9760534108621162
3.4393412024810139
1.7793489925508452
11.206931243992027
12.668389898471043
1.406097333238479
1.8865223758736001
2.4804637743183928
1.5164458344947294
1.4369361621671848
2.9560271966623191
8.0201802282339845
1.4120803556602655
1.6634625875749098
8.7488776991654387
2.0336000890909083
12.806117919003858
6.631459083980153
4.5334243388485174
8.1919271876838256
1.3411704734683767
12.548884256008202
3.4393412024810139
1.5363312581715785
8.1927191130623314
1.5004332880283933
8.0907860408518406
1.5454191176252901
7.4175102913822304
3.8234477724870284
1.3926884307724443
8.5326723842389463
5.3501279376790594
4.3104037838020002
4.3053554168130006
2.2122141705999558
9.3370169711953199
1.4633986104765662
11.227564425923724
1.6040352864201197
1.6633445003643534
2.8064695655179386
3.4393412024810139
2.8995339384591894
8.0916462419567541
12.800902947693539
3.0754652295042444
12.731012986027313
9.5546730023028239
1.4101907438995254
1.4145968259719832
1.6778518856026656
9.8885342729089682
5.4934290176198388
8.0907860408518406
3.213615706470343
2.2011263133690324
1.9711904480472751
8.8239244743708021
7.9601159113725952
1.4864264990121649
5.9328764559246876
9.4126723094231544
2.2122141705999558
1.6886972345837412
8.0009460540215649
1.8932576942029922
1.4147597047634095
9.2427402197570547
2.2121893771759717
3.3956127390116269
2.6680711789673213
3.2676183287891378
4.9115919084986581
2.9848534453591418
2.6988035300496991
1.9049093098252015
2.7373567448286549
2.105619103803916
9.7421206599199159
4.8335813805554286
1.9801846586704543
2.2263647024767703
2.0156938487287155
1.7632278679719027
9.7421206599199159
1.8604108209091479
1.8167717808593931
3.2674125334586495
1.9057201251878149
2.8172747399812113
4.8427004797025974
2.0851805552499538
9.4721690611837417
1.6479545307774721
2.8949568966170873
9.6676215637371055
9.6986234736385146
9.7574819995438258
9.3998771047055687
3.0295124511997198
11.044459888676446
11.540074629162277
2.8960093822782342
9.6872609559124321
5.996936382220678
2.8370015868850369
4.575482998655743
10.732715252716424
11.817213382112653
9.3909194193918459
11.540074629162277
11.699950739770225
6.1972614541379869
9.8449380047660497
11.298551455173756
2.5042039531381661
10.795359917049788
12.300722918293134
7.4354722080860078
11.593453562904903
2.4237424228944988
1.7331160375143158
3.6316970910511133
3.7421687864529805
4.3825300470635611
7.9631924114881123
10.695317988161182
2.261092533869197
9.818873370159654
11.163831074306175
9.6291281478531108
1.5339371522751732
2.1963718703570825
2.4851011981080102
2.9684459518591182
2.2170869643342495
2.2252028941632847
4.2896218428173825
3.789939266556261
6.0190821407926709
4.183653893172286
7.7056291971390545
7.0498556535944958
7.1394366939941829
7.5524719833471137
7.0412041439338378
13.667920269266016
11.432420012077046
2.5352532336291271
3.5051815338887833
11.076211636406581
2.3278553592873386
5.3793611573169295
3.6642072449832686
4.7445640364529478
11.064505794215908
2.2945326189698907
3.3956127390116269
7.8503113994735081
2.6337006249997961
10.375969481220686
8.9655552636668219
3.1925018593612871
10.379680441151729
4.2005122648561821
5.0011562918658798
3.6145469619943289
3.1078938422149029
5.5967447851510581
10.535029184499363
10.559763122239936
10.742605802888882
12.043992707639463
1.7331160375143158
1.9257695339794343
2.3825176121119762
2.3825176121119762
2.3401192265877082
2.2593453077468642
2.7014030005832779
1.6147053971520473
1.6008887824146689
10.90427567031462
1.8649346603704597
2.1543297152071892
2.8585559157784917
2.7020525380598741
2.9271850742055259
1.4979134470873994
2.4446594172751768
2.7020525380598741
1.5636507414139642
2.2998883821247076
3.3738072720355934
3.3981206708351444
2.3100451675143203
2.3382750418690192
1.6771720165673032
3.767856564259545
5.9454110831440703
7.0144364664482692
7.9722555182126005
4.0787208116388243
3.0253367828873721
8.5628770983122333
2.9277336283445128
8.3388111822687847
2.8155316581883323
4.0787208116388243
3.4192204783317979
3.0405757280830974
4.1486932926771889
2.8154058781315108
4.0787208116388243
3.6316970910511133
2.7014030005832779
8.6019117649196737
11.030662727716742
9.2801262405931837
8.7488776991654387
5.3679433947936008
3.497766314771328
3.567532998001139
3.5203693268952709
12.670964934385983
7.0091673111478556
1.3846396310096356
2.9034718914539237
3.4130277067413566
1.7069727580059002
4.3832029432219439
2.6975669212503131
2.9684459518591182
3.0079764710803634
10.307242265962493
2.8949568966170873
3.4170595690770016
4.101911073967285
4.6599348823230287
7.8503113994735081
3.0567787753229694
2.8335718758641626
2.7331059124334161
5.0712242748579985
3.6329989857956919
3.5198138619876445
3.050335547757514
3.1478539729695671
2.6814849505951055
4.5217842011500995
4.015525062861915
3.7512294520821134
3.3978252735758185
1.988867891252774
2.2185979778191682
2.6357263477642436
3.3978252735758185
3.3978252735758185
3.3487474767962584
1.5344845865496182
7.976273928104896
13.611643894723796
3.7846390342070562
3.5894293908381028
3.421130727272661
10.97175165217836
2.6526694022044417
4.13197649380154
3.2634109571862702
9.6676215637371055
7.978319861225561
8.9596085032368968
3.7421687864529805
3.5982102895660155
2.6526694022044417
3.174752299272888
4.1351283423572642
2.9560303315956675
12.777290010838094
9.6986234736385146
7.9845728073623112
9.2617354536883028
4.1477860554119337
3.5881871835713888
3.5881871835713888
2.6098100633322754
4.255402229742649
3.0789737858679942
8.4634975856660049
4.255402229742649
3.193093811908899
8.2860698942272233
3.841379575355794
3.9927702097377651
2.5000888702451114
3.0734376653158746
4.5191357588776881
3.6484895570949405
3.7846390342070562
4.0924633333209606
4.4068686121634606
3.6398939708519928
4.4112165019624054
2.6680711789673213
4.3825779170863246
2.6337006249997961
3.0567787753229694
2.5614699751692589
3.2003732645618306
2.757357861409957
2.8121035117648416
3.3978252735758185
4.3825300470635611
1.6147053971520473
12.907601581026096
8.6781530179346564
7.9631924114881123
1.7069727580059002
2.3286095626782797
2.1351458246774255
4.4311712354932311
1.5428134905278292
2.074437700586591
2.2032812511850537
3.2676183287891378
2.9648352667726141
4.1486932926771889
9.5290376898559508
3.174752299272888
3.115452438692401
4.6029497925005893
6.5942139804908777
2.1627910587221026
8.8895967868855088
2.4883527217455375
2.4897660337440821
2.5043560697384901
9.7574819995438258
12.771081667968849
9.8312175122199825
8.5426103942218514
4.5084732347807153
9.3998771047055687
12.771081667968849
4.5203181617965127
4.6479517311848335
2.6649010416655741
2.6555779350548065
1.4627214598467122
2.9972564426746393
3.0817344315892057
3.0295124511997198
3.2617747800479169
3.1989506018145586
3.4393412024810139
3.5862457035135571
2.9199159937083827
7.8741304843477096
8.9599564723310117
11.044459888676446
7.978319861225561
7.9845728073623112
13.258251518339597
3.1429388374510108
7.9845728073623112
13.258251518339597
12.387892832027608
4.9115919084986581
3.9101221688811756
3.8291909935518254
3.7588855853286294
3.8561191342492789
4.8755428935955676
3.1557063979179274
2.9174876705193729
7.9722555182126005
3.0761014834968678
2.9848534453591418
3.9673769270492394
3.1290455387382585
3.466217389829497
4.5672483956214966
1.2855952873551877
4.0998307456860781
4.378185589206371
2.558421086282944
4.4068686121634606
4.4590737710526982
3.7988232638434676
11.676368856881007
8.5443343958789786
3.1280435730927256
1.6318192882157612
2.7127033894402883
13.607079611505045
2.6988035300496991
10.375969481220686
2.9648352667726141
4.2219026213237107
4.3046163756166127
3.2138094784315889
3.5837889700453913
3.5673869709045878
3.3414476369820889
1.9011884980164446
2.6566030799608886
13.348366006339868
2.8162884155328727
4.7673246498457624
5.1706458796767558
5.1144562625619967
1.6308286472238904
4.1839386729372148
13.588362822010637
13.655875280778291
13.356427395425431
13.258251518339597
4.3118629666297288
2.2998883821247076
2.1262058297632431
2.036151588583861
2.5748072465161917
2.888269493681153
2.8341384066461481
3.743648535373107
4.6338894430587327
4.5672483956214966
13.695347414373193
4.0787208116388243
1.6008887824146689
2.2846226136787702
3.5881871835713888
5.2395050631331657
10.90427567031462
5.4573226987866414
3.8008347945306133
10.743201990654237
1.9049093098252015
3.1787512196710996
10.695317988161182
1.5357162602792938
3.5862457035135571
2.5301204786026692
1.6910209945609893
1.4423404589223443
8.6019117649196737
7.0498556535944958
7.1302043455345201
7.7869474516584702
11.632473656746935
13.371265891082571
1.2244950682022049
3.2521350497274182
2.7373567448286549
3.9101221688811756
4.8503471659045951
3.2642416210604255
2.3624961943196823
4.1351283423572642
3.0224337561585526
10.966373353225688
10.521789722400344
3.5390065157305752
3.5082841620438452
3.5710982299703047
7.5693518533391808
3.1429388374510108
11.676368856881007
2.0841090841688277
3.2911163365103584
5.3909491045703284
3.4393412024810139
5.0883551969192604
4.0224671047790439
5.1496635749875281
3.5526373762995473
2.528481908051722
1.4641711807874007
11.540074629162277
1.9939495914586798
2.342251038736697
2.4883527217455375
3.5710982299703047
12.802318962428656
2.3286095626782797
3.0253367828873721
3.0288129904595689
4.4438226596803876
3.7654686779708908
3.3738072720355934
2.1262058297632431
3.4159401117832191
3.4613819510073389
3.466684631088822
7.6074962863493285
3.676266402307125
2.5562304416524357
8.5628770983122333
4.0388674787885757
2.6338518145972967
2.5560255777171665
2.5560833299844159
9.2254005433285435
4.8677740674678684
2.6555779350548065
2.9972564426746393
2.9364384094113829
3.5965424796246195
1.8649346603704597
3.3042461294781118
3.5881871835713888
2.105619103803916
2.7331059124334161
2.4978768154357036
5.1035012526048238
2.9533218730806627
2.9277336283445128
3.0160189987427932
1.3559952418630021
2.0841090841688277
3.5862457035135571
2.7920608729432557
5.2324612559119856
8.9655552636668219
2.5614699751692589
2.7163902448532053
3.1181855484340026
3.5983668387839129
2.8484792146705789
3.6685942948004753
2.9456548797673925
11.432420012077046
13.655875280778291
2.7163902448532053
2.7858885320999542
9.5244656912565659
2.1543297152071892
4.13197649380154
3.8291909935518254
2.888269493681153
2.3089421244287887
8.7658643903746292
13.131411703799081
2.4927398764070205
2.2556965182798701
2.2635992672208962
4.13197649380154
8.4641388506920023
12.107058700883464
2.8960093822782342
13.014469171654955
8.1519067796445785
3.0746638788169793
3.1037740181901463
8.0081085712020066
9.6872609559124321
7.9845728073623112
2.9299186535780737
10.145678082624208
8.4641388506920023
3.7512294520821134
3.0817344315892057
2.9364384094113829
2.1917321530712766
10.790605751617974
9.8168635976939491
3.4138523164980619
1.7831084979087688
6.6704867532779888
13.016430933131566
12.670901780414273
12.721082495504673
12.763324093026265
1.3780368657168256
2.5352532336291271
2.5872531714057212
5.9389642242382408
9.4788876071699129
3.7246040771782418
3.7270213129097285
13.384221354208663
2.6008488904869513
4.8503471659045951
3.2564349503054246
4.4242733217153596
10.559763122239936
10.966373353225688
12.34790535114124
10.57913484352485
12.271277641791164
13.258426984870217
10.892159339470739
3.3090425434051083
5.996936382220678
13.014469171654955
3.9760534108621162
3.915019488504734
2.261092533869197
1.988867891252774
11.248046033797269
3.2911163365103584
2.0803873620770088
2.0046073139829459
2.418666061081379
3.4393412024810139
3.434189435690421
2.0450927820252778
3.9673769270492394
4.1779693411713348
2.036151588583861
2.6008488904869513
3.6031733226258864
12.479527140576845
2.01058498982237
4.0388674787885757
8.5343898746587126
1.7793489925508452
2.5301204786026692
9.3924788746501608
3.1290455387382585
3.2521350497274182
1.8728348141289182
2.4290796822151188
4.1685247698281973
2.7180380094083665
1.4142234548047079
5.3679433947936008
8.3388111822687847
3.6398939708519928
3.0288129904595689
3.4613819510073389
3.0160189987427932
3.8394892543844068
9.3357784882930144
3.5051815338887833
5.3013996158472176
2.7394871669550835
2.6669482637674644
4.2246711771121834
3.2400673616484843
2.4897660337440821
2.5594962188547412
2.4928506902572192
11.206931243992027
2.5872531714057212
2.7016173678832076
3.6809240438589175
2.8155316581883323
2.6338518145972967
3.5989977398273885
4.1486932926771889
4.2219026213237107
4.8755428935955676
1.654951551467905
4.6944240829651713
4.3832029432219439
2.1351458246774255
3.1925018593612871
4.5129030586858425
12.907601581026096
10.379680441151729
4.5129030586858425
4.4042907201490769
1.6748048413375738
3.5710982299703047
12.986300440193244
3.497766314771328
3.9552155437930669
12.668389898471043
13.50614618564031
13.233586105100457
9.7421206599199159
9.818873370159654
3.7426979603805468
3.5540755608795367
6.2109720869312959
11.318399217352791
1.406097333238479
3.3981206708351444
1.8865223758736001
2.8162884155328727
3.0845679821304155
2.7200797456714985
7.6070796627377035
13.275254343131733
12.66012484882239
2.8370015868850369
4.5203181617965127
8.1519067796445785
1.5243796452144813
3.963488479167725
13.016430933131566
13.006920352344219
12.810115854712286
2.4804637743183928
4.378185589206371
2.5722562098110786
2.4191374674151351
2.8585559157784917
2.3089421244287887
8.5173938108719458
11.030662727716742
11.43081574262809
12.752307894210183
12.580813750673569
12.487423156275584
12.516541459534952
13.503171031777358
1.5164458344947294
3.4170595690770016
4.8335813805554286
3.2642416210604255
2.6098100633322754
2.8341384066461481
3.5390065157305752
8.7658643903746292
8.9748285179463263
2.7725641436497508
3.5390065157305752
2.8410811240362648
2.791373203573829
3.5390065157305752
12.418543735857719
1.9801846586704543
3.841379575355794
4.0955020438860998
1.4369361621671848
3.115452438692401
3.8980918693924043
4.575482998655743
3.2617747800479169
2.9560271966623191
5.6356890302531024
2.7127033894402883
2.5594962188547412
11.016194619332087
3.9927702097377651
4.0698245139422227
8.0201802282339845
4.0698245139422227
1.4120803556602655
3.0165865801622438
1.6634625875749098
4.101911073967285
7.8741304843477096
3.0165865801622438
10.732715252716424
8.7488776991654387
2.2263647024767703
4.0955020438860998
1.3232293412487446
2.9034718914539237
3.1181855484340026
2.0336000890909083
3.9760534108621162
12.806117919003858
13.131411703799081
8.9748285179463263
4.255402229742649
6.631459083980153
12.508001162955399
3.6031733226258864
4.1525101437908756
5.0712242748579985
4.6029497925005893
4.2005122648561821
12.34790535114124
4.5334243388485174
3.8959712778851912
10.97175165217836
10.790605751617974
11.016194619332087
10.301022935057198
2.7725641436497508
2.9953361571074519
12.670901780414273
12.752307894210183
1.3600969832742031
3.7478037287518133
8.1919271876838256
13.607079611505045
1.3411704734683767
1.9011884980164446
1.6910209945609893
12.479527140576845
13.721246094576099
1.8034848447591898
2.2062042475049735
1.7429940530511394
4.0540149523318281
10.57913484352485
10.886857817958646
1.6974429036277696
12.548884256008202
2.7016173678832076
3.3522334176575979
2.2291397767705057
2.7020525380598741
2.5000888702451114
3.4138523164980619
4.0698245139422227
4.0698245139422227
2.4787475901854132
2.3259547270460961
4.0698245139422227
4.9726477041340589
3.5758754896217253
8.8499622702164338
12.721082495504673
12.580813750673569
3.4393412024810139
3.5862457035135571
11.076211636406581
3.5894293908381028
4.0924633333209606
3.5390348500864106
3.6755587804212038
4.0749177159260661
1.5363312581715785
3.9760534108621162
3.6083228330609174
1.4137668189451191
4.3118629666297288
3.5983668387839129
2.7858885320999542
3.5710982299703047
2.9075872003305467
12.359409570693145
7.1190442793100139
8.1927191130623314
13.740189862183492
2.0156938487287155
3.6329989857956919
4.584598269076559
3.2911163365103584
2.7920608729432557
12.670964934385983
2.2185979778191682
11.248046033797269
2.0803873620770088
2.3728175231827464
3.6031733226258864
3.5390065157305752
4.546625485367219
3.5758757640618621
3.743648535373107
2.8410811240362648
7.1394366939941829
7.1302043455345201
7.1485422084008805
7.9382808776641207
8.3670428038103228
11.455243898442946
9.9362843205381175
11.817213382112653
13.348366006339868
13.275254343131733
12.487423156275584
12.66114605193702
13.643284553106387
11.857353177086059
1.5004332880283933
5.9389642242382408
9.3909194193918459
8.5443343958789786
10.521789722400344
10.468495052183965
1.7632278679719027
4.8677740674678684
2.4978768154357036
3.3090425434051083
3.188699401717987
3.3090425434051083
1.472771310897163
4.1839386729372148
2.9075872003305467
1.3147500554609797
3.567532998001139
2.2170869643342495
4.0470371607670002
2.6113784589480242
2.4427298779559932
3.0734376653158746
2.4787475901854132
10.742605802888882
12.271277641791164
10.886857817958646
4.3046163756166127
4.4607502787927169
2.791373203573829
2.9953361571074519
2.4422319946120146
4.0787208116388243
1.2477637038430867
2.3136012235032402
3.0789737858679942
2.6399831738549322
3.2288221724192128
5.0011562918658798
8.5566016573270609
2.3173356951533415
3.3812818221684786
3.2003732645618306
9.7421206599199159
8.0907860408518406
13.721246094576099
1.5455766040469698
3.4130277067413566
2.8484792146705789
3.235248759059254
1.5454191176252901
5.0348087805706578
3.5390065157305752
2.0906774655560185
3.767856564259545
13.258251518339597
7.9801472257270145
7.5524719833471137
12.107058700883464
12.66114605193702
4.8481899343040276
3.1304554000662557
7.4175102913822304
3.5004303562857064
4.4438226596803876
3.8394892543844068
11.163831074306175
3.8234477724870284
1.8604108209091479
3.8959712778851912
3.2634109571862702
2.4927398764070205
2.4422319946120146
3.2634109571862702
11.540074629162277
3.5198138619876445
5.8830467722621398
1.3926884307724443
3.105134257616553
4.4311712354932311
1.8999283011160994
3.6809240438589175
3.3522334176575979
1.2906011018709391
3.188480247779784
9.0400637619095221
3.5203693268952709
8.4634975856660049
3.9552155437930669
2.6399831738549322
2.5430160997695128
4.7673246498457624
5.502710254619922
1.8167717808593931
4.3825779170863246
2.3173356951533415
2.0615967013768666
4.5217842011500995
4.8070430518415934
8.5326723842389463
5.3501279376790594
4.255402229742649
4.3104037838020002
2.5722562098110786
13.611643894723796
9.4560499706770962
2.2252028941632847
4.0470371607670002
2.3278553592873386
3.0020281003069202
4.5299039425856948
5.5352842402563533
13.203000276721363
2.0189840092895843
4.3053554168130006
3.9050646547510319
2.2122141705999558
3.8980918693924043
9.3370169711953199
9.2801262405931837
1.4633986104765662
5.0348087805706578
2.7398671071908871
11.227564425923724
1.6040352864201197
2.2291397767705057
2.3245761900973432
5.7691688646654891
4.2911156463156557
4.4524450891035414
3.8991505854174267
3.7295317340737748
3.2674125334586495
3.2138094784315889
11.699950739770225
9.5449266477723445
4.2911156463156557
3.3567881916035462
8.0243313819541768
7.0412041439338378
3.4192204783317979
1.6633445003643534
9.4788876071699129
8.1014774393823679
3.3567881916035462
2.6437717602619371
5.3793611573169295
3.7246040771782418
9.6291281478531108
13.50614618564031
4.6338894430587327
1.2938238932340482
2.6437717602619371
5.2234794142401801
12.555589635454876
12.66012484882239
12.516541459534952
2.6357263477642436
2.3728175231827464
1.5339371522751732
1.9257695339794343
1.5428134905278292
1.8999283011160994
3.5862457035135571
1.7341400121905204
3.9577611328634985
3.2818028252829898
2.5748072465161917
3.4159401117832191
13.258426984870217
2.3100451675143203
2.6669482637674644
3.6145469619943289
2.757357861409957
2.8064695655179386
2.5560255777171665
3.915019488504734
3.4393412024810139
2.8995339384591894
2.5560833299844159
2.8261204367739508
1.9057201251878149
4.1477860554119337
3.1787512196710996
2.3259547270460961
3.3812818221684786
2.0615967013768666
6.1972614541379869
9.8312175122199825
8.0916462419567541
3.0845679821304155
3.105134257616553
5.0418930257418513
4.4524450891035414
4.3740787197415907
12.800902947693539
8.5343898746587126
11.318399217352791
11.204072335406902
5.1035012526048238
3.188699401717987
8.5343898746587126
3.0754652295042444
3.050335547757514
3.6484895570949405
3.1557063979179274
3.5526373762995473
4.4242733217153596
3.5004303562857064
4.9355382088929192
3.3751532141680549
4.0932811426847042
1.3770348678326776
3.434189435690421
3.188480247779784
2.5430160997695128
2.3825176121119762
3.5862457035135571
3.3978252735758185
3.1478539729695671
4.9355382088929192
2.074437700586591
1.7341400121905204
10.7756297303261
2.3624961943196823
3.2564349503054246
2.4290796822151188
2.9271850742055259
2.2556965182798701
2.8172747399812113
4.5217842011500995
12.731012986027313
13.006920352344219
12.169725642764949
9.5546730023028239
6.5942139804908777
6.6704867532779888
9.4906599312993372
1.4101907438995254
1.4145968259719832
4.5299039425856948
3.9565363056458107
2.3825176121119762
11.373320270872055
2.5043560697384901
2.4928506902572192
4.5672483956214966
4.1371538087225037
3.2597639881900817
6.2369381134837605
4.2246711771121834
3.1663104561182309
4.8427004797025974
3.466217389829497
3.5965424796246195
13.071076417471277
12.043992707639463
9.7980993559870164
4.6943782399413765
4.6479517311848335
9.8449380047660497
13.356427395425431
2.1963718703570825
1.4979134470873994
3.5982102895660155
3.3042461294781118
4.4413193739288133
3.2400673616484843
1.6778518856026656
3.6083228330609174
5.6001584830883004
3.6479520198681663
3.5390348500864106
3.7295317340737748
9.8885342729089682
1.3460117582635112
4.1779693411713348
4.4112165019624054
4.4590737710526982
12.387892832027608
4.0179659374287366
4.0698245139422227
1.237578286863831
3.3090425434051083
2.6975669212503131
2.2032812511850537
2.1917321530712766
7.7869474516584702
7.1485422084008805
5.5352842402563533
3.9565363056458107
5.6001584830883004
4.5672483956214966
5.4934290176198388
3.0405757280830974
3.5989977398273885
8.0907860408518406
10.711589839889692
4.0998307456860781
3.9050646547510319
2.9560303315956675
3.1989506018145586
1.4901011311175942
4.1685247698281973
3.7478037287518133
11.298551455173756
3.213615706470343
2.8261204367739508
3.3156986869456295
2.4446594172751768
3.7588855853286294
2.2635992672208962
3.0746638788169793
4.6031370659857425
2.6814849505951055
5.8830467722621398
3.3751532141680549
2.0851805552499538
4.8070430518415934
3.6685942948004753
2.2011263133690324
10.145678082624208
9.8168635976939491
12.508001162955399
10.301022935057198
13.740189862183492
8.0081085712020066
7.9382808776641207
7.9128055795822814
1.9711904480472751
12.169725642764949
5.1706458796767558
2.7200797456714985
4.5387118202624288
3.6031733226258864
1.8458603285743855
4.9457356089375804
1.8034848447591898
3.3394023946006346
1.4670416350667124
2.7180380094083665
4.6944240829651713
8.8239244743708021
2.5042039531381661
6.96215680911848
4.6599348823230287
4.2896218428173825
4.3740787197415907
11.204072335406902
4.2678780328114927
4.5217842011500995
4.584598269076559
2.2062042475049735
5.3529936971985004
3.7988232638434676
3.466684631088822
7.6074962863493285
9.3357784882930144
4.1371538087225037
4.5387118202624288
3.3103590864357741
10.795359917049788
3.5837889700453913
3.193093811908899
3.2288221724192128
3.5673869709045878
4.4607502787927169
3.4202048369863465
1.2852075388161655
2.4851011981080102
5.9454110831440703
3.5082841620438452
3.6642072449832686
3.7270213129097285
2.3401192265877082
3.9577611328634985
4.13197649380154
3.2634109571862702
13.503171031777358
13.643284553106387
8.1067094337860048
12.359409570693145
12.300722918293134
11.857353177086059
13.270404464870156
7.9601159113725952
2.7888690087699839
3.7253172168067632
4.0224671047790439
3.6755587804212038
1.4864264990121649
5.6356890302531024
8.3670428038103228
7.9128055795822814
5.5535867378942614
11.43081574262809
2.6566030799608886
2.01058498982237
1.7429940530511394
3.3394023946006346
5.3529936971985004
2.7888690087699839
5.9328764559246876
11.455243898442946
9.4126723094231544
12.777290010838094
3.0224337561585526
2.7398671071908871
4.7445640364529478
5.1144562625619967
5.502710254619922
2.7020525380598741
1.5636507414139642
2.2846226136787702
2.0046073139829459
3.1663104561182309
1.8223299392785042
11.064505794215908
3.421130727272661
3.7426979603805468
4.1525101437908756
4.9726477041340589
4.0749177159260661
4.546625485367219
3.721520299319081
2.5953998482491909
2.3382750418690192
3.8008347945306133
3.1304554000662557
9.4906599312993372
2.2122141705999558
1.6886972345837412
5.3909491045703284
2.6526694022044417
3.5082841620438452
7.4354722080860078
3.1078938422149029
3.3414476369820889
4.4042907201490769
8.5566016573270609
3.4202048369863465
11.632473656746935
3.3978252735758185
3.2911163365103584
2.418666061081379
1.8223299392785042
13.233586105100457
2.6113784589480242
3.8386622762369318
2.311752368828571
7.1190442793100139
2.2945326189698907
5.3013996158472176
3.5540755608795367
3.5758754896217253
3.5758757640618621
3.0020281003069202
3.721520299319081
9.4389324453247809
5.5967447851510581
13.384221354208663
11.593453562904903
8.0009460540215649
4.0932811426847042
9.3873691305394225
9.6114073000961699
1.2978487689189127
3.676266402307125
3.963488479167725
12.555589635454876
3.2597639881900817
3.3103590864357741
13.766698023625665
1.5484255264639757
8.2860698942272233
12.418543735857719
2.28094992583129
3.789939266556261
3.0079764710803634
2.3136012235032402
11.373320270872055
13.342918061422953
6.0190821407926709
2.558421086282944
2.4191374674151351
2.4427298779559932
3.8386622762369318
4.015525062861915
2.9533218730806627
13.270404464870156
8.3938293898613967
13.766698023625665
1.8932576942029922
4.0540149523318281
4.1486932926771889
3.7654686779708908
2.8121035117648416
2.9456548797673925
3.235248759059254
3.2818028252829898
4.0179659374287366
4.9457356089375804
1.4147597047634095
2.3245761900973432
3.9134391728182512
12.763324093026265
12.810115854712286
9.2427402197570547
2.4237424228944988
3.1280435730927256
6.96215680911848
2.2121893771759717
4.183653893172286
4.2678780328114927
5.7691688646654891
3.9134391728182512
2.8154058781315108
3.0761014834968678
10.892159339470739
10.468495052183965
7.6070796627377035
5.0418930257418513
4.0787208116388243
3.2579455802988742
5.8286269739598007
6.4519504491446016
2.4559589868365861
2.5187075955833662
3.1755025095251272
2.5021290058424235
4.1416808736873927
6.642499957619167
3.319185705507588
5.0227000694826502
12.88626122149361
11.232753811232691
2.7581941317669254
5.184929442530275
6.5780385752804271
10.863054510941888
7.7421726054549991
4.9204325238383868
10.218155410854681
4.4892446426428556
2.9916306632692193
6.62674582083232
2.707804713487957
5.9997073952107813
4.4892522669976369
10.218476673199627
4.2364052093852402
13.764858922057718
4.2278859770541883
4.9507874977739288
12.749236300899863
13.022999864443447
10.218476673199627
11.004207158031429
10.600068727227994
2.2684953424108367
11.616284474893879
10.498007910914321
2.5280229778545142
2.8277541778736448
2.4452372312105277
12.614559721202301
3.7844734173788721
6.0223589832134916
10.218476673199627
5.8610321844000595
2.271106828568366
2.7331705864000884
10.725362545149878
3.7020061277051166
9.6447224486660481
2.792268941603461
9.899388881849541
8.6083118781831107
4.2727521031977114
10.746534858075458
2.4814643929448779
10.836948131744212
2.5218805080794819
2.9395856834029779
2.8546128399294299
9.3969648707483913
6.9213187110299659
3.153367586221429
12.537433506079259
2.7976613362201825
8.8445480408465826
2.8690310601601912
4.0185210039562556
2.4201927055966195
2.4017879118592527
3.7844734173788721
3.9055349400701873
12.840440350568807
2.9912198382397315
10.510961476186203
11.64563401916565
10.722817241538968
10.930922196241269
8.0300535672871334
8.7741350585139095
2.6252919775732573
10.793085782166273
5.6584933216491802
3.9017123032224013
10.58855644560264
10.581516694259388
2.7007431356497595
2.5968687273814544
4.8503471659045951
2.8690310601601912
2.8690310601601912
2.8690310601601912
2.8690310601601912
1.6111280052437764
9.7277222531226695
3.3157095634207616
3.4422872066265922
4.0582014135033484
1.7087259534340615
8.8640134100977281
8.9003563634735468
2.1065835533583823
11.356635926891926
2.7880961883788387
10.183319887792255
10.039216851351741
1.4657122410975365
1.511374488905177
12.94163067987898
7.912209211649583
11.867554368955624
5.6606402497415811
12.94163067987898
1.5473211414173831
8.6290114077927065
1.5917399444969742
7.9017786795368998
9.8176783870056088
12.567809179299001
11.867554368955624
11.535462375553918
1.7786770559623546
1.9205965376593326
12.272599769015045
2.3131781575923962
10.658289721508014
12.139536345437381
10.115070841327755
11.180236834948982
13.692491745914344
10.352532832085194
11.38495370293635
11.433330374262097
5.6733781247246942
11.297258873655784
12.933037817338171
13.415753282876441
11.182570334354109
5.8003913066624726
8.9665029830069951
7.6956850858636683
2.7730972410476311
3.4421253252938451
11.792856741095914
1.5259835950396448
13.625603748243453
11.867554368955624
3.8092949039493056
9.0451989234497496
1.6906316320538017
5.846908721863417
9.8037168355636339
2.3204588369591987
4.3658611182106757
12.140756578573827
2.4349995960566271
2.3205030772633535
1.770881699754149
2.218841068811646
2.4077877370911582
7.248553685079421
8.1084503176794325
11.248725583706976
10.648213830333836
11.18042401042443
11.18042401042443
1.4054172857168286
1.4967177494096939
2.2809232861831865
7.8423854759943632
1.5912096734313734
1.4761449249361949
1.5863900317114419
1.770881699754149
4.5657139952128185
3.8014186815038125
8.7311293328234392
3.2664802439748186
13.465579472865537
7.7765643532772897
12.697911526660068
4.3424878596705883
13.534985654682789
3.1255268123803868
13.043728196425079
3.3734890040005285
12.805282504677397
4.3236742853383667
13.175518690137805
3.2239934877608638
12.551400172245389
3.5794172515912877
12.863552843666113
6.2711691990679919
4.1338770409143448
5.9202856048365273
3.1625570952297912
7.7001748990457646
3.6169680572002871
3.2579455802988742
1.6111280052437764
11.282895211774658
5.8614263404903397
7.804979448068381
6.80569621541553
11.090026285911025
11.071783495288527
3.6207285961320048
3.4067445646315138
8.2976368282735997
6.6842171949446643
8.9197337820802574
3.8799953822760065
6.6450155472671302
5.1777996568718407
11.8319228944597
5.2907157175840824
9.7277222531226695
9.9067184217411999
9.7100799255144494
5.9697071604160703
2.5371721457359517
9.6231128764167018
12.756864013609354
3.0988165925949196
9.9271956980776981
4.2859445594844647
9.7845480929237265
4.3115812245780605
2.5693964838040801
4.1409605154966389
2.5540589074818376
2.5004325849619282
4.765112983161135
9.2070180114726785
4.6381604486496499
3.280493392218752
3.280493392218752
5.3826402164878813
2.5848152431165081
2.7456098771038238
10.663178128662047
3.351460164610002
5.9250919476049129
3.0426756601702647
4.1013863369554917
11.586635748600028
2.4253549860492631
4.586687690751754
3.3091511999576846
4.7494490655141917
10.057053645499641
7.1455394123447498
9.9067184217411999
4.3450520156890873
4.4025677241567704
2.0094179201259896
2.2813005685917709
2.0659569407836891
2.4153533151559237
3.7270213129097285
12.676719490009132
9.7906594289980138
4.5657139952128185
2.7584949232585236
5.0310137830253057
5.1534544320156224
12.015106782873731
3.2148965519000439
5.104494192509808
3.4250797845365861
5.2003485372475673
2.7137192607338632
11.220599402780648
2.640756627435493
7.5098118394415474
5.7077992286907762
2.6789101546657732
7.1259072154790228
4.2304045646107378
5.8286269739598007
8.2026934491022043
6.7139527190115
6.7936079894098658
7.5847178439339151
5.8675802008514264
8.4198612746356929
6.4456771834849897
7.0378036346899124
5.9288425814976637
7.6599027703332627
6.238094703371365
9.7100799255144494
3.5099180466980417
13.113513647730814
2.6723304608580243
10.331378410784168
5.5472192303045533
3.2051245858109438
11.252749515976964
2.5722831760982703
10.687673351152302
12.669732192942769
2.9253413137447923
2.6940527438859516
10.53602977590111
6.4519504491446016
4.358690112634549
10.802632692386286
12.000331329070004
11.092702644462745
4.2566834444065105
4.0589058507798566
4.0543798325122511
11.829185817106122
13.765405800943656
5.7169950485472132
3.7872796086276082
11.829185817106122
4.5169665915249615
3.3957535983747085
4.7556755826723007
11.522705986338378
12.244251362406175
4.7406622776309852
8.3472738429231459
4.1919202406850875
4.7406622776309852
6.4798928505665465
4.2974380524428595
5.2562934900753522
3.6747134282931997
3.9253611564592004
3.7014963633100626
4.659725181511118
2.4559589868365861
5.4248099146299325
3.8389404574272494
3.3157095634207616
2.9108326118295893
5.9697071604160703
4.358690112634549
8.9472997869250577
6.7017738613163536
7.196253195575391
2.5371721457359517
3.5099180466980417
9.6231128764167018
13.113513647730814
2.5187075955833662
4.5206503811388297
10.977476824496636
11.429046048494804
11.418738198733408
3.3733214611317064
2.9430638416604999
3.1755025095251272
6.6617269182741197
2.5021290058424235
4.8253126695218196
6.2089613521369396
9.1335178403068848
5.3852224216834159
7.5576206216996935
10.31510392431006
2.3483500940958177
6.5754792771202322
2.2767011126990995
2.7711930192909908
2.6977087994457367
2.229530801914585
5.2234380743775057
2.7554792158045571
5.3826402164878813
6.2837528033770109
4.9515369245771552
3.4422872066265922
3.5862457035135571
2.7584949232585236
5.1362996733303135
3.522059286242988
4.0367326327021162
11.24123431955193
4.0582014135033484
3.9642259239711524
8.2866035390721553
7.6355738819863808
7.6282421103444369
7.6339802862715667
4.955021665673919
4.1355929831280527
2.9588083388258037
2.1381707258804026
4.4034187859963136
5.1150133785330327
3.411650867640788
3.3724131893965894
3.411650867640788
3.5738055006610003
4.1030278255674171
11.552803055982956
4.7446802451107946
4.3622407528105658
4.7446802451107946
4.9453085553909686
4.7878427617468597
11.151366276594473
6.0362700926733792
13.58411534926004
8.2026934491022043
7.1728902726809647
4.1416808736873927
1.7087259534340615
8.4348976153154887
13.006452751094111
13.253476845757827
4.0348131201801323
2.2653948321079396
5.3793611573169295
3.8696186148446912
3.0567957256342346
2.3328261953221983
4.4892868541517847
4.0524331606226438
4.7556688255592352
6.642499957619167
5.907001923857722
5.3617732634535997
2.6559104415675621
11.282895211774658
7.3392681481120832
8.5983575965984205
12.756864013609354
4.2164861106609743
4.0290027447990591
3.319185705507588
4.8677189023969101
8.6093198642283113
7.9972176831330009
4.6330020321805527
5.1915721002317108
9.8385937535772143
5.8614263404903397
4.286362565284934
9.4098682022766162
9.4526458116540066
3.0947015899091816
2.4326396841359239
5.1334536268587545
3.0947015899091816
3.1124954326434677
2.9557462230814764
7.2928776779048023
10.057053645499641
8.8016200401925264
9.9384243547432387
5.5147716418325015
9.9790921040299292
8.7228994280786765
2.9591907441981373
7.9136126230447239
8.8640134100977281
8.7892991262929172
13.006452751094111
10.8401341986576
3.8014186815038125
4.1272876154249705
3.8922736547801482
6.8751250083541233
9.6831198904064042
3.8373519891247452
5.0310137830253057
5.1362996733303135
11.24123431955193
3.5342286036628483
8.1160993148555924
5.4442258591888386
11.298157163521335
7.2647503887248694
3.7081966063997864
3.6446615104411566
3.5477841854824073
5.794374053559884
7.1872206302043873
7.5545672679248588
11.552803055982956
8.3041729571228551
9.6259127082995111
13.236412156291264
10.802632692386286
3.522059286242988
3.5342286036628483
3.5838883301289237
4.7494490655141917
4.3450520156890873
10.31510392431006
2.1830493888479285
3.7789450587498861
3.5691103050457689
2.4270682096807508
4.2939467508674189
2.2208689696696626
4.0632018102210816
2.0985499679286947
11.913505101314467
9.821293403292028
13.245739308864016
2.5964547347129288
5.1341711442043936
2.1530313592319299
3.2752537741935148
2.2994487885563029
2.4436930261789702
2.6847137533415149
11.94220838309899
2.7199475107652726
4.4605394585560365
2.7928402908297674
2.3472820771256524
3.4587827091255572
4.6777072840895233
8.7311293328234392
8.1622893180617115
9.8929875626477823
9.0930809721160042
10.914630601666472
8.6093198642283113
8.6870551018539377
5.0227000694826502
8.9003563634735468
3.9163526804621456
4.0958606751030073
12.17180264311299
3.9552251514721015
4.7556688255592352
8.9122114379082618
8.1392960583130449
8.8502169441931162
9.924120317028434
7.6917793000999328
12.88626122149361
12.534677360590562
13.429600490550419
8.318419603283095
9.0315116068703585
2.1065835533583823
2.2994487885563029
2.6703686950505658
3.6536583695315228
2.1496999189066739
3.6684458193034382
4.3135863787888606
12.627106344185201
4.3048271958532931
2.1250840062064449
2.8305777665663161
8.9472997869250577
7.284994352952376
9.3385267797538152
11.356635926891926
13.80827774871946
2.9588083388258037
2.5301291792737977
8.5401790268853155
3.3398445975315565
2.6165880914896595
2.8833777782631498
12.216242990642758
2.6683162239833833
4.4508511399699389
5.1454765329077938
4.4211796585266194
2.9608526246984375
2.9490234036451488
3.6012503643246938
7.804979448068381
7.8413991690105105
8.4532545500200804
2.7880961883788387
3.4757834794238294
10.183319887792255
6.80569621541553
7.3392681481120832
4.286362565284934
2.680250616436588
12.820083513334835
6.8503627951468316
8.7293072488680838
4.5619569649548923
4.7386900716454567
3.2664802439748186
3.3150581959375853
4.5997457426198114
10.039216851351741
8.8911191224757395
2.6164228756526988
2.0389060594842934
4.7632829612922647
2.4436930261789702
2.6703686950505658
6.6330696026117657
2.4138580975433621
13.465579472865537
4.917626430037501
7.1135877596391905
5.2486198515568905
6.9713185220898071
10.307655068784426
11.232753811232691
3.1690643523743933
2.5143710226287874
13.211284782283261
6.9596626484039259
13.20636730376153
4.7058690837652026
2.9291714581531787
9.924120317028434
7.7220349525470038
7.9075208851701042
7.6901998385953378
8.5229400581952763
7.6289486625522152
7.8103889406506983
7.4869424638207045
1.4657122410975365
3.3699281689970113
5.2234380743775057
2.6847137533415149
3.6536583695315228
7.7765643532772897
5.1534544320156224
8.1622893180617115
8.8502169441931162
8.4651010289716382
7.751726665528861
9.3962850987557722
13.488191521965899
9.0471758968562366
9.0200985263533404
7.4773499478065473
7.7914921234312109
6.9688479859261294
3.0757392865261739
1.634554808183365
2.2961189962691626
3.5096856874792848
1.511374488905177
3.7989511529432614
13.691198669066466
13.696678484389674
2.7581941317669254
6.9663956052329121
2.1830493888479285
2.9914678650167761
4.7406622776309852
6.5487842793626081
12.000331329070004
2.9661086391964386
3.4252313291675458
8.3472738429231459
3.8540134035943887
4.3306011549464891
2.9508341810510825
3.9255201599530034
5.0194394402880125
4.7252715198119075
12.693960390930993
4.3270443077770393
12.471709895986905
5.0248757773692798
9.1147423556843883
4.2341187437135268
2.7300475420253663
4.276031056245098
3.7789450587498861
6.818264611878222
3.5614656497912058
2.3483500940958177
3.1868176353873192
4.4040949698609495
9.541377898012815
3.0988165925949196
5.4573226987866414
11.092702644462745
4.7353466199947638
5.8075707664489284
4.7024131433965186
4.6164625414954603
2.8663438091047095
4.8840281605242515
3.927264804980934
5.1016586918770042
5.184929442530275
4.4998589198167256
3.0567957256342346
3.5614656497912058
2.0223570181685364
1.9609096731730034
4.867005201302975
3.0907834005798667
12.697911526660068
12.94163067987898
9.0054335785462793
12.72963283105662
3.1847835033009684
3.5331323021738092
3.326194007768605
7.912209211649583
3.4757834794238294
3.2576497796032204
2.6316728554882518
6.5780385752804271
7.1572107240456768
10.135015186969353
5.5041373886798928
3.4840424690698701
10.863054510941888
2.5848152431165081
4.4795717032786442
7.7421726054549991
7.575859402004772
5.7431625129260739
4.3424878596705883
3.3150581959375853
3.451820491900254
3.7250813316997657
7.4362293584727759
4.3816706798210694
4.6777072840895233
2.9292044720734385
4.9617995991366968
7.8825483797150477
7.6598038336469072
3.0757392865261739
1.956103794545643
4.2566834444065105
4.6429277137971665
2.0298815041611267
2.9263400494296046
4.0058836136380584
3.2756889956169473
2.680250616436588
2.6445460555244229
5.0773230243901208
3.1474379551989355
5.1623644507238842
11.867554368955624
4.9204325238383868
5.0340445047702387
7.0058833324692973
7.1525085550828829
3.4774251993472163
2.117360750655195
3.5144366032953069
4.3096822970486981
10.218155410854681
5.6606402497415811
12.94163067987898
9.0054335785462793
4.4892446426428556
3.9163526804621456
12.015106782873731
8.1160993148555924
2.7456098771038238
3.1218001983121009
4.1865188414773877
6.5754792771202322
3.5691103050457689
4.1919202406850875
3.8540134035943887
5.1924613956324492
11.694102624049341
5.038514054650066
6.0030534890746248
12.961821101061362
2.9916306632692193
4.7118509845284446
4.7406622776309852
6.5487842793626081
1.5473211414173831
2.4197464464282246
12.534677360590562
10.642113335733416
4.1272876154249705
3.9816526871763438
8.8016200401925264
3.002356291910429
8.6290114077927065
11.94220838309899
2.1496999189066739
2.5301291792737977
2.0298815041611267
7.5451653599532822
2.0990037840524614
2.4678375132093735
3.7453560080221706
2.1043939886048491
2.7293963173627489
8.4338206705266039
2.7412007661489213
3.285398835391129
3.5868977808670004
2.2144179406018396
4.2735369201030915
2.8627295100577412
2.8627295100577412
4.0589058507798566
4.6429277137971665
4.1302474726102814
5.8146161803162624
6.62674582083232
5.6960595549211517
3.8370579470350221
13.534985654682789
3.9642259239711524
9.5867129046185671
10.541539693193561
3.5785540576197703
8.2485816075882887
11.575914157165705
1.5917399444969742
2.6445460555244229
11.816519695577492
5.3783935756820647
11.757926994631434
2.707804713487957
4.6330020321805527
5.4442258591888386
2.8355241349690794
7.4730762841950487
13.269140735510321
7.1079166435240628
4.3748798068544303
3.9949598059341271
2.8928276312971484
10.163198727265707
4.1947905617279995
13.439772119877926
6.6330696026117657
7.5442724642334165
9.1974699339983772
7.5404785553718199
2.8355241349690794
4.1774293990081759
3.1949535137743807
4.2727521031977114
5.9997073952107813
4.0543798325122511
4.5206503811388297
4.4286751861371352
3.3993492463428554
3.6326911247911826
11.771756549269925
6.3148996549534724
2.8834562253007201
9.8929875626477823
8.4651010289716382
11.829185817106122
4.4892522669976369
4.0958606751030073
11.090026285911025
2.2767011126990995
2.6732921712992082
3.6139871712753986
4.2515231924142958
13.765405800943656
8.5621443138303519
3.4685766161955192
4.0037948786239577
12.820083513334835
7.9017786795368998
10.045576581209133
7.9668534173393786
12.244251362406175
2.1381707258804026
8.5401790268853155
2.0223570181685364
7.5451653599532822
2.1948713205136583
1.9870405201175227
4.372889598500227
2.6316391018923251
5.2234380743775057
2.5135046699686461
3.5799774914604443
4.7446802451107946
6.7139527190115
7.6037714100231328
8.3041729571228551
9.725332959894482
4.2267721443737081
7.549234426359547
9.8176783870056088
6.9713185220898071
10.524822894317913
10.218476673199627
12.567809179299001
2.0094179201259896
1.9590148846036404
3.6811348640955983
4.4576949363137155
13.20636730376153
4.3306011549464891
5.5041373886798928
3.1306068568310628
6.9015247060266178
9.9271956980776981
3.451820491900254
3.5128640472154968
3.8003339109849161
8.7892991262929172
8.6651349034930405
6.7936079894098658
7.8825483797150477
7.0058833324692973
8.4445671339426873
6.7895820778456413
6.8332591207411406
9.5867129046185671
6.9681079106878894
2.7300475420253663
4.0860518079463013
2.1254296076775843
3.9148086682680532
4.7058690837652026
2.8050169048519775
2.9276884868729476
4.6625598105462709
4.6625598105462709
2.9485991962160449
3.8774766357816333
4.6982991265118699
4.6625598105462709
4.2859445594844647
4.3622407528105658
12.004171828232392
4.9500673313517352
5.7510301025636492
6.2692424324043685
7.5442724642334165
7.8288287401659202
11.867554368955624
3.6056344250610084
9.8768681479831422
7.7220349525470038
7.8860006015276136
10.787332925882991
2.7199475107652726
3.6684458193034382
4.917626430037501
4.2407405405786474
2.9508341810510825
3.4840424690698701
3.1306068568310628
2.9658948734248072
5.6132457817260653
8.3505631261072324
2.1104438197436117
7.6799761091417729
4.219701180377788
4.7446802451107946
8.3469323833197446
9.8932077086061732
11.535462375553918
3.7989511529432614
3.2576497796032204
4.2364052093852402
7.1135877596391905
7.575859402004772
13.764858922057718
4.7024131433965186
4.0461237504523631
4.1787218288366317
4.2278859770541883
10.977476824496636
2.2813005685917709
2.4871432819916177
4.9507874977739288
5.6960595549211517
4.597812249582101
12.995380071812235
12.17180264311299
3.8331110738272796
4.7317035451894469
4.7316212790650205
1.7786770559623546
1.9590148846036404
1.7881753922845636
3.6236119074093227
2.8802231694101437
4.4286751861371352
2.0990037840524614
3.1304794989671727
4.6155553042302051
4.6155553042302051
9.0930809721160042
7.751726665528861
10.270051984622542
6.4798928505665465
5.1924613956324492
12.749236300899863
2.7711930192909908
2.4270682096807508
6.818264611878222
2.539395353340784
3.7407981962930892
5.1454765329077938
3.2148965519000439
8.2344492887050524
9.2247945388245522
4.1717751820932509
9.4098682022766162
6.8503627951468316
9.4592084994625356
5.104494192509808
8.2344492887050524
8.7285885590008494
13.022999864443447
4.1774293990081759
3.3443568526753591
4.8253126695218196
5.3039899065167253
11.429046048494804
11.298157163521335
10.218476673199627
11.836767852249892
3.4250797845365861
9.2247945388245522
9.9814137288370386
9.725332959894482
6.6210874002807012
3.0695183838186284
2.1093253992019312
3.5217864581335983
11.004207158031429
1.9205965376593326
4.2974380524428595
13.429600490550419
11.071783495288527
12.272599769015045
12.589470375652297
9.7845480929237265
3.6207285961320048
8.318419603283095
12.72963283105662
10.642113335733416
9.9249196505192501
13.338377676860061
13.338377676860061
5.2562934900753522
3.9255201599530034
10.600068727227994
3.4067445646315138
9.9814137288370386
4.9751700912283088
8.7408276805775298
8.662816011718478
2.3131781575923962
3.1690643523743933
11.836767852249892
2.9013088603054804
2.3612514546631984
2.747124301679905
2.2684953424108367
3.3993492463428554
4.6541349651099582
5.7169950485472132
3.6326911247911826
3.1255268123803868
3.8922736547801482
12.322605469131725
10.658289721508014
4.4605394585560365
3.9244206304451694
13.043728196425079
11.510020261150757
12.139536345437381
8.6870551018539377
8.231440830699464
8.2976368282735997
7.8413991690105105
2.4678375132093735
3.9094996409929501
10.115070841327755
6.9727251811649262
13.236412156291264
3.3699281689970113
3.8331110738272796
4.7317035451894469
4.6866443680252328
8.4445671339426873
13.470169372145838
9.9384243547432387
3.6202719343546508
10.258440922910461
3.3734890040005285
6.8751250083541233
13.470169372145838
11.180236834948982
13.692491745914344
13.253476845757827
9.3972850762313929
11.616284474893879
7.5847178439339151
12.805282504677397
10.498007910914321
6.2089613521369396
5.1915721002317108
7.4730762841950487
5.3039899065167253
12.585243630100042
11.235546880218969
12.61602740606352
10.352532832085194
11.019856556973174
11.38495370293635
2.5280229778545142
5.7431625129260739
7.5873578518766012
8.8732607707582947
12.883209900022788
3.3398445975315565
7.8149688953718206
9.6412465758170445
5.0194394402880125
2.9658948734248072
9.4465472166790168
4.3115812245780605
3.831361363521951
8.2866035390721553
10.726193417918498
2.8277541778736448
6.1108104572271751
5.2003485372475673
2.7137192607338632
8.3469323833197446
6.9474571663200066
2.5693964838040801
2.6723304608580243
5.4573226987866414
2.6165880914896595
3.7453560080221706
6.6842171949446643
9.9249196505192501
3.3942865875351003
3.3681706407148155
12.585243630100042
2.4452372312105277
4.3374141988573358
10.541539693193561
8.3957570862739566
11.433330374262097
2.6559104415675621
1.634554808183365
2.6316728554882518
1.956103794545643
1.6833160062596035
2.6559104415675621
1.6191408646596537
7.5346340484468026
7.1296374082453227
1.4539255561218425
3.3817118313478161
3.5664135215822879
4.6777072840895233
4.6777072840895233
2.2993333238937863
4.4438226596803876
2.8744599040508945
2.8744599040508945
10.331378410784168
6.7017738613163536
7.284994352952376
7.1525085550828829
6.7895820778456413
8.3094023861676654
6.5864866703893039
12.614559721202301
2.6164228756526988
1.6720387046652156
1.9358870290461252
3.2834696503083602
3.7872796086276082
4.7353466199947638
7.1455394123447498
3.1124954326434677
5.5147716418325015
9.1147423556843883
7.1572107240456768
4.2267721443737081
6.6210874002807012
13.470169372145838
13.470169372145838
3.0765378332326927
2.5215053983763189
2.4163049375071561
7.1676060837977724
6.3989346479775833
3.7844734173788721
8.1080151087568453
3.3942865875351003
1.9727940642062713
3.2009567217370996
1.8858392521927401
3.3942865875351003
2.4272841901282449
2.8297982903819827
6.0223589832134916
5.8675802008514264
7.6037714100231328
7.8988363436547049
7.8988363436547049
7.491716903030591
10.218476673199627
5.6733781247246942
11.816519695577492
9.9790921040299292
8.5283808339198686
2.7928402908297674
4.3135863787888606
4.0348131201801323
4.3547589759683394
3.9785398326389099
4.3375756917941199
9.4491313190625306
11.297258873655784
5.8610321844000595
13.269140735510321
3.1949535137743807
3.3443568526753591
4.5700989279725768
6.6367039777614547
4.2769699512621067
4.3236742853383667
9.6831198904064042
8.4198612746356929
7.1728902726809647
2.3472820771256524
2.9263400494296046
2.1043939886048491
3.1304794989671727
3.9244206304451694
3.9094996409929501
4.6625598105462709
3.7268726855186243
5.5491565168896813
2.7411640079240938
4.7556688255592352
3.9244206304451694
3.9244206304451694
13.175518690137805
5.3783935756820647
11.829185817106122
4.9453085553909686
12.004171828232392
4.9500673313517352
4.8825355866433764
5.6287756256812278
4.6625598105462709
3.3336701260656167
2.0808534217046195
8.7228994280786765
6.6498338906090435
8.3094023861676654
8.4198612746356929
4.0367326327021162
3.5838883301289237
8.9122114379082618
7.9075208851701042
7.3001636934422098
12.933037817338171
2.271106828568366
6.1108104572271751
3.5076871360743271
8.5983575965984205
7.6901998385953378
7.6598038336469072
7.8860006015276136
8.7408276805775298
7.5873578518766012
7.8149688953718206
7.685204980994425
7.7691326112192582
7.5333374310257373
3.2239934877608638
8.4348976153154887
3.5785540576197703
6.9681079106878894
8.3957570862739566
11.837160194596171
2.7331705864000884
6.9663956052329121
4.5700989279725768
4.6530363431336283
4.98955344996837
10.725362545149878
10.663178128662047
3.3733214611317064
3.4685766161955192
2.9959894697773795
11.964905493995776
2.6695295358539282
11.918785374419125
2.9840335550739461
2.9591907441981373
9.6259127082995111
10.135015186969353
3.002356291910429
7.549234426359547
3.6202719343546508
3.0765378332326927
6.6498338906090435
3.1531920817072066
6.9736279226942175
6.0863649940842466
9.0011609221585083
6.4456771834849897
7.196253195575391
7.5576206216996935
7.1728902726809647
6.5864866703893039
7.1728902726809647
8.4198612746356929
7.5576206216996935
7.1322974277731781
4.3547589759683394
11.220599402780648
5.6132457817260653
3.4207399729428327
3.7020061277051166
5.907001923857722
5.0694202527961645
6.1736292080894684
5.3902037765021644
13.372907901960415
2.640756627435493
6.6374862323919892
6.9713185220898071
6.9713185220898071
3.6056344250610084
3.8223117532182762
2.8921048803391094
3.7635164187298615
3.5304259320894293
6.8396965482487344
2.974687550051978
7.5098118394415474
7.2647503887248694
7.9520920258174215
10.258440922910461
11.017970256156168
3.7081966063997864
3.7434784027190013
9.6447224486660481
7.1079166435240628
3.6948355077994179
6.4015552078528239
4.1626136481477296
13.415753282876441
4.5997457426198114
3.7250813316997657
2.792268941603461
5.4248099146299325
9.899388881849541
2.9013088603054804
2.3245393212816032
2.5215053983763189
3.1531920817072066
3.8223117532182762
4.3812572396994804
4.1409605154966389
4.2164861106609743
8.6083118781831107
4.0364546008297202
5.4547692857311985
1.6833160062596035
2.4315871721217395
3.1656940903364901
11.182570334354109
8.8923413748528581
5.8003913066624726
11.019856556973174
4.2727521031977114
2.5540589074818376
2.7293963173627489
11.510020261150757
12.551400172245389
8.9665029830069951
13.80827774871946
7.6355738819863808
9.8611696029468554
7.6956850858636683
12.136878371433072
4.2939467508674189
2.3849274150280726
1.7881753922845636
1.6720387046652156
2.1966435514793852
10.746534858075458
11.418738198733408
13.372907901960415
4.789716020554823
13.691198669066466
13.409597007138656
3.5794172515912877
3.8373519891247452
6.9596626484039259
4.1865188414773877
3.9816526871763438
4.1717751820932509
2.8921048803391094
3.2230783882470142
3.1878817075787249
4.706031712531094
3.3036441732219028
9.3962850987557722
7.42391432364027
6.6367039777614547
4.6530363431336283
10.870812760635681
2.7730972410476311
2.3612514546631984
2.6977087994457367
2.2208689696696626
8.9197337820802574
3.351460164610002
2.9430638416604999
4.4795717032786442
3.1218001983121009
2.9959894697773795
2.0659569407836891
3.9932657634649504
3.565571842101575
2.422139821841014
4.6452099370912086
2.4814643929448779
5.3617732634535997
10.836948131744212
3.4421253252938451
9.4526458116540066
9.4592084994625356
7.5576206216996935
11.792856741095914
3.7635164187298615
3.2230783882470142
1.5259835950396448
2.0389060594842934
12.883209900022788
3.3681706407148155
1.9358870290461252
3.3681706407148155
2.583518510047571
2.5218805080794819
3.1847835033009684
3.5076871360743271
4.6318958627756279
3.1473111487658865
13.479171217190993
13.488191521965899
4.0632018102210816
2.4961860024665437
2.9395856834029779
4.6318958627756279
6.1803778126065021
6.9736279226942175
8.8903677291121603
2.4153533151559237
3.9932657634649504
13.625603748243453
2.8546128399294299
8.1080151087568453
6.1803778126065021
6.2217906399405081
4.3748798068544303
4.4518711508098647
6.7491044334975232
3.8799953822760065
8.1325439698857593
9.3969648707483913
3.5331323021738092
4.6452099370912086
3.7510623573720547
7.0378036346899124
13.338377676860061
6.9213187110299659
5.9288425814976637
11.964905493995776
4.7878427617468597
4.8825355866433764
2.5004325849619282
5.5472192303045533
2.0985499679286947
2.4138580975433621
9.541377898012815
2.117360750655195
9.1974699339983772
2.3849274150280726
2.4961860024665437
4.7892147940548249
10.21271547831517
2.5249762368540041
2.7428061435632785
4.0093596855483922
2.3898162898799158
5.0391689117642544
3.5950682678295856
3.6446615104411566
3.7434784027190013
3.7715331025117571
4.7252715198119075
11.694102624049341
12.693960390930993
8.3505631261072324
3.6747134282931997
6.5487842793626081
4.597812249582101
5.7077992286907762
3.5477841854824073
3.4918138579677738
11.867554368955624
2.6559104415675621
12.863552843666113
2.4326396841359239
2.9557462230814764
4.2341187437135268
3.8370579470350221
10.524822894317913
2.4163049375071561
3.5304259320894293
4.3812572396994804
3.1878817075787249
7.007408268406552
3.8370579470350221
3.2167632735195455
6.2711691990679919
2.6789101546657732
3.8092949039493056
8.231440830699464
12.589470375652297
12.136878371433072
2.9291714581531787
2.9661086391964386
2.8663438091047095
3.326194007768605
2.9292044720734385
2.8050169048519775
2.9485991962160449
3.1473111487658865
3.7510623573720547
2.9918922931722727
2.7198721185824386
3.1906499950658174
11.896175249903667
3.153367586221429
6.9845995529978833
5.794374053559884
7.9520920258174215
7.007408268406552
3.565571842101575
11.837160194596171
9.8385937535772143
9.0451989234497496
7.6282421103444369
8.8911191224757395
8.6651349034930405
10.258440922910461
10.726193417918498
10.258440922910461
8.8923413748528581
9.9727745551815516
10.258440922910461
7.929471355388654
8.8921019093548352
6.8396965482487344
9.0471758968562366
12.537433506079259
4.8677189023969101
4.789716020554823
7.9136126230447239
8.5283808339198686
6.0863649940842466
8.8903677291121603
3.2051245858109438
4.7892147940548249
11.151366276594473
2.7976613362201825
5.0694202527961645
5.3864112674412503
7.6339802862715667
10.870812760635681
9.9727745551815516
10.561989651060244
4.4025677241567704
11.913505101314467
3.5144366032953069
7.5404785553718199
7.8288287401659202
10.21271547831517
4.7806406096056833
10.995039262046474
4.6164625414954603
7.4362293584727759
3.5128640472154968
4.0461237504523631
11.771756549269925
4.1338770409143448
4.706031712531094
11.252749515976964
1.6906316320538017
3.5833959276225138
8.5229400581952763
9.0965891992167833
5.846908721863417
9.8037168355636339
2.5722831760982703
2.5249762368540041
2.8833777782631498
2.1948713205136583
4.5997457426198114
3.9552251514721015
4.7316212790650205
4.6866443680252328
4.6452099370912086
12.275881369943384
5.9250919476049129
3.3445603447472467
5.9202856048365273
5.2486198515568905
12.627106344185201
8.4338206705266039
10.258440922910461
7.8988363436547049
9.821293403292028
8.7293072488680838
5.0773230243901208
8.8445480408465826
9.0315116068703585
9.1335178403068848
11.235546880218969
4.765112983161135
4.5169665915249615
4.0290027447990591
4.1302474726102814
12.995380071812235
2.8690310601601912
5.3864112674412503
13.245739308864016
4.7806406096056833
2.3204588369591987
4.0185210039562556
3.9785398326389099
13.479171217190993
4.9211641202875294
4.9211641202875294
11.017970256156168
6.8481274684530558
8.6605128450021986
2.4201927055966195
6.6617269182741197
4.2407405405786474
4.8840281605242515
2.9918922931722727
12.216242990642758
3.9949598059341271
4.4518711508098647
10.687673351152302
7.1872206302043873
5.5570408592184775
7.1676060837977724
2.4017879118592527
4.2271741781107242
3.7270213129097285
4.3658611182106757
4.3048271958532931
2.229530801914585
2.3328261953221983
2.5964547347129288
2.9914678650167761
3.1868176353873192
1.9609096731730034
2.6732921712992082
1.9870405201175227
2.7050719955265539
2.4251618237378829
2.4348944848531433
2.9605723815718359
3.5241762544212309
5.1334536268587545
7.2928776779048023
6.3148996549534724
4.6541349651099582
4.372889598500227
2.7050719955265539
3.7844734173788721
4.0058836136380584
2.7412007661489213
10.914630601666472
10.270051984622542
3.9055349400701873
7.9972176831330009
8.4532545500200804
7.6599027703332627
7.1322974277731781
12.840440350568807
4.1787218288366317
4.3374141988573358
4.5619569649548923
3.1474379551989355
8.1325439698857593
4.4892868541517847
2.9912198382397315
4.2769699512621067
3.3957535983747085
4.7632829612922647
2.8834562253007201
8.5621443138303519
3.285398835391129
4.955021665673919
9.3385267797538152
9.8611696029468554
7.929471355388654
3.1625570952297912
3.3036441732219028
2.8928276312971484
3.6948355077994179
6.7491044334975232
12.140756578573827
5.1341711442043936
2.7428061435632785
9.0200985263533404
3.8370579470350221
9.2070180114726785
12.669732192942769
13.439772119877926
3.9253611564592004
5.0564099775851989
2.6683162239833833
3.5868977808670004
3.2834696503083602
3.3681706407148155
13.214522520758923
3.6811348640955983
10.510961476186203
12.089651914492547
1.6191408646596537
2.6071647517652186
4.0787208116388243
11.64563401916565
6.1736292080894684
6.1225664718677217
6.6450155472671302
4.9751700912283088
6.8481274684530558
7.292738793051619
9.2624152378657438
4.3270443077770393
5.038514054650066
10.722817241538968
3.0426756601702647
3.4252313291675458
3.927264804980934
4.9617995991366968
3.4774251993472163
2.9276884868729476
3.8774766357816333
2.4272841901282449
2.7198721185824386
2.2838736410725189
2.8938384740550069
4.3825779170863246
4.0093596855483922
7.5346340484468026
10.8401341986576
13.211284782283261
12.961821101061362
13.214522520758923
8.8133617571520446
4.3096822970486981
2.3898162898799158
2.4349995960566271
2.2194840337435857
4.6338894430587327
7.7001748990457646
7.4773499478065473
2.3205030772633535
7.7914921234312109
10.045576581209133
7.3545962400075142
10.930922196241269
4.6381604486496499
3.8389404574272494
3.831361363521951
4.4703235094646763
5.6438761467161154
8.662816011718478
7.685204980994425
7.3956883831087881
2.9253413137447923
5.0391689117642544
1.770881699754149
5.2234380743775057
10.995039262046474
6.3989346479775833
9.0011609221585083
2.6940527438859516
3.5950682678295856
2.218841068811646
7.2373761170944295
4.276031056245098
4.0860518079463013
2.1104438197436117
3.4207399729428327
2.1373029511702821
5.0340445047702387
4.3375756917941199
4.4703235094646763
2.4077877370911582
6.9727251811649262
10.307655068784426
9.8768681479831422
2.974687550051978
3.2167632735195455
8.0300535672871334
7.8988363436547049
2.2961189962691626
2.1254296076775843
7.6799761091417729
7.1296374082453227
2.4315871721217395
2.6071647517652186
2.1373029511702821
2.8047917188193119
4.4438226596803876
4.2099380352712519
4.0007592701691124
6.2837528033770109
5.2323609883129674
7.1259072154790228
10.385616610254138
6.238094703371365
7.491716903030591
4.1013863369554917
2.8904198475918719
12.676719490009132
13.696678484389674
13.409597007138656
4.7556755826723007
5.8146161803162624
11.522705986338378
5.8075707664489284
5.7510301025636492
5.7764269718651224
8.2485816075882887
2.2653948321079396
3.0695183838186284
9.3972850762313929
9.4465472166790168
1.9727940642062713
9.4491313190625306
3.3336701260656167
9.1423331435499016
3.3264504759990077
2.5371083022519612
4.13197649380154
7.6289486625522152
7.7691326112192582
9.0965891992167833
8.7741350585139095
3.7014963633100626
4.4998589198167256
6.5487842793626081
4.0364546008297202
5.0564099775851989
5.847130406135201
7.248553685079421
11.757926994631434
8.1084503176794325
5.1623644507238842
4.4035950693026829
2.6252919775732573
5.6438761467161154
5.1777996568718407
9.2229055998428926
4.2304045646107378
6.9688479859261294
7.9668534173393786
9.8932077086061732
8.7285885590008494
6.9474571663200066
6.6374862323919892
7.42391432364027
7.3545962400075142
10.385616610254138
6.0362700926733792
5.6287756256812278
12.471709895986905
13.58411534926004
6.2692424324043685
5.7764269718651224
10.793085782166273
4.0037948786239577
12.322605469131725
2.6695295358539282
2.3817840946727529
5.6584933216491802
5.4547692857311985
3.2009567217370996
9.7906594289980138
2.4871432819916177
2.1093253992019312
1.8858392521927401
2.0808534217046195
2.422139821841014
9.1423331435499016
6.9015247060266178
4.219701180377788
2.2144179406018396
3.7268726855186243
11.248725583706976
10.53602977590111
10.648213830333836
8.8921019093548352
2.1530313592319299
2.539395353340784
3.8871211674184085
7.8103889406506983
10.787332925882991
11.8319228944597
4.7386900716454567
3.9017123032224013
12.275881369943384
8.8133617571520446
11.918785374419125
10.58855644560264
6.4015552078528239
7.907901248696839
13.338377676860061
11.586635748600028
4.9515369245771552
5.3902037765021644
6.2217906399405081
6.9845995529978833
6.1225664718677217
5.2323609883129674
11.18042401042443
2.5143710226287874
2.747124301679905
2.9840335550739461
2.3245393212816032
2.3817840946727529
11.575914157165705
11.18042401042443
10.581516694259388
1.4054172857168286
2.4197464464282246
1.4539255561218425
3.5833959276225138
4.1921282833382731
1.9940231464768698
1.7927204211466279
1.8097340805426774
2.1841674696579152
2.1841674696579152
4.6982991265118699
3.1906499950658174
7.5545672679248588
10.163198727265707
4.1626136481477296
3.7715331025117571
5.5570408592184775
12.089651914492547
7.907901248696839
1.4967177494096939
2.583518510047571
7.2373761170944295
4.1355929831280527
10.561989651060244
12.61602740606352
2.7007431356497595
5.3852224216834159
2.2809232861831865
2.9108326118295893
2.1250840062064449
9.0054335785462793
9.0054335785462793
3.4918138579677738
2.2194840337435857
3.1670415235104543
5.2907157175840824
8.1392960583130449
7.6917793000999328
7.4869424638207045
7.3001636934422098
11.896175249903667
8.6605128450021986
7.292738793051619
9.2229055998428926
11.851160504061829
7.8423854759943632
2.4253549860492631
2.8297982903819827
3.3445603447472467
2.2838736410725189
2.8904198475918719
3.8434302194406027
9.2624152378657438
11.851160504061829
1.5912096734313734
4.1921282833382731
4.3816706798210694
6.8332591207411406
8.8732607707582947
9.6412465758170445
7.5333374310257373
7.3956883831087881
1.4761449249361949
4.4035950693026829
4.659725181511118
5.847130406135201
5.0248757773692798
6.0030534890746248
4.586687690751754
2.8938384740550069
3.3942865875351003
5.3793611573169295
3.3264504759990077
3.8696186148446912
2.5371083022519612
4.867005201302975
2.4251618237378829
4.0524331606226438
2.4348944848531433
3.2752537741935148
4.4034187859963136
2.6316391018923251
1.5863900317114419
3.5862457035135571
1.9940231464768698
2.6571723116742412
1.770881699754149
3.0907834005798667
5.2234380743775057
5.1150133785330327
2.5135046699686461
5.2234380743775057
3.7407981962930892
3.2756889956169473
5.5491565168896813
3.411650867640788
3.3724131893965894
4.4508511399699389
5.1454765329077938
3.8871211674184085
3.411650867640788
5.1454765329077938
2.7554792158045571
3.6139871712753986
2.5968687273814544
4.2271741781107242
3.5738055006610003
4.4211796585266194
2.9605723815718359
3.4587827091255572
2.7411640079240938
4.9457356089375804
4.4040949698609495
2.9608526246984375
4.8503471659045951
4.9211641202875294
4.9211641202875294
2.9490234036451488
4.2735369201030915
2.8627295100577412
2.8627295100577412
2.8690310601601912
2.8690310601601912
4.98955344996837
2.8690310601601912
2.8690310601601912
4.1030278255674171
4.2515231924142958
4.6155553042302051
3.6012503643246938
4.6155553042302051
4.7556688255592352
3.3817118313478161
1.7927204211466279
4.382788737323005
4.7556688255592352
3.5241762544212309
4.7556688255592352
4.6452099370912086
3.3091511999576846
3.5664135215822879
1.8097340805426774
5.1016586918770042
4.6777072840895233
2.1841674696579152
4.6777072840895233
3.8003339109849161
3.9244206304451694
2.8305777665663161
4.7118509845284446
3.1670415235104543
4.6777072840895233
2.1841674696579152
4.6777072840895233
3.9244206304451694
4.6625598105462709
4.3825779170863246
3.280493392218752
3.5799774914604443
4.5997457426198114
3.280493392218752
4.6625598105462709
4.6625598105462709
3.1656940903364901
4.9457356089375804
2.2993333238937863
3.8434302194406027
2.8047917188193119
3.6236119074093227
2.1966435514793852
3.6169680572002871
3.5096856874792848
4.4438226596803876
4.4438226596803876
4.382788737323005
2.6571723116742412
2.8744599040508945
2.8744599040508945
4.2727521031977114
4.0787208116388243
4.2099380352712519
4.6338894430587327
3.9148086682680532
4.0007592701691124
3.5217864581335983
4.13197649380154
4.1947905617279995
4.4576949363137155
2.8802231694101437
4.7738824089676868
7.7776655107025974
8.1310894820039277
2.0867632290432732
2.9419760189111508
4.4423134377366917
2.6880608637023897
6.0907194104301894
8.329789177845619
2.3459638156900544
6.9717386062254469
13.004860565686279
3.6751965513583085
3.3122441456272447
8.2618677772350679
12.624840795596215
9.4624444894569955
6.8694710605811826
12.167193947597479
6.4382831793856514
2.3980525286103682
6.9786842838791818
2.2979375589758932
7.6714951458676506
6.4382908037404327
11.970283503577212
5.7661026218435332
2.042974606983913
3.7399535941338922
2.3161881471498398
12.768702810720454
12.362476288161892
2.1694772128285109
13.565323011636675
12.259498708377006
2.2785336742677367
3.827230922550767
3.7590964055653102
2.9654577037015004
5.1931519932996313
7.9713975199562883
11.970283503577212
7.5298343652292861
2.0834105494976258
2.5406289329924325
12.489027696547586
5.1363490744690887
11.396895548599353
3.4284586191101614
11.651921928404734
9.6485680802784266
2.3143992875214208
2.7713021315962334
12.511535106649974
2.1353749215347961
12.599450559110903
2.3706150515621065
2.5081342025124727
3.9323718184691723
11.146511971789041
8.8703572477727626
4.4226930485367539
2.3799896656095827
10.79358657758938
3.0693304722476267
3.8963445966825336
2.3299898314636374
2.9116973384182585
2.7049323475443723
5.3584529300033994
2.8416790464450528
12.271548449802621
13.423370371948563
12.481907632386333
12.698694336484218
9.9790921040299292
10.074219443637745
2.6316690948246007
12.553502693714758
2.5670532151455845
2.7151767995657243
12.350604411584824
12.338080024829635
2.4015903029691614
2.3777471132124846
6.7993857026473918
7.0871177681880582
3.0693304722476267
2.4015264717355085
2.1922441494259481
3.0693304722476267
3.5601665419865727
11.639136409709758
5.2647481001635583
5.3913257433693884
6.0072399502461442
3.6577644901768576
10.813051946840524
10.849394900216343
4.0556220901011786
13.305674463634723
4.7371347251216349
12.132358424535051
11.988255388094537
3.4147507778403328
3.460413025647973
9.8612477483923797
7.6096787864843778
3.4963596781601791
10.557806278307899
3.5407784812397707
9.8508172162796974
11.766716923748406
13.484500912296713
3.7277155927051506
3.8696350744021295
4.2622166943351925
12.60732825825081
12.064109378070553
13.129275371691778
12.30157136882799
13.333992239679148
13.382368911004892
7.6224166614674909
13.246297410398581
13.131608871096907
7.7494298434052693
10.915541519749793
9.644723622606465
4.7221357777904274
5.3911638620366418
13.74189527783871
3.4750221317824415
5.7583334406921018
10.994237460192545
3.6396701687965978
7.7959472586062128
11.752755372306432
4.269497373701995
6.3148996549534724
4.3840381327994233
4.2695416140061493
3.7199202364969453
4.1678796055544423
4.3568262738339545
9.1975922218222177
10.057488854422228
13.197764120449772
12.597252367076631
13.129462547167225
13.129462547167225
3.3544558224596255
3.4457562861524909
4.2299618229259828
9.7914240127371599
3.5402482101741692
3.4251834616789911
3.5354285684542384
3.7199202364969453
6.5147525319556152
5.4402126331619014
10.680167869566235
5.2155187807176144
9.7256028900200864
6.2915263964133841
3.0600032247483431
3.1535927292818702
3.3075302454843745
3.0730185300874031
5.1446595633687648
8.2202077358107886
4.1446136828263382
3.426848665802313
3.0120877497111587
9.6492134357885604
4.102177358415025
4.7738824089676868
3.5601665419865727
13.231933748517456
7.070420835994975
9.7540179848111777
8.2821610212789114
13.022766430939512
13.002872900490273
5.1108536385982424
5.1246781682825917
10.246675365016396
8.5818488656327006
10.837044758453983
5.5852993021799922
8.5467396180078818
7.0523488032508093
5.5689648574255814
7.1686130415576637
11.639136409709758
11.819813959184399
11.623212343435847
7.918745697158867
3.9567693410646037
11.535474190128086
4.8096080650841611
11.839849014205898
6.2349830962272605
11.697376136454267
3.7265637502429483
3.7210928826994141
6.0899990522394356
3.2046894691904657
3.204360323114249
6.7141515199039317
11.118187062667266
6.2470267562160071
4.6735249212204746
4.6735249212204746
2.0295228010601734
2.3054472291034531
2.1166636690899683
12.214667861066344
2.2474082764054217
7.8741304843477096
2.7311795410824034
4.991714196913061
6.0504248736982884
12.873927707602743
4.3743935227920598
6.5357262274945498
2.3986412604589047
6.6984876022569884
12.006092182242437
9.0945779490875456
11.819813959184399
6.294090552431884
6.3516062608995663
3.0522696003072327
2.9385492373541418
3.5888230619510644
2.8820821970909063
3.1857003039510747
3.3230797961507124
3.8282838775248642
3.5888230621497823
11.375345182150486
6.5147525319556152
4.7075334600013203
6.4762961180285252
7.1024929687584182
5.1639350886428401
7.0535327292526047
5.3741183212793819
7.149387073990364
4.6627577974766599
13.169637939523444
4.5897951641782901
9.4588503761843441
6.7569251821683407
4.6279486914085695
9.0749457522218187
6.1794431013535336
7.7776655107025974
10.151731985845002
8.6629912557542976
8.7426465261526616
9.5337563806767118
7.8166187375942222
10.368899811378489
8.3947157202277847
8.9868421714327091
7.8778811182404604
9.6089413070760585
8.1871332401141608
11.623212343435847
5.4589565834408385
4.621368997600821
12.280416947526964
7.49625776704735
5.1541631225537401
13.201788052719762
4.5213217128410665
12.636711887895098
4.8743798504875882
4.6430912806287479
12.485068312643905
8.1310894820039277
6.3077286493773448
12.751671229129084
13.041741181205541
6.2057219811493063
6.0079443875226533
5.9007185444116521
13.77822435384892
7.6660335852900099
5.7363181453704044
13.77822435384892
6.4660051282677582
5.3447921351175047
6.7047141194150974
13.471744523081174
3.3770669384114171
3.3041998730796562
10.077124342616496
3.2019024682675217
4.9920910376190468
8.4289313873093423
6.2464765891856562
3.5498865697815005
2.9057560296342881
2.9365528453301515
2.9169189586376927
2.9897384811816119
2.0867632290432732
7.3738484513727292
3.8300135246929106
5.2647481001635583
4.8598711485723856
7.918745697158867
6.3077286493773448
10.896338323667853
8.6508123980591503
9.1452917323181868
3.9567693410646037
5.4589565834408385
11.535474190128086
2.9419760189111508
6.4696889178816255
3.7515130581546119
3.6797679525510989
3.7588116178618507
2.5665193549538383
2.1224583199517122
4.4423134377366917
8.6107654550169155
2.6880608637023897
6.7743512062646163
8.1579998888797363
11.082556377049681
6.4539882271025411
9.5066591584424902
12.264142461052856
4.297388630838614
8.524517813863028
4.2257396494418957
4.7202315560337871
4.6467473361885325
4.1785693386573808
7.1724766111203024
4.7045177525473534
2.0295228010601734
3.2846963137457719
3.5082841620438452
2.4009607217341733
2.1787324430059209
1.8621867710650983
5.3913257433693884
5.5352842402563533
4.7075334600013203
6.5803347368988634
4.3533826464546665
5.9857711694449121
13.100208457308062
6.0072399502461442
5.0380921132287408
10.235642075814951
9.5846124187291775
9.5772806470872336
9.5830188230143634
6.9040602024167157
6.0846315198708494
4.9078468755686
4.0872092626231993
6.3524573227391103
7.0640519152758285
5.3606894043835842
5.3214517261393866
5.3606894043835842
5.5228440374037966
6.0520663623102129
13.501841592725752
6.6937187818535913
6.3112792895533625
6.6937187818535913
6.8943470921337644
6.7368812984896556
13.100404813337269
7.9853086294161759
10.151731985845002
9.1219288094237605
6.0907194104301894
3.6577644901768576
10.116861888986861
3.7306617537236426
3.4313931278647054
7.3283996940597262
5.8186571515874874
5.0058342623770313
4.2818647320649941
6.4383253908945814
6.0014716973654396
6.704707362302031
8.329789177845619
3.7796000748201934
3.8918773986337132
3.7441286730120416
13.231933748517456
8.851799611183754
10.547396133341216
6.1655246474037702
5.9780412815418549
2.3459638156900544
5.9330250748552382
10.558358400971107
9.9462562198757976
6.5820405689233485
7.1406106369745075
11.787632290320012
7.070420835994975
4.6266815684411409
10.478059181131506
11.401684348396804
5.0437401266519775
4.3816782208787206
7.0824921636015512
5.0437401266519775
5.0615339693862635
4.9047847598242731
9.241916214647599
12.006092182242437
10.750658576935322
11.887462891486035
7.4638101785752973
11.928130640772725
10.671937964821472
4.9082292809409331
9.8626511597875197
10.813051946840524
10.738337663035713
12.789172735400395
5.4402126331619014
4.6727073703197908
3.0914656155173832
3.8384068007546532
11.110744433043781
4.5359168326042907
6.4762961180285252
6.5803347368988634
13.100208457308062
3.0575892358488601
9.9244790328905381
6.8363175997255485
13.158925985743574
9.0220515685459706
3.1870821308436876
2.6951279255036642
3.1102898368787395
7.2324694147329174
3.9144189604418016
8.9101844968542423
13.501841592725752
10.253211493865651
11.574951245042307
12.751671229129084
4.3533826464546665
3.0575892358488601
4.9452866083311742
6.6984876022569884
6.294090552431884
12.264142461052856
4.1320879255907252
5.7279835954926819
5.5181488417885651
4.376106746423547
6.2429852876102157
4.1699075064124589
6.0122403469638783
3.6793362521469883
11.770331940034826
4.545493271455725
7.0832096809471894
4.1020698959747257
5.2242923109363106
3.8644653286390187
3.9967100824451975
4.4119687804506507
4.4708277580842344
6.4095779952988323
4.5305936044548165
2.8338951038010736
5.0769857479566198
6.62674582083232
10.680167869566235
10.111327854804509
11.842026099390578
11.0421195088588
12.863669138409268
10.558358400971107
10.636093638596734
6.9717386062254469
10.849394900216343
5.8653912172049418
6.044899211845804
5.9042636882148987
6.704707362302031
10.861249974651058
10.088334595055841
10.799255480935912
11.87315885377123
9.6408178368427286
10.267458140025891
10.980550143613156
4.0556220901011786
3.8644653286390187
4.6194072317933621
5.6026969062743195
3.8363004912914471
5.6174843560462344
6.2626249155316573
6.2538657325960898
4.0741225429492411
4.7796163033091128
10.896338323667853
9.2340328896951718
11.287565316496613
13.305674463634723
4.9078468755686
4.4791677160165939
10.489217563628111
5.2888831342743527
4.5656266282324562
4.832416315005946
4.6173547607261796
6.3998896767127356
7.0945150696505905
6.3702181952694161
4.9098911614412337
4.8980619403879455
5.5502889010674901
9.7540179848111777
9.7904377057533072
10.402293086762876
4.7371347251216349
5.4248220161666261
12.132358424535051
8.2821610212789114
8.851799611183754
4.6266815684411409
4.6292891531793847
5.1282458094848682
10.67834578561088
4.9255861528991032
4.8111049542795907
5.2155187807176144
5.2640967326803816
6.5487842793626081
4.4044922934434325
11.988255388094537
10.840157659218535
4.5654614123954946
3.9879445962270901
6.7123214980350614
3.9967100824451975
4.6194072317933621
8.5821081393545615
4.0537735423751666
5.2718354751582126
4.1223924886221388
3.5143463909849233
8.9203570588326038
12.256693605527222
13.004860565686279
5.11810288911719
4.1049638640858435
8.8357353878097431
6.6549076205079984
4.8782099948959754
11.87315885377123
9.6710734892897996
9.8565594219129
9.6392383753381345
10.471978594938072
9.577987199295011
9.7594274773934941
9.4359810005634994
3.4147507778403328
5.3189667057398076
7.1724766111203024
4.4119687804506507
5.6026969062743195
9.7256028900200864
7.1024929687584182
10.111327854804509
10.799255480935912
10.414139565714434
9.7007652022716577
11.345323635498568
10.996214433599034
10.969137063096136
9.426388484549344
9.7405306601740076
8.9178865226689261
3.4577616758920531
3.0793100630528039
3.3245937191214363
4.2825338236000414
3.460413025647973
5.7479896896860581
5.4390304207880229
3.7687079587360381
3.6751965513583085
8.9154341419757088
4.1320879255907252
4.9405064017595723
3.3041998730796562
4.0394664114494727
3.3692886982167507
4.9151471759392349
5.3742698659103425
10.077124342616496
3.4860049293661679
4.0650975387810266
3.9623918979063411
3.5056344752810071
4.8310525324975169
3.5913827949974069
3.8204634983104468
3.6052917290965922
11.063780892427186
6.1831572804563235
3.6101378760002945
4.7142589938771806
5.7279835954926819
8.7673031486210178
5.5105041865340025
4.297388630838614
5.1358561721301159
6.3531335066037453
11.467435345737385
4.8096080650841611
7.4063612355294381
13.041741181205541
6.6843851567375605
7.7566093031917251
6.6514516801393153
6.5655010782382561
4.8153823458475058
6.8330666972670473
5.8763033417237303
7.0506972286198009
3.3122441456272447
2.6165699669838971
5.0058342623770313
5.5105041865340025
3.9713955549113327
3.9099482099157998
6.8160437380457717
5.0398219373226629
10.954472115289075
4.1600873444711661
5.4821708389166055
5.2752325445114012
9.8612477483923797
5.4248220161666261
5.2066883163460167
4.1338536899382268
8.2618677772350679
9.1062492607884735
12.084053723712149
4.3763554257442774
3.4308013220404519
12.624840795596215
2.3054472291034531
2.6977147907899144
3.3299441585573031
9.4624444894569955
3.6987972607613062
3.7032730699848853
6.2915263964133841
5.2640967326803816
5.4008590286430502
5.6741198684425624
9.3852678952155717
6.3307092165638661
6.62674582083232
4.8782430088162343
6.9108381358794935
9.8315869164578444
9.6088423703897039
3.4577616758920531
4.9206620211723093
3.2536813852643984
4.9285195276109883
6.2057219811493063
6.5919662505399623
3.6051419417443111
4.8753785861724017
5.9549221503808552
5.2247275323597435
4.6292891531793847
4.5935845922672192
7.0263615611329175
5.0964764919417318
7.11140298746668
6.8694710605811826
6.0229449435321429
8.9549218692120931
9.1015470918256796
5.426463736090013
3.7224064145526015
5.1384316579375993
3.6813108255512521
12.167193947597479
7.6096787864843778
10.954472115289075
5.1129791859094791
6.4382831793856514
5.8653912172049418
9.9244790328905381
2.1166636690899683
3.3770669384114171
2.5162206277579822
5.912213794689297
8.524517813863028
5.5181488417885651
3.2019024682675217
3.4860049293661679
5.5961175351270818
4.1566823531085362
3.5645763895901093
6.4886551383544084
6.8698049810471602
2.3980525286103682
3.7104752296254087
6.6608895212712413
4.9920910376190468
8.4978228161054048
3.4963596781601791
4.3687849831710208
12.591151872476214
4.6727073703197908
5.9306912239191396
10.750658576935322
4.9513948286532257
10.557806278307899
3.8363004912914471
4.4791677160165939
3.6051419417443111
9.494203896696078
3.6875383651633573
4.0237962385848212
5.6943945447649664
3.2058165626583452
3.3313547419441871
10.363111751253413
4.2863082487796094
5.1778129888973581
5.5359363176097975
3.8934474317498156
6.2225754568458882
4.6074317466724066
4.6074317466724066
6.0079443875226533
6.5919662505399623
6.0792860093530781
7.7636547170590591
6.9786842838791818
3.8639828867008146
5.7860964837778184
5.0380921132287408
10.720275449266527
12.490578229936357
3.240394651739789
10.110004000854374
13.498115574255888
3.5407784812397707
4.5935845922672192
13.76555823232029
7.3274321124248614
13.70696553137423
2.2979375589758932
6.5820405689233485
6.8363175997255485
2.5173527643834746
9.4221148209378445
8.6650795714324058
2.3314375162311753
2.2126818099310004
1.9861082707789364
11.877469324866038
2.0584851242002564
3.6429614786420355
2.2173182593434428
8.5821081393545615
9.4933110009762132
11.123322500746719
9.4895170921146157
2.5173527643834746
2.8112323440811471
2.932322334591202
2.4600982461058591
7.6714951458676506
5.9007185444116521
6.4696889178816255
5.6884341202332269
4.3549686624738912
5.1780401656047523
13.691281552833788
4.1779804759542394
4.5458944372276475
11.842026099390578
10.414139565714434
13.77822435384892
6.4382908037404327
6.044899211845804
13.022766430939512
4.2257396494418957
4.6223307080420044
5.5630257080181948
6.2005617291570925
10.511182850573148
3.6171012328103069
5.9528334153667544
9.8508172162796974
11.994615117951929
9.9158919540821753
4.0872092626231993
10.489217563628111
3.9713955549113327
9.494203896696078
4.143909857256455
3.936079056860319
6.3219281352430237
4.5806776386351213
7.1724766111203024
4.4625432067114419
5.529016028203241
6.6937187818535913
8.6629912557542976
9.5528099467659295
10.253211493865651
11.674371496637278
6.1758106811165039
9.4982729631023428
11.766716923748406
8.9203570588326038
12.473861431060708
11.970283503577212
3.0522696003072327
3.0790189658216742
3.5021936279297288
5.2195694821896454
4.0650975387810266
4.3763554257442774
4.3363041253652712
7.8550378687863169
11.839849014205898
5.4008590286430502
5.4619025839582935
5.7493724477277119
10.738337663035713
10.614173440235838
8.7426465261526616
9.8315869164578444
8.9549218692120931
10.393605670685485
8.738620614588438
8.7822976574839373
10.720275449266527
3.4881570084647291
3.6101378760002945
4.7707364093507483
3.0578344020759505
3.9455724334304696
6.6549076205079984
4.7540554415947742
4.8767270236157438
6.6115983472890667
6.6115983472890667
4.8976377329588408
5.82651517252443
6.6473376632546666
6.6115983472890667
6.2349830962272605
6.3112792895533625
6.8991058680945319
7.7000686393064459
8.2182809691471643
9.4933110009762132
9.7778672769087169
5.5546729618038047
11.825906684725938
9.6710734892897996
9.8350391382704103
12.736371462625787
4.4708277580842344
5.6174843560462344
5.2718354751582126
3.6146630464220433
3.9623918979063411
3.4308013220404519
4.3363041253652712
3.2788590548380445
7.562284318468862
3.5126498643965567
10.155658140890344
2.7434766633209082
9.4103470067999471
4.5937160616773749
6.6937187818535913
10.29597092006254
11.842246245348969
13.484500912296713
5.7479896896860581
5.2066883163460167
5.7661026218435332
4.1223924886221388
3.6987972607613062
6.6514516801393153
5.9951622871951598
6.1277603655794284
2.042974606983913
3.7515130581546119
2.9385492373541418
2.9899425826675889
3.7399535941338922
3.8639828867008146
4.2099380352712519
4.0396605925694473
5.7821496105700758
6.6807420819322427
6.6806598158078172
3.7277155927051506
3.0790189658216742
3.328821200709791
5.0064810690807002
4.1500338175008711
3.4142694090590058
5.6884341202332269
3.6875383651633573
5.0795180357099694
6.5645938409730009
6.5645938409730009
11.0421195088588
9.7007652022716577
12.219090521365338
8.4289313873093423
5.5961175351270818
4.2099380352712519
3.6587205013468123
4.7202315560337871
4.376106746423547
8.7673031486210178
4.4884338900835807
5.689836733035885
7.0945150696505905
5.1639350886428401
10.183487825447848
11.173833075567348
5.9152496566894834
10.478059181131506
5.1282458094848682
10.496309905933279
7.0535327292526047
10.183487825447848
10.677627095743645
2.8112323440811471
2.7508742452524633
6.7743512062646163
7.253028443259522
3.6797679525510989
13.158925985743574
2.3161881471498398
4.4779638742283421
13.78580638899269
5.3741183212793819
11.173833075567348
11.930452265579834
11.674371496637278
8.5701259370234961
4.4013426271432285
2.8092029481713205
4.8083416626915989
12.768702810720454
3.8696350744021295
6.2464765891856562
13.002872900490273
3.2846963137457719
11.697376136454267
5.1108536385982424
10.267458140025891
12.591151872476214
11.873958187262046
3.5498865697815005
3.5056344752810071
12.362476288161892
5.1246781682825917
11.930452265579834
6.9242086279711055
10.689866217320327
10.611854548461274
4.2622166943351925
5.11810288911719
13.78580638899269
4.8503473970482762
4.3102899914059947
4.5218098330046193
2.1694772128285109
4.3549686624738912
4.2023764035551032
7.6660335852900099
5.1780401656047523
3.0600032247483431
3.0914656155173832
3.5082841620438452
2.6704237577690328
12.60732825825081
6.4095779952988323
5.0304037212008161
13.35177803841964
10.636093638596734
10.18047936744226
10.246675365016396
9.7904377057533072
4.0237962385848212
5.8585381777357464
12.064109378070553
8.9217637179077229
5.3189667057398076
5.7821496105700758
6.6807420819322427
6.6356829047680295
10.393605670685485
11.887462891486035
5.569310471097447
12.207479459653259
3.1535927292818702
3.8384068007546532
13.129275371691778
4.9206620211723093
5.0844426105504121
11.286946363149506
13.565323011636675
9.5337563806767118
4.1566823531085362
12.259498708377006
8.1579998888797363
7.1406106369745075
9.4221148209378445
7.253028443259522
13.184585416961767
12.30157136882799
12.968895093715972
13.333992239679148
2.2785336742677367
3.7032730699848853
9.5363963886193979
10.82229930750109
5.2888831342743527
9.7640074321146173
11.59028511255984
4.8310525324975169
3.2788590548380445
11.337649468754886
3.7265637502429483
3.8161170291787712
10.235642075814951
12.675231954661294
3.827230922550767
8.0598489939699718
7.149387073990364
4.6627577974766599
10.29597092006254
8.8964957030628042
3.7210928826994141
4.621368997600821
7.4063612355294381
4.5656266282324562
5.6943945447649664
8.5818488656327006
11.873958187262046
5.2314169052624671
5.3172091774576113
3.7590964055653102
2.9654577037015004
6.2864527356001325
12.490578229936357
10.103962268026246
13.382368911004892
3.7441286730120416
4.4044922934434325
3.0793100630528039
4.1338536899382268
3.2536813852643984
5.0844426105504121
3.0999110976935058
3.5506588632405491
3.0582720223422264
9.3193302932863897
8.9138371077765477
3.248780037405623
5.3307503680906123
5.515452058325085
4.8422666953394549
6.62674582083232
3.6320029481210909
6.3928611964231843
3.8093434988951245
3.8093434988951245
12.280416947526964
8.6508123980591503
9.2340328896951718
9.1015470918256796
8.738620614588438
10.258440922910461
8.5355252071321015
3.7876329809243781
4.5654614123954946
3.425676875110661
3.8849255657889219
5.2325081870511561
5.1612860945181884
5.7363181453704044
6.6843851567375605
9.0945779490875456
5.0615339693862635
7.4638101785752973
11.063780892427186
9.1062492607884735
6.1758106811165039
8.5701259370234961
5.0255763699754894
4.4705439351191156
4.3653434742499515
9.1166446205405691
8.3479731847203791
5.1931519932996313
10.057053645499641
5.2314169052624671
3.6221943386905417
4.8254813251357005
2.6998134542889458
5.2314169052624671
4.3763227268710416
4.7788368271247794
7.9713975199562883
7.8166187375942222
9.5528099467659295
9.8478748803975016
9.8478748803975016
9.4407554397733868
11.970283503577212
7.6224166614674909
13.76555823232029
11.928130640772725
10.477419370662664
4.5305936044548165
6.2626249155316573
3.5888230619510644
3.7306617537236426
4.2170628859598036
3.5746592226680129
4.0896153489938438
11.340238146407907
13.246297410398581
7.5298343652292861
2.932322334591202
2.7508742452524633
3.0736383927569739
7.8954083507373181
3.6169017834902211
3.3075302454843745
11.110744433043781
10.368899811378489
9.1219288094237605
2.8338951038010736
4.8753785861724017
3.2058165626583452
5.0795180357099694
5.0304037212008161
5.8585381777357464
5.2287329580180471
5.675911222261421
7.498195053632478
3.138581744126034
6.704707362302031
5.0304037212008161
5.0304037212008161
4.5387118202624288
7.3274321124248614
13.77822435384892
6.8943470921337644
6.8991058680945319
6.8315741233861722
7.5778141624240236
5.2287329580180471
4.8977998647181957
2.8457474880887754
10.671937964821472
8.5988724273518393
10.258440922910461
10.368899811378489
5.9857711694449121
4.9452866083311742
10.861249974651058
9.8565594219129
9.2492022301850074
2.0834105494976258
8.0598489939699718
4.8742793748148081
10.547396133341216
9.6392383753381345
9.6088423703897039
9.8350391382704103
10.689866217320327
9.5363963886193979
9.7640074321146173
9.6342435177372217
9.7181711479620549
9.4823759677685331
3.0730185300874031
10.116861888986861
3.240394651739789
3.4881570084647291
10.103962268026246
13.690510244509078
2.5406289329924325
8.9154341419757088
3.0736383927569739
3.111244528321099
4.0817794624225012
12.489027696547586
12.214667861066344
2.5665193549538383
3.6171012328103069
2.2606220131653956
13.720514679478422
3.1201138729937572
13.668720586047806
2.9872039630725356
4.9082292809409331
11.574951245042307
12.084053723712149
4.9513948286532257
9.4982729631023428
5.569310471097447
5.0255763699754894
8.5988724273518393
5.1022306184500028
8.9226664594370142
8.0354035308270433
10.950199458901304
8.3947157202277847
9.1452917323181868
9.5066591584424902
9.1219288094237605
8.5355252071321015
9.1219288094237605
10.368899811378489
9.5066591584424902
9.0813359645159739
4.2170628859598036
7.2404932058540394
13.169637939523444
7.562284318468862
4.7143323855430763
5.1363490744690887
3.7796000748201934
2.5864276758948841
3.5175413807186953
2.4994681873133668
2.4701675030009569
4.5897951641782901
8.586524769134785
8.9203570588326038
8.9203570588326038
5.5546729618038047
5.771350289961072
3.6458460426878401
5.7125549554726573
5.4794644688322256
8.7887350849915293
4.9237260867947752
9.4588503761843441
9.0220515685459706
9.9011305625602173
12.207479459653259
12.967008792898964
3.1870821308436876
2.5024308746795261
11.396895548599353
8.6650795714324058
1.9452424945991242
6.893752526863862
1.911514977682458
6.5487842793626081
5.6741198684425624
3.4284586191101614
7.3738484513727292
11.651921928404734
4.8503473970482762
3.7928365481556021
4.4705439351191156
5.1022306184500028
5.771350289961072
6.3302957764422771
6.0899990522394356
6.1655246474037702
9.6485680802784266
2.5878512426970763
2.5173301042918363
3.0999110976935058
4.2631958508625685
3.414765469093032
3.5735311972633896
13.131608871096907
10.841379911595656
7.7494298434052693
12.968895093715972
2.3143992875214208
4.1325457137312869
3.2046894691904657
3.3313547419441871
13.35177803841964
2.7713021315962334
3.9760534108621162
4.9285195276109883
10.915541519749793
9.5846124187291775
11.810208139689653
9.644723622606465
6.2429852876102157
4.1771136815688017
5.1129791859094791
3.328821200709791
3.425676875110661
3.5811261306938968
12.511535106649974
3.7588116178618507
6.7387545572976189
3.5126498643965567
4.5387118202624288
3.751302092616434
5.1446595633687648
4.5359168326042907
8.8357353878097431
5.912213794689297
5.9306912239191396
5.9152496566894834
3.6458460426878401
4.4389906373115107
4.4264868214111868
6.6550702492738898
2.9567927827978013
11.345323635498568
9.3729528603830659
7.8954083507373181
3.111244528321099
12.819851297378479
4.7221357777904274
4.3102899914059947
4.6467473361885325
4.1699075064124589
10.837044758453983
2.2474082764054217
2.1224583199517122
2.6977147907899144
2.5162206277579822
2.2606220131653956
2.8820821970909063
4.3766070003658415
3.49900427451374
4.4279072079356769
2.9015548329602683
6.5942484738340044
2.1353749215347961
3.8918773986337132
12.599450559110903
5.3911638620366418
11.401684348396804
10.496309905933279
9.5066591584424902
13.74189527783871
5.7125549554726573
4.4389906373115107
3.4750221317824415
3.9879445962270901
5.3172091774576113
3.8849255657889219
5.3172091774576113
4.5325570467903669
2.3706150515621065
4.1600873444711661
4.8742793748148081
3.3390664286487808
4.2799744718951436
10.094418778497397
4.7714783871696289
6.0122403469638783
4.04186155094194
2.5081342025124727
4.1325457137312869
3.3390664286487808
8.1294163493492988
4.2440817357101741
8.9226664594370142
10.839406265854958
3.1857003039510747
4.3766070003658415
5.0064810690807002
3.9323718184691723
10.057053645499641
8.1294163493492988
2.4009607217341733
1.8917425330325897
2.3314375162311753
3.950280851500291
3.6203012413590701
5.5852993021799922
9.6811018220219331
11.146511971789041
5.4821708389166055
6.5942484738340044
5.7001008941148514
8.9868421714327091
8.8703572477727626
7.8778811182404604
13.720514679478422
6.7368812984896556
6.8315741233861722
3.204360323114249
7.49625776704735
3.6793362521469883
4.0537735423751666
11.467435345737385
3.7224064145526015
11.123322500746719
4.1771136815688017
4.04186155094194
6.7382533307976207
12.141251002558855
4.4740147735968003
4.5202946101419323
3.8742642876811608
3.9513617653232695
6.9882074485070511
5.5441068045723823
2.6951279255036642
2.5024308746795261
2.0658247758098018
3.5913827949974069
3.5645763895901093
4.5263029267222015
10.155658140890344
2.9057560296342881
4.0394664114494727
4.0396605925694473
3.6587205013468123
6.7569251821683407
3.1102898368787395
5.4408523947105696
3.5506588632405491
4.2631958508625685
4.3816782208787206
4.9047847598242731
6.1831572804563235
5.7860964837778184
12.473861431060708
4.3653434742499515
5.4794644688322256
6.3302957764422771
4.4264868214111868
8.9564468051493478
5.7860964837778184
5.1658018102623418
8.2202077358107886
4.6279486914085695
5.7583334406921018
10.18047936744226
3.4461321821845274
4.8782099948959754
4.9151471759392349
4.8153823458475058
5.2752325445114012
4.8782430088162343
4.7540554415947742
4.8976377329588408
4.2799744718951436
5.7001008941148514
4.9409308299150689
4.6689106553252344
5.1396885318086136
4.4226930485367539
8.9336380897406791
7.2324694147329174
9.9011305625602173
8.9564468051493478
3.49900427451374
5.2015975804450116
13.690510244509078
11.787632290320012
10.994237460192545
9.5772806470872336
10.840157659218535
10.614173440235838
12.207479459653259
12.675231954661294
12.207479459653259
10.841379911595656
11.921813091924349
12.207479459653259
9.8785098921314507
10.841140446097631
8.7887350849915293
10.996214433599034
5.9330250748552382
6.7387545572976189
9.8626511597875197
10.477419370662664
8.0354035308270433
10.839406265854958
5.1541631225537401
6.7382533307976207
13.100404813337269
2.3799896656095827
2.5864276758948841
3.5511920962914987
9.5830188230143634
12.819851297378479
11.921813091924349
12.51102818780304
6.3516062608995663
5.1384316579375993
9.4895170921146157
9.7778672769087169
12.141251002558855
6.7296791463484791
12.944077798789271
6.5655010782382561
9.3852678952155717
5.4619025839582935
5.9951622871951598
13.691281552833788
4.1446136828263382
6.6550702492738898
13.201788052719762
3.6396701687965978
5.5324344643653101
10.471978594938072
11.045627735959581
7.7959472586062128
11.752755372306432
4.5213217128410665
4.4740147735968003
4.832416315005946
4.143909857256455
6.5487842793626081
5.9042636882148987
6.6806598158078172
6.6356829047680295
6.5942484738340044
2.7094388175251511
7.8741304843477096
5.293598881490043
3.426848665802313
3.5143463909849233
10.363111751253413
12.207479459653259
9.8478748803975016
11.770331940034826
10.67834578561088
7.0263615611329175
10.79358657758938
10.980550143613156
11.082556377049681
13.184585416961767
6.7141515199039317
6.4660051282677582
5.9780412815418549
6.0792860093530781
3.0693304722476267
3.7104752296254087
3.5511920962914987
6.7296791463484791
4.269497373701995
3.8963445966825336
3.5746592226680129
7.2404932058540394
5.658457909382653
4.3929308799985272
12.967008792898964
8.7971660051958516
10.609551381744994
2.3299898314636374
8.6107654550169155
3.6146630464220433
3.7876329809243781
7.0000456792029606
6.8330666972670473
4.9409308299150689
3.5175413807186953
2.2126818099310004
3.950280851500291
12.636711887895098
3.9144189604418016
2.5265914582395954
9.1166446205405691
2.9116973384182585
5.0293165299910383
3.3230797961507124
4.4279072079356769
6.3148996549534724
6.2538657325960898
4.1785693386573808
4.2818647320649941
4.545493271455725
4.9405064017595723
5.1358561721301159
3.9099482099157998
4.6223307080420044
3.936079056860319
4.6541105322693506
4.3742003604806792
4.38393302159594
4.9096109183146321
5.4732147911640272
7.0824921636015512
9.241916214647599
4.1779804759542394
4.2023764035551032
6.3219281352430237
4.6541105322693506
2.7049323475443723
10.094418778497397
5.9549221503808552
4.2863082487796094
12.863669138409268
12.219090521365338
5.3584529300033994
9.9462562198757976
10.402293086762876
9.6089413070760585
9.0813359645159739
6.1277603655794284
6.2864527356001325
4.9255861528991032
5.0964764919417318
9.6811018220219331
6.4383253908945814
2.8416790464450528
3.6169017834902211
3.9760534108621162
5.3447921351175047
6.7123214980350614
4.5458944372276475
10.511182850573148
5.1778129888973581
6.9040602024167157
11.287565316496613
11.810208139689653
9.8785098921314507
3.0120877497111587
3.3692886982167507
2.9567927827978013
1.9861082707789364
1.9452424945991242
3.6203012413590701
4.2696072987423461
3.6221300543862314
2.7311795410824034
7.0832096809471894
4.5202946101419323
10.969137063096136
5.7860964837778184
11.118187062667266
2.9365528453301515
3.0246096538615546
4.6173547607261796
5.5359363176097975
5.2325081870511561
5.3172091774576113
3.8282838775248642
3.5021936279297288
12.271548449802621
13.708472447271607
3.0582720223422264
3.5336885739727437
4.322643484545476
13.423370371948563
2.4994681873133668
3.4461321821845274
2.4246300783629153
8.5467396180078818
6.9242086279711055
8.7971660051958516
9.2417773297944148
11.211453774608541
3.8204634983104468
6.4886551383544084
12.481907632386333
4.991714196913061
5.3742698659103425
5.8763033417237303
6.9108381358794935
5.426463736090013
4.8767270236157438
5.82651517252443
4.3763227268710416
4.6689106553252344
4.2329121778153151
4.8428770107978032
6.3316164538291204
3.8742642876811608
3.9274682846071873
9.3193302932863897
12.789172735400395
9.9744217446583381
3.6813108255512521
3.9513617653232695
3.9274682846071873
4.3840381327994233
4.168522570486382
6.5829279798015294
9.6492134357885604
9.426388484549344
4.2695416140061493
9.7405306601740076
11.994615117951929
9.3036347767503091
12.698694336484218
6.2470267562160071
3.8300135246929106
4.4779638742283421
3.8161170291787712
5.654143245698509
7.5929146834589121
10.611854548461274
9.6342435177372217
9.3447269198515848
5.1612860945181884
4.8743798504875882
6.9882074485070511
3.7199202364969453
7.1724766111203024
12.944077798789271
8.3479731847203791
10.950199458901304
4.6430912806287479
5.5441068045723823
4.1678796055544423
9.1864146538372253
5.4390304207880229
4.7142589938771806
4.7707364093507483
2.7434766633209082
4.7143323855430763
3.751302092616434
3.0687507546893209
6.0229449435321429
4.0896153489938438
5.654143245698509
4.3568262738339545
8.9217637179077229
12.256693605527222
11.825906684725938
4.9237260867947752
5.1658018102623418
9.9790921040299292
9.8478748803975016
3.3245937191214363
3.7687079587360381
3.0578344020759505
9.4103470067999471
8.9138371077765477
3.414765469093032
4.7714783871696289
3.5336885739727437
3.0687507546893209
4.470195633760305
3.6627565716235111
6.3928611964231843
5.2341156122708856
3.5290980024782028
2.1787324430059209
2.6704237577690328
1.8877134224925365
9.0749457522218187
12.334655146996933
8.1871332401141608
9.4407554397733868
6.0504248736982884
4.8394583843346686
4.2440817357101741
6.7047141194150974
7.7636547170590591
13.471744523081174
7.7566093031917251
7.7000686393064459
7.7254655086079183
10.110004000854374
3.4313931278647054
4.4013426271432285
11.286946363149506
11.337649468754886
3.6221943386905417
11.340238146407907
4.8977998647181957
4.5263029267222015
3.8262665990544154
4.9703886947157541
3.7828358008049188
6.0810150305443367
9.577987199295011
9.7181711479620549
11.045627735959581
10.074219443637745
2.9169189586376927
2.6165699669838971
8.4978228161054048
2.5878512426970763
3.0246096538615546
3.011034592648111
9.1975922218222177
13.70696553137423
10.057488854422228
7.11140298746668
6.3526336060454796
2.6316690948246007
7.5929146834589121
7.0523488032508093
11.171944136585688
6.1794431013535336
8.9178865226689261
9.9158919540821753
11.842246245348969
10.677627095743645
8.8964957030628042
8.586524769134785
9.3729528603830659
9.3036347767503091
12.334655146996933
7.9853086294161759
7.5778141624240236
3.3643256651568803
3.5888230621497823
8.2182809691471643
7.7254655086079183
12.553502693714758
5.9528334153667544
3.1201138729937572
4.3308226314155496
2.5670532151455845
2.5173301042918363
4.8254813251357005
11.375345182150486
2.9899425826675889
2.8092029481713205
2.6998134542889458
2.8457474880887754
2.9015548329602683
5.2015975804450116
3.8262665990544154
7.8550378687863169
4.5937160616773749
3.8934474317498156
5.675911222261421
13.197764120449772
12.485068312643905
12.597252367076631
10.841140446097631
4.1020698959747257
4.4884338900835807
5.8361597041612052
9.7594274773934941
12.736371462625787
5.5689648574255814
4.8111049542795907
2.7151767995657243
9.9744217446583381
13.668720586047806
12.350604411584824
6.893752526863862
9.8569397854396357
12.873927707602743
1.8621867710650983
2.4701675030009569
1.8917425330325897
8.9336380897406791
2.7094388175251511
2.4246300783629153
1.8877134224925365
3.3643256651568803
13.129462547167225
4.1049638640858435
4.5218098330046193
2.9872039630725356
3.7928365481556021
4.3308226314155496
13.498115574255888
13.129462547167225
12.338080024829635
3.3544558224596255
4.3687849831710208
3.248780037405623
5.5324344643653101
6.141166820081069
3.9430616832196663
3.6286011311040176
3.6111480881524316
3.9325221534530281
4.0641771575199659
6.6473376632546666
5.1396885318086136
8.9101844968542423
11.877469324866038
1.911514977682458
2.0658247758098018
2.5265914582395954
13.708472447271607
9.8569397854396357
3.4457562861524909
4.5325570467903669
9.1864146538372253
6.0846315198708494
12.51102818780304
2.0584851242002564
4.2696072987423461
2.4015903029691614
6.4539882271025411
4.2299618229259828
4.8598711485723856
4.0741225429492411
10.954472115289075
10.954472115289075
5.4408523947105696
4.168522570486382
5.1160800602532506
7.1686130415576637
10.088334595055841
9.6408178368427286
9.4359810005634994
9.2492022301850074
10.609551381744994
9.2417773297944148
11.171944136585688
13.800199040804626
9.7914240127371599
4.3743935227920598
4.7788368271247794
5.293598881490043
4.2329121778153151
4.8394583843346686
5.792468756183399
11.211453774608541
13.800199040804626
3.5402482101741692
6.141166820081069
6.3307092165638661
8.7822976574839373
10.82229930750109
11.59028511255984
9.4823759677685331
9.3447269198515848
3.4251834616789911
6.3526336060454796
2.9897384811816119
3.011034592648111
3.6052917290965922
6.8698049810471602
6.5357262274945498
4.8428770107978032
5.2314169052624671
7.3283996940597262
4.9703886947157541
5.8186571515874874
3.7828358008049188
6.8160437380457717
4.3742003604806792
6.0014716973654396
4.38393302159594
5.2242923109363106
6.3524573227391103
4.5806776386351213
3.5354285684542384
5.5352842402563533
3.9430616832196663
4.6062108484170379
3.7199202364969453
5.0398219373226629
7.1724766111203024
7.0640519152758285
4.4625432067114419
7.1724766111203024
5.689836733035885
5.2247275323597435
7.498195053632478
5.3606894043835842
5.3214517261393866
6.3998896767127356
7.0945150696505905
5.8361597041612052
5.3606894043835842
7.0945150696505905
4.7045177525473534
5.5630257080181948
2.3777471132124846
5.0293165299910383
5.5228440374037966
6.3702181952694161
4.9096109183146321
5.0769857479566198
3.138581744126034
6.0009695429712817
6.3531335066037453
4.9098911614412337
6.7993857026473918
5.658457909382653
7.0871177681880582
4.3929308799985272
4.8980619403879455
6.2225754568458882
4.6074317466724066
4.6074317466724066
3.0693304722476267
2.4015264717355085
4.0817794624225012
2.1922441494259481
7.0000456792029606
3.0693304722476267
6.0520663623102129
6.2005617291570925
6.5645938409730009
5.5502889010674901
6.5645938409730009
6.704707362302031
5.3307503680906123
3.6286011311040176
6.3318272740658017
6.704707362302031
5.4732147911640272
6.704707362302031
6.5942484738340044
2.3986412604589047
3.3299441585573031
5.515452058325085
3.6111480881524316
7.0506972286198009
4.8422666953394549
3.9325221534530281
6.62674582083232
5.7493724477277119
5.0304037212008161
4.7796163033091128
6.6608895212712413
5.1160800602532506
6.62674582083232
4.0641771575199659
6.62674582083232
5.0304037212008161
6.6115983472890667
6.3316164538291204
4.6735249212204746
5.529016028203241
6.5487842793626081
4.6735249212204746
6.6115983472890667
6.6115983472890667
3.5735311972633896
4.470195633760305
6.0009695429712817
3.6320029481210909
5.792468756183399
3.6627565716235111
4.1500338175008711
3.5811261306938968
4.102177358415025
4.2825338236000414
6.3928611964231843
6.3928611964231843
6.3318272740658017
4.6062108484170379
3.8093434988951245
3.8093434988951245
3.6429614786420355
2.4600982461058591
4.322643484545476
5.2341156122708856
6.5829279798015294
3.9455724334304696
3.5290980024782028
4.8083416626915989
6.0810150305443367
2.2173182593434428
3.6221300543862314
5.2195694821896454
3.4142694090590058
6.0766380338366082
7.1032143121326898
9.9776185329994984
1.7776013109580902
4.4820247516673968
6.1804050187422286
1.8635401025810783
8.0397579471729852
10.178903947116156
2.673670911370511
3.9223877754247116
5.3384727136483283
5.2612826823700409
10.109882392656038
11.322296793259158
8.8185095973239793
3.8591619050953625
2.6953107523733508
3.2863641236871683
8.9277228206219785
1.7424978772820112
9.5156946172360257
7.3908850511085413
7.5689851650484012
2.3757805928212772
5.688992130876688
2.7809810583886918
2.6282408872322889
2.0532577498713058
2.0651984368988177
5.5079017722672434
2.7350400528916752
4.5222053849865969
6.9653393999859512
2.3978415868655012
9.3730931326334552
2.5742108132272965
2.0086660449561604
6.9143837322426016
13.267573226240705
5.0415858290523978
2.671284319329728
11.597606617021222
2.6518763058709793
2.7590461471491849
2.7038266956789743
2.6968526504546624
1.9003221942145563
5.6285428556220101
13.016281305674633
2.1702947736454758
6.1611388667670566
2.7492661366129072
12.742625114332176
4.6013393850652902
5.8453831334253294
1.9881413706085636
4.4595289975036732
1.8227941282383333
7.1414269819903957
4.300251470531836
9.7283478430928021
12.02325798038054
4.0465484800936196
4.5160917518883803
1.8732146610590155
2.7015688850846913
1.8430819353506467
8.7484242393901877
9.036156304930854
4.6013393850652902
2.6983770115850625
2.7311529140375903
4.6013393850652902
3.527900668732292
13.588174946452554
6.571336104607342
3.7726912625555302
4.5433078621392058
4.2070760795745166
4.6083710285192883
12.530292722872462
4.5108433162436823
4.3825779170863246
3.807837929349037
5.257143330514948
4.0070153180704509
2.4401528888184867
11.521712911214534
9.2216574562391322
3.3662016577828022
12.506844815050696
3.2944571519228827
11.509381229691844
13.472252896844811
2.6931551186126788
3.8039854740821228
4.3586935506262305
3.0175080008620392
13.772164412992232
3.0832893257664438
9.2413809456100502
2.6553131062622044
9.3731776749063389
12.599203840452494
11.308469925928646
3.9687373887134032
2.8194718537973023
3.248760377573078
7.3163673604104975
11.525182956659872
2.4318520399235468
2.5314171351904093
13.460319207648269
4.1967811280265206
8.2639381916962691
3.0832893257664438
4.8441485925646672
2.8887372264336406
2.4828776439859053
5.5400057994776137
5.7738291602292087
10.853900914085658
11.725492480710372
4.2981963528520257
13.543206804628964
2.4419678060864185
2.4855374995560471
4.4451625335313425
11.448653854937534
2.5984576092352651
4.1864660257109465
3.4305036072463553
2.4820017726330774
7.8838790380742205
7.2500397995983308
12.629206406309033
7.164557317460412
11.674641426762882
8.2405649331561808
3.9986548000338415
3.8874534922687065
4.111590051931068
4.0033025407813456
6.9287287772110648
4.9285195276109883
4.9493171272043428
5.6706623737753441
5.3758872025451092
3.8395769530619992
11.598251972531358
5.6663333690777069
6.0766380338366082
3.527900668732292
9.0194593727377708
11.703056521553973
10.231199558021707
6.428294858950661
6.7004948456698701
12.195713901759191
10.435321934473141
12.725494727540493
7.1566392465984938
4.7863229402703782
8.866694780354214
7.5180033941683773
8.9885166764296009
13.588174946452554
13.768852495927195
13.572250880178645
9.8677842339016628
5.9058078778074004
13.484512726870882
6.7586466018269578
13.788887550948694
8.1840216329700564
13.646414673197063
5.675602286985745
5.6701314194422103
8.0390375889822323
5.153728005933262
5.1533988598570462
8.6631900566467284
13.067225599410063
8.1039807097665193
6.6225634579632704
6.6225634579632704
3.7096555080493196
3.6417384124635253
3.534755458999792
5.3793611573169295
3.6103052168029355
5.0833245530484765
9.8231690210905054
3.8672082853021186
6.7958786002312586
7.9994634104410851
6.3234320595348565
8.4847647642373474
3.6911416155329055
8.6475261389997833
11.043616485830343
13.768852495927195
8.2431290891746798
6.9165391570627763
4.4913849352559367
4.8875877740969376
5.5378615986938611
4.8311207338337026
5.1347388406938705
5.2721183328935091
5.77732241426766
5.5378615988925786
13.324383718893282
7.8838790380742205
4.626277976303327
4.2536697428302332
8.5149585485951871
3.9274483051233831
8.471553253247551
5.0471359030424292
8.5498959863785764
3.653741940763032
4.4857229666711165
11.40788891292714
3.9441307828221714
3.782346253383031
10.740495016271822
7.5220803493003316
7.1032143121326898
3.5707084569943794
12.100770522587798
2.0211692026241312
2.9364851004285781
11.013475867813494
2.01973274218612
2.2607842715369482
2.3373372998917898
3.2830432598996597
8.5473925234243762
1.8413849031038554
11.557979843818856
1.841469383482369
13.572250880178645
7.4079951201836343
6.5704075343436177
9.4452963037901458
7.1032016592965368
6.4703602495838632
6.8234183872303849
6.5921298173715446
9.9776185329994984
8.2567671861201415
8.1547605178921021
7.9569829242654491
7.8497570811544488
9.6150721220328066
7.6853566821132011
8.415043665010554
7.2938306718603014
8.653752656157895
4.514023563279129
4.7316005275778696
11.705117302493386
3.0169651741223382
6.9126000998720398
10.37796992405214
8.195515125928452
3.1132922132526768
4.4837909649307353
4.1553121456547073
4.2452772380063326
4.4018409862373851
1.7776013109580902
9.3228869881155259
3.8910504572342903
6.571336104607342
4.694625135010515
9.8677842339016628
8.2567671861201415
11.970743632167354
2.4161099267071271
2.7839998548068792
5.9058078778074004
7.4079951201836343
13.484512726870882
4.4820247516673968
8.4187274546244222
5.7005515948974086
5.6288064892938952
5.707850154604647
3.084121688800749
3.1066758630323221
5.0675149914380819
6.1804050187422286
10.559803991759711
1.8635401025810783
7.757575184275356
9.9373928371720357
12.941651214387091
8.4030267638453378
3.5707084569943794
2.3385261788640714
6.2464271675814107
10.473556350605826
6.1747781861846924
6.6692700927765838
6.5957858729313292
6.1276078754001775
9.1215151478630982
6.6535562892901501
3.7096555080493196
4.5243546917820403
5.4573226987866414
4.34999925847697
4.1277709797487177
3.8112253078078946
3.7726912625555302
7.4843227769991501
4.626277976303327
8.1945698079103142
4.6409992695156372
7.9348097061877088
4.5433078621392058
4.3757134908343902
11.255838162262346
10.467898259017936
10.464418969412968
4.9961680360708423
4.3321664703430143
4.7003460793805196
6.8568854123113967
6.036247799365996
8.301495859481907
9.0130904520186252
7.30972794112638
7.2704902628821824
7.30972794112638
7.4718825741465933
8.0011048990530096
8.642757318596388
8.2603178262961574
8.642757318596388
8.8433856288765611
8.6859198352324523
9.9343471661589735
12.100770522587798
8.754670590916648
8.0397579471729852
4.2070760795745166
11.990671187807427
5.6797002904664398
5.3804316646075012
9.2774382308025221
7.7676956883302832
6.9548727991198271
6.2309032688077908
8.3873639276373773
7.9505102341082363
8.6537458990448286
10.178903947116156
5.7286386115629897
5.8409159353765094
1.9095026159484172
3.9645110751910728
10.800838147926552
11.892828026519949
8.1145631841465669
7.9270798182846507
2.673670911370511
7.882063611598034
11.135182497565102
11.895294756618593
3.6873116833372608
4.29725134178166
13.193168929406204
9.0194593727377708
6.5757201051839367
12.427097717874302
13.3507228851396
6.9927786633947742
7.855751952497986
5.2239938345105239
9.0315307003443479
6.9927786633947742
7.0105725061290602
5.7391272806915694
11.190954751390395
12.69969711367812
9.4128487153180931
12.620976501564268
6.8572678176837298
11.811689696530317
4.6083710285192883
4.7216694176702898
7.2500397995983308
6.0286480117830843
5.040504152260179
4.3630367943813084
13.059782969786578
3.8774453970686964
4.2536697428302332
8.1945698079103142
3.8269019057460256
11.750221914359704
8.6699946205085467
10.810251029916254
4.5460634629695429
4.64416646224646
3.7522495173934036
8.8445435754219393
4.5476683471143691
10.831626156353414
4.9115919084986581
4.0037735960124179
12.202250030608448
13.523989781785103
4.6409992695156372
3.8269019057460256
6.2555165294717039
8.6475261389997833
8.2431290891746798
6.0811264623335211
7.6770221322354777
7.4671873785313618
6.3251452831663437
8.1920238243530115
6.1189460431552556
7.9612788837066741
5.6283747888897846
13.719370476777621
6.4945318081985217
9.0322482176899861
6.0511084327175224
7.1733308476791073
5.1211205634904955
4.7944883717385638
5.8134529489551428
4.9068415068852715
8.3586165320416281
5.944732360820896
4.7829336405438703
5.4614945897684652
8.5757843575751167
12.629206406309033
12.060366391547305
13.791064636133374
12.991158045601598
11.135182497565102
4.409777719306061
3.9223877754247116
12.530292722872462
3.8425630200873684
3.9171743088425512
3.3286976716755539
3.3588852995676599
12.810288511393853
10.760353104679474
12.74829401767871
3.9855098519473726
4.0623082755873838
12.216496676768688
12.929588680355952
4.5108433162436823
5.1211205634904955
5.0401806540620209
7.5517354430171162
5.7853390280342429
5.2766735718933315
8.211663452274454
6.2733111354740956
4.4180587251285619
4.6417991084114156
11.970743632167354
2.8999610515562591
4.8430584042897182
4.9212541334443562
4.3825779170863246
4.5387118202624288
6.8568854123113967
6.4282062527593906
12.438256100370909
7.2379216710171494
6.5146651649752521
6.7814548517487427
6.5663932974689754
8.3489282134555314
9.0435536063933863
8.3192567320122119
6.8589296981840295
6.8471004771307413
7.4993274378102868
11.703056521553973
11.739476242496103
12.351331623505672
3.807837929349037
7.3738605529094228
10.231199558021707
10.800838147926552
6.5757201051839367
6.5783276899221805
7.0772843462276658
12.627384322353675
6.8746246896418999
6.7601434910223865
7.164557317460412
7.2131352694231774
8.4978228161054048
3.9377896980124301
5.257143330514948
4.1097651513213229
7.4584846293861276
4.2728980239706589
3.6467838904383196
8.661360034777859
4.7944883717385638
5.0401806540620209
10.531146676097359
6.0028120791179633
7.2208740119010093
6.0714310253649355
5.46338492772772
10.522993631398259
3.8024986348880039
2.9547410175531463
3.8656044000079404
5.5692469600887105
8.603946157250796
6.1304073761863673
3.9855098519473726
3.2571467411231736
3.9849037386916044
3.9055042346473603
10.006008203306857
3.2516573181965773
3.2572692883475654
4.0621890470436597
4.0070153180704509
4.1427186248877668
3.8444455723341688
5.8134529489551428
7.5517354430171162
11.674641426762882
8.5149585485951871
12.060366391547305
12.74829401767871
12.36317810245723
11.649803739014454
13.294362172241364
12.94525297034183
12.918175599838932
11.37542702129214
11.689569196916805
10.866925059411722
3.7583599637926968
1.8725712760558753
4.5091252609251562
2.1941913050937187
8.4629489956685955
5.2746096841356866
2.4401528888184867
2.9253574378315825
4.9475781696654
3.0631410952818126
4.2622575014252719
2.4846233106067825
5.3384727136483283
10.376109746396493
3.8542738697558039
6.0811264623335211
6.889544938502369
4.7316005275778696
5.9885049481922694
4.3781133599375597
4.0945666095855664
5.7432638303622774
7.3233084026531383
11.705117302493386
2.1478262103480463
2.6131148661498802
2.096807541834278
2.1488181450260853
2.3183569546558247
2.1266958903578184
2.7241088605458841
2.6310036018652228
2.7494503773078756
13.012819429169982
7.8363448730246104
2.594230448630352
2.9902910003817653
7.6770221322354777
10.716341685363815
7.4595427232767983
6.2464271675814107
7.0848947088729117
8.3021720433465429
13.416473882480181
6.7586466018269578
9.355399772272234
8.6334236934803563
9.705647839934521
8.6004902168821111
8.5145396149810519
3.255098435844376
8.782105234009844
3.5746662777164264
7.0762908092072712
5.2612826823700409
4.5656085037266934
6.9548727991198271
7.4595427232767983
5.9204340916541289
5.858986746658597
8.7650822747885684
6.9888604740654596
12.779729839499689
5.1785891337413252
7.4312093756594022
7.2242710812541979
11.521712911214534
7.3738605529094228
3.3036868115912212
3.2954751414210013
10.109882392656038
11.055287797531269
3.458764177120079
1.9421269068680249
3.6417384124635253
3.524310117976825
5.2234380743775057
4.0187678491085057
11.322296793259158
5.6478357975041034
5.6523116067276815
8.2405649331561808
7.2131352694231774
7.3498975653858469
7.6231584051853583
11.334306431958368
8.2797477533066619
8.5757843575751167
6.2384798740339251
8.8598766726222902
3.0710310962429515
3.0952438249786978
3.7583599637926968
6.8697005579151051
2.2000611101152474
4.0903958959218167
8.1547605178921021
8.541004787282759
5.5541804784871065
6.8244171229151975
7.903960687123651
7.1737660691025402
6.5783276899221805
6.542623129010015
8.9754000978757134
7.0455150286845285
9.0604415242094767
8.8185095973239793
7.9719834802749396
2.93807604330692
2.8716577153021792
6.5671189296067052
5.6714449512953982
5.0491457107983031
5.6303493622940479
9.2216574562391322
12.779729839499689
5.2785736358896118
3.8591619050953625
3.8425630200873684
11.750221914359704
3.534755458999792
4.514023563279129
3.7124895584756223
7.1352021659703828
10.473556350605826
7.4671873785313618
3.0169651741223382
2.1478262103480463
7.3411189670648627
4.5194624653346471
2.7567283059214982
7.8490744270934636
8.3006531469015741
2.6953107523733508
5.6595137663682049
7.7161234553049427
6.9126000998720398
10.446861352848201
3.3662016577828022
6.3178235199138175
3.2863641236871683
6.0286480117830843
7.8797297606619363
12.69969711367812
6.9004333653960215
12.506844815050696
5.7853390280342429
6.4282062527593906
5.5541804784871065
11.443242433438876
5.636576901906154
5.972834775327617
7.6434330815077631
5.1548550994011411
5.2803932786869838
12.312150287996211
6.2353467855224061
7.1268515256401539
7.4849748543525942
5.8424859684926114
8.171613993588684
6.5564702834152033
6.5564702834152033
7.9569829242654491
8.541004787282759
8.0283245460958739
9.7126932538018558
8.9277228206219785
5.8130214234436108
7.855751952497986
4.924541307151638
4.3757134908343902
5.1903558962497742
4.6832914650722488
11.496646129798073
3.2944571519228827
6.542623129010015
9.2764706491676581
1.7424978772820112
3.6873116833372608
8.6699946205085467
4.4663913011262713
10.854448227505561
10.525506162751714
3.1701208110178616
3.6177265626238713
3.1765170485699601
13.768441908652296
3.2617135799914374
5.5920000153848326
3.6203627634572064
10.531146676097359
11.442349537719011
13.072361037489516
11.438555628857413
4.4663913011262713
4.7602708808239429
4.8813608713339987
4.4091367828486554
9.5156946172360257
7.8497570811544488
8.4187274546244222
7.6374726569760236
6.304007199216688
7.127078702347549
6.1270190126970361
6.4949329739704442
13.791064636133374
12.36317810245723
3.6729450324231734
7.3908850511085413
3.9171743088425512
6.1747781861846924
6.5713692447848011
7.5120642447609915
8.1496002658998883
12.460221387315945
3.4102889159019192
5.1303290593645414
4.9765310417486379
11.509381229691844
11.864930490824971
6.036247799365996
12.438256100370909
5.9204340916541289
11.443242433438876
6.0929483939992508
5.8851175936031153
8.2709666719858213
6.529716175377918
9.1215151478630982
6.4115817434542386
7.4780545649460377
8.642757318596388
2.0211692026241312
10.829391718485947
12.202250030608448
13.623410033380075
8.1248492178593015
11.447311499845139
13.472252896844811
10.522993631398259
4.4913849352559367
3.2126721709502251
5.0882127235027932
7.1686080189324421
2.6131148661498802
3.458764177120079
5.1114805444296181
3.3649699146356995
13.788887550948694
7.3498975653858469
7.4109411207010893
7.6984109844705086
4.7216694176702898
4.1090314393513703
2.9364851004285781
3.0710310962429515
2.93807604330692
9.0090926101589641
2.9368758175252831
3.0164131652760502
5.1903558962497742
4.859955072263249
2.594230448630352
3.1216697951065044
2.2592222013057626
3.1422844529461695
8.603946157250796
5.4432086955860139
6.8257655603585405
8.5606368840318634
8.5606368840318634
6.4738280739728307
7.7755537092672267
8.5963761999974633
8.5606368840318634
8.1840216329700564
8.2603178262961574
8.8481444048373277
9.6491071760492417
10.167319505889962
11.442349537719011
11.726905813651513
2.6931551186126788
4.98955344996837
3.6387745101380089
4.0503430848448589
3.2571467411231736
3.9069802148774575
4.9068415068852715
5.2766735718933315
7.2208740119010093
4.4821653198594928
2.096807541834278
1.9421269068680249
5.1114805444296181
1.5745485108520205
2.0252371732479455
8.4122951978502751
2.2433301407953561
11.675334300527583
2.3429492327507613
1.8534937277060592
11.129974692691038
3.2221247982128944
1.860832986468026
8.642757318596388
11.819379519610854
13.791284782091767
2.9253574378315825
3.3036868115912212
7.5689851650484012
6.0714310253649355
5.6478357975041034
8.6004902168821111
7.9442008239379556
8.076798902322226
2.3757805928212772
5.7005515948974086
4.8875877740969376
4.9389811194103856
5.688992130876688
5.8130214234436108
6.1589765720140486
5.988699129312244
4.076037179115108
3.9849652074511086
4.1032981907235548
3.8039854740821228
3.2126721709502251
3.0729561802369632
5.4462962057918078
3.9556586865900298
4.6029168694940044
7.6374726569760236
5.636576901906154
7.0285565724527661
8.5136323777157976
8.5136323777157976
12.991158045601598
11.649803739014454
10.37796992405214
7.3411189670648627
6.1589765720140486
5.6077590380896085
6.6692700927765838
6.3251452831663437
10.716341685363815
6.4374724268263774
7.6388752697786817
9.0435536063933863
3.9274483051233831
11.95287602124775
13.122871612310146
7.1759196863903378
12.427097717874302
7.0772843462276658
12.445348442676076
8.471553253247551
11.95287602124775
12.626665632486443
4.7602708808239429
4.69991278199526
7.757575184275356
9.2020669800023178
5.6288064892938952
2.7809810583886918
6.4270024109711388
4.8583362263359424
5.0471359030424292
13.122871612310146
13.623410033380075
10.519164473766292
6.3503811638860252
4.7582414849141168
6.7573801994343947
4.2099380352712519
4.1489041129138693
4.3586935506262305
8.195515125928452
5.3793611573169295
4.5243546917820403
13.646414673197063
6.428294858950661
12.216496676768688
3.1132922132526768
2.1488181450260853
3.3692886982167507
6.7004948456698701
8.8732471647139022
9.8168674533770393
12.560893085204071
3.0175080008620392
3.8024986348880039
3.0604901358048759
2.8698178903893226
3.289031861206094
2.6282408872322889
6.304007199216688
6.151414940297899
9.6150721220328066
7.127078702347549
3.9986548000338415
5.040504152260179
5.4573226987866414
4.6194622945118295
2.6020066079683599
8.3586165320416281
6.9794422579436128
4.9475781696654
3.4970283791277654
4.409777719306061
4.4533946608985779
12.129517904185056
12.195713901759191
11.739476242496103
5.972834775327617
7.8075767144785431
13.772164412992232
10.870802254650519
4.1427186248877668
4.076037179115108
3.9849652074511086
3.9826177424426006
9.0090926101589641
7.5183490078402437
4.7793368569248269
3.8874534922687065
4.3630367943813084
6.8697005579151051
3.9144748964631138
13.235984899892303
11.013475867813494
4.5194624653346471
2.0532577498713058
9.9373928371720357
4.29725134178166
10.854448227505561
9.2020669800023178
2.6997200791126033
3.0832893257664438
3.2656424174880359
2.0651984368988177
5.6523116067276815
3.1198457231321899
3.7871527928019972
7.2379216710171494
3.1195579513369003
3.7515406984290389
2.3183569546558247
1.5745485108520205
13.286688005497684
5.675602286985745
5.086189756556891
11.255838162262346
5.5079017722672434
10.008887530712768
8.5498959863785764
3.653741940763032
11.819379519610854
10.14771046320098
5.6701314194422103
6.5704075343436177
9.355399772272234
6.5146651649752521
7.6434330815077631
10.435321934473141
7.1804554420052638
7.4584846293861276
3.8649443029579471
2.7350400528916752
4.5222053849865969
8.2354912723429283
11.984085664241055
1.9095026159484172
3.9377896980124301
1.8725712760558753
3.2954751414210013
2.2000611101152474
3.9144748964631138
3.3806580851443306
2.6694787105026112
2.7267965412907156
11.020294071153399
10.614147616353323
2.0498369377186827
7.2797889048334081
7.4644905950678808
3.1085417714703616
3.1577552716714083
2.4237297775260851
8.341899733165981
4.5596228369329665
2.2212853338725518
3.5082841620438452
3.3619332908932926
2.4161099267071271
2.8999610515562591
2.8716577153021792
2.9368758175252831
2.4363505011414484
2.4166086177560255
3.6490597714400166
5.1339988181401193
4.2728980239706589
2.5640007620228564
2.8955419285728188
3.256434860277392
5.107061791916637
7.6853566821132011
8.6334236934803563
11.043616485830343
7.0105725061290602
9.4128487153180931
13.012819429169982
11.055287797531269
8.1248492178593015
10.519164473766292
6.9746149067182852
6.4195824718619123
4.4814440996069367
11.065683157283365
10.297011721463175
6.9653393999859512
12.006092182242437
7.1804554420052638
5.5712328754333384
6.7745198618784963
4.6488519910317416
7.1804554420052638
5.5099438039625301
6.7278753638675752
2.3978415868655012
2.01973274218612
10.829391718485947
9.4648661979682327
2.3992467295109869
3.3650364484274373
9.2413809456100502
12.42645790740546
5.944732360820896
8.211663452274454
5.5378615986938611
5.6797002904664398
6.1661014227025994
5.5236977594108092
6.0386538857366405
13.289276683150703
9.3730931326334552
4.8813608713339987
4.69991278199526
4.4379544110997573
9.8444468874801139
5.5659403202330173
4.111590051931068
13.059782969786578
2.2607842715369482
3.5082841620438452
2.3385515180661849
3.2846963137457719
4.7829336405438703
6.8244171229151975
5.1548550994011411
7.0285565724527661
6.9794422579436128
7.8075767144785431
7.1777714947608429
7.6249497590042177
9.4472335903752747
5.0876202808688307
8.6537458990448286
6.9794422579436128
6.9794422579436128
2.0252371732479455
2.4877968862513193
3.5862457035135571
9.2764706491676581
2.6553131062622044
4.1900635155449395
8.8433856288765611
8.8481444048373277
8.7806126601289698
9.5268526991668203
7.1777714947608429
6.8468384014609924
4.7947860248315717
12.620976501564268
10.547910964094637
2.4363505011414484
2.9058545954020185
7.9348097061877088
6.2555165294717039
12.810288511393853
3.9849037386916044
4.0686631380725977
2.5742108132272965
10.008887530712768
6.4336901830049014
11.892828026519949
3.9055042346473603
3.0952438249786978
3.9069802148774575
9.8168674533770393
3.1198457231321899
3.1195579513369003
8.8909049951570065
3.3069410063758262
3.0992659556470028
4.0033025407813456
11.990671187807427
4.6832914650722488
4.859955072263249
11.984085664241055
2.0086660449561604
10.376109746396493
4.4379544110997573
4.4583848245344901
6.0308179991652979
2.6020066079683599
3.084121688800749
3.4102889159019192
3.1570240491738675
4.0682662700503522
3.1205444530809987
3.6298488545845684
2.9285406447547269
3.0479254203347668
6.8572678176837298
13.523989781785103
6.9004333653960215
11.447311499845139
7.5183490078402437
6.9746149067182852
10.547910964094637
7.0512691551927995
10.87170499617981
9.9844420675698391
12.8992379956441
2.3373372998917898
2.7839998548068792
2.3385261788640714
8.754670590916648
3.3619332908932926
2.4166086177560255
2.3385515180661849
2.9058545954020185
2.3385957624016744
8.0695343916017368
6.1661014227025994
9.1895317425968361
8.4122951978502751
2.9423817935991128
6.9143837322426016
5.7286386115629897
4.5354662126376803
5.466579917461492
4.4485067240561635
4.4192060397437531
4.4857229666711165
10.535563305877581
10.522993631398259
10.522993631398259
3.6387745101380089
3.3919339962740342
3.3992778178192813
3.8508126271664556
3.6037188514901097
10.360341912983552
4.0788066446379476
11.40788891292714
10.810251029916254
11.850169099303013
11.350893184666688
4.5460634629695429
4.4514694114223223
13.267573226240705
10.525506162751714
3.8942810313419205
8.8427910636066596
3.8605535144252543
8.4978228161054048
7.6231584051853583
5.0415858290523978
9.3228869881155259
2.671284319329728
3.8542738697558039
4.9115919084986581
3.0604901358048759
2.7822349325779849
6.4195824718619123
7.0512691551927995
3.3919339962740342
4.0469647426601361
8.0390375889822323
8.1145631841465669
11.597606617021222
4.536889779439873
4.4663686410346326
3.3806580851443306
3.6061937414209648
3.8914032746487415
2.7375956904193233
2.9183558724289798
11.542349373171536
9.3731776749063389
2.6518763058709793
6.0815842504740827
5.153728005933262
5.2803932786869838
2.7590461471491849
5.9250919476049129
4.5091252609251562
4.0903958959218167
12.599203840452494
10.467898259017936
13.759246676432449
11.308469925928646
8.1920238243530115
6.1261522183115984
5.2785736358896118
3.0729561802369632
2.5640007620228564
3.5055307694328803
3.2846963137457719
5.707850154604647
8.6877930940404156
2.2433301407953561
2.4877968862513193
2.1595149255409041
4.0101971113010384
6.9287287772110648
3.8774453970686964
3.8656044000079404
4.3781133599375597
7.1352021659703828
7.8797297606619363
7.1759196863903378
3.3992778178192813
3.7205917102489572
5.0686444767451491
8.6041087860166865
3.8416438241201276
4.693516845699917
13.294362172241364
11.321991397125863
9.8444468874801139
4.4583848245344901
4.8785876964577017
3.9687373887134032
4.5387118202624288
2.8698178903893226
6.5957858729313292
6.1189460431552556
12.725494727540493
3.6103052168029355
3.1066758630323221
3.524310117976825
3.7124895584756223
4.8583362263359424
3.1570240491738675
4.1994543664400608
4.8311207338337026
6.3256455371086373
5.4480428112565358
6.3769457446784727
4.8505933697030654
8.5432870105768011
2.7038266956789743
5.8409159353765094
3.4931366885005928
2.8194718537973023
4.4533946608985779
13.3507228851396
12.445348442676076
3.2830432598996597
2.3385957624016744
5.0833245530484765
5.2234380743775057
3.8508126271664556
3.7205917102489572
5.1796202333467161
3.248760377573078
3.6467838904383196
3.8649443029579471
2.8955419285728188
2.6355034995191304
2.6200973415431674
2.6968526504546624
5.1785891337413252
6.4336901830049014
3.4931366885005928
3.3019600375623948
2.5033390102524864
3.8650154593591406
3.6772690532813899
3.8292004405963431
3.6299551350908144
3.9025584895907395
7.9612788837066741
5.9909000876847358
1.9003221942145563
6.0815842504740827
3.3019600375623948
10.078454886092095
3.3803684495545654
10.87170499617981
12.788444802597754
5.1347388406938705
6.3256455371086373
5.4462962057918078
5.6285428556220101
12.006092182242437
10.078454886092095
4.34999925847697
3.8407810697753861
3.1701208110178616
5.8993193882430868
4.6300999950124364
7.1566392465984938
11.630140358764731
13.016281305674633
7.4312093756594022
8.5432870105768011
7.6491394308576472
8.5473925234243762
2.1702947736454758
1.8413849031038554
3.3692886982167507
2.6997200791126033
4.0682662700503522
4.7723856244348832
8.6859198352324523
8.7806126601289698
5.1533988598570462
9.4452963037901458
5.6283747888897846
6.0028120791179633
13.416473882480181
5.6714449512953982
13.072361037489516
6.1261522183115984
5.9909000876847358
8.6872918675404183
6.423053310339597
6.469333146884729
5.8233028244239566
5.9004003020660658
8.9372459852498469
7.4931453413151781
4.64416646224646
4.4514694114223223
3.7530828625978381
2.1266958903578184
2.7567283059214982
6.4753414634649982
11.675334300527583
4.4837909649307353
5.9885049481922694
5.988699129312244
5.6077590380896085
3.9441307828221714
3.7522495173934036
6.1018976398353475
4.9285195276109883
2.6694787105026112
3.6061937414209648
5.2239938345105239
5.7391272806915694
5.5692469600887105
7.8363448730246104
4.924541307151638
4.4814440996069367
3.6037188514901097
4.0469647426601361
5.0686444767451491
10.735239340100337
5.9143978296027875
6.1200777739961545
4.9493171272043428
3.782346253383031
7.3163673604104975
12.129517904185056
5.3951707189273233
6.1304073761863673
5.7432638303622774
3.255098435844376
7.2242710812541979
6.2384798740339251
5.4432086955860139
6.4738280739728307
2.5033390102524864
7.6491394308576472
6.1133759351164656
3.235894931021162
6.2983847325322238
3.1205444530809987
3.6704149147399465
6.1611388667670566
10.882676626483477
8.8445435754219393
11.850169099303013
10.735239340100337
5.4480428112565358
7.1506361171878083
5.1303290593645414
13.193168929406204
11.525182956659872
10.464418969412968
4.8430584042897182
4.1097651513213229
4.1090314393513703
4.7793368569248269
11.350893184666688
11.542349373171536
4.1951419055435348
11.350893184666688
4.2823271675418813
4.779445918203912
10.360341912983552
12.94525297034183
7.882063611598034
8.6877930940404156
11.811689696530317
12.42645790740546
9.9844420675698391
12.788444802597754
7.1032016592965368
8.6872918675404183
2.7492661366129072
4.5354662126376803
5.5002306330342945
4.9961680360708423
4.8785876964577017
4.1951419055435348
4.9201765155678254
6.9165391570627763
5.0491457107983031
11.438555628857413
11.726905813651513
8.0395730600324722
8.5145396149810519
11.334306431958368
7.4109411207010893
7.9442008239379556
5.0675149914380819
4.1994543664400608
5.6706623737753441
8.6041087860166865
4.2099380352712519
2.6594001005481394
3.0292646345558474
2.4318520399235468
4.6348259812476211
10.006008203306857
12.994666272702377
2.5314171351904093
13.460319207648269
6.4703602495838632
6.423053310339597
6.7814548517487427
6.0929483939992508
8.4978228161054048
3.3286976716755539
4.1032981907235548
3.9826177424426006
3.3873264158769061
4.658477354267947
9.8231690210905054
7.2426374182328397
5.3758872025451092
5.46338492772772
12.312150287996211
11.350893184666688
9.4648661979682327
13.719370476777621
12.627384322353675
8.9754000978757134
12.742625114332176
12.929588680355952
12.941651214387091
8.6631900566467284
8.415043665010554
7.9270798182846507
8.0283245460958739
4.6013393850652902
5.6595137663682049
5.5002306330342945
8.0395730600324722
4.1967811280265206
5.8453831334253294
5.5236977594108092
9.1895317425968361
7.6074964461254488
6.3419694167413239
4.224479250568355
4.6332432907279424
1.9881413706085636
10.559803991759711
4.4821653198594928
5.1339988181401193
8.9490842159457582
8.782105234009844
6.1133759351164656
5.466579917461492
3.6177265626238713
5.8993193882430868
3.8292004405963431
2.779076814473282
4.5476683471143691
4.1495758944092938
11.065683157283365
4.4595289975036732
4.2210045646288696
5.2721183328935091
6.3769457446784727
8.2639381916962691
6.2733111354740956
6.1276078754001775
6.2309032688077908
6.4945318081985217
6.889544938502369
7.0848947088729117
5.858986746658597
6.5713692447848011
5.8851175936031153
6.6031490690121473
6.3232388972234759
6.3329715583387358
6.8586494550574288
7.4222533279068239
9.0315307003443479
11.190954751390395
6.1270190126970361
6.151414940297899
8.2709666719858213
6.6031490690121473
1.8227941282383333
3.8650154593591406
7.903960687123651
6.2353467855224061
3.6490597714400166
7.1414269819903957
11.895294756618593
12.351331623505672
11.557979843818856
8.0695343916017368
8.076798902322226
8.2354912723429283
6.8746246896418999
7.0455150286845285
11.630140358764731
8.3873639276373773
4.300251470531836
5.5659403202330173
5.9250919476049129
7.2938306718603014
8.661360034777859
6.4949329739704442
12.460221387315945
7.1268515256401539
4.3321664703430143
4.9212541334443562
13.759246676432449
4.2823271675418813
3.8395769530619992
4.0945666095855664
3.8416438241201276
3.1765170485699601
3.8942810313419205
4.6300999950124364
6.2186458354851419
5.5711685911290276
3.8672082853021186
9.0322482176899861
6.469333146884729
12.918175599838932
5.9143978296027875
13.067225599410063
4.1553121456547073
4.9736481906043508
6.5663932974689754
7.4849748543525942
3.256434860277392
2.6355034995191304
5.77732241426766
5.0882127235027932
2.3429492327507613
3.6298488545845684
3.9645110751910728
2.7267965412907156
5.1145902934337109
5.8207425069452432
3.0832893257664438
3.4330598262323311
4.4485067240561635
5.3951707189273233
4.3736686151057116
4.7863229402703782
8.8732471647139022
4.224479250568355
4.1466786655007377
12.865888074175809
2.7241088605458841
7.8490744270934636
6.7958786002312586
7.3233084026531383
3.5746662777164264
8.8598766726222902
6.5671189296067052
6.8257655603585405
7.7755537092672267
5.5099438039625301
3.235894931021162
5.1748750513828812
6.200493343837894
8.2806549905719162
5.8233028244239566
5.8765068213499836
11.020294071153399
11.185798872978195
5.6303493622940479
5.9004003020660658
5.8765068213499836
4.8441485925646672
4.4372672232424657
6.8682265214769407
11.598251972531358
11.37542702129214
2.8887372264336406
3.0631410952818126
4.98955344996837
3.4970283791277654
11.689569196916805
11.252673313493107
8.1039807097665193
3.8910504572342903
6.4270024109711388
5.086189756556891
7.4373299780668791
9.541953220201707
12.560893085204071
8.8909049951570065
11.293765456594381
5.107061791916637
6.8234183872303849
8.9372459852498469
2.4828776439859053
3.8444455723341688
4.1566823531085362
10.297011721463175
12.8992379956441
6.5921298173715446
7.4931453413151781
5.5400057994776137
3.038891777477907
3.0776124432822725
4.2622575014252719
2.9902910003817653
3.1216697951065044
1.8534937277060592
2.6020066079683599
2.6020066079683599
2.9423817935991128
2.1595149255409041
3.6299551350908144
2.1695689685679311
2.5289032411639036
7.9719834802749396
6.0386538857366405
7.4373299780668791
5.7738291602292087
10.870802254650519
4.0503430848448589
4.0788066446379476
6.1200777739961545
9.7283478430928021
2.3992467295109869
2.1941913050937187
2.4846233106067825
2.2592222013057626
11.129974692691038
10.614147616353323
3.8914032746487415
3.9025584895907395
2.779076814473282
5.1145902934337109
2.1695689685679311
2.6580153897643553
4.7848004101000239
8.341899733165981
7.1831541490136814
2.2840796528902088
4.1277709797487177
4.6194622945118295
3.836751959235333
10.740495016271822
1.841469383482369
3.3650364484274373
7.9994634104410851
6.7884969210774644
3.6772690532813899
3.3803684495545654
8.653752656157895
9.7126932538018558
9.705647839934521
9.6491071760492417
9.6745040453507158
11.496646129798073
5.3804316646075012
6.3503811638860252
13.235984899892303
13.286688005497684
5.5712328754333384
13.289276683150703
6.8468384014609924
6.4753414634649982
5.7753051357972121
6.9194272314585508
5.7318743375477155
8.0300535672871334
3.2516573181965773
3.3069410063758262
12.994666272702377
12.02325798038054
4.2452772380063326
4.5656085037266934
10.446861352848201
4.536889779439873
4.9736481906043508
4.9600731293909073
10.853900914085658
11.725492480710372
9.0604415242094767
8.3016721427882754
4.0465484800936196
9.541953220201707
8.866694780354214
13.120982673328484
7.5220803493003316
10.866925059411722
11.864930490824971
13.791284782091767
12.626665632486443
10.14771046320098
10.535563305877581
11.321991397125863
11.252673313493107
9.9343471661589735
9.5268526991668203
5.3133642018996765
5.5378615988925786
10.167319505889962
9.6745040453507158
3.2221247982128944
2.5289032411639036
4.9765310417486379
2.9285406447547269
3.5046599740382138
4.5160917518883803
4.4663686410346326
6.7745198618784963
13.324383718893282
4.9389811194103856
4.7582414849141168
4.6488519910317416
4.7947860248315717
4.8505933697030654
7.1506361171878083
5.7753051357972121
3.3649699146356995
1.860832986468026
5.8424859684926114
7.6249497590042177
4.2981963528520257
3.6745040210943314
13.543206804628964
4.779445918203912
6.0511084327175224
6.4374724268263774
7.785198240904001
3.2572692883475654
7.5180033941683773
6.7601434910223865
1.8732146610590155
11.185798872978195
4.693516845699917
2.6310036018652228
8.8427910636066596
11.805978322182431
3.8112253078078946
4.4192060397437531
3.8407810697753861
10.882676626483477
4.658477354267947
4.3736686151057116
3.836751959235333
5.3133642018996765
4.0037735960124179
2.9547410175531463
3.6729450324231734
3.289031861206094
3.0479254203347668
2.7822349325779849
4.7723856244348832
3.6704149147399465
3.5046599740382138
5.1796202333467161
3.5862457035135571
4.0101971113010384
2.4419678060864185
6.3178235199138175
4.1489041129138693
2.0498369377186827
4.1900635155449395
2.6594001005481394
4.6348259812476211
3.4330598262323311
3.293003563974104
5.8921002199624635
4.0322796302929182
3.7193721785712306
2.4171346357969923
2.7731862532177898
8.5963761999974633
6.2983847325322238
10.831626156353414
13.768441908652296
3.8605535144252543
3.7530828625978381
4.1495758944092938
11.805978322182431
2.4855374995560471
2.6200973415431674
3.038891777477907
4.7003460793805196
4.9201765155678254
3.2617135799914374
6.2186458354851419
2.7015688850846913
8.4030267638453378
4.4451625335313425
4.694625135010515
4.4180587251285619
12.779729839499689
12.779729839499689
6.1018976398353475
4.4372672232424657
6.1631564387025959
8.9885166764296009
10.760353104679474
4.0623082755873838
4.0621890470436597
4.0686631380725977
4.6332432907279424
4.1466786655007377
13.120982673328484
11.448653854937534
6.3234320595348565
6.7278753638675752
7.2426374182328397
5.1748750513828812
6.7884969210774644
7.7415072929261957
12.865888074175809
2.5984576092352651
3.2656424174880359
4.1566823531085362
3.293003563974104
8.2797477533066619
3.0164131652760502
3.7871527928019972
3.7515406984290389
3.0992659556470028
11.293765456594381
3.6745040210943314
4.1864660257109465
8.3016721427882754
4.4018409862373851
4.9600731293909073
2.7494503773078756
8.3006531469015741
8.4847647642373474
6.200493343837894
7.1804554420052638
9.2774382308025221
6.9194272314585508
7.7676956883302832
5.7318743375477155
8.7650822747885684
6.3232388972234759
7.9505102341082363
6.3329715583387358
7.1733308476791073
8.301495859481907
6.529716175377918
3.4305036072463553
7.4843227769991501
5.8921002199624635
6.5552493851598346
2.4820017726330774
3.0776124432822725
6.9888604740654596
9.1215151478630982
9.0130904520186252
6.4115817434542386
9.1215151478630982
7.6388752697786817
7.1737660691025402
9.4472335903752747
7.30972794112638
7.2704902628821824
8.3489282134555314
9.0435536063933863
7.785198240904001
7.30972794112638
9.0435536063933863
6.6535562892901501
7.5120642447609915
1.8430819353506467
4.2210045646288696
7.4718825741465933
8.3192567320122119
6.8586494550574288
5.4614945897684652
5.0876202808688307
7.4851547770247677
8.3021720433465429
6.8589296981840295
8.7484242393901877
7.6074964461254488
9.036156304930854
6.3419694167413239
6.8471004771307413
8.171613993588684
6.5564702834152033
6.5564702834152033
4.6013393850652902
2.6983770115850625
6.0308179991652979
2.7311529140375903
8.9490842159457582
4.6013393850652902
8.0011048990530096
8.1496002658998883
8.5136323777157976
7.4993274378102868
8.5136323777157976
8.6537458990448286
7.2797889048334081
4.0322796302929182
8.2808658108085975
8.6537458990448286
7.4222533279068239
3.3588852995676599
3.3873264158769061
3.6911416155329055
4.0187678491085057
7.4644905950678808
3.7193721785712306
7.0762908092072712
3.1085417714703616
3.0292646345558474
2.4171346357969923
8.5757843575751167
7.6984109844705086
6.9794422579436128
4.6417991084114156
7.7161234553049427
6.1631564387025959
3.1577552716714083
2.7731862532177898
8.5757843575751167
6.9794422579436128
8.5606368840318634
8.2806549905719162
6.6225634579632704
7.4780545649460377
8.4978228161054048
6.6225634579632704
8.5606368840318634
8.5606368840318634
2.7375956904193233
2.6580153897643553
7.4851547770247677
8.4629489956685955
2.4237297775260851
7.7415072929261957
4.7848004101000239
3.9556586865900298
3.5055307694328803
5.6663333690777069
5.2746096841356866
8.341899733165981
8.341899733165981
8.2808658108085975
6.5552493851598346
4.5596228369329665
2.2212853338725518
2.9183558724289798
5.5920000153848326
4.4091367828486554
5.8207425069452432
7.1831541490136814
6.8682265214769407
3.1422844529461695
2.2840796528902088
6.7573801994343947
8.0300535672871334
3.6203627634572064
5.5711685911290276
7.1686080189324421
4.6029168694940044
7.3484517216096181
8.7562760879660058
11.796812438680874
2.7024915842219084
6.0396149919960092
7.889853633655731
2.7937957989606983
9.988796483915781
12.001022746818911
3.8344830818603493
4.2289733484395828
5.8714263121675074
6.9844127638135065
4.2289733484395828
7.2103212191128376
11.930754766896786
13.156736175363614
10.767548134066775
5.8082004418381592
3.0775818541901732
2.9318785423715585
4.7606767416585489
2.5221292484828486
11.332266918360872
9.339923587851338
9.3411197734999867
3.5258674638768004
3.5861536503533014
3.5058313326229351
3.8077252247427147
2.725026681710256
5.80515512583223
3.1300575660285763
7.1678564374009719
3.7971202167657894
6.090716946913231
8.7067933516465548
3.2823336605973132
11.188610468923754
3.7573768743806566
2.7217129208259281
8.6615360050343746
6.6494430837680296
2.7874699356600261
13.395759327730346
3.8134002586531626
3.8824057357262576
3.9046858457124869
3.8581643818064464
2.6760932398083792
7.301347630784254
3.5660201614664881
3.5035522625099897
3.9183053500960461
6.1539060739876099
7.7944216701681261
2.6060126915521309
6.0221339026589789
2.5829710858308972
8.893449766920936
5.8084862345530563
5.17960421244765
3.9361931211701466
5.5304076728878524
3.7986994125001217
2.5979366215135888
4.2289733484395828
3.8593636515999235
2.5894580171768751
10.697462776132985
10.985194841673652
6.1539060739876099
2.7836191212730781
2.8436035245377873
6.1539060739876099
4.380191679268683
8.5203746413501378
5.5902914209522709
6.4923463988820025
6.0620113376013434
6.5574095652620841
6.459881852986479
6.3316164538291204
5.6305567383043158
7.2061818672577447
5.8615242616141607
3.3387031997157028
13.441114268643766
11.136929338003034
5.187003895914037
5.1097047645150138
13.428616786892777
3.4779957267335671
5.6410884369671166
6.2129526511990329
4.1036261825943807
3.9270017371585766
11.15723393787132
3.8579262222155672
11.289431833283125
13.228158104600428
3.7485600002232009
4.1706743319568131
5.0622915578732037
9.2272469514051672
13.474221493402668
3.8351262164112492
3.6365407232447984
6.0366095120083356
10.212976728439065
3.9270017371585766
6.7931871293074639
3.8680329338962962
3.8193993365004966
7.4371342862636025
7.6740931594215978
12.772939722138565
13.645554723333213
4.5641126576571684
3.803632867491447
3.7749388941201207
6.3942010702741392
3.9434772345805698
4.1511612490437715
3.83491820145125
5.2542016109429159
3.6207188168303217
8.6075462101183753
8.4473090671443103
1.7631294695540378
9.1135958542032078
2.6341270091053652
1.6777669351506626
10.189603469898977
1.7853008494393603
1.8568056143253113
3.2863641236871683
1.789374780066973
3.5682566957437318
8.0388709418439142
2.0934867203108696
3.2899433382213865
6.2139917008328487
7.3249257392879059
1.7369028680359511
2.0107283826823892
6.2689338306878089
7.3484517216096181
4.380191679268683
10.968497909480567
13.652095058296769
12.007081776411226
7.7107415801939787
8.162994837205531
12.216907417744695
8.6161716203755176
3.4715333692425787
10.590911396257656
3.5468439897549775
3.6482880278339622
11.816822770644459
7.8548464145501962
8.7076851385697545
10.133060169712854
7.6246408237285417
7.619169956185007
9.9880761257250281
7.1027665426760587
7.102437396599842
10.612228593389524
10.053019246509315
8.571601994706068
8.571601994706068
5.6586940447921164
4.0290071522522526
3.0435649805857752
7.3283996940597262
4.3630403833521632
4.8727606321933896
5.2490130961493096
4.8218663634551113
3.5564294406633583
9.9485019471838818
7.1572156044819994
3.552192558250729
3.3124643969328655
10.596564675742579
12.992655022573139
5.2862521423039652
10.192167625917477
8.865577693805573
6.4404234719987326
6.8366263108397343
7.4869001354366569
6.7801592705764993
7.0837773774366664
7.2211568696363049
7.7263609510104567
7.4869001356353753
8.6075462101183753
2.899787973496466
3.0925752568956839
3.0964927449697064
9.2799902291935847
3.0964927449697064
3.0964927449697064
3.751426005127831
2.4177515272267471
9.24201632308821
2.4642842933251203
9.3033936559210009
2.387238726831812
2.6734193755416658
4.4773300037424049
4.0540149523318281
2.9273206369157019
2.4111092270417407
11.83659133462063
8.2217824589223767
8.7562760879660058
5.2862521423039652
5.5197469937371757
4.5397159102792788
3.482033501363849
4.5397159102792788
4.8855236371713744
12.832252576145716
3.494983842167378
4.5397159102792788
3.881376675778172
4.2863758366345861
5.232081796642456
10.205753333981367
3.3639191541376148
13.507018380561652
3.3640695180226228
9.357033656926431
8.5194460710864135
11.394334840532943
9.0522401960393335
8.4193987863266599
8.7724569239731807
8.5411683541143404
11.796812438680874
10.205805722862937
10.1037990546349
9.9060214610082458
9.7987956178972446
11.564110658775602
9.634395218855996
10.36408220175335
9.2428692086030981
10.602791192900691
4.1610422819959991
5.1138503846178116
4.8995106083158593
13.643231250817799
3.9640588265159291
8.5101623896042078
12.327008460794936
10.144553662671248
5.0623307499954731
5.0675543557324128
3.9125997973690865
4.0893963237411786
4.0753762059208656
4.1255252901934938
2.7024915842219084
11.271925524858322
5.840088993977087
8.5203746413501378
6.6436636717533117
11.816822770644459
10.205805722862937
4.3651484634499234
4.7330383915496759
7.8548464145501962
9.357033656926431
4.3298121033075843
6.0396149919960092
10.367765991367218
7.6495901316402053
7.5778450260366919
7.6568886913474437
3.5139960436823894
2.9421598362589831
7.0165535281808786
7.889853633655731
12.508842528502509
2.7937957989606983
9.7066137210181509
11.886431373914833
10.352065300588134
5.5197469937371757
4.2875647156068677
8.1954657043242065
12.422594887348621
8.1238167229274882
8.6183086295193796
8.5448244096741259
8.0766464121429742
11.070553684605896
8.6025948260329468
5.6586940447921164
6.4733932285248361
7.4063612355294381
6.2990377952197658
6.0768095164915144
5.7602638445506917
5.5902914209522709
9.4333613137419459
2.899787973496466
9.0311269894626456
3.638753939450496
3.8938985570364317
3.9148086682680532
3.8292505679856834
3.3681706407148155
6.4923463988820025
6.324752027577186
13.204876699005142
12.416936795760732
12.413457506155765
6.9452065728136381
6.281205007085811
6.6493846161233163
8.8059239490541934
7.9852863361087918
10.250534396224703
10.962128988761421
9.2587664778691767
9.21952879962498
9.2587664778691767
9.42092111088939
9.9501434357958054
10.591795855339184
10.209356363038955
10.591795855339184
10.792424165619357
10.634958371975248
11.883385702901769
10.703709127659446
9.988796483915781
6.0620113376013434
7.6287388272092356
7.3294702013502979
11.22647676754532
9.7167342250730808
8.9039113358626238
8.1799418055505875
10.336402464380173
9.8995487708510321
10.602784435787624
12.001022746818911
7.6776771483057864
7.7899544721193061
3.8585411526912137
5.9135496119338695
12.586713904869679
10.063601720889363
9.8761183550274474
3.8344830818603493
9.8311021483408307
13.084221034307898
4.067431621141405
4.5942164876816598
10.968497909480567
7.4986367368955893
8.9418172001375709
9.8047904892407818
7.0588972425040559
10.980569237087144
8.9418172001375709
8.9596110428718561
7.5771551030045838
13.139993288133192
11.361887252060891
8.8063063544265265
13.760728233273113
6.5574095652620841
6.6707079544130865
4.2289733484395828
8.4473090671443103
7.0627815877720304
2.5123908442085652
2.2638391753752511
2.7660785279731805
3.3692886982167507
2.5017163630952748
3.0925752568956839
9.0311269894626456
2.9788875400680519
13.094217698503186
10.315898040688557
12.034249157020584
3.1194162548484021
4.3919886634038647
2.9214114447540425
3.340260567424326
6.4967068838571649
12.561542504966599
6.8606304452414548
4.6073563676505733
2.4581326072539311
2.3387557706792852
4.9744059764251185
3.638753939450496
2.9788875400680519
3.939539542930433
3.9850881650717938
10.596564675742579
10.192167625917477
8.0301649990763178
9.6260606689782744
9.4162259152741576
8.2741838199091404
10.141062361095807
8.0679845798980523
9.9103174204494699
7.5774133256325804
8.4435703449413175
10.981286754432782
8.0001469694603191
9.1223693844219031
7.0701591002332922
6.7435269084813605
7.7624914856979395
6.8558800436280674
10.307655068784426
7.8937708975636918
6.7319721772866661
7.4105331265112611
10.524822894317913
1.7631294695540378
1.563265216309472
3.283943645521223
2.3613071541149835
13.084221034307898
6.3588162560488577
5.8714263121675074
5.7916015568301651
5.8662128455853475
5.2777362084183501
5.3079238363104562
12.54359498827362
3.0964927449697064
3.9760534108621162
5.9345483886901693
4.5925229292998493
2.4086795815554427
2.3387557706792852
6.459881852986479
7.0701591002332922
6.9892191908048167
9.5007739797599129
7.7343775647770396
7.2257121086361282
10.16070198901725
8.2223496722168914
6.3670972618713586
6.5908376451542123
4.8489995882990558
6.7920969410325149
6.8702926701871521
6.3316164538291204
5.2186410325122541
8.8059239490541934
8.3772447895021873
9.1869602077599453
8.4637037017180479
8.7304933884915386
8.5154318342117712
10.297966750198329
10.992592143136184
10.26829526875501
8.8079682349268271
8.7961390138735371
9.4483659745530826
13.652095058296769
13.688514779238901
5.6305567383043158
9.3228990896522195
4.5397159102792788
12.007081776411226
12.586713904869679
7.4986367368955893
3.8576922672692384
7.7382097510720227
4.1290569200953913
3.790910769654058
9.1135958542032078
9.1621738061659741
10.446861352848201
5.8868282347552263
7.2061818672577447
6.0588036880641196
9.4075231661289251
6.2219365607134547
5.5958224271811154
10.610398571520655
6.7435269084813605
6.9892191908048167
12.480185212840155
7.95185061586076
9.1699125486438042
8.0204695621077313
7.4124234644705167
12.452700343583476
2.6341270091053652
4.5091252609251562
3.0100149929600821
4.1947905617279995
3.4501322481134609
3.1957205573485448
2.6077972909717073
3.7788894540771749
10.552984693993592
7.6080757164376429
5.9345483886901693
4.8765109533876769
3.4299734265173631
4.6696922387864186
11.902842654930758
4.2990529084046143
4.8766302191255129
4.5924981804441449
5.8615242616141607
6.0917571616305635
5.7934841090769655
7.7624914856979395
9.5007739797599129
1.6777669351506626
9.2799902291935847
2.4581326072539311
1.563265216309472
1.6777939209535657
2.260954545559517
1.6777670821360466
3.2991053969417052
1.6780183326370792
1.5632537560582682
2.4399708910810745
1.6372707222769924
5.7073985005354935
3.8216098127986715
6.4581637976679529
4.143229841836515
10.411987532411391
7.2236482208784834
3.3387031997157028
3.4430499187397192
6.0524623873406744
4.2641232243373022
6.2112960381680677
4.4336618473495797
6.9844127638135065
5.7237829117297245
4.7419086014876743
8.0301649990763178
8.8385834752451657
4.8995106083158593
7.9375434849350661
3.7432957430267879
2.3587411141690251
5.0548001884604679
5.5221413055089572
13.643231250817799
3.7980223763761618
4.562153402892676
3.8353896341576417
3.8564333940427766
3.6888789466884768
3.7734600173889827
4.2632378527535026
4.3225168621569212
4.3954422894229728
9.7434978936981391
4.5432689853731478
4.9393295371245625
9.6260606689782744
12.665380222106611
9.408581260019595
8.1954657043242065
9.0339332456157084
10.251210580089339
4.2289733484395828
4.8336303670289462
8.7076851385697545
11.304438309015032
10.582462230223154
11.654686376677319
10.549528753624909
10.46357815172385
4.2084841645807929
10.73114377075264
5.5237048144592231
9.0253293459500679
7.2103212191128376
5.2660931000141078
8.9039113358626238
9.408581260019595
7.8694726283969256
7.8080252834013928
10.714120811531364
8.9378990108082554
3.0964927449697064
6.9672742463394997
9.3802479124021989
9.1733096179969937
13.441114268643766
9.3228990896522195
3.6070080364448014
4.7557887039473439
11.930754766896786
13.004326334274067
5.4078027138628757
3.708734659985327
3.7741312181411697
4.0290071522522526
3.9538527049279808
7.1724766111203024
4.3447846915874839
13.156736175363614
7.5968743342468992
7.6013501434704782
10.189603469898977
9.1621738061659741
9.2989361021286427
9.572196941928155
13.283344968701165
10.228786290049459
10.524822894317913
5.1021828451922193
10.30722319502804
5.0200696329857477
5.0442823617214945
5.7073985005354935
8.8187390946579018
4.1490996468580441
6.0394344326646126
10.1037990546349
10.490043324025555
7.5032190152299032
8.7734556596579942
9.8529992238664477
9.1228046058453369
3.8576922672692384
8.4916616657528117
10.564557427530588
3.866194069372725
3.7866062676191561
3.3692886982167507
10.767548134066775
9.9210220170177355
4.8871145800497162
4.8206962520449759
3.9135539572862799
10.4850499255896
7.6204834880381949
6.9981842475410989
7.5793878990368446
11.136929338003034
3.0964927449697064
3.9760534108621162
7.2276121726324076
5.8082004418381592
5.7916015568301651
13.094217698503186
3.0435649805857752
4.1610422819959991
4.3298121033075843
3.7376958055108496
8.7785134992850171
12.422594887348621
9.4162259152741576
3.9640588265159291
3.7980223763761618
8.8499888494868042
4.3084882324590055
4.2120211011758695
5.1809003947793499
5.7128392761166014
3.0775818541901732
4.8184828934856947
4.4912991821682864
9.6651619920477394
8.5101623896042078
12.395899889590996
5.187003895914037
8.2668620566566133
2.9318785423715585
7.0627815877720304
9.8287682974047339
8.8494719021388182
7.7343775647770396
8.3772447895021873
7.5032190152299032
13.392280970181671
7.5856154386489507
7.9218733120704128
9.5924716182505598
7.1038936361439387
7.2294318154297796
8.1843853222652037
9.0758900623829497
9.4340133910953892
7.7915245052354081
10.120652530331482
8.5055088201579991
8.5055088201579991
9.9060214610082458
10.490043324025555
9.9773630828386697
11.661731790544652
4.7606767416585489
3.9057395980580081
9.8047904892407818
6.1772326926455561
6.324752027577186
7.1393944329925709
6.207563713839269
13.445684666540869
5.1097047645150138
8.4916616657528117
11.225509185910454
2.5221292484828486
4.067431621141405
10.315898040688557
3.7741312181411697
3.8115972765721708
12.464490200635399
12.231130427429747
3.4390105438425391
4.0855505221835777
4.1460313875458494
3.5145276444658147
4.9603490637517416
4.0861245597715952
12.480185212840155
13.391388074461807
13.387594165600209
3.8115972765721708
3.7779755782198583
3.4223588510902601
3.8317131997393039
11.332266918360872
9.7987956178972446
10.367765991367218
9.5865111937188185
8.2530457359594855
9.0761172390903457
8.0760575494398328
8.44397151071324
3.283943645521223
1.6777939209535657
4.5091252609251562
3.7866545873461095
9.339923587851338
5.8662128455853475
2.260954545559517
2.8702291736482781
8.1238167229274882
8.5204077815275969
9.4611027815037883
10.098638802642684
3.751426005127831
3.8980918693924043
4.5363583004070618
7.0793675961073381
6.9255695784914346
13.428616786892777
11.460867630324305
7.9852863361087918
7.8694726283969256
13.392280970181671
8.0419869307420466
7.8341561303459111
10.220005208728617
8.4787547121207147
11.070553684605896
8.3606202801970344
9.4270931016888344
10.591795855339184
3.482033501363849
5.1120400255302698
10.073887754602097
13.396350036587936
4.3298121033075843
12.452700343583476
4.5397159102792788
6.4404234719987326
5.1617107076930218
7.0372512602455899
9.117646555675238
4.562153402892676
5.4078027138628757
7.041234705808745
5.3140084513784958
5.6473894821649875
9.2989361021286427
9.3599796574438852
9.6474495212133053
6.6707079544130865
6.0580699760941661
4.8855236371713744
5.0200696329857477
4.8871145800497162
10.958131146901762
4.8859143542680794
4.9654517020188464
7.1393944329925709
6.358832417394801
4.5432689853731478
5.0707083318493016
4.2082607380485593
5.0913229896889662
10.552984693993592
5.0171862298343957
8.0498585268737219
9.3948366283177656
5.5521219124825825
8.1055262158351571
9.7245922460100225
10.545414736740259
10.509675420774659
10.133060169712854
10.209356363038955
10.797182941580123
11.598145712792038
12.116358042632758
13.391388074461807
13.67594435039431
3.4779957267335671
4.1431377987652693
5.1684145494493405
5.9993816215876556
4.8765109533876769
5.8560187516202538
6.8558800436280674
7.2257121086361282
9.1699125486438042
5.5625150867247246
3.8353896341576417
3.708734659985327
7.041234705808745
3.3455282458616646
3.9742757099907413
10.361333734593073
4.1923686775381528
13.614722893077367
4.1158255936845141
3.8025322644488555
13.079013229433833
5.1711633349556907
3.6414733888704771
10.591795855339184
12.352562822108354
3.4430499187397192
3.6070080364448014
9.3411197734999867
8.0204695621077313
7.5968743342468992
10.549528753624909
9.8932393606807523
10.025837439065022
3.5258674638768004
7.6495901316402053
6.8366263108397343
6.8880196561531815
3.5861536503533014
3.9057395980580081
4.7046744184362188
3.888542293390711
6.0250757158579047
5.9340037441939053
6.0523367274663515
5.6410884369671166
5.1617107076930218
5.0219947169797594
7.3953347425346045
5.9046972233328265
6.5519554062368011
9.5865111937188185
7.5856154386489507
8.9775951091955619
10.462670914458595
10.462670914458595
2.3613071541149835
1.6777670821360466
3.3692886982167507
12.327008460794936
8.8499888494868042
4.7046744184362188
4.6874927893789726
8.6183086295193796
8.2741838199091404
12.665380222106611
8.3865109635691741
9.5879138065214793
10.992592143136184
2.4177515272267471
1.9758812698393498
2.6505506830541878
2.3185500032916186
2.7075227335133283
3.8201303279226924
8.8289045605352374
7.7382097510720227
9.24201632308821
1.9758812698393498
3.0598738396872882
3.0598738396872882
3.1820753395271257
2.6111320704649774
3.8201303279226924
2.6111320704649774
1.8961199726173292
3.0598738396872882
4.3298121033075843
3.7779755782198583
5.361068879318311
3.3533507678824068
9.7066137210181509
11.151105516745114
7.5778450260366919
3.2991053969417052
3.5058313326229351
7.4813605319489236
4.5765897713917267
2.4642842933251203
3.9760534108621162
2.6505506830541878
3.0746638788169793
3.7590964055653102
5.2403656934898359
12.46820301050909
8.2994197006288211
6.7072800216569135
8.7064187361771914
6.1589765720140486
6.097942649656666
6.2129526511990329
10.144553662671248
2.7115836602388264
7.3283996940597262
6.4733932285248361
5.361068879318311
3.728410865400567
7.7107415801939787
5.0623307499954731
3.8564333940427766
4.1600797198811881
8.162994837205531
10.822285701456698
11.765905990119835
4.1036261825943807
3.0100149929600821
5.0095286725476722
3.2530173768165982
4.6067958527441322
3.7358673002315945
3.8077252247427147
8.2530457359594855
8.1004534770406948
11.564110658775602
9.0761172390903457
1.7853008494393603
2.5123908442085652
7.4063612355294381
6.5685008312546262
4.5510451447111562
10.307655068784426
8.9284807946864095
6.0524623873406744
3.8360606190399711
6.3588162560488577
6.4024331976413746
13.688514779238901
7.9218733120704128
9.7566152512213407
12.819840791393316
6.0917571616305635
6.0250757158579047
5.9340037441939053
5.9316562791853968
10.958131146901762
9.4673875445830404
6.7283753936676236
1.8568056143253113
2.2638391753752511
3.0598738396872882
3.6642072449832686
8.8187390946579018
5.8635134332059096
3.0598738396872882
3.4470394194497818
12.832252576145716
5.0675543557324128
4.3084882324590055
2.725026681710256
11.886431373914833
4.5942164876816598
12.464490200635399
11.151105516745114
5.80515512583223
3.8719949676920269
3.9270017371585766
5.2146809542308326
3.1300575660285763
7.6013501434704782
5.0688842598749861
5.736191329544793
9.1869602077599453
5.068596488079697
5.7005792351718352
3.6888789466884768
5.6473894821649875
3.3455282458616646
4.8184828934856947
4.7556688255592352
7.6246408237285417
7.0352282932996877
13.204876699005142
7.1678564374009719
11.957926067455565
9.3033936559210009
2.387238726831812
3.9760534108621162
3.8980918693924043
12.352562822108354
2.442811521915826
7.619169956185007
8.5194460710864135
11.304438309015032
8.4637037017180479
9.5924716182505598
12.216907417744695
9.1294939787480605
9.4075231661289251
5.8139828397007438
3.7971202167657894
6.090716946913231
10.184529809085726
3.8585411526912137
5.8868282347552263
3.8216098127986715
4.7557887039473439
4.1490996468580441
5.8635134332059096
5.3296966218871269
4.6185172472454079
4.6758350780335123
12.969332607896197
12.563186153096121
3.998875474461479
9.2288274415762057
9.4135291318106766
5.0575803082131578
5.1067938084142046
4.3727683142688818
10.290938269908777
6.5086613736757633
4.1703238706153476
5.4573226987866414
5.3109718276360889
4.3651484634499234
4.8489995882990558
4.8206962520449759
4.8859143542680794
4.3853890378842442
4.3656471544988218
5.5980983081828128
6.4310908737647514
6.2219365607134547
4.5130392987656522
4.844580465315615
5.2054733970201887
7.0561003286594328
9.634395218855996
10.582462230223154
12.992655022573139
8.9596110428718561
11.361887252060891
13.004326334274067
10.073887754602097
12.46820301050909
8.923653443461081
8.3686210086047073
6.2674481728281242
13.014721694026161
12.246050258205972
8.7067933516465548
9.1294939787480605
7.5202714121761343
8.723558398621293
6.5978905277745383
9.1294939787480605
6.5778367934145576
8.6769139006103728
3.2823336605973132
3.494983842167378
5.1120400255302698
10.770467340086336
4.56369672771672
3.2477616732580379
3.8133284163220962
4.5397159102792788
11.15723393787132
3.0746638788169793
7.8937708975636918
10.16070198901725
7.4869001354366569
7.6287388272092356
8.1151399594453952
7.472736296153605
7.9876924224794363
3.2863641236871683
11.188610468923754
3.4223588510902601
3.3533507678824068
3.728410865400567
3.3106248540733616
3.8215537884007991
7.514978856975814
1.789374780066973
2.7660785279731805
3.881376675778172
5.2403656934898359
5.4573226987866414
4.2875900548089811
4.5531457390869861
6.7319721772866661
8.7734556596579942
7.1038936361439387
8.9775951091955619
8.9284807946864095
9.7566152512213407
9.1268100315036396
9.5739882957470144
11.39627212711807
7.0366588176116265
10.602784435787624
8.9284807946864095
8.9284807946864095
3.9742757099907413
4.4368354229941156
5.5352842402563533
11.225509185910454
3.8579262222155672
6.1391020522877362
10.792424165619357
10.797182941580123
10.729651196871766
11.475891235909616
9.1268100315036396
8.79587693820379
6.7438245615743675
12.496949500837433
4.3853890378842442
4.8548931321448148
3.8938985570364317
3.939539542930433
3.4299734265173631
3.6964698486420247
3.7573768743806566
11.957926067455565
8.3827287197476981
4.6696922387864186
5.0442823617214945
5.8560187516202538
11.765905990119835
5.0688842598749861
5.068596488079697
10.839943531899802
5.2559795431186229
5.0483044923897991
3.5682566957437318
6.207563713839269
6.358832417394801
3.5274525207670777
2.7217129208259281
5.7237829117297245
3.3106248540733616
3.1209011792333081
4.320212372668272
3.2261115775282878
4.5510451447111562
3.5139960436823894
4.5363583004070618
4.3825779170863246
3.1204057754567529
4.6989427674235387
3.8851033176335994
4.6485217805682542
3.5552284266476057
3.6354562604571123
8.8063063544265265
8.8494719021388182
13.396350036587936
9.4673875445830404
8.923653443461081
12.496949500837433
9.0003076919355962
12.820743532922606
11.933480604312635
4.2863758366345861
4.7330383915496759
4.2875647156068677
10.703709127659446
5.3109718276360889
4.3656471544988218
4.2875900548089811
4.8548931321448148
4.2876342991444707
10.018572928344533
8.1151399594453952
11.138570279339632
3.3692886982167507
10.361333734593073
4.8914203303419095
8.6615360050343746
7.6776771483057864
6.4845047493804771
7.4156184542042887
6.3975452607989602
6.368244576486549
2.6734193755416658
2.7046389055142326
12.452700343583476
12.452700343583476
5.1684145494493405
4.9025282837550774
2.7411794125190356
5.3663227398359004
5.3382872965002726
12.288636042650291
5.9529048611778137
6.8336169452873836
4.4773300037424049
12.034249157020584
4.0213398213162401
13.299931721409486
3.455028479881129
3.1194162548484021
3.7730713246961591
4.3658611182106757
4.3825779170863246
4.5387118202624288
12.231130427429747
3.7217221934738851
4.4587766556082613
3.7113461480570318
10.446861352848201
9.572196941928155
6.6494430837680296
11.271925524858322
2.7874699356600261
4.7419086014876743
6.8606304452414548
5.0095286725476722
3.4608137583588139
8.3686210086047073
9.0003076919355962
4.9025282837550774
5.9960032794029328
9.9880761257250281
10.063601720889363
13.395759327730346
4.9744059764251185
3.8136269595225278
3.8831771092527556
5.3296966218871269
5.5552322781637606
5.8404418113915382
4.68663422716212
4.8673944091717756
13.491387909914334
11.289431833283125
3.8134002586531626
8.0306227872168794
7.1027665426760587
7.2294318154297796
3.8824057357262576
7.8741304843477096
6.4581637976679529
6.0394344326646126
4.0540149523318281
4.1168290202582876
12.416936795760732
13.228158104600428
10.141062361095807
8.0751907550543951
7.2276121726324076
5.0219947169797594
4.5130392987656522
5.4545693061756761
4.5531457390869861
7.6568886913474437
10.636831630783211
4.1923686775381528
4.4368354229941156
4.1085534622836999
5.9592356480438351
8.0388709418439142
2.5017163630952748
2.6077972909717073
3.7432957430267879
8.7785134992850171
9.8287682974047339
8.8289045605352374
2.7411794125190356
2.2791424405124912
6.579711585410104
10.553147322759482
2.1150865433644794
3.1035709668626428
2.4086795815554427
1.6780183326370792
3.2911163365103584
2.6572652055984238
1.6372772157848228
3.8215537884007991
3.1209011792333081
6.8276262332004976
3.7485600002232009
5.2186410325122541
3.2530173768165982
8.5448244096741259
8.0679845798980523
3.9148086682680532
3.9850881650717938
4.3630403833521632
5.1138503846178116
2.9421598362589831
3.9538527049279808
3.7376958055108496
4.5765897713917267
3.1204057754567529
4.5387118202624288
4.5372477937884215
6.7801592705764993
8.274684073851434
7.3970813479993325
8.3259842814212686
6.7996319064458621
10.492325547319597
3.9046858457124869
7.7899544721193061
4.7255412855124677
5.3793611573169295
4.1706743319568131
6.4024331976413746
2.3185500032916186
3.1820753395271257
5.232081796642456
4.2876342991444707
4.8727606321933896
7.1724766111203024
5.3663227398359004
2.2791424405124912
6.2339775507860873
5.0622915578732037
5.5958224271811154
5.8139828397007438
4.844580465315615
4.5845420362619276
4.5691358782859641
3.8581643818064464
6.9672742463394997
8.3827287197476981
4.7255412855124677
5.2509985743051919
4.0521339881984204
5.0524331703591088
5.6263075900241866
5.7782389773391394
5.5789936718336106
5.8515970263335353
9.9103174204494699
7.9399386244275325
2.6760932398083792
8.0306227872168794
5.2509985743051919
12.02749342283489
5.3294069862973616
12.820743532922606
7.0837773774366664
8.274684073851434
7.3953347425346045
7.301347630784254
12.02749342283489
6.2990377952197658
5.7898196065181828
3.4390105438425391
7.0653215185483891
4.7423929820160495
8.6161716203755176
13.380004794784695
2.6111320704649774
9.3802479124021989
10.492325547319597
9.5981779676004439
10.205753333981367
3.5660201614664881
3.3639191541376148
4.1600797198811881
3.8719949676920269
4.6989427674235387
6.7214241611776799
10.634958371975248
10.729651196871766
7.102437396599842
11.394334840532943
7.5774133256325804
7.95185061586076
7.6204834880381949
8.0751907550543951
7.9399386244275325
10.636330404283214
8.3720918470823928
8.4183716836275249
7.7723413611667533
7.8494388388088625
10.886284521992643
9.4421838780579748
4.3919886634038647
3.7730713246961591
4.2190582753342429
3.8759422266317491
3.7734600173889827
4.2120211011758695
8.424380000207794
13.614722893077367
3.9125997973690865
7.9375434849350661
3.888542293390711
4.6874927893789726
2.9273206369157019
2.9214114447540425
4.1168290202582876
8.0509361765781442
2.0934867203108696
3.5274525207670777
4.6185172472454079
5.5552322781637606
7.0588972425040559
7.5771551030045838
3.7788894540771749
9.7434978936981391
6.1772326926455561
6.2674481728281242
5.3382872965002726
5.9960032794029328
6.579711585410104
12.65852014565769
7.7264933843737573
8.0691163107389503
3.2899433382213865
2.4111092270417407
9.2272469514051672
7.34420925567012
7.6080757164376429
5.0548001884604679
4.2084841645807929
9.1733096179969937
5.1021828451922193
5.0171862298343957
8.1055262158351571
5.3793611573169295
4.0521339881984204
9.5981779676004439
7.5628479232138428
4.1990664630838408
7.7432908849242175
3.8851033176335994
5.6194534514827428
3.5035522625099897
12.102042970237695
3.340260567424326
4.0213398213162401
12.65852014565769
7.3970813479993325
9.0996746539306042
7.0793675961073381
4.1947905617279995
13.474221493402668
12.413457506155765
6.7920969410325149
6.0588036880641196
6.0580699760941661
6.7283753936676236
13.299931721409486
13.491387909914334
6.1441804422863315
13.299931721409486
6.231365704284678
6.7284844549467078
12.288636042650291
2.7075227335133283
3.8201303279226924
9.8311021483408307
10.636831630783211
13.760728233273113
11.933480604312635
9.0522401960393335
10.636330404283214
3.2911163365103584
3.3681706407148155
3.9183053500960461
6.4845047493804771
4.8644442858445363
6.9452065728136381
6.8276262332004976
6.1441804422863315
6.8692150523106212
8.865577693805573
6.9981842475410989
13.387594165600209
13.67594435039431
9.9886115967752698
10.46357815172385
13.283344968701165
9.3599796574438852
9.8932393606807523
7.0165535281808786
4.5372477937884215
6.2139917008328487
10.553147322759482
6.1589765720140486
4.6084386372909352
4.9783031712986441
3.8351262164112492
6.5838645179904187
11.902842654930758
3.6365407232447984
4.320212372668272
8.4193987863266599
8.3720918470823928
8.7304933884915386
8.0419869307420466
10.446861352848201
5.2777362084183501
6.0523367274663515
5.9316562791853968
5.3363649526197019
6.6075158910107437
5.2490130961493096
4.3222788382287378
7.3249257392879059
7.4124234644705167
2.6111320704649774
13.299931721409486
10.770467340086336
4.56369672771672
10.564557427530588
3.4501322481134609
4.6067958527441322
3.8201303279226924
3.7590964055653102
10.612228593389524
10.36408220175335
9.8761183550274474
9.9773630828386697
6.1539060739876099
4.4912991821682864
4.7556688255592352
4.8644442858445363
9.9886115967752698
6.0366095120083356
7.7944216701681261
7.472736296153605
11.138570279339632
9.5565349828682447
8.2910079534841206
5.5424913669850442
6.5822818274707382
2.6060126915521309
12.508842528502509
5.5625150867247246
6.4310908737647514
10.193208042976689
10.73114377075264
7.5628479232138428
7.4156184542042887
4.0855505221835777
7.0653215185483891
5.7782389773391394
4.7281153512160783
6.4967068838571649
4.5511899840471566
13.014721694026161
6.0221339026589789
3.1755000759393579
7.2211568696363049
8.3259842814212686
10.212976728439065
8.2223496722168914
8.0766464121429742
8.1799418055505875
8.4435703449413175
8.8385834752451657
9.0339332456157084
7.8080252834013928
8.5204077815275969
7.8341561303459111
8.5521876057549431
8.2722774339662717
8.2820100950815316
8.8076879918002255
9.3712918646496206
10.980569237087144
13.139993288133192
8.0760575494398328
8.1004534770406948
10.220005208728617
8.5521876057549431
2.5829710858308972
5.0524331703591088
9.8529992238664477
8.1843853222652037
5.5980983081828128
8.893449766920936
13.507018380561652
10.018572928344533
10.025837439065022
10.184529809085726
4.1290569200953913
3.866194069372725
13.380004794784695
10.336402464380173
5.8084862345530563
7.514978856975814
7.8741304843477096
9.2428692086030981
10.610398571520655
8.44397151071324
9.0758900623829497
6.281205007085811
6.8702926701871521
6.231365704284678
1.7369028680359511
2.3587411141690251
2.1150865433644794
4.1460313875458494
3.7217221934738851
4.7423929820160495
7.3113177523468869
4.8478887651125842
4.8218663634551113
10.981286754432782
8.4183716836275249
4.3658611182106757
4.2190582753342429
7.7264933843737573
2.6572652055984238
2.0882294596063344
4.0893963237411786
5.0743857063098163
8.5154318342117712
9.4340133910953892
5.2054733970201887
4.5845420362619276
7.7263609510104567
7.0372512602455899
4.1158255936845141
4.6485217805682542
5.9135496119338695
4.6758350780335123
7.0636288301765076
7.7697810436880408
3.9270017371585766
5.3820983629751273
6.3975452607989602
7.34420925567012
6.3227071518485083
3.4715333692425787
10.822285701456698
5.5424913669850442
5.1479430717544075
4.2632378527535026
5.1809003947793499
5.17960421244765
3.5564294406633583
5.5221413055089572
5.5237048144592231
10.30722319502804
3.9135539572862799
8.0498585268737219
9.7245922460100225
6.5778367934145576
4.1990664630838408
3.4326244683572087
3.7897531000017626
10.229693527314714
5.4818831380544193
7.7723413611667533
7.8255453580927794
12.969332607896197
5.7246859427804608
7.5793878990368446
7.8494388388088625
7.8255453580927794
6.7931871293074639
6.3863057599852624
8.8172650582197374
2.0107283826823892
1.5632537560582682
2.8702291736482781
3.8680329338962962
4.2641232243373022
4.1431377987652693
3.8360606190399711
2.4399708910810745
3.455028479881129
1.7555937228522398
10.053019246509315
5.840088993977087
7.4813605319489236
7.0352282932996877
9.3863685148096749
11.490991756944505
10.839943531899802
13.242803993337176
7.0561003286594328
8.7724569239731807
10.886284521992643
3.8193993365004966
5.7934841090769655
6.105720889851332
12.246050258205972
8.5411683541143404
9.4421838780579748
7.4371342862636025
4.9879303142207032
5.0266509800250683
6.2112960381680677
4.9393295371245625
5.0707083318493016
3.8025322644488555
4.5510451447111562
4.5510451447111562
4.8914203303419095
4.1085534622836999
5.5789936718336106
4.1186075053107274
4.4779417779067003
9.9210220170177355
7.9876924224794363
9.3863685148096749
7.6740931594215978
12.819840791393316
5.9993816215876556
5.9529048611778137
8.0691163107389503
3.9361931211701466
3.2477616732580379
4.143229841836515
4.4336618473495797
4.2082607380485593
13.079013229433833
12.563186153096121
5.8404418113915382
5.8515970263335353
4.7281153512160783
7.0636288301765076
4.1186075053107274
4.6070539265071524
6.7338389468428206
10.290938269908777
9.132192685756479
4.2331181896330046
6.0768095164915144
6.5685008312546262
5.7857904959781292
11.83659133462063
3.3640695180226228
3.8133284163220962
9.9485019471838818
7.8349060794543659
5.6263075900241866
5.3294069862973616
10.602791192900691
11.661731790544652
11.654686376677319
11.598145712792038
11.623542582093512
13.445684666540869
7.3294702013502979
8.2994197006288211
7.5202714121761343
8.79587693820379
8.424380000207794
7.7243436725400079
8.8684657682013466
7.6809128742905122
9.9790921040299292
4.2990529084046143
5.2559795431186229
4.0753762059208656
5.2660931000141078
12.395899889590996
3.8136269595225278
5.0743857063098163
4.7551830931249492
12.772939722138565
13.645554723333213
3.7866062676191561
4.390929980148548
5.5304076728878524
11.490991756944505
10.590911396257656
8.2217824589223767
3.3681706407148155
2.3387557706792852
2.3387557706792852
1.6372707222769924
11.460867630324305
1.8961199726173292
2.7115836602388264
3.6642072449832686
3.4470394194497818
2.442811521915826
2.7046389055142326
1.6372772157848228
3.3681706407148155
2.0882294596063344
1.7555937228522398
11.883385702901769
11.475891235909616
7.2624027386424732
7.4869001356353753
12.116358042632758
11.623542582093512
5.1711633349556907
4.4779417779067003
6.9255695784914346
3.5552284266476057
4.1483739601466532
3.7986994125001217
3.8831771092527556
8.723558398621293
6.8880196561531815
6.7072800216569135
6.5978905277745383
6.7438245615743675
6.7996319064458621
9.0996746539306042
7.7243436725400079
5.3140084513784958
3.6414733888704771
7.7915245052354081
9.5739882957470144
4.5641126576571684
5.6235425578371281
6.7284844549467078
8.0001469694603191
8.3865109635691741
9.7342367776467977
4.8766302191255129
3.5468439897549775
3.790910769654058
2.5979366215135888
5.7246859427804608
6.8336169452873836
3.1035709668626428
4.3225168621569212
4.4587766556082613
12.371580755457705
5.7602638445506917
6.368244576486549
5.7898196065181828
12.102042970237695
6.6075158910107437
6.3227071518485083
5.7857904959781292
7.2624027386424732
3.0598738396872882
4.6073563676505733
3.1957205573485448
3.7866545873461095
3.7358673002315945
3.6354562604571123
3.4608137583588139
6.7214241611776799
5.6194534514827428
4.1483739601466532
6.2339775507860873
4.2289733484395828
5.5352842402563533
5.9592356480438351
3.803632867491447
8.2668620566566133
6.097942649656666
3.998875474461479
6.1391020522877362
4.6084386372909352
6.5838645179904187
5.3820983629751273
5.2420421007169002
7.8411387567052602
5.9813181670357149
5.6684107153140273
4.3661731725397885
4.7222247899605865
10.545414736740259
7.7432908849242175
12.561542504966599
3.7113461480570318
3.8759422266317491
4.5511899840471566
12.371580755457705
3.7749388941201207
4.5691358782859641
4.9879303142207032
6.6493846161233163
6.8692150523106212
3.5145276444658147
7.3113177523468869
3.8593636515999235
10.352065300588134
6.3942010702741392
6.6436636717533117
6.3670972618713586
8.0509361765781442
6.3863057599852624
8.1121949754453926
3.6482880278339622
12.54359498827362
4.5925229292998493
4.5924981804441449
3.6964698486420247
6.5822818274707382
5.1479430717544075
3.9434772345805698
7.1572156044819994
10.4850499255896
8.6769139006103728
4.3222788382287378
3.4326244683572087
7.8349060794543659
8.5561354080006424
3.8292505679856834
4.1511612490437715
5.2146809542308326
6.105720889851332
5.2420421007169002
10.228786290049459
4.9654517020188464
5.736191329544793
5.7005792351718352
5.0483044923897991
13.242803993337176
5.6235425578371281
3.83491820145125
4.390929980148548
4.1255252901934938
4.7551830931249492
4.3954422894229728
5.7128392761166014
3.552192558250729
3.7897531000017626
9.1294939787480605
11.22647676754532
8.8684657682013466
9.7167342250730808
7.6809128742905122
10.714120811531364
8.2722774339662717
9.8995487708510321
8.2820100950815316
9.1223693844219031
10.250534396224703
8.4787547121207147
5.2542016109429159
9.4333613137419459
7.8411387567052602
8.5042879219026304
3.6207188168303217
5.0266509800250683
8.9378990108082554
11.070553684605896
10.962128988761421
8.3606202801970344
11.070553684605896
9.5879138065214793
9.1228046058453369
11.39627212711807
9.2587664778691767
9.21952879962498
10.297966750198329
10.992592143136184
9.7342367776467977
9.2587664778691767
10.992592143136184
8.6025948260329468
9.4611027815037883
2.5894580171768751
4.8336303670289462
3.1755000759393579
9.42092111088939
10.26829526875501
8.8076879918002255
7.4105331265112611
7.0366588176116265
9.4341933137675635
10.251210580089339
8.8079682349268271
10.697462776132985
9.5565349828682447
10.985194841673652
8.2910079534841206
8.7961390138735371
10.120652530331482
8.5055088201579991
8.5055088201579991
6.1539060739876099
2.7836191212730781
3.2261115775282878
2.8436035245377873
10.193208042976689
6.1539060739876099
9.9501434357958054
10.098638802642684
10.462670914458595
9.4483659745530826
10.462670914458595
10.602784435787624
9.2288274415762057
5.9813181670357149
10.229904347551395
10.602784435787624
9.3712918646496206
5.3079238363104562
5.3363649526197019
3.3124643969328655
4.3447846915874839
9.4135291318106766
5.6684107153140273
9.0253293459500679
5.0575803082131578
4.9783031712986441
4.3661731725397885
10.524822894317913
9.6474495212133053
8.9284807946864095
6.5908376451542123
9.6651619920477394
8.1121949754453926
5.1067938084142046
4.7222247899605865
10.524822894317913
8.9284807946864095
9.3948366283177656
10.229693527314714
8.571601994706068
9.4270931016888344
10.446861352848201
8.571601994706068
10.509675420774659
5.5521219124825825
5.4818831380544193
4.68663422716212
4.6070539265071524
9.4341933137675635
10.411987532411391
4.3727683142688818
8.5561354080006424
6.7338389468428206
5.9046972233328265
5.4545693061756761
6.2689338306878089
7.2236482208784834
10.290938269908777
10.290938269908777
10.229904347551395
8.5042879219026304
6.5086613736757633
4.1703238706153476
4.8673944091717756
4.9603490637517416
3.8317131997393039
7.7697810436880408
9.132192685756479
8.8172650582197374
5.0913229896889662
4.2331181896330046
8.7064187361771914
9.9790921040299292
4.0861245597715952
4.8478887651125842
9.117646555675238
6.5519554062368011
