====================================================================================================
SEED 5  rule=T1 g=0.075 N=650 epochs=900 (paired directed / symmetric, identical seed)
====================================================================================================
[directed ] status=ok snaps=90 BSW_occ=28 windows=4 dead=723 audit=OK
    ep    ph    V  b1_H12 b1_H6 b1_S6  occSCC occSCC3 feCYC feDYAD feOPEN maxSCC refl  gcf  npts slope   r2    fail
      10    SW    7      5     5     3   0.29  0.00   0.00  0.20  0.80     2     2  1.00    0    -     -   NO_SCALING_PTS
      20    SW   15     13    13     9   0.00  0.00   0.00  0.00  1.00     1     0  1.00    0    -     -   NO_SCALING_PTS
      30    SW   24     22    22    15   0.29  0.29   0.30  0.00  0.70     6     0  1.00    1    -     -   FEW_RADII
      40    SW   36     34    34    24   0.10  0.10   0.11  0.00  0.89     3     0  1.00    1    -     -   FEW_RADII
      50    SW   49     47    47    35   0.00  0.00   0.00  0.00  1.00     1     0  1.00    1    -     -   FEW_RADII
      60    SW   54     52    52    41   0.05  0.00   0.00  0.04  0.96     2     0  1.00    1    -     -   FEW_RADII
      70    SW   62     60    60    50   0.07  0.07   0.07  0.00  0.93     3     0  1.00    1    -     -   FEW_RADII
      80    SW   67     65    65    56   0.10  0.10   0.16  0.00  0.84     5     0  1.00    1    -     -   FEW_RADII
      90    SW   74     72    72    59   0.09  0.09   0.11  0.00  0.89     3     0  1.00    1    -     -   FEW_RADII
     100    SW   78     76    76    64   0.00  0.00   0.00  0.00  1.00     1     0  1.00    1    -     -   FEW_RADII
     110    SW   83     81    81    66   0.05  0.00   0.00  0.04  0.96     2     0  1.00    1    -     -   FEW_RADII
     120    SW   94     92    92    71   0.09  0.09   0.14  0.00  0.86     6     0  1.00    2    -     -   FEW_RADII
     130    SW  101     99    99    77   0.09  0.09   0.12  0.00  0.88     5     0  1.00    2    -     -   FEW_RADII
     140    SW  111    109   109    88   0.12  0.12   0.24  0.00  0.76    10     0  1.00    2    -     -   FEW_RADII
     150    SW  125    123   123   101   0.11  0.11   0.18  0.00  0.82    11     0  1.00    1    -     -   FEW_RADII
     160    SW  153    151   151   119   0.00  0.00   0.00  0.00  1.00     1     0  1.00    2    -     -   FEW_RADII
     170    SW  162    160   160   121   0.00  0.00   0.00  0.00  1.00     1     0  1.00    2    -     -   FEW_RADII
     180    SW  167    165   165   125   0.04  0.00   0.00  0.04  0.96     2     0  1.00    2    -     -   FEW_RADII
     190    SW  180    178   178   142   0.05  0.05   0.07  0.00  0.93     6     0  1.00    2    -     -   FEW_RADII
     200    SW  190    188   188   152   0.09  0.00   0.00  0.08  0.92     2     0  1.00    1    -     -   FEW_RADII
     210    SW  202    200   199   162   0.02  0.00   0.00  0.02  0.98     2     0  1.00    1    -     -   FEW_RADII
     220    SW  211    209   205   170   0.03  0.03   0.05  0.00  0.95     5     0  1.00    2    -     -   FEW_RADII
     230    SW  220    218   214   176   0.05  0.05   0.08  0.00  0.92     7     0  1.00    2    -     -   FEW_RADII
     240    SW  235    233   229   185   0.07  0.07   0.10  0.00  0.90     9     0  1.00    2    -     -   FEW_RADII
     250    SW  266    264   257   202   0.15  0.15   0.25  0.00  0.75    28     0  1.00    2    -     -   FEW_RADII
     260    SW  312    310   304   237   0.07  0.07   0.14  0.00  0.86    19     0  1.00    2    -     -   FEW_RADII
     270    SW  344    342   333   266   0.06  0.00   0.00  0.06  0.94     2     0  1.00    3    -     -   FEW_RADII
     280    SW  348    346   334   269   0.29  0.00   0.00  0.33  0.67     2     0  1.00    2    -     -   FEW_RADII
     290    SW  347    345   334   268   0.03  0.03   0.05  0.00  0.95     6     0  1.00    2    -     -   FEW_RADII
     300    SW  352    350   337   275   0.00  0.00   0.00  0.00  1.00     1     0  1.00    2    -     -   FEW_RADII
     310    SW  361    359   347   274   0.06  0.04   0.04  0.02  0.94     3     0  1.00    2    -     -   FEW_RADII
     320    SW  366    364   349   279   0.06  0.04   0.05  0.03  0.92     5     0  1.00    3    -     -   FEW_RADII
     330    SW  399    397   373   296   0.05  0.05   0.09  0.00  0.91    11     0  1.00    3    -     -   FEW_RADII
     340    SW  412    410   376   304   0.03  0.03   0.05  0.00  0.95     6     0  1.00    3    -     -   FEW_RADII
     350    SW  415    411   376   299   0.03  0.03   0.04  0.00  0.96     4     0  1.00    2    -     -   FEW_RADII
     360    SW  417    413   375   304   0.11  0.08   0.09  0.02  0.89     3     0  1.00    2    -     -   FEW_RADII
     370    SW  427    421   385   307   0.14  0.06   0.07  0.07  0.85     3     0  1.00    2    -     -   FEW_RADII
     380    SW  425    419   383   305   0.04  0.02   0.03  0.01  0.96     3     0  1.00    2    -     -   FEW_RADII
     390    SW  430    422   386   296   0.05  0.05   0.08  0.00  0.92     6     0  1.00    2    -     -   FEW_RADII
     400    SW  425    416   381   286   0.08  0.08   0.11  0.00  0.89     4     0  1.00    2    -     -   FEW_RADII
     410    SW  421    413   375   285   0.06  0.06   0.12  0.00  0.88     8     0  1.00    3    -     -   FEW_RADII
     420    SW  435    425   386   286   0.14  0.13   0.24  0.01  0.75    31     0  1.00    3    -     -   FEW_RADII
     430    SW  467    457   411   316   0.09  0.08   0.12  0.01  0.87    13     0  1.00    3    -     -   FEW_RADII
     440  METR  529    518   456   347   0.05  0.05   0.09  0.00  0.91    13     0  1.00    4  2.57  0.99  -
     450  METR  563    549   486   365   0.05  0.05   0.09  0.00  0.91    16     0  1.00    4  2.43  1.00  -
     460    SW  614    599   533   388   0.07  0.07   0.12  0.00  0.88    16     0  1.00    3    -     -   FEW_RADII
     470    SW  627    614   554   412   0.06  0.06   0.10  0.00  0.90    14     2  1.00    3    -     -   FEW_RADII
     480    SW  641    628   570   421   0.04  0.02   0.03  0.02  0.95     3     1  1.00    3    -     -   FEW_RADII
     490  METR  647    634   573   444   0.06  0.06   0.09  0.00  0.91    13     0  1.00    4  3.01  1.00  -
     500  METR  649    633   566   450   0.07  0.07   0.11  0.01  0.88    14     2  1.00    4  2.81  0.99  -
     510  METR  649    631   553   460   0.07  0.07   0.13  0.00  0.86    23     0  1.00    4  2.49  1.00  -
     520  METR  650    632   555   466   0.05  0.03   0.06  0.01  0.93    12     0  1.00    4  2.47  1.00  -
     530  METR  649    630   561   474   0.09  0.07   0.11  0.01  0.88    16     2  1.00    4  2.39  1.00  -
     540  METR  649    629   556   479   0.08  0.08   0.12  0.00  0.88    24     0  1.00    4  2.36  1.00  -
     550  METR  649    630   563   487   0.08  0.08   0.14  0.00  0.86    30     5  1.00    4  2.44  1.00  -
     560  METR  650    630   565   485   0.09  0.09   0.18  0.00  0.82    45     9  1.00    5  2.29  1.00  -
     570  METR  649    629   566   474   0.09  0.08   0.13  0.01  0.86    25     2  1.00    5  2.25  1.00  -
     580  METR  650    628   569   465   0.08  0.07   0.14  0.00  0.85    34     2  1.00    5  2.19  1.00  -
     590  METR  650    625   572   466   0.08  0.07   0.14  0.01  0.85    26     2  1.00    4  2.20  1.00  -
     600  METR  650    622   566   451   0.04  0.03   0.05  0.01  0.94    10     2  1.00    4  2.30  1.00  -
     610  METR  647    618   534   444   0.03  0.03   0.04  0.00  0.96     5     0  1.00    4  2.48  1.00  -
     620  METR  649    618   524   447   0.05  0.04   0.07  0.01  0.92    15     2  1.00    4  2.68  1.00  -
     630  METR  642    610   505   449   0.02  0.02   0.02  0.00  0.98     3     2  1.00    4  2.82  1.00  -
     640    SW  634    601   486   446   0.03  0.00   0.00  0.03  0.97     2     0  1.00    3    -     -   FEW_RADII
     650    SW  623    585   479   445   0.09  0.00   0.00  0.07  0.93     2     0  1.00    3    -     -   FEW_RADII
     660    SW  605    562   463   436   0.07  0.00   0.00  0.07  0.93     2     1  1.00    3    -     -   FEW_RADII
     670    SW  596    553   468   436   0.03  0.02   0.03  0.01  0.96     5     0  1.00    3    -     -   FEW_RADII
     680    SW  602    557   478   436   0.07  0.07   0.11  0.00  0.89    16     0  1.00    3    -     -   FEW_RADII
     690  METR  612    560   491   443   0.03  0.03   0.06  0.00  0.94     8     2  1.00    4  2.87  1.00  -
     700  METR  631    575   511   449   0.02  0.02   0.02  0.00  0.98     3     3  1.00    4  2.77  1.00  -
     710    SW  627    571   514   439   0.09  0.00   0.00  0.11  0.89     2     0  1.00    3    -     -   FEW_RADII
     720    SW  628    571   515   424   0.04  0.00   0.00  0.05  0.95     2     0  1.00    3    -     -   FEW_RADII
     730    SW  613    556   497   395   0.00  0.00   0.00  0.00  1.00     1     0  1.00    3    -     -   FEW_RADII
     740    SW  595    541   476   365   0.00  0.00   0.00  0.00  1.00     1     2  1.00    3    -     -   FEW_RADII
     750    SW  591    529   459   342   0.22  0.22   0.33  0.00  0.67     7     0  1.00    3    -     -   FEW_RADII
     760    SW  592    530   445   330   0.10  0.10   0.19  0.00  0.81     5     7  1.00    3    -     -   FEW_RADII
     770    SW  583    522   418   313   0.09  0.00   0.00  0.09  0.91     2     0  1.00    3    -     -   FEW_RADII
     780    SW  580    517   393   310   0.05  0.05   0.10  0.00  0.90     8     0  1.00    3    -     -   FEW_RADII
     790    SW  553    482   371   297   0.03  0.02   0.03  0.01  0.96     3     1  1.00    3    -     -   FEW_RADII
     800    SW  538    465   349   280   0.02  0.00   0.00  0.02  0.98     2     1  1.00    3    -     -   FEW_RADII
     810    SW  518    443   333   265   0.07  0.07   0.10  0.00  0.90     4     0  1.00    3    -     -   FEW_RADII
     820  METR  515    433   326   245   0.04  0.04   0.07  0.00  0.93     4     1  1.00    4  2.66  1.00  -
     830  METR  502    419   328   238   0.06  0.04   0.06  0.02  0.92     4     7  1.00    4  2.73  1.00  -
     840  METR  498    406   328   223   0.16  0.07   0.10  0.09  0.81     4     2  1.00    4  2.57  1.00  -
     850  METR  491    402   325   227   0.03  0.03   0.04  0.00  0.96     4     3  1.00    4  2.46  1.00  -
     860  METR  473    387   309   222   0.10  0.00   0.00  0.08  0.92     2     2  1.00    4  2.33  1.00  -
     870  METR  472    382   294   227   0.33  0.33   0.38  0.00  0.62     5     0  1.00    4  2.30  1.00  -
     880  METR  466    381   288   229   0.31  0.31   0.42  0.00  0.58    12     0  1.00    4  2.29  1.00  -
     890  METR  466    383   295   232   0.05  0.05   0.07  0.00  0.93     3     7  1.00    5  2.21  1.00  -
     900  METR  460    382   304   238   0.05  0.00   0.00  0.05  0.95     2     3  1.00    4  2.27  1.00  -
    window ep440-450 len=2 exit=SW
    window ep490-630 len=15 exit=SW
    window ep690-700 len=2 exit=SW
    window ep820-900 len=9 exit=END
    exit reasons: {'SW': 3, 'END': 1}
    SW breakdown: {'NO_SCALING_PTS': 2, 'FEW_RADII': 60}
    edge lifetimes (theta=1e-12): n_dead=1522 median=259 mean=310.3 p90=536 max=864 censored_alive=841
    coupling with BSW indicator (point-biserial):
      occ_scc3: r =  0.16
      fe_cyc  : r =  0.18
      occ_scc : r =  0.06
      fe_dyad : r = -0.12
      b1_H12  : r =  0.50
      b1_H6   : r =  0.47
      b1_S6   : r =  0.47
[symmetric] status=ok snaps=90 BSW_occ=0 windows=0 dead=980 audit=OK
    ep    ph    V  b1_H12 b1_H6 b1_S6  occSCC occSCC3 feCYC feDYAD feOPEN maxSCC refl  gcf  npts slope   r2    fail
      10    SW    7      5     5     3   0.86  0.86   0.90  0.00  0.10     6     0  1.00    0    -     -   NO_SCALING_PTS
      20    SW   19     17    17    11   0.16  0.16   0.21  0.00  0.79     3     0  1.00    1    -     -   FEW_RADII
      30    SW   32     30    30    20   0.11  0.11   0.12  0.00  0.88     3     0  1.00    1    -     -   FEW_RADII
      40    SW   38     36    36    31   0.21  0.21   0.33  0.00  0.67     8     0  1.00    1    -     -   FEW_RADII
      50    SW   56     54    54    45   0.20  0.20   0.37  0.00  0.63    11     0  1.00    1    -     -   FEW_RADII
      60    SW   70     68    68    54   0.19  0.19   0.35  0.00  0.65     5     0  1.00    1    -     -   FEW_RADII
      70    SW   82     80    80    63   0.06  0.00   0.00  0.06  0.94     2     0  1.00    1    -     -   FEW_RADII
      80    SW   97     95    95    72   0.15  0.15   0.29  0.00  0.71     7     0  1.00    1    -     -   FEW_RADII
      90    SW  108    106   106    80   0.04  0.00   0.00  0.04  0.96     2     0  1.00    1    -     -   FEW_RADII
     100    SW  117    115   115    85   0.05  0.05   0.07  0.00  0.93     3     0  1.00    1    -     -   FEW_RADII
     110    SW  126    124   124    90   0.14  0.14   0.34  0.00  0.66     9     0  1.00    1    -     -   FEW_RADII
     120    SW  140    138   138    98   0.06  0.06   0.07  0.00  0.93     4     0  1.00    1    -     -   FEW_RADII
     130    SW  156    154   154   108   0.06  0.06   0.09  0.00  0.91     5     0  1.00    2    -     -   FEW_RADII
     140    SW  167    165   165   118   0.04  0.04   0.05  0.00  0.95     3     0  1.00    2    -     -   FEW_RADII
     150    SW  174    172   172   123   0.06  0.06   0.13  0.00  0.87     5     0  1.00    2    -     -   FEW_RADII
     160    SW  189    187   187   132   0.07  0.07   0.18  0.00  0.82     7     0  1.00    2    -     -   FEW_RADII
     170    SW  197    195   195   127   0.03  0.03   0.06  0.00  0.94     3     0  1.00    2    -     -   FEW_RADII
     180    SW  200    198   198   118   0.04  0.04   0.08  0.00  0.92     4     0  1.00    2    -     -   FEW_RADII
     190    SW  203    201   199   107   0.02  0.00   0.00  0.02  0.98     2     0  1.00    2    -     -   FEW_RADII
     200    SW  202    200   191   104   0.04  0.04   0.09  0.00  0.91     4     0  1.00    2    -     -   FEW_RADII
     210    SW  194    192   177   104   0.05  0.05   0.11  0.00  0.89     5     0  1.00    2    -     -   FEW_RADII
     220    SW  155    152   152    94   0.20  0.20   0.29  0.00  0.71     4     0  1.00    2    -     -   FEW_RADII
     230    SW  164    162   162    95   0.09  0.09   0.21  0.00  0.79     9     0  1.00    2    -     -   FEW_RADII
     240    SW  168    165   165   108   0.08  0.08   0.15  0.00  0.85     8     0  1.00    2    -     -   FEW_RADII
     250    SW  173    171   171   123   0.10  0.10   0.22  0.00  0.78    11     0  1.00    2    -     -   FEW_RADII
     260    SW  178    176   176   131   0.07  0.07   0.18  0.00  0.82     8     0  1.00    3    -     -   FEW_RADII
     270    SW  182    180   180   126   0.03  0.03   0.05  0.00  0.95     3     0  1.00    3    -     -   FEW_RADII
     280    SW  177    175   175   121   0.03  0.03   0.05  0.00  0.95     3     0  1.00    3    -     -   FEW_RADII
     290    SW  178    176   176   130   0.06  0.06   0.13  0.00  0.87     8     0  1.00    3    -     -   FEW_RADII
     300    SW  186    184   184   133   0.05  0.05   0.11  0.00  0.89     5     0  1.00    2    -     -   FEW_RADII
     310    SW  201    198   198   143   0.06  0.06   0.14  0.00  0.86     8     0  1.00    2    -     -   FEW_RADII
     320    SW  228    226   226   165   0.13  0.13   0.28  0.00  0.72    20     0  1.00    3    -     -   FEW_RADII
     330    SW  231    229   229   176   0.09  0.09   0.24  0.00  0.76    12     0  1.00    3    -     -   FEW_RADII
     340    SW  247    245   245   186   0.06  0.06   0.15  0.00  0.85     7     0  1.00    3    -     -   FEW_RADII
     350    SW  271    269   269   200   0.08  0.08   0.22  0.00  0.78    11     0  1.00    3    -     -   FEW_RADII
     360    SW  279    277   277   203   0.02  0.02   0.04  0.00  0.96     3     0  1.00    3    -     -   FEW_RADII
     370    SW  287    285   285   199   0.30  0.30   0.31  0.00  0.69     3     0  1.00    2    -     -   FEW_RADII
     380    SW  289    287   287   188   0.03  0.03   0.09  0.00  0.91     5     0  1.00    2    -     -   FEW_RADII
     390    SW  292    290   289   186   0.04  0.04   0.10  0.00  0.90     6     0  1.00    2    -     -   FEW_RADII
     400    SW  281    278   278   182   0.01  0.00   0.00  0.01  0.99     2     0  1.00    3    -     -   FEW_RADII
     410    SW  267    264   264   180   0.03  0.03   0.09  0.00  0.91     5     0  1.00    1    -     -   FEW_RADII
     420    SW  269    267   267   174   0.07  0.07   0.19  0.00  0.81    11     0  1.00    2    -     -   FEW_RADII
     430    SW  270    268   267   166   0.01  0.00   0.00  0.01  0.99     2     0  1.00    2    -     -   FEW_RADII
     440    SW  270    268   264   163   0.03  0.03   0.06  0.00  0.94     4     0  1.00    2    -     -   FEW_RADII
     450    SW  271    269   259   153   0.21  0.21   0.34  0.00  0.66     4     0  1.00    2    -     -   FEW_RADII
     460    SW  253    251   251   138   0.04  0.04   0.09  0.00  0.91     7     0  1.00    2    -     -   FEW_RADII
     470    SW  278    276   275   156   0.06  0.06   0.14  0.00  0.86    10     0  1.00    2    -     -   FEW_RADII
     480    SW  277    275   269   159   0.05  0.05   0.14  0.00  0.86     8     0  1.00    2    -     -   FEW_RADII
     490    SW  252    250   246   150   0.05  0.05   0.15  0.00  0.85     9     0  1.00    3    -     -   FEW_RADII
     500    SW  241    239   236   148   0.03  0.03   0.04  0.00  0.96     4     0  1.00    3    -     -   FEW_RADII
     510    SW  215    213   213   146   0.03  0.03   0.07  0.00  0.93     4     0  1.00    3    -     -   FEW_RADII
     520    SW  213    211   211   146   0.05  0.05   0.14  0.00  0.86     7     0  1.00    3    -     -   FEW_RADII
     530    SW  221    219   219   155   0.10  0.10   0.25  0.00  0.75    14     0  1.00    2    -     -   FEW_RADII
     540    SW  229    227   227   165   0.08  0.08   0.17  0.00  0.83    10     0  1.00    2    -     -   FEW_RADII
     550    SW  228    225   225   164   0.05  0.05   0.10  0.00  0.90     6     0  1.00    2    -     -   FEW_RADII
     560    SW  237    234   234   172   0.10  0.09   0.20  0.01  0.78    11     0  1.00    2    -     -   FEW_RADII
     570    SW  245    243   243   177   0.35  0.24   0.38  0.08  0.54     4     0  1.00    3    -     -   FEW_RADII
     580    SW  257    255   255   184   0.04  0.04   0.11  0.00  0.89     6     0  1.00    2    -     -   FEW_RADII
     590    SW  259    257   257   187   0.20  0.20   0.25  0.00  0.75     5     0  1.00    3    -     -   FEW_RADII
     600    SW  256    254   254   183   0.03  0.03   0.04  0.00  0.96     4     0  1.00    3    -     -   FEW_RADII
     610    SW  243    241   241   169   0.02  0.00   0.00  0.02  0.98     2     0  1.00    3    -     -   FEW_RADII
     620    SW  235    232   232   156   0.05  0.05   0.13  0.00  0.87     6     0  1.00    3    -     -   FEW_RADII
     630    SW  216    214   214   145   0.03  0.03   0.06  0.00  0.94     4     0  1.00    2    -     -   FEW_RADII
     640    SW  201    199   199   141   0.03  0.03   0.05  0.00  0.95     3     0  1.00    2    -     -   FEW_RADII
     650    SW  192    190   189   138   0.02  0.00   0.00  0.02  0.98     2     0  1.00    2    -     -   FEW_RADII
     660    SW  187    185   185   133   0.11  0.11   0.26  0.00  0.74    12     0  1.00    2    -     -   FEW_RADII
     670    SW  210    208   208   137   0.08  0.08   0.20  0.00  0.80    11     0  1.00    2    -     -   FEW_RADII
     680    SW  234    232   232   152   0.08  0.08   0.19  0.00  0.81    13     0  1.00    3    -     -   FEW_RADII
     690    SW  227    225   220   149   0.04  0.04   0.10  0.00  0.90     5     0  1.00    3    -     -   FEW_RADII
     700    SW  199    195   195   137   0.03  0.03   0.04  0.00  0.96     3     0  1.00    3    -     -   FEW_RADII
     710    SW  190    188   188   131   0.03  0.03   0.06  0.00  0.94     3     0  1.00    2    -     -   FEW_RADII
     720    SW  176    174   174   130   0.04  0.04   0.09  0.00  0.91     4     0  1.00    2    -     -   FEW_RADII
     730    SW  181    178   178   118   0.08  0.08   0.20  0.00  0.80     8     0  1.00    2    -     -   FEW_RADII
     740    SW  175    173   173   113   0.03  0.03   0.06  0.00  0.94     3     0  1.00    2    -     -   FEW_RADII
     750    SW  173    170   170   115   0.07  0.07   0.20  0.00  0.80     7     0  1.00    1    -     -   FEW_RADII
     760    SW  177    174   170   117   0.02  0.00   0.00  0.02  0.98     2     0  1.00    2    -     -   FEW_RADII
     770    SW  172    170   170   117   0.05  0.05   0.12  0.00  0.88     5     0  1.00    2    -     -   FEW_RADII
     780    SW  173    171   171   118   0.04  0.04   0.08  0.00  0.92     4     0  1.00    2    -     -   FEW_RADII
     790    SW  172    170   169   119   0.07  0.07   0.19  0.00  0.81     7     0  1.00    2    -     -   FEW_RADII
     800    SW  188    186   186   129   0.11  0.11   0.27  0.00  0.73    13     0  1.00    2    -     -   FEW_RADII
     810    SW  202    200   200   121   0.06  0.06   0.16  0.00  0.84     7     0  1.00    2    -     -   FEW_RADII
     820    SW  203    201   201   111   0.03  0.03   0.05  0.00  0.95     3     0  1.00    3    -     -   FEW_RADII
     830    SW  197    195   194   102   0.04  0.04   0.08  0.00  0.92     4     0  1.00    3    -     -   FEW_RADII
     840    SW  197    195   179   108   0.10  0.10   0.25  0.00  0.75    12     0  1.00    3    -     -   FEW_RADII
     850    SW  156    154   153   109   0.05  0.05   0.12  0.00  0.88     5     0  1.00    2    -     -   FEW_RADII
     860    SW  165    163   163   114   0.33  0.33   0.43  0.00  0.57     8     0  1.00    2    -     -   FEW_RADII
     870    SW  182    180   180   122   0.11  0.11   0.28  0.00  0.72    15     0  1.00    2    -     -   FEW_RADII
     880    SW  187    185   185   125   0.02  0.00   0.00  0.02  0.98     2     0  1.00    2    -     -   FEW_RADII
     890    SW  180    178   178   120   0.44  0.44   0.62  0.00  0.38     4     0  1.00    2    -     -   FEW_RADII
     900    SW  173    171   171   123   0.03  0.03   0.04  0.00  0.96     3     0  1.00    2    -     -   FEW_RADII
    exit reasons: (no windows)
    SW breakdown: {'NO_SCALING_PTS': 1, 'FEW_RADII': 89}
    edge lifetimes (theta=1e-12): n_dead=1960 median=162 mean=163.6 p90=188 max=230 censored_alive=343
    coupling with BSW indicator (point-biserial):
      occ_scc3: r =    - 
      fe_cyc  : r =    - 
      occ_scc : r =    - 
      fe_dyad : r =    - 
      b1_H12  : r =    - 
      b1_H6   : r =    - 
      b1_S6   : r =    - 
    --- asymmetric prediction pre-test (directed minus symmetric, point-biserial r with BSW) ---
      occ_scc3: r_dir= 0.16  r_sym=   -   diff=   - 
      fe_cyc  : r_dir= 0.18  r_sym=   -   diff=   - 
      b1_H12  : r_dir= 0.50  r_sym=   -   diff=   - 
====================================================================================================
SEED 7  rule=T1 g=0.075 N=650 epochs=900 (paired directed / symmetric, identical seed)
====================================================================================================
[directed ] status=ok snaps=90 BSW_occ=43 windows=6 dead=637 audit=OK
    ep    ph    V  b1_H12 b1_H6 b1_S6  occSCC occSCC3 feCYC feDYAD feOPEN maxSCC refl  gcf  npts slope   r2    fail
      10    SW    7      5     5     3   0.33  0.00   0.00  0.29  0.71     2    12  1.00    0    -     -   NO_SCALING_PTS
      20    SW   20     18    18    13   0.00  0.00   0.00  0.00  1.00     1     0  1.00    1    -     -   FEW_RADII
      30    SW   35     33    33    22   0.14  0.14   0.17  0.00  0.83     3     0  1.00    1    -     -   FEW_RADII
      40    SW   46     44    44    31   0.11  0.11   0.16  0.00  0.84     5     0  1.00    1    -     -   FEW_RADII
      50    SW   79     77    77    58   0.12  0.12   0.21  0.00  0.79     8     0  1.00    1    -     -   FEW_RADII
      60    SW  112    110   110    86   0.11  0.08   0.10  0.03  0.88     3     0  1.00    1    -     -   FEW_RADII
      70    SW  126    124   124   101   0.06  0.06   0.06  0.00  0.94     3     0  1.00    1    -     -   FEW_RADII
      80    SW  131    129   129   104   0.07  0.00   0.00  0.06  0.94     2     0  1.00    1    -     -   FEW_RADII
      90    SW  138    136   136   109   0.09  0.09   0.11  0.00  0.89     3     0  1.00    1    -     -   FEW_RADII
     100    SW  149    147   147   121   0.08  0.08   0.10  0.00  0.90     5     0  1.00    1    -     -   FEW_RADII
     110    SW  153    151   151   126   0.00  0.00   0.00  0.00  1.00     1     0  1.00    1    -     -   FEW_RADII
     120    SW  154    152   152   128   0.04  0.04   0.05  0.00  0.95     3     0  1.00    1    -     -   FEW_RADII
     130    SW  178    176   176   142   0.06  0.05   0.07  0.01  0.92     7     0  1.00    2    -     -   FEW_RADII
     140    SW  199    197   197   157   0.06  0.03   0.04  0.02  0.94     3     0  1.00    2    -     -   FEW_RADII
     150    SW  221    219   219   171   0.04  0.04   0.06  0.00  0.94     4     0  1.00    2    -     -   FEW_RADII
     160    SW  232    230   230   188   0.06  0.00   0.00  0.06  0.94     2     0  1.00    2    -     -   FEW_RADII
     170    SW  236    234   234   193   0.06  0.06   0.08  0.00  0.92     3     0  1.00    2    -     -   FEW_RADII
     180    SW  240    238   238   195   0.00  0.00   0.00  0.00  1.00     1     0  1.00    2    -     -   FEW_RADII
     190    SW  242    240   240   187   0.05  0.00   0.00  0.06  0.94     2     0  1.00    2    -     -   FEW_RADII
     200    SW  243    241   240   188   0.03  0.03   0.03  0.00  0.97     4     0  1.00    2    -     -   FEW_RADII
     210    SW  250    248   247   190   0.06  0.06   0.10  0.00  0.90    10     0  1.00    2    -     -   FEW_RADII
     220    SW  267    265   263   201   0.08  0.08   0.14  0.00  0.86    14     0  1.00    3    -     -   FEW_RADII
     230    SW  307    305   295   233   0.11  0.11   0.21  0.00  0.79    28     0  1.00    3    -     -   FEW_RADII
     240    SW  361    359   340   257   0.06  0.05   0.09  0.01  0.90    12     0  1.00    3    -     -   FEW_RADII
     250    SW  414    412   387   301   0.08  0.06   0.07  0.02  0.91     3     0  1.00    3    -     -   FEW_RADII
     260    SW  467    464   442   343   0.04  0.04   0.05  0.01  0.94    10     0  1.00    3    -     -   FEW_RADII
     270    SW  500    498   478   372   0.06  0.06   0.10  0.01  0.89    18     0  1.00    3    -     -   FEW_RADII
     280    SW  536    534   512   398   0.06  0.06   0.09  0.00  0.91    17     0  1.00    3    -     -   FEW_RADII
     290    SW  548    546   529   411   0.03  0.03   0.04  0.00  0.96     6     0  1.00    2    -     -   FEW_RADII
     300    SW  571    569   550   426   0.04  0.00   0.00  0.04  0.96     2     0  1.00    2    -     -   FEW_RADII
     310    SW  581    579   551   428   0.05  0.05   0.08  0.00  0.92     9     0  1.00    2    -     -   FEW_RADII
     320    SW  608    606   566   451   0.07  0.05   0.08  0.02  0.90     9     0  1.00    2    -     -   FEW_RADII
     330    SW  616    614   561   457   0.03  0.03   0.06  0.00  0.94     6     0  1.00    2    -     -   FEW_RADII
     340    SW  619    617   559   471   0.09  0.06   0.08  0.02  0.90     6     0  1.00    2    -     -   FEW_RADII
     350    SW  629    625   575   485   0.03  0.02   0.03  0.01  0.96     4     0  1.00    3    -     -   FEW_RADII
     360    SW  635    631   587   484   0.03  0.02   0.03  0.01  0.96     5     0  1.00    2    -     -   FEW_RADII
     370    SW  631    625   590   479   0.03  0.03   0.06  0.00  0.94     6     0  1.00    2    -     -   FEW_RADII
     380    SW  633    628   597   473   0.04  0.04   0.05  0.00  0.95     3     0  1.00    2    -     -   FEW_RADII
     390    SW  646    641   609   473   0.05  0.03   0.04  0.02  0.94     3     0  1.00    3    -     -   FEW_RADII
     400    SW  650    645   603   471   0.08  0.07   0.14  0.01  0.85    35     0  1.00    3    -     -   FEW_RADII
     410    SW  649    640   592   460   0.09  0.09   0.17  0.00  0.83    36     0  1.00    3    -     -   FEW_RADII
     420  METR  650    639   570   459   0.11  0.10   0.19  0.01  0.80    50     0  1.00    4  2.30  0.99  -
     430  METR  650    639   541   456   0.09  0.09   0.18  0.00  0.82    47     0  1.00    4  2.12  0.99  -
     440  METR  647    632   520   453   0.10  0.10   0.17  0.00  0.83    41     0  1.00    4  2.12  0.99  -
     450  METR  648    633   505   453   0.15  0.15   0.27  0.00  0.73    71     0  1.00    5  2.22  0.98  -
     460  METR  649    631   488   448   0.07  0.07   0.16  0.00  0.84    37     0  1.00    4  2.49  0.98  -
     470  METR  650    634   493   433   0.11  0.08   0.13  0.03  0.84    15     0  1.00    4  2.58  0.99  -
     480  METR  650    632   495   430   0.07  0.05   0.08  0.02  0.91     9     1  1.00    4  2.54  0.99  -
     490  METR  649    627   485   432   0.11  0.11   0.20  0.00  0.79    39     0  1.00    4  2.87  0.99  -
     500  METR  648    622   482   438   0.09  0.09   0.16  0.00  0.84    14     0  1.00    4  2.65  1.00  -
     510  METR  649    620   469   442   0.06  0.06   0.11  0.00  0.89    25     1  1.00    4  2.82  1.00  -
     520    SW  648    615   459   448   0.06  0.06   0.12  0.00  0.88    26     0  1.00    3    -     -   FEW_RADII
     530  METR  649    615   465   458   0.10  0.09   0.14  0.01  0.85    21     1  1.00    4  2.67  1.00  -
     540  METR  648    616   477   466   0.06  0.06   0.11  0.00  0.89    23     0  1.00    4  2.68  1.00  -
     550  METR  648    618   498   472   0.07  0.06   0.13  0.01  0.86    28     0  1.00    4  2.62  1.00  -
     560  METR  649    619   507   480   0.08  0.06   0.08  0.02  0.90     4     0  1.00    4  2.87  1.00  -
     570  METR  650    621   516   489   0.06  0.06   0.10  0.00  0.90     8     5  1.00    4  2.79  1.00  -
     580  METR  650    619   519   492   0.06  0.05   0.09  0.01  0.91    14     0  1.00    4  2.90  0.99  -
     590  METR  650    613   520   490   0.14  0.10   0.14  0.03  0.82     8     4  1.00    4  2.80  0.99  -
     600  METR  650    603   518   488   0.09  0.09   0.15  0.00  0.85    18     0  1.00    4  2.86  1.00  -
     610  METR  650    592   520   483   0.04  0.04   0.06  0.00  0.94     4     0  1.00    4  2.83  1.00  -
     620    SW  649    584   519   481   0.04  0.04   0.06  0.00  0.94     6     0  1.00    3    -     -   FEW_RADII
     630  METR  650    576   517   467   0.04  0.03   0.05  0.01  0.94     8     2  1.00    4  2.97  1.00  -
     640    SW  650    568   511   455   0.10  0.10   0.16  0.00  0.84    12     3  1.00    3    -     -   FEW_RADII
     650    SW  649    563   495   441   0.07  0.04   0.05  0.04  0.91     4     3  1.00    3    -     -   FEW_RADII
     660  METR  649    556   482   427   0.08  0.08   0.12  0.00  0.88    16     0  1.00    4  2.79  1.00  -
     670  METR  648    552   480   428   0.12  0.12   0.20  0.00  0.80    24    11  1.00    4  2.65  1.00  -
     680  METR  650    551   489   426   0.14  0.10   0.15  0.02  0.83    13     1  1.00    4  2.88  0.99  -
     690    SW  650    541   481   412   0.06  0.05   0.09  0.01  0.90    11     4  1.00    3    -     -   FEW_RADII
     700  METR  648    539   476   408   0.09  0.06   0.11  0.02  0.87    18     2  1.00    4  2.59  0.99  -
     710  METR  650    541   467   406   0.07  0.07   0.10  0.00  0.90    10     2  1.00    4  2.70  1.00  -
     720  METR  648    537   453   400   0.05  0.02   0.03  0.03  0.94     4     1  1.00    4  2.64  1.00  -
     730  METR  649    539   449   400   0.06  0.04   0.08  0.01  0.91    10     1  1.00    4  2.56  1.00  -
     740  METR  645    537   446   389   0.13  0.00   0.00  0.14  0.86     2     2  1.00    4  2.64  1.00  -
     750  METR  634    526   434   376   0.12  0.05   0.06  0.06  0.88     3     0  1.00    4  2.87  1.00  -
     760  METR  618    511   429   362   0.00  0.00   0.00  0.00  1.00     1     0  1.00    4  3.00  1.00  -
     770  METR  603    499   413   356   0.09  0.09   0.13  0.00  0.87     4     0  1.00    4  2.99  1.00  -
     780    SW  597    495   408   349   0.13  0.10   0.16  0.03  0.81     6     1  1.00    3    -     -   FEW_RADII
     790  METR  595    488   402   354   0.12  0.10   0.15  0.01  0.84    10     4  1.00    4  2.84  0.99  -
     800  METR  626    519   429   374   0.10  0.07   0.13  0.02  0.85     7     0  1.00    4  2.84  1.00  -
     810  METR  649    544   459   387   0.05  0.04   0.07  0.01  0.92     8     4  1.00    5  2.53  1.00  -
     820  METR  650    543   467   399   0.08  0.05   0.06  0.03  0.91     4     1  1.00    5  2.50  1.00  -
     830  METR  648    536   466   402   0.12  0.09   0.15  0.02  0.83    27     3  1.00    5  2.54  1.00  -
     840  METR  647    533   467   405   0.15  0.13   0.22  0.01  0.76    46     7  1.00    5  2.40  1.00  -
     850  METR  649    533   466   400   0.15  0.13   0.22  0.01  0.77    46     4  1.00    6  2.23  0.99  -
     860  METR  648    532   462   393   0.14  0.12   0.20  0.01  0.79    34    12  1.00    6  2.24  1.00  -
     870  METR  650    531   459   392   0.11  0.09   0.15  0.01  0.84    21     7  1.00    5  2.29  1.00  -
     880  METR  647    527   445   393   0.17  0.15   0.26  0.02  0.72    34    19  1.00    5  2.30  1.00  -
     890  METR  647    525   445   394   0.11  0.09   0.15  0.02  0.83    14     7  1.00    5  2.31  0.99  -
     900  METR  647    524   436   403   0.14  0.13   0.22  0.00  0.78    20    11  1.00    5  2.32  1.00  -
    window ep420-510 len=10 exit=SW
    window ep530-610 len=9 exit=SW
    window ep630-630 len=1 exit=SW
    window ep660-680 len=3 exit=SW
    window ep700-770 len=8 exit=SW
    window ep790-900 len=12 exit=END
    exit reasons: {'SW': 5, 'END': 1}
    SW breakdown: {'NO_SCALING_PTS': 1, 'FEW_RADII': 46}
    edge lifetimes (theta=1e-12): n_dead=1395 median=278 mean=327.1 p90=556 max=870 censored_alive=1170
    coupling with BSW indicator (point-biserial):
      occ_scc3: r =  0.37
      fe_cyc  : r =  0.42
      occ_scc : r =  0.30
      fe_dyad : r = -0.02
      b1_H12  : r =  0.54
      b1_H6   : r =  0.42
      b1_S6   : r =  0.52
[symmetric] status=ok snaps=90 BSW_occ=0 windows=0 dead=943 audit=OK
    ep    ph    V  b1_H12 b1_H6 b1_S6  occSCC occSCC3 feCYC feDYAD feOPEN maxSCC refl  gcf  npts slope   r2    fail
      10    SW    5      3     3     3   0.80  0.80   0.83  0.00  0.17     4     0  1.00    0    -     -   NO_SCALING_PTS
      20    SW   14     12    12     8   0.17  0.00   0.00  0.15  0.85     2     0  1.00    0    -     -   NO_SCALING_PTS
      30    SW   25     23    23    17   0.35  0.35   0.55  0.00  0.45     8     0  1.00    1    -     -   FEW_RADII
      40    SW   32     30    30    24   0.67  0.00   0.00  0.40  0.60     2     0  1.00    1    -     -   FEW_RADII
      50    SW   36     34    34    27   0.10  0.10   0.12  0.00  0.88     3     0  1.00    1    -     -   FEW_RADII
      60    SW   40     38    38    31   0.09  0.09   0.15  0.00  0.85     3     0  1.00    1    -     -   FEW_RADII
      70    SW   51     49    49    38   0.16  0.16   0.36  0.00  0.64     7     0  1.00    1    -     -   FEW_RADII
      80    SW   63     61    61    45   0.00  0.00   0.00  0.00  1.00     1     0  1.00    2    -     -   FEW_RADII
      90    SW   69     67    67    49   0.05  0.00   0.00  0.04  0.96     2     0  1.00    2    -     -   FEW_RADII
     100    SW   72     70    70    52   0.06  0.06   0.12  0.00  0.88     3     0  1.00    1    -     -   FEW_RADII
     110    SW   83     81    81    58   0.14  0.14   0.32  0.00  0.68     8     0  1.00    1    -     -   FEW_RADII
     120    SW   94     92    92    67   0.15  0.15   0.33  0.00  0.67    10     0  1.00    2    -     -   FEW_RADII
     130    SW  131    129   129    92   0.11  0.11   0.22  0.00  0.78    11     0  1.00    2    -     -   FEW_RADII
     140    SW  141    139   139   102   0.03  0.03   0.06  0.00  0.94     3     0  1.00    3    -     -   FEW_RADII
     150    SW  143    141   141   103   0.05  0.05   0.13  0.00  0.87     5     0  1.00    2    -     -   FEW_RADII
     160    SW  150    148   148   106   0.03  0.03   0.06  0.00  0.94     3     0  1.00    2    -     -   FEW_RADII
     170    SW  156    154   154   107   0.05  0.05   0.10  0.00  0.90     5     0  1.00    2    -     -   FEW_RADII
     180    SW  152    150   150   105   0.03  0.03   0.06  0.00  0.94     3     0  1.00    2    -     -   FEW_RADII
     190    SW  147    145   145   104   0.03  0.03   0.04  0.00  0.96     3     0  1.00    2    -     -   FEW_RADII
     200    SW  147    145   145   106   0.06  0.06   0.15  0.00  0.85     6     0  1.00    1    -     -   FEW_RADII
     210    SW  152    150   150   110   0.02  0.00   0.00  0.02  0.98     2     0  1.00    1    -     -   FEW_RADII
     220    SW  156    154   154   112   0.02  0.00   0.00  0.02  0.98     2     0  1.00    2    -     -   FEW_RADII
     230    SW  148    146   146   106   0.04  0.04   0.08  0.00  0.92     4     0  1.00    2    -     -   FEW_RADII
     240    SW  150    148   148   110   0.07  0.07   0.17  0.00  0.83     7     0  1.00    2    -     -   FEW_RADII
     250    SW  147    145   145   108   0.05  0.05   0.12  0.00  0.88     5     0  1.00    2    -     -   FEW_RADII
     260    SW  156    154   154   104   0.04  0.04   0.07  0.00  0.93     4     0  1.00    2    -     -   FEW_RADII
     270    SW  166    164   164   100   0.08  0.08   0.21  0.00  0.79    10     0  1.00    2    -     -   FEW_RADII
     280    SW  182    180   180   114   0.12  0.12   0.29  0.00  0.71    17     0  1.00    3    -     -   FEW_RADII
     290    SW  186    184   184   120   0.05  0.05   0.13  0.00  0.87     7     0  1.00    3    -     -   FEW_RADII
     300    SW  182    180   180   128   0.09  0.09   0.23  0.00  0.77    11     0  1.00    3    -     -   FEW_RADII
     310    SW  199    197   197   149   0.10  0.10   0.23  0.00  0.77    14     0  1.00    3    -     -   FEW_RADII
     320    SW  204    202   202   150   0.02  0.00   0.00  0.02  0.98     2     0  1.00    3    -     -   FEW_RADII
     330    SW  209    206   206   150   0.06  0.06   0.14  0.00  0.86     7     0  1.00    3    -     -   FEW_RADII
     340    SW  217    215   215   153   0.06  0.06   0.16  0.00  0.84     8     0  1.00    2    -     -   FEW_RADII
     350    SW  230    227   227   166   0.08  0.08   0.21  0.00  0.79    11     0  1.00    2    -     -   FEW_RADII
     360    SW  240    238   238   173   0.05  0.05   0.15  0.00  0.85     8     0  1.00    2    -     -   FEW_RADII
     370    SW  247    244   244   182   0.02  0.02   0.04  0.00  0.96     3     0  1.00    2    -     -   FEW_RADII
     380    SW  243    241   241   185   0.05  0.05   0.13  0.00  0.87     7     0  1.00    2    -     -   FEW_RADII
     390    SW  266    264   264   196   0.08  0.08   0.19  0.00  0.81    13     0  1.00    2    -     -   FEW_RADII
     400    SW  270    268   268   199   0.07  0.07   0.18  0.00  0.82    11     0  1.00    2    -     -   FEW_RADII
     410    SW  263    261   261   195   0.01  0.00   0.00  0.01  0.99     2     0  1.00    2    -     -   FEW_RADII
     420    SW  258    256   256   178   0.03  0.03   0.06  0.00  0.94     4     0  1.00    2    -     -   FEW_RADII
     430    SW  251    249   249   161   0.03  0.03   0.08  0.00  0.92     5     0  1.00    2    -     -   FEW_RADII
     440    SW  238    236   235   145   0.04  0.04   0.09  0.00  0.91     5     0  1.00    2    -     -   FEW_RADII
     450    SW  217    213   213   141   0.08  0.08   0.17  0.00  0.83    10     0  1.00    2    -     -   FEW_RADII
     460    SW  222    220   219   146   0.10  0.10   0.25  0.00  0.75    13     0  1.00    2    -     -   FEW_RADII
     470    SW  238    236   236   161   0.13  0.13   0.29  0.00  0.71    21     0  1.00    2    -     -   FEW_RADII
     480    SW  216    214   214   156   0.05  0.05   0.12  0.00  0.88     7     0  1.00    2    -     -   FEW_RADII
     490    SW  221    219   219   162   0.50  0.50   0.44  0.00  0.56     3     0  1.00    2    -     -   FEW_RADII
     500    SW  221    218   218   154   0.06  0.06   0.17  0.00  0.83     9     0  1.00    3    -     -   FEW_RADII
     510    SW  223    221   221   157   0.01  0.00   0.00  0.01  0.99     2     0  1.00    3    -     -   FEW_RADII
     520    SW  218    216   216   153   0.05  0.05   0.14  0.00  0.86     7     0  1.00    2    -     -   FEW_RADII
     530    SW  227    225   225   154   0.06  0.06   0.15  0.00  0.85     8     0  1.00    3    -     -   FEW_RADII
     540    SW  235    233   233   151   0.05  0.05   0.11  0.00  0.89     7     0  1.00    2    -     -   FEW_RADII
     550    SW  234    232   232   151   0.03  0.03   0.09  0.00  0.91     5     0  1.00    2    -     -   FEW_RADII
     560    SW  222    220   220   158   0.04  0.04   0.08  0.00  0.92     6     0  1.00    2    -     -   FEW_RADII
     570    SW  219    217   216   158   0.05  0.05   0.12  0.00  0.88     7     0  1.00    2    -     -   FEW_RADII
     580    SW  218    216   216   157   0.02  0.02   0.04  0.00  0.96     3     0  1.00    2    -     -   FEW_RADII
     590    SW  224    222   222   155   0.03  0.03   0.04  0.00  0.96     4     0  1.00    2    -     -   FEW_RADII
     600    SW  232    230   230   151   0.07  0.07   0.20  0.00  0.80    10     0  1.00    2    -     -   FEW_RADII
     610    SW  260    258   258   160   0.11  0.11   0.27  0.00  0.73    20     0  1.00    2    -     -   FEW_RADII
     620    SW  281    278   278   177   0.08  0.08   0.21  0.00  0.79    16     0  1.00    2    -     -   FEW_RADII
     630    SW  272    270   270   184   0.03  0.03   0.05  0.00  0.95     5     0  1.00    2    -     -   FEW_RADII
     640    SW  246    243   243   162   0.03  0.03   0.07  0.00  0.93     4     0  1.00    3    -     -   FEW_RADII
     650    SW  237    234   234   163   0.01  0.00   0.00  0.01  0.99     2     0  1.00    2    -     -   FEW_RADII
     660    SW  231    228   228   154   0.03  0.03   0.07  0.00  0.93     4     0  1.00    2    -     -   FEW_RADII
     670    SW  229    226   226   155   0.06  0.06   0.17  0.00  0.83     9     0  1.00    2    -     -   FEW_RADII
     680    SW  230    228   228   162   0.06  0.06   0.15  0.00  0.85     9     0  1.00    3    -     -   FEW_RADII
     690    SW  238    235   235   163   0.08  0.08   0.22  0.00  0.78    12     0  1.00    2    -     -   FEW_RADII
     700    SW  241    239   239   168   0.02  0.02   0.03  0.00  0.97     3     0  1.00    2    -     -   FEW_RADII
     710    SW  232    230   230   164   0.03  0.03   0.07  0.00  0.93     4     0  1.00    2    -     -   FEW_RADII
     720    SW  226    224   224   158   0.03  0.03   0.07  0.00  0.93     4     0  1.00    2    -     -   FEW_RADII
     730    SW  230    228   228   162   0.05  0.05   0.11  0.00  0.89     6     0  1.00    2    -     -   FEW_RADII
     740    SW  241    239   239   171   0.08  0.08   0.21  0.00  0.79    12     0  1.00    2    -     -   FEW_RADII
     750    SW  264    262   262   173   0.06  0.06   0.16  0.00  0.84    10     0  1.00    3    -     -   FEW_RADII
     760    SW  275    273   273   156   0.03  0.03   0.07  0.00  0.93     5     0  1.00    3    -     -   FEW_RADII
     770    SW  256    254   254   152   0.14  0.00   0.00  0.12  0.88     2     0  1.00    2    -     -   FEW_RADII
     780    SW  248    245   245   156   0.06  0.06   0.15  0.00  0.85     9     0  1.00    2    -     -   FEW_RADII
     790    SW  221    218   218   159   0.33  0.00   0.00  0.29  0.71     2     0  1.00    2    -     -   FEW_RADII
     800    SW  222    219   219   167   0.36  0.36   0.38  0.00  0.62     5     0  1.00    2    -     -   FEW_RADII
     810    SW  229    227   227   169   0.04  0.04   0.07  0.00  0.93     6     0  1.00    3    -     -   FEW_RADII
     820    SW  241    239   239   163   0.14  0.00   0.00  0.12  0.88     2     0  1.00    3    -     -   FEW_RADII
     830    SW  229    227   227   150   0.02  0.02   0.04  0.00  0.96     3     0  1.00    3    -     -   FEW_RADII
     840    SW  220    218   217   141   0.03  0.03   0.07  0.00  0.93     4     0  1.00    2    -     -   FEW_RADII
     850    SW  203    201   198   140   0.04  0.04   0.09  0.00  0.91     5     0  1.00    2    -     -   FEW_RADII
     860    SW  205    203   203   148   0.11  0.11   0.27  0.00  0.73    16     0  1.00    2    -     -   FEW_RADII
     870    SW  213    211   211   157   0.03  0.03   0.08  0.00  0.92     5     0  1.00    2    -     -   FEW_RADII
     880    SW  227    225   225   162   0.06  0.06   0.15  0.00  0.85     9     0  1.00    2    -     -   FEW_RADII
     890    SW  252    250   250   165   0.09  0.09   0.24  0.00  0.76    15     0  1.00    2    -     -   FEW_RADII
     900    SW  237    235   234   150   0.01  0.00   0.00  0.01  0.99     2     0  1.00    2    -     -   FEW_RADII
    exit reasons: (no windows)
    SW breakdown: {'NO_SCALING_PTS': 2, 'FEW_RADII': 88}
    edge lifetimes (theta=1e-12): n_dead=1886 median=162 mean=160.7 p90=181 max=205 censored_alive=471
    coupling with BSW indicator (point-biserial):
      occ_scc3: r =    - 
      fe_cyc  : r =    - 
      occ_scc : r =    - 
      fe_dyad : r =    - 
      b1_H12  : r =    - 
      b1_H6   : r =    - 
      b1_S6   : r =    - 
    --- asymmetric prediction pre-test (directed minus symmetric, point-biserial r with BSW) ---
      occ_scc3: r_dir= 0.37  r_sym=   -   diff=   - 
      fe_cyc  : r_dir= 0.42  r_sym=   -   diff=   - 
      b1_H12  : r_dir= 0.54  r_sym=   -   diff=   - 
====================================================================================================
SEED 10  rule=T1 g=0.075 N=650 epochs=900 (paired directed / symmetric, identical seed)
====================================================================================================
[directed ] status=ok snaps=90 BSW_occ=20 windows=7 dead=524 audit=OK
    ep    ph    V  b1_H12 b1_H6 b1_S6  occSCC occSCC3 feCYC feDYAD feOPEN maxSCC refl  gcf  npts slope   r2    fail
      10    SW    4      2     2     1   0.00  0.00   0.00  0.00  1.00     1    12  1.00    0    -     -   NO_SCALING_PTS
      20    SW   26     24    24    17   0.35  0.35   0.40  0.00  0.60     9     0  1.00    1    -     -   FEW_RADII
      30    SW   52     50    50    37   0.00  0.00   0.00  0.00  1.00     1     0  1.00    1    -     -   FEW_RADII
      40    SW   68     66    66    51   0.00  0.00   0.00  0.00  1.00     1     0  1.00    1    -     -   FEW_RADII
      50    SW   74     72    72    52   0.00  0.00   0.00  0.00  1.00     1     0  1.00    1    -     -   FEW_RADII
      60    SW   74     72    72    53   0.15  0.00   0.00  0.15  0.85     2     0  1.00    1    -     -   FEW_RADII
      70    SW   78     76    76    62   0.05  0.05   0.10  0.00  0.90     4     0  1.00    1    -     -   FEW_RADII
      80    SW   88     86    86    71   0.11  0.11   0.16  0.00  0.84     8     0  1.00    1    -     -   FEW_RADII
      90    SW   90     88    88    75   0.00  0.00   0.00  0.00  1.00     1     0  1.00    1    -     -   FEW_RADII
     100    SW   98     96    96    84   0.07  0.07   0.09  0.00  0.91     4     0  1.00    2    -     -   FEW_RADII
     110    SW  120    118   118    94   0.15  0.15   0.27  0.00  0.73    15     0  1.00    2    -     -   FEW_RADII
     120    SW  135    133   133   106   0.03  0.00   0.00  0.03  0.97     2     0  1.00    2    -     -   FEW_RADII
     130    SW  149    147   147   112   0.00  0.00   0.00  0.00  1.00     1     0  1.00    2    -     -   FEW_RADII
     140    SW  155    153   153   116   0.05  0.03   0.06  0.01  0.93     4     0  1.00    2    -     -   FEW_RADII
     150    SW  160    158   158   125   0.00  0.00   0.00  0.00  1.00     1     0  1.00    2    -     -   FEW_RADII
     160    SW  165    163   163   131   0.04  0.00   0.00  0.04  0.96     2     0  1.00    2    -     -   FEW_RADII
     170    SW  168    166   166   132   0.02  0.00   0.00  0.02  0.98     2     0  1.00    1    -     -   FEW_RADII
     180    SW  170    168   168   130   0.00  0.00   0.00  0.00  1.00     1     0  1.00    1    -     -   FEW_RADII
     190    SW  174    172   172   131   0.02  0.00   0.00  0.02  0.98     2     0  1.00    1    -     -   FEW_RADII
     200    SW  181    178   178   139   0.06  0.06   0.10  0.00  0.90     7     0  1.00    1    -     -   FEW_RADII
     210    SW  185    183   180   147   0.02  0.00   0.00  0.02  0.98     2     0  1.00    1    -     -   FEW_RADII
     220    SW  199    197   190   156   0.05  0.05   0.08  0.00  0.92     6     0  1.00    3    -     -   FEW_RADII
     230    SW  216    214   208   170   0.06  0.06   0.10  0.00  0.90    12     0  1.00    3    -     -   FEW_RADII
     240    SW  238    236   229   182   0.00  0.00   0.00  0.00  1.00     1     0  1.00    2    -     -   FEW_RADII
     250    SW  245    243   235   185   0.05  0.04   0.05  0.02  0.93     4     0  1.00    2    -     -   FEW_RADII
     260    SW  259    257   248   188   0.08  0.07   0.10  0.01  0.89     7     0  1.00    2    -     -   FEW_RADII
     270    SW  276    274   265   198   0.03  0.00   0.00  0.03  0.97     2     0  1.00    2    -     -   FEW_RADII
     280    SW  283    281   272   201   0.00  0.00   0.00  0.00  1.00     1     0  1.00    2    -     -   FEW_RADII
     290    SW  289    287   267   207   0.13  0.11   0.18  0.02  0.80     9     0  1.00    3    -     -   FEW_RADII
     300    SW  296    293   260   211   0.03  0.03   0.05  0.00  0.95     4     0  1.00    2    -     -   FEW_RADII
     310    SW  308    305   265   223   0.03  0.03   0.04  0.00  0.96     4     0  1.00    2    -     -   FEW_RADII
     320    SW  329    325   282   241   0.07  0.06   0.11  0.01  0.88    13     0  1.00    3    -     -   FEW_RADII
     330    SW  348    344   306   247   0.06  0.06   0.13  0.00  0.87    13     0  1.00    2    -     -   FEW_RADII
     340    SW  371    369   332   261   0.07  0.07   0.11  0.00  0.89    12     0  1.00    3    -     -   FEW_RADII
     350    SW  375    373   338   262   0.03  0.03   0.06  0.00  0.94     4     0  1.00    2    -     -   FEW_RADII
     360    SW  372    369   340   260   0.06  0.06   0.07  0.00  0.93     3     0  1.00    2    -     -   FEW_RADII
     370    SW  369    366   338   252   0.00  0.00   0.00  0.00  1.00     1     0  1.00    2    -     -   FEW_RADII
     380    SW  366    363   333   248   0.00  0.00   0.00  0.00  1.00     1     0  1.00    2    -     -   FEW_RADII
     390    SW  366    362   330   247   0.04  0.00   0.00  0.04  0.96     2     0  1.00    2    -     -   FEW_RADII
     400    SW  362    358   317   235   0.00  0.00   0.00  0.00  1.00     1     0  1.00    2    -     -   FEW_RADII
     410    SW  360    356   307   235   0.01  0.00   0.00  0.01  0.99     2     0  1.00    2    -     -   FEW_RADII
     420    SW  367    363   303   235   0.05  0.05   0.08  0.00  0.92     8     1  1.00    3    -     -   FEW_RADII
     430    SW  382    378   319   241   0.11  0.00   0.00  0.12  0.88     2     1  1.00    3    -     -   FEW_RADII
     440    SW  384    380   311   240   0.05  0.00   0.00  0.05  0.95     2     0  1.00    3    -     -   FEW_RADII
     450    SW  381    376   306   234   0.08  0.00   0.00  0.08  0.92     2     6  1.00    3    -     -   FEW_RADII
     460    SW  384    379   308   226   0.02  0.00   0.00  0.02  0.98     2     0  1.00    3    -     -   FEW_RADII
     470    SW  366    358   298   206   0.00  0.00   0.00  0.00  1.00     1     0  1.00    3    -     -   FEW_RADII
     480    SW  362    351   293   189   0.03  0.00   0.00  0.03  0.97     2     0  1.00    2    -     -   FEW_RADII
     490    SW  356    340   280   175   0.04  0.04   0.07  0.00  0.93     8     0  1.00    3    -     -   FEW_RADII
     500    SW  376    357   284   189   0.08  0.07   0.13  0.01  0.86    11     0  1.00    3    -     -   FEW_RADII
     510  METR  377    354   274   197   0.07  0.07   0.10  0.00  0.90     9     0  1.00    4  2.08  1.00  -
     520  METR  392    368   276   207   0.05  0.00   0.00  0.06  0.94     2     0  1.00    4  2.04  1.00  -
     530  METR  369    335   262   211   0.05  0.00   0.00  0.05  0.95     2     0  1.00    4  2.27  1.00  -
     540    SW  355    324   269   214   0.04  0.04   0.05  0.00  0.95     4     0  1.00    3    -     -   FEW_RADII
     550    SW  352    320   268   213   0.13  0.00   0.00  0.11  0.89     2     0  1.00    3    -     -   FEW_RADII
     560    SW  342    311   274   214   0.03  0.00   0.00  0.03  0.97     2     0  1.00    3    -     -   FEW_RADII
     570    SW  340    309   274   212   0.00  0.00   0.00  0.00  1.00     1     0  1.00    3    -     -   FEW_RADII
     580    SW  334    302   274   208   0.05  0.00   0.00  0.05  0.95     2     7  1.00    3    -     -   FEW_RADII
     590    SW  342    307   281   215   0.08  0.08   0.11  0.00  0.89     7     0  1.00    3    -     -   FEW_RADII
     600    SW  353    317   291   228   0.16  0.12   0.15  0.03  0.82     3     0  1.00    3    -     -   FEW_RADII
     610    SW  358    324   287   229   0.08  0.00   0.00  0.08  0.92     2     0  1.00    3    -     -   FEW_RADII
     620  METR  378    342   300   249   0.10  0.10   0.19  0.00  0.81    26     0  1.00    4  2.35  1.00  -
     630  METR  400    363   325   264   0.06  0.06   0.09  0.00  0.91     7     0  1.00    4  2.31  1.00  -
     640  METR  415    378   342   265   0.03  0.03   0.05  0.00  0.95     4     2  1.00    4  2.28  1.00  -
     650  METR  411    376   344   261   0.03  0.00   0.00  0.03  0.97     2     1  1.00    4  2.59  1.00  -
     660    SW  414    377   346   260   0.03  0.02   0.02  0.01  0.97     3     0  1.00    3    -     -   FEW_RADII
     670    SW  412    376   345   265   0.05  0.00   0.00  0.05  0.95     2     0  1.00    3    -     -   FEW_RADII
     680    SW  411    374   326   264   0.06  0.06   0.07  0.00  0.93     4     0  1.00    3    -     -   FEW_RADII
     690    SW  409    371   311   258   0.08  0.05   0.08  0.03  0.89     6     1  1.00    3    -     -   FEW_RADII
     700  METR  408    367   308   264   0.08  0.05   0.07  0.02  0.90     7     0  1.00    4  2.53  1.00  -
     710  METR  417    374   310   265   0.03  0.02   0.03  0.01  0.96     3     1  1.00    4  2.49  1.00  -
     720    SW  433    391   329   269   0.07  0.05   0.09  0.02  0.90    10     4  1.00    3    -     -   FEW_RADII
     730  METR  447    404   349   277   0.07  0.06   0.09  0.01  0.90     8     0  1.00    4  2.40  1.00  -
     740  METR  461    421   363   291   0.06  0.06   0.10  0.00  0.90    10     2  1.00    4  2.41  1.00  -
     750    SW  467    424   368   286   0.00  0.00   0.00  0.00  1.00     1     0  1.00    3    -     -   FEW_RADII
     760    SW  478    433   381   291   0.04  0.04   0.05  0.00  0.95     6     0  1.00    3    -     -   FEW_RADII
     770  METR  470    427   373   295   0.06  0.00   0.00  0.06  0.94     2     0  1.00    4  2.63  1.00  -
     780    SW  465    421   369   284   0.00  0.00   0.00  0.00  1.00     1     0  1.00    3    -     -   FEW_RADII
     790    SW  463    416   367   281   0.07  0.06   0.08  0.01  0.91     4     0  1.00    3    -     -   FEW_RADII
     800  METR  467    418   363   284   0.03  0.00   0.00  0.03  0.97     2     1  1.00    4  2.63  1.00  -
     810  METR  467    417   351   297   0.10  0.00   0.00  0.09  0.91     2     3  0.99    4  2.59  1.00  -
     820  METR  475    426   355   301   0.12  0.06   0.07  0.05  0.88     3     1  1.00    4  2.50  1.00  -
     830  METR  481    433   359   305   0.03  0.02   0.04  0.01  0.95     5     2  1.00    4  2.34  1.00  -
     840  METR  496    445   375   313   0.08  0.06   0.10  0.02  0.88    11     1  1.00    4  2.34  1.00  -
     850  METR  518    466   401   329   0.05  0.05   0.08  0.00  0.92     5     2  1.00    4  2.46  1.00  -
     860  METR  533    479   419   329   0.04  0.02   0.02  0.02  0.95     3     0  1.00    4  2.26  1.00  -
     870    SW  534    473   423   321   0.10  0.05   0.08  0.05  0.86     5     0  1.00    3    -     -   FEW_RADII
     880  METR  539    478   427   324   0.09  0.07   0.12  0.01  0.87     9     5  1.00    4  2.52  1.00  -
     890    SW  536    474   417   327   0.06  0.00   0.00  0.06  0.94     2     0  1.00    3    -     -   FEW_RADII
     900    SW  528    467   402   312   0.08  0.05   0.05  0.03  0.92     3     2  1.00    3    -     -   FEW_RADII
    window ep510-530 len=3 exit=SW
    window ep620-650 len=4 exit=SW
    window ep700-710 len=2 exit=SW
    window ep730-740 len=2 exit=SW
    window ep770-770 len=1 exit=SW
    window ep800-860 len=7 exit=SW
    window ep880-880 len=1 exit=SW
    exit reasons: {'SW': 7}
    SW breakdown: {'NO_SCALING_PTS': 1, 'FEW_RADII': 69}
    edge lifetimes (theta=1e-12): n_dead=1107 median=220 mean=276.3 p90=475 max=882 censored_alive=994
    coupling with BSW indicator (point-biserial):
      occ_scc3: r =  0.03
      fe_cyc  : r =  0.06
      occ_scc : r =  0.08
      fe_dyad : r =  0.08
      b1_H12  : r =  0.44
      b1_H6   : r =  0.40
      b1_S6   : r =  0.45
[symmetric] status=ok snaps=90 BSW_occ=0 windows=0 dead=866 audit=OK
    ep    ph    V  b1_H12 b1_H6 b1_S6  occSCC occSCC3 feCYC feDYAD feOPEN maxSCC refl  gcf  npts slope   r2    fail
      10    SW    6      4     4     2   0.83  0.83   0.88  0.00  0.12     5     0  1.00    0    -     -   NO_SCALING_PTS
      20    SW   25     23    23    15   0.36  0.36   0.49  0.00  0.51     9     0  1.00    1    -     -   FEW_RADII
      30    SW   48     46    46    36   0.40  0.33   0.54  0.03  0.42    10     0  1.00    1    -     -   FEW_RADII
      40    SW   69     67    67    51   0.15  0.15   0.23  0.00  0.77     7     0  1.00    1    -     -   FEW_RADII
      50    SW   74     72    72    56   0.09  0.09   0.12  0.00  0.88     4     0  1.00    1    -     -   FEW_RADII
      60    SW   76     74    74    58   0.07  0.07   0.12  0.00  0.88     3     0  1.00    1    -     -   FEW_RADII
      70    SW   86     84    84    64   0.12  0.12   0.27  0.00  0.73     6     0  1.00    1    -     -   FEW_RADII
      80    SW  110    108   108    80   0.13  0.13   0.29  0.00  0.71    10     0  1.00    2    -     -   FEW_RADII
      90    SW  115    113   113    82   0.03  0.00   0.00  0.03  0.97     2     0  1.00    2    -     -   FEW_RADII
     100    SW  121    119   119    87   0.03  0.00   0.00  0.03  0.97     2     0  1.00    2    -     -   FEW_RADII
     110    SW  129    127   127    95   0.08  0.08   0.19  0.00  0.81     6     0  1.00    1    -     -   FEW_RADII
     120    SW  137    135   135   100   0.07  0.07   0.16  0.00  0.84     6     0  1.00    2    -     -   FEW_RADII
     130    SW  152    150   150   111   0.06  0.06   0.13  0.00  0.87     6     0  1.00    2    -     -   FEW_RADII
     140    SW  163    161   161   118   0.06  0.06   0.13  0.00  0.87     6     0  1.00    2    -     -   FEW_RADII
     150    SW  185    183   183   134   0.14  0.14   0.35  0.00  0.65    18     0  1.00    2    -     -   FEW_RADII
     160    SW  209    207   207   141   0.04  0.04   0.09  0.00  0.91     6     0  1.00    2    -     -   FEW_RADII
     170    SW  220    218   218   132   0.03  0.03   0.04  0.00  0.96     4     0  1.00    2    -     -   FEW_RADII
     180    SW  212    210   210   125   0.02  0.00   0.00  0.02  0.98     2     0  1.00    2    -     -   FEW_RADII
     190    SW  192    190   186   116   0.05  0.05   0.13  0.00  0.87     6     0  1.00    3    -     -   FEW_RADII
     200    SW  179    176   176   118   0.07  0.07   0.17  0.00  0.83     8     0  1.00    2    -     -   FEW_RADII
     210    SW  185    183   183   122   0.09  0.09   0.21  0.00  0.79    11     0  1.00    2    -     -   FEW_RADII
     220    SW  187    185   185   117   0.00  0.00   0.00  0.00  1.00     1     0  1.00    2    -     -   FEW_RADII
     230    SW  183    181   181   111   0.02  0.00   0.00  0.02  0.98     2     0  1.00    2    -     -   FEW_RADII
     240    SW  173    171   171   110   0.03  0.03   0.05  0.00  0.95     3     0  1.00    2    -     -   FEW_RADII
     250    SW  161    159   159   109   0.05  0.05   0.11  0.00  0.89     5     0  1.00    2    -     -   FEW_RADII
     260    SW  177    175   175   119   0.06  0.06   0.13  0.00  0.87     8     0  1.00    2    -     -   FEW_RADII
     270    SW  182    180   180   118   0.05  0.05   0.12  0.00  0.88     6     0  1.00    2    -     -   FEW_RADII
     280    SW  180    178   178   119   0.04  0.04   0.08  0.00  0.92     5     0  1.00    2    -     -   FEW_RADII
     290    SW  174    171   171   109   0.03  0.03   0.05  0.00  0.95     3     0  1.00    2    -     -   FEW_RADII
     300    SW  188    186   186   109   0.12  0.12   0.31  0.00  0.69    16     0  1.00    2    -     -   FEW_RADII
     310    SW  194    191   191   113   0.00  0.00   0.00  0.00  1.00     1     0  1.00    3    -     -   FEW_RADII
     320    SW  174    171   169   109   0.02  0.00   0.00  0.02  0.98     2     0  1.00    3    -     -   FEW_RADII
     330    SW  175    173   171   117   0.06  0.06   0.15  0.00  0.85     7     0  1.00    2    -     -   FEW_RADII
     340    SW  172    170   170   118   0.05  0.05   0.10  0.00  0.90     6     0  1.00    2    -     -   FEW_RADII
     350    SW  172    170   170   122   0.03  0.03   0.04  0.00  0.96     3     0  1.00    2    -     -   FEW_RADII
     360    SW  175    173   173   123   0.02  0.00   0.00  0.02  0.98     2     0  1.00    2    -     -   FEW_RADII
     370    SW  175    173   173   123   0.33  0.33   0.38  0.00  0.62     4     0  1.00    2    -     -   FEW_RADII
     380    SW  173    170   170   129   0.04  0.04   0.07  0.00  0.93     4     0  1.00    2    -     -   FEW_RADII
     390    SW  169    167   167   126   0.02  0.00   0.00  0.02  0.98     2     0  1.00    2    -     -   FEW_RADII
     400    SW  175    173   173   122   0.09  0.09   0.22  0.00  0.78     9     0  1.00    2    -     -   FEW_RADII
     410    SW  180    178   178   122   0.02  0.00   0.00  0.02  0.98     2     0  1.00    2    -     -   FEW_RADII
     420    SW  165    163   163   114   0.02  0.00   0.00  0.02  0.98     2     0  1.00    1    -     -   FEW_RADII
     430    SW  160    158   158   111   0.05  0.05   0.10  0.00  0.90     5     0  1.00    1    -     -   FEW_RADII
     440    SW  162    160   158   107   0.25  0.25   0.24  0.00  0.76     4     0  1.00    2    -     -   FEW_RADII
     450    SW  159    157   157   100   0.03  0.03   0.04  0.00  0.96     3     0  1.00    2    -     -   FEW_RADII
     460    SW  159    157   157    93   0.03  0.03   0.06  0.00  0.94     3     0  1.00    2    -     -   FEW_RADII
     470    SW  150    147   145    93   0.06  0.06   0.14  0.00  0.86     6     0  1.00    2    -     -   FEW_RADII
     480    SW  141    139   139    86   0.06  0.06   0.16  0.00  0.84     6     0  1.00    2    -     -   FEW_RADII
     490    SW  156    154   154    87   0.10  0.10   0.25  0.00  0.75    11     0  1.00    2    -     -   FEW_RADII
     500    SW  170    168   168    91   0.06  0.06   0.13  0.00  0.87     7     0  1.00    3    -     -   FEW_RADII
     510    SW  184    182   176   106   0.10  0.10   0.23  0.00  0.77    13     0  1.00    3    -     -   FEW_RADII
     520    SW  203    201   201   129   0.12  0.12   0.25  0.00  0.75    18     0  1.00    3    -     -   FEW_RADII
     530    SW  215    213   213   137   0.03  0.03   0.08  0.00  0.92     4     0  1.00    3    -     -   FEW_RADII
     540    SW  222    220   220   137   0.03  0.03   0.05  0.00  0.95     4     0  1.00    3    -     -   FEW_RADII
     550    SW  215    213   213   139   0.03  0.03   0.08  0.00  0.92     4     0  1.00    2    -     -   FEW_RADII
     560    SW  218    215   215   140   0.02  0.00   0.00  0.02  0.98     2     0  1.00    2    -     -   FEW_RADII
     570    SW  214    212   212   138   0.02  0.00   0.00  0.02  0.98     2     0  1.00    2    -     -   FEW_RADII
     580    SW  213    211   211   136   0.02  0.00   0.00  0.02  0.98     2     0  1.00    2    -     -   FEW_RADII
     590    SW  210    208   208   137   0.02  0.00   0.00  0.02  0.98     2     0  1.00    2    -     -   FEW_RADII
     600    SW  213    211   211   139   0.06  0.06   0.16  0.00  0.84     8     0  1.00    1    -     -   FEW_RADII
     610    SW  223    221   221   145   0.07  0.07   0.17  0.00  0.83    10     0  1.00    2    -     -   FEW_RADII
     620    SW  228    226   226   148   0.13  0.13   0.17  0.00  0.83     4     0  1.00    2    -     -   FEW_RADII
     630    SW  222    220   220   146   0.14  0.14   0.17  0.00  0.83     5     0  1.00    2    -     -   FEW_RADII
     640    SW  221    219   219   143   0.03  0.03   0.04  0.00  0.96     4     0  1.00    2    -     -   FEW_RADII
     650    SW  216    214   214   132   0.06  0.06   0.17  0.00  0.83     7     0  1.00    2    -     -   FEW_RADII
     660    SW  221    218   218   120   0.08  0.08   0.20  0.00  0.80    10     0  1.00    2    -     -   FEW_RADII
     670    SW  226    224   224   121   0.09  0.09   0.22  0.00  0.78    12     0  1.00    3    -     -   FEW_RADII
     680    SW  219    217   216   122   0.07  0.07   0.17  0.00  0.83     8     0  1.00    3    -     -   FEW_RADII
     690    SW  189    187   178   122   0.03  0.03   0.05  0.00  0.95     3     0  1.00    2    -     -   FEW_RADII
     700    SW  183    181   181   126   0.12  0.12   0.30  0.00  0.70    14     0  1.00    2    -     -   FEW_RADII
     710    SW  188    186   186   129   0.03  0.03   0.06  0.00  0.94     3     0  1.00    2    -     -   FEW_RADII
     720    SW  191    189   189   130   0.02  0.00   0.00  0.02  0.98     2     0  1.00    2    -     -   FEW_RADII
     730    SW  191    189   189   131   0.02  0.00   0.00  0.02  0.98     2     0  1.00    2    -     -   FEW_RADII
     740    SW  197    195   195   129   0.04  0.04   0.07  0.00  0.93     4     0  1.00    2    -     -   FEW_RADII
     750    SW  198    196   196   124   0.04  0.04   0.08  0.00  0.92     4     0  1.00    2    -     -   FEW_RADII
     760    SW  192    190   190   113   0.03  0.03   0.05  0.00  0.95     3     0  1.00    2    -     -   FEW_RADII
     770    SW  202    199   199   119   0.16  0.16   0.18  0.00  0.82     3     0  1.00    2    -     -   FEW_RADII
     780    SW  202    200   196   120   0.04  0.04   0.07  0.00  0.93     4     0  1.00    2    -     -   FEW_RADII
     790    SW  209    207   198   124   0.06  0.06   0.16  0.00  0.84     8     0  1.00    2    -     -   FEW_RADII
     800    SW  207    205   184   124   0.04  0.04   0.08  0.00  0.92     5     0  1.00    2    -     -   FEW_RADII
     810    SW  183    181   181   110   0.42  0.42   0.48  0.00  0.52     5     0  1.00    2    -     -   FEW_RADII
     820    SW  196    194   194   104   0.11  0.11   0.28  0.00  0.72    15     0  1.00    2    -     -   FEW_RADII
     830    SW  203    201   200   118   0.04  0.04   0.08  0.00  0.92     6     0  1.00    3    -     -   FEW_RADII
     840    SW  169    166   166   111   0.03  0.03   0.04  0.00  0.96     3     0  1.00    2    -     -   FEW_RADII
     850    SW  158    156   156   112   0.05  0.05   0.13  0.00  0.87     5     0  1.00    1    -     -   FEW_RADII
     860    SW  148    146   146   110   0.02  0.00   0.00  0.02  0.98     2     0  1.00    1    -     -   FEW_RADII
     870    SW  162    160   160   114   0.13  0.13   0.32  0.00  0.68    13     0  1.00    3    -     -   FEW_RADII
     880    SW  179    177   177   129   0.08  0.08   0.20  0.00  0.80     9     0  1.00    2    -     -   FEW_RADII
     890    SW  204    202   202   150   0.15  0.15   0.34  0.00  0.66    21     0  1.00    2    -     -   FEW_RADII
     900    SW  214    212   212   154   0.38  0.38   0.33  0.00  0.67     3     0  1.00    2    -     -   FEW_RADII
    exit reasons: (no windows)
    SW breakdown: {'NO_SCALING_PTS': 1, 'FEW_RADII': 89}
    edge lifetimes (theta=1e-12): n_dead=1732 median=163 mean=161.9 p90=184 max=228 censored_alive=425
    coupling with BSW indicator (point-biserial):
      occ_scc3: r =    - 
      fe_cyc  : r =    - 
      occ_scc : r =    - 
      fe_dyad : r =    - 
      b1_H12  : r =    - 
      b1_H6   : r =    - 
      b1_S6   : r =    - 
    --- asymmetric prediction pre-test (directed minus symmetric, point-biserial r with BSW) ---
      occ_scc3: r_dir= 0.03  r_sym=   -   diff=   - 
      fe_cyc  : r_dir= 0.06  r_sym=   -   diff=   - 
      b1_H12  : r_dir= 0.44  r_sym=   -   diff=   - 
====================================================================================================
SEED 15  rule=T1 g=0.075 N=650 epochs=900 (paired directed / symmetric, identical seed)
====================================================================================================
[directed ] status=ok snaps=90 BSW_occ=36 windows=5 dead=843 audit=OK
    ep    ph    V  b1_H12 b1_H6 b1_S6  occSCC occSCC3 feCYC feDYAD feOPEN maxSCC refl  gcf  npts slope   r2    fail
      10    SW   11      9     9     7   0.00  0.00   0.00  0.00  1.00     1     9  1.00    0    -     -   NO_SCALING_PTS
      20    SW   20     18    18    15   0.12  0.00   0.00  0.09  0.91     2     0  1.00    1    -     -   FEW_RADII
      30    SW   32     30    30    23   0.00  0.00   0.00  0.00  1.00     1     0  1.00    1    -     -   FEW_RADII
      40    SW   38     36    36    27   0.07  0.00   0.00  0.06  0.94     2     0  1.00    1    -     -   FEW_RADII
      50    SW   72     70    70    51   0.14  0.14   0.23  0.00  0.77    10     0  1.00    1    -     -   FEW_RADII
      60    SW   88     86    86    64   0.07  0.07   0.09  0.00  0.91     4     0  1.00    1    -     -   FEW_RADII
      70    SW   95     93    93    69   0.08  0.08   0.12  0.00  0.88     7     0  1.00    1    -     -   FEW_RADII
      80    SW  119    117   117    85   0.07  0.07   0.09  0.00  0.91     8     0  1.00    1    -     -   FEW_RADII
      90    SW  142    140   140   110   0.05  0.05   0.08  0.00  0.92     7     0  1.00    1    -     -   FEW_RADII
     100    SW  164    162   162   134   0.06  0.06   0.08  0.00  0.92     5     0  1.00    1    -     -   FEW_RADII
     110    SW  193    191   191   158   0.07  0.07   0.12  0.00  0.88    11     0  1.00    2    -     -   FEW_RADII
     120    SW  243    241   241   184   0.06  0.06   0.11  0.00  0.89    13     0  1.00    2    -     -   FEW_RADII
     130    SW  266    264   264   200   0.00  0.00   0.00  0.00  1.00     1     0  1.00    2    -     -   FEW_RADII
     140    SW  288    286   286   223   0.05  0.05   0.08  0.00  0.92    12     0  1.00    2    -     -   FEW_RADII
     150    SW  305    303   303   241   0.00  0.00   0.00  0.00  1.00     1     0  1.00    2    -     -   FEW_RADII
     160    SW  319    317   317   258   0.06  0.04   0.07  0.01  0.92     7     0  1.00    2    -     -   FEW_RADII
     170    SW  336    334   334   277   0.00  0.00   0.00  0.00  1.00     1     0  1.00    2    -     -   FEW_RADII
     180    SW  343    341   341   288   0.00  0.00   0.00  0.00  1.00     1     0  1.00    2    -     -   FEW_RADII
     190    SW  346    344   344   290   0.05  0.00   0.00  0.05  0.95     2     0  1.00    2    -     -   FEW_RADII
     200    SW  361    359   359   296   0.05  0.05   0.10  0.00  0.90    15     0  1.00    2    -     -   FEW_RADII
     210    SW  389    387   386   323   0.07  0.07   0.11  0.00  0.89    15     0  1.00    3    -     -   FEW_RADII
     220    SW  436    434   433   349   0.07  0.05   0.08  0.02  0.90    11     0  1.00    3    -     -   FEW_RADII
     230    SW  451    449   441   354   0.00  0.00   0.00  0.00  1.00     1     0  1.00    3    -     -   FEW_RADII
     240    SW  466    464   446   360   0.11  0.05   0.05  0.05  0.90     3     0  1.00    2    -     -   FEW_RADII
     250    SW  471    469   448   364   0.07  0.00   0.00  0.08  0.92     2     0  1.00    2    -     -   FEW_RADII
     260    SW  479    477   454   362   0.07  0.06   0.09  0.01  0.90     9     0  1.00    2    -     -   FEW_RADII
     270    SW  504    502   478   375   0.06  0.05   0.08  0.01  0.91    10     0  1.00    3    -     -   FEW_RADII
     280    SW  523    520   493   380   0.04  0.04   0.06  0.00  0.94    13     0  1.00    3    -     -   FEW_RADII
     290    SW  523    518   476   378   0.02  0.02   0.03  0.00  0.97     6     0  1.00    3    -     -   FEW_RADII
     300    SW  534    529   459   373   0.00  0.00   0.00  0.00  1.00     1     3  1.00    3    -     -   FEW_RADII
     310    SW  545    539   460   374   0.00  0.00   0.00  0.00  1.00     1     1  1.00    3    -     -   FEW_RADII
     320    SW  553    545   463   381   0.05  0.03   0.05  0.02  0.94     4     0  1.00    3    -     -   FEW_RADII
     330    SW  588    581   500   413   0.06  0.06   0.12  0.00  0.88    28     0  1.00    3    -     -   FEW_RADII
     340    SW  611    601   524   430   0.06  0.06   0.11  0.00  0.89    14     0  1.00    3    -     -   FEW_RADII
     350    SW  615    604   525   421   0.08  0.00   0.00  0.08  0.92     2     0  1.00    3    -     -   FEW_RADII
     360    SW  606    595   524   417   0.03  0.03   0.05  0.01  0.95     6     0  1.00    3    -     -   FEW_RADII
     370    SW  615    603   535   413   0.04  0.03   0.04  0.01  0.95     6     0  1.00    3    -     -   FEW_RADII
     380    SW  615    601   530   411   0.03  0.03   0.05  0.00  0.95     6     0  1.00    3    -     -   FEW_RADII
     390    SW  616    603   519   409   0.01  0.00   0.00  0.01  0.99     2     0  1.00    3    -     -   FEW_RADII
     400    SW  614    602   500   394   0.00  0.00   0.00  0.00  1.00     1     0  1.00    3    -     -   FEW_RADII
     410    SW  615    598   496   383   0.03  0.03   0.04  0.00  0.96     4     0  1.00    3    -     -   FEW_RADII
     420    SW  618    599   507   385   0.06  0.06   0.13  0.00  0.87    23     0  1.00    3    -     -   FEW_RADII
     430    SW  631    615   533   403   0.06  0.06   0.11  0.00  0.89    13     0  1.00    3    -     -   FEW_RADII
     440    SW  618    601   521   402   0.04  0.00   0.00  0.04  0.96     2     0  1.00    3    -     -   FEW_RADII
     450    SW  601    579   489   397   0.02  0.02   0.04  0.00  0.96     5     0  1.00    3    -     -   FEW_RADII
     460    SW  599    575   479   385   0.03  0.03   0.05  0.00  0.95    10     0  1.00    3    -     -   FEW_RADII
     470    SW  588    560   470   359   0.03  0.03   0.06  0.00  0.94    10     0  1.00    3    -     -   FEW_RADII
     480    SW  588    552   465   345   0.05  0.03   0.06  0.02  0.93     7     0  1.00    3    -     -   FEW_RADII
     490  METR  586    548   471   344   0.05  0.04   0.09  0.00  0.91    17     0  1.00    4  2.24  1.00  -
     500  METR  585    545   471   342   0.05  0.05   0.11  0.00  0.89    13     3  1.00    4  2.19  1.00  -
     510  METR  614    573   477   343   0.02  0.02   0.02  0.00  0.98     4     0  1.00    4  2.14  1.00  -
     520    SW  601    559   457   338   0.00  0.00   0.00  0.00  1.00     1     0  1.00    3    -     -   FEW_RADII
     530  METR  590    548   437   334   0.00  0.00   0.00  0.00  1.00     1     1  1.00    4  2.81  1.00  -
     540  METR  579    539   431   335   0.03  0.03   0.05  0.00  0.95     6     0  1.00    4  2.76  0.99  -
     550    SW  559    518   422   329   0.00  0.00   0.00  0.00  1.00     1     0  1.00    3    -     -   FEW_RADII
     560  METR  561    517   423   323   0.08  0.00   0.00  0.07  0.93     2     0  1.00    4  2.83  1.00  -
     570    SW  554    504   421   320   0.04  0.03   0.06  0.01  0.93     7     0  1.00    3    -     -   FEW_RADII
     580    SW  543    495   426   325   0.01  0.01   0.02  0.00  0.98     3     1  1.00    3    -     -   FEW_RADII
     590    SW  538    488   421   331   0.18  0.18   0.25  0.00  0.75     6     2  1.00    3    -     -   FEW_RADII
     600  METR  553    503   422   342   0.05  0.04   0.08  0.01  0.91    13     0  1.00    4  2.66  1.00  -
     610  METR  564    513   428   352   0.06  0.05   0.11  0.01  0.89     8     1  1.00    4  2.42  1.00  -
     620  METR  597    541   451   359   0.03  0.01   0.02  0.02  0.96     3     1  1.00    4  2.44  1.00  -
     630  METR  604    546   462   372   0.11  0.04   0.05  0.07  0.88     3     3  1.00    4  2.32  1.00  -
     640  METR  608    551   483   369   0.09  0.06   0.08  0.02  0.90     7     0  1.00    4  2.61  1.00  -
     650  METR  644    587   514   382   0.13  0.07   0.10  0.05  0.85     5     1  1.00    4  2.63  1.00  -
     660  METR  650    593   511   388   0.05  0.02   0.03  0.02  0.95     3     2  1.00    4  2.52  1.00  -
     670    SW  650    588   498   394   0.05  0.03   0.05  0.02  0.93     6     0  1.00    3    -     -   FEW_RADII
     680  METR  648    583   480   391   0.06  0.02   0.04  0.03  0.92     5     1  1.00    4  2.66  1.00  -
     690  METR  648    578   469   407   0.16  0.15   0.20  0.01  0.78    10     3  1.00    4  2.53  1.00  -
     700  METR  647    573   479   415   0.05  0.05   0.09  0.00  0.91    10     1  1.00    5  2.57  1.00  -
     710  METR  650    575   489   417   0.05  0.04   0.07  0.00  0.92     6     1  1.00    5  2.54  1.00  -
     720  METR  649    575   494   424   0.09  0.08   0.15  0.01  0.85    14     1  1.00    4  2.59  1.00  -
     730  METR  650    577   507   432   0.07  0.06   0.11  0.01  0.88    19     1  1.00    5  2.48  1.00  -
     740  METR  649    576   511   429   0.10  0.09   0.14  0.01  0.85    13     1  1.00    5  2.49  1.00  -
     750  METR  650    577   514   433   0.11  0.09   0.17  0.02  0.81    25     0  1.00    4  2.38  1.00  -
     760  METR  650    578   514   436   0.11  0.10   0.18  0.01  0.81    33     6  1.00    4  2.47  1.00  -
     770  METR  649    575   509   430   0.10  0.10   0.17  0.00  0.83    28     1  1.00    5  2.32  1.00  -
     780  METR  650    573   508   431   0.16  0.15   0.26  0.01  0.73    37     3  1.00    5  2.21  1.00  -
     790  METR  650    569   497   436   0.16  0.14   0.23  0.01  0.76    35    27  1.00    6  2.29  1.00  -
     800  METR  650    568   489   430   0.11  0.09   0.14  0.02  0.84    22     1  1.00    6  2.17  1.00  -
     810  METR  650    568   482   432   0.12  0.09   0.15  0.03  0.83     9     4  1.00    6  2.22  1.00  -
     820  METR  650    564   481   426   0.12  0.06   0.09  0.05  0.85    12     3  1.00    6  2.20  1.00  -
     830  METR  648    568   479   423   0.10  0.07   0.11  0.02  0.86    14     1  1.00    6  2.24  1.00  -
     840  METR  649    565   490   434   0.10  0.07   0.11  0.02  0.86     9     3  1.00    6  2.30  1.00  -
     850  METR  648    562   497   429   0.08  0.07   0.13  0.01  0.86    16     2  1.00    5  2.38  1.00  -
     860  METR  648    557   487   431   0.11  0.08   0.12  0.02  0.86     9     5  1.00    5  2.46  1.00  -
     870  METR  648    555   485   438   0.09  0.09   0.14  0.00  0.86    10     3  1.00    4  2.50  1.00  -
     880  METR  647    552   493   437   0.09  0.07   0.11  0.01  0.87     9     4  1.00    5  2.56  1.00  -
     890  METR  647    553   487   439   0.05  0.02   0.03  0.02  0.95     4     2  1.00    4  2.47  1.00  -
     900  METR  648    552   490   447   0.16  0.16   0.27  0.00  0.73    31     6  1.00    4  2.69  1.00  -
    window ep490-510 len=3 exit=SW
    window ep530-540 len=2 exit=SW
    window ep560-560 len=1 exit=SW
    window ep600-660 len=7 exit=SW
    window ep680-900 len=23 exit=END
    exit reasons: {'SW': 4, 'END': 1}
    SW breakdown: {'NO_SCALING_PTS': 1, 'FEW_RADII': 53}
    edge lifetimes (theta=1e-12): n_dead=1780 median=236 mean=290.9 p90=502 max=858 censored_alive=1199
    coupling with BSW indicator (point-biserial):
      occ_scc3: r =  0.39
      fe_cyc  : r =  0.41
      occ_scc : r =  0.46
      fe_dyad : r =  0.14
      b1_H12  : r =  0.44
      b1_H6   : r =  0.40
      b1_S6   : r =  0.46
[symmetric] status=ok snaps=90 BSW_occ=0 windows=0 dead=937 audit=OK
    ep    ph    V  b1_H12 b1_H6 b1_S6  occSCC occSCC3 feCYC feDYAD feOPEN maxSCC refl  gcf  npts slope   r2    fail
      10    SW    5      3     3     1   0.60  0.60   0.60  0.00  0.40     3     0  1.00    0    -     -   NO_SCALING_PTS
      20    SW   30     28    28    17   0.47  0.47   0.62  0.00  0.38    14     0  1.00    1    -     -   FEW_RADII
      30    SW   37     35    35    26   0.12  0.12   0.14  0.00  0.86     3     0  1.00    1    -     -   FEW_RADII
      40    SW   43     41    41    28   0.13  0.13   0.24  0.00  0.76     4     0  1.00    1    -     -   FEW_RADII
      50    SW   60     58    58    43   0.15  0.15   0.31  0.00  0.69     7     0  1.00    1    -     -   FEW_RADII
      60    SW   73     71    71    56   0.14  0.14   0.27  0.00  0.73     8     0  1.00    2    -     -   FEW_RADII
      70    SW   78     76    76    57   0.08  0.08   0.16  0.00  0.84     4     0  1.00    2    -     -   FEW_RADII
      80    SW   84     82    82    66   0.14  0.14   0.33  0.00  0.68     8     0  1.00    1    -     -   FEW_RADII
      90    SW   96     94    94    71   0.10  0.10   0.23  0.00  0.77     7     0  1.00    1    -     -   FEW_RADII
     100    SW  103    101   101    76   0.05  0.05   0.12  0.00  0.88     4     0  1.00    1    -     -   FEW_RADII
     110    SW  107    105   105    81   0.04  0.04   0.07  0.00  0.93     3     0  1.00    1    -     -   FEW_RADII
     120    SW  115    113   113    89   0.33  0.33   0.35  0.00  0.65     4     0  1.00    1    -     -   FEW_RADII
     130    SW  125    123   123    93   0.07  0.07   0.17  0.00  0.83     6     0  1.00    2    -     -   FEW_RADII
     140    SW  136    134   134   104   0.11  0.11   0.29  0.00  0.71    11     0  1.00    2    -     -   FEW_RADII
     150    SW  168    166   166   124   0.11  0.11   0.26  0.00  0.74    14     0  1.00    2    -     -   FEW_RADII
     160    SW  201    199   199   139   0.09  0.09   0.21  0.00  0.79    12     0  1.00    2    -     -   FEW_RADII
     170    SW  212    210   210   147   0.08  0.08   0.15  0.00  0.85    13     0  1.00    3    -     -   FEW_RADII
     180    SW  225    223   223   160   0.04  0.04   0.08  0.00  0.92     6     0  1.00    3    -     -   FEW_RADII
     190    SW  219    216   216   157   0.02  0.00   0.00  0.02  0.98     2     0  1.00    2    -     -   FEW_RADII
     200    SW  219    217   217   150   0.25  0.00   0.00  0.22  0.78     2     0  1.00    2    -     -   FEW_RADII
     210    SW  216    214   214   149   0.05  0.05   0.11  0.00  0.89     6     0  1.00    2    -     -   FEW_RADII
     220    SW  217    215   213   152   0.08  0.08   0.20  0.00  0.80    10     0  1.00    1    -     -   FEW_RADII
     230    SW  223    221   221   160   0.05  0.05   0.13  0.00  0.87     7     0  1.00    2    -     -   FEW_RADII
     240    SW  233    231   231   168   0.08  0.08   0.22  0.00  0.78    11     0  1.00    2    -     -   FEW_RADII
     250    SW  251    248   248   188   0.05  0.05   0.10  0.00  0.90     7     0  1.00    2    -     -   FEW_RADII
     260    SW  262    260   260   191   0.05  0.05   0.12  0.00  0.88     8     0  1.00    2    -     -   FEW_RADII
     270    SW  270    268   268   193   0.05  0.05   0.14  0.00  0.86     7     0  1.00    2    -     -   FEW_RADII
     280    SW  276    274   274   190   0.07  0.07   0.18  0.00  0.82    10     0  1.00    2    -     -   FEW_RADII
     290    SW  284    282   282   189   0.06  0.06   0.15  0.00  0.85     9     0  1.00    2    -     -   FEW_RADII
     300    SW  283    281   281   181   0.03  0.00   0.00  0.03  0.97     2     0  1.00    3    -     -   FEW_RADII
     310    SW  280    278   278   159   0.07  0.07   0.19  0.00  0.81    11     0  1.00    3    -     -   FEW_RADII
     320    SW  278    276   275   158   0.06  0.06   0.15  0.00  0.85     9     0  1.00    3    -     -   FEW_RADII
     330    SW  266    263   259   159   0.04  0.04   0.10  0.00  0.90     5     0  1.00    3    -     -   FEW_RADII
     340    SW  249    246   236   161   0.03  0.03   0.07  0.00  0.93     4     0  1.00    2    -     -   FEW_RADII
     350    SW  223    221   221   158   0.03  0.03   0.05  0.00  0.95     3     0  1.00    2    -     -   FEW_RADII
     360    SW  230    228   228   160   0.08  0.08   0.18  0.00  0.82     9     0  1.00    2    -     -   FEW_RADII
     370    SW  239    237   237   157   0.17  0.00   0.00  0.15  0.85     2     0  1.00    3    -     -   FEW_RADII
     380    SW  232    230   230   148   0.02  0.00   0.00  0.02  0.98     2     0  1.00    3    -     -   FEW_RADII
     390    SW  219    217   217   138   0.03  0.03   0.05  0.00  0.95     4     0  1.00    3    -     -   FEW_RADII
     400    SW  211    209   209   128   0.03  0.03   0.05  0.00  0.95     3     0  1.00    3    -     -   FEW_RADII
     410    SW  222    220   220   138   0.18  0.18   0.22  0.00  0.78     4     0  1.00    3    -     -   FEW_RADII
     420    SW  217    215   212   133   0.08  0.08   0.18  0.00  0.82     9     0  1.00    2    -     -   FEW_RADII
     430    SW  214    212   212   138   0.04  0.04   0.09  0.00  0.91     5     0  1.00    3    -     -   FEW_RADII
     440    SW  219    217   217   141   0.06  0.06   0.11  0.00  0.89     7     0  1.00    3    -     -   FEW_RADII
     450    SW  221    219   219   138   0.06  0.06   0.17  0.00  0.83     8     0  1.00    3    -     -   FEW_RADII
     460    SW  226    224   222   135   0.06  0.06   0.16  0.00  0.84     8     0  1.00    3    -     -   FEW_RADII
     470    SW  221    219   217   139   0.05  0.05   0.12  0.00  0.88     7     0  1.00    3    -     -   FEW_RADII
     480    SW  216    214   212   137   0.01  0.00   0.00  0.01  0.99     2     0  1.00    3    -     -   FEW_RADII
     490    SW  196    194   194   138   0.02  0.00   0.00  0.02  0.98     2     0  1.00    2    -     -   FEW_RADII
     500    SW  195    193   193   134   0.02  0.00   0.00  0.02  0.98     2     0  1.00    1    -     -   FEW_RADII
     510    SW  188    186   186   123   0.02  0.00   0.00  0.02  0.98     2     0  1.00    1    -     -   FEW_RADII
     520    SW  187    185   185   122   0.04  0.04   0.10  0.00  0.90     5     0  1.00    1    -     -   FEW_RADII
     530    SW  178    176   176   124   0.02  0.00   0.00  0.02  0.98     2     0  1.00    1    -     -   FEW_RADII
     540    SW  170    168   168   123   0.04  0.04   0.05  0.00  0.95     4     0  1.00    2    -     -   FEW_RADII
     550    SW  165    163   163   118   0.04  0.04   0.11  0.00  0.89     5     0  1.00    2    -     -   FEW_RADII
     560    SW  168    166   166   113   0.06  0.06   0.16  0.00  0.84     7     0  1.00    2    -     -   FEW_RADII
     570    SW  158    156   156   110   0.33  0.33   0.47  0.00  0.53     6     0  1.00    2    -     -   FEW_RADII
     580    SW  149    146   146    99   0.06  0.06   0.13  0.00  0.87     6     0  1.00    2    -     -   FEW_RADII
     590    SW  145    142   142    89   0.10  0.10   0.25  0.00  0.75    11     0  1.00    2    -     -   FEW_RADII
     600    SW  155    153   153    94   0.04  0.04   0.06  0.00  0.94     4     0  1.00    2    -     -   FEW_RADII
     610    SW  146    144   144    90   0.03  0.03   0.04  0.00  0.96     3     0  1.00    2    -     -   FEW_RADII
     620    SW  138    136   136    84   0.07  0.07   0.17  0.00  0.83     7     0  1.00    2    -     -   FEW_RADII
     630    SW  157    155   155   102   0.11  0.11   0.24  0.00  0.76    14     0  1.00    2    -     -   FEW_RADII
     640    SW  174    171   171   125   0.04  0.04   0.08  0.00  0.92     5     0  1.00    2    -     -   FEW_RADII
     650    SW  174    172   172   127   0.02  0.00   0.00  0.02  0.98     2     0  1.00    3    -     -   FEW_RADII
     660    SW  176    174   174   128   0.05  0.05   0.12  0.00  0.88     5     0  1.00    2    -     -   FEW_RADII
     670    SW  185    183   183   130   0.03  0.03   0.05  0.00  0.95     4     0  1.00    2    -     -   FEW_RADII
     680    SW  182    180   180   129   0.03  0.03   0.07  0.00  0.93     4     0  1.00    2    -     -   FEW_RADII
     690    SW  178    176   176   128   0.03  0.03   0.05  0.00  0.95     3     0  1.00    2    -     -   FEW_RADII
     700    SW  180    178   178   124   0.03  0.03   0.05  0.00  0.95     3     0  1.00    2    -     -   FEW_RADII
     710    SW  183    181   181   129   0.25  0.00   0.00  0.22  0.78     2     0  1.00    1    -     -   FEW_RADII
     720    SW  183    181   181   129   0.03  0.03   0.07  0.00  0.93     4     0  1.00    1    -     -   FEW_RADII
     730    SW  201    199   199   133   0.10  0.10   0.26  0.00  0.74    13     0  1.00    2    -     -   FEW_RADII
     740    SW  232    230   230   147   0.05  0.04   0.09  0.01  0.90     6     0  1.00    2    -     -   FEW_RADII
     750    SW  225    223   223   156   0.02  0.02   0.03  0.00  0.97     3     0  1.00    2    -     -   FEW_RADII
     760    SW  220    216   216   149   0.04  0.04   0.11  0.00  0.89     6     0  1.00    2    -     -   FEW_RADII
     770    SW  231    229   229   149   0.08  0.08   0.21  0.00  0.79    12     0  1.00    3    -     -   FEW_RADII
     780    SW  233    231   231   134   0.03  0.03   0.06  0.00  0.94     5     0  1.00    3    -     -   FEW_RADII
     790    SW  231    229   229   133   0.04  0.04   0.09  0.00  0.91     6     0  1.00    3    -     -   FEW_RADII
     800    SW  212    210   208   139   0.03  0.03   0.06  0.00  0.94     5     0  1.00    2    -     -   FEW_RADII
     810    SW  187    185   185   137   0.13  0.00   0.00  0.12  0.88     2     0  1.00    2    -     -   FEW_RADII
     820    SW  184    182   182   135   0.02  0.00   0.00  0.02  0.98     2     0  1.00    2    -     -   FEW_RADII
     830    SW  181    179   179   134   0.02  0.00   0.00  0.02  0.98     2     0  1.00    2    -     -   FEW_RADII
     840    SW  184    181   181   136   0.04  0.04   0.09  0.00  0.91     5     0  1.00    2    -     -   FEW_RADII
     850    SW  184    182   182   136   0.03  0.03   0.05  0.00  0.95     4     0  1.00    2    -     -   FEW_RADII
     860    SW  181    179   179   131   0.02  0.00   0.00  0.02  0.98     2     0  1.00    1    -     -   FEW_RADII
     870    SW  179    177   177   119   0.02  0.00   0.00  0.02  0.98     2     0  1.00    2    -     -   FEW_RADII
     880    SW  169    167   167   113   0.50  0.00   0.00  0.40  0.60     2     0  1.00    2    -     -   FEW_RADII
     890    SW  158    156   156   105   0.02  0.00   0.00  0.02  0.98     2     0  1.00    2    -     -   FEW_RADII
     900    SW  138    135   135    98   0.03  0.03   0.06  0.00  0.94     3     0  1.00    2    -     -   FEW_RADII
    exit reasons: (no windows)
    SW breakdown: {'NO_SCALING_PTS': 1, 'FEW_RADII': 89}
    edge lifetimes (theta=1e-12): n_dead=1875 median=163 mean=161.8 p90=183 max=215 censored_alive=272
    coupling with BSW indicator (point-biserial):
      occ_scc3: r =    - 
      fe_cyc  : r =    - 
      occ_scc : r =    - 
      fe_dyad : r =    - 
      b1_H12  : r =    - 
      b1_H6   : r =    - 
      b1_S6   : r =    - 
    --- asymmetric prediction pre-test (directed minus symmetric, point-biserial r with BSW) ---
      occ_scc3: r_dir= 0.39  r_sym=   -   diff=   - 
      fe_cyc  : r_dir= 0.41  r_sym=   -   diff=   - 
      b1_H12  : r_dir= 0.44  r_sym=   -   diff=   - 
====================================================================================================
SEED 21  rule=T1 g=0.075 N=650 epochs=900 (paired directed / symmetric, identical seed)
====================================================================================================
[directed ] status=ok snaps=90 BSW_occ=24 windows=4 dead=957 audit=OK
    ep    ph    V  b1_H12 b1_H6 b1_S6  occSCC occSCC3 feCYC feDYAD feOPEN maxSCC refl  gcf  npts slope   r2    fail
      10    SW    6      4     4     2   0.67  0.67   0.67  0.00  0.33     4    12  1.00    0    -     -   NO_SCALING_PTS
      20    SW   24     22    22    19   0.25  0.25   0.30  0.00  0.70     6     0  1.00    1    -     -   FEW_RADII
      30    SW   59     57    57    35   0.20  0.20   0.29  0.00  0.71    11     0  1.00    1    -     -   FEW_RADII
      40    SW  102    100   100    64   0.11  0.11   0.18  0.00  0.82     9     0  1.00    1    -     -   FEW_RADII
      50    SW  168    166   166   113   0.08  0.08   0.13  0.00  0.87    13     0  1.00    1    -     -   FEW_RADII
      60    SW  195    193   193   135   0.00  0.00   0.00  0.00  1.00     1     0  1.00    1    -     -   FEW_RADII
      70    SW  201    199   199   142   0.03  0.03   0.04  0.00  0.96     4     0  1.00    1    -     -   FEW_RADII
      80    SW  223    221   221   163   0.04  0.04   0.05  0.00  0.95     4     0  1.00    1    -     -   FEW_RADII
      90    SW  249    247   247   196   0.06  0.06   0.08  0.00  0.92     7     0  1.00    1    -     -   FEW_RADII
     100    SW  273    271   271   213   0.02  0.02   0.03  0.00  0.97     5     0  1.00    1    -     -   FEW_RADII
     110    SW  285    283   283   226   0.02  0.00   0.00  0.02  0.98     2     0  1.00    2    -     -   FEW_RADII
     120    SW  293    291   291   233   0.02  0.02   0.03  0.00  0.97     3     0  1.00    2    -     -   FEW_RADII
     130    SW  312    310   310   254   0.05  0.05   0.09  0.00  0.91    13     0  1.00    2    -     -   FEW_RADII
     140    SW  340    338   338   271   0.05  0.05   0.09  0.00  0.91    11     0  1.00    2    -     -   FEW_RADII
     150    SW  369    367   367   291   0.05  0.05   0.10  0.00  0.90    15     0  1.00    2    -     -   FEW_RADII
     160    SW  388    386   386   308   0.06  0.06   0.08  0.00  0.92     7     0  1.00    3    -     -   FEW_RADII
     170    SW  417    415   415   334   0.06  0.06   0.11  0.00  0.89    20     0  1.00    2    -     -   FEW_RADII
     180    SW  454    452   452   349   0.09  0.09   0.17  0.00  0.83    23     0  1.00    3    -     -   FEW_RADII
     190    SW  503    501   501   378   0.07  0.07   0.15  0.00  0.85    29     0  1.00    3    -     -   FEW_RADII
     200    SW  540    538   538   399   0.03  0.03   0.06  0.00  0.94     7     0  1.00    3    -     -   FEW_RADII
     210    SW  560    558   554   408   0.02  0.02   0.03  0.00  0.97     5     0  1.00    3    -     -   FEW_RADII
     220    SW  576    574   560   413   0.03  0.03   0.07  0.00  0.93     8     0  1.00    3    -     -   FEW_RADII
     230    SW  582    580   548   415   0.02  0.02   0.05  0.00  0.95     9     0  1.00    3    -     -   FEW_RADII
     240    SW  601    599   556   427   0.03  0.03   0.06  0.00  0.94    15     0  1.00    3    -     -   FEW_RADII
     250    SW  608    606   550   438   0.02  0.02   0.03  0.00  0.97     4     0  1.00    3    -     -   FEW_RADII
     260    SW  618    616   551   444   0.02  0.00   0.00  0.02  0.98     2     0  1.00    3    -     -   FEW_RADII
     270    SW  610    607   544   438   0.01  0.00   0.00  0.01  0.99     2     0  1.00    3    -     -   FEW_RADII
     280    SW  605    601   535   436   0.00  0.00   0.00  0.00  1.00     1     0  1.00    3    -     -   FEW_RADII
     290    SW  599    594   530   426   0.00  0.00   0.00  0.00  1.00     1     0  1.00    3    -     -   FEW_RADII
     300    SW  591    585   528   416   0.02  0.02   0.02  0.00  0.98     5     0  1.00    3    -     -   FEW_RADII
     310    SW  583    578   515   412   0.03  0.03   0.05  0.00  0.95     9     0  1.00    2    -     -   FEW_RADII
     320    SW  597    592   526   409   0.04  0.04   0.07  0.00  0.93    14     0  1.00    3    -     -   FEW_RADII
     330    SW  604    599   527   396   0.03  0.03   0.06  0.00  0.94     8     0  1.00    3    -     -   FEW_RADII
     340    SW  598    592   512   373   0.01  0.00   0.00  0.01  0.99     2     0  1.00    3    -     -   FEW_RADII
     350    SW  589    581   491   355   0.00  0.00   0.00  0.00  1.00     1     0  1.00    3    -     -   FEW_RADII
     360    SW  573    563   451   341   0.05  0.05   0.07  0.00  0.93     3     0  1.00    3    -     -   FEW_RADII
     370    SW  564    552   408   331   0.03  0.03   0.06  0.00  0.94    12     0  1.00    2    -     -   FEW_RADII
     380    SW  557    541   386   316   0.06  0.00   0.00  0.07  0.93     2     0  1.00    2    -     -   FEW_RADII
     390    SW  544    524   366   300   0.08  0.00   0.00  0.07  0.93     2     0  1.00    3    -     -   FEW_RADII
     400    SW  540    513   376   297   0.07  0.06   0.10  0.01  0.90    13     1  1.00    3    -     -   FEW_RADII
     410    SW  542    507   382   310   0.07  0.00   0.00  0.07  0.93     2     1  1.00    3    -     -   FEW_RADII
     420    SW  552    514   388   322   0.09  0.05   0.07  0.04  0.89     3     2  1.00    3    -     -   FEW_RADII
     430    SW  551    513   394   330   0.04  0.04   0.06  0.00  0.94     9     1  1.00    3    -     -   FEW_RADII
     440    SW  541    503   390   319   0.02  0.02   0.02  0.00  0.98     3     0  1.00    3    -     -   FEW_RADII
     450    SW  531    494   382   304   0.02  0.02   0.03  0.00  0.97     4     1  1.00    3    -     -   FEW_RADII
     460    SW  500    461   360   278   0.00  0.00   0.00  0.00  1.00     1     1  1.00    3    -     -   FEW_RADII
     470    SW  479    439   352   275   0.18  0.00   0.00  0.15  0.85     2     0  1.00    2    -     -   FEW_RADII
     480    SW  476    437   355   272   0.02  0.02   0.03  0.00  0.97     3     1  1.00    3    -     -   FEW_RADII
     490    SW  474    436   351   266   0.12  0.09   0.14  0.02  0.84     7     3  1.00    3    -     -   FEW_RADII
     500    SW  481    445   349   281   0.10  0.10   0.17  0.00  0.83    16     3  1.00    3    -     -   FEW_RADII
     510    SW  497    457   357   293   0.03  0.00   0.00  0.03  0.97     2     2  1.00    3    -     -   FEW_RADII
     520  METR  512    470   371   303   0.13  0.08   0.09  0.04  0.87     3     1  1.00    4  2.43  1.00  -
     530  METR  506    460   372   289   0.20  0.12   0.15  0.06  0.79     3     0  1.00    4  2.60  1.00  -
     540    SW  493    444   373   284   0.17  0.00   0.00  0.18  0.82     2     0  1.00    3    -     -   FEW_RADII
     550    SW  482    426   360   263   0.18  0.00   0.00  0.25  0.75     2     0  1.00    3    -     -   FEW_RADII
     560    SW  466    404   348   242   0.02  0.02   0.03  0.00  0.97     3     0  1.00    3    -     -   FEW_RADII
     570    SW  445    379   325   232   0.03  0.03   0.04  0.00  0.96     4     0  1.00    3    -     -   FEW_RADII
     580    SW  425    356   300   224   0.06  0.00   0.00  0.06  0.94     2     0  1.00    3    -     -   FEW_RADII
     590    SW  417    344   288   219   0.05  0.04   0.06  0.01  0.93     5     0  1.00    2    -     -   FEW_RADII
     600    SW  416    344   281   223   0.21  0.00   0.00  0.22  0.78     2     1  1.00    3    -     -   FEW_RADII
     610    SW  414    342   280   231   0.01  0.00   0.00  0.01  0.99     2     0  1.00    3    -     -   FEW_RADII
     620  METR  412    349   287   238   0.06  0.06   0.10  0.00  0.90     8     1  1.00    4  2.49  1.00  -
     630  METR  424    359   295   248   0.10  0.08   0.13  0.02  0.85    10     2  1.00    4  2.31  1.00  -
     640  METR  455    389   339   257   0.11  0.07   0.11  0.03  0.86     5     2  1.00    4  2.61  1.00  -
     650  METR  492    428   384   270   0.06  0.06   0.11  0.00  0.89    13     4  1.00    5  2.39  1.00  -
     660  METR  512    449   405   287   0.04  0.04   0.07  0.00  0.93    11     1  1.00    4  2.22  1.00  -
     670  METR  529    468   420   304   0.03  0.03   0.05  0.00  0.95     7     2  1.00    5  2.48  1.00  -
     680  METR  546    484   418   319   0.10  0.10   0.12  0.00  0.88     3     0  1.00    4  2.54  1.00  -
     690    SW  547    486   413   326   0.00  0.00   0.00  0.00  1.00     1     1  1.00    3    -     -   FEW_RADII
     700    SW  547    487   407   326   0.03  0.03   0.05  0.00  0.95     7     0  1.00    3    -     -   FEW_RADII
     710    SW  546    486   407   326   0.18  0.18   0.26  0.00  0.74     4     2  1.00    3    -     -   FEW_RADII
     720    SW  544    488   412   328   0.07  0.05   0.07  0.02  0.91     5     3  1.00    3    -     -   FEW_RADII
     730  METR  544    491   429   339   0.09  0.07   0.14  0.02  0.84     7     0  0.99    4  2.68  1.00  -
     740    SW  571    518   455   357   0.28  0.22   0.33  0.04  0.62     8     1  1.00    3    -     -   FEW_RADII
     750    SW  574    521   462   368   0.02  0.00   0.00  0.02  0.98     2     0  1.00    3    -     -   FEW_RADII
     760    SW  582    526   471   375   0.08  0.03   0.05  0.05  0.91     5     0  1.00    3    -     -   FEW_RADII
     770  METR  600    544   497   390   0.02  0.00   0.00  0.02  0.98     2     3  1.00    5  2.53  1.00  -
     780  METR  602    543   502   379   0.17  0.10   0.13  0.07  0.80     3     0  1.00    4  2.65  1.00  -
     790  METR  618    553   515   378   0.19  0.14   0.23  0.03  0.74     9     1  1.00    5  2.52  1.00  -
     800  METR  624    557   519   370   0.10  0.10   0.14  0.00  0.86     7     0  1.00    4  2.78  1.00  -
     810  METR  646    572   534   373   0.09  0.08   0.11  0.01  0.88     7     1  1.00    5  2.46  1.00  -
     820  METR  643    574   521   367   0.07  0.07   0.09  0.00  0.91     4     0  1.00    4  2.52  1.00  -
     830  METR  642    568   509   371   0.10  0.09   0.15  0.01  0.85    13     1  1.00    4  2.44  1.00  -
     840  METR  647    577   509   396   0.30  0.27   0.42  0.02  0.57    19     0  1.00    5  2.35  1.00  -
     850  METR  650    578   499   402   0.12  0.11   0.20  0.01  0.80    21     2  1.00    5  2.20  1.00  -
     860  METR  647    574   497   409   0.10  0.09   0.16  0.01  0.83    16     1  1.00    6  2.08  0.99  -
     870  METR  644    572   500   407   0.20  0.00   0.00  0.19  0.81     2     0  1.00    6  2.19  1.00  -
     880  METR  638    567   504   398   0.31  0.19   0.27  0.13  0.60     3     0  1.00    5  2.21  0.99  -
     890  METR  635    567   507   389   0.22  0.18   0.23  0.03  0.74     5     0  1.00    5  2.18  0.99  -
     900  METR  650    583   519   397   0.14  0.13   0.21  0.01  0.78     8     0  1.00    5  2.23  0.99  -
    window ep520-530 len=2 exit=SW
    window ep620-680 len=7 exit=SW
    window ep730-730 len=1 exit=SW
    window ep770-900 len=14 exit=END
    exit reasons: {'SW': 3, 'END': 1}
    SW breakdown: {'NO_SCALING_PTS': 1, 'FEW_RADII': 65}
    edge lifetimes (theta=1e-12): n_dead=1979 median=237 mean=287.9 p90=478 max=845 censored_alive=1232
    coupling with BSW indicator (point-biserial):
      occ_scc3: r =  0.23
      fe_cyc  : r =  0.29
      occ_scc : r =  0.27
      fe_dyad : r =  0.08
      b1_H12  : r =  0.24
      b1_H6   : r =  0.26
      b1_S6   : r =  0.23
[symmetric] status=ok snaps=90 BSW_occ=1 windows=1 dead=1195 audit=OK
    ep    ph    V  b1_H12 b1_H6 b1_S6  occSCC occSCC3 feCYC feDYAD feOPEN maxSCC refl  gcf  npts slope   r2    fail
      10    SW    4      2     2     1   0.75  0.75   0.75  0.00  0.25     3     0  1.00    0    -     -   NO_SCALING_PTS
      20    SW   10      8     8     4   0.40  0.40   0.45  0.00  0.55     4     0  1.00    0    -     -   NO_SCALING_PTS
      30    SW   21     19    19    14   0.30  0.30   0.41  0.00  0.59     6     0  1.00    0    -     -   NO_SCALING_PTS
      40    SW   26     24    24    15   0.33  0.33   0.58  0.00  0.42     6     0  1.00    1    -     -   FEW_RADII
      50    SW   49     47    47    33   0.46  0.46   0.69  0.00  0.31    19     0  1.00    1    -     -   FEW_RADII
      60    SW   69     67    67    47   0.16  0.16   0.31  0.00  0.69     8     0  1.00    1    -     -   FEW_RADII
      70    SW   92     90    90    69   0.19  0.19   0.37  0.00  0.63    12     0  1.00    1    -     -   FEW_RADII
      80    SW  118    116   116    89   0.14  0.14   0.30  0.00  0.70    11     0  1.00    1    -     -   FEW_RADII
      90    SW  148    146   146   114   0.10  0.08   0.14  0.02  0.84     7     0  1.00    2    -     -   FEW_RADII
     100    SW  170    168   168   129   0.12  0.12   0.27  0.00  0.73    13     0  1.00    1    -     -   FEW_RADII
     110    SW  178    176   176   137   0.11  0.11   0.14  0.00  0.86     4     0  1.00    2    -     -   FEW_RADII
     120    SW  185    183   183   141   0.04  0.04   0.09  0.00  0.91     4     0  1.00    2    -     -   FEW_RADII
     130    SW  207    205   205   160   0.06  0.06   0.15  0.00  0.85     8     0  1.00    2    -     -   FEW_RADII
     140    SW  224    222   222   176   0.08  0.08   0.15  0.00  0.85    10     0  1.00    2    -     -   FEW_RADII
     150    SW  247    245   245   190   0.07  0.07   0.17  0.00  0.83    10     0  1.00    2    -     -   FEW_RADII
     160    SW  268    266   266   201   0.06  0.06   0.13  0.00  0.87     9     0  1.00    2    -     -   FEW_RADII
     170    SW  278    276   276   207   0.01  0.00   0.00  0.01  0.99     2     0  1.00    2    -     -   FEW_RADII
     180    SW  281    279   279   208   0.03  0.03   0.06  0.00  0.94     4     0  1.00    2    -     -   FEW_RADII
     190    SW  274    272   272   201   0.03  0.03   0.07  0.00  0.93     5     0  1.00    2    -     -   FEW_RADII
     200    SW  277    275   275   195   0.06  0.06   0.17  0.00  0.83    10     0  1.00    2    -     -   FEW_RADII
     210    SW  284    282   282   194   0.04  0.04   0.10  0.00  0.90     7     0  1.00    2    -     -   FEW_RADII
     220    SW  283    280   280   190   0.04  0.04   0.07  0.00  0.93     6     0  1.00    3    -     -   FEW_RADII
     230    SW  264    261   260   167   0.03  0.03   0.06  0.00  0.94     4     0  1.00    2    -     -   FEW_RADII
     240    SW  259    256   256   163   0.25  0.25   0.36  0.00  0.64     5     0  1.00    2    -     -   FEW_RADII
     250    SW  249    247   245   158   0.06  0.06   0.09  0.00  0.91     7     0  1.00    2    -     -   FEW_RADII
     260    SW  227    225   224   159   0.06  0.06   0.15  0.00  0.85     6     0  1.00    2    -     -   FEW_RADII
     270    SW  238    236   231   164   0.06  0.06   0.11  0.00  0.89     7     0  1.00    3    -     -   FEW_RADII
     280    SW  231    229   229   152   0.06  0.06   0.15  0.00  0.85     6     0  1.00    2    -     -   FEW_RADII
     290    SW  230    228   228   142   0.02  0.00   0.00  0.02  0.98     2     0  1.00    2    -     -   FEW_RADII
     300    SW  215    213   210   131   0.05  0.05   0.13  0.00  0.87     6     0  1.00    2    -     -   FEW_RADII
     310    SW  213    210   210   131   0.08  0.08   0.19  0.00  0.81     9     0  1.00    2    -     -   FEW_RADII
     320    SW  218    216   216   139   0.06  0.06   0.17  0.00  0.83     7     0  1.00    2    -     -   FEW_RADII
     330    SW  224    222   220   161   0.13  0.13   0.32  0.00  0.68    18     0  1.00    2    -     -   FEW_RADII
     340    SW  256    254   254   183   0.09  0.09   0.24  0.00  0.76    15     0  1.00    2    -     -   FEW_RADII
     350    SW  279    277   277   180   0.01  0.00   0.00  0.01  0.99     2     0  1.00    3    -     -   FEW_RADII
     360    SW  275    273   273   171   0.40  0.00   0.00  0.33  0.67     2     0  1.00    3    -     -   FEW_RADII
     370    SW  277    275   273   167   0.04  0.04   0.11  0.00  0.89     7     0  1.00    3    -     -   FEW_RADII
     380    SW  277    274   268   184   0.10  0.10   0.25  0.00  0.75    16     0  1.00    3    -     -   FEW_RADII
     390    SW  311    309   309   216   0.13  0.13   0.29  0.00  0.71    28     0  1.00    2    -     -   FEW_RADII
     400    SW  320    318   318   220   0.05  0.05   0.13  0.00  0.87     8     0  1.00    2    -     -   FEW_RADII
     410    SW  324    322   321   230   0.07  0.07   0.20  0.00  0.80    13     0  1.00    2    -     -   FEW_RADII
     420    SW  334    332   332   237   0.06  0.06   0.16  0.00  0.84    12     0  1.00    3    -     -   FEW_RADII
     430    SW  338    336   336   245   0.06  0.06   0.14  0.00  0.86    12     0  1.00    3    -     -   FEW_RADII
     440    SW  342    340   340   250   0.05  0.05   0.12  0.00  0.88     8     0  1.00    3    -     -   FEW_RADII
     450    SW  358    356   356   258   0.08  0.08   0.22  0.00  0.78    15     0  1.00    3    -     -   FEW_RADII
     460    SW  371    369   369   262   0.03  0.03   0.04  0.00  0.95     5     0  1.00    3    -     -   FEW_RADII
     470    SW  369    366   366   254   0.01  0.00   0.00  0.01  0.99     2     0  1.00    3    -     -   FEW_RADII
     480    SW  350    347   347   234   0.02  0.02   0.03  0.00  0.97     3     0  1.00    3    -     -   FEW_RADII
     490    SW  338    336   336   230   0.04  0.04   0.08  0.00  0.92     6     0  1.00    2    -     -   FEW_RADII
     500    SW  335    333   333   230   0.03  0.03   0.06  0.00  0.94     5     0  1.00    2    -     -   FEW_RADII
     510    SW  308    305   305   225   0.03  0.03   0.09  0.00  0.91     5     0  1.00    2    -     -   FEW_RADII
     520    SW  305    303   303   208   0.03  0.03   0.06  0.00  0.94     4     0  1.00    2    -     -   FEW_RADII
     530    SW  302    300   300   187   0.01  0.00   0.00  0.01  0.99     2     0  1.00    2    -     -   FEW_RADII
     540    SW  291    289   289   170   0.06  0.06   0.17  0.00  0.83     9     0  1.00    3    -     -   FEW_RADII
     550    SW  283    281   279   174   0.07  0.07   0.19  0.00  0.81    12     0  1.00    2    -     -   FEW_RADII
     560    SW  262    260   260   177   0.09  0.09   0.19  0.00  0.81    15     0  1.00    2    -     -   FEW_RADII
     570    SW  280    278   278   178   0.08  0.08   0.19  0.00  0.81    14     0  1.00    3    -     -   FEW_RADII
     580    SW  286    284   284   187   0.07  0.07   0.14  0.00  0.86    10     0  1.00    3    -     -   FEW_RADII
     590    SW  298    296   293   197   0.07  0.07   0.19  0.00  0.81    12     0  1.00    3    -     -   FEW_RADII
     600  METR  298    296   289   189   0.07  0.07   0.18  0.00  0.82    12     0  1.00    4  2.06  0.98  -
     610    SW  297    295   295   200   0.07  0.07   0.18  0.00  0.82    14     0  1.00    3    -     -   FEW_RADII
     620    SW  294    292   292   209   0.04  0.04   0.12  0.00  0.88     7     0  1.00    2    -     -   FEW_RADII
     630    SW  282    280   280   197   0.02  0.02   0.04  0.00  0.96     3     0  1.00    2    -     -   FEW_RADII
     640    SW  284    282   282   194   0.02  0.02   0.04  0.00  0.96     3     0  1.00    1    -     -   FEW_RADII
     650    SW  295    293   293   201   0.03  0.03   0.08  0.00  0.92     5     0  1.00    2    -     -   FEW_RADII
     660    SW  284    281   281   197   0.02  0.02   0.04  0.00  0.96     3     0  1.00    1    -     -   FEW_RADII
     670    SW  272    270   270   196   0.01  0.00   0.00  0.01  0.99     2     0  1.00    1    -     -   FEW_RADII
     680    SW  274    272   272   196   0.03  0.03   0.06  0.00  0.94     4     0  1.00    1    -     -   FEW_RADII
     690    SW  270    267   267   188   0.03  0.03   0.06  0.00  0.94     4     0  1.00    1    -     -   FEW_RADII
     700    SW  272    270   270   165   0.03  0.03   0.08  0.00  0.92     5     0  1.00    2    -     -   FEW_RADII
     710    SW  270    268   268   150   0.21  0.21   0.28  0.00  0.72     4     0  1.00    3    -     -   FEW_RADII
     720    SW  254    252   252   141   0.05  0.05   0.12  0.00  0.88     7     0  1.00    2    -     -   FEW_RADII
     730    SW  219    216   215   131   0.04  0.04   0.08  0.00  0.92     6     0  1.00    2    -     -   FEW_RADII
     740    SW  212    209   209   119   0.08  0.08   0.17  0.00  0.83    11     0  1.00    2    -     -   FEW_RADII
     750    SW  214    211   211   116   0.09  0.09   0.24  0.00  0.76    13     0  1.00    2    -     -   FEW_RADII
     760    SW  215    213   210   117   0.03  0.03   0.04  0.00  0.96     4     0  1.00    2    -     -   FEW_RADII
     770    SW  182    180   171   111   0.03  0.03   0.07  0.00  0.93     4     0  1.00    3    -     -   FEW_RADII
     780    SW  147    143   143   103   0.03  0.03   0.06  0.00  0.94     3     0  1.00    1    -     -   FEW_RADII
     790    SW  158    156   156   108   0.07  0.07   0.17  0.00  0.83     8     0  1.00    2    -     -   FEW_RADII
     800    SW  169    167   167   117   0.14  0.14   0.20  0.00  0.80     5     0  1.00    2    -     -   FEW_RADII
     810    SW  170    167   167   115   0.07  0.07   0.12  0.00  0.88     3     0  1.00    2    -     -   FEW_RADII
     820    SW  163    160   160   116   0.02  0.00   0.00  0.02  0.98     2     0  1.00    2    -     -   FEW_RADII
     830    SW  168    166   166   121   0.33  0.00   0.00  0.29  0.71     2     0  1.00    2    -     -   FEW_RADII
     840    SW  169    167   167   122   0.33  0.33   0.35  0.00  0.65     4     0  1.00    2    -     -   FEW_RADII
     850    SW  177    175   175   119   0.06  0.06   0.16  0.00  0.84     6     0  1.00    2    -     -   FEW_RADII
     860    SW  180    178   178   119   0.18  0.18   0.29  0.00  0.71     4     0  1.00    2    -     -   FEW_RADII
     870    SW  182    180   179   120   0.02  0.00   0.00  0.02  0.98     2     0  1.00    3    -     -   FEW_RADII
     880    SW  175    173   172   115   0.08  0.08   0.22  0.00  0.78     8     0  1.00    3    -     -   FEW_RADII
     890    SW  183    179   179   114   0.06  0.06   0.14  0.00  0.86     6     0  1.00    3    -     -   FEW_RADII
     900    SW  179    175   175   115   0.04  0.04   0.09  0.00  0.91     4     0  1.00    2    -     -   FEW_RADII
    window ep600-600 len=1 exit=SW
    exit reasons: {'SW': 1}
    SW breakdown: {'NO_SCALING_PTS': 3, 'FEW_RADII': 86}
    edge lifetimes (theta=1e-12): n_dead=2392 median=164 mean=163.1 p90=184 max=228 censored_alive=353
    coupling with BSW indicator (point-biserial):
      occ_scc3: r = -0.02
      fe_cyc  : r =  0.01
      occ_scc : r = -0.03
      fe_dyad : r = -0.02
      b1_H12  : r =  0.08
      b1_H6   : r =  0.07
      b1_S6   : r =  0.05
    --- asymmetric prediction pre-test (directed minus symmetric, point-biserial r with BSW) ---
      occ_scc3: r_dir= 0.23  r_sym=-0.02  diff= 0.25
      fe_cyc  : r_dir= 0.29  r_sym= 0.01  diff= 0.28
      b1_H12  : r_dir= 0.24  r_sym= 0.08  diff= 0.16
====================================================================================================
SEED 33  rule=T1 g=0.075 N=650 epochs=900 (paired directed / symmetric, identical seed)
====================================================================================================
[directed ] status=ok snaps=90 BSW_occ=43 windows=2 dead=387 audit=OK
    ep    ph    V  b1_H12 b1_H6 b1_S6  occSCC occSCC3 feCYC feDYAD feOPEN maxSCC refl  gcf  npts slope   r2    fail
      10    SW    6      4     4     2   0.67  0.67   0.67  0.00  0.33     4     5  1.00    0    -     -   NO_SCALING_PTS
      20    SW   22     20    20    14   0.00  0.00   0.00  0.00  1.00     1     0  1.00    1    -     -   FEW_RADII
      30    SW   31     29    29    22   0.17  0.17   0.22  0.00  0.78     5     0  1.00    1    -     -   FEW_RADII
      40    SW   39     37    37    29   0.00  0.00   0.00  0.00  1.00     1     0  1.00    1    -     -   FEW_RADII
      50    SW   46     44    44    37   0.23  0.23   0.34  0.00  0.66    10     0  1.00    1    -     -   FEW_RADII
      60    SW   64     62    62    52   0.21  0.12   0.16  0.08  0.76     3     0  1.00    1    -     -   FEW_RADII
      70    SW   75     73    73    64   0.05  0.05   0.05  0.00  0.95     3     0  1.00    1    -     -   FEW_RADII
      80    SW   92     90    90    75   0.15  0.15   0.22  0.00  0.78    13     0  1.00    1    -     -   FEW_RADII
      90    SW  114    112   112    89   0.07  0.07   0.09  0.00  0.91     4     0  1.00    1    -     -   FEW_RADII
     100    SW  123    121   121    98   0.04  0.04   0.06  0.00  0.94     4     0  1.00    1    -     -   FEW_RADII
     110    SW  139    137   137   108   0.05  0.05   0.07  0.00  0.93     4     0  1.00    1    -     -   FEW_RADII
     120    SW  147    145   145   119   0.11  0.11   0.18  0.00  0.82     9     0  1.00    1    -     -   FEW_RADII
     130    SW  162    160   160   131   0.00  0.00   0.00  0.00  1.00     1     0  1.00    2    -     -   FEW_RADII
     140    SW  169    167   167   140   0.07  0.07   0.10  0.00  0.90     5     0  1.00    2    -     -   FEW_RADII
     150    SW  174    172   172   144   0.02  0.00   0.00  0.02  0.98     2     0  1.00    1    -     -   FEW_RADII
     160    SW  178    176   176   148   0.05  0.05   0.09  0.00  0.91     6     0  1.00    2    -     -   FEW_RADII
     170    SW  186    184   184   158   0.03  0.03   0.04  0.00  0.96     3     0  1.00    2    -     -   FEW_RADII
     180    SW  204    202   202   172   0.06  0.06   0.10  0.00  0.90     8     0  1.00    2    -     -   FEW_RADII
     190    SW  234    232   232   190   0.07  0.07   0.14  0.00  0.86    15     0  1.00    2    -     -   FEW_RADII
     200    SW  255    253   253   205   0.04  0.04   0.08  0.00  0.92     5     0  1.00    2    -     -   FEW_RADII
     210    SW  263    261   261   211   0.03  0.00   0.00  0.03  0.97     2     0  1.00    2    -     -   FEW_RADII
     220    SW  266    264   264   208   0.02  0.00   0.00  0.02  0.98     2     0  1.00    2    -     -   FEW_RADII
     230    SW  280    278   275   226   0.03  0.03   0.06  0.00  0.94     6     0  1.00    2    -     -   FEW_RADII
     240    SW  293    291   286   239   0.06  0.06   0.09  0.00  0.91     6     0  1.00    2    -     -   FEW_RADII
     250    SW  298    296   284   239   0.03  0.00   0.00  0.02  0.98     2     0  1.00    2    -     -   FEW_RADII
     260    SW  310    307   290   242   0.06  0.03   0.05  0.03  0.92     5     0  1.00    3    -     -   FEW_RADII
     270    SW  310    307   288   245   0.07  0.07   0.12  0.00  0.88     8     0  1.00    2    -     -   FEW_RADII
     280    SW  323    317   298   258   0.07  0.06   0.12  0.01  0.87    16     0  1.00    2    -     -   FEW_RADII
     290    SW  326    321   303   261   0.09  0.00   0.00  0.09  0.91     2     0  1.00    2    -     -   FEW_RADII
     300    SW  326    321   300   258   0.00  0.00   0.00  0.00  1.00     1     0  1.00    2    -     -   FEW_RADII
     310    SW  330    325   301   259   0.05  0.05   0.07  0.00  0.93     5     0  1.00    2    -     -   FEW_RADII
     320    SW  334    328   302   267   0.07  0.07   0.11  0.00  0.89    13     0  1.00    2    -     -   FEW_RADII
     330    SW  356    350   326   271   0.17  0.15   0.23  0.01  0.76    19     0  1.00    3    -     -   FEW_RADII
     340    SW  397    391   366   286   0.06  0.05   0.10  0.01  0.90    16     0  1.00    3    -     -   FEW_RADII
     350    SW  421    417   389   314   0.07  0.07   0.13  0.00  0.87    16     0  1.00    3    -     -   FEW_RADII
     360    SW  461    457   424   331   0.05  0.05   0.07  0.00  0.93     9     0  1.00    3    -     -   FEW_RADII
     370    SW  485    481   431   346   0.04  0.04   0.08  0.00  0.92    12     0  1.00    3    -     -   FEW_RADII
     380    SW  504    500   443   354   0.03  0.02   0.04  0.01  0.96     6     0  1.00    3    -     -   FEW_RADII
     390    SW  524    520   459   361   0.04  0.03   0.04  0.01  0.95     5     0  1.00    3    -     -   FEW_RADII
     400    SW  519    514   458   358   0.11  0.00   0.00  0.10  0.90     2     0  1.00    2    -     -   FEW_RADII
     410    SW  523    519   461   360   0.05  0.05   0.10  0.00  0.90    15     0  1.00    2    -     -   FEW_RADII
     420    SW  535    530   463   376   0.03  0.02   0.05  0.01  0.94     7     0  1.00    2    -     -   FEW_RADII
     430    SW  559    550   480   397   0.06  0.04   0.07  0.01  0.92    11     0  1.00    3    -     -   FEW_RADII
     440    SW  580    569   494   411   0.06  0.06   0.11  0.00  0.89    17     0  1.00    3    -     -   FEW_RADII
     450    SW  603    589   514   428   0.05  0.04   0.07  0.01  0.93     8     0  1.00    3    -     -   FEW_RADII
     460  METR  621    608   532   444   0.06  0.05   0.09  0.01  0.90    14     0  1.00    4  2.47  1.00  -
     470  METR  642    627   554   460   0.07  0.06   0.11  0.01  0.88    13     0  1.00    4  2.78  1.00  -
     480  METR  649    632   568   460   0.05  0.05   0.10  0.00  0.90    22     0  1.00    4  2.52  1.00  -
     490  METR  650    631   571   463   0.08  0.08   0.14  0.00  0.86    19     0  1.00    4  2.30  1.00  -
     500  METR  648    628   577   454   0.04  0.03   0.07  0.01  0.92    12     0  1.00    4  2.33  1.00  -
     510  METR  650    630   570   449   0.04  0.04   0.07  0.00  0.93    13     0  1.00    4  2.24  1.00  -
     520  METR  648    624   554   458   0.08  0.07   0.14  0.00  0.85    28     0  1.00    4  2.24  1.00  -
     530  METR  650    623   539   470   0.07  0.05   0.09  0.01  0.90    18     0  1.00    4  2.17  1.00  -
     540  METR  650    620   512   476   0.05  0.05   0.10  0.00  0.90    25     0  1.00    4  2.16  1.00  -
     550  METR  649    611   505   473   0.07  0.05   0.09  0.02  0.89    16     0  1.00    4  2.15  1.00  -
     560  METR  649    610   501   474   0.09  0.09   0.19  0.00  0.81    43     0  1.00    4  2.10  1.00  -
     570  METR  649    611   498   471   0.14  0.12   0.18  0.02  0.80     8     0  1.00    4  2.12  1.00  -
     580  METR  650    610   514   473   0.14  0.10   0.16  0.03  0.81    14     1  1.00    4  2.31  1.00  -
     590  METR  649    609   512   467   0.11  0.10   0.20  0.00  0.80    42     1  1.00    4  2.26  1.00  -
     600  METR  649    605   511   470   0.11  0.10   0.17  0.01  0.83    43     2  1.00    4  2.06  1.00  -
     610  METR  650    606   506   471   0.13  0.13   0.26  0.00  0.74    63     2  1.00    5  2.10  1.00  -
     620  METR  650    606   504   476   0.10  0.09   0.16  0.01  0.83    31     5  1.00    4  2.30  1.00  -
     630  METR  648    601   495   476   0.14  0.14   0.24  0.00  0.76    72     2  1.00    4  2.26  1.00  -
     640  METR  650    600   491   471   0.12  0.11   0.18  0.01  0.81    54     3  1.00    4  2.23  1.00  -
     650  METR  650    595   497   477   0.13  0.11   0.22  0.01  0.78    58     2  1.00    4  2.32  1.00  -
     660    SW  650    594   502   477   0.13  0.10   0.17  0.02  0.81    34     1  1.00    3    -     -   FEW_RADII
     670    SW  650    595   506   480   0.14  0.13   0.21  0.01  0.78    27     0  1.00    3    -     -   FEW_RADII
     680  METR  650    594   498   483   0.11  0.09   0.16  0.02  0.82    31     0  1.00    4  2.32  1.00  -
     690  METR  649    592   497   483   0.11  0.08   0.15  0.02  0.83    20     1  1.00    4  1.99  1.00  -
     700  METR  650    588   498   484   0.11  0.09   0.17  0.02  0.81    36     1  1.00    4  2.12  1.00  -
     710  METR  650    583   499   485   0.06  0.06   0.11  0.00  0.89    21     0  1.00    4  2.10  1.00  -
     720  METR  650    579   500   485   0.06  0.05   0.07  0.01  0.91    12     0  1.00    4  2.10  1.00  -
     730  METR  650    563   499   486   0.06  0.05   0.09  0.01  0.90     7     1  1.00    4  2.52  1.00  -
     740  METR  649    556   506   487   0.08  0.08   0.17  0.00  0.83    20     0  1.00    4  2.63  1.00  -
     750  METR  650    553   504   482   0.05  0.04   0.08  0.01  0.91    15     1  1.00    4  2.73  0.99  -
     760  METR  650    551   505   484   0.11  0.05   0.08  0.05  0.87     4     1  1.00    4  2.44  1.00  -
     770  METR  650    549   505   488   0.08  0.07   0.13  0.01  0.87    10     0  1.00    4  2.46  1.00  -
     780  METR  647    547   504   485   0.07  0.05   0.07  0.02  0.91     5     1  1.00    4  2.59  1.00  -
     790  METR  650    547   504   483   0.05  0.05   0.09  0.00  0.91    14     1  1.00    4  2.39  1.00  -
     800  METR  650    546   504   480   0.06  0.06   0.10  0.00  0.90    11     1  1.00    4  2.42  1.00  -
     810  METR  650    541   506   479   0.07  0.06   0.12  0.01  0.88    10     2  1.00    4  2.28  1.00  -
     820  METR  650    540   505   474   0.13  0.13   0.23  0.00  0.77    40     5  1.00    4  2.24  1.00  -
     830  METR  650    538   503   471   0.18  0.14   0.21  0.03  0.76    15     4  1.00    5  2.13  1.00  -
     840  METR  650    536   494   466   0.15  0.12   0.20  0.03  0.78    13     1  1.00    5  2.14  1.00  -
     850  METR  650    531   485   463   0.07  0.06   0.12  0.00  0.88    22     1  1.00    5  2.17  1.00  -
     860  METR  649    529   479   461   0.13  0.12   0.20  0.01  0.79    26     2  1.00    5  2.04  1.00  -
     870  METR  650    527   468   459   0.10  0.09   0.14  0.01  0.85    32    12  1.00    5  2.06  1.00  -
     880  METR  649    526   467   458   0.11  0.10   0.18  0.01  0.81    40     7  1.00    5  2.02  1.00  -
     890  METR  649    522   467   455   0.13  0.12   0.20  0.01  0.79    50     2  1.00    5  2.02  1.00  -
     900  METR  650    522   466   454   0.18  0.16   0.26  0.01  0.73    44     7  1.00    5  2.04  0.99  -
    window ep460-650 len=20 exit=SW
    window ep680-900 len=23 exit=END
    exit reasons: {'SW': 1, 'END': 1}
    SW breakdown: {'NO_SCALING_PTS': 1, 'FEW_RADII': 46}
    edge lifetimes (theta=1e-12): n_dead=900 median=260 mean=310.0 p90=507 max=855 censored_alive=1171
    coupling with BSW indicator (point-biserial):
      occ_scc3: r =  0.09
      fe_cyc  : r =  0.25
      occ_scc : r =  0.10
      fe_dyad : r = -0.01
      b1_H12  : r =  0.75
      b1_H6   : r =  0.74
      b1_S6   : r =  0.80
[symmetric] status=ok snaps=90 BSW_occ=0 windows=0 dead=990 audit=OK
    ep    ph    V  b1_H12 b1_H6 b1_S6  occSCC occSCC3 feCYC feDYAD feOPEN maxSCC refl  gcf  npts slope   r2    fail
      10    SW    3      1     1     1   0.67  0.00   0.00  0.50  0.50     2     0  1.00    0    -     -   NO_SCALING_PTS
      20    SW   20     18    18    12   0.28  0.28   0.32  0.00  0.68     5     0  1.00    1    -     -   FEW_RADII
      30    SW   29     27    27    22   0.18  0.00   0.00  0.17  0.83     2     0  1.00    1    -     -   FEW_RADII
      40    SW   34     32    32    26   0.12  0.12   0.21  0.00  0.79     3     0  1.00    1    -     -   FEW_RADII
      50    SW   40     38    38    31   0.13  0.13   0.24  0.00  0.76     4     0  1.00    1    -     -   FEW_RADII
      60    SW   48     46    46    37   0.18  0.18   0.35  0.00  0.65     7     0  1.00    1    -     -   FEW_RADII
      70    SW   66     64    64    50   0.30  0.30   0.50  0.00  0.50    17     0  1.00    2    -     -   FEW_RADII
      80    SW   89     87    87    66   0.10  0.10   0.20  0.00  0.80     6     0  1.00    3    -     -   FEW_RADII
      90    SW  106    104   104    78   0.05  0.05   0.07  0.00  0.93     3     0  1.00    2    -     -   FEW_RADII
     100    SW  114    112   112    82   0.04  0.00   0.00  0.04  0.96     2     0  1.00    2    -     -   FEW_RADII
     110    SW  118    116   116    85   0.07  0.07   0.15  0.00  0.85     4     0  1.00    2    -     -   FEW_RADII
     120    SW  121    119   119    87   0.08  0.08   0.19  0.00  0.81     5     0  1.00    2    -     -   FEW_RADII
     130    SW  146    144   144   107   0.20  0.20   0.38  0.00  0.62     6     0  1.00    2    -     -   FEW_RADII
     140    SW  150    148   148   109   0.05  0.05   0.11  0.00  0.89     4     0  1.00    2    -     -   FEW_RADII
     150    SW  175    173   173   125   0.09  0.09   0.22  0.00  0.78     9     0  1.00    2    -     -   FEW_RADII
     160    SW  214    212   212   141   0.11  0.11   0.23  0.00  0.77    15     0  1.00    2    -     -   FEW_RADII
     170    SW  233    231   231   154   0.08  0.08   0.21  0.00  0.79    11     0  1.00    3    -     -   FEW_RADII
     180    SW  238    236   236   154   0.22  0.22   0.26  0.00  0.74     5     0  1.00    3    -     -   FEW_RADII
     190    SW  232    230   230   159   0.06  0.06   0.17  0.00  0.83     7     0  1.00    3    -     -   FEW_RADII
     200    SW  229    227   227   161   0.02  0.00   0.00  0.02  0.98     2     0  1.00    3    -     -   FEW_RADII
     210    SW  234    232   232   148   0.04  0.04   0.09  0.00  0.91     4     0  1.00    2    -     -   FEW_RADII
     220    SW  230    228   228   136   0.02  0.00   0.00  0.02  0.98     2     0  1.00    2    -     -   FEW_RADII
     230    SW  233    231   230   139   0.06  0.06   0.10  0.00  0.90     7     0  1.00    2    -     -   FEW_RADII
     240    SW  227    225   223   143   0.33  0.33   0.38  0.00  0.62     5     0  1.00    3    -     -   FEW_RADII
     250    SW  212    210   209   144   0.05  0.05   0.13  0.00  0.87     6     0  1.00    2    -     -   FEW_RADII
     260    SW  236    234   234   156   0.06  0.06   0.15  0.00  0.85     9     0  1.00    2    -     -   FEW_RADII
     270    SW  244    242   242   158   0.05  0.05   0.12  0.00  0.88     6     0  1.00    2    -     -   FEW_RADII
     280    SW  252    250   250   162   0.04  0.04   0.09  0.00  0.91     5     0  1.00    2    -     -   FEW_RADII
     290    SW  255    253   253   166   0.07  0.07   0.20  0.00  0.80    10     0  1.00    2    -     -   FEW_RADII
     300    SW  272    270   270   173   0.05  0.05   0.11  0.00  0.89     7     0  1.00    3    -     -   FEW_RADII
     310    SW  267    265   265   156   0.03  0.03   0.05  0.00  0.95     4     0  1.00    3    -     -   FEW_RADII
     320    SW  269    267   267   160   0.13  0.13   0.24  0.00  0.76     4     0  1.00    3    -     -   FEW_RADII
     330    SW  250    248   247   158   0.06  0.06   0.16  0.00  0.84     8     0  1.00    3    -     -   FEW_RADII
     340    SW  255    251   251   174   0.10  0.10   0.25  0.00  0.75    16     0  0.99    3    -     -   FEW_RADII
     350    SW  261    259   259   181   0.09  0.09   0.20  0.00  0.80    13     0  1.00    3    -     -   FEW_RADII
     360    SW  262    260   260   190   0.04  0.04   0.08  0.00  0.92     5     0  1.00    2    -     -   FEW_RADII
     370    SW  270    268   268   186   0.73  0.73   0.71  0.00  0.29     8     0  1.00    2    -     -   FEW_RADII
     380    SW  282    280   280   193   0.07  0.07   0.17  0.00  0.83    11     0  1.00    2    -     -   FEW_RADII
     390    SW  296    294   294   190   0.08  0.08   0.19  0.00  0.81    14     0  1.00    3    -     -   FEW_RADII
     400    SW  306    303   303   192   0.04  0.04   0.08  0.00  0.92     7     0  1.00    3    -     -   FEW_RADII
     410    SW  306    304   304   193   0.00  0.00   0.00  0.00  1.00     1     0  1.00    3    -     -   FEW_RADII
     420    SW  296    294   294   187   0.01  0.00   0.00  0.01  0.99     2     0  1.00    3    -     -   FEW_RADII
     430    SW  271    269   269   175   0.02  0.02   0.04  0.00  0.96     3     0  1.00    2    -     -   FEW_RADII
     440    SW  264    262   262   160   0.03  0.03   0.04  0.00  0.96     4     0  1.00    3    -     -   FEW_RADII
     450    SW  245    243   243   152   0.04  0.04   0.09  0.00  0.91     5     0  1.00    1    -     -   FEW_RADII
     460    SW  226    224   224   146   0.36  0.36   0.35  0.00  0.65     5     0  1.00    1    -     -   FEW_RADII
     470    SW  217    215   215   140   0.03  0.03   0.08  0.00  0.92     4     0  1.00    1    -     -   FEW_RADII
     480    SW  208    206   206   123   0.02  0.00   0.00  0.02  0.98     2     0  1.00    2    -     -   FEW_RADII
     490    SW  189    187   187   111   0.04  0.04   0.10  0.00  0.90     5     0  1.00    2    -     -   FEW_RADII
     500    SW  189    187   186   116   0.05  0.05   0.13  0.00  0.87     6     0  1.00    2    -     -   FEW_RADII
     510    SW  195    191   190   126   0.12  0.12   0.26  0.00  0.74    17     0  1.00    2    -     -   FEW_RADII
     520    SW  210    208   208   139   0.05  0.05   0.07  0.00  0.93     6     0  1.00    3    -     -   FEW_RADII
     530    SW  225    223   223   135   0.06  0.06   0.14  0.00  0.86     8     0  1.00    3    -     -   FEW_RADII
     540    SW  233    231   231   134   0.11  0.11   0.29  0.00  0.71    16     0  1.00    3    -     -   FEW_RADII
     550    SW  256    253   249   146   0.06  0.06   0.13  0.00  0.87    11     0  1.00    3    -     -   FEW_RADII
     560    SW  235    233   227   152   0.02  0.00   0.00  0.02  0.98     2     0  1.00    3    -     -   FEW_RADII
     570    SW  212    209   209   150   0.02  0.00   0.00  0.02  0.98     2     0  1.00    2    -     -   FEW_RADII
     580    SW  218    216   216   158   0.08  0.08   0.21  0.00  0.79     9     0  1.00    1    -     -   FEW_RADII
     590    SW  233    231   231   168   0.04  0.04   0.11  0.00  0.89     6     0  1.00    2    -     -   FEW_RADII
     600    SW  241    239   239   172   0.03  0.03   0.06  0.00  0.94     4     0  1.00    2    -     -   FEW_RADII
     610    SW  242    240   240   173   0.13  0.00   0.00  0.12  0.88     2     0  1.00    2    -     -   FEW_RADII
     620    SW  240    238   238   174   0.02  0.00   0.00  0.02  0.98     2     0  1.00    2    -     -   FEW_RADII
     630    SW  235    233   233   170   0.04  0.04   0.08  0.00  0.92     4     0  1.00    2    -     -   FEW_RADII
     640    SW  244    242   242   164   0.05  0.05   0.12  0.00  0.88     6     0  1.00    2    -     -   FEW_RADII
     650    SW  248    246   246   148   0.04  0.04   0.10  0.00  0.90     5     0  1.00    2    -     -   FEW_RADII
     660    SW  250    248   248   142   0.11  0.11   0.27  0.00  0.73    15     0  1.00    2    -     -   FEW_RADII
     670    SW  239    237   237   142   0.19  0.19   0.29  0.00  0.71     5     0  1.00    2    -     -   FEW_RADII
     680    SW  224    221   220   127   0.09  0.09   0.22  0.00  0.78    10     0  1.00    3    -     -   FEW_RADII
     690    SW  216    212   212   117   0.02  0.00   0.00  0.02  0.98     2     0  1.00    3    -     -   FEW_RADII
     700    SW  202    200   200   110   0.02  0.00   0.00  0.02  0.98     2     0  1.00    2    -     -   FEW_RADII
     710    SW  196    194   190   116   0.04  0.04   0.07  0.00  0.93     4     0  1.00    2    -     -   FEW_RADII
     720    SW  166    163   163   110   0.18  0.00   0.00  0.17  0.83     2     0  1.00    2    -     -   FEW_RADII
     730    SW  172    169   169   111   0.02  0.00   0.00  0.02  0.98     2     0  1.00    2    -     -   FEW_RADII
     740    SW  172    170   170   102   0.05  0.05   0.10  0.00  0.90     5     0  1.00    3    -     -   FEW_RADII
     750    SW  171    169   169   100   0.05  0.05   0.13  0.00  0.87     5     0  1.00    3    -     -   FEW_RADII
     760    SW  164    162   157   100   0.08  0.08   0.21  0.00  0.79     8     0  1.00    2    -     -   FEW_RADII
     770    SW  168    166   166   112   0.08  0.08   0.21  0.00  0.79     9     0  1.00    2    -     -   FEW_RADII
     780    SW  166    163   163   112   0.02  0.00   0.00  0.02  0.98     2     0  1.00    2    -     -   FEW_RADII
     790    SW  158    156   156   112   0.03  0.03   0.06  0.00  0.94     3     0  1.00    2    -     -   FEW_RADII
     800    SW  162    160   160   112   0.04  0.04   0.08  0.00  0.92     4     0  1.00    2    -     -   FEW_RADII
     810    SW  163    161   161   108   0.03  0.03   0.04  0.00  0.96     3     0  1.00    2    -     -   FEW_RADII
     820    SW  174    172   172   104   0.13  0.13   0.34  0.00  0.66    14     0  1.00    3    -     -   FEW_RADII
     830    SW  173    171   168   105   0.07  0.07   0.16  0.00  0.84     8     0  1.00    3    -     -   FEW_RADII
     840    SW  163    160   158   110   0.31  0.19   0.23  0.08  0.69     6     0  1.00    2    -     -   FEW_RADII
     850    SW  166    162   160   121   0.11  0.11   0.26  0.00  0.74    12     0  1.00    2    -     -   FEW_RADII
     860    SW  192    190   190   146   0.09  0.09   0.20  0.00  0.80    11     0  1.00    3    -     -   FEW_RADII
     870    SW  195    193   193   141   0.04  0.04   0.06  0.00  0.94     4     0  1.00    2    -     -   FEW_RADII
     880    SW  196    194   194   140   0.14  0.00   0.00  0.13  0.87     2     0  1.00    2    -     -   FEW_RADII
     890    SW  198    196   196   143   0.03  0.03   0.03  0.00  0.97     3     0  1.00    2    -     -   FEW_RADII
     900    SW  195    193   193   138   0.03  0.03   0.08  0.00  0.92     4     0  1.00    2    -     -   FEW_RADII
    exit reasons: (no windows)
    SW breakdown: {'NO_SCALING_PTS': 1, 'FEW_RADII': 89}
    edge lifetimes (theta=1e-12): n_dead=1980 median=165 mean=163.7 p90=185 max=220 censored_alive=387
    coupling with BSW indicator (point-biserial):
      occ_scc3: r =    - 
      fe_cyc  : r =    - 
      occ_scc : r =    - 
      fe_dyad : r =    - 
      b1_H12  : r =    - 
      b1_H6   : r =    - 
      b1_S6   : r =    - 
    --- asymmetric prediction pre-test (directed minus symmetric, point-biserial r with BSW) ---
      occ_scc3: r_dir= 0.09  r_sym=   -   diff=   - 
      fe_cyc  : r_dir= 0.25  r_sym=   -   diff=   - 
      b1_H12  : r_dir= 0.75  r_sym=   -   diff=   - 

========================================================================
AGGREGATE (directed runs)  rule=T1 g=0.075 N=650 epochs=900 seeds=[5, 7, 10, 15, 21, 33]
========================================================================

### REGISTRATION EVENTS (label, dV, dE, db1): total 212858 events
    DYAD          n=       6  (dV=+2,dE=+1,db1=+0)x6
    T1            n=    7642  (dV=+1,dE=+2,db1=+1)x7642
    REG           n=  205210  (dV=+0,dE=+0,db1=+0)x205210

### DECAY per-epoch  H*=(1-g): total 5400 events
    (dV=+0,dE=+0,db1=+0) x4850
    (dV=+0,dE=-1,db1=-1) x472
    (dV=+0,dE=-2,db1=-2) x64
    (dV=+0,dE=-3,db1=-3) x13
    (dV=+0,dE=-6,db1=-6) x1

### DEATH per-epoch  isolated removal: total 5400 events
    (dV=+0,dE=+0,db1=+0) x3144
    (dV=-1,dE=-2,db1=-1) x962
    (dV=-2,dE=-4,db1=-2) x393
    (dV=-3,dE=-6,db1=-3) x138
    (dV=-1,dE=-1,db1=+0) x117
    (dV=-2,dE=-3,db1=-1) x115
    (dV=-1,dE=-3,db1=-2) x99
    (dV=-2,dE=-5,db1=-3) x66
    (dV=-3,dE=-5,db1=-2) x64
    (dV=-4,dE=-8,db1=-4) x43
    (dV=-3,dE=-7,db1=-4) x39
    (dV=-4,dE=-7,db1=-3) x31
    (dV=-4,dE=-9,db1=-5) x22
    (dV=-3,dE=-4,db1=-1) x19
    (dV=-5,dE=-10,db1=-5) x17
    (dV=-2,dE=-2,db1=+0) x14
    (dV=-2,dE=-6,db1=-4) x12
    (dV=-1,dE=-4,db1=-3) x11
    (dV=-3,dE=-8,db1=-5) x11
    (dV=-5,dE=-11,db1=-6) x9
    (dV=-4,dE=-6,db1=-2) x9
    (dV=-5,dE=-9,db1=-4) x8
    (dV=-6,dE=-12,db1=-6) x6
    (dV=-3,dE=-3,db1=+0) x6
    (dV=-5,dE=-8,db1=-3) x5
    (dV=-4,dE=-10,db1=-6) x5
    (dV=-6,dE=-13,db1=-7) x4
    (dV=-6,dE=-11,db1=-5) x2
    (dV=-5,dE=-12,db1=-7) x2
    (dV=-1,dE=-5,db1=-4) x2
    (dV=-8,dE=-16,db1=-8) x2
    (dV=-2,dE=-5,db1=-2) x2
    (dV=-6,dE=-14,db1=-8) x2
    (dV=-7,dE=-15,db1=-8) x2
    (dV=-8,dE=-14,db1=-6) x2
    (dV=-7,dE=-12,db1=-5) x2
    (dV=-3,dE=-9,db1=-6) x2
    (dV=-2,dE=-7,db1=-5) x1
    (dV=-2,dE=-1,db1=+0) x1
    (dV=-4,dE=-13,db1=-9) x1
    (dV=-4,dE=-5,db1=-1) x1
    (dV=-3,dE=-3,db1=-1) x1
    (dV=-7,dE=-13,db1=-6) x1
    (dV=-7,dE=-14,db1=-7) x1
    (dV=-4,dE=-11,db1=-7) x1
    (dV=-6,dE=-15,db1=-9) x1
    (dV=-3,dE=-13,db1=-10) x1
    (dV=-8,dE=-17,db1=-9) x1
