====================================================================================================
SEED 5  rule=T1 g=0.075 N=300 epochs=900 (paired directed / symmetric, identical seed)
====================================================================================================
[directed ] status=ok snaps=90 BSW_occ=0 windows=0 dead=61 audit=OK
    ep    ph    V  b1_H12 b1_H6 b1_S6  occSCC occSCC3 feCYC feDYAD feOPEN maxSCC refl  gcf  npts slope   r2    fail
      10    SW    7      5     5     3   0.29  0.00   0.00  0.20  0.80     2     2  1.00    0    -     -   NO_SCALING_PTS
      20    SW   15     13    13     9   0.00  0.00   0.00  0.00  1.00     1     0  1.00    0    -     -   NO_SCALING_PTS
      30    SW   24     22    22    15   0.29  0.29   0.30  0.00  0.70     6     0  1.00    1    -     -   FEW_RADII
      40    SW   36     34    34    24   0.10  0.10   0.11  0.00  0.89     3     0  1.00    1    -     -   FEW_RADII
      50    SW   49     47    47    35   0.00  0.00   0.00  0.00  1.00     1     0  1.00    1    -     -   FEW_RADII
      60    SW   54     52    52    41   0.05  0.00   0.00  0.04  0.96     2     0  1.00    1    -     -   FEW_RADII
      70    SW   62     60    60    50   0.07  0.07   0.07  0.00  0.93     3     0  1.00    1    -     -   FEW_RADII
      80    SW   67     65    65    56   0.10  0.10   0.16  0.00  0.84     5     0  1.00    1    -     -   FEW_RADII
      90    SW   74     72    72    59   0.09  0.09   0.11  0.00  0.89     3     0  1.00    1    -     -   FEW_RADII
     100    SW   78     76    76    64   0.00  0.00   0.00  0.00  1.00     1     0  1.00    1    -     -   FEW_RADII
     110    SW   83     81    81    66   0.05  0.00   0.00  0.04  0.96     2     0  1.00    1    -     -   FEW_RADII
     120    SW   94     92    92    71   0.09  0.09   0.14  0.00  0.86     6     0  1.00    2    -     -   FEW_RADII
     130    SW  101     99    99    77   0.09  0.09   0.12  0.00  0.88     5     0  1.00    2    -     -   FEW_RADII
     140    SW  111    109   109    88   0.12  0.12   0.24  0.00  0.76    10     0  1.00    2    -     -   FEW_RADII
     150    SW  125    123   123   101   0.11  0.11   0.18  0.00  0.82    11     0  1.00    1    -     -   FEW_RADII
     160    SW  153    151   151   119   0.00  0.00   0.00  0.00  1.00     1     0  1.00    2    -     -   FEW_RADII
     170    SW  162    160   160   121   0.00  0.00   0.00  0.00  1.00     1     0  1.00    2    -     -   FEW_RADII
     180    SW  167    165   165   125   0.04  0.00   0.00  0.04  0.96     2     0  1.00    2    -     -   FEW_RADII
     190    SW  180    178   178   142   0.05  0.05   0.07  0.00  0.93     6     0  1.00    2    -     -   FEW_RADII
     200    SW  190    188   188   152   0.09  0.00   0.00  0.08  0.92     2     0  1.00    1    -     -   FEW_RADII
     210    SW  202    200   199   162   0.02  0.00   0.00  0.02  0.98     2     0  1.00    1    -     -   FEW_RADII
     220    SW  211    209   205   170   0.03  0.03   0.05  0.00  0.95     5     0  1.00    2    -     -   FEW_RADII
     230    SW  220    218   214   176   0.05  0.05   0.08  0.00  0.92     7     0  1.00    2    -     -   FEW_RADII
     240    SW  235    233   229   185   0.07  0.07   0.10  0.00  0.90     9     0  1.00    2    -     -   FEW_RADII
     250    SW  266    264   257   202   0.15  0.15   0.25  0.00  0.75    28     0  1.00    2    -     -   FEW_RADII
     260    SW  300    298   292   234   0.09  0.09   0.13  0.00  0.87    14     0  1.00    2    -     -   FEW_RADII
     270    SW  300    298   289   246   0.07  0.07   0.13  0.00  0.87    17     0  1.00    2    -     -   FEW_RADII
     280    SW  300    298   287   250   0.11  0.11   0.18  0.00  0.82    27     0  1.00    2    -     -   FEW_RADII
     290    SW  300    298   286   251   0.07  0.06   0.11  0.01  0.88    13     0  1.00    2    -     -   FEW_RADII
     300    SW  300    298   284   252   0.10  0.10   0.20  0.00  0.80    23     0  1.00    2    -     -   FEW_RADII
     310    SW  300    298   282   250   0.17  0.12   0.16  0.04  0.80     9     0  1.00    2    -     -   FEW_RADII
     320    SW  300    298   281   244   0.04  0.02   0.03  0.01  0.96     3     0  1.00    2    -     -   FEW_RADII
     330    SW  300    298   272   245   0.08  0.07   0.12  0.01  0.87    17     0  1.00    3    -     -   FEW_RADII
     340    SW  300    298   262   245   0.19  0.17   0.26  0.02  0.72    28     0  1.00    3    -     -   FEW_RADII
     350    SW  300    298   262   247   0.11  0.11   0.20  0.01  0.79    27     0  1.00    3    -     -   FEW_RADII
     360    SW  300    298   256   250   0.17  0.17   0.30  0.00  0.70    47     0  1.00    3    -     -   FEW_RADII
     370    SW  299    297   254   252   0.21  0.20   0.33  0.00  0.67    54     0  1.00    3    -     -   FEW_RADII
     380    SW  300    296   260   258   0.29  0.29   0.45  0.00  0.55    83     0  1.00    3    -     -   FEW_RADII
     390    SW  300    295   263   258   0.30  0.30   0.47  0.00  0.53    84     5  1.00    3    -     -   FEW_RADII
     400    SW  300    295   262   260   0.34  0.34   0.50  0.00  0.50    98     3  1.00    3    -     -   FEW_RADII
     410    SW  299    294   258   260   0.32  0.31   0.46  0.01  0.53    88     4  1.00    3    -     -   FEW_RADII
     420    SW  300    293   262   259   0.28  0.27   0.41  0.00  0.58    77     2  1.00    3    -     -   FEW_RADII
     430    SW  300    292   262   259   0.22  0.21   0.34  0.00  0.65    60     1  1.00    3    -     -   FEW_RADII
     440    SW  299    292   263   260   0.31  0.29   0.43  0.01  0.56    83     3  1.00    3    -     -   FEW_RADII
     450    SW  299    290   266   265   0.32  0.32   0.49  0.00  0.51    92     0  1.00    3    -     -   FEW_RADII
     460    SW  300    291   266   269   0.32  0.32   0.47  0.00  0.52    93     3  1.00    3    -     -   FEW_RADII
     470    SW  300    291   266   269   0.36  0.34   0.49  0.01  0.50    98     1  1.00    3    -     -   FEW_RADII
     480    SW  300    291   265   268   0.45  0.45   0.60  0.00  0.40   129     3  1.00    3    -     -   FEW_RADII
     490    SW  299    290   268   269   0.33  0.32   0.48  0.00  0.52    93     2  1.00    3    -     -   FEW_RADII
     500    SW  300    290   269   271   0.41  0.41   0.57  0.00  0.43   117     2  1.00    3    -     -   FEW_RADII
     510    SW  300    289   272   271   0.37  0.37   0.52  0.00  0.47   107     1  1.00    3    -     -   FEW_RADII
     520    SW  299    286   272   273   0.39  0.39   0.56  0.00  0.44   114     5  1.00    2    -     -   FEW_RADII
     530    SW  300    287   274   275   0.47  0.46   0.60  0.00  0.40   139     2  1.00    2    -     -   FEW_RADII
     540    SW  300    284   275   275   0.46  0.46   0.61  0.00  0.39   132     4  1.00    2    -     -   FEW_RADII
     550    SW  300    284   275   275   0.45  0.44   0.60  0.00  0.40   129     3  1.00    2    -     -   FEW_RADII
     560    SW  300    283   275   275   0.56  0.55   0.68  0.00  0.31   165     1  1.00    2    -     -   FEW_RADII
     570    SW  300    283   275   275   0.56  0.54   0.67  0.01  0.32   159     5  1.00    2    -     -   FEW_RADII
     580    SW  300    280   275   275   0.60  0.60   0.73  0.00  0.27   180     8  1.00    2    -     -   FEW_RADII
     590    SW  300    279   275   275   0.44  0.43   0.60  0.00  0.40   127     2  1.00    2    -     -   FEW_RADII
     600    SW  300    277   275   275   0.50  0.49   0.65  0.00  0.35   143     3  1.00    2    -     -   FEW_RADII
     610    SW  300    277   275   275   0.48  0.48   0.62  0.00  0.37   139     3  1.00    2    -     -   FEW_RADII
     620    SW  300    276   275   275   0.47  0.47   0.61  0.00  0.39   138     8  1.00    2    -     -   FEW_RADII
     630    SW  300    276   275   275   0.37  0.37   0.52  0.00  0.48   104     7  1.00    2    -     -   FEW_RADII
     640    SW  300    276   275   275   0.39  0.38   0.54  0.01  0.46   110     3  1.00    2    -     -   FEW_RADII
     650    SW  300    275   275   275   0.43  0.40   0.52  0.01  0.46   113     6  1.00    3    -     -   FEW_RADII
     660    SW  300    275   275   275   0.31  0.28   0.43  0.01  0.55    82     2  1.00    3    -     -   FEW_RADII
     670    SW  300    275   275   275   0.43  0.41   0.56  0.01  0.44   122     3  1.00    3    -     -   FEW_RADII
     680    SW  300    275   275   275   0.40  0.39   0.55  0.00  0.45   112     1  1.00    2    -     -   FEW_RADII
     690    SW  300    275   275   275   0.39  0.37   0.52  0.01  0.47   110     1  1.00    3    -     -   FEW_RADII
     700    SW  300    275   275   275   0.33  0.33   0.48  0.00  0.52    87     7  1.00    3    -     -   FEW_RADII
     710    SW  300    275   275   275   0.27  0.26   0.38  0.00  0.62    72     2  1.00    3    -     -   FEW_RADII
     720    SW  300    275   275   275   0.21  0.19   0.32  0.01  0.67    51     2  1.00    3    -     -   FEW_RADII
     730    SW  300    275   275   275   0.22  0.21   0.34  0.00  0.66    57     2  1.00    3    -     -   FEW_RADII
     740    SW  300    275   275   275   0.24  0.22   0.35  0.01  0.63    61     0  1.00    3    -     -   FEW_RADII
     750    SW  300    275   275   275   0.26  0.25   0.39  0.01  0.60    70     1  1.00    3    -     -   FEW_RADII
     760    SW  300    275   275   275   0.34  0.34   0.49  0.00  0.51    95     0  1.00    3    -     -   FEW_RADII
     770    SW  300    275   275   275   0.37  0.35   0.52  0.01  0.48    99     6  1.00    3    -     -   FEW_RADII
     780    SW  300    275   275   275   0.42  0.40   0.55  0.01  0.44   118     0  1.00    3    -     -   FEW_RADII
     790    SW  300    275   275   275   0.34  0.33   0.49  0.00  0.50    95     4  1.00    3    -     -   FEW_RADII
     800    SW  300    275   275   275   0.36  0.32   0.47  0.02  0.51    95     2  1.00    3    -     -   FEW_RADII
     810    SW  300    275   275   275   0.33  0.33   0.50  0.00  0.50    95     3  1.00    3    -     -   FEW_RADII
     820    SW  300    275   275   275   0.39  0.39   0.55  0.00  0.45   108     2  1.00    3    -     -   FEW_RADII
     830    SW  300    275   275   275   0.27  0.25   0.38  0.01  0.61    67     2  1.00    3    -     -   FEW_RADII
     840    SW  300    275   275   275   0.27  0.26   0.38  0.01  0.62    72     0  1.00    3    -     -   FEW_RADII
     850    SW  300    275   275   275   0.30  0.30   0.45  0.00  0.55    84     5  1.00    3    -     -   FEW_RADII
     860    SW  300    275   275   275   0.44  0.44   0.59  0.00  0.41   128     3  1.00    3    -     -   FEW_RADII
     870    SW  300    275   275   275   0.43  0.43   0.59  0.00  0.41   122     2  1.00    3    -     -   FEW_RADII
     880    SW  300    275   275   274   0.41  0.40   0.54  0.00  0.45   116     5  1.00    3    -     -   FEW_RADII
     890    SW  300    275   275   274   0.35  0.35   0.49  0.00  0.50   100     1  1.00    3    -     -   FEW_RADII
     900    SW  300    275   275   274   0.35  0.33   0.48  0.01  0.51    96     1  1.00    3    -     -   FEW_RADII
    exit reasons: (no windows)
    SW breakdown: {'NO_SCALING_PTS': 2, 'FEW_RADII': 88}
    edge lifetimes (theta=1e-12): n_dead=145 median=235 mean=270.2 p90=394 max=642 censored_alive=574
    coupling with BSW indicator (point-biserial):
      occ_scc3: r =    - 
      fe_cyc  : r =    - 
      occ_scc : r =    - 
      fe_dyad : r =    - 
      b1_H12  : r =    - 
      b1_H6   : r =    - 
      b1_S6   : r =    - 
[symmetric] status=ok snaps=90 BSW_occ=0 windows=0 dead=980 audit=OK
    ep    ph    V  b1_H12 b1_H6 b1_S6  occSCC occSCC3 feCYC feDYAD feOPEN maxSCC refl  gcf  npts slope   r2    fail
      10    SW    7      5     5     3   0.86  0.86   0.90  0.00  0.10     6     0  1.00    0    -     -   NO_SCALING_PTS
      20    SW   19     17    17    11   0.16  0.16   0.21  0.00  0.79     3     0  1.00    1    -     -   FEW_RADII
      30    SW   32     30    30    20   0.11  0.11   0.12  0.00  0.88     3     0  1.00    1    -     -   FEW_RADII
      40    SW   38     36    36    31   0.21  0.21   0.33  0.00  0.67     8     0  1.00    1    -     -   FEW_RADII
      50    SW   56     54    54    45   0.20  0.20   0.37  0.00  0.63    11     0  1.00    1    -     -   FEW_RADII
      60    SW   70     68    68    54   0.19  0.19   0.35  0.00  0.65     5     0  1.00    1    -     -   FEW_RADII
      70    SW   82     80    80    63   0.06  0.00   0.00  0.06  0.94     2     0  1.00    1    -     -   FEW_RADII
      80    SW   97     95    95    72   0.15  0.15   0.29  0.00  0.71     7     0  1.00    1    -     -   FEW_RADII
      90    SW  108    106   106    80   0.04  0.00   0.00  0.04  0.96     2     0  1.00    1    -     -   FEW_RADII
     100    SW  117    115   115    85   0.05  0.05   0.07  0.00  0.93     3     0  1.00    1    -     -   FEW_RADII
     110    SW  126    124   124    90   0.14  0.14   0.34  0.00  0.66     9     0  1.00    1    -     -   FEW_RADII
     120    SW  140    138   138    98   0.06  0.06   0.07  0.00  0.93     4     0  1.00    1    -     -   FEW_RADII
     130    SW  156    154   154   108   0.06  0.06   0.09  0.00  0.91     5     0  1.00    2    -     -   FEW_RADII
     140    SW  167    165   165   118   0.04  0.04   0.05  0.00  0.95     3     0  1.00    2    -     -   FEW_RADII
     150    SW  174    172   172   123   0.06  0.06   0.13  0.00  0.87     5     0  1.00    2    -     -   FEW_RADII
     160    SW  189    187   187   132   0.07  0.07   0.18  0.00  0.82     7     0  1.00    2    -     -   FEW_RADII
     170    SW  197    195   195   127   0.03  0.03   0.06  0.00  0.94     3     0  1.00    2    -     -   FEW_RADII
     180    SW  200    198   198   118   0.04  0.04   0.08  0.00  0.92     4     0  1.00    2    -     -   FEW_RADII
     190    SW  203    201   199   107   0.02  0.00   0.00  0.02  0.98     2     0  1.00    2    -     -   FEW_RADII
     200    SW  202    200   191   104   0.04  0.04   0.09  0.00  0.91     4     0  1.00    2    -     -   FEW_RADII
     210    SW  194    192   177   104   0.05  0.05   0.11  0.00  0.89     5     0  1.00    2    -     -   FEW_RADII
     220    SW  155    152   152    94   0.20  0.20   0.29  0.00  0.71     4     0  1.00    2    -     -   FEW_RADII
     230    SW  164    162   162    95   0.09  0.09   0.21  0.00  0.79     9     0  1.00    2    -     -   FEW_RADII
     240    SW  168    165   165   108   0.08  0.08   0.15  0.00  0.85     8     0  1.00    2    -     -   FEW_RADII
     250    SW  173    171   171   123   0.10  0.10   0.22  0.00  0.78    11     0  1.00    2    -     -   FEW_RADII
     260    SW  178    176   176   131   0.07  0.07   0.18  0.00  0.82     8     0  1.00    3    -     -   FEW_RADII
     270    SW  182    180   180   126   0.03  0.03   0.05  0.00  0.95     3     0  1.00    3    -     -   FEW_RADII
     280    SW  177    175   175   121   0.03  0.03   0.05  0.00  0.95     3     0  1.00    3    -     -   FEW_RADII
     290    SW  178    176   176   130   0.06  0.06   0.13  0.00  0.87     8     0  1.00    3    -     -   FEW_RADII
     300    SW  186    184   184   133   0.05  0.05   0.11  0.00  0.89     5     0  1.00    2    -     -   FEW_RADII
     310    SW  201    198   198   143   0.06  0.06   0.14  0.00  0.86     8     0  1.00    2    -     -   FEW_RADII
     320    SW  228    226   226   165   0.13  0.13   0.28  0.00  0.72    20     0  1.00    3    -     -   FEW_RADII
     330    SW  231    229   229   176   0.09  0.09   0.24  0.00  0.76    12     0  1.00    3    -     -   FEW_RADII
     340    SW  247    245   245   186   0.06  0.06   0.15  0.00  0.85     7     0  1.00    3    -     -   FEW_RADII
     350    SW  271    269   269   200   0.08  0.08   0.22  0.00  0.78    11     0  1.00    3    -     -   FEW_RADII
     360    SW  279    277   277   203   0.02  0.02   0.04  0.00  0.96     3     0  1.00    3    -     -   FEW_RADII
     370    SW  287    285   285   199   0.30  0.30   0.31  0.00  0.69     3     0  1.00    2    -     -   FEW_RADII
     380    SW  289    287   287   188   0.03  0.03   0.09  0.00  0.91     5     0  1.00    2    -     -   FEW_RADII
     390    SW  292    290   289   186   0.04  0.04   0.10  0.00  0.90     6     0  1.00    2    -     -   FEW_RADII
     400    SW  281    278   278   182   0.01  0.00   0.00  0.01  0.99     2     0  1.00    3    -     -   FEW_RADII
     410    SW  267    264   264   180   0.03  0.03   0.09  0.00  0.91     5     0  1.00    1    -     -   FEW_RADII
     420    SW  269    267   267   174   0.07  0.07   0.19  0.00  0.81    11     0  1.00    2    -     -   FEW_RADII
     430    SW  270    268   267   166   0.01  0.00   0.00  0.01  0.99     2     0  1.00    2    -     -   FEW_RADII
     440    SW  270    268   264   163   0.03  0.03   0.06  0.00  0.94     4     0  1.00    2    -     -   FEW_RADII
     450    SW  271    269   259   153   0.21  0.21   0.34  0.00  0.66     4     0  1.00    2    -     -   FEW_RADII
     460    SW  253    251   251   138   0.04  0.04   0.09  0.00  0.91     7     0  1.00    2    -     -   FEW_RADII
     470    SW  278    276   275   156   0.06  0.06   0.14  0.00  0.86    10     0  1.00    2    -     -   FEW_RADII
     480    SW  277    275   269   159   0.05  0.05   0.14  0.00  0.86     8     0  1.00    2    -     -   FEW_RADII
     490    SW  252    250   246   150   0.05  0.05   0.15  0.00  0.85     9     0  1.00    3    -     -   FEW_RADII
     500    SW  241    239   236   148   0.03  0.03   0.04  0.00  0.96     4     0  1.00    3    -     -   FEW_RADII
     510    SW  215    213   213   146   0.03  0.03   0.07  0.00  0.93     4     0  1.00    3    -     -   FEW_RADII
     520    SW  213    211   211   146   0.05  0.05   0.14  0.00  0.86     7     0  1.00    3    -     -   FEW_RADII
     530    SW  221    219   219   155   0.10  0.10   0.25  0.00  0.75    14     0  1.00    2    -     -   FEW_RADII
     540    SW  229    227   227   165   0.08  0.08   0.17  0.00  0.83    10     0  1.00    2    -     -   FEW_RADII
     550    SW  228    225   225   164   0.05  0.05   0.10  0.00  0.90     6     0  1.00    2    -     -   FEW_RADII
     560    SW  237    234   234   172   0.10  0.09   0.20  0.01  0.78    11     0  1.00    2    -     -   FEW_RADII
     570    SW  245    243   243   177   0.35  0.24   0.38  0.08  0.54     4     0  1.00    3    -     -   FEW_RADII
     580    SW  257    255   255   184   0.04  0.04   0.11  0.00  0.89     6     0  1.00    2    -     -   FEW_RADII
     590    SW  259    257   257   187   0.20  0.20   0.25  0.00  0.75     5     0  1.00    3    -     -   FEW_RADII
     600    SW  256    254   254   183   0.03  0.03   0.04  0.00  0.96     4     0  1.00    3    -     -   FEW_RADII
     610    SW  243    241   241   169   0.02  0.00   0.00  0.02  0.98     2     0  1.00    3    -     -   FEW_RADII
     620    SW  235    232   232   156   0.05  0.05   0.13  0.00  0.87     6     0  1.00    3    -     -   FEW_RADII
     630    SW  216    214   214   145   0.03  0.03   0.06  0.00  0.94     4     0  1.00    2    -     -   FEW_RADII
     640    SW  201    199   199   141   0.03  0.03   0.05  0.00  0.95     3     0  1.00    2    -     -   FEW_RADII
     650    SW  192    190   189   138   0.02  0.00   0.00  0.02  0.98     2     0  1.00    2    -     -   FEW_RADII
     660    SW  187    185   185   133   0.11  0.11   0.26  0.00  0.74    12     0  1.00    2    -     -   FEW_RADII
     670    SW  210    208   208   137   0.08  0.08   0.20  0.00  0.80    11     0  1.00    2    -     -   FEW_RADII
     680    SW  234    232   232   152   0.08  0.08   0.19  0.00  0.81    13     0  1.00    3    -     -   FEW_RADII
     690    SW  227    225   220   149   0.04  0.04   0.10  0.00  0.90     5     0  1.00    3    -     -   FEW_RADII
     700    SW  199    195   195   137   0.03  0.03   0.04  0.00  0.96     3     0  1.00    3    -     -   FEW_RADII
     710    SW  190    188   188   131   0.03  0.03   0.06  0.00  0.94     3     0  1.00    2    -     -   FEW_RADII
     720    SW  176    174   174   130   0.04  0.04   0.09  0.00  0.91     4     0  1.00    2    -     -   FEW_RADII
     730    SW  181    178   178   118   0.08  0.08   0.20  0.00  0.80     8     0  1.00    2    -     -   FEW_RADII
     740    SW  175    173   173   113   0.03  0.03   0.06  0.00  0.94     3     0  1.00    2    -     -   FEW_RADII
     750    SW  173    170   170   115   0.07  0.07   0.20  0.00  0.80     7     0  1.00    1    -     -   FEW_RADII
     760    SW  177    174   170   117   0.02  0.00   0.00  0.02  0.98     2     0  1.00    2    -     -   FEW_RADII
     770    SW  172    170   170   117   0.05  0.05   0.12  0.00  0.88     5     0  1.00    2    -     -   FEW_RADII
     780    SW  173    171   171   118   0.04  0.04   0.08  0.00  0.92     4     0  1.00    2    -     -   FEW_RADII
     790    SW  172    170   169   119   0.07  0.07   0.19  0.00  0.81     7     0  1.00    2    -     -   FEW_RADII
     800    SW  188    186   186   129   0.11  0.11   0.27  0.00  0.73    13     0  1.00    2    -     -   FEW_RADII
     810    SW  202    200   200   121   0.06  0.06   0.16  0.00  0.84     7     0  1.00    2    -     -   FEW_RADII
     820    SW  203    201   201   111   0.03  0.03   0.05  0.00  0.95     3     0  1.00    3    -     -   FEW_RADII
     830    SW  197    195   194   102   0.04  0.04   0.08  0.00  0.92     4     0  1.00    3    -     -   FEW_RADII
     840    SW  197    195   179   108   0.10  0.10   0.25  0.00  0.75    12     0  1.00    3    -     -   FEW_RADII
     850    SW  156    154   153   109   0.05  0.05   0.12  0.00  0.88     5     0  1.00    2    -     -   FEW_RADII
     860    SW  165    163   163   114   0.33  0.33   0.43  0.00  0.57     8     0  1.00    2    -     -   FEW_RADII
     870    SW  182    180   180   122   0.11  0.11   0.28  0.00  0.72    15     0  1.00    2    -     -   FEW_RADII
     880    SW  187    185   185   125   0.02  0.00   0.00  0.02  0.98     2     0  1.00    2    -     -   FEW_RADII
     890    SW  180    178   178   120   0.44  0.44   0.62  0.00  0.38     4     0  1.00    2    -     -   FEW_RADII
     900    SW  173    171   171   123   0.03  0.03   0.04  0.00  0.96     3     0  1.00    2    -     -   FEW_RADII
    exit reasons: (no windows)
    SW breakdown: {'NO_SCALING_PTS': 1, 'FEW_RADII': 89}
    edge lifetimes (theta=1e-12): n_dead=1960 median=162 mean=163.6 p90=188 max=230 censored_alive=343
    coupling with BSW indicator (point-biserial):
      occ_scc3: r =    - 
      fe_cyc  : r =    - 
      occ_scc : r =    - 
      fe_dyad : r =    - 
      b1_H12  : r =    - 
      b1_H6   : r =    - 
      b1_S6   : r =    - 
    --- asymmetric prediction pre-test (directed minus symmetric, point-biserial r with BSW) ---
      occ_scc3: r_dir=   -   r_sym=   -   diff=   - 
      fe_cyc  : r_dir=   -   r_sym=   -   diff=   - 
      b1_H12  : r_dir=   -   r_sym=   -   diff=   - 
====================================================================================================
SEED 7  rule=T1 g=0.075 N=300 epochs=900 (paired directed / symmetric, identical seed)
====================================================================================================
[directed ] status=ok snaps=90 BSW_occ=1 windows=1 dead=113 audit=OK
    ep    ph    V  b1_H12 b1_H6 b1_S6  occSCC occSCC3 feCYC feDYAD feOPEN maxSCC refl  gcf  npts slope   r2    fail
      10    SW    7      5     5     3   0.33  0.00   0.00  0.29  0.71     2    12  1.00    0    -     -   NO_SCALING_PTS
      20    SW   20     18    18    13   0.00  0.00   0.00  0.00  1.00     1     0  1.00    1    -     -   FEW_RADII
      30    SW   35     33    33    22   0.14  0.14   0.17  0.00  0.83     3     0  1.00    1    -     -   FEW_RADII
      40    SW   46     44    44    31   0.11  0.11   0.16  0.00  0.84     5     0  1.00    1    -     -   FEW_RADII
      50    SW   79     77    77    58   0.12  0.12   0.21  0.00  0.79     8     0  1.00    1    -     -   FEW_RADII
      60    SW  112    110   110    86   0.11  0.08   0.10  0.03  0.88     3     0  1.00    1    -     -   FEW_RADII
      70    SW  126    124   124   101   0.06  0.06   0.06  0.00  0.94     3     0  1.00    1    -     -   FEW_RADII
      80    SW  131    129   129   104   0.07  0.00   0.00  0.06  0.94     2     0  1.00    1    -     -   FEW_RADII
      90    SW  138    136   136   109   0.09  0.09   0.11  0.00  0.89     3     0  1.00    1    -     -   FEW_RADII
     100    SW  149    147   147   121   0.08  0.08   0.10  0.00  0.90     5     0  1.00    1    -     -   FEW_RADII
     110    SW  153    151   151   126   0.00  0.00   0.00  0.00  1.00     1     0  1.00    1    -     -   FEW_RADII
     120    SW  154    152   152   128   0.04  0.04   0.05  0.00  0.95     3     0  1.00    1    -     -   FEW_RADII
     130    SW  178    176   176   142   0.06  0.05   0.07  0.01  0.92     7     0  1.00    2    -     -   FEW_RADII
     140    SW  199    197   197   157   0.06  0.03   0.04  0.02  0.94     3     0  1.00    2    -     -   FEW_RADII
     150    SW  221    219   219   171   0.04  0.04   0.06  0.00  0.94     4     0  1.00    2    -     -   FEW_RADII
     160    SW  232    230   230   188   0.06  0.00   0.00  0.06  0.94     2     0  1.00    2    -     -   FEW_RADII
     170    SW  236    234   234   193   0.06  0.06   0.08  0.00  0.92     3     0  1.00    2    -     -   FEW_RADII
     180    SW  240    238   238   195   0.00  0.00   0.00  0.00  1.00     1     0  1.00    2    -     -   FEW_RADII
     190    SW  242    240   240   187   0.05  0.00   0.00  0.06  0.94     2     0  1.00    2    -     -   FEW_RADII
     200    SW  243    241   240   188   0.03  0.03   0.03  0.00  0.97     4     0  1.00    2    -     -   FEW_RADII
     210    SW  250    248   247   190   0.06  0.06   0.10  0.00  0.90    10     0  1.00    2    -     -   FEW_RADII
     220    SW  267    265   263   201   0.08  0.08   0.14  0.00  0.86    14     0  1.00    3    -     -   FEW_RADII
     230    SW  300    298   288   233   0.10  0.10   0.19  0.00  0.81    24     0  1.00    3    -     -   FEW_RADII
     240    SW  300    298   279   238   0.07  0.07   0.14  0.00  0.86    18     0  1.00    3    -     -   FEW_RADII
     250  METR  300    298   273   247   0.17  0.17   0.30  0.00  0.70    46     0  1.00    4  2.03  0.98  -
     260    SW  300    298   275   247   0.16  0.15   0.26  0.00  0.74    40     0  1.00    3    -     -   FEW_RADII
     270    SW  300    298   277   247   0.14  0.14   0.24  0.00  0.76    34     0  1.00    3    -     -   FEW_RADII
     280    SW  299    297   276   241   0.12  0.12   0.21  0.01  0.79    31     0  1.00    3    -     -   FEW_RADII
     290    SW  299    297   280   241   0.13  0.13   0.22  0.00  0.78    34     0  1.00    3    -     -   FEW_RADII
     300    SW  300    298   282   244   0.16  0.15   0.28  0.00  0.72    39     0  1.00    3    -     -   FEW_RADII
     310    SW  299    297   272   245   0.12  0.09   0.13  0.03  0.84    10     0  1.00    3    -     -   FEW_RADII
     320    SW  298    295   261   246   0.05  0.05   0.10  0.00  0.90    11     0  1.00    3    -     -   FEW_RADII
     330    SW  299    296   253   247   0.05  0.05   0.08  0.00  0.92     6     0  1.00    2    -     -   FEW_RADII
     340    SW  300    297   252   251   0.06  0.06   0.12  0.00  0.88    11     0  1.00    2    -     -   FEW_RADII
     350    SW  299    296   252   254   0.14  0.00   0.00  0.17  0.83     2     0  1.00    2    -     -   FEW_RADII
     360    SW  293    289   253   255   0.07  0.00   0.00  0.08  0.92     2     0  1.00    2    -     -   FEW_RADII
     370    SW  297    292   262   253   0.08  0.07   0.10  0.01  0.88     8     0  1.00    2    -     -   FEW_RADII
     380    SW  298    294   272   258   0.09  0.08   0.14  0.01  0.85    15     1  1.00    2    -     -   FEW_RADII
     390    SW  300    297   279   266   0.09  0.09   0.14  0.00  0.86    18     1  1.00    2    -     -   FEW_RADII
     400    SW  300    297   278   268   0.15  0.13   0.22  0.01  0.77    31     1  1.00    2    -     -   FEW_RADII
     410    SW  300    297   280   272   0.13  0.13   0.25  0.00  0.75    32     1  1.00    3    -     -   FEW_RADII
     420    SW  300    295   280   271   0.11  0.10   0.19  0.01  0.80    24     0  1.00    2    -     -   FEW_RADII
     430    SW  300    295   278   269   0.14  0.14   0.25  0.00  0.75    31     2  1.00    2    -     -   FEW_RADII
     440    SW  300    294   280   267   0.16  0.16   0.28  0.00  0.72    45     4  1.00    3    -     -   FEW_RADII
     450    SW  300    293   278   264   0.23  0.23   0.40  0.00  0.60    66     0  1.00    3    -     -   FEW_RADII
     460    SW  300    293   276   261   0.17  0.17   0.31  0.00  0.69    48     2  1.00    3    -     -   FEW_RADII
     470    SW  300    293   274   253   0.23  0.23   0.39  0.00  0.61    64     2  1.00    3    -     -   FEW_RADII
     480    SW  300    293   273   251   0.26  0.25   0.39  0.00  0.61    71     1  1.00    3    -     -   FEW_RADII
     490    SW  300    291   262   250   0.34  0.32   0.46  0.01  0.53    91     2  1.00    3    -     -   FEW_RADII
     500    SW  299    289   257   253   0.41  0.41   0.58  0.00  0.42   118     1  1.00    3    -     -   FEW_RADII
     510    SW  300    288   251   255   0.38  0.38   0.53  0.00  0.47   105     4  1.00    3    -     -   FEW_RADII
     520    SW  300    286   243   255   0.39  0.37   0.52  0.01  0.47   108    12  1.00    2    -     -   FEW_RADII
     530    SW  300    285   244   255   0.44  0.44   0.59  0.00  0.41   129     6  1.00    3    -     -   FEW_RADII
     540    SW  300    286   252   260   0.44  0.44   0.60  0.00  0.40   129     5  1.00    2    -     -   FEW_RADII
     550    SW  300    285   254   262   0.52  0.51   0.65  0.00  0.34   151     5  1.00    2    -     -   FEW_RADII
     560    SW  298    283   259   259   0.60  0.60   0.74  0.00  0.26   179     6  1.00    2    -     -   FEW_RADII
     570    SW  300    285   263   264   0.59  0.59   0.72  0.00  0.28   172     4  1.00    2    -     -   FEW_RADII
     580    SW  300    285   265   266   0.69  0.68   0.79  0.00  0.20   203    13  1.00    2    -     -   FEW_RADII
     590    SW  300    286   268   268   0.64  0.64   0.76  0.00  0.24   190     9  1.00    2    -     -   FEW_RADII
     600    SW  300    286   269   269   0.58  0.58   0.71  0.00  0.29   170     8  1.00    2    -     -   FEW_RADII
     610    SW  300    284   269   269   0.54  0.54   0.70  0.00  0.30   161    10  1.00    2    -     -   FEW_RADII
     620    SW  300    284   269   269   0.58  0.58   0.72  0.00  0.28   173     3  1.00    2    -     -   FEW_RADII
     630    SW  300    284   269   269   0.60  0.58   0.72  0.01  0.28   174     8  1.00    2    -     -   FEW_RADII
     640    SW  300    284   269   269   0.59  0.57   0.71  0.01  0.28   169    10  1.00    2    -     -   FEW_RADII
     650    SW  300    284   269   269   0.60  0.59   0.74  0.00  0.26   176     7  1.00    2    -     -   FEW_RADII
     660    SW  300    282   269   269   0.66  0.66   0.77  0.00  0.23   196     9  1.00    2    -     -   FEW_RADII
     670    SW  300    278   269   269   0.66  0.64   0.76  0.01  0.23   186     6  1.00    2    -     -   FEW_RADII
     680    SW  300    275   269   269   0.72  0.72   0.82  0.00  0.18   214    14  1.00    2    -     -   FEW_RADII
     690    SW  300    271   269   269   0.69  0.68   0.78  0.01  0.22   202     8  1.00    2    -     -   FEW_RADII
     700    SW  300    271   269   269   0.72  0.72   0.82  0.00  0.18   214    11  1.00    2    -     -   FEW_RADII
     710    SW  300    270   269   269   0.80  0.79   0.87  0.00  0.13   237    14  1.00    2    -     -   FEW_RADII
     720    SW  300    270   269   269   0.73  0.73   0.82  0.00  0.18   216     9  1.00    2    -     -   FEW_RADII
     730    SW  300    270   269   269   0.75  0.75   0.84  0.00  0.16   223    14  1.00    2    -     -   FEW_RADII
     740    SW  300    270   269   269   0.81  0.80   0.88  0.00  0.12   240    13  1.00    2    -     -   FEW_RADII
     750    SW  300    269   269   269   0.76  0.75   0.84  0.00  0.16   224     9  1.00    2    -     -   FEW_RADII
     760    SW  300    269   269   269   0.79  0.78   0.85  0.00  0.14   233     9  1.00    2    -     -   FEW_RADII
     770    SW  300    269   269   269   0.77  0.75   0.85  0.00  0.15   226    14  1.00    2    -     -   FEW_RADII
     780    SW  300    269   269   269   0.79  0.77   0.86  0.00  0.14   231    11  1.00    2    -     -   FEW_RADII
     790    SW  300    269   269   269   0.81  0.81   0.87  0.00  0.12   240    16  1.00    2    -     -   FEW_RADII
     800    SW  300    269   269   269   0.72  0.72   0.82  0.00  0.18   214     9  1.00    2    -     -   FEW_RADII
     810    SW  300    269   269   269   0.73  0.73   0.83  0.00  0.17   218    13  1.00    2    -     -   FEW_RADII
     820    SW  300    269   269   269   0.77  0.77   0.85  0.00  0.15   230    12  1.00    2    -     -   FEW_RADII
     830    SW  300    269   269   269   0.77  0.77   0.84  0.00  0.16   226     8  1.00    2    -     -   FEW_RADII
     840    SW  300    269   269   269   0.86  0.86   0.92  0.00  0.08   256     4  1.00    2    -     -   FEW_RADII
     850    SW  300    269   269   269   0.84  0.84   0.91  0.00  0.09   253    15  1.00    2    -     -   FEW_RADII
     860    SW  300    269   269   269   0.81  0.80   0.88  0.00  0.12   239    22  1.00    2    -     -   FEW_RADII
     870    SW  300    269   269   269   0.85  0.85   0.91  0.00  0.09   256    13  1.00    2    -     -   FEW_RADII
     880    SW  300    269   269   269   0.83  0.83   0.90  0.00  0.10   250    19  1.00    2    -     -   FEW_RADII
     890    SW  300    269   269   269   0.73  0.72   0.83  0.00  0.17   217    13  1.00    2    -     -   FEW_RADII
     900    SW  300    269   269   269   0.79  0.79   0.87  0.00  0.13   238    15  1.00    2    -     -   FEW_RADII
    window ep250-250 len=1 exit=SW
    exit reasons: {'SW': 1}
    SW breakdown: {'NO_SCALING_PTS': 1, 'FEW_RADII': 88}
    edge lifetimes (theta=1e-12): n_dead=255 median=239 mean=290.4 p90=477 max=665 censored_alive=568
    coupling with BSW indicator (point-biserial):
      occ_scc3: r = -0.07
      fe_cyc  : r = -0.04
      occ_scc : r = -0.07
      fe_dyad : r = -0.03
      b1_H12  : r =  0.07
      b1_H6   : r =  0.05
      b1_S6   : r =  0.03
[symmetric] status=ok snaps=90 BSW_occ=0 windows=0 dead=943 audit=OK
    ep    ph    V  b1_H12 b1_H6 b1_S6  occSCC occSCC3 feCYC feDYAD feOPEN maxSCC refl  gcf  npts slope   r2    fail
      10    SW    5      3     3     3   0.80  0.80   0.83  0.00  0.17     4     0  1.00    0    -     -   NO_SCALING_PTS
      20    SW   14     12    12     8   0.17  0.00   0.00  0.15  0.85     2     0  1.00    0    -     -   NO_SCALING_PTS
      30    SW   25     23    23    17   0.35  0.35   0.55  0.00  0.45     8     0  1.00    1    -     -   FEW_RADII
      40    SW   32     30    30    24   0.67  0.00   0.00  0.40  0.60     2     0  1.00    1    -     -   FEW_RADII
      50    SW   36     34    34    27   0.10  0.10   0.12  0.00  0.88     3     0  1.00    1    -     -   FEW_RADII
      60    SW   40     38    38    31   0.09  0.09   0.15  0.00  0.85     3     0  1.00    1    -     -   FEW_RADII
      70    SW   51     49    49    38   0.16  0.16   0.36  0.00  0.64     7     0  1.00    1    -     -   FEW_RADII
      80    SW   63     61    61    45   0.00  0.00   0.00  0.00  1.00     1     0  1.00    2    -     -   FEW_RADII
      90    SW   69     67    67    49   0.05  0.00   0.00  0.04  0.96     2     0  1.00    2    -     -   FEW_RADII
     100    SW   72     70    70    52   0.06  0.06   0.12  0.00  0.88     3     0  1.00    1    -     -   FEW_RADII
     110    SW   83     81    81    58   0.14  0.14   0.32  0.00  0.68     8     0  1.00    1    -     -   FEW_RADII
     120    SW   94     92    92    67   0.15  0.15   0.33  0.00  0.67    10     0  1.00    2    -     -   FEW_RADII
     130    SW  131    129   129    92   0.11  0.11   0.22  0.00  0.78    11     0  1.00    2    -     -   FEW_RADII
     140    SW  141    139   139   102   0.03  0.03   0.06  0.00  0.94     3     0  1.00    3    -     -   FEW_RADII
     150    SW  143    141   141   103   0.05  0.05   0.13  0.00  0.87     5     0  1.00    2    -     -   FEW_RADII
     160    SW  150    148   148   106   0.03  0.03   0.06  0.00  0.94     3     0  1.00    2    -     -   FEW_RADII
     170    SW  156    154   154   107   0.05  0.05   0.10  0.00  0.90     5     0  1.00    2    -     -   FEW_RADII
     180    SW  152    150   150   105   0.03  0.03   0.06  0.00  0.94     3     0  1.00    2    -     -   FEW_RADII
     190    SW  147    145   145   104   0.03  0.03   0.04  0.00  0.96     3     0  1.00    2    -     -   FEW_RADII
     200    SW  147    145   145   106   0.06  0.06   0.15  0.00  0.85     6     0  1.00    1    -     -   FEW_RADII
     210    SW  152    150   150   110   0.02  0.00   0.00  0.02  0.98     2     0  1.00    1    -     -   FEW_RADII
     220    SW  156    154   154   112   0.02  0.00   0.00  0.02  0.98     2     0  1.00    2    -     -   FEW_RADII
     230    SW  148    146   146   106   0.04  0.04   0.08  0.00  0.92     4     0  1.00    2    -     -   FEW_RADII
     240    SW  150    148   148   110   0.07  0.07   0.17  0.00  0.83     7     0  1.00    2    -     -   FEW_RADII
     250    SW  147    145   145   108   0.05  0.05   0.12  0.00  0.88     5     0  1.00    2    -     -   FEW_RADII
     260    SW  156    154   154   104   0.04  0.04   0.07  0.00  0.93     4     0  1.00    2    -     -   FEW_RADII
     270    SW  166    164   164   100   0.08  0.08   0.21  0.00  0.79    10     0  1.00    2    -     -   FEW_RADII
     280    SW  182    180   180   114   0.12  0.12   0.29  0.00  0.71    17     0  1.00    3    -     -   FEW_RADII
     290    SW  186    184   184   120   0.05  0.05   0.13  0.00  0.87     7     0  1.00    3    -     -   FEW_RADII
     300    SW  182    180   180   128   0.09  0.09   0.23  0.00  0.77    11     0  1.00    3    -     -   FEW_RADII
     310    SW  199    197   197   149   0.10  0.10   0.23  0.00  0.77    14     0  1.00    3    -     -   FEW_RADII
     320    SW  204    202   202   150   0.02  0.00   0.00  0.02  0.98     2     0  1.00    3    -     -   FEW_RADII
     330    SW  209    206   206   150   0.06  0.06   0.14  0.00  0.86     7     0  1.00    3    -     -   FEW_RADII
     340    SW  217    215   215   153   0.06  0.06   0.16  0.00  0.84     8     0  1.00    2    -     -   FEW_RADII
     350    SW  230    227   227   166   0.08  0.08   0.21  0.00  0.79    11     0  1.00    2    -     -   FEW_RADII
     360    SW  240    238   238   173   0.05  0.05   0.15  0.00  0.85     8     0  1.00    2    -     -   FEW_RADII
     370    SW  247    244   244   182   0.02  0.02   0.04  0.00  0.96     3     0  1.00    2    -     -   FEW_RADII
     380    SW  243    241   241   185   0.05  0.05   0.13  0.00  0.87     7     0  1.00    2    -     -   FEW_RADII
     390    SW  266    264   264   196   0.08  0.08   0.19  0.00  0.81    13     0  1.00    2    -     -   FEW_RADII
     400    SW  270    268   268   199   0.07  0.07   0.18  0.00  0.82    11     0  1.00    2    -     -   FEW_RADII
     410    SW  263    261   261   195   0.01  0.00   0.00  0.01  0.99     2     0  1.00    2    -     -   FEW_RADII
     420    SW  258    256   256   178   0.03  0.03   0.06  0.00  0.94     4     0  1.00    2    -     -   FEW_RADII
     430    SW  251    249   249   161   0.03  0.03   0.08  0.00  0.92     5     0  1.00    2    -     -   FEW_RADII
     440    SW  238    236   235   145   0.04  0.04   0.09  0.00  0.91     5     0  1.00    2    -     -   FEW_RADII
     450    SW  217    213   213   141   0.08  0.08   0.17  0.00  0.83    10     0  1.00    2    -     -   FEW_RADII
     460    SW  222    220   219   146   0.10  0.10   0.25  0.00  0.75    13     0  1.00    2    -     -   FEW_RADII
     470    SW  238    236   236   161   0.13  0.13   0.29  0.00  0.71    21     0  1.00    2    -     -   FEW_RADII
     480    SW  216    214   214   156   0.05  0.05   0.12  0.00  0.88     7     0  1.00    2    -     -   FEW_RADII
     490    SW  221    219   219   162   0.50  0.50   0.44  0.00  0.56     3     0  1.00    2    -     -   FEW_RADII
     500    SW  221    218   218   154   0.06  0.06   0.17  0.00  0.83     9     0  1.00    3    -     -   FEW_RADII
     510    SW  223    221   221   157   0.01  0.00   0.00  0.01  0.99     2     0  1.00    3    -     -   FEW_RADII
     520    SW  218    216   216   153   0.05  0.05   0.14  0.00  0.86     7     0  1.00    2    -     -   FEW_RADII
     530    SW  227    225   225   154   0.06  0.06   0.15  0.00  0.85     8     0  1.00    3    -     -   FEW_RADII
     540    SW  235    233   233   151   0.05  0.05   0.11  0.00  0.89     7     0  1.00    2    -     -   FEW_RADII
     550    SW  234    232   232   151   0.03  0.03   0.09  0.00  0.91     5     0  1.00    2    -     -   FEW_RADII
     560    SW  222    220   220   158   0.04  0.04   0.08  0.00  0.92     6     0  1.00    2    -     -   FEW_RADII
     570    SW  219    217   216   158   0.05  0.05   0.12  0.00  0.88     7     0  1.00    2    -     -   FEW_RADII
     580    SW  218    216   216   157   0.02  0.02   0.04  0.00  0.96     3     0  1.00    2    -     -   FEW_RADII
     590    SW  224    222   222   155   0.03  0.03   0.04  0.00  0.96     4     0  1.00    2    -     -   FEW_RADII
     600    SW  232    230   230   151   0.07  0.07   0.20  0.00  0.80    10     0  1.00    2    -     -   FEW_RADII
     610    SW  260    258   258   160   0.11  0.11   0.27  0.00  0.73    20     0  1.00    2    -     -   FEW_RADII
     620    SW  281    278   278   177   0.08  0.08   0.21  0.00  0.79    16     0  1.00    2    -     -   FEW_RADII
     630    SW  272    270   270   184   0.03  0.03   0.05  0.00  0.95     5     0  1.00    2    -     -   FEW_RADII
     640    SW  246    243   243   162   0.03  0.03   0.07  0.00  0.93     4     0  1.00    3    -     -   FEW_RADII
     650    SW  237    234   234   163   0.01  0.00   0.00  0.01  0.99     2     0  1.00    2    -     -   FEW_RADII
     660    SW  231    228   228   154   0.03  0.03   0.07  0.00  0.93     4     0  1.00    2    -     -   FEW_RADII
     670    SW  229    226   226   155   0.06  0.06   0.17  0.00  0.83     9     0  1.00    2    -     -   FEW_RADII
     680    SW  230    228   228   162   0.06  0.06   0.15  0.00  0.85     9     0  1.00    3    -     -   FEW_RADII
     690    SW  238    235   235   163   0.08  0.08   0.22  0.00  0.78    12     0  1.00    2    -     -   FEW_RADII
     700    SW  241    239   239   168   0.02  0.02   0.03  0.00  0.97     3     0  1.00    2    -     -   FEW_RADII
     710    SW  232    230   230   164   0.03  0.03   0.07  0.00  0.93     4     0  1.00    2    -     -   FEW_RADII
     720    SW  226    224   224   158   0.03  0.03   0.07  0.00  0.93     4     0  1.00    2    -     -   FEW_RADII
     730    SW  230    228   228   162   0.05  0.05   0.11  0.00  0.89     6     0  1.00    2    -     -   FEW_RADII
     740    SW  241    239   239   171   0.08  0.08   0.21  0.00  0.79    12     0  1.00    2    -     -   FEW_RADII
     750    SW  264    262   262   173   0.06  0.06   0.16  0.00  0.84    10     0  1.00    3    -     -   FEW_RADII
     760    SW  275    273   273   156   0.03  0.03   0.07  0.00  0.93     5     0  1.00    3    -     -   FEW_RADII
     770    SW  256    254   254   152   0.14  0.00   0.00  0.12  0.88     2     0  1.00    2    -     -   FEW_RADII
     780    SW  248    245   245   156   0.06  0.06   0.15  0.00  0.85     9     0  1.00    2    -     -   FEW_RADII
     790    SW  221    218   218   159   0.33  0.00   0.00  0.29  0.71     2     0  1.00    2    -     -   FEW_RADII
     800    SW  222    219   219   167   0.36  0.36   0.38  0.00  0.62     5     0  1.00    2    -     -   FEW_RADII
     810    SW  229    227   227   169   0.04  0.04   0.07  0.00  0.93     6     0  1.00    3    -     -   FEW_RADII
     820    SW  241    239   239   163   0.14  0.00   0.00  0.12  0.88     2     0  1.00    3    -     -   FEW_RADII
     830    SW  229    227   227   150   0.02  0.02   0.04  0.00  0.96     3     0  1.00    3    -     -   FEW_RADII
     840    SW  220    218   217   141   0.03  0.03   0.07  0.00  0.93     4     0  1.00    2    -     -   FEW_RADII
     850    SW  203    201   198   140   0.04  0.04   0.09  0.00  0.91     5     0  1.00    2    -     -   FEW_RADII
     860    SW  205    203   203   148   0.11  0.11   0.27  0.00  0.73    16     0  1.00    2    -     -   FEW_RADII
     870    SW  213    211   211   157   0.03  0.03   0.08  0.00  0.92     5     0  1.00    2    -     -   FEW_RADII
     880    SW  227    225   225   162   0.06  0.06   0.15  0.00  0.85     9     0  1.00    2    -     -   FEW_RADII
     890    SW  252    250   250   165   0.09  0.09   0.24  0.00  0.76    15     0  1.00    2    -     -   FEW_RADII
     900    SW  237    235   234   150   0.01  0.00   0.00  0.01  0.99     2     0  1.00    2    -     -   FEW_RADII
    exit reasons: (no windows)
    SW breakdown: {'NO_SCALING_PTS': 2, 'FEW_RADII': 88}
    edge lifetimes (theta=1e-12): n_dead=1886 median=162 mean=160.7 p90=181 max=205 censored_alive=471
    coupling with BSW indicator (point-biserial):
      occ_scc3: r =    - 
      fe_cyc  : r =    - 
      occ_scc : r =    - 
      fe_dyad : r =    - 
      b1_H12  : r =    - 
      b1_H6   : r =    - 
      b1_S6   : r =    - 
    --- asymmetric prediction pre-test (directed minus symmetric, point-biserial r with BSW) ---
      occ_scc3: r_dir=-0.07  r_sym=   -   diff=   - 
      fe_cyc  : r_dir=-0.04  r_sym=   -   diff=   - 
      b1_H12  : r_dir= 0.07  r_sym=   -   diff=   - 
====================================================================================================
SEED 10  rule=T1 g=0.075 N=300 epochs=900 (paired directed / symmetric, identical seed)
====================================================================================================
[directed ] status=ok snaps=90 BSW_occ=13 windows=3 dead=312 audit=OK
    ep    ph    V  b1_H12 b1_H6 b1_S6  occSCC occSCC3 feCYC feDYAD feOPEN maxSCC refl  gcf  npts slope   r2    fail
      10    SW    4      2     2     1   0.00  0.00   0.00  0.00  1.00     1    12  1.00    0    -     -   NO_SCALING_PTS
      20    SW   26     24    24    17   0.35  0.35   0.40  0.00  0.60     9     0  1.00    1    -     -   FEW_RADII
      30    SW   52     50    50    37   0.00  0.00   0.00  0.00  1.00     1     0  1.00    1    -     -   FEW_RADII
      40    SW   68     66    66    51   0.00  0.00   0.00  0.00  1.00     1     0  1.00    1    -     -   FEW_RADII
      50    SW   74     72    72    52   0.00  0.00   0.00  0.00  1.00     1     0  1.00    1    -     -   FEW_RADII
      60    SW   74     72    72    53   0.15  0.00   0.00  0.15  0.85     2     0  1.00    1    -     -   FEW_RADII
      70    SW   78     76    76    62   0.05  0.05   0.10  0.00  0.90     4     0  1.00    1    -     -   FEW_RADII
      80    SW   88     86    86    71   0.11  0.11   0.16  0.00  0.84     8     0  1.00    1    -     -   FEW_RADII
      90    SW   90     88    88    75   0.00  0.00   0.00  0.00  1.00     1     0  1.00    1    -     -   FEW_RADII
     100    SW   98     96    96    84   0.07  0.07   0.09  0.00  0.91     4     0  1.00    2    -     -   FEW_RADII
     110    SW  120    118   118    94   0.15  0.15   0.27  0.00  0.73    15     0  1.00    2    -     -   FEW_RADII
     120    SW  135    133   133   106   0.03  0.00   0.00  0.03  0.97     2     0  1.00    2    -     -   FEW_RADII
     130    SW  149    147   147   112   0.00  0.00   0.00  0.00  1.00     1     0  1.00    2    -     -   FEW_RADII
     140    SW  155    153   153   116   0.05  0.03   0.06  0.01  0.93     4     0  1.00    2    -     -   FEW_RADII
     150    SW  160    158   158   125   0.00  0.00   0.00  0.00  1.00     1     0  1.00    2    -     -   FEW_RADII
     160    SW  165    163   163   131   0.04  0.00   0.00  0.04  0.96     2     0  1.00    2    -     -   FEW_RADII
     170    SW  168    166   166   132   0.02  0.00   0.00  0.02  0.98     2     0  1.00    1    -     -   FEW_RADII
     180    SW  170    168   168   130   0.00  0.00   0.00  0.00  1.00     1     0  1.00    1    -     -   FEW_RADII
     190    SW  174    172   172   131   0.02  0.00   0.00  0.02  0.98     2     0  1.00    1    -     -   FEW_RADII
     200    SW  181    178   178   139   0.06  0.06   0.10  0.00  0.90     7     0  1.00    1    -     -   FEW_RADII
     210    SW  185    183   180   147   0.02  0.00   0.00  0.02  0.98     2     0  1.00    1    -     -   FEW_RADII
     220    SW  199    197   190   156   0.05  0.05   0.08  0.00  0.92     6     0  1.00    3    -     -   FEW_RADII
     230    SW  216    214   208   170   0.06  0.06   0.10  0.00  0.90    12     0  1.00    3    -     -   FEW_RADII
     240    SW  238    236   229   182   0.00  0.00   0.00  0.00  1.00     1     0  1.00    2    -     -   FEW_RADII
     250    SW  245    243   235   185   0.05  0.04   0.05  0.02  0.93     4     0  1.00    2    -     -   FEW_RADII
     260    SW  259    257   248   188   0.08  0.07   0.10  0.01  0.89     7     0  1.00    2    -     -   FEW_RADII
     270    SW  276    274   265   198   0.03  0.00   0.00  0.03  0.97     2     0  1.00    2    -     -   FEW_RADII
     280    SW  283    281   272   201   0.00  0.00   0.00  0.00  1.00     1     0  1.00    2    -     -   FEW_RADII
     290    SW  289    287   267   207   0.13  0.11   0.18  0.02  0.80     9     0  1.00    3    -     -   FEW_RADII
     300    SW  296    293   260   211   0.03  0.03   0.05  0.00  0.95     4     0  1.00    2    -     -   FEW_RADII
     310    SW  300    297   257   219   0.14  0.14   0.25  0.00  0.75     6     0  1.00    2    -     -   FEW_RADII
     320    SW  297    293   250   219   0.04  0.04   0.05  0.00  0.95     4     0  1.00    3    -     -   FEW_RADII
     330    SW  290    285   248   215   0.00  0.00   0.00  0.00  1.00     1     1  1.00    2    -     -   FEW_RADII
     340    SW  285    277   241   214   0.00  0.00   0.00  0.00  1.00     1     0  1.00    2    -     -   FEW_RADII
     350    SW  285    279   246   210   0.06  0.05   0.09  0.01  0.90    11     0  1.00    2    -     -   FEW_RADII
     360    SW  297    291   262   209   0.04  0.04   0.07  0.00  0.93     8     2  1.00    3    -     -   FEW_RADII
     370    SW  293    285   261   210   0.03  0.03   0.04  0.00  0.96     4     0  1.00    2    -     -   FEW_RADII
     380    SW  293    286   262   205   0.11  0.00   0.00  0.12  0.88     2     0  1.00    2    -     -   FEW_RADII
     390    SW  297    290   263   207   0.07  0.04   0.07  0.03  0.90     7     2  1.00    3    -     -   FEW_RADII
     400    SW  300    293   260   208   0.04  0.04   0.06  0.00  0.94     5     1  1.00    3    -     -   FEW_RADII
     410    SW  300    293   256   213   0.11  0.11   0.20  0.00  0.80    21     3  1.00    3    -     -   FEW_RADII
     420  METR  299    291   247   209   0.11  0.03   0.05  0.09  0.86     3     2  1.00    4  1.97  0.98  -
     430  METR  300    291   246   205   0.09  0.07   0.11  0.01  0.88    16     3  1.00    4  1.92  0.98  -
     440  METR  300    291   236   209   0.08  0.08   0.14  0.00  0.86    20     1  1.00    5  1.82  0.97  -
     450  METR  300    289   232   204   0.06  0.06   0.12  0.00  0.88    12     2  1.00    4  2.34  0.99  -
     460  METR  299    289   240   208   0.09  0.09   0.15  0.00  0.85    20     1  1.00    4  2.22  0.99  -
     470  METR  300    288   234   207   0.06  0.06   0.10  0.00  0.90    13     0  1.00    4  2.25  0.99  -
     480    SW  300    285   225   203   0.03  0.03   0.06  0.00  0.94     7     0  1.00    3    -     -   FEW_RADII
     490    SW  299    284   226   203   0.06  0.04   0.07  0.02  0.92     5     1  1.00    3    -     -   FEW_RADII
     500    SW  300    284   228   205   0.10  0.10   0.14  0.00  0.86     9     1  1.00    2    -     -   FEW_RADII
     510    SW  300    282   231   206   0.03  0.03   0.04  0.00  0.96     3     0  1.00    3    -     -   FEW_RADII
     520    SW  300    278   232   211   0.05  0.03   0.04  0.01  0.94     4     1  1.00    2    -     -   FEW_RADII
     530    SW  298    275   229   210   0.00  0.00   0.00  0.00  1.00     1     0  1.00    2    -     -   FEW_RADII
     540    SW  287    268   223   207   0.19  0.19   0.30  0.00  0.70     6     0  1.00    2    -     -   FEW_RADII
     550    SW  291    272   232   210   0.04  0.03   0.03  0.02  0.95     3     0  1.00    2    -     -   FEW_RADII
     560    SW  294    275   238   217   0.06  0.06   0.11  0.00  0.89     9     0  1.00    2    -     -   FEW_RADII
     570    SW  300    279   247   225   0.02  0.02   0.03  0.00  0.97     4     0  1.00    2    -     -   FEW_RADII
     580    SW  299    277   246   221   0.04  0.02   0.03  0.02  0.95     4     1  1.00    3    -     -   FEW_RADII
     590    SW  300    274   247   223   0.10  0.00   0.00  0.10  0.90     2     1  1.00    3    -     -   FEW_RADII
     600    SW  300    271   247   219   0.09  0.09   0.16  0.00  0.84     5     3  1.00    3    -     -   FEW_RADII
     610    SW  299    270   245   213   0.07  0.07   0.13  0.00  0.87    11     2  1.00    3    -     -   FEW_RADII
     620    SW  300    269   246   213   0.13  0.00   0.00  0.12  0.88     2     1  1.00    3    -     -   FEW_RADII
     630    SW  299    266   241   206   0.09  0.07   0.12  0.01  0.87    12     3  1.00    3    -     -   FEW_RADII
     640  METR  300    264   232   203   0.08  0.07   0.08  0.01  0.91     5     4  1.00    4  1.99  0.99  -
     650  METR  298    262   222   194   0.06  0.06   0.12  0.00  0.88    13     2  1.00    4  2.08  0.99  -
     660  METR  300    261   226   197   0.12  0.12   0.21  0.00  0.79    24     2  1.00    4  2.14  0.99  -
     670  METR  300    261   226   187   0.15  0.14   0.21  0.01  0.78    19    14  1.00    4  2.07  0.99  -
     680  METR  300    259   225   195   0.10  0.09   0.17  0.01  0.83    21     6  1.00    4  2.10  1.00  -
     690  METR  300    256   214   195   0.03  0.00   0.00  0.03  0.97     2     6  1.00    4  2.18  1.00  -
     700    SW  300    257   206   190   0.08  0.08   0.14  0.00  0.86    12     2  1.00    3    -     -   FEW_RADII
     710    SW  299    255   207   194   0.05  0.03   0.05  0.02  0.93     3     1  1.00    2    -     -   FEW_RADII
     720    SW  296    253   201   194   0.02  0.00   0.00  0.02  0.98     2     2  1.00    2    -     -   FEW_RADII
     730    SW  287    245   202   190   0.13  0.00   0.00  0.11  0.89     2     0  1.00    2    -     -   FEW_RADII
     740    SW  283    242   203   188   0.00  0.00   0.00  0.00  1.00     1     0  1.00    3    -     -   FEW_RADII
     750    SW  281    240   204   190   0.05  0.05   0.07  0.00  0.93     4     1  1.00    2    -     -   FEW_RADII
     760    SW  283    243   209   193   0.08  0.08   0.14  0.00  0.86    11     0  1.00    2    -     -   FEW_RADII
     770    SW  294    254   223   199   0.04  0.04   0.05  0.00  0.95     3     0  1.00    2    -     -   FEW_RADII
     780    SW  296    255   223   203   0.00  0.00   0.00  0.00  1.00     1     0  1.00    3    -     -   FEW_RADII
     790    SW  300    259   225   201   0.10  0.00   0.00  0.10  0.90     2     3  1.00    3    -     -   FEW_RADII
     800    SW  300    259   225   199   0.02  0.00   0.00  0.03  0.97     2     0  1.00    3    -     -   FEW_RADII
     810    SW  300    259   226   193   0.07  0.07   0.12  0.00  0.88     7     1  1.00    3    -     -   FEW_RADII
     820    SW  300    257   227   192   0.15  0.11   0.15  0.04  0.81     3     1  1.00    3    -     -   FEW_RADII
     830  METR  299    254   227   183   0.05  0.00   0.00  0.06  0.94     2     1  1.00    4  2.29  1.00  -
     840    SW  297    251   225   177   0.10  0.10   0.14  0.00  0.86     3     2  1.00    3    -     -   FEW_RADII
     850    SW  298    250   219   167   0.12  0.00   0.00  0.13  0.87     2     1  1.00    3    -     -   FEW_RADII
     860    SW  300    248   215   167   0.07  0.04   0.06  0.03  0.91     5     2  1.00    3    -     -   FEW_RADII
     870    SW  299    247   208   169   0.03  0.03   0.05  0.00  0.95     4     1  1.00    3    -     -   FEW_RADII
     880    SW  298    241   195   170   0.06  0.04   0.05  0.02  0.93     3     1  1.00    3    -     -   FEW_RADII
     890    SW  294    236   192   169   0.03  0.00   0.00  0.03  0.97     2     1  1.00    3    -     -   FEW_RADII
     900    SW  288    233   192   164   0.04  0.04   0.06  0.00  0.94     3     0  1.00    3    -     -   FEW_RADII
    window ep420-470 len=6 exit=SW
    window ep640-690 len=6 exit=SW
    window ep830-830 len=1 exit=SW
    exit reasons: {'SW': 3}
    SW breakdown: {'NO_SCALING_PTS': 1, 'FEW_RADII': 76}
    edge lifetimes (theta=1e-12): n_dead=677 median=290 mean=337.6 p90=586 max=870 censored_alive=520
    coupling with BSW indicator (point-biserial):
      occ_scc3: r =  0.16
      fe_cyc  : r =  0.22
      occ_scc : r =  0.14
      fe_dyad : r = -0.00
      b1_H12  : r =  0.24
      b1_H6   : r =  0.19
      b1_S6   : r =  0.21
[symmetric] status=ok snaps=90 BSW_occ=0 windows=0 dead=866 audit=OK
    ep    ph    V  b1_H12 b1_H6 b1_S6  occSCC occSCC3 feCYC feDYAD feOPEN maxSCC refl  gcf  npts slope   r2    fail
      10    SW    6      4     4     2   0.83  0.83   0.88  0.00  0.12     5     0  1.00    0    -     -   NO_SCALING_PTS
      20    SW   25     23    23    15   0.36  0.36   0.49  0.00  0.51     9     0  1.00    1    -     -   FEW_RADII
      30    SW   48     46    46    36   0.40  0.33   0.54  0.03  0.42    10     0  1.00    1    -     -   FEW_RADII
      40    SW   69     67    67    51   0.15  0.15   0.23  0.00  0.77     7     0  1.00    1    -     -   FEW_RADII
      50    SW   74     72    72    56   0.09  0.09   0.12  0.00  0.88     4     0  1.00    1    -     -   FEW_RADII
      60    SW   76     74    74    58   0.07  0.07   0.12  0.00  0.88     3     0  1.00    1    -     -   FEW_RADII
      70    SW   86     84    84    64   0.12  0.12   0.27  0.00  0.73     6     0  1.00    1    -     -   FEW_RADII
      80    SW  110    108   108    80   0.13  0.13   0.29  0.00  0.71    10     0  1.00    2    -     -   FEW_RADII
      90    SW  115    113   113    82   0.03  0.00   0.00  0.03  0.97     2     0  1.00    2    -     -   FEW_RADII
     100    SW  121    119   119    87   0.03  0.00   0.00  0.03  0.97     2     0  1.00    2    -     -   FEW_RADII
     110    SW  129    127   127    95   0.08  0.08   0.19  0.00  0.81     6     0  1.00    1    -     -   FEW_RADII
     120    SW  137    135   135   100   0.07  0.07   0.16  0.00  0.84     6     0  1.00    2    -     -   FEW_RADII
     130    SW  152    150   150   111   0.06  0.06   0.13  0.00  0.87     6     0  1.00    2    -     -   FEW_RADII
     140    SW  163    161   161   118   0.06  0.06   0.13  0.00  0.87     6     0  1.00    2    -     -   FEW_RADII
     150    SW  185    183   183   134   0.14  0.14   0.35  0.00  0.65    18     0  1.00    2    -     -   FEW_RADII
     160    SW  209    207   207   141   0.04  0.04   0.09  0.00  0.91     6     0  1.00    2    -     -   FEW_RADII
     170    SW  220    218   218   132   0.03  0.03   0.04  0.00  0.96     4     0  1.00    2    -     -   FEW_RADII
     180    SW  212    210   210   125   0.02  0.00   0.00  0.02  0.98     2     0  1.00    2    -     -   FEW_RADII
     190    SW  192    190   186   116   0.05  0.05   0.13  0.00  0.87     6     0  1.00    3    -     -   FEW_RADII
     200    SW  179    176   176   118   0.07  0.07   0.17  0.00  0.83     8     0  1.00    2    -     -   FEW_RADII
     210    SW  185    183   183   122   0.09  0.09   0.21  0.00  0.79    11     0  1.00    2    -     -   FEW_RADII
     220    SW  187    185   185   117   0.00  0.00   0.00  0.00  1.00     1     0  1.00    2    -     -   FEW_RADII
     230    SW  183    181   181   111   0.02  0.00   0.00  0.02  0.98     2     0  1.00    2    -     -   FEW_RADII
     240    SW  173    171   171   110   0.03  0.03   0.05  0.00  0.95     3     0  1.00    2    -     -   FEW_RADII
     250    SW  161    159   159   109   0.05  0.05   0.11  0.00  0.89     5     0  1.00    2    -     -   FEW_RADII
     260    SW  177    175   175   119   0.06  0.06   0.13  0.00  0.87     8     0  1.00    2    -     -   FEW_RADII
     270    SW  182    180   180   118   0.05  0.05   0.12  0.00  0.88     6     0  1.00    2    -     -   FEW_RADII
     280    SW  180    178   178   119   0.04  0.04   0.08  0.00  0.92     5     0  1.00    2    -     -   FEW_RADII
     290    SW  174    171   171   109   0.03  0.03   0.05  0.00  0.95     3     0  1.00    2    -     -   FEW_RADII
     300    SW  188    186   186   109   0.12  0.12   0.31  0.00  0.69    16     0  1.00    2    -     -   FEW_RADII
     310    SW  194    191   191   113   0.00  0.00   0.00  0.00  1.00     1     0  1.00    3    -     -   FEW_RADII
     320    SW  174    171   169   109   0.02  0.00   0.00  0.02  0.98     2     0  1.00    3    -     -   FEW_RADII
     330    SW  175    173   171   117   0.06  0.06   0.15  0.00  0.85     7     0  1.00    2    -     -   FEW_RADII
     340    SW  172    170   170   118   0.05  0.05   0.10  0.00  0.90     6     0  1.00    2    -     -   FEW_RADII
     350    SW  172    170   170   122   0.03  0.03   0.04  0.00  0.96     3     0  1.00    2    -     -   FEW_RADII
     360    SW  175    173   173   123   0.02  0.00   0.00  0.02  0.98     2     0  1.00    2    -     -   FEW_RADII
     370    SW  175    173   173   123   0.33  0.33   0.38  0.00  0.62     4     0  1.00    2    -     -   FEW_RADII
     380    SW  173    170   170   129   0.04  0.04   0.07  0.00  0.93     4     0  1.00    2    -     -   FEW_RADII
     390    SW  169    167   167   126   0.02  0.00   0.00  0.02  0.98     2     0  1.00    2    -     -   FEW_RADII
     400    SW  175    173   173   122   0.09  0.09   0.22  0.00  0.78     9     0  1.00    2    -     -   FEW_RADII
     410    SW  180    178   178   122   0.02  0.00   0.00  0.02  0.98     2     0  1.00    2    -     -   FEW_RADII
     420    SW  165    163   163   114   0.02  0.00   0.00  0.02  0.98     2     0  1.00    1    -     -   FEW_RADII
     430    SW  160    158   158   111   0.05  0.05   0.10  0.00  0.90     5     0  1.00    1    -     -   FEW_RADII
     440    SW  162    160   158   107   0.25  0.25   0.24  0.00  0.76     4     0  1.00    2    -     -   FEW_RADII
     450    SW  159    157   157   100   0.03  0.03   0.04  0.00  0.96     3     0  1.00    2    -     -   FEW_RADII
     460    SW  159    157   157    93   0.03  0.03   0.06  0.00  0.94     3     0  1.00    2    -     -   FEW_RADII
     470    SW  150    147   145    93   0.06  0.06   0.14  0.00  0.86     6     0  1.00    2    -     -   FEW_RADII
     480    SW  141    139   139    86   0.06  0.06   0.16  0.00  0.84     6     0  1.00    2    -     -   FEW_RADII
     490    SW  156    154   154    87   0.10  0.10   0.25  0.00  0.75    11     0  1.00    2    -     -   FEW_RADII
     500    SW  170    168   168    91   0.06  0.06   0.13  0.00  0.87     7     0  1.00    3    -     -   FEW_RADII
     510    SW  184    182   176   106   0.10  0.10   0.23  0.00  0.77    13     0  1.00    3    -     -   FEW_RADII
     520    SW  203    201   201   129   0.12  0.12   0.25  0.00  0.75    18     0  1.00    3    -     -   FEW_RADII
     530    SW  215    213   213   137   0.03  0.03   0.08  0.00  0.92     4     0  1.00    3    -     -   FEW_RADII
     540    SW  222    220   220   137   0.03  0.03   0.05  0.00  0.95     4     0  1.00    3    -     -   FEW_RADII
     550    SW  215    213   213   139   0.03  0.03   0.08  0.00  0.92     4     0  1.00    2    -     -   FEW_RADII
     560    SW  218    215   215   140   0.02  0.00   0.00  0.02  0.98     2     0  1.00    2    -     -   FEW_RADII
     570    SW  214    212   212   138   0.02  0.00   0.00  0.02  0.98     2     0  1.00    2    -     -   FEW_RADII
     580    SW  213    211   211   136   0.02  0.00   0.00  0.02  0.98     2     0  1.00    2    -     -   FEW_RADII
     590    SW  210    208   208   137   0.02  0.00   0.00  0.02  0.98     2     0  1.00    2    -     -   FEW_RADII
     600    SW  213    211   211   139   0.06  0.06   0.16  0.00  0.84     8     0  1.00    1    -     -   FEW_RADII
     610    SW  223    221   221   145   0.07  0.07   0.17  0.00  0.83    10     0  1.00    2    -     -   FEW_RADII
     620    SW  228    226   226   148   0.13  0.13   0.17  0.00  0.83     4     0  1.00    2    -     -   FEW_RADII
     630    SW  222    220   220   146   0.14  0.14   0.17  0.00  0.83     5     0  1.00    2    -     -   FEW_RADII
     640    SW  221    219   219   143   0.03  0.03   0.04  0.00  0.96     4     0  1.00    2    -     -   FEW_RADII
     650    SW  216    214   214   132   0.06  0.06   0.17  0.00  0.83     7     0  1.00    2    -     -   FEW_RADII
     660    SW  221    218   218   120   0.08  0.08   0.20  0.00  0.80    10     0  1.00    2    -     -   FEW_RADII
     670    SW  226    224   224   121   0.09  0.09   0.22  0.00  0.78    12     0  1.00    3    -     -   FEW_RADII
     680    SW  219    217   216   122   0.07  0.07   0.17  0.00  0.83     8     0  1.00    3    -     -   FEW_RADII
     690    SW  189    187   178   122   0.03  0.03   0.05  0.00  0.95     3     0  1.00    2    -     -   FEW_RADII
     700    SW  183    181   181   126   0.12  0.12   0.30  0.00  0.70    14     0  1.00    2    -     -   FEW_RADII
     710    SW  188    186   186   129   0.03  0.03   0.06  0.00  0.94     3     0  1.00    2    -     -   FEW_RADII
     720    SW  191    189   189   130   0.02  0.00   0.00  0.02  0.98     2     0  1.00    2    -     -   FEW_RADII
     730    SW  191    189   189   131   0.02  0.00   0.00  0.02  0.98     2     0  1.00    2    -     -   FEW_RADII
     740    SW  197    195   195   129   0.04  0.04   0.07  0.00  0.93     4     0  1.00    2    -     -   FEW_RADII
     750    SW  198    196   196   124   0.04  0.04   0.08  0.00  0.92     4     0  1.00    2    -     -   FEW_RADII
     760    SW  192    190   190   113   0.03  0.03   0.05  0.00  0.95     3     0  1.00    2    -     -   FEW_RADII
     770    SW  202    199   199   119   0.16  0.16   0.18  0.00  0.82     3     0  1.00    2    -     -   FEW_RADII
     780    SW  202    200   196   120   0.04  0.04   0.07  0.00  0.93     4     0  1.00    2    -     -   FEW_RADII
     790    SW  209    207   198   124   0.06  0.06   0.16  0.00  0.84     8     0  1.00    2    -     -   FEW_RADII
     800    SW  207    205   184   124   0.04  0.04   0.08  0.00  0.92     5     0  1.00    2    -     -   FEW_RADII
     810    SW  183    181   181   110   0.42  0.42   0.48  0.00  0.52     5     0  1.00    2    -     -   FEW_RADII
     820    SW  196    194   194   104   0.11  0.11   0.28  0.00  0.72    15     0  1.00    2    -     -   FEW_RADII
     830    SW  203    201   200   118   0.04  0.04   0.08  0.00  0.92     6     0  1.00    3    -     -   FEW_RADII
     840    SW  169    166   166   111   0.03  0.03   0.04  0.00  0.96     3     0  1.00    2    -     -   FEW_RADII
     850    SW  158    156   156   112   0.05  0.05   0.13  0.00  0.87     5     0  1.00    1    -     -   FEW_RADII
     860    SW  148    146   146   110   0.02  0.00   0.00  0.02  0.98     2     0  1.00    1    -     -   FEW_RADII
     870    SW  162    160   160   114   0.13  0.13   0.32  0.00  0.68    13     0  1.00    3    -     -   FEW_RADII
     880    SW  179    177   177   129   0.08  0.08   0.20  0.00  0.80     9     0  1.00    2    -     -   FEW_RADII
     890    SW  204    202   202   150   0.15  0.15   0.34  0.00  0.66    21     0  1.00    2    -     -   FEW_RADII
     900    SW  214    212   212   154   0.38  0.38   0.33  0.00  0.67     3     0  1.00    2    -     -   FEW_RADII
    exit reasons: (no windows)
    SW breakdown: {'NO_SCALING_PTS': 1, 'FEW_RADII': 89}
    edge lifetimes (theta=1e-12): n_dead=1732 median=163 mean=161.9 p90=184 max=228 censored_alive=425
    coupling with BSW indicator (point-biserial):
      occ_scc3: r =    - 
      fe_cyc  : r =    - 
      occ_scc : r =    - 
      fe_dyad : r =    - 
      b1_H12  : r =    - 
      b1_H6   : r =    - 
      b1_S6   : r =    - 
    --- asymmetric prediction pre-test (directed minus symmetric, point-biserial r with BSW) ---
      occ_scc3: r_dir= 0.16  r_sym=   -   diff=   - 
      fe_cyc  : r_dir= 0.22  r_sym=   -   diff=   - 
      b1_H12  : r_dir= 0.24  r_sym=   -   diff=   - 
====================================================================================================
SEED 15  rule=T1 g=0.075 N=300 epochs=900 (paired directed / symmetric, identical seed)
====================================================================================================
[directed ] status=ok snaps=90 BSW_occ=0 windows=0 dead=46 audit=OK
    ep    ph    V  b1_H12 b1_H6 b1_S6  occSCC occSCC3 feCYC feDYAD feOPEN maxSCC refl  gcf  npts slope   r2    fail
      10    SW   11      9     9     7   0.00  0.00   0.00  0.00  1.00     1     9  1.00    0    -     -   NO_SCALING_PTS
      20    SW   20     18    18    15   0.12  0.00   0.00  0.09  0.91     2     0  1.00    1    -     -   FEW_RADII
      30    SW   32     30    30    23   0.00  0.00   0.00  0.00  1.00     1     0  1.00    1    -     -   FEW_RADII
      40    SW   38     36    36    27   0.07  0.00   0.00  0.06  0.94     2     0  1.00    1    -     -   FEW_RADII
      50    SW   72     70    70    51   0.14  0.14   0.23  0.00  0.77    10     0  1.00    1    -     -   FEW_RADII
      60    SW   88     86    86    64   0.07  0.07   0.09  0.00  0.91     4     0  1.00    1    -     -   FEW_RADII
      70    SW   95     93    93    69   0.08  0.08   0.12  0.00  0.88     7     0  1.00    1    -     -   FEW_RADII
      80    SW  119    117   117    85   0.07  0.07   0.09  0.00  0.91     8     0  1.00    1    -     -   FEW_RADII
      90    SW  142    140   140   110   0.05  0.05   0.08  0.00  0.92     7     0  1.00    1    -     -   FEW_RADII
     100    SW  164    162   162   134   0.06  0.06   0.08  0.00  0.92     5     0  1.00    1    -     -   FEW_RADII
     110    SW  193    191   191   158   0.07  0.07   0.12  0.00  0.88    11     0  1.00    2    -     -   FEW_RADII
     120    SW  243    241   241   184   0.06  0.06   0.11  0.00  0.89    13     0  1.00    2    -     -   FEW_RADII
     130    SW  266    264   264   200   0.00  0.00   0.00  0.00  1.00     1     0  1.00    2    -     -   FEW_RADII
     140    SW  288    286   286   223   0.05  0.05   0.08  0.00  0.92    12     0  1.00    2    -     -   FEW_RADII
     150    SW  300    298   298   238   0.00  0.00   0.00  0.00  1.00     1     0  1.00    2    -     -   FEW_RADII
     160    SW  300    298   298   244   0.14  0.09   0.10  0.05  0.85     3     0  1.00    2    -     -   FEW_RADII
     170    SW  300    298   298   252   0.07  0.07   0.12  0.00  0.88    18     0  1.00    2    -     -   FEW_RADII
     180    SW  300    298   298   258   0.10  0.09   0.18  0.00  0.82    25     0  1.00    2    -     -   FEW_RADII
     190    SW  300    298   298   262   0.10  0.10   0.19  0.00  0.81    27     0  1.00    2    -     -   FEW_RADII
     200    SW  300    298   298   264   0.04  0.04   0.08  0.00  0.92    11     0  1.00    2    -     -   FEW_RADII
     210    SW  300    298   297   265   0.08  0.07   0.14  0.01  0.86    19     0  1.00    2    -     -   FEW_RADII
     220    SW  300    298   297   263   0.14  0.13   0.25  0.00  0.74    36     0  1.00    2    -     -   FEW_RADII
     230    SW  300    298   289   264   0.19  0.19   0.32  0.00  0.68    53     0  1.00    3    -     -   FEW_RADII
     240    SW  300    298   283   264   0.20  0.20   0.34  0.00  0.66    57     0  1.00    3    -     -   FEW_RADII
     250    SW  300    298   282   263   0.20  0.19   0.31  0.00  0.68    53     0  1.00    3    -     -   FEW_RADII
     260    SW  300    298   280   256   0.22  0.22   0.35  0.00  0.65    64     0  1.00    3    -     -   FEW_RADII
     270    SW  299    297   279   253   0.24  0.24   0.39  0.00  0.61    68     0  1.00    3    -     -   FEW_RADII
     280    SW  300    298   275   254   0.16  0.16   0.29  0.00  0.71    45     0  1.00    3    -     -   FEW_RADII
     290    SW  299    297   268   258   0.17  0.17   0.29  0.00  0.71    47     0  1.00    3    -     -   FEW_RADII
     300    SW  300    298   260   262   0.18  0.18   0.31  0.00  0.69    51     0  1.00    2    -     -   FEW_RADII
     310    SW  299    297   256   263   0.15  0.15   0.26  0.00  0.74    43     0  1.00    2    -     -   FEW_RADII
     320    SW  300    298   255   265   0.21  0.21   0.35  0.00  0.65    60     0  1.00    2    -     -   FEW_RADII
     330    SW  299    297   259   265   0.17  0.17   0.29  0.00  0.71    49     0  1.00    2    -     -   FEW_RADII
     340    SW  299    297   264   265   0.15  0.15   0.26  0.00  0.74    42     0  1.00    2    -     -   FEW_RADII
     350    SW  300    298   271   265   0.19  0.19   0.33  0.00  0.67    54     0  1.00    2    -     -   FEW_RADII
     360    SW  300    298   274   271   0.23  0.22   0.37  0.00  0.63    62     0  1.00    2    -     -   FEW_RADII
     370    SW  300    298   274   274   0.19  0.19   0.31  0.00  0.69    52     0  1.00    2    -     -   FEW_RADII
     380    SW  300    298   277   275   0.15  0.15   0.28  0.00  0.72    39     0  1.00    2    -     -   FEW_RADII
     390    SW  300    298   278   278   0.20  0.20   0.33  0.00  0.67    56     0  1.00    2    -     -   FEW_RADII
     400    SW  300    298   283   282   0.29  0.28   0.44  0.00  0.56    78     0  1.00    2    -     -   FEW_RADII
     410    SW  300    298   283   282   0.32  0.31   0.46  0.00  0.54    90     0  1.00    2    -     -   FEW_RADII
     420    SW  300    296   283   282   0.32  0.31   0.47  0.00  0.53    92     0  1.00    2    -     -   FEW_RADII
     430    SW  300    295   283   282   0.37  0.36   0.52  0.00  0.48   106     0  1.00    2    -     -   FEW_RADII
     440    SW  300    294   282   282   0.33  0.31   0.46  0.01  0.53    92     0  1.00    2    -     -   FEW_RADII
     450    SW  300    292   282   282   0.33  0.32   0.46  0.01  0.53    92     0  1.00    2    -     -   FEW_RADII
     460    SW  300    289   283   283   0.38  0.38   0.53  0.00  0.47   112     0  1.00    2    -     -   FEW_RADII
     470    SW  300    287   283   283   0.38  0.38   0.54  0.00  0.46   111     0  1.00    2    -     -   FEW_RADII
     480    SW  300    286   284   284   0.37  0.36   0.52  0.01  0.47   105     0  1.00    2    -     -   FEW_RADII
     490    SW  300    286   284   284   0.30  0.29   0.46  0.00  0.54    86     0  1.00    2    -     -   FEW_RADII
     500    SW  300    285   284   284   0.27  0.27   0.44  0.00  0.56    79     0  1.00    2    -     -   FEW_RADII
     510    SW  300    285   284   283   0.29  0.28   0.44  0.00  0.56    82     0  1.00    2    -     -   FEW_RADII
     520    SW  300    285   284   283   0.22  0.22   0.34  0.00  0.66    59     0  1.00    2    -     -   FEW_RADII
     530    SW  300    285   284   283   0.24  0.22   0.37  0.01  0.62    63     0  1.00    2    -     -   FEW_RADII
     540    SW  300    285   284   283   0.25  0.24   0.40  0.00  0.60    68     0  1.00    2    -     -   FEW_RADII
     550    SW  300    284   283   283   0.26  0.25   0.40  0.00  0.59    72     0  1.00    2    -     -   FEW_RADII
     560    SW  299    283   283   283   0.27  0.27   0.41  0.00  0.59    76     0  1.00    2    -     -   FEW_RADII
     570    SW  300    284   284   284   0.21  0.19   0.32  0.01  0.67    55     0  1.00    2    -     -   FEW_RADII
     580    SW  300    284   284   284   0.28  0.26   0.39  0.01  0.60    76     0  1.00    2    -     -   FEW_RADII
     590    SW  300    284   284   284   0.39  0.38   0.55  0.01  0.44   113     0  1.00    2    -     -   FEW_RADII
     600    SW  300    284   284   284   0.37  0.37   0.53  0.00  0.47   107     0  1.00    2    -     -   FEW_RADII
     610    SW  300    284   284   284   0.44  0.40   0.55  0.02  0.43   119     0  1.00    2    -     -   FEW_RADII
     620    SW  300    284   284   284   0.38  0.36   0.49  0.01  0.50    99     0  1.00    2    -     -   FEW_RADII
     630    SW  300    284   284   284   0.40  0.39   0.55  0.00  0.45   115     0  1.00    2    -     -   FEW_RADII
     640    SW  300    284   284   284   0.43  0.42   0.59  0.00  0.41   125     0  1.00    2    -     -   FEW_RADII
     650    SW  300    284   284   284   0.42  0.38   0.53  0.02  0.45   112     0  1.00    2    -     -   FEW_RADII
     660    SW  300    284   284   284   0.37  0.37   0.53  0.00  0.47   109     0  1.00    2    -     -   FEW_RADII
     670    SW  300    284   284   284   0.44  0.44   0.61  0.00  0.39   133     0  1.00    2    -     -   FEW_RADII
     680    SW  300    284   284   284   0.45  0.44   0.60  0.00  0.40   130     0  1.00    2    -     -   FEW_RADII
     690    SW  300    284   284   284   0.54  0.52   0.66  0.01  0.33   156     0  1.00    2    -     -   FEW_RADII
     700    SW  300    284   284   284   0.57  0.57   0.71  0.00  0.29   169     0  1.00    2    -     -   FEW_RADII
     710    SW  300    284   284   284   0.60  0.60   0.74  0.00  0.26   177     0  1.00    2    -     -   FEW_RADII
     720    SW  300    284   284   284   0.54  0.54   0.69  0.00  0.31   163     0  1.00    2    -     -   FEW_RADII
     730    SW  300    284   284   284   0.56  0.55   0.69  0.00  0.31   165     0  1.00    2    -     -   FEW_RADII
     740    SW  300    284   284   284   0.54  0.54   0.69  0.00  0.31   162     0  1.00    2    -     -   FEW_RADII
     750    SW  300    284   284   284   0.61  0.59   0.72  0.01  0.28   175     0  1.00    2    -     -   FEW_RADII
     760    SW  300    284   284   284   0.59  0.59   0.73  0.00  0.27   177     0  1.00    2    -     -   FEW_RADII
     770    SW  300    284   284   284   0.65  0.65   0.78  0.00  0.22   195     0  1.00    2    -     -   FEW_RADII
     780    SW  300    284   284   284   0.61  0.58   0.72  0.01  0.27   175     0  1.00    2    -     -   FEW_RADII
     790    SW  300    284   284   284   0.55  0.55   0.70  0.00  0.30   165     0  1.00    2    -     -   FEW_RADII
     800    SW  300    284   284   284   0.63  0.63   0.75  0.00  0.25   188     0  1.00    2    -     -   FEW_RADII
     810    SW  300    284   284   284   0.62  0.62   0.75  0.00  0.25   185     0  1.00    2    -     -   FEW_RADII
     820    SW  300    284   284   284   0.59  0.59   0.72  0.00  0.28   175     0  1.00    2    -     -   FEW_RADII
     830    SW  300    284   284   284   0.57  0.57   0.72  0.00  0.28   169     0  1.00    2    -     -   FEW_RADII
     840    SW  300    284   284   284   0.63  0.63   0.75  0.00  0.25   188     0  1.00    2    -     -   FEW_RADII
     850    SW  300    284   284   284   0.61  0.61   0.73  0.00  0.26   181     0  1.00    2    -     -   FEW_RADII
     860    SW  300    284   284   284   0.66  0.66   0.78  0.00  0.22   197     0  1.00    2    -     -   FEW_RADII
     870    SW  300    284   284   284   0.59  0.59   0.72  0.00  0.28   176     0  1.00    2    -     -   FEW_RADII
     880    SW  300    284   284   284   0.61  0.61   0.74  0.00  0.26   181     0  1.00    2    -     -   FEW_RADII
     890    SW  300    284   284   284   0.56  0.55   0.69  0.00  0.30   164     0  1.00    2    -     -   FEW_RADII
     900    SW  300    284   284   284   0.61  0.61   0.74  0.00  0.26   182     0  1.00    2    -     -   FEW_RADII
    exit reasons: (no windows)
    SW breakdown: {'NO_SCALING_PTS': 1, 'FEW_RADII': 89}
    edge lifetimes (theta=1e-12): n_dead=106 median=241 mean=259.8 p90=394 max=459 censored_alive=583
    coupling with BSW indicator (point-biserial):
      occ_scc3: r =    - 
      fe_cyc  : r =    - 
      occ_scc : r =    - 
      fe_dyad : r =    - 
      b1_H12  : r =    - 
      b1_H6   : r =    - 
      b1_S6   : r =    - 
[symmetric] status=ok snaps=90 BSW_occ=0 windows=0 dead=937 audit=OK
    ep    ph    V  b1_H12 b1_H6 b1_S6  occSCC occSCC3 feCYC feDYAD feOPEN maxSCC refl  gcf  npts slope   r2    fail
      10    SW    5      3     3     1   0.60  0.60   0.60  0.00  0.40     3     0  1.00    0    -     -   NO_SCALING_PTS
      20    SW   30     28    28    17   0.47  0.47   0.62  0.00  0.38    14     0  1.00    1    -     -   FEW_RADII
      30    SW   37     35    35    26   0.12  0.12   0.14  0.00  0.86     3     0  1.00    1    -     -   FEW_RADII
      40    SW   43     41    41    28   0.13  0.13   0.24  0.00  0.76     4     0  1.00    1    -     -   FEW_RADII
      50    SW   60     58    58    43   0.15  0.15   0.31  0.00  0.69     7     0  1.00    1    -     -   FEW_RADII
      60    SW   73     71    71    56   0.14  0.14   0.27  0.00  0.73     8     0  1.00    2    -     -   FEW_RADII
      70    SW   78     76    76    57   0.08  0.08   0.16  0.00  0.84     4     0  1.00    2    -     -   FEW_RADII
      80    SW   84     82    82    66   0.14  0.14   0.33  0.00  0.68     8     0  1.00    1    -     -   FEW_RADII
      90    SW   96     94    94    71   0.10  0.10   0.23  0.00  0.77     7     0  1.00    1    -     -   FEW_RADII
     100    SW  103    101   101    76   0.05  0.05   0.12  0.00  0.88     4     0  1.00    1    -     -   FEW_RADII
     110    SW  107    105   105    81   0.04  0.04   0.07  0.00  0.93     3     0  1.00    1    -     -   FEW_RADII
     120    SW  115    113   113    89   0.33  0.33   0.35  0.00  0.65     4     0  1.00    1    -     -   FEW_RADII
     130    SW  125    123   123    93   0.07  0.07   0.17  0.00  0.83     6     0  1.00    2    -     -   FEW_RADII
     140    SW  136    134   134   104   0.11  0.11   0.29  0.00  0.71    11     0  1.00    2    -     -   FEW_RADII
     150    SW  168    166   166   124   0.11  0.11   0.26  0.00  0.74    14     0  1.00    2    -     -   FEW_RADII
     160    SW  201    199   199   139   0.09  0.09   0.21  0.00  0.79    12     0  1.00    2    -     -   FEW_RADII
     170    SW  212    210   210   147   0.08  0.08   0.15  0.00  0.85    13     0  1.00    3    -     -   FEW_RADII
     180    SW  225    223   223   160   0.04  0.04   0.08  0.00  0.92     6     0  1.00    3    -     -   FEW_RADII
     190    SW  219    216   216   157   0.02  0.00   0.00  0.02  0.98     2     0  1.00    2    -     -   FEW_RADII
     200    SW  219    217   217   150   0.25  0.00   0.00  0.22  0.78     2     0  1.00    2    -     -   FEW_RADII
     210    SW  216    214   214   149   0.05  0.05   0.11  0.00  0.89     6     0  1.00    2    -     -   FEW_RADII
     220    SW  217    215   213   152   0.08  0.08   0.20  0.00  0.80    10     0  1.00    1    -     -   FEW_RADII
     230    SW  223    221   221   160   0.05  0.05   0.13  0.00  0.87     7     0  1.00    2    -     -   FEW_RADII
     240    SW  233    231   231   168   0.08  0.08   0.22  0.00  0.78    11     0  1.00    2    -     -   FEW_RADII
     250    SW  251    248   248   188   0.05  0.05   0.10  0.00  0.90     7     0  1.00    2    -     -   FEW_RADII
     260    SW  262    260   260   191   0.05  0.05   0.12  0.00  0.88     8     0  1.00    2    -     -   FEW_RADII
     270    SW  270    268   268   193   0.05  0.05   0.14  0.00  0.86     7     0  1.00    2    -     -   FEW_RADII
     280    SW  276    274   274   190   0.07  0.07   0.18  0.00  0.82    10     0  1.00    2    -     -   FEW_RADII
     290    SW  284    282   282   189   0.06  0.06   0.15  0.00  0.85     9     0  1.00    2    -     -   FEW_RADII
     300    SW  283    281   281   181   0.03  0.00   0.00  0.03  0.97     2     0  1.00    3    -     -   FEW_RADII
     310    SW  280    278   278   159   0.07  0.07   0.19  0.00  0.81    11     0  1.00    3    -     -   FEW_RADII
     320    SW  278    276   275   158   0.06  0.06   0.15  0.00  0.85     9     0  1.00    3    -     -   FEW_RADII
     330    SW  266    263   259   159   0.04  0.04   0.10  0.00  0.90     5     0  1.00    3    -     -   FEW_RADII
     340    SW  249    246   236   161   0.03  0.03   0.07  0.00  0.93     4     0  1.00    2    -     -   FEW_RADII
     350    SW  223    221   221   158   0.03  0.03   0.05  0.00  0.95     3     0  1.00    2    -     -   FEW_RADII
     360    SW  230    228   228   160   0.08  0.08   0.18  0.00  0.82     9     0  1.00    2    -     -   FEW_RADII
     370    SW  239    237   237   157   0.17  0.00   0.00  0.15  0.85     2     0  1.00    3    -     -   FEW_RADII
     380    SW  232    230   230   148   0.02  0.00   0.00  0.02  0.98     2     0  1.00    3    -     -   FEW_RADII
     390    SW  219    217   217   138   0.03  0.03   0.05  0.00  0.95     4     0  1.00    3    -     -   FEW_RADII
     400    SW  211    209   209   128   0.03  0.03   0.05  0.00  0.95     3     0  1.00    3    -     -   FEW_RADII
     410    SW  222    220   220   138   0.18  0.18   0.22  0.00  0.78     4     0  1.00    3    -     -   FEW_RADII
     420    SW  217    215   212   133   0.08  0.08   0.18  0.00  0.82     9     0  1.00    2    -     -   FEW_RADII
     430    SW  214    212   212   138   0.04  0.04   0.09  0.00  0.91     5     0  1.00    3    -     -   FEW_RADII
     440    SW  219    217   217   141   0.06  0.06   0.11  0.00  0.89     7     0  1.00    3    -     -   FEW_RADII
     450    SW  221    219   219   138   0.06  0.06   0.17  0.00  0.83     8     0  1.00    3    -     -   FEW_RADII
     460    SW  226    224   222   135   0.06  0.06   0.16  0.00  0.84     8     0  1.00    3    -     -   FEW_RADII
     470    SW  221    219   217   139   0.05  0.05   0.12  0.00  0.88     7     0  1.00    3    -     -   FEW_RADII
     480    SW  216    214   212   137   0.01  0.00   0.00  0.01  0.99     2     0  1.00    3    -     -   FEW_RADII
     490    SW  196    194   194   138   0.02  0.00   0.00  0.02  0.98     2     0  1.00    2    -     -   FEW_RADII
     500    SW  195    193   193   134   0.02  0.00   0.00  0.02  0.98     2     0  1.00    1    -     -   FEW_RADII
     510    SW  188    186   186   123   0.02  0.00   0.00  0.02  0.98     2     0  1.00    1    -     -   FEW_RADII
     520    SW  187    185   185   122   0.04  0.04   0.10  0.00  0.90     5     0  1.00    1    -     -   FEW_RADII
     530    SW  178    176   176   124   0.02  0.00   0.00  0.02  0.98     2     0  1.00    1    -     -   FEW_RADII
     540    SW  170    168   168   123   0.04  0.04   0.05  0.00  0.95     4     0  1.00    2    -     -   FEW_RADII
     550    SW  165    163   163   118   0.04  0.04   0.11  0.00  0.89     5     0  1.00    2    -     -   FEW_RADII
     560    SW  168    166   166   113   0.06  0.06   0.16  0.00  0.84     7     0  1.00    2    -     -   FEW_RADII
     570    SW  158    156   156   110   0.33  0.33   0.47  0.00  0.53     6     0  1.00    2    -     -   FEW_RADII
     580    SW  149    146   146    99   0.06  0.06   0.13  0.00  0.87     6     0  1.00    2    -     -   FEW_RADII
     590    SW  145    142   142    89   0.10  0.10   0.25  0.00  0.75    11     0  1.00    2    -     -   FEW_RADII
     600    SW  155    153   153    94   0.04  0.04   0.06  0.00  0.94     4     0  1.00    2    -     -   FEW_RADII
     610    SW  146    144   144    90   0.03  0.03   0.04  0.00  0.96     3     0  1.00    2    -     -   FEW_RADII
     620    SW  138    136   136    84   0.07  0.07   0.17  0.00  0.83     7     0  1.00    2    -     -   FEW_RADII
     630    SW  157    155   155   102   0.11  0.11   0.24  0.00  0.76    14     0  1.00    2    -     -   FEW_RADII
     640    SW  174    171   171   125   0.04  0.04   0.08  0.00  0.92     5     0  1.00    2    -     -   FEW_RADII
     650    SW  174    172   172   127   0.02  0.00   0.00  0.02  0.98     2     0  1.00    3    -     -   FEW_RADII
     660    SW  176    174   174   128   0.05  0.05   0.12  0.00  0.88     5     0  1.00    2    -     -   FEW_RADII
     670    SW  185    183   183   130   0.03  0.03   0.05  0.00  0.95     4     0  1.00    2    -     -   FEW_RADII
     680    SW  182    180   180   129   0.03  0.03   0.07  0.00  0.93     4     0  1.00    2    -     -   FEW_RADII
     690    SW  178    176   176   128   0.03  0.03   0.05  0.00  0.95     3     0  1.00    2    -     -   FEW_RADII
     700    SW  180    178   178   124   0.03  0.03   0.05  0.00  0.95     3     0  1.00    2    -     -   FEW_RADII
     710    SW  183    181   181   129   0.25  0.00   0.00  0.22  0.78     2     0  1.00    1    -     -   FEW_RADII
     720    SW  183    181   181   129   0.03  0.03   0.07  0.00  0.93     4     0  1.00    1    -     -   FEW_RADII
     730    SW  201    199   199   133   0.10  0.10   0.26  0.00  0.74    13     0  1.00    2    -     -   FEW_RADII
     740    SW  232    230   230   147   0.05  0.04   0.09  0.01  0.90     6     0  1.00    2    -     -   FEW_RADII
     750    SW  225    223   223   156   0.02  0.02   0.03  0.00  0.97     3     0  1.00    2    -     -   FEW_RADII
     760    SW  220    216   216   149   0.04  0.04   0.11  0.00  0.89     6     0  1.00    2    -     -   FEW_RADII
     770    SW  231    229   229   149   0.08  0.08   0.21  0.00  0.79    12     0  1.00    3    -     -   FEW_RADII
     780    SW  233    231   231   134   0.03  0.03   0.06  0.00  0.94     5     0  1.00    3    -     -   FEW_RADII
     790    SW  231    229   229   133   0.04  0.04   0.09  0.00  0.91     6     0  1.00    3    -     -   FEW_RADII
     800    SW  212    210   208   139   0.03  0.03   0.06  0.00  0.94     5     0  1.00    2    -     -   FEW_RADII
     810    SW  187    185   185   137   0.13  0.00   0.00  0.12  0.88     2     0  1.00    2    -     -   FEW_RADII
     820    SW  184    182   182   135   0.02  0.00   0.00  0.02  0.98     2     0  1.00    2    -     -   FEW_RADII
     830    SW  181    179   179   134   0.02  0.00   0.00  0.02  0.98     2     0  1.00    2    -     -   FEW_RADII
     840    SW  184    181   181   136   0.04  0.04   0.09  0.00  0.91     5     0  1.00    2    -     -   FEW_RADII
     850    SW  184    182   182   136   0.03  0.03   0.05  0.00  0.95     4     0  1.00    2    -     -   FEW_RADII
     860    SW  181    179   179   131   0.02  0.00   0.00  0.02  0.98     2     0  1.00    1    -     -   FEW_RADII
     870    SW  179    177   177   119   0.02  0.00   0.00  0.02  0.98     2     0  1.00    2    -     -   FEW_RADII
     880    SW  169    167   167   113   0.50  0.00   0.00  0.40  0.60     2     0  1.00    2    -     -   FEW_RADII
     890    SW  158    156   156   105   0.02  0.00   0.00  0.02  0.98     2     0  1.00    2    -     -   FEW_RADII
     900    SW  138    135   135    98   0.03  0.03   0.06  0.00  0.94     3     0  1.00    2    -     -   FEW_RADII
    exit reasons: (no windows)
    SW breakdown: {'NO_SCALING_PTS': 1, 'FEW_RADII': 89}
    edge lifetimes (theta=1e-12): n_dead=1875 median=163 mean=161.8 p90=183 max=215 censored_alive=272
    coupling with BSW indicator (point-biserial):
      occ_scc3: r =    - 
      fe_cyc  : r =    - 
      occ_scc : r =    - 
      fe_dyad : r =    - 
      b1_H12  : r =    - 
      b1_H6   : r =    - 
      b1_S6   : r =    - 
    --- asymmetric prediction pre-test (directed minus symmetric, point-biserial r with BSW) ---
      occ_scc3: r_dir=   -   r_sym=   -   diff=   - 
      fe_cyc  : r_dir=   -   r_sym=   -   diff=   - 
      b1_H12  : r_dir=   -   r_sym=   -   diff=   - 
====================================================================================================
SEED 21  rule=T1 g=0.075 N=300 epochs=900 (paired directed / symmetric, identical seed)
====================================================================================================
[directed ] status=ok snaps=90 BSW_occ=3 windows=1 dead=55 audit=OK
    ep    ph    V  b1_H12 b1_H6 b1_S6  occSCC occSCC3 feCYC feDYAD feOPEN maxSCC refl  gcf  npts slope   r2    fail
      10    SW    6      4     4     2   0.67  0.67   0.67  0.00  0.33     4    12  1.00    0    -     -   NO_SCALING_PTS
      20    SW   24     22    22    19   0.25  0.25   0.30  0.00  0.70     6     0  1.00    1    -     -   FEW_RADII
      30    SW   59     57    57    35   0.20  0.20   0.29  0.00  0.71    11     0  1.00    1    -     -   FEW_RADII
      40    SW  102    100   100    64   0.11  0.11   0.18  0.00  0.82     9     0  1.00    1    -     -   FEW_RADII
      50    SW  168    166   166   113   0.08  0.08   0.13  0.00  0.87    13     0  1.00    1    -     -   FEW_RADII
      60    SW  195    193   193   135   0.00  0.00   0.00  0.00  1.00     1     0  1.00    1    -     -   FEW_RADII
      70    SW  201    199   199   142   0.03  0.03   0.04  0.00  0.96     4     0  1.00    1    -     -   FEW_RADII
      80    SW  223    221   221   163   0.04  0.04   0.05  0.00  0.95     4     0  1.00    1    -     -   FEW_RADII
      90    SW  249    247   247   196   0.06  0.06   0.08  0.00  0.92     7     0  1.00    1    -     -   FEW_RADII
     100    SW  273    271   271   213   0.02  0.02   0.03  0.00  0.97     5     0  1.00    1    -     -   FEW_RADII
     110    SW  285    283   283   226   0.02  0.00   0.00  0.02  0.98     2     0  1.00    2    -     -   FEW_RADII
     120    SW  293    291   291   233   0.02  0.02   0.03  0.00  0.97     3     0  1.00    2    -     -   FEW_RADII
     130    SW  300    298   298   247   0.04  0.04   0.07  0.00  0.93    10     0  1.00    2    -     -   FEW_RADII
     140    SW  300    298   298   260   0.07  0.07   0.14  0.00  0.86    19     0  1.00    3    -     -   FEW_RADII
     150    SW  300    298   298   267   0.07  0.07   0.14  0.00  0.86    21     0  1.00    3    -     -   FEW_RADII
     160    SW  300    298   298   269   0.08  0.07   0.14  0.01  0.85    20     0  1.00    3    -     -   FEW_RADII
     170    SW  300    298   298   269   0.09  0.09   0.18  0.00  0.82    25     0  1.00    3    -     -   FEW_RADII
     180    SW  300    298   298   267   0.10  0.10   0.18  0.00  0.82    27     0  1.00    3    -     -   FEW_RADII
     190  METR  300    298   298   262   0.11  0.10   0.19  0.00  0.80    29     0  1.00    4  1.53  0.95  -
     200  METR  300    298   298   261   0.16  0.16   0.29  0.00  0.71    46     0  1.00    4  1.54  0.96  -
     210  METR  300    298   295   254   0.11  0.11   0.20  0.00  0.80    31     0  1.00    4  1.58  0.97  -
     220    SW  300    298   288   246   0.10  0.10   0.19  0.00  0.81    26     0  1.00    3    -     -   FEW_RADII
     230    SW  300    298   271   248   0.24  0.23   0.36  0.01  0.63    68     0  1.00    3    -     -   FEW_RADII
     240    SW  300    298   262   247   0.15  0.15   0.28  0.00  0.72    43     0  1.00    3    -     -   FEW_RADII
     250    SW  300    298   253   248   0.19  0.18   0.32  0.00  0.67    54     0  1.00    3    -     -   FEW_RADII
     260    SW  300    298   244   251   0.22  0.21   0.35  0.00  0.64    61     0  1.00    3    -     -   FEW_RADII
     270    SW  299    296   240   250   0.31  0.30   0.45  0.00  0.55    87     0  1.00    3    -     -   FEW_RADII
     280    SW  297    295   242   253   0.21  0.21   0.34  0.00  0.66    61     0  1.00    3    -     -   FEW_RADII
     290    SW  299    296   251   259   0.23  0.23   0.38  0.00  0.62    68     0  1.00    2    -     -   FEW_RADII
     300    SW  300    297   260   265   0.27  0.27   0.42  0.00  0.58    79     0  1.00    2    -     -   FEW_RADII
     310    SW  299    296   262   264   0.33  0.32   0.48  0.00  0.52    96     0  1.00    2    -     -   FEW_RADII
     320    SW  300    297   269   268   0.31  0.30   0.44  0.01  0.56    86     0  1.00    2    -     -   FEW_RADII
     330    SW  299    297   271   270   0.20  0.19   0.30  0.00  0.69    51     0  1.00    2    -     -   FEW_RADII
     340    SW  300    298   273   273   0.24  0.24   0.38  0.00  0.62    71     0  1.00    2    -     -   FEW_RADII
     350    SW  300    298   273   274   0.28  0.28   0.43  0.00  0.57    81     0  1.00    2    -     -   FEW_RADII
     360    SW  300    298   274   274   0.27  0.27   0.41  0.00  0.59    79     0  1.00    2    -     -   FEW_RADII
     370    SW  300    298   276   277   0.32  0.30   0.44  0.01  0.55    90     0  1.00    2    -     -   FEW_RADII
     380    SW  300    298   276   276   0.20  0.20   0.33  0.00  0.67    59     0  1.00    2    -     -   FEW_RADII
     390    SW  300    297   276   276   0.28  0.27   0.42  0.00  0.58    79     0  1.00    2    -     -   FEW_RADII
     400    SW  300    295   276   276   0.24  0.22   0.35  0.01  0.64    65     0  1.00    2    -     -   FEW_RADII
     410    SW  300    291   276   276   0.16  0.16   0.28  0.00  0.72    46     0  1.00    2    -     -   FEW_RADII
     420    SW  300    289   276   276   0.12  0.12   0.21  0.00  0.79    32     0  1.00    2    -     -   FEW_RADII
     430    SW  300    285   276   276   0.08  0.08   0.16  0.00  0.84    22     0  1.00    2    -     -   FEW_RADII
     440    SW  300    284   276   276   0.08  0.08   0.16  0.00  0.84    21     0  1.00    2    -     -   FEW_RADII
     450    SW  300    282   276   276   0.17  0.17   0.28  0.00  0.72    48     0  1.00    2    -     -   FEW_RADII
     460    SW  300    278   276   276   0.10  0.10   0.18  0.00  0.82    27     0  1.00    2    -     -   FEW_RADII
     470    SW  300    277   276   275   0.12  0.11   0.20  0.01  0.80    30     0  1.00    2    -     -   FEW_RADII
     480    SW  300    277   276   275   0.11  0.10   0.19  0.01  0.80    26     0  1.00    2    -     -   FEW_RADII
     490    SW  300    277   276   276   0.18  0.18   0.32  0.00  0.67    46     0  1.00    2    -     -   FEW_RADII
     500    SW  300    277   276   276   0.08  0.07   0.13  0.01  0.86    18     0  1.00    2    -     -   FEW_RADII
     510    SW  300    277   276   276   0.08  0.08   0.14  0.00  0.86    20     0  1.00    2    -     -   FEW_RADII
     520    SW  300    276   276   276   0.13  0.13   0.26  0.00  0.74    38     0  1.00    2    -     -   FEW_RADII
     530    SW  300    276   276   276   0.14  0.13   0.24  0.01  0.75    36     0  1.00    2    -     -   FEW_RADII
     540    SW  300    276   276   276   0.14  0.14   0.23  0.00  0.76    38     0  1.00    2    -     -   FEW_RADII
     550    SW  300    276   276   275   0.16  0.15   0.28  0.00  0.72    44     0  1.00    2    -     -   FEW_RADII
     560    SW  300    276   275   275   0.22  0.20   0.30  0.01  0.69    54     0  1.00    2    -     -   FEW_RADII
     570    SW  300    276   275   273   0.20  0.19   0.30  0.01  0.69    54     0  1.00    2    -     -   FEW_RADII
     580    SW  300    276   275   273   0.14  0.14   0.27  0.00  0.73    41     0  1.00    2    -     -   FEW_RADII
     590    SW  300    276   274   273   0.26  0.24   0.36  0.01  0.63    70     0  1.00    2    -     -   FEW_RADII
     600    SW  300    276   272   271   0.31  0.29   0.43  0.01  0.56    86     0  1.00    2    -     -   FEW_RADII
     610    SW  300    276   272   271   0.23  0.23   0.38  0.00  0.62    67     0  1.00    2    -     -   FEW_RADII
     620    SW  300    276   272   268   0.29  0.27   0.43  0.01  0.57    81     0  1.00    2    -     -   FEW_RADII
     630    SW  300    276   268   267   0.31  0.30   0.45  0.00  0.54    90     0  1.00    2    -     -   FEW_RADII
     640    SW  300    276   268   267   0.32  0.32   0.47  0.00  0.53    93     0  1.00    2    -     -   FEW_RADII
     650    SW  300    276   264   265   0.35  0.35   0.51  0.00  0.49   104     0  1.00    2    -     -   FEW_RADII
     660    SW  300    276   264   265   0.44  0.43   0.59  0.01  0.41   128     0  1.00    2    -     -   FEW_RADII
     670    SW  300    276   263   265   0.40  0.38   0.53  0.01  0.46   113     0  1.00    2    -     -   FEW_RADII
     680    SW  300    276   263   265   0.46  0.45   0.61  0.00  0.39   135     0  1.00    2    -     -   FEW_RADII
     690    SW  299    275   263   265   0.51  0.51   0.66  0.00  0.34   152     0  1.00    2    -     -   FEW_RADII
     700    SW  300    276   264   266   0.49  0.48   0.64  0.00  0.36   143     0  1.00    2    -     -   FEW_RADII
     710    SW  300    276   266   268   0.58  0.57   0.69  0.01  0.30   164     0  1.00    2    -     -   FEW_RADII
     720    SW  300    276   267   268   0.50  0.48   0.63  0.01  0.36   145     0  1.00    2    -     -   FEW_RADII
     730    SW  300    275   268   269   0.48  0.48   0.63  0.00  0.37   142     0  1.00    2    -     -   FEW_RADII
     740    SW  300    275   269   270   0.54  0.53   0.67  0.00  0.33   158     0  1.00    2    -     -   FEW_RADII
     750    SW  300    275   269   269   0.38  0.38   0.53  0.00  0.47   111     0  1.00    2    -     -   FEW_RADII
     760    SW  300    275   269   269   0.38  0.35   0.48  0.01  0.51    93     0  1.00    2    -     -   FEW_RADII
     770    SW  300    274   269   269   0.41  0.41   0.56  0.00  0.44   116     0  1.00    2    -     -   FEW_RADII
     780    SW  300    274   269   269   0.35  0.33   0.48  0.01  0.52    92     0  1.00    2    -     -   FEW_RADII
     790    SW  300    273   269   269   0.32  0.30   0.47  0.01  0.52    87     0  1.00    2    -     -   FEW_RADII
     800    SW  300    272   269   269   0.34  0.34   0.49  0.00  0.51   100     0  1.00    2    -     -   FEW_RADII
     810    SW  300    271   269   269   0.40  0.38   0.52  0.01  0.47   112     0  1.00    2    -     -   FEW_RADII
     820    SW  300    271   269   269   0.35  0.35   0.51  0.00  0.49   103     0  1.00    2    -     -   FEW_RADII
     830    SW  300    270   269   269   0.43  0.42   0.57  0.01  0.43   119     0  1.00    2    -     -   FEW_RADII
     840    SW  300    270   269   269   0.40  0.40   0.56  0.00  0.44   119     0  1.00    2    -     -   FEW_RADII
     850    SW  300    269   269   269   0.41  0.40   0.57  0.00  0.43   118     0  1.00    2    -     -   FEW_RADII
     860    SW  300    269   269   269   0.40  0.38   0.53  0.01  0.46   113     0  1.00    2    -     -   FEW_RADII
     870    SW  300    269   269   269   0.41  0.40   0.56  0.00  0.43   114     0  1.00    2    -     -   FEW_RADII
     880    SW  300    269   269   269   0.43  0.43   0.57  0.00  0.43   119     0  1.00    2    -     -   FEW_RADII
     890    SW  300    269   269   269   0.39  0.38   0.55  0.00  0.45   112     0  1.00    2    -     -   FEW_RADII
     900    SW  300    269   269   269   0.35  0.34   0.48  0.01  0.51    96     0  1.00    2    -     -   FEW_RADII
    window ep190-210 len=3 exit=SW
    exit reasons: {'SW': 1}
    SW breakdown: {'NO_SCALING_PTS': 1, 'FEW_RADII': 86}
    edge lifetimes (theta=1e-12): n_dead=139 median=240 mean=317.8 p90=619 max=795 censored_alive=568
    coupling with BSW indicator (point-biserial):
      occ_scc3: r = -0.14
      fe_cyc  : r = -0.13
      occ_scc : r = -0.15
      fe_dyad : r = -0.08
      b1_H12  : r =  0.10
      b1_H6   : r =  0.14
      b1_S6   : r =  0.03
[symmetric] status=ok snaps=90 BSW_occ=22 windows=3 dead=851 audit=OK
    ep    ph    V  b1_H12 b1_H6 b1_S6  occSCC occSCC3 feCYC feDYAD feOPEN maxSCC refl  gcf  npts slope   r2    fail
      10    SW    4      2     2     1   0.75  0.75   0.75  0.00  0.25     3     0  1.00    0    -     -   NO_SCALING_PTS
      20    SW   10      8     8     4   0.40  0.40   0.45  0.00  0.55     4     0  1.00    0    -     -   NO_SCALING_PTS
      30    SW   21     19    19    14   0.30  0.30   0.41  0.00  0.59     6     0  1.00    0    -     -   NO_SCALING_PTS
      40    SW   26     24    24    15   0.33  0.33   0.58  0.00  0.42     6     0  1.00    1    -     -   FEW_RADII
      50    SW   49     47    47    33   0.46  0.46   0.69  0.00  0.31    19     0  1.00    1    -     -   FEW_RADII
      60    SW   69     67    67    47   0.16  0.16   0.31  0.00  0.69     8     0  1.00    1    -     -   FEW_RADII
      70    SW   92     90    90    69   0.19  0.19   0.37  0.00  0.63    12     0  1.00    1    -     -   FEW_RADII
      80    SW  118    116   116    89   0.14  0.14   0.30  0.00  0.70    11     0  1.00    1    -     -   FEW_RADII
      90    SW  148    146   146   114   0.10  0.08   0.14  0.02  0.84     7     0  1.00    2    -     -   FEW_RADII
     100    SW  170    168   168   129   0.12  0.12   0.27  0.00  0.73    13     0  1.00    1    -     -   FEW_RADII
     110    SW  178    176   176   137   0.11  0.11   0.14  0.00  0.86     4     0  1.00    2    -     -   FEW_RADII
     120    SW  185    183   183   141   0.04  0.04   0.09  0.00  0.91     4     0  1.00    2    -     -   FEW_RADII
     130    SW  207    205   205   160   0.06  0.06   0.15  0.00  0.85     8     0  1.00    2    -     -   FEW_RADII
     140    SW  224    222   222   176   0.08  0.08   0.15  0.00  0.85    10     0  1.00    2    -     -   FEW_RADII
     150    SW  247    245   245   190   0.07  0.07   0.17  0.00  0.83    10     0  1.00    2    -     -   FEW_RADII
     160    SW  268    266   266   201   0.06  0.06   0.13  0.00  0.87     9     0  1.00    2    -     -   FEW_RADII
     170    SW  278    276   276   207   0.01  0.00   0.00  0.01  0.99     2     0  1.00    2    -     -   FEW_RADII
     180    SW  281    279   279   208   0.03  0.03   0.06  0.00  0.94     4     0  1.00    2    -     -   FEW_RADII
     190    SW  274    272   272   201   0.03  0.03   0.07  0.00  0.93     5     0  1.00    2    -     -   FEW_RADII
     200    SW  277    275   275   195   0.06  0.06   0.17  0.00  0.83    10     0  1.00    2    -     -   FEW_RADII
     210    SW  284    282   282   194   0.04  0.04   0.10  0.00  0.90     7     0  1.00    2    -     -   FEW_RADII
     220    SW  283    280   280   190   0.04  0.04   0.07  0.00  0.93     6     0  1.00    3    -     -   FEW_RADII
     230    SW  264    261   260   167   0.03  0.03   0.06  0.00  0.94     4     0  1.00    2    -     -   FEW_RADII
     240    SW  259    256   256   163   0.25  0.25   0.36  0.00  0.64     5     0  1.00    2    -     -   FEW_RADII
     250    SW  249    247   245   158   0.06  0.06   0.09  0.00  0.91     7     0  1.00    2    -     -   FEW_RADII
     260    SW  227    225   224   159   0.06  0.06   0.15  0.00  0.85     6     0  1.00    2    -     -   FEW_RADII
     270    SW  238    236   231   164   0.06  0.06   0.11  0.00  0.89     7     0  1.00    3    -     -   FEW_RADII
     280    SW  231    229   229   152   0.06  0.06   0.15  0.00  0.85     6     0  1.00    2    -     -   FEW_RADII
     290    SW  230    228   228   142   0.02  0.00   0.00  0.02  0.98     2     0  1.00    2    -     -   FEW_RADII
     300    SW  215    213   210   131   0.05  0.05   0.13  0.00  0.87     6     0  1.00    2    -     -   FEW_RADII
     310    SW  213    210   210   131   0.08  0.08   0.19  0.00  0.81     9     0  1.00    2    -     -   FEW_RADII
     320    SW  218    216   216   139   0.06  0.06   0.17  0.00  0.83     7     0  1.00    2    -     -   FEW_RADII
     330    SW  224    222   220   161   0.13  0.13   0.32  0.00  0.68    18     0  1.00    2    -     -   FEW_RADII
     340    SW  256    254   254   183   0.09  0.09   0.24  0.00  0.76    15     0  1.00    2    -     -   FEW_RADII
     350    SW  279    277   277   180   0.01  0.00   0.00  0.01  0.99     2     0  1.00    3    -     -   FEW_RADII
     360    SW  275    273   273   171   0.40  0.00   0.00  0.33  0.67     2     0  1.00    3    -     -   FEW_RADII
     370    SW  277    275   273   167   0.04  0.04   0.11  0.00  0.89     7     0  1.00    3    -     -   FEW_RADII
     380    SW  277    274   268   184   0.10  0.10   0.25  0.00  0.75    16     0  1.00    3    -     -   FEW_RADII
     390    SW  300    298   298   213   0.09  0.09   0.22  0.00  0.78    19     0  1.00    2    -     -   FEW_RADII
     400    SW  299    297   297   210   0.12  0.12   0.29  0.00  0.71    20     0  1.00    2    -     -   FEW_RADII
     410    SW  296    294   293   219   0.09  0.09   0.22  0.00  0.78    16     0  1.00    2    -     -   FEW_RADII
     420    SW  300    298   298   220   0.08  0.08   0.22  0.00  0.78    14     0  1.00    2    -     -   FEW_RADII
     430    SW  296    294   294   225   0.16  0.16   0.39  0.00  0.61    26     0  1.00    2    -     -   FEW_RADII
     440    SW  300    298   298   231   0.16  0.16   0.36  0.00  0.64    28     0  1.00    3    -     -   FEW_RADII
     450    SW  300    298   298   231   0.19  0.19   0.41  0.00  0.59    33     0  1.00    3    -     -   FEW_RADII
     460    SW  300    298   298   226   0.16  0.16   0.36  0.00  0.64    25     0  1.00    3    -     -   FEW_RADII
     470    SW  299    296   296   214   0.16  0.16   0.35  0.00  0.65    26     0  1.00    3    -     -   FEW_RADII
     480    SW  300    297   297   220   0.22  0.22   0.45  0.00  0.55    39     0  1.00    2    -     -   FEW_RADII
     490    SW  298    296   296   213   0.18  0.18   0.39  0.00  0.61    32     0  1.00    2    -     -   FEW_RADII
     500    SW  297    295   295   224   0.19  0.19   0.37  0.00  0.63    36     0  1.00    3    -     -   FEW_RADII
     510  METR  299    296   296   240   0.11  0.11   0.23  0.00  0.77    21     0  1.00    4  0.99  1.00  -
     520  METR  298    296   296   243   0.11  0.11   0.25  0.00  0.75    21     0  1.00    4  0.88  1.00  -
     530  METR  300    298   298   232   0.14  0.14   0.29  0.00  0.71    26     0  1.00    4  0.85  1.00  -
     540    SW  299    297   297   231   0.12  0.12   0.27  0.00  0.73    23     0  1.00    3    -     -   FEW_RADII
     550    SW  297    295   293   215   0.12  0.12   0.26  0.00  0.74    23     0  1.00    3    -     -   FEW_RADII
     560  METR  300    298   294   231   0.18  0.18   0.37  0.00  0.63    39     0  1.00    4  1.01  1.00  -
     570    SW  300    298   282   238   0.15  0.15   0.33  0.00  0.67    34     0  1.00    3    -     -   FEW_RADII
     580  METR  300    297   297   251   0.22  0.22   0.40  0.00  0.60    55     0  1.00    4  1.09  0.98  -
     590  METR  300    297   295   256   0.16  0.16   0.30  0.00  0.70    39     0  1.00    6  0.92  0.99  -
     600  METR  300    297   289   251   0.11  0.11   0.20  0.00  0.80    27     0  1.00    6  0.75  0.99  -
     610  METR  300    297   285   248   0.16  0.16   0.31  0.00  0.69    38     0  1.00    4  0.88  1.00  -
     620  METR  299    296   281   248   0.22  0.22   0.37  0.00  0.63    55     0  1.00    4  0.85  0.99  -
     630  METR  299    295   289   258   0.22  0.22   0.37  0.00  0.63    56     0  1.00    5  0.74  0.98  -
     640  METR  300    296   288   251   0.20  0.20   0.34  0.00  0.66    52     0  1.00    7  0.49  0.93  -
     650  METR  299    295   285   251   0.31  0.31   0.49  0.00  0.51    80     0  1.00    9  0.46  0.97  -
     660  METR  300    296   282   249   0.34  0.34   0.53  0.00  0.47    90     0  1.00    8  0.52  0.98  -
     670  METR  296    293   272   250   0.29  0.29   0.44  0.00  0.56    77     0  1.00    7  0.52  0.97  -
     680  METR  300    298   269   249   0.28  0.28   0.46  0.00  0.54    74     0  1.00    9  0.44  0.96  -
     690  METR  299    297   250   241   0.26  0.26   0.41  0.00  0.59    71     0  1.00   10  0.41  0.96  -
     700  METR  299    297   250   236   0.28  0.28   0.45  0.00  0.55    78     0  1.00    7  0.51  0.94  -
     710  METR  300    298   249   233   0.28  0.28   0.46  0.00  0.54    81     0  1.00    5  0.65  0.97  -
     720  METR  300    298   247   231   0.25  0.25   0.41  0.00  0.59    74     0  1.00    4  0.73  0.97  -
     730  METR  300    298   242   217   0.18  0.18   0.30  0.00  0.70    49     0  1.00    4  0.56  0.97  -
     740  METR  300    297   233   210   0.17  0.17   0.27  0.00  0.73    47     0  1.00    4  0.61  0.95  -
     750  METR  300    296   224   204   0.11  0.11   0.19  0.00  0.81    28     0  1.00    4  0.64  0.93  -
     760    SW  299    296   215   203   0.11  0.11   0.22  0.00  0.78    29     0  1.00    2    -     -   FEW_RADII
     770    SW  299    296   208   200   0.09  0.09   0.18  0.00  0.82    24     0  1.00    1    -     -   FEW_RADII
     780    SW  300    297   206   201   0.16  0.16   0.27  0.00  0.73    37     0  1.00    1    -     -   FEW_RADII
     790    SW  300    296   206   198   0.13  0.13   0.19  0.00  0.81    30     0  1.00    1    -     -   FEW_RADII
     800    SW  300    296   197   199   0.23  0.23   0.30  0.00  0.70    51     0  1.00    1    -     -   FEW_RADII
     810    SW  298    294   185   184   0.15  0.15   0.23  0.00  0.77    37     0  1.00    1    -     -   FEW_RADII
     820    SW  298    291   187   179   0.21  0.21   0.34  0.00  0.66    55     0  1.00    1    -     -   FEW_RADII
     830    SW  297    290   187   179   0.17  0.17   0.27  0.00  0.73    46     0  1.00    1    -     -   FEW_RADII
     840    SW  300    286   182   172   0.09  0.09   0.13  0.00  0.87    21     0  1.00    1    -     -   FEW_RADII
     850    SW  300    281   172   165   0.16  0.16   0.27  0.00  0.73    41     0  1.00    1    -     -   FEW_RADII
     860    SW  300    276   159   158   0.22  0.22   0.32  0.00  0.68    58     0  1.00    1    -     -   FEW_RADII
     870    SW  300    260   150   151   0.18  0.18   0.29  0.00  0.71    51     0  1.00    1    -     -   FEW_RADII
     880    SW  300    254   143   137   0.13  0.13   0.23  0.00  0.77    37     0  1.00    1    -     -   FEW_RADII
     890    SW  300    252   128   122   0.31  0.31   0.44  0.00  0.56    79     0  0.99    1    -     -   FEW_RADII
     900    SW  300    249   123   116   0.31  0.31   0.45  0.00  0.55    88     0  1.00    1    -     -   FEW_RADII
    window ep510-530 len=3 exit=SW
    window ep560-560 len=1 exit=SW
    window ep580-750 len=18 exit=SW
    exit reasons: {'SW': 3}
    SW breakdown: {'NO_SCALING_PTS': 3, 'FEW_RADII': 65}
    edge lifetimes (theta=1e-12): n_dead=1751 median=170 mean=176.9 p90=203 max=458 censored_alive=548
    coupling with BSW indicator (point-biserial):
      occ_scc3: r =  0.26
      fe_cyc  : r =  0.32
      occ_scc : r =  0.23
      fe_dyad : r = -0.07
      b1_H12  : r =  0.34
      b1_H6   : r =  0.34
      b1_S6   : r =  0.54
    --- asymmetric prediction pre-test (directed minus symmetric, point-biserial r with BSW) ---
      occ_scc3: r_dir=-0.14  r_sym= 0.26  diff=-0.40
      fe_cyc  : r_dir=-0.13  r_sym= 0.32  diff=-0.45
      b1_H12  : r_dir= 0.10  r_sym= 0.34  diff=-0.24
====================================================================================================
SEED 33  rule=T1 g=0.075 N=300 epochs=900 (paired directed / symmetric, identical seed)
====================================================================================================
[directed ] status=ok snaps=90 BSW_occ=10 windows=3 dead=166 audit=OK
    ep    ph    V  b1_H12 b1_H6 b1_S6  occSCC occSCC3 feCYC feDYAD feOPEN maxSCC refl  gcf  npts slope   r2    fail
      10    SW    6      4     4     2   0.67  0.67   0.67  0.00  0.33     4     5  1.00    0    -     -   NO_SCALING_PTS
      20    SW   22     20    20    14   0.00  0.00   0.00  0.00  1.00     1     0  1.00    1    -     -   FEW_RADII
      30    SW   31     29    29    22   0.17  0.17   0.22  0.00  0.78     5     0  1.00    1    -     -   FEW_RADII
      40    SW   39     37    37    29   0.00  0.00   0.00  0.00  1.00     1     0  1.00    1    -     -   FEW_RADII
      50    SW   46     44    44    37   0.23  0.23   0.34  0.00  0.66    10     0  1.00    1    -     -   FEW_RADII
      60    SW   64     62    62    52   0.21  0.12   0.16  0.08  0.76     3     0  1.00    1    -     -   FEW_RADII
      70    SW   75     73    73    64   0.05  0.05   0.05  0.00  0.95     3     0  1.00    1    -     -   FEW_RADII
      80    SW   92     90    90    75   0.15  0.15   0.22  0.00  0.78    13     0  1.00    1    -     -   FEW_RADII
      90    SW  114    112   112    89   0.07  0.07   0.09  0.00  0.91     4     0  1.00    1    -     -   FEW_RADII
     100    SW  123    121   121    98   0.04  0.04   0.06  0.00  0.94     4     0  1.00    1    -     -   FEW_RADII
     110    SW  139    137   137   108   0.05  0.05   0.07  0.00  0.93     4     0  1.00    1    -     -   FEW_RADII
     120    SW  147    145   145   119   0.11  0.11   0.18  0.00  0.82     9     0  1.00    1    -     -   FEW_RADII
     130    SW  162    160   160   131   0.00  0.00   0.00  0.00  1.00     1     0  1.00    2    -     -   FEW_RADII
     140    SW  169    167   167   140   0.07  0.07   0.10  0.00  0.90     5     0  1.00    2    -     -   FEW_RADII
     150    SW  174    172   172   144   0.02  0.00   0.00  0.02  0.98     2     0  1.00    1    -     -   FEW_RADII
     160    SW  178    176   176   148   0.05  0.05   0.09  0.00  0.91     6     0  1.00    2    -     -   FEW_RADII
     170    SW  186    184   184   158   0.03  0.03   0.04  0.00  0.96     3     0  1.00    2    -     -   FEW_RADII
     180    SW  204    202   202   172   0.06  0.06   0.10  0.00  0.90     8     0  1.00    2    -     -   FEW_RADII
     190    SW  234    232   232   190   0.07  0.07   0.14  0.00  0.86    15     0  1.00    2    -     -   FEW_RADII
     200    SW  255    253   253   205   0.04  0.04   0.08  0.00  0.92     5     0  1.00    2    -     -   FEW_RADII
     210    SW  263    261   261   211   0.03  0.00   0.00  0.03  0.97     2     0  1.00    2    -     -   FEW_RADII
     220    SW  266    264   264   208   0.02  0.00   0.00  0.02  0.98     2     0  1.00    2    -     -   FEW_RADII
     230    SW  280    278   275   226   0.03  0.03   0.06  0.00  0.94     6     0  1.00    2    -     -   FEW_RADII
     240    SW  293    291   286   239   0.06  0.06   0.09  0.00  0.91     6     0  1.00    2    -     -   FEW_RADII
     250    SW  298    296   284   239   0.03  0.00   0.00  0.02  0.98     2     0  1.00    2    -     -   FEW_RADII
     260    SW  299    296   277   241   0.00  0.00   0.00  0.00  1.00     1     0  1.00    2    -     -   FEW_RADII
     270    SW  295    292   273   233   0.00  0.00   0.00  0.00  1.00     1     0  1.00    2    -     -   FEW_RADII
     280    SW  294    288   268   232   0.03  0.00   0.00  0.03  0.97     2     0  1.00    2    -     -   FEW_RADII
     290    SW  296    291   269   230   0.26  0.16   0.15  0.07  0.78     3     0  1.00    2    -     -   FEW_RADII
     300    SW  300    294   272   234   0.08  0.05   0.06  0.03  0.92     3     0  1.00    2    -     -   FEW_RADII
     310    SW  299    294   270   228   0.05  0.03   0.05  0.01  0.93     4     0  1.00    3    -     -   FEW_RADII
     320    SW  300    294   268   223   0.06  0.06   0.11  0.00  0.89     9     0  1.00    3    -     -   FEW_RADII
     330    SW  300    294   270   226   0.05  0.04   0.07  0.01  0.92    10     0  1.00    3    -     -   FEW_RADII
     340    SW  299    294   269   221   0.04  0.04   0.09  0.00  0.91    10     0  1.00    3    -     -   FEW_RADII
     350    SW  300    296   271   226   0.08  0.08   0.15  0.00  0.85    20     0  1.00    3    -     -   FEW_RADII
     360  METR  300    296   262   223   0.10  0.09   0.17  0.01  0.83    24     1  1.00    4  1.93  0.97  -
     370  METR  300    296   242   214   0.05  0.05   0.07  0.00  0.93     9     0  1.00    4  1.89  0.98  -
     380  METR  300    296   230   207   0.07  0.07   0.13  0.00  0.87    17     0  1.00    4  1.97  0.97  -
     390  METR  300    296   230   196   0.09  0.09   0.19  0.00  0.81    17     0  1.00    4  2.04  0.97  -
     400  METR  299    290   235   192   0.05  0.05   0.10  0.00  0.90    11     1  1.00    4  2.18  0.98  -
     410    SW  300    288   231   201   0.12  0.12   0.21  0.00  0.79    24     1  1.00    3    -     -   FEW_RADII
     420  METR  300    285   228   201   0.09  0.09   0.15  0.00  0.85    19     2  1.00    4  2.32  0.99  -
     430    SW  300    281   223   206   0.11  0.11   0.19  0.00  0.81    18     1  1.00    3    -     -   FEW_RADII
     440    SW  298    278   222   214   0.10  0.09   0.16  0.01  0.83    23     2  1.00    3    -     -   FEW_RADII
     450    SW  299    280   229   219   0.08  0.08   0.16  0.00  0.84    22     3  1.00    3    -     -   FEW_RADII
     460    SW  300    286   239   228   0.14  0.13   0.22  0.01  0.77    20     3  1.00    2    -     -   FEW_RADII
     470    SW  300    286   243   233   0.16  0.15   0.24  0.01  0.75    39     0  1.00    3    -     -   FEW_RADII
     480    SW  300    285   246   241   0.21  0.21   0.36  0.00  0.64    57     5  1.00    3    -     -   FEW_RADII
     490    SW  300    283   249   244   0.19  0.17   0.30  0.01  0.69    48     7  1.00    3    -     -   FEW_RADII
     500    SW  300    282   250   247   0.21  0.20   0.33  0.00  0.67    57     8  1.00    3    -     -   FEW_RADII
     510    SW  300    282   249   246   0.21  0.20   0.33  0.00  0.66    54     4  1.00    3    -     -   FEW_RADII
     520    SW  300    280   249   246   0.17  0.16   0.29  0.00  0.71    45     4  1.00    3    -     -   FEW_RADII
     530    SW  300    278   247   245   0.13  0.12   0.22  0.01  0.77    32     7  1.00    3    -     -   FEW_RADII
     540    SW  300    274   247   244   0.24  0.24   0.39  0.00  0.61    70     5  1.00    3    -     -   FEW_RADII
     550    SW  300    272   246   241   0.18  0.17   0.28  0.01  0.71    41     4  1.00    3    -     -   FEW_RADII
     560    SW  300    269   246   241   0.11  0.11   0.19  0.00  0.81    25     5  1.00    3    -     -   FEW_RADII
     570    SW  300    267   247   242   0.12  0.12   0.19  0.00  0.81    25     1  1.00    3    -     -   FEW_RADII
     580    SW  300    267   247   242   0.07  0.07   0.13  0.00  0.87    16     3  1.00    3    -     -   FEW_RADII
     590    SW  300    266   246   242   0.07  0.06   0.10  0.01  0.89    10     2  1.00    2    -     -   FEW_RADII
     600    SW  300    264   249   244   0.09  0.08   0.12  0.01  0.87     9     3  1.00    2    -     -   FEW_RADII
     610    SW  300    263   249   245   0.13  0.12   0.22  0.01  0.77    28     3  1.00    2    -     -   FEW_RADII
     620    SW  300    261   250   248   0.07  0.03   0.04  0.03  0.92     5     7  1.00    2    -     -   FEW_RADII
     630    SW  300    259   249   247   0.09  0.08   0.12  0.01  0.87     9     2  1.00    2    -     -   FEW_RADII
     640    SW  299    257   248   247   0.12  0.12   0.22  0.00  0.78    26     3  1.00    3    -     -   FEW_RADII
     650    SW  300    256   249   248   0.13  0.13   0.22  0.00  0.78    34     2  1.00    3    -     -   FEW_RADII
     660    SW  300    256   251   248   0.11  0.08   0.12  0.03  0.85    11     3  1.00    2    -     -   FEW_RADII
     670    SW  300    256   250   249   0.13  0.12   0.20  0.01  0.80    28     4  1.00    3    -     -   FEW_RADII
     680    SW  300    255   250   249   0.10  0.08   0.12  0.02  0.87    13     1  1.00    3    -     -   FEW_RADII
     690    SW  300    254   252   249   0.08  0.08   0.13  0.00  0.87    12     0  1.00    3    -     -   FEW_RADII
     700    SW  300    255   253   246   0.06  0.06   0.13  0.00  0.87    13     1  1.00    2    -     -   FEW_RADII
     710    SW  300    253   252   246   0.04  0.00   0.00  0.04  0.96     2     1  1.00    2    -     -   FEW_RADII
     720    SW  300    253   251   243   0.04  0.04   0.06  0.00  0.94     5     0  1.00    2    -     -   FEW_RADII
     730    SW  300    253   250   243   0.05  0.05   0.08  0.00  0.92     5     2  1.00    2    -     -   FEW_RADII
     740    SW  300    253   246   240   0.05  0.05   0.06  0.00  0.94     3     1  1.00    2    -     -   FEW_RADII
     750    SW  300    254   243   238   0.12  0.08   0.12  0.03  0.85     5     0  1.00    2    -     -   FEW_RADII
     760    SW  300    254   240   236   0.04  0.04   0.06  0.00  0.94     6     0  1.00    2    -     -   FEW_RADII
     770    SW  300    253   237   229   0.03  0.03   0.04  0.00  0.96     5     0  1.00    2    -     -   FEW_RADII
     780    SW  300    253   238   231   0.11  0.10   0.18  0.01  0.81    18     0  1.00    3    -     -   FEW_RADII
     790    SW  300    253   235   230   0.09  0.09   0.17  0.00  0.83    23     2  1.00    3    -     -   FEW_RADII
     800  METR  300    253   239   230   0.12  0.12   0.20  0.00  0.80    18     0  1.00    4  2.35  0.99  -
     810  METR  300    253   240   228   0.07  0.07   0.13  0.00  0.87    14     3  1.00    4  2.31  0.99  -
     820  METR  299    252   240   223   0.08  0.05   0.07  0.02  0.91     5     3  1.00    4  2.19  0.98  -
     830  METR  300    254   242   219   0.08  0.08   0.13  0.00  0.87    14     1  1.00    4  2.26  0.98  -
     840    SW  299    253   237   215   0.15  0.13   0.21  0.01  0.77    29     4  1.00    3    -     -   FEW_RADII
     850    SW  300    254   235   210   0.17  0.17   0.29  0.00  0.71    45     7  1.00    3    -     -   FEW_RADII
     860    SW  300    254   225   211   0.25  0.25   0.39  0.00  0.61    71     2  1.00    3    -     -   FEW_RADII
     870    SW  300    254   218   209   0.26  0.25   0.37  0.00  0.62    69    14  1.00    3    -     -   FEW_RADII
     880    SW  300    254   209   205   0.26  0.26   0.38  0.00  0.62    61    21  1.00    3    -     -   FEW_RADII
     890    SW  300    254   208   205   0.17  0.15   0.26  0.01  0.73    35     6  1.00    3    -     -   FEW_RADII
     900    SW  300    253   207   208   0.21  0.19   0.30  0.01  0.69    50     7  1.00    3    -     -   FEW_RADII
    window ep360-400 len=5 exit=SW
    window ep420-420 len=1 exit=SW
    window ep800-830 len=4 exit=SW
    exit reasons: {'SW': 3}
    SW breakdown: {'NO_SCALING_PTS': 1, 'FEW_RADII': 79}
    edge lifetimes (theta=1e-12): n_dead=377 median=257 mean=310.6 p90=517 max=820 censored_alive=552
    coupling with BSW indicator (point-biserial):
      occ_scc3: r = -0.09
      fe_cyc  : r = -0.06
      occ_scc : r = -0.11
      fe_dyad : r = -0.12
      b1_H12  : r =  0.19
      b1_H6   : r =  0.11
      b1_S6   : r =  0.07
[symmetric] status=ok snaps=90 BSW_occ=0 windows=0 dead=993 audit=OK
    ep    ph    V  b1_H12 b1_H6 b1_S6  occSCC occSCC3 feCYC feDYAD feOPEN maxSCC refl  gcf  npts slope   r2    fail
      10    SW    3      1     1     1   0.67  0.00   0.00  0.50  0.50     2     0  1.00    0    -     -   NO_SCALING_PTS
      20    SW   20     18    18    12   0.28  0.28   0.32  0.00  0.68     5     0  1.00    1    -     -   FEW_RADII
      30    SW   29     27    27    22   0.18  0.00   0.00  0.17  0.83     2     0  1.00    1    -     -   FEW_RADII
      40    SW   34     32    32    26   0.12  0.12   0.21  0.00  0.79     3     0  1.00    1    -     -   FEW_RADII
      50    SW   40     38    38    31   0.13  0.13   0.24  0.00  0.76     4     0  1.00    1    -     -   FEW_RADII
      60    SW   48     46    46    37   0.18  0.18   0.35  0.00  0.65     7     0  1.00    1    -     -   FEW_RADII
      70    SW   66     64    64    50   0.30  0.30   0.50  0.00  0.50    17     0  1.00    2    -     -   FEW_RADII
      80    SW   89     87    87    66   0.10  0.10   0.20  0.00  0.80     6     0  1.00    3    -     -   FEW_RADII
      90    SW  106    104   104    78   0.05  0.05   0.07  0.00  0.93     3     0  1.00    2    -     -   FEW_RADII
     100    SW  114    112   112    82   0.04  0.00   0.00  0.04  0.96     2     0  1.00    2    -     -   FEW_RADII
     110    SW  118    116   116    85   0.07  0.07   0.15  0.00  0.85     4     0  1.00    2    -     -   FEW_RADII
     120    SW  121    119   119    87   0.08  0.08   0.19  0.00  0.81     5     0  1.00    2    -     -   FEW_RADII
     130    SW  146    144   144   107   0.20  0.20   0.38  0.00  0.62     6     0  1.00    2    -     -   FEW_RADII
     140    SW  150    148   148   109   0.05  0.05   0.11  0.00  0.89     4     0  1.00    2    -     -   FEW_RADII
     150    SW  175    173   173   125   0.09  0.09   0.22  0.00  0.78     9     0  1.00    2    -     -   FEW_RADII
     160    SW  214    212   212   141   0.11  0.11   0.23  0.00  0.77    15     0  1.00    2    -     -   FEW_RADII
     170    SW  233    231   231   154   0.08  0.08   0.21  0.00  0.79    11     0  1.00    3    -     -   FEW_RADII
     180    SW  238    236   236   154   0.22  0.22   0.26  0.00  0.74     5     0  1.00    3    -     -   FEW_RADII
     190    SW  232    230   230   159   0.06  0.06   0.17  0.00  0.83     7     0  1.00    3    -     -   FEW_RADII
     200    SW  229    227   227   161   0.02  0.00   0.00  0.02  0.98     2     0  1.00    3    -     -   FEW_RADII
     210    SW  234    232   232   148   0.04  0.04   0.09  0.00  0.91     4     0  1.00    2    -     -   FEW_RADII
     220    SW  230    228   228   136   0.02  0.00   0.00  0.02  0.98     2     0  1.00    2    -     -   FEW_RADII
     230    SW  233    231   230   139   0.06  0.06   0.10  0.00  0.90     7     0  1.00    2    -     -   FEW_RADII
     240    SW  227    225   223   143   0.33  0.33   0.38  0.00  0.62     5     0  1.00    3    -     -   FEW_RADII
     250    SW  212    210   209   144   0.05  0.05   0.13  0.00  0.87     6     0  1.00    2    -     -   FEW_RADII
     260    SW  236    234   234   156   0.06  0.06   0.15  0.00  0.85     9     0  1.00    2    -     -   FEW_RADII
     270    SW  244    242   242   158   0.05  0.05   0.12  0.00  0.88     6     0  1.00    2    -     -   FEW_RADII
     280    SW  252    250   250   162   0.04  0.04   0.09  0.00  0.91     5     0  1.00    2    -     -   FEW_RADII
     290    SW  255    253   253   166   0.07  0.07   0.20  0.00  0.80    10     0  1.00    2    -     -   FEW_RADII
     300    SW  272    270   270   173   0.05  0.05   0.11  0.00  0.89     7     0  1.00    3    -     -   FEW_RADII
     310    SW  267    265   265   156   0.03  0.03   0.05  0.00  0.95     4     0  1.00    3    -     -   FEW_RADII
     320    SW  269    267   267   160   0.13  0.13   0.24  0.00  0.76     4     0  1.00    3    -     -   FEW_RADII
     330    SW  250    248   247   158   0.06  0.06   0.16  0.00  0.84     8     0  1.00    3    -     -   FEW_RADII
     340    SW  255    251   251   174   0.10  0.10   0.25  0.00  0.75    16     0  0.99    3    -     -   FEW_RADII
     350    SW  261    259   259   181   0.09  0.09   0.20  0.00  0.80    13     0  1.00    3    -     -   FEW_RADII
     360    SW  262    260   260   190   0.04  0.04   0.08  0.00  0.92     5     0  1.00    2    -     -   FEW_RADII
     370    SW  270    268   268   186   0.73  0.73   0.71  0.00  0.29     8     0  1.00    2    -     -   FEW_RADII
     380    SW  282    280   280   193   0.07  0.07   0.17  0.00  0.83    11     0  1.00    2    -     -   FEW_RADII
     390    SW  296    294   294   190   0.08  0.08   0.19  0.00  0.81    14     0  1.00    3    -     -   FEW_RADII
     400    SW  299    296   296   188   0.06  0.06   0.18  0.00  0.82    10     0  1.00    3    -     -   FEW_RADII
     410    SW  300    298   298   193   0.03  0.03   0.05  0.00  0.95     4     0  1.00    3    -     -   FEW_RADII
     420    SW  299    297   297   191   0.10  0.10   0.26  0.00  0.74    15     0  1.00    3    -     -   FEW_RADII
     430    SW  292    290   290   191   0.07  0.00   0.00  0.07  0.93     2     0  1.00    2    -     -   FEW_RADII
     440    SW  290    288   288   180   0.07  0.07   0.17  0.00  0.83    11     0  1.00    2    -     -   FEW_RADII
     450    SW  277    275   275   181   0.17  0.00   0.00  0.15  0.85     2     0  1.00    2    -     -   FEW_RADII
     460    SW  265    263   263   174   0.09  0.09   0.23  0.00  0.77    13     0  1.00    3    -     -   FEW_RADII
     470    SW  264    262   262   177   0.15  0.15   0.22  0.00  0.78     5     0  1.00    3    -     -   FEW_RADII
     480    SW  270    268   268   168   0.19  0.19   0.32  0.00  0.68    10     0  1.00    2    -     -   FEW_RADII
     490    SW  264    262   262   168   0.18  0.18   0.25  0.00  0.75     6     0  1.00    2    -     -   FEW_RADII
     500    SW  261    259   258   173   0.05  0.05   0.12  0.00  0.88     7     0  1.00    2    -     -   FEW_RADII
     510    SW  247    243   242   173   0.05  0.05   0.11  0.00  0.89     6     0  1.00    2    -     -   FEW_RADII
     520    SW  243    241   241   167   0.06  0.06   0.12  0.00  0.88     6     0  1.00    2    -     -   FEW_RADII
     530    SW  249    247   247   158   0.05  0.05   0.13  0.00  0.87     6     0  1.00    2    -     -   FEW_RADII
     540    SW  244    242   242   150   0.04  0.04   0.09  0.00  0.91     4     0  1.00    2    -     -   FEW_RADII
     550    SW  228    225   221   142   0.03  0.03   0.04  0.00  0.96     3     0  1.00    2    -     -   FEW_RADII
     560    SW  209    206   203   132   0.06  0.06   0.16  0.00  0.84     6     0  1.00    2    -     -   FEW_RADII
     570    SW  198    195   195   131   0.05  0.05   0.12  0.00  0.88     5     0  1.00    3    -     -   FEW_RADII
     580    SW  202    199   199   127   0.07  0.07   0.18  0.00  0.82     7     0  1.00    2    -     -   FEW_RADII
     590    SW  200    198   198   127   0.04  0.04   0.07  0.00  0.93     4     0  1.00    2    -     -   FEW_RADII
     600    SW  182    180   179   121   0.03  0.03   0.07  0.00  0.93     3     0  1.00    2    -     -   FEW_RADII
     610    SW  181    179   176   122   0.08  0.08   0.21  0.00  0.79     8     0  1.00    2    -     -   FEW_RADII
     620    SW  186    184   184   119   0.06  0.06   0.11  0.00  0.89     6     0  1.00    2    -     -   FEW_RADII
     630    SW  192    190   189   112   0.02  0.00   0.00  0.02  0.98     2     0  1.00    2    -     -   FEW_RADII
     640    SW  188    186   179    98   0.03  0.03   0.06  0.00  0.94     3     0  1.00    2    -     -   FEW_RADII
     650    SW  170    168   156    97   0.06  0.06   0.16  0.00  0.84     6     0  1.00    3    -     -   FEW_RADII
     660    SW  161    159   156    96   0.17  0.17   0.35  0.00  0.65    19     0  1.00    2    -     -   FEW_RADII
     670    SW  165    163   163   115   0.08  0.08   0.21  0.00  0.79    10     0  1.00    3    -     -   FEW_RADII
     680    SW  166    164   164   122   0.05  0.03   0.04  0.02  0.95     3     0  1.00    3    -     -   FEW_RADII
     690    SW  163    160   160   123   0.11  0.00   0.00  0.11  0.89     2     0  1.00    3    -     -   FEW_RADII
     700    SW  165    162   162   117   0.04  0.04   0.06  0.00  0.94     4     0  1.00    2    -     -   FEW_RADII
     710    SW  176    174   174   122   0.08  0.08   0.20  0.00  0.80     8     0  1.00    3    -     -   FEW_RADII
     720    SW  184    182   182   124   0.07  0.07   0.16  0.00  0.84     7     0  1.00    3    -     -   FEW_RADII
     730    SW  178    175   175   122   0.02  0.00   0.00  0.02  0.98     2     0  1.00    2    -     -   FEW_RADII
     740    SW  178    176   176   123   0.03  0.03   0.06  0.00  0.94     3     0  1.00    2    -     -   FEW_RADII
     750    SW  182    180   180   125   0.06  0.06   0.16  0.00  0.84     6     0  1.00    1    -     -   FEW_RADII
     760    SW  189    187   187   127   0.04  0.04   0.05  0.00  0.95     4     0  1.00    2    -     -   FEW_RADII
     770    SW  195    193   193   128   0.05  0.05   0.10  0.00  0.90     5     0  1.00    2    -     -   FEW_RADII
     780    SW  196    194   194   129   0.04  0.04   0.08  0.00  0.92     4     0  1.00    2    -     -   FEW_RADII
     790    SW  184    182   181   122   0.04  0.04   0.09  0.00  0.91     4     0  1.00    2    -     -   FEW_RADII
     800    SW  181    179   179   118   0.07  0.07   0.16  0.00  0.84     7     0  1.00    2    -     -   FEW_RADII
     810    SW  203    201   201   121   0.12  0.12   0.27  0.00  0.73    17     0  1.00    2    -     -   FEW_RADII
     820    SW  223    221   221   135   0.07  0.07   0.17  0.00  0.83    10     0  1.00    3    -     -   FEW_RADII
     830    SW  237    235   235   150   0.14  0.14   0.32  0.00  0.68    21     0  0.99    3    -     -   FEW_RADII
     840    SW  236    234   230   159   0.05  0.05   0.13  0.00  0.87     7     0  1.00    3    -     -   FEW_RADII
     850    SW  235    233   232   159   0.07  0.07   0.16  0.00  0.84     9     0  1.00    2    -     -   FEW_RADII
     860    SW  231    229   228   155   0.07  0.07   0.18  0.00  0.82     9     0  1.00    2    -     -   FEW_RADII
     870    SW  228    226   226   155   0.03  0.03   0.07  0.00  0.93     4     0  1.00    2    -     -   FEW_RADII
     880    SW  223    220   220   158   0.36  0.36   0.38  0.00  0.62     4     0  1.00    2    -     -   FEW_RADII
     890    SW  224    222   222   155   0.02  0.00   0.00  0.02  0.98     2     0  1.00    2    -     -   FEW_RADII
     900    SW  222    220   220   150   0.02  0.00   0.00  0.02  0.98     2     0  1.00    2    -     -   FEW_RADII
    exit reasons: (no windows)
    SW breakdown: {'NO_SCALING_PTS': 1, 'FEW_RADII': 89}
    edge lifetimes (theta=1e-12): n_dead=1986 median=165 mean=163.8 p90=186 max=239 censored_alive=441
    coupling with BSW indicator (point-biserial):
      occ_scc3: r =    - 
      fe_cyc  : r =    - 
      occ_scc : r =    - 
      fe_dyad : r =    - 
      b1_H12  : r =    - 
      b1_H6   : r =    - 
      b1_S6   : r =    - 
    --- asymmetric prediction pre-test (directed minus symmetric, point-biserial r with BSW) ---
      occ_scc3: r_dir=-0.09  r_sym=   -   diff=   - 
      fe_cyc  : r_dir=-0.06  r_sym=   -   diff=   - 
      b1_H12  : r_dir= 0.19  r_sym=   -   diff=   - 

========================================================================
AGGREGATE (directed runs)  rule=T1 g=0.075 N=300 epochs=900 seeds=[5, 7, 10, 15, 21, 33]
========================================================================

### REGISTRATION EVENTS (label, dV, dE, db1): total 1099623 events
    DYAD          n=       6  (dV=+2,dE=+1,db1=+0)x6
    T1            n=    2529  (dV=+1,dE=+2,db1=+1)x2529
    REG           n= 1097088  (dV=+0,dE=+0,db1=+0)x1097088

### DECAY per-epoch  H*=(1-g): total 5400 events
    (dV=+0,dE=+0,db1=+0) x5219
    (dV=+0,dE=-1,db1=-1) x169
    (dV=+0,dE=-2,db1=-2) x12

### DEATH per-epoch  isolated removal: total 5400 events
    (dV=+0,dE=+0,db1=+0) x4788
    (dV=-1,dE=-2,db1=-1) x437
    (dV=-2,dE=-4,db1=-2) x54
    (dV=-1,dE=-1,db1=+0) x36
    (dV=-1,dE=-3,db1=-2) x27
    (dV=-3,dE=-6,db1=-3) x15
    (dV=-2,dE=-5,db1=-3) x12
    (dV=-2,dE=-3,db1=-1) x12
    (dV=-3,dE=-5,db1=-2) x4
    (dV=-3,dE=-7,db1=-4) x3
    (dV=-4,dE=-8,db1=-4) x2
    (dV=-1,dE=-5,db1=-4) x2
    (dV=-1,dE=-6,db1=-5) x1
    (dV=-5,dE=-9,db1=-4) x1
    (dV=-2,dE=-6,db1=-4) x1
    (dV=-3,dE=-4,db1=-1) x1
    (dV=-3,dE=-9,db1=-6) x1
    (dV=-1,dE=-4,db1=-3) x1
    (dV=-4,dE=-6,db1=-2) x1
    (dV=-2,dE=-2,db1=+0) x1
