====================================================================================================
SEED 5  rule=T1 g=0.075 N=450 epochs=900 (paired directed / symmetric, identical seed)
====================================================================================================
[directed ] status=ok snaps=90 BSW_occ=4 windows=1 dead=236 audit=OK
    ep    ph    V  b1_H12 b1_H6 b1_S6  occSCC occSCC3 feCYC feDYAD feOPEN maxSCC refl  gcf  npts slope   r2    fail
      10    SW    7      5     5     3   0.29  0.00   0.00  0.20  0.80     2     2  1.00    0    -     -   NO_SCALING_PTS
      20    SW   15     13    13     9   0.00  0.00   0.00  0.00  1.00     1     0  1.00    0    -     -   NO_SCALING_PTS
      30    SW   24     22    22    15   0.29  0.29   0.30  0.00  0.70     6     0  1.00    1    -     -   FEW_RADII
      40    SW   36     34    34    24   0.10  0.10   0.11  0.00  0.89     3     0  1.00    1    -     -   FEW_RADII
      50    SW   49     47    47    35   0.00  0.00   0.00  0.00  1.00     1     0  1.00    1    -     -   FEW_RADII
      60    SW   54     52    52    41   0.05  0.00   0.00  0.04  0.96     2     0  1.00    1    -     -   FEW_RADII
      70    SW   62     60    60    50   0.07  0.07   0.07  0.00  0.93     3     0  1.00    1    -     -   FEW_RADII
      80    SW   67     65    65    56   0.10  0.10   0.16  0.00  0.84     5     0  1.00    1    -     -   FEW_RADII
      90    SW   74     72    72    59   0.09  0.09   0.11  0.00  0.89     3     0  1.00    1    -     -   FEW_RADII
     100    SW   78     76    76    64   0.00  0.00   0.00  0.00  1.00     1     0  1.00    1    -     -   FEW_RADII
     110    SW   83     81    81    66   0.05  0.00   0.00  0.04  0.96     2     0  1.00    1    -     -   FEW_RADII
     120    SW   94     92    92    71   0.09  0.09   0.14  0.00  0.86     6     0  1.00    2    -     -   FEW_RADII
     130    SW  101     99    99    77   0.09  0.09   0.12  0.00  0.88     5     0  1.00    2    -     -   FEW_RADII
     140    SW  111    109   109    88   0.12  0.12   0.24  0.00  0.76    10     0  1.00    2    -     -   FEW_RADII
     150    SW  125    123   123   101   0.11  0.11   0.18  0.00  0.82    11     0  1.00    1    -     -   FEW_RADII
     160    SW  153    151   151   119   0.00  0.00   0.00  0.00  1.00     1     0  1.00    2    -     -   FEW_RADII
     170    SW  162    160   160   121   0.00  0.00   0.00  0.00  1.00     1     0  1.00    2    -     -   FEW_RADII
     180    SW  167    165   165   125   0.04  0.00   0.00  0.04  0.96     2     0  1.00    2    -     -   FEW_RADII
     190    SW  180    178   178   142   0.05  0.05   0.07  0.00  0.93     6     0  1.00    2    -     -   FEW_RADII
     200    SW  190    188   188   152   0.09  0.00   0.00  0.08  0.92     2     0  1.00    1    -     -   FEW_RADII
     210    SW  202    200   199   162   0.02  0.00   0.00  0.02  0.98     2     0  1.00    1    -     -   FEW_RADII
     220    SW  211    209   205   170   0.03  0.03   0.05  0.00  0.95     5     0  1.00    2    -     -   FEW_RADII
     230    SW  220    218   214   176   0.05  0.05   0.08  0.00  0.92     7     0  1.00    2    -     -   FEW_RADII
     240    SW  235    233   229   185   0.07  0.07   0.10  0.00  0.90     9     0  1.00    2    -     -   FEW_RADII
     250    SW  266    264   257   202   0.15  0.15   0.25  0.00  0.75    28     0  1.00    2    -     -   FEW_RADII
     260    SW  312    310   304   237   0.07  0.07   0.14  0.00  0.86    19     0  1.00    2    -     -   FEW_RADII
     270    SW  344    342   333   266   0.06  0.00   0.00  0.06  0.94     2     0  1.00    3    -     -   FEW_RADII
     280    SW  348    346   334   269   0.29  0.00   0.00  0.33  0.67     2     0  1.00    2    -     -   FEW_RADII
     290    SW  347    345   334   268   0.03  0.03   0.05  0.00  0.95     6     0  1.00    2    -     -   FEW_RADII
     300    SW  352    350   337   275   0.00  0.00   0.00  0.00  1.00     1     0  1.00    2    -     -   FEW_RADII
     310    SW  361    359   347   274   0.06  0.04   0.04  0.02  0.94     3     0  1.00    2    -     -   FEW_RADII
     320    SW  366    364   349   279   0.06  0.04   0.05  0.03  0.92     5     0  1.00    3    -     -   FEW_RADII
     330    SW  399    397   373   296   0.05  0.05   0.09  0.00  0.91    11     0  1.00    3    -     -   FEW_RADII
     340    SW  412    410   376   304   0.03  0.03   0.05  0.00  0.95     6     0  1.00    3    -     -   FEW_RADII
     350    SW  415    411   376   299   0.03  0.03   0.04  0.00  0.96     4     0  1.00    2    -     -   FEW_RADII
     360    SW  417    413   375   304   0.11  0.08   0.09  0.02  0.89     3     0  1.00    2    -     -   FEW_RADII
     370    SW  427    421   385   307   0.14  0.06   0.07  0.07  0.85     3     0  1.00    2    -     -   FEW_RADII
     380    SW  425    419   383   305   0.04  0.02   0.03  0.01  0.96     3     0  1.00    2    -     -   FEW_RADII
     390    SW  430    422   386   296   0.05  0.05   0.08  0.00  0.92     6     0  1.00    2    -     -   FEW_RADII
     400    SW  425    416   381   286   0.08  0.08   0.11  0.00  0.89     4     0  1.00    2    -     -   FEW_RADII
     410    SW  421    413   375   285   0.06  0.06   0.12  0.00  0.88     8     0  1.00    3    -     -   FEW_RADII
     420    SW  435    425   386   286   0.14  0.13   0.24  0.01  0.75    31     0  1.00    3    -     -   FEW_RADII
     430  METR  450    440   394   311   0.09  0.08   0.14  0.01  0.86    24     0  1.00    4  2.59  0.99  -
     440  METR  449    438   377   325   0.11  0.10   0.20  0.00  0.80    35     5  1.00    4  2.30  0.99  -
     450  METR  449    435   367   330   0.13  0.12   0.23  0.00  0.77    46     0  1.00    4  2.09  0.98  -
     460  METR  450    435   366   327   0.15  0.14   0.26  0.01  0.73    51     7  1.00    4  2.37  0.98  -
     470    SW  450    435   367   321   0.17  0.17   0.29  0.00  0.71    65     0  1.00    3    -     -   FEW_RADII
     480    SW  445    433   371   327   0.13  0.13   0.23  0.00  0.76    48     1  1.00    3    -     -   FEW_RADII
     490    SW  448    436   380   336   0.18  0.17   0.31  0.00  0.69    61     0  1.00    3    -     -   FEW_RADII
     500    SW  449    436   374   343   0.13  0.13   0.23  0.00  0.77    44     0  1.00    3    -     -   FEW_RADII
     510    SW  448    434   365   346   0.09  0.07   0.11  0.01  0.88    18     3  1.00    3    -     -   FEW_RADII
     520    SW  450    435   360   352   0.09  0.09   0.15  0.00  0.85    19     1  1.00    2    -     -   FEW_RADII
     530    SW  450    435   368   354   0.08  0.07   0.09  0.01  0.90     7     0  1.00    3    -     -   FEW_RADII
     540    SW  449    432   361   358   0.09  0.08   0.12  0.01  0.87     9     1  1.00    3    -     -   FEW_RADII
     550    SW  449    432   361   354   0.09  0.08   0.17  0.01  0.82    18     0  1.00    3    -     -   FEW_RADII
     560    SW  449    431   369   355   0.12  0.10   0.18  0.01  0.81    20     0  1.00    3    -     -   FEW_RADII
     570    SW  450    431   376   364   0.14  0.14   0.25  0.00  0.75    31     1  1.00    2    -     -   FEW_RADII
     580    SW  450    429   378   365   0.16  0.16   0.27  0.00  0.73    49     0  1.00    2    -     -   FEW_RADII
     590    SW  450    428   381   370   0.16  0.15   0.25  0.01  0.74    53     4  1.00    2    -     -   FEW_RADII
     600    SW  450    425   381   370   0.16  0.15   0.27  0.01  0.73    62     1  1.00    3    -     -   FEW_RADII
     610    SW  450    422   383   371   0.15  0.13   0.25  0.01  0.74    52     5  1.00    3    -     -   FEW_RADII
     620    SW  450    422   381   372   0.17  0.15   0.25  0.01  0.74    56     4  1.00    3    -     -   FEW_RADII
     630    SW  450    418   381   367   0.16  0.14   0.27  0.01  0.72    49     1  1.00    3    -     -   FEW_RADII
     640    SW  449    413   382   366   0.16  0.16   0.27  0.00  0.73    62     1  1.00    3    -     -   FEW_RADII
     650    SW  450    412   382   361   0.17  0.16   0.29  0.01  0.70    60     2  1.00    3    -     -   FEW_RADII
     660    SW  450    409   376   357   0.14  0.13   0.22  0.01  0.77    46     2  1.00    3    -     -   FEW_RADII
     670    SW  450    407   375   354   0.13  0.13   0.23  0.00  0.77    49     7  1.00    3    -     -   FEW_RADII
     680    SW  450    402   374   354   0.22  0.20   0.31  0.01  0.68    41     1  1.00    3    -     -   FEW_RADII
     690    SW  450    395   367   357   0.24  0.23   0.36  0.01  0.63    72     4  1.00    3    -     -   FEW_RADII
     700    SW  450    393   355   362   0.22  0.21   0.34  0.01  0.66    81     5  1.00    3    -     -   FEW_RADII
     710    SW  450    390   356   363   0.26  0.25   0.41  0.01  0.59   104     8  1.00    3    -     -   FEW_RADII
     720    SW  450    389   355   364   0.19  0.17   0.28  0.01  0.70    63     3  1.00    3    -     -   FEW_RADII
     730    SW  450    387   357   363   0.24  0.24   0.39  0.00  0.61    94     3  1.00    3    -     -   FEW_RADII
     740    SW  450    385   358   361   0.23  0.22   0.37  0.00  0.62    88     4  1.00    3    -     -   FEW_RADII
     750    SW  449    384   360   363   0.21  0.20   0.32  0.01  0.67    77     5  1.00    3    -     -   FEW_RADII
     760    SW  450    385   365   365   0.25  0.25   0.38  0.01  0.61    97     1  1.00    3    -     -   FEW_RADII
     770    SW  450    384   367   368   0.26  0.23   0.36  0.02  0.62    91     3  1.00    3    -     -   FEW_RADII
     780    SW  450    384   368   368   0.28  0.27   0.41  0.01  0.59   108     9  1.00    3    -     -   FEW_RADII
     790    SW  450    384   368   368   0.21  0.18   0.32  0.02  0.66    70     6  1.00    3    -     -   FEW_RADII
     800    SW  450    384   366   369   0.20  0.20   0.32  0.00  0.68    71     7  1.00    3    -     -   FEW_RADII
     810    SW  450    384   366   368   0.18  0.15   0.22  0.02  0.76    33    13  1.00    3    -     -   FEW_RADII
     820    SW  449    384   366   368   0.12  0.11   0.17  0.00  0.82    30     4  1.00    2    -     -   FEW_RADII
     830    SW  450    384   367   368   0.10  0.08   0.13  0.01  0.85    17     0  1.00    3    -     -   FEW_RADII
     840    SW  450    382   367   368   0.11  0.10   0.19  0.00  0.81    34     2  1.00    2    -     -   FEW_RADII
     850    SW  450    382   369   368   0.14  0.14   0.22  0.00  0.78    27     3  1.00    2    -     -   FEW_RADII
     860    SW  450    380   369   368   0.17  0.16   0.27  0.01  0.72    57     6  1.00    2    -     -   FEW_RADII
     870    SW  450    378   369   367   0.23  0.22   0.36  0.01  0.63    82     2  1.00    3    -     -   FEW_RADII
     880    SW  450    375   368   367   0.16  0.14   0.21  0.01  0.77    41     4  1.00    3    -     -   FEW_RADII
     890    SW  450    373   369   367   0.14  0.14   0.27  0.00  0.73    43     7  1.00    3    -     -   FEW_RADII
     900    SW  450    372   369   367   0.16  0.15   0.24  0.00  0.76    43     4  1.00    3    -     -   FEW_RADII
    window ep430-460 len=4 exit=SW
    exit reasons: {'SW': 1}
    SW breakdown: {'NO_SCALING_PTS': 2, 'FEW_RADII': 84}
    edge lifetimes (theta=1e-12): n_dead=548 median=234 mean=289.2 p90=508 max=821 censored_alive=821
    coupling with BSW indicator (point-biserial):
      occ_scc3: r =  0.02
      fe_cyc  : r =  0.06
      occ_scc : r = -0.01
      fe_dyad : r = -0.05
      b1_H12  : r =  0.18
      b1_H6   : r =  0.14
      b1_S6   : r =  0.10
[symmetric] status=ok snaps=90 BSW_occ=0 windows=0 dead=980 audit=OK
    ep    ph    V  b1_H12 b1_H6 b1_S6  occSCC occSCC3 feCYC feDYAD feOPEN maxSCC refl  gcf  npts slope   r2    fail
      10    SW    7      5     5     3   0.86  0.86   0.90  0.00  0.10     6     0  1.00    0    -     -   NO_SCALING_PTS
      20    SW   19     17    17    11   0.16  0.16   0.21  0.00  0.79     3     0  1.00    1    -     -   FEW_RADII
      30    SW   32     30    30    20   0.11  0.11   0.12  0.00  0.88     3     0  1.00    1    -     -   FEW_RADII
      40    SW   38     36    36    31   0.21  0.21   0.33  0.00  0.67     8     0  1.00    1    -     -   FEW_RADII
      50    SW   56     54    54    45   0.20  0.20   0.37  0.00  0.63    11     0  1.00    1    -     -   FEW_RADII
      60    SW   70     68    68    54   0.19  0.19   0.35  0.00  0.65     5     0  1.00    1    -     -   FEW_RADII
      70    SW   82     80    80    63   0.06  0.00   0.00  0.06  0.94     2     0  1.00    1    -     -   FEW_RADII
      80    SW   97     95    95    72   0.15  0.15   0.29  0.00  0.71     7     0  1.00    1    -     -   FEW_RADII
      90    SW  108    106   106    80   0.04  0.00   0.00  0.04  0.96     2     0  1.00    1    -     -   FEW_RADII
     100    SW  117    115   115    85   0.05  0.05   0.07  0.00  0.93     3     0  1.00    1    -     -   FEW_RADII
     110    SW  126    124   124    90   0.14  0.14   0.34  0.00  0.66     9     0  1.00    1    -     -   FEW_RADII
     120    SW  140    138   138    98   0.06  0.06   0.07  0.00  0.93     4     0  1.00    1    -     -   FEW_RADII
     130    SW  156    154   154   108   0.06  0.06   0.09  0.00  0.91     5     0  1.00    2    -     -   FEW_RADII
     140    SW  167    165   165   118   0.04  0.04   0.05  0.00  0.95     3     0  1.00    2    -     -   FEW_RADII
     150    SW  174    172   172   123   0.06  0.06   0.13  0.00  0.87     5     0  1.00    2    -     -   FEW_RADII
     160    SW  189    187   187   132   0.07  0.07   0.18  0.00  0.82     7     0  1.00    2    -     -   FEW_RADII
     170    SW  197    195   195   127   0.03  0.03   0.06  0.00  0.94     3     0  1.00    2    -     -   FEW_RADII
     180    SW  200    198   198   118   0.04  0.04   0.08  0.00  0.92     4     0  1.00    2    -     -   FEW_RADII
     190    SW  203    201   199   107   0.02  0.00   0.00  0.02  0.98     2     0  1.00    2    -     -   FEW_RADII
     200    SW  202    200   191   104   0.04  0.04   0.09  0.00  0.91     4     0  1.00    2    -     -   FEW_RADII
     210    SW  194    192   177   104   0.05  0.05   0.11  0.00  0.89     5     0  1.00    2    -     -   FEW_RADII
     220    SW  155    152   152    94   0.20  0.20   0.29  0.00  0.71     4     0  1.00    2    -     -   FEW_RADII
     230    SW  164    162   162    95   0.09  0.09   0.21  0.00  0.79     9     0  1.00    2    -     -   FEW_RADII
     240    SW  168    165   165   108   0.08  0.08   0.15  0.00  0.85     8     0  1.00    2    -     -   FEW_RADII
     250    SW  173    171   171   123   0.10  0.10   0.22  0.00  0.78    11     0  1.00    2    -     -   FEW_RADII
     260    SW  178    176   176   131   0.07  0.07   0.18  0.00  0.82     8     0  1.00    3    -     -   FEW_RADII
     270    SW  182    180   180   126   0.03  0.03   0.05  0.00  0.95     3     0  1.00    3    -     -   FEW_RADII
     280    SW  177    175   175   121   0.03  0.03   0.05  0.00  0.95     3     0  1.00    3    -     -   FEW_RADII
     290    SW  178    176   176   130   0.06  0.06   0.13  0.00  0.87     8     0  1.00    3    -     -   FEW_RADII
     300    SW  186    184   184   133   0.05  0.05   0.11  0.00  0.89     5     0  1.00    2    -     -   FEW_RADII
     310    SW  201    198   198   143   0.06  0.06   0.14  0.00  0.86     8     0  1.00    2    -     -   FEW_RADII
     320    SW  228    226   226   165   0.13  0.13   0.28  0.00  0.72    20     0  1.00    3    -     -   FEW_RADII
     330    SW  231    229   229   176   0.09  0.09   0.24  0.00  0.76    12     0  1.00    3    -     -   FEW_RADII
     340    SW  247    245   245   186   0.06  0.06   0.15  0.00  0.85     7     0  1.00    3    -     -   FEW_RADII
     350    SW  271    269   269   200   0.08  0.08   0.22  0.00  0.78    11     0  1.00    3    -     -   FEW_RADII
     360    SW  279    277   277   203   0.02  0.02   0.04  0.00  0.96     3     0  1.00    3    -     -   FEW_RADII
     370    SW  287    285   285   199   0.30  0.30   0.31  0.00  0.69     3     0  1.00    2    -     -   FEW_RADII
     380    SW  289    287   287   188   0.03  0.03   0.09  0.00  0.91     5     0  1.00    2    -     -   FEW_RADII
     390    SW  292    290   289   186   0.04  0.04   0.10  0.00  0.90     6     0  1.00    2    -     -   FEW_RADII
     400    SW  281    278   278   182   0.01  0.00   0.00  0.01  0.99     2     0  1.00    3    -     -   FEW_RADII
     410    SW  267    264   264   180   0.03  0.03   0.09  0.00  0.91     5     0  1.00    1    -     -   FEW_RADII
     420    SW  269    267   267   174   0.07  0.07   0.19  0.00  0.81    11     0  1.00    2    -     -   FEW_RADII
     430    SW  270    268   267   166   0.01  0.00   0.00  0.01  0.99     2     0  1.00    2    -     -   FEW_RADII
     440    SW  270    268   264   163   0.03  0.03   0.06  0.00  0.94     4     0  1.00    2    -     -   FEW_RADII
     450    SW  271    269   259   153   0.21  0.21   0.34  0.00  0.66     4     0  1.00    2    -     -   FEW_RADII
     460    SW  253    251   251   138   0.04  0.04   0.09  0.00  0.91     7     0  1.00    2    -     -   FEW_RADII
     470    SW  278    276   275   156   0.06  0.06   0.14  0.00  0.86    10     0  1.00    2    -     -   FEW_RADII
     480    SW  277    275   269   159   0.05  0.05   0.14  0.00  0.86     8     0  1.00    2    -     -   FEW_RADII
     490    SW  252    250   246   150   0.05  0.05   0.15  0.00  0.85     9     0  1.00    3    -     -   FEW_RADII
     500    SW  241    239   236   148   0.03  0.03   0.04  0.00  0.96     4     0  1.00    3    -     -   FEW_RADII
     510    SW  215    213   213   146   0.03  0.03   0.07  0.00  0.93     4     0  1.00    3    -     -   FEW_RADII
     520    SW  213    211   211   146   0.05  0.05   0.14  0.00  0.86     7     0  1.00    3    -     -   FEW_RADII
     530    SW  221    219   219   155   0.10  0.10   0.25  0.00  0.75    14     0  1.00    2    -     -   FEW_RADII
     540    SW  229    227   227   165   0.08  0.08   0.17  0.00  0.83    10     0  1.00    2    -     -   FEW_RADII
     550    SW  228    225   225   164   0.05  0.05   0.10  0.00  0.90     6     0  1.00    2    -     -   FEW_RADII
     560    SW  237    234   234   172   0.10  0.09   0.20  0.01  0.78    11     0  1.00    2    -     -   FEW_RADII
     570    SW  245    243   243   177   0.35  0.24   0.38  0.08  0.54     4     0  1.00    3    -     -   FEW_RADII
     580    SW  257    255   255   184   0.04  0.04   0.11  0.00  0.89     6     0  1.00    2    -     -   FEW_RADII
     590    SW  259    257   257   187   0.20  0.20   0.25  0.00  0.75     5     0  1.00    3    -     -   FEW_RADII
     600    SW  256    254   254   183   0.03  0.03   0.04  0.00  0.96     4     0  1.00    3    -     -   FEW_RADII
     610    SW  243    241   241   169   0.02  0.00   0.00  0.02  0.98     2     0  1.00    3    -     -   FEW_RADII
     620    SW  235    232   232   156   0.05  0.05   0.13  0.00  0.87     6     0  1.00    3    -     -   FEW_RADII
     630    SW  216    214   214   145   0.03  0.03   0.06  0.00  0.94     4     0  1.00    2    -     -   FEW_RADII
     640    SW  201    199   199   141   0.03  0.03   0.05  0.00  0.95     3     0  1.00    2    -     -   FEW_RADII
     650    SW  192    190   189   138   0.02  0.00   0.00  0.02  0.98     2     0  1.00    2    -     -   FEW_RADII
     660    SW  187    185   185   133   0.11  0.11   0.26  0.00  0.74    12     0  1.00    2    -     -   FEW_RADII
     670    SW  210    208   208   137   0.08  0.08   0.20  0.00  0.80    11     0  1.00    2    -     -   FEW_RADII
     680    SW  234    232   232   152   0.08  0.08   0.19  0.00  0.81    13     0  1.00    3    -     -   FEW_RADII
     690    SW  227    225   220   149   0.04  0.04   0.10  0.00  0.90     5     0  1.00    3    -     -   FEW_RADII
     700    SW  199    195   195   137   0.03  0.03   0.04  0.00  0.96     3     0  1.00    3    -     -   FEW_RADII
     710    SW  190    188   188   131   0.03  0.03   0.06  0.00  0.94     3     0  1.00    2    -     -   FEW_RADII
     720    SW  176    174   174   130   0.04  0.04   0.09  0.00  0.91     4     0  1.00    2    -     -   FEW_RADII
     730    SW  181    178   178   118   0.08  0.08   0.20  0.00  0.80     8     0  1.00    2    -     -   FEW_RADII
     740    SW  175    173   173   113   0.03  0.03   0.06  0.00  0.94     3     0  1.00    2    -     -   FEW_RADII
     750    SW  173    170   170   115   0.07  0.07   0.20  0.00  0.80     7     0  1.00    1    -     -   FEW_RADII
     760    SW  177    174   170   117   0.02  0.00   0.00  0.02  0.98     2     0  1.00    2    -     -   FEW_RADII
     770    SW  172    170   170   117   0.05  0.05   0.12  0.00  0.88     5     0  1.00    2    -     -   FEW_RADII
     780    SW  173    171   171   118   0.04  0.04   0.08  0.00  0.92     4     0  1.00    2    -     -   FEW_RADII
     790    SW  172    170   169   119   0.07  0.07   0.19  0.00  0.81     7     0  1.00    2    -     -   FEW_RADII
     800    SW  188    186   186   129   0.11  0.11   0.27  0.00  0.73    13     0  1.00    2    -     -   FEW_RADII
     810    SW  202    200   200   121   0.06  0.06   0.16  0.00  0.84     7     0  1.00    2    -     -   FEW_RADII
     820    SW  203    201   201   111   0.03  0.03   0.05  0.00  0.95     3     0  1.00    3    -     -   FEW_RADII
     830    SW  197    195   194   102   0.04  0.04   0.08  0.00  0.92     4     0  1.00    3    -     -   FEW_RADII
     840    SW  197    195   179   108   0.10  0.10   0.25  0.00  0.75    12     0  1.00    3    -     -   FEW_RADII
     850    SW  156    154   153   109   0.05  0.05   0.12  0.00  0.88     5     0  1.00    2    -     -   FEW_RADII
     860    SW  165    163   163   114   0.33  0.33   0.43  0.00  0.57     8     0  1.00    2    -     -   FEW_RADII
     870    SW  182    180   180   122   0.11  0.11   0.28  0.00  0.72    15     0  1.00    2    -     -   FEW_RADII
     880    SW  187    185   185   125   0.02  0.00   0.00  0.02  0.98     2     0  1.00    2    -     -   FEW_RADII
     890    SW  180    178   178   120   0.44  0.44   0.62  0.00  0.38     4     0  1.00    2    -     -   FEW_RADII
     900    SW  173    171   171   123   0.03  0.03   0.04  0.00  0.96     3     0  1.00    2    -     -   FEW_RADII
    exit reasons: (no windows)
    SW breakdown: {'NO_SCALING_PTS': 1, 'FEW_RADII': 89}
    edge lifetimes (theta=1e-12): n_dead=1960 median=162 mean=163.6 p90=188 max=230 censored_alive=343
    coupling with BSW indicator (point-biserial):
      occ_scc3: r =    - 
      fe_cyc  : r =    - 
      occ_scc : r =    - 
      fe_dyad : r =    - 
      b1_H12  : r =    - 
      b1_H6   : r =    - 
      b1_S6   : r =    - 
    --- asymmetric prediction pre-test (directed minus symmetric, point-biserial r with BSW) ---
      occ_scc3: r_dir= 0.02  r_sym=   -   diff=   - 
      fe_cyc  : r_dir= 0.06  r_sym=   -   diff=   - 
      b1_H12  : r_dir= 0.18  r_sym=   -   diff=   - 
====================================================================================================
SEED 7  rule=T1 g=0.075 N=450 epochs=900 (paired directed / symmetric, identical seed)
====================================================================================================
[directed ] status=ok snaps=90 BSW_occ=0 windows=0 dead=124 audit=OK
    ep    ph    V  b1_H12 b1_H6 b1_S6  occSCC occSCC3 feCYC feDYAD feOPEN maxSCC refl  gcf  npts slope   r2    fail
      10    SW    7      5     5     3   0.33  0.00   0.00  0.29  0.71     2    12  1.00    0    -     -   NO_SCALING_PTS
      20    SW   20     18    18    13   0.00  0.00   0.00  0.00  1.00     1     0  1.00    1    -     -   FEW_RADII
      30    SW   35     33    33    22   0.14  0.14   0.17  0.00  0.83     3     0  1.00    1    -     -   FEW_RADII
      40    SW   46     44    44    31   0.11  0.11   0.16  0.00  0.84     5     0  1.00    1    -     -   FEW_RADII
      50    SW   79     77    77    58   0.12  0.12   0.21  0.00  0.79     8     0  1.00    1    -     -   FEW_RADII
      60    SW  112    110   110    86   0.11  0.08   0.10  0.03  0.88     3     0  1.00    1    -     -   FEW_RADII
      70    SW  126    124   124   101   0.06  0.06   0.06  0.00  0.94     3     0  1.00    1    -     -   FEW_RADII
      80    SW  131    129   129   104   0.07  0.00   0.00  0.06  0.94     2     0  1.00    1    -     -   FEW_RADII
      90    SW  138    136   136   109   0.09  0.09   0.11  0.00  0.89     3     0  1.00    1    -     -   FEW_RADII
     100    SW  149    147   147   121   0.08  0.08   0.10  0.00  0.90     5     0  1.00    1    -     -   FEW_RADII
     110    SW  153    151   151   126   0.00  0.00   0.00  0.00  1.00     1     0  1.00    1    -     -   FEW_RADII
     120    SW  154    152   152   128   0.04  0.04   0.05  0.00  0.95     3     0  1.00    1    -     -   FEW_RADII
     130    SW  178    176   176   142   0.06  0.05   0.07  0.01  0.92     7     0  1.00    2    -     -   FEW_RADII
     140    SW  199    197   197   157   0.06  0.03   0.04  0.02  0.94     3     0  1.00    2    -     -   FEW_RADII
     150    SW  221    219   219   171   0.04  0.04   0.06  0.00  0.94     4     0  1.00    2    -     -   FEW_RADII
     160    SW  232    230   230   188   0.06  0.00   0.00  0.06  0.94     2     0  1.00    2    -     -   FEW_RADII
     170    SW  236    234   234   193   0.06  0.06   0.08  0.00  0.92     3     0  1.00    2    -     -   FEW_RADII
     180    SW  240    238   238   195   0.00  0.00   0.00  0.00  1.00     1     0  1.00    2    -     -   FEW_RADII
     190    SW  242    240   240   187   0.05  0.00   0.00  0.06  0.94     2     0  1.00    2    -     -   FEW_RADII
     200    SW  243    241   240   188   0.03  0.03   0.03  0.00  0.97     4     0  1.00    2    -     -   FEW_RADII
     210    SW  250    248   247   190   0.06  0.06   0.10  0.00  0.90    10     0  1.00    2    -     -   FEW_RADII
     220    SW  267    265   263   201   0.08  0.08   0.14  0.00  0.86    14     0  1.00    3    -     -   FEW_RADII
     230    SW  307    305   295   233   0.11  0.11   0.21  0.00  0.79    28     0  1.00    3    -     -   FEW_RADII
     240    SW  361    359   340   257   0.06  0.05   0.09  0.01  0.90    12     0  1.00    3    -     -   FEW_RADII
     250    SW  414    412   387   301   0.08  0.06   0.07  0.02  0.91     3     0  1.00    3    -     -   FEW_RADII
     260    SW  450    447   424   345   0.08  0.08   0.14  0.00  0.86    30     0  1.00    3    -     -   FEW_RADII
     270    SW  449    447   426   358   0.05  0.04   0.06  0.01  0.92    10     0  1.00    2    -     -   FEW_RADII
     280    SW  450    448   424   360   0.08  0.06   0.11  0.01  0.88    20     0  1.00    3    -     -   FEW_RADII
     290    SW  450    448   429   368   0.09  0.09   0.19  0.00  0.81    38     0  1.00    3    -     -   FEW_RADII
     300    SW  450    448   426   365   0.12  0.11   0.22  0.00  0.77    47     0  1.00    3    -     -   FEW_RADII
     310    SW  450    448   420   362   0.12  0.12   0.23  0.00  0.77    44     0  1.00    3    -     -   FEW_RADII
     320    SW  449    446   410   371   0.14  0.12   0.23  0.01  0.76    46     0  1.00    3    -     -   FEW_RADII
     330    SW  448    445   397   375   0.11  0.10   0.18  0.01  0.81    27     0  1.00    3    -     -   FEW_RADII
     340    SW  449    446   390   381   0.09  0.08   0.16  0.00  0.83    30     0  1.00    3    -     -   FEW_RADII
     350    SW  447    443   390   384   0.12  0.12   0.22  0.00  0.78    41     0  1.00    3    -     -   FEW_RADII
     360    SW  450    446   402   390   0.14  0.13   0.23  0.00  0.77    50     0  1.00    3    -     -   FEW_RADII
     370    SW  449    445   407   392   0.18  0.18   0.30  0.00  0.69    75     0  1.00    3    -     -   FEW_RADII
     380    SW  450    445   415   397   0.10  0.10   0.19  0.00  0.81    35     0  1.00    3    -     -   FEW_RADII
     390    SW  448    444   415   387   0.17  0.17   0.29  0.00  0.71    66     0  1.00    3    -     -   FEW_RADII
     400    SW  450    448   416   386   0.13  0.13   0.23  0.00  0.77    46     0  1.00    3    -     -   FEW_RADII
     410    SW  450    447   412   385   0.17  0.17   0.29  0.00  0.71    70     0  1.00    3    -     -   FEW_RADII
     420    SW  449    443   406   387   0.18  0.18   0.32  0.00  0.68    75     0  1.00    3    -     -   FEW_RADII
     430    SW  450    444   395   395   0.18  0.17   0.29  0.01  0.70    71     0  1.00    3    -     -   FEW_RADII
     440    SW  450    444   395   395   0.24  0.24   0.40  0.00  0.60    96     0  1.00    3    -     -   FEW_RADII
     450    SW  450    444   402   399   0.18  0.16   0.29  0.01  0.70    67     0  1.00    3    -     -   FEW_RADII
     460    SW  449    442   405   403   0.22  0.22   0.38  0.00  0.62    92     0  1.00    3    -     -   FEW_RADII
     470    SW  449    442   408   401   0.25  0.24   0.36  0.01  0.63    96     0  1.00    3    -     -   FEW_RADII
     480    SW  450    442   407   404   0.29  0.29   0.46  0.00  0.54   128     0  1.00    3    -     -   FEW_RADII
     490    SW  450    441   406   404   0.27  0.27   0.42  0.00  0.58   116     0  1.00    3    -     -   FEW_RADII
     500    SW  450    439   410   404   0.38  0.37   0.54  0.00  0.46   161     0  1.00    3    -     -   FEW_RADII
     510    SW  450    434   408   405   0.32  0.32   0.49  0.00  0.51   139     0  1.00    2    -     -   FEW_RADII
     520    SW  450    430   408   406   0.29  0.29   0.43  0.00  0.57   114     0  1.00    2    -     -   FEW_RADII
     530    SW  450    426   407   407   0.28  0.25   0.40  0.01  0.59   108     0  1.00    2    -     -   FEW_RADII
     540    SW  450    426   406   407   0.25  0.25   0.41  0.00  0.59   105     0  1.00    2    -     -   FEW_RADII
     550    SW  450    426   406   408   0.20  0.19   0.32  0.01  0.68    77     0  1.00    2    -     -   FEW_RADII
     560    SW  450    425   405   408   0.16  0.16   0.28  0.00  0.71    63     0  1.00    3    -     -   FEW_RADII
     570    SW  450    424   408   408   0.24  0.24   0.39  0.00  0.60    98     0  1.00    3    -     -   FEW_RADII
     580    SW  450    424   409   410   0.22  0.21   0.35  0.01  0.65    89     0  1.00    3    -     -   FEW_RADII
     590    SW  450    421   409   411   0.20  0.20   0.34  0.00  0.65    83     0  1.00    3    -     -   FEW_RADII
     600    SW  450    419   409   410   0.21  0.19   0.31  0.01  0.68    57     0  1.00    2    -     -   FEW_RADII
     610    SW  450    418   409   410   0.17  0.16   0.29  0.01  0.70    65     0  1.00    2    -     -   FEW_RADII
     620    SW  450    418   409   410   0.20  0.17   0.29  0.02  0.69    66     0  1.00    3    -     -   FEW_RADII
     630    SW  450    416   409   409   0.21  0.19   0.34  0.01  0.65    78     0  1.00    3    -     -   FEW_RADII
     640    SW  450    415   409   409   0.23  0.22   0.37  0.01  0.62    88     0  1.00    3    -     -   FEW_RADII
     650    SW  450    415   409   409   0.21  0.21   0.34  0.00  0.66    88     0  1.00    3    -     -   FEW_RADII
     660    SW  450    415   409   409   0.16  0.15   0.28  0.00  0.72    61     0  1.00    3    -     -   FEW_RADII
     670    SW  450    413   409   409   0.14  0.14   0.25  0.00  0.75    55     0  1.00    3    -     -   FEW_RADII
     680    SW  450    413   409   409   0.17  0.17   0.28  0.00  0.72    66     0  1.00    3    -     -   FEW_RADII
     690    SW  450    413   409   409   0.13  0.13   0.24  0.00  0.76    53     0  1.00    2    -     -   FEW_RADII
     700    SW  450    413   409   409   0.13  0.12   0.23  0.00  0.77    44     0  1.00    2    -     -   FEW_RADII
     710    SW  450    410   409   409   0.16  0.15   0.25  0.01  0.75    57     0  1.00    3    -     -   FEW_RADII
     720    SW  450    410   409   409   0.16  0.16   0.29  0.00  0.71    59     0  1.00    2    -     -   FEW_RADII
     730    SW  450    410   409   407   0.12  0.11   0.17  0.01  0.81    32     0  1.00    2    -     -   FEW_RADII
     740    SW  450    409   409   407   0.17  0.15   0.26  0.01  0.73    51     0  1.00    2    -     -   FEW_RADII
     750    SW  450    409   409   407   0.13  0.13   0.24  0.00  0.76    48     0  1.00    3    -     -   FEW_RADII
     760    SW  450    409   408   407   0.20  0.19   0.33  0.01  0.67    74     0  1.00    3    -     -   FEW_RADII
     770    SW  450    409   407   406   0.16  0.15   0.27  0.01  0.72    62     0  1.00    3    -     -   FEW_RADII
     780    SW  450    409   408   407   0.19  0.18   0.31  0.00  0.69    76     0  1.00    3    -     -   FEW_RADII
     790    SW  450    409   408   407   0.15  0.13   0.23  0.01  0.76    38     0  1.00    3    -     -   FEW_RADII
     800    SW  450    409   408   407   0.15  0.15   0.26  0.00  0.74    58     0  1.00    2    -     -   FEW_RADII
     810    SW  450    409   407   407   0.15  0.14   0.26  0.01  0.74    57     0  1.00    3    -     -   FEW_RADII
     820    SW  450    409   409   406   0.22  0.20   0.34  0.01  0.65    78     0  1.00    3    -     -   FEW_RADII
     830    SW  450    409   409   406   0.18  0.18   0.32  0.00  0.68    74     0  1.00    3    -     -   FEW_RADII
     840    SW  450    409   409   406   0.16  0.14   0.25  0.01  0.73    52     0  1.00    3    -     -   FEW_RADII
     850    SW  450    409   407   405   0.16  0.15   0.25  0.01  0.74    56     0  1.00    3    -     -   FEW_RADII
     860    SW  450    409   404   404   0.26  0.25   0.41  0.01  0.58   101     0  1.00    3    -     -   FEW_RADII
     870    SW  450    409   403   402   0.25  0.25   0.39  0.00  0.60   105     0  1.00    3    -     -   FEW_RADII
     880    SW  450    409   401   402   0.19  0.19   0.33  0.00  0.66    77     0  1.00    3    -     -   FEW_RADII
     890    SW  450    410   402   401   0.24  0.24   0.39  0.00  0.61    83     0  1.00    3    -     -   FEW_RADII
     900    SW  450    410   401   401   0.20  0.18   0.30  0.01  0.69    74     0  1.00    2    -     -   FEW_RADII
    exit reasons: (no windows)
    SW breakdown: {'NO_SCALING_PTS': 1, 'FEW_RADII': 89}
    edge lifetimes (theta=1e-12): n_dead=286 median=226 mean=275.9 p90=472 max=671 censored_alive=859
    coupling with BSW indicator (point-biserial):
      occ_scc3: r =    - 
      fe_cyc  : r =    - 
      occ_scc : r =    - 
      fe_dyad : r =    - 
      b1_H12  : r =    - 
      b1_H6   : r =    - 
      b1_S6   : r =    - 
[symmetric] status=ok snaps=90 BSW_occ=0 windows=0 dead=943 audit=OK
    ep    ph    V  b1_H12 b1_H6 b1_S6  occSCC occSCC3 feCYC feDYAD feOPEN maxSCC refl  gcf  npts slope   r2    fail
      10    SW    5      3     3     3   0.80  0.80   0.83  0.00  0.17     4     0  1.00    0    -     -   NO_SCALING_PTS
      20    SW   14     12    12     8   0.17  0.00   0.00  0.15  0.85     2     0  1.00    0    -     -   NO_SCALING_PTS
      30    SW   25     23    23    17   0.35  0.35   0.55  0.00  0.45     8     0  1.00    1    -     -   FEW_RADII
      40    SW   32     30    30    24   0.67  0.00   0.00  0.40  0.60     2     0  1.00    1    -     -   FEW_RADII
      50    SW   36     34    34    27   0.10  0.10   0.12  0.00  0.88     3     0  1.00    1    -     -   FEW_RADII
      60    SW   40     38    38    31   0.09  0.09   0.15  0.00  0.85     3     0  1.00    1    -     -   FEW_RADII
      70    SW   51     49    49    38   0.16  0.16   0.36  0.00  0.64     7     0  1.00    1    -     -   FEW_RADII
      80    SW   63     61    61    45   0.00  0.00   0.00  0.00  1.00     1     0  1.00    2    -     -   FEW_RADII
      90    SW   69     67    67    49   0.05  0.00   0.00  0.04  0.96     2     0  1.00    2    -     -   FEW_RADII
     100    SW   72     70    70    52   0.06  0.06   0.12  0.00  0.88     3     0  1.00    1    -     -   FEW_RADII
     110    SW   83     81    81    58   0.14  0.14   0.32  0.00  0.68     8     0  1.00    1    -     -   FEW_RADII
     120    SW   94     92    92    67   0.15  0.15   0.33  0.00  0.67    10     0  1.00    2    -     -   FEW_RADII
     130    SW  131    129   129    92   0.11  0.11   0.22  0.00  0.78    11     0  1.00    2    -     -   FEW_RADII
     140    SW  141    139   139   102   0.03  0.03   0.06  0.00  0.94     3     0  1.00    3    -     -   FEW_RADII
     150    SW  143    141   141   103   0.05  0.05   0.13  0.00  0.87     5     0  1.00    2    -     -   FEW_RADII
     160    SW  150    148   148   106   0.03  0.03   0.06  0.00  0.94     3     0  1.00    2    -     -   FEW_RADII
     170    SW  156    154   154   107   0.05  0.05   0.10  0.00  0.90     5     0  1.00    2    -     -   FEW_RADII
     180    SW  152    150   150   105   0.03  0.03   0.06  0.00  0.94     3     0  1.00    2    -     -   FEW_RADII
     190    SW  147    145   145   104   0.03  0.03   0.04  0.00  0.96     3     0  1.00    2    -     -   FEW_RADII
     200    SW  147    145   145   106   0.06  0.06   0.15  0.00  0.85     6     0  1.00    1    -     -   FEW_RADII
     210    SW  152    150   150   110   0.02  0.00   0.00  0.02  0.98     2     0  1.00    1    -     -   FEW_RADII
     220    SW  156    154   154   112   0.02  0.00   0.00  0.02  0.98     2     0  1.00    2    -     -   FEW_RADII
     230    SW  148    146   146   106   0.04  0.04   0.08  0.00  0.92     4     0  1.00    2    -     -   FEW_RADII
     240    SW  150    148   148   110   0.07  0.07   0.17  0.00  0.83     7     0  1.00    2    -     -   FEW_RADII
     250    SW  147    145   145   108   0.05  0.05   0.12  0.00  0.88     5     0  1.00    2    -     -   FEW_RADII
     260    SW  156    154   154   104   0.04  0.04   0.07  0.00  0.93     4     0  1.00    2    -     -   FEW_RADII
     270    SW  166    164   164   100   0.08  0.08   0.21  0.00  0.79    10     0  1.00    2    -     -   FEW_RADII
     280    SW  182    180   180   114   0.12  0.12   0.29  0.00  0.71    17     0  1.00    3    -     -   FEW_RADII
     290    SW  186    184   184   120   0.05  0.05   0.13  0.00  0.87     7     0  1.00    3    -     -   FEW_RADII
     300    SW  182    180   180   128   0.09  0.09   0.23  0.00  0.77    11     0  1.00    3    -     -   FEW_RADII
     310    SW  199    197   197   149   0.10  0.10   0.23  0.00  0.77    14     0  1.00    3    -     -   FEW_RADII
     320    SW  204    202   202   150   0.02  0.00   0.00  0.02  0.98     2     0  1.00    3    -     -   FEW_RADII
     330    SW  209    206   206   150   0.06  0.06   0.14  0.00  0.86     7     0  1.00    3    -     -   FEW_RADII
     340    SW  217    215   215   153   0.06  0.06   0.16  0.00  0.84     8     0  1.00    2    -     -   FEW_RADII
     350    SW  230    227   227   166   0.08  0.08   0.21  0.00  0.79    11     0  1.00    2    -     -   FEW_RADII
     360    SW  240    238   238   173   0.05  0.05   0.15  0.00  0.85     8     0  1.00    2    -     -   FEW_RADII
     370    SW  247    244   244   182   0.02  0.02   0.04  0.00  0.96     3     0  1.00    2    -     -   FEW_RADII
     380    SW  243    241   241   185   0.05  0.05   0.13  0.00  0.87     7     0  1.00    2    -     -   FEW_RADII
     390    SW  266    264   264   196   0.08  0.08   0.19  0.00  0.81    13     0  1.00    2    -     -   FEW_RADII
     400    SW  270    268   268   199   0.07  0.07   0.18  0.00  0.82    11     0  1.00    2    -     -   FEW_RADII
     410    SW  263    261   261   195   0.01  0.00   0.00  0.01  0.99     2     0  1.00    2    -     -   FEW_RADII
     420    SW  258    256   256   178   0.03  0.03   0.06  0.00  0.94     4     0  1.00    2    -     -   FEW_RADII
     430    SW  251    249   249   161   0.03  0.03   0.08  0.00  0.92     5     0  1.00    2    -     -   FEW_RADII
     440    SW  238    236   235   145   0.04  0.04   0.09  0.00  0.91     5     0  1.00    2    -     -   FEW_RADII
     450    SW  217    213   213   141   0.08  0.08   0.17  0.00  0.83    10     0  1.00    2    -     -   FEW_RADII
     460    SW  222    220   219   146   0.10  0.10   0.25  0.00  0.75    13     0  1.00    2    -     -   FEW_RADII
     470    SW  238    236   236   161   0.13  0.13   0.29  0.00  0.71    21     0  1.00    2    -     -   FEW_RADII
     480    SW  216    214   214   156   0.05  0.05   0.12  0.00  0.88     7     0  1.00    2    -     -   FEW_RADII
     490    SW  221    219   219   162   0.50  0.50   0.44  0.00  0.56     3     0  1.00    2    -     -   FEW_RADII
     500    SW  221    218   218   154   0.06  0.06   0.17  0.00  0.83     9     0  1.00    3    -     -   FEW_RADII
     510    SW  223    221   221   157   0.01  0.00   0.00  0.01  0.99     2     0  1.00    3    -     -   FEW_RADII
     520    SW  218    216   216   153   0.05  0.05   0.14  0.00  0.86     7     0  1.00    2    -     -   FEW_RADII
     530    SW  227    225   225   154   0.06  0.06   0.15  0.00  0.85     8     0  1.00    3    -     -   FEW_RADII
     540    SW  235    233   233   151   0.05  0.05   0.11  0.00  0.89     7     0  1.00    2    -     -   FEW_RADII
     550    SW  234    232   232   151   0.03  0.03   0.09  0.00  0.91     5     0  1.00    2    -     -   FEW_RADII
     560    SW  222    220   220   158   0.04  0.04   0.08  0.00  0.92     6     0  1.00    2    -     -   FEW_RADII
     570    SW  219    217   216   158   0.05  0.05   0.12  0.00  0.88     7     0  1.00    2    -     -   FEW_RADII
     580    SW  218    216   216   157   0.02  0.02   0.04  0.00  0.96     3     0  1.00    2    -     -   FEW_RADII
     590    SW  224    222   222   155   0.03  0.03   0.04  0.00  0.96     4     0  1.00    2    -     -   FEW_RADII
     600    SW  232    230   230   151   0.07  0.07   0.20  0.00  0.80    10     0  1.00    2    -     -   FEW_RADII
     610    SW  260    258   258   160   0.11  0.11   0.27  0.00  0.73    20     0  1.00    2    -     -   FEW_RADII
     620    SW  281    278   278   177   0.08  0.08   0.21  0.00  0.79    16     0  1.00    2    -     -   FEW_RADII
     630    SW  272    270   270   184   0.03  0.03   0.05  0.00  0.95     5     0  1.00    2    -     -   FEW_RADII
     640    SW  246    243   243   162   0.03  0.03   0.07  0.00  0.93     4     0  1.00    3    -     -   FEW_RADII
     650    SW  237    234   234   163   0.01  0.00   0.00  0.01  0.99     2     0  1.00    2    -     -   FEW_RADII
     660    SW  231    228   228   154   0.03  0.03   0.07  0.00  0.93     4     0  1.00    2    -     -   FEW_RADII
     670    SW  229    226   226   155   0.06  0.06   0.17  0.00  0.83     9     0  1.00    2    -     -   FEW_RADII
     680    SW  230    228   228   162   0.06  0.06   0.15  0.00  0.85     9     0  1.00    3    -     -   FEW_RADII
     690    SW  238    235   235   163   0.08  0.08   0.22  0.00  0.78    12     0  1.00    2    -     -   FEW_RADII
     700    SW  241    239   239   168   0.02  0.02   0.03  0.00  0.97     3     0  1.00    2    -     -   FEW_RADII
     710    SW  232    230   230   164   0.03  0.03   0.07  0.00  0.93     4     0  1.00    2    -     -   FEW_RADII
     720    SW  226    224   224   158   0.03  0.03   0.07  0.00  0.93     4     0  1.00    2    -     -   FEW_RADII
     730    SW  230    228   228   162   0.05  0.05   0.11  0.00  0.89     6     0  1.00    2    -     -   FEW_RADII
     740    SW  241    239   239   171   0.08  0.08   0.21  0.00  0.79    12     0  1.00    2    -     -   FEW_RADII
     750    SW  264    262   262   173   0.06  0.06   0.16  0.00  0.84    10     0  1.00    3    -     -   FEW_RADII
     760    SW  275    273   273   156   0.03  0.03   0.07  0.00  0.93     5     0  1.00    3    -     -   FEW_RADII
     770    SW  256    254   254   152   0.14  0.00   0.00  0.12  0.88     2     0  1.00    2    -     -   FEW_RADII
     780    SW  248    245   245   156   0.06  0.06   0.15  0.00  0.85     9     0  1.00    2    -     -   FEW_RADII
     790    SW  221    218   218   159   0.33  0.00   0.00  0.29  0.71     2     0  1.00    2    -     -   FEW_RADII
     800    SW  222    219   219   167   0.36  0.36   0.38  0.00  0.62     5     0  1.00    2    -     -   FEW_RADII
     810    SW  229    227   227   169   0.04  0.04   0.07  0.00  0.93     6     0  1.00    3    -     -   FEW_RADII
     820    SW  241    239   239   163   0.14  0.00   0.00  0.12  0.88     2     0  1.00    3    -     -   FEW_RADII
     830    SW  229    227   227   150   0.02  0.02   0.04  0.00  0.96     3     0  1.00    3    -     -   FEW_RADII
     840    SW  220    218   217   141   0.03  0.03   0.07  0.00  0.93     4     0  1.00    2    -     -   FEW_RADII
     850    SW  203    201   198   140   0.04  0.04   0.09  0.00  0.91     5     0  1.00    2    -     -   FEW_RADII
     860    SW  205    203   203   148   0.11  0.11   0.27  0.00  0.73    16     0  1.00    2    -     -   FEW_RADII
     870    SW  213    211   211   157   0.03  0.03   0.08  0.00  0.92     5     0  1.00    2    -     -   FEW_RADII
     880    SW  227    225   225   162   0.06  0.06   0.15  0.00  0.85     9     0  1.00    2    -     -   FEW_RADII
     890    SW  252    250   250   165   0.09  0.09   0.24  0.00  0.76    15     0  1.00    2    -     -   FEW_RADII
     900    SW  237    235   234   150   0.01  0.00   0.00  0.01  0.99     2     0  1.00    2    -     -   FEW_RADII
    exit reasons: (no windows)
    SW breakdown: {'NO_SCALING_PTS': 2, 'FEW_RADII': 88}
    edge lifetimes (theta=1e-12): n_dead=1886 median=162 mean=160.7 p90=181 max=205 censored_alive=471
    coupling with BSW indicator (point-biserial):
      occ_scc3: r =    - 
      fe_cyc  : r =    - 
      occ_scc : r =    - 
      fe_dyad : r =    - 
      b1_H12  : r =    - 
      b1_H6   : r =    - 
      b1_S6   : r =    - 
    --- asymmetric prediction pre-test (directed minus symmetric, point-biserial r with BSW) ---
      occ_scc3: r_dir=   -   r_sym=   -   diff=   - 
      fe_cyc  : r_dir=   -   r_sym=   -   diff=   - 
      b1_H12  : r_dir=   -   r_sym=   -   diff=   - 
====================================================================================================
SEED 10  rule=T1 g=0.075 N=450 epochs=900 (paired directed / symmetric, identical seed)
====================================================================================================
[directed ] status=ok snaps=90 BSW_occ=17 windows=7 dead=562 audit=OK
    ep    ph    V  b1_H12 b1_H6 b1_S6  occSCC occSCC3 feCYC feDYAD feOPEN maxSCC refl  gcf  npts slope   r2    fail
      10    SW    4      2     2     1   0.00  0.00   0.00  0.00  1.00     1    12  1.00    0    -     -   NO_SCALING_PTS
      20    SW   26     24    24    17   0.35  0.35   0.40  0.00  0.60     9     0  1.00    1    -     -   FEW_RADII
      30    SW   52     50    50    37   0.00  0.00   0.00  0.00  1.00     1     0  1.00    1    -     -   FEW_RADII
      40    SW   68     66    66    51   0.00  0.00   0.00  0.00  1.00     1     0  1.00    1    -     -   FEW_RADII
      50    SW   74     72    72    52   0.00  0.00   0.00  0.00  1.00     1     0  1.00    1    -     -   FEW_RADII
      60    SW   74     72    72    53   0.15  0.00   0.00  0.15  0.85     2     0  1.00    1    -     -   FEW_RADII
      70    SW   78     76    76    62   0.05  0.05   0.10  0.00  0.90     4     0  1.00    1    -     -   FEW_RADII
      80    SW   88     86    86    71   0.11  0.11   0.16  0.00  0.84     8     0  1.00    1    -     -   FEW_RADII
      90    SW   90     88    88    75   0.00  0.00   0.00  0.00  1.00     1     0  1.00    1    -     -   FEW_RADII
     100    SW   98     96    96    84   0.07  0.07   0.09  0.00  0.91     4     0  1.00    2    -     -   FEW_RADII
     110    SW  120    118   118    94   0.15  0.15   0.27  0.00  0.73    15     0  1.00    2    -     -   FEW_RADII
     120    SW  135    133   133   106   0.03  0.00   0.00  0.03  0.97     2     0  1.00    2    -     -   FEW_RADII
     130    SW  149    147   147   112   0.00  0.00   0.00  0.00  1.00     1     0  1.00    2    -     -   FEW_RADII
     140    SW  155    153   153   116   0.05  0.03   0.06  0.01  0.93     4     0  1.00    2    -     -   FEW_RADII
     150    SW  160    158   158   125   0.00  0.00   0.00  0.00  1.00     1     0  1.00    2    -     -   FEW_RADII
     160    SW  165    163   163   131   0.04  0.00   0.00  0.04  0.96     2     0  1.00    2    -     -   FEW_RADII
     170    SW  168    166   166   132   0.02  0.00   0.00  0.02  0.98     2     0  1.00    1    -     -   FEW_RADII
     180    SW  170    168   168   130   0.00  0.00   0.00  0.00  1.00     1     0  1.00    1    -     -   FEW_RADII
     190    SW  174    172   172   131   0.02  0.00   0.00  0.02  0.98     2     0  1.00    1    -     -   FEW_RADII
     200    SW  181    178   178   139   0.06  0.06   0.10  0.00  0.90     7     0  1.00    1    -     -   FEW_RADII
     210    SW  185    183   180   147   0.02  0.00   0.00  0.02  0.98     2     0  1.00    1    -     -   FEW_RADII
     220    SW  199    197   190   156   0.05  0.05   0.08  0.00  0.92     6     0  1.00    3    -     -   FEW_RADII
     230    SW  216    214   208   170   0.06  0.06   0.10  0.00  0.90    12     0  1.00    3    -     -   FEW_RADII
     240    SW  238    236   229   182   0.00  0.00   0.00  0.00  1.00     1     0  1.00    2    -     -   FEW_RADII
     250    SW  245    243   235   185   0.05  0.04   0.05  0.02  0.93     4     0  1.00    2    -     -   FEW_RADII
     260    SW  259    257   248   188   0.08  0.07   0.10  0.01  0.89     7     0  1.00    2    -     -   FEW_RADII
     270    SW  276    274   265   198   0.03  0.00   0.00  0.03  0.97     2     0  1.00    2    -     -   FEW_RADII
     280    SW  283    281   272   201   0.00  0.00   0.00  0.00  1.00     1     0  1.00    2    -     -   FEW_RADII
     290    SW  289    287   267   207   0.13  0.11   0.18  0.02  0.80     9     0  1.00    3    -     -   FEW_RADII
     300    SW  296    293   260   211   0.03  0.03   0.05  0.00  0.95     4     0  1.00    2    -     -   FEW_RADII
     310    SW  308    305   265   223   0.03  0.03   0.04  0.00  0.96     4     0  1.00    2    -     -   FEW_RADII
     320    SW  329    325   282   241   0.07  0.06   0.11  0.01  0.88    13     0  1.00    3    -     -   FEW_RADII
     330    SW  348    344   306   247   0.06  0.06   0.13  0.00  0.87    13     0  1.00    2    -     -   FEW_RADII
     340    SW  371    369   332   261   0.07  0.07   0.11  0.00  0.89    12     0  1.00    3    -     -   FEW_RADII
     350    SW  375    373   338   262   0.03  0.03   0.06  0.00  0.94     4     0  1.00    2    -     -   FEW_RADII
     360    SW  372    369   340   260   0.06  0.06   0.07  0.00  0.93     3     0  1.00    2    -     -   FEW_RADII
     370    SW  369    366   338   252   0.00  0.00   0.00  0.00  1.00     1     0  1.00    2    -     -   FEW_RADII
     380    SW  366    363   333   248   0.00  0.00   0.00  0.00  1.00     1     0  1.00    2    -     -   FEW_RADII
     390    SW  366    362   330   247   0.04  0.00   0.00  0.04  0.96     2     0  1.00    2    -     -   FEW_RADII
     400    SW  362    358   317   235   0.00  0.00   0.00  0.00  1.00     1     0  1.00    2    -     -   FEW_RADII
     410    SW  360    356   307   235   0.01  0.00   0.00  0.01  0.99     2     0  1.00    2    -     -   FEW_RADII
     420    SW  367    363   303   235   0.05  0.05   0.08  0.00  0.92     8     1  1.00    3    -     -   FEW_RADII
     430    SW  382    378   319   241   0.11  0.00   0.00  0.12  0.88     2     1  1.00    3    -     -   FEW_RADII
     440    SW  384    380   311   240   0.05  0.00   0.00  0.05  0.95     2     0  1.00    3    -     -   FEW_RADII
     450    SW  381    376   306   234   0.08  0.00   0.00  0.08  0.92     2     6  1.00    3    -     -   FEW_RADII
     460    SW  384    379   308   226   0.02  0.00   0.00  0.02  0.98     2     0  1.00    3    -     -   FEW_RADII
     470    SW  366    358   298   206   0.00  0.00   0.00  0.00  1.00     1     0  1.00    3    -     -   FEW_RADII
     480    SW  362    351   293   189   0.03  0.00   0.00  0.03  0.97     2     0  1.00    2    -     -   FEW_RADII
     490    SW  356    340   280   175   0.04  0.04   0.07  0.00  0.93     8     0  1.00    3    -     -   FEW_RADII
     500    SW  376    357   284   189   0.08  0.07   0.13  0.01  0.86    11     0  1.00    3    -     -   FEW_RADII
     510  METR  377    354   274   197   0.07  0.07   0.10  0.00  0.90     9     0  1.00    4  2.08  1.00  -
     520  METR  392    368   276   207   0.05  0.00   0.00  0.06  0.94     2     0  1.00    4  2.04  1.00  -
     530  METR  369    335   262   211   0.05  0.00   0.00  0.05  0.95     2     0  1.00    4  2.27  1.00  -
     540    SW  355    324   269   214   0.04  0.04   0.05  0.00  0.95     4     0  1.00    3    -     -   FEW_RADII
     550    SW  352    320   268   213   0.13  0.00   0.00  0.11  0.89     2     0  1.00    3    -     -   FEW_RADII
     560    SW  342    311   274   214   0.03  0.00   0.00  0.03  0.97     2     0  1.00    3    -     -   FEW_RADII
     570    SW  340    309   274   212   0.00  0.00   0.00  0.00  1.00     1     0  1.00    3    -     -   FEW_RADII
     580    SW  334    302   274   208   0.05  0.00   0.00  0.05  0.95     2     7  1.00    3    -     -   FEW_RADII
     590    SW  342    307   281   215   0.08  0.08   0.11  0.00  0.89     7     0  1.00    3    -     -   FEW_RADII
     600    SW  353    317   291   228   0.16  0.12   0.15  0.03  0.82     3     0  1.00    3    -     -   FEW_RADII
     610    SW  358    324   287   229   0.08  0.00   0.00  0.08  0.92     2     0  1.00    3    -     -   FEW_RADII
     620  METR  378    342   300   249   0.10  0.10   0.19  0.00  0.81    26     0  1.00    4  2.35  1.00  -
     630  METR  400    363   325   264   0.06  0.06   0.09  0.00  0.91     7     0  1.00    4  2.31  1.00  -
     640  METR  415    378   342   265   0.03  0.03   0.05  0.00  0.95     4     2  1.00    4  2.28  1.00  -
     650  METR  411    376   344   261   0.03  0.00   0.00  0.03  0.97     2     1  1.00    4  2.59  1.00  -
     660    SW  414    377   346   260   0.03  0.02   0.02  0.01  0.97     3     0  1.00    3    -     -   FEW_RADII
     670    SW  412    376   345   265   0.05  0.00   0.00  0.05  0.95     2     0  1.00    3    -     -   FEW_RADII
     680    SW  411    374   326   264   0.06  0.06   0.07  0.00  0.93     4     0  1.00    3    -     -   FEW_RADII
     690    SW  409    371   311   258   0.08  0.05   0.08  0.03  0.89     6     1  1.00    3    -     -   FEW_RADII
     700  METR  408    367   308   264   0.08  0.05   0.07  0.02  0.90     7     0  1.00    4  2.53  1.00  -
     710  METR  417    374   310   265   0.03  0.02   0.03  0.01  0.96     3     1  1.00    4  2.49  1.00  -
     720    SW  433    391   329   269   0.07  0.05   0.09  0.02  0.90    10     4  1.00    3    -     -   FEW_RADII
     730  METR  447    404   349   276   0.08  0.00   0.00  0.09  0.91     2     0  1.00    4  2.46  1.00  -
     740    SW  449    409   350   281   0.07  0.04   0.05  0.03  0.92     3     0  1.00    3    -     -   FEW_RADII
     750    SW  449    406   350   281   0.10  0.05   0.08  0.04  0.88     4     4  1.00    3    -     -   FEW_RADII
     760    SW  444    399   348   274   0.19  0.19   0.19  0.00  0.81     3     0  1.00    3    -     -   FEW_RADII
     770    SW  435    392   338   267   0.19  0.19   0.22  0.00  0.78     3     1  1.00    3    -     -   FEW_RADII
     780    SW  426    381   334   257   0.03  0.00   0.00  0.03  0.97     2     0  1.00    3    -     -   FEW_RADII
     790    SW  422    374   329   249   0.06  0.06   0.11  0.00  0.89     7     0  1.00    3    -     -   FEW_RADII
     800  METR  423    371   320   239   0.00  0.00   0.00  0.00  1.00     1     2  1.00    4  2.55  1.00  -
     810    SW  411    359   296   236   0.00  0.00   0.00  0.00  1.00     1     0  0.99    3    -     -   FEW_RADII
     820    SW  401    350   281   231   0.28  0.28   0.40  0.00  0.60     5     0  1.00    3    -     -   FEW_RADII
     830    SW  395    342   275   228   0.11  0.00   0.00  0.12  0.88     2     3  1.00    2    -     -   FEW_RADII
     840  METR  395    341   279   221   0.17  0.13   0.25  0.03  0.72     7     1  1.00    4  2.61  1.00  -
     850    SW  391    339   280   223   0.07  0.06   0.10  0.01  0.89     6     5  1.00    3    -     -   FEW_RADII
     860  METR  414    362   309   231   0.12  0.09   0.17  0.02  0.81    22     7  1.00    5  2.21  1.00  -
     870  METR  446    388   341   250   0.12  0.10   0.15  0.03  0.83    10     6  1.00    5  2.28  0.99  -
     880  METR  446    384   345   246   0.09  0.06   0.09  0.03  0.89     8     0  1.00    4  2.26  1.00  -
     890  METR  445    383   343   251   0.06  0.04   0.06  0.02  0.92     5     0  1.00    4  2.32  1.00  -
     900  METR  439    376   331   251   0.03  0.00   0.00  0.03  0.97     2     0  1.00    4  2.47  1.00  -
    window ep510-530 len=3 exit=SW
    window ep620-650 len=4 exit=SW
    window ep700-710 len=2 exit=SW
    window ep730-730 len=1 exit=SW
    window ep800-800 len=1 exit=SW
    window ep840-840 len=1 exit=SW
    window ep860-900 len=5 exit=END
    exit reasons: {'SW': 6, 'END': 1}
    SW breakdown: {'NO_SCALING_PTS': 1, 'FEW_RADII': 72}
    edge lifetimes (theta=1e-12): n_dead=1185 median=229 mean=283.9 p90=502 max=876 censored_alive=814
    coupling with BSW indicator (point-biserial):
      occ_scc3: r =  0.02
      fe_cyc  : r =  0.07
      occ_scc : r =  0.06
      fe_dyad : r =  0.07
      b1_H12  : r =  0.34
      b1_H6   : r =  0.31
      b1_S6   : r =  0.31
[symmetric] status=ok snaps=90 BSW_occ=0 windows=0 dead=866 audit=OK
    ep    ph    V  b1_H12 b1_H6 b1_S6  occSCC occSCC3 feCYC feDYAD feOPEN maxSCC refl  gcf  npts slope   r2    fail
      10    SW    6      4     4     2   0.83  0.83   0.88  0.00  0.12     5     0  1.00    0    -     -   NO_SCALING_PTS
      20    SW   25     23    23    15   0.36  0.36   0.49  0.00  0.51     9     0  1.00    1    -     -   FEW_RADII
      30    SW   48     46    46    36   0.40  0.33   0.54  0.03  0.42    10     0  1.00    1    -     -   FEW_RADII
      40    SW   69     67    67    51   0.15  0.15   0.23  0.00  0.77     7     0  1.00    1    -     -   FEW_RADII
      50    SW   74     72    72    56   0.09  0.09   0.12  0.00  0.88     4     0  1.00    1    -     -   FEW_RADII
      60    SW   76     74    74    58   0.07  0.07   0.12  0.00  0.88     3     0  1.00    1    -     -   FEW_RADII
      70    SW   86     84    84    64   0.12  0.12   0.27  0.00  0.73     6     0  1.00    1    -     -   FEW_RADII
      80    SW  110    108   108    80   0.13  0.13   0.29  0.00  0.71    10     0  1.00    2    -     -   FEW_RADII
      90    SW  115    113   113    82   0.03  0.00   0.00  0.03  0.97     2     0  1.00    2    -     -   FEW_RADII
     100    SW  121    119   119    87   0.03  0.00   0.00  0.03  0.97     2     0  1.00    2    -     -   FEW_RADII
     110    SW  129    127   127    95   0.08  0.08   0.19  0.00  0.81     6     0  1.00    1    -     -   FEW_RADII
     120    SW  137    135   135   100   0.07  0.07   0.16  0.00  0.84     6     0  1.00    2    -     -   FEW_RADII
     130    SW  152    150   150   111   0.06  0.06   0.13  0.00  0.87     6     0  1.00    2    -     -   FEW_RADII
     140    SW  163    161   161   118   0.06  0.06   0.13  0.00  0.87     6     0  1.00    2    -     -   FEW_RADII
     150    SW  185    183   183   134   0.14  0.14   0.35  0.00  0.65    18     0  1.00    2    -     -   FEW_RADII
     160    SW  209    207   207   141   0.04  0.04   0.09  0.00  0.91     6     0  1.00    2    -     -   FEW_RADII
     170    SW  220    218   218   132   0.03  0.03   0.04  0.00  0.96     4     0  1.00    2    -     -   FEW_RADII
     180    SW  212    210   210   125   0.02  0.00   0.00  0.02  0.98     2     0  1.00    2    -     -   FEW_RADII
     190    SW  192    190   186   116   0.05  0.05   0.13  0.00  0.87     6     0  1.00    3    -     -   FEW_RADII
     200    SW  179    176   176   118   0.07  0.07   0.17  0.00  0.83     8     0  1.00    2    -     -   FEW_RADII
     210    SW  185    183   183   122   0.09  0.09   0.21  0.00  0.79    11     0  1.00    2    -     -   FEW_RADII
     220    SW  187    185   185   117   0.00  0.00   0.00  0.00  1.00     1     0  1.00    2    -     -   FEW_RADII
     230    SW  183    181   181   111   0.02  0.00   0.00  0.02  0.98     2     0  1.00    2    -     -   FEW_RADII
     240    SW  173    171   171   110   0.03  0.03   0.05  0.00  0.95     3     0  1.00    2    -     -   FEW_RADII
     250    SW  161    159   159   109   0.05  0.05   0.11  0.00  0.89     5     0  1.00    2    -     -   FEW_RADII
     260    SW  177    175   175   119   0.06  0.06   0.13  0.00  0.87     8     0  1.00    2    -     -   FEW_RADII
     270    SW  182    180   180   118   0.05  0.05   0.12  0.00  0.88     6     0  1.00    2    -     -   FEW_RADII
     280    SW  180    178   178   119   0.04  0.04   0.08  0.00  0.92     5     0  1.00    2    -     -   FEW_RADII
     290    SW  174    171   171   109   0.03  0.03   0.05  0.00  0.95     3     0  1.00    2    -     -   FEW_RADII
     300    SW  188    186   186   109   0.12  0.12   0.31  0.00  0.69    16     0  1.00    2    -     -   FEW_RADII
     310    SW  194    191   191   113   0.00  0.00   0.00  0.00  1.00     1     0  1.00    3    -     -   FEW_RADII
     320    SW  174    171   169   109   0.02  0.00   0.00  0.02  0.98     2     0  1.00    3    -     -   FEW_RADII
     330    SW  175    173   171   117   0.06  0.06   0.15  0.00  0.85     7     0  1.00    2    -     -   FEW_RADII
     340    SW  172    170   170   118   0.05  0.05   0.10  0.00  0.90     6     0  1.00    2    -     -   FEW_RADII
     350    SW  172    170   170   122   0.03  0.03   0.04  0.00  0.96     3     0  1.00    2    -     -   FEW_RADII
     360    SW  175    173   173   123   0.02  0.00   0.00  0.02  0.98     2     0  1.00    2    -     -   FEW_RADII
     370    SW  175    173   173   123   0.33  0.33   0.38  0.00  0.62     4     0  1.00    2    -     -   FEW_RADII
     380    SW  173    170   170   129   0.04  0.04   0.07  0.00  0.93     4     0  1.00    2    -     -   FEW_RADII
     390    SW  169    167   167   126   0.02  0.00   0.00  0.02  0.98     2     0  1.00    2    -     -   FEW_RADII
     400    SW  175    173   173   122   0.09  0.09   0.22  0.00  0.78     9     0  1.00    2    -     -   FEW_RADII
     410    SW  180    178   178   122   0.02  0.00   0.00  0.02  0.98     2     0  1.00    2    -     -   FEW_RADII
     420    SW  165    163   163   114   0.02  0.00   0.00  0.02  0.98     2     0  1.00    1    -     -   FEW_RADII
     430    SW  160    158   158   111   0.05  0.05   0.10  0.00  0.90     5     0  1.00    1    -     -   FEW_RADII
     440    SW  162    160   158   107   0.25  0.25   0.24  0.00  0.76     4     0  1.00    2    -     -   FEW_RADII
     450    SW  159    157   157   100   0.03  0.03   0.04  0.00  0.96     3     0  1.00    2    -     -   FEW_RADII
     460    SW  159    157   157    93   0.03  0.03   0.06  0.00  0.94     3     0  1.00    2    -     -   FEW_RADII
     470    SW  150    147   145    93   0.06  0.06   0.14  0.00  0.86     6     0  1.00    2    -     -   FEW_RADII
     480    SW  141    139   139    86   0.06  0.06   0.16  0.00  0.84     6     0  1.00    2    -     -   FEW_RADII
     490    SW  156    154   154    87   0.10  0.10   0.25  0.00  0.75    11     0  1.00    2    -     -   FEW_RADII
     500    SW  170    168   168    91   0.06  0.06   0.13  0.00  0.87     7     0  1.00    3    -     -   FEW_RADII
     510    SW  184    182   176   106   0.10  0.10   0.23  0.00  0.77    13     0  1.00    3    -     -   FEW_RADII
     520    SW  203    201   201   129   0.12  0.12   0.25  0.00  0.75    18     0  1.00    3    -     -   FEW_RADII
     530    SW  215    213   213   137   0.03  0.03   0.08  0.00  0.92     4     0  1.00    3    -     -   FEW_RADII
     540    SW  222    220   220   137   0.03  0.03   0.05  0.00  0.95     4     0  1.00    3    -     -   FEW_RADII
     550    SW  215    213   213   139   0.03  0.03   0.08  0.00  0.92     4     0  1.00    2    -     -   FEW_RADII
     560    SW  218    215   215   140   0.02  0.00   0.00  0.02  0.98     2     0  1.00    2    -     -   FEW_RADII
     570    SW  214    212   212   138   0.02  0.00   0.00  0.02  0.98     2     0  1.00    2    -     -   FEW_RADII
     580    SW  213    211   211   136   0.02  0.00   0.00  0.02  0.98     2     0  1.00    2    -     -   FEW_RADII
     590    SW  210    208   208   137   0.02  0.00   0.00  0.02  0.98     2     0  1.00    2    -     -   FEW_RADII
     600    SW  213    211   211   139   0.06  0.06   0.16  0.00  0.84     8     0  1.00    1    -     -   FEW_RADII
     610    SW  223    221   221   145   0.07  0.07   0.17  0.00  0.83    10     0  1.00    2    -     -   FEW_RADII
     620    SW  228    226   226   148   0.13  0.13   0.17  0.00  0.83     4     0  1.00    2    -     -   FEW_RADII
     630    SW  222    220   220   146   0.14  0.14   0.17  0.00  0.83     5     0  1.00    2    -     -   FEW_RADII
     640    SW  221    219   219   143   0.03  0.03   0.04  0.00  0.96     4     0  1.00    2    -     -   FEW_RADII
     650    SW  216    214   214   132   0.06  0.06   0.17  0.00  0.83     7     0  1.00    2    -     -   FEW_RADII
     660    SW  221    218   218   120   0.08  0.08   0.20  0.00  0.80    10     0  1.00    2    -     -   FEW_RADII
     670    SW  226    224   224   121   0.09  0.09   0.22  0.00  0.78    12     0  1.00    3    -     -   FEW_RADII
     680    SW  219    217   216   122   0.07  0.07   0.17  0.00  0.83     8     0  1.00    3    -     -   FEW_RADII
     690    SW  189    187   178   122   0.03  0.03   0.05  0.00  0.95     3     0  1.00    2    -     -   FEW_RADII
     700    SW  183    181   181   126   0.12  0.12   0.30  0.00  0.70    14     0  1.00    2    -     -   FEW_RADII
     710    SW  188    186   186   129   0.03  0.03   0.06  0.00  0.94     3     0  1.00    2    -     -   FEW_RADII
     720    SW  191    189   189   130   0.02  0.00   0.00  0.02  0.98     2     0  1.00    2    -     -   FEW_RADII
     730    SW  191    189   189   131   0.02  0.00   0.00  0.02  0.98     2     0  1.00    2    -     -   FEW_RADII
     740    SW  197    195   195   129   0.04  0.04   0.07  0.00  0.93     4     0  1.00    2    -     -   FEW_RADII
     750    SW  198    196   196   124   0.04  0.04   0.08  0.00  0.92     4     0  1.00    2    -     -   FEW_RADII
     760    SW  192    190   190   113   0.03  0.03   0.05  0.00  0.95     3     0  1.00    2    -     -   FEW_RADII
     770    SW  202    199   199   119   0.16  0.16   0.18  0.00  0.82     3     0  1.00    2    -     -   FEW_RADII
     780    SW  202    200   196   120   0.04  0.04   0.07  0.00  0.93     4     0  1.00    2    -     -   FEW_RADII
     790    SW  209    207   198   124   0.06  0.06   0.16  0.00  0.84     8     0  1.00    2    -     -   FEW_RADII
     800    SW  207    205   184   124   0.04  0.04   0.08  0.00  0.92     5     0  1.00    2    -     -   FEW_RADII
     810    SW  183    181   181   110   0.42  0.42   0.48  0.00  0.52     5     0  1.00    2    -     -   FEW_RADII
     820    SW  196    194   194   104   0.11  0.11   0.28  0.00  0.72    15     0  1.00    2    -     -   FEW_RADII
     830    SW  203    201   200   118   0.04  0.04   0.08  0.00  0.92     6     0  1.00    3    -     -   FEW_RADII
     840    SW  169    166   166   111   0.03  0.03   0.04  0.00  0.96     3     0  1.00    2    -     -   FEW_RADII
     850    SW  158    156   156   112   0.05  0.05   0.13  0.00  0.87     5     0  1.00    1    -     -   FEW_RADII
     860    SW  148    146   146   110   0.02  0.00   0.00  0.02  0.98     2     0  1.00    1    -     -   FEW_RADII
     870    SW  162    160   160   114   0.13  0.13   0.32  0.00  0.68    13     0  1.00    3    -     -   FEW_RADII
     880    SW  179    177   177   129   0.08  0.08   0.20  0.00  0.80     9     0  1.00    2    -     -   FEW_RADII
     890    SW  204    202   202   150   0.15  0.15   0.34  0.00  0.66    21     0  1.00    2    -     -   FEW_RADII
     900    SW  214    212   212   154   0.38  0.38   0.33  0.00  0.67     3     0  1.00    2    -     -   FEW_RADII
    exit reasons: (no windows)
    SW breakdown: {'NO_SCALING_PTS': 1, 'FEW_RADII': 89}
    edge lifetimes (theta=1e-12): n_dead=1732 median=163 mean=161.9 p90=184 max=228 censored_alive=425
    coupling with BSW indicator (point-biserial):
      occ_scc3: r =    - 
      fe_cyc  : r =    - 
      occ_scc : r =    - 
      fe_dyad : r =    - 
      b1_H12  : r =    - 
      b1_H6   : r =    - 
      b1_S6   : r =    - 
    --- asymmetric prediction pre-test (directed minus symmetric, point-biserial r with BSW) ---
      occ_scc3: r_dir= 0.02  r_sym=   -   diff=   - 
      fe_cyc  : r_dir= 0.07  r_sym=   -   diff=   - 
      b1_H12  : r_dir= 0.34  r_sym=   -   diff=   - 
====================================================================================================
SEED 15  rule=T1 g=0.075 N=450 epochs=900 (paired directed / symmetric, identical seed)
====================================================================================================
[directed ] status=ok snaps=90 BSW_occ=17 windows=5 dead=617 audit=OK
    ep    ph    V  b1_H12 b1_H6 b1_S6  occSCC occSCC3 feCYC feDYAD feOPEN maxSCC refl  gcf  npts slope   r2    fail
      10    SW   11      9     9     7   0.00  0.00   0.00  0.00  1.00     1     9  1.00    0    -     -   NO_SCALING_PTS
      20    SW   20     18    18    15   0.12  0.00   0.00  0.09  0.91     2     0  1.00    1    -     -   FEW_RADII
      30    SW   32     30    30    23   0.00  0.00   0.00  0.00  1.00     1     0  1.00    1    -     -   FEW_RADII
      40    SW   38     36    36    27   0.07  0.00   0.00  0.06  0.94     2     0  1.00    1    -     -   FEW_RADII
      50    SW   72     70    70    51   0.14  0.14   0.23  0.00  0.77    10     0  1.00    1    -     -   FEW_RADII
      60    SW   88     86    86    64   0.07  0.07   0.09  0.00  0.91     4     0  1.00    1    -     -   FEW_RADII
      70    SW   95     93    93    69   0.08  0.08   0.12  0.00  0.88     7     0  1.00    1    -     -   FEW_RADII
      80    SW  119    117   117    85   0.07  0.07   0.09  0.00  0.91     8     0  1.00    1    -     -   FEW_RADII
      90    SW  142    140   140   110   0.05  0.05   0.08  0.00  0.92     7     0  1.00    1    -     -   FEW_RADII
     100    SW  164    162   162   134   0.06  0.06   0.08  0.00  0.92     5     0  1.00    1    -     -   FEW_RADII
     110    SW  193    191   191   158   0.07  0.07   0.12  0.00  0.88    11     0  1.00    2    -     -   FEW_RADII
     120    SW  243    241   241   184   0.06  0.06   0.11  0.00  0.89    13     0  1.00    2    -     -   FEW_RADII
     130    SW  266    264   264   200   0.00  0.00   0.00  0.00  1.00     1     0  1.00    2    -     -   FEW_RADII
     140    SW  288    286   286   223   0.05  0.05   0.08  0.00  0.92    12     0  1.00    2    -     -   FEW_RADII
     150    SW  305    303   303   241   0.00  0.00   0.00  0.00  1.00     1     0  1.00    2    -     -   FEW_RADII
     160    SW  319    317   317   258   0.06  0.04   0.07  0.01  0.92     7     0  1.00    2    -     -   FEW_RADII
     170    SW  336    334   334   277   0.00  0.00   0.00  0.00  1.00     1     0  1.00    2    -     -   FEW_RADII
     180    SW  343    341   341   288   0.00  0.00   0.00  0.00  1.00     1     0  1.00    2    -     -   FEW_RADII
     190    SW  346    344   344   290   0.05  0.00   0.00  0.05  0.95     2     0  1.00    2    -     -   FEW_RADII
     200    SW  361    359   359   296   0.05  0.05   0.10  0.00  0.90    15     0  1.00    2    -     -   FEW_RADII
     210    SW  389    387   386   323   0.07  0.07   0.11  0.00  0.89    15     0  1.00    3    -     -   FEW_RADII
     220    SW  436    434   433   349   0.07  0.05   0.08  0.02  0.90    11     0  1.00    3    -     -   FEW_RADII
     230    SW  450    448   440   354   0.00  0.00   0.00  0.00  1.00     1     0  1.00    3    -     -   FEW_RADII
     240    SW  450    448   430   360   0.07  0.06   0.09  0.01  0.90    11     0  1.00    3    -     -   FEW_RADII
     250    SW  450    448   427   361   0.08  0.05   0.06  0.03  0.91     3     0  1.00    3    -     -   FEW_RADII
     260    SW  450    448   425   351   0.07  0.03   0.04  0.03  0.92     6     0  1.00    3    -     -   FEW_RADII
     270    SW  449    447   422   349   0.04  0.04   0.07  0.00  0.93    13     0  1.00    3    -     -   FEW_RADII
     280    SW  450    447   416   343   0.06  0.04   0.07  0.02  0.91    10     0  1.00    3    -     -   FEW_RADII
     290    SW  449    445   400   336   0.03  0.00   0.00  0.02  0.98     2     0  1.00    3    -     -   FEW_RADII
     300    SW  450    446   374   328   0.16  0.00   0.00  0.20  0.80     2     0  1.00    3    -     -   FEW_RADII
     310    SW  450    447   367   313   0.00  0.00   0.00  0.00  1.00     1     0  1.00    3    -     -   FEW_RADII
     320    SW  443    434   355   307   0.05  0.03   0.04  0.02  0.94     5     0  1.00    3    -     -   FEW_RADII
     330    SW  443    435   355   301   0.02  0.02   0.02  0.00  0.98     3     0  1.00    3    -     -   FEW_RADII
     340    SW  425    412   340   294   0.19  0.19   0.29  0.00  0.71     3     0  1.00    2    -     -   FEW_RADII
     350    SW  440    425   350   290   0.03  0.03   0.06  0.00  0.94     9     0  1.00    3    -     -   FEW_RADII
     360    SW  430    418   350   274   0.00  0.00   0.00  0.00  1.00     1     0  1.00    3    -     -   FEW_RADII
     370    SW  422    409   344   265   0.00  0.00   0.00  0.00  1.00     1     0  1.00    2    -     -   FEW_RADII
     380    SW  412    396   331   266   0.08  0.00   0.00  0.07  0.93     2     3  1.00    3    -     -   FEW_RADII
     390    SW  413    396   324   269   0.03  0.03   0.05  0.00  0.95     6     0  1.00    3    -     -   FEW_RADII
     400  METR  424    409   323   275   0.06  0.06   0.11  0.00  0.89    17     1  1.00    4  2.47  1.00  -
     410  METR  449    431   348   291   0.06  0.06   0.12  0.00  0.88    21     7  1.00    4  2.21  1.00  -
     420  METR  449    428   352   294   0.09  0.08   0.14  0.01  0.85    14     0  1.00    4  2.10  1.00  -
     430  METR  450    427   355   289   0.07  0.06   0.11  0.01  0.88    12     0  1.00    4  2.04  1.00  -
     440  METR  447    419   354   281   0.04  0.03   0.06  0.01  0.93     5     2  1.00    4  2.00  1.00  -
     450  METR  449    418   350   284   0.01  0.01   0.02  0.00  0.98     4     0  1.00    4  2.18  1.00  -
     460    SW  447    416   342   280   0.09  0.00   0.00  0.08  0.92     2     0  1.00    3    -     -   FEW_RADII
     470    SW  449    415   322   285   0.02  0.02   0.03  0.00  0.97     4     0  1.00    3    -     -   FEW_RADII
     480    SW  441    402   316   279   0.00  0.00   0.00  0.00  1.00     1     3  1.00    3    -     -   FEW_RADII
     490    SW  431    390   315   275   0.02  0.02   0.03  0.00  0.97     3     0  1.00    3    -     -   FEW_RADII
     500    SW  420    376   311   271   0.04  0.02   0.02  0.02  0.95     3     0  1.00    2    -     -   FEW_RADII
     510    SW  415    370   302   265   0.00  0.00   0.00  0.00  1.00     1     0  1.00    2    -     -   FEW_RADII
     520    SW  410    366   303   261   0.00  0.00   0.00  0.00  1.00     1     0  1.00    2    -     -   FEW_RADII
     530    SW  409    365   292   258   0.07  0.00   0.00  0.07  0.93     2     2  1.00    2    -     -   FEW_RADII
     540    SW  400    356   289   251   0.00  0.00   0.00  0.00  1.00     1     0  1.00    3    -     -   FEW_RADII
     550    SW  395    351   285   241   0.05  0.00   0.00  0.04  0.96     2     0  1.00    3    -     -   FEW_RADII
     560    SW  381    333   274   226   0.08  0.05   0.09  0.02  0.89     7     0  0.99    3    -     -   FEW_RADII
     570    SW  371    319   278   208   0.07  0.04   0.05  0.02  0.93     3     4  1.00    3    -     -   FEW_RADII
     580  METR  372    320   279   204   0.18  0.11   0.11  0.06  0.83     3     1  1.00    4  2.59  1.00  -
     590    SW  363    311   267   188   0.18  0.18   0.21  0.00  0.79     3     0  1.00    2    -     -   FEW_RADII
     600    SW  377    325   267   186   0.08  0.05   0.06  0.03  0.91     3     1  1.00    3    -     -   FEW_RADII
     610    SW  370    316   250   179   0.02  0.00   0.00  0.02  0.98     2     2  1.00    3    -     -   FEW_RADII
     620    SW  351    289   228   182   0.00  0.00   0.00  0.00  1.00     1     0  1.00    3    -     -   FEW_RADII
     630    SW  331    272   209   176   0.00  0.00   0.00  0.00  1.00     1     0  1.00    3    -     -   FEW_RADII
     640  METR  319    265   209   169   0.07  0.07   0.10  0.00  0.90     8     1  1.00    4  2.38  1.00  -
     650    SW  308    254   201   169   0.04  0.00   0.00  0.04  0.96     2     1  1.00    3    -     -   FEW_RADII
     660    SW  310    255   205   170   0.18  0.00   0.00  0.18  0.82     2     4  1.00    3    -     -   FEW_RADII
     670    SW  310    260   213   173   0.10  0.10   0.16  0.00  0.84     5     1  1.00    3    -     -   FEW_RADII
     680    SW  315    264   221   179   0.06  0.04   0.05  0.02  0.93     3     7  1.00    3    -     -   FEW_RADII
     690    SW  317    266   221   178   0.00  0.00   0.00  0.00  1.00     1     0  1.00    3    -     -   FEW_RADII
     700    SW  310    256   214   168   0.00  0.00   0.00  0.00  1.00     1     1  0.99    3    -     -   FEW_RADII
     710    SW  297    241   207   158   0.00  0.00   0.00  0.00  1.00     1     0  1.00    3    -     -   FEW_RADII
     720    SW  290    237   205   152   0.06  0.06   0.08  0.00  0.92     4     0  1.00    3    -     -   FEW_RADII
     730    SW  286    235   202   145   0.05  0.05   0.06  0.00  0.94     3     0  1.00    3    -     -   FEW_RADII
     740    SW  279    229   197   141   0.00  0.00   0.00  0.00  1.00     1     3  1.00    3    -     -   FEW_RADII
     750    SW  271    221   188   141   0.00  0.00   0.00  0.00  1.00     1     0  1.00    3    -     -   FEW_RADII
     760    SW  266    216   182   136   0.00  0.00   0.00  0.00  1.00     1     1  1.00    3    -     -   FEW_RADII
     770    SW  255    209   179   136   0.18  0.18   0.17  0.00  0.83     3     0  1.00    3    -     -   FEW_RADII
     780    SW  256    207   172   134   0.10  0.00   0.00  0.10  0.90     2     6  1.00    2    -     -   FEW_RADII
     790  METR  264    214   183   143   0.07  0.07   0.10  0.00  0.90     3    11  1.00    4  2.38  1.00  -
     800  METR  282    231   201   156   0.15  0.06   0.08  0.08  0.85     3     3  1.00    4  2.25  1.00  -
     810  METR  286    232   209   163   0.06  0.06   0.09  0.00  0.91     3     4  1.00    4  2.22  1.00  -
     820  METR  285    231   206   153   0.00  0.00   0.00  0.00  1.00     1     5  1.00    4  2.11  1.00  -
     830    SW  280    227   203   153   0.16  0.16   0.30  0.00  0.70     8     1  1.00    3    -     -   FEW_RADII
     840    SW  286    233   204   153   0.03  0.00   0.00  0.03  0.97     2     0  1.00    3    -     -   FEW_RADII
     850    SW  288    235   200   153   0.27  0.22   0.30  0.04  0.66     5     0  1.00    3    -     -   FEW_RADII
     860  METR  301    248   212   175   0.08  0.08   0.12  0.00  0.88     7     1  1.00    5  1.97  0.99  -
     870  METR  304    251   217   179   0.00  0.00   0.00  0.00  1.00     1     1  1.00    4  1.98  1.00  -
     880  METR  302    251   214   178   0.10  0.10   0.12  0.00  0.88     3     0  1.00    4  2.04  0.99  -
     890  METR  307    257   223   182   0.00  0.00   0.00  0.00  1.00     1     0  1.00    4  2.04  0.99  -
     900  METR  309    258   220   182   0.00  0.00   0.00  0.00  1.00     1     0  1.00    4  2.20  1.00  -
    window ep400-450 len=6 exit=SW
    window ep580-580 len=1 exit=SW
    window ep640-640 len=1 exit=SW
    window ep790-820 len=4 exit=SW
    window ep860-900 len=5 exit=END
    exit reasons: {'SW': 4, 'END': 1}
    SW breakdown: {'NO_SCALING_PTS': 1, 'FEW_RADII': 72}
    edge lifetimes (theta=1e-12): n_dead=1283 median=275 mean=317.1 p90=536 max=830 censored_alive=566
    coupling with BSW indicator (point-biserial):
      occ_scc3: r =  0.12
      fe_cyc  : r =  0.13
      occ_scc : r =  0.05
      fe_dyad : r = -0.10
      b1_H12  : r =  0.04
      b1_H6   : r = -0.01
      b1_S6   : r = -0.01
[symmetric] status=ok snaps=90 BSW_occ=0 windows=0 dead=937 audit=OK
    ep    ph    V  b1_H12 b1_H6 b1_S6  occSCC occSCC3 feCYC feDYAD feOPEN maxSCC refl  gcf  npts slope   r2    fail
      10    SW    5      3     3     1   0.60  0.60   0.60  0.00  0.40     3     0  1.00    0    -     -   NO_SCALING_PTS
      20    SW   30     28    28    17   0.47  0.47   0.62  0.00  0.38    14     0  1.00    1    -     -   FEW_RADII
      30    SW   37     35    35    26   0.12  0.12   0.14  0.00  0.86     3     0  1.00    1    -     -   FEW_RADII
      40    SW   43     41    41    28   0.13  0.13   0.24  0.00  0.76     4     0  1.00    1    -     -   FEW_RADII
      50    SW   60     58    58    43   0.15  0.15   0.31  0.00  0.69     7     0  1.00    1    -     -   FEW_RADII
      60    SW   73     71    71    56   0.14  0.14   0.27  0.00  0.73     8     0  1.00    2    -     -   FEW_RADII
      70    SW   78     76    76    57   0.08  0.08   0.16  0.00  0.84     4     0  1.00    2    -     -   FEW_RADII
      80    SW   84     82    82    66   0.14  0.14   0.33  0.00  0.68     8     0  1.00    1    -     -   FEW_RADII
      90    SW   96     94    94    71   0.10  0.10   0.23  0.00  0.77     7     0  1.00    1    -     -   FEW_RADII
     100    SW  103    101   101    76   0.05  0.05   0.12  0.00  0.88     4     0  1.00    1    -     -   FEW_RADII
     110    SW  107    105   105    81   0.04  0.04   0.07  0.00  0.93     3     0  1.00    1    -     -   FEW_RADII
     120    SW  115    113   113    89   0.33  0.33   0.35  0.00  0.65     4     0  1.00    1    -     -   FEW_RADII
     130    SW  125    123   123    93   0.07  0.07   0.17  0.00  0.83     6     0  1.00    2    -     -   FEW_RADII
     140    SW  136    134   134   104   0.11  0.11   0.29  0.00  0.71    11     0  1.00    2    -     -   FEW_RADII
     150    SW  168    166   166   124   0.11  0.11   0.26  0.00  0.74    14     0  1.00    2    -     -   FEW_RADII
     160    SW  201    199   199   139   0.09  0.09   0.21  0.00  0.79    12     0  1.00    2    -     -   FEW_RADII
     170    SW  212    210   210   147   0.08  0.08   0.15  0.00  0.85    13     0  1.00    3    -     -   FEW_RADII
     180    SW  225    223   223   160   0.04  0.04   0.08  0.00  0.92     6     0  1.00    3    -     -   FEW_RADII
     190    SW  219    216   216   157   0.02  0.00   0.00  0.02  0.98     2     0  1.00    2    -     -   FEW_RADII
     200    SW  219    217   217   150   0.25  0.00   0.00  0.22  0.78     2     0  1.00    2    -     -   FEW_RADII
     210    SW  216    214   214   149   0.05  0.05   0.11  0.00  0.89     6     0  1.00    2    -     -   FEW_RADII
     220    SW  217    215   213   152   0.08  0.08   0.20  0.00  0.80    10     0  1.00    1    -     -   FEW_RADII
     230    SW  223    221   221   160   0.05  0.05   0.13  0.00  0.87     7     0  1.00    2    -     -   FEW_RADII
     240    SW  233    231   231   168   0.08  0.08   0.22  0.00  0.78    11     0  1.00    2    -     -   FEW_RADII
     250    SW  251    248   248   188   0.05  0.05   0.10  0.00  0.90     7     0  1.00    2    -     -   FEW_RADII
     260    SW  262    260   260   191   0.05  0.05   0.12  0.00  0.88     8     0  1.00    2    -     -   FEW_RADII
     270    SW  270    268   268   193   0.05  0.05   0.14  0.00  0.86     7     0  1.00    2    -     -   FEW_RADII
     280    SW  276    274   274   190   0.07  0.07   0.18  0.00  0.82    10     0  1.00    2    -     -   FEW_RADII
     290    SW  284    282   282   189   0.06  0.06   0.15  0.00  0.85     9     0  1.00    2    -     -   FEW_RADII
     300    SW  283    281   281   181   0.03  0.00   0.00  0.03  0.97     2     0  1.00    3    -     -   FEW_RADII
     310    SW  280    278   278   159   0.07  0.07   0.19  0.00  0.81    11     0  1.00    3    -     -   FEW_RADII
     320    SW  278    276   275   158   0.06  0.06   0.15  0.00  0.85     9     0  1.00    3    -     -   FEW_RADII
     330    SW  266    263   259   159   0.04  0.04   0.10  0.00  0.90     5     0  1.00    3    -     -   FEW_RADII
     340    SW  249    246   236   161   0.03  0.03   0.07  0.00  0.93     4     0  1.00    2    -     -   FEW_RADII
     350    SW  223    221   221   158   0.03  0.03   0.05  0.00  0.95     3     0  1.00    2    -     -   FEW_RADII
     360    SW  230    228   228   160   0.08  0.08   0.18  0.00  0.82     9     0  1.00    2    -     -   FEW_RADII
     370    SW  239    237   237   157   0.17  0.00   0.00  0.15  0.85     2     0  1.00    3    -     -   FEW_RADII
     380    SW  232    230   230   148   0.02  0.00   0.00  0.02  0.98     2     0  1.00    3    -     -   FEW_RADII
     390    SW  219    217   217   138   0.03  0.03   0.05  0.00  0.95     4     0  1.00    3    -     -   FEW_RADII
     400    SW  211    209   209   128   0.03  0.03   0.05  0.00  0.95     3     0  1.00    3    -     -   FEW_RADII
     410    SW  222    220   220   138   0.18  0.18   0.22  0.00  0.78     4     0  1.00    3    -     -   FEW_RADII
     420    SW  217    215   212   133   0.08  0.08   0.18  0.00  0.82     9     0  1.00    2    -     -   FEW_RADII
     430    SW  214    212   212   138   0.04  0.04   0.09  0.00  0.91     5     0  1.00    3    -     -   FEW_RADII
     440    SW  219    217   217   141   0.06  0.06   0.11  0.00  0.89     7     0  1.00    3    -     -   FEW_RADII
     450    SW  221    219   219   138   0.06  0.06   0.17  0.00  0.83     8     0  1.00    3    -     -   FEW_RADII
     460    SW  226    224   222   135   0.06  0.06   0.16  0.00  0.84     8     0  1.00    3    -     -   FEW_RADII
     470    SW  221    219   217   139   0.05  0.05   0.12  0.00  0.88     7     0  1.00    3    -     -   FEW_RADII
     480    SW  216    214   212   137   0.01  0.00   0.00  0.01  0.99     2     0  1.00    3    -     -   FEW_RADII
     490    SW  196    194   194   138   0.02  0.00   0.00  0.02  0.98     2     0  1.00    2    -     -   FEW_RADII
     500    SW  195    193   193   134   0.02  0.00   0.00  0.02  0.98     2     0  1.00    1    -     -   FEW_RADII
     510    SW  188    186   186   123   0.02  0.00   0.00  0.02  0.98     2     0  1.00    1    -     -   FEW_RADII
     520    SW  187    185   185   122   0.04  0.04   0.10  0.00  0.90     5     0  1.00    1    -     -   FEW_RADII
     530    SW  178    176   176   124   0.02  0.00   0.00  0.02  0.98     2     0  1.00    1    -     -   FEW_RADII
     540    SW  170    168   168   123   0.04  0.04   0.05  0.00  0.95     4     0  1.00    2    -     -   FEW_RADII
     550    SW  165    163   163   118   0.04  0.04   0.11  0.00  0.89     5     0  1.00    2    -     -   FEW_RADII
     560    SW  168    166   166   113   0.06  0.06   0.16  0.00  0.84     7     0  1.00    2    -     -   FEW_RADII
     570    SW  158    156   156   110   0.33  0.33   0.47  0.00  0.53     6     0  1.00    2    -     -   FEW_RADII
     580    SW  149    146   146    99   0.06  0.06   0.13  0.00  0.87     6     0  1.00    2    -     -   FEW_RADII
     590    SW  145    142   142    89   0.10  0.10   0.25  0.00  0.75    11     0  1.00    2    -     -   FEW_RADII
     600    SW  155    153   153    94   0.04  0.04   0.06  0.00  0.94     4     0  1.00    2    -     -   FEW_RADII
     610    SW  146    144   144    90   0.03  0.03   0.04  0.00  0.96     3     0  1.00    2    -     -   FEW_RADII
     620    SW  138    136   136    84   0.07  0.07   0.17  0.00  0.83     7     0  1.00    2    -     -   FEW_RADII
     630    SW  157    155   155   102   0.11  0.11   0.24  0.00  0.76    14     0  1.00    2    -     -   FEW_RADII
     640    SW  174    171   171   125   0.04  0.04   0.08  0.00  0.92     5     0  1.00    2    -     -   FEW_RADII
     650    SW  174    172   172   127   0.02  0.00   0.00  0.02  0.98     2     0  1.00    3    -     -   FEW_RADII
     660    SW  176    174   174   128   0.05  0.05   0.12  0.00  0.88     5     0  1.00    2    -     -   FEW_RADII
     670    SW  185    183   183   130   0.03  0.03   0.05  0.00  0.95     4     0  1.00    2    -     -   FEW_RADII
     680    SW  182    180   180   129   0.03  0.03   0.07  0.00  0.93     4     0  1.00    2    -     -   FEW_RADII
     690    SW  178    176   176   128   0.03  0.03   0.05  0.00  0.95     3     0  1.00    2    -     -   FEW_RADII
     700    SW  180    178   178   124   0.03  0.03   0.05  0.00  0.95     3     0  1.00    2    -     -   FEW_RADII
     710    SW  183    181   181   129   0.25  0.00   0.00  0.22  0.78     2     0  1.00    1    -     -   FEW_RADII
     720    SW  183    181   181   129   0.03  0.03   0.07  0.00  0.93     4     0  1.00    1    -     -   FEW_RADII
     730    SW  201    199   199   133   0.10  0.10   0.26  0.00  0.74    13     0  1.00    2    -     -   FEW_RADII
     740    SW  232    230   230   147   0.05  0.04   0.09  0.01  0.90     6     0  1.00    2    -     -   FEW_RADII
     750    SW  225    223   223   156   0.02  0.02   0.03  0.00  0.97     3     0  1.00    2    -     -   FEW_RADII
     760    SW  220    216   216   149   0.04  0.04   0.11  0.00  0.89     6     0  1.00    2    -     -   FEW_RADII
     770    SW  231    229   229   149   0.08  0.08   0.21  0.00  0.79    12     0  1.00    3    -     -   FEW_RADII
     780    SW  233    231   231   134   0.03  0.03   0.06  0.00  0.94     5     0  1.00    3    -     -   FEW_RADII
     790    SW  231    229   229   133   0.04  0.04   0.09  0.00  0.91     6     0  1.00    3    -     -   FEW_RADII
     800    SW  212    210   208   139   0.03  0.03   0.06  0.00  0.94     5     0  1.00    2    -     -   FEW_RADII
     810    SW  187    185   185   137   0.13  0.00   0.00  0.12  0.88     2     0  1.00    2    -     -   FEW_RADII
     820    SW  184    182   182   135   0.02  0.00   0.00  0.02  0.98     2     0  1.00    2    -     -   FEW_RADII
     830    SW  181    179   179   134   0.02  0.00   0.00  0.02  0.98     2     0  1.00    2    -     -   FEW_RADII
     840    SW  184    181   181   136   0.04  0.04   0.09  0.00  0.91     5     0  1.00    2    -     -   FEW_RADII
     850    SW  184    182   182   136   0.03  0.03   0.05  0.00  0.95     4     0  1.00    2    -     -   FEW_RADII
     860    SW  181    179   179   131   0.02  0.00   0.00  0.02  0.98     2     0  1.00    1    -     -   FEW_RADII
     870    SW  179    177   177   119   0.02  0.00   0.00  0.02  0.98     2     0  1.00    2    -     -   FEW_RADII
     880    SW  169    167   167   113   0.50  0.00   0.00  0.40  0.60     2     0  1.00    2    -     -   FEW_RADII
     890    SW  158    156   156   105   0.02  0.00   0.00  0.02  0.98     2     0  1.00    2    -     -   FEW_RADII
     900    SW  138    135   135    98   0.03  0.03   0.06  0.00  0.94     3     0  1.00    2    -     -   FEW_RADII
    exit reasons: (no windows)
    SW breakdown: {'NO_SCALING_PTS': 1, 'FEW_RADII': 89}
    edge lifetimes (theta=1e-12): n_dead=1875 median=163 mean=161.8 p90=183 max=215 censored_alive=272
    coupling with BSW indicator (point-biserial):
      occ_scc3: r =    - 
      fe_cyc  : r =    - 
      occ_scc : r =    - 
      fe_dyad : r =    - 
      b1_H12  : r =    - 
      b1_H6   : r =    - 
      b1_S6   : r =    - 
    --- asymmetric prediction pre-test (directed minus symmetric, point-biserial r with BSW) ---
      occ_scc3: r_dir= 0.12  r_sym=   -   diff=   - 
      fe_cyc  : r_dir= 0.13  r_sym=   -   diff=   - 
      b1_H12  : r_dir= 0.04  r_sym=   -   diff=   - 
====================================================================================================
SEED 21  rule=T1 g=0.075 N=450 epochs=900 (paired directed / symmetric, identical seed)
====================================================================================================
[directed ] status=ok snaps=90 BSW_occ=0 windows=0 dead=107 audit=OK
    ep    ph    V  b1_H12 b1_H6 b1_S6  occSCC occSCC3 feCYC feDYAD feOPEN maxSCC refl  gcf  npts slope   r2    fail
      10    SW    6      4     4     2   0.67  0.67   0.67  0.00  0.33     4    12  1.00    0    -     -   NO_SCALING_PTS
      20    SW   24     22    22    19   0.25  0.25   0.30  0.00  0.70     6     0  1.00    1    -     -   FEW_RADII
      30    SW   59     57    57    35   0.20  0.20   0.29  0.00  0.71    11     0  1.00    1    -     -   FEW_RADII
      40    SW  102    100   100    64   0.11  0.11   0.18  0.00  0.82     9     0  1.00    1    -     -   FEW_RADII
      50    SW  168    166   166   113   0.08  0.08   0.13  0.00  0.87    13     0  1.00    1    -     -   FEW_RADII
      60    SW  195    193   193   135   0.00  0.00   0.00  0.00  1.00     1     0  1.00    1    -     -   FEW_RADII
      70    SW  201    199   199   142   0.03  0.03   0.04  0.00  0.96     4     0  1.00    1    -     -   FEW_RADII
      80    SW  223    221   221   163   0.04  0.04   0.05  0.00  0.95     4     0  1.00    1    -     -   FEW_RADII
      90    SW  249    247   247   196   0.06  0.06   0.08  0.00  0.92     7     0  1.00    1    -     -   FEW_RADII
     100    SW  273    271   271   213   0.02  0.02   0.03  0.00  0.97     5     0  1.00    1    -     -   FEW_RADII
     110    SW  285    283   283   226   0.02  0.00   0.00  0.02  0.98     2     0  1.00    2    -     -   FEW_RADII
     120    SW  293    291   291   233   0.02  0.02   0.03  0.00  0.97     3     0  1.00    2    -     -   FEW_RADII
     130    SW  312    310   310   254   0.05  0.05   0.09  0.00  0.91    13     0  1.00    2    -     -   FEW_RADII
     140    SW  340    338   338   271   0.05  0.05   0.09  0.00  0.91    11     0  1.00    2    -     -   FEW_RADII
     150    SW  369    367   367   291   0.05  0.05   0.10  0.00  0.90    15     0  1.00    2    -     -   FEW_RADII
     160    SW  388    386   386   308   0.06  0.06   0.08  0.00  0.92     7     0  1.00    3    -     -   FEW_RADII
     170    SW  417    415   415   334   0.06  0.06   0.11  0.00  0.89    20     0  1.00    2    -     -   FEW_RADII
     180    SW  450    448   448   349   0.08  0.08   0.15  0.00  0.85    20     0  1.00    3    -     -   FEW_RADII
     190    SW  450    448   448   364   0.08  0.08   0.17  0.00  0.83    32     0  1.00    2    -     -   FEW_RADII
     200    SW  449    447   447   374   0.09  0.09   0.17  0.00  0.83    36     0  1.00    3    -     -   FEW_RADII
     210    SW  450    448   444   379   0.09  0.09   0.17  0.00  0.83    38     0  1.00    3    -     -   FEW_RADII
     220    SW  450    448   435   377   0.12  0.12   0.21  0.01  0.79    44     0  1.00    3    -     -   FEW_RADII
     230    SW  450    448   417   372   0.16  0.14   0.26  0.01  0.73    60     0  1.00    3    -     -   FEW_RADII
     240    SW  450    448   406   365   0.17  0.17   0.30  0.00  0.70    72     0  1.00    3    -     -   FEW_RADII
     250    SW  450    448   395   370   0.22  0.22   0.37  0.00  0.63    96     0  1.00    3    -     -   FEW_RADII
     260    SW  449    447   380   367   0.23  0.23   0.37  0.00  0.63    99     0  1.00    3    -     -   FEW_RADII
     270    SW  450    447   366   358   0.19  0.19   0.30  0.01  0.69    80     0  1.00    3    -     -   FEW_RADII
     280    SW  450    448   364   364   0.11  0.11   0.20  0.00  0.80    46     0  1.00    3    -     -   FEW_RADII
     290    SW  449    447   368   368   0.10  0.10   0.20  0.00  0.80    38     0  1.00    3    -     -   FEW_RADII
     300    SW  450    447   383   374   0.06  0.05   0.09  0.00  0.91    17     0  1.00    2    -     -   FEW_RADII
     310    SW  450    448   374   371   0.05  0.05   0.10  0.00  0.90    19     0  1.00    2    -     -   FEW_RADII
     320    SW  449    447   377   371   0.08  0.07   0.14  0.01  0.86    17     0  1.00    2    -     -   FEW_RADII
     330    SW  449    447   380   373   0.06  0.06   0.10  0.00  0.90    20     0  1.00    2    -     -   FEW_RADII
     340    SW  450    448   385   379   0.06  0.05   0.09  0.00  0.91    19     0  1.00    3    -     -   FEW_RADII
     350    SW  450    448   386   385   0.10  0.09   0.19  0.00  0.81    33     0  1.00    2    -     -   FEW_RADII
     360    SW  449    447   391   393   0.13  0.12   0.22  0.01  0.77    49     0  1.00    3    -     -   FEW_RADII
     370    SW  450    448   396   392   0.14  0.13   0.23  0.01  0.76    51     0  1.00    2    -     -   FEW_RADII
     380    SW  450    448   398   393   0.18  0.18   0.31  0.00  0.69    75     0  1.00    2    -     -   FEW_RADII
     390    SW  450    446   400   394   0.17  0.17   0.30  0.00  0.70    67     0  1.00    2    -     -   FEW_RADII
     400    SW  450    445   402   396   0.18  0.18   0.31  0.00  0.69    75     0  1.00    2    -     -   FEW_RADII
     410    SW  450    439   402   396   0.18  0.18   0.31  0.00  0.69    76     0  1.00    2    -     -   FEW_RADII
     420    SW  450    435   403   395   0.22  0.22   0.37  0.00  0.63    92     0  1.00    2    -     -   FEW_RADII
     430    SW  450    430   405   393   0.20  0.20   0.33  0.00  0.67    83     0  1.00    2    -     -   FEW_RADII
     440    SW  450    425   404   388   0.21  0.20   0.34  0.00  0.66    87     0  1.00    2    -     -   FEW_RADII
     450    SW  450    420   400   386   0.26  0.26   0.41  0.00  0.59   114     0  1.00    2    -     -   FEW_RADII
     460    SW  450    415   397   389   0.25  0.25   0.39  0.00  0.61   104     0  1.00    2    -     -   FEW_RADII
     470    SW  450    415   389   388   0.25  0.22   0.35  0.02  0.63    97     0  1.00    2    -     -   FEW_RADII
     480    SW  450    414   386   387   0.23  0.22   0.37  0.00  0.62    93     0  1.00    2    -     -   FEW_RADII
     490    SW  450    412   385   387   0.22  0.22   0.35  0.01  0.65    92     0  1.00    2    -     -   FEW_RADII
     500    SW  449    407   385   389   0.27  0.25   0.40  0.01  0.59   103     1  1.00    2    -     -   FEW_RADII
     510    SW  450    407   386   390   0.23  0.23   0.37  0.00  0.63    97     3  1.00    2    -     -   FEW_RADII
     520    SW  450    407   388   391   0.20  0.19   0.32  0.01  0.68    79     0  1.00    2    -     -   FEW_RADII
     530    SW  450    407   391   392   0.30  0.28   0.43  0.01  0.56   120     5  1.00    2    -     -   FEW_RADII
     540    SW  449    405   393   391   0.29  0.27   0.42  0.01  0.58   115     3  1.00    2    -     -   FEW_RADII
     550    SW  449    405   396   394   0.30  0.29   0.45  0.00  0.55   123    10  1.00    2    -     -   FEW_RADII
     560    SW  450    406   398   397   0.26  0.26   0.40  0.00  0.59   110     5  1.00    2    -     -   FEW_RADII
     570    SW  450    406   398   398   0.23  0.22   0.36  0.00  0.64    93     3  1.00    2    -     -   FEW_RADII
     580    SW  450    406   398   398   0.33  0.31   0.44  0.01  0.55   130     4  1.00    2    -     -   FEW_RADII
     590    SW  450    406   398   398   0.35  0.34   0.50  0.01  0.49   146     3  1.00    2    -     -   FEW_RADII
     600    SW  450    406   398   398   0.46  0.45   0.60  0.00  0.40   197     9  1.00    2    -     -   FEW_RADII
     610    SW  450    406   398   398   0.46  0.45   0.61  0.00  0.39   202     5  1.00    2    -     -   FEW_RADII
     620    SW  450    406   398   398   0.41  0.40   0.55  0.00  0.45   172     7  1.00    2    -     -   FEW_RADII
     630    SW  450    404   398   398   0.40  0.38   0.53  0.01  0.46   166     5  1.00    2    -     -   FEW_RADII
     640    SW  450    403   399   398   0.38  0.37   0.52  0.00  0.47   161    14  1.00    2    -     -   FEW_RADII
     650    SW  450    400   399   398   0.35  0.33   0.49  0.01  0.51   145     5  1.00    2    -     -   FEW_RADII
     660    SW  450    400   399   398   0.38  0.37   0.53  0.01  0.46   163     3  1.00    2    -     -   FEW_RADII
     670    SW  450    399   399   398   0.32  0.31   0.48  0.00  0.52   134     5  1.00    2    -     -   FEW_RADII
     680    SW  450    399   398   398   0.28  0.26   0.42  0.01  0.58   111     2  1.00    2    -     -   FEW_RADII
     690    SW  450    399   398   398   0.29  0.26   0.42  0.01  0.57   112     2  1.00    2    -     -   FEW_RADII
     700    SW  450    399   398   398   0.27  0.26   0.40  0.01  0.60   108     2  1.00    2    -     -   FEW_RADII
     710    SW  450    399   399   399   0.22  0.20   0.34  0.01  0.65    86     1  1.00    2    -     -   FEW_RADII
     720    SW  450    399   399   399   0.20  0.20   0.33  0.00  0.67    83     0  1.00    2    -     -   FEW_RADII
     730    SW  450    399   399   399   0.17  0.15   0.27  0.01  0.72    62     1  1.00    2    -     -   FEW_RADII
     740    SW  450    399   399   399   0.17  0.16   0.27  0.00  0.72    65     2  1.00    2    -     -   FEW_RADII
     750    SW  450    399   399   399   0.21  0.20   0.33  0.01  0.67    84     0  1.00    2    -     -   FEW_RADII
     760    SW  450    399   399   399   0.17  0.16   0.27  0.01  0.72    62     1  1.00    2    -     -   FEW_RADII
     770    SW  450    399   399   399   0.17  0.16   0.28  0.00  0.72    66     2  1.00    2    -     -   FEW_RADII
     780    SW  450    399   399   399   0.18  0.18   0.30  0.00  0.70    72     0  1.00    2    -     -   FEW_RADII
     790    SW  450    399   399   399   0.17  0.16   0.26  0.01  0.74    63     2  1.00    2    -     -   FEW_RADII
     800    SW  450    399   399   399   0.14  0.14   0.24  0.00  0.76    54     2  1.00    2    -     -   FEW_RADII
     810    SW  450    399   399   397   0.18  0.17   0.30  0.00  0.70    68     1  1.00    2    -     -   FEW_RADII
     820    SW  450    399   399   397   0.21  0.20   0.35  0.00  0.64    86     4  1.00    2    -     -   FEW_RADII
     830    SW  450    399   398   396   0.26  0.25   0.39  0.01  0.60   106     3  1.00    2    -     -   FEW_RADII
     840    SW  450    399   396   396   0.31  0.30   0.46  0.00  0.54   129     2  1.00    2    -     -   FEW_RADII
     850    SW  450    399   397   396   0.34  0.32   0.46  0.01  0.53   137     6  1.00    2    -     -   FEW_RADII
     860    SW  450    399   397   397   0.29  0.27   0.42  0.01  0.58   119     2  1.00    2    -     -   FEW_RADII
     870    SW  450    399   397   397   0.33  0.32   0.48  0.00  0.51   137     8  1.00    2    -     -   FEW_RADII
     880    SW  450    399   397   397   0.25  0.25   0.38  0.00  0.61   105     4  1.00    2    -     -   FEW_RADII
     890    SW  450    399   397   396   0.29  0.27   0.40  0.01  0.59   114     3  1.00    2    -     -   FEW_RADII
     900    SW  450    399   397   395   0.27  0.26   0.40  0.01  0.59   110     2  1.00    2    -     -   FEW_RADII
    exit reasons: (no windows)
    SW breakdown: {'NO_SCALING_PTS': 1, 'FEW_RADII': 89}
    edge lifetimes (theta=1e-12): n_dead=263 median=253 mean=285.6 p90=407 max=612 censored_alive=848
    coupling with BSW indicator (point-biserial):
      occ_scc3: r =    - 
      fe_cyc  : r =    - 
      occ_scc : r =    - 
      fe_dyad : r =    - 
      b1_H12  : r =    - 
      b1_H6   : r =    - 
      b1_S6   : r =    - 
[symmetric] status=ok snaps=90 BSW_occ=1 windows=1 dead=1195 audit=OK
    ep    ph    V  b1_H12 b1_H6 b1_S6  occSCC occSCC3 feCYC feDYAD feOPEN maxSCC refl  gcf  npts slope   r2    fail
      10    SW    4      2     2     1   0.75  0.75   0.75  0.00  0.25     3     0  1.00    0    -     -   NO_SCALING_PTS
      20    SW   10      8     8     4   0.40  0.40   0.45  0.00  0.55     4     0  1.00    0    -     -   NO_SCALING_PTS
      30    SW   21     19    19    14   0.30  0.30   0.41  0.00  0.59     6     0  1.00    0    -     -   NO_SCALING_PTS
      40    SW   26     24    24    15   0.33  0.33   0.58  0.00  0.42     6     0  1.00    1    -     -   FEW_RADII
      50    SW   49     47    47    33   0.46  0.46   0.69  0.00  0.31    19     0  1.00    1    -     -   FEW_RADII
      60    SW   69     67    67    47   0.16  0.16   0.31  0.00  0.69     8     0  1.00    1    -     -   FEW_RADII
      70    SW   92     90    90    69   0.19  0.19   0.37  0.00  0.63    12     0  1.00    1    -     -   FEW_RADII
      80    SW  118    116   116    89   0.14  0.14   0.30  0.00  0.70    11     0  1.00    1    -     -   FEW_RADII
      90    SW  148    146   146   114   0.10  0.08   0.14  0.02  0.84     7     0  1.00    2    -     -   FEW_RADII
     100    SW  170    168   168   129   0.12  0.12   0.27  0.00  0.73    13     0  1.00    1    -     -   FEW_RADII
     110    SW  178    176   176   137   0.11  0.11   0.14  0.00  0.86     4     0  1.00    2    -     -   FEW_RADII
     120    SW  185    183   183   141   0.04  0.04   0.09  0.00  0.91     4     0  1.00    2    -     -   FEW_RADII
     130    SW  207    205   205   160   0.06  0.06   0.15  0.00  0.85     8     0  1.00    2    -     -   FEW_RADII
     140    SW  224    222   222   176   0.08  0.08   0.15  0.00  0.85    10     0  1.00    2    -     -   FEW_RADII
     150    SW  247    245   245   190   0.07  0.07   0.17  0.00  0.83    10     0  1.00    2    -     -   FEW_RADII
     160    SW  268    266   266   201   0.06  0.06   0.13  0.00  0.87     9     0  1.00    2    -     -   FEW_RADII
     170    SW  278    276   276   207   0.01  0.00   0.00  0.01  0.99     2     0  1.00    2    -     -   FEW_RADII
     180    SW  281    279   279   208   0.03  0.03   0.06  0.00  0.94     4     0  1.00    2    -     -   FEW_RADII
     190    SW  274    272   272   201   0.03  0.03   0.07  0.00  0.93     5     0  1.00    2    -     -   FEW_RADII
     200    SW  277    275   275   195   0.06  0.06   0.17  0.00  0.83    10     0  1.00    2    -     -   FEW_RADII
     210    SW  284    282   282   194   0.04  0.04   0.10  0.00  0.90     7     0  1.00    2    -     -   FEW_RADII
     220    SW  283    280   280   190   0.04  0.04   0.07  0.00  0.93     6     0  1.00    3    -     -   FEW_RADII
     230    SW  264    261   260   167   0.03  0.03   0.06  0.00  0.94     4     0  1.00    2    -     -   FEW_RADII
     240    SW  259    256   256   163   0.25  0.25   0.36  0.00  0.64     5     0  1.00    2    -     -   FEW_RADII
     250    SW  249    247   245   158   0.06  0.06   0.09  0.00  0.91     7     0  1.00    2    -     -   FEW_RADII
     260    SW  227    225   224   159   0.06  0.06   0.15  0.00  0.85     6     0  1.00    2    -     -   FEW_RADII
     270    SW  238    236   231   164   0.06  0.06   0.11  0.00  0.89     7     0  1.00    3    -     -   FEW_RADII
     280    SW  231    229   229   152   0.06  0.06   0.15  0.00  0.85     6     0  1.00    2    -     -   FEW_RADII
     290    SW  230    228   228   142   0.02  0.00   0.00  0.02  0.98     2     0  1.00    2    -     -   FEW_RADII
     300    SW  215    213   210   131   0.05  0.05   0.13  0.00  0.87     6     0  1.00    2    -     -   FEW_RADII
     310    SW  213    210   210   131   0.08  0.08   0.19  0.00  0.81     9     0  1.00    2    -     -   FEW_RADII
     320    SW  218    216   216   139   0.06  0.06   0.17  0.00  0.83     7     0  1.00    2    -     -   FEW_RADII
     330    SW  224    222   220   161   0.13  0.13   0.32  0.00  0.68    18     0  1.00    2    -     -   FEW_RADII
     340    SW  256    254   254   183   0.09  0.09   0.24  0.00  0.76    15     0  1.00    2    -     -   FEW_RADII
     350    SW  279    277   277   180   0.01  0.00   0.00  0.01  0.99     2     0  1.00    3    -     -   FEW_RADII
     360    SW  275    273   273   171   0.40  0.00   0.00  0.33  0.67     2     0  1.00    3    -     -   FEW_RADII
     370    SW  277    275   273   167   0.04  0.04   0.11  0.00  0.89     7     0  1.00    3    -     -   FEW_RADII
     380    SW  277    274   268   184   0.10  0.10   0.25  0.00  0.75    16     0  1.00    3    -     -   FEW_RADII
     390    SW  311    309   309   216   0.13  0.13   0.29  0.00  0.71    28     0  1.00    2    -     -   FEW_RADII
     400    SW  320    318   318   220   0.05  0.05   0.13  0.00  0.87     8     0  1.00    2    -     -   FEW_RADII
     410    SW  324    322   321   230   0.07  0.07   0.20  0.00  0.80    13     0  1.00    2    -     -   FEW_RADII
     420    SW  334    332   332   237   0.06  0.06   0.16  0.00  0.84    12     0  1.00    3    -     -   FEW_RADII
     430    SW  338    336   336   245   0.06  0.06   0.14  0.00  0.86    12     0  1.00    3    -     -   FEW_RADII
     440    SW  342    340   340   250   0.05  0.05   0.12  0.00  0.88     8     0  1.00    3    -     -   FEW_RADII
     450    SW  358    356   356   258   0.08  0.08   0.22  0.00  0.78    15     0  1.00    3    -     -   FEW_RADII
     460    SW  371    369   369   262   0.03  0.03   0.04  0.00  0.95     5     0  1.00    3    -     -   FEW_RADII
     470    SW  369    366   366   254   0.01  0.00   0.00  0.01  0.99     2     0  1.00    3    -     -   FEW_RADII
     480    SW  350    347   347   234   0.02  0.02   0.03  0.00  0.97     3     0  1.00    3    -     -   FEW_RADII
     490    SW  338    336   336   230   0.04  0.04   0.08  0.00  0.92     6     0  1.00    2    -     -   FEW_RADII
     500    SW  335    333   333   230   0.03  0.03   0.06  0.00  0.94     5     0  1.00    2    -     -   FEW_RADII
     510    SW  308    305   305   225   0.03  0.03   0.09  0.00  0.91     5     0  1.00    2    -     -   FEW_RADII
     520    SW  305    303   303   208   0.03  0.03   0.06  0.00  0.94     4     0  1.00    2    -     -   FEW_RADII
     530    SW  302    300   300   187   0.01  0.00   0.00  0.01  0.99     2     0  1.00    2    -     -   FEW_RADII
     540    SW  291    289   289   170   0.06  0.06   0.17  0.00  0.83     9     0  1.00    3    -     -   FEW_RADII
     550    SW  283    281   279   174   0.07  0.07   0.19  0.00  0.81    12     0  1.00    2    -     -   FEW_RADII
     560    SW  262    260   260   177   0.09  0.09   0.19  0.00  0.81    15     0  1.00    2    -     -   FEW_RADII
     570    SW  280    278   278   178   0.08  0.08   0.19  0.00  0.81    14     0  1.00    3    -     -   FEW_RADII
     580    SW  286    284   284   187   0.07  0.07   0.14  0.00  0.86    10     0  1.00    3    -     -   FEW_RADII
     590    SW  298    296   293   197   0.07  0.07   0.19  0.00  0.81    12     0  1.00    3    -     -   FEW_RADII
     600  METR  298    296   289   189   0.07  0.07   0.18  0.00  0.82    12     0  1.00    4  2.06  0.98  -
     610    SW  297    295   295   200   0.07  0.07   0.18  0.00  0.82    14     0  1.00    3    -     -   FEW_RADII
     620    SW  294    292   292   209   0.04  0.04   0.12  0.00  0.88     7     0  1.00    2    -     -   FEW_RADII
     630    SW  282    280   280   197   0.02  0.02   0.04  0.00  0.96     3     0  1.00    2    -     -   FEW_RADII
     640    SW  284    282   282   194   0.02  0.02   0.04  0.00  0.96     3     0  1.00    1    -     -   FEW_RADII
     650    SW  295    293   293   201   0.03  0.03   0.08  0.00  0.92     5     0  1.00    2    -     -   FEW_RADII
     660    SW  284    281   281   197   0.02  0.02   0.04  0.00  0.96     3     0  1.00    1    -     -   FEW_RADII
     670    SW  272    270   270   196   0.01  0.00   0.00  0.01  0.99     2     0  1.00    1    -     -   FEW_RADII
     680    SW  274    272   272   196   0.03  0.03   0.06  0.00  0.94     4     0  1.00    1    -     -   FEW_RADII
     690    SW  270    267   267   188   0.03  0.03   0.06  0.00  0.94     4     0  1.00    1    -     -   FEW_RADII
     700    SW  272    270   270   165   0.03  0.03   0.08  0.00  0.92     5     0  1.00    2    -     -   FEW_RADII
     710    SW  270    268   268   150   0.21  0.21   0.28  0.00  0.72     4     0  1.00    3    -     -   FEW_RADII
     720    SW  254    252   252   141   0.05  0.05   0.12  0.00  0.88     7     0  1.00    2    -     -   FEW_RADII
     730    SW  219    216   215   131   0.04  0.04   0.08  0.00  0.92     6     0  1.00    2    -     -   FEW_RADII
     740    SW  212    209   209   119   0.08  0.08   0.17  0.00  0.83    11     0  1.00    2    -     -   FEW_RADII
     750    SW  214    211   211   116   0.09  0.09   0.24  0.00  0.76    13     0  1.00    2    -     -   FEW_RADII
     760    SW  215    213   210   117   0.03  0.03   0.04  0.00  0.96     4     0  1.00    2    -     -   FEW_RADII
     770    SW  182    180   171   111   0.03  0.03   0.07  0.00  0.93     4     0  1.00    3    -     -   FEW_RADII
     780    SW  147    143   143   103   0.03  0.03   0.06  0.00  0.94     3     0  1.00    1    -     -   FEW_RADII
     790    SW  158    156   156   108   0.07  0.07   0.17  0.00  0.83     8     0  1.00    2    -     -   FEW_RADII
     800    SW  169    167   167   117   0.14  0.14   0.20  0.00  0.80     5     0  1.00    2    -     -   FEW_RADII
     810    SW  170    167   167   115   0.07  0.07   0.12  0.00  0.88     3     0  1.00    2    -     -   FEW_RADII
     820    SW  163    160   160   116   0.02  0.00   0.00  0.02  0.98     2     0  1.00    2    -     -   FEW_RADII
     830    SW  168    166   166   121   0.33  0.00   0.00  0.29  0.71     2     0  1.00    2    -     -   FEW_RADII
     840    SW  169    167   167   122   0.33  0.33   0.35  0.00  0.65     4     0  1.00    2    -     -   FEW_RADII
     850    SW  177    175   175   119   0.06  0.06   0.16  0.00  0.84     6     0  1.00    2    -     -   FEW_RADII
     860    SW  180    178   178   119   0.18  0.18   0.29  0.00  0.71     4     0  1.00    2    -     -   FEW_RADII
     870    SW  182    180   179   120   0.02  0.00   0.00  0.02  0.98     2     0  1.00    3    -     -   FEW_RADII
     880    SW  175    173   172   115   0.08  0.08   0.22  0.00  0.78     8     0  1.00    3    -     -   FEW_RADII
     890    SW  183    179   179   114   0.06  0.06   0.14  0.00  0.86     6     0  1.00    3    -     -   FEW_RADII
     900    SW  179    175   175   115   0.04  0.04   0.09  0.00  0.91     4     0  1.00    2    -     -   FEW_RADII
    window ep600-600 len=1 exit=SW
    exit reasons: {'SW': 1}
    SW breakdown: {'NO_SCALING_PTS': 3, 'FEW_RADII': 86}
    edge lifetimes (theta=1e-12): n_dead=2392 median=164 mean=163.1 p90=184 max=228 censored_alive=353
    coupling with BSW indicator (point-biserial):
      occ_scc3: r = -0.02
      fe_cyc  : r =  0.01
      occ_scc : r = -0.03
      fe_dyad : r = -0.02
      b1_H12  : r =  0.08
      b1_H6   : r =  0.07
      b1_S6   : r =  0.05
    --- asymmetric prediction pre-test (directed minus symmetric, point-biserial r with BSW) ---
      occ_scc3: r_dir=   -   r_sym=-0.02  diff=   - 
      fe_cyc  : r_dir=   -   r_sym= 0.01  diff=   - 
      b1_H12  : r_dir=   -   r_sym= 0.08  diff=   - 
====================================================================================================
SEED 33  rule=T1 g=0.075 N=450 epochs=900 (paired directed / symmetric, identical seed)
====================================================================================================
[directed ] status=ok snaps=90 BSW_occ=14 windows=3 dead=523 audit=OK
    ep    ph    V  b1_H12 b1_H6 b1_S6  occSCC occSCC3 feCYC feDYAD feOPEN maxSCC refl  gcf  npts slope   r2    fail
      10    SW    6      4     4     2   0.67  0.67   0.67  0.00  0.33     4     5  1.00    0    -     -   NO_SCALING_PTS
      20    SW   22     20    20    14   0.00  0.00   0.00  0.00  1.00     1     0  1.00    1    -     -   FEW_RADII
      30    SW   31     29    29    22   0.17  0.17   0.22  0.00  0.78     5     0  1.00    1    -     -   FEW_RADII
      40    SW   39     37    37    29   0.00  0.00   0.00  0.00  1.00     1     0  1.00    1    -     -   FEW_RADII
      50    SW   46     44    44    37   0.23  0.23   0.34  0.00  0.66    10     0  1.00    1    -     -   FEW_RADII
      60    SW   64     62    62    52   0.21  0.12   0.16  0.08  0.76     3     0  1.00    1    -     -   FEW_RADII
      70    SW   75     73    73    64   0.05  0.05   0.05  0.00  0.95     3     0  1.00    1    -     -   FEW_RADII
      80    SW   92     90    90    75   0.15  0.15   0.22  0.00  0.78    13     0  1.00    1    -     -   FEW_RADII
      90    SW  114    112   112    89   0.07  0.07   0.09  0.00  0.91     4     0  1.00    1    -     -   FEW_RADII
     100    SW  123    121   121    98   0.04  0.04   0.06  0.00  0.94     4     0  1.00    1    -     -   FEW_RADII
     110    SW  139    137   137   108   0.05  0.05   0.07  0.00  0.93     4     0  1.00    1    -     -   FEW_RADII
     120    SW  147    145   145   119   0.11  0.11   0.18  0.00  0.82     9     0  1.00    1    -     -   FEW_RADII
     130    SW  162    160   160   131   0.00  0.00   0.00  0.00  1.00     1     0  1.00    2    -     -   FEW_RADII
     140    SW  169    167   167   140   0.07  0.07   0.10  0.00  0.90     5     0  1.00    2    -     -   FEW_RADII
     150    SW  174    172   172   144   0.02  0.00   0.00  0.02  0.98     2     0  1.00    1    -     -   FEW_RADII
     160    SW  178    176   176   148   0.05  0.05   0.09  0.00  0.91     6     0  1.00    2    -     -   FEW_RADII
     170    SW  186    184   184   158   0.03  0.03   0.04  0.00  0.96     3     0  1.00    2    -     -   FEW_RADII
     180    SW  204    202   202   172   0.06  0.06   0.10  0.00  0.90     8     0  1.00    2    -     -   FEW_RADII
     190    SW  234    232   232   190   0.07  0.07   0.14  0.00  0.86    15     0  1.00    2    -     -   FEW_RADII
     200    SW  255    253   253   205   0.04  0.04   0.08  0.00  0.92     5     0  1.00    2    -     -   FEW_RADII
     210    SW  263    261   261   211   0.03  0.00   0.00  0.03  0.97     2     0  1.00    2    -     -   FEW_RADII
     220    SW  266    264   264   208   0.02  0.00   0.00  0.02  0.98     2     0  1.00    2    -     -   FEW_RADII
     230    SW  280    278   275   226   0.03  0.03   0.06  0.00  0.94     6     0  1.00    2    -     -   FEW_RADII
     240    SW  293    291   286   239   0.06  0.06   0.09  0.00  0.91     6     0  1.00    2    -     -   FEW_RADII
     250    SW  298    296   284   239   0.03  0.00   0.00  0.02  0.98     2     0  1.00    2    -     -   FEW_RADII
     260    SW  310    307   290   242   0.06  0.03   0.05  0.03  0.92     5     0  1.00    3    -     -   FEW_RADII
     270    SW  310    307   288   245   0.07  0.07   0.12  0.00  0.88     8     0  1.00    2    -     -   FEW_RADII
     280    SW  323    317   298   258   0.07  0.06   0.12  0.01  0.87    16     0  1.00    2    -     -   FEW_RADII
     290    SW  326    321   303   261   0.09  0.00   0.00  0.09  0.91     2     0  1.00    2    -     -   FEW_RADII
     300    SW  326    321   300   258   0.00  0.00   0.00  0.00  1.00     1     0  1.00    2    -     -   FEW_RADII
     310    SW  330    325   301   259   0.05  0.05   0.07  0.00  0.93     5     0  1.00    2    -     -   FEW_RADII
     320    SW  334    328   302   267   0.07  0.07   0.11  0.00  0.89    13     0  1.00    2    -     -   FEW_RADII
     330    SW  356    350   326   271   0.17  0.15   0.23  0.01  0.76    19     0  1.00    3    -     -   FEW_RADII
     340    SW  397    391   366   286   0.06  0.05   0.10  0.01  0.90    16     0  1.00    3    -     -   FEW_RADII
     350    SW  421    417   389   314   0.07  0.07   0.13  0.00  0.87    16     0  1.00    3    -     -   FEW_RADII
     360    SW  450    446   413   334   0.07  0.06   0.09  0.01  0.90     7     0  1.00    3    -     -   FEW_RADII
     370    SW  449    445   394   329   0.04  0.03   0.04  0.01  0.95     4     0  1.00    3    -     -   FEW_RADII
     380    SW  448    444   389   333   0.04  0.04   0.08  0.00  0.92     7     0  1.00    3    -     -   FEW_RADII
     390    SW  450    446   389   323   0.04  0.04   0.05  0.00  0.95     6     0  1.00    3    -     -   FEW_RADII
     400    SW  446    442   393   320   0.02  0.02   0.04  0.00  0.96     6     0  1.00    3    -     -   FEW_RADII
     410    SW  445    441   390   312   0.02  0.02   0.05  0.00  0.95     6     0  1.00    3    -     -   FEW_RADII
     420    SW  450    445   387   321   0.12  0.09   0.17  0.02  0.81    13     0  1.00    3    -     -   FEW_RADII
     430    SW  448    439   381   330   0.08  0.08   0.13  0.00  0.87    20     0  1.00    3    -     -   FEW_RADII
     440    SW  450    440   380   337   0.07  0.07   0.11  0.00  0.89    17     0  1.00    3    -     -   FEW_RADII
     450    SW  449    439   367   338   0.08  0.08   0.17  0.00  0.83    31     0  1.00    3    -     -   FEW_RADII
     460  METR  450    440   371   345   0.08  0.08   0.16  0.00  0.84    28     0  1.00    4  2.04  0.99  -
     470  METR  450    439   371   340   0.08  0.05   0.07  0.02  0.90     7     0  1.00    4  1.98  0.99  -
     480  METR  449    436   375   337   0.09  0.09   0.16  0.00  0.84    25     0  1.00    4  1.95  0.99  -
     490  METR  449    431   376   325   0.06  0.06   0.12  0.01  0.87    16     0  1.00    4  2.11  0.99  -
     500  METR  450    431   381   317   0.10  0.07   0.13  0.02  0.84    14     0  1.00    4  2.13  0.99  -
     510  METR  449    427   370   315   0.08  0.08   0.16  0.00  0.84    29     0  1.00    4  2.09  1.00  -
     520  METR  448    425   357   311   0.07  0.07   0.14  0.00  0.86    25     1  1.00    4  2.06  1.00  -
     530    SW  449    424   356   317   0.04  0.03   0.06  0.01  0.94    10     1  1.00    3    -     -   FEW_RADII
     540    SW  450    421   341   323   0.16  0.07   0.09  0.09  0.81     3     1  1.00    3    -     -   FEW_RADII
     550    SW  448    419   330   322   0.04  0.04   0.06  0.00  0.94     4     1  1.00    2    -     -   FEW_RADII
     560    SW  450    421   331   327   0.09  0.08   0.14  0.01  0.85    13     1  1.00    2    -     -   FEW_RADII
     570    SW  450    420   335   326   0.00  0.00   0.00  0.00  1.00     1     1  1.00    2    -     -   FEW_RADII
     580    SW  439    409   334   320   0.00  0.00   0.00  0.00  1.00     1     1  1.00    2    -     -   FEW_RADII
     590    SW  431    401   335   315   0.03  0.00   0.00  0.03  0.97     2     0  1.00    2    -     -   FEW_RADII
     600    SW  435    402   346   322   0.06  0.04   0.07  0.01  0.91     6     3  1.00    2    -     -   FEW_RADII
     610    SW  437    402   350   319   0.02  0.00   0.00  0.02  0.98     2     0  1.00    2    -     -   FEW_RADII
     620    SW  445    408   359   318   0.12  0.12   0.15  0.00  0.85     3     0  1.00    2    -     -   FEW_RADII
     630    SW  450    409   364   324   0.08  0.00   0.00  0.08  0.92     2     0  1.00    3    -     -   FEW_RADII
     640    SW  450    409   363   321   0.04  0.04   0.07  0.00  0.93     6     4  1.00    3    -     -   FEW_RADII
     650    SW  449    400   355   308   0.04  0.03   0.06  0.01  0.93     8     2  1.00    3    -     -   FEW_RADII
     660    SW  447    398   353   301   0.07  0.05   0.09  0.01  0.89     7     1  1.00    3    -     -   FEW_RADII
     670    SW  447    397   348   277   0.03  0.00   0.00  0.03  0.97     2     1  1.00    3    -     -   FEW_RADII
     680    SW  441    387   339   264   0.06  0.04   0.08  0.01  0.91     8     3  1.00    3    -     -   FEW_RADII
     690    SW  439    378   327   254   0.00  0.00   0.00  0.00  1.00     1     1  1.00    3    -     -   FEW_RADII
     700    SW  429    364   310   242   0.05  0.05   0.08  0.01  0.92    13     4  1.00    3    -     -   FEW_RADII
     710  METR  443    378   299   250   0.04  0.04   0.06  0.00  0.94     7     2  1.00    4  2.60  0.99  -
     720  METR  444    379   304   247   0.09  0.00   0.00  0.08  0.92     2     3  1.00    4  2.62  0.99  -
     730    SW  429    364   292   246   0.02  0.00   0.00  0.02  0.98     2     0  1.00    2    -     -   FEW_RADII
     740    SW  420    355   288   229   0.00  0.00   0.00  0.00  1.00     1     1  1.00    2    -     -   FEW_RADII
     750    SW  411    348   276   218   0.00  0.00   0.00  0.00  1.00     1     0  1.00    2    -     -   FEW_RADII
     760    SW  394    333   271   210   0.00  0.00   0.00  0.00  1.00     1     0  1.00    3    -     -   FEW_RADII
     770    SW  381    322   264   213   0.02  0.00   0.00  0.02  0.98     2     2  1.00    2    -     -   FEW_RADII
     780    SW  377    317   260   207   0.11  0.05   0.06  0.06  0.88     3     3  1.00    3    -     -   FEW_RADII
     790    SW  373    311   256   206   0.00  0.00   0.00  0.00  1.00     1     2  0.99    3    -     -   FEW_RADII
     800    SW  361    302   246   189   0.00  0.00   0.00  0.00  1.00     1     0  1.00    2    -     -   FEW_RADII
     810    SW  360    302   248   191   0.11  0.06   0.09  0.04  0.87     5     4  1.00    3    -     -   FEW_RADII
     820    SW  359    301   249   186   0.00  0.00   0.00  0.00  1.00     1     2  1.00    3    -     -   FEW_RADII
     830    SW  359    301   240   185   0.00  0.00   0.00  0.00  1.00     1     0  1.00    3    -     -   FEW_RADII
     840  METR  352    294   232   179   0.29  0.29   0.46  0.00  0.54     6     1  1.00    4  2.51  1.00  -
     850  METR  354    294   239   173   0.27  0.20   0.21  0.06  0.73     4     0  1.00    4  2.36  1.00  -
     860  METR  394    334   283   196   0.10  0.10   0.17  0.00  0.83    19     4  0.99    4  2.23  0.99  -
     870  METR  417    358   311   219   0.14  0.14   0.20  0.00  0.80     5     1  1.00    4  2.38  0.99  -
     880  METR  437    378   331   236   0.10  0.00   0.00  0.09  0.91     2     2  1.00    4  2.33  1.00  -
     890    SW  439    378   329   247   0.07  0.07   0.09  0.00  0.91     4     1  1.00    3    -     -   FEW_RADII
     900    SW  448    383   327   258   0.21  0.13   0.15  0.06  0.79     4     3  1.00    3    -     -   FEW_RADII
    window ep460-520 len=7 exit=SW
    window ep710-720 len=2 exit=SW
    window ep840-880 len=5 exit=SW
    exit reasons: {'SW': 3}
    SW breakdown: {'NO_SCALING_PTS': 1, 'FEW_RADII': 75}
    edge lifetimes (theta=1e-12): n_dead=1109 median=288 mean=341.2 p90=600 max=884 censored_alive=830
    coupling with BSW indicator (point-biserial):
      occ_scc3: r =  0.16
      fe_cyc  : r =  0.24
      occ_scc : r =  0.20
      fe_dyad : r =  0.14
      b1_H12  : r =  0.25
      b1_H6   : r =  0.21
      b1_S6   : r =  0.17
[symmetric] status=ok snaps=90 BSW_occ=0 windows=0 dead=990 audit=OK
    ep    ph    V  b1_H12 b1_H6 b1_S6  occSCC occSCC3 feCYC feDYAD feOPEN maxSCC refl  gcf  npts slope   r2    fail
      10    SW    3      1     1     1   0.67  0.00   0.00  0.50  0.50     2     0  1.00    0    -     -   NO_SCALING_PTS
      20    SW   20     18    18    12   0.28  0.28   0.32  0.00  0.68     5     0  1.00    1    -     -   FEW_RADII
      30    SW   29     27    27    22   0.18  0.00   0.00  0.17  0.83     2     0  1.00    1    -     -   FEW_RADII
      40    SW   34     32    32    26   0.12  0.12   0.21  0.00  0.79     3     0  1.00    1    -     -   FEW_RADII
      50    SW   40     38    38    31   0.13  0.13   0.24  0.00  0.76     4     0  1.00    1    -     -   FEW_RADII
      60    SW   48     46    46    37   0.18  0.18   0.35  0.00  0.65     7     0  1.00    1    -     -   FEW_RADII
      70    SW   66     64    64    50   0.30  0.30   0.50  0.00  0.50    17     0  1.00    2    -     -   FEW_RADII
      80    SW   89     87    87    66   0.10  0.10   0.20  0.00  0.80     6     0  1.00    3    -     -   FEW_RADII
      90    SW  106    104   104    78   0.05  0.05   0.07  0.00  0.93     3     0  1.00    2    -     -   FEW_RADII
     100    SW  114    112   112    82   0.04  0.00   0.00  0.04  0.96     2     0  1.00    2    -     -   FEW_RADII
     110    SW  118    116   116    85   0.07  0.07   0.15  0.00  0.85     4     0  1.00    2    -     -   FEW_RADII
     120    SW  121    119   119    87   0.08  0.08   0.19  0.00  0.81     5     0  1.00    2    -     -   FEW_RADII
     130    SW  146    144   144   107   0.20  0.20   0.38  0.00  0.62     6     0  1.00    2    -     -   FEW_RADII
     140    SW  150    148   148   109   0.05  0.05   0.11  0.00  0.89     4     0  1.00    2    -     -   FEW_RADII
     150    SW  175    173   173   125   0.09  0.09   0.22  0.00  0.78     9     0  1.00    2    -     -   FEW_RADII
     160    SW  214    212   212   141   0.11  0.11   0.23  0.00  0.77    15     0  1.00    2    -     -   FEW_RADII
     170    SW  233    231   231   154   0.08  0.08   0.21  0.00  0.79    11     0  1.00    3    -     -   FEW_RADII
     180    SW  238    236   236   154   0.22  0.22   0.26  0.00  0.74     5     0  1.00    3    -     -   FEW_RADII
     190    SW  232    230   230   159   0.06  0.06   0.17  0.00  0.83     7     0  1.00    3    -     -   FEW_RADII
     200    SW  229    227   227   161   0.02  0.00   0.00  0.02  0.98     2     0  1.00    3    -     -   FEW_RADII
     210    SW  234    232   232   148   0.04  0.04   0.09  0.00  0.91     4     0  1.00    2    -     -   FEW_RADII
     220    SW  230    228   228   136   0.02  0.00   0.00  0.02  0.98     2     0  1.00    2    -     -   FEW_RADII
     230    SW  233    231   230   139   0.06  0.06   0.10  0.00  0.90     7     0  1.00    2    -     -   FEW_RADII
     240    SW  227    225   223   143   0.33  0.33   0.38  0.00  0.62     5     0  1.00    3    -     -   FEW_RADII
     250    SW  212    210   209   144   0.05  0.05   0.13  0.00  0.87     6     0  1.00    2    -     -   FEW_RADII
     260    SW  236    234   234   156   0.06  0.06   0.15  0.00  0.85     9     0  1.00    2    -     -   FEW_RADII
     270    SW  244    242   242   158   0.05  0.05   0.12  0.00  0.88     6     0  1.00    2    -     -   FEW_RADII
     280    SW  252    250   250   162   0.04  0.04   0.09  0.00  0.91     5     0  1.00    2    -     -   FEW_RADII
     290    SW  255    253   253   166   0.07  0.07   0.20  0.00  0.80    10     0  1.00    2    -     -   FEW_RADII
     300    SW  272    270   270   173   0.05  0.05   0.11  0.00  0.89     7     0  1.00    3    -     -   FEW_RADII
     310    SW  267    265   265   156   0.03  0.03   0.05  0.00  0.95     4     0  1.00    3    -     -   FEW_RADII
     320    SW  269    267   267   160   0.13  0.13   0.24  0.00  0.76     4     0  1.00    3    -     -   FEW_RADII
     330    SW  250    248   247   158   0.06  0.06   0.16  0.00  0.84     8     0  1.00    3    -     -   FEW_RADII
     340    SW  255    251   251   174   0.10  0.10   0.25  0.00  0.75    16     0  0.99    3    -     -   FEW_RADII
     350    SW  261    259   259   181   0.09  0.09   0.20  0.00  0.80    13     0  1.00    3    -     -   FEW_RADII
     360    SW  262    260   260   190   0.04  0.04   0.08  0.00  0.92     5     0  1.00    2    -     -   FEW_RADII
     370    SW  270    268   268   186   0.73  0.73   0.71  0.00  0.29     8     0  1.00    2    -     -   FEW_RADII
     380    SW  282    280   280   193   0.07  0.07   0.17  0.00  0.83    11     0  1.00    2    -     -   FEW_RADII
     390    SW  296    294   294   190   0.08  0.08   0.19  0.00  0.81    14     0  1.00    3    -     -   FEW_RADII
     400    SW  306    303   303   192   0.04  0.04   0.08  0.00  0.92     7     0  1.00    3    -     -   FEW_RADII
     410    SW  306    304   304   193   0.00  0.00   0.00  0.00  1.00     1     0  1.00    3    -     -   FEW_RADII
     420    SW  296    294   294   187   0.01  0.00   0.00  0.01  0.99     2     0  1.00    3    -     -   FEW_RADII
     430    SW  271    269   269   175   0.02  0.02   0.04  0.00  0.96     3     0  1.00    2    -     -   FEW_RADII
     440    SW  264    262   262   160   0.03  0.03   0.04  0.00  0.96     4     0  1.00    3    -     -   FEW_RADII
     450    SW  245    243   243   152   0.04  0.04   0.09  0.00  0.91     5     0  1.00    1    -     -   FEW_RADII
     460    SW  226    224   224   146   0.36  0.36   0.35  0.00  0.65     5     0  1.00    1    -     -   FEW_RADII
     470    SW  217    215   215   140   0.03  0.03   0.08  0.00  0.92     4     0  1.00    1    -     -   FEW_RADII
     480    SW  208    206   206   123   0.02  0.00   0.00  0.02  0.98     2     0  1.00    2    -     -   FEW_RADII
     490    SW  189    187   187   111   0.04  0.04   0.10  0.00  0.90     5     0  1.00    2    -     -   FEW_RADII
     500    SW  189    187   186   116   0.05  0.05   0.13  0.00  0.87     6     0  1.00    2    -     -   FEW_RADII
     510    SW  195    191   190   126   0.12  0.12   0.26  0.00  0.74    17     0  1.00    2    -     -   FEW_RADII
     520    SW  210    208   208   139   0.05  0.05   0.07  0.00  0.93     6     0  1.00    3    -     -   FEW_RADII
     530    SW  225    223   223   135   0.06  0.06   0.14  0.00  0.86     8     0  1.00    3    -     -   FEW_RADII
     540    SW  233    231   231   134   0.11  0.11   0.29  0.00  0.71    16     0  1.00    3    -     -   FEW_RADII
     550    SW  256    253   249   146   0.06  0.06   0.13  0.00  0.87    11     0  1.00    3    -     -   FEW_RADII
     560    SW  235    233   227   152   0.02  0.00   0.00  0.02  0.98     2     0  1.00    3    -     -   FEW_RADII
     570    SW  212    209   209   150   0.02  0.00   0.00  0.02  0.98     2     0  1.00    2    -     -   FEW_RADII
     580    SW  218    216   216   158   0.08  0.08   0.21  0.00  0.79     9     0  1.00    1    -     -   FEW_RADII
     590    SW  233    231   231   168   0.04  0.04   0.11  0.00  0.89     6     0  1.00    2    -     -   FEW_RADII
     600    SW  241    239   239   172   0.03  0.03   0.06  0.00  0.94     4     0  1.00    2    -     -   FEW_RADII
     610    SW  242    240   240   173   0.13  0.00   0.00  0.12  0.88     2     0  1.00    2    -     -   FEW_RADII
     620    SW  240    238   238   174   0.02  0.00   0.00  0.02  0.98     2     0  1.00    2    -     -   FEW_RADII
     630    SW  235    233   233   170   0.04  0.04   0.08  0.00  0.92     4     0  1.00    2    -     -   FEW_RADII
     640    SW  244    242   242   164   0.05  0.05   0.12  0.00  0.88     6     0  1.00    2    -     -   FEW_RADII
     650    SW  248    246   246   148   0.04  0.04   0.10  0.00  0.90     5     0  1.00    2    -     -   FEW_RADII
     660    SW  250    248   248   142   0.11  0.11   0.27  0.00  0.73    15     0  1.00    2    -     -   FEW_RADII
     670    SW  239    237   237   142   0.19  0.19   0.29  0.00  0.71     5     0  1.00    2    -     -   FEW_RADII
     680    SW  224    221   220   127   0.09  0.09   0.22  0.00  0.78    10     0  1.00    3    -     -   FEW_RADII
     690    SW  216    212   212   117   0.02  0.00   0.00  0.02  0.98     2     0  1.00    3    -     -   FEW_RADII
     700    SW  202    200   200   110   0.02  0.00   0.00  0.02  0.98     2     0  1.00    2    -     -   FEW_RADII
     710    SW  196    194   190   116   0.04  0.04   0.07  0.00  0.93     4     0  1.00    2    -     -   FEW_RADII
     720    SW  166    163   163   110   0.18  0.00   0.00  0.17  0.83     2     0  1.00    2    -     -   FEW_RADII
     730    SW  172    169   169   111   0.02  0.00   0.00  0.02  0.98     2     0  1.00    2    -     -   FEW_RADII
     740    SW  172    170   170   102   0.05  0.05   0.10  0.00  0.90     5     0  1.00    3    -     -   FEW_RADII
     750    SW  171    169   169   100   0.05  0.05   0.13  0.00  0.87     5     0  1.00    3    -     -   FEW_RADII
     760    SW  164    162   157   100   0.08  0.08   0.21  0.00  0.79     8     0  1.00    2    -     -   FEW_RADII
     770    SW  168    166   166   112   0.08  0.08   0.21  0.00  0.79     9     0  1.00    2    -     -   FEW_RADII
     780    SW  166    163   163   112   0.02  0.00   0.00  0.02  0.98     2     0  1.00    2    -     -   FEW_RADII
     790    SW  158    156   156   112   0.03  0.03   0.06  0.00  0.94     3     0  1.00    2    -     -   FEW_RADII
     800    SW  162    160   160   112   0.04  0.04   0.08  0.00  0.92     4     0  1.00    2    -     -   FEW_RADII
     810    SW  163    161   161   108   0.03  0.03   0.04  0.00  0.96     3     0  1.00    2    -     -   FEW_RADII
     820    SW  174    172   172   104   0.13  0.13   0.34  0.00  0.66    14     0  1.00    3    -     -   FEW_RADII
     830    SW  173    171   168   105   0.07  0.07   0.16  0.00  0.84     8     0  1.00    3    -     -   FEW_RADII
     840    SW  163    160   158   110   0.31  0.19   0.23  0.08  0.69     6     0  1.00    2    -     -   FEW_RADII
     850    SW  166    162   160   121   0.11  0.11   0.26  0.00  0.74    12     0  1.00    2    -     -   FEW_RADII
     860    SW  192    190   190   146   0.09  0.09   0.20  0.00  0.80    11     0  1.00    3    -     -   FEW_RADII
     870    SW  195    193   193   141   0.04  0.04   0.06  0.00  0.94     4     0  1.00    2    -     -   FEW_RADII
     880    SW  196    194   194   140   0.14  0.00   0.00  0.13  0.87     2     0  1.00    2    -     -   FEW_RADII
     890    SW  198    196   196   143   0.03  0.03   0.03  0.00  0.97     3     0  1.00    2    -     -   FEW_RADII
     900    SW  195    193   193   138   0.03  0.03   0.08  0.00  0.92     4     0  1.00    2    -     -   FEW_RADII
    exit reasons: (no windows)
    SW breakdown: {'NO_SCALING_PTS': 1, 'FEW_RADII': 89}
    edge lifetimes (theta=1e-12): n_dead=1980 median=165 mean=163.7 p90=185 max=220 censored_alive=387
    coupling with BSW indicator (point-biserial):
      occ_scc3: r =    - 
      fe_cyc  : r =    - 
      occ_scc : r =    - 
      fe_dyad : r =    - 
      b1_H12  : r =    - 
      b1_H6   : r =    - 
      b1_S6   : r =    - 
    --- asymmetric prediction pre-test (directed minus symmetric, point-biserial r with BSW) ---
      occ_scc3: r_dir= 0.16  r_sym=   -   diff=   - 
      fe_cyc  : r_dir= 0.24  r_sym=   -   diff=   - 
      b1_H12  : r_dir= 0.25  r_sym=   -   diff=   - 

========================================================================
AGGREGATE (directed runs)  rule=T1 g=0.075 N=450 epochs=900 seeds=[5, 7, 10, 15, 21, 33]
========================================================================

### REGISTRATION EVENTS (label, dV, dE, db1): total 475070 events
    DYAD          n=       6  (dV=+2,dE=+1,db1=+0)x6
    T1            n=    4703  (dV=+1,dE=+2,db1=+1)x4703
    REG           n=  470361  (dV=+0,dE=+0,db1=+0)x470361

### DECAY per-epoch  H*=(1-g): total 5400 events
    (dV=+0,dE=+0,db1=+0) x5066
    (dV=+0,dE=-1,db1=-1) x301
    (dV=+0,dE=-2,db1=-2) x32
    (dV=+0,dE=-3,db1=-3) x1

### DEATH per-epoch  isolated removal: total 5400 events
    (dV=+0,dE=+0,db1=+0) x4023
    (dV=-1,dE=-2,db1=-1) x701
    (dV=-2,dE=-4,db1=-2) x215
    (dV=-1,dE=-1,db1=+0) x87
    (dV=-1,dE=-3,db1=-2) x76
    (dV=-3,dE=-6,db1=-3) x68
    (dV=-2,dE=-3,db1=-1) x57
    (dV=-3,dE=-5,db1=-2) x34
    (dV=-2,dE=-5,db1=-3) x30
    (dV=-3,dE=-7,db1=-4) x15
    (dV=-4,dE=-8,db1=-4) x13
    (dV=-4,dE=-7,db1=-3) x12
    (dV=-1,dE=-4,db1=-3) x7
    (dV=-3,dE=-8,db1=-5) x7
    (dV=-4,dE=-9,db1=-5) x6
    (dV=-5,dE=-10,db1=-5) x6
    (dV=-2,dE=-6,db1=-4) x6
    (dV=-6,dE=-12,db1=-6) x4
    (dV=-4,dE=-6,db1=-2) x4
    (dV=-5,dE=-9,db1=-4) x4
    (dV=-5,dE=-8,db1=-3) x3
    (dV=-3,dE=-4,db1=-1) x3
    (dV=-5,dE=-11,db1=-6) x3
    (dV=-2,dE=-2,db1=+0) x2
    (dV=-1,dE=-5,db1=-4) x2
    (dV=-6,dE=-11,db1=-5) x2
    (dV=-6,dE=-14,db1=-8) x1
    (dV=-4,dE=-13,db1=-9) x1
    (dV=-4,dE=-5,db1=-1) x1
    (dV=-5,dE=-12,db1=-7) x1
    (dV=-3,dE=-8,db1=-4) x1
    (dV=-3,dE=-3,db1=-1) x1
    (dV=-2,dE=-7,db1=-5) x1
    (dV=-3,dE=-10,db1=-7) x1
    (dV=-4,dE=-11,db1=-7) x1
    (dV=-5,dE=-7,db1=-2) x1
