cycle_id	edges
0	0_2;1_2;0_1
1	0_3;1_3;0_1
2	1_4;0_4;0_1
3	2_5;1_5;1_2
4	1_6;0_6;0_1
5	1_7;0_7;0_1
6	1_8;0_8;0_1
7	0_9;3_9;0_3
8	1_10;0_10;0_1
9	0_11;2_11;0_2
10	0_12;1_12;0_1
11	1_13;0_13;0_1
12	0_14;1_14;0_1
13	1_15;4_15;1_4
14	0_16;1_16;0_1
15	1_17;0_17;0_1
16	1_18;0_18;0_1
17	0_19;2_19;0_2
18	9_20;3_20;3_9
19	1_21;0_21;0_1
20	1_22;8_22;1_8
21	9_23;3_23;3_9
22	3_24;1_24;1_3
23	1_25;8_25;1_8
24	1_26;17_26;1_17
25	1_27;10_27;1_10
26	3_28;1_28;1_3
27	0_29;1_29;0_1
28	0_30;9_30;0_9
29	0_31;11_31;0_11
30	0_32;1_32;0_1
31	1_33;4_33;1_4
32	1_34;13_34;1_13
33	1_35;18_35;1_18
34	1_36;0_36;0_1
35	17_37;0_37;0_17
36	1_38;27_38;1_27
37	0_39;2_39;0_2
38	0_40;9_40;0_9
39	0_41;2_41;0_2
40	0_42;2_42;0_2
41	0_43;11_43;0_11
42	0_44;19_44;0_19
43	9_45;20_45;9_20
44	1_46;15_46;1_15
45	0_47;2_47;0_2
46	1_48;0_48;0_1
47	0_49;31_49;0_31
48	3_50;28_50;3_28
49	2_51;1_51;1_2
50	31_52;11_52;11_31
51	1_53;35_53;1_35
52	0_54;1_54;0_1
53	1_55;0_55;0_1
54	1_56;0_56;0_1
55	1_57;26_57;1_26
56	5_58;1_58;1_5
57	2_59;5_59;2_5
58	0_60;1_60;0_1
59	5_61;1_61;1_5
60	1_62;27_62;1_27
61	1_63;22_63;1_22
62	1_64;6_64;1_6
63	0_65;19_65;0_19
64	1_66;36_66;1_36
65	0_67;29_67;0_29
66	1_68;17_68;1_17
67	1_69;15_69;1_15
68	8_70;0_70;0_8
69	1_71;13_71;1_13
70	1_72;6_72;1_6
71	0_73;39_73;0_39
72	2_74;1_74;1_2
73	1_75;7_75;1_7
74	58_76;1_76;1_58
75	0_77;16_77;0_16
76	50_78;28_78;28_50
77	0_79;9_79;0_9
78	0_80;2_80;0_2
79	0_81;65_81;0_65
80	2_82;5_82;2_5
81	0_83;65_83;0_65
82	1_84;34_84;1_34
83	1_85;46_85;1_46
84	9_86;3_86;3_9
85	19_87;2_87;2_19
86	1_88;13_88;1_13
87	0_89;44_89;0_44
88	19_90;2_90;2_19
89	4_91;0_91;0_4
90	15_92;4_92;4_15
91	0_93;2_93;0_2
92	65_94;19_94;19_65
93	2_95;59_95;2_59
94	87_96;2_96;2_87
95	0_97;54_97;0_54
96	1_98;38_98;1_38
97	1_99;64_99;1_64
98	0_100;44_100;0_44
99	1_101;4_101;1_4
100	0_102;2_102;0_2
101	0_103;81_103;0_81
102	0_104;2_104;0_2
103	0_105;93_105;0_93
104	0_106;54_106;0_54
105	0_107;39_107;0_39
106	0_108;47_108;0_47
107	0_109;54_109;0_54
108	16_110;1_110;1_16
109	2_111;51_111;2_51
110	65_112;19_112;19_65
111	1_113;8_113;1_8
112	5_114;58_114;5_58
113	1_115;13_115;1_13
114	1_116;75_116;1_75
115	1_117;18_117;1_18
116	82_118;5_118;5_82
117	1_119;8_119;1_8
118	75_120;7_120;7_75
119	0_121;47_121;0_47
120	31_122;11_122;11_31
121	46_123;15_123;15_46
122	0_124;39_124;0_39
123	26_125;17_125;17_26
124	0_126;67_126;0_67
125	0_127;44_127;0_44
126	0_128;102_128;0_102
127	0_129;77_129;0_77
128	5_130;61_130;5_61
129	5_131;61_131;5_61
130	2_132;74_132;2_74
131	58_133;76_133;58_76
132	5_134;61_134;5_61
133	1_135;85_135;1_85
134	4_136;91_136;4_91
135	1_137;18_137;1_18
136	8_138;0_138;0_8
137	1_139;4_139;1_4
138	15_140;92_140;15_92
139	1_141;75_141;1_75
140	0_142;121_142;0_121
141	0_143;39_143;0_39
142	91_144;0_144;0_91
143	77_145;16_145;16_77
144	19_146;2_146;2_19
145	2_147;82_147;2_82
146	0_148;60_148;0_60
147	16_149;110_149;16_110
148	16_150;1_150;1_16
149	0_151;44_151;0_44
150	87_152;2_152;2_87
151	50_153;28_153;28_50
152	87_154;2_154;2_87
153	1_155;115_155;1_115
154	1_156;4_156;1_4
155	82_157;118_157;82_118
156	5_158;130_158;5_130
157	1_159;99_159;1_99
158	2_160;147_160;2_147
159	1_161;155_161;1_155
160	1_162;18_162;1_18
161	1_163;68_163;1_68
162	1_164;18_164;1_18
163	2_165;59_165;2_59
164	2_166;51_166;2_51
165	1_167;135_167;1_135
166	1_168;55_168;1_55
167	0_169;77_169;0_77
168	2_170;82_170;2_82
169	2_171;82_171;2_82
170	44_172;19_172;19_44
171	19_173;2_173;2_19
172	27_174;10_174;10_27
173	10_175;0_175;0_10
174	0_176;77_176;0_77
175	20_82;5_20;5_82
176	160_177;147_177;147_160
177	51_178;1_178;1_51
178	19_179;2_179;2_19
179	19_180;87_180;19_87
180	1_181;71_181;1_71
181	155_182;115_182;115_155
182	115_183;13_183;13_115
183	1_184;69_184;1_69
184	0_185;77_185;0_77
185	1_45;45_101;1_101
186	23_65;23_112;65_112
187	65_186;112_186;65_112
188	0_187;108_187;0_108
189	19_188;2_188;2_19
190	16_189;149_189;16_149
191	0_190;104_190;0_104
192	16_191;150_191;16_150
193	2_192;82_192;2_82
194	1_193;155_193;1_155
195	1_194;48_194;1_48
196	1_195;62_195;1_62
197	0_196;106_196;0_106
198	1_197;62_197;1_62
199	0_198;176_198;0_176
200	0_199;47_199;0_47
201	0_70;70_103;0_103
202	51_200;178_200;51_178
203	57_201;26_201;26_57
204	0_202;187_202;0_187
205	0_203;185_203;0_185
206	0_204;108_204;0_108
207	104_205;2_205;2_104
208	0_206;106_206;0_106
209	0_207;187_207;0_187
210	182_208;115_208;115_182
211	2_24;24_165;2_165
212	1_209;26_209;1_26
213	0_210;93_210;0_93
214	0_211;108_211;0_108
215	0_212;108_212;0_108
216	2_213;166_213;2_166
217	1_214;164_214;1_164
218	1_215;64_215;1_64
219	1_216;164_216;1_164
220	2_217;171_217;2_171
221	2_218;166_218;2_166
222	2_219;59_219;2_59
223	2_220;111_220;2_111
224	7_221;0_221;0_7
225	0_222;106_222;0_106
226	160_223;177_223;160_177
227	47_224;2_224;2_47
228	118_225;5_225;5_118
229	0_226;12_226;0_12
230	5_227;58_227;5_58
231	0_228;169_228;0_169
232	0_229;202_229;0_202
233	5_230;131_230;5_131
234	5_231;58_231;5_58
235	1_232;7_232;1_7
236	16_233;150_233;16_150
237	58_234;76_234;58_76
238	114_235;58_235;58_114
239	58_78;76_78;58_76
240	150_236;1_236;1_150
241	27_237;10_237;10_27
242	0_238;185_238;0_185
243	0_239;169_239;0_169
244	1_49;49_64;1_64
245	54_240;1_240;1_54
246	1_241;195_241;1_195
247	26_242;17_242;17_26
248	11_123;2_123;2_11
249	54_243;1_243;1_54
250	27_244;237_244;27_237
251	2_245;147_245;2_147
252	1_120;120_181;1_181
253	0_246;212_246;0_212
254	0_247;12_247;0_12
255	204_248;108_248;108_204
256	5_249;227_249;5_227
257	49_250;64_250;49_64
258	64_72;6_72;6_64
259	0_251;43_251;0_43
260	47_252;224_252;47_224
261	2_253;74_253;2_74
262	0_254;11_254;0_11
263	2_255;147_255;2_147
264	108_256;47_256;47_108
265	108_257;47_257;47_108
266	108_258;47_258;47_108
267	244_259;237_259;237_244
268	4_260;136_260;4_136
269	0_261;43_261;0_43
270	2_262;111_262;2_111
271	47_263;2_263;2_47
272	2_264;165_264;2_165
273	0_265;148_265;0_148
274	215_266;64_266;64_215
275	74_267;1_267;1_74
276	0_268;210_268;0_210
277	82_269;157_269;82_157
278	1_270;7_270;1_7
279	210_271;93_271;93_210
280	6_122;0_122;0_6
281	0_272;185_272;0_185
282	0_273;60_273;0_60
283	0_274;104_274;0_104
284	5_275;114_275;5_114
285	2_276;59_276;2_59
286	2_277;160_277;2_160
287	2_278;147_278;2_147
288	82_279;157_279;82_157
289	147_280;82_280;82_147
290	5_281;1_281;1_5
291	59_282;5_282;5_59
292	1_283;49_283;1_49
293	1_284;49_284;1_49
294	0_80;60_80;0_60
295	0_153;153_261;0_261
296	10_138;138_175;10_175
297	0_21;21_47;0_47
298	204_285;108_285;108_204
299	0_286;210_286;0_210
300	47_287;2_287;2_47
301	59_288;5_288;5_59
302	5_289;227_289;5_227
303	58_88;1_88;1_58
304	2_290;95_290;2_95
305	34_171;34_82;82_171
306	58_291;78_291;58_78
307	131_292;61_292;61_131
308	184_293;69_293;69_184
309	118_294;5_294;5_118
310	0_295;210_295;0_210
311	0_296;153_296;0_153
312	0_297;106_297;0_106
313	261_298;43_298;43_261
314	0_299;187_299;0_187
315	60_300;1_300;1_60
316	0_301;128_301;0_128
317	0_302;247_302;0_247
318	108_303;47_303;47_108
319	2_304;5_304;2_5
320	227_305;58_305;58_227
321	2_152;152_245;2_245
322	1_306;15_306;1_15
323	166_307;51_307;51_166
324	0_308;106_308;0_106
325	0_309;97_309;0_97
326	147_310;82_310;82_147
327	82_311;157_311;82_157
328	5_146;146_231;5_231
329	5_312;281_312;5_281
330	1_313;49_313;1_49
331	295_314;210_314;210_295
332	5_315;131_315;5_131
333	165_316;59_316;59_165
334	37_317;0_317;0_37
335	165_318;59_318;59_165
336	5_319;227_319;5_227
337	4_320;260_320;4_260
338	1_105;98_105;1_98
339	13_321;0_321;0_13
340	118_322;5_322;5_118
341	5_52;52_58;5_58
342	231_323;58_323;58_231
343	1_324;306_324;1_306
344	1_325;209_325;1_209
345	1_326;214_326;1_214
346	1_327;159_327;1_159
347	1_328;232_328;1_232
348	1_329;159_329;1_159
349	145_330;16_330;16_145
350	58_331;76_331;58_76
351	145_332;16_332;16_145
352	1_134;134_167;1_167
353	7_116;0_116;0_7
354	26_75;75_242;26_242
355	16_66;66_150;16_150
356	1_333;159_333;1_159
357	1_334;232_334;1_232
358	14_149;14_110;110_149
359	76_335;1_335;1_76
360	64_336;6_336;6_64
361	1_337;119_337;1_119
362	64_338;6_338;6_64
363	2_125;5_125;2_5
364	1_121;121_215;1_215
365	6_339;0_339;0_6
366	2_124;124_290;2_290
367	214_340;164_340;164_214
368	0_132;132_261;0_261
369	2_341;152_341;2_152
370	5_342;146_342;5_146
371	1_84;13_84;1_13
372	1_343;68_343;1_68
373	1_344;194_344;1_194
374	1_345;159_345;1_159
375	147_346;310_346;147_310
376	82_347;311_347;82_311
377	311_348;157_348;157_311
378	5_349;58_349;5_58
379	311_350;157_350;157_311
380	5_351;281_351;5_281
381	5_352;342_352;5_342
382	0_353;199_353;0_199
383	63_118;63_322;118_322
384	2_40;40_220;2_220
385	5_36;36_231;5_231
386	118_354;294_354;118_294
387	5_355;281_355;5_281
388	78_356;76_356;76_78
389	245_357;147_357;147_245
390	2_358;152_358;2_152
391	58_359;76_359;58_76
392	78_360;76_360;76_78
393	141_305;58_141;58_305
394	139_310;82_139;82_310
395	0_143;143_176;0_176
396	118_142;142_294;118_294
397	30_131;30_292;131_292
398	131_361;61_361;61_131
399	157_362;118_362;118_157
400	5_363;58_363;5_58
401	1_364;120_364;1_120
402	58_365;78_365;58_78
403	11_366;123_366;11_123
404	164_367;18_367;18_164
405	17_368;37_368;17_37
406	294_369;5_369;5_294
407	164_370;18_370;18_164
408	16_371;189_371;16_189
409	5_372;231_372;5_231
410	16_96;96_149;16_149
411	0_373;211_373;0_211
412	15_374;4_374;4_15
413	1_375;313_375;1_313
414	1_376;306_376;1_306
415	4_83;83_260;4_260
416	91_158;144_158;91_144
417	0_107;107_302;0_302
418	0_22;22_211;0_211
419	56_247;12_56;12_247
420	5_201;130_201;5_130
421	15_183;140_183;15_140
422	92_161;4_161;4_92
423	4_89;89_260;4_260
424	1_163;163_325;1_325
425	127_209;26_127;26_209
426	126_181;71_126;71_181
427	112_247;12_112;12_247
428	145_180;180_330;145_330
429	27_191;191_237;27_237
430	0_235;228_235;0_228
431	43_259;11_259;11_43
432	11_208;2_208;2_11
433	0_178;178_273;0_273
434	0_223;223_273;0_273
435	200_304;5_200;5_304
436	1_100;57_100;1_57
437	2_205;166_205;2_166
438	87_195;62_87;62_195
439	0_90;90_273;0_273
440	1_188;188_364;1_364
441	60_137;137_300;60_300
442	1_50;50_119;1_119
443	23_58;23_365;58_365
444	59_172;172_288;59_288
445	62_192;27_192;27_62
446	154_363;58_154;58_363
447	5_113;113_131;5_131
448	35_114;35_58;58_114
449	10_25;25_175;10_175
450	57_86;26_86;26_57
451	2_377;74_377;2_74
452	114_378;58_378;58_114
453	2_379;74_379;2_74
454	175_380;0_380;0_175
455	1_381;53_381;1_53
456	0_382;90_382;0_90
457	282_383;5_383;5_282
458	1_243;243_364;1_364
459	45_57;26_45;26_57
460	70_71;13_70;13_71
461	1_225;50_225;1_50
462	1_129;129_376;1_376
463	17_67;37_67;17_37
464	0_267;267_302;0_302
465	218_302;218_247;247_302
466	91_314;158_314;91_158
467	151_158;144_151;144_158
468	219_302;219_247;247_302
469	102_247;56_102;56_247
470	29_120;29_181;120_181
471	227_266;266_305;227_305
472	1_34;34_283;1_283
473	1_285;283_285;1_283
474	239_364;120_239;120_364
475	238_364;120_238;120_364
476	1_226;226_283;1_283
477	2_234;166_234;2_166
478	29_384;181_384;29_181
479	248_364;120_248;120_364
480	120_213;29_213;29_120
481	144_303;0_303;0_144
482	122_169;77_122;77_169
483	2_270;40_270;2_40
484	77_116;116_145;77_145
485	77_193;145_193;77_145
486	12_307;1_307;1_12
487	110_256;1_256;1_110
488	0_318;223_318;0_223
489	0_258;258_302;0_302
490	2_338;205_338;2_205
491	1_289;225_289;1_225
492	190_264;104_264;104_190
493	175_286;0_286;0_175
494	1_252;167_252;1_167
495	0_171;42_171;0_42
496	2_284;234_284;2_234
497	1_221;188_221;1_188
498	0_139;103_139;0_103
499	60_141;137_141;60_137
500	0_350;39_350;0_39
501	1_348;181_348;1_181
502	2_111;111_205;2_205
503	2_41;41_338;2_338
504	0_369;299_369;0_299
505	28_166;28_51;51_166
506	166_347;51_347;51_166
507	181_346;71_346;71_181
508	205_339;166_339;166_205
509	51_115;1_115;1_51
510	166_357;51_357;51_166
511	17_182;37_182;17_37
512	8_340;0_340;0_8
513	0_254;254_302;0_302
514	0_207;207_228;0_228
515	166_197;51_197;51_166
516	173_205;166_173;166_205
517	24_181;24_126;126_181
518	37_229;0_229;0_37
519	1_133;50_133;1_50
520	1_362;188_362;1_188
521	166_360;51_360;51_166
522	0_177;42_177;0_42
523	1_75;75_181;1_181
524	1_170;10_170;1_10
525	1_293;188_293;1_188
526	1_354;283_354;1_283
527	51_142;1_142;1_51
528	30_364;30_120;120_364
529	0_370;103_370;0_103
530	1_367;120_367;1_120
531	1_323;283_323;1_283
532	1_63;63_75;1_75
533	1_280;216_280;1_216
534	1_117;117_195;1_195
535	1_244;244_289;1_289
536	71_287;13_287;13_71
537	1_206;10_206;1_10
538	13_48;0_48;0_13
539	0_262;177_262;0_177
540	0_257;103_257;0_103
541	0_312;42_312;0_42
542	2_296;234_296;2_234
543	0_292;106_292;0_106
544	10_269;138_269;10_138
545	71_146;146_287;71_287
546	13_69;0_69;0_13
547	106_279;54_279;54_106
548	174_270;40_174;40_270
549	1_301;17_301;1_17
550	0_52;52_73;0_73
551	286_385;0_385;0_286
552	1_215;215_376;1_376
553	223_386;273_386;223_273
554	1_387;225_387;1_225
555	17_388;37_388;17_37
556	166_389;51_389;51_166
557	1_366;216_366;1_216
558	127_167;127_135;135_167
559	181_390;24_390;24_181
560	1_391;167_391;1_167
561	216_368;164_368;164_216
562	24_309;126_309;24_126
563	216_246;164_246;164_216
564	85_128;46_128;46_85
565	136_392;91_392;91_136
566	136_393;91_393;91_136
567	18_394;0_394;0_18
568	0_311;103_311;0_103
569	4_331;320_331;4_320
570	0_349;196_349;0_196
571	0_249;249_272;0_272
572	0_317;106_317;0_106
573	0_105;105_132;0_132
574	119_372;8_372;8_119
575	121_149;14_121;14_149
576	126_204;71_204;71_126
577	1_294;133_294;1_133
578	120_345;181_345;120_181
579	120_344;181_344;120_181
580	181_209;71_209;71_181
581	77_343;145_343;77_145
582	0_353;297_353;0_297
583	109_330;16_109;16_330
584	0_88;88_190;0_190
585	121_245;14_245;14_121
586	14_143;110_143;14_110
587	110_162;162_256;110_256
588	1_3;3_364;1_364
589	120_155;29_155;29_120
590	26_134;17_134;17_26
591	68_181;68_126;126_181
592	181_342;24_342;24_181
593	205_315;315_339;205_339
594	97_393;91_97;91_393
595	320_361;260_361;260_320
596	0_148;148_222;0_222
597	1_383;226_383;1_226
598	1_66;66_98;1_98
599	1_321;63_321;1_63
600	49_313;250_313;49_250
601	1_356;216_356;1_216
602	81_203;65_203;65_81
603	76_126;76_204;126_204
604	71_156;13_156;13_71
605	13_184;0_184;0_13
606	112_287;13_112;13_287
607	0_87;87_187;0_187
608	0_61;21_61;0_21
609	106_194;194_279;106_279
610	378_394;0_378;0_394
611	163_184;0_163;0_184
612	69_83;0_83;0_69
613	0_55;21_55;0_21
614	2_255;205_255;2_205
615	106_172;172_279;106_279
616	2_96;96_284;2_284
617	0_176;32_176;0_32
618	22_42;2_22;2_42
619	154_389;51_154;51_389
620	1_375;49_375;1_49
621	2_241;241_290;2_290
622	214_389;51_214;51_389
623	51_160;1_160;1_51
624	2_152;152_296;2_296
625	51_355;115_355;51_115
626	1_326;167_326;1_167
627	1_99;13_99;1_13
628	115_316;1_316;1_115
629	198_364;30_198;30_364
630	201_243;201_364;243_364
631	30_373;120_373;30_120
632	181_329;24_329;24_181
633	181_325;325_390;181_390
634	71_259;259_287;71_287
635	113_250;64_113;64_250
636	72_352;6_352;6_72
637	0_363;39_363;0_39
638	279_359;54_359;54_279
639	54_231;1_231;1_54
640	54_208;1_208;1_54
641	2_45;45_296;2_296
642	1_212;57_212;1_57
643	67_166;67_197;166_197
644	166_183;183_389;166_389
645	98_295;38_295;38_98
646	38_44;27_44;27_38
647	237_278;10_278;10_237
648	157_237;10_157;10_237
649	13_118;69_118;13_69
650	108_358;47_358;47_108
651	47_282;263_282;47_263
652	0_337;222_337;0_222
653	39_322;2_322;2_39
654	138_319;175_319;138_175
655	39_153;2_153;2_39
656	0_31;31_363;0_363
657	2_179;179_304;2_304
658	297_335;106_335;106_297
659	2_82;82_270;2_270
660	106_333;194_333;106_194
661	106_310;279_310;106_279
662	0_217;93_217;0_93
663	0_151;90_151;0_90
664	0_20;20_103;0_103
665	230_290;95_230;95_290
666	0_211;106_211;0_106
667	0_80;39_80;0_39
668	1_371;66_371;1_66
669	95_332;59_332;59_95
670	60_328;137_328;60_137
671	279_327;54_327;54_279
672	54_324;1_324;1_54
673	234_274;166_274;166_234
674	101_279;54_101;54_279
675	240_374;1_374;1_240
676	240_341;1_341;1_240
677	70_357;51_70;51_357
678	283_291;49_291;49_283
679	276_389;51_276;51_389
680	36_305;36_58;58_305
681	1_124;124_323;1_323
682	1_242;99_242;1_99
683	1_147;66_147;1_66
684	1_125;66_125;1_66
685	1_277;212_277;1_212
686	1_202;202_375;1_375
687	1_178;99_178;1_99
688	1_395;326_395;1_326
689	210_396;271_396;210_271
690	17_397;37_397;17_37
691	189_365;78_189;78_365
692	1_398;243_398;1_243
693	6_377;0_377;0_6
694	20_399;103_399;20_103
695	2_400;304_400;2_304
696	159_284;159_234;234_284
697	1_401;75_401;1_75
698	234_402;166_402;166_234
699	10_403;175_403;10_175
700	283_404;49_404;49_283
701	283_405;49_405;49_283
702	49_406;64_406;49_64
703	77_407;145_407;77_145
704	6_408;0_408;0_6
705	5_409;227_409;5_227
706	5_410;227_410;5_227
707	1_35;35_285;1_285
708	1_411;301_411;1_301
709	64_412;6_412;6_64
710	1_413;285_413;1_285
711	187_414;108_414;108_187
712	72_308;6_308;6_72
713	1_415;242_415;1_242
714	75_416;181_416;75_181
715	1_381;334_381;1_334
716	169_248;77_248;77_169
717	1_298;277_298;1_277
718	1_213;213_326;1_326
719	1_129;129_398;1_398
720	167_235;135_235;135_167
721	122_158;122_144;144_158
722	0_251;61_251;0_61
723	0_89;80_89;0_80
724	0_264;31_264;0_31
725	0_386;176_386;0_176
726	61_265;21_265;21_61
727	130_304;5_130;5_304
728	87_100;100_187;87_187
729	2_314;290_314;2_290
730	1_261;261_354;1_354
731	1_267;178_267;1_178
732	164_191;18_191;18_164
733	71_380;146_380;71_146
734	13_185;0_185;0_13
735	128_204;71_128;71_204
736	146_340;287_340;146_287
737	102_287;13_102;13_287
738	77_168;145_168;77_145
739	0_114;31_114;0_31
740	1_392;99_392;1_99
741	13_368;0_368;0_13
742	140_180;92_180;92_140
743	64_142;142_336;64_336
744	0_141;141_211;0_211
745	346_377;0_346;0_377
746	246_412;6_246;6_412
747	0_143;143_317;0_317
748	6_173;173_377;6_377
749	6_360;360_377;6_377
750	0_269;196_269;0_196
751	0_347;196_347;0_196
752	2_253;5_253;2_5
753	13_200;185_200;13_185
754	0_350;39_350;0_39
755	25_185;0_25;0_185
756	0_193;193_249;0_249
757	1_116;116_289;1_289
758	0_56;39_56;0_39
759	0_131;131_273;0_273
760	0_417;318_417;0_318
761	119_362;8_362;8_119
762	170_365;78_170;78_365
763	119_293;8_293;8_119
764	1_97;97_392;1_392
765	215_361;361_376;215_376
766	362_418;8_418;8_362
767	13_382;185_382;13_185
768	0_127;39_127;0_39
769	376_419;306_419;306_376
770	0_420;56_420;0_56
771	0_421;73_421;0_73
772	5_422;410_422;5_410
773	17_423;182_423;17_182
774	227_424;266_424;227_266
775	376_425;306_425;306_376
776	0_370;258_370;0_258
777	37_343;0_343;0_37
778	280_410;227_280;227_410
779	79_266;79_305;266_305
780	227_426;58_426;58_227
781	86_92;86_161;92_161
782	15_427;140_427;15_140
783	92_428;161_428;92_161
784	58_429;1_429;1_58
785	1_430;376_430;1_376
786	58_431;23_431;23_58
787	322_432;2_432;2_322
788	36_433;58_433;36_58
789	1_434;178_434;1_178
790	23_435;365_435;23_365
791	23_436;365_436;23_365
792	58_437;23_437;23_58
793	58_134;1_134;1_58
794	5_438;422_438;5_422
795	2_439;304_439;2_304
796	0_132;132_299;0_299
797	5_440;410_440;5_410
798	262_281;1_262;1_281
799	162_405;49_162;49_405
800	351_441;281_441;281_351
801	195_410;195_227;227_410
802	62_410;62_227;227_410
803	1_442;167_442;1_167
804	59_443;288_443;59_288
805	305_444;58_444;58_305
806	91_292;158_292;91_158
807	1_445;376_445;1_376
808	227_446;426_446;227_426
809	1_447;356_447;1_356
810	1_448;376_448;1_376
811	58_449;429_449;58_429
812	58_450;23_450;23_58
813	58_369;134_369;58_134
814	283_391;49_391;49_283
815	0_348;348_421;0_421
816	0_33;33_141;0_141
817	52_273;52_60;60_273
818	49_451;64_451;49_64
819	64_233;72_233;64_72
820	64_192;6_192;6_64
821	64_452;6_452;6_64
822	64_453;412_453;64_412
823	64_454;6_454;6_64
824	64_455;72_455;64_72
825	0_456;420_456;0_420
826	0_457;318_457;0_318
827	6_256;256_408;6_408
828	0_331;318_331;0_318
829	0_19;19_87;0_87
830	0_458;370_458;0_370
831	386_459;176_459;176_386
832	258_460;302_460;258_302
833	346_461;0_461;0_346
834	2_388;111_388;2_111
835	105_106;105_172;106_172
836	300_462;1_462;1_300
837	2_463;379_463;2_379
838	219_464;247_464;219_247
839	5_465;227_465;5_227
840	54_466;1_466;1_54
841	2_467;296_467;2_296
842	1_468;392_468;1_392
843	92_367;161_367;92_161
844	102_206;13_206;13_102
845	0_188;143_188;0_143
846	1_294;294_445;1_445
847	0_469;417_469;0_417
848	42_470;2_470;2_42
849	2_257;257_338;2_338
850	2_203;203_304;2_304
851	2_471;5_471;2_5
852	2_472;388_472;2_388
853	247_473;12_473;12_247
854	464_474;247_474;247_464
855	205_475;339_475;205_339
856	13_174;174_184;13_184
857	1_476;301_476;1_301
858	13_477;48_477;13_48
859	13_40;40_48;13_48
860	0_478;348_478;0_348
861	13_479;184_479;13_184
862	0_384;61_384;0_61
863	181_366;126_366;126_181
864	221_227;58_221;58_227
865	198_348;198_421;348_421
866	0_319;93_319;0_93
867	43_315;11_315;11_43
868	154_307;1_154;1_307
869	112_216;112_164;164_216
870	178_278;99_278;99_178
871	226_403;175_226;175_403
872	14_175;14_286;175_286
873	7_47;7_282;47_282
874	205_390;339_390;205_339
875	111_374;205_374;111_205
876	111_341;205_341;111_205
877	339_383;166_383;166_339
878	166_358;51_358;51_166
879	325_339;166_325;166_339
880	68_339;68_166;166_339
881	166_332;183_332;166_183
882	51_245;160_245;51_160
883	389_396;51_396;51_389
884	51_224;1_224;1_51
885	152_389;51_152;51_389
886	51_104;104_355;51_355
887	1_399;399_468;1_468
888	160_230;1_230;1_160
889	1_237;237_413;1_413
890	115_229;229_316;115_316
891	1_238;238_448;1_448
892	99_148;13_148;13_99
893	1_94;94_430;1_430
894	55_316;1_55;1_316
895	8_101;0_101;0_8
896	0_70;70_171;0_171
897	0_310;310_478;0_478
898	49_373;313_373;49_313
899	166_239;51_239;51_166
900	33_201;141_201;33_141
901	33_190;141_190;33_141
902	49_324;324_406;49_406
903	49_235;235_406;49_406
904	308_421;73_308;73_421
905	2_364;364_467;2_467
906	248_406;64_248;64_406
907	30_51;30_355;51_355
908	117_406;64_117;64_406
909	42_95;95_470;42_470
910	2_121;121_253;2_253
911	149_234;149_166;166_234
912	346_416;416_461;346_461
913	234_402;274_402;234_274
914	1_352;301_352;1_301
915	0_345;33_345;0_33
916	157_171;42_157;42_171
917	29_430;29_376;376_430
918	160_372;1_372;1_160
919	160_275;1_275;1_160
920	344_376;344_425;376_425
921	1_155;85_155;1_85
922	120_376;120_425;376_425
923	3_421;3_73;73_421
924	252_421;73_252;73_421
925	64_404;72_404;64_72
926	15_82;82_140;15_140
927	39_44;44_322;39_322
928	295_322;295_432;322_432
929	67_322;2_67;2_322
930	185_387;25_387;25_185
931	6_76;76_408;6_408
932	5_163;163_227;5_227
933	0_480;349_480;0_349
934	45_111;45_205;111_205
935	337_339;337_383;339_383
936	199_305;36_199;36_305
937	1_100;100_381;1_381
938	270_354;270_283;283_354
939	58_481;429_481;58_429
940	80_429;1_80;1_429
941	429_482;1_482;1_429
942	122_483;144_483;122_144
943	115_484;229_484;115_229
944	39_485;2_485;2_39
945	429_486;1_486;1_429
946	0_90;90_143;0_143
947	1_487;298_487;1_298
948	0_488;88_488;0_88
949	0_489;217_489;0_217
950	0_490;43_490;0_43
951	1_491;50_491;1_50
952	1_492;35_492;1_35
953	1_493;202_493;1_202
954	388_494;111_494;111_388
955	133_285;133_283;283_285
956	0_495;217_495;0_217
957	49_179;179_406;49_406
958	50_496;119_496;50_119
959	13_321;321_477;13_477
960	48_147;0_147;0_48
961	48_84;0_84;0_48
962	0_398;398_456;0_456
963	136_497;91_497;91_136
964	217_498;93_498;93_217
965	243_304;5_243;5_304
966	6_241;241_360;6_360
967	93_236;2_236;2_93
968	39_499;322_499;39_322
969	5_500;227_500;5_227
970	318_501;223_501;223_318
971	39_502;322_502;39_322
972	322_503;2_503;2_322
973	93_311;2_311;2_93
974	2_504;5_504;2_5
975	0_505;421_505;0_421
976	0_506;217_506;0_217
977	421_507;308_507;308_421
978	2_508;111_508;2_111
979	2_509;203_509;2_203
980	432_510;2_510;2_432
981	333_339;333_337;337_339
982	2_254;121_254;2_121
983	2_511;388_511;2_388
984	5_411;351_411;5_351
985	159_512;234_512;159_234
986	39_513;44_513;39_44
987	0_514;490_514;0_490
988	39_515;322_515;39_322
989	0_516;143_516;0_143
990	39_517;2_517;2_39
991	322_518;503_518;322_503
992	322_519;503_519;322_503
993	153_205;153_339;205_339
994	58_139;139_429;58_429
995	166_520;358_520;166_358
996	43_521;11_521;11_43
997	151_284;151_159;159_284
998	58_522;429_522;58_429
999	51_523;160_523;51_160
1000	51_524;355_524;51_355
1001	58_525;429_525;58_429
1002	58_526;481_526;58_481
1003	11_527;123_527;11_123
1004	1_528;178_528;1_178
1005	486_529;1_529;1_486
1006	2_530;304_530;2_304
1007	51_409;355_409;51_355
1008	123_291;2_291;2_123
1009	2_531;203_531;2_203
1010	2_532;165_532;2_165
1011	2_533;379_533;2_379
1012	0_534;217_534;0_217
1013	0_535;93_535;0_93
1014	0_536;31_536;0_31
1015	85_537;46_537;46_85
1016	2_380;380_530;2_530
1017	213_316;55_213;55_316
1018	161_357;4_357;4_161
1019	1_168;168_202;1_202
1020	4_326;320_326;4_320
1021	1_197;197_216;1_216
1022	1_314;242_314;1_242
1023	1_290;290_528;1_528
1024	0_297;171_297;0_171
1025	40_361;48_361;40_48
1026	122_335;144_335;122_144
1027	150_158;122_150;122_158
1028	158_228;122_228;122_158
1029	0_400;400_421;0_421
1030	0_28;28_176;0_176
1031	148_538;13_538;13_148
1032	0_539;536_539;0_536
1033	171_540;42_540;42_171
1034	0_541;516_541;0_516
1035	0_542;489_542;0_489
1036	65_543;186_543;65_186
1037	0_544;514_544;0_514
1038	2_545;338_545;2_338
1039	436_470;2_436;2_470
1040	2_330;166_330;2_166
1041	39_109;109_485;39_485
1042	284_459;159_459;159_284
1043	205_423;390_423;205_390
1044	1_343;168_343;1_168
1045	13_208;48_208;13_48
1046	0_441;441_535;0_535
1047	13_288;184_288;13_184
1048	293_535;93_293;93_535
1049	2_195;121_195;2_121
1050	2_86;86_531;2_531
1051	2_62;62_284;2_284
1052	114_284;114_159;159_284
1053	2_9;9_380;2_380
1054	433_512;234_433;234_512
1055	166_427;358_427;166_358
1056	259_383;166_259;166_383
1057	134_358;51_134;51_358
1058	89_183;89_389;183_389
1059	51_431;431_524;51_524
1060	160_455;230_455;160_230
1061	6_251;251_360;6_360
1062	31_466;363_466;31_363
1063	39_367;109_367;39_109
1064	322_439;432_439;322_432
1065	2_206;96_206;2_96
1066	280_283;280_405;283_405
1067	38_222;27_222;27_38
1068	99_299;13_299;13_99
1069	138_306;15_138;15_306
1070	7_406;7_248;248_406
1071	161_207;4_207;4_161
1072	93_105;2_105;2_93
1073	2_460;96_460;2_96
1074	39_353;109_353;39_109
1075	1_385;385_492;1_492
1076	129_373;129_313;313_373
1077	1_424;371_424;1_371
1078	12_313;12_250;250_313
1079	244_313;244_250;250_313
1080	183_366;366_389;183_389
1081	256_342;342_408;256_408
1082	408_471;0_471;0_408
1083	188_408;0_188;0_408
1084	181_355;115_181;115_355
1085	0_75;75_398;0_398
1086	190_396;51_190;51_396
1087	29_51;29_523;51_523
1088	1_309;309_445;1_445
1089	187_355;115_187;115_355
1090	1_83;83_492;1_492
1091	1_24;24_442;1_442
1092	1_270;270_371;1_371
1093	1_307;50_307;1_50
1094	316_378;1_378;1_316
1095	1_126;13_126;1_13
1096	1_226;34_226;1_34
1097	168_341;202_341;168_202
1098	1_204;204_445;1_445
1099	54_128;128_240;54_240
1100	99_458;299_458;99_299
1101	1_401;167_401;1_167
1102	66_418;98_418;66_98
1103	49_473;373_473;49_373
1104	1_77;77_167;1_167
1105	1_19;19_167;1_167
1106	0_325;61_325;0_61
1107	49_127;127_373;49_373
1108	269_313;12_269;12_313
1109	250_294;64_294;64_250
1110	6_362;360_362;6_360
1111	408_434;0_434;0_408
1112	0_394;61_394;0_61
1113	334_360;334_377;360_377
1114	0_156;156_480;0_480
1115	0_261;261_469;0_469
1116	33_529;201_529;33_201
1117	234_235;166_235;166_234
1118	1_3;3_385;1_385
1119	35_189;189_285;35_285
1120	98_340;38_340;38_98
1121	0_23;23_370;0_370
1122	120_283;120_405;283_405
1123	175_444;286_444;175_286
1124	133_218;133_247;218_247
1125	0_287;287_394;0_394
1126	67_286;0_67;0_286
1127	0_482;349_482;0_349
1128	0_199;103_199;0_103
1129	302_344;218_344;218_302
1130	218_526;133_526;133_218
1131	283_522;280_522;280_283
1132	0_271;271_394;0_394
1133	210_303;0_210;0_303
1134	469_494;417_494;417_469
1135	394_484;61_484;61_394
1136	106_479;194_479;106_194
1137	279_508;359_508;279_359
1138	1_433;415_433;1_415
1139	39_84;84_502;39_502
1140	241_501;360_501;241_360
1141	6_301;256_301;6_256
1142	153_174;174_339;153_339
1143	389_466;276_466;276_389
1144	389_459;459_466;389_466
1145	230_466;230_276;276_466
1146	197_276;51_197;51_276
1147	267_517;178_517;178_267
1148	50_363;363_496;50_496
1149	316_320;1_320;1_316
1150	222_537;27_537;27_222
1151	175_460;286_460;175_286
1152	175_323;323_444;175_444
1153	0_366;75_366;0_75
1154	317_420;56_317;56_420
1155	420_462;56_462;56_420
1156	328_420;56_328;56_420
1157	56_269;39_269;39_56
1158	39_212;212_322;39_322
1159	502_506;322_506;322_502
1160	322_473;2_473;2_322
1161	2_29;29_504;2_504
1162	2_127;127_531;2_531
1163	2_245;206_245;2_206
1164	2_416;416_533;2_533
1165	2_214;214_504;2_504
1166	96_268;268_284;96_284
1167	5_31;31_440;5_440
1168	168_189;189_341;168_341
1169	168_270;270_341;168_341
1170	226_341;202_226;202_341
1171	161_341;161_202;202_341
1172	341_480;202_480;202_341
1173	49_503;64_503;49_64
1174	2_484;121_484;2_121
1175	389_528;466_528;389_466
1176	51_61;30_61;30_51
1177	115_314;314_316;115_316
1178	378_491;1_491;1_378
1179	316_501;378_501;316_378
1180	300_316;1_300;1_316
1181	60_238;60_448;238_448
1182	1_186;126_186;1_126
1183	1_292;238_292;1_238
1184	240_341;202_240;202_341
1185	375_393;49_393;49_375
1186	13_361;69_361;13_69
1187	202_543;375_543;202_375
1188	8_477;8_48;48_477
1189	174_202;174_375;202_375
1190	72_375;49_72;49_375
1191	64_335;6_335;6_64
1192	49_137;137_373;49_373
1193	124_375;49_124;49_375
1194	64_77;6_77;6_64
1195	3_6;3_256;6_256
1196	49_309;64_309;49_64
1197	49_52;52_64;49_64
1198	64_391;335_391;64_335
1199	0_509;249_509;0_249
1200	176_342;176_408;342_408
1201	6_118;118_301;6_301
1202	287_408;0_287;0_408
1203	6_106;106_408;6_408
1204	0_495;318_495;0_318
1205	6_405;360_405;6_360
1206	6_32;32_301;6_301
1207	6_120;120_301;6_301
1208	0_510;318_510;0_318
1209	6_522;301_522;6_301
1210	342_517;408_517;342_408
1211	322_478;2_478;2_322
1212	256_363;342_363;256_342
1213	301_492;256_492;256_301
1214	0_447;420_447;0_420
1215	54_420;54_317;317_420
1216	34_408;0_34;0_408
1217	420_496;317_496;317_420
1218	39_289;289_322;39_322
1219	269_390;39_390;39_269
1220	84_153;153_502;84_502
1221	84_178;178_502;84_502
1222	293_322;2_293;2_322
1223	68_322;68_478;322_478
1224	285_322;285_478;322_478
1225	283_478;2_283;2_478
1226	50_322;2_50;2_322
1227	2_230;96_230;2_96
1228	23_440;23_410;410_440
1229	40_504;5_40;5_504
1230	96_347;284_347;96_284
1231	5_333;31_333;5_31
1232	5_119;119_227;5_227
1233	236_440;236_410;410_440
1234	227_359;266_359;227_266
1235	31_327;327_440;31_440
1236	227_279;266_279;227_266
1237	231_440;231_410;410_440
1238	194_227;194_266;227_266
1239	235_348;166_348;166_235
1240	128_227;128_266;227_266
1241	107_227;107_359;227_359
1242	51_136;30_136;30_51
1243	30_399;355_399;30_355
1244	51_290;30_290;30_51
1245	61_210;30_210;30_61
1246	228_355;115_228;115_355
1247	361_459;69_459;69_361
1248	303_355;115_303;115_355
1249	158_355;158_181;181_355
1250	376_406;406_425;376_425
1251	69_362;0_362;0_69
1252	13_244;244_361;13_361
1253	1_150;13_150;1_13
1254	91_362;0_91;0_362
1255	0_404;43_404;0_43
1256	0_19;19_510;0_510
1257	0_382;199_382;0_199
1258	408_529;0_529;0_408
1259	408_417;287_417;287_408
1260	30_218;218_399;30_399
1261	30_494;399_494;30_399
1262	115_201;201_314;115_314
1263	35_316;35_320;316_320
1264	316_386;320_386;316_320
1265	251_320;1_251;1_320
1266	1_267;267_433;1_433
1267	0_310;271_310;0_271
1268	123_469;2_469;2_123
1269	234_535;166_535;166_234
1270	323_383;166_323;166_383
1271	234_537;166_537;166_234
1272	183_463;389_463;183_389
1273	307_389;307_396;389_396
1274	143_276;51_143;51_276
1275	30_467;218_467;30_218
1276	30_344;344_494;30_494
1277	115_352;201_352;115_201
1278	30_349;349_467;30_467
1279	181_196;115_196;115_181
1280	30_241;241_494;30_494
1281	104_399;104_355;355_399
1282	196_526;115_526;115_196
1283	1_144;144_238;1_238
1284	122_318;122_223;223_318
1285	483_521;11_483;11_521
1286	223_445;273_445;223_273
1287	194_268;266_268;194_266
1288	134_359;134_266;266_359
1289	115_161;161_352;115_352
1290	136_444;30_444;30_136
1291	30_67;67_355;30_355
1292	30_460;218_460;30_218
1293	115_261;261_316;115_316
1294	115_295;201_295;115_201
1295	115_294;294_316;115_316
1296	33_115;33_316;115_316
1297	286_300;1_286;1_300
1298	201_250;250_314;201_314
1299	258_316;258_320;316_320
1300	93_99;93_458;99_458
1301	99_416;13_416;13_99
1302	1_346;346_448;1_448
1303	392_480;99_480;99_392
1304	99_377;148_377;99_148
1305	148_270;13_270;13_148
1306	69_334;0_334;0_69
1307	0_137;137_488;0_488
1308	456_504;5_456;5_504
1309	115_503;261_503;115_261
1310	314_327;316_327;314_316
1311	285_392;99_285;99_392
1312	68_392;68_99;99_392
1313	148_496;13_496;13_148
1314	99_379;377_379;99_377
1315	148_360;13_360;13_148
1316	69_328;0_328;0_69
1317	236_377;148_236;148_377
1318	69_240;240_362;69_362
1319	23_362;0_23;0_362
1320	0_186;186_488;0_488
1321	0_34;34_271;0_271
1322	2_341;29_341;2_29
1323	30_217;217_241;30_241
1324	314_440;327_440;314_327
1325	316_323;323_378;316_378
1326	91_316;91_300;300_316
1327	31_378;1_31;1_378
1328	150_378;1_150;1_378
1329	378_531;1_531;1_378
1330	250_343;314_343;250_314
1331	300_462;286_462;286_300
1332	107_314;107_316;314_316
1333	1_408;126_408;1_126
1334	287_316;287_320;316_320
1335	1_333;126_333;1_126
1336	1_230;230_433;1_433
1337	144_370;238_370;144_238
1338	1_533;125_533;1_125
1339	6_415;6_242;242_415
1340	1_522;144_522;1_144
1341	1_342;125_342;1_125
1342	1_335;333_335;1_333
1343	1_256;256_408;1_408
1344	144_251;238_251;144_238
1345	69_517;0_517;0_69
1346	244_535;361_535;244_361
1347	244_529;361_529;244_361
1348	244_417;361_417;244_361
1349	13_176;69_176;13_69
1350	13_393;361_393;13_361
1351	13_375;244_375;13_244
1352	13_301;244_301;13_244
1353	69_340;0_340;0_69
1354	8_13;8_69;13_69
1355	13_48;48_244;13_244
1356	13_124;124_244;13_244
1357	13_72;72_244;13_244
1358	49_69;0_49;0_69
1359	0_391;345_391;0_345
1360	69_202;202_362;69_362
1361	0_64;64_137;0_137
1362	0_473;447_473;0_447
1363	84_517;0_84;0_517
1364	361_477;69_477;69_361
1365	69_463;49_463;49_69
1366	0_445;445_447;0_447
1367	56_268;268_269;56_269
1368	420_543;317_543;317_420
1369	0_526;199_526;0_199
1370	0_226;199_226;0_199
1371	478_509;2_509;2_478
1372	239_504;5_239;5_504
1373	119_223;223_227;119_227
1374	69_392;362_392;69_362
1375	227_348;194_348;194_227
1376	206_376;206_406;376_406
1377	1_503;503_533;1_533
1378	128_533;125_128;125_533
1379	60_399;399_448;60_448
1380	107_361;107_477;361_477
1381	355_406;355_425;406_425
1382	69_318;318_517;69_517
1383	0_343;343_404;0_404
1384	2_161;161_341;2_341
1385	341_390;29_390;29_341
1386	327_504;40_327;40_504
1387	5_269;269_410;5_410
1388	250_410;227_250;227_410
1389	227_360;348_360;227_348
1390	352_359;266_352;266_359
1391	194_293;266_293;194_266
1392	348_496;194_496;194_348
1393	194_416;266_416;194_266
1394	293_522;266_522;266_293
1395	29_242;242_504;29_504
1396	29_148;148_504;29_504
1397	5_270;227_270;5_227
1398	249_410;227_249;227_410
1399	410_501;227_501;227_410
1400	194_458;416_458;194_416
1401	99_293;99_266;266_293
1402	194_447;266_447;194_266
1403	5_531;270_531;5_270
1404	5_320;227_320;5_227
1405	5_345;269_345;5_269
1406	5_287;287_410;5_410
1407	194_258;258_447;194_447
1408	43_267;267_521;43_521
1409	393_521;11_393;11_521
1410	123_415;2_415;2_123
1411	2_433;364_433;2_364
1412	91_227;91_194;194_227
1413	5_462;462_531;5_531
1414	293_300;266_300;266_293
1415	270_316;227_316;227_270
1416	226_270;226_227;227_270
1417	6_348;6_496;348_496
1418	223_227;223_348;227_348
1419	194_473;458_473;194_458
1420	40_323;5_323;5_40
1421	227_503;348_503;227_348
1422	150_348;150_496;348_496
1423	128_348;128_194;194_348
1424	258_355;355_447;258_447
1425	251_416;251_266;266_416
1426	60_242;60_504;242_504
1427	323_529;5_529;5_323
1428	227_448;448_503;227_503
1429	124_194;124_458;194_458
1430	194_376;258_376;194_258
1431	348_425;6_425;6_348
1432	194_406;258_406;194_258
1433	194_238;238_258;194_258
1434	125_258;125_447;258_447
1435	1_258;1_447;258_447
1436	292_447;266_292;266_447
1437	5_84;84_227;5_227
1438	103_348;103_128;128_348
1439	227_490;223_490;223_227
1440	2_517;29_517;2_29
1441	194_244;244_266;194_266
1442	11_361;123_361;11_123
1443	29_488;242_488;29_242
1444	227_501;223_501;223_227
1445	267_529;43_529;43_267
1446	43_343;343_521;43_521
1447	43_392;392_521;43_521
1448	267_340;43_340;43_267
1449	43_137;137_521;43_521
1450	75_521;75_267;267_521
1451	510_521;267_510;267_521
1452	23_43;23_521;43_521
1453	199_227;199_359;227_359
1454	521_526;267_526;267_521
1455	137_214;214_521;137_521
1456	267_318;43_318;43_267
1457	43_334;137_334;43_137
1458	345_521;345_393;393_521
1459	320_529;43_320;43_529
1460	119_521;119_267;267_521
1461	477_521;75_477;75_521
1462	107_521;107_393;393_521
1463	43_69;69_137;43_137
1464	43_49;23_49;23_43
1465	43_226;226_343;43_343
1466	43_362;137_362;43_137
1467	267_417;417_529;267_529
1468	134_267;43_134;43_267
1469	43_445;445_521;43_521
1470	2_328;328_433;2_433
1471	43_355;334_355;43_334
1472	43_448;23_448;23_43
1473	43_202;23_202;23_43
1474	316_521;316_393;393_521
1475	23_535;521_535;23_521
1476	393_404;11_404;11_393
1477	43_503;343_503;43_343
1478	0_123;0_415;123_415
1479	75_533;267_533;75_267
1480	119_230;230_267;119_267
1481	75_144;144_267;75_267
1482	48_202;23_48;23_202
1483	13_415;2_13;2_415
1484	8_521;8_119;119_521
1485	399_521;267_399;267_521
1486	126_267;126_521;267_521
1487	43_408;408_503;43_503
1488	300_517;29_300;29_517
1489	1_43;1_521;43_521
1490	43_378;202_378;43_202
1491	206_242;206_504;242_504
1492	31_504;31_239;239_504
1493	286_504;239_286;239_504
1494	5_463;227_463;5_227
1495	64_227;64_199;199_227
1496	391_504;31_391;31_504
1497	227_462;462_501;227_501
1498	323_406;258_323;258_406
1499	137_360;69_360;69_137
1500	327_360;69_327;69_360
1501	360_456;69_456;69_360
1502	69_320;137_320;69_137
1503	60_137;60_69;69_137
1504	43_390;362_390;43_362
1505	40_137;40_521;137_521
1506	137_522;69_522;69_137
1507	43_338;338_448;43_448
1508	84_137;69_84;69_137
1509	75_250;144_250;75_144
1510	251_521;251_477;477_521
1511	267_458;134_458;134_267
1512	416_477;75_416;75_477
1513	473_521;251_473;251_521
1514	103_521;103_477;477_521
1515	267_377;377_521;267_521
1516	294_390;294_362;362_390
1517	244_521;8_244;8_521
1518	137_261;261_521;137_521
1519	115_137;69_115;69_137
1520	8_201;119_201;8_119
1521	320_379;137_379;137_320
1522	69_342;137_342;69_137
1523	69_335;137_335;69_137
1524	69_256;137_256;69_137
1525	69_375;137_375;69_137
1526	119_346;267_346;119_267
1527	137_333;333_521;137_521
1528	301_320;137_301;137_320
1529	176_477;75_176;75_477
1530	49_137;49_360;137_360
1531	226_521;103_226;103_521
1532	69_96;96_137;69_137
1533	48_137;48_360;137_360
1534	72_393;11_72;11_393
1535	137_236;236_521;137_521
1536	93_137;93_360;137_360
1537	393_502;11_502;11_393
1538	91_137;91_214;137_214
1539	137_420;420_521;137_521
1540	137_317;40_317;40_137
1541	251_355;355_477;251_477
1542	39_137;39_214;137_214
1543	137_370;84_370;84_137
1544	137_322;115_322;115_137
1545	56_360;56_69;69_360
1546	35_84;35_69;69_84
1547	69_343;256_343;69_256
1548	226_506;103_506;103_226
1549	69_161;161_320;69_320
1550	478_521;103_478;103_521
1551	69_314;137_314;69_137
1552	43_295;295_390;43_390
1553	509_521;8_509;8_521
1554	268_477;75_268;75_477
1555	43_543;362_543;43_362
1556	137_303;49_303;49_137
1557	104_137;84_104;84_137
1558	84_270;69_270;69_84
1559	13_477;13_75;75_477
1560	75_199;199_533;75_533
1561	137_440;84_440;84_137
1562	186_335;137_186;137_335
1563	137_158;39_158;39_137
1564	218_242;218_504;242_504
1565	30_137;30_303;137_303
1566	84_494;69_494;69_84
1567	69_210;210_375;69_375
1568	69_417;343_417;69_343
1569	67_137;60_67;60_137
1570	241_375;137_241;137_375
1571	61_137;61_84;84_137
1572	310_320;137_310;137_320
1573	137_271;69_271;69_137
1574	34_137;34_60;60_137
1575	51_521;51_226;226_521
1576	240_521;240_345;345_521
1577	69_228;210_228;69_210
1578	181_345;181_393;345_393
1579	97_226;97_103;103_226
1580	226_344;103_344;103_226
1581	121_137;60_121;60_137
1582	103_467;467_477;103_477
1583	103_459;459_477;103_477
1584	217_477;217_416;416_477
1585	35_148;69_148;35_69
1586	137_196;69_196;69_137
1587	256_439;137_439;137_256
1588	256_290;137_290;137_256
1589	137_424;424_440;137_440
1590	267_404;318_404;267_318
1591	137_279;93_279;93_137
1592	320_392;379_392;320_379
1593	267_334;334_340;267_340
1594	136_267;136_377;267_377
1595	8_276;119_276;8_119
1596	119_143;143_267;119_267
1597	119_382;267_382;119_267
1598	123_389;2_389;2_123
1599	2_166;166_517;2_517
1600	33_43;33_137;43_137
1601	43_495;1_495;1_43
1602	1_332;332_521;1_521
1603	183_521;183_226;226_521
1604	1_19;19_521;1_521
1605	205_362;137_205;137_362
1606	448_469;23_469;23_448
1607	43_396;338_396;43_338
1608	43_89;89_390;43_390
1609	341_521;244_341;244_521
1610	137_352;84_352;84_137
1611	343_503;256_503;256_343
1612	202_521;202_509;509_521
1613	235_521;119_235;119_521
1614	234_496;194_234;194_496
1615	378_521;378_399;399_521
1616	125_286;286_447;125_447
1617	267_526;458_526;267_458
1618	267_316;316_340;267_340
1619	6_521;6_244;244_521
1620	144_462;267_462;144_267
1621	269_416;75_269;75_416
1622	64_144;64_267;144_267
1623	267_408;408_521;267_521
1624	359_458;134_359;134_458
1625	134_463;43_463;43_134
1626	390_531;362_531;362_390
1627	267_445;136_445;136_267
1628	89_159;159_390;89_390
1629	0_84;0_270;84_270
1630	75_230;230_250;75_250
1631	75_81;81_199;75_199
1632	69_168;96_168;69_96
1633	69_537;314_537;69_314
1634	137_371;121_371;121_137
1635	114_137;114_279;137_279
1636	137_347;279_347;137_279
1637	69_124;124_417;69_417
1638	339_420;339_521;420_521
1639	270_425;69_425;69_270
1640	322_386;115_386;115_322
1641	284_521;284_341;341_521
1642	65_279;65_93;93_279
1643	399_480;267_480;267_399
1644	115_337;69_337;69_115
1645	69_460;168_460;69_168
1646	279_285;93_285;93_279
1647	68_69;68_210;69_210
1648	69_394;96_394;69_96
1649	197_256;137_197;137_256
1650	360_383;69_383;69_360
1651	307_360;69_307;69_360
1652	137_466;236_466;137_236
1653	69_222;222_417;69_417
1654	27_69;27_417;69_417
1655	128_210;128_375;210_375
1656	10_322;10_115;115_322
1657	38_417;38_343;343_417
1658	210_483;375_483;210_375
1659	403_417;343_403;343_417
1660	343_349;256_349;256_343
1661	84_98;0_98;0_84
1662	137_444;279_444;137_279
1663	137_418;371_418;137_371
1664	66_69;66_394;69_394
1665	273_370;84_273;84_370
1666	122_521;122_509;509_521
1667	93_528;360_528;93_360
1668	174_360;174_307;307_360
1669	3_360;3_69;69_360
1670	137_304;121_304;121_137
1671	69_243;96_243;69_96
1672	50_360;50_69;69_360
1673	134_432;43_432;43_134
1674	69_231;231_256;69_256
1675	69_203;203_222;69_222
1676	54_137;54_371;137_371
1677	283_379;137_283;137_379
1678	212_267;212_408;267_408
1679	69_77;77_417;69_417
1680	314_363;137_363;137_314
1681	289_521;244_289;244_521
1682	0_313;270_313;0_270
1683	137_484;121_484;121_137
1684	118_521;118_378;378_521
1685	106_341;106_244;244_341
1686	115_492;69_492;69_115
1687	84_405;35_405;35_84
1688	115_398;337_398;115_337
1689	373_399;267_373;267_399
1690	244_415;8_415;8_244
1691	120_137;120_440;137_440
1692	32_75;32_267;75_267
1693	358_521;226_358;226_521
1694	201_491;119_491;119_201
1695	137_309;309_424;137_424
1696	103_178;178_459;103_459
1697	153_521;153_341;341_521
1698	74_375;74_137;137_375
1699	52_201;52_119;119_201
1700	175_267;126_175;126_267
1701	245_477;245_416;416_477
1702	69_127;127_137;69_137
1703	210_302;302_375;210_375
1704	41_69;41_460;69_460
1705	189_267;189_526;267_526
1706	267_482;482_521;267_521
1707	366_375;241_366;241_375
1708	96_169;137_169;96_137
1709	93_247;247_360;93_360
1710	69_195;137_195;69_137
1711	133_382;133_267;267_382
1712	137_361;361_420;137_420
1713	62_267;62_526;267_526
1714	9_521;9_107;107_521
1715	267_497;126_497;126_267
1716	267_541;458_541;267_458
1717	248_375;241_248;241_375
1718	137_156;156_466;137_466
1719	137_457;420_457;137_420
1720	21_96;21_137;96_137
1721	370_532;273_532;273_370
1722	267_508;408_508;267_408
1723	96_101;101_137;96_137
1724	96_544;137_544;96_137
1725	241_479;137_479;137_241
1726	137_167;167_271;137_271
1727	137_441;196_441;137_196
1728	131_137;131_424;137_424
1729	47_244;8_47;8_244
1730	137_282;121_282;121_137
1731	236_274;274_521;236_521
1732	88_137;88_420;137_420
1733	137_325;325_371;137_371
1734	69_257;257_314;69_314
1735	69_280;210_280;69_210
1736	241_252;137_252;137_241
1737	73_93;73_360;93_360
1738	408_421;421_521;408_521
1739	105_537;105_314;314_537
1740	198_314;137_198;137_314
1741	69_401;256_401;69_256
1742	260_314;137_260;137_314
1743	69_232;124_232;69_124
1744	100_137;100_279;137_279
1745	4_137;4_322;137_322
1746	137_204;104_204;104_137
1747	85_521;85_378;378_521
1748	442_521;226_442;226_521
1749	137_357;357_370;137_370
1750	43_207;207_338;43_338
1751	137_147;147_347;137_347
1752	43_92;92_543;43_543
1753	83_137;83_371;137_371
1754	24_137;24_54;54_137
1755	121_180;60_180;60_121
1756	244_306;8_306;8_244
1757	140_521;140_183;183_521
1758	138_279;93_138;93_279
1759	137_152;152_304;137_304
1760	8_82;82_201;8_201
1761	15_477;15_416;416_477
1762	434_477;75_434;75_477
1763	12_93;12_73;73_93
1764	299_477;75_299;75_477
1765	362_523;205_523;205_362
1766	179_477;75_179;75_477
1767	135_270;69_135;69_270
1768	55_304;55_121;121_304
1769	304_471;121_471;121_304
1770	270_385;69_385;69_270
1771	69_225;225_256;69_256
1772	208_267;175_208;175_267
1773	188_256;188_197;197_256
1774	129_256;129_137;137_256
1775	249_503;249_256;256_503
1776	46_521;46_478;478_521
1777	137_190;190_279;137_279
1778	75_514;144_514;75_144
1779	137_384;40_384;40_137
1780	75_380;81_380;75_81
1781	69_181;181_417;69_417
1782	171_420;171_521;420_521
1783	187_244;8_187;8_244
1784	69_109;77_109;69_77
1785	267_353;353_526;267_526
1786	259_417;259_343;343_417
1787	7_477;7_416;416_477
1788	294_377;294_521;377_521
1789	223_509;8_223;8_509
1790	186_201;119_186;119_201
1791	119_315;267_315;119_267
1792	119_165;165_267;119_267
1793	267_490;490_526;267_526
1794	267_545;126_545;126_267
1795	183_410;226_410;183_226
1796	304_327;121_327;121_304
1797	287_304;121_287;121_304
1798	69_300;300_417;69_417
1799	69_496;256_496;69_256
1800	0_406;313_406;0_313
1801	267_301;301_353;267_353
1802	96_238;169_238;96_169
1803	137_292;114_292;114_137
1804	69_266;96_266;69_96
1805	137_456;167_456;137_167
1806	137_376;376_466;137_466
1807	293_343;293_349;343_349
1808	137_268;104_268;104_137
1809	137_258;88_258;88_137
1810	60_501;69_501;60_69
1811	121_295;60_295;60_121
1812	56_256;56_197;197_256
1813	148_256;137_148;137_256
1814	69_333;266_333;69_266
1815	137_218;218_456;137_456
1816	69_488;66_488;66_69
1817	137_317;317_418;137_418
1818	345_371;121_345;121_371
1819	96_261;169_261;96_169
1820	121_143;60_143;60_121
1821	34_121;34_60;60_121
1822	276_521;46_276;46_521
1823	271_342;69_342;69_271
1824	39_69;39_66;66_69
1825	30_69;30_266;69_266
1826	81_439;199_439;81_199
1827	267_290;126_290;126_267
1828	240_267;240_340;267_340
1829	158_404;158_318;318_404
1830	51_267;51_290;267_290
1831	267_328;328_458;267_458
1832	19_267;19_240;240_267
1833	91_267;91_404;267_404
1834	69_502;222_502;69_222
1835	469_526;458_469;458_526
1836	48_69;48_168;69_168
1837	301_447;353_447;301_353
1838	318_348;43_348;43_318
1839	125_126;125_521;126_521
1840	194_478;103_194;103_478
1841	69_335;333_335;69_333
1842	286_359;134_286;134_359
1843	134_214;214_463;134_463
1844	150_543;150_362;362_543
1845	99_477;99_416;416_477
1846	119_522;346_522;119_346
1847	137_323;323_357;137_357
1848	234_456;167_234;167_456
1849	206_448;23_206;23_448
1850	516_521;276_516;276_521
1851	119_511;267_511;119_267
1852	121_215;60_215;60_121
1853	121_461;60_461;60_121
1854	308_521;276_308;276_521
1855	254_270;254_425;270_425
1856	263_521;85_263;85_521
1857	141_359;134_141;134_359
1858	162_267;162_328;267_328
1859	267_530;126_530;126_267
1860	267_499;290_499;267_290
1861	359_419;134_419;134_359
1862	69_160;77_160;69_77
1863	137_515;268_515;137_268
1864	60_185;69_185;60_69
1865	340_396;43_396;43_340
1866	283_318;43_283;43_318
1867	43_513;495_513;43_495
1868	211_340;43_211;43_340
1869	343_367;367_503;343_503
1870	371_392;121_392;121_371
1871	43_320;320_543;43_543
1872	103_310;178_310;103_178
1873	70_103;70_178;103_178
1874	103_485;477_485;103_477
1875	338_431;431_448;338_448
1876	362_364;364_523;362_523
1877	498_523;205_498;205_523
1878	205_297;137_297;137_205
1879	176_330;75_330;75_176
1880	137_520;317_520;137_317
1881	389_521;389_510;510_521
1882	517_521;263_517;263_521
1883	251_433;355_433;251_355
1884	267_379;377_379;267_377
1885	166_267;166_301;267_301
1886	2_267;2_377;267_377
1887	75_391;32_391;32_75
1888	75_427;267_427;75_267
1889	75_86;86_267;75_267
1890	220_419;134_220;134_419
1891	353_512;512_526;353_526
1892	31_276;31_46;46_276
1893	46_239;239_478;46_478
1894	432_493;43_493;43_432
1895	199_504;504_533;199_533
1896	43_339;339_513;43_513
1897	43_227;227_543;43_543
1898	5_43;5_338;43_338
1899	250_419;134_250;134_419
1900	242_338;242_448;338_448
1901	29_267;29_530;267_530
1902	205_487;137_487;137_205
1903	220_298;134_298;134_220
1904	217_448;23_217;23_448
1905	216_523;205_216;205_523
1906	432_524;43_524;43_432
1907	126_534;521_534;126_521
1908	400_523;205_400;205_523
1909	387_478;103_387;103_478
1910	230_267;230_499;267_499
1911	123_267;123_521;267_521
1912	13_526;13_458;458_526
1913	393_458;359_393;359_458
1914	72_178;72_459;178_459
1915	25_521;25_153;153_521
1916	416_542;269_542;269_416
1917	477_536;176_536;176_477
1918	105_459;105_477;459_477
1919	46_539;239_539;46_239
1920	267_505;445_505;267_445
1921	475_477;179_475;179_477
1922	267_489;51_489;51_267
1923	388_459;388_477;459_477
1924	28_103;28_178;103_178
1925	103_275;178_275;103_178
1926	126_184;184_534;126_534
1927	103_472;310_472;103_310
1928	103_288;178_288;103_178
1929	71_459;71_477;459_477
1930	416_519;269_519;269_416
1931	44_477;44_179;179_477
1932	111_340;43_111;43_340
1933	451_477;176_451;176_477
1934	163_521;85_163;85_521
1935	144_455;64_455;64_144
1936	526_527;458_527;458_526
1937	179_428;75_428;75_179
1938	423_477;176_423;176_477
1939	459_492;477_492;459_477
1940	184_398;398_534;184_534
1941	219_459;105_219;105_459
1942	253_521;253_389;389_521
1943	477_531;179_531;179_477
1944	326_534;326_521;521_534
1945	75_532;391_532;75_391
1946	263_302;85_302;85_263
1947	75_403;403_427;75_427
1948	86_479;267_479;86_267
1949	462_521;119_462;119_521
1950	260_404;260_318;318_404
1951	205_252;137_252;137_205
1952	267_291;291_340;267_340
1953	255_267;255_458;267_458
1954	267_426;166_426;166_267
1955	162_468;328_468;162_328
1956	11_103;11_178;103_178
1957	363_521;119_363;119_521
1958	381_521;251_381;251_521
1959	344_521;344_510;510_521
1960	276_415;31_415;31_276
1961	276_316;31_316;31_276
1962	267_273;240_273;240_267
1963	55_267;55_377;267_377
1964	155_267;155_290;267_290
1965	409_526;409_458;458_526
1966	13_278;278_458;13_458
1967	43_421;421_543;43_543
1968	306_459;306_477;459_477
1969	383_477;383_416;416_477
1970	373_477;373_423;423_477
1971	423_544;176_544;176_423
1972	101_542;101_269;269_542
1973	161_269;75_161;75_269
1974	21_75;21_391;75_391
1975	75_223;81_223;75_81
1976	75_480;144_480;75_144
1977	75_386;32_386;32_75
1978	267_347;123_347;123_267
1979	64_138;138_267;64_267
1980	32_351;267_351;32_267
1981	203_267;203_526;267_526
1982	106_351;106_267;267_351
1983	267_327;327_426;267_426
1984	267_287;51_287;51_267
1985	213_267;213_426;267_426
1986	237_267;237_521;267_521
1987	90_267;90_175;175_267
1988	87_267;87_291;267_291
1989	151_267;151_426;267_426
1990	57_125;57_521;125_521
1991	53_521;53_442;442_521
1992	107_290;107_126;126_290
1993	35_521;35_140;140_521
1994	85_157;157_378;85_378
1995	126_471;471_521;126_521
1996	118_458;118_359;359_458
1997	458_465;359_465;359_458
1998	290_413;126_413;126_290
1999	37_134;37_214;134_214
2000	309_458;309_359;359_458
2001	85_195;195_378;85_378
2002	127_458;127_393;393_458
2003	125_494;494_521;125_521
2004	134_305;214_305;134_214
2005	42_267;42_530;267_530
2006	17_378;17_399;378_399
2007	267_354;327_354;267_327
2008	361_363;119_361;119_363
2009	259_530;126_259;126_530
2010	131_134;43_131;43_134
2011	257_521;257_284;284_521
2012	133_382;133_267;267_382
2013	94_477;94_373;373_477
2014	207_378;207_399;378_399
2015	204_267;123_204;123_267
2016	43_366;366_513;43_513
2017	147_416;147_269;269_416
2018	83_267;51_83;51_267
2019	2_509;377_509;2_377
2020	473_521;46_473;46_521
2021	508_521;46_508;46_521
2022	359_424;419_424;359_419
2023	46_228;228_539;46_539
2024	128_521;128_257;257_521
2025	52_459;52_105;105_459
2026	103_352;70_352;70_103
2027	477_528;423_528;423_477
2028	75_535;391_535;75_391
2029	290_307;307_413;290_413
2030	126_247;125_247;125_126
2031	99_405;405_416;99_416
2032	267_349;55_349;55_267
2033	12_103;12_352;103_352
2034	73_103;73_477;103_477
2035	267_315;315_530;267_530
2036	235_267;235_530;267_530
2037	180_290;126_180;126_290
2038	188_521;188_478;478_521
2039	477_501;423_501;423_477
2040	497_521;497_517;517_521
2041	295_521;140_295;140_521
2042	56_267;56_287;267_287
2043	176_408;75_408;75_176
2044	460_527;458_460;458_527
2045	325_458;309_325;309_458
2046	15_75;15_535;75_535
2047	3_75;3_144;75_144
2048	267_337;162_337;162_267
2049	304_521;304_510;510_521
2050	115_134;43_115;43_134
2051	68_521;68_263;263_521
2052	282_378;207_282;207_378
2053	248_378;207_248;207_378
2054	174_359;174_286;286_359
2055	134_198;198_214;134_214
2056	65_399;65_267;267_399
2057	190_359;190_424;359_424
2058	165_521;46_165;46_521
2059	33_267;33_55;55_267
2060	120_416;120_519;416_519
2061	6_178;6_459;178_459
2062	482_521;85_482;85_521
2063	10_267;10_175;175_267
2064	294_388;294_477;388_477
2065	47_521;35_47;35_521
2066	57_74;74_521;57_521
2067	100_286;100_134;134_286
2068	521_545;257_545;257_521
2069	241_462;119_241;119_462
2070	134_189;189_432;134_432
2071	134_402;43_402;43_134
2072	51_76;76_290;51_290
2073	63_214;63_463;214_463
2074	296_521;296_497;497_521
2075	43_518;5_518;5_43
2076	210_338;210_448;338_448
2077	134_249;249_432;134_432
2078	112_310;112_178;178_310
2079	45_362;45_205;205_362
2080	207_412;399_412;207_399
2081	131_311;43_311;43_131
2082	1_496;332_496;1_332
2083	459_483;388_483;388_459
2084	375_543;362_375;362_543
2085	303_459;303_388;388_459
2086	234_399;234_267;267_399
2087	267_322;291_322;267_291
2088	314_524;43_314;43_524
2089	136_332;136_521;332_521
2090	134_164;43_164;43_134
2091	137_440;40_440;40_137
2092	254_521;254_344;344_521
2093	26_521;26_378;378_521
2094	43_470;338_470;43_338
2095	176_438;75_438;75_176
2096	232_521;232_378;378_521
2097	429_521;8_429;8_521
2098	5_411;338_411;5_338
2099	342_530;126_342;126_530
2100	23_95;95_521;23_521
2101	58_358;58_226;226_358
2102	126_540;534_540;126_534
2103	331_534;331_521;521_534
2104	321_521;165_321;165_521
2105	191_521;128_191;128_521
2106	18_521;18_358;358_521
2107	88_521;88_163;163_521
2108	500_521;497_500;497_521
2109	376_521;376_429;429_521
2110	257_441;284_441;257_284
2111	243_506;103_243;103_506
2112	125_367;367_521;125_521
2113	359_406;174_406;174_359
2114	148_257;148_284;257_284
2115	284_537;341_537;284_341
2116	134_394;131_394;131_134
2117	134_197;37_197;37_134
2118	27_43;27_338;43_338
2119	43_261;261_543;43_543
2120	43_385;5_385;5_43
2121	129_338;129_448;338_448
2122	313_543;313_362;362_543
2123	324_543;324_362;362_543
2124	178_392;6_392;6_178
2125	293_362;293_523;362_523
2126	41_332;41_136;136_332
2127	292_400;205_292;205_400
2128	169_205;169_297;205_297
2129	167_205;167_297;205_297
2130	297_418;137_418;137_297
2131	137_202;67_202;67_137
2132	503_521;304_503;304_521
2133	171_521;171_263;263_521
2134	143_521;143_462;462_521
2135	263_484;85_484;85_263
2136	195_420;378_420;195_378
2137	267_283;283_489;267_489
2138	51_345;290_345;51_290
2139	38_137;38_202;137_202
2140	98_137;67_98;67_137
2141	181_521;181_263;263_521
2142	67_124;60_124;60_67
2143	290_461;307_461;290_307
2144	279_333;285_333;279_285
2145	215_521;46_215;46_521
2146	238_279;238_285;279_285
2147	34_521;34_163;163_521
2148	69_371;30_371;30_69
2149	158_378;17_158;17_378
2150	9_521;9_181;181_521
2151	4_521;4_188;188_521
2152	0_114;0_279;114_279
2153	425_521;26_425;26_521
2154	140_208;183_208;140_183
2155	40_270;270_521;40_521
2156	40_256;256_521;40_521
2157	212_399;212_267;267_399
2158	135_517;135_263;263_517
2159	85_538;195_538;85_195
2160	140_348;183_348;140_183
2161	85_374;195_374;85_195
2162	195_277;277_378;195_378
2163	85_121;121_195;85_195
2164	61_195;61_420;195_420
2165	22_183;22_226;183_226
2166	195_430;378_430;195_378
2167	195_507;378_507;195_378
2168	399_502;212_502;212_399
2169	378_433;17_433;17_378
2170	335_521;335_545;521_545
2171	271_378;207_271;207_378
2172	218_521;8_218;8_521
2173	365_420;365_378;378_420
2174	399_486;267_486;267_399
2175	8_280;201_280;8_201
2176	17_437;399_437;17_399
2177	207_229;229_399;207_399
2178	80_378;17_80;17_378
2179	39_65;39_267;65_267
2180	36_267;36_283;267_283
2181	352_481;70_481;70_352
2182	267_268;268_347;267_347
2183	267_436;347_436;267_347
2184	459_488;388_488;388_459
2185	267_343;343_489;267_489
2186	187_469;8_469;8_187
2187	155_431;290_431;155_290
2188	8_417;280_417;8_280
2189	8_370;201_370;8_201
2190	43_139;139_362;43_362
2191	504_521;254_504;254_521
2192	521_525;181_525;181_521
2193	59_477;59_423;423_477
2194	102_126;102_247;126_247
2195	126_476;476_534;126_534
2196	146_521;47_146;47_521
2197	272_331;272_521;331_521
2198	7_193;193_416;7_416
2199	119_222;222_382;119_382
2200	77_183;77_226;183_226
2201	267_401;347_401;267_347
2202	75_289;289_533;75_533
2203	180_300;126_300;126_180
2204	290_456;307_456;290_307
2205	290_323;307_323;290_307
2206	180_515;126_515;126_180
2207	75_150;150_289;75_289
2208	250_521;250_276;276_521
2209	317_367;317_521;367_521
2210	163_242;85_242;85_163
2211	267_428;426_428;267_426
2212	84_85;84_195;85_195
2213	104_267;104_340;267_340
2214	445_458;309_445;309_458
2215	326_399;212_326;212_399
2216	463_505;43_505;43_463
2217	43_153;5_153;5_43
2218	43_405;5_405;5_43
2219	43_138;138_421;43_421
2220	5_334;334_338;5_338
2221	5_49;49_338;5_338
2222	5_541;338_541;5_338
2223	5_403;338_403;5_338
2224	6_106;106_459;6_459
2225	71_521;71_321;321_521
2226	267_361;240_361;240_267
2227	252_399;234_252;234_399
2228	119_475;222_475;119_222
2229	240_288;288_340;240_340
2230	64_490;64_526;490_526
2231	226_434;434_506;226_506
2232	259_521;254_259;254_521
2233	5_92;92_334;5_334
2234	451_526;451_527;526_527
2235	43_468;468_518;43_518
2236	208_467;183_467;183_208
2237	338_439;439_448;338_448
2238	338_427;427_448;338_448
2239	223_338;223_439;338_439
2240	178_330;6_330;6_178
2241	101_359;101_419;359_419
2242	6_31;31_106;6_106
2243	458_479;445_479;445_458
2244	179_406;174_179;174_406
2245	147_521;71_147;71_521
2246	82_254;82_344;254_344
2247	19_521;19_254;254_521
2248	29_445;29_309;309_445
2249	100_493;134_493;100_134
2250	134_228;228_463;134_463
2251	227_267;227_428;267_428
2252	122_134;122_463;134_463
2253	109_267;104_109;104_267
2254	48_197;37_48;37_197
2255	275_340;111_275;111_340
2256	314_340;111_314;111_340
2257	302_340;111_302;111_340
2258	5_255;255_403;5_403
2259	458_536;479_536;458_479
2260	219_533;219_267;267_533
2261	152_352;70_152;70_352
2262	340_342;111_342;111_340
2263	54_309;54_359;309_359
2264	5_320;320_541;5_541
2265	178_457;392_457;178_392
2266	309_398;359_398;309_359
2267	377_389;389_521;377_521
2268	305_521;305_376;376_521
2269	220_498;134_498;134_220
2270	444_448;23_444;23_448
2271	23_396;396_521;23_521
2272	231_521;231_254;254_521
2273	160_463;43_160;43_463
2274	134_308;197_308;134_197
2275	194_521;194_321;321_521
2276	52_134;52_463;134_463
2277	23_225;225_521;23_521
2278	23_520;520_521;23_521
2279	134_386;386_463;134_463
2280	74_181;74_263;181_263
2281	455_521;378_455;378_521
2282	43_217;217_366;43_366
2283	46_62;62_539;46_539
2284	321_410;165_410;165_321
2285	24_46;24_478;46_478
2286	355_423;176_355;176_423
2287	165_168;46_168;46_165
2288	66_338;66_448;338_448
2289	263_372;85_372;85_263
2290	43_281;5_281;5_43
2291	43_224;224_385;43_385
2292	385_390;5_390;5_385
2293	46_149;24_149;24_46
2294	43_117;117_138;43_138
2295	17_319;319_399;17_399
2296	165_246;46_246;46_165
2297	20_408;20_75;75_408
2298	5_446;338_446;5_338
2299	221_326;212_221;212_326
2300	23_159;159_396;23_396
2301	264_326;212_264;212_326
2302	23_116;116_521;23_521
2303	14_70;14_178;70_178
2304	177_352;70_177;70_352
2305	87_521;87_171;171_521
2306	132_240;132_288;240_288
2307	130_539;130_239;239_539
2308	111_531;43_531;43_111
2309	289_311;311_533;289_533
2310	414_521;358_414;358_521
2311	200_521;147_200;147_521
2312	352_356;152_356;152_352
2313	172_478;103_172;103_478
2314	43_395;395_470;43_470
2315	350_448;23_350;23_448
2316	329_426;166_329;166_426
2317	6_312;312_459;6_459
2318	209_359;209_419;359_419
2319	359_464;101_464;101_359
2320	154_309;154_359;309_359
2321	369_387;103_369;103_387
2322	336_340;302_336;302_340
2323	309_454;359_454;309_359
2324	163_528;85_528;85_163
2325	81_521;81_321;321_521
2326	53_163;53_85;85_163
2327	42_338;42_427;338_427
2328	25_521;25_358;358_521
2329	388_535;294_535;294_388
2330	12_524;352_524;12_352
2331	292_309;292_398;309_398
2332	111_453;43_453;43_111
2333	419_452;220_452;220_419
2334	112_183;112_226;183_226
2335	111_450;43_450;43_111
2336	111_449;43_449;43_111
2337	70_233;178_233;70_178
2338	166_529;301_529;166_301
2339	134_514;463_514;134_463
2340	192_419;192_220;220_419
2341	70_422;233_422;70_233
2342	108_226;108_506;226_506
2343	182_220;134_182;134_220
2344	113_197;48_113;48_197
2345	220_265;265_498;220_498
2346	133_262;262_267;133_267
2347	78_178;78_457;178_457
2348	170_178;6_170;6_178
2349	43_474;474_518;43_518
2350	204_294;204_477;294_477
2351	120_506;103_120;103_506
2352	352_443;70_443;70_352
2353	37_368;214_368;37_214
2354	173_457;173_392;392_457
2355	79_178;6_79;6_178
2356	134_142;122_142;122_134
2357	16_178;16_392;178_392
2358	407_526;407_451;451_526
2359	145_178;6_145;6_178
2360	435_477;373_435;373_477
2361	237_463;160_237;160_463
2362	397_526;397_527;526_527
2363	110_338;110_439;338_439
2364	178_460;6_460;6_178
2365	423_546;176_546;176_423
2366	463_547;43_547;43_463
2367	6_548;459_548;6_459
2368	212_549;267_549;212_267
2369	31_550;106_550;31_106
2370	43_551;385_551;43_385
2371	106_552;459_552;106_459
2372	43_553;153_553;43_153
2373	511_554;267_554;267_511
2374	533_555;267_555;267_533
2375	43_556;468_556;43_468
2376	43_557;366_557;43_366
2377	117_558;138_558;117_138
2378	378_559;399_559;378_399
2379	267_560;268_560;267_268
2380	43_561;224_561;43_224
2381	474_562;518_562;474_518
2382	338_563;439_563;338_439
2383	43_564;395_564;43_395
2384	359_565;419_565;359_419
2385	459_566;306_566;306_459
2386	75_567;533_567;75_533
2387	5_544;334_544;5_334
2388	289_381;311_381;289_311
2389	96_338;96_439;338_439
2390	338_568;427_568;338_427
2391	439_569;448_569;439_448
2392	306_570;477_570;306_477
2393	166_509;301_509;166_301
2394	448_508;23_508;23_448
2395	63_419;63_220;220_419
2396	448_571;444_571;444_448
2397	396_572;521_572;396_521
2398	166_573;301_573;166_301
2399	448_574;23_574;23_448
2400	0_85;0_378;85_378
2401	301_575;353_575;301_353
2402	254_576;344_576;254_344
2403	301_577;447_577;301_447
2404	381_578;311_578;311_381
2405	378_579;17_579;17_378
2406	73_134;73_197;134_197
2407	254_580;344_580;254_344
2408	309_581;154_581;154_309
2409	297_582;137_582;137_297
2410	13_124;124_278;13_278
2411	451_583;527_583;451_527
2412	137_584;40_584;40_137
2413	359_585;101_585;101_359
2414	458_586;465_586;458_465
2415	137_587;40_587;40_137
2416	572_588;521_588;521_572
2417	309_589;359_589;309_359
2418	267_590;436_590;267_436
2419	160_591;43_591;43_160
2420	43_592;518_592;43_518
2421	527_593;458_593;458_527
2422	40_594;521_594;40_521
2423	458_595;445_595;445_458
2424	521_596;321_596;321_521
2425	40_597;521_597;40_521
2426	380_521;380_414;414_521
2427	284_598;537_598;284_537
2428	445_599;309_599;309_445
2429	521_600;147_600;147_521
2430	43_601;561_601;43_561
2431	399_602;486_602;399_486
2432	521_603;254_603;254_521
2433	43_604;153_604;43_153
2434	309_492;359_492;309_359
2435	99_518;5_99;5_518
2436	527_605;458_605;458_527
2437	527_606;458_606;458_527
2438	103_607;352_607;103_352
2439	29_608;309_608;29_309
2440	29_609;309_609;29_309
2441	309_383;154_383;154_309
2442	3_309;3_292;292_309
2443	452_610;220_610;220_452
2444	341_611;244_611;244_341
2445	458_612;393_612;393_458
2446	309_613;54_613;54_309
2447	463_614;505_614;463_505
2448	267_371;371_521;267_521
2449	309_615;292_615;292_309
2450	309_616;398_616;309_398
2451	393_617;359_617;359_393
2452	220_618;134_618;134_220
2453	378_619;559_619;378_559
2454	220_620;498_620;220_498
2455	458_621;393_621;393_458
2456	458_622;536_622;458_536
2457	134_415;142_415;134_142
2458	338_623;427_623;338_427
2459	393_624;359_624;359_393
2460	148_625;284_625;148_284
2461	492_626;359_626;359_492
2462	134_627;228_627;134_228
2463	393_628;359_628;359_393
2464	334_629;338_629;334_338
2465	44_359;44_424;359_424
2466	8_630;370_630;8_370
2467	178_631;170_631;170_178
2468	284_632;537_632;284_537
2469	8_633;280_633;8_280
2470	419_634;220_634;220_419
2471	154_635;359_635;154_359
2472	359_636;424_636;359_424
2473	134_637;463_637;134_463
2474	359_638;406_638;359_406
2475	359_639;406_639;359_406
2476	359_640;424_640;359_424
2477	333_341;244_333;244_341
2478	245_359;245_406;359_406
2479	178_238;16_238;16_178
2480	479_641;445_641;445_479
2481	6_642;459_642;6_459
2482	178_643;145_643;145_178
2483	338_644;439_644;338_439
2484	359_645;209_645;209_359
2485	359_646;424_646;359_424
2486	31_647;106_647;31_106
2487	338_648;223_648;223_338
2488	338_649;448_649;338_448
2489	134_530;197_530;134_197
2490	565_650;419_650;419_565
2491	106_651;459_651;106_459
2492	297_652;137_652;137_297
2493	392_653;6_653;6_392
2494	31_654;106_654;31_106
2495	8_655;630_655;8_630
2496	8_656;370_656;8_370
2497	460_657;6_657;6_460
2498	457_658;392_658;392_457
2499	406_659;174_659;174_406
2500	459_660;306_660;306_459
2501	498_661;134_661;134_498
2502	338_662;563_662;338_563
2503	134_663;463_663;134_463
2504	360_599;309_360;309_599
2505	266_427;266_448;427_448
2506	50_427;50_448;427_448
2507	31_664;647_664;31_647
2508	520_665;521_665;520_521
2509	419_666;220_666;220_419
2510	6_667;31_667;6_31
2511	424_668;419_668;419_424
2512	539_669;239_669;239_539
2513	427_670;448_670;427_448
2514	448_671;350_671;350_448
2515	448_672;350_672;350_448
2516	448_673;574_673;448_574
2517	338_674;448_674;338_448
2518	438_448;438_571;448_571
2519	318_419;220_318;220_419
2520	316_448;316_350;350_448
2521	134_260;260_463;134_463
2522	21_220;21_498;220_498
2523	459_675;306_675;306_459
2524	309_676;589_676;309_589
2525	106_677;459_677;106_459
2526	134_678;142_678;134_142
2527	119_354;354_511;119_511
2528	477_679;373_679;373_477
2529	459_680;483_680;459_483
2530	459_681;660_681;459_660
2531	8_682;370_682;8_370
2532	8_683;633_683;8_633
2533	23_684;521_684;23_521
2534	220_325;325_618;220_618
2535	298_477;298_299;299_477
2536	185_306;185_477;306_477
2537	448_685;23_685;23_448
2538	498_686;134_686;134_498
2539	273_459;273_483;459_483
2540	23_235;159_235;23_159
2541	93_289;93_533;289_533
2542	459_687;483_687;459_483
2543	477_688;59_688;59_477
2544	204_689;477_689;204_477
2545	459_690;566_690;459_566
2546	521_691;128_691;128_521
2547	23_692;225_692;23_225
2548	463_693;43_693;43_463
2549	119_694;382_694;119_382
2550	459_695;566_695;459_566
2551	23_540;520_540;23_520
2552	60_521;60_455;455_521
2553	521_696;305_696;305_521
2554	23_697;521_697;23_521
2555	134_698;198_698;134_198
2556	501_699;423_699;423_501
2557	521_700;35_700;35_521
2558	193_222;193_382;222_382
2559	190_684;190_521;521_684
2560	373_701;423_701;373_423
2561	176_702;75_702;75_176
2562	43_703;556_703;43_556
2563	459_704;306_704;306_459
2564	408_705;75_705;75_408
2565	176_706;408_706;176_408
2566	176_707;408_707;176_408
2567	119_708;475_708;119_475
2568	153_402;5_402;5_153
2569	176_285;285_408;176_408
2570	279_506;120_279;120_506
2571	189_660;189_306;306_660
2572	161_176;161_408;176_408
2573	475_709;222_709;222_475
2574	269_306;269_477;306_477
2575	135_521;71_135;71_521
2576	69_521;69_200;200_521
2577	30_521;30_696;521_696
2578	382_710;133_710;133_382
2579	103_711;11_711;11_103
2580	20_72;72_75;20_75
2581	408_712;20_712;20_408
2582	533_713;555_713;533_555
2583	477_714;423_714;423_477
2584	338_715;427_715;338_427
2585	533_716;267_716;267_533
2586	267_411;227_411;227_267
2587	311_324;324_533;311_533
2588	93_210;210_533;93_533
2589	533_717;555_717;533_555
2590	43_718;518_718;43_518
2591	352_719;152_719;152_352
2592	337_510;267_337;267_510
2593	94_267;33_94;33_267
2594	41_423;41_176;176_423
2595	267_720;10_720;10_267
2596	510_721;267_721;267_510
2597	43_722;556_722;43_556
2598	338_723;644_723;338_644
2599	338_724;439_724;338_439
2600	510_725;267_725;267_510
2601	70_726;178_726;70_178
2602	267_727;203_727;203_267
2603	423_728;355_728;355_423
2604	423_729;176_729;176_423
2605	533_542;219_542;219_533
2606	152_164;70_164;70_152
2607	340_730;111_730;111_340
2608	448_731;350_731;350_448
2609	103_732;607_732;103_607
2610	352_519;356_519;352_356
2611	120_515;103_515;103_120
2612	347_431;123_431;123_347
2613	12_39;39_352;12_352
2614	176_733;408_733;176_408
2615	521_734;35_734;35_521
2616	352_473;356_473;352_356
2617	49_456;338_456;49_338
2618	103_441;352_441;103_352
2619	103_323;323_711;103_711
2620	95_103;95_607;103_607
2621	351_711;11_351;11_711
2622	352_735;152_735;152_352
2623	352_736;152_736;152_352
2624	352_737;152_737;152_352
2625	352_738;356_738;352_356
2626	445_739;29_739;29_445
2627	178_740;392_740;178_392
2628	352_741;152_741;152_352
2629	178_742;392_742;178_392
2630	178_743;392_743;178_392
2631	364_460;6_364;6_460
2632	68_70;68_178;70_178
2633	607_744;352_744;352_607
2634	309_416;154_416;154_309
2635	70_363;233_363;70_233
2636	43_745;553_745;43_553
2637	382_746;133_746;133_382
2638	209_747;419_747;209_419
2639	309_748;616_748;309_616
2640	167_392;6_167;6_392
2641	6_32;32_459;6_459
2642	223_482;439_482;223_439
2643	70_749;178_749;70_178
2644	6_750;459_750;6_459
2645	6_751;312_751;6_312
2646	296_521;296_691;521_691
2647	76_178;76_330;178_330
2648	439_752;448_752;439_448
2649	521_753;19_753;19_521
2650	6_754;548_754;6_548
2651	312_755;459_755;312_459
2652	178_756;6_756;6_178
2653	439_757;448_757;439_448
2654	439_758;448_758;439_448
2655	439_759;569_759;439_569
2656	359_760;406_760;359_406
2657	459_761;566_761;459_566
2658	49_762;338_762;49_338
2659	349_456;338_349;338_456
2660	392_763;6_763;6_392
2661	392_764;6_764;6_392
2662	392_765;6_765;6_392
2663	424_766;419_766;419_424
2664	510_767;267_767;267_510
2665	392_768;653_768;392_653
2666	106_769;459_769;106_459
2667	388_770;294_770;294_388
2668	306_771;477_771;306_477
2669	510_772;267_772;267_510
2670	306_773;185_773;185_306
2671	75_345;345_567;75_567
2672	75_315;150_315;75_150
2673	202_348;183_202;183_348
2674	107_477;75_107;75_477
2675	272_477;272_714;477_714
2676	477_774;299_774;299_477
2677	477_775;75_775;75_477
2678	294_776;477_776;294_477
2679	294_777;477_777;294_477
2680	106_778;459_778;106_459
2681	439_779;448_779;439_448
2682	300_439;300_758;439_758
2683	253_439;253_569;439_569
2684	448_780;508_780;448_508
2685	75_781;533_781;75_533
2686	439_782;448_782;439_448
2687	75_783;533_783;75_533
2688	535_784;294_784;294_535
2689	75_258;199_258;75_199
2690	134_230;214_230;134_214
2691	51_459;51_388;388_459
2692	294_785;776_785;294_776
2693	150_786;289_786;150_289
2694	477_787;107_787;107_477
2695	571_788;444_788;444_571
2696	261_463;261_614;463_614
2697	388_440;294_440;294_388
2698	423_461;176_461;176_423
2699	92_339;334_339;92_334
2700	307_477;307_423;423_477
2701	115_150;115_289;150_289
2702	129_423;129_176;176_423
2703	176_507;507_702;176_702
2704	226_430;430_434;226_434
2705	277_505;43_277;43_505
2706	61_533;61_713;533_713
2707	18_521;18_25;25_521
2708	98_338;66_98;66_338
2709	38_423;38_546;423_546
2710	505_789;43_789;43_505
2711	176_790;702_790;176_702
2712	505_791;43_791;43_505
2713	43_413;413_474;43_474
2714	176_792;285_792;176_285
2715	176_487;408_487;176_408
2716	274_408;274_705;408_705
2717	141_176;75_141;75_176
2718	5_57;57_92;5_92
2719	5_331;92_331;5_92
2720	270_521;191_270;191_521
2721	92_256;256_334;92_334
2722	196_408;75_196;75_408
2723	180_521;180_380;380_521
2724	89_521;89_691;521_691
2725	75_793;781_793;75_781
2726	315_794;150_794;150_315
2727	338_795;674_795;338_674
2728	315_796;150_796;150_315
2729	533_797;555_797;533_555
2730	75_798;783_798;75_783
2731	359_799;646_799;359_646
2732	35_538;140_538;35_140
2733	174_800;286_800;174_286
2734	286_801;100_801;100_286
2735	286_802;100_802;100_286
2736	374_439;374_569;439_569
2737	121_533;121_717;533_717
2738	102_448;102_673;448_673
2739	267_803;268_803;267_268
2740	67_448;67_444;444_448
2741	236_800;236_286;286_800
2742	463_804;614_804;463_614
2743	498_805;661_805;498_661
2744	448_806;438_806;438_448
2745	100_429;134_429;100_134
2746	114_286;114_802;286_802
2747	43_807;474_807;43_474
2748	242_463;242_693;463_693
2749	23_808;540_808;23_540
2750	77_521;77_376;376_521
2751	700_809;35_809;35_700
2752	140_211;211_348;140_348
2753	338_534;534_723;338_723
2754	5_532;49_532;5_49
2755	334_488;338_488;334_338
2756	5_151;92_151;5_92
2757	80_404;17_404;17_80
2758	352_500;500_719;352_719
2759	70_497;233_497;70_233
2760	178_250;250_742;178_742
2761	233_248;178_248;178_233
2762	7_643;7_145;145_643
2763	384_643;145_384;145_643
2764	178_213;213_250;178_250
2765	145_155;6_155;6_145
2766	178_251;251_742;178_742
2767	330_489;6_489;6_330
2768	287_642;287_459;459_642
2769	83_642;83_459;459_642
2770	6_36;36_667;6_667
2771	6_442;442_642;6_642
2772	6_215;215_751;6_751
2773	4_704;4_306;306_704
2774	65_306;65_570;306_570
2775	306_499;499_570;306_570
2776	185_401;401_477;185_477
2777	391_566;306_391;306_566
2778	293_355;176_293;176_355
2779	504_566;306_504;306_566
2780	306_357;357_570;306_570
2781	157_477;157_501;477_501
2782	343_477;343_501;477_501
2783	379_423;379_461;423_461
2784	47_185;47_477;185_477
2785	306_335;335_570;306_570
2786	218_423;218_728;423_728
2787	185_283;283_477;185_477
2788	373_517;423_517;373_423
2789	188_477;75_188;75_477
2790	118_373;118_423;373_423
2791	417_435;373_417;373_435
2792	97_298;97_299;298_299
2793	88_679;88_373;373_679
2794	86_423;86_728;423_728
2795	373_481;481_701;373_701
2796	466_702;75_466;75_702
2797	472_546;176_472;176_546
2798	184_423;41_184;41_423
2799	176_290;290_790;176_790
2800	75_91;91_533;75_533
2801	2_423;2_355;355_423
2802	733_810;408_810;408_733
2803	176_811;790_811;176_790
2804	75_812;533_812;75_533
2805	423_813;379_813;379_423
2806	423_814;461_814;423_461
2807	533_815;713_815;533_713
2808	533_816;555_816;533_555
2809	533_817;713_817;533_713
2810	176_264;264_811;176_811
2811	533_818;555_818;533_555
2812	75_819;144_819;75_144
2813	555_820;267_820;267_555
2814	533_821;713_821;533_713
2815	533_822;555_822;533_555
2816	533_823;713_823;533_713
2817	555_824;267_824;267_555
2818	533_825;713_825;533_713
2819	555_826;267_826;267_555
2820	75_827;144_827;75_144
2821	311_828;533_828;311_533
2822	75_829;345_829;75_345
2823	267_830;162_830;162_267
2824	466_831;75_831;75_466
2825	267_558;558_727;267_727
2826	75_372;289_372;75_289
2827	555_832;820_832;555_820
2828	75_833;199_833;75_199
2829	140_545;208_545;140_208
2830	369_533;61_369;61_533
2831	75_221;221_781;75_781
2832	713_834;555_834;555_713
2833	458_835;127_835;127_458
2834	140_836;208_836;140_208
2835	123_837;521_837;123_521
2836	533_838;713_838;533_713
2837	33_839;55_839;33_55
2838	458_840;127_840;127_458
2839	140_528;211_528;140_211
2840	140_841;208_841;140_208
2841	127_842;393_842;127_393
2842	555_843;267_843;267_555
2843	267_844;361_844;267_361
2844	140_845;211_845;140_211
2845	240_846;340_846;240_340
2846	74_359;74_245;245_359
2847	533_847;823_847;533_823
2848	512_848;526_848;512_526
2849	533_849;821_849;533_821
2850	526_850;397_850;397_526
2851	533_851;821_851;533_821
2852	33_852;55_852;33_55
2853	359_853;406_853;359_406
2854	301_854;447_854;301_447
2855	359_855;245_855;245_359
2856	393_856;359_856;359_393
2857	13_857;124_857;13_124
2858	359_858;245_858;245_359
2859	447_859;353_859;353_447
2860	406_860;179_860;179_406
2861	447_861;353_861;353_447
2862	359_862;245_862;245_359
2863	55_863;377_863;55_377
2864	824_864;267_864;267_824
2865	397_865;527_865;397_527
2866	359_866;464_866;359_464
2867	301_867;447_867;301_447
2868	291_359;245_291;245_359
2869	406_868;179_868;179_406
2870	406_869;179_869;179_406
2871	267_870;203_870;203_267
2872	267_871;203_871;203_267
2873	377_872;521_872;377_521
2874	179_873;174_873;174_179
2875	267_874;10_874;10_267
2876	458_875;134_875;134_458
2877	245_876;406_876;245_406
2878	406_877;179_877;179_406
2879	226_878;506_878;226_506
2880	267_879;240_879;240_267
2881	286_880;801_880;286_801
2882	512_881;526_881;512_526
2883	361_882;240_882;240_361
2884	521_883;376_883;376_521
2885	406_884;659_884;406_659
2886	406_885;179_885;179_406
2887	512_886;526_886;512_526
2888	286_887;134_887;134_286
2889	134_888;197_888;134_197
2890	267_889;377_889;267_377
2891	100_890;134_890;100_134
2892	162_891;328_891;162_328
2893	226_892;506_892;226_506
2894	506_893;243_893;243_506
2895	526_894;13_894;13_526
2896	526_895;397_895;397_526
2897	801_896;100_896;100_801
2898	13_897;124_897;13_124
2899	659_898;174_898;174_659
2900	848_899;526_899;526_848
2901	526_900;13_900;13_526
2902	179_901;174_901;174_179
2903	100_902;493_902;100_493
2904	515_903;103_903;103_515
2905	124_904;278_904;124_278
2906	478_905;103_905;103_478
2907	347_906;431_906;347_431
2908	174_907;286_907;174_286
2909	397_908;527_908;397_527
2910	100_909;493_909;100_493
2911	179_910;174_910;174_179
2912	82_377;82_521;377_521
2913	527_911;605_911;527_605
2914	13_912;124_912;13_124
2915	278_913;458_913;278_458
2916	103_914;28_914;28_103
2917	13_915;278_915;13_278
2918	529_916;301_916;301_529
2919	328_917;458_917;328_458
2920	436_918;347_918;347_436
2921	436_919;347_919;347_436
2922	801_920;896_920;801_896
2923	527_921;458_921;458_527
2924	278_922;458_922;278_458
2925	267_923;166_923;166_267
2926	124_650;278_650;124_278
2927	103_597;352_597;103_352
2928	103_594;594_732;103_732
2929	458_924;835_924;458_835
2930	103_925;28_925;28_103
2931	53_80;17_53;17_80
2932	100_926;493_926;100_493
2933	278_927;458_927;278_458
2934	111_928;43_928;43_111
2935	228_929;463_929;228_463
2936	278_930;922_930;278_922
2937	228_931;463_931;228_463
2938	134_932;228_932;134_228
2939	134_933;888_933;134_888
2940	278_934;458_934;278_458
2941	124_935;278_935;124_278
2942	521_936;600_936;521_600
2943	28_937;178_937;28_178
2944	458_938;127_938;127_458
2945	134_939;394_939;134_394
2946	127_940;393_940;127_393
2947	134_941;637_941;134_637
2948	134_942;888_942;134_888
2949	607_943;352_943;352_607
2950	111_944;531_944;111_531
2951	127_945;842_945;127_842
2952	197_946;37_946;37_197
2953	626_922;458_626;458_922
2954	134_625;625_932;134_932
2955	163_458;163_835;458_835
2956	37_947;368_947;37_368
2957	493_948;134_948;134_493
2958	134_949;228_949;134_228
2959	888_950;197_950;197_888
2960	551_951;385_951;385_551
2961	365_519;356_365;356_519
2962	521_952;295_952;295_521
2963	458_953;924_953;458_924
2964	500_954;719_954;500_719
2965	458_955;840_955;458_840
2966	385_956;5_956;5_385
2967	356_957;152_957;152_356
2968	214_958;463_958;214_463
2969	131_959;43_959;43_131
2970	463_641;641_693;463_693
2971	6_333;106_333;6_106
2972	463_960;693_960;463_693
2973	463_961;237_961;237_463
2974	463_962;804_962;463_804
2975	463_963;804_963;463_804
2976	463_964;43_964;43_463
2977	164_965;70_965;70_164
2978	406_966;659_966;406_659
2979	70_229;229_233;70_233
2980	604_967;153_967;153_604
2981	267_968;240_968;240_267
2982	267_969;870_969;267_870
2983	43_970;338_970;43_338
2984	940_971;393_971;393_940
2985	267_972;377_972;267_377
2986	547_973;43_973;43_547
2987	70_974;363_974;70_363
2988	197_975;37_975;37_197
2989	463_976;804_976;463_804
2990	484_693;43_484;43_693
2991	360_614;360_505;505_614
2992	312_977;459_977;312_459
2993	43_978;722_978;43_722
2994	153_979;402_979;153_402
2995	197_980;37_980;37_197
2996	5_420;151_420;5_151
2997	722_981;556_981;556_722
2998	92_982;339_982;92_339
2999	43_983;551_983;43_551
3000	145_683;6_683;6_145
3001	556_682;468_682;468_556
3002	722_984;556_984;556_722
3003	220_985;134_985;134_220
3004	392_986;167_986;167_392
3005	178_987;742_987;178_742
3006	459_988;704_988;459_704
3007	220_989;134_989;134_220
3008	334_412;412_629;334_629
3009	556_990;468_990;468_556
3010	334_991;629_991;334_629
3011	153_992;402_992;153_402
3012	5_993;420_993;5_420
3013	6_994;312_994;6_312
3014	145_995;6_995;6_145
3015	353_996;512_996;353_512
3016	368_997;214_997;214_368
3017	554_742;392_554;392_742
3018	5_24;24_151;5_151
3019	0_5;0_92;5_92
3020	5_998;320_998;5_320
3021	334_999;338_999;334_338
3022	704_1000;306_1000;306_704
3023	629_1001;338_1001;338_629
3024	6_1002;312_1002;6_312
3025	312_1003;755_1003;312_755
3026	338_1004;723_1004;338_723
3027	103_246;246_323;103_323
3028	92_1005;334_1005;92_334
3029	103_1006;732_1006;103_732
3030	92_1007;982_1007;92_982
3031	334_1008;991_1008;334_991
3032	444_1009;23_1009;23_444
3033	521_1010;600_1010;521_600
3034	282_770;282_294;294_770
3035	158_459;51_158;51_459
3036	334_1011;412_1011;334_412
3037	991_1012;629_1012;629_991
3038	448_635;438_635;438_448
3039	609_713;555_609;555_713
3040	448_608;444_608;444_448
3041	314_334;314_629;334_629
3042	262_334;262_991;334_991
3043	444_652;23_652;23_444
3044	132_555;132_820;555_820
3045	84_140;84_211;140_211
3046	444_1013;23_1013;23_444
3047	294_1014;477_1014;294_477
3048	444_1015;23_1015;23_444
3049	338_1016;674_1016;338_674
3050	629_1017;338_1017;338_629
3051	483_611;388_611;388_483
3052	338_582;582_723;338_723
3053	294_1018;477_1018;294_477
3054	152_588;70_588;70_152
3055	477_1019;75_1019;75_477
3056	477_1020;423_1020;423_477
3057	388_1021;294_1021;294_388
3058	448_1022;444_1022;444_448
3059	346_723;346_644;644_723
3060	338_1023;96_1023;96_338
3061	70_1024;229_1024;70_229
3062	684_1025;521_1025;521_684
3063	477_1026;435_1026;435_477
3064	563_587;439_587;439_563
3065	432_438;432_571;438_571
3066	6_64;64_312;6_312
3067	444_1027;1009_1027;444_1009
3068	521_1028;600_1028;521_600
3069	268_1029;347_1029;268_347
3070	521_1030;284_1030;284_521
3071	46_670;62_670;46_62
3072	229_266;233_266;229_233
3073	50_152;50_164;152_164
3074	439_1031;569_1031;439_569
3075	164_1032;70_1032;70_164
3076	477_1033;423_1033;423_477
3077	106_1034;459_1034;106_459
3078	363_1035;233_1035;233_363
3079	444_1036;1009_1036;444_1009
3080	444_1037;1009_1037;444_1009
3081	600_1038;147_1038;147_600
3082	444_1039;23_1039;23_444
3083	600_1040;147_1040;147_600
3084	438_656;571_656;438_571
3085	178_655;643_655;178_643
3086	521_1041;85_1041;85_521
3087	497_1042;233_1042;233_497
3088	226_1043;506_1043;226_506
3089	233_450;178_450;178_233
3090	449_459;51_449;51_459
3091	233_1044;178_1044;178_233
3092	23_1045;225_1045;23_225
3093	229_1046;233_1046;229_233
3094	571_1047;444_1047;444_571
3095	23_1048;684_1048;23_684
3096	306_1049;357_1049;306_357
3097	521_1050;19_1050;19_521
3098	571_1051;788_1051;571_788
3099	506_1052;120_1052;120_506
3100	273_1053;483_1053;273_483
3101	239_1054;478_1054;239_478
3102	571_1055;444_1055;444_571
3103	178_1056;145_1056;145_178
3104	178_1057;459_1057;178_459
3105	178_1058;987_1058;178_987
3106	632_770;282_632;282_770
3107	243_469;103_469;103_243
3108	321_462;165_462;165_321
3109	292_321;292_410;321_410
3110	244_294;244_777;294_777
3111	241_459;241_704;459_704
3112	103_633;633_732;103_732
3113	515_598;103_598;103_515
3114	433_444;433_1015;444_1015
3115	195_444;23_195;23_444
3116	187_444;187_652;444_652
3117	171_444;171_1015;444_1015
3118	477_1059;188_1059;188_477
3119	571_1060;444_1060;444_571
3120	444_1061;23_1061;23_444
3121	23_630;225_630;23_225
3122	6_482;482_642;6_642
3123	23_1062;684_1062;23_684
3124	352_1063;741_1063;352_741
3125	23_1064;684_1064;23_684
3126	352_1065;736_1065;352_736
3127	103_275;275_914;103_914
3128	23_216;216_1048;23_1048
3129	189_225;189_521;225_521
3130	732_1066;607_1066;607_732
3131	1015_1067;23_1067;23_1015
3132	23_1068;684_1068;23_684
3133	178_1069;250_1069;178_250
3134	579_607;579_943;607_943
3135	373_375;375_423;373_423
3136	280_732;280_607;607_732
3137	186_594;186_732;594_732
3138	23_26;26_684;23_684
3139	8_23;8_1045;23_1045
3140	607_709;352_709;352_607
3141	23_491;491_684;23_684
3142	461_1070;176_1070;176_461
3143	521_739;200_739;200_521
3144	423_613;218_613;218_423
3145	383_459;383_388;388_459
3146	176_308;308_507;176_507
3147	113_352;113_500;352_500
3148	423_616;461_616;423_461
3149	676_957;152_676;152_957
3150	356_589;152_589;152_356
3151	356_494;152_494;152_356
3152	75_418;345_418;75_345
3153	75_370;370_827;75_827
3154	75_201;91_201;75_91
3155	176_615;615_702;176_702
3156	152_1071;588_1071;152_588
3157	388_591;294_591;294_388
3158	70_549;233_549;70_233
3159	509_702;466_509;466_702
3160	386_588;70_386;70_588
3161	70_619;229_619;70_229
3162	573_827;144_573;144_827
3163	572_588;70_572;70_588
3164	476_827;144_476;144_827
3165	233_583;178_583;178_233
3166	247_294;247_785;294_785
3167	217_533;217_713;533_713
3168	294_748;477_748;294_477
3169	233_599;178_599;178_233
3170	577_974;363_577;363_974
3171	178_602;330_602;178_330
3172	363_471;233_471;233_363
3173	294_349;349_785;294_785
3174	363_708;233_708;233_363
3175	70_578;233_578;70_233
3176	459_665;388_665;388_459
3177	6_581;32_581;6_32
3178	233_319;178_319;178_233
3179	29_51;29_388;51_388
3180	250_454;454_742;250_742
3181	6_194;194_642;6_642
3182	72_477;72_1019;477_1019
3183	6_231;31_231;6_31
3184	388_784;784_1021;388_1021
3185	91_710;533_710;91_533
3186	423_495;495_546;423_546
3187	6_104;31_104;6_31
3188	533_576;576_851;533_851
3189	87_423;87_461;423_461
3190	176_746;746_790;176_790
3191	702_725;75_725;75_702
3192	176_606;606_790;176_790
3193	446_702;75_446;75_702
3194	130_176;130_615;176_615
3195	387_790;387_702;702_790
3196	176_318;318_790;176_790
3197	276_289;276_311;289_311
3198	766_969;766_870;870_969
3199	75_513;221_513;75_221
3200	557_702;466_557;466_702
3201	21_533;21_369;369_533
3202	75_689;345_689;75_345
3203	455_555;267_455;267_555
3204	322_555;322_826;555_826
3205	263_826;263_267;267_826
3206	71_181;181_321;71_321
3207	73_203;73_526;203_526
3208	321_772;165_772;165_321
3209	321_658;165_658;165_321
3210	521_612;612_1030;521_1030
3211	71_747;321_747;71_321
3212	622_1030;284_622;284_1030
3213	640_863;377_640;377_863
3214	62_536;536_539;62_539
3215	377_415;415_521;377_521
3216	147_657;71_657;71_147
3217	71_685;321_685;71_321
3218	71_596;321_596;71_321
3219	165_193;168_193;165_168
3220	663_669;239_663;239_669
3221	600_603;603_1040;600_1040
3222	585_669;239_585;239_669
3223	239_530;478_530;239_478
3224	239_511;478_511;239_478
3225	297_478;172_297;172_478
3226	147_678;71_678;71_147
3227	46_586;586_670;46_670
3228	462_697;165_697;165_462
3229	46_475;475_670;46_670
3230	168_453;46_453;46_168
3231	46_400;62_400;46_62
3232	410_568;165_568;165_410
3233	239_794;478_794;239_478
3234	46_694;670_694;46_670
3235	239_584;478_584;239_478
3236	156_669;156_239;239_669
3237	79_165;79_168;165_168
3238	62_562;539_562;62_539
3239	103_686;594_686;103_594
3240	46_523;523_670;46_670
3241	168_371;46_371;46_168
3242	108_663;108_239;239_663
3243	52_732;52_607;607_732
3244	46_354;62_354;46_62
3245	235_732;235_607;607_732
3246	321_698;410_698;321_410
3247	479_539;239_479;239_539
3248	210_594;210_732;594_732
3249	142_321;142_292;292_321
3250	427_732;427_1066;732_1066
3251	222_392;167_222;167_392
3252	239_316;316_794;239_794
3253	539_639;639_669;539_669
3254	410_561;165_561;165_410
3255	103_249;249_597;103_597
3256	161_239;161_1054;239_1054
3257	103_791;597_791;103_597
3258	607_690;352_690;352_607
3259	297_565;172_565;172_297
3260	224_297;172_224;172_297
3261	198_597;198_352;352_597
3262	478_553;297_553;297_478
3263	478_508;297_508;297_478
3264	42_193;42_168;168_193
3265	536_638;539_638;536_539
3266	478_636;172_636;172_478
3267	407_607;407_943;607_943
3268	478_744;172_744;172_478
3269	117_943;117_352;352_943
3270	44_168;44_46;46_168
3271	352_752;719_752;352_719
3272	477_724;501_724;477_501
3273	223_478;223_297;297_478
3274	34_478;34_172;172_478
3275	113_623;500_623;113_500
3276	297_768;172_768;172_297
3277	251_542;542_742;251_742
3278	304_583;178_304;178_583
3279	178_648;16_648;16_178
3280	239_595;478_595;239_478
3281	239_445;445_530;239_530
3282	392_396;167_396;167_392
3283	70_196;196_363;70_363
3284	478_745;103_745;103_478
3285	233_430;430_1044;233_1044
3286	178_769;459_769;178_459
3287	450_720;178_720;178_450
3288	312_649;649_755;312_755
3289	178_646;16_646;16_178
3290	618_751;312_618;312_751
3291	265_1044;178_265;178_1044
3292	234_602;234_330;330_602
3293	137_178;137_631;178_631
3294	177_655;177_643;643_655
3295	178_712;631_712;178_631
3296	381_459;381_704;459_704
3297	167_440;6_440;6_167
3298	327_352;327_752;352_752
3299	256_352;256_719;352_719
3300	25_943;25_352;352_943
3301	352_753;736_753;352_736
3302	331_352;331_736;352_736
3303	277_704;277_1000;704_1000
3304	352_411;411_741;352_741
3305	106_692;459_692;106_459
3306	714_752;714_719;719_752
3307	357_681;570_681;357_570
3308	20_287;20_459;287_459
3309	129_164;70_129;70_164
3310	434_1071;434_588;588_1071
3311	792_965;70_792;70_965
3312	363_795;795_1035;363_1035
3313	294_703;703_776;294_776
3314	16_806;392_806;16_392
3315	294_799;776_799;294_776
3316	392_760;6_760;6_392
3317	178_688;646_688;178_646
3318	106_774;692_774;106_692
3319	6_717;581_717;6_581
3320	6_797;581_797;6_581
3321	6_793;106_793;6_106
3322	121_1002;121_312;312_1002
3323	615_808;702_808;615_702
3324	459_783;483_783;459_483
3325	459_798;273_798;273_459
3326	312_403;403_1003;312_1003
3327	395_459;158_395;158_459
3328	109_509;109_466;466_509
3329	483_796;388_796;388_483
3330	388_672;294_672;294_388
3331	534_555;267_534;267_555
3332	126_477;126_501;477_501
3333	501_671;423_671;423_501
3334	267_390;390_560;267_560
3335	252_477;252_775;477_775
3336	357_668;570_668;357_570
3337	98_240;98_288;240_288
3338	477_782;775_782;477_775
3339	240_516;98_516;98_240
3340	136_775;75_136;75_775
3341	57_288;57_340;288_340
3342	514_521;514_1041;521_1041
3343	206_521;206_1041;521_1041
3344	116_336;116_302;302_336
3345	342_520;111_520;111_342
3346	111_426;426_928;111_928
3347	111_398;398_928;111_928
3348	43_574;338_574;43_338
3349	226_525;506_525;226_506
3350	43_935;338_935;43_338
3351	43_209;209_338;43_338
3352	463_899;43_899;43_463
3353	240_948;288_948;240_288
3354	43_550;550_935;43_935
3355	240_391;391_516;240_516
3356	240_626;288_626;240_288
3357	240_810;288_810;240_288
3358	134_898;637_898;134_637
3359	119_431;119_123;123_431
3360	360_521;360_1041;521_1041
3361	88_151;88_92;92_151
3362	334_886;629_886;334_629
3363	779_881;448_881;448_779
3364	92_650;334_650;92_334
3365	338_404;404_582;338_582
3366	339_767;334_767;334_339
3367	296_339;296_334;334_339
3368	569_971;448_971;448_569
3369	448_705;705_1022;448_1022
3370	448_997;608_997;448_608
3371	338_996;644_996;338_644
3372	541_723;541_644;644_723
3373	338_456;456_723;338_723
3374	96_283;283_439;96_439
3375	149_444;149_187;187_444
3376	644_867;439_867;439_644
3377	90_96;90_439;96_439
3378	83_439;83_757;439_757
3379	49_723;49_644;644_723
3380	444_861;861_1027;444_1027
3381	644_859;439_859;439_644
3382	408_723;408_644;644_723
3383	96_274;274_439;96_439
3384	973_1013;23_973;23_1013
3385	53_1013;23_53;23_1013
3386	610_644;439_610;439_644
3387	439_601;374_601;374_439
3388	644_916;439_916;439_644
3389	439_470;470_779;439_779
3390	413_439;413_779;439_779
3391	439_809;759_809;439_759
3392	23_699;699_1062;23_1062
3393	439_538;538_779;439_779
3394	329_439;329_374;374_439
3395	439_807;779_807;439_779
3396	56_439;56_757;439_757
3397	89_439;89_779;439_779
3398	439_780;759_780;439_759
3399	680_779;448_680;448_779
3400	662_757;448_662;448_757
3401	23_175;175_1062;23_1062
3402	270_757;270_448;448_757
3403	59_439;59_757;439_757
3404	23_617;617_1062;23_1062
3405	165_272;193_272;165_193
3406	159_439;159_374;374_439
3407	448_931;608_931;448_608
3408	684_929;929_1025;684_1025
3409	448_990;608_990;448_608
3410	97_521;97_1041;521_1041
3411	759_915;569_915;569_759
3412	912_1022;444_912;444_1022
3413	438_654;571_654;438_571
3414	571_647;647_788;571_788
3415	204_444;204_1013;444_1013
3416	448_904;904_997;448_997
3417	448_854;854_1022;448_1022
3418	212_448;212_571;448_571
3419	107_1013;53_107;53_1013
3420	18_1013;18_23;23_1013
3421	548_569;548_971;569_971
3422	350_971;350_448;448_971
3423	66_571;66_788;571_788
3424	448_535;535_1022;448_1022
3425	48_1022;48_444;444_1022
3426	571_715;647_715;571_647
3427	46_920;670_920;46_670
3428	517_788;444_517;444_788
3429	486_788;444_486;444_788
3430	399_608;399_444;444_608
3431	444_660;660_1027;444_1027
3432	788_956;444_956;444_788
3433	444_721;187_721;187_444
3434	587_1013;23_587;23_1013
3435	437_670;62_437;62_670
3436	444_848;171_848;171_444
3437	187_510;510_652;187_652
3438	187_344;344_652;187_652
3439	17_187;17_652;187_652
3440	62_958;536_958;62_536
3441	23_802;802_1062;23_1062
3442	53_763;23_763;23_53
3443	23_580;580_699;23_699
3444	23_499;499_1062;23_1062
3445	23_254;254_617;23_617
3446	897_1062;684_897;684_1062
3447	984_1062;684_984;684_1062
3448	876_1062;684_876;684_1062
3449	178_512;16_512;16_178
3450	505_1062;505_684;684_1062
3451	335_1062;335_684;684_1062
3452	180_684;180_521;521_684
3453	160_1062;160_684;684_1062
3454	684_773;773_1025;684_1025
3455	552_1062;552_684;684_1062
3456	172_981;103_981;103_172
3457	521_921;600_921;521_600
3458	521_975;284_975;284_521
3459	521_545;514_545;514_521
3460	284_926;537_926;284_537
3461	284_885;537_885;284_537
3462	85_909;378_909;85_378
3463	424_537;341_424;341_537
3464	378_992;80_992;80_378
3465	539_843;669_843;539_669
3466	103_589;310_589;103_310
3467	217_1052;713_1052;217_713
3468	235_840;607_840;235_607
3469	352_1067;736_1067;352_736
3470	736_1070;152_1070;152_736
3471	713_1053;555_1053;555_713
3472	267_1007;879_1007;267_879
3473	555_1005;826_1005;555_826
3474	994_1034;312_1034;312_994
3475	191_826;191_263;263_826
3476	267_933;227_933;227_267
3477	32_1038;459_1038;32_459
3478	279_526;279_900;526_900
3479	457_640;173_640;173_457
3480	497_611;233_611;233_497
3481	68_547;178_547;68_178
3482	512_1017;16_1017;16_512
3483	178_651;512_651;178_512
3484	806_982;392_982;392_806
3485	346_806;346_392;392_806
3486	343_784;343_1021;784_1021
3487	332_987;332_742;742_987
3488	6_968;581_968;6_581
3489	742_817;392_817;392_742
3490	728_1064;355_1064;355_728
3491	355_1063;293_1063;293_355
3492	567_616;533_616;533_567
3493	176_1018;264_1018;176_264
3494	318_568;568_790;318_790
3495	75_1058;480_1058;75_480
3496	75_1056;480_1056;75_480
3497	466_851;75_851;75_466
3498	702_883;557_883;557_702
3499	619_702;557_619;557_702
3500	443_466;75_443;75_466
3501	567_630;533_630;533_567
3502	75_578;567_578;75_567
3503	567_872;533_872;533_567
3504	567_714;533_714;533_567
3505	217_1048;713_1048;217_713
3506	555_1037;267_1037;267_555
3507	555_816;816_826;555_826
3508	555_726;534_726;534_555
3509	507_555;267_507;267_555
3510	534_665;267_665;267_534
3511	267_461;227_461;227_267
3512	213_263;213_267;263_267
3513	240_356;356_391;240_391
3514	240_954;391_954;240_391
3515	288_606;340_606;288_340
3516	436_519;347_519;347_436
3517	339_770;334_770;334_339
3518	321_565;142_565;142_321
3519	334_380;262_380;262_334
3520	181_1040;321_1040;181_321
3521	165_1032;193_1032;165_193
3522	612_629;338_612;338_629
3523	338_952;582_952;338_582
3524	46_479;62_479;46_62
3525	118_582;118_723;582_723
3526	536_889;539_889;536_539
3527	870_920;670_870;670_920
3528	62_249;249_536;62_536
3529	108_791;239_791;108_239
3530	377_788;377_444;444_788
3531	311_539;311_843;539_843
3532	448_995;212_995;212_448
3533	551_1009;23_551;23_1009
3534	244_788;244_444;444_788
3535	444_858;204_858;204_444
3536	1030_1062;876_1030;876_1062
3537	1010_1062;876_1010;876_1062
3538	868_1062;505_868;505_1062
3539	71_967;685_967;71_685
3540	801_981;103_801;103_981
3541	684_772;772_1025;684_1025
3542	589_896;310_896;310_589
3543	589_866;310_866;310_589
3544	321_666;565_666;321_565
3545	583_685;321_583;321_685
3546	272_402;193_402;193_272
3547	165_877;193_877;165_193
3548	658_893;165_893;165_658
3549	165_899;79_899;79_165
3550	46_979;920_979;46_920
3551	46_286;286_920;46_920
3552	46_243;243_479;46_479
3553	114_233;114_248;233_248
3554	193_778;168_778;168_193
3555	256_536;256_539;536_539
3556	843_1057;669_1057;669_843
3557	62_925;249_925;62_249
3558	479_753;62_753;62_479
3559	670_738;62_738;62_670
3560	62_799;536_799;62_536
3561	249_752;536_752;249_536
3562	536_712;539_712;536_539
3563	243_808;479_808;243_479
3564	597_889;539_597;539_889
3565	539_719;311_719;311_539
3566	539_661;661_843;539_843
3567	539_594;594_843;539_843
3568	669_961;663_961;663_669
3569	311_591;591_843;311_843
3570	442_539;311_442;311_539
3571	445_1065;530_1065;445_530
3572	663_693;108_693;108_663
3573	938_1057;669_938;669_1057
3574	898_1057;669_898;669_1057
3575	64_108;64_239;108_239
3576	669_919;663_919;663_669
3577	669_796;663_796;663_669
3578	549_663;108_549;108_663
3579	239_327;327_794;239_794
3580	663_943;108_943;108_663
3581	297_783;172_783;172_297
3582	381_981;103_381;103_981
3583	172_797;103_797;103_172
3584	178_793;457_793;178_457
3585	178_760;457_760;178_457
3586	298_457;173_298;173_457
3587	103_150;150_607;103_607
3588	103_704;589_704;103_589
3589	302_457;173_302;173_457
3590	173_977;392_977;173_392
3591	173_574;392_574;173_392
3592	392_1043;986_1043;392_986
3593	631_986;167_631;167_986
3594	6_782;782_994;6_994
3595	6_86;86_333;6_333
3596	440_926;6_926;6_440
3597	392_885;885_1043;392_1043
3598	6_838;581_838;6_581
3599	215_350;350_751;215_751
3600	167_993;440_993;167_440
3601	106_509;509_677;106_677
3602	106_646;646_677;106_677
3603	257_1043;257_986;986_1043
3604	6_724;724_838;6_838
3605	86_654;333_654;86_333
3606	6_145;145_581;6_581
3607	333_871;106_871;106_333
3608	784_948;948_1021;784_1021
3609	637_1021;294_637;294_1021
3610	626_1021;294_626;294_1021
3611	477_548;548_1020;477_1020
3612	390_459;390_687;459_687
3613	18_477;18_1020;477_1020
3614	294_734;734_1014;294_1014
3615	650_679;373_650;373_679
3616	399_423;2_399;2_423
3617	293_973;176_973;176_293
3618	388_915;294_915;294_388
3619	388_717;294_717;294_388
3620	132_423;132_355;355_423
3621	423_874;2_874;2_423
3622	767_1021;294_767;294_1021
3623	296_423;296_546;423_546
3624	206_423;2_206;2_423
3625	53_1021;53_294;294_1021
3626	546_652;472_652;472_546
3627	293_1002;973_1002;293_973
3628	107_1063;107_293;293_1063
3629	355_424;424_1063;355_1063
3630	355_455;293_455;293_355
3631	408_650;373_408;373_650
3632	373_999;423_999;373_423
3633	176_886;264_886;176_264
3634	546_680;472_680;472_546
3635	293_488;488_973;293_973
3636	294_322;322_776;294_776
3637	49_373;49_423;373_423
3638	916_1063;293_916;293_1063
3639	482_973;176_482;176_973
3640	176_912;318_912;176_318
3641	972_1020;423_972;423_1020
3642	560_1020;423_560;423_1020
3643	533_775;369_775;369_533
3644	355_361;293_361;293_355
3645	355_715;455_715;355_455
3646	404_1063;107_404;107_1063
3647	176_996;886_996;176_886
3648	568_990;790_990;568_790
3649	369_969;61_969;61_369
3650	369_931;61_931;61_369
3651	555_1011;267_1011;267_555
3652	466_605;443_605;443_466
3653	314_713;314_555;555_713
3654	318_780;568_780;318_568
3655	267_601;227_601;227_267
3656	318_547;547_568;318_568
3657	517_615;517_702;615_702
3658	443_486;75_486;75_443
3659	443_956;75_956;75_443
3660	159_227;159_428;227_428
3661	790_950;702_950;702_790
3662	176_888;888_1018;176_1018
3663	443_848;75_848;75_443
3664	83_201;83_91;91_201
3665	43_840;1_840;1_43
3666	43_817;1_817;1_43
3667	43_802;1_802;1_43
3668	572_713;555_572;555_713
3669	552_713;552_609;609_713
3670	555_958;958_1011;555_1011
3671	262_1041;991_1041;262_991
3672	332_991;332_629;629_991
3673	391_655;516_655;391_516
3674	1001_1015;338_1015;338_1001
3675	171_1001;171_338;338_1001
3676	629_975;975_1001;629_1001
3677	516_545;98_545;98_516
3678	284_338;284_582;338_582
3679	397_723;397_644;644_723
3680	96_1017;439_1017;96_439
3681	342_374;111_374;111_342
3682	187_859;187_439;439_859
3683	859_1052;439_1052;439_859
3684	809_936;759_936;759_809
3685	43_992;840_992;43_840
3686	444_1064;1036_1064;444_1036
3687	444_1054;1027_1054;444_1027
3688	444_511;511_1036;444_1036
3689	444_909;909_1027;444_1027
3690	263_876;263_684;684_876
3691	934_1025;521_934;521_1025
3692	930_1025;521_930;521_1025
3693	521_640;640_921;521_921
3694	278_1025;278_521;521_1025
3695	900_921;600_900;600_921
3696	414_651;358_651;358_414
3697	147_639;71_639;71_147
3698	71_769;181_769;71_181
3699	479_681;62_681;62_479
3700	251_669;251_663;663_669
3701	97_669;97_961;669_961
3702	108_714;239_714;108_239
3703	47_108;47_239;108_239
3704	239_438;438_445;239_445
3705	445_1033;530_1033;445_530
3706	445_633;633_1065;445_1065
3707	108_512;512_714;108_714
3708	108_345;47_345;47_108
3709	530_1026;478_1026;478_530
3710	297_378;224_378;224_297
3711	172_665;665_981;172_981
3712	103_616;589_616;103_589
3713	370_896;310_370;310_896
3714	38_310;38_178;178_310
3715	173_1042;392_1042;173_392
3716	6_578;578_581;6_581
3717	392_881;396_881;392_396
3718	581_883;32_883;32_581
3719	619_724;619_838;724_838
3720	392_611;611_653;392_653
3721	32_497;497_1038;32_1038
3722	6_954;578_954;6_578
3723	114_653;6_114;6_653
3724	459_1071;687_1071;459_687
3725	1038_1056;459_1056;459_1038
3726	520_798;273_520;273_798
3727	235_383;235_388;383_388
3728	70_459;70_761;459_761
3729	1021_1037;294_1037;294_1021
3730	355_904;455_904;355_455
3731	615_670;517_670;517_615
3732	555_597;597_1011;555_1011
3733	181_509;321_509;181_321
3734	462_823;165_823;165_462
3735	462_1067;165_1067;165_462
3736	62_404;404_925;62_925
3737	478_926;172_926;172_478
3738	408_669;251_408;251_669
3739	6_1041;581_1041;6_581
3740	32_885;459_885;32_459
3741	165_1018;79_1018;79_165
3742	684_925;249_684;249_925
3743	178_512;512_793;178_793
3744	302_371;173_371;173_302
3745	392_1056;881_1056;392_881
3746	392_520;396_520;392_396
3747	370_885;370_459;459_885
3748	64_459;64_483;459_483
3749	47_459;47_483;459_483
3750	390_619;619_687;390_687
3751	345_388;294_345;294_388
3752	483_900;388_900;388_483
3753	294_791;322_791;294_322
3754	581_714;32_714;32_581
3755	378_459;378_761;459_761
3756	885_1025;459_1025;459_885
3757	201_483;201_388;388_483
3758	639_1021;294_639;294_1021
3759	388_768;768_1021;388_1021
3760	477_972;679_972;477_679
3761	679_736;650_736;650_679
3762	272_459;272_483;459_483
3763	294_501;501_791;294_791
3764	294_658;658_791;294_791
3765	235_776;235_477;477_776
3766	590_650;373_590;373_650
3767	322_633;633_776;322_776
3768	322_929;776_929;322_776
3769	206_958;2_958;2_206
3770	791_934;322_934;322_791
3771	423_930;2_930;2_423
3772	472_876;176_876;176_472
3773	322_681;681_776;322_776
3774	254_296;254_546;296_546
3775	23_423;23_296;296_423
3776	355_1062;455_1062;355_455
3777	322_796;776_796;322_776
3778	97_1021;97_639;639_1021
3779	505_546;505_652;546_652
3780	776_1036;477_1036;477_776
3781	296_1033;546_1033;296_546
3782	293_838;838_973;293_973
3783	546_1030;652_1030;546_652
3784	293_549;176_549;176_293
3785	318_617;547_617;318_547
3786	293_444;444_973;293_973
3787	293_1009;176_1009;176_293
3788	973_1027;482_1027;482_973
3789	336_455;293_336;293_455
3790	482_1064;176_1064;176_482
3791	443_973;443_482;482_973
3792	273_568;273_990;568_990
3793	149_912;149_318;318_912
3794	517_1010;702_1010;517_702
3795	176_748;130_748;130_176
3796	557_568;557_990;568_990
3797	278_973;278_482;482_973
3798	176_888;75_888;75_176
3799	175_293;175_1009;293_1009
3800	912_1014;318_1014;318_912
3801	176_488;488_912;176_912
3802	293_333;333_973;293_973
3803	605_990;605_790;790_990
3804	263_990;263_790;790_990
3805	948_973;482_948;482_973
3806	702_1054;75_1054;75_702
3807	815_912;149_815;149_912
3808	702_809;75_809;75_702
3809	439_912;318_439;318_912
3810	217_547;217_568;547_568
3811	215_702;75_215;75_702
3812	132_176;132_996;176_996
3813	111_1002;111_973;973_1002
3814	790_994;702_994;702_790
3815	75_223;223_480;75_480
3816	176_827;827_996;176_996
3817	788_790;702_788;702_790
3818	75_244;244_480;75_480
3819	176_479;479_996;176_996
3820	36_517;36_702;517_702
3821	568_1001;990_1001;568_990
3822	849_1064;176_849;176_1064
3823	829_996;829_886;886_996
3824	615_699;517_699;517_615
3825	338_790;338_994;790_994
3826	480_1053;144_1053;144_480
3827	482_723;176_723;176_482
3828	482_644;176_644;176_482
3829	582_1064;176_582;176_1064
3830	571_615;571_670;615_670
3831	551_1064;176_551;176_1064
3832	96_176;96_615;176_615
3833	480_859;144_859;144_480
3834	568_847;790_847;568_790
3835	176_1058;615_1058;176_615
3836	480_759;144_759;144_480
3837	480_548;548_1053;480_1053
3838	212_702;212_215;215_702
3839	665_790;665_788;788_790
3840	75_968;480_968;75_480
3841	568_928;273_928;273_568
3842	75_587;480_587;75_480
3843	568_569;569_790;568_790
3844	480_541;144_541;144_480
3845	75_448;448_480;75_480
3846	405_480;405_859;480_859
3847	118_480;118_144;144_480
3848	43_75;43_244;75_244
3849	480_1022;144_1022;144_480
3850	480_1013;859_1013;480_859
3851	788_909;702_909;702_788
3852	480_969;759_969;480_759
3853	480_931;144_931;144_480
3854	480_655;144_655;144_480
3855	516_859;144_516;144_859
3856	609_790;609_702;702_790
3857	263_342;342_790;263_790
3858	75_889;223_889;75_223
3859	75_572;223_572;75_223
3860	75_340;340_480;75_480
3861	75_98;98_480;75_480
3862	75_511;223_511;75_223
3863	1_448;1_480;448_480
3864	480_919;919_969;480_969
3865	896_1054;75_896;75_1054
3866	906_1053;144_906;144_1053
3867	147_480;147_548;480_548
3868	548_834;834_1053;548_1053
3869	1042_1053;144_1042;144_1053
3870	176_509;132_509;132_176
3871	912_1043;815_1043;815_912
3872	318_410;410_568;318_568
3873	568_1071;928_1071;568_928
3874	769_790;665_769;665_790
3875	70_990;70_790;790_990
3876	568_685;685_928;568_928
3877	263_408;408_790;263_790
3878	990_1026;605_1026;605_990
3879	597_790;597_702;702_790
3880	790_921;702_921;702_790
3881	693_790;609_693;609_790
3882	71_790;71_338;338_790
3883	445_790;338_445;338_790
3884	702_1065;75_1065;75_702
3885	530_702;75_530;75_702
3886	663_809;75_663;75_809
3887	480_724;541_724;480_541
3888	75_181;181_340;75_340
3889	75_157;157_244;75_244
3890	480_690;690_759;480_759
3891	806_1022;144_806;144_1022
3892	759_1020;144_1020;144_759
3893	352_541;144_352;144_541
3894	548_798;798_1053;548_1053
3895	396_438;167_438;167_396
3896	6_752;752_1041;6_1041
3897	6_607;607_1041;6_1041
3898	32_1057;497_1057;32_497
3899	669_885;459_669;459_885
3900	251_459;251_483;459_483
3901	938_1038;459_938;459_1038
3902	679_843;373_843;373_679
3903	75_159;159_567;75_567
3904	268_477;75_268;75_477
3905	75_712;567_712;75_567
3906	75_1018;43_1018;43_75
3907	32_589;497_589;32_497
3908	150_483;150_201;201_483
3909	570_981;477_981;477_570
3910	172_388;172_294;294_388
3911	75_103;43_103;43_75
3912	480_801;801_859;480_859
3913	616_872;533_616;533_872
3914	310_533;310_775;533_775
3915	38_630;38_533;533_630
3916	472_866;176_866;176_472
3917	176_925;912_925;176_912
3918	541_619;144_619;144_541
3919	318_333;333_568;318_568
3920	175_568;175_847;568_847
3921	336_609;336_702;609_702
3922	75_1063;159_1063;75_159
3923	712_896;567_896;567_712
3924	43_1062;244_1062;43_244
3925	97_567;97_630;567_630
3926	567_948;872_948;567_872
3927	43_1056;244_1056;43_244
3928	516_1009;144_1009;144_516
3929	702_849;75_849;75_702
3930	244_1010;480_1010;244_480
3931	859_1058;516_1058;516_859
3932	516_1026;144_1026;144_516
3933	340_578;480_578;340_480
3934	567_981;948_981;567_948
3935	201_1026;144_201;144_1026
3936	296_702;215_296;215_702
3937	132_630;132_533;533_630
3938	533_925;310_925;310_533
3939	310_815;775_815;310_775
3940	791_859;791_1058;859_1058
3941	244_336;336_1010;244_1010
3942	410_1010;410_480;480_1010
3943	310_615;615_775;310_775
3944	480_1065;919_1065;480_919
3945	480_609;609_969;480_969
3946	96_1013;96_859;859_1013
3947	480_587;118_587;118_480
3948	352_516;144_352;144_516
3949	480_929;655_929;480_655
3950	480_796;655_796;480_655
3951	516_972;972_1009;516_1009
3952	479_516;144_479;144_516
3953	75_843;843_1063;75_1063
3954	516_679;144_679;144_516
3955	516_650;650_972;516_972
3956	448_1009;144_448;144_1009
3957	373_929;373_655;655_929
3958	912_981;912_948;948_981
3959	144_619;118_619;118_144
3960	144_994;619_994;144_619
3961	118_296;144_296;118_144
3962	118_223;144_223;118_144
3963	118_318;144_318;118_144
3964	118_149;144_149;118_144
3965	144_333;333_994;144_994
3966	118_1014;144_1014;118_144
3967	118_886;223_886;118_223
3968	118_264;144_264;118_144
3969	144_829;118_829;118_144
3970	144_996;619_996;144_619
3971	144_477;118_477;118_144
3972	268_994;268_619;619_994
3973	144_1036;118_1036;118_144
3974	144_776;619_776;144_619
3975	423_619;118_423;118_619
3976	681_994;619_681;619_994
3977	322_619;118_322;118_619
3978	619_633;118_633;118_619
3979	118_488;144_488;118_144
3980	118_546;144_546;118_144
3981	118_206;149_206;118_149
3982	118_176;176_223;118_223
3983	98_619;98_118;118_619
3984	118_876;296_876;118_296
3985	296_866;144_866;144_296
3986	144_511;118_511;118_144
3987	144_472;118_472;118_144
3988	144_652;652_994;144_994
3989	144_1030;333_1030;144_333
3990	144_505;505_619;144_619
3991	921_994;619_921;619_994
3992	97_619;97_118;118_619
3993	724_996;619_724;619_996
3994	118_999;296_999;118_296
3995	889_996;619_889;619_996
3996	118_990;488_990;118_488
3997	273_488;144_273;144_488
3998	318_1043;144_1043;144_318
3999	572_619;423_572;423_619
4000	619_736;98_736;98_619
4001	175_318;144_175;144_318
4002	144_294;118_294;118_144
4003	118_1021;886_1021;118_886
4004	296_388;388_866;296_866
4005	144_345;345_776;144_776
4006	144_235;235_333;144_333
4007	144_958;776_958;144_776
4008	144_761;118_761;118_144
4009	38_681;38_619;619_681
4010	118_483;483_999;118_999
4011	459_619;118_459;118_619
4012	619_900;97_900;97_619
4013	619_938;118_938;118_619
4014	570_619;423_570;423_619
4015	144_928;118_928;118_144
4016	144_357;357_776;144_776
4017	144_566;566_652;144_652
4018	157_619;98_157;98_619
4019	118_1049;144_1049;118_144
4020	118_1053;149_1053;118_149
4021	144_1038;996_1038;144_996
4022	118_306;306_990;118_990
4023	144_172;172_619;144_619
4024	144_251;251_994;144_994
4025	144_581;581_994;144_994
4026	150_619;150_572;572_619
4027	32_118;32_176;118_176
4028	619_885;322_885;322_619
4029	118_883;546_883;118_546
4030	149_578;144_578;144_149
4031	157_1025;98_1025;98_157
4032	118_147;147_176;118_176
4033	144_1041;477_1041;144_477
4034	423_589;118_589;118_423
4035	118_497;144_497;118_144
4036	144_752;752_928;144_928
4037	658_776;619_658;619_776
4038	296_1022;144_1022;144_296
4039	118_915;915_1014;118_1014
4040	118_254;149_254;118_149
4041	390_990;390_488;488_990
4042	47_1021;47_886;886_1021
4043	690_866;144_690;144_866
4044	118_968;318_968;118_318
4045	6_264;6_144;144_264
4046	2_886;2_223;223_886
4047	144_338;338_619;144_619
4048	144_1057;619_1057;144_619
4049	176_954;223_954;176_223
4050	144_569;118_569;118_144
4051	223_693;144_693;144_223
4052	144_530;511_530;144_511
4053	987_994;619_987;619_994
4054	144_178;178_477;144_477
4055	144_457;457_619;144_619
4056	130_144;130_996;144_996
4057	144_145;145_752;144_752
4058	144_547;547_994;144_994
4059	144_1054;566_1054;144_566
4060	548_619;423_548;423_619
4061	445_996;445_619;619_996
4062	71_619;71_150;150_619
4063	144_1042;994_1042;144_994
4064	322_665;118_665;118_322
4065	597_619;423_597;423_619
4066	557_619;423_557;423_619
4067	322_769;118_769;118_322
4068	118_669;483_669;118_483
4069	619_663;322_663;322_619
4070	118_167;167_306;118_306
4071	118_1071;149_1071;118_149
4072	118_685;149_685;118_149
4073	98_617;118_617;98_118
4074	776_793;619_793;619_776
4075	118_906;306_906;118_306
4076	607_619;607_633;619_633
4077	509_619;322_509;322_619
4078	440_886;223_440;223_886
4079	118_396;144_396;118_144
4080	263_423;263_589;423_589
4081	118_611;318_611;118_318
4082	118_605;605_1021;118_1021
4083	144_392;235_392;144_235
4084	568_990;488_568;488_990
4085	223_298;144_298;144_223
4086	144_173;173_472;144_472
4087	687_990;390_687;390_990
4088	653_990;488_653;488_990
4089	144_212;212_357;144_357
4090	118_881;881_1053;118_1053
4091	223_405;144_405;144_223
4092	302_652;302_994;652_994
4093	438_589;118_438;118_589
4094	144_1001;1001_1038;144_1038
4095	118_466;306_466;118_306
4096	118_919;206_919;118_206
4097	144_371;371_829;144_829
4098	70_996;70_724;724_996
4099	118_399;206_399;118_206
4100	144_827;472_827;144_472
4101	488_888;144_888;144_488
4102	118_798;798_915;118_915
4103	776_847;619_847;619_776
4104	306_748;748_990;306_990
4105	28_1038;28_996;996_1038
4106	144_670;670_1036;144_1036
4107	144_217;217_619;144_619
4108	118_768;144_768;118_144
4109	1_144;1_457;144_457
4110	306_806;806_990;306_990
4111	517_1038;517_996;996_1038
4112	619_680;572_680;572_619
4113	64_994;64_619;619_994
4114	619_834;736_834;619_736
4115	355_619;98_355;98_619
4116	144_482;472_482;144_472
4117	619_1064;736_1064;619_736
4118	333_439;439_994;333_994
4119	144_272;272_994;144_994
4120	501_829;118_501;118_829
4121	147_934;176_934;147_176
4122	776_930;658_930;658_776
4123	699_1014;144_699;144_1014
4124	408_1014;144_408;144_1014
4125	144_378;145_378;144_145
4126	23_118;23_685;118_685
4127	551_619;551_885;619_885
4128	149_909;144_909;144_149
4129	619_714;714_938;619_938
4130	342_619;342_423;423_619
4131	370_619;150_370;150_619
4132	149_590;144_590;144_149
4133	571_619;571_572;572_619
4134	98_973;118_973;98_118
4135	118_644;318_644;118_318
4136	36_423;36_118;118_423
4137	423_639;589_639;423_589
4138	582_693;144_582;144_693
4139	118_1033;206_1033;118_206
4140	118_293;293_876;118_876
4141	472_1002;118_1002;118_472
4142	736_1027;98_1027;98_736
4143	423_986;118_986;118_423
4144	144_455;455_1041;144_1041
4145	443_589;118_443;118_589
4146	53_423;53_118;118_423
4147	423_838;589_838;423_589
4148	144_723;477_723;144_477
4149	118_549;306_549;118_306
4150	423_444;118_444;118_423
4151	633_931;118_931;118_633
4152	118_424;424_999;118_999
4153	118_278;278_488;118_488
4154	118_520;520_919;118_919
4155	114_572;114_423;423_572
4156	111_589;111_118;118_589
4157	512_572;423_512;423_572
4158	62_118;62_306;118_306
4159	118_790;149_790;118_149
4160	46_118;32_46;32_118
4161	118_224;224_999;118_999
4162	118_926;483_926;118_483
4163	118_478;478_906;118_906
4164	297_477;118_297;118_477
4165	70_788;724_788;70_724
4166	118_249;167_249;118_167
4167	681_794;619_794;619_681
4168	2_453;223_453;2_223
4169	168_619;168_355;355_619
4170	165_886;165_440;440_886
4171	118_1032;167_1032;118_167
4172	118_539;539_990;118_990
4173	47_536;536_886;47_886
4174	206_239;149_239;149_206
4175	193_866;144_193;144_866
4176	79_1014;79_144;144_1014
4177	149_1067;578_1067;149_578
4178	149_684;578_684;149_578
4179	462_619;157_462;157_619
4180	428_619;428_570;570_619
4181	227_296;227_866;296_866
4182	16_619;16_900;619_900
4183	267_693;144_267;144_693
4184	144_534;534_1038;144_1038
4185	223_1011;144_1011;144_223
4186	144_823;823_1030;144_1030
4187	144_961;333_961;144_333
4188	693_784;144_784;144_693
4189	118_404;404_990;118_990
4190	144_383;383_958;144_958
4191	144_904;530_904;144_530
4192	118_601;296_601;118_296
4193	144_240;240_378;144_378
4194	144_565;294_565;144_294
4195	144_321;321_1001;144_1001
4196	18_619;18_736;619_736
4197	118_977;483_977;118_483
4198	144_369;369_472;144_472
4199	108_144;108_581;144_581
4200	619_642;423_642;423_619
4201	472_640;118_640;118_472
4202	118_521;488_521;118_488
4203	144_292;292_1038;144_1038
4204	135_333;135_994;333_994
4205	318_851;851_1043;318_1043
4206	142_144;142_581;144_581
4207	123_994;123_619;619_994
4208	357_1037;776_1037;357_776
4209	637_994;637_681;681_994
4210	150_626;572_626;150_572
4211	118_288;288_883;118_883
4212	57_1038;57_517;517_1038
4213	150_414;414_572;150_572
4214	358_619;358_607;607_619
4215	185_619;185_633;619_633
4216	201_619;97_201;97_619
4217	651_996;619_651;619_996
4218	713_996;713_889;889_996
4219	552_996;552_619;619_996
4220	296_314;144_314;144_296
4221	119_996;119_619;619_996
4222	553_994;553_987;987_994
4223	431_996;431_889;889_996
4224	61_296;61_1022;296_1022
4225	606_619;606_714;619_714
4226	144_600;235_600;144_235
4227	347_619;347_459;459_619
4228	256_889;256_619;619_889
4229	619_810;572_810;572_619
4230	144_391;172_391;144_172
4231	356_994;268_356;268_994
4232	118_629;478_629;118_478
4233	86_889;86_619;619_889
4234	97_283;118_283;97_118
4235	284_619;284_551;551_619
4236	118_849;849_968;118_968
4237	150_187;187_572;150_572
4238	98_1051;617_1051;98_617
4239	98_608;118_608;98_118
4240	98_545;118_545;98_118
4241	66_994;66_637;637_994
4242	118_815;815_919;118_919
4243	223_717;144_717;144_223
4244	118_715;206_715;118_206
4245	118_398;23_398;23_118
4246	397_572;397_423;423_572
4247	118_374;374_999;118_999
4248	118_361;361_1071;118_1071
4249	118_343;343_483;118_483
4250	589_809;118_809;118_589
4251	144_1065;472_1065;144_472
4252	619_1015;355_1015;355_619
4253	118_997;883_997;118_883
4254	96_619;96_462;462_619
4255	572_969;114_969;114_572
4256	144_352;352_482;144_482
4257	43_144;43_723;144_723
4258	235_1056;333_1056;235_333
4259	410_439;410_994;439_994
4260	488_1062;144_1062;144_488
4261	167_373;306_373;167_306
4262	306_336;336_748;306_748
4263	118_1026;249_1026;118_249
4264	843_990;488_843;488_990
4265	103_144;103_600;144_600
4266	144_655;655_823;144_823
4267	712_954;223_712;223_954
4268	223_541;298_541;223_298
4269	118_630;630_768;118_768
4270	181_223;144_181;144_223
4271	118_1010;62_1010;62_118
4272	1020_1030;333_1020;333_1030
4273	118_1018;999_1018;118_999
4274	62_1013;306_1013;62_306
4275	62_215;215_306;62_306
4276	132_144;132_600;144_600
4277	223_929;693_929;223_693
4278	223_925;144_925;144_223
4279	118_981;520_981;118_520
4280	567_748;567_990;748_990
4281	159_748;159_990;748_990
4282	118_555;555_1032;118_1032
4283	118_896;176_896;118_176
4284	702_996;702_724;724_996
4285	118_796;144_796;118_144
4286	511_533;118_533;118_511
4287	296_759;759_866;296_866
4288	472_587;587_1002;472_1002
4289	98_310;310_617;98_617
4290	244_619;244_606;606_619
4291	144_874;235_874;144_235
4292	118_171;171_306;118_306
4293	5_223;5_693;223_693
4294	118_609;609_768;118_768
4295	340_823;340_1030;823_1030
4296	606_650;650_714;606_714
4297	144_616;43_616;43_144
4298	144_840;240_840;144_240
4299	144_760;457_760;144_457
4300	383_1063;958_1063;383_958
4301	144_912;294_912;144_294
4302	62_791;306_791;62_306
4303	75_144;75_600;144_600
4304	48_118;32_48;32_118
4305	118_936;288_936;118_288
4306	780_994;681_780;681_994
4307	619_734;342_734;342_619
4308	972_990;488_972;488_990
4309	158_619;158_322;322_619
4310	118_480;480_1033;118_1033
4311	992_994;681_992;681_994
4312	619_991;938_991;619_938
4313	619_948;938_948;619_938
4314	619_872;370_872;370_619
4315	775_994;637_775;637_994
4316	36_615;118_615;36_118
4317	497_950;144_950;144_497
4318	91_144;91_477;144_477
4319	144_1052;212_1052;144_212
4320	36_262;262_615;36_615
4321	144_817;352_817;144_352
4322	619_802;802_1015;619_1015
4323	144_767;767_961;144_961
4324	118_412;412_798;118_798
4325	144_380;380_511;144_511
4326	118_479;293_479;118_293
4327	144_1058;566_1058;144_566
4328	306_334;334_748;306_748
4329	311_954;223_311;223_954
4330	480_1017;1017_1033;480_1033
4331	118_821;48_821;48_118
4332	32_1009;176_1009;32_176
4333	144_859;859_1038;144_1038
4334	144_801;569_801;144_569
4335	144_516;91_516;91_144
4336	144_782;782_1038;144_1038
4337	448_477;118_448;118_477
4338	517_679;679_996;517_996
4339	106_619;106_244;244_619
4340	339_619;339_557;557_619
4341	327_619;327_663;619_663
4342	92_118;92_249;118_249
4343	118_807;147_807;118_147
4344	118_779;601_779;118_601
4345	118_151;151_296;118_296
