cycle_id	edges
0	0_2;1_2;0_1
1	0_3;1_3;0_1
2	0_4;1_4;0_1
3	0_5;1_5;0_1
4	0_6;1_6;0_1
5	1_7;0_7;0_1
6	1_8;0_8;0_1
7	1_9;0_9;0_1
8	1_10;0_10;0_1
9	0_11;5_11;0_5
10	1_12;0_12;0_1
11	0_13;1_13;0_1
12	0_14;2_14;0_2
13	1_15;8_15;1_8
14	1_16;0_16;0_1
15	5_17;1_17;1_5
16	6_18;1_18;1_6
17	1_19;0_19;0_1
18	9_20;0_20;0_9
19	0_21;1_21;0_1
20	2_22;1_22;1_2
21	0_23;3_23;0_3
22	0_24;1_24;0_1
23	0_25;13_25;0_13
24	1_26;16_26;1_16
25	3_27;1_27;1_3
26	12_28;0_28;0_12
27	0_29;6_29;0_6
28	0_30;6_30;0_6
29	1_31;16_31;1_16
30	6_32;1_32;1_6
31	8_33;0_33;0_8
32	1_34;10_34;1_10
33	1_35;0_35;0_1
34	0_36;23_36;0_23
35	0_37;6_37;0_6
36	1_38;12_38;1_12
37	1_39;16_39;1_16
38	1_40;12_40;1_12
39	7_41;0_41;0_7
40	0_42;6_42;0_6
41	0_43;11_43;0_11
42	19_44;0_44;0_19
43	1_45;0_45;0_1
44	0_46;21_46;0_21
45	1_47;0_47;0_1
46	1_48;16_48;1_16
47	0_49;29_49;0_29
48	1_50;10_50;1_10
49	0_51;24_51;0_24
50	8_52;0_52;0_8
51	0_53;1_53;0_1
52	10_54;0_54;0_10
53	24_55;1_55;1_24
54	11_56;5_56;5_11
55	16_57;0_57;0_16
56	0_58;23_58;0_23
57	16_59;0_59;0_16
58	16_60;0_60;0_16
59	0_61;21_61;0_21
60	11_62;5_62;5_11
61	0_63;36_63;0_36
62	0_64;2_64;0_2
63	0_65;1_65;0_1
64	1_66;7_66;1_7
65	1_67;16_67;1_16
66	1_68;8_68;1_8
67	1_69;0_69;0_1
68	48_70;16_70;16_48
69	1_71;10_71;1_10
70	1_72;10_72;1_10
71	0_73;11_73;0_11
72	10_74;0_74;0_10
73	1_75;10_75;1_10
74	1_76;38_76;1_38
75	0_77;29_77;0_29
76	1_78;31_78;1_31
77	1_79;39_79;1_39
78	35_80;0_80;0_35
79	35_81;0_81;0_35
80	0_82;1_82;0_1
81	0_83;42_83;0_42
82	10_84;54_84;10_54
83	1_85;26_85;1_26
84	1_86;7_86;1_7
85	0_87;64_87;0_64
86	7_88;41_88;7_41
87	0_89;37_89;0_37
88	0_90;23_90;0_23
89	1_91;67_91;1_67
90	1_92;8_92;1_8
91	0_93;6_93;0_6
92	1_94;35_94;1_35
93	1_95;26_95;1_26
94	0_96;4_96;0_4
95	53_97;1_97;1_53
96	0_98;1_98;0_1
97	0_99;36_99;0_36
98	35_100;80_100;35_80
99	8_101;33_101;8_33
100	1_102;15_102;1_15
101	1_103;19_103;1_19
102	16_104;57_104;16_57
103	0_105;36_105;0_36
104	8_106;0_106;0_8
105	0_107;36_107;0_36
106	0_108;2_108;0_2
107	0_109;3_109;0_3
108	0_110;58_110;0_58
109	1_111;26_111;1_26
110	12_112;0_112;0_12
111	1_113;35_113;1_35
112	1_114;39_114;1_39
113	0_115;11_115;0_11
114	0_116;49_116;0_49
115	16_117;57_117;16_57
116	0_118;108_118;0_108
117	36_119;23_119;23_36
118	0_120;83_120;0_83
119	23_121;3_121;3_23
120	0_122;1_122;0_1
121	0_123;77_123;0_77
122	1_124;91_124;1_91
123	6_125;1_125;1_6
124	10_126;54_126;10_54
125	1_127;103_127;1_103
126	42_128;6_128;6_42
127	13_129;1_129;1_13
128	16_130;0_130;0_16
129	16_131;60_131;16_60
130	1_132;7_132;1_7
131	6_133;1_133;1_6
132	1_134;8_134;1_8
133	1_135;94_135;1_94
134	57_136;0_136;0_57
135	36_137;23_137;23_36
136	23_138;121_138;23_121
137	12_139;112_139;12_112
138	23_140;121_140;23_121
139	0_141;24_141;0_24
140	1_142;127_142;1_127
141	1_143;47_143;1_47
142	7_144;0_144;0_7
143	1_145;50_145;1_50
144	121_146;3_146;3_121
145	7_147;41_147;7_41
146	41_148;0_148;0_41
147	108_149;2_149;2_108
148	16_150;57_150;16_57
149	0_151;21_151;0_21
150	0_152;122_152;0_122
151	1_153;67_153;1_67
152	1_154;102_154;1_102
153	1_155;79_155;1_79
154	1_156;102_156;1_102
155	54_157;0_157;0_54
156	1_158;12_158;1_12
157	0_159;107_159;0_107
158	39_160;16_160;16_39
159	1_161;26_161;1_26
160	1_162;50_162;1_50
161	0_163;42_163;0_42
162	49_164;29_164;29_49
163	0_165;90_165;0_90
164	29_166;6_166;6_29
165	121_167;146_167;121_146
166	29_168;6_168;6_29
167	38_169;12_169;12_38
168	102_170;15_170;15_102
169	28_171;0_171;0_28
170	3_172;1_172;1_3
171	1_173;102_173;1_102
172	1_174;10_174;1_10
173	1_175;15_175;1_15
174	1_176;91_176;1_91
175	0_177;107_177;0_107
176	102_178;15_178;15_102
177	102_179;170_179;102_170
178	6_180;125_180;6_125
179	0_181;93_181;0_93
180	0_182;5_182;0_5
181	0_183;99_183;0_99
182	0_184;49_184;0_49
183	0_185;98_185;0_98
184	5_186;17_186;5_17
185	0_187;46_187;0_46
186	0_188;115_188;0_115
187	0_189;63_189;0_63
188	169_190;12_190;12_169
189	23_191;140_191;23_140
190	65_192;1_192;1_65
191	1_193;145_193;1_145
192	0_194;105_194;0_105
193	23_195;121_195;23_121
194	0_196;110_196;0_110
195	5_197;1_197;1_5
196	112_198;0_198;0_112
197	1_199;175_199;1_175
198	1_200;15_200;1_15
199	1_201;153_201;1_153
200	1_202;8_202;1_8
201	1_203;176_203;1_176
202	49_204;29_204;29_49
203	29_205;6_205;6_29
204	35_206;0_206;0_35
205	16_207;104_207;16_104
206	0_208;163_208;0_163
207	16_209;0_209;0_16
208	0_210;123_210;0_123
209	0_211;13_211;0_13
210	0_212;64_212;0_64
211	130_213;0_213;0_130
212	0_214;115_214;0_115
213	0_215;24_215;0_24
214	0_216;3_216;0_3
215	16_217;131_217;16_131
216	1_218;175_218;1_175
217	0_219;93_219;0_93
218	1_220;38_220;1_38
219	6_221;32_221;6_32
220	16_222;117_222;16_117
221	0_223;122_223;0_122
222	0_224;93_224;0_93
223	1_225;114_225;1_114
224	125_226;1_226;1_125
225	38_227;12_227;12_38
226	1_228;220_228;1_220
227	42_229;6_229;6_42
228	1_230;85_230;1_85
229	23_231;121_231;23_121
230	1_232;7_232;1_7
231	93_233;6_233;6_93
232	57_234;0_234;0_57
233	1_235;113_235;1_113
234	35_236;100_236;35_100
235	1_237;34_237;1_34
236	6_238;32_238;6_32
237	0_239;116_239;0_116
238	35_240;81_240;35_81
239	1_241;40_241;1_40
240	35_242;81_242;35_81
241	6_243;32_243;6_32
242	6_244;32_244;6_32
243	6_245;125_245;6_125
244	6_246;125_246;6_125
245	32_247;1_247;1_32
246	27_248;1_248;1_27
247	125_249;1_249;1_125
248	36_250;119_250;36_119
249	12_251;139_251;12_139
250	110_252;58_252;58_110
251	7_253;144_253;7_144
252	19_254;0_254;0_19
253	0_255;65_255;0_65
254	0_256;210_256;0_210
255	0_257;141_257;0_141
256	5_258;17_258;5_17
257	141_259;24_259;24_141
258	1_260;241_260;1_241
259	0_261;159_261;0_159
260	1_262;124_262;1_124
261	0_263;58_263;0_58
262	248_264;1_264;1_248
263	1_265;40_265;1_40
264	26_266;16_266;16_26
265	107_267;36_267;36_107
266	26_268;16_268;16_26
267	16_269;131_269;16_131
268	36_270;23_270;23_36
269	16_271;59_271;16_59
270	36_272;23_272;23_36
271	0_273;77_273;0_77
272	8_274;52_274;8_52
273	0_275;37_275;0_37
274	23_276;121_276;23_121
275	0_277;5_277;0_5
276	0_278;110_278;0_110
277	29_279;6_279;6_29
278	1_280;237_280;1_237
279	168_281;6_281;6_168
280	6_282;1_282;1_6
281	0_283;216_283;0_216
282	23_284;191_284;23_191
283	1_285;142_285;1_142
284	77_286;29_286;29_77
285	1_287;145_287;1_145
286	0_288;187_288;0_187
287	1_289;135_289;1_135
288	7_290;144_290;7_144
289	0_291;82_291;0_82
290	29_292;205_292;29_205
291	0_293;177_293;0_177
292	40_294;12_294;12_40
293	135_295;94_295;94_135
294	24_296;1_296;1_24
295	35_297;100_297;35_100
296	23_298;3_298;3_23
297	122_299;1_299;1_122
298	1_300;199_300;1_199
299	23_301;191_301;23_191
300	121_302;3_302;3_121
301	1_303;154_303;1_154
302	1_304;202_304;1_202
303	0_305;257_305;0_257
304	58_306;23_306;23_58
305	210_307;123_307;123_210
306	23_308;140_308;23_140
307	58_309;23_309;23_58
308	1_310;193_310;1_193
309	36_311;23_311;23_36
310	77_312;286_312;77_286
311	121_313;146_313;121_146
312	77_314;286_314;77_286
313	77_315;286_315;77_286
314	23_316;140_316;23_140
315	286_317;29_317;29_286
316	1_318;260_318;1_260
317	138_319;121_319;121_138
318	1_320;103_320;1_103
319	1_321;75_321;1_75
320	3_322;1_322;1_3
321	140_323;121_323;121_140
322	8_324;52_324;8_52
323	1_325;103_325;1_103
324	3_326;1_326;1_3
325	6_327;221_327;6_221
326	8_328;106_328;8_106
327	52_329;0_329;0_52
328	106_330;0_330;0_106
329	54_331;157_331;54_157
330	0_332;37_332;0_37
331	0_333;53_333;0_53
332	3_334;326_334;3_326
333	47_335;0_335;0_47
334	136_336;0_336;0_136
335	103_337;19_337;19_103
336	0_338;223_338;0_223
337	1_339;310_339;1_310
338	1_340;280_340;1_280
339	1_341;142_341;1_142
340	1_342;174_342;1_174
341	1_343;176_343;1_176
342	0_344;212_344;0_212
343	0_345;177_345;0_177
344	1_346;201_346;1_201
345	1_347;143_347;1_143
346	16_348;57_348;16_57
347	160_349;16_349;16_160
348	200_350;15_350;15_200
349	16_351;57_351;16_57
350	16_352;60_352;16_60
351	296_353;1_353;1_296
352	296_354;1_354;1_296
353	0_355;58_355;0_58
354	1_356;289_356;1_289
355	60_357;0_357;0_60
356	200_358;15_358;15_200
357	1_359;79_359;1_79
358	1_360;134_360;1_134
359	0_361;181_361;0_181
360	0_362;288_362;0_288
361	70_200;15_70;15_200
362	1_363;304_363;1_304
363	0_364;3_364;0_3
364	0_365;189_365;0_189
365	19_366;0_366;0_19
366	126_367;54_367;54_126
367	3_368;172_368;3_172
368	107_369;36_369;36_107
369	79_370;39_370;39_79
370	1_371;304_371;1_304
371	1_372;289_372;1_289
372	43_373;11_373;11_43
373	1_374;45_374;1_45
374	1_375;287_375;1_287
375	177_376;107_376;107_177
376	193_377;145_377;145_193
377	115_378;11_378;11_115
378	343_379;176_379;176_343
379	32_380;1_380;1_32
380	1_381;94_381;1_94
381	310_382;193_382;193_310
382	107_383;369_383;107_369
383	11_384;62_384;11_62
384	11_385;62_385;11_62
385	75_386;10_386;10_75
386	0_387;188_387;0_188
387	10_388;74_388;10_74
388	0_389;182_389;0_182
389	172_390;1_390;1_172
390	353_391;1_391;1_353
391	0_392;332_392;0_332
392	0_393;183_393;0_183
393	187_394;46_394;46_187
394	74_395;0_395;0_74
395	0_396;255_396;0_255
396	42_397;128_397;42_128
397	1_398;161_398;1_161
398	46_399;21_399;21_46
399	91_400;67_400;67_91
400	322_401;1_401;1_322
401	10_402;126_402;10_126
402	3_403;172_403;3_172
403	21_404;1_404;1_21
404	180_405;125_405;125_180
405	1_406;86_406;1_86
406	1_407;75_407;1_75
407	0_408;261_408;0_261
408	0_409;159_409;0_159
409	86_410;7_410;7_86
410	1_411;9_411;1_9
411	172_412;1_412;1_172
412	1_413;262_413;1_262
413	59_414;0_414;0_59
414	15_415;8_415;8_15
415	59_416;0_416;0_59
416	15_417;8_417;8_15
417	247_418;1_418;1_247
418	1_419;360_419;1_360
419	1_420;320_420;1_320
420	0_421;387_421;0_387
421	1_422;359_422;1_359
422	0_423;24_423;0_24
423	74_424;0_424;0_74
424	0_425;96_425;0_96
425	57_426;136_426;57_136
426	0_427;24_427;0_24
427	175_428;15_428;15_175
428	386_429;10_429;10_386
429	0_430;163_430;0_163
430	0_431;182_431;0_182
431	0_432;212_432;0_212
432	261_433;159_433;159_261
433	377_434;145_434;145_377
434	175_435;15_435;15_175
435	359_436;79_436;79_359
436	8_437;52_437;8_52
437	10_438;74_438;10_74
438	0_439;64_439;0_64
439	0_440;293_440;0_293
440	233_441;6_441;6_233
441	36_442;23_442;23_36
442	6_443;246_443;6_246
443	383_444;369_444;369_383
444	36_445;23_445;23_36
445	23_446;301_446;23_301
446	383_447;444_447;383_444
447	58_448;23_448;23_58
448	58_449;306_449;58_306
449	36_450;442_450;36_442
450	0_451;362_451;0_362
451	322_452;1_452;1_322
452	3_55;55_172;3_172
453	146_453;3_453;3_146
454	3_454;27_454;3_27
455	140_455;121_455;121_140
456	121_456;167_456;121_167
457	26_457;16_457;16_26
458	3_458;27_458;3_27
459	57_459;0_459;0_57
460	172_460;1_460;1_172
461	57_461;136_461;57_136
462	1_462;371_462;1_371
463	136_463;336_463;136_336
464	0_464;389_464;0_389
465	6_465;282_465;6_282
466	6_466;246_466;6_246
467	32_198;198_380;32_380
468	62_467;5_467;5_62
469	159_468;107_468;107_159
470	125_469;226_469;125_226
471	23_204;204_446;23_446
472	23_190;190_231;23_231
473	0_470;110_470;0_110
474	177_471;107_471;107_177
475	146_472;3_472;3_146
476	84_107;36_84;36_107
477	3_473;172_473;3_172
478	23_164;164_276;23_276
479	149_198;149_380;198_380
480	36_171;119_171;36_119
481	23_474;140_474;23_140
482	172_475;1_475;1_172
483	121_476;3_476;3_121
484	140_477;121_477;121_140
485	121_478;146_478;121_146
486	121_479;146_479;121_146
487	10_480;126_480;10_126
488	57_481;461_481;57_461
489	55_482;172_482;55_172
490	0_483;1_483;0_1
491	146_484;3_484;3_146
492	461_485;136_485;136_461
493	0_486;210_486;0_210
494	146_487;3_487;3_146
495	146_488;472_488;146_472
496	3_489;322_489;3_322
497	3_490;55_490;3_55
498	51_177;51_376;177_376
499	3_491;172_491;3_172
500	0_492;37_492;0_37
501	453_493;3_493;3_453
502	3_494;368_494;3_368
503	177_495;376_495;177_376
504	336_496;0_496;0_336
505	336_497;0_497;0_336
506	61_172;1_61;1_172
507	123_498;77_498;77_123
508	55_499;482_499;55_482
509	172_500;460_500;172_460
510	172_501;390_501;172_390
511	101_158;12_101;12_158
512	97_172;97_390;172_390
513	172_502;475_502;172_475
514	77_503;286_503;77_286
515	1_504;287_504;1_287
516	1_505;103_505;1_103
517	172_227;227_412;172_412
518	73_359;73_79;79_359
519	1_506;79_506;1_79
520	0_507;387_507;0_387
521	296_508;354_508;296_354
522	264_509;1_509;1_264
523	0_510;451_510;0_451
524	1_511;343_511;1_343
525	475_512;1_512;1_475
526	19_513;44_513;19_44
527	1_514;363_514;1_363
528	1_515;94_515;1_94
529	145_516;50_516;50_145
530	192_341;142_192;142_341
531	142_517;127_517;127_142
532	0_518;389_518;0_389
533	0_169;169_344;0_344
534	0_147;120_147;0_120
535	0_170;170_423;0_423
536	0_519;182_519;0_182
537	0_520;483_520;0_483
538	0_521;345_521;0_345
539	0_522;210_522;0_210
540	0_178;178_182;0_182
541	0_30;30_389;0_389
542	213_395;0_213;0_395
543	25_299;1_25;1_299
544	395_523;0_523;0_395
545	72_136;72_336;136_336
546	1_524;173_524;1_173
547	1_85;85_406;1_406
548	0_525;24_525;0_24
549	0_526;345_526;0_345
550	107_112;112_267;107_267
551	0_206;206_210;0_210
552	54_527;157_527;54_157
553	1_139;139_524;1_524
554	1_294;294_371;1_371
555	0_242;110_242;0_110
556	1_281;281_504;1_504
557	0_14;14_96;0_96
558	22_528;1_528;1_22
559	54_529;157_529;54_157
560	1_530;135_530;1_135
561	1_319;161_319;1_161
562	10_531;74_531;10_74
563	0_87;87_409;0_409
564	1_532;511_532;1_511
565	210_533;123_533;123_210
566	54_534;331_534;54_331
567	388_535;74_535;74_388
568	0_536;90_536;0_90
569	157_537;0_537;0_157
570	123_538;77_538;77_123
571	126_539;367_539;126_367
572	77_540;503_540;77_503
573	0_541;64_541;0_64
574	0_542;492_542;0_492
575	0_543;389_543;0_389
576	0_544;440_544;0_440
577	287_545;145_545;145_287
578	0_546;116_546;0_116
579	266_466;246_266;246_466
580	1_209;69_209;1_69
581	81_198;81_380;198_380
582	1_236;236_524;1_524
583	295_310;193_295;193_310
584	1_113;86_113;1_86
585	1_234;234_530;1_530
586	63_247;63_418;247_418
587	56_287;56_145;145_287
588	418_547;1_547;1_418
589	238_371;238_304;304_371
590	52_548;0_548;0_52
591	1_549;341_549;1_341
592	8_550;328_550;8_328
593	1_551;524_551;1_524
594	8_552;437_552;8_437
595	0_553;2_553;0_2
596	437_554;52_554;52_437
597	145_555;50_555;50_145
598	437_556;52_556;52_437
599	10_557;74_557;10_74
600	428_558;15_558;15_428
601	10_559;54_559;10_54
602	52_560;548_560;52_548
603	10_561;74_561;10_74
604	52_562;329_562;52_329
605	15_563;8_563;8_15
606	54_564;157_564;54_157
607	304_565;202_565;202_304
608	6_566;327_566;6_327
609	0_567;392_567;0_392
610	0_148;148_543;0_543
611	42_568;6_568;6_42
612	0_569;526_569;0_526
613	328_570;106_570;106_328
614	1_571;19_571;1_19
615	202_572;8_572;8_202
616	0_184;184_389;0_389
617	48_328;48_106;106_328
618	0_573;423_573;0_423
619	0_185;185_392;0_392
620	0_156;64_156;0_64
621	6_574;1_574;1_6
622	106_575;0_575;0_106
623	52_576;0_576;0_52
624	32_577;1_577;1_32
625	0_578;116_578;0_116
626	0_579;553_579;0_553
627	182_580;5_580;5_182
628	0_581;90_581;0_90
629	55_582;499_582;55_499
630	6_583;246_583;6_246
631	1_249;45_249;1_45
632	0_240;240_464;0_464
633	175_584;15_584;15_175
634	0_585;87_585;0_87
635	1_586;135_586;1_135
636	569_587;526_587;526_569
637	327_588;221_588;221_327
638	203_221;32_203;32_221
639	451_589;362_589;362_451
640	145_590;516_590;145_516
641	49_417;8_49;8_417
642	60_591;357_591;60_357
643	1_592;95_592;1_95
644	23_593;316_593;23_316
645	64_594;2_594;2_64
646	1_595;511_595;1_511
647	32_596;247_596;32_247
648	8_597;550_597;8_550
649	8_598;437_598;8_437
650	345_599;177_599;177_345
651	198_600;380_600;198_380
652	6_601;221_601;6_221
653	409_602;159_602;159_409
654	8_603;328_603;8_328
655	549_604;341_604;341_549
656	2_271;22_271;2_22
657	335_550;328_335;328_550
658	1_309;309_551;1_551
659	171_216;119_216;119_171
660	162_328;106_162;106_328
661	253_316;140_253;140_316
662	16_269;269_352;16_352
663	53_507;53_387;387_507
664	175_605;428_605;175_428
665	225_524;173_225;173_524
666	328_606;570_606;328_570
667	140_607;477_607;140_477
668	352_608;60_608;60_352
669	19_609;44_609;19_44
670	173_610;102_610;102_173
671	19_611;0_611;0_19
672	352_612;60_612;60_352
673	121_239;167_239;121_167
674	115_235;11_235;11_115
675	3_613;326_613;3_326
676	477_614;121_614;121_477
677	284_290;144_284;144_290
678	3_615;490_615;3_490
679	136_616;463_616;136_463
680	1_617;300_617;1_300
681	3_373;326_373;3_326
682	0_315;90_315;0_90
683	0_314;314_544;0_544
684	167_312;146_312;146_167
685	229_336;229_496;336_496
686	45_243;0_243;0_45
687	36_168;168_270;36_270
688	0_47;47_182;0_182
689	137_362;137_288;288_362
690	23_31;3_31;3_23
691	1_323;323_511;1_511
692	173_311;102_311;102_173
693	129_326;1_129;1_326
694	1_268;19_268;1_19
695	346_618;201_618;201_346
696	1_619;346_619;1_346
697	1_237;237_511;1_511
698	0_214;214_464;0_464
699	4_441;1_441;1_4
700	0_405;405_542;0_542
701	1_88;88_549;1_549
702	1_283;283_309;1_309
703	0_358;358_464;0_464
704	23_324;316_324;23_316
705	273_467;5_273;5_467
706	5_20;20_186;5_186
707	23_230;230_316;23_316
708	23_76;76_190;23_190
709	1_141;68_141;1_68
710	1_70;70_176;1_176
711	1_429;85_429;1_85
712	280_572;8_280;8_572
713	1_259;259_571;1_571
714	1_308;308_511;1_511
715	1_334;154_334;1_154
716	1_278;268_278;1_268
717	140_219;121_219;121_140
718	1_133;34_133;1_34
719	111_328;111_570;328_570
720	0_66;66_541;0_541
721	19_257;257_366;19_366
722	19_208;208_366;19_366
723	19_404;0_404;0_19
724	5_399;17_399;5_17
725	1_391;391_551;1_551
726	5_318;1_318;1_5
727	5_306;20_306;5_20
728	1_155;155_504;1_504
729	92_343;92_176;176_343
730	343_394;176_394;176_343
731	0_325;325_423;0_423
732	80_330;0_330;0_80
733	0_205;118_205;0_118
734	98_182;5_98;5_182
735	59_138;138_414;59_414
736	16_189;57_189;16_57
737	59_382;138_382;59_138
738	449_567;392_449;392_567
739	386_463;336_386;336_463
740	0_435;37_435;0_37
741	127_292;103_292;103_127
742	103_448;19_448;19_103
743	241_389;182_241;182_389
744	263_366;0_263;0_366
745	0_143;143_544;0_544
746	0_410;410_553;0_553
747	0_415;277_415;0_277
748	0_279;279_553;0_553
749	0_379;118_379;0_118
750	101_389;101_182;182_389
751	7_452;290_452;7_290
752	1_337;337_619;1_619
753	5_433;1_433;1_5
754	1_233;233_592;1_592
755	86_191;7_191;7_86
756	85_350;350_406;85_406
757	0_65;65_464;0_464
758	102_493;15_493;15_102
759	15_485;417_485;15_417
760	22_455;455_528;22_528
761	0_445;205_445;0_205
762	15_620;417_620;15_417
763	8_512;33_512;8_33
764	438_528;1_438;1_528
765	144_356;0_356;0_144
766	291_466;266_291;266_466
767	0_621;389_621;0_389
768	0_355;355_464;0_464
769	232_266;232_246;246_266
770	57_444;136_444;57_136
771	106_443;443_575;106_575
772	361_398;161_361;161_398
773	333_398;161_333;161_398
774	0_365;279_365;0_279
775	118_339;108_339;108_118
776	205_282;118_282;118_205
777	52_274;0_274;0_52
778	1_180;180_209;1_209
779	1_166;15_166;1_15
780	570_622;106_622;106_570
781	0_623;205_623;0_205
782	366_624;0_624;0_366
783	44_471;0_471;0_44
784	446_575;0_446;0_575
785	0_78;78_143;0_143
786	0_375;64_375;0_64
787	0_374;23_374;0_23
788	2_73;22_73;2_22
789	9_15;8_9;8_15
790	1_625;323_625;1_323
791	0_626;169_626;0_169
792	108_627;2_627;2_108
793	1_628;398_628;1_398
794	218_406;86_218;86_406
795	406_629;86_629;86_406
796	553_630;2_630;2_553
797	389_631;241_631;241_389
798	0_632;277_632;0_277
799	0_447;355_447;0_355
800	22_347;1_347;1_22
801	22_211;211_528;22_528
802	389_633;182_633;182_389
803	434_528;434_438;438_528
804	403_528;1_403;1_528
805	1_252;252_321;1_321
806	1_509;321_509;1_321
807	1_340;175_340;1_175
808	1_634;341_634;1_341
809	5_635;1_635;1_5
810	142_396;127_396;127_142
811	1_256;256_628;1_628
812	341_407;142_407;142_341
813	15_255;255_417;15_417
814	0_109;109_358;0_358
815	58_103;19_58;19_103
816	0_488;392_488;0_392
817	186_431;17_431;17_186
818	1_430;180_430;1_180
819	1_317;180_317;1_180
820	1_305;233_305;1_233
821	341_508;192_508;192_341
822	74_295;295_395;74_395
823	0_497;374_497;0_374
824	0_390;277_390;0_277
825	21_478;1_478;1_21
826	145_377;377_590;145_590
827	1_473;287_473;1_287
828	321_474;75_474;75_321
829	313_479;146_313;146_479
830	0_411;355_411;0_355
831	1_540;422_540;1_422
832	50_602;10_602;10_50
833	26_84;84_457;26_457
834	10_220;220_402;10_402
835	195_400;67_195;67_400
836	16_538;189_538;16_189
837	59_458;382_458;59_382
838	2_600;73_600;2_73
839	138_599;414_599;138_414
840	513_632;277_513;277_632
841	0_539;375_539;0_375
842	354_412;1_412;1_354
843	1_216;216_625;1_625
844	281_535;504_535;281_504
845	7_537;290_537;7_290
846	0_286;122_286;0_122
847	395_558;213_558;213_395
848	7_527;290_527;7_290
849	132_457;16_132;16_457
850	54_123;123_529;54_529
851	0_77;77_205;0_205
852	110_213;0_110;0_213
853	144_243;0_243;0_144
854	0_503;90_503;0_90
855	0_587;573_587;0_573
856	27_144;27_356;144_356
857	0_360;360_390;0_390
858	0_498;37_498;0_37
859	0_381;4_381;0_4
860	0_482;411_482;0_411
861	0_63;63_355;0_355
862	0_25;25_365;0_365
863	277_565;5_565;5_277
864	277_486;5_486;5_277
865	0_364;364_435;0_435
866	107_589;112_589;107_112
867	1_506;35_506;1_35
868	0_418;118_418;0_118
869	22_322;211_322;22_211
870	217_528;217_403;403_528
871	505_528;438_505;438_528
872	209_413;69_413;69_209
873	22_436;436_528;22_528
874	22_312;312_455;22_455
875	22_248;248_528;22_528
876	260_528;260_438;438_528
877	363_528;363_438;438_528
878	0_307;147_307;0_147
879	149_528;149_403;403_528
880	1_81;81_634;1_634
881	1_514;341_514;1_341
882	380_438;1_380;1_438
883	7_351;351_537;7_537
884	264_298;3_264;3_298
885	1_238;238_473;1_473
886	3_533;326_533;3_326
887	207_403;1_207;1_403
888	1_179;179_337;1_337
889	56_83;42_56;42_83
890	1_53;15_53;1_15
891	1_276;71_276;1_71
892	1_131;131_216;1_216
893	1_483;35_483;1_35
894	1_28;28_180;1_180
895	1_134;134_142;1_142
896	142_518;396_518;142_396
897	86_460;7_460;7_86
898	127_588;103_588;103_127
899	127_564;103_564;103_127
900	7_521;521_537;7_537
901	0_519;375_519;0_375
902	284_371;144_371;144_284
903	10_273;273_531;10_531
904	103_568;19_568;19_103
905	326_545;1_545;1_326
906	280_326;1_280;1_326
907	118_203;203_339;118_339
908	144_387;0_387;0_144
909	212_370;64_370;64_212
910	1_342;85_342;1_85
911	1_534;534_540;1_540
912	144_275;0_275;0_144
913	1_469;285_469;1_285
914	1_335;262_335;1_262
915	2_562;73_562;2_73
916	0_560;503_560;0_503
917	0_158;108_158;0_108
918	12_356;0_12;0_356
919	0_605;362_605;0_362
920	102_105;105_493;102_493
921	69_547;0_547;0_69
922	142_502;502_518;142_518
923	142_424;396_424;142_396
924	97_142;97_396;142_396
925	188_517;127_188;127_517
926	73_251;22_251;22_73
927	73_99;22_99;22_73
928	0_38;38_279;0_279
929	2_301;73_301;2_73
930	0_494;494_587;0_587
931	455_491;491_528;455_528
932	416_528;416_438;438_528
933	0_489;362_489;0_362
934	0_475;475_497;0_497
935	241_481;182_481;182_241
936	456_528;403_456;403_528
937	8_200;33_200;8_33
938	29_127;29_103;103_127
939	438_468;1_468;1_438
940	1_272;272_534;1_534
941	41_485;41_417;417_485
942	1_582;582_617;1_617
943	1_484;484_540;1_540
944	368_457;16_368;16_457
945	550_577;328_577;328_550
946	0_515;503_515;0_503
947	242_550;242_328;328_550
948	23_476;476_593;23_593
949	5_250;250_433;5_433
950	33_561;0_561;0_33
951	1_467;134_467;1_134
952	398_580;361_580;361_398
953	7_499;499_537;7_537
954	5_349;349_433;5_433
955	361_574;161_574;161_361
956	1_369;236_369;1_236
957	192_615;142_615;142_192
958	524_601;173_601;173_524
959	173_441;441_610;173_610
960	0_598;415_598;0_415
961	2_530;22_530;2_22
962	22_454;454_455;22_455
963	73_388;22_388;22_73
964	22_373;248_373;22_248
965	490_528;260_490;260_528
966	462_528;462_505;505_528
967	1_459;342_459;1_342
968	247_528;1_247;1_528
969	235_528;235_438;438_528
970	1_228;228_278;1_278
971	302_457;132_302;132_457
972	95_184;26_184;26_95
973	0_532;532_553;0_553
974	136_394;394_463;136_463
975	1_432;272_432;1_272
976	34_592;34_95;95_592
977	419_592;95_419;95_592
978	142_446;396_446;142_396
979	95_596;26_596;26_95
980	274_299;1_274;1_299
981	1_45;45_540;1_540
982	127_315;103_315;103_127
983	44_314;0_314;0_44
984	1_329;285_329;1_285
985	258_293;177_258;177_293
986	177_510;107_510;107_177
987	23_616;476_616;23_476
988	23_576;140_576;23_140
989	23_94;94_476;23_476
990	476_591;591_593;476_593
991	140_357;121_357;121_140
992	140_507;121_507;121_140
993	140_214;121_214;121_140
994	121_622;479_622;121_479
995	548_593;316_548;316_593
996	121_294;294_479;121_479
997	95_554;26_554;26_95
998	124_130;91_130;91_124
999	52_607;52_477;477_607
1000	142_556;446_556;142_446
1001	283_524;283_601;524_601
1002	0_606;261_606;0_261
1003	103_133;19_133;19_103
1004	44_525;0_525;0_44
1005	463_575;336_575;336_463
1006	232_336;229_232;229_336
1007	0_113;113_293;0_293
1008	2_451;451_562;2_562
1009	73_391;22_391;22_73
1010	111_140;111_121;121_140
1011	73_304;22_304;22_73
1012	153_355;153_464;355_464
1013	22_163;163_528;22_528
1014	107_230;230_589;107_589
1015	22_291;291_373;22_373
1016	2_350;271_350;2_271
1017	225_479;225_313;313_479
1018	2_114;22_114;2_22
1019	182_300;5_300;5_182
1020	162_313;146_162;146_313
1021	2_604;600_604;2_600
1022	313_471;146_471;146_313
1023	124_308;91_308;91_124
1024	150_455;150_528;455_528
1025	325_528;325_456;456_528
1026	259_528;247_259;247_528
1027	141_455;141_528;455_528
1028	70_455;70_491;455_491
1029	403_512;1_512;1_403
1030	26_40;40_84;26_84
1031	183_528;183_462;462_528
1032	1_443;161_443;1_161
1033	1_265;35_265;1_35
1034	1_197;85_197;1_85
1035	1_88;88_134;1_134
1036	1_13;13_329;1_329
1037	1_306;161_306;1_161
1038	438_603;380_603;380_438
1039	0_93;93_118;0_118
1040	192_611;142_611;142_192
1041	269_592;95_269;95_592
1042	9_192;9_615;192_615
1043	95_609;554_609;95_554
1044	26_597;84_597;26_84
1045	1_128;128_540;1_540
1046	380_541;1_541;1_380
1047	0_100;100_108;0_108
1048	23_226;226_298;23_298
1049	210_285;142_210;142_285
1050	108_245;2_245;2_108
1051	142_193;193_446;142_446
1052	47_142;47_502;142_502
1053	68_108;2_68;2_108
1054	396_595;127_595;127_396
1055	279_630;553_630;279_553
1056	127_249;103_249;103_127
1057	397_564;103_397;103_564
1058	23_101;94_101;23_94
1059	0_92;92_93;0_93
1060	240_451;240_562;451_562
1061	127_631;315_631;127_315
1062	255_291;255_373;291_373
1063	127_552;103_552;103_127
1064	1_164;164_406;1_406
1065	127_581;564_581;127_564
1066	315_579;103_579;103_315
1067	103_409;409_448;103_448
1068	73_324;22_324;22_73
1069	199_373;199_248;248_373
1070	196_373;196_248;248_373
1071	0_620;606_620;0_606
1072	0_343;343_374;0_374
1073	19_185;185_366;19_366
1074	76_460;7_76;7_460
1075	0_522;445_522;0_445
1076	0_330;93_330;0_93
1077	85_289;289_406;85_406
1078	1_87;87_329;1_329
1079	48_406;48_629;406_629
1080	19_160;44_160;19_44
1081	0_152;152_374;0_374
1082	30_263;0_30;0_263
1083	108_449;2_449;2_108
1084	338_627;2_338;2_627
1085	1_219;219_406;1_406
1086	583_627;2_583;2_627
1087	73_234;22_234;22_73
1088	1_319;285_319;1_285
1089	1_253;252_253;1_252
1090	406_535;218_535;218_406
1091	1_536;536_549;1_549
1092	1_310;85_310;1_85
1093	27_31;31_356;27_356
1094	1_426;426_469;1_469
1095	1_384;197_384;1_197
1096	1_119;35_119;1_35
1097	23_572;476_572;23_476
1098	546_629;86_546;86_629
1099	22_559;373_559;22_373
1100	7_385;144_385;7_144
1101	7_297;144_297;7_144
1102	22_508;508_528;22_528
1103	142_437;396_437;142_396
1104	22_332;332_373;22_373
1105	396_474;127_474;127_396
1106	8_58;33_58;8_33
1107	8_62;33_62;8_33
1108	311_595;127_311;127_595
1109	0_198;100_198;0_100
1110	0_520;293_520;0_293
1111	15_174;8_174;8_15
1112	237_448;19_237;19_448
1113	103_461;461_568;103_568
1114	49_127;49_249;127_249
1115	103_594;448_594;103_448
1116	177_372;107_372;107_177
1117	44_345;0_345;0_44
1118	428_438;1_428;1_438
1119	137_380;1_137;1_380
1120	1_523;219_523;1_219
1121	103_239;133_239;103_133
1122	72_103;72_448;103_448
1123	446_555;396_555;396_446
1124	392_448;19_392;19_448
1125	227_374;23_227;23_374
1126	19_172;172_185;19_185
1127	86_434;434_460;86_460
1128	19_347;160_347;19_160
1129	44_571;345_571;44_345
1130	44_135;0_135;0_44
1131	7_458;297_458;7_297
1132	451_511;240_511;240_451
1133	144_453;275_453;144_275
1134	144_386;27_386;27_144
1135	144_257;257_275;144_275
1136	103_558;133_558;103_133
1137	202_476;202_593;476_593
1138	78_144;78_275;144_275
1139	568_625;19_625;19_568
1140	103_181;19_181;19_103
1141	167_409;167_448;409_448
1142	66_73;66_391;73_391
1143	56_103;19_56;19_103
1144	0_383;374_383;0_374
1145	231_562;73_231;73_562
1146	23_155;94_155;23_94
1147	73_206;99_206;73_99
1148	22_195;1_195;1_22
1149	188_448;19_188;19_448
1150	123_198;100_123;100_198
1151	331_593;316_331;316_593
1152	14_198;14_100;100_198
1153	22_447;291_447;22_291
1154	19_378;44_378;19_44
1155	0_106;106_520;0_520
1156	100_120;108_120;100_108
1157	19_110;110_185;19_185
1158	19_83;83_366;19_366
1159	159_621;107_621;107_159
1160	141_586;528_586;141_528
1161	42_593;42_316;316_593
1162	220_263;0_220;0_263
1163	11_366;11_263;263_366
1164	245_353;2_353;2_245
1165	316_480;140_480;140_316
1166	177_599;107_599;107_177
1167	316_340;140_340;140_316
1168	303_316;140_303;140_316
1169	140_450;121_450;121_140
1170	263_348;0_348;0_263
1171	104_263;30_104;30_263
1172	2_439;22_439;2_22
1173	140_204;204_507;140_507
1174	0_89;89_90;0_90
1175	107_501;501_589;107_589
1176	140_500;121_500;121_140
1177	0_495;223_495;0_223
1178	0_425;106_425;0_106
1179	0_421;38_421;0_38
1180	0_215;215_293;0_293
1181	23_61;61_572;23_572
1182	51_112;51_267;112_267
1183	112_487;267_487;112_267
1184	112_465;267_465;112_267
1185	401_572;401_476;476_572
1186	8_376;33_376;8_33
1187	0_151;100_151;0_100
1188	19_636;44_636;19_44
1189	121_637;622_637;121_622
1190	100_638;108_638;100_108
1191	0_639;38_639;0_38
1192	374_513;23_513;23_374
1193	121_640;146_640;121_146
1194	476_641;593_641;476_593
1195	1_642;469_642;1_469
1196	1_643;197_643;1_197
1197	146_644;472_644;146_472
1198	267_645;36_645;36_267
1199	109_261;109_159;159_261
1200	22_646;211_646;22_211
1201	23_647;476_647;23_476
1202	23_648;155_648;23_155
1203	22_649;291_649;22_291
1204	94_650;476_650;94_476
1205	22_651;455_651;22_455
1206	476_652;202_652;202_476
1207	23_653;476_653;23_476
1208	3_619;613_619;3_613
1209	3_618;326_618;3_326
1210	3_577;326_577;3_326
1211	3_346;346_613;3_613
1212	3_244;244_613;3_613
1213	326_538;129_538;129_326
1214	431_476;431_591;476_591
1215	107_242;242_589;107_589
1216	486_654;5_654;5_486
1217	73_655;22_655;22_73
1218	107_656;589_656;107_589
1219	73_657;22_657;22_73
1220	23_658;3_658;3_23
1221	23_659;298_659;23_298
1222	1_317;268_317;1_268
1223	139_230;139_589;230_589
1224	572_660;401_660;401_572
1225	572_661;476_661;476_572
1226	572_662;401_662;401_572
1227	280_663;1_663;1_280
1228	591_664;593_664;591_593
1229	22_413;413_559;22_559
1230	1_665;209_665;1_209
1231	1_666;252_666;1_252
1232	129_667;1_667;1_129
1233	1_668;88_668;1_88
1234	1_669;219_669;1_219
1235	112_670;267_670;112_267
1236	476_671;591_671;476_591
1237	1_672;128_672;1_128
1238	477_673;614_673;477_614
1239	455_574;491_574;455_491
1240	371_593;316_371;316_593
1241	280_674;1_674;1_280
1242	1_675;50_675;1_50
1243	593_676;42_676;42_593
1244	593_677;316_677;316_593
1245	331_570;316_570;316_331
1246	593_678;316_678;316_593
1247	476_679;593_679;476_593
1248	267_680;36_680;36_267
1249	584_681;15_681;15_584
1250	1_682;87_682;1_87
1251	36_683;23_683;23_36
1252	319_684;285_684;285_319
1253	406_685;218_685;218_406
1254	664_686;593_686;593_664
1255	593_687;316_687;316_593
1256	316_688;140_688;140_316
1257	285_689;142_689;142_285
1258	593_690;42_690;42_593
1259	593_691;316_691;316_593
1260	664_692;593_692;593_664
1261	1_693;88_693;1_88
1262	593_694;316_694;316_593
1263	36_695;23_695;23_36
1264	142_696;556_696;142_556
1265	316_697;480_697;316_480
1266	593_698;331_698;331_593
1267	593_699;316_699;316_593
1268	593_700;331_700;331_593
1269	593_701;316_701;316_593
1270	565_593;316_565;316_593
1271	676_702;42_702;42_676
1272	377_703;590_703;377_590
1273	593_704;331_704;331_593
1274	285_705;689_705;285_689
1275	8_706;33_706;8_33
1276	0_707;24_707;0_24
1277	285_708;210_708;210_285
1278	316_709;303_709;303_316
1279	644_710;472_710;472_644
1280	446_711;396_711;396_446
1281	446_712;396_712;396_446
1282	480_713;140_713;140_480
1283	33_714;0_714;0_33
1284	7_715;385_715;7_385
1285	446_716;396_716;396_446
1286	316_717;480_717;316_480
1287	3_254;254_619;3_619
1288	213_396;127_213;127_396
1289	187_396;127_187;127_396
1290	46_316;46_480;316_480
1291	140_718;500_718;140_500
1292	396_719;127_719;127_396
1293	140_720;607_720;140_607
1294	613_628;326_628;326_613
1295	18_595;18_127;127_595
1296	103_721;594_721;103_594
1297	3_722;618_722;3_618
1298	127_723;552_723;127_552
1299	595_724;127_724;127_595
1300	396_725;127_725;127_396
1301	595_726;311_726;311_595
1302	472_727;3_727;3_472
1303	103_728;594_728;103_594
1304	0_729;108_729;0_108
1305	396_730;213_730;213_396
1306	121_731;146_731;121_146
1307	127_732;581_732;127_581
1308	533_733;326_733;326_533
1309	60_326;60_280;280_326
1310	146_734;644_734;146_644
1311	127_735;49_735;49_127
1312	144_736;0_736;0_144
1313	127_737;581_737;127_581
1314	146_738;644_738;146_644
1315	144_739;0_739;0_144
1316	103_740;461_740;103_461
1317	127_741;581_741;127_581
1318	144_742;386_742;144_386
1319	103_743;72_743;72_103
1320	618_744;326_744;326_618
1321	409_745;448_745;409_448
1322	103_746;181_746;103_181
1323	133_747;19_747;19_133
1324	146_748;644_748;146_644
1325	19_749;44_749;19_44
1326	129_750;1_750;1_129
1327	103_751;72_751;72_103
1328	127_752;315_752;127_315
1329	280_753;663_753;280_663
1330	103_328;328_728;103_728
1331	19_754;185_754;19_185
1332	397_755;103_755;103_397
1333	397_756;103_756;103_397
1334	1_757;50_757;1_50
1335	0_333;169_333;0_169
1336	19_264;208_264;19_208
1337	19_758;172_758;19_172
1338	19_759;347_759;19_347
1339	476_760;202_760;202_476
1340	448_527;19_527;19_448
1341	366_761;624_761;366_624
1342	73_762;22_762;22_73
1343	73_763;304_763;73_304
1344	20_177;20_107;107_177
1345	366_764;624_764;366_624
1346	146_573;573_748;146_748
1347	263_765;30_765;30_263
1348	366_766;263_766;263_366
1349	0_767;639_767;0_639
1350	263_768;220_768;220_263
1351	293_769;258_769;258_293
1352	44_770;0_770;0_44
1353	663_771;1_771;1_663
1354	0_772;421_772;0_421
1355	0_430;430_639;0_639
1356	1_423;287_423;1_287
1357	0_773;569_773;0_569
1358	220_774;0_774;0_220
1359	0_580;343_580;0_343
1360	0_12;12_24;0_24
1361	218_775;86_775;86_218
1362	407_422;359_407;359_422
1363	0_776;445_776;0_445
1364	374_777;227_777;227_374
1365	449_778;2_778;2_449
1366	23_379;379_572;23_572
1367	94_361;361_476;94_476
1368	171_275;0_171;0_275
1369	4_23;4_572;23_572
1370	125_779;1_779;1_125
1371	23_780;94_780;23_94
1372	23_781;155_781;23_155
1373	227_782;23_782;23_227
1374	1_783;549_783;1_549
1375	108_441;2_441;2_108
1376	85_393;393_406;85_406
1377	170_374;170_777;374_777
1378	19_784;83_784;19_83
1379	218_612;612_775;218_775
1380	112_322;267_322;112_267
1381	1_387;387_582;1_582
1382	268_488;19_488;19_268
1383	7_55;55_537;7_537
1384	143_144;27_143;27_144
1385	0_327;327_620;0_620
1386	0_404;113_404;0_113
1387	0_221;113_221;0_113
1388	0_468;468_767;0_767
1389	171_364;0_364;0_171
1390	0_32;32_113;0_113
1391	107_186;186_242;107_242
1392	23_635;61_635;23_61
1393	246_634;125_634;125_246
1394	125_483;483_779;125_779
1395	19_165;83_165;19_83
1396	566_636;44_566;44_636
1397	0_605;497_605;0_497
1398	316_419;419_709;316_709
1399	121_529;529_622;121_622
1400	564_633;103_633;103_564
1401	127_597;315_597;127_315
1402	127_294;294_564;127_564
1403	173_581;173_564;564_581
1404	512_564;103_512;103_564
1405	19_616;616_636;19_636
1406	0_475;215_475;0_215
1407	520_586;293_586;293_520
1408	73_432;304_432;73_304
1409	22_335;335_455;22_455
1410	114_304;22_114;22_304
1411	22_350;312_350;22_312
1412	455_554;528_554;455_528
1413	1_681;53_681;1_53
1414	546_624;0_546;0_624
1415	1_68;68_506;1_506
1416	9_636;9_566;566_636
1417	506_686;35_686;35_506
1418	8_608;376_608;8_376
1419	258_457;177_457;177_258
1420	266_412;246_412;246_266
1421	246_352;125_352;125_246
1422	109_246;109_634;246_634
1423	40_103;40_56;56_103
1424	609_634;125_609;125_634
1425	107_349;230_349;107_230
1426	222_599;107_222;107_599
1427	107_189;112_189;107_112
1428	125_161;1_161;1_125
1429	19_744;366_744;19_366
1430	9_745;566_745;9_566
1431	168_638;270_638;168_270
1432	0_750;544_750;0_544
1433	168_390;270_390;168_270
1434	23_120;94_120;23_94
1435	168_508;270_508;168_270
1436	94_778;361_778;94_361
1437	270_516;23_516;23_270
1438	544_662;440_662;440_544
1439	476_664;652_664;476_652
1440	202_621;593_621;202_593
1441	42_756;316_756;42_316
1442	364_613;326_364;326_613
1443	326_655;280_655;280_326
1444	326_401;280_401;280_326
1445	129_747;1_747;1_129
1446	649_674;1_649;1_674
1447	634_717;125_717;125_634
1448	125_766;1_766;1_125
1449	125_657;1_657;1_125
1450	329_642;285_642;285_329
1451	730_752;213_752;213_730
1452	213_775;127_775;127_213
1453	593_754;677_754;593_677
1454	103_758;558_758;103_558
1455	592_593;592_690;593_690
1456	501_690;42_501;42_690
1457	674_773;649_773;649_674
1458	113_549;113_341;341_549
1459	142_620;446_620;142_446
1460	730_783;213_783;213_730
1461	227_730;227_783;730_783
1462	82_103;82_239;103_239
1463	44_404;404_571;44_571
1464	169_314;0_169;0_314
1465	659_710;298_710;298_659
1466	152_680;36_152;36_680
1467	177_237;20_237;20_177
1468	11_593;11_754;593_754
1469	187_593;187_754;593_754
1470	23_32;32_593;23_593
1471	168_469;270_469;168_270
1472	168_310;310_508;168_508
1473	242_748;589_748;242_589
1474	28_589;28_112;112_589
1475	23_543;543_593;23_593
1476	21_589;21_112;112_589
1477	589_729;112_729;112_589
1478	489_589;112_489;112_589
1479	221_267;221_680;267_680
1480	327_680;36_327;36_680
1481	465_711;267_711;267_465
1482	253_465;253_267;267_465
1483	465_708;267_708;267_465
1484	465_705;267_705;267_465
1485	465_656;267_656;267_465
1486	387_680;152_387;152_680
1487	61_465;61_267;267_465
1488	267_647;645_647;267_645
1489	267_594;594_680;267_680
1490	465_635;267_635;267_465
1491	23_643;94_643;23_94
1492	36_378;23_378;23_36
1493	121_725;3_725;3_121
1494	165_680;152_165;152_680
1495	221_776;680_776;221_680
1496	220_645;36_220;36_645
1497	50_270;23_50;23_270
1498	540_645;36_540;36_645
1499	343_593;343_677;593_677
1500	219_645;36_219;36_645
1501	36_759;23_759;23_36
1502	36_738;23_738;23_36
1503	23_72;72_659;23_659
1504	270_424;23_424;23_270
1505	174_643;94_174;94_643
1506	313_784;471_784;313_471
1507	613_669;364_669;364_613
1508	114_471;114_146;146_471
1509	42_591;316_591;42_316
1510	471_580;146_580;146_471
1511	3_348;348_722;3_722
1512	546_593;187_546;187_593
1513	316_527;480_527;316_480
1514	185_316;185_697;316_697
1515	32_64;64_593;32_593
1516	155_472;3_155;3_472
1517	151_472;3_151;3_472
1518	3_362;362_722;3_722
1519	12_326;12_280;280_326
1520	94_307;307_476;94_476
1521	605_677;316_605;316_677
1522	140_603;111_603;111_140
1523	223_480;140_223;140_480
1524	480_702;140_702;140_480
1525	316_503;503_697;316_697
1526	100_613;100_364;364_613
1527	24_140;24_111;111_140
1528	326_582;280_582;280_326
1529	326_360;1_360;1_326
1530	92_326;92_280;280_326
1531	204_650;507_650;204_507
1532	377_453;453_703;377_703
1533	140_409;409_718;140_718
1534	121_122;3_122;3_121
1535	572_593;572_754;593_754
1536	637_676;622_676;622_637
1537	479_648;313_648;313_479
1538	280_562;562_674;280_674
1539	280_511;511_674;280_674
1540	111_231;121_231;111_121
1541	603_777;111_777;111_603
1542	172_280;172_674;280_674
1543	108_280;108_663;280_663
1544	204_781;507_781;204_507
1545	622_780;479_780;479_622
1546	111_653;121_653;111_121
1547	419_771;1_419;1_771
1548	210_771;1_210;1_771
1549	623_677;316_623;316_677
1550	519_677;316_519;316_677
1551	226_364;226_326;326_364
1552	1_78;78_423;1_423
1553	4_649;1_4;1_649
1554	507_757;121_757;121_507
1555	1_505;53_505;1_53
1556	224_364;224_326;326_364
1557	1_576;53_576;1_53
1558	316_782;140_782;140_316
1559	535_674;535_649;649_674
1560	459_649;1_459;1_649
1561	1_379;53_379;1_53
1562	1_252;252_536;1_536
1563	134_316;134_340;316_340
1564	536_624;549_624;536_549
1565	529_600;600_622;529_622
1566	15_268;8_268;8_15
1567	331_340;140_331;140_340
1568	285_533;533_689;285_689
1569	313_731;471_731;313_471
1570	140_640;121_640;121_140
1571	49_87;49_329;87_329
1572	275_313;275_784;313_784
1573	154_396;127_154;127_396
1574	76_313;76_471;313_471
1575	329_736;285_736;285_329
1576	329_707;285_707;285_329
1577	329_607;285_607;285_329
1578	140_537;537_603;140_603
1579	454_480;140_454;140_480
1580	143_471;143_146;146_471
1581	15_31;8_31;8_15
1582	380_479;313_380;313_479
1583	8_651;651_706;8_706
1584	121_240;240_529;121_529
1585	140_342;342_450;140_450
1586	257_479;257_313;313_479
1587	142_513;437_513;142_437
1588	561_770;0_770;0_561
1589	121_700;529_700;121_529
1590	347_693;160_693;160_347
1591	472_687;151_687;151_472
1592	328_618;326_328;326_618
1593	121_743;3_743;3_121
1594	664_675;652_675;652_664
1595	146_473;473_644;146_644
1596	346_648;313_346;313_648
1597	166_472;151_166;151_472
1598	3_737;348_737;3_348
1599	293_672;177_672;177_293
1600	3_666;666_722;3_722
1601	348_629;629_722;348_722
1602	3_514;348_514;3_348
1603	326_385;280_385;280_326
1604	23_392;392_659;23_659
1605	1_305;79_305;1_79
1606	175_177;20_175;20_177
1607	23_728;593_728;23_593
1608	20_432;107_432;20_107
1609	188_619;188_613;613_619
1610	618_721;328_721;328_618
1611	458_618;326_458;326_618
1612	244_593;42_244;42_593
1613	198_677;198_316;316_677
1614	164_326;12_164;12_326
1615	135_326;135_280;280_326
1616	239_723;133_723;133_239
1617	474_554;127_554;127_474
1618	316_488;488_697;316_697
1619	326_415;415_655;326_655
1620	194_364;194_326;326_364
1621	191_364;191_326;326_364
1622	760_773;649_760;649_773
1623	480_715;140_715;140_480
1624	140_373;204_373;140_204
1625	101_140;101_204;140_204
1626	140_425;204_425;140_204
1627	111_518;121_518;111_121
1628	239_350;133_350;133_239
1629	3_745;619_745;3_619
1630	189_461;112_461;112_189
1631	304_348;304_722;348_722
1632	348_438;438_722;348_722
1633	586_748;586_589;589_748
1634	8_421;421_706;8_706
1635	112_289;289_465;112_465
1636	112_148;148_465;112_465
1637	112_753;465_753;112_465
1638	112_727;465_727;112_465
1639	112_678;465_678;112_465
1640	112_569;465_569;112_465
1641	112_547;465_547;112_465
1642	314_397;169_397;169_314
1643	0_604;383_604;0_383
1644	36_462;168_462;36_168
1645	85_680;85_152;152_680
1646	0_86;86_750;0_750
1647	267_418;418_645;267_645
1648	324_645;36_324;36_645
1649	267_286;286_594;267_594
1650	222_594;222_680;594_680
1651	23_150;32_150;23_32
1652	171_645;171_324;324_645
1653	208_750;208_544;544_750
1654	192_327;36_192;36_327
1655	36_259;259_759;36_759
1656	177_201;175_201;175_177
1657	177_764;20_764;20_177
1658	23_749;643_749;23_643
1659	23_460;460_643;23_643
1660	7_20;7_107;20_107
1661	20_732;432_732;20_432
1662	189_685;461_685;189_461
1663	107_406;189_406;107_189
1664	107_218;186_218;107_186
1665	110_432;107_110;107_432
1666	107_180;180_186;107_186
1667	430_465;430_711;465_711
1668	61_608;267_608;61_267
1669	267_495;495_647;267_647
1670	200_267;200_594;267_594
1671	267_412;412_680;267_680
1672	36_475;23_475;23_36
1673	23_766;392_766;23_392
1674	23_657;543_657;23_543
1675	23_356;94_356;23_94
1676	690_751;501_751;501_690
1677	348_403;403_722;348_722
1678	207_722;207_618;618_722
1679	164_410;12_410;12_164
1680	498_618;328_498;328_618
1681	326_439;164_439;164_326
1682	1_772;505_772;1_505
1683	1_598;119_598;1_119
1684	326_528;164_528;164_326
1685	260_280;260_663;280_663
1686	322_771;1_322;1_771
1687	1_451;451_536;1_536
1688	341_642;142_642;142_341
1689	227_561;0_227;0_561
1690	264_552;103_264;103_552
1691	56_512;19_512;19_56
1692	56_668;19_668;19_56
1693	44_783;314_783;44_314
1694	2_44;2_314;44_314
1695	279_314;279_397;314_397
1696	0_564;564_750;0_750
1697	293_578;177_578;177_293
1698	177_468;468_764;177_764
1699	593_620;620_690;593_690
1700	121_675;3_675;3_121
1701	472_746;166_746;166_472
1702	472_760;166_760;166_472
1703	166_506;151_506;151_166
1704	166_309;151_309;151_166
1705	82_722;82_618;618_722
1706	151_757;3_757;3_151
1707	151_581;3_581;3_151
1708	326_568;568_655;326_655
1709	173_328;173_326;326_328
1710	3_595;595_666;3_666
1711	328_709;326_709;326_328
1712	348_710;710_722;348_722
1713	618_665;328_665;328_618
1714	326_408;408_655;326_655
1715	326_532;164_532;164_326
1716	458_554;326_554;326_458
1717	328_375;326_375;326_328
1718	410_497;12_497;12_410
1719	294_410;12_294;12_410
1720	213_722;82_213;82_722
1721	568_758;655_758;568_655
1722	328_331;326_331;326_328
1723	287_458;287_326;326_458
1724	377_655;280_377;280_655
1725	326_453;453_528;326_528
1726	145_328;145_326;326_328
1727	630_674;535_630;535_674
1728	349_663;1_349;1_663
1729	1_553;553_682;1_682
1730	198_535;198_649;535_649
1731	87_703;49_703;49_87
1732	1_590;536_590;1_536
1733	35_519;80_519;35_80
1734	127_777;631_777;127_631
1735	127_556;249_556;127_249
1736	53_639;15_639;15_53
1737	552_752;103_752;103_552
1738	103_776;56_776;56_103
1739	263_682;87_263;87_682
1740	558_765;133_765;133_558
1741	56_650;19_650;19_56
1742	268_641;8_641;8_268
1743	30_56;19_30;19_56
1744	133_623;19_623;19_133
1745	19_500;347_500;19_347
1746	64_133;19_64;19_133
1747	19_38;38_616;19_616
1748	19_599;160_599;19_160
1749	33_387;387_561;33_561
1750	19_83;83_616;19_616
1751	19_445;445_616;19_616
1752	181_616;181_636;616_636
1753	19_775;616_775;19_616
1754	561_605;0_605;0_561
1755	197_631;197_315;315_631
1756	636_670;566_670;566_636
1757	314_635;397_635;314_397
1758	404_633;571_633;404_571
1759	51_636;51_566;566_636
1760	73_636;73_566;566_636
1761	492_636;492_566;566_636
1762	89_346;90_346;89_90
1763	566_679;44_679;44_566
1764	0_455;455_750;0_750
1765	44_335;335_404;44_404
1766	44_317;314_317;44_314
1767	44_312;312_314;44_314
1768	163_544;163_440;440_544
1769	44_125;125_525;44_525
1770	22_750;22_544;544_750
1771	314_726;397_726;314_397
1772	0_311;311_750;0_750
1773	404_634;633_634;404_633
1774	44_390;390_404;44_404
1775	9_397;9_169;169_397
1776	89_740;90_740;89_90
1777	0_736;89_736;0_89
1778	571_707;345_707;345_571
1779	0_607;89_607;0_89
1780	419_750;419_544;544_750
1781	44_275;275_571;44_571
1782	169_192;0_192;0_169
1783	143_750;143_544;544_750
1784	397_456;169_456;169_397
1785	0_215;215_455;0_455
1786	93_750;93_544;544_750
1787	266_571;266_345;345_571
1788	0_246;89_246;0_89
1789	169_744;0_744;0_169
1790	89_303;303_740;89_740
1791	440_510;293_510;293_440
1792	9_466;169_466;9_169
1793	94_209;209_476;94_476
1794	0_767;750_767;0_750
1795	440_681;293_681;293_440
1796	6_440;6_293;293_440
1797	717_750;208_717;208_750
1798	257_383;257_374;374_383
1799	426_455;426_750;455_750
1800	293_686;686_769;293_769
1801	100_750;100_419;419_750
1802	361_662;476_662;361_476
1803	37_750;37_544;544_750
1804	293_747;747_769;293_769
1805	735_750;208_735;208_750
1806	597_750;208_597;208_750
1807	448_750;143_448;143_750
1808	0_228;228_383;0_383
1809	161_750;161_208;208_750
1810	258_609;177_609;177_258
1811	23_69;69_150;23_150
1812	109_202;109_593;202_593
1813	524_750;22_524;22_750
1814	22_27;27_544;22_544
1815	544_586;440_586;440_544
1816	177_779;175_779;175_177
1817	483_593;483_690;593_690
1818	20_608;432_608;20_432
1819	316_386;185_386;185_316
1820	352_432;107_352;107_432
1821	593_739;546_739;546_593
1822	144_374;23_144;23_374
1823	742_754;677_742;677_754
1824	175_725;20_725;20_175
1825	297_432;107_297;107_432
1826	23_283;283_659;23_659
1827	42_122;122_316;42_316
1828	42_55;55_591;42_591
1829	150_761;32_761;32_150
1830	42_149;149_316;42_316
1831	459_751;459_501;501_751
1832	88_501;42_88;42_501
1833	501_573;42_573;42_501
1834	193_328;193_331;328_331
1835	60_480;60_140;140_480
1836	46_480;46_223;223_480
1837	42_768;316_768;42_316
1838	42_763;591_763;42_591
1839	140_762;507_762;140_507
1840	326_720;164_720;164_326
1841	342_658;450_658;342_450
1842	316_627;527_627;316_527
1843	434_480;140_434;140_480
1844	140_393;342_393;140_342
1845	170_480;170_715;480_715
1846	473_488;473_697;488_697
1847	47_140;47_204;140_204
1848	112_174;174_465;112_465
1849	465_688;688_705;465_705
1850	410_491;12_491;12_410
1851	254_527;254_480;480_527
1852	121_225;3_225;3_121
1853	121_628;3_628;3_121
1854	344_781;344_507;507_781
1855	245_480;46_245;46_480
1856	121_162;162_675;121_675
1857	734_738;23_734;23_738
1858	12_704;280_704;12_280
1859	121_701;240_701;121_240
1860	450_699;121_699;121_450
1861	3_698;514_698;3_514
1862	121_565;565_675;121_675
1863	449_507;121_449;121_507
1864	146_154;154_644;146_644
1865	121_694;146_694;121_146
1866	618_691;328_691;328_618
1867	23_212;94_212;23_94
1868	23_75;75_643;23_643
1869	343_460;343_643;460_643
1870	10_472;10_760;472_760
1871	220_671;36_671;36_220
1872	31_36;31_759;36_759
1873	472_617;166_617;166_472
1874	3_371;371_514;3_514
1875	321_328;321_326;326_328
1876	326_695;164_695;164_326
1877	618_683;458_683;458_618
1878	531_649;1_531;1_649
1879	431_622;431_780;622_780
1880	332_682;87_332;87_682
1881	66_121;66_240;121_240
1882	389_498;328_389;328_498
1883	357_403;357_722;403_722
1884	295_750;143_295;143_750
1885	291_450;121_291;121_450
1886	74_403;74_722;403_722
1887	326_606;164_606;164_326
1888	663_782;771_782;663_771
1889	3_770;722_770;3_722
1890	454_479;454_648;479_648
1891	630_730;535_730;535_630
1892	409_479;409_648;479_648
1893	89_172;172_740;89_740
1894	134_479;134_648;479_648
1895	108_535;108_649;535_649
1896	82_538;538_618;82_618
1897	348_413;413_629;348_629
1898	118_535;118_649;535_649
1899	722_724;618_724;618_722
1900	577_648;313_577;313_648
1901	234_649;234_531;531_649
1902	1_18;18_379;1_379
1903	485_618;328_485;328_618
1904	290_618;290_691;618_691
1905	15_646;268_646;15_268
1906	15_574;8_574;8_15
1907	280_729;674_729;280_674
1908	164_712;410_712;164_410
1909	1_582;582_772;1_772
1910	1_85;85_682;1_682
1911	50_598;50_119;119_598
1912	280_436;436_674;280_674
1913	1_339;339_536;1_536
1914	89_713;90_713;89_90
1915	544_640;440_640;440_544
1916	35_537;80_537;35_80
1917	505_523;53_523;53_505
1918	487_544;440_487;440_544
1919	277_410;12_277;12_410
1920	141_674;141_630;630_674
1921	173_296;296_326;173_326
1922	146_278;154_278;146_154
1923	535_727;649_727;535_649
1924	12_678;280_678;12_280
1925	23_569;150_569;23_150
1926	326_350;350_695;326_695
1927	23_289;289_460;23_460
1928	146_743;472_743;146_472
1929	12_702;702_704;12_704
1930	12_516;280_516;12_280
1931	535_741;198_741;198_535
1932	280_576;576_674;280_674
1933	310_535;198_310;198_535
1934	424_535;424_649;535_649
1935	78_440;78_293;293_440
1936	3_696;696_737;3_737
1937	3_261;261_737;3_737
1938	674_676;630_676;630_674
1939	503_644;472_503;472_644
1940	4_674;4_535;535_674
1941	559_644;472_559;472_644
1942	557_689;142_557;142_689
1943	3_441;441_698;3_698
1944	166_391;151_391;151_166
1945	535_664;198_664;198_535
1946	151_474;3_474;3_151
1947	535_551;108_551;108_535
1948	166_656;506_656;166_506
1949	151_253;3_253;3_151
1950	219_280;219_674;280_674
1951	280_376;376_663;280_663
1952	3_489;489_514;3_514
1953	28_280;28_562;280_562
1954	1_728;536_728;1_536
1955	3_286;286_618;3_618
1956	438_514;348_438;348_514
1957	508_618;498_508;498_618
1958	8_135;135_651;8_651
1959	8_773;706_773;8_706
1960	280_753;260_753;260_280
1961	280_415;260_415;260_280
1962	11_280;11_562;280_562
1963	540_706;33_540;33_706
1964	682_732;87_732;87_682
1965	366_682;87_366;87_682
1966	327_561;227_327;227_561
1967	80_511;0_511;0_80
1968	285_495;495_533;285_533
1969	412_750;22_412;22_750
1970	329_362;285_362;285_329
1971	87_200;49_200;49_87
1972	208_653;544_653;208_544
1973	171_285;171_533;285_533
1974	188_544;163_188;163_544
1975	49_222;222_329;49_329
1976	49_647;329_647;49_329
1977	226_440;6_226;6_440
1978	669_689;142_669;142_689
1979	440_613;510_613;440_510
1980	293_543;543_686;293_686
1981	364_533;364_689;533_689
1982	191_437;191_396;396_437
1983	20_333;333_432;20_432
1984	177_224;20_224;20_177
1985	142_221;221_513;142_513
1986	194_432;107_194;107_432
1987	79_142;79_446;142_446
1988	20_462;333_462;20_333
1989	20_547;107_547;20_107
1990	127_718;556_718;127_556
1991	103_621;56_621;56_103
1992	297_711;107_711;107_297
1993	333_518;432_518;333_432
1994	218_267;218_645;267_645
1995	56_180;19_180;19_56
1996	418_708;645_708;418_645
1997	201_645;201_324;324_645
1998	68_418;68_645;418_645
1999	19_148;148_500;19_500
2000	61_645;61_324;324_645
2001	267_423;423_645;267_645
2002	30_340;19_340;19_30
2003	103_259;56_259;56_103
2004	110_432;110_194;194_432
2005	189_430;430_685;189_685
2006	19_425;160_425;19_160
2007	40_373;56_373;40_56
2008	106_347;106_693;347_693
2009	160_447;44_447;44_160
2010	241_347;241_693;347_693
2011	19_211;160_211;19_160
2012	36_520;520_759;36_759
2013	56_195;195_650;56_650
2014	182_759;23_182;23_759
2015	104_759;23_104;23_759
2016	44_615;404_615;44_404
2017	44_612;525_612;44_525
2018	19_601;347_601;19_347
2019	299_525;0_299;0_525
2020	159_616;159_181;181_616
2021	504_525;0_504;0_525
2022	422_525;0_422;0_525
2023	0_359;86_359;0_86
2024	70_160;44_70;44_160
2025	150_486;486_761;150_761
2026	0_477;477_567;0_567
2027	274_525;0_274;0_525
2028	150_273;273_761;150_761
2029	566_755;679_755;566_679
2030	566_579;44_579;44_566
2031	522_767;522_750;750_767
2032	0_330;330_607;0_607
2033	236_767;236_750;750_767
2034	99_397;9_99;9_397
2035	13_314;13_635;314_635
2036	384_761;32_384;32_761
2037	251_735;208_251;208_735
2038	0_206;206_567;0_567
2039	0_684;147_684;0_147
2040	208_282;282_544;208_544
2041	380_744;0_380;0_744
2042	271_544;271_440;440_544
2043	139_456;139_169;169_456
2044	23_128;75_128;23_75
2045	0_97;97_228;0_228
2046	23_667;150_667;23_150
2047	626_643;94_626;94_643
2048	0_478;228_478;0_228
2049	0_205;147_205;0_147
2050	183_544;183_188;188_544
2051	0_774;383_774;0_383
2052	163_570;440_570;163_440
2053	0_502;502_604;0_604
2054	65_722;65_82;82_722
2055	45_653;45_544;544_653
2056	564_661;661_750;564_750
2057	120_440;6_120;6_440
2058	32_660;593_660;32_593
2059	460_614;614_643;460_643
2060	228_602;383_602;228_383
2061	544_756;163_756;163_544
2062	383_657;374_657;374_383
2063	383_482;257_482;257_383
2064	94_372;372_778;94_778
2065	248_374;23_248;23_374
2066	247_374;23_247;23_374
2067	23_354;354_659;23_659
2068	224_444;20_444;20_224
2069	407_690;407_751;690_751
2070	293_353;353_578;293_578
2071	57_643;57_94;94_643
2072	5_643;5_94;94_643
2073	23_611;611_643;23_643
2074	23_270;270_569;23_569
2075	20_654;107_654;20_107
2076	23_262;262_569;23_569
2077	23_306;306_667;23_667
2078	94_563;563_778;94_778
2079	20_443;432_443;20_432
2080	150_265;265_486;150_486
2081	250_593;250_546;546_593
2082	23_95;94_95;23_94
2083	84_662;84_476;476_662
2084	26_150;26_32;32_150
2085	150_673;273_673;150_273
2086	102_150;102_761;150_761
2087	59_761;32_59;32_761
2088	58_150;58_761;150_761
2089	16_432;16_107;107_432
2090	32_368;368_593;32_593
2091	167_761;32_167;32_761
2092	48_258;48_609;258_609
2093	432_625;352_625;352_432
2094	32_700;593_700;32_593
2095	433_690;433_751;690_751
2096	105_677;105_316;316_677
2097	107_733;267_733;107_267
2098	107_417;112_417;107_112
2099	107_255;186_255;107_186
2100	109_428;428_593;109_593
2101	593_638;620_638;593_620
2102	316_469;140_469;140_316
2103	184_434;140_184;140_434
2104	117_593;117_690;593_690
2105	107_584;267_584;107_267
2106	316_493;140_493;140_316
2107	41_593;41_690;593_690
2108	112_399;399_465;112_465
2109	34_645;34_201;201_645
2110	593_714;546_714;546_593
2111	140_526;507_526;140_507
2112	416_572;416_754;572_754
2113	158_546;158_187;187_546
2114	107_692;267_692;107_267
2115	17_584;17_267;267_584
2116	107_548;112_548;107_112
2117	107_370;267_370;107_267
2118	107_199;112_199;107_112
2119	196_742;196_677;677_742
2120	325_547;107_325;107_547
2121	267_318;318_594;267_594
2122	203_267;203_645;267_645
2123	541_677;316_541;316_677
2124	24_645;24_220;220_645
2125	23_388;32_388;23_32
2126	23_363;283_363;23_283
2127	316_583;140_583;140_316
2128	23_338;338_766;23_766
2129	23_137;137_460;23_460
2130	3_136;136_286;3_286
2131	123_418;123_645;418_645
2132	3_25;25_371;3_371
2133	316_637;185_637;185_316
2134	14_677;14_316;316_677
2135	105_402;316_402;105_316
2136	481_508;481_498;498_508
2137	316_429;140_429;140_316
2138	496_645;61_496;61_645
2139	140_322;322_393;140_393
2140	36_72;72_475;36_475
2141	336_593;336_546;546_593
2142	229_348;229_629;348_629
2143	463_465;463_705;465_705
2144	23_269;94_269;23_94
2145	98_618;98_290;290_618
2146	233_328;233_375;328_375
2147	116_298;3_116;3_298
2148	328_395;173_395;173_328
2149	69_394;150_394;69_150
2150	464_520;464_759;520_759
2151	140_411;411_526;140_526
2152	355_480;355_434;434_480
2153	3_300;286_300;3_286
2154	3_232;232_286;3_286
2155	176_324;36_176;36_324
2156	3_52;52_618;3_618
2157	400_690;400_433;433_690
2158	334_690;334_751;690_751
2159	124_690;42_124;42_690
2160	91_121;3_91;3_121
2161	398_645;61_398;61_645
2162	324_610;36_610;36_324
2163	286_575;575_618;286_618
2164	286_302;302_618;286_618
2165	36_67;67_759;36_759
2166	480_494;434_494;434_480
2167	153_618;153_290;290_618
2168	130_618;130_508;508_618
2169	36_39;39_759;36_759
2170	371_382;382_514;371_514
2171	308_618;308_508;508_618
2172	156_618;156_328;328_618
2173	157_324;36_157;36_324
2174	150_470;470_486;150_486
2175	54_618;54_290;290_618
2176	164_499;410_499;164_410
2177	140_367;367_526;140_526
2178	324_452;36_452;36_324
2179	179_618;179_508;508_618
2180	596_618;328_596;328_618
2181	217_618;217_290;290_618
2182	121_369;3_369;3_121
2183	36_235;31_235;31_36
2184	328_490;145_490;145_328
2185	498_530;389_530;389_498
2186	126_328;126_375;328_375
2187	256_326;256_720;326_720
2188	290_467;467_691;290_691
2189	290_632;632_691;290_691
2190	328_515;173_515;173_328
2191	326_435;92_435;92_326
2192	145_358;326_358;145_326
2193	72_284;284_475;72_475
2194	405_449;121_405;121_449
2195	328_484;375_484;328_375
2196	328_509;173_509;173_328
2197	420_434;140_420;140_434
2198	272_759;23_272;23_759
2199	167_517;32_517;32_167
2200	328_745;173_745;173_328
2201	32_276;276_700;32_700
2202	190_326;190_720;326_720
2203	138_326;138_720;326_720
2204	288_403;74_288;74_403
2205	326_585;401_585;326_401
2206	115_326;115_256;256_326
2207	155_546;155_187;187_546
2208	560_638;560_620;620_638
2209	117_132;132_690;117_690
2210	280_534;534_562;280_562
2211	77_436;77_674;436_674
2212	280_414;414_562;280_562
2213	451_663;451_771;663_771
2214	436_588;588_674;436_674
2215	82_550;550_618;82_618
2216	281_677;281_541;541_677
2217	305_618;305_508;508_618
2218	1_619;319_619;1_319
2219	131_771;131_210;210_771
2220	539_674;4_539;4_674
2221	210_292;1_292;1_210
2222	238_508;238_481;481_508
2223	29_674;4_29;4_674
2224	365_535;365_649;535_649
2225	187_752;752_754;187_754
2226	301_436;77_301;77_436
2227	81_498;81_328;328_498
2228	1_178;53_178;1_53
2229	4_63;63_535;4_535
2230	630_765;730_765;630_730
2231	4_381;381_535;4_535
2232	329_351;285_351;285_329
2233	535_587;108_587;108_535
2234	87_545;545_703;87_703
2235	427_535;118_427;118_535
2236	96_535;96_310;310_535
2237	43_519;43_80;80_519
2238	1_243;119_243;1_119
2239	71_118;71_649;118_649
2240	164_320;320_410;164_410
2241	442_449;121_442;121_449
2242	118_323;323_649;118_649
2243	337_561;227_337;227_561
2244	216_495;216_533;495_533
2245	521_533;521_689;533_689
2246	499_785;410_785;410_499
2247	362_786;285_786;285_362
2248	531_787;1_787;1_531
2249	562_788;674_788;562_674
2250	1_789;505_789;1_505
2251	225_790;3_790;3_225
2252	91_791;3_791;3_91
2253	12_792;678_792;12_678
2254	674_793;29_793;29_674
2255	280_794;414_794;280_414
2256	630_795;730_795;630_730
2257	142_796;446_796;142_446
2258	280_797;414_797;280_414
2259	618_798;458_798;458_618
2260	12_799;516_799;12_516
2261	713_800;90_800;90_713
2262	513_801;437_801;437_513
2263	23_802;269_802;23_269
2264	280_803;436_803;280_436
2265	737_804;348_804;348_737
2266	381_805;535_805;381_535
2267	535_806;649_806;535_649
2268	533_807;689_807;533_689
2269	639_808;15_808;15_639
2270	95_264;94_264;94_95
2271	535_809;649_809;535_649
2272	280_810;534_810;280_534
2273	446_811;555_811;446_555
2274	549_812;341_812;341_549
2275	535_813;424_813;424_535
2276	341_814;142_814;142_341
2277	1_815;682_815;1_682
2278	535_816;310_816;310_535
2279	341_817;142_817;142_341
2280	341_818;142_818;142_341
2281	23_819;150_819;23_150
2282	457_674;457_630;630_674
2283	166_356;309_356;166_309
2284	649_820;1_820;1_649
2285	3_821;300_821;3_300
2286	166_822;309_822;166_309
2287	649_823;531_823;531_649
2288	213_758;82_758;82_213
2289	142_824;446_824;142_446
2290	309_825;151_825;151_309
2291	706_826;33_826;33_706
2292	309_827;151_827;151_309
2293	309_828;151_828;151_309
2294	300_377;286_377;286_300
2295	1_829;119_829;1_119
2296	151_830;3_830;3_151
2297	94_831;778_831;94_778
2298	437_832;396_832;396_437
2299	778_833;361_833;361_778
2300	649_834;1_834;1_649
2301	381_835;535_835;381_535
2302	778_836;361_836;361_778
2303	1_837;53_837;1_53
2304	730_838;535_838;535_730
2305	535_839;809_839;535_809
2306	535_840;649_840;535_649
2307	535_841;649_841;535_649
2308	813_842;424_842;424_813
2309	535_843;310_843;310_535
2310	361_844;662_844;361_662
2311	3_845;371_845;3_371
2312	722_846;82_846;82_722
2313	519_783;80_783;80_519
2314	535_847;649_847;535_649
2315	662_848;84_848;84_662
2316	618_849;508_849;508_618
2317	476_850;202_850;202_476
2318	328_851;173_851;173_328
2319	348_852;229_852;229_348
2320	310_853;198_853;198_310
2321	108_854;649_854;108_649
2322	649_855;823_855;649_823
2323	476_856;202_856;202_476
2324	348_857;710_857;348_710
2325	649_858;820_858;649_820
2326	690_859;751_859;690_751
2327	202_860;109_860;109_202
2328	145_861;326_861;145_326
2329	649_862;1_862;1_649
2330	751_863;501_863;501_751
2331	326_864;190_864;190_326
2332	280_865;415_865;280_415
2333	92_866;280_866;92_280
2334	468_593;250_468;250_593
2335	280_867;414_867;280_414
2336	546_868;187_868;187_546
2337	572_869;416_869;416_572
2338	280_870;260_870;260_280
2339	436_871;674_871;436_674
2340	591_872;316_872;316_591
2341	536_873;549_873;536_549
2342	15_874;268_874;15_268
2343	12_875;678_875;12_678
2344	12_876;678_876;12_678
2345	674_877;630_877;630_674
2346	677_878;105_878;105_677
2347	754_879;742_879;742_754
2348	287_754;287_742;742_754
2349	15_230;230_646;15_646
2350	185_880;697_880;185_697
2351	42_881;591_881;42_591
2352	742_882;677_882;677_742
2353	677_883;541_883;541_677
2354	105_884;316_884;105_316
2355	1_885;87_885;1_87
2356	754_886;677_886;677_754
2357	15_887;646_887;15_646
2358	771_888;1_888;1_771
2359	751_889;863_889;751_863
2360	501_890;42_890;42_501
2361	751_891;501_891;501_751
2362	15_892;268_892;15_268
2363	535_893;649_893;535_649
2364	42_894;591_894;42_591
2365	316_895;488_895;316_488
2366	501_896;42_896;42_501
2367	535_897;96_897;96_535
2368	677_898;316_898;316_677
2369	591_899;316_899;316_591
2370	280_900;415_900;280_415
2371	501_901;42_901;42_501
2372	4_902;535_902;4_535
2373	365_903;649_903;365_649
2374	501_904;42_904;42_501
2375	677_905;541_905;541_677
2376	426_535;426_843;535_843
2377	1_906;53_906;1_53
2378	872_907;316_907;316_872
2379	1_908;590_908;1_590
2380	677_909;316_909;316_677
2381	316_910;627_910;316_627
2382	365_911;649_911;365_649
2383	42_912;591_912;42_591
2384	42_913;55_913;42_55
2385	649_914;1_914;1_649
2386	1_915;119_915;1_119
2387	649_916;1_916;1_649
2388	42_917;591_917;42_591
2389	531_918;787_918;531_787
2390	140_919;393_919;140_393
2391	480_920;434_920;434_480
2392	697_921;480_921;480_697
2393	531_922;1_922;1_531
2394	316_923;488_923;316_488
2395	697_924;480_924;480_697
2396	480_925;434_925;434_480
2397	1_926;243_926;1_243
2398	469_927;140_927;140_469
2399	1_928;319_928;1_319
2400	316_929;469_929;316_469
2401	591_930;316_930;316_591
2402	434_931;140_931;140_434
2403	316_932;480_932;316_480
2404	1_933;319_933;1_319
2405	1_934;119_934;1_119
2406	649_935;855_935;649_855
2407	316_642;642_910;316_910
2408	571_936;707_936;571_707
2409	268_937;8_937;8_268
2410	507_938;449_938;449_507
2411	699_939;121_939;121_699
2412	316_940;627_940;316_627
2413	571_941;707_941;571_707
2414	519_942;80_942;80_519
2415	7_140;7_393;140_393
2416	507_943;121_943;121_507
2417	507_944;121_944;121_507
2418	480_945;925_945;480_925
2419	140_946;393_946;140_393
2420	140_947;507_947;140_507
2421	507_948;449_948;449_507
2422	454_519;454_942;519_942
2423	409_480;409_494;480_494
2424	707_949;345_949;345_707
2425	480_950;494_950;480_494
2426	434_577;140_577;140_434
2427	0_134;89_134;0_89
2428	121_951;146_951;121_146
2429	531_952;787_952;531_787
2430	0_953;604_953;0_604
2431	140_954;393_954;140_393
2432	434_955;140_955;140_434
2433	121_956;146_956;121_146
2434	225_957;3_957;3_225
2435	931_958;140_958;140_931
2436	774_959;383_959;383_774
2437	140_378;378_393;140_393
2438	121_168;168_369;121_369
2439	450_960;121_960;121_450
2440	140_961;526_961;140_526
2441	23_962;32_962;23_32
2442	750_963;93_963;93_750
2443	140_964;507_964;140_507
2444	140_965;214_965;140_214
2445	89_966;713_966;89_713
2446	607_967;89_967;89_607
2447	162_968;675_968;162_675
2448	121_969;369_969;121_369
2449	121_970;146_970;121_146
2450	121_623;3_623;3_121
2451	374_431;23_431;23_374
2452	23_64;64_95;23_95
2453	91_971;3_971;3_91
2454	162_972;675_972;162_675
2455	393_973;342_973;342_393
2456	374_974;23_974;23_374
2457	449_975;442_975;442_449
2458	342_976;450_976;342_450
2459	121_977;146_977;121_146
2460	743_978;472_978;472_743
2461	342_979;450_979;342_450
2462	450_980;699_980;450_699
2463	3_731;618_731;3_618
2464	442_981;121_981;121_442
2465	405_982;121_982;121_405
2466	760_983;166_983;166_760
2467	23_984;659_984;23_659
2468	3_985;232_985;3_232
2469	94_986;778_986;94_778
2470	778_987;361_987;361_778
2471	629_988;722_988;629_722
2472	3_989;737_989;3_737
2473	121_990;146_990;121_146
2474	780_831;778_780;778_831
2475	225_622;622_957;225_957
2476	600_939;121_600;121_939
2477	197_743;197_472;472_743
2478	737_991;348_991;348_737
2479	94_992;778_992;94_778
2480	121_993;956_993;121_956
2481	830_994;3_994;3_830
2482	121_995;225_995;121_225
2483	369_996;3_996;3_369
2484	472_997;10_997;10_472
2485	778_998;836_998;778_836
2486	3_999;722_999;3_722
2487	225_1000;957_1000;225_957
2488	442_1001;121_1001;121_442
2489	3_529;529_696;3_696
2490	743_1002;472_1002;472_743
2491	699_1003;939_1003;699_939
2492	3_1004;696_1004;3_696
2493	3_349;52_349;3_52
2494	76_361;76_476;361_476
2495	710_1005;722_1005;710_722
2496	675_1006;3_1006;3_675
2497	472_1007;687_1007;472_687
2498	472_1008;166_1008;166_472
2499	641_722;213_641;213_722
2500	286_421;421_618;286_618
2501	52_1009;618_1009;52_618
2502	10_670;670_760;10_760
2503	3_479;25_479;3_25
2504	73_476;73_202;202_476
2505	51_166;51_309;166_309
2506	52_1010;618_1010;52_618
2507	82_1011;618_1011;82_618
2508	644_776;472_776;472_644
2509	309_1012;825_1012;309_825
2510	849_1013;508_1013;508_849
2511	593_1014;468_1014;468_593
2512	328_1015;509_1015;328_509
2513	151_784;784_830;151_830
2514	348_408;229_408;229_348
2515	92_726;280_726;92_280
2516	3_648;648_989;3_989
2517	580_618;156_580;156_618
2518	81_471;328_471;81_328
2519	599_737;348_599;348_737
2520	348_775;629_775;348_629
2521	266_618;153_266;153_618
2522	50_618;50_328;328_618
2523	618_734;734_849;618_849
2524	618_688;683_688;618_683
2525	595_722;82_595;82_722
2526	38_720;38_164;164_720
2527	129_668;1_668;1_129
2528	328_512;331_512;328_331
2529	27_82;27_618;82_618
2530	62_280;62_534;280_534
2531	317_618;290_317;290_618
2532	473_618;473_798;618_798
2533	313_618;153_313;153_618
2534	395_459;173_459;173_395
2535	509_558;173_558;173_509
2536	149_328;149_173;173_328
2537	12_552;280_552;12_280
2538	280_559;559_900;280_900
2539	280_503;503_562;280_562
2540	280_763;763_803;280_803
2541	215_674;215_535;535_674
2542	260_736;663_736;260_663
2543	143_414;143_562;414_562
2544	448_674;448_877;674_877
2545	161_562;161_674;562_674
2546	1_739;739_837;1_837
2547	1_373;373_906;1_906
2548	1_291;291_829;1_829
2549	1_170;170_829;1_829
2550	1_113;113_243;1_243
2551	18_592;379_592;18_379
2552	119_303;35_303;35_119
2553	60_649;60_823;649_823
2554	245_649;245_834;649_834
2555	46_649;46_823;649_823
2556	37_829;37_119;119_829
2557	35_357;357_519;35_519
2558	53_275;275_639;53_639
2559	35_209;209_519;35_519
2560	119_346;35_346;35_119
2561	538_858;538_820;820_858
2562	15_658;230_658;15_230
2563	13_53;13_15;15_53
2564	8_139;139_651;8_651
2565	174_230;174_646;230_646
2566	639_672;15_672;15_639
2567	573_874;268_573;268_874
2568	8_523;523_651;8_651
2569	268_724;724_937;268_937
2570	283_711;659_711;283_659
2571	390_773;390_706;706_773
2572	8_391;391_773;8_773
2573	8_312;312_651;8_651
2574	33_307;307_561;33_561
2575	740_773;706_740;706_773
2576	8_617;617_773;8_773
2577	565_651;565_706;651_706
2578	694_937;8_694;8_937
2579	561_656;327_656;327_561
2580	8_419;139_419;8_139
2581	0_532;532_774;0_774
2582	0_278;278_478;0_478
2583	277_773;277_706;706_773
2584	413_706;413_540;540_706
2585	139_702;651_702;139_651
2586	474_605;0_474;0_605
2587	327_466;227_466;227_327
2588	340_540;33_340;33_540
2589	88_390;88_706;390_706
2590	380_383;374_380;374_383
2591	33_253;253_307;33_307
2592	212_228;212_602;228_602
2593	114_959;114_383;383_959
2594	651_1016;706_1016;651_706
2595	651_1017;706_1017;651_706
2596	227_1018;0_1018;0_227
2597	227_386;0_386;0_227
2598	66_327;66_466;327_466
2599	23_1019;32_1019;23_32
2600	0_755;532_755;0_532
2601	374_715;23_715;23_374
2602	383_579;374_579;374_383
2603	327_746;66_746;66_327
2604	47_605;0_47;0_605
2605	561_1020;605_1020;561_605
2606	327_1021;466_1021;327_466
2607	540_1022;33_1022;33_540
2608	564_1023;661_1023;564_661
2609	327_1024;227_1024;227_327
2610	227_701;0_701;0_227
2611	94_159;159_778;94_778
2612	33_99;99_387;33_387
2613	23_1025;363_1025;23_363
2614	561_718;656_718;561_656
2615	227_485;0_485;0_227
2616	0_366;366_383;0_383
2617	0_360;360_774;0_774
2618	154_561;154_605;561_605
2619	22_774;22_959;774_959
2620	279_774;279_959;774_959
2621	607_727;89_727;89_607
2622	89_244;90_244;89_90
2623	478_1026;228_1026;228_478
2624	750_1027;597_1027;597_750
2625	89_1028;90_1028;89_90
2626	655_966;655_713;713_966
2627	544_647;188_647;188_544
2628	628_681;293_628;293_681
2629	93_582;544_582;93_544
2630	476_749;749_850;476_850
2631	383_601;579_601;383_579
2632	383_762;657_762;383_657
2633	383_725;374_725;374_383
2634	440_455;455_681;440_681
2635	293_551;177_551;177_293
2636	23_679;150_679;23_150
2637	177_744;20_744;20_177
2638	192_618;153_192;153_618
2639	32_528;528_593;32_593
2640	283_364;364_659;283_659
2641	70_283;70_659;283_659
2642	659_729;298_729;298_659
2643	659_709;298_709;298_659
2644	650_659;298_650;298_659
2645	296_553;326_553;296_326
2646	296_489;326_489;296_326
2647	458_728;554_728;458_554
2648	458_721;554_721;458_554
2649	165_326;165_606;326_606
2650	194_463;107_463;107_194
2651	712_772;410_772;410_712
2652	618_753;683_753;618_683
2653	164_665;499_665;164_499
2654	441_462;333_441;333_462
2655	221_410;12_221;12_410
2656	79_491;12_79;12_491
2657	280_680;680_797;280_797
2658	461_770;112_770;112_461
2659	621_678;280_621;280_678
2660	12_249;249_280;12_280
2661	618_669;669_691;618_691
2662	213_589;82_589;82_213
2663	280_537;537_663;280_663
2664	21_112;21_465;112_465
2665	68_722;68_213;213_722
2666	30_641;30_213;213_641
2667	331_568;326_568;326_331
2668	432_557;194_557;194_432
2669	1_445;445_906;1_906
2670	350_720;38_350;38_720
2671	284_562;284_674;562_674
2672	141_194;107_141;107_194
2673	328_748;331_748;328_331
2674	11_515;11_173;173_515
2675	423_535;423_847;535_847
2676	242_691;242_328;328_691
2677	45_618;45_305;305_618
2678	448_695;695_877;448_877
2679	618_664;153_664;153_618
2680	331_425;326_425;326_331
2681	392_498;389_392;389_498
2682	164_321;320_321;164_320
2683	207_788;207_674;674_788
2684	326_613;92_613;92_326
2685	189_581;430_581;189_430
2686	107_522;406_522;107_406
2687	107_236;236_406;107_406
2688	107_234;234_267;107_267
2689	192_453;153_453;153_192
2690	189_259;259_685;189_685
2691	1_5;5_906;1_906
2692	211_663;211_771;663_771
2693	148_508;148_481;481_508
2694	1_422;422_908;1_908
2695	251_331;251_326;326_331
2696	181_461;112_181;112_461
2697	169_331;169_326;326_331
2698	28_481;28_498;481_498
2699	326_716;585_716;326_585
2700	326_447;92_447;92_326
2701	40_326;40_606;326_606
2702	498_574;389_574;389_498
2703	461_671;181_671;181_461
2704	112_219;21_219;21_112
2705	2_606;2_164;164_606
2706	556_705;267_556;267_705
2707	394_585;394_401;401_585
2708	461_708;112_708;112_461
2709	120_324;120_452;324_452
2710	326_376;376_435;326_435
2711	171_326;171_439;326_439
2712	152_465;152_705;465_705
2713	524_770;112_524;112_770
2714	183_645;183_324;324_645
2715	100_112;21_100;21_112
2716	295_645;295_324;324_645
2717	444_556;267_444;267_556
2718	53_226;226_639;53_639
2719	397_436;397_674;436_674
2720	53_304;15_304;15_53
2721	135_906;53_135;53_906
2722	36_786;235_786;36_235
2723	1_487;487_829;1_829
2724	1_609;170_609;1_170
2725	170_626;626_829;170_829
2726	59_645;59_324;324_645
2727	48_645;48_324;324_645
2728	5_353;353_906;5_906
2729	357_673;519_673;357_519
2730	37_510;119_510;37_119
2731	35_314;314_357;35_357
2732	35_407;357_407;35_357
2733	15_172;172_658;15_658
2734	80_625;511_625;80_511
2735	80_247;247_511;80_511
2736	519_608;608_942;519_942
2737	144_511;0_144;0_511
2738	383_824;725_824;383_725
2739	383_832;579_832;383_579
2740	23_586;586_984;23_984
2741	779_959;383_779;383_959
2742	653_654;544_654;544_653
2743	374_382;382_715;374_715
2744	616_657;374_616;374_657
2745	412_706;33_412;33_706
2746	23_842;842_962;23_962
2747	374_640;382_640;374_382
2748	23_502;502_962;23_962
2749	318_374;248_318;248_374
2750	298_610;116_610;116_298
2751	23_548;548_1019;23_1019
2752	370_962;32_370;32_962
2753	328_927;331_927;328_331
2754	328_818;331_818;328_331
2755	193_930;331_930;193_331
2756	691_950;328_950;328_691
2757	173_941;296_941;173_296
2758	691_936;328_936;328_691
2759	691_949;328_949;328_691
2760	691_693;328_693;328_691
2761	326_584;584_606;326_606
2762	296_513;489_513;296_489
2763	328_955;515_955;328_515
2764	917_927;331_917;331_927
2765	606_913;164_913;164_606
2766	164_891;665_891;164_665
2767	92_889;280_889;92_280
2768	280_945;534_945;280_534
2769	562_921;674_921;562_674
2770	121_894;894_969;121_969
2771	1_812;609_812;1_609
2772	969_1010;369_1010;369_969
2773	837_982;53_982;53_837
2774	624_1002;549_1002;549_624
2775	209_745;519_745;209_519
2776	549_880;341_880;341_549
2777	641_1008;30_1008;30_641
2778	242_1009;328_1009;242_328
2779	321_868;320_868;320_321
2780	434_728;434_554;554_728
2781	665_871;499_871;499_665
2782	499_873;410_873;410_499
2783	663_859;771_859;663_771
2784	280_841;260_841;260_280
2785	908_932;590_932;590_908
2786	535_940;423_940;423_535
2787	281_549;281_341;341_549
2788	706_944;33_944;33_706
2789	646_897;268_897;268_646
2790	307_1013;561_1013;307_561
2791	561_977;605_977;561_605
2792	307_870;561_870;307_561
2793	561_995;656_995;561_656
2794	561_993;227_993;227_561
2795	227_987;485_987;227_485
2796	0_856;478_856;0_478
2797	227_783;485_783;227_485
2798	604_885;383_885;383_604
2799	383_948;374_948;374_383
2800	638_657;616_638;616_657
2801	592_657;592_616;616_657
2802	616_970;374_970;374_616
2803	383_915;657_915;383_657
2804	383_857;657_857;383_657
2805	383_793;374_793;374_383
2806	294_383;294_374;374_383
2807	374_735;23_735;23_374
2808	530_970;374_530;374_970
2809	23_517;517_962;23_962
2810	616_989;374_989;374_616
2811	23_999;306_999;23_306
2812	310_374;23_310;23_374
2813	23_934;306_934;23_306
2814	23_933;306_933;23_306
2815	32_595;593_595;32_593
2816	23_168;168_306;23_306
2817	264_384;94_384;94_264
2818	32_134;134_593;32_593
2819	86_715;23_86;23_715
2820	167_715;23_167;23_715
2821	146_593;146_468;468_593
2822	715_1004;23_1004;23_715
2823	501_593;468_501;468_593
2824	264_956;94_956;94_264
2825	23_780;780_962;23_962
2826	32_162;134_162;32_134
2827	85_94;85_778;94_778
2828	845_962;32_845;32_962
2829	431_962;370_431;370_962
2830	379_546;158_379;158_546
2831	136_962;136_370;370_962
2832	158_349;187_349;158_187
2833	42_593;42_468;468_593
2834	403_468;250_403;250_468
2835	250_648;546_648;250_546
2836	32_81;81_595;32_595
2837	250_377;377_546;250_546
2838	32_339;339_595;32_595
2839	132_752;132_754;752_754
2840	25_677;25_883;677_883
2841	187_714;714_754;187_754
2842	187_619;619_754;187_754
2843	187_371;371_754;187_754
2844	424_546;187_424;187_546
2845	158_405;187_405;158_187
2846	754_1014;742_1014;742_754
2847	158_809;187_809;158_187
2848	752_798;754_798;752_754
2849	573_754;573_742;742_754
2850	158_761;187_761;158_187
2851	147_158;147_187;158_187
2852	700_754;700_742;742_754
2853	187_538;538_754;187_754
2854	667_752;132_667;132_752
2855	480_541;316_480;316_541
2856	469_742;469_677;677_742
2857	754_846;846_1014;754_1014
2858	301_677;301_883;677_883
2859	742_751;469_751;469_742
2860	677_690;690_898;677_898
2861	98_429;98_140;140_429
2862	429_580;140_580;140_429
2863	316_460;460_583;316_583
2864	52_677;52_898;677_898
2865	76_507;76_943;507_943
2866	266_507;266_449;449_507
2867	73_883;73_541;541_883
2868	225_734;3_734;3_225
2869	369_688;3_688;3_369
2870	3_935;722_935;3_722
2871	3_582;582_618;3_618
2872	348_876;852_876;348_852
2873	629_647;647_722;629_722
2874	551_641;551_1008;641_1008
2875	451_467;451_691;467_691
2876	641_864;864_1008;641_1008
2877	618_696;669_696;618_669
2878	365_691;365_693;691_693
2879	693_1026;328_1026;328_693
2880	691_724;328_724;328_691
2881	161_693;161_328;328_693
2882	213_565;82_565;82_213
2883	82_522;522_618;82_618
2884	30_419;213_419;30_213
2885	82_273;273_550;82_550
2886	82_236;236_550;82_550
2887	82_234;27_234;27_82
2888	82_744;618_744;82_618
2889	720_855;164_855;164_720
2890	331_578;326_578;326_331
2891	290_888;467_888;290_467
2892	290_867;632_867;290_632
2893	331_655;326_655;326_331
2894	326_1028;190_1028;190_326
2895	618_1022;669_1022;618_669
2896	618_914;192_914;192_618
2897	618_900;691_900;618_691
2898	244_618;244_691;618_691
2899	543_632;543_691;632_691
2900	326_524;439_524;326_439
2901	164_1015;712_1015;164_712
2902	691_769;365_769;365_691
2903	691_708;365_708;365_691
2904	652_691;652_950;691_950
2905	523_720;164_523;164_720
2906	153_391;290_391;153_290
2907	271_691;271_328;328_691
2908	686_691;686_693;691_693
2909	156_280;156_945;280_945
2910	395_665;395_871;665_871
2911	258_691;258_693;691_693
2912	66_691;66_724;691_724
2913	290_628;628_867;290_867
2914	164_1021;665_1021;164_665
2915	746_867;632_746;632_867
2916	177_691;177_328;328_691
2917	141_328;141_193;193_328
2918	451_503;503_691;451_691
2919	149_810;149_534;534_810
2920	29_691;29_950;691_950
2921	46_691;46_365;365_691
2922	410_963;491_963;410_491
2923	328_518;518_955;328_955
2924	462_691;328_462;328_691
2925	333_950;328_333;328_950
2926	331_671;326_671;326_331
2927	110_439;110_164;164_439
2928	499_1023;410_1023;410_499
2929	410_850;12_850;12_410
2930	372_712;372_410;410_712
2931	12_1020;280_1020;12_280
2932	12_510;510_678;12_678
2933	12_291;291_678;12_678
2934	678_1027;621_1027;621_678
2935	410_887;491_887;410_491
2936	491_661;12_661;12_491
2937	280_718;718_810;280_810
2938	12_625;249_625;12_249
2939	280_786;559_786;280_559
2940	678_789;280_789;280_678
2941	280_767;767_810;280_810
2942	53_588;304_588;53_304
2943	304_481;15_481;15_304
2944	284_639;15_284;15_639
2945	68_639;15_68;15_639
2946	230_650;174_650;174_230
2947	15_679;230_679;15_230
2948	646_668;268_668;268_646
2949	15_1011;172_1011;15_172
2950	15_558;230_558;15_230
2951	172_843;658_843;172_658
2952	268_389;389_937;268_937
2953	221_646;221_668;646_668
2954	116_646;116_268;268_646
2955	137_646;137_268;268_646
2956	84_892;84_268;268_892
2957	659_668;268_659;268_668
2958	174_942;646_942;174_646
2959	230_866;650_866;230_650
2960	268_529;529_937;268_937
2961	80_646;80_268;268_646
2962	508_937;8_508;8_937
2963	268_479;479_937;268_937
2964	312_985;651_985;312_651
2965	773_844;706_844;706_773
2966	519_706;412_519;412_706
2967	357_651;357_706;651_706
2968	277_745;706_745;277_706
2969	497_617;497_773;617_773
2970	202_413;202_540;413_540
2971	277_363;363_706;277_706
2972	90_277;90_706;277_706
2973	498_651;498_1016;651_1016
2974	33_998;561_998;33_561
2975	706_996;412_996;412_706
2976	412_537;33_537;33_412
2977	298_540;298_340;340_540
2978	251_327;251_1024;327_1024
2979	33_986;387_986;33_387
2980	33_662;561_662;33_561
2981	604_849;383_849;383_604
2982	209_561;209_656;561_656
2983	856_1009;478_1009;478_856
2984	778_854;836_854;778_836
2985	476_874;749_874;476_749
2986	468_1002;250_1002;250_468
2987	37_336;37_546;336_546
2988	187_932;714_932;187_714
2989	379_913;158_913;158_379
2990	742_880;677_880;677_742
2991	140_974;507_974;140_507
2992	507_824;76_824;76_507
2993	3_536;300_536;3_300
2994	442_1019;121_1019;121_442
2995	121_870;3_870;3_121
2996	121_802;3_802;3_121
2997	225_926;3_926;3_225
2998	300_728;286_728;286_300
2999	280_682;682_945;280_945
3000	678_873;789_873;678_789
3001	674_716;448_716;448_674
3002	535_936;118_936;118_535
3003	382_535;118_382;118_535
3004	118_1004;323_1004;118_323
3005	649_940;858_940;649_858
3006	1_530;5_530;1_5
3007	415_609;170_415;170_609
3008	5_841;353_841;5_353
3009	230_1010;174_1010;174_230
3010	174_592;592_942;174_942
3011	580_650;174_580;174_650
3012	8_629;617_629;8_617
3013	227_864;864_1018;227_1018
3014	778_1026;836_1026;778_836
3015	944_962;32_944;32_962
3016	595_700;593_700;593_595
3017	546_888;187_888;187_546
3018	460_546;187_460;187_546
3019	110_619;110_754;619_754
3020	187_735;619_735;187_619
3021	266_546;266_379;379_546
3022	619_894;754_894;619_754
3023	754_867;677_867;677_754
3024	677_949;541_949;541_677
3025	742_935;677_935;677_742
3026	462_541;462_480;480_541
3027	541_914;480_914;480_541
3028	46_316;46_583;316_583
3029	686_943;121_686;121_943
3030	943_1023;121_1023;121_943
3031	917_943;121_917;121_943
3032	121_671;3_671;3_121
3033	480_632;316_632;316_480
3034	507_518;449_518;449_507
3035	3_769;666_769;3_666
3036	708_722;641_708;641_722
3037	30_517;213_517;30_213
3038	271_449;271_442;442_449
3039	153_258;258_290;153_290
3040	618_785;785_1022;618_1022
3041	84_691;84_652;652_691
3042	66_691;66_177;177_691
3043	29_328;29_331;328_331
3044	618_900;900_1022;618_1022
3045	177_244;244_328;177_328
3046	451_691;451_652;652_691
3047	177_923;328_923;177_328
3048	307_664;153_307;153_664
3049	91_1022;91_669;669_1022
3050	177_522;328_522;177_328
3051	273_652;273_950;652_950
3052	236_652;236_950;652_950
3053	652_744;744_950;652_950
3054	153_553;258_553;153_258
3055	567_669;567_691;669_691
3056	391_652;391_950;652_950
3057	328_690;326_690;326_328
3058	153_301;290_301;153_290
3059	91_898;669_898;91_669
3060	328_498;498_927;328_927
3061	357_691;66_357;66_691
3062	744_985;950_985;744_950
3063	149_410;149_850;410_850
3064	296_669;296_691;669_691
3065	52_691;52_66;66_691
3066	745_950;328_745;328_950
3067	363_691;177_363;177_691
3068	90_326;90_171;171_326
3069	328_1028;331_1028;328_331
3070	328_607;331_607;328_331
3071	326_524;171_524;171_326
3072	164_192;192_712;164_712
3073	256_321;256_868;321_868
3074	298_331;298_326;326_331
3075	12_696;510_696;12_510
3076	12_550;510_550;12_510
3077	410_537;491_537;410_491
3078	510_659;659_678;510_678
3079	171_202;202_439;171_439
3080	458_868;320_458;320_868
3081	429_534;429_562;534_562
3082	12_573;510_573;12_510
3083	323_1020;649_1020;323_649
3084	1_479;479_837;1_837
3085	135_1011;53_1011;53_135
3086	5_558;558_906;5_906
3087	53_986;304_986;53_304
3088	53_662;304_662;53_304
3089	15_996;8_996;8_15
3090	15_369;8_369;8_15
3091	53_559;304_559;53_304
3092	80_275;80_639;275_639
3093	68_519;15_519;15_68
3094	68_478;15_478;15_68
3095	436_702;436_651;651_702
3096	605_702;605_651;651_702
3097	629_1014;617_1014;617_629
3098	617_891;497_891;497_617
3099	706_866;33_866;33_706
3100	617_1024;497_1024;497_617
3101	617_955;497_955;497_617
3102	561_693;227_693;227_561
3103	497_606;606_773;497_773
3104	656_798;327_798;327_656
3105	228_646;228_668;646_668
3106	165_998;165_561;561_998
3107	156_617;156_497;497_617
3108	588_773;390_588;390_773
3109	365_617;365_497;497_617
3110	706_1016;33_1016;33_706
3111	249_1014;249_617;617_1014
3112	702_887;651_887;651_702
3113	706_803;33_803;33_706
3114	497_786;606_786;497_606
3115	33_291;291_998;33_998
3116	340_617;340_497;497_617
3117	728_998;561_728;561_998
3118	982_1024;497_982;497_1024
3119	370_497;370_773;497_773
3120	206_706;206_803;706_803
3121	773_1017;706_1017;706_773
3122	773_1009;588_1009;588_773
3123	602_706;602_803;706_803
3124	221_227;221_864;227_864
3125	92_1018;0_92;0_1018
3126	656_1027;798_1027;656_798
3127	0_565;565_755;0_755
3128	227_751;751_864;227_864
3129	0_485;485_755;0_755
3130	0_941;755_941;0_755
3131	469_1018;0_469;0_1018
3132	913_998;561_913;561_998
3133	173_755;173_532;532_755
3134	227_855;855_1018;227_1018
3135	710_798;327_710;327_798
3136	136_227;136_1018;227_1018
3137	38_864;38_1018;864_1018
3138	161_1018;92_161;92_1018
3139	734_1018;92_734;92_1018
3140	538_755;532_538;532_755
3141	424_469;0_424;0_469
3142	173_371;371_532;173_532
3143	187_1019;735_1019;187_735
3144	134_187;134_735;187_735
3145	413_619;413_894;619_894
3146	412_735;412_619;619_735
3147	619_926;110_926;110_619
3148	677_824;316_824;316_677
3149	462_772;480_772;462_480
3150	316_969;140_969;140_316
3151	316_714;583_714;316_583
3152	540_781;507_540;507_781
3153	105_507;105_943;507_943
3154	277_583;140_277;140_583
3155	225_847;3_847;3_225
3156	587_724;328_587;328_724
3157	76_328;76_326;326_328
3158	328_680;141_680;141_328
3159	326_1015;524_1015;326_524
3160	718_1026;810_1026;718_810
3161	708_996;8_708;8_996
3162	617_923;497_923;497_617
3163	773_888;390_888;390_773
3164	266_617;266_497;497_617
3165	522_773;522_706;706_773
3166	497_871;773_871;497_773
3167	336_390;336_706;390_706
3168	33_856;387_856;33_387
3169	387_686;561_686;387_561
3170	803_877;33_877;33_803
3171	656_671;671_798;656_798
3172	632_656;327_632;327_656
3173	227_531;136_531;136_227
3174	290_798;290_327;327_798
3175	153_227;136_153;136_227
3176	641_1018;469_641;469_1018
3177	136_395;395_1018;136_1018
3178	327_467;227_467;227_327
3179	227_914;751_914;227_751
3180	327_391;227_391;227_327
3181	227_558;136_558;136_227
3182	755_949;173_949;173_755
3183	261_1018;261_734;734_1018
3184	458_755;173_458;173_755
3185	46_136;46_1018;136_1018
3186	273_734;92_273;92_734
3187	25_1018;0_25;0_1018
3188	900_1018;641_900;641_1018
3189	174_1018;161_174;161_1018
3190	38_236;236_1018;38_1018
3191	755_1021;949_1021;755_949
3192	0_567;485_567;0_485
3193	0_518;518_755;0_755
3194	755_834;173_834;173_755
3195	92_745;0_745;0_92
3196	173_744;532_744;173_532
3197	173_883;532_883;173_532
3198	0_769;755_769;0_755
3199	755_982;458_982;458_755
3200	326_873;90_873;90_326
3201	171_820;202_820;171_202
3202	410_664;491_664;410_491
3203	534_948;429_948;429_534
3204	268_921;268_674;674_921
3205	460_963;460_491;491_963
3206	158_537;158_491;491_537
3207	412_661;12_412;12_661
3208	12_926;696_926;12_696
3209	365_510;365_678;510_678
3210	340_678;340_621;621_678
3211	156_678;156_621;621_678
3212	277_678;277_621;621_678
3213	678_824;621_824;621_678
3214	134_678;134_621;621_678
3215	696_702;510_702;510_696
3216	648_678;621_648;621_678
3217	534_969;429_969;429_534
3218	534_714;562_714;534_562
3219	280_540;540_810;280_810
3220	429_1019;562_1019;429_562
3221	921_1024;674_1024;674_921
3222	674_955;535_955;535_674
3223	562_935;921_935;562_921
3224	674_917;539_917;539_674
3225	227_498;498_558;227_558
3226	141_227;141_914;227_914
3227	227_1028;914_1028;227_914
3228	680_751;680_864;751_864
3229	251_864;38_251;38_864
3230	751_998;864_998;751_864
3231	261_415;415_734;261_734
3232	734_1026;273_1026;273_734
3233	755_1015;458_1015;458_755
3234	755_829;458_829;458_755
3235	170_485;170_755;485_755
3236	458_668;173_668;173_458
3237	80_755;80_458;458_755
3238	76_755;76_458;458_755
3239	458_950;173_950;173_458
3240	173_708;532_708;173_532
3241	173_724;532_724;173_532
3242	583_744;532_583;532_744
3243	458_606;173_606;173_458
3244	173_609;609_883;173_883
3245	173_659;532_659;173_532
3246	221_744;221_583;583_744
3247	140_173;140_532;173_532
3248	209_1021;656_1021;209_656
3249	327_499;227_499;227_327
3250	458_941;941_950;458_950
3251	856_1014;387_1014;387_856
3252	387_1019;686_1019;387_686
3253	387_963;33_963;33_387
3254	491_798;290_491;290_798
3255	33_789;789_856;33_856
3256	340_693;227_340;227_693
3257	227_277;277_864;227_864
3258	33_696;696_789;33_789
3259	156_561;156_693;561_693
3260	751_824;824_998;751_998
3261	714_856;714_1014;856_1014
3262	209_648;648_1021;209_1021
3263	661_680;661_864;680_864
3264	209_537;537_1021;209_1021
3265	629_1019;629_686;686_1019
3266	686_949;561_949;561_686
3267	926_1018;261_926;261_1018
3268	387_917;686_917;387_686
3269	387_871;871_1019;387_1019
3270	630_686;630_949;686_949
3271	38_969;969_1018;38_1018
3272	38_136;136_1018;38_1018
3273	38_164;164_969;38_969
3274	25_712;0_712;0_25
3275	134_458;134_950;458_950
3276	80_550;458_550;80_458
3277	321_458;321_950;458_950
3278	320_458;320_941;458_941
3279	12_458;12_941;458_941
3280	410_950;173_410;173_950
3281	950_1024;173_1024;173_950
3282	810_950;173_810;173_950
3283	173_664;532_664;173_532
3284	678_883;532_678;532_883
3285	173_935;724_935;173_724
3286	118_883;118_532;532_883
3287	173_1017;609_1017;173_609
3288	251_708;38_708;38_251
3289	273_803;92_803;92_273
3290	273_706;92_706;92_273
3291	664_773;532_773;532_664
3292	583_1009;532_1009;532_583
3293	387_866;686_866;387_686
3294	206_686;206_561;561_686
3295	387_955;686_955;387_686
3296	33_674;674_789;33_789
3297	227_649;649_864;227_864
3298	789_858;856_858;789_856
3299	387_617;617_686;387_686
3300	387_539;539_866;387_866
3301	535_1014;387_535;387_1014
3302	8_1014;8_387;387_1014
3303	25_606;0_606;0_25
3304	834_921;173_921;173_834
3305	33_268;268_789;33_789
3306	15_744;15_583;583_744
3307	497_1014;387_497;387_1014
3308	370_609;370_883;609_883
3309	883_923;532_923;532_883
3310	0_562;518_562;0_518
3311	221_639;583_639;221_583
3312	53_678;53_532;532_678
3313	678_906;532_906;532_678
3314	671_686;206_671;206_686
3315	68_561;68_209;209_561
3316	1_156;1_693;156_693
3317	141_883;141_532;532_883
3318	498_693;340_498;340_693
3319	227_948;948_1028;227_1028
3320	534_1028;534_914;914_1028
3321	429_914;429_751;751_914
3322	751_945;680_945;680_751
3323	415_824;415_998;824_998
3324	280_998;280_751;751_998
3325	38_621;621_1018;38_1018
3326	540_864;38_540;38_864
3327	510_864;38_510;38_864
3328	365_751;365_824;751_824
3329	864_868;38_868;38_864
3330	38_769;164_769;38_164
3331	202_824;202_998;824_998
3332	38_171;171_1018;38_1018
3333	38_439;164_439;38_164
3334	38_412;164_412;38_164
3335	38_953;953_1018;38_1018
3336	158_864;158_540;540_864
3337	164_460;460_969;164_969
3338	702_1018;261_702;261_1018
3339	0_820;485_820;0_485
3340	745_945;680_745;680_945
3341	164_174;174_969;164_969
3342	38_1016;1016_1018;38_1018
3343	855_1018;734_855;734_1018
3344	531_1018;0_531;0_1018
3345	236_562;236_518;518_562
3346	153_820;153_485;485_820
3347	92_550;0_550;0_92
3348	140_485;140_755;485_755
3349	390_755;390_458;458_755
3350	90_755;90_458;458_755
3351	326_755;326_458;458_755
3352	458_696;696_941;458_941
3353	458_891;12_891;12_458
3354	524_941;524_950;941_950
3355	12_467;467_941;12_941
3356	391_458;391_950;458_950
3357	632_950;632_1024;950_1024
3358	173_423;423_664;173_664
3359	173_395;395_659;173_659
3360	873_1024;173_873;173_1024
3361	578_941;578_950;941_950
3362	12_424;424_941;12_941
3363	537_941;537_950;941_950
3364	568_969;164_568;164_969
3365	485_630;170_630;170_485
3366	331_485;140_331;140_485
3367	485_877;170_877;170_485
3368	29_755;29_982;755_982
3369	170_718;718_755;170_755
3370	0_888;562_888;0_562
3371	328_755;328_982;755_982
3372	277_755;277_458;458_755
3373	458_996;891_996;458_891
3374	755_786;29_786;29_755
3375	588_724;532_588;532_724
3376	522_773;522_532;532_773
3377	369_773;369_532;532_773
3378	88_834;88_173;173_834
3379	656_708;708_798;656_798
3380	227_320;320_649;227_649
3381	46_824;46_415;415_824
3382	266_824;266_415;415_824
3383	864_927;510_927;510_864
3384	323_751;323_824;751_824
3385	139_824;139_415;415_824
3386	280_917;751_917;280_751
3387	284_864;284_510;510_864
3388	336_864;38_336;38_864
3389	646_751;646_680;680_751
3390	172_510;38_172;38_510
3391	38_275;275_1018;38_1018
3392	415_1022;998_1022;415_998
3393	669_751;669_824;751_824
3394	652_824;46_652;46_824
3395	618_941;524_618;524_941
3396	330_950;330_810;810_950
3397	50_678;50_906;678_906
3398	327_803;499_803;327_499
3399	321_327;227_321;227_327
3400	227_268;268_751;227_751
3401	290_499;227_290;227_499
3402	691_864;38_691;38_864
3403	415_1026;998_1026;415_998
3404	261_507;507_734;261_734
3405	225_824;225_266;266_824
3406	540_858;38_858;38_540
3407	38_101;101_769;38_769
3408	3_38;3_1018;38_1018
3409	568_666;164_666;164_568
3410	674_734;92_674;92_734
3411	164_348;174_348;164_174
3412	121_969;121_568;568_969
3413	136_961;961_1018;136_1018
3414	164_943;460_943;164_460
3415	92_449;0_449;0_92
3416	316_734;92_316;92_734
3417	371_969;371_568;568_969
3418	969_1023;568_1023;568_969
3419	538_1018;538_926;926_1018
3420	442_568;442_666;568_666
3421	271_855;271_734;734_855
3422	164_981;460_981;164_460
3423	261_785;507_785;261_507
3424	164_565;460_565;164_460
3425	164_204;204_348;164_348
3426	173_894;883_894;173_883
3427	174_497;497_969;174_969
3428	173_754;664_754;173_664
3429	677_969;568_677;568_969
3430	619_674;92_619;92_674
3431	460_587;587_969;460_969
3432	480_755;458_480;458_755
3433	173_745;532_745;173_532
3434	251_883;251_532;532_883
3435	535_969;535_1018;969_1018
3436	110_969;110_1018;969_1018
3437	735_969;121_735;121_969
3438	173_789;745_789;173_745
3439	173_606;423_606;173_423
3440	534_664;534_773;664_773
3441	53_458;53_941;458_941
3442	458_706;706_941;458_941
3443	539_941;539_950;941_950
3444	1_941;1_618;618_941
3445	458_714;714_996;458_996
3446	618_710;524_710;524_618
3447	370_950;173_370;173_950
3448	118_524;118_950;524_950
3449	15_810;15_173;173_810
3450	524_602;602_950;524_950
3451	781_810;173_781;173_810
3452	742_810;173_742;173_810
3453	541_941;541_618;618_941
3454	462_950;173_462;173_950
3455	867_950;330_867;330_950
3456	291_810;173_291;173_810
3457	423_671;664_671;423_664
3458	330_491;491_810;330_810
3459	173_187;187_754;173_754
3460	423_852;664_852;423_664
3461	173_413;413_664;173_664
3462	423_1027;664_1027;423_664
3463	847_883;532_847;532_883
3464	906_1009;532_1009;532_906
3465	664_871;532_871;532_664
3466	712_998;712_864;864_998
3467	550_565;460_550;460_565
3468	948_969;371_948;371_969
3469	141_164;141_943;164_943
3470	565_583;460_583;460_565
3471	164_221;174_221;164_174
3472	164_639;460_639;164_460
3473	568_880;442_880;442_568
3474	266_526;415_526;266_415
3475	105_371;105_568;371_568
3476	568_772;442_772;442_568
3477	546_1018;261_546;261_1018
3478	379_415;379_1022;415_1022
3479	377_469;0_377;0_469
3480	250_1018;250_855;855_1018
3481	371_468;468_568;371_568
3482	42_969;42_677;677_969
3483	174_593;593_969;174_969
3484	0_778;755_778;0_755
3485	202_969;202_535;535_969
3486	92_361;0_361;0_92
3487	261_850;507_850;261_507
3488	0_700;700_888;0_888
3489	460_595;595_969;460_969
3490	92_651;449_651;92_449
3491	165_864;165_540;540_864
3492	135_460;135_969;460_969
3493	94_336;38_94;38_336
3494	85_460;85_587;460_587
3495	245_460;245_969;460_969
3496	460_842;842_969;460_969
3497	604_969;604_948;948_969
3498	92_374;0_374;0_92
3499	310_734;310_674;674_734
3500	23_888;23_562;562_888
3501	510_715;38_715;38_510
3502	519_674;92_519;92_674
3503	316_478;92_478;92_316
3504	824_868;415_868;415_824
3505	248_666;164_248;164_666
3506	193_969;193_677;677_969
3507	690_734;92_690;92_734
3508	81_864;81_284;284_864
3509	449_873;0_873;0_449
3510	316_661;92_661;92_316
3511	755_940;326_940;326_755
3512	0_937;820_937;0_820
3513	371_836;568_836;371_568
3514	266_823;415_823;266_415
3515	158_1022;158_998;998_1022
3516	33_518;33_755;518_755
3517	32_38;32_275;38_275
3518	778_962;755_962;755_778
3519	728_1018;261_728;261_1018
3520	304_998;304_751;751_998
3521	228_755;228_834;755_834
3522	249_568;249_880;568_880
3523	164_530;530_565;164_565
3524	0_508;508_820;0_820
3525	786_856;29_856;29_786
3526	0_436;436_820;0_820
3527	5_855;5_734;734_855
3528	0_383;383_755;0_755
3529	177_1018;177_926;926_1018
3530	568_702;249_702;249_568
3531	164_171;171_460;164_460
3532	164_389;389_460;164_460
3533	66_880;66_442;442_880
3534	261_986;734_986;261_734
3535	164_662;565_662;164_565
3536	92_448;448_651;92_651
3537	215_824;215_415;415_824
3538	607_734;607_690;690_734
3539	427_734;427_690;690_734
3540	734_913;92_913;92_734
3541	755_837;228_837;228_755
3542	629_888;562_629;562_888
3543	139_531;415_531;139_415
3544	559_666;164_559;164_666
3545	515_666;164_515;164_666
3546	998_1016;751_1016;751_998
3547	460_722;595_722;460_595
3548	605_998;605_864;864_998
3549	460_682;245_682;245_460
3550	164_479;348_479;164_348
3551	164_353;353_460;164_460
3552	84_415;84_998;415_998
3553	164_1020;141_1020;141_164
3554	864_887;336_887;336_864
3555	665_998;605_665;605_998
3556	998_1011;751_1011;751_998
3557	391_824;225_391;225_824
3558	140_280;140_751;280_751
3559	284_655;510_655;284_510
3560	755_1014;834_1014;755_834
3561	161_751;161_365;365_751
3562	751_942;323_942;323_751
3563	451_864;165_451;165_864
3564	91_751;91_646;646_751
3565	8_755;8_786;755_786
3566	510_841;38_841;38_510
3567	415_658;658_998;415_998
3568	592_755;592_834;755_834
3569	149_415;149_1026;415_1026
3570	481_755;326_481;326_755
3571	256_755;256_834;755_834
3572	38_578;275_578;38_275
3573	38_230;32_230;32_38
3574	38_625;625_769;38_769
3575	573_1022;573_998;998_1022
3576	945_1018;855_945;855_1018
3577	280_363;363_751;280_751
3578	357_864;357_540;540_864
3579	52_677;52_568;568_677
3580	225_298;266_298;225_266
3581	829_855;734_829;734_855
3582	296_1018;296_728;728_1018
3583	192_734;192_316;316_734
3584	258_261;258_734;261_734
3585	244_824;225_244;225_824
3586	213_540;38_213;38_540
3587	30_658;30_998;658_998
3588	415_1008;658_1008;415_658
3589	415_854;854_1026;415_1026
3590	27_275;27_1018;275_1018
3591	92_476;449_476;92_449
3592	0_307;307_485;0_485
3593	92_1015;0_1015;0_92
3594	0_933;778_933;0_778
3595	92_553;449_553;92_449
3596	820_833;153_833;153_820
3597	517_888;23_517;23_888
3598	280_522;522_751;280_751
3599	0_410;410_755;0_755
3600	261_306;306_850;261_850
3601	82_261;82_734;261_734
3602	630_1019;170_1019;170_630
3603	864_963;284_963;284_864
3604	424_888;424_562;562_888
3605	589_888;589_629;629_888
3606	734_985;427_985;427_734
3607	284_1002;510_1002;284_510
3608	820_898;833_898;820_833
3609	562_866;518_866;518_562
3610	153_877;485_877;153_485
3611	744_755;744_940;755_940
3612	116_755;116_940;755_940
3613	617_786;29_617;29_786
3614	95_170;95_718;170_718
3615	68_810;15_68;15_810
3616	206_810;15_206;15_810
3617	664_844;532_844;532_664
3618	664_955;844_955;664_844
3619	734_949;913_949;734_913
3620	290_734;290_427;427_734
3621	449_561;0_561;0_449
3622	156_888;156_562;562_888
3623	498_518;33_498;33_518
3624	467_755;467_592;592_755
3625	33_693;693_755;33_755
3626	331_630;170_331;170_630
3627	891_1028;12_1028;12_891
3628	12_340;340_941;12_941
3629	803_941;803_950;941_950
3630	173_708;708_894;173_894
3631	172_173;172_664;173_664
3632	330_558;491_558;330_491
3633	649_664;532_649;532_664
3634	15_268;173_268;15_173
3635	320_664;320_532;532_664
3636	588_941;541_588;541_941
3637	209_950;209_810;810_950
3638	321_330;321_810;330_810
3639	15_858;268_858;15_268
3640	15_227;173_227;15_173
3641	3_173;3_606;173_606
3642	118_754;118_664;664_754
3643	439_664;439_532;532_664
3644	664_785;534_785;534_664
3645	271_664;271_320;320_664
3646	671_914;664_914;664_671
3647	369_429;429_532;369_532
3648	187_204;204_754;187_754
3649	664_735;532_735;532_664
3650	531_969;164_531;164_969
3651	595_632;632_969;595_969
3652	370_969;370_1018;969_1018
3653	497_734;427_497;427_734
3654	1_969;1_568;568_969
3655	92_522;374_522;92_374
3656	546_1024;261_1024;261_546
3657	291_374;0_291;0_374
3658	52_374;0_52;0_374
3659	374_781;0_781;0_374
3660	460_593;593_842;460_842
3661	0_66;66_508;0_508
3662	0_847;508_847;0_508
3663	573_969;371_573;371_969
3664	248_836;164_836;164_248
3665	508_871;820_871;508_820
3666	213_371;213_468;371_468
3667	706_755;8_706;8_755
3668	755_1027;8_1027;8_755
3669	94_568;94_442;442_568
3670	734_1009;427_1009;427_734
3671	460_1023;842_1023;460_842
3672	458_515;515_696;458_696
3673	559_630;559_1019;630_1019
3674	390_458;390_696;458_696
3675	12_50;50_941;12_941
3676	458_981;696_981;458_696
3677	485_963;0_963;0_485
3678	595_823;823_969;595_969
3679	164_789;789_1020;164_1020
3680	696_715;715_941;696_941
3681	298_630;298_1019;630_1019
3682	12_140;140_941;12_941
3683	158_164;158_530;164_530
3684	395_941;395_541;541_941
3685	363_1020;141_363;141_1020
3686	30_164;30_943;164_943
3687	941_1021;950_1021;941_950
3688	656_820;656_833;820_833
3689	755_1017;90_1017;90_755
3690	0_798;66_798;0_66
3691	724_871;724_820;820_871
3692	648_755;8_648;8_755
3693	327_833;153_327;153_833
3694	541_1002;618_1002;541_618
3695	923_941;541_923;541_941
3696	941_953;950_953;941_950
3697	134_153;134_485;153_485
3698	652_706;8_652;8_706
3699	8_499;499_786;8_786
3700	833_917;153_917;153_833
3701	277_786;277_856;786_856
3702	25_786;25_856;786_856
3703	541_1008;618_1008;541_618
3704	609_856;29_609;29_856
3705	526_856;29_526;29_856
3706	942_1019;170_942;170_1019
3707	630_935;935_1019;630_1019
3708	153_854;485_854;153_485
3709	630_829;829_1019;630_1019
3710	27_29;27_982;29_982
3711	29_1011;982_1011;29_982
3712	755_926;706_926;706_755
3713	742_1026;173_1026;173_742
3714	606_998;423_998;423_606
3715	773_948;532_948;532_773
3716	664_985;532_985;532_664
3717	589_664;534_589;534_664
3718	248_275;275_836;248_836
3719	38_141;38_943;141_943
3720	460_592;592_682;460_682
3721	641_1020;363_641;363_1020
3722	460_498;245_498;245_460
3723	256_460;135_256;135_460
3724	568_949;164_949;164_568
3725	290_677;290_568;568_677
3726	136_969;136_573;573_969
3727	468_841;568_841;468_568
3728	510_969;370_510;370_969
3729	116_969;116_193;193_969
3730	80_969;80_371;371_969
3731	377_943;377_460;460_943
3732	530_961;565_961;530_565
3733	361_442;361_666;442_666
3734	307_943;307_460;460_943
3735	1_284;284_568;1_568
3736	468_562;562_568;468_568
3737	371_383;213_383;213_371
3738	476_568;476_666;568_666
3739	88_568;88_164;164_568
3740	236_568;236_949;568_949
3741	442_449;361_449;361_442
3742	164_877;30_877;30_164
3743	410_565;410_583;565_583
3744	164_192;192_789;164_789
3745	666_693;248_693;248_666
3746	164_933;789_933;164_789
3747	641_937;363_937;363_641
3748	877_888;30_888;30_877
3749	460_480;480_842;460_842
3750	53_969;53_568;568_969
3751	558_568;442_558;442_568
3752	568_921;94_921;94_568
3753	275_1014;836_1014;275_836
3754	227_943;227_460;460_943
3755	228_943;228_460;460_943
3756	568_906;906_949;568_949
3757	565_914;583_914;565_583
3758	164_834;789_834;164_789
3759	204_583;204_460;460_583
3760	460_858;135_858;135_460
3761	268_460;268_969;460_969
3762	900_969;370_900;370_969
3763	481_842;481_969;842_969
3764	728_842;728_969;842_969
3765	568_714;164_714;164_568
3766	38_469;469_943;38_943
3767	460_744;744_969;460_969
3768	33_969;33_116;116_969
3769	460_467;245_467;245_460
3770	943_1015;460_1015;460_943
3771	700_943;460_700;460_943
3772	568_651;651_949;568_949
3773	553_943;377_553;377_943
3774	251_530;251_565;530_565
3775	568_587;94_587;94_568
3776	478_969;478_568;568_969
3777	583_986;460_986;460_583
3778	250_583;204_250;204_583
3779	5_164;5_141;141_164
3780	442_561;561_666;442_666
3781	460_1024;682_1024;460_682
3782	38_678;469_678;38_469
3783	38_517;517_943;38_943
3784	873_943;227_873;227_943
3785	781_836;164_781;164_836
3786	661_836;164_661;164_836
3787	118_164;118_141;141_164
3788	291_460;291_969;460_969
3789	68_836;68_164;164_836
3790	52_914;52_583;583_914
3791	724_969;53_724;53_969
3792	460_617;245_617;245_460
3793	629_1020;629_641;641_1020
3794	837_969;136_837;136_969
3795	141_271;38_271;38_141
3796	460_652;652_842;460_842
3797	377_935;460_935;377_460
3798	652_735;735_842;652_842
3799	568_926;164_926;164_568
3800	442_656;656_666;442_666
3801	164_331;331_834;164_834
3802	141_327;38_327;38_141
3803	609_943;609_700;700_943
3804	298_943;228_298;228_943
3805	666_898;164_898;164_666
3806	666_923;693_923;666_693
3807	164_1019;30_1019;30_164
3808	789_891;891_1020;789_1020
3809	836_948;164_948;164_836
3810	227_940;460_940;227_460
3811	141_982;943_982;141_943
3812	141_539;271_539;141_271
3813	29_141;29_943;141_943
3814	460_745;498_745;460_498
3815	245_1026;969_1026;245_969
3816	478_1021;568_1021;478_568
3817	141_955;327_955;141_327
3818	141_785;271_785;141_271
3819	327_491;38_491;38_327
3820	38_649;517_649;38_517
3821	546_789;546_1020;789_1020
3822	38_985;943_985;38_943
3823	810_1020;641_810;641_1020
3824	141_950;327_950;141_327
3825	894_969;136_894;136_969
3826	754_969;754_1018;969_1018
3827	568_1023;651_1023;568_651
3828	290_363;141_290;141_363
3829	664_985;664_943;943_985
3830	677_700;460_677;460_700
3831	532_969;371_532;371_969
3832	534_568;534_1023;568_1023
3833	173_969;173_754;754_969
3834	3_568;3_949;568_949
3835	413_476;413_666;476_666
3836	651_773;773_949;651_949
3837	462_923;462_693;693_923
3838	742_1023;651_742;651_1023
3839	369_568;369_1023;568_1023
3840	330_530;330_961;530_961
3841	209_460;209_291;291_460
3842	659_937;363_659;363_937
3843	429_460;268_429;268_460
3844	206_969;1_206;1_969
3845	172_291;172_969;291_969
3846	595_883;883_969;595_969
3847	291_606;606_969;291_969
3848	291_423;423_969;291_969
3849	3_941;941_949;3_949
3850	541_949;164_541;164_949
3851	589_949;164_589;164_949
3852	164_588;141_588;141_164
3853	867_949;164_867;164_949
3854	164_607;158_607;158_164
3855	568_671;3_671;3_568
3856	374_583;374_460;460_583
3857	785_852;271_852;271_785
3858	164_841;5_841;5_164
3859	618_961;565_618;565_961
3860	524_565;524_583;565_583
3861	164_321;321_834;164_834
3862	15_141;15_271;141_271
3863	693_755;248_755;248_693
3864	90_693;90_248;248_693
3865	693_953;248_953;248_693
3866	248_844;275_844;248_275
3867	460_888;842_888;460_842
3868	458_789;458_1020;789_1020
3869	583_1027;204_1027;204_583
3870	173_856;754_856;173_754
3871	706_836;164_706;164_836
3872	460_485;429_485;429_460
3873	0_275;0_836;275_836
3874	251_710;565_710;251_565
3875	568_630;476_630;476_568
3876	12_374;12_460;374_460
3877	8_1014;8_836;836_1014
3878	164_833;141_833;141_164
3879	467_696;245_696;245_467
3880	530_602;602_961;530_961
3881	164_395;192_395;164_192
3882	153_565;153_914;565_914
3883	50_836;50_164;164_836
3884	27_291;27_969;291_969
3885	722_1002;595_1002;595_722
3886	565_786;583_786;565_583
3887	204_340;340_460;204_460
3888	158_170;170_530;158_530
3889	565_820;524_820;524_565
3890	508_961;508_565;565_961
3891	172_778;778_969;172_969
3892	164_718;192_718;164_192
3893	841_1028;5_1028;5_841
3894	135_981;969_981;135_969
3895	565_855;855_914;565_914
3896	632_850;507_632;507_850
3897	140_164;140_607;164_607
3898	507_1017;734_1017;507_734
3899	524_1008;583_1008;524_583
3900	390_607;158_390;158_607
3901	326_969;326_754;754_969
3902	192_847;789_847;192_789
3903	559_583;374_559;374_583
3904	164_1011;530_1011;164_530
3905	583_963;460_963;460_583
3906	583_648;204_648;204_583
3907	460_515;515_745;460_745
3908	66_789;66_1020;789_1020
3909	141_1009;955_1009;141_955
3910	583_996;460_996;460_583
3911	583_715;460_715;460_583
3912	436_460;436_745;460_745
3913	134_789;134_458;458_789
3914	374_942;460_942;374_460
3915	871_873;227_871;227_873
3916	567_969;567_754;754_969
3917	95_498;95_245;245_498
3918	327_526;38_526;38_327
3919	518_969;206_518;206_969
3920	588_998;141_998;141_588
3921	823_1020;810_823;810_1020
3922	187_969;136_187;136_969
3923	273_969;136_273;136_969
3924	497_850;497_507;507_850
3925	141_277;277_955;141_955
3926	25_141;25_38;38_141
3927	439_498;245_439;245_498
3928	491_522;38_522;38_491
3929	668_734;427_668;427_734
3930	708_969;708_754;754_969
3931	38_499;499_943;38_943
3932	829_969;326_829;326_969
3933	917_1020;641_917;641_1020
3934	164_854;395_854;164_395
3935	164_519;519_841;164_841
3936	754_798;798_1018;754_1018
3937	227_320;320_940;227_940
3938	754_803;803_1018;754_1018
3939	94_537;442_537;94_442
3940	460_538;538_595;460_595
3941	156_460;156_745;460_745
3942	348_1018;261_348;261_1018
3943	593_955;327_593;327_955
3944	121_261;121_850;261_850
3945	448_498;245_448;245_498
3946	85_850;85_507;507_850
3947	23_850;23_507;507_850
3948	507_866;866_1017;507_1017
3949	458_639;639_1020;458_1020
3950	82_629;82_641;629_641
3951	937_945;659_945;659_937
3952	193_641;193_937;641_937
3953	141_296;38_296;38_141
3954	141_174;15_174;15_141
3955	363_880;141_880;141_363
3956	42_363;42_290;290_363
3957	363_913;290_913;290_363
3958	535_659;363_535;363_659
3959	141_383;174_383;141_174
3960	316_363;141_316;141_363
3961	258_271;38_258;38_271
3962	424_943;307_424;307_943
3963	141_479;479_943;141_943
3964	136_728;573_728;136_573
3965	481_935;460_481;460_935
3966	136_353;353_573;136_573
3967	15_735;271_735;15_271
3968	280_568;280_1023;568_1023
3969	371_864;568_864;371_568
3970	568_751;3_751;3_568
3971	499_604;604_943;499_943
3972	52_678;52_469;469_678
3973	80_499;80_943;499_943
3974	568_712;712_1023;568_1023
3975	227_662;662_940;227_940
3976	336_789;336_1020;789_1020
3977	221_834;221_789;789_834
3978	110_949;110_541;541_949
3979	164_1022;834_1022;164_834
3980	164_621;607_621;164_607
3981	629_986;641_986;629_641
3982	164_250;250_789;164_789
3983	415_789;415_546;546_789
3984	412_641;412_937;641_937
3985	389_641;363_389;363_641
3986	171_639;171_1020;639_1020
3987	141_714;714_943;141_943
3988	165_823;165_810;810_823
3989	781_1020;781_810;810_1020
3990	661_1020;661_810;810_1020
3991	587_1020;141_587;141_1020
3992	824_1020;810_824;810_1020
3993	691_1020;629_691;629_1020
3994	468_669;562_669;468_562
3995	38_284;284_499;38_499
3996	33_38;33_985;38_985
3997	141_550;550_785;141_785
3998	38_202;202_649;38_649
3999	38_177;177_943;38_943
4000	139_937;139_363;363_937
4001	307_365;365_460;307_460
4002	568_680;680_751;568_751
4003	377_646;646_935;377_935
4004	46_562;46_568;562_568
4005	744_785;744_852;785_852
4006	460_887;268_887;268_460
4007	540_969;370_540;370_969
4008	323_326;323_754;326_754
4009	304_969;304_900;900_969
4010	141_225;15_225;15_141
4011	105_969;105_136;136_969
4012	32_326;32_754;326_754
4013	1018_1024;261_1024;261_1018
4014	769_1018;261_769;261_1018
4015	568_702;702_921;568_921
4016	734_877;427_877;427_734
4017	507_617;617_734;507_734
4018	510_734;427_510;427_734
4019	451_507;451_866;507_866
4020	391_866;391_1017;866_1017
4021	379_734;379_668;668_734
4022	658_734;92_658;92_734
4023	449_690;92_449;92_690
4024	427_605;605_690;427_690
4025	236_690;92_236;92_690
4026	249_690;249_427;427_690
4027	68_568;68_751;568_751
4028	651_891;891_949;651_949
4029	164_558;558_607;164_607
4030	251_982;565_982;251_565
4031	949_1021;541_1021;541_949
4032	664_847;664_789;789_847
4033	677_969;326_677;326_969
4034	1_29;29_568;1_568
4035	371_868;568_868;371_568
4036	655_969;655_677;677_969
4037	266_969;266_304;304_969
4038	215_969;215_724;724_969
4039	164_1016;460_1016;164_460
4040	568_619;619_702;568_702
4041	149_921;94_149;94_921
4042	261_962;306_962;261_306
4043	772_949;541_772;541_949
4044	164_665;558_665;164_558
4045	625_921;94_625;94_921
4046	578_949;578_1021;949_1021
4047	230_568;230_949;568_949
4048	161_702;161_921;702_921
4049	101_541;101_164;164_541
4050	84_94;84_442;94_442
4051	558_927;607_927;558_607
4052	30_949;30_867;867_949
4053	357_949;357_541;541_949
4054	244_395;192_244;192_395
4055	91_949;91_164;164_949
4056	81_742;81_651;651_742
4057	76_275;0_76;0_275
4058	686_867;164_686;164_867
4059	275_328;0_328;0_275
4060	3_387;387_949;3_949
4061	164_657;607_657;164_607
4062	234_248;234_844;248_844
4063	248_679;679_844;248_844
4064	170_640;530_640;170_530
4065	682_1021;541_682;541_1021
4066	310_530;251_310;251_530
4067	301_541;164_301;164_541
4068	541_992;101_992;101_541
4069	251_749;565_749;251_565
4070	137_164;137_854;164_854
4071	164_871;558_871;164_558
4072	8_251;8_565;251_565
4073	251_601;601_710;251_710
4074	874_961;618_874;618_961
4075	37_607;37_158;158_607
4076	565_778;583_778;565_583
4077	737_961;618_737;618_961
4078	505_607;158_505;158_607
4079	607_944;158_944;158_607
4080	460_529;529_887;460_887
4081	650_1011;530_650;530_1011
4082	164_190;190_558;164_558
4083	164_1028;558_1028;164_558
4084	565_936;820_936;565_820
4085	251_849;749_849;251_749
4086	530_843;251_843;251_530
4087	460_579;579_652;460_652
4088	330_878;878_961;330_961
4089	842_1004;969_1004;842_969
4090	192_300;300_847;192_847
4091	887_1010;268_1010;268_887
4092	382_558;382_607;558_607
4093	652_970;842_970;652_842
4094	730_847;730_789;789_847
4095	524_716;716_1008;524_1008
4096	536_847;536_789;789_847
4097	731_789;415_731;415_789
4098	192_616;616_847;192_847
4099	763_847;664_763;664_847
4100	460_846;652_846;460_652
4101	582_583;582_996;583_996
4102	652_767;767_842;652_842
4103	524_870;870_1008;524_1008
4104	460_802;652_802;460_652
4105	752_789;415_752;415_789
4106	580_969;371_580;371_969
4107	372_607;158_372;158_607
4108	158_403;170_403;158_170
4109	312_1020;312_641;641_1020
4110	842_974;969_974;842_969
4111	789_932;932_1020;789_1020
4112	146_565;146_524;524_565
4113	164_797;5_797;5_164
4114	414_789;414_415;415_789
4115	565_892;153_892;153_565
4116	565_740;583_740;565_583
4117	720_969;532_720;532_969
4118	523_641;389_523;389_641
4119	158_286;286_530;158_530
4120	628_996;460_628;460_996
4121	551_565;410_551;410_565
4122	501_969;116_501;116_969
4123	930_969;532_930;532_969
4124	349_583;349_996;583_996
4125	338_568;338_949;568_949
4126	460_780;291_780;291_460
4127	419_583;419_963;583_963
4128	132_583;132_996;583_996
4129	11_583;11_996;583_996
4130	996_999;460_999;460_996
4131	94_934;442_934;94_442
4132	876_996;460_876;460_996
4133	229_530;229_251;251_530
4134	168_1008;168_583;583_1008
4135	150_371;150_213;213_371
4136	371_543;543_868;371_868
4137	503_1008;503_583;583_1008
4138	583_883;460_883;460_583
4139	291_1005;172_1005;172_291
4140	583_746;11_746;11_583
4141	371_688;468_688;371_468
4142	162_442;162_361;361_442
4143	339_460;339_652;460_652
4144	333_460;333_842;460_842
4145	568_889;651_889;568_651
4146	460_667;667_780;460_780
4147	460_998;135_998;135_460
4148	38_942;649_942;38_649
4149	98_949;98_1021;949_1021
4150	62_517;62_943;517_943
4151	526_809;38_809;38_526
4152	405_649;405_517;517_649
4153	460_897;156_897;156_460
4154	460_774;774_887;460_887
4155	460_987;579_987;460_579
4156	526_915;38_915;38_526
4157	693_885;90_885;90_693
4158	842_857;857_969;842_969
4159	785_832;832_852;785_852
4160	649_793;517_793;517_649
4161	649_696;517_696;517_649
4162	291_783;783_969;291_969
4163	649_762;517_762;517_649
4164	38_294;294_649;38_649
4165	405_995;517_995;405_517
4166	541_993;164_993;164_541
4167	3_845;845_949;3_949
4168	468_761;562_761;468_562
4169	517_647;647_943;517_943
4170	466_842;466_1004;842_1004
4171	431_842;431_969;842_969
4172	386_842;386_969;842_969
4173	260_842;260_1004;842_1004
4174	147_842;147_969;842_969
4175	969_989;724_989;724_969
4176	517_977;943_977;517_943
4177	638_1004;638_969;969_1004
4178	264_371;213_264;213_371
4179	242_553;242_377;377_553
4180	371_792;568_792;371_568
4181	516_553;377_516;377_553
4182	422_460;422_887;460_887
4183	371_928;568_928;371_568
4184	462_969;462_900;900_969
4185	593_652;593_970;652_970
4186	12_969;12_105;105_969
4187	900_981;370_981;370_900
4188	167_900;167_370;370_900
4189	86_900;86_370;370_900
4190	47_579;47_652;579_652
4191	474_541;164_474;164_541
4192	101_856;164_856;101_164
4193	192_384;384_789;192_789
4194	546_953;953_1020;546_1020
4195	524_613;583_613;524_583
4196	145_842;145_974;842_974
4197	320_969;320_580;580_969
4198	73_579;73_652;579_652
4199	959_969;105_959;105_969
4200	457_969;370_457;370_969
4201	350_652;350_593;593_652
4202	652_755;755_842;652_842
4203	658_855;92_855;92_658
4204	524_833;583_833;524_583
4205	80_524;80_870;524_870
4206	140_583;140_349;349_583
4207	996_1002;460_1002;460_996
4208	583_604;460_604;460_583
4209	894_969;105_894;105_969
4210	592_628;460_592;460_628
4211	460_1019;774_1019;460_774
4212	165_534;165_1023;534_1023
4213	365_969;365_567;567_969
4214	792_917;568_917;568_792
4215	467_568;467_534;534_568
4216	568_659;651_659;568_651
4217	192_941;847_941;192_847
4218	412_616;412_847;616_847
4219	491_789;414_491;414_789
4220	530_744;330_744;330_530
4221	391_789;391_1020;789_1020
4222	565_985;153_985;153_565
4223	864_936;820_864;820_936
4224	414_714;415_714;414_415
4225	414_656;415_656;414_415
4226	153_700;700_914;153_914
4227	606_982;565_606;565_982
4228	691_936;691_820;820_936
4229	565_661;153_661;153_565
4230	587_1020;587_641;641_1020
4231	153_298;298_914;153_914
4232	153_280;280_914;153_914
4233	479_716;479_1008;716_1008
4234	914_948;583_948;583_914
4235	880_996;628_880;628_996
4236	718_746;11_718;11_746
4237	15_363;15_290;290_363
4238	583_837;746_837;583_746
4239	225_349;225_996;349_996
4240	141_249;249_296;141_296
4241	588_969;105_588;105_969
4242	250_969;215_250;215_969
4243	62_617;617_943;62_943
4244	449_798;449_1018;798_1018
4245	629_1018;348_629;348_1018
4246	348_933;261_933;261_348
4247	261_674;674_850;261_850
4248	164_877;192_877;164_192
4249	192_499;499_616;192_616
4250	66_192;66_616;192_616
4251	515_558;515_607;558_607
4252	383_789;383_414;414_789
4253	678_1020;641_678;641_1020
4254	510_953;510_1020;953_1020
4255	539_1020;539_824;824_1020
4256	413_415;413_546;415_546
4257	451_530;251_451;251_530
4258	389_679;363_679;363_389
4259	389_427;363_427;363_389
4260	328_641;328_389;389_641
4261	316_690;141_690;141_316
4262	38_234;234_649;38_649
4263	617_669;669_943;617_943
4264	387_649;387_517;517_649
4265	382_460;382_998;460_998
4266	442_476;361_476;361_442
4267	588_927;105_927;105_588
4268	251_932;932_982;251_982
4269	655_936;655_820;820_936
4270	251_867;867_982;251_982
4271	251_762;565_762;251_565
4272	710_982;606_710;606_982
4273	892_999;153_999;153_892
4274	153_1005;298_1005;153_298
4275	914_977;583_977;583_914
4276	583_891;140_891;140_583
4277	466_969;466_588;588_969
4278	583_950;891_950;583_891
4279	46_583;46_746;583_746
4280	583_740;140_740;140_583
4281	529_996;529_880;880_996
4282	543_996;543_628;628_996
4283	110_996;110_880;880_996
4284	657_746;11_657;11_746
4285	135_551;551_969;135_969
4286	118_628;118_460;460_628
4287	98_592;98_460;460_592
4288	73_460;73_422;422_460
4289	592_1016;460_1016;460_592
4290	460_921;382_921;382_460
4291	371_419;419_688;371_688
4292	897_942;156_942;156_897
4293	29_550;550_568;29_568
4294	883_998;135_883;135_998
4295	928_969;588_928;588_969
4296	264_969;264_900;900_969
4297	671_969;187_671;187_969
4298	949_1015;578_1015;578_949
4299	145_588;105_145;105_588
4300	136_646;573_646;136_573
4301	206_606;206_565;565_606
4302	606_989;565_989;565_606
4303	562_857;568_857;562_568
4304	524_934;833_934;524_833
4305	524_682;682_833;524_833
4306	168_930;583_930;168_583
4307	73_84;84_422;73_422
4308	462_628;462_592;592_628
4309	165_628;165_592;592_628
4310	173_880;173_628;628_880
4311	772_880;628_772;628_880
4312	755_880;628_755;628_880
4313	147_350;147_593;350_593
4314	460_889;156_889;156_460
4315	268_648;648_969;268_969
4316	327_460;327_846;460_846
4317	190_652;190_842;652_842
4318	665_842;665_969;842_969
4319	68_842;68_969;842_969
4320	665_720;720_969;665_969
4321	501_593;501_970;593_970
4322	384_593;384_970;593_970
4323	737_969;737_900;900_969
4324	702_969;105_702;105_969
4325	338_842;338_665;665_842
4326	647_842;647_969;842_969
4327	466_749;588_749;466_588
4328	561_573;371_561;371_573
4329	913_969;371_913;371_969
4330	781_969;326_781;326_969
4331	778_969;264_778;264_969
4332	969_1028;466_1028;466_969
4333	926_969;580_926;580_969
4334	523_588;105_523;105_588
4335	244_969;12_244;12_969
4336	91_970;91_842;842_970
4337	900_974;974_981;900_981
4338	136_503;503_573;136_573
4339	136_312;312_573;136_573
4340	601_998;135_601;135_998
4341	369_442;369_666;442_666
4342	30_326;30_754;326_754
4343	300_900;86_300;86_900
4344	136_162;162_646;136_646
4345	286_468;286_562;468_562
4346	798_823;449_823;449_798
4347	857_878;568_878;568_857
4348	573_763;561_763;561_573
4349	403_573;371_403;371_573
4350	573_664;561_664;561_573
4351	339_1018;339_348;348_1018
4352	105_310;136_310;105_136
4353	301_449;301_1018;449_1018
4354	668_1018;348_668;348_1018
4355	136_372;372_573;136_573
4356	8_674;8_850;674_850
4357	371_785;150_785;150_371
4358	95_371;95_792;371_792
4359	371_526;526_688;371_688
4360	136_852;573_852;136_573
4361	271_371;213_271;213_371
4362	650_1018;348_650;348_1018
4363	258_371;258_688;371_688
4364	136_625;162_625;136_162
4365	516_573;516_664;573_664
4366	1023_1026;651_1026;651_1023
4367	213_275;275_468;213_468
4368	213_906;468_906;213_468
4369	412_468;412_761;468_761
4370	80_651;80_949;651_949
4371	371_992;688_992;371_688
4372	674_959;850_959;674_850
4373	213_474;468_474;213_468
4374	204_693;90_204;90_693
4375	149_562;149_857;562_857
4376	340_468;340_761;468_761
4377	242_468;242_562;468_562
4378	371_995;213_995;213_371
4379	371_898;792_898;371_792
4380	410_688;410_468;468_688
4381	146_857;146_878;857_878
4382	761_845;562_845;562_761
4383	792_836;836_917;792_917
4384	90_448;248_448;90_248
4385	0_792;0_568;568_792
4386	915_1015;578_915;578_1015
4387	562_809;809_857;562_857
4388	565_773;773_985;565_985
4389	81_857;81_568;568_857
4390	714_855;92_714;92_855
4391	568_656;656_1023;568_1023
4392	47_568;47_712;568_712
4393	730_1023;651_730;651_1023
4394	536_1023;536_742;742_1023
4395	5_1023;5_742;742_1023
4396	832_1023;651_832;651_1023
4397	431_651;80_431;80_651
4398	651_686;686_949;651_949
4399	651_706;706_949;651_949
4400	50_1026;50_651;651_1026
4401	945_949;945_1015;949_1015
4402	651_885;80_885;80_651
4403	167_949;167_1015;949_1015
4404	161_1023;161_1026;1023_1026
4405	605_843;251_605;251_843
4406	595_949;164_595;164_949
4407	236_578;236_1021;578_1021
4408	76_949;76_1015;949_1015
4409	164_888;854_888;164_854
4410	632_949;164_632;164_949
4411	193_752;193_415;415_752
4412	132_1015;132_578;578_1015
4413	121_164;121_854;164_854
4414	415_769;413_769;413_415
4415	621_854;395_621;395_854
4416	379_1015;379_578;578_1015
4417	336_1015;336_578;578_1015
4418	321_1015;321_578;578_1015
4419	458_948;458_583;583_948
4420	834_1021;541_834;541_1021
4421	331_1021;331_541;541_1021
4422	284_1021;284_541;541_1021
4423	856_1021;541_856;541_1021
4424	164_221;221_854;164_854
4425	202_854;202_395;395_854
4426	177_854;177_395;395_854
4427	174_854;174_395;395_854
4428	33_164;33_1011;164_1011
4429	541_728;728_993;541_993
4430	353_583;353_582;582_583
4431	530_987;961_987;530_961
4432	541_955;955_993;541_993
4433	164_537;537_888;164_888
4434	164_323;323_395;164_395
4435	32_164;32_854;164_854
4436	722_996;543_722;543_996
4437	118_962;460_962;118_460
4438	395_479;192_479;192_395
4439	192_680;680_789;192_789
4440	567_842;260_567;260_842
4441	413_1014;546_1014;413_546
4442	609_842;260_609;260_842
4443	424_969;424_900;900_969
4444	230_702;105_230;105_702
4445	139_969;139_466;466_969
4446	136_469;469_625;136_625
4447	429_969;105_429;105_969
4448	209_1004;209_969;969_1004
4449	136_559;312_559;136_312
4450	105_538;310_538;105_310
4451	480_647;480_969;647_969
4452	105_374;136_374;105_136
4453	690_969;466_690;466_969
4454	52_136;52_372;136_372
4455	310_659;136_659;136_310
4456	88_969;88_1028;969_1028
4457	136_391;312_391;136_312
4458	94_559;94_312;312_559
4459	573_858;561_858;561_573
4460	312_708;573_708;312_573
4461	105_519;519_538;105_538
4462	249_573;249_664;573_664
4463	573_793;371_793;371_573
4464	136_485;372_485;136_372
4465	561_864;371_864;371_561
4466	718_792;718_836;792_836
4467	395_481;192_481;192_395
4468	688_849;468_849;468_688
4469	688_744;468_744;468_688
4470	535_568;442_535;442_568
4471	371_518;518_785;371_785
4472	371_478;150_478;150_371
4473	561_639;371_639;371_561
4474	752_873;193_873;193_752
4475	383_589;414_589;383_414
4476	436_789;436_752;752_789
4477	171_348;171_261;261_348
4478	361_700;666_700;361_666
4479	427_949;164_427;164_949
4480	261_841;306_841;261_306
4481	468_491;491_562;468_562
4482	256_468;256_286;286_468
4483	277_915;277_578;578_915
4484	23_25;25_507;23_507
4485	857_1009;568_1009;568_857
4486	280_468;280_340;340_468
4487	630_850;23_630;23_850
4488	568_679;679_712;568_712
4489	522_562;522_568;562_568
4490	761_986;562_986;562_761
4491	568_803;442_803;442_568
4492	562_735;735_857;562_857
4493	616_866;616_1017;866_1017
4494	661_712;661_1023;712_1023
4495	225_857;225_568;568_857
4496	3_715;715_949;3_949
4497	164_613;395_613;164_395
4498	234_742;234_651;651_742
4499	786_1023;536_786;536_1023
4500	423_658;423_855;658_855
4501	602_658;602_855;658_855
4502	228_658;228_855;658_855
4503	1023_1027;730_1027;730_1023
4504	390_1023;390_651;651_1023
4505	82_658;82_855;658_855
4506	439_1023;439_536;536_1023
4507	114_658;114_855;658_855
4508	80_508;508_949;80_949
4509	876_949;876_945;945_949
4510	963_1015;578_963;578_1015
4511	328_854;328_621;621_854
4512	818_885;80_818;80_885
4513	164_387;121_387;121_164
4514	294_949;167_294;167_949
4515	578_837;837_1021;578_1021
4516	296_427;164_296;164_427
4517	330_949;167_330;167_949
4518	539_1021;284_539;284_1021
4519	121_405;405_854;121_854
4520	541_779;779_993;541_993
4521	279_541;279_993;541_993
4522	956_993;164_956;164_993
4523	509_854;509_621;621_854
4524	629_752;415_629;415_752
4525	373_1021;284_373;284_1021
4526	179_752;179_193;193_752
4527	415_662;662_769;415_769
4528	192_316;316_789;192_789
4529	415_940;413_940;413_415
4530	413_868;868_1014;413_1014
4531	363_451;42_451;42_363
4532	172_546;172_953;546_953
4533	532_641;363_532;363_641
4534	517_1020;517_678;678_1020
4535	677_678;641_677;641_678
4536	304_641;304_363;363_641
4537	42_250;250_290;42_290
4538	116_389;116_363;363_389
4539	290_1022;141_1022;141_290
4540	641_871;389_871;389_641
4541	363_553;290_553;290_363
4542	15_137;137_290;15_290
4543	290_1002;141_1002;141_290
4544	290_357;141_357;141_290
4545	62_290;62_1002;290_1002
4546	290_617;141_617;141_290
4547	170_261;170_306;261_306
4548	261_515;515_850;261_850
4549	674_774;8_774;8_674
4550	850_944;23_944;23_850
4551	550_734;550_658;658_734
4552	306_579;579_850;306_850
4553	37_658;37_855;658_855
4554	638_734;638_658;658_734
4555	27_507;27_866;507_866
4556	658_943;82_943;82_658
4557	658_935;228_935;228_658
4558	114_640;640_855;114_855
4559	377_568;377_535;535_568
4560	227_535;227_442;442_535
4561	442_731;369_731;369_442
4562	167_365;365_1015;167_1015
4563	696_742;651_696;651_742
4564	29_651;29_80;80_651
4565	657_686;657_949;686_949
4566	578_649;236_649;236_578
4567	307_578;236_307;236_578
4568	942_949;164_942;164_949
4569	236_930;930_1021;236_1021
4570	236_386;386_1021;236_1021
4571	101_331;101_541;331_541
4572	38_949;38_294;294_949
4573	134_331;134_541;331_541
4574	331_669;541_669;331_541
4575	66_331;66_541;331_541
4576	331_766;541_766;331_541
4577	129_331;129_541;331_541
4578	60_541;60_779;541_779
4579	164_1013;158_1013;158_164
4580	2_541;2_779;541_779
4581	167_918;918_1015;167_1015
4582	541_984;779_984;541_779
4583	541_938;779_938;541_779
4584	541_788;779_788;541_779
4585	108_541;108_779;541_779
4586	993_1025;164_1025;164_993
4587	164_787;787_1011;164_1011
4588	584_993;164_584;164_993
4589	4_993;4_164;164_993
4590	908_993;164_908;164_993
4591	683_779;683_993;779_993
4592	164_549;549_877;164_877
4593	447_993;164_447;164_993
4594	393_993;164_393;164_993
4595	164_341;141_341;141_164
4596	40_164;40_141;141_164
4597	164_812;387_812;164_387
4598	387_1008;121_1008;121_387
4599	164_934;934_1011;164_1011
4600	236_682;682_1021;236_1021
4601	164_655;655_877;164_877
4602	387_601;121_601;121_387
4603	387_476;121_476;121_387
4604	121_691;691_854;121_854
4605	168_530;168_843;530_843
4606	210_530;210_961;530_961
4607	119_121;119_854;121_854
4608	771_1011;530_771;530_1011
4609	158_624;530_624;158_530
4610	131_164;33_131;33_164
4611	292_530;292_843;530_843
4612	121_548;548_854;121_854
4613	164_533;533_1013;164_1013
4614	495_530;495_843;530_843
4615	40_425;141_425;40_141
4616	590_854;590_621;621_854
4617	497_843;251_497;251_843
4618	380_843;251_380;251_843
4619	663_789;663_752;752_789
4620	479_870;192_870;192_479
4621	395_502;192_502;192_395
4622	368_565;153_368;153_565
4623	395_988;481_988;395_481
4624	164_285;285_1020;164_1020
4625	164_319;141_319;141_164
4626	318_565;153_318;153_565
4627	33_232;232_1011;33_1011
4628	89_192;89_789;192_789
4629	193_821;415_821;193_415
4630	586_752;193_586;193_752
4631	84_789;84_383;383_789
4632	415_513;413_513;413_415
4633	281_415;281_413;413_415
4634	211_415;211_413;413_415
4635	413_989;989_1014;413_1014
4636	415_648;413_648;413_415
4637	266_415;266_546;415_546
4638	546_736;736_953;546_953
4639	564_641;564_937;641_937
4640	546_1010;953_1010;546_953
4641	546_554;554_953;546_953
4642	413_883;883_1014;413_1014
4643	501_1014;501_546;546_1014
4644	384_1020;384_678;678_1020
4645	421_546;421_1010;546_1010
4646	460_859;846_859;460_846
4647	460_782;782_846;460_846
4648	755_1014;546_755;546_1014
4649	173_1020;173_587;587_1020
4650	305_460;305_846;460_846
4651	91_460;91_782;460_782
4652	460_794;794_859;460_859
4653	460_585;585_846;460_846
4654	435_846;435_652;652_846
4655	302_587;302_641;587_641
4656	748_846;652_748;652_846
4657	13_460;13_859;460_859
4658	641_991;937_991;641_937
4659	652_998;842_998;652_842
4660	268_564;268_937;564_937
4661	110_652;110_842;652_842
4662	363_599;42_599;42_363
4663	363_772;42_772;42_363
4664	551_652;551_842;652_842
4665	68_445;445_969;68_969
4666	458_969;139_458;139_969
4667	749_1019;588_1019;588_749
4668	136_145;145_503;136_503
4669	371_977;526_977;371_526
4670	974_1010;953_974;953_1010
4671	498_857;498_1009;857_1009
4672	245_363;42_245;42_363
4673	86_541;86_779;541_779
4674	779_962;962_993;779_993
4675	327_993;164_327;164_993
4676	339_789;84_339;84_789
4677	290_656;141_656;141_290
4678	641_818;532_818;532_641
4679	864_937;641_864;641_937
4680	532_849;363_849;363_532
4681	564_793;268_793;268_564
4682	641_690;690_818;641_818
4683	913_937;641_913;641_937
4684	641_955;304_955;304_641
4685	641_858;858_871;641_871
4686	641_921;389_921;389_641
4687	638_1021;331_638;331_1021
4688	606_1021;331_606;331_1021
4689	425_1021;373_425;373_1021
4690	373_1024;284_1024;284_373
4691	373_1017;284_1017;284_373
4692	101_866;541_866;101_541
4693	101_507;507_541;101_541
4694	284_870;541_870;284_541
4695	617_993;4_617;4_993
4696	502_779;502_993;779_993
4697	164_833;141_833;141_164
4698	734_993;4_734;4_993
4699	716_993;393_716;393_993
4700	114_164;114_141;141_164
4701	393_423;164_423;164_393
4702	37_683;37_993;683_993
4703	988_993;4_988;4_993
4704	164_553;141_553;141_164
4705	164_1008;141_1008;141_164
4706	395_618;479_618;395_479
4707	164_374;114_374;114_164
4708	164_824;341_824;164_341
4709	164_497;341_497;164_341
4710	854_867;174_867;174_854
4711	495_953;495_510;510_953
4712	363_874;42_874;42_363
4713	290_609;62_609;62_290
4714	363_942;874_942;363_874
4715	290_876;141_876;141_290
4716	290_686;62_686;62_290
4717	290_445;62_445;62_290
4718	290_624;624_656;290_656
4719	38_290;38_656;290_656
4720	998_1002;141_998;141_1002
4721	479_859;192_859;192_479
4722	618_1019;479_1019;479_618
4723	386_789;386_414;414_789
4724	2_414;2_415;414_415
4725	415_868;413_868;413_415
4726	513_873;413_873;413_513
4727	414_736;415_736;414_415
4728	834_1014;501_834;501_1014
4729	546_846;846_953;546_953
4730	145_974;145_953;953_974
4731	32_953;32_510;510_953
4732	934_953;495_934;495_953
4733	655_953;495_655;495_953
4734	281_495;281_510;495_510
4735	495_533;510_533;495_510
4736	131_641;131_532;532_641
4737	510_977;977_1020;510_1020
4738	139_678;139_677;677_678
4739	485_641;485_690;641_690
4740	677_1025;641_1025;641_677
4741	319_641;319_991;641_991
4742	285_641;285_532;532_641
4743	225_641;225_363;363_641
4744	42_923;290_923;42_290
4745	52_532;52_849;532_849
4746	279_319;279_991;319_991
4747	363_384;384_772;363_772
4748	363_478;42_478;42_363
4749	40_532;40_363;363_532
4750	179_363;42_179;42_363
4751	42_908;250_908;42_250
4752	290_844;141_844;141_290
4753	584_874;42_584;42_874
4754	42_693;290_693;42_290
4755	42_312;250_312;42_250
4756	363_613;613_772;363_772
4757	248_290;248_445;290_445
4758	290_554;554_686;290_686
4759	62_531;531_1002;62_1002
4760	290_621;141_621;141_290
4761	90_656;90_141;141_656
4762	33_531;33_1002;531_1002
4763	526_1002;141_526;141_1002
4764	291_618;291_479;479_618
4765	302_479;302_395;395_479
4766	118_479;118_395;395_479
4767	192_679;679_941;192_941
4768	414_728;415_728;414_415
4769	172_481;172_192;192_481
4770	618_749;749_1019;618_1019
4771	395_539;481_539;395_481
4772	523_847;523_789;789_847
4773	268_414;268_415;414_415
4774	927_953;495_927;495_953
4775	479_588;395_588;395_479
4776	789_877;339_877;339_789
4777	118_793;395_793;118_395
4778	395_787;618_787;395_618
4779	481_538;192_538;192_481
4780	310_495;310_533;495_533
4781	105_395;105_618;395_618
4782	158_641;158_991;641_991
4783	291_928;479_928;291_479
4784	780_789;436_780;436_789
4785	389_549;363_549;363_389
4786	466_479;192_466;192_479
4787	395_639;481_639;395_481
4788	266_941;266_847;847_941
4789	532_1013;363_1013;363_532
4790	363_419;245_419;245_363
4791	372_847;372_789;789_847
4792	415_688;513_688;415_513
4793	250_410;290_410;250_290
4794	503_908;250_503;250_908
4795	42_468;468_908;42_908
4796	340_656;141_340;141_656
4797	290_763;656_763;290_656
4798	290_761;624_761;290_624
4799	290_664;141_664;141_290
4800	290_573;573_656;290_656
4801	656_845;141_845;141_656
4802	62_1009;531_1009;62_531
4803	554_700;686_700;554_686
4804	62_149;149_531;62_531
4805	173_1002;173_998;998_1002
4806	533_561;510_561;510_533
4807	693_857;290_857;290_693
4808	498_690;498_818;690_818
4809	250_930;290_930;250_290
4810	619_656;141_619;141_656
4811	174_564;395_564;174_395
4812	192_502;502_679;192_679
4813	60_192;60_941;192_941
4814	395_988;787_988;395_787
4815	395_938;105_938;105_395
4816	618_734;479_734;479_618
4817	372_716;716_789;372_789
4818	423_789;339_423;339_789
4819	304_618;304_479;479_618
4820	373_941;266_373;266_941
4821	789_1021;339_1021;339_789
4822	331_789;331_383;383_789
4823	101_383;101_589;383_589
4824	339_568;84_568;84_339
4825	479_706;395_706;395_479
4826	479_651;588_651;479_588
4827	414_1023;268_1023;268_414
4828	789_955;339_955;339_789
4829	84_86;86_383;84_383
4830	546_921;846_921;546_846
4831	941_1008;847_1008;847_941
4832	553_877;339_553;339_877
4833	497_847;497_789;789_847
4834	374_383;374_589;383_589
4835	114_383;101_114;101_383
4836	37_921;37_846;846_921
4837	339_1015;84_1015;84_339
4838	339_949;84_949;84_339
4839	339_945;84_945;84_339
4840	414_984;728_984;414_728
4841	447_546;447_953;546_953
4842	546_595;595_846;546_846
4843	414_1024;728_1024;414_728
4844	84_1017;383_1017;84_383
4845	84_578;383_578;84_383
4846	414_885;268_885;268_414
4847	682_846;682_953;846_953
4848	84_742;383_742;84_383
4849	236_414;236_268;268_414
4850	953_963;495_963;495_953
4851	307_383;307_589;383_589
4852	383_833;589_833;383_589
4853	383_837;589_837;383_589
4854	268_327;327_415;268_415
4855	268_809;415_809;268_415
4856	562_1020;562_641;641_1020
4857	379_589;379_414;414_589
4858	495_797;510_797;495_510
4859	132_495;132_310;310_495
4860	641_1027;485_1027;485_641
4861	677_866;641_866;641_677
4862	507_677;507_641;641_677
4863	321_677;321_641;641_677
4864	641_878;131_878;131_641
4865	234_413;234_989;413_989
4866	146_989;146_1014;989_1014
4867	856_989;856_1014;989_1014
4868	363_638;478_638;363_478
4869	606_1014;501_606;501_1014
4870	425_1020;425_678;678_1020
4871	290_442;442_664;290_664
4872	42_361;361_908;42_908
4873	42_962;923_962;42_923
4874	42_730;290_730;42_290
4875	546_666;666_953;546_953
4876	42_535;290_535;42_290
4877	363_369;369_419;363_419
4878	80_290;80_844;290_844
4879	403_546;403_846;546_846
4880	136_953;136_934;934_953
4881	290_913;442_913;290_442
4882	371_546;371_921;546_921
4883	421_953;421_495;495_953
4884	290_316;316_442;290_442
4885	664_888;141_888;141_664
4886	387_655;387_495;495_655
4887	377_495;377_510;495_510
4888	42_1011;908_1011;42_908
4889	42_956;250_956;42_250
4890	663_846;663_953;846_953
4891	788_934;495_788;495_934
4892	290_458;458_844;290_844
4893	290_370;370_664;290_664
4894	167_250;167_930;250_930
4895	664_782;141_782;141_664
4896	755_930;290_755;290_930
4897	533_842;510_842;510_533
4898	377_590;510_590;377_510
4899	567_664;141_567;141_664
4900	68_664;68_141;141_664
4901	843_844;141_843;141_844
4902	652_664;652_888;664_888
4903	310_586;533_586;310_533
4904	340_530;141_530;141_340
4905	656_1004;141_1004;141_656
4906	290_961;763_961;290_763
4907	510_649;649_1020;510_1020
4908	647_656;340_647;340_656
4909	338_510;338_977;510_977
4910	294_510;294_977;510_977
4911	210_1020;210_678;678_1020
4912	209_510;209_977;510_977
4913	748_1020;678_748;678_1020
4914	405_1020;405_678;678_1020
4915	435_977;435_1020;977_1020
4916	305_641;305_319;319_641
4917	485_802;690_802;485_690
4918	766_818;532_766;532_818
4919	478_669;42_669;42_478
4920	134_363;134_772;363_772
4921	772_969;42_969;42_772
4922	42_783;250_783;42_250
4923	66_772;42_66;42_772
4924	832_908;250_832;250_908
4925	794_908;250_794;250_908
4926	290_333;333_624;290_624
4927	110_250;110_930;250_930
4928	290_870;442_870;290_442
4929	91_844;91_141;141_844
4930	13_290;13_442;290_442
4931	755_821;290_821;290_755
4932	119_250;119_290;250_290
4933	250_427;427_930;250_930
4934	251_844;141_251;141_844
4935	536_656;141_536;141_656
4936	290_330;38_330;38_290
4937	290_1018;624_1018;290_624
4938	445_585;62_585;62_445
4939	339_617;568_617;339_568
4940	460_495;460_510;495_510
4941	2_139;2_677;139_677
4942	363_793;599_793;363_599
4943	211_532;52_211;52_532
4944	641_940;305_940;305_641
4945	772_928;42_928;42_772
4946	42_736;736_783;42_783
4947	290_526;526_876;290_876
4948	234_1013;989_1013;234_989
4949	234_867;867_989;234_989
4950	564_1014;501_564;501_1014
4951	234_466;466_989;234_989
4952	549_989;146_549;146_989
4953	121_501;121_546;501_546
4954	859_921;37_859;37_921
4955	386_546;386_921;546_921
4956	118_953;118_655;655_953
4957	37_587;587_846;37_846
4958	37_883;846_883;37_846
4959	649_874;874_1020;649_1020
4960	649_651;651_1020;649_1020
4961	613_927;495_613;495_927
4962	291_649;291_874;649_874
4963	854_1020;678_854;678_1020
4964	641_974;363_974;363_641
4965	145_649;145_1020;649_1020
4966	90_748;90_678;678_748
4967	405_691;678_691;405_678
4968	304_678;304_677;677_678
4969	485_734;690_734;485_690
4970	32_1020;32_678;678_1020
4971	174_678;174_677;677_678
4972	677_942;641_942;641_677
4973	641_700;363_700;363_641
4974	15_139;15_677;139_677
4975	281_677;281_641;641_677
4976	179_677;179_507;507_677
4977	507_706;641_706;507_641
4978	468_991;468_937;937_991
4979	812_1027;485_812;485_1027
4980	809_991;468_809;468_991
4981	327_363;327_451;363_451
4982	641_648;648_940;641_940
4983	641_1025;940_1025;641_940
4984	834_864;641_834;641_864
4985	4_991;4_937;937_991
4986	158_993;991_993;158_991
4987	393_818;393_532;532_818
4988	818_873;532_873;532_818
4989	451_761;42_761;42_451
4990	302_532;52_302;52_532
4991	621_690;498_621;498_690
4992	42_779;779_923;42_923
4993	683_818;532_683;532_818
4994	108_131;108_532;131_532
4995	532_541;211_541;211_532
4996	52_284;284_849;52_849
4997	52_584;584_849;52_849
4998	668_849;363_668;363_849
4999	52_168;168_849;52_849
5000	213_849;213_363;363_849
5001	150_734;150_690;690_734
5002	52_292;292_849;52_849
5003	249_849;249_363;363_849
5004	98_734;98_690;690_734
5005	29_363;29_451;363_451
5006	592_849;363_592;363_849
5007	498_996;818_996;498_818
5008	849_936;363_936;363_849
5009	740_849;363_740;363_849
5010	599_609;42_609;42_599
5011	363_583;451_583;363_451
5012	565_599;42_565;42_599
5013	543_818;543_873;818_873
5014	641_716;716_1025;641_1025
5015	42_1019;783_1019;42_783
5016	749_923;290_749;290_923
5017	260_849;260_668;668_849
5018	451_950;42_950;42_451
5019	582_818;582_766;766_818
5020	553_624;553_656;624_656
5021	290_938;876_938;290_876
5022	588_686;62_588;62_686
5023	290_479;248_479;248_290
5024	530_551;141_551;141_530
5025	68_590;141_590;68_141
5026	989_1017;1014_1017;989_1014
5027	146_331;331_1014;146_1014
5028	742_1014;546_742;546_1014
5029	837_1014;546_837;546_1014
5030	546_824;415_824;415_546
5031	595_1015;846_1015;595_846
5032	513_1024;413_1024;413_513
5033	984_989;146_984;146_989
5034	341_846;341_953;846_953
5035	164_846;164_953;846_953
5036	60_927;60_495;495_927
5037	495_1023;797_1023;495_797
5038	788_885;495_885;495_788
5039	310_372;372_586;310_586
5040	279_510;279_977;510_977
5041	236_1020;236_641;641_1020
5042	89_533;89_510;510_533
5043	752_1020;678_752;678_1020
5044	629_748;629_678;678_748
5045	436_748;436_678;678_748
5046	510_833;833_977;510_977
5047	210_669;669_678;210_678
5048	307_562;307_641;562_641
5049	678_821;139_821;139_678
5050	268_678;174_268;174_678
5051	131_193;193_532;131_532
5052	497_532;52_497;52_532
5053	245_1020;236_245;236_1020
5054	539_641;131_539;131_641
5055	845_1020;562_845;562_1020
5056	532_1010;302_1010;302_532
5057	251_363;251_793;363_793
5058	507_832;641_832;507_641
5059	543_794;794_873;543_873
5060	787_818;683_787;683_818
5061	849_1008;363_1008;363_849
5062	91_532;91_497;497_532
5063	52_963;849_963;52_849
5064	131_856;532_856;131_532
5065	497_782;52_782;52_497
5066	52_618;284_618;52_284
5067	153_532;153_497;497_532
5068	52_731;584_731;52_584
5069	140_319;140_991;319_991
5070	298_319;298_991;319_991
5071	666_849;666_740;740_849
5072	363_843;327_843;327_363
5073	363_662;638_662;363_638
5074	42_403;403_730;42_730
5075	363_578;578_599;363_599
5076	349_849;349_363;363_849
5077	849_1022;668_1022;668_849
5078	363_932;141_932;141_363
5079	363_561;451_561;363_451
5080	42_374;250_374;42_250
5081	290_421;421_961;290_961
5082	696_793;599_696;599_793
5083	451_877;761_877;451_761
5084	42_663;290_663;42_290
5085	42_425;290_425;42_290
5086	290_503;503_961;290_961
5087	312_451;312_761;451_761
5088	395_761;42_395;42_761
5089	42_535;535_783;42_783
5090	290_538;316_538;290_316
5091	423_1014;423_546;546_1014
5092	339_1014;339_742;742_1014
5093	460_921;37_460;37_921
5094	846_847;37_847;37_846
5095	37_647;647_883;37_883
5096	619_846;341_619;341_846
5097	387_953;387_934;934_953
5098	567_846;37_567;37_846
5099	587_789;789_846;587_846
5100	523_587;523_846;587_846
5101	846_1009;619_1009;619_846
5102	846_941;847_941;846_847
5103	373_846;37_373;37_846
5104	266_846;37_266;37_846
5105	37_955;587_955;37_587
5106	37_383;383_647;37_647
5107	86_934;86_788;788_934
5108	310_536;533_536;310_533
5109	410_1023;410_797;797_1023
5110	617_797;510_617;510_797
5111	321_510;279_321;279_510
5112	84_510;84_279;279_510
5113	641_878;648_878;641_648
5114	40_641;40_648;641_648
5115	38_662;38_638;638_662
5116	42_225;225_730;42_730
5117	250_466;427_466;250_427
5118	730_857;290_857;290_730
5119	427_812;812_930;427_930
5120	114_250;114_427;250_427
5121	565_969;42_969;42_565
5122	290_1018;526_1018;290_526
5123	599_679;565_679;565_599
5124	290_502;502_961;290_961
5125	330_755;290_330;290_755
5126	458_755;290_458;290_755
5127	664_772;141_772;141_664
5128	384_664;141_384;141_664
5129	361_876;141_361;141_876
5130	481_876;141_481;141_876
5131	526_998;876_998;526_876
5132	526_590;590_876;526_876
5133	150_481;141_150;141_481
5134	588_1018;526_588;526_1018
