cycle_id	edges
0	0_2;1_2;0_1
1	1_3;0_3;0_1
2	1_4;0_4;0_1
3	1_5;0_5;0_1
4	0_6;2_6;0_2
5	0_7;2_7;0_2
6	0_8;1_8;0_1
7	0_9;1_9;0_1
8	2_10;1_10;1_2
9	1_11;5_11;1_5
10	1_12;0_12;0_1
11	1_13;3_13;1_3
12	0_14;2_14;0_2
13	0_15;1_15;0_1
14	0_16;1_16;0_1
15	1_17;0_17;0_1
16	1_18;5_18;1_5
17	1_19;0_19;0_1
18	0_20;14_20;0_14
19	0_21;1_21;0_1
20	2_22;1_22;1_2
21	2_23;10_23;2_10
22	1_24;0_24;0_1
23	0_25;2_25;0_2
24	0_26;1_26;0_1
25	0_27;2_27;0_2
26	1_28;24_28;1_24
27	0_29;25_29;0_25
28	0_30;2_30;0_2
29	11_31;5_31;5_11
30	24_32;0_32;0_24
31	2_33;10_33;2_10
32	2_34;10_34;2_10
33	10_35;1_35;1_10
34	1_36;4_36;1_4
35	11_37;5_37;5_11
36	11_38;5_38;5_11
37	1_39;3_39;1_3
38	1_40;0_40;0_1
39	1_41;11_41;1_11
40	1_42;12_42;1_12
41	10_43;1_43;1_10
42	1_44;0_44;0_1
43	1_45;11_45;1_11
44	1_46;19_46;1_19
45	5_47;0_47;0_5
46	0_48;7_48;0_7
47	5_49;0_49;0_5
48	1_50;4_50;1_4
49	1_51;17_51;1_17
50	1_52;17_52;1_17
51	1_53;3_53;1_3
52	3_54;0_54;0_3
53	1_55;36_55;1_36
54	1_56;24_56;1_24
55	0_57;30_57;0_30
56	0_58;1_58;0_1
57	0_59;26_59;0_26
58	14_60;2_60;2_14
59	2_61;10_61;2_10
60	0_62;20_62;0_20
61	14_63;2_63;2_14
62	11_64;5_64;5_11
63	2_65;34_65;2_34
64	1_66;36_66;1_36
65	1_67;24_67;1_24
66	0_68;30_68;0_30
67	1_69;40_69;1_40
68	1_70;39_70;1_39
69	24_71;0_71;0_24
70	40_72;0_72;0_40
71	1_73;12_73;1_12
72	0_74;14_74;0_14
73	24_75;32_75;24_32
74	1_76;19_76;1_19
75	14_77;60_77;14_60
76	1_78;17_78;1_17
77	5_79;0_79;0_5
78	0_80;59_80;0_59
79	21_81;1_81;1_21
80	0_82;2_82;0_2
81	0_83;48_83;0_48
82	1_84;42_84;1_42
83	2_85;23_85;2_23
84	1_86;0_86;0_1
85	5_87;49_87;5_49
86	5_88;47_88;5_47
87	1_89;46_89;1_46
88	1_90;24_90;1_24
89	5_91;0_91;0_5
90	10_92;35_92;10_35
91	43_93;1_93;1_43
92	0_94;6_94;0_6
93	0_95;14_95;0_14
94	1_96;44_96;1_44
95	1_97;4_97;1_4
96	65_98;34_98;34_65
97	1_99;4_99;1_4
98	11_100;37_100;11_37
99	0_101;59_101;0_59
100	1_102;55_102;1_55
101	1_103;67_103;1_67
102	0_104;58_104;0_58
103	19_105;0_105;0_19
104	19_106;0_106;0_19
105	25_107;2_107;2_25
106	2_108;34_108;2_34
107	2_109;23_109;2_23
108	2_110;85_110;2_85
109	2_111;33_111;2_33
110	37_112;5_112;5_37
111	37_113;5_113;5_37
112	5_114;0_114;0_5
113	0_115;57_115;0_57
114	8_116;1_116;1_8
115	2_117;34_117;2_34
116	14_118;77_118;14_77
117	1_119;24_119;1_24
118	10_120;92_120;10_92
119	3_121;0_121;0_3
120	0_122;21_122;0_21
121	62_123;20_123;20_62
122	1_124;46_124;1_46
123	1_125;67_125;1_67
124	59_126;26_126;26_59
125	1_127;46_127;1_46
126	34_128;10_128;10_34
127	2_129;117_129;2_117
128	1_130;39_130;1_39
129	10_131;1_131;1_10
130	35_132;1_132;1_35
131	0_133;83_133;0_83
132	1_134;69_134;1_69
133	0_135;27_135;0_27
134	0_136;101_136;0_101
135	0_137;7_137;0_7
136	35_138;1_138;1_35
137	99_139;4_139;4_99
138	59_140;26_140;26_59
139	1_141;11_141;1_11
140	26_142;1_142;1_26
141	2_143;33_143;2_33
142	2_144;85_144;2_85
143	98_145;34_145;34_98
144	1_146;45_146;1_45
145	10_147;35_147;10_35
146	1_148;11_148;1_11
147	1_149;73_149;1_73
148	1_150;11_150;1_11
149	34_151;128_151;34_128
150	0_152;7_152;0_7
151	0_153;16_153;0_16
152	0_154;8_154;0_8
153	11_155;37_155;11_37
154	1_156;90_156;1_90
155	1_157;89_157;1_89
156	4_158;0_158;0_4
157	1_159;44_159;1_44
158	1_160;41_160;1_41
159	26_161;1_161;1_26
160	75_162;32_162;32_75
161	1_163;52_163;1_52
162	7_164;2_164;2_7
163	2_165;85_165;2_85
164	5_166;47_166;5_47
165	36_167;4_167;4_36
166	0_168;15_168;0_15
167	0_169;133_169;0_133
168	7_170;2_170;2_7
169	1_171;50_171;1_50
170	2_172;10_172;2_10
171	2_173;110_173;2_110
172	1_174;156_174;1_156
173	0_175;82_175;0_82
174	6_176;2_176;2_6
175	46_177;19_177;19_46
176	2_178;165_178;2_165
177	1_179;36_179;1_36
178	10_180;147_180;10_147
179	10_181;131_181;10_131
180	49_182;0_182;0_49
181	0_183;25_183;0_25
182	0_184;62_184;0_62
183	7_185;2_185;2_7
184	2_186;108_186;2_108
185	2_187;108_187;2_108
186	10_188;35_188;10_35
187	23_189;10_189;10_23
188	85_190;23_190;23_85
189	1_191;12_191;1_12
190	34_192;10_192;10_34
191	10_193;35_193;10_35
192	10_194;131_194;10_131
193	181_195;131_195;131_181
194	182_196;0_196;0_182
195	0_197;68_197;0_68
196	0_198;2_198;0_2
197	131_199;1_199;1_131
198	49_200;0_200;0_49
199	147_201;35_201;35_147
200	0_202;2_202;0_2
201	1_203;50_203;1_50
202	1_204;134_204;1_134
203	7_205;2_205;2_7
204	1_206;179_206;1_179
205	1_207;90_207;1_90
206	0_208;104_208;0_104
207	44_209;0_209;0_44
208	0_210;15_210;0_15
209	2_211;108_211;2_108
210	48_212;7_212;7_48
211	2_213;10_213;2_10
212	2_214;109_214;2_109
213	108_215;34_215;34_108
214	1_216;36_216;1_36
215	34_217;128_217;34_128
216	0_218;2_218;0_2
217	1_219;44_219;1_44
218	110_220;85_220;85_110
219	34_221;128_221;34_128
220	110_222;85_222;85_110
221	24_223;71_223;24_71
222	92_224;35_224;35_92
223	2_225;65_225;2_65
224	7_226;2_226;2_7
225	110_227;85_227;85_110
226	0_228;208_228;0_208
227	35_229;1_229;1_35
228	35_230;1_230;1_35
229	0_231;104_231;0_104
230	10_232;1_232;1_10
231	0_233;183_233;0_183
232	10_234;188_234;10_188
233	0_235;82_235;0_82
234	1_236;73_236;1_73
235	10_237;147_237;10_147
236	10_238;131_238;10_131
237	98_239;145_239;98_145
238	0_240;74_240;0_74
239	104_241;58_241;58_104
240	15_242;1_242;1_15
241	0_243;135_243;0_135
242	23_244;10_244;10_23
243	1_245;67_245;1_67
244	35_246;1_246;1_35
245	0_247;2_247;0_2
246	67_248;24_248;24_67
247	0_249;137_249;0_137
248	24_250;71_250;24_71
249	0_251;16_251;0_16
250	5_252;47_252;5_47
251	0_253;30_253;0_30
252	2_254;110_254;2_110
253	10_255;92_255;10_92
254	0_256;26_256;0_26
255	0_257;8_257;0_8
256	1_258;150_258;1_150
257	1_259;73_259;1_73
258	1_260;150_260;1_150
259	2_261;109_261;2_109
260	179_262;36_262;36_179
261	0_263;198_263;0_198
262	10_264;43_264;10_43
263	1_265;50_265;1_50
264	158_266;0_266;0_158
265	1_267;203_267;1_203
266	1_268;89_268;1_89
267	4_269;158_269;4_158
268	4_270;158_270;4_158
269	110_271;85_271;85_110
270	85_272;23_272;23_85
271	0_273;82_273;0_82
272	0_274;251_274;0_251
273	24_72;72_75;24_75
274	0_275;135_275;0_135
275	0_276;243_276;0_243
276	0_277;251_277;0_251
277	104_278;58_278;58_104
278	23_279;10_279;10_23
279	256_280;26_280;26_256
280	2_281;61_281;2_61
281	2_282;211_282;2_211
282	1_283;156_283;1_156
283	1_284;159_284;1_159
284	1_285;4_285;1_4
285	31_286;5_286;5_31
286	90_287;24_287;24_90
287	4_288;158_288;4_158
288	4_289;158_289;4_158
289	0_290;137_290;0_137
290	158_291;0_291;0_158
291	10_292;234_292;10_234
292	266_293;0_293;0_266
293	1_294;127_294;1_127
294	0_295;197_295;0_197
295	0_296;9_296;0_9
296	2_297;1_297;1_2
297	199_298;1_298;1_199
298	1_299;159_299;1_159
299	1_300;150_300;1_150
300	3_301;0_301;0_3
301	2_302;254_302;2_254
302	11_303;155_303;11_155
303	2_304;281_304;2_281
304	0_305;257_305;0_257
305	0_306;168_306;0_168
306	0_307;198_307;0_198
307	0_308;198_308;0_198
308	1_309;39_309;1_39
309	0_310;153_310;0_153
310	23_42;42_189;23_189
311	2_311;172_311;2_172
312	2_312;173_312;2_173
313	1_313;130_313;1_130
314	1_64;64_146;1_146
315	0_91;91_307;0_307
316	5_88;88_166;5_166
317	0_56;7_56;0_7
318	1_139;139_283;1_283
319	0_314;57_314;0_57
320	0_315;68_315;0_68
321	109_316;23_316;23_109
322	1_317;119_317;1_119
323	2_318;304_318;2_304
324	313_319;130_319;130_313
325	2_320;110_320;2_110
326	10_140;140_232;10_232
327	0_321;2_321;0_2
328	39_123;3_123;3_39
329	0_66;66_235;0_235
330	24_322;71_322;24_71
331	61_323;10_323;10_61
332	3_17;0_17;0_3
333	0_324;168_324;0_168
334	0_325;137_325;0_137
335	1_100;100_150;1_150
336	30_326;2_326;2_30
337	7_28;28_205;7_205
338	0_162;162_251;0_251
339	29_130;29_39;39_130
340	84_130;39_84;39_130
341	2_142;142_318;2_318
342	2_115;115_129;2_129
343	2_79;79_304;2_304
344	109_112;23_112;23_109
345	39_327;123_327;39_123
346	39_328;3_328;3_39
347	10_38;38_237;10_237
348	3_329;54_329;3_54
349	0_330;83_330;0_83
350	1_122;122_149;1_149
351	1_331;219_331;1_219
352	95_156;90_95;90_156
353	10_332;232_332;10_232
354	10_176;176_234;10_234
355	43_333;93_333;43_93
356	0_334;80_334;0_80
357	46_102;19_102;19_46
358	0_101;101_263;0_263
359	0_335;321_335;0_321
360	67_336;24_336;24_67
361	67_337;24_337;24_67
362	2_338;79_338;2_79
363	0_339;324_339;0_324
364	0_340;20_340;0_20
365	2_341;79_341;2_79
366	114_320;110_114;110_320
367	1_342;159_342;1_159
368	137_343;7_343;7_137
369	0_344;247_344;0_247
370	2_345;312_345;2_312
371	34_346;10_346;10_34
372	71_347;0_347;0_71
373	0_348;305_348;0_305
374	83_132;48_132;48_83
375	10_81;43_81;10_43
376	198_349;2_349;2_198
377	232_350;1_350;1_232
378	2_351;115_351;2_115
379	10_352;180_352;10_180
380	128_353;10_353;10_128
381	30_354;2_354;2_30
382	205_355;2_355;2_205
383	2_356;338_356;2_338
384	238_357;131_357;131_238
385	38_358;237_358;38_237
386	2_359;281_359;2_281
387	2_360;297_360;2_297
388	110_361;85_361;85_110
389	205_362;2_362;2_205
390	237_363;147_363;147_237
391	35_364;138_364;35_138
392	230_365;1_365;1_230
393	35_366;138_366;35_138
394	85_367;190_367;85_190
395	148_190;23_148;23_190
396	357_368;131_368;131_357
397	1_369;219_369;1_219
398	43_370;93_370;43_93
399	73_371;12_371;12_73
400	237_372;147_372;147_237
401	1_373;150_373;1_150
402	1_374;179_374;1_179
403	156_375;90_375;90_156
404	0_376;66_376;0_66
405	93_377;1_377;1_93
406	23_378;244_378;23_244
407	55_379;36_379;36_55
408	0_380;324_380;0_324
409	90_381;287_381;90_287
410	0_382;80_382;0_80
411	125_383;67_383;67_125
412	90_384;287_384;90_287
413	44_385;209_385;44_209
414	81_386;43_386;43_81
415	287_387;24_387;24_287
416	234_388;188_388;188_234
417	24_389;322_389;24_322
418	177_322;71_177;71_322
419	0_94;80_94;0_80
420	188_390;35_390;35_188
421	24_391;71_391;24_71
422	23_392;42_392;23_42
423	1_393;268_393;1_268
424	0_394;80_394;0_80
425	1_395;267_395;1_267
426	167_396;4_396;4_167
427	1_397;127_397;1_127
428	1_398;299_398;1_299
429	2_399;312_399;2_312
430	1_400;216_400;1_216
431	1_52;52_159;1_159
432	136_137;136_343;137_343
433	0_401;56_401;0_56
434	0_402;314_402;0_314
435	332_403;232_403;232_332
436	0_404;251_404;0_251
437	1_405;219_405;1_219
438	1_406;134_406;1_134
439	2_407;261_407;2_261
440	251_408;16_408;16_251
441	31_409;5_409;5_31
442	159_410;44_410;44_159
443	1_411;216_411;1_216
444	161_314;57_161;57_314
445	1_412;4_412;1_4
446	44_413;0_413;0_44
447	99_139;99_283;139_283
448	0_414;56_414;0_56
449	0_163;163_273;0_273
450	0_105;105_251;0_251
451	156_224;224_375;156_375
452	385_415;209_415;209_385
453	0_416;339_416;0_339
454	396_417;4_417;4_396
455	2_418;261_418;2_261
456	10_419;238_419;10_238
457	2_420;338_420;2_338
458	0_421;197_421;0_197
459	2_422;351_422;2_351
460	0_423;382_423;0_382
461	291_424;0_424;0_291
462	2_425;312_425;2_312
463	0_426;91_426;0_91
464	1_427;369_427;1_369
465	158_428;0_428;0_158
466	0_429;348_429;0_348
467	1_430;5_430;1_5
468	158_431;0_431;0_158
469	0_432;197_432;0_197
470	1_433;406_433;1_406
471	1_434;309_434;1_309
472	1_435;268_435;1_268
473	1_436;309_436;1_309
474	109_437;316_437;109_316
475	1_438;86_438;1_86
476	1_439;309_439;1_309
477	159_440;44_440;44_159
478	0_441;152_441;0_152
479	0_442;376_442;0_376
480	7_443;205_443;7_205
481	1_444;265_444;1_265
482	11_195;5_195;5_11
483	2_157;157_351;2_351
484	11_445;31_445;11_31
485	31_446;286_446;31_286
486	2_447;338_447;2_338
487	0_448;82_448;0_82
488	2_239;239_282;2_282
489	261_449;109_449;109_261
490	69_450;40_450;40_69
491	0_451;376_451;0_376
492	2_452;23_452;2_23
493	189_453;10_453;10_189
494	261_454;109_454;109_261
495	286_455;5_455;5_286
496	5_456;47_456;5_47
497	5_457;0_457;0_5
498	0_458;163_458;0_163
499	0_459;321_459;0_321
500	0_460;380_460;0_380
501	147_461;35_461;35_147
502	234_462;388_462;234_388
503	2_215;215_311;2_311
504	82_463;2_463;2_82
505	82_464;2_464;2_82
506	2_465;1_465;1_2
507	35_466;246_466;35_246
508	1_467;259_467;1_259
509	1_468;52_468;1_52
510	138_469;1_469;1_138
511	10_470;292_470;10_292
512	117_471;34_471;34_117
513	246_472;1_472;1_246
514	10_473;234_473;10_234
515	109_474;112_474;109_112
516	1_475;393_475;1_393
517	194_476;131_476;131_194
518	50_477;4_477;4_50
519	1_478;159_478;1_159
520	35_479;138_479;35_138
521	1_174;174_313;1_313
522	35_480;366_480;35_366
523	1_481;309_481;1_309
524	10_482;292_482;10_292
525	246_483;1_483;1_246
526	159_484;44_484;44_159
527	10_280;234_280;10_234
528	44_248;209_248;44_209
529	10_485;255_485;10_255
530	384_486;287_486;287_384
531	203_487;50_487;50_203
532	35_488;230_488;35_230
533	0_489;314_489;0_314
534	0_490;423_490;0_423
535	0_491;296_491;0_296
536	0_492;314_492;0_314
537	4_493;269_493;4_269
538	4_494;269_494;4_269
539	69_495;450_495;69_450
540	83_496;48_496;48_83
541	80_497;59_497;59_80
542	1_498;122_498;1_122
543	2_499;1_499;1_2
544	59_221;126_221;59_126
545	103_126;26_103;26_126
546	46_500;19_500;19_46
547	1_501;90_501;1_90
548	304_502;281_502;281_304
549	10_503;332_503;10_332
550	0_504;423_504;0_423
551	30_505;354_505;30_354
552	82_506;2_506;2_82
553	10_192;192_194;10_194
554	80_113;113_497;80_497
555	80_507;59_507;59_80
556	4_508;269_508;4_269
557	232_509;350_509;232_350
558	4_510;270_510;4_270
559	1_511;45_511;1_45
560	1_512;475_512;1_475
561	1_513;406_513;1_406
562	92_514;35_514;35_92
563	26_515;1_515;1_26
564	444_516;265_516;265_444
565	26_517;1_517;1_26
566	39_518;328_518;39_328
567	291_519;424_519;291_424
568	44_520;248_520;44_248
569	1_521;45_521;1_45
570	291_522;0_522;0_291
571	1_523;478_523;1_478
572	18_39;18_328;39_328
573	2_229;229_420;2_420
574	2_75;75_215;2_215
575	42_218;189_218;42_189
576	61_97;10_97;10_61
577	194_213;213_476;194_476
578	70_365;1_70;1_365
579	1_171;55_171;1_55
580	78_436;78_309;309_436
581	86_111;0_111;0_86
582	144_436;144_309;309_436
583	52_298;159_298;52_159
584	131_223;1_223;1_131
585	0_220;80_220;0_80
586	39_293;18_293;18_39
587	0_524;441_524;0_441
588	1_525;436_525;1_436
589	1_526;467_526;1_467
590	20_527;14_527;14_20
591	253_328;3_253;3_328
592	4_528;0_528;0_4
593	4_529;270_529;4_270
594	494_530;269_530;269_494
595	59_531;126_531;59_126
596	158_532;0_532;0_158
597	0_533;263_533;0_263
598	0_184;184_335;0_335
599	11_534;31_534;11_31
600	0_72;72_306;0_306
601	0_535;429_535;0_429
602	0_536;489_536;0_489
603	304_537;281_537;281_304
604	0_538;257_538;0_257
605	0_539;348_539;0_348
606	504_540;423_540;423_504
607	0_541;504_541;0_504
608	30_542;505_542;30_505
609	68_543;30_543;30_68
610	245_321;2_245;2_321
611	30_544;505_544;30_505
612	2_545;109_545;2_109
613	205_546;355_546;205_355
614	205_547;355_547;205_355
615	2_548;229_548;2_229
616	138_549;469_549;138_469
617	2_550;499_550;2_499
618	2_551;499_551;2_499
619	2_552;109_552;2_109
620	1_553;267_553;1_267
621	2_554;75_554;2_75
622	2_555;142_555;2_142
623	499_556;1_556;1_499
624	1_557;159_557;1_159
625	61_558;10_558;10_61
626	281_559;61_559;61_281
627	61_560;323_560;61_323
628	281_561;61_561;61_281
629	35_562;488_562;35_488
630	23_563;279_563;23_279
631	1_564;467_564;1_467
632	10_565;255_565;10_255
633	10_566;35_566;10_35
634	10_567;43_567;10_43
635	189_568;453_568;189_453
636	10_569;176_569;10_176
637	35_570;230_570;35_230
638	1_288;288_523;1_523
639	4_571;494_571;4_494
640	188_572;35_572;35_188
641	0_573;153_573;0_153
642	263_574;198_574;198_263
643	0_575;330_575;0_330
644	79_254;254_304;79_304
645	343_576;7_576;7_343
646	400_577;216_577;216_400
647	198_578;349_578;198_349
648	343_579;7_579;7_343
649	15_580;1_580;1_15
650	2_581;142_581;2_142
651	1_582;86_582;1_86
652	2_583;548_583;2_548
653	1_584;134_584;1_134
654	36_585;167_585;36_167
655	1_586;139_586;1_139
656	158_587;291_587;158_291
657	1_588;498_588;1_498
658	248_589;209_589;209_248
659	209_590;0_590;0_209
660	2_591;338_591;2_338
661	436_592;78_592;78_436
662	2_593;338_593;2_338
663	4_594;0_594;0_4
664	0_595;321_595;0_321
665	23_202;202_279;23_279
666	477_596;4_596;4_477
667	23_597;279_597;23_279
668	240_477;4_240;4_477
669	1_32;32_86;1_86
670	159_598;484_598;159_484
671	279_599;10_599;10_279
672	528_600;0_600;0_528
673	10_256;35_256;10_35
674	3_208;54_208;3_54
675	484_601;44_601;44_484
676	0_602;426_602;0_426
677	0_146;146_276;0_276
678	188_603;35_603;35_188
679	234_604;462_604;234_462
680	158_605;532_605;158_532
681	158_606;0_606;0_158
682	0_607;335_607;0_335
683	0_236;236_382;0_382
684	0_51;51_539;0_539
685	1_13;13_313;1_313
686	1_608;267_608;1_267
687	436_609;78_609;78_436
688	7_610;205_610;7_205
689	135_611;27_611;27_135
690	2_612;551_612;2_551
691	159_613;44_613;44_159
692	0_614;533_614;0_533
693	2_226;226_318;2_318
694	2_191;75_191;2_75
695	2_210;210_229;2_229
696	170_328;170_253;253_328
697	6_261;6_454;261_454
698	2_615;425_615;2_425
699	2_616;178_616;2_178
700	2_617;422_617;2_422
701	436_618;309_618;309_436
702	229_619;420_619;229_420
703	400_620;216_620;216_400
704	253_621;3_621;3_253
705	54_622;0_622;0_54
706	2_623;75_623;2_75
707	2_624;551_624;2_551
708	54_625;0_625;0_54
709	149_196;73_196;73_149
710	29_318;29_304;304_318
711	1_626;584_626;1_584
712	1_627;439_627;1_439
713	0_628;153_628;0_153
714	26_629;517_629;26_517
715	216_630;36_630;36_216
716	1_631;411_631;1_411
717	88_110;88_227;110_227
718	135_632;611_632;135_611
719	304_633;281_633;281_304
720	502_634;281_634;281_502
721	27_635;2_635;2_27
722	4_636;528_636;4_528
723	281_637;61_637;61_281
724	281_638;61_638;61_281
725	159_639;598_639;159_598
726	271_281;61_271;61_281
727	61_76;10_76;10_61
728	304_640;537_640;304_537
729	281_302;61_302;61_281
730	260_502;260_281;281_502
731	53_502;53_281;281_502
732	2_98;98_261;2_261
733	10_41;41_569;10_569
734	35_641;570_641;35_570
735	114_338;79_114;79_338
736	29_211;211_304;29_304
737	10_145;145_470;10_470
738	35_642;488_642;35_488
739	131_643;223_643;131_223
740	92_644;514_644;92_514
741	35_645;562_645;35_562
742	62_131;62_199;131_199
743	1_646;521_646;1_521
744	1_647;557_647;1_557
745	35_648;364_648;35_364
746	462_649;388_649;388_462
747	1_650;481_650;1_481
748	1_308;308_498;1_498
749	1_651;125_651;1_125
750	159_652;44_652;44_159
751	482_653;292_653;292_482
752	313_654;319_654;313_319
753	482_655;292_655;292_482
754	1_337;5_337;1_5
755	1_336;13_336;1_13
756	1_656;584_656;1_584
757	469_657;1_657;1_469
758	488_658;230_658;230_488
759	230_659;1_659;1_230
760	333_660;93_660;93_333
761	230_661;365_661;230_365
762	1_662;584_662;1_584
763	1_278;278_646;1_646
764	4_663;508_663;4_508
765	39_241;241_328;39_328
766	1_664;73_664;1_73
767	198_665;2_665;2_198
768	2_262;262_418;2_418
769	1_28;28_525;1_525
770	0_666;296_666;0_296
771	0_200;200_602;0_602
772	3_22;22_54;3_54
773	206_253;3_206;3_253
774	0_368;184_368;0_184
775	1_17;17_337;1_337
776	0_164;164_306;0_306
777	0_667;51_667;0_51
778	82_181;181_463;82_463
779	65_335;65_321;321_335
780	5_668;0_668;0_5
781	0_669;504_669;0_504
782	209_670;0_670;0_209
783	4_671;528_671;4_528
784	0_672;276_672;0_276
785	257_383;8_383;8_257
786	173_177;110_177;110_173
787	0_183;183_251;0_251
788	2_74;74_312;2_312
789	228_269;158_228;158_269
790	2_64;64_591;2_591
791	1_175;175_650;1_650
792	1_58;58_557;1_557
793	1_673;124_673;1_124
794	0_294;290_294;0_290
795	1_455;73_455;1_73
796	1_300;300_468;1_468
797	0_674;607_674;0_607
798	0_675;490_675;0_490
799	207_420;207_338;338_420
800	0_104;104_263;0_263
801	39_676;328_676;39_328
802	130_677;84_677;84_130
803	328_678;253_678;253_328
804	10_679;237_679;10_237
805	116_680;1_680;1_116
806	1_329;329_647;1_647
807	1_681;308_681;1_308
808	1_682;288_682;1_288
809	1_358;331_358;1_331
810	2_683;422_683;2_422
811	484_684;601_684;484_601
812	3_386;54_386;3_54
813	281_327;61_327;61_281
814	67_312;67_173;173_312
815	312_685;173_685;173_312
816	3_686;22_686;3_22
817	309_687;39_687;39_309
818	0_688;426_688;0_426
819	121_689;0_689;0_121
820	121_690;0_690;0_121
821	219_691;44_691;44_219
822	159_692;652_692;159_652
823	159_693;652_693;159_652
824	324_694;168_694;168_324
825	159_695;613_695;159_613
826	73_696;371_696;73_371
827	0_697;504_697;0_504
828	344_698;247_698;247_344
829	2_699;143_699;2_143
830	0_99;99_257;0_257
831	328_700;3_700;3_328
832	0_701;672_701;0_672
833	601_702;44_702;44_601
834	61_703;323_703;61_323
835	537_704;281_704;281_537
836	44_705;0_705;0_44
837	281_706;302_706;281_302
838	0_707;607_707;0_607
839	0_708;667_708;0_667
840	44_161;161_385;44_385
841	61_709;97_709;61_97
842	3_391;121_391;3_121
843	389_670;0_389;0_670
844	3_710;54_710;3_54
845	350_387;1_387;1_350
846	0_242;242_325;0_325
847	0_377;294_377;0_294
848	1_711;329_711;1_329
849	0_712;25_712;0_25
850	0_362;30_362;0_30
851	1_361;361_430;1_430
852	1_347;73_347;1_73
853	135_273;273_632;135_632
854	528_713;600_713;528_600
855	175_224;224_650;175_650
856	116_714;1_714;1_116
857	0_715;667_715;0_667
858	26_716;1_716;1_26
859	0_717;164_717;0_164
860	600_718;0_718;0_600
861	0_381;381_541;0_541
862	0_719;666_719;0_666
863	0_720;233_720;0_233
864	0_721;344_721;0_344
865	0_722;183_722;0_183
866	1_299;299_588;1_588
867	0_252;82_252;0_82
868	382_723;80_723;80_382
869	1_724;285_724;1_285
870	0_264;264_707;0_707
871	367_718;0_367;0_718
872	0_725;57_725;0_57
873	15_417;1_417;1_15
874	4_726;528_726;4_528
875	0_727;200_727;0_200
876	15_728;1_728;1_15
877	0_102;102_368;0_368
878	126_729;26_729;26_126
879	382_730;80_730;80_382
880	667_731;51_731;51_667
881	0_732;669_732;0_669
882	80_390;113_390;80_113
883	26_733;1_733;1_26
884	26_734;1_734;1_26
885	1_486;171_486;1_171
886	1_403;149_403;1_149
887	505_735;354_735;354_505
888	57_736;30_736;30_57
889	472_523;472_478;478_523
890	0_737;539_737;0_539
891	600_738;0_738;0_600
892	0_483;483_712;0_712
893	409_505;354_409;354_505
894	2_415;415_699;2_699
895	23_445;392_445;23_392
896	23_379;379_392;23_392
897	2_301;301_683;2_683
898	2_378;378_699;2_699
899	2_322;322_359;2_359
900	109_461;23_461;23_109
901	109_286;23_286;23_109
902	109_217;23_217;23_109
903	37_327;37_61;61_327
904	79_739;304_739;79_304
905	85_740;272_740;85_272
906	97_450;10_450;10_97
907	304_741;537_741;304_537
908	304_742;502_742;304_502
909	502_743;634_743;502_634
910	446_502;260_446;260_502
911	10_352;332_352;10_332
912	353_502;353_634;502_634
913	450_457;10_457;10_450
914	1_356;55_356;1_55
915	1_166;86_166;1_86
916	1_428;44_428;1_44
917	1_316;316_486;1_486
918	225_641;225_570;570_641
919	1_154;4_154;1_4
920	35_496;496_641;35_641
921	138_326;1_326;1_138
922	230_495;365_495;230_365
923	1_440;440_523;1_523
924	365_456;1_456;1_365
925	1_340;100_340;1_100
926	0_506;368_506;0_368
927	1_320;175_320;1_175
928	123_711;123_329;329_711
929	1_180;180_673;1_673
930	1_449;449_724;1_724
931	422_464;351_464;351_422
932	405_505;354_405;354_505
933	255_369;92_369;92_255
934	317_479;138_317;138_479
935	35_105;105_138;35_138
936	35_466;138_466;35_138
937	452_549;452_469;469_549
938	404_479;138_404;138_479
939	35_427;138_427;35_138
940	410_469;410_657;469_657
941	281_407;407_561;281_561
942	71_493;0_493;0_71
943	230_442;442_495;230_495
944	106_498;106_122;122_498
945	1_434;434_449;1_449
946	61_451;97_451;61_97
947	10_527;527_679;10_679
948	12_459;0_459;0_12
949	12_112;0_112;0_12
950	399_484;399_601;484_601
951	1_380;166_380;1_166
952	234_370;370_462;234_462
953	86_275;111_275;86_111
954	80_162;162_497;80_497
955	204_520;204_248;248_520
956	385_413;209_413;209_385
957	59_239;126_239;59_126
958	0_414;243_414;0_243
959	1_277;277_434;1_434
960	133_209;0_133;0_209
961	119_354;2_119;2_354
962	2_503;420_503;2_420
963	144_305;144_257;257_305
964	2_141;141_210;2_210
965	2_438;420_438;2_420
966	0_406;57_406;0_57
967	2_212;178_212;2_178
968	116_534;1_534;1_116
969	394_680;1_394;1_680
970	1_492;492_724;1_724
971	1_163;163_586;1_586
972	110_543;227_543;110_227
973	100_155;150_155;100_150
974	281_424;271_424;271_281
975	30_186;186_505;30_505
976	0_118;94_118;0_94
977	45_481;45_309;309_481
978	48_481;48_309;309_481
979	412_481;309_412;309_481
980	114_303;79_303;79_114
981	31_195;5_195;5_31
982	85_465;272_465;85_272
983	77_79;77_254;79_254
984	79_342;304_342;79_304
985	244_272;23_244;23_272
986	23_501;279_501;23_279
987	167_397;396_397;167_396
988	231_254;231_304;254_304
989	60_709;60_97;97_709
990	243_346;135_346;135_243
991	135_398;273_398;135_273
992	23_282;279_282;23_279
993	23_249;249_279;23_279
994	253_437;437_621;253_621
995	10_179;179_565;10_565
996	419_599;10_419;10_599
997	244_374;23_374;23_244
998	345_354;2_345;2_354
999	160_354;119_160;119_354
1000	281_577;577_706;281_706
1001	234_519;462_519;234_462
1002	54_471;471_625;54_625
1003	2_47;47_422;2_422
1004	295_513;197_513;197_295
1005	80_512;59_512;59_80
1006	462_511;388_511;388_462
1007	0_660;660_674;0_674
1008	0_421;421_688;0_688
1009	0_33;33_321;0_321
1010	0_507;276_507;0_276
1011	197_384;68_384;68_197
1012	213_388;188_213;188_388
1013	10_393;393_473;10_473
1014	10_222;222_679;10_679
1015	243_580;346_580;243_346
1016	372_544;372_505;505_544
1017	132_332;132_232;232_332
1018	35_63;63_645;35_645
1019	234_529;462_529;234_462
1020	14_230;14_365;230_365
1021	35_744;480_744;35_480
1022	35_745;466_745;35_466
1023	30_746;544_746;30_544
1024	35_476;476_480;35_480
1025	1_211;211_647;1_647
1026	462_747;649_747;462_649
1027	562_748;488_748;488_562
1028	218_749;189_749;189_218
1029	462_750;649_750;462_649
1030	469_751;1_751;1_469
1031	1_752;171_752;1_171
1032	456_753;1_753;1_456
1033	0_596;506_596;0_506
1034	649_754;388_754;388_649
1035	1_755;650_755;1_650
1036	310_756;153_756;153_310
1037	49_757;182_757;49_182
1038	1_758;100_758;1_100
1039	10_759;565_759;10_565
1040	1_760;4_760;1_4
1041	38_761;237_761;38_237
1042	469_762;751_762;469_751
1043	4_259;259_528;4_528
1044	8_763;116_763;8_116
1045	188_764;35_764;35_188
1046	234_765;519_765;234_519
1047	35_766;562_766;35_562
1048	1_767;492_767;1_492
1049	257_630;8_630;8_257
1050	35_546;480_546;35_480
1051	4_89;89_671;4_671
1052	81_481;81_309;309_481
1053	0_592;490_592;0_490
1054	1_363;363_711;1_711
1055	19_649;19_754;649_754
1056	1_768;647_768;1_647
1057	606_621;3_606;3_621
1058	386_431;54_431;54_386
1059	121_620;620_689;121_689
1060	0_148;148_305;0_305
1061	386_500;54_500;54_386
1062	0_487;487_490;0_490
1063	54_297;297_625;54_625
1064	0_192;192_712;0_712
1065	93_310;93_153;153_310
1066	474_611;27_474;27_611
1067	62_622;0_62;0_622
1068	153_769;16_769;16_153
1069	0_547;7_547;0_7
1070	220_267;203_220;203_267
1071	0_333;310_333;0_310
1072	0_770;295_770;0_295
1073	43_50;43_477;50_477
1074	572_665;2_572;2_665
1075	2_522;301_522;2_301
1076	26_216;216_716;26_716
1077	172_510;172_270;270_510
1078	26_127;127_515;26_515
1079	601_610;610_702;601_702
1080	26_373;373_716;26_716
1081	96_351;96_115;115_351
1082	351_771;115_771;115_351
1083	158_545;266_545;158_266
1084	531_702;44_531;44_702
1085	0_441;321_441;0_321
1086	0_152;104_152;0_104
1087	10_83;83_145;10_145
1088	10_772;255_772;10_255
1089	1_773;28_773;1_28
1090	10_774;473_774;10_473
1091	0_694;146_694;0_146
1092	432_532;0_432;0_532
1093	342_578;304_578;304_342
1094	4_223;223_259;4_259
1095	10_298;298_393;10_393
1096	0_643;334_643;0_334
1097	462_597;597_750;462_750
1098	199_537;199_704;537_704
1099	462_775;649_775;462_649
1100	462_776;649_776;462_649
1101	255_341;92_341;92_255
1102	246_255;246_369;255_369
1103	25_330;107_330;25_107
1104	208_665;2_208;2_665
1105	103_649;103_754;649_754
1106	649_777;388_777;388_649
1107	92_778;514_778;92_514
1108	92_779;35_779;35_92
1109	600_780;718_780;600_718
1110	281_781;706_781;281_706
1111	0_46;46_421;0_421
1112	0_782;708_782;0_708
1113	1_698;163_698;1_163
1114	188_433;433_603;188_603
1115	35_783;480_783;35_480
1116	0_784;146_784;0_146
1117	35_785;562_785;35_562
1118	35_786;744_786;35_744
1119	35_324;138_324;35_138
1120	554_783;480_554;480_783
1121	0_142;142_483;0_483
1122	655_745;466_655;466_745
1123	315_645;315_562;562_645
1124	537_787;281_787;281_537
1125	379_788;392_788;379_392
1126	138_789;549_789;138_549
1127	593_650;481_593;481_650
1128	11_458;5_458;5_11
1129	408_480;366_408;366_480
1130	0_357;21_357;0_21
1131	2_790;420_790;2_420
1132	34_542;10_542;10_34
1133	366_791;138_791;138_366
1134	488_792;658_792;488_658
1135	34_793;10_793;10_34
1136	1_794;486_794;1_486
1137	1_795;588_795;1_588
1138	1_629;150_629;1_150
1139	301_521;521_683;301_683
1140	339_525;339_436;436_525
1141	10_291;145_291;10_145
1142	10_796;83_796;10_83
1143	1_797;100_797;1_100
1144	1_798;650_798;1_650
1145	1_799;340_799;1_340
1146	10_800;83_800;10_83
1147	48_801;309_801;48_309
1148	573_632;573_611;611_632
1149	55_802;36_802;36_55
1150	50_803;477_803;50_477
1151	145_804;470_804;145_470
1152	39_805;676_805;39_676
1153	331_806;219_806;219_331
1154	569_807;176_807;176_569
1155	100_808;150_808;100_150
1156	618_759;565_618;565_759
1157	661_809;365_809;365_661
1158	611_810;27_810;27_611
1159	2_811;522_811;2_522
1160	2_812;47_812;2_47
1161	611_813;27_813;27_611
1162	92_731;514_731;92_514
1163	27_594;594_635;27_635
1164	92_268;35_268;35_92
1165	92_247;247_514;92_514
1166	131_328;3_131;3_328
1167	29_219;29_44;44_219
1168	292_814;234_814;234_292
1169	633_635;2_633;2_635
1170	422_584;464_584;422_464
1171	40_328;3_40;3_328
1172	2_69;69_447;2_447
1173	138_815;326_815;138_326
1174	209_816;0_816;0_209
1175	35_817;138_817;35_138
1176	35_818;1_818;1_35
1177	2_819;447_819;2_447
1178	203_820;50_820;50_203
1179	311_388;188_311;188_388
1180	3_76;76_386;3_386
1181	3_821;121_821;3_121
1182	35_822;641_822;35_641
1183	35_823;785_823;35_785
1184	0_636;636_708;0_708
1185	115_169;129_169;115_129
1186	129_824;117_824;117_129
1187	676_825;328_825;328_676
1188	0_826;295_826;0_295
1189	23_827;392_827;23_392
1190	129_828;117_828;117_129
1191	683_829;422_829;422_683
1192	464_830;351_830;351_464
1193	1_548;525_548;1_525
1194	1_831;163_831;1_163
1195	388_832;213_832;213_388
1196	35_833;105_833;35_105
1197	35_834;562_834;35_562
1198	472_562;472_488;488_562
1199	745_835;655_835;655_745
1200	131_836;3_836;3_131
1201	117_837;34_837;34_117
1202	230_838;14_838;14_230
1203	1_556;556_698;1_698
1204	191_282;191_279;279_282
1205	35_839;466_839;35_466
1206	1_840;794_840;1_794
1207	129_841;828_841;129_828
1208	188_842;433_842;188_433
1209	105_843;138_843;105_138
1210	2_844;47_844;2_47
1211	34_845;151_845;34_151
1212	528_846;713_846;528_713
1213	464_847;351_847;351_464
1214	528_848;713_848;528_713
1215	528_849;600_849;528_600
1216	489_658;230_489;230_658
1217	101_603;35_101;35_603
1218	600_850;0_850;0_600
1219	109_851;461_851;109_461
1220	586_852;139_852;139_586
1221	830_853;351_853;351_830
1222	35_854;745_854;35_745
1223	100_855;150_855;100_150
1224	650_856;593_856;593_650
1225	603_857;35_857;35_603
1226	1_858;175_858;1_175
1227	481_654;48_654;48_481
1228	0_615;490_615;0_490
1229	35_314;314_480;35_480
1230	138_859;549_859;138_549
1231	815_860;326_860;326_815
1232	718_861;367_861;367_718
1233	138_862;1_862;1_138
1234	658_863;230_863;230_658
1235	326_864;1_864;1_326
1236	115_865;129_865;115_129
1237	234_866;370_866;234_370
1238	326_867;1_867;1_326
1239	481_868;48_868;48_481
1240	0_869;406_869;0_406
1241	35_870;324_870;35_324
1242	163_871;586_871;163_586
1243	138_872;1_872;1_138
1244	35_873;745_873;35_745
1245	10_874;569_874;10_569
1246	163_875;586_875;163_586
1247	175_876;224_876;175_224
1248	129_877;828_877;129_828
1249	309_623;39_623;39_309
1250	1_691;651_691;1_651
1251	0_878;421_878;0_421
1252	486_879;171_879;171_486
1253	488_880;792_880;488_792
1254	0_881;636_881;0_636
1255	488_882;658_882;488_658
1256	279_659;10_659;10_279
1257	138_207;207_815;138_815
1258	67_279;67_599;279_599
1259	131_499;3_499;3_131
1260	389_481;48_389;48_481
1261	549_883;469_883;469_549
1262	488_668;658_668;488_658
1263	486_576;171_576;171_486
1264	486_551;171_551;171_486
1265	486_884;171_884;171_486
1266	230_638;495_638;230_495
1267	76_885;386_885;76_386
1268	328_538;3_538;3_328
1269	41_171;41_55;55_171
1270	171_886;55_886;55_171
1271	0_887;660_887;0_660
1272	0_888;46_888;0_46
1273	0_889;146_889;0_146
1274	171_890;55_890;55_171
1275	0_891;243_891;0_243
1276	328_595;253_595;253_328
1277	51_401;401_539;51_539
1278	328_591;253_591;253_328
1279	622_696;0_696;0_622
1280	0_639;305_639;0_305
1281	0_454;454_636;0_636
1282	0_6;6_460;0_460
1283	4_624;624_663;4_663
1284	120_667;51_120;51_667
1285	383_695;8_695;8_383
1286	736_763;116_736;116_763
1287	8_193;116_193;8_116
1288	190_539;190_348;348_539
1289	8_579;579_763;8_763
1290	116_574;1_574;1_116
1291	116_567;567_680;116_680
1292	262_305;257_262;257_305
1293	206_763;206_736;736_763
1294	257_258;8_258;8_257
1295	1_728;320_728;1_320
1296	1_684;684_798;1_798
1297	257_587;587_630;257_630
1298	139_582;283_582;139_283
1299	8_284;284_763;8_763
1300	53_139;53_283;139_283
1301	139_566;283_566;139_283
1302	116_194;194_567;116_567
1303	481_687;48_687;48_481
1304	48_278;278_309;48_309
1305	39_637;637_676;39_676
1306	1_705;486_705;1_486
1307	98_528;98_713;528_713
1308	1_613;340_613;1_340
1309	486_631;171_631;171_486
1310	13_724;13_285;285_724
1311	100_730;150_730;100_150
1312	11_108;31_108;11_31
1313	0_672;6_672;0_6
1314	295_686;197_686;197_295
1315	274_671;274_528;528_671
1316	305_360;257_360;257_305
1317	0_673;673_727;0_727
1318	421_666;666_688;421_688
1319	300_600;0_300;0_600
1320	2_653;212_653;2_212
1321	91_682;307_682;91_307
1322	307_518;198_518;198_307
1323	10_739;473_739;10_473
1324	5_299;87_299;5_87
1325	0_732;243_732;0_243
1326	309_349;39_349;39_309
1327	51_737;401_737;51_401
1328	39_685;685_805;39_805
1329	552_676;552_825;676_825
1330	256_328;253_256;253_328
1331	173_328;173_538;328_538
1332	110_121;0_110;0_121
1333	88_821;88_121;121_821
1334	540_821;121_540;121_821
1335	3_64;64_121;3_121
1336	619_821;121_619;121_821
1337	364_386;364_431;386_431
1338	37_689;0_37;0_689
1339	121_312;312_689;121_689
1340	0_543;543_881;0_881
1341	0_496;496_717;0_717
1342	0_345;310_345;0_310
1343	160_708;160_667;667_708
1344	450_667;51_450;51_667
1345	227_602;227_426;426_602
1346	239_307;198_239;198_307
1347	198_740;665_740;198_665
1348	51_413;401_413;51_401
1349	51_407;407_737;51_737
1350	305_463;262_463;262_305
1351	442_539;348_442;348_539
1352	418_539;348_418;348_539
1353	91_612;307_612;91_307
1354	401_536;536_539;401_539
1355	401_404;404_539;401_539
1356	561_682;307_561;307_682
1357	329_401;329_539;401_539
1358	198_394;394_665;198_665
1359	157_185;185_351;157_351
1360	351_749;749_771;351_771
1361	422_440;351_440;351_422
1362	260_422;260_351;351_422
1363	208_743;2_743;2_208
1364	2_608;608_653;2_653
1365	156_397;375_397;156_375
1366	2_180;180_522;2_522
1367	1_166;166_831;1_831
1368	124_567;124_680;567_680
1369	1_409;409_794;1_794
1370	245_342;245_304;304_342
1371	60_117;34_60;34_117
1372	403_522;301_403;301_522
1373	34_424;424_542;34_542
1374	368_420;338_368;338_420
1375	114_288;79_288;79_114
1376	177_304;177_640;304_640
1377	24_187;71_187;24_71
1378	34_119;119_793;34_793
1379	79_429;342_429;79_342
1380	568_578;304_568;304_578
1381	290_634;281_290;281_634
1382	304_675;640_675;304_640
1383	342_405;304_405;304_342
1384	102_304;102_502;304_502
1385	281_725;271_725;271_281
1386	162_502;162_634;502_634
1387	144_787;144_281;281_787
1388	10_384;384_774;10_774
1389	199_723;704_723;199_704
1390	10_32;32_92;10_92
1391	10_530;530_774;10_774
1392	373_725;271_373;271_725
1393	583_634;281_583;281_634
1394	82_704;82_281;281_704
1395	290_378;281_378;281_290
1396	281_322;322_781;281_781
1397	281_729;271_729;271_281
1398	281_412;412_781;281_781
1399	725_761;271_761;271_725
1400	0_753;732_753;0_732
1401	35_216;216_745;35_745
1402	149_437;73_437;73_149
1403	302_432;61_432;61_302
1404	221_366;221_791;366_791
1405	466_734;138_734;138_466
1406	61_531;451_531;61_451
1407	549_733;733_883;549_883
1408	0_741;741_753;0_753
1409	469_716;716_751;469_751
1410	1_503;503_588;1_588
1411	87_439;49_439;49_87
1412	1_444;444_705;1_705
1413	100_218;218_730;100_730
1414	1_59;59_831;1_831
1415	182_610;0_610;0_182
1416	0_814;727_814;0_727
1417	425_645;315_425;315_645
1418	346_804;135_804;135_346
1419	323_426;91_323;91_426
1420	562_735;735_748;562_748
1421	4_557;557_671;4_671
1422	242_366;138_242;138_366
1423	138_853;207_853;138_207
1424	230_843;365_843;230_365
1425	138_500;207_500;138_207
1426	198_428;428_665;198_665
1427	1_851;125_851;1_125
1428	146_499;276_499;146_276
1429	235_586;139_235;139_586
1430	156_693;375_693;156_375
1431	580_836;346_836;346_580
1432	135_857;611_857;135_611
1433	27_750;594_750;27_594
1434	611_696;27_696;27_611
1435	27_572;572_594;27_594
1436	27_504;504_594;27_594
1437	27_546;546_594;27_594
1438	0_165;165_406;0_406
1439	85_635;2_85;2_635
1440	420_465;338_465;338_420
1441	146_820;276_820;146_276
1442	727_832;200_832;200_727
1443	602_842;426_842;426_602
1444	804_806;135_806;135_804
1445	198_779;665_779;198_665
1446	198_778;665_778;198_665
1447	494_857;494_611;611_857
1448	304_599;102_599;102_304
1449	597_611;27_597;27_611
1450	2_596;210_596;2_210
1451	220_665;208_220;208_665
1452	208_449;2_449;2_208
1453	2_244;210_244;2_210
1454	25_210;25_229;210_229
1455	281_765;765_781;281_781
1456	281_434;412_434;281_412
1457	81_594;81_635;594_635
1458	725_856;271_856;271_725
1459	725_752;271_752;271_725
1460	761_775;271_775;271_761
1461	79_248;248_304;79_304
1462	389_537;281_389;281_537
1463	97_249;10_249;10_97
1464	537_654;281_654;281_537
1465	97_268;10_268;10_97
1466	97_192;10_192;10_97
1467	61_711;97_711;61_97
1468	61_279;279_531;61_531
1469	304_592;502_592;304_502
1470	97_866;192_866;97_192
1471	97_764;268_764;97_268
1472	781_880;706_880;706_781
1473	10_489;489_679;10_679
1474	379_640;379_537;537_640
1475	282_640;282_537;537_640
1476	333_640;333_537;537_640
1477	281_742;412_742;281_412
1478	537_709;281_709;281_537
1479	451_773;97_773;97_451
1480	729_841;271_841;271_729
1481	247_501;501_514;247_514
1482	35_813;562_813;35_562
1483	781_867;706_867;706_781
1484	35_865;562_865;35_562
1485	230_848;365_848;230_365
1486	514_800;35_800;35_514
1487	488_796;230_796;230_488
1488	70_643;1_643;1_70
1489	503_862;588_862;503_588
1490	588_877;498_877;498_588
1491	643_834;1_834;1_643
1492	116_395;395_680;116_680
1493	1_861;316_861;1_316
1494	116_783;1_783;1_116
1495	1_712;166_712;1_166
1496	1_661;166_661;1_166
1497	566_831;163_566;163_831
1498	831_840;163_840;163_831
1499	106_691;122_691;106_122
1500	1_869;59_869;1_59
1501	122_666;149_666;122_149
1502	149_339;339_437;149_437
1503	53_574;283_574;53_283
1504	283_609;156_609;156_283
1505	283_552;156_552;156_283
1506	283_296;156_296;156_283
1507	0_16;16_639;0_639
1508	0_674;639_674;0_639
1509	0_637;310_637;0_310
1510	156_256;256_397;156_397
1511	375_891;90_891;90_375
1512	0_885;639_885;0_639
1513	310_805;756_805;310_756
1514	116_825;1_825;1_116
1515	65_676;321_676;65_321
1516	632_783;1_632;1_783
1517	2_548;420_548;2_420
1518	8_810;193_810;8_193
1519	166_474;474_831;166_831
1520	116_802;783_802;116_783
1521	660_763;206_660;206_763
1522	116_544;395_544;116_395
1523	163_518;518_586;163_586
1524	79_328;304_328;79_304
1525	37_171;37_41;41_171
1526	680_767;1_767;1_680
1527	304_386;177_386;177_304
1528	168_745;168_655;655_745
1529	30_316;30_486;316_486
1530	15_138;1_15;1_138
1531	138_288;288_872;138_872
1532	138_160;160_872;138_872
1533	450_466;138_450;138_466
1534	1_354;354_492;1_492
1535	1_164;164_166;1_166
1536	536_883;469_536;469_883
1537	138_195;160_195;138_160
1538	486_505;505_576;486_576
1539	138_458;207_458;138_207
1540	442_734;138_442;138_734
1541	138_418;418_872;138_872
1542	166_822;822_831;166_831
1543	303_852;139_303;139_852
1544	139_403;53_403;53_139
1545	0_858;639_858;0_639
1546	0_723;51_723;0_51
1547	90_610;287_610;90_287
1548	227_891;90_227;90_891
1549	0_828;16_828;0_16
1550	730_891;90_730;90_891
1551	257_845;630_845;257_630
1552	767_856;1_856;1_767
1553	1_867;444_867;1_444
1554	8_81;81_763;8_763
1555	454_846;636_846;454_636
1556	116_860;680_860;116_680
1557	262_633;257_633;257_262
1558	257_460;460_845;257_845
1559	36_711;167_711;36_167
1560	8_279;193_279;8_193
1561	167_853;396_853;167_396
1562	542_600;542_718;600_718
1563	639_843;305_843;305_639
1564	16_796;639_796;16_639
1565	706_753;706_732;732_753
1566	262_742;257_742;257_262
1567	116_800;544_800;116_544
1568	608_831;608_840;831_840
1569	1_198;198_358;1_358
1570	4_447;447_557;4_557
1571	1_792;4_792;1_4
1572	608_691;691_840;608_840
1573	578_608;578_840;608_840
1574	163_739;518_739;163_518
1575	163_592;592_875;163_875
1576	163_339;339_518;163_518
1577	857_875;586_857;586_875
1578	675_875;586_675;586_875
1579	535_586;139_535;139_586
1580	31_600;31_850;600_850
1581	146_852;139_146;139_852
1582	175_586;139_175;139_586
1583	489_586;489_852;586_852
1584	53_434;283_434;53_283
1585	305_406;262_406;262_305
1586	139_882;582_882;139_582
1587	53_781;283_781;53_283
1588	283_770;156_770;156_283
1589	139_725;53_725;53_139
1590	139_150;53_150;53_139
1591	70_609;70_156;156_609
1592	11_156;11_397;156_397
1593	47_283;47_296;283_296
1594	16_877;639_877;16_639
1595	165_609;156_165;156_609
1596	397_814;375_814;375_397
1597	437_639;305_437;305_639
1598	104_283;104_609;283_609
1599	155_639;155_305;305_639
1600	375_673;673_891;375_891
1601	239_891;90_239;90_891
1602	397_848;375_848;375_397
1603	630_748;8_748;8_630
1604	666_891;227_666;227_891
1605	375_851;851_891;375_891
1606	71_813;493_813;71_493
1607	156_694;375_694;156_375
1608	610_658;287_658;287_610
1609	0_302;302_828;0_828
1610	90_379;287_379;90_287
1611	333_610;287_333;287_610
1612	0_751;614_751;0_614
1613	0_729;701_729;0_701
1614	0_683;683_826;0_826
1615	0_676;676_753;0_753
1616	0_282;282_639;0_639
1617	106_287;24_106;24_287
1618	116_644;1_644;1_116
1619	452_639;305_452;305_639
1620	250_643;71_643;71_250
1621	287_704;24_704;24_287
1622	1_498;198_498;1_198
1623	459_686;197_459;197_686
1624	0_371;371_828;0_828
1625	24_112;71_112;24_71
1626	12_71;12_493;71_493
1627	120_305;120_257;257_305
1628	496_630;496_748;630_748
1629	257_522;522_630;257_630
1630	301_742;257_301;257_742
1631	149_724;149_285;285_724
1632	122_639;122_305;305_639
1633	422_845;422_630;630_845
1634	632_732;243_632;243_732
1635	305_351;262_351;262_305
1636	262_824;633_824;262_633
1637	528_789;600_789;528_600
1638	243_255;255_346;243_346
1639	115_748;8_115;8_748
1640	257_369;369_383;257_383
1641	116_129;1_129;1_116
1642	117_257;117_845;257_845
1643	73_257;73_845;257_845
1644	257_654;460_654;257_460
1645	243_389;346_389;243_346
1646	271_742;257_271;257_742
1647	151_193;116_151;116_193
1648	61_193;61_116;116_193
1649	750_845;630_750;630_845
1650	600_653;653_850;600_850
1651	257_634;522_634;257_522
1652	257_572;572_630;257_630
1653	630_793;8_793;8_630
1654	179_828;16_179;16_828
1655	8_473;473_763;8_763
1656	365_748;115_365;115_748
1657	8_237;81_237;8_81
1658	116_776;1_776;1_116
1659	529_763;529_736;736_763
1660	116_501;129_501;116_129
1661	408_767;1_408;1_767
1662	366_444;366_705;444_705
1663	444_603;603_705;444_705
1664	442_705;442_486;486_705
1665	600_887;31_887;31_600
1666	600_836;718_836;600_718
1667	200_600;200_718;600_718
1668	756_850;0_756;0_850
1669	0_410;410_454;0_454
1670	733_804;135_733;135_804
1671	660_748;8_660;8_748
1672	326_696;27_326;27_696
1673	466_696;27_466;27_696
1674	504_872;594_872;504_594
1675	635_859;2_859;2_635
1676	549_635;2_549;2_635
1677	207_544;207_395;395_544
1678	2_138;138_596;2_596
1679	395_674;674_680;395_680
1680	100_596;100_210;210_596
1681	680_784;1_784;1_680
1682	734_767;408_734;408_767
1683	486_695;171_695;171_486
1684	36_802;167_802;36_167
1685	346_505;135_505;135_346
1686	243_881;346_881;243_346
1687	850_861;0_861;0_850
1688	206_850;206_756;756_850
1689	243_783;346_783;243_346
1690	504_758;594_758;504_594
1691	305_631;257_631;257_305
1692	161_305;161_257;257_305
1693	305_885;257_885;257_305
1694	27_825;504_825;27_504
1695	15_696;15_326;326_696
1696	504_864;594_864;504_594
1697	326_797;27_797;27_326
1698	552_594;552_635;594_635
1699	305_716;257_716;257_305
1700	635_655;2_655;2_635
1701	2_469;469_596;2_596
1702	161_883;257_883;161_257
1703	138_164;164_596;138_596
1704	138_815;596_815;138_596
1705	138_745;596_745;138_596
1706	596_712;100_712;100_596
1707	288_630;288_748;630_748
1708	8_580;193_580;8_193
1709	193_693;151_693;151_193
1710	35_867;35_444;444_867
1711	0_187;187_639;0_639
1712	597_845;597_630;630_845
1713	503_660;8_503;8_660
1714	358_727;331_727;331_358
1715	116_403;403_800;116_800
1716	578_867;35_578;35_867
1717	30_730;486_730;30_486
1718	338_727;331_338;331_727
1719	1_429;429_867;1_867
1720	171_281;41_281;41_171
1721	44_765;0_765;0_44
1722	44_465;0_465;0_44
1723	44_412;0_412;0_44
1724	41_691;55_691;41_55
1725	36_104;4_104;4_36
1726	639_848;155_848;155_639
1727	502_639;122_502;122_639
1728	4_822;557_822;4_557
1729	305_537;257_537;257_305
1730	528_857;789_857;528_789
1731	522_640;630_640;522_630
1732	304_800;304_544;544_800
1733	8_882;116_882;8_116
1734	395_658;658_674;395_674
1735	666_680;666_767;680_767
1736	179_680;179_767;680_767
1737	11_767;11_734;734_767
1738	333_395;333_680;395_680
1739	673_680;673_767;680_767
1740	197_498;197_198;198_498
1741	680_824;179_824;179_680
1742	12_331;12_219;219_331
1743	784_851;1_851;1_784
1744	239_734;239_408;408_734
1745	397_408;1_397;1_408
1746	1_335;335_794;1_794
1747	1_301;301_867;1_867
1748	59_156;156_831;59_831
1749	610_794;486_610;486_794
1750	227_486;227_695;486_695
1751	219_891;44_891;44_219
1752	287_557;287_671;557_671
1753	163_474;474_871;163_871
1754	44_375;0_375;0_44
1755	90_163;90_871;163_871
1756	171_686;41_686;41_171
1757	44_295;0_295;0_44
1758	671_813;528_813;528_671
1759	250_600;250_887;600_887
1760	548_639;122_548;122_639
1761	0_420;420_751;0_751
1762	161_840;257_840;161_257
1763	608_630;496_608;496_630
1764	496_518;518_748;496_748
1765	310_496;310_748;496_748
1766	496_742;742_748;496_748
1767	149_237;81_149;81_237
1768	763_846;116_846;116_763
1769	237_633;81_633;81_237
1770	116_493;493_860;116_860
1771	71_763;71_529;529_763
1772	1_875;340_875;1_340
1773	1_553;492_553;1_492
1774	24_129;1_24;1_129
1775	1_609;59_609;1_59
1776	116_582;129_582;116_129
1777	239_256;256_408;239_408
1778	116_296;296_800;116_800
1779	70_860;70_680;680_860
1780	529_770;736_770;529_736
1781	81_643;643_763;81_763
1782	59_661;661_831;59_831
1783	116_434;434_800;116_800
1784	116_303;303_534;116_534
1785	116_271;271_860;116_860
1786	358_389;389_727;358_727
1787	116_711;680_711;116_680
1788	1_106;59_106;1_59
1789	1_37;37_429;1_429
1790	1_781;59_781;1_59
1791	492_725;724_725;492_724
1792	379_680;179_379;179_680
1793	177_534;1_177;1_534
1794	47_59;47_831;59_831
1795	395_535;535_680;395_680
1796	1_165;165_358;1_358
1797	680_739;739_767;680_767
1798	592_680;592_824;680_824
1799	339_784;1_339;1_784
1800	163_814;814_871;163_871
1801	112_767;112_408;408_767
1802	1_704;704_781;1_781
1803	1_489;354_489;1_354
1804	146_156;146_831;156_831
1805	459_871;459_586;586_871
1806	599_856;1_599;1_856
1807	61_586;61_852;586_852
1808	102_227;102_695;227_695
1809	139_694;150_694;139_150
1810	586_675;675_852;586_852
1811	41_342;55_342;41_55
1812	44_245;0_245;0_44
1813	139_328;150_328;139_150
1814	55_79;36_79;36_55
1815	139_216;53_216;53_139
1816	53_160;160_283;53_283
1817	139_562;53_562;53_139
1818	120_852;120_139;139_852
1819	139_386;150_386;139_150
1820	4_729;0_729;0_4
1821	139_357;53_357;53_139
1822	153_891;44_153;44_891
1823	53_644;283_644;53_283
1824	44_865;0_865;0_44
1825	371_857;371_789;789_857
1826	600_706;653_706;600_653
1827	741_850;0_741;0_850
1828	864_881;346_864;346_881
1829	307_546;307_594;546_594
1830	546_879;594_879;546_594
1831	279_635;279_549;549_635
1832	596_723;210_723;210_596
1833	100_733;210_733;100_210
1834	4_758;557_758;4_557
1835	4_125;125_557;4_557
1836	51_594;51_552;552_594
1837	2_255;255_469;2_469
1838	596_836;100_836;100_596
1839	167_883;396_883;167_396
1840	639_716;155_716;155_639
1841	510_850;510_756;756_850
1842	151_828;16_151;16_828
1843	522_631;631_640;522_640
1844	122_793;305_793;122_305
1845	410_630;410_422;422_630
1846	257_504;504_634;257_634
1847	257_859;634_859;257_634
1848	522_849;630_849;522_630
1849	422_655;630_655;422_630
1850	691_871;586_691;586_871
1851	0_256;256_302;0_302
1852	0_403;187_403;0_187
1853	305_603;537_603;305_537
1854	366_630;366_410;410_630
1855	680_770;666_770;666_680
1856	0_633;142_633;0_142
1857	257_753;634_753;257_634
1858	422_695;655_695;422_655
1859	301_634;301_522;522_634
1860	580_849;580_630;630_849
1861	539_630;422_539;422_630
1862	422_535;535_655;422_655
1863	8_371;371_473;8_473
1864	112_763;112_846;763_846
1865	339_763;339_846;763_846
1866	15_116;15_395;116_395
1867	171_473;171_763;473_763
1868	104_763;104_846;763_846
1869	250_643;250_763;643_763
1870	529_632;632_736;529_736
1871	486_643;486_763;643_763
1872	115_776;1_115;1_776
1873	116_742;303_742;116_303
1874	732_763;529_732;529_763
1875	339_518;518_846;339_846
1876	227_582;129_227;129_582
1877	116_578;15_578;15_116
1878	116_686;15_686;15_116
1879	129_599;24_599;24_129
1880	41_116;41_860;116_860
1881	116_149;149_800;116_800
1882	116_281;281_303;116_303
1883	35_116;15_35;15_116
1884	576_860;576_680;680_860
1885	395_810;674_810;395_674
1886	767_888;11_888;11_767
1887	358_420;389_420;358_389
1888	1_864;198_864;1_198
1889	397_831;163_397;163_831
1890	153_358;153_727;358_727
1891	4_120;120_758;4_758
1892	193_871;193_586;586_871
1893	59_696;156_696;59_156
1894	460_600;460_887;600_887
1895	307_600;307_653;600_653
1896	59_207;207_661;59_661
1897	528_562;562_600;528_600
1898	59_429;156_429;59_156
1899	0_658;658_751;0_751
1900	386_850;386_756;756_850
1901	357_600;357_887;600_887
1902	328_871;328_586;586_871
1903	653_885;850_885;653_850
1904	164_653;164_850;653_850
1905	751_879;614_879;614_751
1906	59_167;167_661;59_661
1907	358_552;552_727;358_727
1908	389_875;727_875;389_727
1909	594_831;163_594;163_831
1910	397_706;163_706;163_397
1911	802_831;163_802;163_831
1912	163_316;316_871;163_871
1913	0_279;279_302;0_302
1914	586_883;852_883;586_852
1915	375_861;0_861;0_375
1916	0_733;607_733;0_607
1917	0_396;187_396;0_187
1918	187_712;639_712;187_639
1919	639_723;716_723;639_716
1920	469_639;122_469;122_639
1921	635_639;635_716;639_716
1922	596_716;155_596;155_716
1923	138_155;138_305;155_305
1924	210_603;210_537;537_603
1925	8_100;100_882;8_882
1926	116_125;125_776;116_776
1927	2_535;2_655;535_655
1928	549_655;549_630;630_655
1929	630_745;745_748;630_748
1930	55_655;55_630;630_655
1931	489_748;489_660;660_748
1932	36_748;36_660;660_748
1933	259_660;8_259;8_660
1934	836_882;116_836;116_882
1935	609_763;104_609;104_763
1936	116_676;676_800;116_800
1937	243_736;116_243;116_736
1938	437_776;1_437;1_776
1939	546_781;59_546;59_781
1940	59_354;354_661;59_661
1941	331_750;219_750;219_331
1942	510_871;510_691;691_871
1943	219_729;44_729;44_219
1944	0_447;396_447;0_396
1945	79_257;79_753;257_753
1946	522_856;630_856;522_630
1947	27_522;27_640;522_640
1948	346_496;346_748;496_748
1949	502_630;366_502;366_630
1950	366_858;410_858;366_410
1951	310_630;310_502;502_630
1952	410_597;422_597;410_422
1953	422_859;535_859;422_535
1954	135_366;135_410;366_410
1955	51_655;51_55;55_655
1956	611_630;539_611;539_630
1957	346_881;748_881;346_748
1958	630_815;8_815;8_630
1959	287_539;287_422;422_539
1960	255_539;255_422;422_539
1961	160_655;51_160;51_655
1962	412_655;412_630;630_655
1963	106_748;106_365;365_748
1964	37_748;36_37;36_748
1965	695_825;655_825;655_695
1966	630_711;496_711;496_630
1967	434_655;55_434;55_655
1968	271_539;271_422;422_539
1969	539_865;422_865;422_539
1970	410_644;422_644;410_422
1971	338_346;338_748;346_748
1972	296_366;296_410;366_410
1973	55_804;630_804;55_630
1974	61_410;61_422;410_422
1975	216_630;216_410;410_630
1976	55_503;503_630;55_630
1977	410_845;422_845;410_422
1978	630_666;666_745;630_745
1979	410_444;422_444;410_422
1980	474_630;474_496;496_630
1981	282_630;282_366;366_630
1982	473_610;610_763;473_763
1983	518_763;71_518;71_763
1984	588_630;366_588;366_630
1985	576_630;576_748;630_748
1986	553_655;51_553;51_655
1987	116_851;125_851;116_125
1988	116_486;125_486;116_125
1989	55_250;250_630;55_630
1990	493_630;493_539;539_630
1991	239_630;239_539;539_630
1992	342_366;342_410;366_410
1993	410_888;597_888;410_597
1994	548_630;548_611;611_630
1995	459_655;459_549;549_655
1996	256_630;256_539;539_630
1997	333_630;333_576;576_630
1998	30_55;30_630;55_630
1999	810_871;510_810;510_871
2000	70_630;8_70;8_630
2001	741_763;518_741;518_763
2002	597_739;422_739;422_597
2003	562_660;8_562;8_660
2004	383_660;8_383;8_660
2005	53_120;120_283;53_283
2006	473_840;763_840;473_763
2007	31_116;31_680;116_680
2008	534_789;1_789;1_534
2009	1_879;867_879;1_867
2010	331_653;219_653;219_331
2011	219_850;729_850;219_729
2012	729_756;44_756;44_729
2013	73_245;0_73;0_245
2014	339_630;339_474;474_630
2015	539_706;422_706;422_539
2016	704_748;106_704;106_748
2017	281_748;281_660;660_748
2018	41_660;41_383;383_660
2019	35_660;35_41;41_660
2020	8_860;371_860;8_371
2021	8_151;151_237;8_237
2022	8_335;335_473;8_473
2023	371_686;473_686;371_473
2024	578_630;578_666;630_666
2025	504_630;504_666;630_666
2026	751_763;741_751;741_763
2027	207_763;207_609;609_763
2028	666_696;696_745;666_745
2029	552_609;104_552;104_609
2030	138_529;138_736;529_736
2031	303_429;429_534;303_534
2032	129_395;1_395;1_129
2033	15_736;15_116;116_736
2034	47_129;1_47;1_129
2035	1_883;358_883;1_358
2036	153_727;153_331;331_727
2037	632_781;546_632;546_781
2038	1_165;165_867;1_867
2039	0_295;295_454;0_454
2040	1_891;492_891;1_492
2041	219_403;403_729;219_729
2042	331_712;219_712;219_331
2043	340_636;340_708;636_708
2044	100_295;100_454;295_454
2045	146_636;146_340;340_636
2046	354_640;354_630;630_640
2047	643_742;742_763;643_763
2048	79_609;79_104;104_609
2049	71_342;342_529;71_529
2050	71_723;529_723;71_529
2051	116_149;149_582;116_582
2052	193_851;125_193;125_851
2053	776_881;437_881;437_776
2054	112_776;112_437;437_776
2055	732_851;193_732;193_851
2056	599_776;437_599;437_776
2057	437_447;1_447;1_437
2058	369_437;1_369;1_437
2059	1_858;858_867;1_867
2060	1_825;825_891;1_891
2061	396_492;396_724;492_724
2062	4_135;0_135;0_4
2063	296_305;296_603;305_603
2064	539_865;255_865;255_539
2065	496_845;748_845;496_748
2066	444_748;106_444;106_748
2067	383_888;8_888;8_383
2068	250_643;250_763;643_763
2069	316_776;316_599;599_776
2070	510_655;510_630;630_655
2071	310_655;55_310;55_655
2072	259_655;55_259;55_655
2073	90_630;90_339;339_630
2074	597_804;597_630;630_804
2075	644_846;116_644;116_846
2076	566_724;285_566;285_724
2077	55_503;503_804;55_804
2078	171_339;171_474;339_474
2079	116_739;31_739;31_116
2080	27_410;27_422;410_422
2081	422_489;489_859;422_859
2082	4_243;0_243;0_4
2083	422_553;535_553;422_535
2084	549_655;549_630;630_655
2085	422_711;711_859;422_859
2086	30_655;30_259;259_655
2087	37_630;37_588;588_630
2088	55_338;338_804;55_804
2089	55_869;804_869;55_804
2090	716_864;596_864;596_716
2091	55_836;630_836;55_630
2092	175_655;175_630;630_655
2093	24_655;24_310;310_655
2094	630_758;90_758;90_630
2095	339_600;474_600;339_474
2096	630_718;410_718;410_630
2097	339_542;474_542;339_474
2098	539_887;865_887;539_865
2099	630_824;410_824;410_630
2100	55_673;503_673;55_503
2101	422_580;580_711;422_711
2102	36_61;61_660;36_660
2103	287_496;287_748;496_748
2104	346_630;346_410;410_630
2105	633_859;535_633;535_859
2106	557_630;282_557;282_630
2107	460_859;460_535;535_859
2108	386_553;386_535;535_553
2109	307_535;2_307;2_535
2110	459_535;2_459;2_535
2111	528_535;2_528;2_535
2112	630_857;90_857;90_630
2113	655_784;434_784;434_655
2114	496_770;748_770;496_748
2115	366_592;410_592;366_410
2116	164_588;164_366;366_588
2117	655_674;30_674;30_655
2118	2_885;655_885;2_655
2119	655_813;259_813;259_655
2120	422_544;535_544;422_535
2121	357_410;27_357;27_410
2122	410_671;422_671;410_422
2123	239_666;239_745;666_745
2124	748_822;365_822;365_748
2125	102_410;27_102;27_410
2126	55_730;338_730;55_338
2127	51_688;55_688;51_55
2128	90_177;177_339;90_339
2129	410_848;27_848;27_410
2130	36_796;660_796;36_660
2131	630_765;410_765;410_630
2132	55_667;630_667;55_630
2133	465_630;37_465;37_630
2134	216_804;216_630;630_804
2135	442_535;2_442;2_535
2136	197_804;197_630;630_804
2137	55_705;630_705;55_630
2138	288_630;37_288;37_630
2139	367_474;367_496;474_496
2140	90_693;339_693;90_339
2141	206_630;206_410;410_630
2142	501_660;383_501;383_660
2143	466_718;410_466;410_718
2144	348_630;346_348;346_630
2145	27_326;326_422;27_422
2146	505_630;505_718;630_718
2147	422_683;683_711;422_711
2148	630_637;637_857;630_857
2149	422_783;489_783;422_489
2150	166_410;27_166;27_410
2151	404_422;404_535;422_535
2152	401_410;27_401;27_410
2153	410_695;422_695;410_422
2154	200_711;200_859;711_859
2155	27_792;422_792;27_422
2156	339_737;542_737;339_542
2157	422_872;489_872;422_489
2158	333_655;333_412;412_655
2159	256_474;256_496;474_496
2160	406_473;406_610;473_610
2161	2_853;655_853;2_655
2162	474_826;496_826;474_496
2163	474_797;496_797;474_496
2164	2_262;262_655;2_655
2165	496_576;576_748;496_748
2166	629_859;535_629;535_859
2167	655_843;175_843;175_655
2168	572_885;572_655;655_885
2169	654_655;24_654;24_655
2170	55_861;836_861;55_836
2171	116_815;486_815;116_486
2172	117_630;117_824;630_824
2173	125_734;734_776;125_776
2174	776_849;112_849;112_776
2175	245_452;0_452;0_245
2176	0_351;351_454;0_454
2177	1_476;476_492;1_492
2178	422_536;536_683;422_683
2179	165_816;816_867;165_867
2180	11_16;11_877;16_877
2181	59_590;590_661;59_661
2182	1_850;850_891;1_891
2183	1_852;165_852;1_165
2184	694_885;655_694;655_885
2185	139_165;139_867;165_867
2186	696_816;696_867;816_867
2187	285_856;4_856;4_285
2188	285_753;4_753;4_285
2189	150_259;55_150;55_259
2190	469_814;469_871;814_871
2191	458_871;458_691;691_871
2192	4_879;0_879;0_4
2193	4_408;0_408;0_4
2194	0_706;454_706;0_454
2195	0_283;283_828;0_828
2196	120_454;120_636;454_636
2197	53_636;53_708;636_708
2198	281_804;281_630;630_804
2199	403_655;403_813;655_813
2200	70_535;70_307;307_535
2201	535_767;2_767;2_535
2202	179_535;179_307;307_535
2203	680_885;572_680;572_885
2204	634_655;55_634;55_655
2205	614_630;346_614;346_630
2206	146_859;146_629;629_859
2207	379_859;379_629;629_859
2208	578_655;51_578;51_655
2209	51_793;55_793;51_55
2210	630_723;422_723;422_630
2211	504_655;504_654;654_655
2212	15_630;15_90;90_630
2213	187_804;187_281;281_804
2214	328_422;328_859;422_859
2215	630_750;750_765;630_765
2216	736_885;694_736;694_885
2217	537_630;346_537;346_630
2218	295_422;295_872;422_872
2219	156_885;156_572;572_885
2220	396_765;396_410;410_765
2221	210_630;210_502;502_630
2222	366_522;522_592;366_592
2223	79_422;79_535;422_535
2224	102_596;27_596;27_102
2225	257_872;257_489;489_872
2226	55_354;354_630;55_630
2227	155_859;155_535;535_859
2228	825_859;633_825;633_859
2229	156_888;572_888;156_572
2230	603_859;535_603;535_859
2231	305_535;2_305;2_535
2232	2_501;501_885;2_885
2233	535_631;307_631;307_535
2234	161_535;161_179;179_535
2235	2_149;149_655;2_655
2236	2_31;31_655;2_655
2237	2_864;655_864;2_655
2238	307_796;2_796;2_307
2239	2_640;640_885;2_885
2240	307_369;2_369;2_307
2241	2_518;518_655;2_655
2242	422_716;716_859;422_859
2243	151_655;151_510;510_655
2244	2_122;122_885;2_885
2245	410_420;420_671;410_671
2246	296_885;296_694;694_885
2247	501_732;732_885;501_885
2248	386_655;51_386;51_655
2249	572_741;655_741;572_655
2250	138_885;138_694;694_885
2251	701_885;694_701;694_885
2252	502_576;366_576;366_502
2253	410_742;102_742;102_410
2254	599_836;599_630;630_836
2255	552_859;552_633;633_859
2256	2_875;875_885;2_885
2257	41_655;41_510;510_655
2258	655_858;510_858;510_655
2259	630_660;660_723;630_723
2260	410_849;422_849;410_422
2261	55_846;354_846;55_354
2262	410_546;422_546;410_422
2263	366_658;592_658;366_592
2264	410_733;422_733;410_422
2265	422_643;295_643;295_422
2266	422_831;580_831;422_580
2267	535_814;307_814;307_535
2268	630_869;366_869;366_630
2269	535_753;2_753;2_535
2270	691_765;410_691;410_765
2271	655_856;175_856;175_655
2272	422_636;636_783;422_783
2273	705_859;379_705;379_859
2274	535_674;161_674;161_535
2275	179_465;307_465;179_307
2276	55_853;338_853;55_338
2277	357_630;357_765;630_765
2278	493_733;422_493;422_733
2279	371_522;371_592;522_592
2280	333_630;333_557;557_630
2281	792_824;422_824;422_792
2282	239_422;239_580;422_580
2283	460_705;379_460;379_705
2284	348_422;295_348;295_422
2285	206_422;206_872;422_872
2286	165_422;165_535;422_535
2287	422_781;535_781;422_535
2288	117_859;117_379;379_859
2289	27_401;401_792;27_792
2290	27_891;792_891;27_792
2291	718_872;489_718;489_872
2292	237_872;237_489;489_872
2293	216_580;216_711;580_711
2294	379_828;629_828;379_629
2295	379_528;528_629;379_629
2296	535_667;667_753;535_753
2297	535_607;179_607;179_535
2298	454_535;454_753;535_753
2299	800_859;535_800;535_859
2300	285_307;285_796;307_796
2301	171_200;171_859;200_859
2302	0_859;0_379;379_859
2303	763_859;379_763;379_859
2304	307_610;2_610;2_307
2305	422_476;476_859;422_859
2306	473_535;307_473;307_535
2307	279_422;279_781;422_781
2308	36_422;36_489;422_489
2309	859_883;603_883;603_859
2310	303_422;303_489;422_489
2311	2_776;122_776;2_122
2312	307_611;2_611;2_307
2313	71_796;2_71;2_796
2314	406_796;2_406;2_796
2315	351_535;351_631;535_631
2316	135_655;55_135;55_655
2317	81_535;2_81;2_535
2318	4_177;4_339;177_339
2319	16_535;16_70;70_535
2320	535_708;459_708;459_535
2321	2_794;794_864;2_864
2322	529_535;307_529;307_535
2323	498_885;138_498;138_885
2324	342_859;342_705;705_859
2325	535_867;814_867;535_814
2326	2_850;262_850;2_262
2327	175_826;630_826;175_630
2328	815_872;489_815;489_872
2329	518_536;536_655;518_655
2330	489_852;852_859;489_859
2331	256_307;256_285;285_307
2332	142_307;2_142;2_307
2333	489_879;859_879;489_859
2334	630_860;857_860;630_857
2335	307_675;675_796;307_796
2336	630_724;724_765;630_765
2337	366_586;522_586;366_522
2338	474_566;566_797;474_797
2339	357_877;765_877;357_765
2340	474_871;797_871;474_797
2341	816_859;535_816;535_859
2342	630_725;725_745;630_745
2343	629_810;535_810;535_629
2344	90_706;177_706;90_177
2345	609_655;609_634;634_655
2346	302_796;2_302;2_796
2347	655_737;24_737;24_655
2348	655_688;688_843;655_843
2349	437_629;437_535;535_629
2350	112_629;112_535;535_629
2351	535_751;473_751;473_535
2352	489_693;693_859;489_859
2353	55_163;163_354;55_354
2354	489_802;802_859;489_859
2355	629_696;535_696;535_629
2356	629_661;535_661;535_629
2357	340_629;340_535;535_629
2358	167_489;167_859;489_859
2359	486_658;486_592;592_658
2360	255_366;255_658;366_658
2361	227_379;227_629;379_629
2362	125_496;125_770;496_770
2363	59_658;59_592;592_658
2364	53_379;53_629;379_629
2365	535_822;631_822;535_631
2366	629_734;535_734;535_629
2367	458_630;458_660;630_660
2368	243_535;243_753;535_753
2369	639_859;639_883;859_883
2370	245_522;245_592;522_592
2371	193_630;90_193;90_630
2372	120_629;120_535;535_629
2373	2_492;492_655;2_655
2374	155_259;259_535;155_535
2375	106_150;150_365;106_365
2376	2_30;30_850;2_850
2377	307_444;2_444;2_307
2378	106_139;139_365;106_365
2379	723_851;422_851;422_723
2380	582_796;406_582;406_796
2381	44_655;44_55;55_655
2382	408_723;408_422;422_723
2383	389_535;389_473;473_535
2384	179_375;307_375;179_307
2385	358_422;358_535;422_535
2386	116_422;116_328;328_422
2387	79_316;316_535;79_535
2388	307_887;796_887;307_796
2389	55_882;354_882;55_354
2390	748_865;106_865;106_748
2391	283_634;55_283;55_634
2392	129_753;2_129;2_753
2393	1_106;1_365;106_365
2394	11_592;11_410;410_592
2395	307_881;2_881;2_307
2396	535_686;607_686;535_607
2397	331_655;51_331;51_655
2398	590_603;535_590;535_603
2399	115_535;115_473;473_535
2400	104_535;104_667;535_667
2401	379_789;629_789;379_629
2402	2_534;534_655;2_655
2403	469_535;2_469;2_535
2404	535_635;351_635;351_535
2405	452_535;452_631;535_631
2406	753_861;2_861;2_753
2407	447_796;2_447;2_796
2408	2_73;73_149;2_149
2409	164_655;164_386;386_655
2410	2_12;12_655;2_655
2411	535_739;607_739;535_607
2412	473_727;307_727;307_473
2413	756_885;138_756;138_885
2414	2_466;466_518;2_518
2415	383_655;383_609;609_655
2416	630_729;193_729;193_630
2417	219_610;2_219;2_610
2418	198_630;198_745;630_745
2419	644_655;151_644;151_655
2420	304_307;285_304;285_307
2421	250_339;250_542;339_542
2422	61_796;61_406;406_796
2423	2_676;262_676;2_262
2424	730_796;2_730;2_796
2425	24_840;310_840;24_310
2426	2_653;518_653;2_518
2427	608_655;608_843;655_843
2428	338_548;548_804;338_804
2429	207_338;207_804;338_804
2430	594_745;594_748;745_748
2431	397_630;397_729;630_729
2432	422_712;328_712;328_422
2433	335_630;335_857;630_857
2434	301_630;301_366;366_630
2435	153_765;153_410;410_765
2436	630_704;704_724;630_724
2437	106_588;150_588;106_150
2438	37_630;37_502;502_630
2439	403_422;36_403;36_422
2440	160_630;160_282;282_630
2441	187_630;187_357;357_630
2442	489_503;503_859;489_859
2443	469_888;2_888;2_469
2444	2_767;31_767;2_31
2445	2_741;676_741;2_676
2446	630_632;397_632;397_630
2447	562_655;135_562;135_655
2448	35_885;35_655;655_885
2449	397_614;614_729;397_729
2450	346_729;193_346;193_729
2451	429_729;193_429;193_729
2452	100_706;100_177;177_706
2453	271_630;210_271;210_630
2454	395_630;395_502;502_630
2455	339_813;600_813;339_600
2456	339_637;600_637;339_600
2457	505_660;505_723;660_723
2458	442_600;442_474;474_600
2459	47_474;47_367;367_474
2460	418_600;418_474;474_600
2461	474_572;367_572;367_474
2462	8_496;8_770;496_770
2463	539_872;539_815;815_872
2464	209_859;209_535;535_859
2465	2_195;195_776;2_776
2466	396_535;2_396;2_535
2467	281_631;281_307;307_631
2468	133_796;2_133;2_796
2469	2_683;466_683;2_466
2470	257_307;2_257;2_307
2471	574_655;574_630;630_655
2472	2_385;149_385;2_149
2473	149_576;576_655;149_655
2474	630_701;701_750;630_750
2475	765_862;410_862;410_765
2476	673_748;106_673;106_748
2477	288_422;288_348;348_422
2478	339_825;600_825;339_600
2479	410_514;514_742;410_742
2480	295_791;791_872;295_872
2481	339_732;542_732;339_542
2482	305_535;305_667;535_667
2483	369_535;2_369;2_535
2484	156_797;156_496;496_797
2485	155_433;433_535;155_535
2486	188_629;188_535;535_629
2487	388_629;340_388;340_629
2488	267_351;267_631;351_631
2489	65_631;65_307;307_631
2490	50_307;50_256;256_307
2491	2_811;466_811;2_466
2492	51_544;55_544;51_55
2493	55_549;163_549;55_163
2494	326_354;326_630;354_630
2495	203_354;203_630;354_630
2496	354_450;450_630;354_630
2497	321_354;321_630;354_630
2498	248_750;248_765;750_765
2499	472_750;472_765;750_765
2500	55_221;221_354;55_354
2501	55_168;168_354;55_354
2502	488_655;488_562;562_655
2503	55_480;480_882;55_882
2504	410_462;27_462;27_410
2505	51_247;55_247;51_55
2506	147_765;147_153;153_765
2507	92_153;92_410;153_410
2508	604_891;604_792;792_891
2509	234_422;234_348;348_422
2510	230_282;230_366;282_366
2511	489_805;805_859;489_859
2512	630_774;397_774;397_630
2513	493_872;493_539;539_872
2514	41_489;41_503;489_503
2515	679_872;679_815;815_872
2516	155_858;535_858;155_535
2517	2_680;518_680;2_518
2518	485_489;485_859;489_859
2519	10_129;2_10;2_129
2520	38_849;38_422;422_849
2521	518_649;649_655;518_655
2522	535_602;602_635;535_635
2523	34_307;34_142;142_307
2524	451_859;379_451;379_859
2525	97_489;97_859;489_859
2526	188_531;531_535;188_535
2527	268_518;268_655;518_655
2528	624_655;386_624;386_655
2529	199_655;199_386;386_655
2530	157_379;157_828;379_828
2531	171_629;171_810;629_810
2532	55_578;354_578;55_354
2533	51_69;55_69;51_55
2534	486_630;486_537;537_630
2535	316_535;316_753;535_753
2536	59_535;59_81;81_535
2537	81_465;2_465;2_81
2538	249_655;249_843;655_843
2539	244_843;175_244;175_843
2540	192_630;192_410;410_630
2541	60_881;2_60;2_881
2542	635_709;351_709;351_635
2543	235_635;235_351;351_635
2544	63_81;2_63;2_81
2545	562_880;135_880;135_562
2546	562_779;135_779;135_562
2547	135_665;55_665;55_135
2548	543_885;296_543;296_885
2549	55_229;221_229;55_221
2550	55_500;500_630;55_630
2551	55_260;260_853;55_853
2552	55_761;354_761;55_354
2553	2_834;149_834;2_149
2554	27_223;223_891;27_891
2555	96_422;96_348;348_422
2556	804_866;597_866;597_804
2557	764_792;764_824;792_824
2558	426_792;426_824;792_824
2559	409_630;409_701;630_701
2560	6_630;6_410;410_630
2561	366_428;428_522;366_522
2562	283_592;283_410;410_592
2563	597_832;630_832;597_630
2564	25_357;25_765;357_765
2565	410_786;514_786;410_514
2566	208_296;208_694;296_694
2567	514_752;742_752;514_742
2568	91_422;36_91;36_422
2569	410_886;462_886;410_462
2570	583_765;153_583;153_765
2571	85_422;85_630;422_630
2572	2_590;590_676;2_676
2573	410_806;27_806;27_410
2574	502_773;366_773;366_502
2575	290_794;290_864;794_864
2576	366_371;371_592;366_592
2577	551_742;102_551;102_742
2578	378_522;378_592;522_592
2579	102_323;323_596;102_596
2580	410_778;778_849;410_849
2581	216_849;216_422;422_849
2582	55_682;168_682;55_168
2583	200_630;200_750;630_750
2584	384_630;384_397;397_630
2585	234_276;276_348;234_348
2586	220_354;220_326;326_354
2587	375_765;375_410;410_765
2588	29_326;29_630;326_630
2589	630_841;701_841;630_701
2590	735_765;691_735;691_765
2591	242_630;242_486;486_630
2592	765_842;153_842;153_765
2593	612_778;612_849;778_849
2594	410_851;778_851;410_778
2595	792_890;764_890;764_792
2596	259_764;259_824;764_824
2597	219_422;219_288;288_422
2598	792_877;764_877;764_792
2599	792_874;824_874;792_824
2600	498_539;498_815;539_815
2601	90_775;339_775;90_339
2602	245_859;117_245;117_859
2603	489_567;567_805;489_805
2604	585_859;585_705;705_859
2605	379_449;449_828;379_828
2606	379_421;421_828;379_828
2607	2_846;767_846;2_767
2608	125_474;125_367;367_474
2609	586_859;209_586;209_859
2610	166_535;166_602;535_602
2611	129_793;10_793;10_129
2612	783_796;2_783;2_796
2613	602_879;635_879;602_635
2614	2_227;227_534;2_534
2615	106_437;365_437;106_365
2616	150_860;365_860;150_365
2617	404_410;404_778;410_778
2618	739_824;422_739;422_824
2619	164_422;164_234;234_422
2620	295_383;383_872;295_872
2621	150_459;365_459;150_365
2622	447_872;447_718;718_872
2623	12_106;12_150;106_150
2624	115_150;115_365;150_365
2625	674_765;410_674;410_765
2626	473_815;473_489;489_815
2627	688_859;535_688;535_859
2628	599_859;599_883;859_883
2629	609_859;117_609;117_859
2630	611_859;535_611;535_859
2631	198_859;198_245;245_859
2632	117_412;379_412;117_379
2633	104_535;104_635;535_635
2634	79_828;79_629;629_828
2635	756_828;629_756;629_828
2636	138_535;138_631;535_631
2637	535_686;686_867;535_867
2638	31_736;655_736;31_655
2639	112_704;535_704;112_535
2640	2_197;197_767;2_767
2641	24_711;310_711;24_310
2642	55_666;549_666;55_549
2643	466_501;501_518;466_518
2644	207_655;207_562;562_655
2645	220_505;326_505;220_326
2646	55_776;168_776;55_168
2647	630_725;242_725;242_630
2648	229_654;221_654;221_229
2649	354_813;220_813;220_354
2650	326_723;630_723;326_630
2651	8_242;8_486;242_486
2652	566_765;566_735;735_765
2653	47_339;47_825;339_825
2654	429_845;429_748;748_845
2655	634_748;106_634;106_748
2656	157_608;608_828;157_828
2657	629_888;340_888;340_629
2658	106_614;139_614;106_139
2659	346_629;340_346;340_629
2660	112_576;535_576;112_535
2661	340_632;535_632;340_535
2662	37_535;37_104;104_535
2663	2_693;534_693;2_534
2664	81_552;2_552;2_81
2665	637_753;129_637;129_753
2666	418_753;129_418;129_753
2667	395_466;395_518;466_518
2668	262_543;262_296;296_543
2669	281_358;307_358;281_307
2670	133_631;133_281;281_631
2671	296_852;694_852;296_694
2672	636_666;549_636;549_666
2673	433_796;71_433;71_796
2674	2_660;122_660;2_122
2675	2_70;70_518;2_518
2676	476_655;55_476;55_655
2677	2_206;206_518;2_518
2678	301_813;220_301;220_813
2679	408_655;24_408;24_655
2680	55_165;165_666;55_666
2681	2_850;683_850;2_683
2682	683_730;466_730;466_683
2683	0_220;0_505;220_505
2684	534_802;655_802;534_655
2685	163_553;354_553;163_354
2686	2_528;528_655;2_655
2687	2_389;149_389;2_149
2688	2_822;122_822;2_122
2689	354_643;220_643;220_354
2690	116_655;24_116;24_655
2691	53_249;53_843;249_843
2692	354_831;220_831;220_354
2693	546_706;177_546;177_706
2694	518_727;655_727;518_655
2695	342_655;44_342;44_655
2696	303_534;303_655;534_655
2697	249_887;843_887;249_843
2698	11_207;11_562;207_562
2699	220_789;326_789;220_326
2700	733_843;175_733;175_843
2701	610_885;543_610;543_885
2702	193_655;193_249;249_655
2703	177_658;4_658;4_177
2704	55_708;229_708;55_229
2705	529_843;175_529;175_843
2706	4_444;339_444;4_339
2707	666_816;549_816;549_666
2708	454_723;454_630;630_723
2709	24_734;711_734;24_711
2710	44_861;55_861;44_55
2711	655_696;116_696;116_655
2712	156_655;44_156;44_655
2713	630_661;661_765;630_765
2714	326_826;630_826;326_630
2715	279_296;279_852;296_852
2716	326_763;630_763;326_630
2717	167_326;167_723;326_723
2718	326_781;723_781;326_723
2719	255_655;207_255;207_655
2720	630_866;15_866;15_630
2721	221_247;247_354;221_354
2722	179_600;179_474;474_600
2723	221_396;354_396;221_354
2724	237_694;237_655;655_694
2725	282_871;366_871;282_366
2726	486_633;537_633;486_537
2727	168_322;322_354;168_354
2728	185_354;185_450;354_450
2729	55_832;163_832;55_163
2730	354_751;751_831;354_831
2731	55_724;666_724;55_666
2732	304_354;203_304;203_354
2733	55_114;114_163;55_163
2734	69_496;69_845;496_845
2735	496_820;820_845;496_845
2736	644_787;151_787;151_644
2737	4_442;339_442;4_339
2738	499_630;397_499;397_630
2739	287_487;487_748;287_748
2740	220_844;326_844;220_326
2741	494_748;494_865;748_865
2742	220_328;326_328;220_326
2743	100_326;100_630;326_630
2744	561_711;310_561;310_711
2745	326_530;530_781;326_781
2746	0_32;32_505;0_505
2747	549_884;163_884;163_549
2748	290_549;163_290;163_549
2749	218_630;218_397;397_630
2750	212_339;212_825;339_825
2751	178_813;178_301;301_813
2752	630_835;835_869;630_869
2753	220_263;0_263;0_220
2754	326_345;167_345;167_326
2755	108_163;108_354;163_354
2756	630_819;15_819;15_630
2757	715_781;715_723;723_781
2758	491_630;491_502;502_630
2759	405_630;405_499;499_630
2760	160_672;282_672;160_282
2761	180_459;180_365;365_459
2762	56_354;56_813;354_813
2763	282_432;230_432;230_282
2764	459_713;365_713;365_459
2765	0_613;505_613;0_505
2766	360_770;360_748;748_770
2767	373_781;373_723;723_781
2768	162_326;162_630;326_630
2769	723_732;630_732;630_723
2770	385_422;385_872;422_872
2771	195_596;27_195;27_596
2772	27_858;422_858;27_422
2773	422_572;239_572;239_422
2774	5_630;5_869;630_869
2775	32_285;285_505;32_505
2776	282_548;366_548;282_366
2777	422_544;36_544;36_422
2778	257_872;257_539;539_872
2779	30_422;30_239;239_422
2780	50_592;50_410;410_592
2781	25_859;25_639;639_859
2782	422_458;288_458;288_422
2783	778_868;849_868;778_849
2784	410_481;27_481;27_410
2785	309_385;309_872;385_872
2786	48_716;48_859;716_859
2787	36_864;489_864;36_489
2788	597_805;597_859;805_859
2789	142_859;142_705;705_859
2790	51_859;51_117;117_859
2791	592_740;410_740;410_592
2792	603_717;535_717;535_603
2793	2_645;197_645;2_197
2794	81_532;2_532;2_81
2795	315_410;315_514;410_514
2796	224_535;59_224;59_535
2797	2_545;518_545;2_518
2798	266_422;266_489;422_489
2799	85_709;630_709;85_630
2800	244_340;244_535;340_535
2801	235_716;235_859;716_859
2802	422_810;85_810;85_422
2803	773_872;447_773;447_872
2804	655_814;55_814;55_655
2805	283_859;283_599;599_859
2806	208_630;208_835;630_835
2807	639_800;800_883;639_883
2808	379_582;582_828;379_828
2809	35_629;35_120;120_629
2810	624_631;133_624;133_631
2811	631_761;281_761;281_631
2812	281_492;307_492;281_307
2813	307_786;675_786;307_675
2814	307_836;836_881;307_881
2815	60_886;2_886;2_60
2816	640_881;60_640;60_881
2817	60_375;2_375;2_60
2818	607_655;55_607;55_655
2819	2_216;216_655;2_655
2820	321_518;321_655;518_655
2821	604_655;604_843;655_843
2822	55_712;221_712;55_221
2823	778_793;793_849;778_849
2824	502_779;366_779;366_502
2825	199_422;199_234;234_422
2826	465_735;465_691;691_735
2827	97_735;97_691;691_735
2828	96_883;96_603;603_883
2829	125_410;125_404;404_410
2830	841_862;410_841;410_862
2831	410_701;481_701;410_481
2832	192_410;192_404;404_410
2833	384_691;384_410;410_691
2834	388_422;385_388;385_422
2835	288_585;348_585;288_348
2836	403_603;403_717;603_717
2837	65_859;65_117;117_859
2838	209_773;209_447;447_773
2839	115_351;115_631;351_631
2840	129_653;10_653;10_129
2841	2_774;70_774;2_70
2842	630_679;210_679;210_630
2843	655_890;604_890;604_655
2844	2_551;70_551;2_70
2845	531_630;531_729;630_729
2846	70_857;518_857;70_518
2847	366_739;522_739;366_522
2848	473_655;473_856;655_856
2849	655_665;665_856;655_856
2850	321_378;378_655;321_655
2851	410_891;514_891;410_514
2852	410_842;695_842;410_695
2853	55_73;73_221;55_221
2854	354_493;185_493;185_354
2855	164_872;164_773;773_872
2856	447_611;611_718;447_718
2857	41_608;503_608;41_503
2858	237_489;41_237;41_489
2859	135_503;135_859;503_859
2860	576_859;283_576;283_859
2861	442_800;442_883;800_883
2862	535_704;166_704;166_535
2863	603_713;535_713;535_603
2864	460_883;96_460;96_883
2865	452_883;452_603;603_883
2866	180_535;104_180;104_535
2867	594_603;594_713;603_713
2868	11_535;11_138;138_535
2869	535_609;37_609;37_535
2870	104_338;338_635;104_635
2871	198_635;198_351;351_635
2872	360_635;351_360;351_635
2873	713_736;535_736;535_713
2874	281_737;492_737;281_492
2875	138_243;243_631;138_631
2876	322_631;133_322;133_631
2877	115_285;285_631;115_631
2878	262_351;262_631;351_631
2879	631_682;281_682;281_631
2880	37_673;104_673;37_104
2881	115_171;171_631;115_631
2882	155_761;155_281;281_761
2883	146_631;133_146;133_631
2884	281_730;358_730;281_358
2885	133_487;281_487;133_281
2886	133_429;281_429;133_281
2887	259_737;259_492;492_737
2888	449_631;281_449;281_631
2889	281_421;358_421;281_358
2890	635_851;351_851;351_635
2891	358_848;307_848;307_358
2892	351_783;267_783;267_351
2893	434_492;307_434;307_492
2894	420_737;420_492;492_737
2895	187_307;187_786;307_786
2896	492_583;307_583;307_492
2897	71_179;2_179;2_71
2898	335_492;307_335;307_492
2899	307_877;786_877;307_786
2900	29_796;29_71;71_796
2901	153_631;133_153;133_631
2902	71_879;2_879;2_71
2903	71_614;2_614;2_71
2904	613_796;61_613;61_796
2905	610_675;610_796;675_796
2906	2_12;12_149;2_149
2907	139_675;139_796;675_796
2908	675_834;796_834;675_796
2909	2_658;655_658;2_655
2910	133_561;281_561;133_281
2911	2_820;820_846;2_846
2912	764_796;71_764;71_796
2913	546_655;546_644;644_655
2914	71_395;395_614;71_614
2915	12_444;149_444;12_149
2916	432_655;432_814;655_814
2917	178_644;151_178;151_644
2918	644_860;151_860;151_644
2919	789_871;326_871;326_789
2920	220_770;770_789;220_789
2921	588_789;326_588;326_789
2922	287_326;162_287;162_326
2923	326_437;437_530;326_530
2924	494_630;210_494;210_630
2925	426_630;426_537;537_630
2926	290_357;290_765;357_765
2927	212_410;212_481;410_481
2928	210_845;502_845;210_502
2929	410_874;695_874;410_695
2930	366_865;522_865;366_522
2931	371_396;396_592;371_592
2932	385_748;309_748;309_385
2933	552_592;410_552;410_592
2934	230_410;212_230;212_410
2935	48_481;27_48;27_481
2936	106_212;106_481;212_481
2937	481_532;27_532;27_481
2938	301_481;27_301;27_481
2939	27_824;422_824;27_422
2940	385_634;634_748;385_748
2941	150_385;150_748;385_748
2942	734_858;422_734;422_858
2943	365_422;295_365;295_422
2944	1_422;1_199;199_422
2945	27_733;422_733;27_422
2946	90_422;90_295;295_422
2947	346_872;257_346;257_872
2948	715_858;422_715;422_858
2949	422_763;763_859;422_859
2950	167_239;167_580;239_580
2951	257_433;433_539;257_539
2952	188_872;164_188;164_872
2953	694_805;694_859;805_859
2954	489_797;797_859;489_859
2955	328_872;164_328;164_872
2956	247_489;247_567;489_567
2957	543_872;164_543;164_872
2958	168_603;168_717;603_717
2959	345_383;345_872;383_872
2960	235_489;41_235;41_489
2961	263_859;263_586;586_859
2962	8_717;8_535;535_717
2963	805_816;816_859;805_859
2964	802_859;283_802;283_859
2965	535_562;562_704;535_704
2966	459_535;37_459;37_535
2967	600_859;283_600;283_859
2968	32_859;32_379;379_859
2969	418_859;418_599;599_859
2970	177_753;129_177;129_753
2971	304_704;166_304;166_704
2972	276_599;276_883;599_883
2973	717_826;8_826;8_717
2974	165_883;96_165;96_883
2975	2_4;4_655;2_655
2976	732_883;603_732;603_883
2977	96_864;603_864;96_603
2978	96_850;603_850;96_603
2979	574_603;403_574;403_603
2980	151_206;206_510;151_510
2981	603_708;708_717;603_717
2982	518_672;655_672;518_655
2983	528_631;528_682;631_682
2984	389_631;389_682;631_682
2985	138_696;631_696;138_631
2986	156_717;8_156;8_717
2987	56_717;56_535;535_717
2988	631_706;133_706;133_631
2989	339_654;542_654;339_542
2990	2_548;548_774;2_774
2991	53_631;53_146;146_631
2992	535_640;104_640;104_535
2993	375_535;166_375;166_535
2994	37_100;100_104;37_104
2995	281_373;358_373;281_358
2996	133_557;281_557;133_281
2997	0_354;0_185;185_354
2998	69_104;69_338;104_338
2999	279_535;166_279;166_535
3000	31_281;31_492;281_492
3001	166_775;602_775;166_602
3002	6_535;6_37;37_535
3003	166_408;408_602;166_602
3004	281_488;358_488;281_358
3005	281_612;492_612;281_492
3006	220_462;462_789;220_789
3007	262_469;469_631;262_631
3008	166_741;602_741;166_602
3009	316_631;133_316;133_631
3010	307_331;331_786;307_786
3011	602_776;635_776;602_635
3012	282_492;282_307;307_492
3013	133_229;229_557;133_557
3014	500_631;281_500;281_631
3015	260_635;260_851;635_851
3016	16_655;16_644;644_655
3017	198_401;351_401;198_351
3018	682_853;281_853;281_682
3019	770_804;789_804;770_789
3020	536_796;61_536;61_796
3021	161_786;161_675;675_786
3022	351_840;115_840;115_351
3023	104_323;323_635;104_635
3024	281_740;737_740;281_737
3025	249_711;711_843;249_843
3026	223_326;223_630;326_630
3027	281_875;737_875;281_737
3028	281_578;307_578;281_307
3029	451_675;451_796;675_796
3030	333_682;281_333;281_682
3031	351_428;267_428;267_351
3032	783_811;267_811;267_783
3033	61_784;406_784;61_406
3034	34_635;34_351;351_635
3035	485_786;485_675;675_786
3036	675_676;676_796;675_796
3037	630_649;502_649;502_630
3038	268_287;162_268;162_287
3039	55_63;63_832;55_832
3040	256_281;256_373;281_373
3041	302_630;302_729;630_729
3042	92_406;2_92;2_406
3043	307_880;786_880;307_786
3044	61_504;406_504;61_406
3045	158_635;158_351;351_635
3046	424_630;208_424;208_630
3047	796_886;764_886;764_796
3048	267_362;362_631;267_631
3049	267_356;356_631;267_631
3050	61_228;228_406;61_406
3051	119_492;119_335;335_492
3052	2_782;149_782;2_149
3053	61_521;406_521;61_406
3054	162_278;278_630;162_630
3055	269_796;71_269;71_796
3056	406_508;2_508;2_406
3057	218_307;218_796;307_796
3058	307_663;663_675;307_675
3059	358_593;593_848;358_848
3060	2_368;368_660;2_660
3061	87_631;87_133;133_631
3062	796_819;764_819;764_796
3063	49_451;49_796;451_796
3064	70_650;518_650;70_518
3065	394_796;61_394;61_796
3066	28_70;28_518;70_518
3067	358_749;749_848;358_848
3068	758_835;758_869;835_869
3069	409_682;409_853;682_853
3070	405_786;405_675;675_786
3071	299_751;299_831;751_831
3072	19_786;19_675;675_786
3073	133_743;281_743;133_281
3074	133_440;281_440;133_281
3075	366_771;371_771;366_371
3076	518_757;321_757;321_518
3077	182_518;182_321;321_518
3078	176_307;176_187;187_307
3079	46_682;46_333;333_682
3080	358_463;463_848;358_848
3081	161_866;675_866;161_675
3082	310_406;2_310;2_406
3083	281_425;358_425;281_358
3084	796_829;61_829;61_796
3085	161_744;675_744;161_675
3086	2_806;806_822;2_822
3087	568_675;568_796;675_796
3088	82_333;82_281;281_333
3089	406_439;2_439;2_406
3090	57_281;57_373;281_373
3091	307_807;786_807;307_786
3092	2_670;670_693;2_693
3093	2_754;70_754;2_70
3094	358_569;569_848;358_848
3095	565_757;321_565;321_757
3096	413_508;2_413;2_508
3097	307_407;176_407;176_307
3098	655_709;193_709;193_655
3099	71_108;2_108;2_71
3100	306_655;306_644;644_655
3101	33_655;33_342;342_655
3102	495_786;495_675;675_786
3103	2_14;14_774;2_774
3104	2_329;4_329;2_4
3105	30_848;30_307;307_848
3106	122_144;144_885;122_885
3107	2_759;759_846;2_846
3108	307_745;745_786;307_786
3109	307_501;501_880;307_880
3110	2_207;207_534;2_534
3111	60_630;60_208;208_630
3112	2_746;746_754;2_754
3113	456_675;451_456;451_675
3114	298_630;208_298;208_630
3115	140_630;140_537;537_630
3116	2_688;534_688;2_534
3117	176_465;187_465;176_187
3118	499_707;397_707;397_499
3119	414_796;414_536;536_796
3120	39_70;39_518;70_518
3121	451_821;796_821;451_796
3122	731_819;731_764;764_819
3123	121_765;121_691;691_765
3124	397_689;689_729;397_729
3125	3_187;3_786;187_786
3126	97_410;97_695;410_695
3127	186_786;186_485;485_786
3128	174_796;71_174;71_796
3129	68_786;68_405;405_786
3130	175_436;436_630;175_630
3131	124_835;124_869;835_869
3132	621_691;410_621;410_691
3133	303_564;564_655;303_655
3134	655_887;193_887;193_655
3135	431_764;71_431;71_764
3136	320_796;320_536;536_796
3137	253_630;15_253;15_630
3138	675_756;676_756;675_676
3139	71_725;2_725;2_71
3140	110_764;71_110;71_764
3141	71_89;89_879;71_879
3142	76_764;71_76;71_764
3143	54_879;2_54;2_879
3144	606_675;606_796;675_796
3145	556_869;366_556;366_869
3146	540_879;2_540;2_879
3147	88_522;88_592;522_592
3148	2_538;534_538;2_534
3149	40_108;2_40;2_108
3150	398_481;27_398;27_481
3151	64_410;64_481;410_481
3152	2_315;207_315;2_207
3153	522_728;592_728;522_592
3154	366_684;371_684;366_371
3155	2_878;645_878;2_645
3156	2_619;619_655;2_655
3157	2_490;70_490;2_70
3158	2_134;134_782;2_782
3159	21_796;21_174;174_796
3160	27_768;768_858;27_858
3161	525_534;303_525;303_534
3162	211_660;122_211;122_660
3163	625_670;625_693;670_693
3164	411_655;411_709;655_709
3165	349_630;349_537;537_630
3166	303_341;341_564;303_564
3167	300_655;300_887;655_887
3168	246_303;246_655;303_655
3169	17_70;17_28;28_70
3170	266_885;266_296;296_885
3171	224_342;44_224;44_342
3172	334_655;193_334;193_655
3173	312_655;116_312;116_655
3174	2_20;20_794;2_794
3175	617_695;422_617;422_695
3176	471_655;432_471;432_655
3177	44_735;735_861;44_861
3178	33_724;342_724;33_342
3179	95_122;95_885;122_885
3180	214_354;214_450;354_450
3181	190_354;190_751;354_751
3182	81_553;81_354;354_553
3183	553_792;354_792;354_553
3184	220_680;680_770;220_770
3185	152_354;152_831;354_831
3186	751_889;299_889;299_751
3187	326_591;437_591;326_437
3188	326_376;287_376;287_326
3189	364_588;326_364;326_588
3190	220_226;226_789;220_789
3191	194_831;194_220;220_831
3192	173_835;173_758;758_835
3193	789_799;799_871;789_871
3194	758_780;780_869;758_869
3195	255_588;255_364;364_588
3196	630_685;679_685;630_679
3197	402_556;366_402;366_556
3198	337_789;326_337;326_789
3199	98_364;98_326;326_364
3200	78_371;78_592;371_592
3201	630_633;426_633;426_630
3202	248_592;248_410;410_592
3203	59_410;59_481;410_481
3204	50_615;410_615;50_410
3205	410_523;523_874;410_874
3206	410_455;212_455;212_410
3207	376_651;287_651;287_376
3208	274_592;50_274;50_592
3209	130_410;130_874;410_874
3210	723_787;454_787;454_723
3211	585_695;422_585;422_695
3212	422_642;365_642;365_422
3213	350_454;350_630;454_630
3214	131_422;131_239;239_422
3215	705_869;556_705;556_869
3216	109_695;109_422;422_695
3217	482_869;366_482;366_869
3218	556_646;366_646;366_556
3219	244_418;244_599;418_599
3220	384_599;276_384;276_599
3221	410_793;125_793;125_410
3222	422_844;844_859;422_859
3223	505_602;505_635;602_635
3224	635_836;198_836;198_635
3225	422_566;365_566;365_422
3226	114_198;114_351;198_351
3227	496_635;360_496;360_635
3228	267_607;607_631;267_631
3229	115_884;285_884;115_285
3230	631_636;53_636;53_631
3231	281_752;737_752;281_737
3232	631_683;53_683;53_631
3233	590_737;492_590;492_737
3234	133_742;281_742;133_281
3235	133_596;281_596;133_281
3236	195_281;195_488;281_488
3237	102_752;102_737;737_752
3238	281_570;488_570;281_488
3239	527_737;492_527;492_737
3240	358_626;463_626;358_463
3241	557_812;281_812;281_557
3242	281_549;492_549;281_492
3243	160_492;160_335;335_492
3244	492_641;282_641;282_492
3245	195_587;488_587;195_488
3246	464_848;307_464;307_848
3247	258_488;258_358;358_488
3248	786_841;495_841;495_786
3249	307_813;675_813;307_675
3250	632_796;320_632;320_796
3251	367_796;367_536;536_796
3252	85_796;85_886;796_886
3253	653_796;71_653;71_796
3254	436_888;630_888;436_630
3255	55_250;250_354;55_354
3256	354_442;220_442;220_354
3257	287_882;162_882;162_287
3258	630_810;424_810;424_630
3259	135_220;135_226;220_226
3260	194_378;220_378;194_220
3261	422_857;566_857;422_566
3262	78_727;592_727;78_592
3263	712_723;454_712;454_723
3264	164_608;608_773;164_773
3265	460_674;96_674;96_460
3266	147_460;96_147;96_460
3267	219_502;219_779;502_779
3268	27_545;545_733;27_733
3269	444_858;422_444;422_858
3270	422_604;131_604;131_422
3271	635_881;360_881;360_635
3272	245_422;234_245;234_422
3273	739_816;739_859;816_859
3274	340_859;340_599;599_859
3275	666_859;65_666;65_859
3276	599_661;384_661;384_599
3277	96_237;237_603;96_603
3278	96_466;466_603;96_603
3279	35_460;35_147;147_460
3280	91_96;91_864;96_864
3281	473_883;96_473;96_883
3282	104_891;635_891;104_635
3283	551_603;535_551;535_603
3284	37_58;58_104;37_104
3285	595_864;595_603;603_864
3286	635_825;825_851;635_851
3287	351_867;428_867;351_428
3288	290_351;115_290;115_351
3289	79_602;79_776;602_776
3290	576_776;576_635;635_776
3291	420_635;351_420;351_635
3292	671_776;635_671;635_776
3293	142_351;115_142;115_351
3294	47_607;47_631;607_631
3295	145_631;53_145;53_631
3296	105_267;105_607;267_607
3297	53_790;146_790;53_146
3298	324_351;267_324;267_351
3299	267_313;313_607;267_607
3300	285_860;631_860;285_631
3301	115_815;815_884;115_884
3302	514_631;53_514;53_631
3303	273_884;273_285;285_884
3304	13_761;13_155;155_761
3305	479_631;53_479;53_631
3306	631_873;53_873;53_631
3307	607_870;47_870;47_607
3308	153_798;133_798;133_153
3309	281_862;488_862;281_488
3310	281_314;314_488;281_488
3311	281_284;284_307;281_307
3312	488_654;358_654;358_488
3313	307_696;696_813;307_813
3314	675_845;456_845;456_675
3315	307_469;469_675;307_675
3316	694_796;367_694;367_796
3317	634_796;394_634;394_796
3318	480_675;451_480;451_675
3319	395_456;395_451;451_456
3320	243_536;61_243;61_536
3321	345_786;345_495;495_786
3322	406_868;508_868;406_508
3323	406_797;310_797;310_406
3324	2_24;24_534;2_534
3325	346_534;303_346;303_534
3326	655_826;342_826;342_655
3327	546_658;644_658;546_644
3328	582_655;249_582;249_655
3329	543_655;471_543;471_655
3330	188_655;188_471;471_655
3331	36_655;36_471;471_655
3332	471_804;432_804;432_471
3333	151_597;510_597;151_510
3334	44_301;301_861;44_861
3335	472_510;472_630;510_630
3336	82_175;82_630;175_630
3337	221_865;354_865;221_354
3338	630_811;679_811;630_679
3339	54_630;54_494;494_630
3340	494_731;210_731;210_494
3341	29_210;29_502;210_502
3342	156_630;156_679;630_679
3343	625_679;210_625;210_679
3344	56_679;56_210;210_679
3345	502_866;366_866;366_502
3346	744_779;366_744;366_779
3347	540_779;366_540;366_779
3348	630_877;140_877;140_630
3349	613_630;502_613;502_630
3350	494_707;707_731;494_731
3351	502_890;366_890;366_502
3352	366_600;371_600;366_371
3353	48_498;27_498;27_48
3354	230_684;230_371;371_684
3355	39_422;39_234;234_422
3356	182_422;182_234;234_422
3357	409_410;409_455;410_455
3358	212_266;106_266;106_212
3359	211_592;211_552;552_592
3360	110_552;110_410;410_552
3361	592_852;50_852;50_592
3362	27_732;422_732;27_422
3363	51_410;51_842;410_842
3364	404_853;778_853;404_778
3365	209_728;447_728;209_447
3366	447_725;611_725;447_611
3367	203_447;203_611;447_611
3368	0_447;0_718;447_718
3369	447_715;611_715;447_611
3370	525_611;525_718;611_718
3371	362_859;362_586;586_859
3372	341_805;341_859;805_859
3373	117_840;412_840;117_412
3374	96_821;466_821;96_466
3375	96_735;466_735;96_466
3376	603_770;535_770;535_603
3377	535_624;6_624;6_535
3378	281_764;314_764;281_314
3379	281_565;565_764;281_764
3380	281_757;757_764;281_764
3381	281_591;578_591;281_578
3382	504_882;406_882;406_504
3383	61_824;504_824;61_504
3384	406_665;92_665;92_406
3385	2_553;329_553;2_329
3386	329_505;4_505;4_329
3387	2_499;329_499;2_329
3388	274_655;274_471;471_655
3389	323_843;323_529;529_843
3390	432_633;633_814;432_814
3391	175_812;436_812;175_436
3392	630_869;811_869;630_811
3393	613_712;502_712;502_613
3394	219_459;459_779;219_779
3395	426_779;426_744;744_779
3396	758_779;744_758;744_779
3397	444_744;366_444;366_744
3398	371_496;78_496;78_371
3399	617_771;371_617;371_771
3400	433_684;371_433;371_684
3401	410_841;841_874;410_874
3402	51_539;539_842;51_842
3403	695_742;585_742;585_695
3404	422_683;388_683;388_422
3405	422_886;388_886;388_422
3406	6_781;37_781;6_37
3407	37_887;104_887;37_104
3408	216_881;216_360;360_881
3409	351_727;290_727;290_351
3410	171_870;631_870;171_631
3411	569_813;569_675;675_813
3412	335_749;307_749;307_335
3413	307_364;187_364;187_307
3414	813_858;569_858;569_813
3415	675_865;676_865;675_676
3416	796_871;367_871;367_796
3417	61_604;504_604;61_504
3418	337_394;61_337;61_394
3419	796_835;394_835;394_796
3420	2_716;499_716;2_499
3421	553_844;329_844;329_553
3422	527_771;371_527;371_771
3423	371_862;592_862;371_592
3424	106_842;106_695;695_842
3425	51_346;346_842;51_842
3426	842_884;695_884;695_842
3427	701_756;481_756;481_701
3428	422_730;234_730;234_422
3429	422_849;365_849;365_422
3430	831_872;328_831;328_872
3431	428_859;65_428;65_859
3432	221_489;221_567;489_567
3433	404_611;404_718;611_718
3434	285_447;285_611;447_611
3435	125_859;125_586;586_859
3436	6_582;582_781;6_781
3437	543_781;37_543;37_781
3438	816_826;826_859;816_859
3439	503_778;778_859;503_859
3440	259_859;259_362;362_859
3441	761_840;412_761;412_840
3442	634_859;65_634;65_859
3443	583_859;65_583;65_859
3444	425_859;125_425;125_859
3445	358_412;358_379;379_412
3446	341_362;341_586;362_586
3447	41_867;503_867;41_503
3448	120_674;535_674;120_535
3449	147_379;147_629;379_629
3450	114_379;114_629;379_629
3451	33_117;33_840;117_840
3452	24_379;24_629;379_629
3453	156_412;156_379;379_412
3454	228_761;228_412;412_761
3455	6_877;781_877;6_781
3456	412_800;156_800;156_412
3457	379_474;474_629;379_629
3458	5_379;5_629;379_629
3459	244_781;244_543;543_781
3460	54_356;54_631;356_631
3461	38_379;38_629;379_629
3462	629_732;120_732;120_629
3463	379_480;480_629;379_629
3464	120_282;282_535;120_535
3465	342_629;120_342;120_629
3466	140_635;140_836;635_836
3467	570_783;267_570;267_783
3468	120_866;535_866;120_535
3469	267_498;356_498;267_356
3470	218_492;160_218;160_492
3471	110_115;110_171;115_171
3472	535_557;166_557;166_535
3473	356_607;54_607;54_356
3474	37_271;271_887;37_887
3475	345_682;281_345;281_682
3476	211_781;211_543;543_781
3477	543_852;37_852;37_543
3478	104_495;495_635;104_635
3479	37_770;104_770;37_104
3480	198_199;199_351;198_351
3481	60_198;60_351;198_351
3482	409_635;351_409;351_635
3483	351_398;398_783;351_783
3484	104_654;635_654;104_635
3485	104_545;495_545;104_495
3486	338_395;395_635;338_635
3487	104_178;178_338;104_338
3488	104_864;635_864;104_635
3489	142_658;115_658;115_142
3490	639_783;570_639;570_783
3491	182_314;182_488;314_488
3492	631_735;133_735;133_631
3493	396_631;133_396;133_631
3494	715_798;133_715;133_798
3495	505_765;4_765;4_505
3496	4_552;552_655;4_655
3497	455_655;455_814;655_814
3498	614_814;55_614;55_814
3499	742_882;585_882;585_742
3500	6_284;284_781;6_781
3501	193_290;115_193;115_290
3502	12_171;12_870;171_870
3503	429_546;281_546;281_429
3504	281_841;737_841;281_737
3505	71_281;71_875;281_875
3506	197_875;197_737;737_875
3507	92_335;92_307;307_335
3508	108_335;108_307;307_335
3509	307_539;469_539;307_469
3510	216_335;216_749;335_749
3511	476_675;476_865;675_865
3512	149_749;149_307;307_749
3513	36_469;36_675;469_675
3514	16_307;16_696;307_696
3515	307_694;469_694;307_469
3516	494_865;494_676;676_865
3517	384_456;384_451;451_456
3518	307_878;696_878;307_696
3519	307_538;364_538;307_364
3520	134_364;134_187;187_364
3521	469_883;675_883;469_675
3522	276_871;276_367;367_871
3523	230_406;230_868;406_868
3524	61_195;195_504;61_504
3525	394_433;61_433;61_394
3526	466_796;466_835;796_835
3527	237_676;237_796;676_796
3528	96_367;96_536;367_536
3529	796_821;821_871;796_871
3530	536_603;243_603;243_536
3531	508_551;2_551;2_508
3532	112_835;112_394;394_835
3533	2_717;4_717;2_4
3534	394_473;61_473;61_394
3535	367_665;536_665;367_536
3536	536_779;243_779;243_536
3537	61_744;521_744;61_521
3538	540_603;243_540;243_603
3539	426_655;426_814;655_814
3540	444_814;55_444;55_814
3541	243_824;61_824;61_243
3542	61_758;504_758;61_504
3543	61_591;195_591;61_195
3544	61_549;521_549;61_521
3545	200_455;200_814;455_814
3546	406_750;750_868;406_868
3547	354_578;326_578;326_354
3548	407_868;407_508;508_868
3549	339_868;339_508;508_868
3550	609_868;508_609;508_868
3551	508_756;2_756;2_508
3552	346_508;2_346;2_508
3553	2_891;759_891;2_759
3554	2_459;459_499;2_499
3555	329_527;505_527;329_505
3556	499_596;329_596;329_499
3557	329_599;505_599;329_505
3558	219_765;4_219;4_765
3559	324_505;324_765;505_765
3560	229_505;4_229;4_505
3561	4_210;210_655;4_655
3562	4_29;29_655;4_655
3563	793_814;55_793;55_814
3564	436_505;4_436;4_505
3565	529_814;55_529;55_814
3566	175_655;175_814;655_814
3567	82_655;82_426;426_655
3568	644_655;644_814;655_814
3569	151_655;151_426;426_655
3570	4_843;655_843;4_655
3571	691_765;4_691;4_765
3572	121_655;121_455;455_655
3573	655_731;455_731;455_655
3574	4_725;655_725;4_655
3575	455_707;707_814;455_814
3576	203_814;203_444;444_814
3577	814_858;614_858;614_814
3578	432_888;814_888;432_814
3579	510_814;55_510;55_814
3580	617_814;55_617;55_814
3581	285_655;285_426;426_655
3582	55_733;354_733;55_354
3583	55_565;354_565;55_354
3584	55_212;212_354;55_354
3585	206_326;206_223;223_326
3586	55_812;73_812;55_73
3587	151_633;426_633;151_426
3588	55_728;73_728;55_73
3589	354_460;326_460;326_354
3590	55_600;73_600;55_73
3591	55_404;404_832;55_832
3592	354_884;578_884;354_578
3593	228_630;228_613;613_630
3594	379_658;5_658;5_379
3595	379_447;5_447;5_379
3596	379_826;5_826;5_379
3597	5_701;629_701;5_629
3598	5_239;239_629;5_629
3599	718_877;718_781;781_877
3600	771_781;244_771;244_781
3601	37_767;104_767;37_104
3602	104_125;125_178;104_178
3603	727_763;290_763;290_727
3604	115_634;171_634;115_171
3605	281_498;498_737;281_737
3606	583_875;583_737;737_875
3607	425_870;425_631;631_870
3608	160_886;335_886;160_335
3609	335_365;365_749;335_749
3610	281_303;303_737;281_737
3611	492_586;434_586;434_492
3612	428_875;197_428;197_875
3613	147_875;147_737;737_875
3614	235_492;235_335;335_492
3615	182_590;182_492;492_590
3616	38_335;38_749;335_749
3617	307_825;538_825;307_538
3618	492_639;434_639;434_492
3619	24_749;24_149;149_749
3620	307_882;16_882;16_307
3621	307_770;16_770;16_307
3622	187_846;786_846;187_786
3623	675_864;864_865;675_865
3624	156_675;156_865;675_865
3625	140_865;140_494;494_865
3626	494_674;674_676;494_676
3627	821_831;831_871;821_871
3628	394_791;61_791;61_394
3629	367_872;96_872;96_367
3630	406_816;230_816;230_406
3631	536_805;243_805;243_536
3632	521_773;406_773;406_521
3633	61_567;406_567;61_406
3634	164_868;164_609;609_868
3635	489_504;406_489;406_504
3636	409_591;195_409;195_591
3637	383_406;230_383;230_406
3638	58_230;58_868;230_868
3639	328_406;230_328;230_406
3640	362_406;362_750;406_750
3641	230_857;857_868;230_868
3642	142_717;4_142;4_717
3643	495_655;455_495;455_655
3644	371_764;592_764;371_592
3645	61_691;195_691;61_195
3646	504_633;489_633;489_504
3647	655_841;249_841;249_655
3648	65_223;65_630;223_630
3649	459_592;50_459;50_592
3650	4_338;29_338;4_29
3651	455_798;707_798;455_707
3652	495_715;455_715;455_495
3653	115_455;115_707;455_707
3654	502_882;882_890;502_890
3655	410_825;825_842;410_842
3656	469_592;50_469;50_592
3657	310_842;310_695;695_842
3658	410_737;737_842;410_842
3659	410_434;434_842;410_842
3660	365_410;365_842;410_842
3661	492_842;106_492;106_842
3662	335_695;335_422;422_695
3663	410_749;749_842;410_842
3664	149_422;149_683;422_683
3665	160_422;160_683;422_683
3666	16_502;16_882;502_882
3667	502_864;864_890;502_890
3668	502_538;538_890;502_890
3669	366_773;684_773;366_684
3670	684_831;371_831;371_684
3671	371_805;764_805;371_764
3672	592_603;469_603;469_592
3673	371_456;456_592;371_592
3674	592_878;50_878;50_592
3675	592_791;50_791;50_592
3676	50_886;410_886;50_410
3677	592_846;410_846;410_592
3678	592_696;50_696;50_592
3679	50_770;410_770;50_410
3680	50_813;410_813;50_410
3681	410_875;434_875;410_434
3682	50_590;410_590;50_410
3683	409_410;409_749;410_749
3684	410_586;586_842;410_842
3685	235_410;235_842;410_842
3686	410_631;631_737;410_737
3687	310_389;389_695;310_695
3688	106_281;281_695;106_695
3689	197_695;197_422;422_695
3690	153_422;153_683;422_683
3691	145_422;145_149;149_422
3692	307_683;307_388;388_683
3693	561_683;388_561;388_683
3694	366_675;675_684;366_684
3695	764_779;592_779;592_764
3696	536_764;536_592;592_764
3697	96_764;96_592;592_764
3698	592_617;617_696;592_696
3699	592_872;872_878;592_878
3700	329_592;329_696;592_696
3701	410_816;816_825;410_825
3702	410_750;365_750;365_410
3703	451_592;410_451;410_592
3704	410_786;365_786;365_410
3705	50_187;187_770;50_770
3706	362_410;362_842;410_842
3707	50_567;567_590;50_590
3708	328_842;106_328;106_842
3709	609_842;106_609;106_842
3710	134_695;134_422;422_695
3711	364_422;145_364;145_422
3712	695_811;134_811;134_695
3713	243_683;243_388;388_683
3714	367_410;367_825;410_825
3715	410_653;653_737;410_737
3716	691_842;492_691;492_842
3717	842_869;106_869;106_842
3718	106_164;164_281;106_281
3719	337_695;337_422;422_695
3720	674_695;197_674;197_695
3721	429_695;422_429;422_695
3722	133_695;133_134;134_695
3723	695_857;197_857;197_695
3724	71_153;71_683;153_683
3725	153_735;71_735;71_153
3726	396_683;396_561;561_683
3727	38_683;38_388;388_683
3728	58_307;58_388;307_388
3729	307_489;388_489;307_388
3730	494_814;494_858;814_858
3731	406_410;406_825;410_825
3732	521_842;310_521;310_842
3733	695_821;422_821;422_695
3734	142_683;142_561;561_683
3735	717_812;73_717;73_812
3736	2_73;2_55;55_73
3737	55_835;832_835;55_832
3738	55_759;759_832;55_832
3739	715_812;715_717;717_812
3740	73_676;55_676;55_73
3741	73_551;2_551;2_73
3742	73_508;55_508;55_73
3743	55_394;354_394;55_354
3744	2_61;55_61;2_55
3745	73_346;346_508;73_508
3746	841_882;841_890;882_890
3747	798_890;366_798;366_890
3748	115_890;115_366;366_890
3749	410_707;707_875;410_875
3750	50_495;410_495;50_410
3751	82_842;82_310;310_842
3752	339_842;339_609;609_842
3753	230_310;230_695;310_695
3754	281_871;695_871;281_695
3755	149_797;683_797;149_683
3756	600_868;73_868;73_600
3757	633_832;55_633;55_832
3758	504_832;55_504;55_832
3759	55_433;354_433;55_354
3760	55_891;759_891;55_759
3761	832_865;633_865;633_832
3762	55_140;140_832;55_832
3763	195_600;195_868;600_868
3764	55_156;156_759;55_759
3765	73_591;55_591;55_73
3766	383_460;326_383;326_460
3767	24_55;24_812;55_812
3768	55_870;354_870;55_354
3769	540_759;540_832;759_832
3770	223_546;546_630;223_630
3771	630_682;679_682;630_679
3772	498_630;228_498;228_630
3773	223_583;583_630;223_630
3774	55_569;569_812;55_812
3775	55_171;171_759;55_759
3776	223_727;65_727;65_223
3777	310_351;230_351;230_310
3778	290_630;290_679;630_679
3779	178_695;178_335;335_695
3780	104_695;104_429;429_695
3781	635_683;38_635;38_683
3782	38_198;198_388;38_388
3783	55_836;600_836;55_600
3784	55_796;796_835;55_835
3785	55_237;237_812;55_812
3786	832_843;843_865;832_865
3787	460_831;326_831;326_460
3788	73_643;643_676;73_676
3789	55_886;870_886;55_870
3790	55_675;675_812;55_812
3791	206_444;223_444;206_223
3792	55_60;60_812;55_812
3793	36_832;36_504;504_832
3794	223_783;65_783;65_223
3795	395_633;55_395;55_633
3796	37_633;37_55;55_633
3797	546_851;630_851;546_630
3798	4_55;4_171;55_171
3799	55_553;553_796;55_796
3800	228_456;456_613;228_613
3801	613_864;502_864;502_613
3802	617_832;617_633;633_832
3803	55_451;451_600;55_600
3804	55_494;156_494;55_156
3805	55_329;329_569;55_569
3806	338_600;338_868;600_868
3807	29_55;29_569;55_569
3808	395_428;55_428;55_395
3809	182_812;73_182;73_812
3810	147_600;147_195;195_600
3811	793_812;73_793;73_812
3812	614_832;55_614;55_832
3813	55_567;237_567;55_237
3814	55_187;60_187;55_60
3815	55_733;569_733;55_569
3816	55_881;24_881;24_55
3817	326_426;206_426;206_326
3818	55_816;816_870;55_870
3819	206_655;444_655;206_444
3820	586_812;73_586;73_812
3821	73_235;235_676;73_676
3822	362_812;73_362;73_812
3823	249_812;182_249;182_812
3824	73_303;303_508;73_508
3825	223_732;630_732;223_630
3826	73_846;2_846;2_73
3827	73_639;551_639;73_551
3828	73_629;629_676;73_676
3829	55_455;354_455;55_354
3830	55_432;432_835;55_835
3831	55_425;425_759;55_759
3832	248_630;248_498;498_630
3833	171_858;759_858;171_759
3834	553_814;796_814;553_796
3835	73_203;203_551;73_551
3836	200_228;200_613;228_613
3837	55_151;151_870;55_870
3838	12_228;12_613;228_613
3839	543_812;73_543;73_812
3840	404_569;404_812;569_812
3841	55_244;244_329;55_329
3842	53_890;53_798;798_890
3843	781_798;366_781;366_798
3844	55_210;171_210;55_171
3845	770_870;354_770;354_870
3846	55_877;836_877;55_836
3847	73_631;631_643;73_643
3848	367_600;338_367;338_600
3849	684_728;371_728;371_684
3850	634_805;634_764;764_805
3851	602_805;602_764;764_805
3852	578_676;55_578;55_676
3853	565_764;536_565;536_764
3854	342_764;342_536;536_764
3855	284_764;284_536;536_764
3856	212_592;212_459;459_592
3857	6_195;6_868;195_868
3858	55_869;171_869;55_171
3859	569_813;812_813;569_812
3860	73_133;2_133;2_73
3861	149_825;797_825;149_797
3862	366_811;684_811;366_684
3863	492_764;342_492;342_764
3864	364_764;342_364;342_764
3865	366_786;371_786;366_371
3866	5_366;5_371;366_371
3867	536_763;592_763;536_592
3868	406_536;406_763;536_763
3869	592_624;459_624;459_592
3870	536_582;582_763;536_763
3871	379_592;379_603;592_603
3872	356_536;356_592;536_592
3873	285_592;285_459;459_592
3874	274_410;274_653;410_653
3875	188_603;188_469;469_603
3876	166_434;166_842;434_842
3877	469_731;50_731;50_469
3878	495_644;410_644;410_495
3879	410_557;557_750;410_750
3880	410_535;409_535;409_410
3881	175_495;175_410;410_495
3882	121_410;121_409;409_410
3883	54_495;54_410;410_495
3884	267_495;267_410;410_495
3885	82_146;146_310;82_310
3886	716_842;82_716;82_842
3887	469_552;50_552;50_469
3888	281_282;282_695;281_695
3889	120_750;120_365;365_750
3890	725_842;82_725;82_842
3891	125_339;125_609;339_609
3892	197_884;422_884;197_422
3893	310_767;351_767;310_351
3894	695_866;335_866;335_695
3895	529_842;529_609;609_842
3896	510_695;429_510;429_695
3897	230_826;695_826;230_695
3898	282_771;695_771;282_695
3899	58_695;58_134;134_695
3900	106_758;281_758;106_281
3901	145_658;149_658;145_149
3902	282_549;549_695;282_695
3903	145_499;149_499;145_149
3904	480_695;480_857;695_857
3905	197_447;422_447;197_422
3906	422_744;145_744;145_422
3907	422_718;153_718;153_422
3908	539_735;71_539;71_735
3909	407_422;145_407;145_422
3910	145_218;218_658;145_658
3911	38_756;388_756;38_388
3912	683_701;635_701;635_683
3913	239_683;239_396;396_683
3914	476_658;149_476;149_658
3915	466_683;396_466;396_683
3916	149_358;358_797;149_797
3917	412_683;412_635;635_683
3918	38_841;198_841;38_198
3919	55_538;538_733;55_733
3920	55_337;337_675;55_675
3921	675_840;812_840;675_812
3922	665_676;55_665;55_676
3923	55_773;773_881;55_881
3924	55_505;151_505;55_151
3925	840_871;812_871;812_840
3926	55_117;117_600;55_600
3927	55_859;151_859;55_151
3928	715_824;717_824;715_717
3929	55_418;418_675;55_675
3930	25_812;25_715;715_812
3931	55_276;276_881;55_881
3932	92_715;92_717;715_717
3933	6_164;164_868;6_868
3934	73_765;676_765;73_676
3935	675_845;812_845;675_812
3936	73_473;473_676;73_676
3937	2_888;55_888;2_55
3938	2_449;55_449;2_55
3939	676_778;665_778;665_676
3940	694_812;694_715;715_812
3941	216_600;216_868;600_868
3942	791_832;614_791;614_832
3943	503_676;55_503;55_676
3944	108_195;6_108;6_195
3945	599_715;599_717;715_717
3946	41_451;41_600;451_600
3947	527_600;216_527;216_600
3948	2_219;55_219;2_55
3949	55_844;796_844;55_796
3950	55_314;314_796;55_796
3951	471_881;24_471;24_881
3952	55_804;151_804;55_151
3953	55_757;757_881;55_881
3954	324_715;324_717;715_717
3955	55_229;229_733;55_733
3956	73_436;436_676;73_676
3957	55_110;110_151;55_151
3958	790_881;24_790;24_881
3959	404_596;596_812;404_812
3960	55_883;675_883;55_675
3961	55_398;73_398;55_73
3962	55_193;193_600;55_600
3963	55_384;337_384;55_337
3964	570_881;24_570;24_881
3965	73_112;112_765;73_765
3966	195_545;6_545;6_195
3967	779_881;24_779;24_881
3968	489_675;489_812;675_812
3969	271_812;271_715;715_812
3970	812_852;182_852;182_812
3971	259_569;259_404;404_569
3972	585_812;182_585;182_812
3973	717_742;73_742;73_717
3974	534_694;534_715;694_715
3975	348_717;73_348;73_717
3976	715_730;717_730;715_717
3977	39_715;39_824;715_824
3978	715_887;717_887;715_717
3979	307_717;73_307;73_717
3980	295_717;73_295;73_717
3981	55_488;151_488;55_151
3982	211_717;73_211;73_717
3983	73_474;2_474;2_73
3984	73_114;114_551;73_551
3985	654_717;73_654;73_717
3986	199_717;73_199;73_717
3987	73_875;765_875;73_765
3988	404_696;696_812;404_812
3989	607_812;607_715;715_812
3990	717_851;348_851;348_717
3991	2_386;386_888;2_888
3992	2_360;55_360;2_55
3993	78_888;55_78;55_888
3994	73_245;245_765;73_765
3995	600_608;195_608;195_600
3996	221_326;206_221;206_326
3997	832_849;55_849;55_832
3998	36_761;504_761;36_504
3999	51_55;51_398;55_398
4000	55_583;276_583;55_276
4001	55_776;675_776;55_675
4002	55_606;418_606;55_418
4003	496_868;73_496;73_868
4004	73_712;55_712;55_73
4005	611_717;73_611;73_717
4006	73_525;525_551;73_551
4007	345_717;345_348;348_717
4008	209_654;73_209;73_654
4009	73_604;604_765;73_765
4010	73_800;551_800;73_551
4011	55_874;757_874;55_757
4012	73_341;341_676;73_676
4013	385_812;25_385;25_812
4014	33_676;33_503;503_676
4015	151_862;862_870;151_870
4016	481_665;55_481;55_665
4017	27_508;27_55;55_508
4018	778_867;665_867;665_778
4019	323_796;55_323;55_796
4020	60_79;79_812;60_812
4021	0_675;0_812;675_812
4022	48_870;48_354;354_870
4023	55_165;165_394;55_394
4024	55_266;73_266;55_73
4025	55_873;600_873;55_600
4026	55_861;73_861;55_73
4027	55_479;479_488;55_488
4028	44_73;44_436;73_436
4029	73_597;474_597;73_474
4030	449_537;55_537;55_449
4031	55_514;60_514;55_60
4032	119_676;55_119;55_676
4033	105_449;55_105;55_449
4034	55_131;131_796;55_796
4035	151_590;590_870;151_870
4036	151_625;625_870;151_870
4037	56_600;56_367;367_600
4038	55_743;743_861;55_861
4039	55_562;384_562;55_384
4040	676_853;503_853;503_676
4041	55_257;73_257;55_73
4042	73_243;243_303;73_303
4043	220_460;220_383;383_460
4044	551_815;2_815;2_551
4045	428_717;428_654;654_717
4046	2_104;104_219;2_219
4047	73_290;290_604;73_604
4048	37_73;37_436;73_436
4049	73_140;140_474;73_474
4050	200_630;200_679;630_679
4051	12_219;12_55;55_219
4052	55_642;314_642;55_314
4053	474_580;2_580;2_474
4054	395_776;395_675;675_776
4055	55_472;110_472;55_110
4056	55_420;420_583;55_583
4057	208_832;208_614;614_832
4058	55_546;488_546;55_488
4059	870_891;354_891;354_870
4060	55_456;456_776;55_776
4061	383_732;326_732;326_383
4062	55_858;73_858;55_73
4063	675_783;489_783;489_675
4064	73_617;617_875;73_875
4065	433_596;433_812;596_812
4066	91_727;65_91;65_727
4067	194_812;194_362;362_812
4068	73_135;2_135;2_73
4069	65_666;630_666;65_630
4070	665_789;481_789;481_665
4071	73_634;203_634;73_203
4072	73_602;55_602;55_73
4073	588_717;348_588;348_717
4074	340_498;228_340;228_498
4075	73_357;357_631;73_631
4076	226_228;226_613;228_613
4077	69_228;69_613;228_613
4078	176_228;176_613;228_613
4079	228_848;613_848;228_613
4080	655_717;307_655;307_717
4081	97_717;97_295;295_717
4082	65_782;630_782;65_630
4083	426_864;426_502;502_864
4084	464_675;464_812;675_812
4085	313_864;313_502;502_864
4086	47_502;47_890;502_890
4087	124_676;124_778;676_778
4088	55_626;538_626;55_538
4089	463_890;366_463;366_890
4090	73_301;301_631;73_631
4091	765_865;676_865;676_765
4092	55_253;253_505;55_505
4093	810_890;366_810;366_890
4094	155_676;155_665;665_676
4095	290_713;604_713;290_604
4096	424_665;424_789;665_789
4097	371_751;751_805;371_805
4098	860_861;73_860;73_861
4099	55_576;451_576;55_451
4100	465_789;465_481;481_789
4101	73_729;2_729;2_73
4102	371_437;437_764;371_764
4103	35_764;35_364;364_764
4104	491_764;491_492;492_764
4105	398_728;73_728;73_398
4106	592_820;285_820;285_592
4107	338_671;671_868;338_868
4108	73_287;287_290;73_290
4109	20_55;20_488;55_488
4110	164_552;552_868;164_868
4111	55_125;20_125;20_55
4112	55_120;120_456;55_456
4113	13_868;13_73;73_868
4114	73_250;250_676;73_676
4115	73_368;368_525;73_525
4116	55_333;60_333;55_60
4117	676_781;781_853;676_853
4118	46_73;46_765;73_765
4119	267_676;267_853;676_853
4120	55_175;175_538;55_538
4121	682_778;665_682;665_778
4122	151_480;480_590;151_590
4123	55_96;96_538;55_538
4124	120_633;456_633;120_456
4125	73_586;586_602;73_602
4126	54_749;54_842;749_842
4127	758_842;609_758;609_842
4128	2_739;55_739;2_55
4129	73_704;631_704;73_631
4130	376_643;376_676;643_676
4131	450_643;450_676;643_676
4132	442_585;182_442;182_585
4133	304_551;304_815;551_815
4134	631_843;643_843;631_643
4135	643_644;644_676;643_676
4136	778_813;665_813;665_778
4137	806_846;2_806;2_846
4138	383_549;326_549;326_383
4139	218_326;218_221;221_326
4140	383_413;326_413;326_383
4141	73_273;273_525;73_525
4142	476_717;428_476;428_717
4143	358_717;348_358;348_717
4144	676_754;124_754;124_676
4145	55_670;670_835;55_835
4146	55_331;331_812;55_812
4147	49_55;49_253;55_253
4148	55_752;253_752;55_253
4149	134_530;422_530;134_422
4150	462_715;462_599;599_715
4151	85_765;85_676;676_765
4152	153_825;735_825;153_735
4153	166_599;166_717;599_717
4154	630_841;679_841;630_679
4155	582_643;582_676;643_676
4156	404_521;521_596;404_596
4157	365_460;365_383;383_460
4158	455_812;455_585;585_812
4159	383_432;413_432;383_413
4160	188_221;188_206;206_221
4161	73_244;244_604;73_604
4162	444_499;223_499;223_444
4163	249_444;223_249;223_444
4164	16_717;16_588;588_717
4165	717_756;199_756;199_717
4166	73_797;712_797;73_712
4167	55_866;804_866;55_804
4168	151_716;716_870;151_870
4169	434_590;434_870;590_870
4170	151_529;480_529;151_480
4171	674_770;354_674;354_770
4172	557_870;557_770;770_870
4173	274_891;274_354;354_891
4174	328_599;328_717;599_717
4175	701_832;208_701;208_832
4176	653_832;653_849;832_849
4177	460_744;383_744;383_460
4178	460_718;326_718;326_460
4179	326_821;206_821;206_326
4180	348_750;73_750;73_348
4181	326_624;218_624;218_326
4182	206_389;389_444;206_444
4183	149_643;149_676;643_676
4184	326_591;206_591;206_326
4185	133_326;133_206;206_326
4186	55_212;212_869;55_869
4187	55_339;339_743;55_743
4188	55_198;198_743;55_743
4189	55_767;767_804;55_804
4190	206_447;223_447;206_223
4191	61_96;61_538;96_538
4192	223_707;630_707;223_630
4193	529_543;480_543;480_529
4194	535_538;535_733;538_733
4195	121_665;55_121;55_665
4196	151_798;798_862;151_862
4197	53_151;53_625;151_625
4198	630_811;679_811;630_679
4199	590_786;434_786;434_590
4200	495_770;354_495;354_770
4201	187_481;55_187;55_481
4202	38_354;38_460;354_460
4203	115_460;115_831;460_831
4204	5_864;5_502;502_864
4205	488_826;151_826;151_488
4206	151_329;329_862;151_862
4207	4_259;4_404;259_404
4208	502_658;658_890;502_890
4209	335_890;335_463;463_890
4210	356_770;354_356;354_770
4211	223_635;630_635;223_630
4212	463_578;366_578;366_463
4213	235_354;235_460;354_460
4214	48_632;354_632;48_354
4215	460_834;744_834;460_744
4216	460_740;740_831;460_831
4217	41_557;41_770;557_770
4218	57_557;57_770;557_770
4219	799_831;326_799;326_831
4220	320_592;285_320;285_592
4221	269_444;223_269;223_444
4222	223_871;630_871;223_630
4223	50_595;410_595;50_410
4224	410_522;409_522;409_410
4225	50_485;410_485;50_410
4226	630_734;734_841;630_841
4227	27_749;27_842;749_842
4228	78_842;78_609;609_842
4229	454_842;454_725;725_842
4230	814_842;758_814;758_842
4231	500_609;106_500;106_609
4232	641_758;609_641;609_758
4233	108_422;108_160;160_422
4234	422_636;153_636;153_422
4235	160_566;566_683;160_683
4236	255_609;106_255;106_609
4237	661_683;466_661;466_683
4238	71_458;458_683;71_683
4239	405_735;71_405;71_735
4240	19_71;19_683;71_683
4241	561_748;388_748;388_561
4242	683_723;396_723;396_683
4243	309_661;309_466;466_661
4244	305_683;305_466;466_683
4245	268_396;268_561;396_561
4246	224_695;178_224;178_695
4247	3_466;3_396;396_466
4248	162_396;162_561;396_561
4249	192_396;192_561;396_561
4250	396_570;192_570;192_396
4251	268_696;561_696;268_561
4252	268_527;527_561;268_561
4253	216_561;216_748;561_748
4254	471_561;388_471;388_561
4255	73_229;229_357;73_357
4256	73_105;105_290;73_290
4257	73_742;290_742;73_290
4258	790_853;503_790;503_853
4259	29_853;29_503;503_853
4260	337_643;337_676;643_676
4261	210_449;55_210;55_449
4262	56_776;56_675;675_776
4263	789_851;481_851;481_789
4264	55_245;245_752;55_752
4265	73_346;346_742;73_742
4266	55_845;276_845;55_276
4267	480_773;590_773;480_590
4268	12_604;12_765;604_765
4269	386_536;386_406;406_536
4270	360_536;360_763;536_763
4271	117_406;117_763;406_763
4272	33_763;33_592;592_763
4273	418_592;285_418;285_592
4274	110_743;110_861;743_861
4275	73_112;112_290;73_290
4276	55_728;728_767;55_767
4277	55_552;339_552;55_339
4278	55_271;271_845;55_845
4279	611_643;611_644;643_644
4280	50_433;433_485;50_485
4281	50_508;410_508;50_410
4282	410_791;409_791;409_410
4283	260_410;260_409;409_410
4284	34_676;34_155;155_676
4285	375_409;375_749;409_749
4286	211_409;211_749;409_749
4287	409_531;531_749;409_749
4288	279_409;279_749;409_749
4289	55_278;278_743;55_743
4290	258_676;258_853;676_853
4291	378_737;378_842;737_842
4292	743_848;848_861;743_861
4293	816_842;691_816;691_842
4294	13_870;13_48;48_870
4295	151_757;480_757;151_480
4296	503_886;55_886;55_503
4297	495_633;354_633;354_495
4298	460_806;806_831;460_831
4299	354_606;460_606;354_460
4300	55_567;276_567;55_276
4301	235_537;460_537;235_460
4302	354_479;235_479;235_354
4303	55_266;266_767;55_767
4304	235_384;384_460;235_460
4305	348_875;73_875;73_348
4306	243_383;243_326;326_383
4307	226_831;226_326;326_831
4308	176_206;176_389;206_389
4309	130_326;130_218;218_326
4310	73_523;523_846;73_846
4311	59_861;59_860;860_861
4312	221_685;188_685;188_221
4313	383_666;326_666;326_383
4314	257_326;206_257;206_326
4315	188_844;206_844;188_206
4316	163_218;163_221;218_221
4317	188_651;206_651;188_206
4318	190_812;190_585;585_812
4319	157_221;157_188;188_221
4320	326_401;221_401;221_326
4321	188_639;639_651;188_651
4322	173_389;173_444;389_444
4323	140_223;140_635;223_635
4324	79_389;79_444;389_444
4325	548_765;548_865;765_865
4326	109_389;109_444;389_444
4327	223_496;496_727;223_727
4328	47_223;47_635;223_635
4329	608_630;248_608;248_630
4330	499_775;223_775;223_499
4331	408_630;248_408;248_630
4332	214_727;65_214;65_727
4333	206_304;304_389;206_389
4334	630_822;248_822;248_630
4335	630_688;248_688;248_630
4336	630_649;200_649;200_630
4337	665_751;55_751;55_665
4338	65_794;782_794;65_782
4339	65_680;680_782;65_782
4340	444_810;499_810;444_499
4341	228_713;613_713;228_613
4342	55_425;425_752;55_752
4343	194_499;194_223;223_499
4344	354_655;606_655;354_606
4345	228_873;69_873;69_228
4346	228_607;607_713;228_713
4347	91_713;91_613;613_713
4348	164_713;164_613;613_713
4349	521_613;502_521;502_613
4350	324_613;324_864;613_864
4351	151_349;349_716;151_716
4352	491_864;491_502;502_864
4353	362_860;73_362;73_860
4354	502_771;771_882;502_882
4355	220_862;220_870;862_870
4356	321_366;321_684;366_684
4357	31_882;31_890;882_890
4358	544_862;544_870;862_870
4359	312_890;312_366;366_890
4360	63_882;63_890;882_890
4361	366_874;684_874;366_684
4362	354_367;367_460;354_460
4363	284_354;235_284;235_354
4364	166_354;166_655;354_655
4365	334_463;334_366;366_463
4366	463_824;366_824;366_463
4367	235_820;460_820;235_460
4368	323_366;323_684;366_684
4369	682_831;326_682;326_831
4370	152_371;152_764;371_764
4371	122_383;122_326;326_383
4372	64_218;64_221;218_221
4373	1_536;1_763;536_763
4374	188_888;206_888;188_206
4375	61_206;61_389;206_389
4376	206_411;389_411;206_389
4377	300_763;33_300;33_763
4378	185_592;185_285;285_592
4379	161_176;161_389;176_389
4380	304_671;389_671;304_389
4381	525_651;206_525;206_651
4382	444_615;615_810;444_810
4383	262_444;223_262;223_444
4384	499_868;775_868;499_775
4385	206_303;176_303;176_206
4386	528_592;528_872;592_872
4387	444_614;499_614;444_499
4388	444_545;545_810;444_810
4389	223_341;140_341;140_223
4390	40_223;40_727;223_727
4391	248_267;267_498;248_498
4392	171_383;171_243;243_383
4393	383_781;326_781;326_383
4394	338_389;109_338;109_389
4395	576_842;576_691;691_842
4396	281_754;282_754;281_282
4397	389_849;173_849;173_389
4398	73_629;629_846;73_846
4399	313_631;313_643;631_643
4400	357_458;458_631;357_631
4401	2_5;5_55;2_55
4402	580_812;580_585;585_812
4403	2_309;55_309;2_55
4404	55_825;776_825;55_776
4405	19_55;19_675;55_675
4406	404_845;276_404;276_845
4407	55_696;151_696;55_151
4408	530_846;2_530;2_846
4409	2_37;37_309;2_309
4410	309_869;55_869;55_309
4411	811_812;585_811;585_812
4412	20_866;488_866;20_488
4413	527_776;527_675;675_776
4414	249_276;249_881;276_881
4415	48_156;156_354;48_354
4416	658_715;658_730;715_730
4417	632_715;462_632;462_715
4418	335_675;335_840;675_840
4419	578_675;0_578;0_675
4420	543_840;543_812;812_840
4421	585_670;182_670;182_585
4422	115_182;73_115;73_182
4423	46_632;46_462;462_632
4424	3_730;3_717;717_730
4425	730_800;717_800;717_730
4426	654_674;209_674;209_654
4427	53_654;53_209;209_654
4428	583_654;209_583;209_654
4429	73_723;229_723;73_229
4430	73_305;305_846;73_846
4431	73_230;230_846;73_846
4432	523_625;625_846;523_846
4433	523_591;591_846;523_846
4434	73_351;351_357;73_357
4435	27_846;2_27;2_846
4436	125_846;2_125;2_846
4437	2_834;5_834;2_5
4438	55_851;696_851;55_696
4439	676_836;258_836;258_676
4440	447_853;447_790;790_853
4441	73_465;357_465;73_357
4442	145_357;145_631;357_631
4443	153_812;153_580;580_812
4444	676_813;258_813;258_676
4445	456_731;731_776;456_776
4446	503_529;55_529;55_503
4447	424_790;424_503;503_790
4448	867_886;55_867;55_886
4449	55_469;469_752;55_752
4450	55_603;603_776;55_776
4451	55_633;120_633;55_120
4452	812_841;385_841;385_812
4453	258_751;751_853;258_853
4454	258_455;455_853;258_853
4455	641_853;641_790;790_853
4456	585_750;442_750;442_585
4457	73_789;523_789;73_523
4458	503_873;55_873;55_503
4459	643_848;676_848;643_676
4460	357_815;631_815;357_631
4461	229_418;357_418;229_357
4462	379_676;258_379;258_676
4463	458_794;631_794;458_631
4464	2_680;5_680;2_5
4465	491_676;258_491;258_676
4466	145_386;386_631;145_631
4467	121_458;121_631;458_631
4468	258_362;362_853;258_853
4469	631_771;643_771;631_643
4470	211_631;211_313;313_631
4471	164_631;164_313;313_631
4472	607_631;313_607;313_631
4473	375_631;375_643;631_643
4474	55_255;255_538;55_538
4475	110_643;110_611;611_643
4476	55_824;633_824;55_633
4477	433_886;55_433;55_886
4478	55_378;276_378;55_276
4479	323_676;34_323;34_676
4480	63_675;63_335;335_675
4481	31_813;31_258;258_813
4482	91_676;91_258;258_676
4483	59_676;59_853;676_853
4484	675_773;773_783;675_783
4485	665_675;665_783;675_783
4486	676_860;34_860;34_676
4487	537_676;537_853;676_853
4488	34_875;155_875;34_155
4489	25_671;671_715;25_715
4490	55_226;226_675;55_675
4491	25_426;426_715;25_715
4492	434_812;25_434;25_812
4493	334_715;334_462;462_715
4494	25_782;426_782;25_426
4495	599_786;717_786;599_717
4496	816_820;460_816;460_820
4497	267_462;267_599;462_599
4498	134_462;134_599;462_599
4499	73_878;230_878;73_230
4500	337_864;676_864;337_676
4501	717_882;348_882;348_717
4502	604_734;12_734;12_604
4503	348_565;73_565;73_348
4504	73_531;531_604;73_604
4505	503_805;805_886;503_886
4506	684_790;503_684;503_790
4507	503_796;796_886;503_886
4508	55_775;120_775;55_120
4509	55_683;538_683;55_538
4510	682_776;527_682;527_776
4511	120_679;456_679;120_456
4512	456_630;630_776;456_776
4513	456_576;576_731;456_731
4514	140_675;140_773;675_773
4515	527_810;675_810;527_675
4516	471_527;471_675;527_675
4517	0_849;812_849;0_812
4518	758_776;675_758;675_776
4519	281_675;281_840;675_840
4520	812_844;434_844;434_812
4521	25_109;109_715;25_715
4522	304_730;304_717;717_730
4523	56_632;46_56;46_632
4524	599_685;685_717;599_717
4525	567_599;567_717;599_717
4526	192_462;192_599;462_599
4527	55_887;271_887;55_271
4528	79_357;79_145;145_357
4529	61_120;61_456;120_456
4530	779_781;24_781;24_779
4531	171_779;24_171;24_779
4532	444_715;444_462;462_715
4533	715_767;462_767;462_715
4534	462_728;599_728;462_599
4535	425_599;425_717;599_717
4536	245_357;79_245;79_357
4537	449_881;449_779;779_881
4538	420_881;420_779;779_881
4539	356_776;356_395;395_776
4540	55_866;120_866;55_120
4541	120_655;456_655;120_456
4542	156_665;156_783;665_783
4543	642_776;395_642;395_776
4544	776_798;675_798;675_776
4545	235_243;243_820;235_820
4546	38_354;38_235;235_354
4547	356_561;395_561;356_395
4548	216_235;216_820;235_820
4549	354_748;235_748;235_354
4550	130_235;130_820;235_820
4551	235_331;331_820;235_820
4552	133_460;133_744;460_744
4553	124_881;124_779;779_881
4554	367_744;367_383;383_744
4555	284_449;284_779;449_779
4556	104_413;104_326;326_413
4557	779_888;24_888;24_779
4558	460_727;727_831;460_831
4559	460_635;383_635;383_460
4560	383_499;122_499;122_383
4561	24_278;278_812;24_812
4562	206_223;176_223;176_206
4563	206_842;176_842;176_206
4564	206_725;176_725;176_206
4565	413_691;326_691;326_413
4566	303_383;122_303;122_383
4567	707_812;694_707;694_812
4568	326_695;206_695;206_326
4569	326_609;206_609;206_326
4570	282_383;282_499;383_499
4571	326_422;221_422;221_326
4572	104_396;326_396;104_326
4573	157_388;188_388;157_188
4574	157_338;188_338;157_188
4575	157_268;188_268;157_188
4576	122_234;234_326;122_326
4577	46_162;162_462;46_462
4578	108_188;108_206;188_206
4579	462_826;267_826;267_462
4580	106_462;106_192;192_462
4581	46_105;105_462;46_462
4582	192_269;269_599;192_599
4583	462_608;134_608;134_462
4584	411_704;389_704;389_411
4585	717_757;345_757;345_717
4586	389_595;173_595;173_389
4587	3_348;3_565;348_565
4588	544_723;229_544;229_723
4589	55_259;259_276;55_276
4590	13_676;13_537;537_676
4591	24_625;625_812;24_812
