cycle_id	edges
0	1_2;0_2;0_1
1	1_3;0_3;0_1
2	0_4;1_4;0_1
3	1_5;0_5;0_1
4	0_6;4_6;0_4
5	4_7;1_7;1_4
6	1_8;3_8;1_3
7	6_9;4_9;4_6
8	1_10;2_10;1_2
9	7_11;1_11;1_7
10	1_12;0_12;0_1
11	3_13;0_13;0_3
12	1_14;3_14;1_3
13	0_15;1_15;0_1
14	0_16;6_16;0_6
15	0_17;4_17;0_4
16	1_18;3_18;1_3
17	4_19;1_19;1_4
18	1_20;3_20;1_3
19	3_21;0_21;0_3
20	0_22;1_22;0_1
21	4_23;1_23;1_4
22	0_24;6_24;0_6
23	7_25;1_25;1_7
24	7_26;1_26;1_7
25	4_27;7_27;4_7
26	1_28;2_28;1_2
27	4_29;7_29;4_7
28	4_30;1_30;1_4
29	0_31;17_31;0_17
30	1_32;10_32;1_10
31	1_33;0_33;0_1
32	1_34;12_34;1_12
33	0_35;4_35;0_4
34	3_36;21_36;3_21
35	1_37;0_37;0_1
36	4_38;19_38;4_19
37	4_39;19_39;4_19
38	0_40;1_40;0_1
39	0_41;1_41;0_1
40	0_42;17_42;0_17
41	0_43;4_43;0_4
42	17_44;4_44;4_17
43	1_45;14_45;1_14
44	4_46;7_46;4_7
45	4_47;27_47;4_27
46	1_48;0_48;0_1
47	4_49;1_49;1_4
48	27_50;7_50;7_27
49	0_51;6_51;0_6
50	7_52;1_52;1_7
51	1_53;12_53;1_12
52	1_54;3_54;1_3
53	1_55;18_55;1_18
54	4_56;38_56;4_38
55	4_57;7_57;4_7
56	1_58;3_58;1_3
57	1_59;18_59;1_18
58	4_60;39_60;4_39
59	13_61;0_61;0_13
60	4_62;7_62;4_7
61	7_63;52_63;7_52
62	1_64;0_64;0_1
63	1_65;0_65;0_1
64	0_66;1_66;0_1
65	1_67;34_67;1_34
66	1_68;33_68;1_33
67	0_69;1_69;0_1
68	1_70;5_70;1_5
69	1_71;12_71;1_12
70	0_72;41_72;0_41
71	0_73;17_73;0_17
72	0_74;6_74;0_6
73	3_75;0_75;0_3
74	1_76;10_76;1_10
75	5_77;0_77;0_5
76	33_78;0_78;0_33
77	0_79;6_79;0_6
78	3_80;13_80;3_13
79	3_81;0_81;0_3
80	13_82;61_82;13_61
81	24_83;6_83;6_24
82	0_84;6_84;0_6
83	1_85;5_85;1_5
84	44_86;4_86;4_44
85	7_87;11_87;7_11
86	6_88;9_88;6_9
87	0_89;40_89;0_40
88	4_90;30_90;4_30
89	1_91;0_91;0_1
90	4_92;19_92;4_19
91	4_93;7_93;4_7
92	1_94;8_94;1_8
93	4_95;23_95;4_23
94	1_96;14_96;1_14
95	0_97;17_97;0_17
96	7_98;25_98;7_25
97	3_99;21_99;3_21
98	2_100;0_100;0_2
99	4_101;39_101;4_39
100	1_102;20_102;1_20
101	1_103;20_103;1_20
102	1_104;34_104;1_34
103	30_105;1_105;1_30
104	12_106;0_106;0_12
105	1_107;28_107;1_28
106	7_108;11_108;7_11
107	0_109;31_109;0_31
108	0_110;74_110;0_74
109	0_111;1_111;0_1
110	41_112;1_112;1_41
111	4_113;49_113;4_49
112	9_114;4_114;4_9
113	0_115;17_115;0_17
114	4_116;27_116;4_27
115	0_117;35_117;0_35
116	27_118;7_118;7_27
117	93_119;7_119;7_93
118	27_120;7_120;7_27
119	1_121;8_121;1_8
120	0_122;24_122;0_24
121	0_123;6_123;0_6
122	1_124;70_124;1_70
123	5_125;0_125;0_5
124	0_126;24_126;0_24
125	0_127;16_127;0_16
126	6_128;9_128;6_9
127	4_129;92_129;4_92
128	0_130;24_130;0_24
129	0_131;35_131;0_35
130	4_132;101_132;4_101
131	1_133;59_133;1_59
132	0_134;97_134;0_97
133	1_135;102_135;1_102
134	17_136;44_136;17_44
135	4_137;30_137;4_30
136	1_138;3_138;1_3
137	7_139;52_139;7_52
138	1_140;67_140;1_67
139	26_141;1_141;1_26
140	1_142;67_142;1_67
141	3_143;81_143;3_81
142	1_144;124_144;1_124
143	0_145;117_145;0_117
144	1_146;64_146;1_64
145	0_147;130_147;0_130
146	21_148;0_148;0_21
147	130_149;24_149;24_130
148	0_150;31_150;0_31
149	4_151;132_151;4_132
150	3_152;0_152;0_3
151	4_153;19_153;4_19
152	17_154;4_154;4_17
153	1_155;124_155;1_124
154	44_156;86_156;44_86
155	81_157;0_157;0_81
156	20_158;3_158;3_20
157	74_159;6_159;6_74
158	6_160;88_160;6_88
159	86_161;4_161;4_86
160	3_162;99_162;3_99
161	6_163;9_163;6_9
162	17_164;44_164;17_44
163	17_165;44_165;17_44
164	1_166;104_166;1_104
165	6_167;88_167;6_88
166	36_168;21_168;21_36
167	6_169;9_169;6_9
168	4_170;39_170;4_39
169	132_171;101_171;101_132
170	4_172;60_172;4_60
171	4_173;46_173;4_46
172	9_174;4_174;4_9
173	6_175;88_175;6_88
174	39_176;19_176;19_39
175	7_177;139_177;7_139
176	17_178;154_178;17_154
177	108_179;11_179;11_108
178	12_180;0_180;0_12
179	4_181;129_181;4_129
180	4_182;173_182;4_173
181	67_183;34_183;34_67
182	0_184;17_184;0_17
183	0_185;150_185;0_150
184	34_186;12_186;12_34
185	35_187;4_187;4_35
186	50_188;7_188;7_50
187	150_189;31_189;31_150
188	31_190;17_190;17_31
189	4_191;151_191;4_151
190	106_192;0_192;0_106
191	52_193;1_193;1_52
192	0_194;84_194;0_84
193	17_195;44_195;17_44
194	44_196;86_196;44_86
195	1_197;12_197;1_12
196	86_198;4_198;4_86
197	17_199;154_199;17_154
198	3_200;36_200;3_36
199	12_201;106_201;12_106
200	2_202;0_202;0_2
201	27_203;7_203;7_27
202	0_204;16_204;0_16
203	0_205;24_205;0_24
204	39_206;19_206;19_39
205	106_207;0_207;0_106
206	0_208;134_208;0_134
207	0_209;22_209;0_22
208	1_210;3_210;1_3
209	59_211;18_211;18_59
210	138_212;3_212;3_138
211	1_213;91_213;1_91
212	1_214;146_214;1_146
213	1_215;133_215;1_133
214	67_216;34_216;34_67
215	1_217;133_217;1_133
216	3_218;13_218;3_13
217	3_219;13_219;3_13
218	34_220;186_220;34_186
219	0_221;22_221;0_22
220	0_222;72_222;0_72
221	64_223;0_223;0_64
222	1_224;67_224;1_67
223	1_225;138_225;1_138
224	1_226;58_226;1_58
225	23_227;1_227;1_23
226	19_228;1_228;1_19
227	19_229;1_229;1_19
228	1_230;133_230;1_133
229	0_231;73_231;0_73
230	104_232;34_232;34_104
231	92_233;19_233;19_92
232	0_234;145_234;0_145
233	52_235;1_235;1_52
234	1_236;64_236;1_64
235	4_237;60_237;4_60
236	3_238;99_238;3_99
237	207_239;0_239;0_207
238	92_240;19_240;19_92
239	1_78;78_124;1_124
240	18_241;3_241;3_18
241	19_242;1_242;1_19
242	0_243;35_243;0_35
243	105_124;70_105;70_124
244	6_244;163_244;6_163
245	4_245;60_245;4_60
246	1_246;58_246;1_58
247	19_247;1_247;1_19
248	1_248;58_248;1_58
249	39_249;206_249;39_206
250	10_250;2_250;2_10
251	1_251;91_251;1_91
252	1_252;197_252;1_197
253	32_253;10_253;10_32
254	24_254;6_254;6_24
255	1_255;55_255;1_55
256	160_256;88_256;88_160
257	133_257;59_257;59_133
258	160_258;88_258;88_160
259	0_259;127_259;0_127
260	9_260;4_260;4_9
261	9_261;4_261;4_9
262	4_262;60_262;4_60
263	0_263;205_263;0_205
264	114_264;4_264;4_114
265	2_265;0_265;0_2
266	18_266;3_266;3_18
267	39_267;206_267;39_206
268	74_268;6_268;6_74
269	4_269;132_269;4_132
270	74_270;6_270;6_74
271	205_271;24_271;24_205
272	229_272;1_272;1_229
273	4_273;95_273;4_95
274	1_274;197_274;1_197
275	6_275;9_275;6_9
276	4_276;245_276;4_245
277	4_277;27_277;4_27
278	4_278;92_278;4_92
279	4_279;95_279;4_95
280	19_280;229_280;19_229
281	78_119;119_124;78_124
282	88_281;9_281;9_88
283	1_282;140_282;1_140
284	60_283;39_283;39_60
285	9_284;174_284;9_174
286	12_285;106_285;12_106
287	180_286;0_286;0_180
288	4_287;129_287;4_129
289	39_288;206_288;39_206
290	9_289;261_289;9_261
291	39_290;19_290;19_39
292	9_291;174_291;9_174
293	9_292;174_292;9_174
294	9_293;261_293;9_261
295	39_294;249_294;39_249
296	9_295;260_295;9_260
297	4_296;27_296;4_27
298	1_297;255_297;1_255
299	39_298;19_298;19_39
300	174_299;4_299;4_174
301	174_300;4_300;4_174
302	15_229;1_15;1_229
303	261_301;4_301;4_261
304	60_302;39_302;39_60
305	91_303;0_303;0_91
306	12_304;180_304;12_180
307	92_305;240_305;92_240
308	4_306;92_306;4_92
309	19_307;229_307;19_229
310	0_308;130_308;0_130
311	0_309;126_309;0_126
312	4_310;151_310;4_151
313	4_311;19_311;4_19
314	1_312;248_312;1_248
315	1_313;248_313;1_248
316	19_314;247_314;19_247
317	39_315;206_315;39_206
318	0_316;74_316;0_74
319	129_317;92_317;92_129
320	1_318;197_318;1_197
321	237_319;60_319;60_237
322	0_320;41_320;0_41
323	288_321;206_321;206_288
324	9_322;260_322;9_260
325	1_323;133_323;1_133
326	1_324;251_324;1_251
327	1_325;213_325;1_213
328	4_326;129_326;4_129
329	1_327;210_327;1_210
330	12_328;0_328;0_12
331	10_329;2_329;2_10
332	169_330;9_330;9_169
333	4_331;95_331;4_95
334	9_332;4_332;4_9
335	254_333;6_333;6_254
336	23_334;1_334;1_23
337	1_335;18_335;1_18
338	0_336;42_336;0_42
339	124_337;70_337;70_124
340	4_338;129_338;4_129
341	9_339;260_339;9_260
342	0_340;130_340;0_130
343	9_341;292_341;9_292
344	0_342;222_342;0_222
345	99_343;21_343;21_99
346	73_344;17_344;17_73
347	206_345;19_345;19_206
348	197_346;12_346;12_197
349	206_347;19_347;19_206
350	21_348;0_348;0_21
351	0_349;35_349;0_35
352	60_350;39_350;39_60
353	21_351;0_351;0_21
354	0_352;263_352;0_263
355	260_353;4_353;4_260
356	1_354;14_354;1_14
357	0_355;336_355;0_336
358	0_356;73_356;0_73
359	39_357;294_357;39_294
360	19_358;1_358;1_19
361	39_359;19_359;19_39
362	19_360;228_360;19_228
363	214_361;146_361;146_214
364	313_362;248_362;248_313
365	6_363;160_363;6_160
366	6_364;163_364;6_163
367	18_365;3_365;3_18
368	118_247;1_118;1_247
369	228_366;1_366;1_228
370	91_367;0_367;0_91
371	1_368;251_368;1_251
372	91_369;0_369;0_91
373	6_370;160_370;6_160
374	1_371;210_371;1_210
375	9_372;174_372;9_174
376	174_373;4_373;4_174
377	19_374;280_374;19_280
378	12_375;304_375;12_304
379	1_376;102_376;1_102
380	9_377;114_377;9_114
381	1_378;76_378;1_76
382	9_379;174_379;9_174
383	285_380;106_380;106_285
384	1_381;166_381;1_166
385	261_382;4_382;4_261
386	0_383;66_383;0_66
387	19_384;229_384;19_229
388	0_385;222_385;0_222
389	19_386;1_386;1_19
390	261_387;4_387;4_261
391	9_388;295_388;9_295
392	230_389;133_389;133_230
393	19_390;247_390;19_247
394	261_391;4_391;4_261
395	123_392;6_392;6_123
396	354_393;14_393;14_354
397	0_394;231_394;0_231
398	124_395;105_395;105_124
399	1_98;98_155;1_155
400	1_396;313_396;1_313
401	1_397;197_397;1_197
402	6_398;160_398;6_160
403	1_399;55_399;1_55
404	1_400;214_400;1_214
405	1_401;12_401;1_12
406	4_402;30_402;4_30
407	257_403;59_403;59_257
408	34_404;12_404;12_34
409	4_405;277_405;4_277
410	4_406;276_406;4_276
411	60_407;39_407;39_60
412	1_75;18_75;1_18
413	4_408;90_408;4_90
414	1_409;213_409;1_213
415	3_410;152_410;3_152
416	12_411;285_411;12_285
417	60_412;39_412;39_60
418	19_413;307_413;19_307
419	19_414;247_414;19_247
420	12_80;0_80;0_12
421	12_415;106_415;12_106
422	304_416;180_416;180_304
423	12_417;180_417;12_180
424	3_418;143_418;3_143
425	206_419;347_419;206_347
426	106_420;207_420;106_207
427	7_421;87_421;7_87
428	180_422;0_422;0_180
429	21_423;0_423;0_21
430	125_347;19_125;19_347
431	7_424;87_424;7_87
432	34_425;12_425;12_34
433	0_426;130_426;0_130
434	19_427;360_427;19_360
435	0_428;243_428;0_243
436	286_429;0_429;0_286
437	1_430;318_430;1_318
438	139_431;52_431;52_139
439	19_432;314_432;19_314
440	0_433;123_433;0_123
441	1_434;327_434;1_327
442	1_435;71_435;1_71
443	0_436;222_436;0_222
444	1_437;107_437;1_107
445	347_438;19_438;19_347
446	207_439;0_439;0_207
447	0_56;56_342;0_342
448	163_440;9_440;9_163
449	0_441;42_441;0_42
450	0_442;84_442;0_84
451	19_443;229_443;19_229
452	0_444;130_444;0_130
453	1_445;312_445;1_312
454	347_446;125_446;125_347
455	1_447;91_447;1_91
456	1_448;12_448;1_12
457	18_449;241_449;18_241
458	9_450;4_450;4_9
459	197_451;12_451;12_197
460	9_452;260_452;9_260
461	231_453;73_453;73_231
462	1_454;91_454;1_91
463	6_455;169_455;6_169
464	12_456;106_456;12_106
465	6_457;275_457;6_275
466	4_458;306_458;4_306
467	366_459;1_459;1_366
468	12_460;180_460;12_180
469	4_461;151_461;4_151
470	4_462;306_462;4_306
471	33_180;33_286;180_286
472	95_463;23_463;23_95
473	180_464;286_464;180_286
474	303_465;0_465;0_303
475	229_466;1_466;1_229
476	160_467;88_467;88_160
477	0_468;35_468;0_35
478	0_469;355_469;0_355
479	88_470;9_470;9_88
480	0_471;123_471;0_123
481	180_472;286_472;180_286
482	6_473;363_473;6_363
483	6_474;4_474;4_6
484	23_475;334_475;23_334
485	6_476;163_476;6_163
486	35_477;4_477;4_35
487	69_272;1_69;1_272
488	4_65;65_331;4_331
489	63_272;1_63;1_272
490	9_478;261_478;9_261
491	4_479;277_479;4_277
492	1_68;68_255;1_255
493	1_480;434_480;1_434
494	1_481;312_481;1_312
495	1_482;197_482;1_197
496	1_483;155_483;1_155
497	1_484;274_484;1_274
498	132_485;171_485;132_171
499	1_486;32_486;1_32
500	6_487;88_487;6_88
501	7_488;26_488;7_26
502	197_489;12_489;12_197
503	463_490;23_490;23_463
504	463_491;23_491;23_463
505	0_492;441_492;0_441
506	26_493;1_493;1_26
507	1_85;85_140;1_140
508	211_494;18_494;18_211
509	1_495;76_495;1_76
510	7_496;26_496;7_26
511	92_497;240_497;92_240
512	1_498;430_498;1_430
513	304_499;180_499;180_304
514	27_500;120_500;27_120
515	53_120;7_53;7_120
516	3_501;143_501;3_143
517	4_502;287_502;4_287
518	3_503;238_503;3_238
519	0_504;123_504;0_123
520	19_505;374_505;19_374
521	87_506;11_506;11_87
522	19_45;45_413;19_413
523	197_507;346_507;197_346
524	1_508;68_508;1_68
525	1_110;110_324;1_324
526	1_509;318_509;1_318
527	3_510;219_510;3_219
528	0_511;356_511;0_356
529	489_512;12_512;12_489
530	229_513;466_513;229_466
531	128_229;128_272;229_272
532	13_514;82_514;13_82
533	4_515;65_515;4_65
534	24_516;6_516;6_24
535	19_517;242_517;19_242
536	0_518;205_518;0_205
537	313_519;362_519;313_362
538	342_520;222_520;222_342
539	1_521;282_521;1_282
540	18_522;449_522;18_449
541	0_523;79_523;0_79
542	0_524;385_524;0_385
543	1_525;335_525;1_335
544	18_526;266_526;18_266
545	1_527;434_527;1_434
546	1_528;225_528;1_225
547	1_529;399_529;1_399
548	1_530;335_530;1_335
549	1_531;327_531;1_327
550	1_532;318_532;1_318
551	58_189;3_189;3_58
552	3_83;83_200;3_200
553	3_533;36_533;3_36
554	3_534;152_534;3_152
555	3_535;503_535;3_503
556	3_536;219_536;3_219
557	449_537;241_537;241_449
558	81_538;0_538;0_81
559	12_539;0_539;0_12
560	3_540;219_540;3_219
561	1_541;397_541;1_397
562	136_295;136_260;260_295
563	99_542;21_542;21_99
564	0_543;4_543;0_4
565	87_544;11_544;11_87
566	122_123;6_122;6_123
567	180_545;286_545;180_286
568	1_546;483_546;1_483
569	1_547;324_547;1_324
570	1_548;435_548;1_435
571	0_37;37_469;0_469
572	12_94;94_304;12_304
573	12_549;415_549;12_415
574	0_149;149_436;0_436
575	4_111;95_111;4_95
576	1_550;324_550;1_324
577	0_551;342_551;0_342
578	88_552;9_552;9_88
579	479_553;277_553;277_479
580	79_554;6_554;6_79
581	6_555;4_555;4_6
582	24_161;6_161;6_24
583	324_556;251_556;251_324
584	6_557;364_557;6_364
585	251_558;91_558;91_251
586	222_559;72_559;72_222
587	295_560;260_560;260_295
588	50_131;7_131;7_50
589	339_561;260_561;260_339
590	500_562;120_562;120_500
591	1_563;498_563;1_498
592	4_564;515_564;4_515
593	1_565;313_565;1_313
594	7_566;26_566;7_26
595	4_567;405_567;4_405
596	19_568;229_568;19_229
597	269_569;132_569;132_269
598	19_570;517_570;19_517
599	279_571;95_571;95_279
600	132_137;137_485;132_485
601	159_334;1_159;1_334
602	1_93;93_155;1_155
603	91_190;0_190;0_91
604	1_572;138_572;1_138
605	1_573;274_573;1_274
606	1_574;498_574;1_498
607	0_575;426_575;0_426
608	433_576;123_576;123_433
609	42_577;17_577;17_42
610	6_578;9_578;6_9
611	6_579;169_579;6_169
612	1_580;133_580;1_133
613	0_581;342_581;0_342
614	534_582;152_582;152_534
615	6_583;244_583;6_244
616	12_584;417_584;12_417
617	6_585;364_585;6_364
618	0_586;79_586;0_79
619	4_587;60_587;4_60
620	9_588;339_588;9_339
621	461_589;151_589;151_461
622	163_590;9_590;9_163
623	160_591;88_591;88_160
624	106_592;207_592;106_207
625	212_534;152_212;152_534
626	188_440;9_188;9_440
627	9_187;174_187;9_174
628	9_142;142_588;9_588
629	291_593;174_593;174_291
630	277_594;27_594;27_277
631	291_595;174_595;174_291
632	0_156;123_156;0_123
633	0_596;37_596;0_37
634	9_597;339_597;9_339
635	0_598;243_598;0_243
636	0_599;523_599;0_523
637	373_600;4_600;4_373
638	0_601;543_601;0_543
639	9_602;291_602;9_291
640	373_603;4_603;4_373
641	42_604;17_604;17_42
642	130_605;24_605;24_130
643	120_164;7_164;7_120
644	39_606;290_606;39_290
645	7_607;177_607;7_177
646	222_608;559_608;222_559
647	4_609;461_609;4_461
648	222_610;72_610;72_222
649	163_611;9_611;9_163
650	419_612;347_612;347_419
651	216_347;19_216;19_347
652	19_613;386_613;19_386
653	1_614;397_614;1_397
654	4_615;279_615;4_279
655	1_616;215_616;1_215
656	55_617;18_617;18_55
657	153_238;99_153;99_238
658	232_362;232_248;248_362
659	1_162;162_166;1_166
660	0_141;130_141;0_130
661	0_77;77_426;0_426
662	0_203;123_203;0_123
663	186_618;12_618;12_186
664	0_619;1_619;0_1
665	4_175;62_175;4_62
666	12_620;94_620;12_94
667	19_48;48_386;19_386
668	440_621;9_621;9_440
669	148_286;148_429;286_429
670	192_405;192_277;277_405
671	207_235;235_239;207_239
672	7_38;26_38;7_26
673	4_176;60_176;4_60
674	207_622;239_622;207_239
675	17_623;178_623;17_178
676	0_193;35_193;0_35
677	26_173;1_173;1_26
678	17_115;4_115;4_17
679	0_43;43_471;0_471
680	0_167;66_167;0_66
681	334_624;1_624;1_334
682	168_399;55_168;55_399
683	4_144;144_245;4_245
684	117_277;27_117;27_277
685	227_266;3_227;3_266
686	18_116;116_241;18_241
687	0_625;596_625;0_596
688	6_626;583_626;6_583
689	266_627;3_627;3_266
690	6_628;9_628;6_9
691	27_147;120_147;27_120
692	9_29;29_478;9_478
693	5_218;0_218;0_5
694	5_196;0_196;0_5
695	5_629;0_629;0_5
696	0_185;185_433;0_433
697	0_630;141_630;0_141
698	596_631;37_631;37_596
699	4_179;179_615;4_615
700	96_161;6_96;6_161
701	47_132;47_101;101_132
702	150_260;150_353;260_353
703	201_260;4_201;4_260
704	172_260;4_172;4_260
705	9_632;295_632;9_295
706	478_633;261_633;261_478
707	204_353;4_204;4_353
708	353_634;4_634;4_353
709	339_635;561_635;339_561
710	339_636;561_636;339_561
711	209_260;4_209;4_260
712	260_637;4_637;4_260
713	1_22;22_230;1_230
714	31_248;31_58;58_248
715	181_248;58_181;58_248
716	189_226;3_226;3_189
717	3_393;143_393;3_143
718	1_109;103_109;1_103
719	219_253;13_253;13_219
720	3_89;89_534;3_534
721	103_191;20_191;20_103
722	20_182;158_182;20_158
723	0_46;46_442;0_442
724	3_319;219_319;3_219
725	97_344;17_97;17_344
726	3_25;25_503;3_503
727	54_143;54_81;81_143
728	6_135;135_557;6_557
729	0_638;43_638;0_43
730	4_639;311_639;4_311
731	4_640;458_640;4_458
732	4_641;615_641;4_615
733	4_642;461_642;4_461
734	4_643;179_643;4_179
735	17_329;165_329;17_165
736	287_644;129_644;129_287
737	287_645;129_645;129_287
738	1_646;140_646;1_140
739	1_647;482_647;1_482
740	260_264;172_264;172_260
741	120_648;7_648;7_120
742	19_649;374_649;19_374
743	19_650;280_650;19_280
744	4_651;479_651;4_479
745	290_652;19_652;19_290
746	1_653;230_653;1_230
747	1_654;481_654;1_481
748	1_655;78_655;1_78
749	1_656;22_656;1_22
750	1_657;396_657;1_396
751	1_658;230_658;1_230
752	315_659;206_659;206_315
753	256_347;125_256;125_347
754	39_660;606_660;39_606
755	0_661;638_661;0_638
756	0_662;426_662;0_426
757	19_663;280_663;19_280
758	0_664;625_664;0_625
759	501_665;143_665;143_501
760	1_666;482_666;1_482
761	58_667;189_667;58_189
762	3_668;36_668;3_36
763	206_669;345_669;206_345
764	250_355;250_336;336_355
765	1_670;109_670;1_109
766	3_671;89_671;3_89
767	1_672;230_672;1_230
768	1_195;124_195;1_124
769	336_673;42_673;42_336
770	647_674;482_674;482_647
771	319_675;219_675;219_319
772	0_317;156_317;0_156
773	143_265;54_265;54_143
774	19_676;358_676;19_358
775	17_677;115_677;17_115
776	24_234;161_234;24_161
777	8_24;8_161;24_161
778	12_678;411_678;12_411
779	12_679;0_679;0_12
780	17_680;115_680;17_115
781	12_681;411_681;12_411
782	17_682;623_682;17_623
783	12_459;94_459;12_94
784	0_283;283_308;0_308
785	223_339;223_561;339_561
786	440_683;621_683;440_621
787	251_684;558_684;251_558
788	12_685;80_685;12_80
789	638_686;43_686;43_638
790	12_687;80_687;12_80
791	411_688;285_688;285_411
792	0_537;156_537;0_156
793	0_10;10_662;0_662
794	1_689;124_689;1_124
795	439_690;0_690;0_439
796	9_268;268_450;9_450
797	130_691;24_691;24_130
798	0_692;638_692;0_638
799	130_693;605_693;130_605
800	130_694;24_694;24_130
801	6_695;160_695;6_160
802	523_696;79_696;79_523
803	605_697;24_697;24_605
804	4_698;144_698;4_144
805	631_699;37_699;37_631
806	605_700;24_700;24_605
807	163_701;440_701;163_440
808	24_702;254_702;24_254
809	605_703;24_703;24_605
810	58_704;189_704;58_189
811	339_705;260_705;260_339
812	469_706;355_706;355_469
813	24_707;234_707;24_234
814	4_708;641_708;4_641
815	3_709;238_709;3_238
816	6_431;431_628;6_628
817	161_710;6_710;6_161
818	9_711;597_711;9_597
819	9_712;588_712;9_588
820	24_713;161_713;24_161
821	24_714;161_714;24_161
822	339_715;561_715;339_561
823	36_716;21_716;21_36
824	185_717;433_717;185_433
825	0_718;619_718;0_619
826	6_494;275_494;6_275
827	6_719;585_719;6_585
828	534_720;582_720;534_582
829	161_721;96_721;96_161
830	21_722;348_722;21_348
831	557_723;364_723;364_557
832	17_724;677_724;17_677
833	561_725;260_725;260_561
834	336_726;42_726;42_336
835	88_391;391_552;88_552
836	0_389;203_389;0_203
837	387_628;9_387;9_628
838	202_351;0_202;0_351
839	260_727;209_727;209_260
840	17_728;165_728;17_165
841	130_343;343_605;130_605
842	115_337;4_337;4_115
843	0_183;183_598;0_598
844	260_729;172_729;172_260
845	130_730;694_730;130_694
846	150_731;353_731;150_353
847	130_732;605_732;130_605
848	100_209;4_100;4_209
849	336_733;42_733;42_336
850	336_734;673_734;336_673
851	24_735;254_735;24_254
852	4_736;651_736;4_651
853	4_737;279_737;4_279
854	577_738;17_738;17_577
855	577_739;17_739;17_577
856	4_740;269_740;4_269
857	17_741;178_741;17_178
858	702_742;254_742;254_702
859	254_743;6_743;6_254
860	254_744;6_744;6_254
861	266_745;227_745;227_266
862	623_746;178_746;178_623
863	561_747;260_747;260_561
864	277_748;27_748;27_277
865	6_749;431_749;6_431
866	92_750;240_750;92_240
867	277_751;27_751;27_277
868	260_752;353_752;260_353
869	637_753;4_753;4_637
870	19_754;650_754;19_650
871	677_755;115_755;115_677
872	227_756;3_756;3_227
873	269_757;132_757;132_269
874	150_758;353_758;150_353
875	132_438;101_438;101_132
876	115_759;4_759;4_115
877	4_760;639_760;4_639
878	4_446;446_698;4_698
879	249_517;242_249;242_517
880	4_761;698_761;4_698
881	466_762;1_762;1_466
882	4_404;404_639;4_639
883	284_311;19_284;19_311
884	311_763;19_763;19_311
885	1_289;289_482;1_482
886	1_764;110_764;1_110
887	248_765;58_765;58_248
888	1_766;124_766;1_124
889	0_767;441_767;0_441
890	58_359;3_359;3_58
891	262_492;262_441;441_492
892	0_131;77_131;0_77
893	570_768;517_768;517_570
894	2_12;0_2;0_12
895	58_769;3_769;3_58
896	19_770;570_770;19_570
897	346_403;12_403;12_346
898	332_461;332_589;461_589
899	3_263;263_503;3_503
900	0_423;423_523;0_523
901	81_477;0_477;0_81
902	254_341;6_341;6_254
903	130_771;24_771;24_130
904	6_772;628_772;6_628
905	122_773;6_773;6_122
906	157_774;0_774;0_157
907	6_296;244_296;6_244
908	6_292;292_431;6_431
909	119_523;79_119;79_523
910	244_775;163_775;163_244
911	350_461;350_589;461_589
912	1_33;33_654;1_654
913	0_407;407_596;0_596
914	290_776;19_776;19_290
915	491_611;9_491;9_611
916	9_51;51_712;9_712
917	611_777;9_777;9_611
918	130_379;343_379;130_343
919	19_377;377_570;19_570
920	19_326;326_649;19_649
921	280_294;229_294;229_280
922	1_236;236_573;1_573
923	6_778;719_778;6_719
924	4_779;567_779;4_567
925	570_780;517_780;517_570
926	4_357;144_357;4_144
927	4_781;39_781;4_39
928	506_640;458_506;458_640
929	1_198;198_225;1_225
930	311_412;19_412;19_311
931	1_398;398_480;1_480
932	1_360;360_657;1_657
933	163_217;217_611;163_611
934	158_375;3_375;3_158
935	39_352;290_352;39_290
936	606_612;290_612;290_606
937	9_513;513_588;9_588
938	9_544;295_544;9_295
939	19_383;383_390;19_390
940	143_368;265_368;143_265
941	219_538;253_538;219_253
942	351_514;0_514;0_351
943	0_473;428_473;0_428
944	0_64;64_492;0_492
945	13_184;61_184;13_61
946	66_595;1_595;1_66
947	1_593;124_593;1_124
948	1_258;258_672;1_672
949	467_530;335_467;335_530
950	1_448;448_574;1_574
951	248_449;181_449;181_248
952	4_333;333_740;4_740
953	486_503;238_486;238_503
954	58_510;189_510;58_189
955	351_454;0_454;0_351
956	301_588;301_339;339_588
957	246_668;36_246;36_668
958	3_495;393_495;3_393
959	3_436;436_503;3_503
960	238_421;99_421;99_238
961	310_503;238_310;238_503
962	99_410;21_410;21_99
963	238_402;402_421;238_421
964	121_260;121_201;201_260
965	85_486;85_238;238_486
966	483_636;483_561;561_636
967	21_443;443_722;21_722
968	0_224;224_767;0_767
969	0_474;37_474;0_37
970	159_421;99_159;99_421
971	353_610;4_610;4_353
972	243_608;35_608;35_243
973	4_508;462_508;4_462
974	299_722;299_348;348_722
975	212_351;0_212;0_351
976	4_84;84_515;4_515
977	4_83;83_92;4_92
978	4_126;65_126;4_65
979	4_539;461_539;4_461
980	6_532;275_532;6_275
981	4_528;404_528;4_404
982	6_470;169_470;6_169
983	6_216;216_487;6_487
984	9_200;200_588;9_588
985	438_633;101_633;101_438
986	95_451;451_463;95_463
987	1_188;102_188;1_102
988	50_95;50_463;95_463
989	546_649;374_546;374_649
990	1_429;429_766;1_766
991	374_418;280_418;280_374
992	16_374;16_280;280_374
993	242_527;1_527;1_242
994	36_521;521_716;36_716
995	428_484;243_484;243_428
996	280_373;229_373;229_280
997	1_105;105_376;1_376
998	253_307;13_307;13_253
999	177_716;21_177;21_716
1000	247_600;118_600;118_247
1001	1_231;231_530;1_530
1002	18_45;45_526;18_526
1003	568_672;230_568;230_672
1004	15_157;0_15;0_157
1005	21_386;386_722;21_722
1006	116_550;241_550;116_241
1007	0_584;584_661;0_661
1008	180_419;419_464;180_464
1009	3_255;255_536;3_536
1010	309_570;309_768;570_768
1011	3_622;503_622;3_503
1012	3_235;235_503;3_503
1013	85_565;238_565;85_238
1014	143_380;81_380;81_143
1015	92_617;240_617;92_240
1016	1_579;396_579;1_396
1017	92_578;240_578;92_240
1018	21_370;0_370;0_21
1019	1_545;0_545;0_1
1020	542_594;21_594;21_542
1021	0_363;336_363;0_336
1022	281_348;0_281;0_348
1023	205_336;42_205;42_336
1024	21_282;282_351;21_351
1025	21_559;348_559;21_348
1026	23_214;214_334;23_334
1027	155_542;21_155;21_542
1028	0_192;192_598;0_598
1029	1_453;109_453;1_109
1030	21_603;370_603;21_370
1031	23_531;214_531;23_214
1032	409_722;348_409;348_722
1033	569_722;348_569;348_722
1034	445_722;348_445;348_722
1035	0_602;340_602;0_340
1036	21_541;0_541;0_21
1037	348_553;0_553;0_348
1038	0_499;499_523;0_523
1039	99_572;542_572;99_542
1040	178_322;154_322;154_178
1041	4_547;404_547;4_404
1042	3_356;319_356;3_319
1043	281_580;0_580;0_281
1044	240_427;19_427;19_240
1045	0_388;388_584;0_584
1046	21_382;351_382;21_351
1047	53_567;53_405;405_567
1048	38_567;38_405;405_567
1049	21_173;173_370;21_370
1050	0_613;66_613;0_66
1051	4_505;23_505;4_23
1052	0_455;455_474;0_474
1053	0_271;66_271;0_66
1054	0_476;476_661;0_661
1055	0_320;193_320;0_193
1056	0_97;97_581;0_581
1057	0_76;76_428;0_428
1058	281_620;580_620;281_580
1059	17_564;564_623;17_623
1060	355_592;250_592;250_355
1061	178_442;154_442;154_178
1062	1_460;460_482;1_482
1063	417_623;417_746;623_746
1064	291_336;42_291;42_336
1065	178_609;154_609;154_178
1066	614_682;614_623;623_682
1067	42_397;17_397;17_42
1068	4_187;187_357;4_357
1069	17_551;551_623;17_623
1070	17_659;623_659;17_623
1071	27_535;500_535;27_500
1072	378_500;378_562;500_562
1073	644_746;178_644;178_746
1074	107_500;107_562;500_562
1075	576_648;7_576;7_648
1076	19_40;40_326;19_326
1077	562_645;120_645;120_562
1078	562_616;120_616;120_562
1079	120_634;634_648;120_648
1080	204_648;7_204;7_648
1081	39_607;288_607;39_288
1082	19_447;447_649;19_649
1083	424_591;87_591;87_424
1084	7_400;400_566;7_566
1085	215_648;7_215;7_648
1086	323_690;133_690;133_323
1087	347_413;19_413;19_347
1088	468_649;374_468;374_649
1089	277_635;635_751;277_751
1090	129_517;129_242;242_517
1091	590_754;590_650;650_754
1092	27_273;273_500;27_500
1093	27_394;394_500;27_500
1094	1_117;117_657;1_657
1095	132_134;134_438;132_438
1096	1_67;67_545;1_545
1097	1_29;12_29;1_12
1098	68_280;68_229;229_280
1099	45_149;149_526;45_526
1100	176_294;176_229;229_294
1101	108_230;108_133;133_230
1102	19_148;148_650;19_650
1103	55_133;55_257;133_257
1104	229_525;128_525;128_229
1105	4_415;415_639;4_639
1106	69_570;69_309;309_570
1107	496_530;467_496;467_530
1108	285_471;123_285;123_471
1109	262_471;123_262;123_471
1110	6_509;135_509;6_135
1111	133_399;257_399;133_257
1112	364_755;163_755;163_364
1113	298_745;19_745;19_298
1114	597_665;339_665;339_597
1115	19_627;627_649;19_649
1116	19_387;387_770;19_770
1117	19_297;297_770;19_770
1118	19_759;358_759;19_358
1119	570_618;517_618;517_570
1120	0_753;428_753;0_428
1121	229_401;401_466;229_466
1122	280_511;229_511;229_280
1123	242_660;1_660;1_242
1124	46_229;46_525;229_525
1125	229_264;264_272;229_272
1126	25_242;1_25;1_242
1127	160_272;63_160;63_272
1128	128_674;272_674;128_272
1129	229_756;525_756;229_525
1130	242_488;1_488;1_242
1131	272_739;63_739;63_272
1132	1_738;448_738;1_448
1133	433_525;128_433;128_525
1134	63_583;1_583;1_63
1135	1_425;162_425;1_162
1136	18_170;170_365;18_365
1137	190_272;160_190;160_272
1138	1_717;323_717;1_323
1139	1_684;672_684;1_672
1140	160_681;63_681;63_160
1141	63_715;1_715;1_63
1142	133_705;257_705;133_257
1143	141_726;130_726;130_141
1144	59_341;18_341;18_59
1145	18_734;116_734;18_116
1146	24_733;714_733;24_714
1147	315_714;161_315;161_714
1148	6_693;557_693;6_557
1149	557_695;695_723;557_723
1150	1_344;344_448;1_448
1151	494_639;311_494;311_639
1152	197_744;346_744;197_346
1153	274_742;197_742;197_274
1154	1_437;425_437;1_425
1155	597_673;665_673;597_665
1156	4_350;30_350;4_30
1157	119_489;119_512;489_512
1158	512_774;12_774;12_512
1159	12_137;137_459;12_459
1160	12_713;459_713;12_459
1161	612_679;0_612;0_679
1162	0_110;66_110;0_66
1163	459_586;94_586;94_459
1164	180_223;223_464;180_464
1165	503_575;486_575;486_503
1166	266_486;238_266;238_486
1167	265_486;238_265;238_486
1168	1_718;434_718;1_434
1169	99_524;21_524;21_99
1170	0_761;601_761;0_601
1171	35_780;4_780;4_35
1172	213_466;213_762;466_762
1173	459_712;94_712;94_459
1174	6_631;169_631;6_169
1175	1_767;672_767;1_672
1176	103_536;20_536;20_103
1177	451_505;23_451;23_505
1178	142_644;588_644;142_588
1179	339_628;628_636;339_636
1180	532_636;483_532;483_636
1181	339_469;469_636;339_636
1182	355_672;230_355;230_672
1183	526_636;526_561;561_636
1184	172_490;4_490;4_172
1185	381_463;166_463;166_381
1186	41_561;41_747;561_747
1187	214_436;334_436;214_334
1188	250_334;250_624;334_624
1189	1_593;109_593;1_109
1190	514_747;260_514;260_747
1191	21_319;0_319;0_21
1192	19_591;242_591;19_242
1193	101_609;39_609;39_101
1194	39_604;604_607;39_607
1195	19_625;242_625;19_242
1196	19_287;148_287;19_148
1197	133_634;399_634;133_399
1198	650_724;280_724;280_650
1199	133_277;277_399;133_399
1200	280_662;511_662;280_511
1201	280_622;68_622;68_280
1202	401_751;466_751;401_466
1203	282_401;282_466;401_466
1204	229_495;401_495;229_401
1205	229_299;299_466;229_466
1206	85_399;85_257;257_399
1207	164_466;164_762;466_762
1208	399_740;257_740;257_399
1209	1_645;323_645;1_323
1210	399_616;257_616;257_399
1211	401_577;466_577;401_466
1212	281_401;281_466;401_466
1213	133_541;399_541;133_399
1214	466_479;479_762;466_762
1215	18_402;116_402;18_116
1216	178_466;178_762;466_762
1217	1_746;313_746;1_313
1218	1_154;67_154;1_67
1219	109_659;103_659;103_109
1220	133_564;399_564;133_399
1221	551_762;1_551;1_762
1222	1_442;360_442;1_360
1223	133_417;55_417;55_133
1224	215_257;59_215;59_257
1225	1_173;173_684;1_684
1226	1_576;313_576;1_313
1227	421_572;99_572;99_421
1228	99_629;542_629;99_542
1229	218_257;59_218;59_257
1230	0_443;443_499;0_499
1231	70_116;70_550;116_550
1232	5_58;5_704;58_704
1233	87_248;58_87;58_248
1234	0_378;378_584;0_584
1235	3_273;273_503;3_503
1236	74_193;35_74;35_193
1237	4_11;11_505;4_505
1238	238_682;421_682;238_421
1239	105_238;105_421;238_421
1240	238_589;421_589;238_421
1241	421_623;99_623;99_421
1242	3_598;598_671;3_671
1243	3_475;475_503;3_503
1244	238_508;421_508;238_421
1245	372_589;372_421;421_589
1246	219_268;253_268;219_253
1247	219_263;253_263;219_253
1248	177_238;177_421;238_421
1249	421_468;99_468;99_421
1250	393_421;99_393;99_421
1251	0_366;366_499;0_499
1252	235_253;13_235;13_253
1253	21_413;382_413;21_382
1254	67_716;545_716;67_545
1255	0_424;194_424;0_194
1256	96_568;6_568;6_96
1257	4_391;391_505;4_505
1258	260_482;482_729;260_729
1259	709_729;172_709;172_729
1260	132_689;134_689;132_134
1261	19_745;745_754;19_754
1262	650_694;280_694;280_650
1263	107_229;107_299;229_299
1264	290_762;1_290;1_762
1265	562_762;1_562;1_762
1266	1_216;216_323;1_323
1267	59_759;18_759;18_59
1268	99_739;629_739;99_629
1269	311_603;19_603;19_311
1270	0_679;378_679;0_378
1271	0_601;424_601;0_424
1272	489_584;489_661;584_661
1273	62_661;62_638;638_661
1274	19_649;649_754;19_754
1275	160_229;128_160;128_229
1276	466_608;164_608;164_466
1277	157_466;157_479;466_479
1278	70_762;70_290;290_762
1279	1_597;236_597;1_236
1280	1_691;198_691;1_198
1281	372_696;79_372;79_696
1282	1_725;102_725;1_102
1283	272_716;272_545;545_716
1284	321_661;321_638;638_661
1285	572_584;572_661;584_661
1286	70_634;290_634;70_290
1287	1_402;402_767;1_767
1288	424_603;194_603;194_424
1289	0_593;581_593;0_581
1290	137_410;410_459;137_459
1291	137_645;459_645;137_459
1292	176_459;12_176;12_459
1293	459_724;12_724;12_459
1294	137_547;459_547;137_459
1295	459_649;12_649;12_459
1296	137_311;311_547;137_547
1297	12_594;594_713;12_713
1298	459_694;12_694;12_459
1299	12_650;650_713;12_713
1300	12_393;137_393;12_137
1301	590_724;12_590;12_724
1302	12_742;713_742;12_713
1303	370_459;12_370;12_459
1304	12_274;274_393;12_393
1305	12_671;671_713;12_713
1306	298_713;298_459;459_713
1307	12_489;489_713;12_713
1308	12_40;40_393;12_393
1309	12_39;39_650;12_650
1310	137_754;645_754;137_645
1311	294_459;294_649;459_649
1312	19_713;19_459;459_713
1313	459_589;12_589;12_459
1314	12_576;576_713;12_713
1315	12_75;75_594;12_594
1316	185_713;19_185;19_713
1317	713_744;459_744;459_713
1318	625_713;459_625;459_713
1319	68_459;68_176;176_459
1320	216_459;12_216;12_459
1321	459_633;294_633;294_459
1322	176_573;12_573;12_176
1323	176_438;12_438;12_176
1324	12_101;101_489;12_489
1325	132_459;12_132;12_459
1326	12_404;137_404;12_137
1327	12_562;137_562;12_137
1328	12_551;551_713;12_713
1329	323_594;323_713;594_713
1330	12_434;137_434;12_137
1331	713_739;459_739;459_713
1332	12_212;212_713;12_713
1333	393_608;137_608;137_393
1334	157_393;137_157;137_393
1335	12_160;160_671;12_671
1336	12_107;107_489;12_489
1337	12_468;137_468;12_137
1338	341_650;341_713;650_713
1339	459_540;540_649;459_649
1340	151_650;151_713;650_713
1341	576_745;713_745;576_713
1342	11_459;11_216;216_459
1343	459_498;12_498;12_459
1344	55_713;55_298;298_713
1345	358_459;216_358;216_459
1346	713_729;459_729;459_713
1347	12_281;75_281;12_75
1348	505_594;505_713;594_713
1349	451_713;298_451;298_713
1350	213_459;213_589;459_589
1351	632_649;12_632;12_649
1352	12_277;277_713;12_713
1353	12_178;178_594;12_594
1354	12_527;527_594;12_594
1355	215_713;215_459;459_713
1356	257_459;257_294;294_459
1357	12_218;218_489;12_489
1358	12_616;616_713;12_713
1359	12_716;75_716;12_75
1360	399_713;399_625;625_713
1361	360_713;19_360;19_713
1362	560_713;451_560;451_713
1363	459_479;12_479;12_459
1364	295_459;295_694;459_694
1365	12_272;272_459;12_459
1366	12_759;594_759;12_594
1367	351_459;351_649;459_649
1368	170_459;170_176;176_459
1369	18_713;18_744;713_744
1370	459_597;68_597;68_459
1371	12_67;67_489;12_489
1372	66_459;66_213;213_459
1373	197_713;197_215;215_713
1374	378_459;176_378;176_459
1375	443_459;11_443;11_459
1376	682_694;12_682;12_694
1377	11_660;216_660;11_216
1378	12_529;529_594;12_594
1379	12_572;572_594;12_594
1380	12_105;105_393;12_393
1381	12_242;242_716;12_716
1382	391_393;157_391;157_393
1383	12_59;59_137;12_137
1384	85_713;85_197;197_713
1385	459_482;12_482;12_459
1386	622_716;75_622;75_716
1387	260_459;260_597;459_597
1388	650_720;341_720;341_650
1389	62_713;62_298;298_713
1390	638_713;638_744;713_744
1391	198_459;198_694;459_694
1392	12_582;576_582;12_576
1393	486_713;55_486;55_713
1394	12_266;218_266;12_218
1395	321_713;185_321;185_713
1396	19_607;459_607;19_459
1397	340_459;176_340;176_459
1398	462_729;459_462;459_729
1399	318_459;318_370;370_459
1400	183_459;68_183;68_459
1401	428_459;428_479;459_479
1402	12_280;280_616;12_616
1403	144_443;11_144;11_443
1404	11_511;216_511;11_216
1405	176_495;12_495;12_176
1406	11_133;133_511;11_511
1407	12_584;393_584;12_393
1408	12_127;127_178;12_178
1409	12_690;551_690;12_551
1410	12_684;594_684;12_594
1411	442_645;442_459;459_645
1412	164_594;164_713;594_713
1413	154_157;137_154;137_157
1414	351_401;401_649;351_649
1415	320_540;320_649;540_649
1416	101_381;381_489;101_489
1417	109_649;12_109;12_649
1418	12_672;562_672;12_562
1419	229_527;229_594;527_594
1420	12_128;128_716;12_716
1421	12_134;134_281;12_281
1422	551_631;631_713;551_713
1423	12_313;313_650;12_650
1424	20_479;12_20;12_479
1425	172_713;172_729;713_729
1426	382_459;295_382;295_459
1427	163_459;163_540;459_540
1428	137_659;410_659;137_410
1429	298_530;459_530;298_459
1430	410_413;413_459;410_459
1431	344_459;213_344;213_459
1432	435_459;170_435;170_459
1433	11_503;216_503;11_216
1434	219_459;219_589;459_589
1435	142_459;142_589;459_589
1436	12_230;230_594;12_594
1437	176_490;12_490;12_176
1438	444_459;444_589;459_589
1439	459_634;295_634;295_459
1440	216_372;12_372;12_216
1441	216_740;12_740;12_216
1442	345_459;345_370;370_459
1443	238_594;238_713;594_713
1444	12_661;242_661;12_242
1445	9_295;9_694;295_694
1446	116_713;116_459;459_713
1447	12_689;650_689;12_650
1448	579_649;12_579;12_649
1449	176_747;495_747;176_495
1450	12_347;347_584;12_584
1451	534_713;360_534;360_713
1452	12_421;421_594;12_594
1453	650_679;341_679;341_650
1454	274_623;393_623;274_393
1455	206_594;206_505;505_594
1456	215_466;459_466;215_459
1457	299_713;299_399;399_713
1458	459_722;378_722;378_459
1459	348_650;348_713;650_713
1460	629_713;629_739;713_739
1461	459_531;260_531;260_459
1462	23_649;12_23;12_649
1463	649_691;632_691;632_649
1464	12_290;272_290;12_272
1465	459_767;443_767;443_459
1466	176_334;334_495;176_495
1467	424_713;172_424;172_713
1468	459_601;260_601;260_459
1469	358_448;216_448;216_358
1470	12_581;421_581;12_421
1471	366_378;176_366;176_378
1472	0_649;0_109;109_649
1473	713_725;424_725;424_713
1474	424_738;172_738;172_424
1475	12_654;274_654;12_274
1476	1_424;1_172;172_424
1477	172_342;342_729;172_729
1478	3_176;3_747;176_747
1479	459_545;219_545;219_459
1480	402_459;402_531;459_531
1481	33_459;33_219;219_459
1482	459_746;295_746;295_459
1483	214_459;176_214;176_459
1484	12_593;137_593;12_137
1485	12_194;194_281;12_281
1486	173_197;173_215;197_215
1487	12_499;281_499;12_281
1488	197_639;215_639;197_215
1489	218_415;415_489;218_489
1490	215_624;466_624;215_466
1491	68_523;176_523;68_176
1492	102_109;12_102;12_109
1493	459_542;542_722;459_722
1494	12_236;75_236;12_75
1495	79_176;12_79;12_176
1496	21_722;21_378;378_722
1497	6_12;6_551;12_551
1498	459_696;351_696;351_459
1499	99_594;99_164;164_594
1500	172_590;590_729;172_729
1501	603_713;560_603;560_713
1502	4_713;4_62;62_713
1503	459_559;358_559;358_459
1504	551_555;555_631;551_631
1505	12_319;274_319;12_274
1506	713_762;451_762;451_713
1507	505_524;524_713;505_713
1508	12_470;274_470;12_274
1509	12_169;169_690;12_690
1510	70_157;70_137;137_157
1511	12_709;421_709;12_421
1512	282_713;282_629;629_713
1513	288_393;288_391;391_393
1514	636_713;85_636;85_713
1515	339_690;339_551;551_690
1516	265_459;170_265;170_459
1517	298_575;459_575;298_459
1518	514_744;459_514;459_744
1519	508_713;508_638;638_713
1520	177_459;177_601;459_601
1521	561_729;459_561;459_729
1522	466_577;459_577;459_466
1523	273_459;132_273;132_459
1524	96_649;12_96;12_649
1525	459_751;214_751;214_459
1526	459_598;351_598;351_459
1527	459_564;358_564;358_459
1528	459_541;541_649;459_649
1529	459_475;163_475;163_459
1530	447_459;447_531;459_531
1531	417_459;68_417;68_459
1532	161_459;161_696;459_696
1533	12_143;143_218;12_218
1534	41_459;41_142;142_459
1535	12_714;713_714;12_713
1536	11_315;315_503;11_503
1537	103_713;103_729;713_729
1538	12_662;178_662;12_178
1539	12_532;532_551;12_551
1540	12_355;355_593;12_593
1541	242_253;253_716;242_716
1542	12_245;245_690;12_690
1543	148_216;148_740;216_740
1544	12_60;60_194;12_194
1545	12_13;13_281;12_281
1546	12_663;134_663;12_134
1547	12_588;572_588;12_572
1548	12_301;242_301;12_242
1549	12_357;357_713;12_713
1550	287_421;287_594;421_594
1551	611_713;451_611;451_713
1552	217_594;164_217;164_594
1553	505_591;591_713;505_713
1554	176_781;12_781;12_176
1555	505_568;568_713;505_713
1556	489_519;519_713;489_713
1557	75_733;594_733;75_594
1558	704_713;424_704;424_713
1559	505_520;520_713;505_713
1560	234_594;164_234;164_594
1561	58_713;58_560;560_713
1562	703_713;625_703;625_713
1563	550_713;508_550;508_713
1564	24_713;24_424;424_713
1565	560_605;451_605;451_560
1566	176_430;430_747;176_747
1567	75_189;189_594;75_594
1568	108_176;79_108;79_176
1569	12_669;669_713;12_713
1570	343_594;206_343;206_594
1571	248_589;12_248;12_589
1572	241_451;241_298;298_451
1573	130_298;130_459;298_459
1574	12_338;313_338;12_313
1575	193_459;193_378;378_459
1576	35_729;35_561;561_729
1577	12_43;43_128;12_128
1578	372_609;12_609;12_372
1579	5_298;5_530;298_530
1580	12_604;593_604;12_593
1581	459_483;358_483;358_459
1582	12_780;67_780;12_67
1583	459_536;198_536;198_459
1584	481_744;459_481;459_744
1585	362_589;12_362;12_589
1586	232_601;232_260;260_601
1587	75_302;302_594;75_594
1588	235_459;12_235;12_459
1589	320_585;585_649;320_649
1590	75_263;263_594;75_594
1591	75_243;243_594;75_594
1592	268_649;0_268;0_649
1593	63_594;63_505;505_594
1594	12_365;365_421;12_421
1595	190_459;190_498;459_498
1596	574_713;24_574;24_713
1597	87_451;87_298;298_451
1598	583_713;486_583;486_713
1599	74_176;12_74;12_176
1600	12_374;374_459;12_459
1601	166_459;166_443;443_459
1602	81_489;81_713;489_713
1603	505_628;591_628;505_591
1604	117_298;117_575;298_575
1605	526_713;526_739;713_739
1606	459_469;198_469;198_459
1607	377_459;163_377;163_459
1608	473_530;459_473;459_530
1609	613_713;613_729;713_729
1610	396_443;11_396;11_443
1611	459_546;161_546;161_459
1612	459_761;132_761;132_459
1613	713_718;718_762;713_762
1614	346_713;346_451;451_713
1615	336_713;336_625;625_713
1616	216_335;335_372;216_372
1617	138_625;138_459;459_625
1618	372_644;12_644;12_372
1619	459_471;471_546;459_546
1620	12_463;463_581;12_581
1621	12_180;180_290;12_290
1622	83_424;83_738;424_738
1623	12_110;110_236;12_236
1624	172_425;425_729;172_729
1625	12_548;212_548;12_212
1626	12_467;143_467;12_143
1627	647_729;561_647;561_729
1628	459_525;163_525;163_459
1629	437_459;219_437;219_459
1630	94_519;94_713;519_713
1631	436_713;360_436;360_713
1632	304_459;177_304;177_459
1633	97_713;97_725;713_725
1634	22_713;22_282;282_713
1635	665_713;424_665;424_713
1636	653_713;653_739;713_739
1637	27_172;27_590;172_590
1638	225_459;225_598;459_598
1639	30_604;30_593;593_604
1640	459_586;479_586;459_479
1641	250_459;250_498;459_498
1642	320_392;392_585;320_585
1643	364_459;364_377;377_459
1644	561_755;459_755;459_561
1645	350_729;350_561;561_729
1646	123_320;123_392;320_392
1647	12_712;355_712;12_355
1648	12_666;266_666;12_266
1649	12_630;75_630;12_75
1650	12_264;264_654;12_654
1651	459_570;345_570;345_459
1652	12_80;80_713;12_713
1653	290_770;272_770;272_290
1654	690_717;551_717;551_690
1655	12_657;134_657;12_134
1656	551_612;612_631;551_631
1657	289_649;289_632;632_649
1658	12_262;178_262;12_178
1659	631_766;713_766;631_713
1660	631_730;713_730;631_713
1661	557_593;137_557;137_593
1662	512_585;512_649;585_649
1663	223_459;223_250;250_459
1664	135_459;135_536;459_536
1665	388_551;388_631;551_631
1666	12_373;373_572;12_572
1667	12_312;277_312;12_277
1668	459_549;344_549;344_459
1669	12_293;293_355;12_355
1670	459_749;304_749;304_459
1671	509_589;12_509;12_589
1672	487_594;487_713;594_713
1673	440_459;66_440;66_459
1674	54_362;12_54;12_362
1675	459_734;176_734;176_459
1676	693_713;653_693;653_713
1677	12_494;178_494;12_178
1678	12_464;290_464;12_290
1679	12_756;713_756;12_713
1680	694_753;12_753;12_694
1681	589_705;362_705;362_589
1682	12_674;236_674;12_236
1683	298_602;530_602;298_530
1684	192_713;58_192;58_713
1685	145_713;116_145;116_713
1686	172_754;27_754;27_172
1687	46_459;46_540;459_540
1688	12_707;128_707;12_128
1689	12_368;338_368;12_338
1690	12_162;6_162;6_12
1691	73_547;73_459;459_547
1692	151_459;151_351;351_459
1693	627_729;459_627;459_729
1694	414_459;414_649;459_649
1695	387_729;387_561;561_729
1696	297_459;176_297;176_459
1697	12_228;212_228;12_212
1698	547_673;459_673;459_547
1699	3_209;209_747;3_747
1700	686_747;495_686;495_747
1701	533_747;495_533;495_747
1702	286_738;172_286;172_738
1703	285_713;215_285;215_713
1704	12_42;42_338;12_338
1705	713_736;613_736;613_713
1706	27_651;590_651;27_590
1707	543_713;543_613;613_713
1708	205_713;205_336;336_713
1709	12_496;496_780;12_780
1710	352_451;298_352;298_451
1711	459_500;500_586;459_586
1712	488_650;488_720;650_720
1713	165_348;165_713;348_713
1714	44_348;44_713;348_713
1715	25_459;25_68;68_459
1716	12_17;17_40;12_40
1717	713_715;638_715;638_713
1718	116_119;119_459;116_459
1719	298_774;130_774;130_298
1720	7_172;7_27;27_172
1721	479_513;20_513;20_479
1722	380_459;380_649;459_649
1723	124_241;124_298;241_298
1724	12_29;29_319;12_319
1725	75_120;120_302;75_302
1726	91_649;23_91;23_649
1727	12_258;258_630;12_630
1728	12_723;180_723;12_180
1729	12_429;107_429;12_107
1730	12_224;110_224;12_110
1731	12_683;657_683;12_657
1732	594_745;487_745;487_594
1733	12_640;365_640;12_365
1734	178_394;394_594;178_594
1735	26_594;26_206;206_594
1736	12_502;373_502;12_373
1737	12_621;137_621;12_137
1738	566_713;566_718;713_718
1739	384_713;24_384;24_713
1740	261_713;261_451;451_713
1741	141_424;141_172;172_424
1742	393_493;137_493;137_393
1743	459_768;25_768;25_459
1744	138_648;459_648;138_459
1745	137_539;539_547;137_547
1746	459_517;377_517;377_459
1747	137_390;390_459;137_459
1748	27_69;69_651;27_651
1749	27_45;45_651;27_651
1750	651_681;590_681;590_651
1751	459_477;135_477;135_459
1752	27_333;333_651;27_651
1753	633_651;590_633;590_651
1754	351_381;381_401;351_401
1755	88_459;88_358;358_459
1756	552_649;552_632;632_649
1757	356_459;356_601;459_601
1758	649_668;23_668;23_649
1759	204_755;204_459;459_755
1760	649_726;23_726;23_649
1761	128_442;442_716;128_716
1762	594_607;206_607;206_594
1763	413_716;413_622;622_716
1764	12_229;228_229;12_228
1765	12_154;154_502;12_502
1766	695_753;12_695;12_753
1767	594_606;323_606;323_594
1768	249_713;249_704;704_713
1769	460_704;424_460;424_704
1770	459_501;501_649;459_649
1771	618_713;451_618;451_713
1772	122_739;122_459;459_739
1773	65_459;65_479;459_479
1774	433_459;344_433;344_459
1775	567_694;567_753;694_753
1776	12_133;133_277;12_277
1777	459_511;161_511;161_459
1778	428_596;479_596;428_479
1779	135_400;400_536;135_536
1780	162_563;6_563;6_162
1781	309_459;163_309;163_459
1782	129_459;129_142;142_459
1783	12_187;187_756;12_756
1784	179_649;179_632;632_649
1785	528_696;351_528;351_696
1786	12_324;6_324;6_12
1787	12_491;491_527;12_527
1788	462_649;109_462;109_649
1789	12_363;363_496;12_496
1790	12_476;476_621;12_621
1791	12_386;80_386;12_80
1792	12_231;231_236;12_236
1793	75_195;195_733;75_733
1794	76_713;58_76;58_713
1795	12_455;75_455;12_75
1796	628_660;591_660;591_628
1797	271_459;271_746;459_746
1798	126_589;126_362;362_589
1799	472_589;248_472;248_589
1800	58_453;453_560;58_560
1801	342_359;359_729;342_729
1802	652_755;459_652;459_755
1803	219_259;259_589;219_589
1804	152_219;152_589;219_589
1805	589_777;248_777;248_589
1806	326_459;326_541;459_541
1807	20_659;12_659;12_20
1808	12_70;70_258;12_258
1809	12_776;313_776;12_313
1810	12_376;178_376;12_178
1811	12_708;6_708;6_12
1812	348_535;44_535;44_348
1813	283_459;283_435;435_459
1814	12_36;36_621;12_621
1815	529_621;137_529;137_621
1816	59_716;59_413;413_716
1817	628_779;591_779;591_628
1818	153_625;138_153;138_625
1819	188_713;188_703;703_713
1820	75_255;120_255;75_120
1821	459_582;437_582;437_459
1822	579_744;481_579;481_744
1823	280_649;109_280;109_649
1824	206_318;318_505;206_505
1825	245_253;253_690;245_690
1826	183_505;183_591;505_591
1827	206_311;311_505;206_505
1828	438_505;438_591;505_591
1829	461_594;461_606;594_606
1830	12_150;150_756;12_756
1831	86_459;86_344;344_459
1832	451_584;352_584;352_451
1833	127_459;127_696;459_696
1834	298_595;595_774;298_774
1835	423_713;188_423;188_713
1836	322_459;322_382;382_459
1837	314_713;314_703;703_713
1838	68_167;167_176;68_176
1839	37_713;37_76;76_713
1840	111_756;111_713;713_756
1841	515_756;515_713;713_756
1842	474_774;130_474;130_774
1843	12_389;389_707;12_707
1844	175_756;175_713;713_756
1845	12_156;75_156;12_75
1846	130_537;459_537;130_459
1847	130_310;310_459;130_459
1848	291_713;188_291;188_713
1849	92_625;92_153;153_625
1850	19_84;84_459;19_459
1851	490_639;12_639;12_490
1852	10_774;10_130;130_774
1853	2_713;2_526;526_713
1854	369_459;369_469;459_469
1855	150_569;569_756;150_756
1856	445_459;88_445;88_459
1857	241_409;298_409;241_298
1858	397_459;397_511;459_511
1859	155_774;130_155;130_774
1860	61_459;61_213;213_459
1861	553_713;76_553;76_713
1862	160_713;160_205;205_713
1863	247_774;130_247;130_774
1864	405_459;25_405;25_459
1865	459_635;214_635;214_459
1866	240_451;240_298;298_451
1867	284_459;284_768;459_768
1868	419_551;419_555;551_555
1869	176_303;303_573;176_573
1870	149_530;149_473;473_530
1871	95_649;95_109;109_649
1872	625_742;153_742;153_625
1873	530_617;473_617;473_530
1874	459_634;477_634;459_477
1875	173_459;173_271;271_459
1876	459_576;576_761;459_761
1877	12_689;689_707;12_707
1878	137_468;468_547;137_547
1879	198_299;299_694;198_694
1880	12_661;376_661;12_376
1881	157_729;157_627;627_729
1882	459_684;684_696;459_696
1883	137_334;334_459;137_459
1884	12_396;396_707;12_707
1885	459_615;435_615;435_459
1886	580_627;459_580;459_627
1887	144_649;12_144;12_649
1888	279_589;279_472;472_589
1889	12_679;679_707;12_707
1890	12_200;200_376;12_376
1891	12_64;64_187;12_187
1892	12_53;53_714;12_714
1893	12_38;38_689;12_689
1894	644_694;644_753;694_753
1895	15_694;15_753;694_753
1896	12_514;293_514;12_293
1897	102_753;12_102;12_753
1898	12_339;339_714;12_714
1899	75_484;484_733;75_733
1900	12_331;331_476;12_476
1901	459_614;284_614;284_459
1902	459_578;570_578;459_570
1903	427_713;58_427;58_713
1904	12_30;30_756;12_756
1905	174_694;174_753;694_753
1906	8_694;8_753;694_753
1907	465_694;465_682;682_694
1908	315_713;315_715;713_715
1909	313_710;650_710;313_650
1910	699_714;699_713;713_714
1911	12_50;39_50;12_39
1912	418_594;418_505;505_594
1913	16_713;16_346;346_713
1914	128_641;641_716;128_716
1915	352_503;298_503;298_352
1916	530_557;473_557;473_530
1917	0_459;0_479;459_479
1918	287_459;287_483;459_483
1919	479_592;12_592;12_479
1920	571_584;352_571;352_584
1921	335_696;335_351;351_696
1922	12_94;94_661;12_661
1923	12_520;421_520;12_421
1924	715_781;638_781;638_715
1925	12_148;148_386;12_386
1926	62_75;62_263;75_263
1927	75_706;706_733;75_733
1928	75_637;195_637;75_195
1929	451_691;298_691;298_451
1930	120_545;302_545;120_302
1931	430_638;430_744;638_744
1932	79_713;79_291;291_713
1933	603_713;603_715;713_715
1934	4_459;4_586;459_586
1935	31_715;31_638;638_715
1936	727_781;638_727;638_781
1937	315_353;353_715;315_715
1938	559_744;481_559;481_744
1939	638_709;709_744;638_744
1940	481_568;459_568;459_481
1941	75_402;402_484;75_484
1942	103_459;103_586;459_586
1943	302_597;594_597;302_594
1944	12_360;75_360;12_75
1945	260_713;260_566;566_713
1946	12_647;293_647;12_293
1947	612_703;612_625;625_703
1948	505_672;524_672;505_524
1949	459_767;734_767;459_734
1950	391_451;298_391;298_451
1951	459_534;534_615;459_615
1952	176_238;238_490;176_490
1953	266_753;12_266;12_753
1954	242_295;242_694;295_694
1955	63_295;63_694;295_694
1956	671_694;8_671;8_694
1957	197_753;197_266;266_753
1958	12_588;588_689;12_689
1959	12_357;357_689;12_689
1960	8_193;193_753;8_753
1961	12_301;301_338;12_338
1962	119_156;75_119;75_156
1963	8_232;232_753;8_753
1964	8_443;443_753;8_753
1965	64_611;187_611;64_187
1966	298_751;595_751;298_595
1967	41_713;41_653;653_713
1968	266_486;12_486;12_266
1969	298_425;425_575;298_575
1970	12_417;313_417;12_313
1971	625_636;459_636;459_625
1972	459_705;705_767;459_767
1973	577_703;577_625;625_703
1974	374_713;58_374;58_713
1975	268_586;268_479;479_586
1976	176_340;12_340;12_176
1977	96_248;12_96;12_248
1978	459_470;470_746;459_746
1979	81_713;81_260;260_713
1980	58_105;105_560;58_560
1981	75_436;120_436;75_120
1982	165_188;165_703;188_703
1983	532_703;532_625;625_703
1984	12_410;156_410;12_156
1985	547_563;563_673;547_673
1986	298_525;525_595;298_595
1987	488_547;73_488;73_547
1988	75_304;304_733;75_733
1989	138_190;190_459;138_459
1990	176_712;490_712;176_490
1991	12_550;13_550;12_13
1992	69_713;41_69;41_713
1993	666_694;666_682;682_694
1994	333_713;291_333;291_713
1995	12_749;393_749;12_393
1996	75_312;312_484;75_484
1997	459_686;173_686;173_459
1998	549_703;549_625;625_703
1999	166_459;166_705;459_705
2000	145_594;145_607;594_607
2001	302_596;594_596;302_594
2002	594_747;99_747;99_594
2003	459_740;477_740;459_477
2004	494_729;494_627;627_729
2005	459_475;470_475;459_470
2006	459_467;467_542;459_542
2007	46_729;46_627;627_729
2008	464_627;459_464;459_627
2009	134_604;281_604;134_281
2010	509_627;464_509;464_627
2011	12_495;148_495;12_148
2012	151_505;151_672;505_672
2013	204_281;75_204;75_281
2014	505_720;672_720;505_672
2015	180_505;180_628;505_628
2016	713_724;715_724;713_715
2017	12_359;293_359;12_293
2018	12_583;53_583;12_53
2019	288_298;288_602;298_602
2020	75_285;285_484;75_484
2021	282_733;282_594;594_733
2022	459_652;652_686;459_686
2023	572_712;490_572;490_712
2024	368_451;352_368;352_451
2025	241_273;273_298;241_298
2026	12_755;64_755;12_64
2027	352_500;298_500;298_352
2028	440_459;440_740;459_740
2029	318_493;493_505;318_505
2030	459_463;127_463;127_459
2031	294_459;294_531;459_531
2032	253_505;151_253;151_505
2033	400_734;176_400;176_734
2034	12_695;194_695;12_194
2035	58_262;105_262;58_105
2036	12_723;339_723;12_339
2037	218_693;415_693;218_415
2038	459_730;730_734;459_734
2039	264_415;264_489;415_489
2040	12_717;133_717;12_133
2041	569_746;295_569;295_746
2042	548_713;192_548;192_713
2043	295_529;242_529;242_295
2044	690_694;690_753;694_753
2045	668_713;261_668;261_713
2046	261_631;451_631;261_451
2047	399_674;236_399;236_674
2048	451_561;352_561;352_451
2049	154_298;154_774;298_774
2050	76_648;58_648;58_76
2051	595_640;640_774;595_774
2052	17_595;17_774;595_774
2053	84_774;84_130;130_774
2054	142_713;76_142;76_713
2055	366_560;366_605;560_605
2056	126_472;126_248;248_472
2057	65_472;65_248;248_472
2058	511_573;12_511;12_573
2059	12_409;396_409;12_396
2060	12_413;313_413;12_313
2061	12_344;313_344;12_313
2062	12_177;177_194;12_194
2063	12_91;91_187;12_187
2064	12_460;187_460;12_187
2065	313_654;650_654;313_650
2066	311_459;287_311;287_459
2067	128_175;175_442;128_442
2068	29_459;29_467;459_467
2069	80_491;491_713;80_713
2070	162_713;58_162;58_713
2071	309_442;309_716;442_716
2072	101_713;101_291;291_713
2073	22_603;22_715;603_715
2074	512_713;58_512;58_713
2075	373_733;373_594;594_733
2076	302_342;342_596;302_596
2077	75_363;120_363;75_120
2078	88_622;75_88;75_622
2079	388_715;388_781;715_781
2080	189_704;594_704;189_594
2081	555_713;58_555;58_713
2082	387_713;387_548;548_713
2083	164_777;713_777;164_713
2084	505_659;524_659;505_524
2085	310_713;310_560;560_713
2086	350_560;350_451;451_560
2087	580_713;19_580;19_713
2088	552_713;58_552;58_713
2089	164_669;669_713;164_713
2090	334_548;192_334;192_548
2091	324_715;324_781;715_781
2092	58_502;453_502;58_453
2093	144_707;128_144;128_707
2094	36_459;36_534;459_534
2095	602_660;530_660;530_602
2096	635_707;128_635;128_707
2097	447_487;447_713;487_713
2098	164_405;405_713;164_713
2099	469_713;19_469;19_713
2100	459_780;531_780;459_531
2101	571_593;137_571;137_593
2102	18_593;18_137;137_593
2103	378_568;176_568;176_378
2104	119_176;119_573;176_573
2105	340_479;12_479;12_340
2106	451_509;87_509;87_451
2107	188_559;165_559;165_188
2108	459_637;127_637;127_459
2109	462_530;459_462;459_530
2110	12_153;153_344;12_344
2111	134_291;134_188;188_291
2112	188_681;559_681;188_559
2113	344_464;313_464;313_344
2114	12_532;70_532;12_70
2115	710_742;650_742;650_710
2116	673_710;650_673;650_710
2117	127_539;539_696;127_696
2118	536_696;528_536;528_696
2119	528_729;351_729;351_528
2120	238_573;12_238;12_573
2121	8_12;8_359;12_359
2122	451_549;391_549;391_451
2123	12_682;421_682;12_421
2124	644_710;644_650;650_710
2125	128_266;266_442;128_442
2126	641_713;116_641;116_713
2127	532_690;70_690;70_532
2128	459_618;214_618;214_459
2129	6_713;6_69;69_713
2130	505_666;591_666;505_591
2131	607_713;298_607;298_713
2132	103_560;103_366;366_560
2133	718_753;753_762;718_762
2134	156_451;156_391;391_451
2135	560_567;567_605;560_605
2136	529_560;529_605;560_605
2137	530_747;462_747;462_530
2138	459_693;534_693;459_534
2139	145_459;145_250;250_459
2140	740_767;477_767;477_740
2141	589_665;472_665;472_589
2142	472_550;126_550;126_472
2143	333_472;126_333;126_472
2144	96_749;12_749;12_96
2145	248_628;96_628;96_248
2146	12_399;70_399;12_70
2147	12_335;153_335;12_153
2148	489_683;519_683;489_519
2149	386_519;386_713;519_713
2150	368_519;368_713;519_713
2151	705_713;6_705;6_713
2152	50_713;50_315;315_713
2153	455_713;69_455;69_713
2154	253_713;79_253;79_713
2155	491_638;491_744;638_744
2156	509_704;87_704;87_509
2157	583_605;451_583;451_605
2158	338_605;338_451;451_605
2159	200_459;200_582;459_582
2160	298_339;339_595;298_595
2161	80_605;80_338;338_605
2162	190_477;135_190;135_477
2163	204_440;204_740;440_740
2164	109_425;109_575;425_575
2165	95_451;87_95;87_451
2166	40_87;40_298;87_298
2167	12_496;143_496;12_143
2168	273_509;87_273;87_509
2169	88_250;88_498;250_498
2170	87_280;280_298;87_298
2171	490_631;631_639;490_639
2172	130_285;285_537;130_537
2173	498_686;12_686;12_498
2174	498_755;12_755;12_498
2175	12_746;293_746;12_293
2176	459_463;440_463;440_459
2177	324_650;324_348;348_650
2178	529_781;605_781;529_605
2179	241_471;298_471;241_298
2180	155_257;130_257;130_155
2181	459_669;483_669;459_483
2182	459_547;547_693;459_693
2183	402_459;402_618;459_618
2184	189_490;189_639;490_639
2185	645_713;512_645;512_713
2186	241_555;298_555;241_298
2187	340_724;479_724;340_479
2188	391_495;298_495;298_391
2189	298_674;339_674;298_339
2190	391_435;298_435;298_391
2191	288_552;552_602;288_602
2192	288_334;334_602;288_602
2193	142_602;142_660;602_660
2194	310_640;310_774;640_774
2195	137_602;137_660;602_660
2196	2_774;2_155;155_774
2197	192_530;149_192;149_530
2198	393_774;130_393;130_774
2199	376_774;2_376;2_774
2200	2_99;99_155;2_155
2201	155_545;130_545;130_155
2202	304_459;214_304;214_459
2203	287_303;303_483;287_483
2204	481_729;459_729;459_481
2205	459_568;219_568;219_459
2206	459_536;163_536;163_459
2207	185_534;185_615;534_615
2208	26_459;26_214;214_459
2209	696_713;69_696;69_713
2210	41_714;653_714;41_653
2211	238_560;238_605;560_605
2212	672_729;459_672;459_729
2213	689_729;459_689;459_729
2214	459_528;163_528;163_459
2215	351_713;79_351;79_713
2216	134_713;134_162;162_713
2217	580_713;69_580;69_713
2218	668_713;76_668;76_713
2219	69_401;41_401;41_69
2220	76_381;381_648;76_648
2221	459_699;483_699;459_483
2222	414_589;279_414;279_589
2223	166_648;58_166;58_648
2224	58_434;262_434;58_262
2225	58_539;262_539;58_262
2226	58_294;294_560;58_560
2227	96_389;389_749;96_749
2228	19_459;19_36;36_459
2229	459_745;287_745;287_459
2230	584_595;584_640;595_640
2231	560_733;605_733;560_605
2232	312_560;312_605;560_605
2233	605_723;338_723;338_605
2234	338_559;451_559;338_451
2235	502_594;502_606;594_606
2236	12_360;360_421;12_421
2237	91_241;91_471;241_471
2238	338_695;451_695;338_451
2239	155_453;257_453;155_257
2240	245_451;245_391;391_451
2241	12_144;144_224;12_224
2242	459_571;145_571;145_459
2243	229_451;229_391;391_451
2244	2_30;30_99;2_99
2245	18_459;18_271;271_459
2246	170_459;170_780;459_780
2247	69_261;41_261;41_69
2248	484_537;459_484;459_537
2249	459_717;145_717;145_459
2250	101_471;101_298;298_471
2251	298_326;288_326;288_298
2252	468_575;459_468;459_575
2253	178_714;178_653;653_714
2254	331_459;145_331;145_459
2255	151_714;151_653;653_714
2256	3_714;3_653;653_714
2257	133_714;133_653;653_714
2258	459_525;135_525;135_459
2259	175_575;175_459;459_575
2260	38_575;38_459;459_575
2261	470_498;470_686;498_686
2262	459_487;440_487;440_459
2263	266_459;135_266;135_459
2264	130_363;363_537;130_537
2265	31_537;31_459;459_537
2266	498_683;12_683;12_498
2267	219_386;386_589;219_589
2268	338_576;451_576;338_451
2269	378_451;156_378;156_451
2270	529_767;605_767;529_605
2271	391_720;298_720;298_391
2272	370_459;145_370;145_459
2273	128_473;128_459;459_473
2274	281_606;281_323;323_606
2275	88_418;88_505;418_505
2276	194_524;194_713;524_713
2277	280_323;280_713;323_713
2278	505_654;654_666;505_666
2279	318_505;318_666;505_666
2280	190_696;69_190;69_696
2281	153_539;153_262;262_539
2282	588_713;253_588;253_713
2283	58_433;433_539;58_539
2284	69_324;41_324;41_69
2285	529_755;605_755;529_605
2286	119_605;119_451;451_605
2287	415_539;153_415;153_539
2288	204_539;153_204;153_539
2289	605_607;451_607;451_605
2290	542_739;459_542;459_739
2291	567_739;459_567;459_739
2292	462_605;451_462;451_605
2293	344_459;344_693;459_693
2294	459_690;690_699;459_699
2295	560_665;605_665;560_605
2296	583_635;451_635;451_583
2297	189_250;189_498;250_498
2298	451_550;391_550;391_451
2299	464_529;464_605;529_605
2300	442_693;442_534;534_693
2301	498_762;683_762;498_683
2302	250_753;498_753;250_498
2303	36_333;333_534;36_534
2304	298_705;575_705;298_575
2305	298_641;641_751;298_751
2306	451_455;391_455;391_451
2307	272_298;272_530;298_530
2308	180_298;180_425;298_425
2309	405_459;405_571;459_571
2310	459_628;487_628;459_487
2311	145_154;154_250;145_250
2312	453_776;257_776;257_453
2313	532_571;145_532;145_571
2314	459_746;331_746;331_459
2315	257_781;130_781;130_257
2316	130_460;459_460;130_459
2317	143_257;130_143;130_257
2318	50_154;50_250;154_250
2319	187_440;187_740;440_740
2320	451_489;391_489;391_451
2321	130_716;537_716;130_537
2322	130_347;347_537;130_537
2323	712_740;477_712;477_740
2324	498_707;683_707;498_683
2325	29_477;29_135;135_477
2326	335_459;335_571;459_571
2327	6_594;6_461;461_594
2328	459_756;699_756;459_699
2329	421_722;594_722;421_594
2330	145_493;250_493;145_250
2331	713_734;253_734;253_713
2332	309_713;253_309;253_713
2333	154_622;250_622;154_250
2334	21_713;21_253;253_713
2335	8_250;8_498;250_498
2336	519_638;491_519;491_638
2337	323_467;280_467;280_323
2338	459_535;535_780;459_780
2339	459_596;18_596;18_459
2340	230_653;230_739;653_739
2341	639_713;638_639;638_713
2342	681_713;315_681;315_713
2343	459_637;335_637;335_459
2344	250_368;368_753;250_753
2345	250_515;498_515;250_498
2346	396_459;287_396;287_459
2347	374_459;18_374;18_459
2348	264_571;145_264;145_571
2349	79_706;291_706;79_291
2350	79_447;291_447;79_291
2351	62_534;62_615;534_615
2352	165_511;511_703;165_703
2353	65_145;65_154;145_154
2354	500_534;500_615;534_615
2355	414_463;279_463;279_414
2356	12_400;360_400;12_360
2357	12_373;373_413;12_413
2358	298_552;272_552;272_298
2359	459_548;548_693;459_693
2360	12_631;631_682;12_682
2361	334_530;192_334;192_530
2362	12_218;218_360;12_360
2363	12_301;53_301;12_53
2364	413_555;313_555;313_413
2365	148_360;148_421;360_421
2366	149_295;295_473;149_473
2367	242_421;242_594;421_594
2368	475_500;475_615;500_615
2369	342_473;342_459;459_473
2370	277_571;277_532;532_571
2371	84_421;84_594;421_594
2372	594_689;6_689;6_594
2373	459_672;19_672;19_459
2374	388_607;388_451;451_607
2375	64_699;64_483;483_699
2376	22_217;22_164;164_217
2377	96_496;389_496;96_389
2378	177_389;177_749;389_749
2379	345_749;12_345;12_749
2380	17_720;17_298;298_720
2381	298_768;751_768;298_751
2382	12_541;541_682;12_682
2383	61_530;61_192;192_530
2384	512_640;512_774;640_774
2385	435_640;310_435;310_640
2386	70_257;70_130;130_257
2387	459_545;545_756;459_756
2388	257_393;130_393;130_257
2389	500_561;561_615;500_615
2390	70_621;130_621;70_130
2391	459_694;335_694;335_459
2392	459_514;514_693;459_693
2393	335_476;476_571;335_571
2394	335_410;410_571;335_571
2395	571_742;264_742;264_571
2396	145_228;228_250;145_250
2397	145_427;250_427;145_250
2398	12_284;284_409;12_409
2399	145_282;154_282;145_154
2400	250_260;260_498;250_498
2401	145_213;213_250;145_250
2402	55_753;55_498;498_753
2403	189_569;498_569;189_498
2404	281_573;323_573;281_323
2405	178_560;103_178;103_560
2406	3_103;3_366;103_366
2407	401_451;401_550;451_550
2408	30_103;30_366;103_366
2409	40_720;40_298;298_720
2410	366_381;381_605;366_605
2411	355_560;103_355;103_560
2412	206_552;206_272;272_552
2413	192_261;149_261;149_192
2414	142_532;142_145;145_532
2415	26_149;26_473;149_473
2416	718_756;699_718;699_756
2417	473_593;128_593;128_473
2418	645_699;483_645;483_699
2419	38_459;38_487;459_487
2420	298_733;641_733;298_641
2421	530_729;192_729;192_530
2422	192_580;149_580;149_192
2423	387_595;387_640;595_640
2424	128_399;399_459;128_459
2425	351_459;351_545;459_545
2426	603_699;603_645;645_699
2427	110_756;110_699;699_756
2428	257_652;70_652;70_257
2429	242_359;359_594;242_594
2430	224_250;224_753;250_753
2431	101_250;8_101;8_250
2432	350_683;12_350;12_683
2433	134_498;12_134;12_498
2434	12_649;649_682;12_682
2435	461_525;525_606;461_606
2436	151_545;151_756;545_756
2437	459_597;170_597;170_459
2438	189_755;498_755;189_498
2439	12_618;409_618;12_409
2440	12_490;284_490;12_284
2441	498_714;686_714;498_686
2442	12_471;409_471;12_409
2443	230_686;12_230;12_686
2444	75_498;75_134;134_498
2445	12_340;53_340;12_53
2446	12_724;682_724;12_682
2447	214_242;214_594;242_594
2448	479_594;461_479;461_594
2449	176_461;176_606;461_606
2450	144_459;36_144;36_459
2451	388_713;58_388;58_713
2452	303_467;280_303;280_467
2453	280_660;660_713;280_713
2454	253_653;79_653;79_253
2455	567_713;309_567;309_713
2456	156_668;391_668;156_391
2457	156_455;391_455;156_391
2458	29_391;29_495;391_495
2459	298_463;463_552;298_552
2460	143_192;143_149;149_192
2461	128_311;311_399;128_399
2462	128_279;279_459;128_459
2463	128_561;459_561;128_459
2464	472_514;472_693;514_693
2465	126_399;126_459;399_459
2466	36_690;333_690;36_333
2467	389_498;389_683;498_683
2468	19_594;19_689;594_689
2469	280_405;405_713;280_713
2470	462_560;103_462;103_560
2471	459_746;746_780;459_780
2472	343_539;343_415;415_539
2473	515_693;442_515;442_693
2474	298_368;326_368;298_326
2475	95_560;95_605;560_605
2476	560_681;178_681;178_560
2477	164_338;164_695;338_695
2478	723_739;338_739;338_723
2479	366_705;605_705;366_605
2480	512_605;512_723;605_723
2481	435_723;338_435;338_723
2482	21_723;21_338;338_723
2483	295_584;473_584;295_473
2484	391_396;298_396;298_391
2485	530_625;459_625;459_530
2486	138_272;138_530;272_530
2487	119_298;119_552;298_552
2488	206_614;272_614;206_272
2489	17_534;17_185;185_534
2490	149_339;295_339;149_295
2491	149_500;473_500;149_473
2492	295_304;304_473;295_473
2493	476_530;473_476;473_530
2494	61_768;192_768;61_192
2495	192_712;149_712;149_192
2496	295_529;473_529;295_473
2497	40_192;40_580;192_580
2498	192_301;143_301;143_192
2499	295_568;473_568;295_473
2500	459_742;742_746;459_746
2501	593_607;128_607;128_593
2502	473_505;128_505;128_473
2503	264_593;128_264;128_593
2504	128_231;231_399;128_399
2505	149_665;339_665;149_339
2506	149_535;473_535;149_473
2507	143_402;149_402;143_149
2508	399_548;459_548;399_459
2509	373_399;373_459;399_459
2510	149_715;339_715;149_339
2511	515_734;442_734;442_515
2512	473_541;128_541;128_473
2513	418_534;185_418;185_534
2514	293_534;17_293;17_534
2515	62_473;62_128;128_473
2516	472_740;693_740;472_693
2517	425_534;185_425;185_534
2518	17_387;185_387;17_185
2519	234_534;17_234;17_534
2520	109_185;109_615;185_615
2521	55_534;55_293;293_534
2522	185_469;469_615;185_615
2523	128_489;489_561;128_561
2524	185_475;475_615;185_615
2525	185_622;615_622;185_615
2526	571_672;277_672;277_571
2527	175_459;175_514;459_514
2528	271_515;271_734;515_734
2529	162_693;162_515;515_693
2530	511_693;511_515;515_693
2531	213_693;213_515;515_693
2532	187_534;17_187;17_534
2533	185_703;615_703;185_615
2534	734_774;442_774;442_734
2535	293_376;17_376;17_293
2536	293_310;17_310;17_293
2537	17_640;185_640;17_185
2538	425_595;185_595;185_425
2539	185_258;258_622;185_622
2540	393_756;393_718;718_756
2541	473_751;505_751;473_505
2542	473_716;505_716;473_505
2543	313_515;271_313;271_515
2544	128_217;217_311;128_311
2545	515_569;442_569;442_515
2546	294_459;294_597;459_597
2547	279_315;315_459;279_459
2548	70_459;70_514;459_514
2549	228_606;228_323;323_606
2550	261_606;261_281;281_606
2551	153_359;262_359;153_262
2552	142_262;105_142;105_262
2553	291_560;291_681;560_681
2554	560_641;462_641;462_560
2555	110_451;110_378;378_451
2556	409_530;409_459;459_530
2557	148_378;148_156;156_378
2558	282_378;156_282;156_378
2559	151_378;151_156;156_378
2560	64_473;64_505;473_505
2561	65_459;65_693;459_693
2562	163_442;163_534;442_534
2563	189_515;189_442;442_515
2564	374_442;374_534;442_534
2565	230_693;213_230;213_693
2566	101_442;101_534;442_534
2567	214_442;214_534;442_534
2568	154_442;154_534;442_534
2569	38_442;38_534;442_534
2570	293_707;376_707;293_376
2571	17_493;185_493;17_185
2572	75_185;75_469;185_469
2573	17_618;185_618;17_185
2574	17_724;185_724;17_185
2575	413_622;413_615;615_622
2576	258_490;490_622;258_622
2577	185_537;475_537;185_475
2578	258_669;490_669;258_490
2579	303_469;303_615;469_615
2580	31_258;31_622;258_622
2581	469_484;484_615;469_615
2582	79_469;79_615;469_615
2583	476_637;473_637;473_476
2584	473_582;582_593;473_593
2585	473_744;593_744;473_593
2586	473_481;481_593;473_593
2587	593_704;607_704;593_607
2588	87_489;87_561;489_561
2589	400_505;128_400;128_505
2590	128_567;279_567;128_279
2591	128_242;242_459;128_459
2592	491_607;128_491;128_607
2593	561_653;459_653;459_561
2594	253_459;36_253;36_459
2595	17_80;80_185;17_185
2596	17_284;284_493;17_493
2597	19_534;19_293;293_534
2598	109_309;309_615;109_615
2599	534_638;55_638;55_534
2600	502_534;425_502;425_534
2601	498_690;134_690;134_498
2602	75_471;469_471;75_469
2603	360_425;185_360;185_425
2604	126_134;12_126;12_134
2605	185_333;333_469;185_469
2606	469_649;615_649;469_615
2607	8_134;8_12;12_134
2608	260_469;260_615;469_615
2609	165_469;165_303;303_469
2610	185_755;622_755;185_622
2611	185_720;258_720;185_258
2612	285_340;53_285;53_340
2613	303_479;479_615;303_615
2614	463_722;463_594;594_722
2615	130_689;6_130;6_689
2616	674_689;6_674;6_689
2617	6_180;180_461;6_461
2618	303_733;615_733;303_615
2619	228_363;323_363;228_323
2620	26_280;26_660;280_660
2621	713_781;388_781;388_713
2622	388_402;58_402;58_388
2623	58_389;389_433;58_433
2624	58_427;427_560;58_560
2625	257_366;257_381;366_381
2626	142_355;105_355;105_142
2627	153_273;262_273;153_262
2628	44_560;44_451;451_560
2629	262_739;105_739;105_262
2630	415_435;153_435;153_415
2631	105_348;348_560;105_560
2632	105_650;560_650;105_560
2633	560_673;103_673;103_560
2634	560_710;103_710;103_560
2635	401_652;550_652;401_550
2636	3_103;3_366;103_366
2637	338_405;405_695;338_695
2638	342_723;338_342;338_723
2639	84_723;21_84;21_723
2640	381_631;605_631;381_605
2641	401_768;652_768;401_652
2642	116_652;116_550;550_652
2643	164_391;156_164;156_391
2644	156_373;373_455;156_455
2645	536_652;536_550;550_652
2646	176_652;176_550;550_652
2647	391_576;298_576;298_391
2648	298_512;326_512;298_326
2649	391_776;29_776;29_391
2650	391_621;29_621;29_391
2651	298_453;453_552;298_552
2652	156_696;455_696;156_455
2653	188_326;188_288;288_326
2654	155_298;155_326;298_326
2655	2_298;2_326;298_326
2656	18_298;18_552;298_552
2657	298_706;552_706;298_552
2658	298_596;512_596;298_512
2659	298_477;326_477;298_326
2660	287_552;206_287;206_552
2661	530_575;334_575;334_530
2662	468_552;206_468;206_552
2663	219_552;206_219;206_552
2664	218_326;188_218;188_326
2665	552_568;206_568;206_552
2666	326_555;288_555;288_326
2667	248_326;248_288;288_326
2668	96_288;96_602;288_602
2669	552_777;206_777;206_552
2670	434_552;206_434;206_552
2671	206_509;272_509;206_272
2672	241_326;241_288;288_326
2673	206_749;614_749;206_614
2674	334_352;192_352;192_334
2675	22_206;22_272;206_272
2676	326_370;188_370;188_326
2677	326_717;288_717;288_326
2678	288_393;393_602;288_602
2679	530_740;334_740;334_530
2680	459_712;36_712;36_459
2681	250_472;472_498;250_498
2682	315_323;315_467;323_467
2683	144_467;144_280;280_467
2684	660_742;713_742;660_713
2685	713_746;388_746;388_713
2686	231_660;231_713;660_713
2687	138_280;26_138;26_280
2688	58_178;178_262;58_262
2689	151_231;151_713;231_713
2690	58_304;304_560;58_560
2691	58_584;262_584;58_262
2692	529_560;291_529;291_560
2693	511_560;291_511;291_560
2694	560_730;44_730;44_560
2695	291_645;645_681;291_681
2696	282_291;282_681;291_681
2697	291_500;500_681;291_681
2698	206_483;483_614;206_614
2699	96_716;602_716;96_602
2700	351_530;351_729;530_729
2701	148_530;148_473;473_530
2702	192_418;40_418;40_192
2703	192_343;301_343;192_301
2704	40_387;387_580;40_580
2705	339_714;295_714;295_339
2706	399_473;399_751;473_751
2707	473_549;549_751;473_751
2708	535_699;473_699;473_535
2709	603_751;505_603;505_751
2710	70_128;70_459;128_459
2711	128_294;294_567;128_567
2712	567_761;279_761;279_567
2713	459_548;253_548;253_459
2714	170_396;396_780;170_780
2715	230_253;36_230;36_253
2716	718_780;531_718;531_780
2717	185_569;569_703;185_703
2718	135_293;135_376;293_376
2719	293_715;310_715;293_310
2720	185_347;347_703;185_703
2721	185_665;665_703;185_703
2722	469_669;615_669;469_615
2723	363_713;363_746;713_746
2724	264_391;164_264;164_391
2725	595_648;185_648;185_595
2726	149_653;535_653;149_535
2727	535_696;473_696;473_535
2728	534_622;425_622;425_534
2729	340_534;293_340;293_534
2730	637_724;185_637;185_724
2731	185_668;333_668;185_333
2732	703_705;615_705;615_703
2733	6_532;180_532;6_180
2734	180_495;461_495;180_461
2735	455_669;455_615;615_669
2736	342_461;342_606;461_606
2737	281_583;573_583;281_573
2738	281_536;323_536;281_323
2739	281_303;303_573;281_573
2740	145_467;144_145;144_467
2741	315_475;467_475;315_467
2742	109_323;109_280;280_323
2743	116_713;116_746;713_746
2744	315_479;467_479;315_467
2745	650_660;650_713;660_713
2746	427_713;427_746;713_746
2747	560_781;673_781;560_673
2748	415_568;435_568;415_435
2749	435_717;153_717;153_435
2750	435_555;153_555;153_435
2751	370_673;103_370;103_673
2752	153_241;241_273;153_273
2753	468_673;103_468;103_673
2754	273_287;262_287;262_273
2755	219_291;219_500;291_500
2756	366_776;381_776;366_381
2757	262_749;105_749;105_262
2758	512_560;512_673;560_673
2759	393_560;393_529;529_560
2760	621_631;605_621;605_631
2761	344_560;344_673;560_673
2762	84_723;84_338;338_723
2763	673_706;103_706;103_673
2764	218_723;218_338;338_723
2765	462_596;103_596;103_462
2766	368_462;103_368;103_462
2767	155_529;155_291;291_529
2768	18_723;18_21;21_723
2769	2_84;2_338;84_338
2770	30_228;228_366;30_366
2771	127_338;127_695;338_695
2772	277_451;277_401;401_451
2773	402_695;402_451;451_695
2774	79_401;79_550;401_550
2775	29_401;29_79;79_401
2776	217_391;164_217;164_391
2777	76_298;76_477;298_477
2778	17_151;151_724;17_724
2779	425_537;537_595;425_595
2780	387_534;340_387;340_534
2781	175_425;175_595;425_595
2782	425_712;595_712;425_595
2783	293_355;355_707;293_707
2784	185_487;487_668;185_668
2785	119_703;119_615;615_703
2786	185_331;331_668;185_668
2787	53_500;53_681;500_681
2788	291_768;219_768;219_291
2789	61_277;61_401;277_401
2790	326_575;248_575;248_326
2791	288_614;96_614;96_288
2792	143_561;149_561;143_149
2793	143_272;149_272;143_149
2794	440_459;440_693;459_693
2795	459_696;693_696;459_693
2796	459_715;693_715;459_693
2797	472_640;185_472;185_640
2798	130_724;130_185;185_724
2799	389_615;389_455;455_615
2800	588_615;389_588;389_615
2801	389_463;455_463;389_455
2802	12_463;12_455;455_463
2803	455_498;498_615;455_615
2804	109_389;109_455;389_455
2805	389_682;455_682;389_455
2806	6_455;6_615;455_615
2807	588_761;389_761;389_588
2808	180_455;180_615;455_615
2809	389_580;455_580;389_455
2810	409_615;389_409;389_615
2811	455_583;180_583;180_455
2812	455_536;498_536;455_498
2813	231_615;231_455;455_615
2814	389_740;455_740;389_455
2815	525_615;525_588;588_615
2816	455_606;498_606;455_498
2817	455_568;568_583;455_583
2818	615_650;588_650;588_615
2819	389_427;427_455;389_455
2820	281_389;281_682;389_682
2821	455_749;615_749;455_615
2822	615_756;588_756;588_615
2823	323_615;323_409;409_615
2824	231_573;455_573;231_455
2825	26_615;26_455;455_615
2826	261_615;261_409;409_615
2827	525_717;588_717;525_588
2828	525_596;588_596;525_588
2829	555_588;389_555;389_588
2830	368_455;368_606;455_606
2831	455_660;583_660;455_583
2832	455_539;539_615;455_615
2833	455_514;514_583;455_583
2834	315_588;315_389;389_588
2835	415_588;415_555;555_588
2836	241_583;180_241;180_583
2837	467_615;467_588;588_615
2838	280_583;180_280;180_583
2839	180_287;287_615;180_615
2840	250_615;250_650;615_650
2841	26_116;116_455;26_455
2842	389_433;433_682;389_682
2843	435_455;435_749;455_749
2844	228_588;228_389;389_588
2845	144_455;144_749;455_749
2846	109_138;138_455;109_455
2847	155_588;155_389;389_588
2848	145_463;145_455;455_463
2849	69_588;69_389;389_588
2850	388_455;6_388;6_455
2851	180_262;262_615;180_615
2852	455_621;498_621;455_498
2853	2_250;2_650;250_650
2854	498_714;615_714;498_615
2855	348_615;231_348;231_615
2856	105_615;105_455;455_615
2857	370_615;323_370;323_615
2858	555_713;389_713;389_555
2859	58_588;58_555;555_588
2860	389_776;455_776;389_455
2861	389_746;463_746;389_463
2862	231_569;455_569;231_455
2863	273_389;273_740;389_740
2864	153_389;153_740;389_740
2865	44_463;44_455;455_463
2866	304_740;304_455;455_740
2867	455_781;621_781;455_621
2868	344_455;344_498;455_498
2869	455_512;498_512;455_498
2870	258_498;258_615;498_615
2871	295_455;295_749;455_749
2872	176_455;176_498;455_498
2873	455_475;475_568;455_568
2874	6_461;461_615;6_615
2875	498_722;714_722;498_714
2876	594_615;525_594;525_615
2877	479_615;479_525;525_615
2878	421_749;421_615;615_749
2879	342_615;342_467;467_615
2880	41_615;41_323;323_615
2881	498_552;552_615;498_615
2882	26_127;127_455;26_455
2883	455_710;615_710;455_615
2884	400_455;176_400;176_455
2885	18_455;18_498;455_498
2886	281_453;453_682;281_682
2887	281_303;303_682;281_682
2888	134_389;134_740;389_740
2889	389_495;455_495;389_455
2890	180_753;615_753;180_615
2891	180_689;615_689;180_615
2892	36_740;36_455;455_740
2893	455_532;435_532;435_455
2894	363_455;363_498;455_498
2895	126_455;126_710;455_710
2896	142_455;142_180;180_455
2897	178_455;178_621;455_621
2898	224_455;224_710;455_710
2899	631_749;615_631;615_749
2900	352_749;352_615;615_749
2901	310_498;310_714;498_714
2902	260_615;260_455;455_615
2903	135_615;135_231;231_615
2904	264_455;6_264;6_455
2905	170_455;170_388;388_455
2906	76_455;76_539;455_539
2907	455_529;368_529;368_455
2908	462_615;409_462;409_615
2909	3_615;3_323;323_615
2910	588_706;389_706;389_588
2911	21_409;21_389;389_409
2912	483_588;483_761;588_761
2913	396_615;396_588;588_615
2914	206_536;206_498;498_536
2915	389_509;509_740;389_740
2916	389_777;682_777;389_682
2917	455_718;180_718;180_455
2918	455_468;468_536;455_536
2919	455_768;400_768;400_455
2920	188_615;105_188;105_615
2921	409_605;389_605;389_409
2922	105_637;455_637;105_455
2923	389_723;723_746;389_746
2924	389_597;495_597;389_495
2925	389_548;281_548;281_389
2926	455_673;368_673;368_455
2927	560_682;455_560;455_682
2928	455_537;224_537;224_455
2929	455_649;529_649;455_529
2930	61_498;61_615;498_615
2931	402_749;402_615;615_749
2932	588_780;69_780;69_588
2933	588_681;415_681;415_588
2934	338_615;26_338;26_615
2935	615_695;370_695;370_615
2936	615_618;409_618;409_615
2937	455_549;549_583;455_583
2938	409_500;389_500;389_409
2939	219_455;219_368;368_455
2940	291_455;291_768;455_768
2941	103_455;103_126;126_455
2942	84_740;36_84;36_740
2943	30_409;30_605;409_605
2944	218_323;218_409;323_409
2945	409_567;21_567;21_409
2946	70_740;70_455;455_740
2947	389_531;509_531;389_509
2948	281_393;393_453;281_453
2949	294_389;294_723;389_723
2950	53_722;53_714;714_722
2951	455_477;477_781;455_781
2952	381_615;370_381;370_615
2953	389_614;463_614;389_463
2954	455_575;549_575;455_549
2955	217_539;217_615;539_615
2956	79_615;79_650;615_650
2957	26_156;116_156;26_116
2958	487_615;26_487;26_615
2959	21_669;389_669;21_389
2960	65_455;65_344;344_455
2961	455_705;498_705;455_498
2962	451_455;170_451;170_455
2963	6_401;401_461;6_461
2964	277_389;277_740;389_740
2965	29_536;29_498;498_536
2966	334_615;334_594;594_615
2967	366_389;109_366;109_389
2968	339_615;339_348;348_615
2969	498_652;652_714;498_714
2970	455_694;344_694;344_455
2971	281_550;550_682;281_682
2972	192_344;192_498;344_498
2973	301_310;301_714;310_714
2974	576_615;576_594;594_615
2975	561_615;487_561;487_615
2976	391_615;261_391;261_615
2977	326_615;3_326;3_615
2978	340_483;340_761;483_761
2979	288_366;109_288;109_366
2980	463_472;12_472;12_463
2981	455_622;126_622;126_455
2982	17_588;17_761;588_761
2983	366_640;109_640;109_366
2984	109_469;455_469;109_455
2985	75_455;75_615;455_615
2986	84_724;36_724;36_84
2987	151_455;6_151;6_455
2988	26_693;127_693;26_127
2989	333_455;333_539;455_539
2990	588_703;703_761;588_761
2991	119_455;119_615;455_615
2992	463_668;12_668;12_463
2993	347_463;347_472;463_472
2994	185_455;185_768;455_768
2995	331_615;331_396;396_615
2996	342_489;467_489;342_467
2997	389_459;366_459;366_389
2998	128_228;128_389;228_389
2999	294_648;648_723;294_723
3000	366_595;288_595;288_366
3001	311_455;311_615;455_615
3002	582_746;463_582;463_746
3003	455_473;400_473;400_455
3004	463_607;472_607;463_472
3005	593_682;455_593;455_682
3006	455_534;151_534;151_455
3007	425_682;425_455;455_682
3008	253_455;253_514;455_514
3009	387_455;387_514;455_514
3010	55_682;55_455;455_682
3011	455_653;649_653;455_649
3012	119_149;149_615;119_615
3013	293_615;293_594;594_615
3014	279_615;279_334;334_615
3015	615_696;561_696;561_615
3016	491_615;105_491;105_615
3017	440_498;310_440;310_498
3018	376_389;294_376;294_389
3019	130_389;130_294;294_389
3020	606_707;498_707;498_606
3021	355_615;41_355;41_615
3022	143_606;143_498;498_606
3023	455_535;344_535;344_455
3024	87_455;87_400;400_455
3025	455_712;473_712;455_473
3026	175_714;175_615;615_714
3027	455_751;615_751;455_615
3028	455_665;583_665;455_583
3029	135_716;231_716;135_231
3030	96_498;96_310;310_498
3031	455_729;729_781;455_781
3032	455_530;530_537;455_537
3033	615_715;188_715;188_615
3034	602_714;602_615;615_714
3035	272_714;272_615;615_714
3036	248_498;248_310;310_498
3037	164_714;164_615;615_714
3038	505_615;293_505;293_615
3039	343_388;6_343;6_388
3040	298_615;135_298;135_615
3041	6_476;461_476;6_461
3042	105_545;455_545;105_455
3043	434_455;333_434;333_455
3044	514_639;583_639;514_583
3045	615_730;594_730;594_615
3046	461_511;511_615;461_615
3047	399_615;293_399;293_615
3048	615_742;409_742;409_615
3049	603_615;491_603;491_615
3050	40_491;40_105;105_491
3051	230_717;230_588;588_717
3052	116_625;455_625;116_455
3053	555_699;699_713;555_713
3054	351_459;351_366;366_459
3055	148_615;148_188;188_615
3056	388_418;343_418;343_388
3057	180_282;282_689;180_689
3058	105_645;455_645;105_455
3059	393_739;453_739;393_453
3060	588_596;596_780;588_780
3061	176_584;498_584;176_498
3062	455_704;704_751;455_751
3063	241_498;241_310;310_498
3064	22_498;22_61;61_498
3065	6_165;165_461;6_461
3066	682_755;425_755;425_682
3067	310_720;301_720;301_310
3068	282_484;484_689;282_689
3069	310_405;405_714;310_714
3070	301_359;359_714;301_714
3071	6_373;373_461;6_461
3072	6_257;257_615;6_615
3073	301_628;628_714;301_714
3074	284_615;284_561;561_615
3075	6_64;64_461;6_461
3076	62_615;62_135;135_615
3077	187_455;187_583;455_583
3078	138_615;138_491;491_615
3079	471_615;471_505;505_615
3080	493_615;26_493;26_615
3081	127_638;455_638;127_455
3082	502_588;502_706;588_706
3083	344_733;498_733;344_498
3084	242_583;180_242;180_583
3085	234_583;180_234;180_583
3086	19_703;19_761;703_761
3087	498_744;61_744;61_498
3088	175_481;481_615;175_615
3089	455_470;470_704;455_704
3090	360_761;360_389;389_761
3091	80_164;80_615;164_615
3092	455_674;344_674;344_455
3093	455_635;151_635;151_455
3094	455_547;295_547;295_455
3095	262_525;262_588;525_588
3096	693_762;127_762;127_693
3097	6_690;461_690;6_461
3098	683_761;389_683;389_761
3099	8_389;8_777;389_777
3100	53_463;53_347;347_463
3101	378_463;145_378;145_463
3102	303_442;442_682;303_682
3103	374_682;374_593;593_682
3104	309_594;309_525;525_594
3105	285_455;285_473;455_473
3106	569_588;155_569;155_588
3107	2_389;2_366;366_389
3108	335_502;335_706;502_706
3109	541_704;541_751;704_751
3110	95_389;95_614;389_614
3111	389_413;413_548;389_548
3112	58_148;58_188;148_188
3113	571_615;487_571;487_615
3114	552_615;298_552;298_615
3115	298_340;135_340;135_298
3116	615_734;148_734;148_615
3117	615_686;505_686;505_615
3118	389_672;294_672;294_389
3119	26_774;116_774;26_116
3120	682_776;560_776;560_682
3121	410_615;62_410;62_615
3122	163_755;163_425;425_755
3123	162_425;162_455;425_455
3124	110_615;110_618;615_618
3125	101_242;101_180;180_242
3126	515_583;234_515;234_583
3127	151_641;6_641;6_151
3128	148_189;58_189;58_148
3129	271_549;271_583;549_583
3130	313_615;313_571;571_615
3131	350_615;331_350;331_615
3132	490_689;490_615;615_689
3133	31_176;31_498;176_498
3134	180_214;214_615;180_615
3135	213_293;213_594;293_594
3136	154_615;154_552;552_615
3137	230_402;402_588;230_588
3138	38_615;38_105;105_615
3139	50_561;50_487;487_561
3140	421_455;291_421;291_455
3141	389_512;512_548;389_548
3142	26_573;127_573;26_127
3143	479_539;217_479;217_539
3144	460_498;460_714;498_714
3145	447_615;355_447;355_615
3146	153_650;153_588;588_650
3147	414_455;414_549;455_549
3148	99_455;99_119;119_455
3149	589_615;279_589;279_615
3150	615_666;594_666;594_615
3151	310_386;386_714;310_714
3152	345_594;345_525;525_594
3153	312_615;312_491;491_615
3154	29_714;29_164;164_714
3155	166_714;166_615;615_714
3156	615_669;313_669;313_615
3157	70_455;70_291;291_455
3158	229_455;65_229;65_455
3159	469_496;455_496;455_469
3160	177_594;177_525;525_594
3161	164_659;615_659;164_615
3162	591_602;591_615;602_615
3163	455_519;519_575;455_575
3164	238_615;238_389;389_615
3165	236_615;236_618;615_618
3166	245_615;110_245;110_615
3167	234_636;180_636;180_234
3168	487_567;26_567;26_487
3169	26_260;127_260;26_127
3170	26_30;30_127;26_127
3171	91_618;91_409;409_618
3172	389_747;509_747;389_509
3173	542_615;154_542;154_615
3174	204_389;2_204;2_389
3175	190_389;2_190;2_389
3176	409_524;389_524;389_409
3177	324_704;324_541;541_704
3178	302_409;21_302;21_409
3179	137_455;137_575;455_575
3180	192_389;192_204;204_389
3181	120_366;120_288;288_366
3182	583_605;234_605;234_583
3183	109_462;455_462;109_455
3184	109_464;455_464;109_455
3185	528_615;528_734;615_734
3186	549_654;583_654;549_583
3187	352_455;344_352;344_455
3188	318_594;309_318;309_594
3189	487_559;26_559;26_487
3190	436_455;436_539;455_539
3191	88_615;88_493;493_615
3192	133_615;133_552;552_615
3193	615_745;730_745;615_730
3194	266_455;266_549;455_549
3195	194_455;194_635;455_635
3196	198_455;198_635;455_635
3197	583_767;234_767;234_583
3198	200_487;26_200;26_487
3199	455_644;344_644;344_455
3200	180_564;282_564;180_282
3201	362_588;362_596;588_596
3202	81_475;81_568;475_568
3203	498_550;440_550;440_498
3204	293_586;586_594;293_594
3205	444_583;242_444;242_583
3206	265_583;265_515;515_583
3207	60_498;60_744;498_744
3208	197_498;197_310;310_498
3209	180_597;597_615;180_615
3210	679_714;602_679;602_714
3211	242_290;101_290;101_242
3212	417_615;417_696;615_696
3213	404_714;404_615;615_714
3214	180_319;214_319;180_214
3215	263_455;263_665;455_665
3216	180_663;663_689;180_689
3217	25_594;25_525;525_594
3218	13_615;13_715;615_715
3219	357_455;357_475;455_475
3220	10_615;10_576;576_615
3221	240_615;105_240;105_615
3222	546_571;487_546;487_571
3223	4_180;4_287;180_287
3224	0_615;0_576;576_615
3225	173_717;173_230;230_717
3226	409_578;389_578;389_409
3227	498_577;440_577;440_498
3228	380_615;41_380;41_615
3229	322_615;322_618;615_618
3230	26_215;215_573;26_573
3231	169_389;169_455;389_455
3232	160_389;160_682;389_682
3233	61_500;500_615;61_615
3234	2_647;366_647;2_366
3235	499_681;415_499;415_681
3236	525_627;262_627;262_525
3237	401_415;401_555;415_555
3238	517_602;517_615;602_615
3239	223_366;223_288;288_366
3240	68_455;68_665;455_665
3241	415_570;555_570;415_555
3242	209_455;99_209;99_455
3243	455_495;414_495;414_455
3244	455_722;622_722;455_622
3245	389_566;566_614;389_614
3246	164_590;590_615;164_615
3247	572_615;110_572;110_615
3248	92_455;92_473;455_473
3249	16_415;16_401;401_415
3250	26_613;30_613;26_30
3251	280_682;55_280;55_682
3252	366_629;288_629;288_366
3253	55_551;455_551;55_455
3254	455_695;333_695;333_455
3255	61_381;381_615;61_615
3256	3_594;3_525;525_594
3257	173_483;230_483;173_230
3258	142_173;142_230;173_230
3259	391_469;391_496;469_496
3260	326_469;326_496;469_496
3261	250_455;99_250;99_455
3262	344_724;498_724;344_498
3263	36_498;36_460;460_498
3264	668_690;461_668;461_690
3265	615_648;552_648;552_615
3266	105_156;156_455;105_455
3267	79_568;79_583;568_583
3268	409_580;578_580;409_578
3269	455_739;694_739;455_694
3270	2_206;206_366;2_366
3271	170_389;130_170;130_389
3272	224_455;224_729;455_729
3273	433_714;433_615;615_714
3274	258_333;258_539;333_539
3275	218_333;218_539;333_539
3276	73_180;73_615;180_615
3277	143_615;143_552;552_615
3278	520_689;520_615;615_689
3279	503_615;467_503;467_615
3280	249_355;41_249;41_355
3281	231_494;455_494;231_455
3282	174_532;174_435;435_532
3283	231_671;455_671;231_455
3284	323_608;409_608;323_409
3285	94_463;94_145;145_463
3286	657_694;344_657;344_694
3287	588_651;651_761;588_761
3288	188_604;105_604;105_188
3289	389_607;130_607;130_389
3290	365_409;21_365;21_409
3291	105_639;455_639;105_455
3292	21_437;389_437;21_389
3293	46_781;46_621;621_781
3294	430_455;430_434;434_455
3295	455_526;224_526;224_455
3296	389_489;204_489;204_389
3297	21_481;389_481;21_389
3298	21_595;389_595;21_389
3299	389_453;130_453;130_389
3300	369_463;145_369;145_463
3301	455_563;311_563;311_455
3302	389_488;170_488;170_389
3303	9_344;9_498;344_498
3304	145_428;428_455;145_455
3305	346_455;346_739;455_739
3306	179_723;179_746;723_746
3307	17_463;17_455;455_463
3308	63_582;63_463;463_582
3309	40_463;40_145;145_463
3310	45_369;45_145;145_369
3311	418_539;418_479;479_539
3312	261_344;261_498;344_498
3313	27_615;27_38;38_615
3314	23_615;23_742;615_742
3315	7_455;7_729;455_729
3316	217_427;427_615;217_615
3317	531_615;531_576;576_615
3318	487_707;26_707;26_487
3319	105_584;455_584;105_455
3320	41_699;323_699;41_323
3321	41_348;323_348;41_323
3322	484_573;127_484;127_573
3323	26_185;185_573;26_573
3324	455_612;612_739;455_739
3325	344_628;498_628;344_498
3326	594_653;525_653;525_594
3327	615_625;38_625;38_615
3328	127_405;405_455;127_455
3329	393_525;393_717;525_717
3330	498_535;310_535;310_498
3331	621_649;498_649;498_621
3332	310_645;645_714;310_714
3333	373_746;373_463;463_746
3334	165_615;165_594;594_615
3335	277_498;277_550;498_550
3336	219_498;219_440;440_498
3337	38_705;105_705;38_105
3338	582_718;463_718;463_582
3339	534_615;534_696;615_696
3340	272_594;272_309;309_594
3341	134_594;134_345;345_594
3342	463_511;94_511;94_463
3343	615_754;10_754;10_615
3344	486_615;486_730;615_730
3345	105_172;172_455;105_455
3346	455_683;683_722;455_722
3347	162_455;162_532;455_532
3348	80_594;80_525;525_594
3349	455_733;539_733;455_539
3350	498_638;460_638;460_498
3351	621_738;498_738;498_621
3352	240_691;105_691;105_240
3353	451_749;451_631;631_749
3354	389_662;566_662;389_566
3355	389_523;459_523;389_459
3356	310_424;424_714;310_714
3357	1_631;1_615;615_631
3358	20_498;20_248;248_498
3359	498_611;248_611;248_498
3360	167_294;167_723;294_723
3361	241_455;241_733;455_733
3362	19_615;19_542;542_615
3363	489_592;204_592;204_489
3364	31_615;31_542;542_615
3365	579_714;164_579;164_714
3366	2_709;366_709;2_366
3367	109_299;299_462;109_462
3368	212_724;212_498;498_724
3369	462_630;455_630;455_462
3370	462_727;455_727;455_462
3371	482_714;433_482;433_714
3372	109_150;150_469;109_469
3373	661_714;29_661;29_714
3374	274_594;274_525;525_594
3375	609_615;27_609;27_615
3376	455_527;311_527;311_455
3377	462_501;455_501;455_462
3378	372_455;372_644;455_644
3379	39_455;39_722;455_722
3380	615_684;165_684;165_615
3381	200_623;26_623;26_200
3382	216_455;216_295;295_455
3383	268_615;268_447;447_615
3384	288_358;109_358;109_288
3385	621_634;634_738;621_738
3386	59_309;59_525;309_525
3387	26_465;465_573;26_573
3388	195_288;109_195;109_288
3389	443_498;36_443;36_498
3390	105_232;232_584;105_584
3391	165_193;193_594;165_594
3392	394_622;126_394;126_622
3393	340_594;340_345;345_594
3394	24_724;24_498;498_724
3395	455_708;532_708;455_532
3396	455_557;557_644;455_644
3397	455_466;466_729;455_729
3398	445_462;445_455;455_462
3399	593_653;525_593;525_653
3400	397_460;397_714;460_714
3401	283_615;240_283;240_615
3402	356_455;356_532;455_532
3403	378_615;19_378;19_615
3404	15_323;15_608;323_608
3405	351_714;351_433;433_714
3406	310_536;536_645;310_645
3407	175_615;19_175;19_615
3408	96_615;38_96;38_615
3409	560_615;62_560;62_615
3410	402_673;588_673;402_588
3411	163_455;68_163;68_455
3412	64_101;64_180;101_180
3413	425_498;425_638;498_638
3414	547_615;542_547;542_615
3415	514_615;514_528;528_615
3416	586_615;586_754;615_754
3417	188_591;105_591;105_188
3418	172_324;324_455;172_455
3419	188_546;105_546;105_188
3420	105_189;189_639;105_639
3421	105_213;172_213;105_172
3422	16_615;16_715;615_715
3423	301_526;224_301;224_526
3424	151_777;6_777;6_151
3425	173_374;374_483;173_483
3426	6_755;476_755;6_476
3427	498_776;248_776;248_498
3428	499_615;486_499;486_615
3429	103_498;103_443;443_498
3430	188_555;105_555;105_188
3431	442_615;442_560;560_615
3432	401_479;217_401;217_479
3433	260_615;260_486;486_615
3434	559_615;135_559;135_615
3435	350_734;148_350;148_734
3436	498_663;535_663;498_535
3437	319_455;178_319;178_455
3438	266_666;549_666;266_549
3439	177_622;126_177;126_622
3440	381_615;381_572;572_615
3441	148_245;188_245;148_188
3442	615_627;135_627;135_615
3443	116_164;116_615;164_615
3444	409_774;580_774;409_580
3445	613_754;10_613;10_754
3446	79_170;79_130;130_170
3447	53_526;53_301;301_526
3448	25_455;25_162;162_455
3449	10_415;415_576;10_576
3450	10_215;215_576;10_576
3451	192_704;192_541;541_704
3452	391_644;344_391;344_644
3453	326_389;170_326;170_389
3454	389_597;170_597;170_389
3455	301_595;224_595;224_301
3456	512_545;545_548;512_548
3457	541_679;679_751;541_751
3458	498_577;577_663;498_663
3459	472_751;472_615;615_751
3460	343_621;343_498;498_621
3461	347_682;347_455;455_682
3462	76_498;76_460;460_498
3463	238_455;238_708;455_708
3464	135_236;236_716;135_716
3465	133_594;133_345;345_594
3466	160_389;160_170;170_389
3467	95_615;95_175;175_615
3468	45_588;45_362;362_588
3469	455_505;25_505;25_455
3470	417_615;417_547;547_615
3471	372_669;644_669;372_644
3472	294_471;471_723;294_723
3473	380_389;376_380;376_389
3474	170_520;130_520;130_170
3475	424_475;475_714;424_714
3476	294_660;660_723;294_723
3477	258_294;258_471;294_471
3478	437_723;437_746;723_746
3479	339_746;339_463;463_746
3480	3_164;3_615;164_615
3481	404_746;404_463;463_746
3482	70_532;70_435;435_532
3483	435_674;674_749;435_749
3484	318_435;318_749;435_749
3485	229_749;229_451;451_749
3486	105_120;120_156;105_156
3487	495_631;1_495;1_631
3488	188_592;555_592;188_555
3489	591_648;105_648;105_591
3490	455_623;39_623;39_455
3491	488_729;488_781;729_781
3492	414_583;242_414;242_583
3493	503_714;503_579;579_714
3494	370_615;19_370;19_615
3495	15_461;15_615;461_615
3496	645_657;657_714;645_714
3497	470_536;470_645;536_645
3498	310_727;536_727;310_536
3499	206_455;7_206;7_455
3500	394_519;394_575;519_575
3501	282_781;46_282;46_781
3502	575_747;549_747;549_575
3503	589_594;525_589;525_594
3504	397_615;10_397;10_615
3505	200_615;200_389;389_615
3506	167_525;167_717;525_717
3507	634_693;127_634;127_693
3508	290_455;194_290;194_455
3509	455_661;39_661;39_455
3510	487_625;26_625;26_487
3511	530_615;397_530;397_615
3512	180_705;705_753;180_753
3513	197_753;197_615;615_753
3514	461_637;15_637;15_461
3515	615_682;143_682;143_615
3516	135_283;283_716;135_716
3517	303_542;154_303;154_542
3518	542_580;154_580;154_542
3519	603_716;231_603;231_716
3520	36_578;460_578;36_460
3521	301_615;301_560;560_615
3522	2_460;2_714;460_714
3523	545_714;545_615;615_714
3524	615_679;530_679;530_615
3525	10_673;415_673;10_415
3526	576_604;594_604;576_594
3527	324_615;10_324;10_615
3528	173_594;80_173;80_594
3529	80_605;525_605;80_525
3530	10_70;70_415;10_415
3531	80_281;281_525;80_525
3532	177_594;80_177;80_594
3533	594_644;80_644;80_594
3534	525_548;548_588;525_588
3535	415_472;472_576;415_576
3536	415_566;566_576;415_576
3537	287_588;287_362;362_588
3538	362_674;596_674;362_596
3539	6_520;520_690;6_690
3540	391_746;339_391;339_746
3541	355_723;355_746;723_746
3542	334_588;334_651;588_651
3543	455_499;344_499;344_455
3544	31_761;31_389;389_761
3545	151_559;559_641;151_641
3546	461_573;15_573;15_461
3547	76_668;76_461;461_668
3548	15_291;291_615;15_615
3549	144_615;144_560;560_615
3550	245_615;200_245;200_615
3551	615_695;135_695;135_615
3552	160_177;80_160;80_177
3553	404_494;404_455;455_494
3554	148_704;148_192;192_704
3555	344_627;498_627;344_498
3556	236_594;177_236;177_594
3557	520_597;597_690;520_690
3558	526_668;461_526;461_668
3559	475_615;475_487;487_615
3560	204_471;204_723;471_723
3561	463_572;455_572;455_463
3562	213_455;213_344;344_455
3563	339_684;463_684;339_463
3564	127_175;175_455;127_455
3565	455_512;68_512;68_455
3566	443_696;36_696;36_443
3567	442_714;442_615;615_714
3568	238_714;29_238;29_714
3569	224_455;224_372;372_455
3570	27_245;27_200;200_245
3571	68_609;609_665;68_665
3572	350_657;350_714;657_714
3573	45_615;45_486;486_615
3574	528_714;442_528;442_714
3575	127_381;381_455;127_455
3576	319_455;266_319;266_455
3577	242_740;180_740;180_242
3578	242_417;180_417;180_242
3579	242_380;180_380;180_242
3580	84_127;84_405;127_405
3581	96_242;96_180;180_242
3582	58_615;58_561;561_615
3583	615_660;594_660;594_615
3584	29_258;164_258;29_164
3585	487_648;26_648;26_487
3586	169_487;26_169;26_487
3587	164_653;3_653;3_164
3588	26_476;476_693;26_693
3589	260_583;234_260;234_583
3590	88_583;88_414;414_583
3591	708_761;389_708;389_761
3592	345_389;326_345;326_389
3593	177_282;80_282;80_177
3594	455_756;344_756;344_455
3595	294_447;447_471;294_471
3596	509_621;498_509;498_621
3597	399_690;399_668;668_690
3598	46_461;15_46;15_461
3599	156_344;156_627;344_627
3600	105_781;189_781;105_189
3601	386_615;386_486;486_615
3602	105_503;189_503;105_189
3603	727_761;360_727;360_761
3604	588_602;334_602;334_588
3605	588_734;651_734;588_651
3606	389_663;326_663;326_389
3607	535_723;355_535;355_723
3608	209_723;209_746;723_746
3609	31_514;389_514;31_389
3610	284_355;284_746;355_746
3611	95_204;95_723;204_723
3612	351_389;326_351;326_389
3613	103_463;17_103;17_463
3614	746_747;339_747;339_746
3615	204_430;430_723;204_723
3616	273_355;273_746;355_746
3617	17_198;198_455;17_455
3618	99_723;99_355;355_723
3619	326_550;170_550;170_326
3620	17_440;440_455;17_455
3621	17_424;424_455;17_455
3622	17_119;119_455;17_455
3623	326_689;170_689;170_326
3624	343_391;339_343;339_391
3625	326_776;170_776;170_326
3626	318_463;318_572;463_572
3627	130_309;294_309;130_294
3628	130_272;272_294;130_294
3629	248_498;248_310;310_498
3630	443_669;36_669;36_443
3631	294_618;471_618;294_471
3632	216_733;295_733;216_295
3633	539_723;539_746;723_746
3634	409_536;409_470;470_536
3635	455_666;666_722;455_722
3636	110_471;110_723;471_723
3637	498_636;443_636;443_498
3638	294_606;471_606;294_471
3639	723_774;355_774;355_723
3640	447_614;471_614;447_471
3641	133_294;133_618;294_618
3642	142_294;142_447;294_447
3643	40_723;40_437;437_723
3644	568_631;568_615;615_631
3645	165_723;99_165;99_723
3646	531_723;355_531;355_723
3647	579_723;355_579;355_723
3648	44_339;44_684;339_684
3649	483_536;470_483;470_536
3650	120_463;120_145;145_463
3651	347_463;17_347;17_463
3652	18_463;17_18;17_463
3653	463_595;318_595;318_463
3654	463_546;17_546;17_463
3655	455_479;178_479;178_455
3656	217_455;194_217;194_455
3657	38_189;38_639;189_639
3658	615_625;475_625;475_615
3659	9_194;9_635;194_635
3660	498_613;310_613;310_498
3661	342_615;16_342;16_615
3662	240_679;240_530;530_679
3663	53_615;53_475;475_615
3664	615_755;475_755;475_615
3665	418_615;418_594;594_615
3666	356_615;16_356;16_615
3667	206_615;206_625;615_625
3668	163_594;80_163;80_594
3669	137_188;137_591;188_591
3670	189_557;557_639;189_639
3671	189_466;466_639;189_639
3672	615_683;683_686;615_686
3673	612_615;188_612;188_615
3674	268_455;268_635;455_635
3675	266_777;549_777;266_549
3676	357_663;326_357;326_663
3677	4_234;4_180;180_234
3678	549_745;583_745;549_583
3679	468_583;234_468;234_583
3680	274_635;151_274;151_635
3681	59_622;59_126;126_622
3682	475_742;487_742;475_487
3683	79_490;130_490;79_130
3684	126_401;401_710;126_710
3685	242_374;180_374;180_242
3686	234_489;4_489;4_234
3687	193_622;126_193;126_622
3688	20_622;20_126;126_622
3689	475_590;487_590;475_487
3690	242_348;348_417;242_417
3691	346_615;188_346;188_615
3692	333_475;333_487;475_487
3693	134_641;6_134;6_641
3694	491_693;491_634;634_693
3695	188_517;517_592;188_592
3696	500_693;500_634;634_693
3697	475_580;487_580;475_487
3698	475_488;488_742;475_742
3699	482_723;355_482;355_723
3700	294_672;471_672;294_471
3701	459_471;459_723;471_723
3702	340_490;130_340;130_490
3703	277_753;197_277;197_753
3704	465_634;127_465;127_634
3705	219_615;219_245;245_615
3706	101_188;101_591;188_591
3707	61_80;61_525;80_525
3708	455_523;523_712;455_712
3709	405_453;453_455;405_455
3710	187_746;187_339;339_746
3711	87_723;87_482;482_723
3712	635_661;151_661;151_635
3713	250_455;250_372;372_455
3714	388_455;388_666;455_666
3715	455_729;268_729;268_455
3716	498_578;443_578;443_498
3717	62_310;62_536;310_536
3718	180_611;611_705;180_705
3719	615_637;418_637;418_615
3720	315_714;315_615;615_714
3721	215_294;215_723;294_723
3722	172_294;133_172;133_294
3723	638_723;355_638;355_723
3724	355_402;402_746;355_746
3725	303_463;120_303;120_463
3726	17_404;404_455;17_455
3727	684_724;463_724;463_684
3728	582_747;339_582;339_747
3729	699_747;339_699;339_747
3730	257_684;257_463;463_684
3731	396_463;120_396;120_463
3732	283_339;283_463;339_463
3733	339_393;44_393;44_339
3734	455_493;372_493;372_455
3735	103_366;17_366;17_103
3736	365_455;25_365;25_455
3737	0_455;0_722;455_722
3738	463_603;120_603;120_463
3739	552_729;268_552;268_729
3740	17_541;455_541;17_455
3741	119_241;241_455;119_455
3742	119_298;298_455;119_455
3743	443_703;696_703;443_696
3744	137_394;394_591;137_591
3745	231_433;231_615;433_615
3746	639_662;455_662;455_639
3747	178_192;192_621;178_621
3748	143_455;143_583;455_583
3749	455_575;493_575;455_493
3750	154_455;154_729;455_729
3751	479_573;178_573;178_479
3752	494_498;310_494;310_498
3753	583_654;234_654;234_583
3754	64_594;64_236;236_594
3755	443_730;696_730;443_696
3756	234_462;180_462;180_234
3757	38_148;148_639;38_639
3758	80_109;109_525;80_525
3759	621_682;498_682;498_621
3760	525_586;586_717;525_717
3761	310_560;62_560;62_310
3762	94_588;94_596;588_596
3763	389_511;376_511;376_389
3764	65_151;65_641;151_641
3765	487_609;26_609;26_487
3766	376_597;294_597;294_376
3767	301_389;301_326;326_389
3768	23_487;23_26;26_487
3769	126_647;401_647;126_401
3770	6_179;179_520;6_520
3771	436_594;236_436;236_594
3772	410_594;163_410;163_594
3773	312_594;236_312;236_594
3774	469_594;236_469;236_594
3775	373_594;236_373;236_594
3776	288_520;288_690;520_690
3777	185_746;185_391;391_746
3778	500_640;634_640;500_634
3779	236_630;177_630;177_236
3780	299_618;299_471;471_618
3781	130_659;309_659;130_309
3782	339_629;463_629;339_463
3783	19_130;19_294;130_294
3784	501_746;339_501;339_746
3785	402_716;716_746;402_746
3786	477_723;99_477;99_723
3787	223_294;172_223;172_294
3788	150_455;0_150;0_455
3789	455_739;479_739;455_479
3790	455_694;194_694;194_455
3791	175_455;175_479;455_479
3792	2_729;2_268;268_729
3793	6_70;70_520;6_520
3794	615_762;686_762;615_686
3795	291_635;291_661;635_661
3796	151_287;287_641;151_641
3797	46_635;46_274;274_635
3798	151_738;559_738;151_559
3799	604_615;10_604;10_615
3800	380_615;380_755;615_755
3801	96_615;96_467;467_615
3802	249_615;249_356;356_615
3803	608_615;356_608;356_615
3804	16_41;41_715;16_715
3805	476_715;188_476;188_715
3806	545_630;177_545;177_630
3807	326_648;550_648;326_550
3808	130_563;19_563;19_130
3809	425_717;230_425;230_717
3810	173_230;173_588;230_588
3811	588_740;596_740;588_596
3812	695_747;339_695;339_747
3813	298_324;324_455;298_455
3814	455_514;290_514;290_455
3815	428_622;59_428;59_622
3816	151_519;519_641;151_641
3817	615_673;530_673;530_615
3818	151_733;641_733;151_641
3819	16_527;527_715;16_715
3820	262_717;230_262;230_717
3821	639_708;455_708;455_639
3822	405_644;455_644;405_455
3823	455_777;162_777;162_455
3824	455_589;549_589;455_549
3825	653_780;69_653;69_780
3826	151_156;156_559;151_559
3827	343_641;6_343;6_641
3828	27_710;27_615;615_710
3829	232_710;232_615;615_710
3830	509_661;151_509;151_661
3831	370_661;151_370;151_661
3832	660_661;151_660;151_661
3833	520_734;288_734;288_520
3834	401_627;627_710;401_710
3835	281_615;281_637;615_637
3836	179_542;520_542;179_520
3837	547_753;547_615;615_753
3838	378_520;378_690;520_690
3839	135_753;135_197;197_753
3840	224_753;197_224;197_753
3841	7_615;7_356;356_615
3842	6_362;362_520;6_520
3843	6_213;179_213;6_179
3844	88_399;88_668;399_668
3845	615_674;612_674;612_615
3846	381_690;381_399;399_690
3847	258_615;258_418;418_615
3848	526_615;526_612;612_615
3849	76_288;76_690;288_690
3850	461_484;15_484;15_461
3851	461_709;15_709;15_461
3852	524_690;399_524;399_690
3853	668_691;461_691;461_668
3854	15_593;593_615;15_615
3855	188_323;137_323;137_188
3856	50_461;15_50;15_461
3857	164_588;164_334;334_588
3858	116_399;116_668;399_668
3859	3_615;3_625;615_625
3860	369_588;369_596;588_596
3861	615_636;530_636;530_615
3862	311_668;311_461;461_668
3863	442_469;236_442;236_469
3864	240_651;240_761;651_761
3865	169_650;26_650;26_169
3866	212_461;15_212;15_461
3867	282_434;80_434;80_282
3868	190_755;190_475;475_755
3869	445_461;445_484;461_484
3870	26_413;127_413;26_127
3871	22_236;22_177;177_236
3872	358_615;358_754;615_754
3873	195_236;195_630;236_630
3874	15_24;24_615;15_615
3875	15_628;593_628;15_593
3876	177_539;160_539;160_177
3877	21_333;21_487;333_487
3878	496_615;7_496;7_615
3879	80_707;61_707;61_80
3880	236_607;607_630;236_630
3881	322_693;322_500;500_693
3882	338_487;26_338;26_487
3883	373_768;236_768;236_373
3884	282_567;80_567;80_282
3885	261_282;261_434;282_434
3886	127_537;405_537;127_405
3887	352_500;352_634;500_634
3888	502_717;230_502;230_717
3889	427_586;427_717;586_717
3890	127_302;84_302;84_127
3891	706_715;188_706;188_715
3892	155_634;127_155;127_634
3893	588_718;596_718;588_596
3894	188_652;137_652;137_188
3895	73_717;73_262;262_717
3896	405_564;455_564;405_455
3897	127_464;405_464;127_405
3898	127_174;84_174;84_127
3899	91_717;91_230;230_717
3900	588_613;369_613;369_588
3901	577_588;369_577;369_588
3902	137_366;366_394;137_394
3903	400_460;400_714;460_714
3904	8_669;8_36;36_669
3905	63_653;63_69;69_653
3906	189_279;38_279;38_189
3907	455_681;162_681;162_455
3908	671_780;653_671;653_780
3909	455_595;595_623;455_623
3910	455_468;162_468;162_455
3911	260_622;193_260;193_622
3912	60_268;60_635;268_635
3913	92_126;92_647;126_647
3914	263_389;263_376;376_389
3915	238_615;7_238;7_615
3916	268_720;635_720;268_635
3917	6_571;520_571;6_520
3918	6_481;179_481;6_179
3919	218_635;151_218;151_635
3920	368_559;368_641;559_641
3921	133_515;515_618;133_618
3922	331_520;331_690;520_690
3923	6_153;153_213;6_213
3924	421_635;151_421;151_635
3925	55_520;55_378;378_520
3926	520_751;378_751;378_520
3927	145_641;145_343;343_641
3928	520_529;288_529;288_520
3929	179_742;520_742;179_520
3930	690_712;399_712;399_690
3931	444_641;343_444;343_641
3932	265_668;265_311;311_668
3933	641_767;6_767;6_641
3934	313_690;313_524;524_690
3935	520_551;551_690;520_690
3936	76_473;473_690;76_690
3937	280_311;280_461;311_461
3938	30_690;30_399;399_690
3939	6_271;271_481;6_481
3940	166_690;166_381;381_690
3941	176_399;116_176;116_399
3942	179_713;520_713;179_520
3943	481_570;179_570;179_481
3944	359_559;359_641;559_641
3945	304_399;304_668;399_668
3946	580_668;461_580;461_668
3947	461_488;484_488;461_484
3948	399_602;116_602;116_399
3949	116_465;465_668;116_668
3950	285_668;285_461;461_668
3951	293_668;293_691;668_691
3952	12_445;12_484;445_484
3953	24_569;569_615;24_615
3954	335_668;335_691;668_691
3955	128_668;128_461;461_668
3956	6_149;149_690;6_690
3957	75_461;75_484;461_484
3958	15_253;253_628;15_628
3959	138_691;138_461;461_691
3960	81_213;81_179;179_213
3961	387_461;15_387;15_461
3962	461_553;445_553;445_461
3963	15_540;540_593;15_593
3964	453_484;15_453;15_484
3965	15_384;384_615;15_615
3966	212_382;15_382;15_212
3967	15_320;320_615;15_615
3968	188_205;137_205;137_188
3969	102_445;102_484;445_484
3970	15_314;314_615;15_615
3971	297_445;297_484;445_484
3972	15_86;24_86;15_24
3973	15_37;37_593;15_593
3974	615_624;10_624;10_615
3975	585_690;399_585;399_690
3976	423_615;423_576;576_615
3977	377_615;258_377;258_615
3978	615_632;561_632;561_615
3979	129_405;129_644;405_644
3980	353_690;353_524;524_690
3981	243_405;243_644;405_644
3982	66_484;66_453;453_484
3983	247_389;247_376;376_389
3984	581_592;555_581;555_592
3985	578_615;356_578;356_615
3986	474_615;474_625;615_625
3987	137_438;366_438;137_366
3988	15_161;161_314;15_314
3989	26_101;101_413;26_413
3990	183_397;10_183;10_397
3991	188_255;137_255;137_188
3992	188_491;491_517;188_517
3993	430_635;218_430;218_635
3994	26_462;127_462;26_127
3995	345_661;151_345;151_661
3996	95_415;95_566;415_566
3997	53_188;53_205;188_205
3998	268_414;60_414;60_268
3999	268_318;60_318;60_268
4000	134_151;134_156;151_156
4001	16_157;157_527;16_527
4002	127_617;405_617;127_405
4003	65_489;489_641;65_641
4004	111_576;111_594;576_594
4005	235_455;68_235;68_455
4006	29_455;29_623;455_623
4007	67_594;67_436;436_594
4008	635_779;661_779;635_661
4009	259_455;194_259;194_455
4010	152_576;152_594;576_594
4011	35_421;35_151;151_421
4012	289_635;151_289;151_635
4013	336_455;268_336;268_455
4014	419_635;151_419;151_635
4015	151_363;363_733;151_733
4016	151_513;156_513;151_156
4017	218_562;151_562;151_218
4018	455_601;154_601;154_455
4019	218_429;151_429;151_218
4020	245_661;245_660;660_661
4021	83_151;83_519;151_519
4022	225_268;225_635;268_635
4023	141_532;141_435;435_532
4024	85_559;85_641;559_641
4025	460_759;714_759;460_714
4026	151_726;156_726;151_156
4027	151_341;341_738;151_738
4028	132_151;132_733;151_733
4029	122_586;122_717;586_717
4030	117_151;65_117;65_151
4031	80_699;525_699;80_525
4032	582_641;6_582;6_641
4033	42_302;42_84;84_302
4034	262_448;230_448;230_262
4035	321_630;177_321;177_630
4036	343_725;6_725;6_343
4037	390_434;80_390;80_434
4038	717_736;230_736;230_717
4039	615_616;616_754;615_754
4040	543_588;334_543;334_588
4041	392_588;392_596;588_596
4042	615_766;281_766;281_615
4043	43_262;43_230;230_262
4044	590_641;343_590;343_641
4045	560_641;6_560;6_641
4046	4_80;4_525;80_525
4047	230_533;533_588;230_588
4048	230_528;528_588;230_588
4049	340_389;340_511;389_511
4050	266_525;266_586;525_586
4051	33_520;33_288;288_520
4052	520_745;288_745;288_520
4053	525_744;548_744;525_548
4054	288_689;689_690;288_690
4055	241_588;241_334;334_588
4056	594_657;469_657;469_594
4057	534_576;534_594;576_594
4058	350_576;350_594;576_594
4059	163_724;80_724;80_163
4060	219_389;219_247;247_389
4061	62_230;62_588;230_588
4062	192_399;192_668;399_668
4063	144_163;80_144;80_163
4064	525_573;573_717;525_717
4065	373_541;236_541;236_373
4066	638_691;461_638;461_691
4067	376_649;294_649;294_376
4068	340_393;393_511;340_511
4069	250_389;250_263;263_389
4070	295_389;219_295;219_389
4071	165_389;165_511;389_511
4072	263_512;376_512;263_376
4073	294_396;215_396;215_294
4074	177_386;282_386;177_282
4075	483_511;376_483;376_511
4076	80_217;217_525;80_525
4077	294_606;172_606;172_294
4078	294_536;172_536;172_294
4079	409_615;409_686;615_686
4080	1_294;1_172;172_294
4081	87_294;87_396;294_396
4082	142_294;142_172;172_294
4083	40_593;40_615;593_615
4084	294_598;215_598;215_294
4085	294_364;172_364;172_294
4086	286_576;152_286;152_576
4087	80_672;61_672;61_80
4088	469_654;236_654;236_469
4089	347_355;273_347;273_355
4090	607_682;630_682;607_630
4091	45_230;45_588;230_588
4092	588_614;596_614;588_596
4093	31_525;31_588;525_588
4094	649_703;294_703;294_649
4095	525_659;266_659;266_525
4096	248_780;248_671;671_780
4097	229_295;219_229;219_295
4098	17_303;303_424;17_424
4099	424_495;455_495;424_455
4100	103_219;103_247;219_247
4101	494_653;69_494;69_653
4102	389_490;340_490;340_389
4103	295_357;229_357;229_295
4104	219_645;247_645;219_247
4105	360_572;389_572;360_389
4106	470_723;470_774;723_774
4107	69_257;257_389;69_389
4108	120_618;120_299;299_618
4109	108_376;108_597;376_597
4110	107_294;107_618;294_618
4111	563_635;291_563;291_635
4112	598_716;215_716;215_598
4113	124_376;124_649;376_649
4114	523_723;523_774;723_774
4115	234_723;234_774;723_774
4116	11_294;11_172;172_294
4117	633_723;633_774;723_774
4118	299_568;471_568;299_471
4119	343_505;505_725;343_725
4120	309_774;309_355;355_774
4121	19_92;19_647;92_647
4122	204_355;204_273;273_355
4123	6_264;213_264;6_213
4124	97_767;6_97;6_767
4125	299_776;471_776;299_471
4126	277_355;277_347;347_355
4127	339_440;440_629;339_629
4128	299_404;404_471;299_471
4129	18_273;18_746;273_746
4130	272_520;272_734;520_734
4131	23_734;23_288;288_734
4132	523_648;648_774;523_774
4133	185_723;185_470;470_723
4134	455_704;194_704;194_455
4135	315_723;315_774;723_774
4136	2_723;2_470;470_723
4137	54_747;54_695;695_747
4138	574_774;355_574;355_774
4139	629_770;463_770;463_629
4140	683_690;381_683;381_690
4141	130_774;130_355;355_774
4142	508_629;463_508;463_629
4143	123_774;123_355;355_774
4144	74_774;74_309;309_774
4145	5_355;5_347;347_355
4146	275_629;275_463;463_629
4147	17_324;324_424;17_424
4148	79_309;79_355;309_355
4149	159_355;159_273;273_355
4150	298_463;298_455;455_463
4151	231_309;231_355;309_355
4152	170_309;170_355;309_355
4153	109_524;109_399;399_524
4154	355_620;347_620;347_355
4155	521_524;399_521;399_524
4156	347_441;273_441;273_347
4157	398_463;17_398;17_463
4158	187_399;88_187;88_399
4159	399_711;668_711;399_668
4160	399_432;432_668;399_668
4161	244_273;244_746;273_746
4162	677_746;677_747;746_747
4163	201_273;201_746;273_746
4164	118_347;118_273;273_347
4165	115_192;115_668;192_668
4166	51_88;51_668;88_668
4167	88_486;486_668;88_668
4168	383_668;293_383;293_668
4169	116_308;308_668;116_668
4170	9_306;306_635;9_635
4171	246_273;246_746;273_746
4172	121_668;121_293;293_668
4173	310_461;15_310;15_461
4174	558_668;128_558;128_668
4175	251_668;251_293;293_668
4176	181_461;181_212;212_461
4177	702_746;702_747;746_747
4178	746_781;339_781;339_746
4179	556_668;335_556;335_668
4180	265_676;311_676;265_311
4181	327_339;327_440;339_440
4182	365_463;365_398;398_463
4183	15_269;24_269;15_24
4184	691_700;461_700;461_691
4185	15_697;253_697;15_253
4186	291_319;319_661;291_661
4187	184_695;184_339;339_695
4188	461_550;50_550;50_461
4189	178_339;178_463;339_463
4190	661_769;660_769;660_661
4191	461_765;212_765;212_461
4192	593_752;615_752;593_615
4193	198_737;455_737;198_455
4194	50_764;15_764;15_50
4195	330_615;10_330;10_615
4196	40_587;587_615;40_615
4197	424_518;455_518;424_455
4198	454_629;454_463;463_629
4199	407_474;407_625;474_625
4200	40_458;458_615;40_615
4201	449_684;449_463;463_684
4202	15_664;384_664;15_384
4203	295_477;219_477;219_295
4204	223_612;188_223;188_612
4205	143_356;16_143;16_356
4206	58_593;40_58;40_593
4207	437_660;151_437;151_660
4208	41_376;41_649;376_649
4209	475_619;487_619;475_487
4210	194_450;9_450;9_194
4211	137_476;476_591;137_591
4212	188_391;137_391;137_188
4213	179_631;520_631;179_520
4214	46_520;46_745;520_745
4215	520_545;55_545;55_520
4216	471_739;723_739;471_723
4217	153_175;175_213;153_213
4218	288_727;690_727;288_690
4219	189_694;466_694;189_466
4220	374_690;353_374;353_690
4221	493_690;30_493;30_690
4222	482_520;46_482;46_520
4223	520_584;55_584;55_520
4224	455_579;579_681;455_681
4225	348_399;348_602;399_602
4226	64_455;64_194;194_455
4227	288_605;76_605;76_288
4228	461_479;15_479;15_461
4229	76_547;547_690;76_690
4230	166_459;381_459;166_381
4231	224_399;224_711;399_711
4232	173_524;173_399;399_524
4233	135_691;135_461;461_691
4234	13_381;13_399;381_399
4235	290_304;290_668;304_668
4236	381_425;399_425;381_399
4237	417_668;335_417;335_668
4238	15_447;447_697;15_697
4239	150_399;150_602;399_602
4240	0_628;0_593;593_628
4241	342_594;342_657;594_657
4242	399_667;116_667;116_399
4243	565_594;565_657;594_657
4244	668_740;251_740;251_668
4245	668_705;311_705;311_668
4246	604_668;556_604;556_668
4247	346_668;346_461;461_668
4248	214_335;214_691;335_691
4249	96_461;15_96;15_461
4250	335_510;510_691;335_691
4251	119_335;119_691;335_691
4252	94_461;94_484;461_484
4253	456_556;335_456;335_556
4254	116_411;411_668;116_668
4255	77_335;77_691;335_691
4256	544_691;544_638;638_691
4257	203_691;203_638;638_691
4258	461_626;310_626;310_461
4259	611_630;177_611;177_630
4260	212_535;382_535;212_382
4261	180_691;180_461;461_691
4262	209_461;181_209;181_461
4263	15_600;600_697;15_697
4264	691_753;638_753;638_691
4265	352_461;50_352;50_461
4266	15_197;197_320;15_320
4267	15_501;501_540;15_540
4268	15_731;593_731;15_593
4269	492_691;135_492;135_691
4270	588_663;334_663;334_588
4271	531_638;461_531;461_638
4272	480_594;342_480;342_594
4273	100_594;67_100;67_594
4274	351_525;167_351;167_525
4275	426_445;426_484;445_484
4276	266_640;586_640;266_586
4277	216_236;216_630;236_630
4278	158_657;158_469;469_657
4279	131_177;131_539;177_539
4280	307_586;122_307;122_586
4281	177_778;282_778;177_282
4282	236_402;402_630;236_630
4283	20_511;20_376;376_511
4284	591_680;105_680;105_591
4285	105_554;189_554;105_189
4286	283_477;219_283;219_477
4287	242_591;105_242;105_591
4288	105_232;189_232;105_189
4289	21_219;21_103;103_219
4290	103_538;247_538;103_247
4291	294_431;1_431;1_294
4292	294_379;1_379;1_294
4293	89_189;38_89;38_189
4294	133_758;515_758;133_515
4295	294_757;618_757;294_618
4296	172_428;133_428;133_172
4297	294_701;606_701;294_606
4298	148_172;133_148;133_172
4299	610_635;563_610;563_635
4300	120_254;254_299;120_299
4301	162_698;532_698;162_532
4302	182_299;182_471;299_471
4303	299_322;322_471;299_471
4304	635_760;563_760;563_635
4305	133_750;515_750;133_515
4306	735_774;355_735;355_774
4307	515_516;516_618;515_618
4308	35_400;151_400;35_151
4309	446_471;446_723;471_723
4310	222_273;222_746;273_746
4311	618_719;299_719;299_618
4312	193_471;193_739;471_739
4313	110_675;675_723;110_723
4314	276_471;276_723;471_723
4315	471_772;739_772;471_739
4316	627_723;627_633;633_723
4317	723_771;234_771;234_723
4318	156_296;296_559;156_559
4319	292_471;292_739;471_739
4320	210_641;145_210;145_641
4321	412_471;110_412;110_471
4322	641_646;582_646;582_641
4323	270_559;270_368;368_559
4324	47_723;47_185;185_723
4325	343_768;725_768;343_725
4326	406_690;406_683;683_690
4327	213_759;179_759;179_213
4328	461_500;387_500;387_461
4329	634_690;524_634;524_690
4330	109_714;399_714;109_399
4331	127_467;405_467;127_405
4332	326_644;326_455;455_644
4333	405_541;455_541;405_455
4334	151_713;65_713;65_151
4335	512_520;512_690;520_690
4336	19_399;19_88;88_399
4337	345_399;88_345;88_399
4338	116_464;464_668;116_668
4339	88_496;496_668;88_668
4340	461_585;96_585;96_461
4341	15_572;37_572;15_37
4342	164_475;164_487;475_487
4343	650_672;26_672;26_650
4344	26_736;127_736;26_127
4345	26_654;127_654;26_127
4346	405_756;455_756;405_455
4347	405_444;444_564;405_564
4348	240_405;240_644;405_644
4349	62_564;62_455;455_564
4350	261_644;261_455;455_644
4351	184_644;184_455;455_644
4352	455_703;681_703;455_681
4353	65_324;324_641;65_641
4354	213_257;179_257;179_213
4355	250_520;250_734;520_734
4356	31_481;31_179;179_481
4357	505_742;505_520;520_742
4358	288_676;605_676;288_605
4359	15_198;198_697;15_697
4360	284_605;76_284;76_605
4361	39_399;39_88;88_399
4362	128_620;461_620;128_461
4363	15_699;37_699;15_37
4364	677_690;381_677;381_690
4365	399_449;88_449;88_399
4366	30_781;399_781;30_399
4367	142_399;142_192;192_399
4368	0_424;424_593;0_593
4369	15_246;37_246;15_37
4370	244_697;244_253;253_697
4371	399_574;88_574;88_399
4372	130_593;40_130;40_593
4373	123_461;96_123;96_461
4374	74_399;19_74;19_399
4375	253_437;437_628;253_628
4376	399_419;88_419;88_399
4377	15_178;37_178;15_37
4378	15_143;143_572;15_572
4379	124_399;88_124;88_399
4380	15_536;536_697;15_697
4381	88_459;459_668;88_668
4382	15_204;204_697;15_697
4383	15_87;87_697;15_697
4384	253_303;303_628;253_628
4385	163_176;116_163;116_176
4386	241_253;241_628;253_628
4387	165_253;165_628;253_628
4388	15_401;198_401;15_198
4389	15_215;215_572;15_572
4390	19_391;88_391;19_88
4391	198_205;205_697;198_697
4392	154_198;154_697;198_697
4393	54_88;54_486;88_486
4394	88_195;195_496;88_496
4395	198_441;441_697;198_697
4396	37_614;593_614;37_593
4397	0_508;424_508;0_424
4398	228_697;228_253;253_697
4399	15_126;126_699;15_699
4400	668_770;128_770;128_668
4401	572_645;37_645;37_572
4402	275_697;253_275;253_697
4403	659_697;253_659;253_697
4404	593_761;130_761;130_593
4405	253_651;628_651;253_628
4406	315_593;40_315;40_593
4407	253_298;298_628;253_628
4408	668_695;556_695;556_668
4409	40_637;458_637;40_458
4410	546_668;383_546;383_668
4411	628_663;0_663;0_628
4412	165_592;592_628;165_628
4413	253_568;568_628;253_628
4414	418_628;0_418;0_628
4415	360_424;360_593;424_593
4416	40_264;264_458;40_458
4417	2_253;2_437;253_437
4418	128_577;461_577;128_461
4419	555_556;335_555;335_556
4420	383_426;293_426;293_383
4421	128_397;397_620;128_620
4422	593_706;706_752;593_752
4423	5_593;5_130;130_593
4424	396_628;0_396;0_628
4425	369_752;369_615;615_752
4426	533_628;0_533;0_628
4427	423_458;423_615;458_615
4428	79_628;0_79;0_628
4429	613_628;0_613;0_628
4430	607_628;593_607;593_628
4431	548_615;356_548;356_615
4432	593_640;315_640;315_593
4433	308_752;308_615;615_752
4434	277_615;277_358;358_615
4435	272_615;272_686;615_686
4436	319_625;319_475;475_625
4437	217_593;217_752;593_752
4438	40_61;61_637;40_637
4439	40_307;307_458;40_458
4440	37_290;290_593;37_593
4441	158_315;40_158;40_315
4442	165_495;495_592;165_592
4443	414_458;414_615;458_615
4444	231_458;231_615;458_615
4445	0_170;170_508;0_508
4446	118_628;118_418;418_628
4447	612_615;474_612;474_615
4448	458_598;598_615;458_615
4449	40_523;264_523;40_264
4450	223_358;223_754;358_754
4451	40_434;434_458;40_458
4452	157_762;527_762;157_527
4453	543_637;458_543;458_637
4454	508_611;424_611;424_508
4455	342_450;450_657;342_657
4456	402_415;402_576;415_576
4457	283_593;283_761;593_761
4458	242_527;242_715;527_715
4459	10_20;20_415;10_415
4460	518_593;518_761;593_761
4461	454_628;396_454;396_628
4462	593_710;315_710;315_593
4463	593_647;130_647;130_593
4464	10_394;394_415;10_415
4465	525_653;653_744;525_744
4466	262_456;230_456;230_262
4467	157_757;527_757;157_527
4468	527_708;708_715;527_715
4469	455_622;532_622;455_532
4470	218_625;218_475;475_625
4471	134_405;134_455;405_455
4472	411_661;411_509;509_661
4473	509_519;151_519;151_509
4474	65_559;324_559;65_324
4475	151_512;65_512;65_151
4476	520_720;545_720;520_545
4477	97_545;55_97;55_545
4478	343_378;343_690;378_690
4479	109_378;109_690;378_690
4480	378_425;425_690;378_690
4481	378_541;541_690;378_690
4482	608_690;608_683;683_690
4483	30_362;362_399;30_399
4484	399_666;142_666;142_399
4485	399_713;88_713;88_399
4486	668_759;695_759;668_695
4487	51_88;51_668;88_668
4488	634_695;556_634;556_695
4489	668_700;695_700;668_695
4490	128_495;461_495;128_461
4491	426_461;426_550;461_550
4492	213_461;213_550;461_550
4493	163_461;163_550;461_550
4494	461_482;482_550;461_550
4495	50_257;257_764;50_764
4496	50_531;531_764;50_764
4497	421_550;50_421;50_550
4498	394_550;50_394;50_550
4499	326_764;15_326;15_764
4500	87_611;611_697;87_697
4501	610_613;0_610;0_613
4502	87_467;467_697;87_697
4503	253_284;284_298;253_298
4504	613_736;0_736;0_613
4505	0_31;31_170;0_170
4506	500_697;228_500;228_697
4507	0_672;170_672;0_170
4508	253_450;450_628;253_628
4509	304_628;304_613;613_628
4510	253_592;2_592;2_253
4511	424_571;360_571;360_424
4512	243_424;243_360;360_424
4513	406_663;0_406;0_663
4514	0_650;31_650;0_31
4515	0_441;31_441;0_31
4516	0_205;205_593;0_593
4517	0_154;154_424;0_424
4518	582_593;582_752;593_752
4519	20_615;20_530;530_615
4520	424_745;360_745;360_424
4521	145_424;145_360;360_424
4522	360_391;391_593;360_593
4523	40_769;458_769;40_458
4524	676_752;369_676;369_752
4525	216_424;216_243;243_424
4526	424_689;360_689;360_424
4527	40_630;434_630;40_434
4528	468_697;228_468;228_697
4529	402_615;402_632;615_632
4530	293_615;293_530;530_615
4531	274_615;274_530;530_615
4532	579_615;20_579;20_615
4533	132_615;132_686;615_686
4534	46_615;46_632;615_632
4535	615_623;530_623;530_615
4536	615_653;530_653;530_615
4537	423_456;456_615;423_615
4538	40_223;223_637;40_637
4539	589_613;0_589;0_613
4540	565_628;565_613;613_628
4541	170_594;508_594;170_508
4542	384_458;384_615;458_615
4543	677_749;451_677;451_749
4544	475_574;164_574;164_475
4545	26_314;314_654;26_654
4546	134_652;455_652;134_455
4547	62_715;455_715;62_455
4548	308_532;141_308;141_532
4549	523_749;451_523;451_749
4550	401_455;401_549;455_549
4551	16_435;16_749;435_749
4552	435_659;659_749;435_749
4553	435_493;493_749;435_749
4554	188_435;188_749;435_749
4555	137_435;137_749;435_749
4556	591_622;532_591;532_622
4557	533_749;523_533;523_749
4558	532_598;308_598;308_532
4559	668_761;128_761;128_668
4560	192_645;645_668;192_668
4561	128_272;272_577;128_577
4562	128_264;264_577;128_577
4563	418_577;418_461;461_577
4564	165_461;165_426;426_461
4565	37_118;118_290;37_290
4566	15_198;87_198;15_87
4567	15_382;37_382;15_37
4568	15_241;241_697;15_697
4569	290_647;593_647;290_593
4570	15_283;87_283;15_87
4571	454_593;454_752;593_752
4572	253_640;450_640;253_450
4573	37_176;176_290;37_290
4574	118_706;290_706;118_290
4575	96_118;96_290;118_290
4576	5_118;5_290;118_290
4577	548_697;468_548;468_697
4578	647_709;593_709;593_647
4579	0_664;593_664;0_593
4580	458_535;535_615;458_615
4581	498_676;369_498;369_676
4582	253_383;383_450;253_450
4583	212_593;40_212;40_593
4584	231_582;231_752;582_752
4585	369_568;568_615;369_615
4586	307_752;307_369;369_752
4587	277_628;277_613;613_628
4588	246_593;40_246;40_593
4589	546_752;369_546;369_752
4590	527_615;527_679;615_679
4591	613_651;651_736;613_736
4592	74_424;74_145;145_424
4593	406_540;0_540;0_406
4594	450_536;536_628;450_628
4595	486_752;369_486;369_752
4596	0_449;170_449;0_170
4597	397_615;397_579;579_615
4598	215_360;215_391;360_391
4599	178_568;178_615;568_615
4600	143_752;143_369;369_752
4601	157_454;157_752;454_752
4602	391_585;585_593;391_593
4603	31_123;123_170;31_170
4604	79_313;0_313;0_79
4605	454_762;752_762;454_752
4606	396_593;40_396;40_593
4607	593_717;212_717;212_593
4608	262_593;40_262;40_593
4609	496_593;496_752;593_752
4610	593_754;40_754;40_593
4611	588_615;402_588;402_615
4612	242_508;242_424;424_508
4613	230_615;230_358;358_615
4614	170_415;415_508;170_508
4615	10_424;10_243;243_424
4616	576_615;397_576;397_615
4617	498_542;369_542;369_498
4618	184_424;184_689;424_689
4619	40_464;434_464;40_434
4620	360_459;459_593;360_593
4621	195_615;195_527;527_615
4622	689_756;360_756;360_689
4623	240_769;240_458;458_769
4624	54_689;54_360;360_689
4625	391_757;593_757;391_593
4626	360_708;593_708;360_593
4627	360_386;386_391;360_391
4628	177_360;177_593;360_593
4629	153_752;153_546;546_752
4630	145_744;360_744;145_360
4631	547_752;369_547;369_752
4632	539_593;454_539;454_593
4633	525_679;525_530;530_679
4634	351_752;351_369;369_752
4635	261_752;261_369;369_752
4636	282_752;282_369;369_752
4637	167_615;167_679;615_679
4638	25_615;25_230;230_615
4639	360_657;391_657;360_391
4640	40_469;469_769;40_769
4641	40_160;160_434;40_434
4642	80_630;80_434;434_630
4643	152_369;152_568;369_568
4644	236_752;236_615;615_752
4645	173_434;173_458;434_458
4646	480_752;307_480;307_752
4647	410_434;410_458;434_458
4648	342_535;342_615;535_615
4649	268_369;268_615;369_615
4650	312_384;312_615;384_615
