cycle_id	edges
0	0_2;1_2;0_1
1	1_3;0_3;0_1
2	0_4;1_4;0_1
3	3_5;0_5;0_3
4	0_6;2_6;0_2
5	0_7;1_7;0_1
6	0_8;1_8;0_1
7	3_9;5_9;3_5
8	0_10;4_10;0_4
9	0_11;1_11;0_1
10	4_12;1_12;1_4
11	1_13;3_13;1_3
12	4_14;1_14;1_4
13	3_15;0_15;0_3
14	3_16;5_16;3_5
15	3_17;0_17;0_3
16	0_18;7_18;0_7
17	0_19;1_19;0_1
18	2_20;1_20;1_2
19	13_21;3_21;3_13
20	13_22;3_22;3_13
21	1_23;3_23;1_3
22	3_24;5_24;3_5
23	14_25;1_25;1_14
24	1_26;3_26;1_3
25	5_27;0_27;0_5
26	1_28;3_28;1_3
27	0_29;4_29;0_4
28	0_30;2_30;0_2
29	1_31;13_31;1_13
30	6_32;2_32;2_6
31	1_33;0_33;0_1
32	7_34;1_34;1_7
33	0_35;11_35;0_11
34	1_36;28_36;1_28
35	29_37;4_37;4_29
36	3_38;24_38;3_24
37	1_39;3_39;1_3
38	3_40;0_40;0_3
39	3_41;0_41;0_3
40	3_42;5_42;3_5
41	5_43;27_43;5_27
42	0_44;1_44;0_1
43	1_45;33_45;1_33
44	13_46;3_46;3_13
45	33_47;0_47;0_33
46	0_48;1_48;0_1
47	1_49;3_49;1_3
48	0_50;1_50;0_1
49	3_51;15_51;3_15
50	1_52;3_52;1_3
51	4_53;12_53;4_12
52	1_54;0_54;0_1
53	3_55;40_55;3_40
54	1_56;49_56;1_49
55	3_57;16_57;3_16
56	1_58;26_58;1_26
57	1_59;13_59;1_13
58	1_60;45_60;1_45
59	45_61;33_61;33_45
60	13_62;21_62;13_21
61	1_63;36_63;1_36
62	3_64;0_64;0_3
63	0_65;19_65;0_19
64	0_66;44_66;0_44
65	1_67;3_67;1_3
66	1_68;28_68;1_28
67	1_69;3_69;1_3
68	1_70;23_70;1_23
69	0_71;1_71;0_1
70	23_72;3_72;3_23
71	3_73;16_73;3_16
72	1_74;36_74;1_36
73	1_75;28_75;1_28
74	3_76;42_76;3_42
75	3_77;41_77;3_41
76	1_78;3_78;1_3
77	1_79;23_79;1_23
78	3_80;5_80;3_5
79	0_81;2_81;0_2
80	0_82;2_82;0_2
81	0_83;18_83;0_18
82	1_84;36_84;1_36
83	1_85;45_85;1_45
84	1_86;74_86;1_74
85	1_87;52_87;1_52
86	1_88;79_88;1_79
87	36_89;28_89;28_36
88	15_90;0_90;0_15
89	72_91;3_91;3_72
90	3_92;15_92;3_15
91	5_93;0_93;0_5
92	0_94;65_94;0_65
93	0_95;10_95;0_10
94	0_96;44_96;0_44
95	1_97;75_97;1_75
96	1_98;45_98;1_45
97	0_99;18_99;0_18
98	44_100;1_100;1_44
99	44_101;1_101;1_44
100	1_102;70_102;1_70
101	13_103;22_103;13_22
102	16_104;5_104;5_16
103	3_105;42_105;3_42
104	0_106;71_106;0_71
105	4_107;12_107;4_12
106	1_108;13_108;1_13
107	12_109;1_109;1_12
108	1_110;45_110;1_45
109	1_111;45_111;1_45
110	3_112;5_112;3_5
111	3_113;57_113;3_57
112	45_114;61_114;45_61
113	0_115;8_115;0_8
114	1_116;79_116;1_79
115	0_117;94_117;0_94
116	0_118;94_118;0_94
117	1_119;97_119;1_97
118	1_120;36_120;1_36
119	0_121;82_121;0_82
120	3_122;80_122;3_80
121	2_123;20_123;2_20
122	45_124;61_124;45_61
123	3_125;73_125;3_73
124	20_126;1_126;1_20
125	1_127;75_127;1_75
126	3_128;51_128;3_51
127	1_129;68_129;1_68
128	1_130;36_130;1_36
129	112_131;5_131;5_112
130	27_132;0_132;0_27
131	0_133;35_133;0_35
132	1_134;36_134;1_36
133	0_135;65_135;0_65
134	15_136;0_136;0_15
135	27_137;0_137;0_27
136	27_138;0_138;0_27
137	5_139;43_139;5_43
138	65_140;19_140;19_65
139	19_141;1_141;1_19
140	1_142;56_142;1_56
141	19_143;1_143;1_19
142	1_144;79_144;1_79
143	19_145;1_145;1_19
144	0_146;95_146;0_95
145	36_147;28_147;28_36
146	1_148;116_148;1_116
147	1_149;60_149;1_60
148	5_150;0_150;0_5
149	1_151;39_151;1_39
150	1_152;52_152;1_52
151	23_153;3_153;3_23
152	3_154;73_154;3_73
153	22_155;3_155;3_22
154	16_156;104_156;16_104
155	3_157;80_157;3_80
156	0_158;118_158;0_118
157	90_159;0_159;0_90
158	0_160;81_160;0_81
159	1_161;98_161;1_98
160	3_162;128_162;3_128
161	42_163;5_163;5_42
162	0_164;121_164;0_121
163	65_165;19_165;19_65
164	1_166;26_166;1_26
165	20_167;1_167;1_20
166	1_168;110_168;1_110
167	73_169;16_169;16_73
168	1_170;45_170;1_45
169	1_171;119_171;1_119
170	33_172;47_172;33_47
171	106_173;71_173;71_106
172	99_174;18_174;18_99
173	94_175;65_175;65_94
174	104_176;5_176;5_104
175	65_177;19_177;19_65
176	1_178;110_178;1_110
177	1_179;120_179;1_120
178	28_180;3_180;3_28
179	5_181;27_181;5_27
180	3_182;92_182;3_92
181	3_183;57_183;3_57
182	3_184;51_184;3_51
183	0_185;30_185;0_30
184	3_186;157_186;3_157
185	5_187;27_187;5_27
186	16_188;5_188;5_16
187	5_25;25_27;5_27
188	0_189;133_189;0_133
189	27_190;0_190;0_27
190	106_191;173_191;106_173
191	5_192;27_192;5_27
192	1_193;52_193;1_52
193	27_194;132_194;27_132
194	0_195;118_195;0_118
195	23_196;72_196;23_72
196	3_197;80_197;3_80
197	0_198;30_198;0_30
198	0_199;146_199;0_146
199	0_200;106_200;0_106
200	12_201;1_201;1_12
201	5_202;27_202;5_27
202	5_203;192_203;5_192
203	30_204;2_204;2_30
204	10_205;4_205;4_10
205	27_206;138_206;27_138
206	1_207;97_207;1_97
207	0_208;29_208;0_29
208	1_209;79_209;1_79
209	1_210;168_210;1_168
210	0_211;65_211;0_65
211	0_212;35_212;0_35
212	2_213;20_213;2_20
213	0_214;185_214;0_185
214	1_215;151_215;1_151
215	5_216;0_216;0_5
216	1_217;193_217;1_193
217	1_218;193_218;1_193
218	2_219;123_219;2_123
219	0_220;83_220;0_83
220	33_221;47_221;33_47
221	33_222;47_222;33_47
222	126_223;1_223;1_126
223	126_224;1_224;1_126
224	3_225;42_225;3_42
225	74_226;36_226;36_74
226	0_37;37_185;0_185
227	1_227;74_227;1_74
228	3_228;182_228;3_182
229	28_229;3_229;3_28
230	1_230;56_230;1_56
231	3_231;55_231;3_55
232	1_232;178_232;1_178
233	28_233;3_233;3_28
234	3_234;57_234;3_57
235	28_235;3_235;3_28
236	0_236;71_236;0_71
237	49_237;3_237;3_49
238	0_238;37_238;0_37
239	5_239;27_239;5_27
240	5_240;93_240;5_93
241	0_241;212_241;0_212
242	0_242;208_242;0_208
243	1_243;74_243;1_74
244	1_244;149_244;1_149
245	18_245;7_245;7_18
246	0_246;189_246;0_189
247	1_247;129_247;1_129
248	208_248;29_248;29_208
249	35_249;11_249;11_35
250	27_250;138_250;27_138
251	0_251;211_251;0_211
252	0_252;211_252;0_211
253	3_253;41_253;3_41
254	1_254;210_254;1_210
255	11_255;1_255;1_11
256	83_256;18_256;18_83
257	204_257;2_257;2_204
258	0_17;17_29;0_29
259	1_258;67_258;1_67
260	227_259;74_259;74_227
261	18_260;7_260;7_18
262	1_261;3_261;1_3
263	18_262;7_262;7_18
264	0_263;82_263;0_82
265	74_264;226_264;74_226
266	1_265;86_265;1_86
267	220_266;83_266;83_220
268	7_267;34_267;7_34
269	18_268;7_268;7_18
270	2_269;1_269;1_2
271	18_270;7_270;7_18
272	163_271;5_271;5_163
273	201_272;1_272;1_201
274	1_273;68_273;1_68
275	28_274;3_274;3_28
276	1_275;209_275;1_209
277	1_276;179_276;1_179
278	34_277;1_277;1_34
279	15_278;0_278;0_15
280	3_279;51_279;3_51
281	1_280;209_280;1_209
282	147_281;28_281;28_147
283	28_282;3_282;3_28
284	144_283;79_283;79_144
285	123_284;20_284;20_123
286	3_285;41_285;3_41
287	15_286;90_286;15_90
288	15_287;0_287;0_15
289	3_288;57_288;3_57
290	5_289;93_289;5_93
291	62_80;5_62;5_80
292	3_21;21_57;3_57
293	51_290;15_290;15_51
294	198_291;30_291;30_198
295	80_292;5_292;5_80
296	79_293;23_293;23_79
297	0_294;10_294;0_10
298	5_295;0_295;0_5
299	15_296;0_296;0_15
300	0_297;146_297;0_146
301	220_298;83_298;83_220
302	5_299;289_299;5_289
303	5_300;93_300;5_93
304	5_301;27_301;5_27
305	136_302;0_302;0_136
306	51_303;290_303;51_290
307	251_304;211_304;211_251
308	27_305;138_305;27_138
309	3_306;225_306;3_225
310	4_307;53_307;4_53
311	92_308;15_308;15_92
312	27_309;0_309;0_27
313	24_310;5_310;5_24
314	27_311;132_311;27_132
315	5_312;93_312;5_93
316	5_313;192_313;5_192
317	0_314;246_314;0_246
318	18_315;268_315;18_268
319	1_316;142_316;1_142
320	0_317;220_317;0_220
321	182_318;92_318;92_182
322	0_319;35_319;0_35
323	0_320;212_320;0_212
324	5_321;289_321;5_289
325	27_322;132_322;27_132
326	53_323;12_323;12_53
327	5_324;0_324;0_5
328	92_325;15_325;15_92
329	15_326;136_326;15_136
330	1_327;49_327;1_49
331	3_328;38_328;3_38
332	15_329;286_329;15_286
333	83_330;18_330;18_83
334	138_331;0_331;0_138
335	0_332;198_332;0_198
336	0_333;236_333;0_236
337	18_334;7_334;7_18
338	90_335;0_335;0_90
339	0_336;37_336;0_37
340	49_337;3_337;3_49
341	90_338;0_338;0_90
342	90_339;0_339;0_90
343	0_340;263_340;0_263
344	0_341;251_341;0_251
345	0_342;115_342;0_115
346	0_343;297_343;0_297
347	263_344;82_344;82_263
348	16_345;156_345;16_156
349	337_346;3_346;3_337
350	57_347;16_347;16_57
351	301_348;27_348;27_301
352	297_349;146_349;146_297
353	1_63;63_217;1_217
354	66_182;66_92;92_182
355	0_32;32_220;0_220
356	28_101;101_233;28_233
357	3_350;285_350;3_285
358	3_351;38_351;3_38
359	38_352;24_352;24_38
360	80_100;5_100;5_80
361	12_353;201_353;12_201
362	98_354;45_354;45_98
363	3_355;38_355;3_38
364	3_356;80_356;3_80
365	1_357;209_357;1_209
366	45_89;61_89;45_61
367	61_358;33_358;33_61
368	33_359;47_359;33_47
369	33_360;172_360;33_172
370	95_361;10_361;10_95
371	0_362;263_362;0_263
372	45_131;33_131;33_45
373	45_363;114_363;45_114
374	45_364;33_364;33_45
375	45_365;114_365;45_114
376	45_366;61_366;45_61
377	91_114;61_91;61_114
378	114_367;61_367;61_114
379	291_368;30_368;30_291
380	30_369;2_369;2_30
381	5_370;239_370;5_239
382	28_371;180_371;28_180
383	47_372;0_372;0_47
384	28_373;282_373;28_282
385	2_374;20_374;2_20
386	224_375;1_375;1_224
387	0_376;198_376;0_198
388	0_377;208_377;0_208
389	1_378;273_378;1_273
390	235_379;3_379;3_235
391	1_380;13_380;1_13
392	0_381;332_381;0_332
393	1_109;49_109;1_49
394	0_382;199_382;0_199
395	186_383;157_383;157_186
396	35_384;249_384;35_249
397	79_385;23_385;23_79
398	249_386;11_386;11_249
399	49_387;337_387;49_337
400	2_388;1_388;1_2
401	2_389;374_389;2_374
402	2_390;20_390;2_20
403	3_391;350_391;3_350
404	28_392;235_392;28_235
405	1_393;98_393;1_98
406	146_394;95_394;95_146
407	98_395;45_395;45_98
408	20_396;1_396;1_20
409	3_397;186_397;3_186
410	80_398;5_398;5_80
411	3_399;183_399;3_183
412	0_400;319_400;0_319
413	3_401;355_401;3_355
414	198_402;30_402;30_198
415	52_403;3_403;3_52
416	3_143;143_356;3_356
417	3_404;228_404;3_228
418	30_405;2_405;2_30
419	54_355;38_54;38_355
420	355_406;38_406;38_355
421	2_407;20_407;2_20
422	156_408;104_408;104_156
423	1_175;70_175;1_70
424	24_409;310_409;24_310
425	23_410;72_410;23_72
426	3_411;182_411;3_182
427	0_26;26_332;0_332
428	0_412;50_412;0_50
429	0_413;2_413;0_2
430	2_414;388_414;2_388
431	20_174;126_174;20_126
432	137_388;1_137;1_388
433	193_415;52_415;52_193
434	49_416;337_416;49_337
435	3_417;186_417;3_186
436	52_418;3_418;3_52
437	3_46;46_143;3_143
438	139_362;139_263;263_362
439	128_136;128_302;136_302
440	5_117;117_181;5_181
441	2_122;20_122;2_20
442	100_419;5_419;5_100
443	15_420;136_420;15_136
444	384_421;249_421;249_384
445	1_422;63_422;1_63
446	104_127;127_176;104_176
447	1_44;13_44;1_13
448	63_423;217_423;63_217
449	5_424;150_424;5_150
450	130_338;0_130;0_338
451	0_425;50_425;0_50
452	27_426;305_426;27_305
453	0_427;314_427;0_314
454	1_124;108_124;1_108
455	71_148;1_148;1_71
456	88_138;88_331;138_331
457	5_158;93_158;5_93
458	0_64;64_71;0_71
459	0_271;50_271;0_50
460	0_154;154_200;0_200
461	27_152;152_305;27_305
462	27_428;305_428;27_305
463	177_305;138_177;138_305
464	138_151;0_151;0_138
465	3_140;51_140;3_51
466	397_429;186_429;186_397
467	3_430;397_430;3_397
468	191_374;20_191;20_374
469	2_205;122_205;2_122
470	1_277;277_422;1_422
471	20_145;1_145;1_20
472	1_135;84_135;1_84
473	27_162;162_250;27_250
474	30_60;60_405;30_405
475	5_75;75_117;5_117
476	198_267;30_267;30_198
477	20_43;1_43;1_20
478	30_58;58_369;30_369
479	1_194;70_194;1_70
480	1_14;14_84;1_84
481	1_259;13_259;1_13
482	1_166;70_166;1_70
483	77_369;2_77;2_369
484	1_283;175_283;1_175
485	203_219;123_203;123_219
486	165_219;123_165;123_219
487	36_94;94_147;36_147
488	48_217;48_193;193_217
489	28_270;180_270;28_180
490	181_262;27_262;27_181
491	5_268;0_268;0_5
492	145_221;1_221;1_145
493	3_171;105_171;3_105
494	3_107;107_288;3_288
495	3_248;105_248;3_105
496	3_96;96_125;3_125
497	3_119;105_119;3_105
498	3_170;46_170;3_46
499	3_431;186_431;3_186
500	3_432;51_432;3_51
501	399_433;183_433;183_399
502	180_434;3_434;3_180
503	3_435;186_435;3_186
504	3_334;186_334;3_186
505	3_436;186_436;3_186
506	0_437;412_437;0_412
507	157_438;80_438;80_157
508	246_439;189_439;189_246
509	310_440;5_440;5_310
510	3_330;125_330;3_125
511	80_441;100_441;80_100
512	0_442;314_442;0_314
513	5_111;111_424;5_424
514	125_266;73_266;73_125
515	186_264;264_383;186_383
516	13_34;22_34;13_22
517	176_260;5_260;5_176
518	1_443;70_443;1_70
519	5_444;181_444;5_181
520	5_445;0_445;0_5
521	219_446;123_446;123_219
522	1_447;84_447;1_84
523	82_448;2_448;2_82
524	80_449;62_449;62_80
525	132_450;0_450;0_132
526	2_163;163_374;2_374
527	295_451;0_451;0_295
528	0_452;26_452;0_26
529	36_453;147_453;36_147
530	0_454;32_454;0_32
531	245_376;198_245;198_376
532	147_237;28_237;28_147
533	122_455;20_455;20_122
534	219_456;123_456;123_219
535	246_457;189_457;189_246
536	2_458;374_458;2_374
537	156_459;408_459;156_408
538	117_460;181_460;117_181
539	27_461;322_461;27_322
540	2_462;122_462;2_122
541	181_303;262_303;181_262
542	78_246;78_439;246_439
543	123_463;20_463;20_123
544	374_464;20_464;20_374
545	246_465;189_465;189_246
546	374_466;20_466;20_374
547	145_467;1_467;1_145
548	20_468;1_468;1_20
549	28_469;233_469;28_233
550	375_470;1_470;1_375
551	383_471;157_471;157_383
552	50_472;1_472;1_50
553	145_473;1_473;1_145
554	198_474;402_474;198_402
555	371_475;180_475;180_371
556	126_476;224_476;126_224
557	1_477;85_477;1_85
558	1_478;261_478;1_261
559	309_479;0_479;0_309
560	52_480;418_480;52_418
561	28_481;180_481;28_180
562	1_482;261_482;1_261
563	52_483;403_483;52_403
564	1_484;277_484;1_277
565	1_485;124_485;1_124
566	20_486;126_486;20_126
567	28_487;180_487;28_180
568	3_488;399_488;3_399
569	322_489;132_489;132_322
570	1_490;166_490;1_166
571	1_491;52_491;1_52
572	3_492;119_492;3_119
573	70_493;23_493;23_70
574	193_494;52_494;52_193
575	277_495;422_495;277_422
576	403_496;3_496;3_403
577	103_497;22_497;22_103
578	402_498;30_498;30_402
579	84_499;36_499;36_84
580	193_500;52_500;52_193
581	1_501;28_501;1_28
582	1_502;67_502;1_67
583	1_503;3_503;1_3
584	138_504;331_504;138_331
585	3_505;234_505;3_234
586	70_506;23_506;23_70
587	1_507;63_507;1_63
588	3_508;183_508;3_183
589	186_509;383_509;186_383
590	3_284;284_399;3_399
591	37_510;185_510;37_185
592	1_511;316_511;1_316
593	422_512;63_512;63_422
594	3_223;96_223;3_96
595	100_153;5_153;5_100
596	105_513;42_513;42_105
597	1_514;275_514;1_275
598	100_515;5_515;5_100
599	209_293;79_293;79_209
600	18_192;7_192;7_18
601	3_516;170_516;3_170
602	217_517;193_517;193_217
603	197_518;80_518;80_197
604	80_519;5_519;5_80
605	193_520;52_520;52_193
606	45_521;61_521;45_61
607	92_522;308_522;92_308
608	193_523;52_523;52_193
609	217_524;193_524;193_217
610	193_525;52_525;52_193
611	28_339;282_339;28_282
612	1_335;124_335;1_124
613	1_290;166_290;1_166
614	52_214;214_418;52_418
615	1_159;159_175;1_175
616	93_526;0_526;0_93
617	15_527;287_527;15_287
618	0_528;319_528;0_319
619	13_529;22_529;13_22
620	175_530;70_530;70_175
621	22_531;155_531;22_155
622	1_532;70_532;1_70
623	1_533;283_533;1_283
624	0_534;437_534;0_437
625	23_535;72_535;23_72
626	0_536;263_536;0_263
627	472_537;1_537;1_472
628	1_538;482_538;1_482
629	256_314;246_256;246_314
630	3_539;157_539;3_157
631	3_540;399_540;3_399
632	3_541;80_541;3_80
633	314_542;246_542;246_314
634	314_543;246_543;246_314
635	387_544;337_544;337_387
636	3_545;186_545;3_186
637	0_546;26_546;0_26
638	72_547;3_547;3_72
639	52_548;483_548;52_483
640	0_549;271_549;0_271
641	3_550;248_550;3_248
642	516_551;170_551;170_516
643	11_552;1_552;1_11
644	1_553;70_553;1_70
645	45_554;114_554;45_114
646	1_167;167_168;1_168
647	1_555;13_555;1_13
648	33_296;0_296;0_33
649	292_367;61_292;61_367
650	0_556;320_556;0_320
651	4_557;53_557;4_53
652	20_558;1_558;1_20
653	20_559;43_559;20_43
654	367_560;61_560;61_367
655	13_561;34_561;13_34
656	172_562;47_562;47_172
657	172_563;47_563;47_172
658	349_422;63_349;63_422
659	61_178;33_178;33_61
660	22_564;3_564;3_22
661	1_274;193_274;1_193
662	35_272;11_272;11_35
663	28_565;233_565;28_233
664	1_566;70_566;1_70
665	1_567;166_567;1_166
666	512_568;63_568;63_512
667	33_569;172_569;33_172
668	155_570;3_570;3_155
669	0_571;65_571;0_65
670	172_572;47_572;47_172
671	0_573;314_573;0_314
672	175_574;70_574;70_175
673	172_575;47_575;47_172
674	0_576;271_576;0_271
675	180_577;3_577;3_180
676	172_578;47_578;47_172
677	11_579;1_579;1_11
678	1_311;179_311;1_179
679	11_580;255_580;11_255
680	3_581;51_581;3_51
681	84_348;36_348;36_84
682	84_113;36_113;36_84
683	50_582;472_582;50_472
684	0_583;333_583;0_333
685	314_584;246_584;246_314
686	0_585;64_585;0_64
687	72_586;547_586;72_547
688	0_587;437_587;0_437
689	11_588;255_588;11_255
690	314_589;256_589;256_314
691	50_590;472_590;50_472
692	149_509;149_383;383_509
693	1_591;86_591;1_86
694	19_592;141_592;19_141
695	547_593;3_593;3_547
696	28_594;180_594;28_180
697	219_595;165_595;165_219
698	550_596;248_596;248_550
699	3_597;435_597;3_435
700	3_598;157_598;3_157
701	3_599;157_599;3_157
702	189_600;133_600;133_189
703	0_601;241_601;0_241
704	3_602;285_602;3_285
705	3_603;516_603;3_516
706	3_604;550_604;3_550
707	228_605;182_605;182_228
708	3_606;119_606;3_119
709	3_607;492_607;3_492
710	1_608;135_608;1_135
711	133_213;35_213;35_133
712	157_609;80_609;80_157
713	246_610;78_610;78_246
714	63_611;423_611;63_423
715	157_612;80_612;80_157
716	63_613;423_613;63_423
717	263_614;82_614;82_263
718	79_615;23_615;23_79
719	79_616;23_616;23_79
720	1_617;167_617;1_167
721	438_618;80_618;80_438
722	438_619;80_619;80_438
723	3_620;228_620;3_228
724	3_621;516_621;3_516
725	300_561;34_300;34_561
726	3_299;299_508;3_508
727	170_307;46_307;46_170
728	257_441;100_257;100_441
729	11_160;1_160;1_11
730	100_252;5_252;5_100
731	243_441;100_243;100_441
732	0_17;17_251;0_251
733	52_622;214_622;52_214
734	72_623;547_623;72_547
735	1_624;447_624;1_447
736	301_312;27_312;27_301
737	0_321;319_321;0_319
738	46_265;143_265;46_143
739	5_258;27_258;5_27
740	143_232;232_356;143_356
741	143_215;215_356;143_356
742	82_118;2_118;2_82
743	82_625;2_625;2_82
744	82_626;2_626;2_82
745	3_294;171_294;3_171
746	41_298;0_298;0_41
747	2_280;269_280;2_269
748	412_627;50_627;50_412
749	66_441;66_100;100_441
750	0_628;571_628;0_571
751	171_629;105_629;105_171
752	27_354;354_428;27_428
753	35_353;11_353;11_35
754	93_112;0_112;0_93
755	9_13;9_529;13_529
756	0_242;242_263;0_263
757	0_630;238_630;0_238
758	143_631;215_631;143_215
759	5_317;317_424;5_424
760	50_201;1_201;1_50
761	141_632;1_632;1_141
762	141_633;1_633;1_141
763	50_634;1_634;1_50
764	50_635;590_635;50_590
765	5_636;239_636;5_239
766	5_637;150_637;5_150
767	0_638;528_638;0_528
768	50_639;1_639;1_50
769	279_590;279_472;472_590
770	0_640;576_640;0_576
771	184_472;1_184;1_472
772	472_641;1_641;1_472
773	0_642;573_642;0_573
774	601_643;241_643;241_601
775	132_336;0_336;0_132
776	1_39;39_514;1_514
777	138_379;0_379;0_138
778	244_504;244_331;331_504
779	6_70;6_493;70_493
780	65_254;19_254;19_65
781	0_644;528_644;0_528
782	1_342;274_342;1_274
783	70_645;23_645;23_70
784	212_646;35_646;35_212
785	50_647;582_647;50_582
786	1_648;86_648;1_86
787	49_649;387_649;49_387
788	3_650;253_650;3_253
789	3_651;606_651;3_606
790	28_652;180_652;28_180
791	133_653;35_653;35_133
792	434_654;3_654;3_434
793	202_435;186_202;186_435
794	180_655;434_655;180_434
795	46_656;143_656;46_143
796	35_657;11_657;11_35
797	3_658;604_658;3_604
798	35_659;384_659;35_384
799	11_660;160_660;11_160
800	3_661;597_661;3_597
801	180_662;434_662;180_434
802	143_406;356_406;143_356
803	54_61;33_54;33_61
804	25_46;25_143;46_143
805	143_663;215_663;143_215
806	255_664;1_664;1_255
807	0_69;69_630;0_630
808	0_665;189_665;0_189
809	367_666;61_666;61_367
810	209_667;79_667;79_209
811	11_668;660_668;11_660
812	16_669;188_669;16_188
813	21_61;21_178;61_178
814	50_670;582_670;50_582
815	80_671;441_671;80_441
816	80_672;100_672;80_100
817	156_673;408_673;156_408
818	156_674;408_674;156_408
819	33_395;296_395;33_296
820	5_139;139_295;5_295
821	482_675;261_675;261_482
822	5_676;240_676;5_240
823	80_677;62_677;62_80
824	519_678;5_678;5_519
825	27_679;162_679;27_162
826	33_680;0_680;0_33
827	104_681;176_681;104_176
828	33_682;0_682;0_33
829	93_683;526_683;93_526
830	0_684;195_684;0_195
831	11_685;588_685;11_588
832	0_686;212_686;0_212
833	33_687;296_687;33_296
834	296_328;0_328;0_296
835	62_688;5_688;5_62
836	35_689;272_689;35_272
837	261_690;3_690;3_261
838	72_691;623_691;72_623
839	62_692;5_692;5_62
840	0_693;64_693;0_64
841	211_694;65_694;65_211
842	36_695;28_695;28_36
843	563_696;47_696;47_563
844	5_89;89_445;5_445
845	1_697;209_697;1_209
846	3_698;650_698;3_650
847	1_699;503_699;1_503
848	3_700;658_700;3_658
849	0_40;40_251;0_251
850	331_701;0_701;0_331
851	0_702;314_702;0_314
852	141_703;1_703;1_141
853	383_704;157_704;157_383
854	183_705;57_705;57_183
855	1_706;109_706;1_109
856	644_707;528_707;528_644
857	3_708;606_708;3_606
858	147_709;237_709;147_237
859	0_710;65_710;0_65
860	3_711;651_711;3_651
861	27_712;428_712;27_428
862	489_713;132_713;132_489
863	0_714;427_714;0_427
864	1_715;74_715;1_74
865	644_716;528_716;528_644
866	27_717;428_717;27_428
867	22_358;358_564;22_564
868	70_91;91_506;70_506
869	42_718;5_718;5_42
870	57_719;16_719;16_57
871	0_359;359_534;0_534
872	74_352;226_352;74_226
873	3_720;621_720;3_621
874	3_721;288_721;3_288
875	135_722;84_722;84_135
876	297_305;177_297;177_305
877	35_723;384_723;35_384
878	186_724;383_724;186_383
879	62_725;688_725;62_688
880	35_726;11_726;11_35
881	3_727;436_727;3_436
882	22_728;155_728;22_155
883	1_729;532_729;1_532
884	61_730;178_730;61_178
885	110_731;45_731;45_110
886	62_732;688_732;62_688
887	5_733;637_733;5_637
888	3_734;602_734;3_602
889	119_735;105_735;105_119
890	28_736;282_736;28_282
891	36_737;147_737;36_147
892	0_738;601_738;0_601
893	28_739;487_739;28_487
894	28_740;594_740;28_594
895	45_741;554_741;45_554
896	177_742;138_742;138_177
897	269_743;1_743;1_269
898	637_744;150_744;150_637
899	1_745;422_745;1_422
900	186_746;509_746;186_509
901	105_747;513_747;105_513
902	347_748;16_748;16_347
903	695_749;28_749;28_695
904	695_750;28_750;28_695
905	1_751;74_751;1_74
906	5_752;444_752;5_444
907	170_753;307_753;170_307
908	28_754;180_754;28_180
909	1_755;97_755;1_97
910	1_756;342_756;1_342
911	372_554;114_372;114_554
912	35_757;689_757;35_689
913	105_758;42_758;42_105
914	3_759;661_759;3_661
915	1_760;31_760;1_31
916	639_761;1_761;1_639
917	16_762;156_762;16_156
918	409_481;180_409;180_481
919	28_315;180_315;28_180
920	3_129;55_129;3_55
921	28_763;652_763;28_652
922	46_764;143_764;46_143
923	28_366;366_740;28_740
924	28_365;365_594;28_594
925	3_161;161_602;3_602
926	23_364;72_364;23_72
927	5_131;131_240;5_240
928	157_765;438_765;157_438
929	412_766;627_766;412_627
930	23_767;72_767;23_72
931	5_768;676_768;5_676
932	3_769;700_769;3_700
933	356_770;80_770;80_356
934	80_771;62_771;62_80
935	5_772;239_772;5_239
936	434_773;654_773;434_654
937	3_774;720_774;3_720
938	356_775;80_775;80_356
939	80_776;5_776;5_80
940	5_777;258_777;5_258
941	625_778;2_778;2_625
942	70_779;506_779;70_506
943	80_780;519_780;80_519
944	80_781;519_781;80_519
945	356_782;80_782;80_356
946	434_783;654_783;434_654
947	239_784;27_784;27_239
948	356_785;80_785;80_356
949	434_786;3_786;3_434
950	356_787;80_787;80_356
951	100_326;5_326;5_100
952	76_80;76_519;80_519
953	0_788;69_788;0_69
954	80_789;100_789;80_100
955	434_790;3_790;3_434
956	80_791;5_791;5_80
957	80_792;5_792;5_80
958	3_793;550_793;3_550
959	434_794;3_794;3_434
960	434_795;654_795;434_654
961	720_796;621_796;621_720
962	80_797;519_797;80_519
963	210_269;1_210;1_269
964	445_798;0_798;0_445
965	3_799;727_799;3_727
966	3_800;708_800;3_708
967	5_801;187_801;5_187
968	3_802;539_802;3_539
969	138_803;504_803;138_504
970	138_804;0_804;0_138
971	1_805;566_805;1_566
972	5_806;93_806;5_93
973	0_807;263_807;0_263
974	5_808;150_808;5_150
975	138_809;331_809;138_331
976	1_810;175_810;1_175
977	150_811;0_811;0_150
978	5_812;117_812;5_117
979	204_251;204_211;211_251
980	0_813;710_813;0_710
981	658_814;604_814;604_658
982	287_815;0_815;0_287
983	5_222;187_222;5_187
984	80_816;62_816;62_80
985	177_817;138_817;138_177
986	5_818;0_818;0_5
987	105_819;513_819;105_513
988	177_820;138_820;138_177
989	5_821;445_821;5_445
990	5_822;295_822;5_295
991	105_823;513_823;105_513
992	0_824;251_824;0_251
993	181_825;27_825;27_181
994	105_826;513_826;105_513
995	189_827;133_827;133_189
996	138_828;151_828;138_151
997	105_829;513_829;105_513
998	317_830;424_830;317_424
999	105_831;42_831;42_105
1000	5_832;301_832;5_301
1001	138_833;331_833;138_331
1002	105_834;42_834;42_105
1003	701_835;0_835;0_701
1004	105_836;42_836;42_105
1005	0_837;644_837;0_644
1006	0_838;341_838;0_341
1007	0_839;640_839;0_640
1008	0_840;314_840;0_314
1009	27_841;428_841;27_428
1010	0_842;702_842;0_702
1011	0_843;807_843;0_807
1012	356_844;785_844;356_785
1013	331_845;0_845;0_331
1014	331_846;701_846;331_701
1015	0_847;133_847;0_133
1016	262_848;27_848;27_262
1017	62_849;732_849;62_732
1018	0_144;144_164;0_164
1019	5_850;313_850;5_313
1020	758_851;42_851;42_758
1021	248_852;105_852;105_248
1022	424_853;150_853;150_424
1023	0_854;251_854;0_251
1024	248_855;105_855;105_248
1025	80_856;519_856;80_519
1026	151_857;0_857;0_151
1027	356_858;80_858;80_356
1028	701_859;835_859;701_835
1029	701_860;0_860;0_701
1030	42_861;5_861;5_42
1031	0_862;628_862;0_628
1032	42_863;718_863;42_718
1033	428_864;305_864;305_428
1034	528_865;319_865;319_528
1035	428_866;305_866;305_428
1036	396_444;181_396;181_444
1037	11_867;255_867;11_255
1038	35_868;11_868;11_35
1039	305_869;177_869;177_305
1040	628_870;571_870;571_628
1041	80_871;449_871;80_449
1042	5_872;445_872;5_445
1043	80_873;100_873;80_100
1044	65_874;19_874;19_65
1045	138_875;0_875;0_138
1046	1_876;74_876;1_74
1047	11_877;1_877;1_11
1048	571_878;65_878;65_571
1049	384_879;249_879;249_384
1050	100_880;5_880;5_100
1051	305_881;297_881;297_305
1052	65_882;19_882;19_65
1053	27_883;461_883;27_461
1054	65_884;19_884;19_65
1055	65_885;19_885;19_65
1056	0_886;839_886;0_839
1057	322_887;132_887;132_322
1058	65_888;874_888;65_874
1059	1_889;745_889;1_745
1060	386_890;11_890;11_386
1061	3_891;602_891;3_602
1062	386_892;11_892;11_386
1063	138_390;151_390;138_151
1064	138_893;0_893;0_138
1065	1_894;13_894;1_13
1066	1_895;715_895;1_715
1067	679_896;162_896;162_679
1068	11_897;1_897;1_11
1069	141_898;633_898;141_633
1070	177_899;820_899;177_820
1071	11_410;1_410;1_11
1072	141_392;392_632;141_632
1073	13_29;22_29;13_22
1074	42_900;5_900;5_42
1075	19_901;592_901;19_592
1076	82_902;118_902;82_118
1077	13_903;529_903;13_529
1078	2_904;280_904;2_280
1079	2_905;462_905;2_462
1080	662_906;434_906;434_662
1081	331_907;701_907;331_701
1082	325_701;0_325;0_701
1083	115_529;22_115;22_529
1084	529_908;22_908;22_529
1085	65_909;254_909;65_254
1086	65_910;884_910;65_884
1087	23_911;535_911;23_535
1088	22_912;155_912;22_155
1089	23_913;767_913;23_767
1090	874_914;19_914;19_874
1091	3_915;488_915;3_488
1092	23_916;767_916;23_767
1093	0_227;227_585;0_585
1094	23_917;767_917;23_767
1095	1_918;624_918;1_624
1096	1_919;327_919;1_327
1097	22_68;68_155;22_155
1098	208_901;208_592;592_901
1099	72_134;134_547;72_547
1100	36_920;695_920;36_695
1101	28_921;180_921;28_180
1102	28_922;180_922;28_180
1103	3_207;207_708;3_708
1104	3_102;102_650;3_650
1105	3_923;119_923;3_119
1106	3_924;401_924;3_401
1107	3_925;708_925;3_708
1108	3_377;223_377;3_223
1109	247_708;247_606;606_708
1110	87_603;87_516;516_603
1111	3_357;357_488;3_488
1112	606_926;119_926;119_606
1113	41_927;0_927;0_41
1114	3_928;234_928;3_234
1115	388_929;1_929;1_388
1116	0_324;324_693;0_693
1117	3_273;273_431;3_431
1118	550_930;248_930;248_550
1119	0_235;235_251;0_251
1120	307_931;46_931;46_307
1121	57_420;16_420;16_57
1122	41_932;0_932;0_41
1123	105_933;42_933;42_105
1124	105_934;747_934;105_747
1125	383_935;471_935;383_471
1126	0_385;385_601;0_601
1127	0_936;601_936;0_601
1128	42_127;127_718;42_718
1129	84_937;36_937;36_84
1130	3_938;334_938;3_334
1131	42_939;718_939;42_718
1132	513_940;42_940;42_513
1133	656_941;143_941;143_656
1134	1_351;351_889;1_889
1135	42_329;5_329;5_42
1136	42_99;99_718;42_718
1137	1_942;484_942;1_484
1138	0_943;638_943;0_638
1139	816_944;62_944;62_816
1140	42_945;718_945;42_718
1141	287_946;0_946;0_287
1142	718_947;5_947;5_718
1143	239_948;27_948;27_239
1144	0_949;714_949;0_714
1145	0_950;26_950;0_26
1146	5_951;733_951;5_733
1147	0_952;40_952;0_40
1148	420_953;16_953;16_420
1149	5_954;752_954;5_752
1150	314_955;246_955;246_314
1151	80_956;671_956;80_671
1152	5_957;295_957;5_295
1153	16_958;188_958;16_188
1154	5_959;850_959;5_850
1155	0_960;314_960;0_314
1156	84_116;36_116;36_84
1157	5_961;818_961;5_818
1158	462_962;122_962;122_462
1159	710_963;65_963;65_710
1160	222_964;187_964;187_222
1161	5_965;832_965;5_832
1162	156_966;459_966;156_459
1163	319_967;35_967;35_319
1164	19_968;592_968;19_592
1165	704_969;157_969;157_704
1166	0_970;32_970;0_32
1167	189_971;133_971;133_189
1168	35_419;419_726;35_726
1169	5_972;850_972;5_850
1170	592_973;141_973;141_592
1171	198_974;402_974;198_402
1172	692_975;5_975;5_692
1173	0_976;839_976;0_839
1174	157_977;612_977;157_612
1175	181_978;262_978;181_262
1176	181_979;262_979;181_262
1177	181_980;825_980;181_825
1178	5_981;959_981;5_959
1179	27_340;138_340;27_138
1180	11_411;255_411;11_255
1181	231_738;231_601;601_738
1182	262_982;27_982;27_262
1183	5_983;222_983;5_222
1184	1_984;218_984;1_218
1185	135_421;84_421;84_135
1186	2_985;1_985;1_2
1187	0_986;738_986;0_738
1188	219_987;203_987;203_219
1189	65_370;254_370;65_254
1190	428_988;305_988;305_428
1191	439_989;189_989;189_439
1192	177_990;820_990;177_820
1193	255_991;1_991;1_255
1194	255_992;1_992;1_255
1195	0_286;286_854;0_854
1196	84_993;36_993;36_84
1197	1_994;484_994;1_484
1198	148_694;65_148;65_694
1199	1_995;699_995;1_699
1200	19_996;592_996;19_592
1201	726_997;11_997;11_726
1202	646_998;35_998;35_646
1203	1_999;110_999;1_110
1204	27_1000;712_1000;27_712
1205	528_1001;319_1001;319_528
1206	19_1002;141_1002;19_141
1207	874_1003;19_1003;19_874
1208	909_1004;254_1004;254_909
1209	909_1005;254_1005;254_909
1210	1_1006;894_1006;1_894
1211	254_1007;19_1007;19_254
1212	319_1008;35_1008;35_319
1213	630_1009;238_1009;238_630
1214	3_1010;602_1010;3_602
1215	1_1011;167_1011;1_167
1216	901_1012;208_1012;208_901
1217	1_1013;555_1013;1_555
1218	1_1014;33_1014;1_33
1219	35_1015;868_1015;35_868
1220	35_1016;868_1016;35_868
1221	35_1017;757_1017;35_757
1222	35_1018;419_1018;35_419
1223	422_1019;349_1019;349_422
1224	19_1020;592_1020;19_592
1225	19_1021;901_1021;19_901
1226	1_1022;942_1022;1_942
1227	249_1023;11_1023;11_249
1228	11_1024;867_1024;11_867
1229	1_1025;1006_1025;1_1006
1230	1_1026;52_1026;1_52
1231	1_1027;275_1027;1_275
1232	592_1028;141_1028;141_592
1233	592_1029;141_1029;141_592
1234	11_1030;685_1030;11_685
1235	45_88;88_363;45_363
1236	11_1031;897_1031;11_897
1237	378_465;189_378;189_465
1238	1_1032;342_1032;1_342
1239	528_1033;319_1033;319_528
1240	528_1034;319_1034;319_528
1241	234_1035;57_1035;57_234
1242	86_1036;74_1036;74_86
1243	602_1037;285_1037;285_602
1244	193_1038;523_1038;193_523
1245	11_1039;685_1039;11_685
1246	369_1040;2_1040;2_369
1247	897_1041;1_1041;1_897
1248	369_1042;2_1042;2_369
1249	2_1043;414_1043;2_414
1250	74_1044;226_1044;74_226
1251	346_1045;3_1045;3_346
1252	52_1046;483_1046;52_483
1253	633_1047;1_1047;1_633
1254	52_1048;483_1048;52_483
1255	383_1049;471_1049;383_471
1256	35_473;272_473;35_272
1257	285_470;41_470;41_285
1258	35_190;190_419;35_419
1259	133_467;213_467;133_213
1260	1_440;440_919;1_919
1261	1_1050;995_1050;1_995
1262	574_1051;70_1051;70_574
1263	11_1052;160_1052;11_160
1264	1_464;464_760;1_760
1265	105_362;362_758;105_758
1266	70_302;302_779;70_779
1267	3_221;221_938;3_938
1268	3_130;130_603;3_603
1269	128_383;128_157;157_383
1270	245_718;5_245;5_718
1271	139_1053;295_1053;139_295
1272	471_557;157_557;157_471
1273	187_191;27_191;27_187
1274	80_433;433_771;80_771
1275	251_361;204_361;204_251
1276	4_188;4_5;5_188
1277	5_368;368_951;5_951
1278	160_476;1_476;1_160
1279	3_450;450_769;3_769
1280	1_344;344_745;1_745
1281	77_334;77_186;186_334
1282	293_416;293_337;337_416
1283	186_224;224_724;186_724
1284	3_480;480_923;3_923
1285	500_618;80_500;80_618
1286	27_551;426_551;27_426
1287	5_418;418_832;5_832
1288	48_426;48_305;305_426
1289	322_611;489_611;322_489
1290	138_270;270_833;138_833
1291	126_297;126_177;177_297
1292	297_559;177_559;177_297
1293	246_456;456_465;246_465
1294	177_495;495_742;177_742
1295	339_461;322_339;322_461
1296	584_713;132_584;132_713
1297	322_569;489_569;322_489
1298	622_998;35_622;35_998
1299	35_586;586_657;35_657
1300	35_577;577_586;35_586
1301	203_374;123_374;123_203
1302	74_485;226_485;74_226
1303	110_478;45_478;45_110
1304	35_619;586_619;35_586
1305	1_505;505_745;1_745
1306	43_66;1_66;1_43
1307	1_675;553_675;1_553
1308	35_796;657_796;35_657
1309	35_284;284_586;35_586
1310	35_236;236_272;35_272
1311	36_696;94_696;36_94
1312	561_586;561_657;586_657
1313	11_626;160_626;11_160
1314	11_562;411_562;11_411
1315	159_877;1_159;1_877
1316	72_442;3_442;3_72
1317	72_600;3_600;3_72
1318	1_477;342_477;1_342
1319	338_897;1_338;1_897
1320	3_214;214_581;3_581
1321	165_547;165_593;547_593
1322	1_579;553_579;1_553
1323	0_454;263_454;0_263
1324	1_580;580_1014;1_1014
1325	1_575;31_575;1_31
1326	60_547;3_60;3_547
1327	119_543;543_735;119_735
1328	119_496;496_735;119_735
1329	3_452;450_452;3_450
1330	119_184;184_735;119_735
1331	3_870;130_870;3_130
1332	13_674;529_674;13_529
1333	3_673;355_673;3_355
1334	3_578;355_578;3_355
1335	3_690;602_690;3_602
1336	36_549;549_920;36_920
1337	325_614;82_325;82_614
1338	65_878;878_884;65_884
1339	186_537;224_537;186_224
1340	285_761;470_761;285_470
1341	371_468;180_468;180_371
1342	0_716;65_716;0_65
1343	314_641;589_641;314_589
1344	259_709;237_259;237_709
1345	28_196;196_371;28_371
1346	3_398;398_606;3_606
1347	180_432;432_434;180_434
1348	382_465;189_382;189_465
1349	371_634;180_634;180_371
1350	490_589;256_490;256_589
1351	28_179;179_371;28_371
1352	371_582;180_582;180_371
1353	256_629;246_629;246_256
1354	371_540;468_540;371_468
1355	119_472;472_496;119_496
1356	311_589;256_311;256_589
1357	106_443;173_443;106_173
1358	75_350;75_285;285_350
1359	285_372;41_372;41_285
1360	246_330;78_330;78_246
1361	180_328;328_662;180_662
1362	202_434;202_794;434_794
1363	248_649;649_852;248_852
1364	225_465;189_225;189_465
1365	434_554;3_554;3_434
1366	105_532;362_532;105_362
1367	105_244;244_362;105_362
1368	310_918;310_624;624_918
1369	21_105;21_362;105_362
1370	25_157;25_612;157_612
1371	49_681;416_681;49_416
1372	255_599;599_992;255_992
1373	362_598;598_758;362_758
1374	292_624;292_447;447_624
1375	133_860;213_860;133_213
1376	42_859;127_859;42_127
1377	491_807;263_491;263_807
1378	457_807;263_457;263_807
1379	41_395;395_932;41_932
1380	41_360;360_932;41_932
1381	127_354;354_718;127_718
1382	41_830;830_932;41_932
1383	687_932;0_687;0_932
1384	682_932;0_682;0_932
1385	0_271;154_271;0_154
1386	3_54;54_581;3_581
1387	36_435;435_696;36_696
1388	65_719;719_884;65_884
1389	0_607;263_607;0_263
1390	252_563;5_563;5_252
1391	147_748;709_748;147_709
1392	383_778;778_935;383_935
1393	371_931;468_931;371_468
1394	735_835;105_835;105_735
1395	28_966;371_966;28_371
1396	28_731;3_731;3_28
1397	703_742;138_703;138_742
1398	321_724;321_383;383_724
1399	371_941;468_941;371_468
1400	371_892;634_892;371_634
1401	890_935;471_890;471_935
1402	157_798;612_798;157_612
1403	371_741;180_741;180_371
1404	605_833;331_605;331_833
1405	0_352;352_949;0_949
1406	3_318;318_651;3_651
1407	700_753;658_753;658_700
1408	80_705;705_956;80_956
1409	0_664;381_664;0_381
1410	180_335;328_335;180_328
1411	0_787;787_862;0_862
1412	3_785;785_870;3_870
1413	0_632;40_632;0_40
1414	247_662;247_434;434_662
1415	0_197;40_197;0_40
1416	98_328;98_662;328_662
1417	333_794;3_333;3_794
1418	434_853;794_853;434_794
1419	119_308;308_735;119_735
1420	3_242;242_545;3_545
1421	92_434;3_92;3_434
1422	182_263;82_182;82_263
1423	34_357;34_488;357_488
1424	198_730;730_974;198_974
1425	3_277;277_545;3_545
1426	146_212;146_646;212_646
1427	3_47;47_130;3_130
1428	198_409;409_974;198_974
1429	3_107;107_480;3_480
1430	3_494;234_494;3_234
1431	194_287;194_815;287_815
1432	3_520;54_520;3_54
1433	848_884;19_848;19_884
1434	3_784;784_785;3_785
1435	3_660;606_660;3_606
1436	15_64;64_287;15_287
1437	3_469;391_469;3_391
1438	145_186;145_724;186_724
1439	595_643;241_595;241_643
1440	268_350;268_285;285_350
1441	15_260;260_527;15_527
1442	210_241;210_212;212_241
1443	19_914;592_914;19_592
1444	35_668;249_668;35_249
1445	30_521;369_521;30_369
1446	975_987;203_975;203_987
1447	105_279;279_362;105_362
1448	1_948;895_948;1_895
1449	203_631;123_631;123_203
1450	374_1009;123_1009;123_374
1451	105_1005;758_1005;105_758
1452	123_1003;20_1003;20_123
1453	1_743;743_895;1_895
1454	476_565;1_565;1_476
1455	558_929;1_929;1_558
1456	1_865;745_865;1_745
1457	20_754;174_754;20_174
1458	1_1004;918_1004;1_918
1459	1_907;745_907;1_745
1460	624_817;447_817;447_624
1461	529_786;22_786;22_529
1462	416_804;337_804;337_416
1463	346_1047;1045_1047;346_1045
1464	346_896;896_1045;346_1045
1465	36_887;147_887;36_147
1466	3_826;398_826;3_398
1467	3_823;494_823;3_494
1468	700_1012;753_1012;700_753
1469	592_1053;141_1053;141_592
1470	1_989;502_989;1_502
1471	1_809;809_948;1_948
1472	715_946;74_946;74_715
1473	67_872;3_872;3_67
1474	541_715;74_541;74_715
1475	36_1048;147_1048;36_147
1476	65_1046;910_1046;65_910
1477	65_802;802_878;65_878
1478	529_799;22_799;22_529
1479	813_878;813_884;878_884
1480	74_795;226_795;74_226
1481	783_884;19_783;19_884
1482	660_711;606_711;606_660
1483	810_884;19_810;19_884
1484	767_980;72_980;72_767
1485	19_978;914_978;19_914
1486	72_1042;547_1042;72_547
1487	592_982;141_982;141_592
1488	0_958;837_958;0_837
1489	932_1040;0_1040;0_932
1490	592_596;141_596;141_592
1491	0_510;510_840;0_840
1492	3_937;673_937;3_673
1493	736_787;736_862;787_862
1494	862_1023;628_1023;628_862
1495	700_1019;658_1019;658_700
1496	3_955;602_955;3_602
1497	280_603;280_516;516_603
1498	363_836;114_836;114_363
1499	658_672;672_814;658_814
1500	654_658;604_654;604_658
1501	412_852;105_412;105_852
1502	758_829;42_829;42_758
1503	758_1034;42_1034;42_758
1504	5_1002;0_1002;0_5
1505	27_911;712_911;27_712
1506	20_1039;1_1039;1_20
1507	20_909;1_909;1_20
1508	45_873;363_873;45_363
1509	11_295;160_295;11_160
1510	207_992;1_207;1_992
1511	9_497;497_529;9_529
1512	368_411;255_368;255_411
1513	606_727;119_727;119_606
1514	437_606;119_437;119_606
1515	758_793;793_1034;758_1034
1516	710_758;42_710;42_758
1517	561_758;561_1034;758_1034
1518	105_928;244_928;105_244
1519	757_758;757_1034;758_1034
1520	105_924;279_924;105_279
1521	42_744;127_744;42_127
1522	362_780;758_780;362_758
1523	449_758;42_449;42_758
1524	112_180;112_662;180_662
1525	5_811;301_811;5_301
1526	5_733;0_733;0_5
1527	27_150;150_679;27_679
1528	338_339;322_338;322_339
1529	132_563;0_563;0_132
1530	0_410;314_410;0_314
1531	0_534;271_534;0_271
1532	510_713;713_840;510_840
1533	0_478;381_478;0_381
1534	456_717;465_717;456_465
1535	189_984;133_984;133_189
1536	314_551;256_551;256_314
1537	43_493;66_493;43_66
1538	256_807;629_807;256_629
1539	1_111;111_344;1_344
1540	133_524;524_653;133_653
1541	246_340;340_465;246_465
1542	1_48;48_575;1_575
1543	35_302;302_657;35_657
1544	491_948;491_895;895_948
1545	246_457;456_457;246_456
1546	439_465;382_439;382_465
1547	465_570;225_570;225_465
1548	155_726;155_997;726_997
1549	771_872;3_771;3_872
1550	715_746;541_746;541_715
1551	0_637;637_936;0_936
1552	3_220;220_606;3_606
1553	133_821;821_860;133_860
1554	226_801;36_801;36_226
1555	133_515;515_653;133_653
1556	35_252;252_1015;35_1015
1557	35_701;190_701;35_190
1558	213_261;35_261;35_213
1559	35_857;302_857;35_302
1560	35_640;640_723;35_723
1561	35_576;576_723;35_723
1562	500_1015;500_868;868_1015
1563	657_728;11_728;11_657
1564	243_657;11_243;11_657
1565	657_1035;11_1035;11_657
1566	18_237;18_28;28_237
1567	7_11;7_897;11_897
1568	443_657;11_443;11_657
1569	1_103;86_103;1_86
1570	1_194;194_876;1_876
1571	6_11;6_295;11_295
1572	60_237;28_60;28_237
1573	484_897;1_484;1_897
1574	311_897;1_311;1_897
1575	28_260;260_371;28_371
1576	100_897;1_100;1_897
1577	1_490;490_809;1_809
1578	418_876;74_418;74_876
1579	1_75;75_440;1_440
1580	28_832;652_832;28_652
1581	1_543;422_543;1_422
1582	1_605;86_605;1_86
1583	36_360;94_360;36_94
1584	64_180;64_662;180_662
1585	147_950;709_950;147_709
1586	22_222;222_564;22_564
1587	662_703;703_906;662_906
1588	49_523;416_523;49_416
1589	49_372;372_416;49_416
1590	682_906;434_682;434_906
1591	362_825;758_825;362_758
1592	398_761;606_761;398_606
1593	434_671;202_671;202_434
1594	3_619;391_619;3_391
1595	3_595;47_595;3_47
1596	606_890;119_890;119_606
1597	3_796;186_796;3_186
1598	938_1044;334_1044;334_938
1599	815_823;494_815;494_823
1600	268_727;119_268;119_727
1601	157_977;25_977;25_157
1602	244_714;362_714;244_362
1603	362_489;489_825;362_825
1604	119_210;210_496;119_496
1605	362_929;758_929;362_758
1606	647_718;5_647;5_718
1607	5_931;117_931;5_117
1608	5_527;181_527;5_181
1609	0_598;50_598;0_50
1610	0_113;113_410;0_410
1611	5_84;84_733;5_733
1612	117_532;181_532;117_181
1613	132_342;0_342;0_132
1614	27_975;911_975;27_911
1615	132_941;0_941;0_132
1616	27_892;892_911;27_911
1617	27_259;259_322;27_322
1618	27_211;211_911;27_911
1619	70_1034;42_70;42_1034
1620	27_579;579_911;27_911
1621	0_354;354_478;0_478
1622	42_182;127_182;42_127
1623	127_292;292_718;127_718
1624	78_381;78_332;332_381
1625	0_204;204_235;0_235
1626	730_911;712_730;712_911
1627	0_694;113_694;0_113
1628	629_798;246_798;246_629
1629	256_578;578_629;256_629
1630	322_431;132_431;132_322
1631	221_911;221_712;712_911
1632	235_405;251_405;235_251
1633	399_712;399_428;428_712
1634	495_498;30_495;30_498
1635	335_733;0_335;0_733
1636	478_1040;381_1040;381_478
1637	342_980;0_980;0_342
1638	314_830;551_830;314_551
1639	2_853;219_853;2_219
1640	0_736;235_736;0_235
1641	0_687;50_687;0_50
1642	2_1023;219_1023;2_219
1643	198_565;409_565;198_409
1644	0_767;510_767;0_510
1645	241_447;212_447;212_241
1646	1_651;651_809;1_809
1647	30_308;308_369;30_369
1648	369_426;2_426;2_369
1649	853_932;219_932;219_853
1650	219_843;123_843;123_219
1651	31_806;13_806;13_31
1652	13_1019;529_1019;13_529
1653	22_318;318_564;22_564
1654	22_178;178_564;22_564
1655	760_1037;31_1037;31_760
1656	31_850;13_850;13_31
1657	496_1045;735_1045;496_735
1658	362_873;825_873;362_825
1659	362_836;825_836;362_825
1660	545_758;545_757;757_758
1661	362_482;482_836;362_836
1662	272_362;272_873;362_873
1663	758_910;757_910;757_758
1664	696_758;449_696;449_758
1665	127_887;718_887;127_718
1666	581_1034;42_581;42_1034
1667	757_978;978_1034;757_1034
1668	127_865;718_865;127_718
1669	54_758;54_561;561_758
1670	70_905;42_905;42_70
1671	839_900;5_839;5_900
1672	127_1004;718_1004;127_718
1673	42_805;127_805;42_127
1674	27_994;322_994;27_322
1675	127_351;351_718;127_718
1676	127_810;810_865;127_865
1677	718_765;5_765;5_718
1678	328_718;5_328;5_718
1679	314_848;256_848;256_314
1680	5_666;27_666;5_27
1681	61_718;5_61;5_718
1682	5_596;117_596;5_117
1683	301_968;27_968;27_301
1684	5_560;84_560;5_84
1685	357_629;246_357;246_629
1686	27_1048;309_1048;27_309
1687	27_700;700_975;27_975
1688	367_559;177_367;177_559
1689	27_294;294_883;27_883
1690	520_629;246_520;246_629
1691	712_837;428_837;428_712
1692	461_949;322_949;322_461
1693	0_248;248_381;0_381
1694	409_795;795_974;409_974
1695	113_258;258_410;113_410
1696	314_363;363_551;314_551
1697	45_551;45_256;256_551
1698	0_553;50_553;0_50
1699	608_629;357_608;357_629
1700	332_555;198_555;198_332
1701	78_724;332_724;78_332
1702	198_697;565_697;198_565
1703	316_565;316_409;409_565
1704	313_402;313_498;402_498
1705	193_213;35_193;35_213
1706	974_1003;402_1003;402_974
1707	22_787;564_787;22_564
1708	200_564;3_200;3_564
1709	3_1002;80_1002;3_80
1710	173_796;173_186;186_796
1711	186_599;157_599;157_186
1712	25_833;612_833;25_612
1713	25_154;154_612;25_612
1714	612_972;80_972;80_612
1715	25_71;71_612;25_612
1716	25_960;612_960;25_612
1717	846_977;25_846;25_977
1718	80_845;845_956;80_956
1719	25_582;582_612;25_612
1720	25_89;71_89;25_71
1721	80_470;470_956;80_956
1722	80_704;704_956;80_956
1723	742_746;138_746;138_742
1724	742_1047;138_1047;138_742
1725	138_1016;0_1016;0_138
1726	0_804;598_804;0_598
1727	198_741;402_741;198_402
1728	498_588;30_588;30_498
1729	30_1014;369_1014;30_369
1730	369_966;2_966;2_369
1731	369_662;426_662;369_426
1732	369_603;2_603;2_369
1733	369_780;780_966;369_966
1734	426_935;2_935;2_426
1735	219_920;123_920;123_219
1736	219_778;778_987;219_987
1737	2_750;750_1023;2_1023
1738	906_987;203_906;203_987
1739	463_815;20_815;20_463
1740	203_895;374_895;203_374
1741	43_953;66_953;43_66
1742	20_794;43_794;20_43
1743	43_984;66_984;43_66
1744	333_463;20_333;20_463
1745	66_951;1_951;1_66
1746	498_622;588_622;498_588
1747	411_588;30_411;30_588
1748	7_30;7_369;30_369
1749	219_884;123_884;123_219
1750	827_1014;369_827;369_1014
1751	149_369;2_149;2_369
1752	304_369;304_426;369_426
1753	369_640;426_640;369_426
1754	2_936;936_1023;2_1023
1755	369_872;2_872;2_369
1756	494_662;426_494;426_662
1757	675_1023;219_675;219_1023
1758	2_643;643_853;2_853
1759	20_723;174_723;20_174
1760	2_601;219_601;2_219
1761	219_586;586_987;219_987
1762	212_932;212_219;219_932
1763	103_932;103_219;219_932
1764	2_1006;853_1006;2_853
1765	43_998;66_998;43_66
1766	209_219;209_884;219_884
1767	1_422;422_999;1_999
1768	123_327;327_463;123_463
1769	43_1015;984_1015;43_984
1770	730_1034;42_730;42_1034
1771	27_701;211_701;27_211
1772	911_949;712_949;712_911
1773	510_712;399_510;399_712
1774	428_679;305_679;305_428
1775	399_928;428_928;399_428
1776	305_608;297_608;297_305
1777	305_905;297_905;297_305
1778	736_742;736_746;742_746
1779	746_767;138_767;138_746
1780	746_751;138_751;138_746
1781	138_563;270_563;138_270
1782	657_848;11_848;11_657
1783	619_657;11_619;11_657
1784	897_997;1_997;1_897
1785	1_363;344_363;1_344
1786	362_1002;272_1002;272_362
1787	272_883;873_883;272_873
1788	604_1034;604_730;730_1034
1789	272_462;462_873;272_873
1790	769_825;362_769;362_825
1791	322_825;322_758;758_825
1792	222_825;222_758;758_825
1793	22_825;22_362;362_825
1794	362_776;272_776;272_362
1795	362_704;482_704;362_482
1796	482_1003;362_1003;362_482
1797	42_509;127_509;42_127
1798	362_582;582_873;362_873
1799	362_457;272_457;272_362
1800	582_977;873_977;582_873
1801	470_873;470_825;825_873
1802	873_960;825_960;825_873
1803	127_757;292_757;127_292
1804	222_553;553_758;222_758
1805	154_718;154_647;647_718
1806	71_718;71_647;647_718
1807	297_845;126_845;126_297
1808	746_956;138_956;138_746
1809	45_580;256_580;45_256
1810	316_551;45_316;45_551
1811	45_724;256_724;45_256
1812	45_80;80_256;45_256
1813	256_612;612_807;256_807
1814	625_807;625_629;629_807
1815	82_798;82_246;246_798
1816	382_741;189_741;189_382
1817	189_464;464_971;189_971
1818	409_456;409_465;456_465
1819	133_325;325_860;133_860
1820	25_465;25_225;225_465
1821	382_614;189_614;189_382
1822	382_972;189_972;189_382
1823	113_971;113_133;133_971
1824	189_717;717_971;189_971
1825	900_971;133_900;133_971
1826	133_441;441_515;133_515
1827	189_833;833_971;189_971
1828	133_157;157_524;133_524
1829	464_796;796_971;464_971
1830	35_697;697_857;35_857
1831	3_971;3_133;133_971
1832	133_186;186_524;133_524
1833	653_795;35_795;35_653
1834	35_221;221_857;35_857
1835	515_571;571_653;515_653
1836	11_243;160_243;11_160
1837	302_938;657_938;302_657
1838	160_565;476_565;160_476
1839	564_857;302_564;302_857
1840	1_309;309_999;1_999
1841	579_857;302_579;302_857
1842	89_302;89_657;302_657
1843	11_622;160_622;11_160
1844	1_974;422_974;1_422
1845	313_422;313_999;422_999
1846	422_872;872_999;422_999
1847	495_897;495_997;897_997
1848	1_498;498_999;1_999
1849	426_742;426_746;742_746
1850	369_742;369_746;742_746
1851	0_262;246_262;0_246
1852	327_750;463_750;327_463
1853	11_953;160_953;11_160
1854	1_932;344_932;1_344
1855	422_936;313_936;313_422
1856	422_643;313_643;313_422
1857	948_979;491_979;491_948
1858	297_1003;845_1003;297_845
1859	464_730;730_971;464_971
1860	133_470;3_470;3_133
1861	3_70;70_133;3_133
1862	3_704;133_704;3_133
1863	3_322;133_322;3_133
1864	22_133;22_35;35_133
1865	35_582;582_697;35_697
1866	138_571;571_1016;138_1016
1867	327_833;463_833;327_463
1868	0_221;221_478;0_478
1869	1_810;490_810;1_490
1870	35_872;857_872;35_857
1871	35_815;815_857;35_857
1872	625_857;579_625;579_857
1873	5_857;5_302;302_857
1874	333_857;302_333;302_857
1875	262_302;262_657;302_657
1876	204_657;11_204;11_657
1877	564_657;564_848;657_848
1878	657_884;848_884;657_848
1879	313_848;11_313;11_848
1880	848_1006;11_1006;11_848
1881	11_975;160_975;11_160
1882	160_795;565_795;160_565
1883	565_647;476_647;476_565
1884	1_718;718_810;1_810
1885	409_848;409_1006;848_1006
1886	160_1003;476_1003;160_476
1887	11_704;704_975;11_975
1888	11_322;160_322;11_160
1889	515_565;476_515;476_565
1890	160_498;498_795;160_795
1891	25_160;25_476;160_476
1892	70_160;70_795;160_795
1893	50_524;50_653;524_653
1894	302_750;657_750;302_657
1895	157_302;157_262;262_302
1896	302_670;262_670;262_302
1897	22_848;22_1006;848_1006
1898	160_833;795_833;160_795
1899	160_723;70_723;70_160
1900	476_778;1_778;1_476
1901	369_476;1_369;1_476
1902	1_219;219_809;1_809
1903	1_701;701_932;1_932
1904	794_810;490_794;490_810
1905	470_476;1_470;1_476
1906	27_476;1_27;1_476
1907	1_327;327_974;1_974
1908	809_949;490_949;490_809
1909	928_979;491_928;491_979
1910	463_809;463_948;809_948
1911	490_1047;809_1047;490_809
1912	490_697;697_809;490_809
1913	712_809;712_949;809_949
1914	510_809;510_948;809_948
1915	742_809;490_742;490_809
1916	399_948;399_979;948_979
1917	428_948;428_491;491_948
1918	809_905;905_948;809_948
1919	948_956;491_956;491_948
1920	795_1040;565_1040;565_795
1921	979_1016;928_1016;928_979
1922	948_951;428_951;428_948
1923	0_948;0_979;948_979
1924	629_928;491_629;491_928
1925	571_1016;571_928;928_1016
1926	66_833;66_795;795_833
1927	651_778;1_651;1_778
1928	476_478;1_478;1_476
1929	1_410;410_999;1_999
1930	381_490;381_697;490_697
1931	2_490;2_809;490_809
1932	807_1047;807_809;809_1047
1933	256_809;256_463;463_809
1934	45_463;45_948;463_948
1935	490_559;559_809;490_809
1936	551_809;510_551;510_809
1937	897_948;491_897;491_948
1938	332_948;332_491;491_948
1939	314_928;314_491;491_928
1940	246_490;246_1047;490_1047
1941	204_948;204_956;948_956
1942	563_948;563_956;948_956
1943	428_465;465_491;428_491
1944	428_456;456_491;428_491
1945	160_730;498_730;160_498
1946	313_490;313_1047;490_1047
1947	564_697;564_809;697_809
1948	809_872;807_872;807_809
1949	809_815;807_815;807_809
1950	510_653;653_948;510_948
1951	809_884;510_884;510_809
1952	409_928;314_409;314_928
1953	807_857;809_857;807_809
1954	302_948;302_951;948_951
1955	1_262;262_410;1_410
1956	322_476;322_478;476_478
1957	25_872;25_807;807_872
1958	723_807;723_809;807_809
1959	704_809;704_872;809_872
1960	157_807;157_723;723_807
1961	657_872;25_657;25_872
1962	807_1006;857_1006;807_857
1963	848_872;807_848;807_872
1964	625_809;625_742;742_809
1965	470_809;470_490;490_809
1966	27_809;27_742;742_809
1967	409_579;314_579;314_409
1968	515_809;515_807;807_809
1969	35_872;35_807;807_872
1970	524_948;524_979;948_979
1971	133_1047;133_807;807_1047
1972	742_918;490_918;490_742
1973	809_860;860_905;809_905
1974	325_809;325_742;742_809
1975	213_809;213_742;742_809
1976	22_314;22_491;314_491
1977	750_809;750_872;809_872
1978	670_1047;670_809;809_1047
1979	582_809;490_582;490_809
1980	113_807;113_809;807_809
1981	807_971;723_971;723_807
1982	809_900;515_900;515_809
1983	3_809;3_625;625_809
1984	50_807;50_857;807_857
1985	464_490;246_464;246_490
1986	189_807;189_857;807_857
1987	225_742;225_918;742_918
1988	270_564;270_809;564_809
1989	333_564;333_809;564_809
1990	5_809;5_213;213_809
1991	138_809;138_815;809_815
1992	297_809;297_582;582_809
1993	221_490;221_1047;490_1047
1994	198_470;198_490;470_490
1995	177_490;177_697;490_697
1996	490_845;246_845;246_490
1997	697_746;564_746;564_697
1998	767_809;767_900;809_900
1999	736_809;27_736;27_809
2000	332_608;491_608;332_491
2001	305_928;305_629;629_928
2002	422_629;422_491;491_629
2003	809_853;470_853;470_809
2004	679_742;679_918;742_918
2005	126_723;126_809;723_809
2006	43_809;5_43;5_809
2007	20_872;20_807;807_872
2008	794_809;43_794;43_809
2009	809_911;736_911;736_809
2010	186_510;186_653;510_653
2011	174_490;174_559;490_559
2012	123_809;123_900;809_900
2013	211_490;211_1047;490_1047
2014	5_45;45_213;5_213
2015	742_953;679_953;679_742
2016	190_742;190_225;225_742
2017	718_809;256_718;256_809
2018	974_1047;670_974;670_1047
2019	809_920;911_920;809_911
2020	154_1047;154_809;809_1047
2021	809_865;853_865;809_853
2022	328_809;328_750;750_809
2023	490_700;700_1047;490_1047
2024	515_586;586_807;515_807
2025	127_809;127_905;809_905
2026	559_758;758_809;559_809
2027	213_561;561_742;213_742
2028	449_809;449_794;794_809
2029	426_809;426_510;510_809
2030	42_918;42_490;490_918
2031	222_490;222_845;490_845
2032	918_1023;490_1023;490_918
2033	490_936;2_936;2_490
2034	5_465;213_465;5_213
2035	363_463;363_948;463_948
2036	213_975;742_975;213_742
2037	643_948;643_653;653_948
2038	213_997;742_997;213_742
2039	553_723;126_553;126_723
2040	495_809;463_495;463_809
2041	918_987;490_987;490_918
2042	203_918;203_490;490_918
2043	441_723;441_809;723_809
2044	382_809;382_712;712_809
2045	295_490;295_697;490_697
2046	622_809;510_622;510_809
2047	203_897;490_897;203_490
2048	89_979;89_1016;979_1016
2049	809_938;123_938;123_809
2050	717_928;314_717;314_928
2051	798_928;314_798;314_928
2052	428_679;428_918;679_918
2053	204_918;204_490;490_918
2054	243_490;177_243;177_490
2055	295_327;327_697;295_697
2056	2_1003;809_1003;2_809
2057	647_936;2_647;2_936
2058	369_807;50_369;50_807
2059	154_778;778_809;154_809
2060	154_160;160_809;154_809
2061	322_697;322_809;697_809
2062	833_1047;133_833;133_1047
2063	66_270;66_809;270_809
2064	815_956;807_956;807_815
2065	795_809;490_795;490_809
2066	565_582;490_565;490_582
2067	478_809;478_911;809_911
2068	476_853;470_476;470_853
2069	5_70;70_213;5_213
2070	11_809;11_712;712_809
2071	653_999;948_999;653_948
2072	490_730;211_730;211_490
2073	653_932;932_948;653_948
2074	43_344;5_344;5_43
2075	410_809;410_920;809_920
2076	742_810;225_810;225_742
2077	498_948;498_643;643_948
2078	309_948;309_643;643_948
2079	643_651;651_653;643_653
2080	262_643;262_653;643_653
2081	653_1040;948_1040;653_948
2082	701_948;524_701;524_948
2083	1_948;1_399;399_948
2084	456_948;456_653;653_948
2085	796_948;643_796;643_948
2086	578_979;89_578;89_979
2087	733_948;563_733;563_948
2088	741_742;741_953;742_953
2089	580_948;580_951;948_951
2090	78_742;78_953;742_953
2091	162_979;89_162;89_979
2092	612_1016;571_612;571_1016
2093	357_456;357_653;456_653
2094	316_679;316_428;428_679
2095	724_999;724_948;948_999
2096	302_948;302_653;653_948
2097	80_918;80_204;204_918
2098	579_736;27_579;27_736
2099	490_1034;700_1034;490_700
2100	190_825;225_825;190_225
2101	190_362;225_362;190_225
2102	482_679;428_482;428_679
2103	381_559;381_809;559_809
2104	204_972;490_972;204_490
2105	614_918;614_1023;918_1023
2106	272_918;272_1023;918_1023
2107	490_884;884_1034;490_1034
2108	50_608;608_857;50_857
2109	182_1047;182_807;807_1047
2110	873_1047;807_873;807_1047
2111	509_697;509_564;564_697
2112	71_809;71_138;138_809
2113	54_490;54_222;222_490
2114	82_490;82_1047;490_1047
2115	776_1034;700_776;700_1034
2116	769_1047;154_769;154_1047
2117	679_1002;482_1002;482_679
2118	292_807;292_1006;807_1006
2119	809_960;478_960;478_809
2120	457_742;457_679;679_742
2121	71_675;138_675;71_138
2122	619_742;619_918;742_918
2123	757_918;204_757;204_918
2124	604_809;478_604;478_809
2125	751_953;679_751;679_953
2126	807_883;723_883;723_807
2127	246_462;462_1047;246_1047
2128	700_977;977_1047;700_1047
2129	154_581;581_809;154_809
2130	989_1047;873_989;873_1047
2131	117_1047;117_769;769_1047
2132	887_1047;873_887;873_1047
2133	829_1047;807_829;807_1047
2134	367_1047;367_807;807_1047
2135	657_809;71_657;71_809
2136	181_807;181_369;369_807
2137	138_984;815_984;138_815
2138	35_553;35_126;126_553
2139	815_1015;807_1015;807_815
2140	209_608;209_857;608_857
2141	857_998;809_998;809_857
2142	601_857;601_809;809_857
2143	532_807;369_532;369_807
2144	662_809;662_742;742_809
2145	126_895;809_895;126_809
2146	126_780;780_809;126_809
2147	809_966;449_966;449_809
2148	603_809;603_704;704_809
2149	30_809;30_712;712_809
2150	225_598;598_918;225_918
2151	308_1023;308_490;490_1023
2152	248_1023;248_490;490_1023
2153	490_935;211_935;211_490
2154	490_1014;174_1014;174_490
2155	89_588;588_1016;89_1016
2156	212_807;181_212;181_807
2157	103_807;103_809;807_809
2158	7_798;7_314;314_798
2159	374_809;374_865;809_865
2160	5_640;70_640;5_70
2161	304_807;304_723;723_807
2162	149_829;149_807;807_829
2163	213_1009;742_1009;213_742
2164	804_809;804_960;809_960
2165	263_807;263_883;807_883
2166	906_1006;857_906;857_1006
2167	211_842;842_1047;211_1047
2168	211_827;827_1047;211_1047
2169	213_687;687_742;213_742
2170	411_807;411_1006;807_1006
2171	402_697;322_402;322_697
2172	555_809;138_555;138_809
2173	494_1047;182_494;182_1047
2174	149_1044;807_1044;149_807
2175	809_846;704_846;704_809
2176	301_809;5_301;5_809
2177	809_859;859_865;809_865
2178	599_1006;599_906;906_1006
2179	529_918;529_1023;918_1023
2180	13_911;13_736;736_911
2181	809_1019;71_1019;71_809
2182	807_837;837_883;807_883
2183	334_490;313_334;313_490
2184	807_1048;1006_1048;807_1006
2185	27_892;742_892;27_742
2186	27_674;674_742;27_742
2187	157_918;157_757;757_918
2188	294_653;294_999;653_999
2189	84_653;84_999;653_999
2190	173_809;173_328;328_809
2191	786_953;679_786;679_953
2192	200_809;200_938;809_938
2193	746_809;449_746;449_809
2194	524_994;979_994;524_979
2195	520_857;520_601;601_857
2196	524_799;799_979;524_979
2197	787_809;750_787;750_809
2198	601_744;744_809;601_809
2199	676_809;676_920;809_920
2200	113_815;113_807;807_815
2201	333_653;333_999;653_999
2202	550_956;550_807;807_956
2203	189_807;181_189;181_807
2204	31_807;31_103;103_807
2205	807_1004;411_1004;411_807
2206	736_910;579_910;579_736
2207	736_806;579_806;579_736
2208	760_1047;760_829;829_1047
2209	666_1047;666_807;807_1047
2210	596_736;27_596;27_736
2211	560_807;532_560;532_807
2212	826_999;826_948;948_999
2213	294_823;823_999;294_999
2214	398_736;27_398;27_736
2215	579_1052;27_1052;27_579
2216	579_877;27_877;27_579
2217	765_807;263_765;263_807
2218	637_948;399_637;399_948
2219	255_948;255_524;524_948
2220	685_999;685_948;948_999
2221	6_369;6_50;50_369
2222	579_843;27_843;27_579
2223	50_805;608_805;50_608
2224	419_679;419_428;428_679
2225	354_948;354_653;653_948
2226	726_883;723_726;723_883
2227	696_723;553_696;553_723
2228	545_948;456_545;456_948
2229	351_857;351_998;857_998
2230	50_284;284_608;50_608
2231	155_653;155_999;653_999
2232	132_809;132_704;704_809
2233	305_679;305_918;679_918
2234	221_653;221_294;294_653
2235	751_929;679_929;679_751
2236	575_918;203_575;203_918
2237	489_999;489_948;948_999
2238	100_948;100_951;948_951
2239	193_827;193_1047;827_1047
2240	47_84;47_999;84_999
2241	461_1047;461_807;807_1047
2242	443_918;443_757;757_918
2243	335_918;335_1023;918_1023
2244	409_724;409_948;724_948
2245	220_918;220_757;757_918
2246	48_490;48_1047;490_1047
2247	339_1023;248_339;248_1023
2248	235_1023;235_308;308_1023
2249	318_490;211_318;211_490
2250	178_948;178_524;524_948
2251	836_979;89_836;89_979
2252	111_162;89_111;89_162
2253	477_979;477_1016;979_1016
2254	89_244;244_588;89_588
2255	105_211;105_1047;211_1047
2256	714_999;714_948;948_999
2257	694_883;694_723;723_883
2258	665_723;441_665;441_723
2259	279_809;279_622;622_809
2260	21_807;21_212;212_807
2261	9_809;9_297;297_809
2262	807_839;839_883;807_883
2263	186_892;186_742;742_892
2264	258_723;258_553;553_723
2265	332_723;332_553;553_723
2266	490_978;697_978;490_697
2267	553_835;126_835;126_553
2268	553_735;126_735;126_553
2269	126_860;809_860;126_809
2270	259_948;259_456;456_948
2271	27_150;150_892;27_892
2272	490_850;334_850;334_490
2273	807_1035;1006_1035;807_1006
2274	496_857;496_809;809_857
2275	119_809;119_804;804_809
2276	65_679;65_1002;679_1002
2277	918_1037;529_1037;529_918
2278	177_342;342_697;177_697
2279	240_559;240_758;559_758
2280	210_758;210_809;758_809
2281	243_968;177_968;177_243
2282	931_935;211_931;211_935
2283	673_809;9_673;9_809
2284	527_935;211_527;211_935
2285	340_564;340_809;564_809
2286	809_830;742_830;742_809
2287	490_606;174_606;174_490
2288	437_490;318_437;318_490
2289	472_478;472_911;478_911
2290	93_911;13_93;13_911
2291	411_890;890_1006;411_1006
2292	736_761;596_761;596_736
2293	727_736;27_727;27_736
2294	61_402;61_322;322_402
2295	322_391;391_809;322_809
2296	431_679;419_431;419_679
2297	924_1006;906_924;906_1006
2298	502_579;27_502;27_579
2299	482_1045;428_1045;428_482
2300	679_997;428_997;428_679
2301	177_465;465_697;177_697
2302	428_690;690_918;428_918
2303	51_809;51_119;119_809
2304	177_941;697_941;177_697
2305	595_809;595_795;795_809
2306	268_911;268_736;736_911
2307	122_461;122_807;461_807
2308	478_876;876_911;478_911
2309	605_920;605_911;911_920
2310	340_543;543_809;340_809
2311	646_872;646_848;848_872
2312	27_607;607_742;27_742
2313	27_440;440_674;27_674
2314	251_809;251_767;767_809
2315	75_674;75_742;674_742
2316	561_953;561_786;786_953
2317	27_194;194_892;27_892
2318	130_906;130_857;857_906
2319	142_742;142_953;742_953
2320	86_742;86_953;742_953
2321	67_809;9_67;9_809
2322	467_723;126_467;126_723
2323	241_742;78_241;78_742
2324	576_679;482_576;482_679
2325	405_553;126_405;126_553
2326	338_553;126_338;126_553
2327	252_690;252_918;690_918
2328	534_809;325_534;325_809
2329	428_447;447_918;428_918
2330	271_428;271_447;428_447
2331	783_809;783_960;809_960
2332	592_807;103_592;103_807
2333	19_918;19_757;757_918
2334	918_1053;1037_1053;918_1037
2335	490_980;850_980;490_850
2336	757_914;204_914;204_757
2337	447_728;728_918;447_918
2338	570_960;478_570;478_960
2339	204_439;439_490;204_490
2340	647_807;647_1004;807_1004
2341	420_529;420_1023;529_1023
2342	141_529;141_1023;529_1023
2343	57_268;57_736;268_736
2344	490_821;174_821;174_490
2345	234_443;234_757;443_757
2346	811_918;575_811;575_918
2347	355_697;355_564;564_697
2348	188_243;188_968;243_968
2349	38_736;38_910;736_910
2350	202_697;202_564;564_697
2351	484_490;177_484;177_490
2352	434_918;434_575;575_918
2353	311_697;311_402;402_697
2354	261_398;27_261;27_398
2355	737_1023;235_737;235_1023
2356	226_579;27_226;27_579
2357	94_203;94_490;203_490
2358	809_987;712_987;712_809
2359	127_809;51_127;51_809
2360	36_697;36_322;322_697
2361	25_27;25_194;27_194
2362	16_490;16_697;490_697
2363	27_549;549_892;27_892
2364	322_416;416_809;322_809
2365	337_872;20_337;20_872
2366	709_742;679_709;679_742
2367	681_1047;681_807;807_1047
2368	485_807;485_592;592_807
2369	346_865;346_853;853_865
2370	147_809;147_374;374_809
2371	74_809;51_74;51_809
2372	49_853;49_470;470_853
2373	695_807;695_883;807_883
2374	9_493;297_493;9_297
2375	293_297;293_582;297_582
2376	748_809;748_783;783_809
2377	652_679;428_652;428_679
2378	133_490;133_464;464_490
2379	383_490;383_606;490_606
2380	371_490;371_606;490_606
2381	237_1047;237_494;494_1047
2382	66_690;66_252;252_690
2383	28_906;28_857;857_906
2384	24_960;24_478;478_960
2385	715_1047;461_715;461_1047
2386	482_669;428_669;428_482
2387	180_252;180_918;252_918
2388	428_878;878_918;428_918
2389	801_807;801_1035;807_1035
2390	690_897;252_897;252_690
2391	793_1047;461_793;461_1047
2392	710_998;710_809;809_998
2393	350_809;350_920;809_920
2394	171_1047;171_807;807_1047
2395	349_918;42_349;42_918
2396	126_919;780_919;126_780
2397	494_682;182_682;182_494
2398	495_807;495_647;647_807
2399	219_1037;219_529;529_1037
2400	807_946;946_1004;807_1004
2401	360_807;360_765;765_807
2402	541_807;369_541;369_807
2403	807_1013;1013_1035;807_1035
2404	807_907;907_1048;807_1048
2405	382_478;382_472;472_478
2406	344_478;344_472;472_478
2407	160_780;160_809;780_809
2408	719_757;204_719;204_757
2409	497_953;497_679;679_953
2410	146_1006;146_924;924_1006
2411	490_982;730_982;490_730
2412	671_911;13_671;13_911
2413	418_786;418_679;679_786
2414	358_510;358_653;510_653
2415	204_260;260_490;204_490
2416	15_911;15_93;93_911
2417	287_534;287_325;325_534
2418	33_1006;33_599;599_1006
2419	653_703;221_703;221_653
2420	490_602;174_602;174_490
2421	64_204;64_260;204_260
2422	18_50;18_857;50_857
2423	490_868;48_868;48_490
2424	537_906;130_537;130_906
2425	490_523;243_523;243_490
2426	468_490;468_809;490_809
2427	476_724;476_948;724_948
2428	372_999;372_489;489_999
2429	540_857;496_540;496_857
2430	423_857;423_601;601_857
2431	249_857;249_809;809_857
2432	63_601;63_809;601_809
2433	428_840;840_918;428_918
2434	667_809;667_872;809_872
2435	634_809;634_960;809_960
2436	60_690;60_918;690_918
2437	809_950;950_960;809_960
2438	832_998;710_832;710_998
2439	471_809;471_534;534_809
2440	112_809;112_750;750_809
2441	489_771;771_948;489_948
2442	79_918;79_443;443_918
2443	809_992;67_992;67_809
2444	713_918;434_713;434_918
2445	256_900;256_515;515_900
2446	198_948;198_643;643_948
2447	702_918;349_702;349_918
2448	203_680;490_680;203_490
2449	500_809;500_987;809_987
2450	252_285;285_918;252_918
2451	745_949;490_745;490_949
2452	9_743;297_743;9_297
2453	56_204;56_439;204_439
2454	603_752;704_752;603_704
2455	331_490;177_331;177_490
2456	42_217;217_490;42_490
2457	106_325;106_742;325_742
2458	490_565;565_606;490_606
2459	490_624;624_982;490_982
2460	452_490;318_452;318_490
2461	246_754;754_1047;246_1047
2462	660_911;268_660;268_911
2463	243_558;177_558;177_243
2464	653_1039;948_1039;653_948
2465	2_909;909_1003;2_1003
2466	450_723;450_553;553_723
2467	557_1047;557_715;715_1047
2468	202_207;207_564;202_564
2469	103_415;415_809;103_809
2470	52_246;52_1047;246_1047
2471	318_1032;211_1032;211_318
2472	483_564;483_809;564_809
2473	242_559;242_758;559_758
2474	809_1024;426_1024;426_809
2475	758_958;809_958;758_809
2476	630_809;630_920;809_920
2477	320_541;320_369;369_541
2478	238_750;238_872;750_872
2479	809_955;767_955;767_809
2480	539_809;3_539;3_809
2481	428_469;447_469;428_447
2482	368_807;292_368;292_807
2483	170_918;170_1037;918_1037
2484	833_1035;833_1006;1006_1035
2485	490_651;651_936;490_936
2486	785_1006;785_924;924_1006
2487	529_977;977_1023;529_1023
2488	273_928;273_798;798_928
2489	937_1006;33_937;33_1006
2490	578_918;349_578;349_918
2491	130_517;517_857;130_857
2492	314_684;22_684;22_314
2493	422_505;491_505;422_491
2494	809_1040;551_1040;551_809
2495	510_778;653_778;510_653
2496	810_1016;612_810;612_1016
2497	581_1016;89_581;89_1016
2498	209_906;130_209;130_906
2499	798_932;314_932;314_798
2500	733_1016;733_928;928_1016
2501	50_776;776_857;50_857
2502	550_717;314_550;314_717
2503	314_687;684_687;314_684
2504	302_314;22_302;22_314
2505	22_1044;491_1044;22_491
2506	640_979;89_640;89_979
2507	462_857;462_520;520_857
2508	496_509;509_809;496_809
2509	80_601;80_809;601_809
2510	113_807;113_541;541_807
2511	111_938;111_123;123_938
2512	213_984;975_984;213_975
2513	906_929;857_929;857_906
2514	363_515;363_807;515_807
2515	675_906;675_857;857_906
2516	33_47;47_599;33_599
2517	637_1009;399_1009;399_637
2518	599_700;700_906;599_906
2519	294_410;410_999;294_999
2520	399_498;498_979;399_979
2521	224_517;224_857;517_857
2522	511_906;130_511;130_906
2523	110_979;89_110;89_979
2524	114_998;114_809;809_998
2525	632_809;515_632;515_809
2526	40_496;40_809;496_809
2527	948_952;637_952;637_948
2528	520_784;601_784;520_601
2529	531_948;531_637;637_948
2530	480_723;450_480;450_723
2531	386_637;386_399;399_637
2532	82_809;82_173;173_809
2533	17_809;17_865;809_865
2534	214_262;214_653;262_653
2535	107_787;107_750;750_787
2536	809_989;632_989;632_809
2537	357_960;357_478;478_960
2538	117_975;117_742;742_975
2539	399_644;644_979;399_979
2540	277_510;277_653;510_653
2541	399_1046;979_1046;399_979
2542	802_809;515_802;515_809
2543	689_872;337_689;337_872
2544	562_979;110_562;110_979
2545	438_948;198_438;198_948
2546	970_979;970_1016;979_1016
2547	753_979;640_753;640_979
2548	577_920;577_605;605_920
2549	376_979;376_1016;979_1016
2550	183_490;174_183;174_490
2551	814_948;198_814;198_948
2552	668_876;668_911;876_911
2553	658_750;658_872;750_872
2554	490_956;222_956;222_490
2555	38_670;670_910;38_910
2556	222_362;362_845;222_845
2557	222_528;528_845;222_845
2558	432_1003;432_809;809_1003
2559	805_1003;805_809;809_1003
2560	490_604;222_604;222_490
2561	284_595;284_795;595_795
2562	807_890;890_1006;807_1006
2563	809_852;449_852;449_809
2564	616_924;616_906;906_924
2565	554_807;554_839;807_839
2566	718_809;718_949;809_949
2567	598_1047;598_715;715_1047
2568	857_1052;520_1052;520_857
2569	857_877;351_877;351_857
2570	543_809;173_543;173_809
2571	70_809;70_673;673_809
2572	256_806;515_806;256_515
2573	696_905;696_948;905_948
2574	409_515;409_586;515_586
2575	351_619;619_998;351_998
2576	337_381;20_381;20_337
2577	809_1015;673_1015;673_809
2578	807_826;809_826;807_809
2579	608_807;608_857;807_857
2580	6_809;6_1024;809_1024
2581	760_807;760_857;807_857
2582	666_807;560_666;560_807
2583	563_807;560_563;560_807
2584	354_807;354_809;807_809
2585	244_710;244_809;710_809
2586	454_809;30_454;30_809
2587	444_807;304_444;304_807
2588	341_900;341_515;515_900
2589	197_924;197_906;906_924
2590	369_714;50_714;50_369
2591	46_807;46_554;554_807
2592	1006_1012;924_1012;924_1006
2593	369_855;50_855;50_369
2594	369_664;50_664;50_369
2595	741_857;496_741;496_857
2596	649_857;649_809;809_857
2597	615_809;615_787;787_809
2598	701_809;123_701;123_809
2599	27_1019;742_1019;27_742
2600	718_972;949_972;718_949
2601	189_490;189_318;318_490
2602	61_532;61_369;369_532
2603	50_835;835_857;50_857
2604	735_857;601_735;601_857
2605	162_918;162_757;757_918
2606	575_860;203_860;203_575
2607	662_918;443_662;443_918
2608	796_1023;737_796;737_1023
2609	235_527;308_527;235_308
2610	327_809;327_949;809_949
2611	75_211;75_105;105_211
2612	305_341;305_515;341_515
2613	225_807;225_666;666_807
2614	57_515;57_586;515_586
2615	416_809;416_846;809_846
2616	287_953;287_561;561_953
2617	679_682;576_682;576_679
2618	614_978;978_1023;614_1023
2619	607_1023;607_737;737_1023
2620	441_690;66_441;66_690
2621	391_718;391_949;718_949
2622	420_918;420_614;614_918
2623	625_918;625_811;811_918
2624	318_977;211_977;211_318
2625	174_334;334_559;174_559
2626	771_809;416_771;416_809
2627	559_830;240_830;240_559
2628	316_559;240_316;240_559
2629	415_845;246_415;246_845
2630	325_887;325_873;873_887
2631	181_809;181_416;416_809
2632	490_897;730_897;490_730
2633	398_490;133_398;133_490
2634	157_845;157_246;246_845
2635	24_845;24_246;246_845
2636	316_529;240_529;240_316
2637	483_754;483_1047;754_1047
2638	505_809;505_950;809_950
2639	89_270;270_1016;89_1016
2640	89_971;971_1016;89_1016
2641	919_1047;367_919;367_1047
2642	490_550;550_868;490_868
2643	371_402;402_606;371_606
2644	372_581;89_372;89_581
2645	18_174;18_559;174_559
2646	182_1016;182_581;581_1016
2647	89_646;646_1016;89_1016
2648	63_89;63_1016;89_1016
2649	56_89;56_1016;89_1016
2650	89_237;237_971;89_971
2651	932_1016;182_932;182_1016
2652	687_1016;687_810;810_1016
2653	570_1016;570_810;810_1016
2654	314_793;22_793;22_314
2655	89_100;100_1016;89_1016
2656	1016_1032;182_1032;182_1016
2657	295_780;295_809;780_809
2658	383_810;383_612;612_810
2659	242_571;242_928;571_928
2660	726_853;470_726;470_853
2661	801_810;612_801;612_810
2662	761_956;222_761;222_956
2663	74_235;74_308;235_308
2664	79_470;79_490;470_490
2665	500_809;147_500;147_809
2666	470_980;490_980;470_490
2667	79_823;490_823;79_490
2668	318_524;524_977;318_977
2669	147_495;374_495;147_374
2670	695_857;695_741;741_857
2671	45_374;45_865;374_865
2672	214_374;214_865;374_865
2673	48_318;48_977;318_977
2674	865_994;853_994;853_865
2675	702_853;470_702;470_853
2676	603_853;603_726;726_853
2677	853_982;726_982;726_853
2678	577_809;181_577;181_809
2679	470_700;79_700;79_470
2680	551_714;50_551;50_714
2681	809_1053;147_1053;147_809
2682	470_829;829_980;470_980
2683	224_470;224_490;470_490
2684	411_980;411_490;490_980
2685	490_931;183_931;183_490
2686	490_658;658_956;490_956
2687	238_490;238_868;490_868
2688	490_987;189_987;189_490
2689	67_246;67_754;246_754
2690	171_490;171_318;318_490
2691	127_490;127_183;183_490
2692	490_992;956_992;490_956
2693	471_754;471_1047;754_1047
2694	246_489;489_754;246_754
2695	243_350;350_558;243_558
2696	437_452;318_452;318_437
2697	956_966;222_966;222_956
2698	465_799;697_799;465_697
2699	177_984;465_984;177_465
2700	177_744;465_744;177_465
2701	685_754;685_1047;754_1047
2702	107_1047;107_715;715_1047
2703	80_754;80_1047;754_1047
2704	1004_1047;887_1004;887_1047
2705	565_1047;565_715;715_1047
2706	170_741;170_496;496_741
2707	784_807;563_784;563_807
2708	294_807;294_826;807_826
2709	410_807;410_826;807_826
2710	331_919;331_367;367_919
2711	71_807;71_563;563_807
2712	809_1037;213_1037;213_809
2713	142_857;142_741;741_857
2714	11_807;11_212;212_807
2715	468_807;368_468;368_807
2716	807_999;368_999;368_807
2717	262_346;262_853;346_853
2718	9_221;221_493;9_493
2719	480_809;480_865;809_865
2720	675_853;603_675;603_853
2721	439_853;49_439;49_853
2722	776_1046;857_1046;776_857
2723	540_952;496_952;496_540
2724	668_857;668_809;809_857
2725	496_644;40_644;40_496
2726	386_416;386_846;416_846
2727	43_649;43_809;649_809
2728	580_809;577_580;577_809
2729	438_809;438_712;712_809
2730	595_937;795_937;595_795
2731	703_865;346_703;346_865
2732	28_1037;28_213;213_1037
2733	213_709;709_975;213_975
2734	213_255;255_975;213_975
2735	346_794;794_853;346_853
2736	174_696;559_696;174_559
2737	284_490;284_956;490_956
2738	805_809;500_805;500_809
2739	211_440;105_440;105_211
2740	33_809;33_505;505_809
2741	64_183;64_174;174_183
2742	35_758;35_809;758_809
2743	1047_1048;367_1048;367_1047
2744	346_833;794_833;346_794
2745	260_346;260_853;346_853
2746	563_806;560_806;560_563
2747	462_490;183_462;183_490
2748	244_853;49_244;49_853
2749	363_853;363_470;470_853
2750	198_956;198_222;222_956
2751	758_970;809_970;758_809
2752	50_814;814_857;50_857
2753	249_1016;249_581;581_1016
2754	490_517;243_517;243_490
2755	211_333;333_440;211_440
2756	0_977;0_211;211_977
2757	5_809;5_615;615_809
2758	809_920;805_920;805_809
2759	328_559;316_328;316_559
2760	207_211;207_827;211_827
2761	605_809;605_805;805_809
2762	1_211;1_440;211_440
2763	478_783;783_876;478_876
2764	490_778;318_778;318_490
2765	643_805;500_643;500_805
2766	665_809;665_1037;809_1037
2767	557_809;557_905;809_905
2768	827_951;193_951;193_827
2769	47_316;47_529;316_529
2770	809_1012;438_1012;438_809
2771	850_1047;850_919;919_1047
2772	809_1013;595_1013;595_809
2773	105_907;907_1047;105_1047
2774	827_859;193_859;193_827
2775	463_754;463_471;471_754
2776	209_581;89_209;89_581
2777	545_1047;545_715;715_1047
2778	360_754;360_685;685_754
2779	423_496;423_644;496_644
2780	19_807;19_71;71_807
2781	367_860;807_860;367_807
2782	40_537;537_809;40_809
2783	71_484;484_563;71_563
2784	807_972;71_972;71_807
2785	807_832;826_832;807_826
2786	434_715;434_461;461_715
2787	305_461;122_305;122_461
2788	339_807;21_339;21_807
2789	271_807;271_999;807_999
2790	25_960;25_478;478_960
2791	565_724;715_724;565_715
2792	52_809;52_416;416_809
2793	809_1039;805_1039;805_809
2794	842_853;439_842;439_853
2795	258_809;258_787;787_809
2796	382_872;382_689;689_872
2797	302_1048;302_367;367_1048
2798	369_588;588_855;369_855
2799	320_815;369_815;320_369
2800	490_1044;897_1044;490_897
2801	478_596;596_783;478_783
2802	369_1019;714_1019;369_714
2803	86_369;50_86;50_369
2804	438_728;712_728;438_712
2805	15_897;15_730;730_897
2806	358_560;358_532;532_560
2807	248_367;248_807;367_807
2808	60_855;50_60;50_855
2809	146_541;146_320;320_541
2810	130_807;21_130;21_807
2811	65_855;50_65;50_855
2812	7_50;7_776;50_776
2813	342_470;79_342;79_470
2814	50_186;186_835;50_835
2815	669_809;438_669;438_809
2816	150_826;150_809;809_826
2817	50_418;418_835;50_835
2818	674_857;674_809;809_857
2819	632_857;632_649;649_857
2820	857_997;540_997;540_857
2821	438_1045;712_1045;438_712
2822	671_809;671_1015;809_1015
2823	82_809;82_787;787_809
2824	197_1047;197_681;681_1047
2825	480_968;865_968;480_865
2826	496_676;644_676;496_644
2827	496_502;502_644;496_644
2828	802_809;622_802;622_809
2829	38_929;670_929;38_670
2830	173_374;173_865;374_865
2831	651_865;346_651;346_865
2832	853_1002;439_1002;439_853
2833	807_840;339_840;339_807
2834	470_624;490_624;470_490
2835	604_853;604_702;702_853
2836	447_807;369_447;369_807
2837	616_807;608_616;608_807
2838	30_346;30_794;346_794
2839	549_906;892_906;549_892
2840	853_941;604_941;604_853
2841	785_853;244_785;244_853
2842	680_892;680_742;742_892
2843	657_892;657_742;742_892
2844	599_892;599_742;742_892
2845	341_742;341_918;742_918
2846	252_470;252_700;470_700
2847	202_490;202_897;490_897
2848	180_953;180_679;679_953
2849	285_956;285_761;761_956
2850	470_520;520_700;470_700
2851	57_439;49_57;49_439
2852	61_470;61_342;342_470
2853	490_619;619_931;490_931
2854	342_710;79_710;79_342
2855	203_428;203_878;428_878
2856	438_509;509_712;438_712
2857	79_998;490_998;79_490
2858	728_924;712_924;712_728
2859	114_235;114_308;235_308
2860	79_111;111_490;79_490
2861	490_748;748_821;490_821
2862	66_712;66_949;712_949
2863	845_989;157_989;157_845
2864	895_949;490_895;490_949
2865	490_511;437_511;437_490
2866	112_809;112_872;809_872
2867	469_754;463_469;463_754
2868	667_787;667_750;750_787
2869	183_760;174_760;174_183
2870	630_1047;630_850;850_1047
2871	575_809;575_865;809_865
2872	586_848;586_807;807_848
2873	647_689;337_647;337_689
2874	444_689;337_444;337_689
2875	736_1024;38_1024;38_736
2876	162_960;162_357;357_960
2877	337_354;354_381;337_381
2878	222_662;528_662;222_528
2879	256_579;27_256;27_579
2880	222_467;467_528;222_528
2881	70_807;70_113;113_807
2882	357_441;441_478;357_478
2883	559_746;240_746;240_559
2884	391_559;240_391;240_559
2885	119_478;119_596;478_596
2886	402_876;402_911;876_911
2887	40_219;219_809;40_809
2888	110_1045;110_712;712_1045
2889	160_876;160_911;876_911
2890	355_471;355_1047;471_1047
2891	313_490;127_313;127_490
2892	579_843;27_843;27_579
2893	743_809;112_743;112_809
2894	335_876;335_911;876_911
2895	27_226;226_549;27_549
2896	304_490;304_658;490_658
2897	27_149;149_549;27_549
2898	178_960;178_357;357_960
2899	94_809;94_634;634_809
2900	50_311;311_835;50_835
2901	27_194;194_549;27_549
2902	727_872;727_848;848_872
2903	27_456;456_549;27_549
2904	188_703;188_346;346_703
2905	138_490;138_778;490_778
2906	703_1014;346_1014;346_703
2907	147_476;476_495;147_495
2908	141_892;141_680;680_892
2909	106_795;106_490;490_795
2910	170_1034;496_1034;170_496
2911	657_946;742_946;657_742
2912	369_701;50_701;50_369
2913	794_884;853_884;794_853
2914	495_752;374_752;374_495
2915	340_807;11_340;11_807
2916	742_837;78_837;78_742
2917	349_769;42_769;42_349
2918	301_809;301_478;478_809
2919	75_865;75_853;853_865
2920	54_953;54_679;679_953
2921	210_865;210_703;703_865
2922	234_703;234_346;346_703
2923	155_918;155_490;490_918
2924	132_853;132_603;603_853
2925	259_809;259_416;416_809
2926	555_603;555_726;603_726
2927	332_918;332_420;420_918
2928	694_918;420_694;420_918
2929	261_776;261_1046;776_1046
2930	154_532;154_369;369_532
2931	220_369;220_855;369_855
2932	31_369;31_855;369_855
2933	457_809;457_865;809_865
2934	531_931;183_531;183_931
2935	50_757;311_757;50_311
2936	49_719;470_719;49_470
2937	419_470;419_700;470_700
2938	50_477;477_857;50_857
2939	84_857;84_668;668_857
2940	668_914;809_914;668_809
2941	204_809;204_804;804_809
2942	793_857;793_809;809_857
2943	668_836;809_836;668_809
2944	309_857;309_809;809_857
2945	809_883;480_883;480_809
2946	606_809;606_872;809_872
2947	6_476;6_495;476_495
2948	745_751;490_751;490_745
2949	449_537;449_809;537_809
2950	405_809;405_557;557_809
2951	482_809;482_557;557_809
2952	352_846;352_704;704_846
2953	728_1005;712_1005;712_728
2954	704_967;872_967;704_872
2955	704_862;862_872;704_872
2956	750_762;762_872;750_872
2957	690_872;690_848;848_872
2958	684_807;684_784;784_807
2959	22_532;22_369;369_532
2960	490_628;202_628;202_490
2961	811_872;811_848;848_872
2962	765_872;727_765;727_872
2963	576_872;576_848;848_872
2964	369_735;588_735;369_588
2965	381_713;20_713;20_381
2966	20_625;625_807;20_807
2967	279_807;21_279;21_807
2968	319_807;319_560;560_807
2969	593_857;540_593;540_857
2970	608_801;801_857;608_857
2971	422_857;422_593;593_857
2972	314_857;314_540;540_857
2973	527_809;5_527;5_809
2974	40_383;383_537;40_537
2975	450_809;450_1053;809_1053
2976	589_1047;589_887;887_1047
2977	295_865;295_853;853_865
2978	547_809;112_547;112_809
2979	387_809;387_482;482_809
2980	43_415;415_809;43_809
2981	500_717;147_717;147_500
2982	251_807;251_563;563_807
2983	273_807;273_723;723_807
2984	165_853;165_603;603_853
2985	516_807;516_784;784_807
2986	400_807;400_832;807_832
2987	242_666;242_560;560_666
2988	200_470;200_224;224_470
2989	532_958;369_958;369_532
2990	369_877;31_877;31_369
2991	560_798;532_798;532_560
2992	351_490;351_1044;490_1044
2993	237_532;22_237;22_532
2994	41_857;41_793;793_857
2995	857_1033;809_1033;809_857
2996	100_532;22_100;22_532
2997	369_483;483_855;369_855
2998	225_855;60_225;60_855
2999	809_867;867_883;809_883
3000	485_588;485_855;588_855
3001	60_813;50_813;50_60
3002	50_641;641_776;50_776
3003	50_638;638_814;50_814
3004	786_857;786_793;793_857
3005	602_750;602_872;750_872
3006	561_809;561_671;671_809
3007	809_984;671_984;671_809
3008	809_830;327_830;327_809
3009	744_809;744_872;809_872
3010	63_387;63_482;387_482
3011	537_682;682_809;537_809
3012	646_918;420_646;420_918
3013	322_971;809_971;322_809
3014	443_490;183_443;183_490
3015	431_975;431_742;742_975
3016	36_554;322_554;36_322
3017	637_799;799_1009;637_1009
3018	411_809;411_457;457_809
3019	550_979;491_550;491_979
3020	465_848;465_807;807_848
3021	718_872;20_718;20_872
3022	640_872;640_689;689_872
3023	350_872;350_727;727_872
3024	270_807;21_270;21_807
3025	564_848;564_807;807_848
3026	17_625;17_807;625_807
3027	733_807;723_733;723_807
3028	497_807;497_560;560_807
3029	354_839;381_839;354_381
3030	452_826;150_452;150_826
3031	272_381;20_272;20_381
3032	551_787;551_750;750_787
3033	371_787;371_750;750_787
3034	263_806;263_560;560_806
3035	558_855;65_558;65_855
3036	16_703;16_1014;703_1014
3037	724_857;649_724;649_857
3038	47_560;47_532;532_560
3039	465_570;570_807;465_807
3040	369_950;50_950;50_369
3041	857_1032;314_1032;314_857
3042	3_476;3_495;476_495
3043	523_958;369_523;369_958
3044	214_701;50_214;50_701
3045	50_196;7_196;7_50
3046	49_780;470_780;49_470
3047	50_707;707_814;50_814
3048	40_966;537_966;40_537
3049	103_322;103_971;322_971
3050	302_807;302_563;563_807
3051	322_412;412_809;322_809
3052	280_809;280_480;480_809
3053	369_926;86_926;86_369
3054	809_870;870_920;809_920
3055	563_859;806_859;563_806
3056	809_823;823_1013;809_1013
3057	86_817;50_817;50_86
3058	369_1000;664_1000;369_664
3059	369_891;891_950;369_950
3060	369_711;86_711;86_369
3061	532_672;369_672;369_532
3062	369_654;654_701;369_701
3063	23_369;23_855;369_855
3064	369_951;86_951;86_369
3065	701_896;50_896;50_701
3066	50_994;7_994;7_50
3067	857_982;982_997;857_997
3068	529_857;529_1032;857_1032
3069	287_857;287_1052;857_1052
3070	691_857;691_1033;857_1033
3071	457_623;623_865;457_865
3072	50_569;7_569;7_50
3073	535_865;535_853;853_865
3074	72_314;72_540;314_540
3075	442_809;442_480;480_809
3076	184_809;184_949;809_949
3077	92_809;92_577;577_809
3078	7_1042;776_1042;7_776
3079	196_731;7_731;7_196
3080	196_600;7_600;7_196
3081	7_177;177_776;7_776
3082	7_247;247_776;7_776
3083	470_716;716_980;470_980
3084	435_470;200_435;200_470
3085	395_470;224_395;224_470
3086	145_787;145_667;667_787
3087	107_848;107_586;586_848
3088	24_848;24_807;807_848
3089	348_807;279_348;279_807
3090	221_310;310_493;221_493
3091	290_865;290_295;295_865
3092	853_952;439_952;439_853
3093	297_376;293_376;293_297
3094	700_852;79_852;79_700
3095	198_700;79_198;79_700
3096	470_709;709_980;470_980
3097	255_490;238_255;238_490
3098	367_607;607_807;367_807
3099	524_730;211_524;211_730
3100	171_1047;171_598;598_1047
3101	133_277;133_653;277_653
3102	0_89;0_1016;89_1016
3103	398_563;398_806;563_806
3104	18_440;18_105;105_440
3105	117_598;117_715;598_715
3106	193_532;22_193;22_532
3107	98_919;98_367;367_919
3108	58_1016;58_932;932_1016
3109	488_715;434_488;434_715
3110	179_806;179_560;560_806
3111	631_806;560_631;560_806
3112	521_559;328_521;328_559
3113	195_560;195_798;560_798
3114	427_559;240_427;240_559
3115	753_1047;753_919;919_1047
3116	209_807;209_684;684_807
3117	249_258;249_787;258_787
3118	330_368;292_330;292_368
3119	274_598;274_715;598_715
3120	157_532;157_237;237_532
3121	483_923;855_923;483_855
3122	207_807;207_251;251_807
3123	1_857;1_695;695_857
3124	807_875;826_875;807_826
3125	506_846;506_704;704_846
3126	50_710;196_710;50_196
3127	563_815;806_815;563_806
3128	796_809;796_804;804_809
3129	203_673;9_203;9_673
3130	853_860;439_860;439_853
3131	40_386;383_386;40_383
3132	853_989;49_989;49_853
3133	114_480;114_865;480_865
3134	49_80;80_470;49_470
3135	360_865;290_360;290_865
3136	9_737;221_737;9_221
3137	804_845;845_960;804_960
3138	346_946;260_946;260_346
3139	853_968;968_989;853_989
3140	490_662;183_662;183_490
3141	872_987;727_987;727_872
3142	117_580;580_715;117_715
3143	110_715;110_488;488_715
3144	680_730;524_680;524_730
3145	211_494;333_494;211_333
3146	599_807;599_723;723_807
3147	211_545;333_545;211_333
3148	211_284;105_284;105_211
3149	171_441;441_598;171_598
3150	767_809;184_767;184_809
3151	505_598;117_505;117_598
3152	825_1047;807_825;807_1047
3153	428_1047;428_807;807_1047
3154	271_517;517_999;271_999
3155	1005_1006;857_1005;857_1006
3156	750_778;762_778;750_762
3157	509_872;509_689;689_872
3158	872_924;690_924;690_872
3159	937_1006;857_937;857_1006
3160	472_1006;472_857;857_1006
3161	243_1006;243_857;857_1006
3162	857_1040;309_1040;309_857
3163	540_1019;496_1019;496_540
3164	826_972;452_972;452_826
3165	809_906;577_906;577_809
3166	426_809;426_744;744_809
3167	369_1045;1000_1045;369_1000
3168	865_884;853_884;853_865
3169	681_932;182_681;182_932
3170	651_932;182_651;182_932
3171	437_809;437_805;805_809
3172	182_363;363_581;182_581
3173	89_1039;0_1039;0_89
3174	821_857;593_821;593_857
3175	399_892;498_892;399_498
3176	581_843;372_843;372_581
3177	752_807;723_752;723_807
3178	318_399;318_498;399_498
3179	652_1033;652_809;809_1033
3180	760_809;426_760;426_809
3181	130_581;89_130;89_581
3182	66_809;66_984;809_984
3183	932_1048;182_1048;182_932
3184	178_182;178_581;182_581
3185	48_581;48_89;89_581
3186	189_581;189_372;372_581
3187	581_728;89_728;89_581
3188	89_555;555_1016;89_1016
3189	531_750;531_762;750_762
3190	89_1034;1034_1039;89_1039
3191	571_977;928_977;571_928
3192	226_1016;226_932;932_1016
3193	746_853;746_989;853_989
3194	391_853;391_439;439_853
3195	54_1016;54_932;932_1016
3196	592_853;49_592;49_853
3197	49_914;780_914;49_780
3198	539_780;470_539;470_780
3199	335_1016;335_612;612_1016
3200	49_160;160_470;49_470
3201	217_1016;217_612;612_1016
3202	362_571;362_977;571_977
3203	571_1004;928_1004;571_928
3204	27_332;194_332;27_194
3205	681_1002;182_1002;182_681
3206	447_581;89_447;89_581
3207	244_456;244_549;456_549
3208	27_155;155_456;27_456
3209	224_974;490_974;224_490
3210	6_89;6_1016;89_1016
3211	89_935;6_935;6_89
3212	0_357;357_1016;0_1016
3213	895_1016;895_932;932_1016
3214	202_630;630_897;202_897
3215	836_928;629_836;629_928
3216	333_601;440_601;333_440
3217	235_490;127_235;127_490
3218	211_647;494_647;211_494
3219	528_727;528_848;727_848
3220	222_727;222_848;727_848
3221	197_727;197_848;727_848
3222	560_941;195_941;195_560
3223	86_785;50_785;50_86
3224	339_857;41_339;41_857
3225	857_1035;593_1035;593_857
3226	462_857;41_462;41_857
3227	809_837;534_837;534_809
3228	801_809;801_823;809_823
3229	496_679;679_809;496_809
3230	496_634;423_634;423_496
3231	637_953;799_953;637_799
3232	234_809;234_259;259_809
3233	438_846;438_704;704_846
3234	498_975;975_979;498_979
3235	578_979;89_578;89_979
3236	550_614;491_614;491_550
3237	900_932;182_900;182_932
3238	757_1016;335_757;335_1016
3239	56_641;641_1016;56_1016
3240	182_547;547_581;182_581
3241	412_843;372_412;372_843
3242	570_900;182_570;182_900
3243	103_182;103_363;182_363
3244	363_374;374_581;363_581
3245	372_405;89_405;89_372
3246	15_89;15_56;56_89
3247	56_931;641_931;56_641
3248	89_485;56_485;56_89
3249	843_1046;372_1046;372_843
3250	372_748;89_748;89_372
3251	817_843;372_817;372_843
3252	89_415;0_415;0_89
3253	89_249;56_249;56_89
3254	89_476;476_1016;89_1016
3255	84_612;84_571;571_612
3256	665_931;641_665;641_931
3257	527_900;182_527;182_900
3258	182_382;178_382;178_182
3259	147_182;147_363;182_363
3260	581_745;745_843;581_843
3261	89_862;56_862;56_89
3262	89_830;830_1016;89_1016
3263	0_554;357_554;0_357
3264	43_89;43_56;56_89
3265	581_966;843_966;581_843
3266	322_372;89_322;89_372
3267	581_685;48_685;48_581
3268	581_718;718_843;581_843
3269	581_717;717_728;581_728
3270	992_1016;217_992;217_1016
3271	737_1016;54_737;54_1016
3272	843_859;372_859;372_843
3273	776_843;412_776;412_843
3274	555_754;754_1016;555_1016
3275	555_649;649_1016;555_1016
3276	950_1016;932_950;932_1016
3277	54_484;484_932;54_932
3278	643_932;643_1048;932_1048
3279	219_571;219_928;571_928
3280	928_1052;836_1052;836_928
3281	571_711;711_928;571_928
3282	198_1048;182_198;182_1048
3283	310_571;310_977;571_977
3284	23_182;23_103;103_182
3285	182_926;103_926;103_182
3286	182_733;581_733;182_581
3287	836_994;629_994;629_836
3288	178_551;551_581;178_581
3289	273_977;273_928;928_977
3290	372_569;569_748;372_748
3291	98_372;89_98;89_372
3292	36_581;36_189;189_581
3293	606_932;606_900;900_932
3294	290_372;89_290;89_372
3295	89_833;830_833;89_830
3296	89_815;249_815;89_249
3297	89_110;110_1039;89_1039
3298	182_938;363_938;182_363
3299	89_905;862_905;89_862
3300	607_1016;54_607;54_1016
3301	67_1016;67_581;581_1016
3302	641_735;735_1016;641_1016
3303	784_1016;757_784;757_1016
3304	54_1032;932_1032;54_932
3305	89_427;427_1016;89_1016
3306	182_305;103_305;103_182
3307	133_182;133_382;182_382
3308	182_196;196_581;182_581
3309	182_674;674_926;182_926
3310	505_932;182_505;182_932
3311	357_561;561_1016;357_1016
3312	982_1016;54_982;54_1016
3313	653_932;653_681;681_932
3314	461_932;461_1048;932_1048
3315	182_360;305_360;182_305
3316	398_900;182_398;182_900
3317	277_900;182_277;182_900
3318	182_813;178_813;178_182
3319	182_709;382_709;182_382
3320	434_581;434_966;581_966
3321	9_382;9_178;178_382
3322	563_1016;54_563;54_1016
3323	295_581;48_295;48_581
3324	274_372;98_274;98_372
3325	178_179;179_581;178_581
3326	111_581;111_130;130_581
3327	22_372;22_322;322_372
3328	631_1016;631_737;737_1016
3329	13_178;13_551;178_551
3330	363_580;580_581;363_581
3331	189_488;372_488;189_372
3332	287_551;287_581;551_581
3333	178_263;263_551;178_551
3334	193_363;193_581;363_581
3335	581_891;728_891;581_728
3336	89_654;485_654;89_485
3337	523_932;182_523;182_932
3338	54_923;923_1032;54_1032
3339	712_717;712_728;717_728
3340	89_672;249_672;89_249
3341	581_619;372_619;372_581
3342	581_605;605_728;581_728
3343	89_558;249_558;89_249
3344	89_806;43_806;43_89
3345	387_932;387_681;681_932
3346	200_900;200_570;570_900
3347	0_972;554_972;0_554
3348	0_237;237_357;0_357
3349	56_117;117_641;56_641
3350	372_710;290_710;290_372
3351	641_958;958_1016;641_1016
3352	363_532;374_532;363_374
3353	93_363;93_581;363_581
3354	357_386;386_1016;357_1016
3355	581_1019;728_1019;581_728
3356	372_715;98_715;98_372
3357	268_1016;226_268;226_1016
3358	736_1016;54_736;54_1016
3359	189_929;488_929;189_488
3360	89_911;555_911;89_555
3361	484_909;909_932;484_932
3362	372_884;89_884;89_372
3363	372_746;405_746;372_405
3364	932_952;952_1048;932_1048
3365	641_873;873_1016;641_1016
3366	667_1016;667_932;932_1016
3367	358_1016;217_358;217_1016
3368	357_997;997_1016;357_1016
3369	581_974;717_974;581_717
3370	54_452;452_932;54_932
3371	207_932;207_523;523_932
3372	484_814;814_932;484_932
3373	335_778;612_778;335_612
3374	335_664;612_664;335_612
3375	724_1032;724_932;932_1032
3376	577_932;577_653;653_932
3377	489_932;489_900;900_932
3378	89_439;439_558;89_558
3379	178_402;402_581;178_581
3380	171_363;171_581;363_581
3381	612_968;571_968;571_612
3382	38_932;38_505;505_932
3383	612_638;571_638;571_612
3384	581_910;728_910;581_728
3385	558_670;249_670;249_558
3386	581_662;662_717;581_717
3387	374_867;581_867;374_581
3388	130_316;89_316;89_130
3389	7_130;7_89;89_130
3390	318_1016;54_318;54_1016
3391	914_1016;67_914;67_1016
3392	89_589;415_589;89_415
3393	332_1016;332_563;563_1016
3394	258_372;258_748;372_748
3395	89_919;555_919;89_555
3396	89_883;815_883;89_815
3397	728_852;89_852;89_728
3398	89_615;615_672;89_672
3399	89_539;476_539;89_476
3400	696_1016;563_696;563_1016
3401	54_647;647_932;54_932
3402	579_1016;332_579;332_1016
3403	457_830;457_1016;830_1016
3404	80_641;80_873;641_873
3405	381_641;381_735;641_735
3406	853_1016;226_853;226_1016
3407	186_1016;186_581;581_1016
3408	256_932;256_1048;932_1048
3409	61_1016;61_895;895_1016
3410	184_1016;184_895;895_1016
3411	2_1016;2_950;950_1016
3412	472_1016;472_757;757_1016
3413	443_1016;443_736;736_1016
3414	432_612;432_571;571_612
3415	346_1016;58_346;58_1016
3416	270_1016;270_932;932_1016
3417	531_950;531_932;932_950
3418	483_581;483_966;581_966
3419	932_989;182_989;182_932
3420	941_950;932_941;932_950
3421	920_932;653_920;653_932
3422	855_1032;855_932;932_1032
3423	571_716;711_716;571_711
3424	335_753;612_753;335_612
3425	689_932;689_952;932_952
3426	182_601;147_601;147_182
3427	182_468;305_468;182_305
3428	612_826;84_826;84_612
3429	182_549;382_549;182_382
3430	520_571;520_711;571_711
3431	419_571;419_928;571_928
3432	928_1000;629_1000;629_928
3433	711_980;928_980;711_928
3434	581_780;48_780;48_581
3435	630_711;630_928;711_928
3436	182_924;468_924;182_468
3437	581_811;189_811;189_581
3438	483_1009;966_1009;483_966
3439	182_970;733_970;182_733
3440	700_966;700_843;843_966
3441	625_836;625_629;629_836
3442	470_928;470_629;629_928
3443	314_836;314_629;629_836
3444	681_785;182_785;182_681
3445	581_684;48_684;48_581
3446	545_581;545_966;581_966
3447	320_581;111_320;111_581
3448	581_1040;717_1040;581_717
3449	581_999;999_1019;581_1019
3450	528_581;111_528;111_581
3451	182_907;674_907;182_674
3452	728_887;89_887;89_728
3453	334_843;334_372;372_843
3454	174_843;174_859;843_859
3455	363_787;532_787;363_532
3456	524_843;372_524;372_843
3457	494_843;372_494;372_843
3458	211_581;189_211;189_581
3459	363_767;581_767;363_581
3460	89_673;6_673;6_89
3461	178_529;529_581;178_581
3462	89_440;0_440;0_89
3463	581_758;189_758;189_581
3464	89_730;415_730;89_415
3465	89_666;666_1016;89_1016
3466	89_1035;911_1035;89_911
3467	0_897;357_897;0_357
3468	559_581;559_1019;581_1019
3469	0_553;357_553;0_357
3470	89_510;6_510;6_89
3471	89_330;330_862;89_862
3472	521_1016;67_521;67_1016
3473	311_427;311_1016;427_1016
3474	50_581;50_111;111_581
3475	372_462;462_710;372_710
3476	195_843;195_859;843_859
3477	54_1045;1032_1045;54_1032
3478	612_1015;571_1015;571_612
3479	835_980;835_928;928_980
3480	1013_1016;335_1013;335_1016
3481	48_805;89_805;48_89
3482	752_859;372_752;372_859
3483	595_928;595_836;836_928
3484	48_338;89_338;48_89
3485	126_757;126_335;335_757
3486	24_111;24_130;111_130
3487	762_928;762_1052;928_1052
3488	723_1016;335_723;335_1016
3489	571_695;695_711;571_711
3490	89_937;0_937;0_89
3491	845_928;629_845;629_928
3492	804_932;643_804;643_932
3493	701_1016;58_701;58_1016
3494	89_368;43_368;43_89
3495	89_243;243_806;89_806
3496	679_928;629_679;629_928
3497	634_931;634_665;665_931
3498	951_1016;895_951;895_1016
3499	1006_1016;607_1006;607_1016
3500	571_1005;977_1005;571_977
3501	534_641;534_958;641_958
3502	437_748;89_437;89_748
3503	54_255;255_1032;54_1032
3504	235_1016;235_332;332_1016
3505	202_249;56_202;56_249
3506	932_960;182_960;182_932
3507	581_690;130_690;130_581
3508	411_612;411_638;612_638
3509	25_711;25_928;711_928
3510	335_876;664_876;335_664
3511	793_1032;793_932;932_1032
3512	183_505;182_183;182_505
3513	305_868;103_868;103_305
3514	614_928;614_1000;928_1000
3515	571_1033;711_1033;571_711
3516	612_975;975_1015;612_1015
3517	892_1052;836_892;836_1052
3518	612_786;432_786;432_612
3519	783_952;783_1048;952_1048
3520	581_1047;111_1047;111_581
3521	559_953;953_1019;559_1019
3522	581_875;434_875;434_581
3523	581_1002;545_1002;545_581
3524	581_744;372_744;372_581
3525	581_741;741_891;581_891
3526	130_628;89_628;89_130
3527	130_599;316_599;130_316
3528	564_966;564_843;843_966
3529	928_936;936_1052;928_1052
3530	807_966;700_807;700_966
3531	796_928;796_1052;928_1052
3532	846_928;846_1052;928_1052
3533	372_644;89_644;89_372
3534	423_928;423_1052;928_1052
3535	238_843;238_372;372_843
3536	557_595;557_836;595_836
3537	372_550;462_550;372_462
3538	89_979;919_979;89_919
3539	641_857;80_857;80_641
3540	372_496;496_569;372_569
3541	54_309;309_1032;54_1032
3542	89_967;476_967;89_476
3543	89_490;485_490;89_485
3544	56_987;987_1016;56_1016
3545	748_848;89_848;89_748
3546	290_799;89_799;89_290
3547	56_637;637_1016;56_1016
3548	837_932;837_1048;932_1048
3549	89_426;0_426;0_89
3550	383_724;383_932;724_932
3551	107_217;107_612;217_612
3552	40_89;40_243;89_243
3553	801_932;182_801;182_932
3554	576_1016;67_576;67_1016
3555	110_949;949_1039;110_1039
3556	641_870;735_870;641_735
3557	182_821;581_821;182_581
3558	872_1016;872_950;950_1016
3559	581_750;750_974;581_974
3560	327_612;327_571;571_612
3561	301_612;301_968;612_968
3562	259_612;259_571;571_612
3563	612_704;571_704;571_612
3564	711_823;630_823;630_711
3565	25_948;928_948;25_928
3566	716_984;711_984;711_716
3567	809_928;809_845;845_928
3568	5_711;5_928;711_928
3569	112_273;112_928;273_928
3570	593_928;593_1000;928_1000
3571	498_928;498_595;595_928
3572	1004_1052;892_1004;892_1052
3573	362_1052;362_892;892_1052
3574	491_892;491_836;836_892
3575	416_836;314_416;314_836
3576	41_488;41_372;372_488
3577	142_189;142_488;189_488
3578	127_372;127_746;372_746
3579	711_935;823_935;711_823
3580	447_1000;447_629;629_1000
3581	711_727;630_727;630_711
3582	676_928;470_676;470_928
3583	608_928;608_1000;928_1000
3584	586_625;586_629;625_629
3585	497_523;182_497;182_523
3586	170_189;170_929;189_929
3587	363_810;580_810;363_580
3588	1_243;1_806;243_806
3589	89_697;697_911;89_911
3590	56_537;117_537;56_117
3591	449_1016;358_449;358_1016
3592	832_932;523_832;523_932
3593	489_640;640_900;489_900
3594	226_602;602_932;226_932
3595	182_560;560_970;182_970
3596	182_410;23_410;23_182
3597	182_369;369_970;182_970
3598	271_523;182_271;182_523
3599	616_928;595_616;595_928
3600	182_541;305_541;182_305
3601	182_480;305_480;182_305
3602	363_464;464_810;363_810
3603	103_113;113_363;103_363
3604	628_760;89_760;89_628
3605	691_767;581_691;581_767
3606	363_671;581_671;363_581
3607	571_596;596_711;571_711
3608	578_581;130_578;130_581
3609	103_516;363_516;103_363
3610	506_581;483_506;483_581
3611	465_580;465_581;580_581
3612	193_350;350_581;193_581
3613	630_651;651_928;630_928
3614	189_412;170_412;170_189
3615	339_717;339_728;717_728
3616	280_581;280_605;581_605
3617	66_189;66_170;170_189
3618	717_890;728_890;717_728
3619	478_728;89_478;89_728
3620	399_557;399_836;557_836
3621	89_344;344_697;89_697
3622	56_162;162_987;56_987
3623	906_1016;268_906;268_1016
3624	43_543;56_543;43_56
3625	56_438;438_641;56_641
3626	56_292;292_1016;56_1016
3627	56_234;234_1016;56_1016
3628	56_92;92_117;56_117
3629	540_1016;335_540;335_1016
3630	46_1016;46_226;226_1016
3631	240_641;240_735;641_735
3632	333_1032;333_793;793_1032
3633	105_735;105_1016;735_1016
3634	222_1032;222_793;793_1032
3635	198_226;198_932;226_932
3636	197_226;197_932;226_932
3637	86_1032;86_855;855_1032
3638	287_580;287_581;580_581
3639	311_555;311_649;555_649
3640	226_310;310_602;226_602
3641	263_537;117_263;117_537
3642	718_1016;358_718;358_1016
3643	581_670;670_1019;581_1019
3644	685_979;685_919;919_979
3645	531_555;531_649;555_649
3646	555_814;649_814;555_649
3647	196_537;196_263;263_537
3648	56_1009;987_1009;56_987
3649	112_1016;112_687;687_1016
3650	5_529;529_928;5_928
3651	491_506;483_491;483_506
3652	553_836;314_553;314_836
3653	171_836;171_314;314_836
3654	182_554;554_821;182_821
3655	80_314;80_629;314_629
3656	314_754;629_754;314_629
3657	821_848;581_848;581_821
3658	178_439;439_551;178_551
3659	372_1046;89_1046;89_372
3660	581_948;605_948;581_605
3661	524_581;524_528;528_581
3662	237_581;237_744;581_744
3663	89_876;697_876;89_697
3664	634_1016;358_634;358_1016
3665	334_1016;334_335;335_1016
3666	174_748;174_437;437_748
3667	89_914;697_914;89_697
3668	182_689;554_689;182_554
3669	555_905;531_905;531_555
3670	539_814;539_649;649_814
3671	462_581;462_605;581_605
3672	22_103;22_363;103_363
3673	103_468;363_468;103_363
3674	605_695;695_728;605_728
3675	363_887;767_887;363_767
3676	363_599;580_599;363_580
3677	89_534;534_1016;89_1016
3678	647_767;581_647;581_767
3679	274_767;274_581;581_767
3680	89_835;835_883;89_883
3681	461_1048;182_461;182_1048
3682	184_197;184_932;197_932
3683	182_895;554_895;182_554
3684	891_923;728_923;728_891
3685	217_807;107_807;107_217
3686	728_776;89_776;89_728
3687	107_1040;612_1040;107_612
3688	41_89;41_476;89_476
3689	89_786;786_883;89_883
3690	89_684;684_862;89_862
3691	243_320;320_806;243_806
3692	243_564;564_806;243_806
3693	330_911;330_555;555_911
3694	43_309;56_309;43_56
3695	612_1045;327_1045;327_612
3696	905_1004;531_1004;531_905
3697	649_937;937_1016;649_1016
3698	107_826;826_1040;107_1040
3699	649_710;710_1016;649_1016
3700	427_1016;334_427;334_1016
3701	846_1016;226_846;226_1016
3702	226_951;932_951;226_932
3703	195_932;182_195;182_932
3704	932_1015;207_1015;207_932
3705	103_1047;363_1047;103_363
3706	741_1002;891_1002;741_891
3707	447_932;182_447;182_932
3708	182_857;857_907;182_907
3709	728_977;852_977;728_852
3710	821_967;848_967;821_848
3711	728_745;745_852;728_852
3712	510_581;510_545;545_581
3713	89_415;415_979;89_979
3714	56_801;801_1016;56_1016
3715	54_577;484_577;54_484
3716	89_426;426_476;89_476
3717	40_806;40_43;43_806
3718	673_1016;358_673;358_1016
3719	126_484;126_932;484_932
3720	56_989;641_989;56_641
3721	476_952;952_1016;476_1016
3722	358_762;217_762;217_358
3723	182_549;410_549;182_410
3724	606_867;867_900;606_900
3725	641_1033;381_1033;381_641
3726	54_576;576_1032;54_1032
3727	612_1006;411_1006;411_612
3728	485_638;485_571;571_638
3729	127_932;127_489;489_932
3730	872_932;195_872;195_932
3731	805_932;805_1015;932_1015
3732	48_932;48_207;207_932
3733	935_1048;182_935;182_1048
3734	579_932;447_579;447_932
3735	1013_1048;182_1013;182_1048
3736	290_932;290_447;447_932
3737	489_975;900_975;489_900
3738	207_845;523_845;207_523
3739	637_932;207_637;207_932
3740	15_928;15_936;928_936
3741	559_907;559_674;674_907
3742	2_182;2_382;182_382
3743	796_928;608_796;608_928
3744	200_830;570_830;200_570
3745	186_200;186_570;200_570
3746	200_416;416_570;200_570
3747	461_498;182_498;182_461
3748	490_581;490_524;524_581
3749	200_662;570_662;200_570
3750	142_200;142_570;200_570
3751	907_1005;559_1005;559_907
3752	523_746;497_746;497_523
3753	382_924;178_924;178_382
3754	182_704;305_704;182_305
3755	182_259;259_554;182_554
3756	724_821;581_724;581_821
3757	363_644;193_644;193_363
3758	419_674;419_926;674_926
3759	93_111;93_130;111_130
3760	821_884;581_884;581_821
3761	821_870;870_967;821_967
3762	182_787;2_787;2_182
3763	178_532;532_551;178_551
3764	472_848;472_581;581_848
3765	701_821;581_701;581_821
3766	554_589;589_821;554_821
3767	440_554;440_821;554_821
3768	369_423;423_970;369_970
3769	6_369;6_970;369_970
3770	368_554;368_821;554_821
3771	551_784;581_784;551_581
3772	554_631;631_821;554_821
3773	363_550;193_550;193_363
3774	362_926;103_362;103_926
3775	50_926;50_103;103_926
3776	664_674;664_926;674_926
3777	363_521;193_521;193_363
3778	322_468;322_363;363_468
3779	36_821;36_870;821_870
3780	581_1035;545_1035;545_581
3781	103_295;295_363;103_363
3782	363_730;730_810;363_810
3783	586_672;249_586;249_672
3784	211_581;211_974;581_974
3785	238_249;56_238;56_249
3786	61_911;61_555;555_911
3787	581_667;667_741;581_741
3788	402_1035;402_545;545_1035
3789	103_273;22_273;22_103
3790	357_581;357_741;581_741
3791	528_972;111_972;111_528
3792	581_799;528_799;528_581
3793	672_727;586_727;586_672
3794	386_744;372_386;372_744
3795	111_997;130_997;111_130
3796	672_941;249_941;249_672
3797	249_897;56_897;56_249
3798	25_1016;25_235;235_1016
3799	628_785;89_785;89_628
3800	628_654;89_654;89_628
3801	537_783;196_783;196_537
3802	581_676;676_799;581_799
3803	697_929;911_929;697_911
3804	387_563;54_387;54_563
3805	89_338;243_338;89_243
3806	316_1016;235_316;235_1016
3807	452_638;452_485;485_638
3808	270_876;270_697;697_876
3809	89_383;383_558;89_558
3810	89_561;243_561;89_243
3811	54_982;255_982;54_255
3812	89_953;41_953;41_89
3813	665_911;555_665;555_911
3814	709_1032;333_709;333_1032
3815	133_697;133_929;697_929
3816	249_398;56_398;56_249
3817	457_932;127_457;127_932
3818	61_527;527_555;61_555
3819	249_277;56_277;56_249
3820	56_219;219_989;56_989
3821	249_980;56_980;56_249
3822	9_497;9_182;182_497
3823	56_817;234_817;56_234
3824	523_1034;271_1034;271_523
3825	146_1016;146_723;723_1016
3826	56_651;651_989;56_989
3827	20_1016;20_581;581_1016
3828	56_598;537_598;56_537
3829	182_509;509_554;182_554
3830	456_537;196_456;196_537
3831	194_989;194_641;641_989
3832	27_523;27_271;271_523
3833	625_1016;625_718;718_1016
3834	381_412;412_735;381_735
3835	66_335;66_753;335_753
3836	224_290;224_447;290_447
3837	410_890;23_890;23_410
3838	339_1016;339_563;563_1016
3839	335_399;399_753;335_753
3840	640_807;107_640;107_807
3841	7_411;7_638;411_638
3842	149_372;149_496;372_496
3843	17_107;17_1040;107_1040
3844	301_367;367_968;301_968
3845	760_968;571_760;571_968
3846	354_968;354_571;571_968
3847	337_728;337_745;728_745
3848	13_612;13_411;411_612
3849	49_89;49_876;89_876
3850	681_928;681_936;928_936
3851	179_928;179_836;836_928
3852	35_593;35_1000;593_1000
3853	593_994;35_994;35_593
3854	593_823;823_1000;593_1000
3855	434_1052;434_892;892_1052
3856	251_1000;251_629;629_1000
3857	778_836;553_778;553_836
3858	314_691;691_754;314_754
3859	105_555;105_311;311_555
3860	311_984;649_984;311_649
3861	671_1016;268_671;268_1016
3862	516_1016;516_581;581_1016
3863	374_1016;374_687;687_1016
3864	240_718;240_358;358_718
3865	54_607;255_607;54_255
3866	793_873;873_932;793_932
3867	932_958;207_958;207_932
3868	86_932;86_207;207_932
3869	638_855;452_855;452_638
3870	757_932;523_757;523_932
3871	711_833;5_833;5_711
3872	520_999;711_999;520_711
3873	5_909;529_909;5_529
3874	557_936;557_1052;936_1052
3875	438_928;438_936;928_936
3876	182_344;344_382;182_382
3877	92_836;92_314;314_836
3878	752_754;629_752;629_754
3879	465_553;314_465;314_553
3880	84_581;84_237;237_581
3881	170_559;170_674;559_674
3882	553_595;314_595;314_553
3883	488_754;488_629;629_754
3884	280_314;280_754;314_754
3885	754_811;752_811;752_754
3886	314_780;80_780;80_314
3887	926_1039;50_1039;50_926
3888	350_967;350_848;848_967
3889	162_926;103_162;103_926
3890	103_949;468_949;103_468
3891	103_443;273_443;103_273
3892	84_540;237_540;84_237
3893	491_581;491_717;581_717
3894	310_581;237_310;237_581
3895	748_832;437_832;437_748
3896	581_619;510_619;510_581
3897	89_578;578_666;89_666
3898	89_560;560_561;89_561
3899	237_449;449_744;237_744
3900	510_685;545_685;510_545
3901	480_510;480_545;510_545
3902	222_437;89_222;89_437
3903	89_470;338_470;89_338
3904	24_744;24_372;372_744
3905	243_630;630_806;243_806
3906	243_464;464_806;243_806
3907	189_1016;189_346;346_1016
3908	113_243;113_464;243_464
3909	1_43;1_56;43_56
3910	735_910;910_1016;735_1016
3911	56_596;596_651;56_651
3912	563_679;54_679;54_563
3913	543_801;543_1016;801_1016
3914	690_753;612_690;612_753
3915	246_496;246_569;496_569
3916	214_801;214_1016;801_1016
3917	18_806;18_43;43_806
3918	418_806;43_418;43_806
3919	268_395;226_395;226_268
3920	328_806;43_328;43_806
3921	79_641;79_1033;641_1033
3922	54_71;71_255;54_255
3923	30_641;30_1033;641_1033
3924	325_641;325_1033;641_1033
3925	260_381;260_735;381_735
3926	435_1016;335_435;335_1016
3927	630_946;806_946;630_806
3928	806_865;328_865;328_806
3929	346_798;58_798;58_346
3930	703_910;703_1016;910_1016
3931	284_1016;284_427;427_1016
3932	58_244;244_932;58_932
3933	209_641;209_381;381_641
3934	160_381;160_735;381_735
3935	43_1003;56_1003;43_56
3936	89_860;338_860;89_338
3937	825_1016;335_825;335_1016
3938	58_652;652_932;58_932
3939	1_428;56_428;1_56
3940	56_155;155_801;56_801
3941	338_592;243_592;243_338
3942	391_1016;346_391;346_1016
3943	56_794;794_1009;56_1009
3944	188_1016;188_563;563_1016
3945	64_987;64_1016;987_1016
3946	1016_1024;671_1024;671_1016
3947	1014_1016;736_1014;736_1016
3948	67_801;67_1016;801_1016
3949	581_938;938_948;581_948
3950	346_622;622_798;346_798
3951	150_1016;150_346;346_1016
3952	16_1032;16_333;333_1032
3953	371_793;371_932;793_932
3954	43_716;56_716;43_56
3955	43_302;1_302;1_43
3956	43_60;56_60;43_56
3957	19_932;19_757;757_932
3958	56_181;181_801;56_801
3959	145_932;145_606;606_932
3960	1_696;56_696;1_56
3961	244_919;919_932;244_932
3962	700_1016;335_700;335_1016
3963	200_680;416_680;200_416
3964	660_1016;660_1024;1016_1024
3965	489_623;623_975;489_975
3966	457_535;127_535;127_457
3967	210_1016;210_736;736_1016
3968	54_931;71_931;54_71
3969	171_1016;171_189;189_1016
3970	602_960;932_960;602_932
3971	89_274;274_561;89_561
3972	237_875;744_875;237_744
3973	292_372;258_292;258_372
3974	776_952;89_952;89_776
3975	65_243;65_806;243_806
3976	560_1046;561_1046;560_561
3977	517_806;43_517;43_806
3978	89_442;442_666;89_666
3979	171_868;189_868;171_189
3980	43_498;1_498;1_43
3981	183_189;183_346;189_346
3982	1_348;56_348;1_56
3983	804_987;64_804;64_987
3984	58_112;112_932;58_932
3985	58_547;547_652;58_652
3986	64_157;157_1016;64_1016
3987	72_989;72_641;641_989
3988	47_1003;47_56;56_1003
3989	400_735;400_1016;735_1016
3990	56_342;219_342;56_219
3991	54_221;71_221;54_71
3992	122_932;122_457;457_932
3993	114_641;114_325;325_641
3994	64_840;840_1016;64_1016
3995	802_1016;673_802;673_1016
3996	493_523;271_493;271_523
3997	402_497;9_402;9_497
3998	279_641;209_279;209_641
3999	182_203;203_554;182_554
4000	271_441;182_441;182_271
4001	500_735;400_500;400_735
4002	381_707;260_707;260_381
4003	182_212;212_259;182_259
4004	381_1019;735_1019;381_735
4005	110_1016;110_210;210_1016
4006	57_209;57_381;209_381
4007	21_1016;21_391;391_1016
4008	427_714;334_714;334_427
4009	260_937;735_937;260_735
4010	614_1016;614_1024;1016_1024
4011	539_571;539_711;571_711
4012	184_372;184_258;258_372
4013	56_198;198_1009;56_1009
4014	437_461;222_461;222_437
4015	309_314;309_691;314_691
4016	423_840;423_1016;840_1016
4017	653_666;653_1016;666_1016
4018	6_754;6_752;752_754
4019	715_752;629_715;629_752
4020	752_1013;629_1013;629_752
4021	249_924;897_924;249_897
4022	198_784;784_1009;198_1009
4023	649_1048;1016_1048;649_1016
4024	941_1016;268_941;268_1016
4025	93_757;93_523;523_757
4026	271_527;441_527;271_441
4027	40_182;40_410;182_410
4028	259_951;554_951;259_554
4029	362_581;362_948;581_948
4030	415_744;372_415;372_744
4031	368_581;237_368;237_581
4032	84_476;237_476;84_237
4033	550_948;550_605;605_948
4034	89_724;666_724;89_666
4035	89_887;555_887;89_555
4036	89_426;426_860;89_860
4037	243_640;564_640;243_564
4038	89_505;505_560;89_560
4039	89_133;133_883;89_883
4040	274_980;561_980;274_561
4041	249_760;56_760;56_249
4042	256_815;249_256;249_815
4043	531_897;56_531;56_897
4044	360_897;56_360;56_897
4045	48_243;48_640;243_640
4046	857_1016;673_857;673_1016
4047	813_1040;612_813;612_1040
4048	644_1040;612_644;612_1040
4049	56_787;641_787;56_641
4050	418_704;43_704;43_418
4051	38_1016;38_110;110_1016
4052	367_1016;367_737;737_1016
4053	277_1016;54_277;54_1016
4054	202_1016;202_563;563_1016
4055	1004_1016;188_1004;188_1016
4056	60_830;56_830;56_60
4057	662_757;523_662;523_757
4058	142_1016;142_737;737_1016
4059	224_641;209_224;209_641
4060	56_672;672_801;56_801
4061	207_977;845_977;207_845
4062	226_970;602_970;226_602
4063	210_733;733_736;210_736
4064	586_711;5_586;5_711
4065	497_532;182_532;182_497
4066	357_972;741_972;357_741
4067	845_867;523_867;523_845
4068	43_147;147_302;43_302
4069	478_753;478_690;690_753
4070	735_814;814_1016;735_1016
4071	612_890;327_890;327_612
4072	240_612;240_411;411_612
4073	332_736;54_332;54_736
4074	753_979;690_979;690_753
4075	182_1047;259_1047;182_259
4076	523_823;746_823;523_746
4077	727_845;523_727;523_845
4078	558_612;327_558;327_612
4079	182_432;410_432;182_410
4080	182_354;354_541;182_541
4081	194_571;194_711;571_711
4082	557_711;5_557;5_711
4083	259_654;654_951;259_951
4084	735_997;400_997;400_735
4085	40_786;410_786;40_410
4086	581_684;357_684;357_581
4087	520_895;711_895;520_711
4088	398_928;398_836;836_928
4089	270_520;270_711;520_711
4090	641_758;209_758;209_641
4091	197_209;197_381;209_381
4092	928_994;836_994;836_928
4093	462_870;462_967;870_967
4094	170_363;170_767;363_767
4095	449_968;744_968;449_744
4096	338_892;243_892;243_338
4097	439_754;439_752;752_754
4098	559_1016;559_802;802_1016
4099	193_561;193_243;243_561
4100	243_837;806_837;243_806
4101	89_551;551_883;89_883
4102	560_615;615_1046;560_1046
4103	876_932;19_876;19_932
4104	1016_1039;202_1039;202_1016
4105	271_664;182_664;182_271
4106	40_984;410_984;40_410
4107	103_634;634_949;103_949
4108	22_1005;363_1005;22_363
4109	49_647;49_581;581_647
4110	322_647;322_581;581_647
4111	684_906;357_906;357_684
4112	581_909;717_909;581_717
4113	528_992;111_992;111_528
4114	581_946;490_946;490_581
4115	581_723;717_723;581_717
4116	339_581;339_684;581_684
4117	741_905;905_1002;741_1002
4118	528_919;919_992;528_992
4119	92_1016;46_92;46_1016
4120	528_623;111_623;111_528
4121	480_728;89_480;89_728
4122	595_605;595_695;605_695
4123	524_625;528_625;524_528
4124	846_966;843_846;843_966
4125	528_607;111_607;111_528
4126	50_89;50_835;89_835
4127	89_643;643_862;89_862
4128	105_130;105_628;130_628
4129	111_670;130_670;111_130
4130	111_601;130_601;111_130
4131	89_162;162_666;89_666
4132	529_628;529_785;628_785
4133	15_843;15_494;494_843
4134	89_833;505_833;89_505
4135	89_616;616_666;89_666
4136	576_785;89_576;89_785
4137	728_817;480_817;480_728
4138	598_728;89_598;89_728
4139	89_438;438_914;89_914
4140	372_434;292_434;292_372
4141	89_369;369_551;89_551
4142	13_89;13_666;89_666
4143	316_666;316_653;653_666
4144	107_580;580_1040;107_1040
4145	287_628;287_785;628_785
4146	835_1006;883_1006;835_883
4147	195_666;195_653;653_666
4148	89_246;246_643;89_643
4149	56_810;672_810;56_672
4150	350_1016;38_350;38_1016
4151	249_780;780_897;249_897
4152	280_1045;280_327;327_1045
4153	549_815;249_549;249_815
4154	327_589;571_589;327_571
4155	38_117;110_117;38_110
4156	249_412;412_897;249_897
4157	571_667;520_667;520_571
4158	571_953;520_953;520_571
4159	488_1016;217_488;217_1016
4160	520_873;270_873;270_520
4161	56_383;383_672;56_672
4162	801_975;214_975;214_801
4163	56_456;219_456;56_219
4164	36_1032;36_932;932_1032
4165	56_61;61_1016;56_1016
4166	56_238;238_787;56_787
4167	673_1035;358_1035;358_673
4168	41_54;41_577;54_577
4169	1016_1034;736_1034;736_1016
4170	255_783;783_1032;255_1032
4171	80_1016;80_210;210_1016
4172	35_110;35_210;110_210
4173	689_1016;318_689;318_1016
4174	17_1016;17_268;268_1016
4175	7_1016;7_92;92_1016
4176	673_935;358_935;358_673
4177	793_809;371_809;371_793
4178	210_826;733_826;210_733
4179	255_950;950_1032;255_1032
4180	255_443;443_1032;255_1032
4181	146_255;146_1032;255_1032
4182	687_762;217_687;217_762
4183	344_762;217_344;217_762
4184	884_932;19_884;19_932
4185	730_932;730_920;920_932
4186	599_612;599_1045;612_1045
4187	207_872;845_872;207_845
4188	240_263;263_411;240_411
4189	251_523;251_823;523_823
4190	674_836;674_778;778_836
4191	553_619;465_619;465_553
4192	30_752;30_715;715_752
4193	419_811;419_752;752_811
4194	127_744;127_386;386_744
4195	374_862;56_374;56_862
4196	543_931;931_1016;543_1016
4197	1015_1016;563_1015;563_1016
4198	150_523;150_497;497_523
4199	251_498;498_823;251_823
4200	845_1014;727_1014;727_845
4201	746_875;497_875;497_746
4202	391_845;391_727;727_845
4203	348_746;348_497;497_746
4204	79_845;79_727;727_845
4205	685_823;685_746;746_823
4206	211_271;211_664;271_664
4207	532_832;182_832;182_532
4208	532_825;182_825;182_532
4209	182_716;40_716;40_182
4210	532_660;182_660;182_532
4211	664_703;182_703;182_664
4212	182_284;284_926;182_926
4213	182_295;40_295;40_182
4214	696_926;103_696;103_926
4215	532_665;665_832;532_832
4216	113_532;113_825;532_825
4217	461_806;461_517;517_806
4218	160_517;43_160;43_517
4219	43_859;60_859;43_60
4220	43_122;60_122;43_60
4221	56_840;672_840;56_672
4222	60_539;539_830;60_830
4223	56_852;641_852;56_641
4224	387_810;387_672;672_810
4225	509_672;509_801;672_801
4226	804_810;387_804;387_810
4227	235_672;235_801;672_801
4228	203_672;203_801;672_801
4229	500_801;214_500;214_801
4230	67_707;707_1016;67_1016
4231	209_279;279_381;209_381
4232	57_975;57_214;214_975
4233	214_960;960_1016;214_1016
4234	622_1016;268_622;268_1016
4235	157_209;157_381;209_381
4236	6_975;6_214;214_975
4237	330_1016;330_427;427_1016
4238	54_952;577_952;54_577
4239	214_579;579_1016;214_1016
4240	423_1016;423_671;671_1016
4241	155_1016;155_318;318_1016
4242	92_290;46_290;46_92
4243	244_970;244_602;602_970
4244	149_318;54_149;54_318
4245	671_676;268_676;268_671
4246	440_1024;440_671;671_1024
4247	318_630;54_630;54_318
4248	268_476;226_476;226_268
4249	64_671;64_268;268_671
4250	540_735;540_910;735_910
4251	9_268;9_226;226_268
4252	534_671;268_534;268_671
4253	470_932;470_876;876_932
4254	226_464;464_970;226_970
4255	268_310;310_395;268_395
4256	196_268;196_395;268_395
4257	416_1016;416_671;671_1016
4258	54_186;186_952;54_952
4259	54_578;41_578;41_54
4260	447_1016;46_447;46_1016
4261	226_680;680_970;226_970
4262	268_999;226_999;226_268
4263	521_671;521_676;671_676
4264	47_577;47_484;484_577
4265	41_651;577_651;41_577
4266	334_593;335_593;334_335
4267	484_535;535_932;484_932
4268	489_932;489_637;637_932
4269	527_757;527_662;662_757
4270	66_714;66_334;334_714
4271	24_577;24_484;484_577
4272	20_602;20_932;602_932
4273	710_932;710_920;920_932
4274	484_669;669_932;484_932
4275	213_932;213_920;920_932
4276	602_971;932_971;602_932
4277	471_523;471_497;497_523
4278	463_970;463_602;602_970
4279	19_450;450_757;19_757
4280	351_577;351_484;484_577
4281	103_469;363_469;103_363
4282	301_951;301_554;554_951
4283	297_484;297_535;484_535
4284	293_484;126_293;126_484
4285	165_662;165_523;523_662
4286	51_182;51_554;182_554
4287	482_484;126_482;126_484
4288	523_1042;182_1042;182_523
4289	242_821;242_701;701_821
4290	523_896;182_896;182_523
4291	575_932;19_575;19_932
4292	582_757;582_662;662_757
4293	588_821;581_588;581_821
4294	495_554;495_821;554_821
4295	376_932;376_958;932_958
4296	478_581;89_478;89_581
4297	145_247;247_606;145_606
4298	145_177;177_606;145_606
4299	523_731;731_823;523_823
4300	103_600;363_600;103_363
4301	31_767;31_581;581_767
4302	523_760;150_760;150_523
4303	363_531;531_767;363_767
4304	457_523;251_457;251_523
4305	3_848;3_581;581_848
4306	182_220;220_259;182_259
4307	119_523;119_150;150_523
4308	537_581;89_537;89_581
4309	581_877;524_877;524_581
4310	45_523;45_746;523_746
4311	581_668;89_668;89_581
4312	294_806;294_461;461_806
4313	524_839;528_839;524_528
4314	170_632;632_767;170_767
4315	100_581;100_111;111_581
4316	422_524;422_528;524_528
4317	524_603;528_603;524_528
4318	490_929;524_929;490_524
4319	256_524;256_528;524_528
4320	319_386;319_372;372_386
4321	700_806;43_700;43_806
4322	262_325;262_1033;325_1033
4323	130_682;628_682;130_628
4324	56_272;272_840;56_840
4325	628_1053;785_1053;628_785
4326	410_1012;23_1012;23_410
4327	743_865;328_743;328_865
4328	130_713;628_713;130_628
4329	89_850;850_862;89_862
4330	89_225;225_369;89_369
4331	261_528;111_261;111_528
4332	82_103;82_469;103_469
4333	89_511;511_862;89_862
4334	560_1000;561_1000;560_561
4335	204_529;204_785;529_785
4336	123_806;123_418;418_806
4337	576_751;89_751;89_576
4338	1_94;56_94;1_56
4339	815_1044;249_1044;249_815
4340	576_955;89_955;89_576
4341	641_918;114_918;114_641
4342	561_765;243_765;243_561
4343	420_833;420_505;505_833
4344	243_742;742_837;243_837
4345	341_561;243_341;243_561
4346	52_883;52_815;815_883
4347	89_515;515_833;89_833
4348	89_409;409_561;89_561
4349	352_806;352_700;700_806
4350	560_694;561_694;560_561
4351	225_502;369_502;225_369
4352	43_907;60_907;43_60
4353	827_883;815_827;815_883
4354	562_704;43_562;43_704
4355	193_331;243_331;193_243
4356	219_382;382_989;219_989
4357	243_646;65_646;65_243
4358	241_243;65_241;65_243
4359	78_243;65_78;65_243
4360	477_641;114_477;114_641
4361	43_349;147_349;43_147
4362	180_852;180_641;641_852
4363	243_340;320_340;243_320
4364	829_859;60_829;60_859
4365	43_719;1_719;1_43
4366	726_837;726_806;806_837
4367	43_624;122_624;43_122
4368	604_806;604_865;806_865
4369	173_243;173_837;243_837
4370	178_243;178_837;243_837
4371	65_454;454_806;65_806
4372	43_252;122_252;43_122
4373	60_842;830_842;60_830
4374	43_702;1_702;1_43
4375	65_675;675_806;65_806
4376	658_815;249_658;249_815
4377	154_243;154_837;243_837
4378	138_806;138_865;806_865
4379	63_815;63_249;249_815
4380	11_60;11_56;56_60
4381	815_956;549_956;549_815
4382	302_308;1_308;1_302
4383	304_806;294_304;294_806
4384	132_243;65_132;65_243
4385	56_70;70_989;56_989
4386	320_431;431_806;320_806
4387	313_806;43_313;43_806
4388	830_1037;56_1037;56_830
4389	795_837;795_806;806_837
4390	74_551;74_883;551_883
4391	28_43;1_28;1_43
4392	249_761;761_780;249_780
4393	780_994;897_994;780_897
4394	444_780;444_897;780_897
4395	75_883;75_815;815_883
4396	769_806;294_769;294_806
4397	56_557;557_801;56_801
4398	491_827;491_815;815_827
4399	56_184;61_184;56_61
4400	56_190;190_852;56_852
4401	897_1023;360_1023;360_897
4402	801_978;500_978;500_801
4403	42_815;42_549;549_815
4404	565_815;565_658;658_815
4405	355_801;355_975;801_975
4406	33_801;33_975;801_975
4407	815_998;249_998;249_815
4408	360_878;56_878;56_360
4409	56_657;61_657;56_61
4410	106_815;106_249;249_815
4411	122_285;60_285;60_122
4412	876_974;19_974;19_876
4413	932_997;876_997;876_932
4414	467_876;19_467;19_876
4415	771_780;444_771;444_780
4416	149_248;54_248;54_149
4417	141_549;141_249;249_549
4418	151_672;151_801;672_801
4419	226_705;705_970;226_970
4420	34_249;34_897;249_897
4421	114_697;325_697;114_325
4422	209_510;381_510;209_381
4423	368_602;368_932;602_932
4424	48_399;48_753;399_753
4425	618_1016;171_618;171_1016
4426	924_1019;735_924;735_1019
4427	745_780;745_994;780_994
4428	360_626;56_626;56_360
4429	56_906;272_906;56_272
4430	690_895;612_895;612_690
4431	66_867;334_867;66_334
4432	236_360;56_236;56_360
4433	56_135;61_135;56_61
4434	753_923;690_923;690_753
4435	116_198;116_1009;198_1009
4436	334_526;335_526;334_335
4437	321_334;321_593;334_593
4438	32_334;32_593;334_593
4439	61_442;442_1016;61_1016
4440	887_1016;622_887;622_1016
4441	197_690;197_612;612_690
4442	672_677;677_801;672_801
4443	226_566;566_680;226_680
4444	611_1016;54_611;54_1016
4445	83_1016;83_330;330_1016
4446	322_671;268_322;268_671
4447	671_1010;676_1010;671_676
4448	602_891;891_932;602_932
4449	69_1016;69_416;416_1016
4450	377_711;377_928;711_928
4451	571_814;814_953;571_953
4452	20_299;299_932;20_932
4453	932_961;757_961;757_932
4454	571_779;779_953;571_953
4455	533_671;268_533;268_671
4456	932_1048;876_1048;876_932
4457	671_1003;322_1003;322_671
4458	520_977;711_977;520_711
4459	724_778;553_724;553_778
4460	649_932;649_920;920_932
4461	932_980;470_980;470_932
4462	805_932;19_805;19_932
4463	255_937;937_1032;255_1032
4464	400_876;19_400;19_876
4465	212_1052;212_836;836_1052
4466	49_520;49_711;520_711
4467	354_1032;354_709;709_1032
4468	342_711;342_377;377_711
4469	711_794;794_928;711_928
4470	377_857;857_928;377_928
4471	21_333;21_793;333_793
4472	0_333;0_793;333_793
4473	5_403;403_928;5_928
4474	5_139;139_928;5_928
4475	333_1011;793_1011;333_793
4476	142_928;142_608;608_928
4477	316_932;145_316;145_932
4478	263_470;263_876;470_876
4479	553_1006;314_1006;314_553
4480	19_27;27_757;19_757
4481	757_853;582_853;582_757
4482	757_935;662_935;662_757
4483	19_846;450_846;19_450
4484	746_892;497_892;497_746
4485	480_523;150_480;150_523
4486	497_1035;532_1035;497_532
4487	117_823;117_685;685_823
4488	532_1002;665_1002;532_665
4489	182_311;311_554;182_554
4490	182_640;640_1047;182_1047
4491	182_860;284_860;182_284
4492	746_855;348_855;348_746
4493	182_485;485_1047;182_1047
4494	516_1047;259_516;259_1047
4495	411_767;411_581;581_767
4496	452_821;452_701;701_821
4497	72_259;72_654;259_654
4498	103_968;363_968;103_363
4499	644_767;411_644;411_767
4500	767_784;581_784;581_767
4501	718_767;581_718;581_767
4502	581_607;607_744;581_744
4503	268_776;196_776;196_268
4504	395_595;226_595;226_395
4505	638_757;638_662;662_757
4506	367_767;367_581;581_767
4507	456_767;456_581;581_767
4508	383_767;383_411;411_767
4509	89_1034;862_1034;89_862
4510	737_862;56_737;56_862
4511	234_751;89_234;89_751
4512	56_802;61_802;56_61
4513	56_689;689_906;56_906
4514	198_884;116_884;116_198
4515	198_730;116_730;116_198
4516	465_883;465_815;815_883
4517	405_987;405_1016;987_1016
4518	398_1016;398_611;611_1016
4519	441_1016;441_941;941_1016
4520	98_566;98_680;566_680
4521	17_52;17_815;52_815
4522	787_941;268_787;268_941
4523	226_1039;464_1039;226_464
4524	680_919;919_970;680_970
4525	181_970;181_463;463_970
4526	244_647;602_647;244_602
4527	56_415;61_415;56_61
4528	35_467;19_35;19_467
4529	7_56;7_989;56_989
4530	592_672;592_801;672_801
4531	183_876;183_974;876_974
4532	580_757;580_662;662_757
4533	110_801;110_214;214_801
4534	280_974;19_280;19_974
4535	84_987;84_1016;987_1016
4536	19_1014;757_1014;19_757
4537	662_798;523_798;523_662
4538	746_804;497_804;497_746
4539	112_226;112_566;226_566
4540	483_746;348_483;348_746
4541	226_741;741_970;226_970
4542	54_332;71_332;54_71
4543	36_577;36_484;484_577
4544	89_929;369_929;89_369
4545	762_809;371_762;371_809
4546	371_494;494_932;371_932
4547	440_932;440_470;470_932
4548	19_843;450_843;19_450
4549	470_653;653_876;470_876
4550	157_876;157_467;467_876
4551	470_605;605_876;470_876
4552	562_757;562_638;638_757
4553	437_662;437_523;523_662
4554	502_662;502_523;523_662
4555	428_876;428_974;876_974
4556	662_966;798_966;662_798
4557	251_431;431_498;251_498
4558	795_974;19_795;19_974
4559	248_497;248_1035;497_1035
4560	19_290;290_450;19_450
4561	491_823;491_746;746_823
4562	6_431;6_498;431_498
4563	301_431;301_498;431_498
4564	498_534;534_823;498_823
4565	497_1012;248_1012;248_497
4566	348_510;497_510;348_497
4567	348_521;497_521;348_497
4568	180_746;180_497;497_746
4569	363_923;767_923;363_767
4570	331_348;331_497;348_497
4571	279_363;279_767;363_767
4572	3_363;3_170;170_363
4573	174_581;174_524;524_581
4574	132_767;132_581;581_767
4575	438_1035;438_532;532_1035
4576	308_644;308_411;411_644
4577	235_1035;235_532;532_1035
4578	461_554;461_631;554_631
4579	581_726;357_726;357_581
4580	212_532;182_212;182_532
4581	581_1003;478_1003;478_581
4582	825_867;182_867;182_825
4583	727_821;727_870;821_870
4584	581_733;357_733;357_581
4585	931_1047;259_931;259_1047
4586	870_999;462_999;462_870
4587	715_926;696_715;696_926
4588	49_478;49_89;89_478
4589	94_328;43_94;43_328
4590	581_632;478_632;478_581
4591	60_979;830_979;60_830
4592	977_1019;735_977;735_1019
4593	896_1016;358_896;358_1016
4594	745_1016;611_745;611_1016
4595	268_1045;395_1045;268_395
4596	268_842;395_842;268_395
4597	268_760;395_760;268_395
4598	758_970;244_758;244_970
4599	724_970;181_724;181_970
4600	696_1011;103_1011;103_696
4601	821_937;581_937;581_821
4602	293_581;111_293;111_581
4603	130_545;105_545;105_130
4604	543_628;529_543;529_628
4605	350_628;350_785;628_785
4606	628_712;287_712;287_628
4607	219_628;219_287;287_628
4608	89_852;852_862;89_862
4609	529_618;204_618;204_529
4610	263_1053;263_785;785_1053
4611	785_956;576_956;576_785
4612	204_210;210_785;204_785
4613	63_515;63_833;515_833
4614	469_883;52_469;52_883
4615	47_89;47_338;89_338
4616	435_815;435_1044;815_1044
4617	560_1048;1000_1048;560_1000
4618	330_658;249_330;249_658
4619	69_549;69_249;249_549
4620	83_761;83_780;761_780
4621	221_761;221_780;761_780
4622	56_1002;135_1002;56_135
4623	56_846;641_846;56_641
4624	56_516;516_987;56_987
4625	416_987;405_416;405_987
4626	86_1016;86_941;941_1016
4627	405_614;614_1016;405_1016
4628	447_641;114_447;114_641
4629	9_61;9_442;61_442
4630	480_1016;318_480;318_1016
4631	72_1016;72_358;358_1016
4632	442_961;961_1016;442_1016
4633	86_472;472_941;86_941
4634	255_707;707_1032;255_1032
4635	671_1016;318_671;318_1016
4636	637_1033;381_637;381_1033
4637	117_395;117_226;226_395
4638	853_1016;853_887;887_1016
4639	226_471;471_680;226_680
4640	45_1016;45_92;92_1016
4641	941_1042;787_1042;787_941
4642	839_941;787_839;787_941
4643	665_941;665_787;787_941
4644	582_1016;92_582;92_1016
4645	150_1016;72_150;72_1016
4646	422_1016;318_422;318_1016
4647	368_1016;358_368;358_1016
4648	268_860;842_860;268_842
4649	92_155;46_155;46_92
4650	190_268;190_476;268_476
4651	268_319;319_1045;268_1045
4652	181_872;463_872;181_463
4653	226_827;566_827;226_566
4654	70_181;70_463;181_463
4655	680_810;810_919;680_919
4656	680_718;718_919;680_919
4657	634_970;244_634;244_970
4658	649_950;920_950;649_920
4659	310_746;310_855;746_855
4660	165_497;165_402;402_497
4661	35_757;35_527;527_757
4662	165_456;402_456;165_402
4663	795_823;491_795;491_823
4664	746_918;180_918;180_746
4665	653_855;348_653;348_855
4666	331_400;400_497;331_497
4667	301_341;243_301;243_341
4668	243_1014;646_1014;243_646
4669	252_980;122_980;122_252
4670	56_997;272_997;56_272
4671	56_876;135_876;56_135
4672	135_710;61_710;61_135
4673	56_198;198_641;56_641
4674	61_427;427_442;61_442
4675	715_735;715_910;735_910
4676	727_910;727_1016;910_1016
4677	468_1016;468_887;887_1016
4678	49_1016;49_441;441_1016
4679	386_1016;386_887;887_1016
4680	200_441;200_941;441_941
4681	611_787;268_611;268_787
4682	268_1015;842_1015;268_842
4683	461_842;395_461;395_842
4684	22_705;22_970;705_970
4685	94_970;94_602;602_970
4686	602_892;892_971;602_971
4687	483_891;483_932;891_932
4688	210_891;210_932;891_932
4689	127_932;19_127;19_932
4690	132_932;132_649;649_932
4691	649_1011;920_1011;649_920
4692	462_932;19_462;19_932
4693	51_932;51_649;649_932
4694	618_757;618_662;662_757
4695	649_696;696_950;649_950
4696	662_1012;437_1012;437_662
4697	662_978;523_978;523_662
4698	251_848;431_848;251_431
4699	723_823;723_746;746_823
4700	182_767;767_821;182_821
4701	497_1003;182_1003;182_497
4702	644_746;310_644;310_746
4703	182_308;308_1047;182_1047
4704	279_497;182_279;182_497
4705	631_746;631_855;746_855
4706	182_363;363_767;182_767
4707	165_968;402_968;165_402
4708	259_744;654_744;259_654
4709	221_259;221_654;259_654
4710	103_259;103_654;259_654
4711	63_113;63_825;113_825
4712	69_182;69_1047;182_1047
4713	411_532;113_411;113_532
4714	532_967;113_967;113_532
4715	825_949;182_949;182_825
4716	531_825;182_531;182_825
4717	263_497;263_532;497_532
4718	532_600;113_600;113_532
4719	182_554;485_554;182_485
4720	532_712;411_712;411_532
4721	182_469;469_821;182_821
4722	113_219;219_825;113_825
4723	330_825;182_330;182_825
4724	182_833;69_833;69_182
4725	17_1047;17_259;259_1047
4726	182_570;554_570;182_554
4727	182_606;606_1047;182_1047
4728	470_825;182_470;182_825
4729	805_1047;259_805;259_1047
4730	521_821;521_937;821_937
4731	259_435;435_654;259_654
4732	510_825;182_510;182_825
4733	485_505;505_1047;485_1047
4734	83_111;83_130;111_130
4735	654_923;923_951;654_951
4736	259_1044;103_1044;103_259
4737	259_577;221_577;221_259
4738	628_815;350_815;350_628
4739	785_878;89_878;89_785
4740	761_956;576_761;576_956
4741	89_771;771_862;89_862
4742	89_896;835_896;89_835
4743	371_551;371_883;551_883
4744	369_952;551_952;369_551
4745	354_551;354_371;371_551
4746	145_787;145_268;268_787
4747	543_842;395_543;395_842
4748	196_702;395_702;196_395
4749	395_647;117_647;117_395
4750	630_705;630_970;705_970
4751	810_970;602_810;602_970
4752	20_852;852_932;20_932
4753	757_977;35_977;35_757
4754	35_643;527_643;35_527
4755	649_1034;950_1034;649_950
4756	523_637;637_731;523_731
4757	628_827;350_827;350_628
4758	604_1000;865_1000;604_865
4759	43_1048;859_1048;43_859
4760	135_680;61_680;61_135
4761	61_634;9_634;9_61
4762	442_987;987_1016;442_1016
4763	724_1016;368_724;368_1016
4764	181_381;181_1019;381_1019
4765	294_735;294_910;735_910
4766	92_1016;92_368;368_1016
4767	471_735;471_715;715_735
4768	86_368;86_358;358_368
4769	318_368;318_358;358_368
4770	724_989;368_989;368_724
4771	268_671;671_842;268_842
4772	441_480;480_941;441_941
4773	760_860;395_860;395_760
4774	795_970;94_795;94_970
4775	478_602;478_892;602_892
4776	891_1014;483_1014;483_891
4777	19_717;717_757;19_757
4778	662_829;829_966;662_966
4779	731_769;769_823;731_823
4780	498_1045;823_1045;498_823
4781	823_975;491_975;491_823
4782	491_733;733_746;491_746
4783	632_823;491_632;491_823
4784	497_557;182_557;182_497
4785	301_1003;182_301;182_1003
4786	497_867;182_867;182_497
4787	203_363;203_767;363_767
4788	357_497;357_1003;497_1003
4789	180_338;338_497;180_497
4790	182_960;554_960;182_554
4791	182_712;554_712;182_554
4792	906_1016;724_906;724_1016
4793	395_470;117_470;117_395
4794	970_979;602_979;602_970
4795	132_745;649_745;132_649
4796	757_853;853_977;757_977
4797	823_978;491_978;491_823
4798	746_1012;497_1012;497_746
4799	746_878;497_878;497_746
4800	746_825;497_825;497_746
4801	400_1012;400_497;497_1012
4802	463_497;463_867;497_867
4803	182_234;69_234;69_182
4804	113_767;113_821;767_821
4805	89_644;644_929;89_929
4806	369_1044;952_1044;369_952
4807	551_606;371_606;371_551
4808	551_570;371_570;371_551
4809	56_918;876_918;56_876
4810	248_1016;248_386;386_1016
4811	647_1016;248_647;248_1016
4812	310_1016;310_386;386_1016
4813	103_248;103_386;248_386
4814	386_637;637_887;386_887
4815	835_887;622_835;622_887
4816	226_744;744_970;226_970
4817	685_887;622_685;622_887
4818	437_622;268_437;268_622
4819	671_980;842_980;671_842
4820	51_891;51_483;483_891
4821	483_931;931_932;483_932
4822	122_523;122_251;251_523
4823	83_932;19_83;19_932
4824	731_1034;823_1034;731_823
4825	527_638;638_662;527_662
4826	527_579;579_662;527_662
4827	127_829;127_966;829_966
4828	804_829;804_966;829_966
4829	308_527;308_579;527_579
4830	355_733;355_746;733_746
4831	576_798;523_576;523_798
4832	214_731;214_823;731_823
4833	823_1000;491_1000;491_823
4834	823_989;491_989;491_823
4835	491_500;500_733;491_733
4836	491_524;524_746;491_746
4837	174_491;174_746;491_746
4838	733_758;746_758;733_746
4839	528_767;528_821;767_821
4840	878_926;497_926;497_878
4841	293_318;111_318;111_293
4842	86_497;86_557;497_557
4843	20_279;20_182;182_279
4844	89_509;509_771;89_771
4845	263_785;263_956;785_956
4846	294_442;294_961;442_961
4847	252_622;252_437;437_622
4848	117_427;226_427;117_226
4849	630_842;395_630;395_842
4850	226_1042;705_1042;226_705
4851	480_842;461_480;461_842
4852	92_226;92_970;226_970
4853	203_226;203_744;226_744
4854	540_932;19_540;19_932
4855	358_705;22_358;22_705
4856	483_987;932_987;483_932
4857	145_602;145_891;602_891
4858	602_702;702_891;602_891
4859	132_751;745_751;132_745
4860	744_852;852_970;744_970
4861	19_896;757_896;19_757
4862	319_602;319_892;602_892
4863	950_1015;920_1015;920_950
4864	456_483;456_987;483_987
4865	468_483;468_932;483_932
4866	46_662;46_829;662_829
4867	505_638;505_662;638_662
4868	745_769;649_769;649_745
4869	724_829;724_804;804_829
4870	795_966;795_798;798_966
4871	450_950;450_920;920_950
4872	338_950;338_920;920_950
4873	210_431;210_498;431_498
4874	462_497;462_532;497_532
4875	478_823;478_723;723_823
4876	823_949;491_949;491_823
4877	491_848;746_848;491_746
4878	491_531;531_746;491_746
4879	355_368;368_746;355_746
4880	457_497;279_457;279_497
4881	355_415;415_746;355_746
4882	182_653;653_767;182_767
4883	821_1035;581_1035;581_821
4884	761_878;497_761;497_878
4885	182_301;301_767;182_767
4886	182_862;862_960;182_960
4887	63_557;63_182;182_557
4888	182_330;330_767;182_767
4889	557_967;182_967;182_557
4890	279_600;182_600;182_279
4891	182_411;234_411;182_234
4892	200_554;200_485;485_554
4893	331_767;331_821;767_821
4894	821_997;997_1035;821_1035
4895	485_631;631_1047;485_1047
4896	198_1035;198_581;581_1035
4897	17_975;259_975;17_259
4898	259_516;516_577;259_577
4899	350_510;510_785;350_785
4900	219_785;89_219;89_785
4901	1_435;1_654;435_654
4902	560_654;560_923;654_923
4903	65_654;65_923;654_923
4904	806_829;804_806;804_829
4905	497_924;279_924;279_497
4906	463_641;641_867;463_867
4907	279_596;182_596;182_279
4908	182_272;272_767;182_767
4909	182_710;554_710;182_554
4910	262_767;262_528;528_767
4911	521_611;611_937;521_937
4912	581_1019;607_1019;581_607
4913	581_727;293_727;293_581
4914	130_941;628_941;130_628
4915	785_910;263_910;263_785
4916	735_785;735_956;785_956
4917	543_767;262_543;262_767
4918	130_310;310_628;130_628
4919	441_941;441_628;628_941
4920	350_402;402_785;350_785
4921	470_910;263_470;263_910
4922	263_980;956_980;263_956
4923	510_835;785_835;510_785
4924	348_785;348_910;785_910
4925	263_833;833_956;263_956
4926	644_785;89_644;89_785
4927	357_785;89_357;89_785
4928	715_785;715_910;785_910
4929	632_815;350_632;350_815
4930	471_815;350_471;350_815
4931	89_570;369_570;89_369
4932	350_354;354_785;350_785
4933	402_647;647_785;402_785
4934	294_510;294_785;510_785
4935	196_369;196_952;369_952
4936	263_717;717_956;263_956
4937	637_735;637_956;735_956
