cycle_id	edges
0	0_2;1_2;0_1
1	1_3;0_3;0_1
2	0_4;1_4;0_1
3	0_5;1_5;0_1
4	1_6;3_6;1_3
5	1_7;0_7;0_1
6	1_8;0_8;0_1
7	1_9;3_9;1_3
8	1_10;0_10;0_1
9	0_11;2_11;0_2
10	3_12;0_12;0_3
11	0_13;1_13;0_1
12	0_14;4_14;0_4
13	1_15;0_15;0_1
14	1_16;0_16;0_1
15	3_17;0_17;0_3
16	0_18;1_18;0_1
17	0_19;1_19;0_1
18	0_20;1_20;0_1
19	1_21;0_21;0_1
20	1_22;0_22;0_1
21	1_23;8_23;1_8
22	3_24;0_24;0_3
23	3_25;17_25;3_17
24	0_26;2_26;0_2
25	15_27;0_27;0_15
26	0_28;5_28;0_5
27	1_29;0_29;0_1
28	0_30;5_30;0_5
29	1_31;3_31;1_3
30	0_32;1_32;0_1
31	0_33;14_33;0_14
32	2_34;1_34;1_2
33	1_35;10_35;1_10
34	1_36;3_36;1_3
35	1_37;3_37;1_3
36	1_38;0_38;0_1
37	0_39;11_39;0_11
38	1_40;10_40;1_10
39	0_41;19_41;0_19
40	0_42;2_42;0_2
41	1_43;9_43;1_9
42	1_44;23_44;1_23
43	1_45;15_45;1_15
44	0_46;1_46;0_1
45	3_47;17_47;3_17
46	1_48;3_48;1_3
47	0_49;26_49;0_26
48	0_50;13_50;0_13
49	1_51;8_51;1_8
50	0_52;26_52;0_26
51	8_53;0_53;0_8
52	2_54;1_54;1_2
53	0_55;13_55;0_13
54	1_56;9_56;1_9
55	1_57;23_57;1_23
56	3_58;25_58;3_25
57	0_59;14_59;0_14
58	0_60;1_60;0_1
59	7_61;0_61;0_7
60	0_62;1_62;0_1
61	14_63;4_63;4_14
62	0_64;5_64;0_5
63	3_65;0_65;0_3
64	4_66;1_66;1_4
65	1_67;16_67;1_16
66	1_68;48_68;1_48
67	1_69;0_69;0_1
68	1_70;38_70;1_38
69	3_71;17_71;3_17
70	1_72;3_72;1_3
71	3_73;0_73;0_3
72	13_74;1_74;1_13
73	13_75;1_75;1_13
74	6_76;3_76;3_6
75	33_77;14_77;14_33
76	1_78;23_78;1_23
77	48_79;3_79;3_48
78	3_80;24_80;3_24
79	0_81;18_81;0_18
80	1_82;3_82;1_3
81	14_83;4_83;4_14
82	3_84;24_84;3_24
83	0_85;14_85;0_14
84	9_86;3_86;3_9
85	18_87;1_87;1_18
86	24_88;0_88;0_24
87	18_89;1_89;1_18
88	0_90;2_90;0_2
89	1_91;70_91;1_70
90	0_92;1_92;0_1
91	1_93;15_93;1_15
92	0_94;1_94;0_1
93	1_95;16_95;1_16
94	9_96;3_96;3_9
95	1_97;3_97;1_3
96	1_98;21_98;1_21
97	1_99;29_99;1_29
98	1_100;72_100;1_72
99	11_101;2_101;2_11
100	1_102;70_102;1_70
101	1_103;38_103;1_38
102	1_104;10_104;1_10
103	1_105;6_105;1_6
104	3_106;0_106;0_3
105	1_107;29_107;1_29
106	5_108;1_108;1_5
107	1_109;7_109;1_7
108	1_110;16_110;1_16
109	1_111;9_111;1_9
110	29_112;0_112;0_29
111	3_113;0_113;0_3
112	0_114;39_114;0_39
113	3_115;0_115;0_3
114	0_116;4_116;0_4
115	15_117;27_117;15_27
116	3_118;25_118;3_25
117	3_119;25_119;3_25
118	3_120;58_120;3_58
119	72_121;3_121;3_72
120	0_122;14_122;0_14
121	0_123;32_123;0_32
122	0_124;55_124;0_55
123	1_125;56_125;1_56
124	3_126;0_126;0_3
125	16_127;0_127;0_16
126	0_128;30_128;0_30
127	25_129;17_129;17_25
128	0_130;20_130;0_20
129	0_131;55_131;0_55
130	0_132;1_132;0_1
131	0_133;122_133;0_122
132	0_134;2_134;0_2
133	14_135;83_135;14_83
134	0_136;2_136;0_2
135	4_137;1_137;1_4
136	17_138;0_138;0_17
137	0_139;52_139;0_52
138	17_140;0_140;0_17
139	17_141;0_141;0_17
140	1_142;82_142;1_82
141	1_143;44_143;1_44
142	1_144;35_144;1_35
143	1_145;104_145;1_104
144	1_146;68_146;1_68
145	1_147;45_147;1_45
146	1_148;0_148;0_1
147	1_149;110_149;1_110
148	2_150;54_150;2_54
149	15_151;0_151;0_15
150	68_152;48_152;48_68
151	15_153;0_153;0_15
152	1_154;40_154;1_40
153	78_155;23_155;23_78
154	2_156;34_156;2_34
155	110_157;16_157;16_110
156	2_158;1_158;1_2
157	23_159;8_159;8_23
158	18_160;1_160;1_18
159	0_161;19_161;0_19
160	3_162;17_162;3_17
161	3_163;73_163;3_73
162	0_164;11_164;0_11
163	1_165;37_165;1_37
164	3_166;24_166;3_24
165	4_167;1_167;1_4
166	0_168;1_168;0_1
167	0_169;55_169;0_55
168	1_170;35_170;1_35
169	2_171;34_171;2_34
170	23_172;8_172;8_23
171	1_173;6_173;1_6
172	0_174;11_174;0_11
173	2_175;54_175;2_54
174	3_176;12_176;3_12
175	8_177;0_177;0_8
176	0_178;14_178;0_14
177	8_179;0_179;0_8
178	0_180;2_180;0_2
179	0_181;50_181;0_50
180	1_182;142_182;1_142
181	0_183;81_183;0_81
182	1_184;9_184;1_9
183	32_185;1_185;1_32
184	1_186;104_186;1_104
185	3_187;0_187;0_3
186	0_188;49_188;0_49
187	0_189;13_189;0_13
188	0_190;2_190;0_2
189	0_191;19_191;0_19
190	0_192;28_192;0_28
191	164_193;11_193;11_164
192	13_194;1_194;1_13
193	1_195;3_195;1_3
194	1_196;10_196;1_10
195	3_197;24_197;3_24
196	65_198;0_198;0_65
197	3_199;187_199;3_187
198	1_200;56_200;1_56
199	3_201;12_201;3_12
200	9_202;3_202;3_9
201	3_203;126_203;3_126
202	9_204;3_204;3_9
203	99_205;29_205;29_99
204	14_206;4_206;4_14
205	0_207;19_207;0_19
206	158_208;1_208;1_158
207	1_209;143_209;1_143
208	1_210;149_210;1_149
209	4_211;1_211;1_4
210	0_212;136_212;0_136
211	0_213;90_213;0_90
212	1_214;110_214;1_110
213	0_215;5_215;0_5
214	188_216;49_216;49_188
215	18_217;1_217;1_18
216	0_218;90_218;0_90
217	3_219;58_219;3_58
218	1_220;142_220;1_142
219	0_221;18_221;0_18
220	0_222;81_222;0_81
221	16_223;0_223;0_16
222	1_224;69_224;1_69
223	1_225;196_225;1_196
224	1_226;36_226;1_36
225	1_227;29_227;1_29
226	23_228;8_228;8_23
227	3_229;65_229;3_65
228	23_230;8_230;8_23
229	8_231;53_231;8_53
230	19_232;1_232;1_19
231	8_233;53_233;8_53
232	53_234;0_234;0_53
233	0_235;161_235;0_161
234	0_236;222_236;0_222
235	0_237;190_237;0_190
236	0_238;124_238;0_124
237	0_239;188_239;0_188
238	0_240;4_240;0_4
239	4_241;1_241;1_4
240	0_242;14_242;0_14
241	0_243;20_243;0_20
242	0_244;92_244;0_92
243	28_245;5_245;5_28
244	1_246;195_246;1_195
245	1_247;37_247;1_37
246	1_248;16_248;1_16
247	23_249;8_249;8_23
248	1_250;111_250;1_111
249	1_251;104_251;1_104
250	1_252;111_252;1_111
251	3_253;73_253;3_73
252	106_254;0_254;0_106
253	0_255;221_255;0_221
254	1_256;195_256;1_195
255	0_257;190_257;0_190
256	5_258;1_258;1_5
257	0_259;28_259;0_28
258	3_260;187_260;3_187
259	0_261;20_261;0_20
260	195_262;3_262;3_195
261	0_263;116_263;0_116
262	124_264;55_264;55_124
263	0_265;178_265;0_178
264	2_266;54_266;2_54
265	28_267;5_267;5_28
266	1_268;68_268;1_68
267	0_269;26_269;0_26
268	1_270;35_270;1_35
269	1_271;9_271;1_9
270	1_272;224_272;1_224
271	3_273;106_273;3_106
272	3_274;113_274;3_113
273	0_275;131_275;0_131
274	0_276;122_276;0_122
275	13_277;74_277;13_74
276	13_278;1_278;1_13
277	1_279;38_279;1_38
278	26_280;2_280;2_26
279	1_281;31_281;1_31
280	18_282;89_282;18_89
281	1_283;195_283;1_195
282	1_284;10_284;1_10
283	0_285;5_285;0_5
284	1_286;35_286;1_35
285	1_287;196_287;1_196
286	1_288;15_288;1_15
287	0_289;215_289;0_215
288	73_290;0_290;0_73
289	4_291;1_291;1_4
290	49_292;26_292;26_49
291	0_293;212_293;0_212
292	0_294;134_294;0_134
293	1_295;283_295;1_283
294	18_296;160_296;18_160
295	1_297;15_297;1_15
296	1_298;251_298;1_251
297	1_299;283_299;1_283
298	0_300;221_300;0_221
299	3_301;0_301;0_3
300	1_302;272_302;1_272
301	1_303;272_303;1_272
302	0_304;183_304;0_183
303	195_305;262_305;195_262
304	3_306;71_306;3_71
305	3_307;84_307;3_84
306	1_308;214_308;1_214
307	1_309;105_309;1_105
308	1_310;67_310;1_67
309	0_311;239_311;0_239
310	1_312;225_312;1_225
311	87_313;1_313;1_87
312	2_314;54_314;2_54
313	0_315;178_315;0_178
314	3_316;106_316;3_106
315	3_317;229_317;3_229
316	0_318;41_318;0_41
317	195_319;262_319;195_262
318	0_320;221_320;0_221
319	0_321;180_321;0_180
320	49_322;26_322;26_49
321	10_323;0_323;0_10
322	0_324;222_324;0_222
323	180_325;2_325;2_180
324	1_326;78_326;1_78
325	1_327;256_327;1_256
326	1_328;95_328;1_95
327	2_329;34_329;2_34
328	1_330;256_330;1_256
329	283_331;195_331;195_283
330	14_332;206_332;14_206
331	34_333;1_333;1_34
332	1_334;170_334;1_170
333	195_335;3_335;3_195
334	1_336;7_336;1_7
335	0_337;276_337;0_276
336	0_338;236_338;0_236
337	262_339;3_339;3_262
338	0_340;238_340;0_238
339	0_341;19_341;0_19
340	3_342;201_342;3_201
341	172_343;8_343;8_172
342	1_344;67_344;1_67
343	0_345;26_345;0_26
344	0_346;320_346;0_320
345	0_347;4_347;0_4
346	201_348;12_348;12_201
347	0_349;60_349;0_60
348	54_350;1_350;1_54
349	54_351;1_351;1_54
350	54_352;1_352;1_54
351	179_353;0_353;0_179
352	2_354;54_354;2_54
353	1_355;283_355;1_283
354	1_356;170_356;1_170
355	4_357;66_357;4_66
356	54_358;1_358;1_54
357	1_359;111_359;1_111
358	54_360;1_360;1_54
359	2_361;329_361;2_329
360	0_362;4_362;0_4
361	38_363;0_363;0_38
362	1_364;295_364;1_295
363	1_365;51_365;1_51
364	66_366;1_366;1_66
365	1_367;224_367;1_224
366	0_368;318_368;0_318
367	195_369;319_369;195_319
368	76_370;3_370;3_76
369	3_371;126_371;3_126
370	0_372;294_372;0_294
371	1_373;69_373;1_69
372	0_374;180_374;0_180
373	1_375;330_375;1_330
374	4_376;167_376;4_167
375	2_377;1_377;1_2
376	17_378;138_378;17_138
377	180_379;325_379;180_325
378	195_380;3_380;3_195
379	54_381;351_381;54_351
380	1_382;104_382;1_104
381	0_383;238_383;0_238
382	1_384;356_384;1_356
383	0_385;265_385;0_265
384	1_386;281_386;1_281
385	81_387;18_387;18_81
386	2_388;314_388;2_314
387	293_389;212_389;212_293
388	1_390;104_390;1_104
389	0_391;337_391;0_337
390	54_392;1_392;1_54
391	39_393;11_393;11_39
392	39_394;11_394;11_39
393	54_395;352_395;54_352
394	1_396;98_396;1_98
395	1_397;247_397;1_247
396	212_398;136_398;136_212
397	330_399;256_399;256_330
398	195_400;319_400;195_319
399	20_401;1_401;1_20
400	195_402;3_402;3_195
401	10_403;0_403;0_10
402	1_404;78_404;1_78
403	1_405;281_405;1_281
404	1_406;98_406;1_98
405	83_407;4_407;4_83
406	1_408;288_408;1_288
407	0_409;349_409;0_349
408	1_410;303_410;1_303
409	4_411;66_411;4_66
410	1_412;308_412;1_308
411	0_413;30_413;0_30
412	281_414;31_414;31_281
413	3_415;253_415;3_253
414	4_416;241_416;4_241
415	167_417;1_417;1_167
416	167_418;1_418;1_167
417	0_419;311_419;0_311
418	1_420;382_420;1_382
419	253_421;73_421;73_253
420	3_422;126_422;3_126
421	84_423;24_423;24_84
422	14_424;332_424;14_332
423	14_425;63_425;14_63
424	222_426;81_426;81_222
425	1_427;284_427;1_284
426	1_428;105_428;1_105
427	157_429;16_429;16_157
428	82_430;3_430;3_82
429	16_431;223_431;16_223
430	18_432;296_432;18_296
431	206_433;4_433;4_206
432	1_121;102_121;1_102
433	1_77;77_375;1_375
434	1_434;268_434;1_268
435	160_435;1_435;1_160
436	2_436;314_436;2_314
437	2_437;314_437;2_314
438	2_438;1_438;1_2
439	1_439;251_439;1_251
440	2_440;1_440;1_2
441	1_441;281_441;1_281
442	26_442;2_442;2_26
443	171_443;34_443;34_171
444	2_444;54_444;2_54
445	2_445;34_445;2_34
446	2_446;175_446;2_175
447	1_447;355_447;1_355
448	34_448;1_448;1_34
449	54_449;381_449;54_381
450	54_450;1_450;1_54
451	34_451;1_451;1_34
452	6_452;76_452;6_76
453	54_453;351_453;54_351
454	1_454;405_454;1_405
455	329_455;34_455;34_329
456	34_456;1_456;1_34
457	34_457;1_457;1_34
458	54_458;352_458;54_352
459	1_459;104_459;1_104
460	351_460;1_460;1_351
461	1_461;256_461;1_256
462	1_462;68_462;1_68
463	1_463;93_463;1_93
464	1_464;356_464;1_356
465	1_465;373_465;1_373
466	367_466;224_466;224_367
467	1_467;302_467;1_302
468	1_468;365_468;1_365
469	1_469;303_469;1_303
470	1_470;209_470;1_209
471	1_471;283_471;1_283
472	0_472;114_472;0_114
473	4_473;241_473;4_241
474	104_474;10_474;10_104
475	293_475;212_475;212_293
476	35_476;10_476;10_35
477	0_477;4_477;0_4
478	3_478;71_478;3_71
479	0_479;242_479;0_242
480	3_480;106_480;3_106
481	14_481;4_481;4_14
482	0_482;293_482;0_293
483	8_483;179_483;8_179
484	3_484;12_484;3_12
485	338_485;236_485;236_338
486	323_486;0_486;0_323
487	12_487;0_487;0_12
488	0_488;347_488;0_347
489	1_489;382_489;1_382
490	1_490;447_490;1_447
491	403_491;0_491;0_403
492	222_492;81_492;81_222
493	0_493;349_493;0_349
494	0_494;90_494;0_90
495	0_495;239_495;0_239
496	1_496;410_496;1_410
497	0_497;383_497;0_383
498	4_498;167_498;4_167
499	167_499;1_499;1_167
500	4_500;167_500;4_167
501	81_501;18_501;18_81
502	222_502;426_502;222_426
503	1_503;121_503;1_121
504	1_504;77_504;1_77
505	1_505;390_505;1_390
506	48_506;79_506;48_79
507	357_507;66_507;66_357
508	4_508;167_508;4_167
509	134_509;2_509;2_134
510	2_510;361_510;2_361
511	1_511;390_511;1_390
512	1_512;439_512;1_439
513	4_513;416_513;4_416
514	1_514;308_514;1_308
515	1_515;344_515;1_344
516	1_516;67_516;1_67
517	1_517;303_517;1_303
518	1_518;462_518;1_462
519	1_519;336_519;1_336
520	1_520;142_520;1_142
521	18_521;282_521;18_282
522	63_522;4_522;4_63
523	294_523;134_523;134_294
524	251_524;104_524;104_251
525	38_525;0_525;0_38
526	473_526;241_526;241_473
527	1_129;67_129;1_67
528	0_527;1_527;0_1
529	23_528;159_528;23_159
530	1_529;434_529;1_434
531	431_530;223_530;223_431
532	262_531;339_531;262_339
533	0_532;30_532;0_30
534	0_533;238_533;0_238
535	0_534;5_534;0_5
536	4_535;241_535;4_241
537	0_536;178_536;0_178
538	0_537;221_537;0_221
539	4_538;241_538;4_241
540	3_539;12_539;3_12
541	167_540;1_540;1_167
542	60_541;1_541;1_60
543	0_542;85_542;0_85
544	0_543;4_543;0_4
545	0_544;64_544;0_64
546	0_545;30_545;0_30
547	159_546;8_546;8_159
548	178_547;14_547;14_178
549	1_548;48_548;1_48
550	1_549;225_549;1_225
551	0_550;495_550;0_495
552	1_551;390_551;1_390
553	1_552;355_552;1_355
554	10_205;0_205;0_10
555	3_193;193_316;3_316
556	323_553;0_553;0_323
557	0_554;183_554;0_183
558	0_555;1_555;0_1
559	1_556;251_556;1_251
560	0_557;261_557;0_261
561	0_558;85_558;0_85
562	347_559;4_559;4_347
563	1_560;250_560;1_250
564	1_561;336_561;1_336
565	1_562;48_562;1_48
566	104_563;10_563;10_104
567	111_564;9_564;9_111
568	14_565;332_565;14_332
569	10_566;0_566;0_10
570	10_567;323_567;10_323
571	1_568;397_568;1_397
572	16_569;0_569;0_16
573	323_570;553_570;323_553
574	4_571;500_571;4_500
575	3_208;12_208;3_12
576	9_572;3_572;3_9
577	0_573;544_573;0_544
578	1_574;468_574;1_468
579	0_575;527_575;0_527
580	0_576;130_576;0_130
581	0_577;41_577;0_41
582	0_578;183_578;0_183
583	1_152;142_152;1_142
584	5_579;108_579;5_108
585	170_580;35_580;35_170
586	0_581;391_581;0_391
587	10_198;0_198;0_10
588	1_185;185_519;1_519
589	3_582;342_582;3_342
590	10_583;567_583;10_567
591	0_584;221_584;0_221
592	1_585;279_585;1_279
593	10_586;0_586;0_10
594	3_587;119_587;3_119
595	127_567;127_323;323_567
596	553_588;0_588;0_553
597	0_589;555_589;0_555
598	0_590;311_590;0_311
599	323_591;0_591;0_323
600	0_592;537_592;0_537
601	0_593;575_593;0_575
602	323_594;553_594;323_553
603	0_135;4_135;0_4
604	1_595;367_595;1_367
605	1_596;364_596;1_364
606	0_597;5_597;0_5
607	0_598;338_598;0_338
608	5_599;258_599;5_258
609	81_600;18_600;18_81
610	1_601;287_601;1_287
611	271_602;9_602;9_271
612	10_603;323_603;10_323
613	1_604;464_604;1_464
614	1_605;560_605;1_560
615	1_606;427_606;1_427
616	112_560;112_250;250_560
617	267_323;0_267;0_323
618	74_245;1_245;1_74
619	74_607;1_607;1_74
620	256_608;195_608;195_256
621	1_609;367_609;1_367
622	1_120;120_251;1_251
623	1_118;118_434;1_434
624	1_610;548_610;1_548
625	140_196;10_140;10_196
626	3_611;342_611;3_342
627	3_612;478_612;3_478
628	1_613;51_613;1_51
629	3_156;156_253;3_253
630	89_614;1_614;1_89
631	1_615;209_615;1_209
632	342_616;201_616;201_342
633	342_617;201_617;201_342
634	439_618;251_618;251_439
635	0_619;139_619;0_139
636	166_251;104_166;104_251
637	115_563;10_115;10_563
638	1_133;133_210;1_210
639	1_230;230_355;1_355
640	54_228;228_352;54_352
641	204_280;2_204;2_280
642	1_125;125_356;1_356
643	1_109;109_585;1_585
644	35_231;10_231;10_35
645	181_567;181_323;323_567
646	40_567;40_323;323_567
647	0_199;199_597;0_597
648	33_352;1_33;1_352
649	0_211;211_383;0_383
650	22_323;22_553;323_553
651	0_58;4_58;0_4
652	4_65;65_498;4_498
653	1_56;56_77;1_77
654	0_219;135_219;0_135
655	26_176;176_442;26_442
656	18_379;160_379;18_160
657	18_226;160_226;18_160
658	0_237;237_243;0_243
659	1_123;123_356;1_356
660	0_254;218_254;0_218
661	331_466;224_331;224_466
662	188_398;49_398;49_188
663	4_290;290_473;4_473
664	207_565;207_332;332_565
665	0_96;96_385;0_385
666	0_325;174_325;0_174
667	189_498;167_189;167_498
668	1_163;163_373;1_373
669	313_498;167_313;167_498
670	235_464;235_356;356_464
671	58_168;4_168;4_58
672	190_206;4_190;4_206
673	59_174;11_59;11_174
674	1_260;260_496;1_496
675	1_173;142_173;1_142
676	1_32;32_561;1_561
677	29_65;29_498;65_498
678	4_244;244_473;4_473
679	137_498;137_167;167_498
680	46_212;46_136;136_212
681	136_164;2_164;2_136
682	4_200;200_508;4_508
683	2_343;171_343;2_171
684	232_498;167_232;167_498
685	184_266;54_184;54_266
686	50_266;50_54;54_266
687	234_498;234_313;313_498
688	1_275;275_516;1_516
689	1_99;99_272;1_272
690	1_229;148_229;1_148
691	1_278;78_278;1_78
692	1_21;21_518;1_518
693	80_228;80_352;228_352
694	177_454;177_405;405_454
695	1_203;120_203;1_120
696	3_47;47_342;3_342
697	3_182;182_253;3_253
698	3_42;42_611;3_611
699	68_285;48_285;48_68
700	0_363;96_363;0_96
701	252_262;252_339;262_339
702	0_217;217_349;0_349
703	138_342;138_201;201_342
704	187_342;187_201;201_342
705	68_407;48_407;48_68
706	0_399;1_399;0_1
707	3_509;253_509;3_253
708	360_611;342_360;342_611
709	265_378;178_378;178_265
710	201_304;304_348;201_348
711	201_300;12_300;12_201
712	53_385;53_265;265_385
713	1_485;275_485;1_275
714	5_346;346_599;5_599
715	3_457;342_457;3_342
716	262_424;252_424;252_262
717	3_215;215_253;3_253
718	320_342;320_617;342_617
719	201_430;12_430;12_201
720	57_537;57_221;221_537
721	12_432;0_432;0_12
722	12_546;0_546;0_12
723	12_476;0_476;0_12
724	0_24;24_385;0_385
725	0_458;136_458;0_136
726	0_451;385_451;0_385
727	1_292;292_517;1_517
728	0_541;340_541;0_340
729	4_528;498_528;4_498
730	0_602;592_602;0_592
731	1_307;99_307;1_99
732	333_498;189_333;189_498
733	370_375;330_370;330_375
734	1_306;306_373;1_373
735	167_269;1_269;1_167
736	1_531;531_604;1_604
737	0_440;440_534;0_534
738	1_381;381_439;1_439
739	142_446;82_446;82_142
740	0_445;445_534;0_534
741	354_385;53_354;53_385
742	265_350;350_378;265_378
743	265_288;178_288;178_265
744	35_425;231_425;35_231
745	0_220;24_220;0_24
746	178_413;14_413;14_178
747	0_412;372_412;0_372
748	14_19;4_19;4_14
749	14_408;4_408;4_14
750	14_525;525_565;14_565
751	1_484;484_606;1_606
752	1_500;485_500;1_485
753	357_365;66_365;66_357
754	160_433;1_433;1_160
755	178_361;14_361;14_178
756	167_286;269_286;167_269
757	435_513;1_513;1_435
758	435_510;1_510;1_435
759	74_167;1_74;1_167
760	460_464;356_460;356_464
761	95_142;95_446;142_446
762	464_540;356_540;356_464
763	498_564;333_564;333_498
764	67_535;16_535;16_67
765	16_144;144_569;16_569
766	463_569;0_463;0_569
767	391_516;67_391;67_516
768	0_344;325_344;0_325
769	44_82;3_44;3_82
770	1_384;384_604;1_604
771	231_400;10_400;10_231
772	13_566;0_13;0_566
773	570_604;464_570;464_604
774	231_471;10_471;10_231
775	0_470;385_470;0_385
776	0_469;469_482;0_482
777	10_456;456_567;10_567
778	0_345;24_345;0_24
779	10_175;175_583;10_583
780	356_382;170_382;170_356
781	255_436;255_314;314_436
782	146_600;18_146;18_600
783	111_265;111_178;178_265
784	572_580;35_572;35_580
785	0_505;399_505;0_399
786	226_503;160_503;160_226
787	0_247;247_445;0_445
788	124_364;264_364;124_264
789	226_291;160_291;160_226
790	0_511;325_511;0_325
791	0_202;202_372;0_372
792	0_71;71_174;0_174
793	1_326;326_517;1_517
794	93_599;93_258;258_599
795	1_441;439_441;1_439
796	1_438;268_438;1_268
797	1_520;461_520;1_461
798	1_515;185_515;1_185
799	464_514;514_540;464_540
800	1_465;465_500;1_500
801	301_377;1_301;1_377
802	299_439;251_299;251_439
803	41_303;41_272;272_303
804	1_571;142_571;1_142
805	1_487;82_487;1_82
806	1_547;82_547;1_82
807	1_263;31_263;1_31
808	1_9;9_516;1_516
809	7_369;0_369;0_7
810	140_275;140_516;275_516
811	142_536;82_536;82_142
812	224_468;69_468;69_224
813	0_192;192_482;0_482
814	0_92;92_505;0_505
815	48_542;506_542;48_506
816	3_529;73_529;3_73
817	69_85;0_85;0_69
818	48_296;296_506;48_506
819	69_151;0_151;0_69
820	131_336;7_131;7_336
821	10_117;117_567;10_567
822	98_611;98_342;342_611
823	27_182;27_253;182_253
824	428_506;79_428;79_506
825	0_406;406_440;0_440
826	316_583;316_567;567_583
827	339_550;3_550;3_339
828	3_70;70_73;3_73
829	7_411;0_411;0_7
830	246_583;246_567;567_583
831	0_501;199_501;0_199
832	0_594;236_594;0_236
833	0_64;1_64;0_1
834	0_591;440_591;0_440
835	0_488;213_488;0_213
836	2_150;150_436;2_436
837	94_537;57_94;57_537
838	308_558;214_558;214_308
839	519_556;336_556;336_519
840	52_197;26_197;26_52
841	314_347;54_347;54_314
842	105_464;105_356;356_464
843	464_552;514_552;464_514
844	0_84;84_236;0_236
845	336_499;131_499;131_336
846	0_577;218_577;0_218
847	565_578;207_578;207_565
848	415_517;303_415;303_517
849	334_583;334_567;567_583
850	0_398;398_412;0_412
851	0_549;325_549;0_325
852	0_477;477_598;0_598
853	18_616;87_616;18_87
854	0_410;406_410;0_406
855	1_612;547_612;1_547
856	0_582;325_582;0_325
857	174_605;59_605;59_174
858	11_574;101_574;11_101
859	534_613;5_613;5_534
860	1_405;312_405;1_312
861	190_517;190_303;303_517
862	196_586;10_586;10_196
863	0_414;410_414;0_410
864	82_492;44_492;44_82
865	106_176;0_176;0_106
866	397_477;397_598;477_598
867	1_502;152_502;1_152
868	265_335;111_335;111_265
869	104_386;386_563;104_563
870	178_512;14_512;14_178
871	1_164;164_551;1_551
872	3_409;409_611;3_611
873	82_186;3_186;3_82
874	82_108;44_108;44_82
875	82_367;3_367;3_82
876	50_82;3_50;3_82
877	3_379;379_480;3_480
878	3_282;282_342;3_342
879	3_573;573_611;3_611
880	3_149;73_149;3_73
881	25_332;25_206;206_332
882	36_332;36_206;206_332
883	0_51;1_51;0_1
884	0_17;17_543;0_543
885	106_603;0_603;0_106
886	24_239;239_385;24_385
887	73_478;0_478;0_73
888	4_426;65_426;4_65
889	201_310;310_348;201_348
890	11_235;235_574;11_574
891	0_420;420_592;0_592
892	137_562;48_137;48_562
893	0_219;219_458;0_458
894	0_394;394_597;0_597
895	0_135;135_218;0_218
896	4_126;65_126;4_65
897	416_417;241_417;241_416
898	63_234;4_234;4_63
899	11_232;232_235;11_235
900	109_325;109_174;174_325
901	155_476;0_155;0_476
902	43_476;0_43;0_476
903	168_476;0_168;0_476
904	241_579;1_579;1_241
905	1_403;403_562;1_562
906	1_45;38_45;1_38
907	2_359;359_377;2_377
908	2_243;243_377;2_377
909	1_23;23_77;1_77
910	1_283;283_517;1_517
911	53_595;265_595;53_265
912	1_555;271_555;1_271
913	11_355;355_574;11_574
914	131_575;7_575;7_131
915	241_466;1_466;1_241
916	1_388;196_388;1_196
917	0_447;447_477;0_477
918	180_369;0_180;0_369
919	0_442;442_597;0_597
920	0_353;353_597;0_597
921	0_216;216_592;0_592
922	3_204;182_204;3_182
923	0_188;188_549;0_549
924	0_179;179_592;0_592
925	467_597;5_467;5_597
926	30_597;5_30;5_597
927	3_437;70_437;3_70
928	0_365;17_365;0_17
929	158_537;158_221;221_537
930	177_325;174_177;174_325
931	159_592;159_537;537_592
932	1_504;164_504;1_164
933	1_360;308_360;1_308
934	1_193;193_462;1_462
935	262_548;339_548;262_339
936	94_489;57_489;57_94
937	172_221;18_172;18_221
938	339_370;370_550;339_550
939	156_221;18_156;18_221
940	103_339;103_550;339_550
941	550_601;3_601;3_550
942	0_419;414_419;0_414
943	265_304;304_350;265_350
944	178_260;14_260;14_178
945	178_459;14_459;14_178
946	14_120;120_565;14_565
947	1_187;187_517;1_517
948	258_392;1_392;1_258
949	1_389;281_389;1_281
950	5_395;346_395;5_346
951	346_580;580_599;346_599
952	0_513;14_513;0_14
953	34_514;448_514;34_448
954	1_280;280_281;1_281
955	1_413;196_413;1_196
956	0_285;174_285;0_174
957	0_508;219_508;0_219
958	174_362;362_605;174_605
959	11_585;2_585;2_11
960	59_432;11_432;11_59
961	32_59;11_32;11_59
962	542_574;101_542;101_574
963	171_600;34_600;34_171
964	2_387;387_436;2_436
965	34_456;448_456;34_448
966	34_296;296_448;34_448
967	34_380;380_514;34_514
968	373_448;1_373;1_448
969	146_448;1_146;1_448
970	85_448;1_85;1_448
971	55_448;1_55;1_448
972	448_588;1_588;1_448
973	1_81;81_281;1_281
974	3_532;532_611;3_611
975	426_457;65_457;65_426
976	78_189;78_167;167_189
977	40_56;56_323;40_323
978	1_606;405_606;1_405
979	407_486;0_407;0_486
980	144_553;0_144;0_553
981	1_363;363_403;1_403
982	0_530;219_530;0_219
983	31_533;3_533;3_31
984	2_125;125_436;2_436
985	371_569;0_371;0_569
986	0_306;306_508;0_508
987	68_297;48_297;48_68
988	223_482;0_482;0_223
989	223_470;0_470;0_223
990	469_592;469_537;537_592
991	0_384;384_451;0_451
992	0_150;150_451;0_451
993	136_264;2_264;2_136
994	2_515;387_515;2_387
995	606_615;405_615;405_606
996	79_269;3_269;3_79
997	1_340;196_340;1_196
998	308_529;529_558;308_558
999	397_465;397_500;465_500
1000	200_448;55_200;55_448
1001	85_229;1_229;1_85
1002	1_129;129_308;1_308
1003	10_396;396_583;10_583
1004	1_324;324_485;1_485
1005	123_569;0_123;0_569
1006	196_415;10_415;10_196
1007	10_222;222_583;10_583
1008	294_567;40_294;40_567
1009	308_536;536_558;308_558
1010	0_27;27_285;0_285
1011	90_472;2_472;2_90
1012	199_458;136_199;136_458
1013	354_541;53_541;53_354
1014	110_428;157_428;110_157
1015	0_255;255_592;0_592
1016	0_230;230_530;0_530
1017	83_136;2_83;2_136
1018	0_361;27_361;0_27
1019	356_387;356_436;387_436
1020	2_284;266_284;2_266
1021	427_605;59_427;59_605
1022	59_357;11_357;11_59
1023	174_516;362_516;174_362
1024	343_497;171_497;171_343
1025	343_446;171_446;171_343
1026	202_343;171_202;171_343
1027	90_501;2_501;2_90
1028	117_469;117_537;469_537
1029	11_299;299_574;11_574
1030	67_101;2_67;2_101
1031	2_58;58_387;2_387
1032	525_537;158_525;158_537
1033	493_605;59_493;59_605
1034	349_542;101_349;101_542
1035	329_535;34_535;34_329
1036	2_460;387_460;2_387
1037	101_408;2_408;2_101
1038	528_605;59_528;59_605
1039	53_121;121_265;53_265
1040	53_170;170_265;53_265
1041	221_375;156_375;156_221
1042	166_343;166_171;171_343
1043	101_540;2_540;2_101
1044	156_604;18_604;18_156
1045	101_228;67_228;67_101
1046	139_265;139_304;265_304
1047	265_333;111_333;111_265
1048	18_503;226_503;18_226
1049	53_391;265_391;53_265
1050	265_364;111_364;111_265
1051	53_291;265_291;53_265
1052	18_412;412_616;18_616
1053	192_314;192_347;314_347
1054	52_436;52_314;314_436
1055	4_13;13_426;4_426
1056	18_619;616_619;18_616
1057	314_494;347_494;314_347
1058	111_417;178_417;111_178
1059	279_314;279_347;314_347
1060	382_426;65_382;65_426
1061	275_314;54_275;54_314
1062	18_119;119_616;18_616
1063	18_352;226_352;18_226
1064	378_547;178_547;178_378
1065	14_168;168_481;14_481
1066	65_155;29_155;29_65
1067	43_378;43_178;178_378
1068	65_231;29_231;29_65
1069	1_217;129_217;1_129
1070	1_603;308_603;1_308
1071	102_308;102_558;308_558
1072	205_433;1_205;1_433
1073	84_178;84_512;178_512
1074	1_286;286_324;1_324
1075	160_215;215_435;160_435
1076	35_189;35_78;78_189
1077	1_570;173_570;1_173
1078	332_425;36_425;36_332
1079	312_383;225_383;225_312
1080	552_558;214_552;214_558
1081	1_400;268_400;1_268
1082	184_512;14_184;14_512
1083	0_105;105_344;0_344
1084	14_313;120_313;14_120
1085	197_214;110_197;110_214
1086	471_565;471_578;565_578
1087	14_564;168_564;14_168
1088	167_473;74_473;74_167
1089	212_451;212_385;385_451
1090	46_481;4_46;4_481
1091	332_526;425_526;332_425
1092	214_293;110_293;110_214
1093	196_545;10_545;10_196
1094	13_466;426_466;13_426
1095	13_453;426_453;13_426
1096	1_434;129_434;1_129
1097	13_546;426_546;13_426
1098	1_209;209_280;1_280
1099	1_143;143_148;1_148
1100	1_80;80_129;1_129
1101	1_320;173_320;1_173
1102	36_577;206_577;36_206
1103	237_325;177_237;177_325
1104	140_151;0_140;0_151
1105	173_330;142_330;142_173
1106	0_42;42_353;0_353
1107	36_454;206_454;36_206
1108	36_60;60_206;36_206
1109	0_47;47_451;0_451
1110	0_572;543_572;0_543
1111	4_22;13_22;4_13
1112	457_484;65_484;65_457
1113	308_372;372_558;308_558
1114	203_558;203_552;552_558
1115	15_189;15_78;78_189
1116	426_518;65_518;65_426
1117	118_426;65_118;65_426
1118	1_374;286_374;1_286
1119	147_426;147_457;426_457
1120	65_114;114_231;65_231
1121	98_211;211_342;98_342
1122	78_490;167_490;78_167
1123	4_21;13_21;4_13
1124	65_393;29_393;29_65
1125	176_426;176_457;426_457
1126	9_457;9_65;65_457
1127	110_254;16_254;16_110
1128	66_167;66_74;74_167
1129	457_548;65_548;65_457
1130	96_197;96_110;110_197
1131	163_253;73_163;73_253
1132	110_576;16_576;16_110
1133	74_610;1_610;1_74
1134	1_586;586_603;1_603
1135	65_106;106_498;65_498
1136	1_103;103_217;1_217
1137	1_601;308_601;1_308
1138	1_598;517_598;1_517
1139	0_133;133_530;0_530
1140	0_579;17_579;0_17
1141	0_366;105_366;0_105
1142	290_405;290_312;312_405
1143	0_398;42_398;0_42
1144	123_496;0_496;0_123
1145	371_581;0_581;0_371
1146	123_479;0_479;0_123
1147	82_234;50_234;50_82
1148	214_430;110_430;110_214
1149	3_256;256_532;3_532
1150	27_238;238_285;27_285
1151	62_272;62_224;224_272
1152	322_354;322_541;354_541
1153	285_608;174_608;174_285
1154	49_285;49_174;174_285
1155	253_422;73_422;73_253
1156	224_273;273_468;224_468
1157	69_181;0_181;0_69
1158	127_253;73_127;73_253
1159	253_596;163_596;163_253
1160	441_611;98_441;98_611
1161	46_370;4_370;4_46
1162	285_305;174_305;174_285
1163	4_252;13_252;4_13
1164	0_319;319_543;0_543
1165	0_241;241_543;0_543
1166	0_195;195_306;0_306
1167	346_424;424_599;346_599
1168	59_152;11_152;11_59
1169	25_395;25_346;346_395
1170	98_568;342_568;98_342
1171	11_351;351_574;11_574
1172	262_580;262_599;580_599
1173	73_249;0_249;0_73
1174	346_593;593_599;346_599
1175	459_483;14_483;14_459
1176	65_589;231_589;65_231
1177	260_429;14_429;14_260
1178	4_8;8_426;4_426
1179	367_599;258_367;258_599
1180	14_108;108_168;14_168
1181	378_554;547_554;378_547
1182	59_240;240_357;59_357
1183	33_59;11_33;11_59
1184	4_521;13_521;4_13
1185	242_258;1_242;1_258
1186	4_198;198_376;4_376
1187	13_461;461_466;13_466
1188	14_180;180_481;14_481
1189	6_65;6_498;65_498
1190	31_115;3_115;3_31
1191	14_331;331_565;14_565
1192	13_309;309_426;13_426
1193	4_300;13_300;4_13
1194	3_250;250_253;3_253
1195	13_550;426_550;13_426
1196	339_611;98_339;98_611
1197	167_328;66_328;66_167
1198	3_302;253_302;3_253
1199	89_426;89_176;176_426
1200	332_575;36_575;36_332
1201	72_611;72_98;98_611
1202	532_614;611_614;532_611
1203	176_208;208_457;176_457
1204	175_521;13_175;13_521
1205	342_544;544_617;342_617
1206	289_342;289_617;342_617
1207	13_492;426_492;13_426
1208	426_538;147_538;147_426
1209	29_183;183_498;29_498
1210	267_376;167_267;167_376
1211	409_426;65_409;65_426
1212	13_587;453_587;13_453
1213	65_476;393_476;65_393
1214	1_379;77_379;1_77
1215	142_509;82_509;82_142
1216	124_498;124_189;189_498
1217	189_467;78_467;78_189
1218	282_567;40_282;40_567
1219	126_610;1_126;1_610
1220	539_610;1_539;1_610
1221	149_610;1_149;1_610
1222	142_477;82_477;82_142
1223	487_532;487_611;532_611
1224	82_591;3_591;3_82
1225	234_401;50_401;50_234
1226	359_487;359_611;487_611
1227	214_584;197_584;197_214
1228	3_394;250_394;3_250
1229	98_590;211_590;98_211
1230	244_256;244_532;256_532
1231	70_611;70_339;339_611
1232	0_609;27_609;0_27
1233	20_310;20_348;310_348
1234	98_463;463_568;98_568
1235	353_531;531_597;353_597
1236	12_318;0_318;0_12
1237	0_288;135_288;0_135
1238	45_342;45_289;289_342
1239	12_283;0_283;0_12
1240	0_23;23_178;0_178
1241	27_480;285_480;27_285
1242	388_574;101_388;101_574
1243	59_64;32_64;32_59
1244	174_416;416_516;174_516
1245	49_447;174_447;49_174
1246	2_261;58_261;2_58
1247	216_299;216_574;299_574
1248	188_574;188_542;542_574
1249	101_179;67_179;67_101
1250	71_101;71_540;101_540
1251	362_595;595_605;362_605
1252	356_556;436_556;356_436
1253	101_519;519_540;101_540
1254	228_504;67_504;67_228
1255	360_427;59_360;59_427
1256	1_551;551_606;1_606
1257	314_549;347_549;314_347
1258	2_278;58_278;2_58
1259	2_326;58_326;2_58
1260	307_343;171_307;171_343
1261	58_164;164_387;58_387
1262	51_436;51_52;52_436
1263	356_369;369_436;356_436
1264	39_343;39_171;171_343
1265	64_338;32_338;32_64
1266	11_243;232_243;11_232
1267	171_566;34_566;34_171
1268	387_404;356_404;356_387
1269	95_387;95_436;387_436
1270	11_560;560_574;11_574
1271	210_356;210_556;356_556
1272	91_356;91_556;356_556
1273	245_314;192_245;192_314
1274	112_436;112_314;314_436
1275	34_607;456_607;34_456
1276	194_356;194_436;356_436
1277	347_452;54_452;54_347
1278	390_456;390_448;448_456
1279	76_514;76_448;448_514
1280	436_444;314_444;314_436
1281	61_192;61_347;192_347
1282	277_448;85_277;85_448
1283	448_474;85_474;85_448
1284	358_448;85_358;85_448
1285	101_450;2_450;2_101
1286	51_499;52_499;51_52
1287	336_347;54_336;54_347
1288	356_449;436_449;356_436
1289	347_411;411_452;347_452
1290	131_314;131_347;314_347
1291	7_314;7_54;54_314
1292	314_368;347_368;314_347
1293	321_452;54_321;54_452
1294	165_347;54_165;54_347
1295	418_509;82_418;82_509
1296	276_347;54_276;54_347
1297	292_342;292_617;342_617
1298	0_26;26_488;0_488
1299	0_259;178_259;0_178
1300	145_201;145_310;201_310
1301	12_423;0_423;0_12
1302	257_342;257_544;342_544
1303	0_341;341_406;0_406
1304	12_561;318_561;12_318
1305	75_310;20_75;20_310
1306	201_274;12_274;12_201
1307	174_491;416_491;174_416
1308	310_337;337_348;310_348
1309	327_348;12_327;12_348
1310	37_348;12_37;12_348
1311	348_507;12_507;12_348
1312	12_191;191_318;12_318
1313	348_402;12_402;12_348
1314	28_348;12_28;12_348
1315	0_455;353_455;0_353
1316	12_421;421_423;12_423
1317	0_502;406_502;0_406
1318	128_406;128_440;406_440
1319	0_315;315_414;0_414
1320	318_557;0_557;0_318
1321	344_389;325_389;325_344
1322	318_475;0_475;0_318
1323	59_443;357_443;59_357
1324	11_437;2_437;2_11
1325	11_298;232_298;11_232
1326	559_597;30_559;30_597
1327	5_134;134_395;5_395
1328	295_543;4_295;4_543
1329	141_167;141_328;167_328
1330	317_534;317_613;534_613
1331	5_153;153_395;5_395
1332	426_535;535_538;426_538
1333	1_618;571_618;1_571
1334	0_297;297_341;0_341
1335	204_440;204_534;440_534
1336	128_420;420_440;128_440
1337	122_440;122_534;440_534
1338	29_116;116_498;29_498
1339	113_203;113_552;203_552
1340	205_440;205_534;440_534
1341	132_214;132_197;197_214
1342	110_533;157_533;110_157
1343	167_513;328_513;167_328
1344	167_585;328_585;167_328
1345	78_301;167_301;78_167
1346	167_270;270_328;167_328
1347	167_227;227_328;167_328
1348	78_523;167_523;78_167
1349	16_522;522_569;16_569
1350	157_229;16_229;16_157
1351	233_387;233_356;356_387
1352	169_223;0_169;0_223
1353	154_387;154_356;356_387
1354	66_88;74_88;66_74
1355	16_161;161_569;16_569
1356	16_107;107_431;16_431
1357	66_100;74_100;66_74
1358	259_500;178_500;178_259
1359	1_615;603_615;1_603
1360	440_489;122_489;122_440
1361	137_440;137_534;440_534
1362	415_597;30_415;30_597
1363	109_440;109_534;440_534
1364	97_440;97_204;204_440
1365	1_162;162_603;1_603
1366	87_512;14_87;14_512
1367	86_405;86_312;312_405
1368	440_604;205_604;205_440
1369	14_140;140_168;14_168
1370	110_620;157_620;110_157
1371	534_621;5_621;5_534
1372	470_613;5_470;5_613
1373	16_619;569_619;16_569
1374	10_412;396_412;10_396
1375	562_613;5_562;5_613
1376	36_215;206_215;36_206
1377	36_190;190_206;36_206
1378	396_445;445_583;396_583
1379	352_552;214_352;214_552
1380	185_346;185_580;346_580
1381	303_316;303_567;316_567
1382	4_119;119_300;4_300
1383	316_622;567_622;316_567
1384	543_554;4_554;4_543
1385	41_498;41_124;124_498
1386	567_623;40_623;40_567
1387	567_624;40_624;40_567
1388	323_349;349_486;323_486
1389	1_547;99_547;1_99
1390	498_625;124_625;124_498
1391	498_626;41_626;41_498
1392	65_627;393_627;65_393
1393	189_628;35_628;35_189
1394	1_629;603_629;1_603
1395	1_630;551_630;1_551
1396	124_631;189_631;124_189
1397	189_632;35_632;35_189
1398	231_633;29_633;29_231
1399	141_634;328_634;141_328
1400	35_635;78_635;35_78
1401	35_636;78_636;35_78
1402	589_637;231_637;231_589
1403	35_638;78_638;35_78
1404	29_639;183_639;29_183
1405	498_501;189_501;189_498
1406	3_417;417_611;3_611
1407	0_640;495_640;0_495
1408	35_641;78_641;35_78
1409	498_642;626_642;498_626
1410	328_643;66_643;66_328
1411	116_644;498_644;116_498
1412	78_645;167_645;78_167
1413	486_646;0_646;0_486
1414	486_647;0_647;0_486
1415	0_483;455_483;0_455
1416	66_212;74_212;66_74
1417	78_648;167_648;78_167
1418	167_649;328_649;167_328
1419	167_650;328_650;167_328
1420	0_651;572_651;0_572
1421	0_652;344_652;0_344
1422	0_653;488_653;0_488
1423	0_654;495_654;0_495
1424	66_322;74_322;66_74
1425	0_159;159_483;0_483
1426	35_655;78_655;35_78
1427	183_656;498_656;183_498
1428	167_503;141_503;141_167
1429	1_462;462_603;1_603
1430	78_291;167_291;78_167
1431	121_219;121_458;219_458
1432	397_420;397_440;420_440
1433	227_657;328_657;227_328
1434	78_658;301_658;78_301
1435	227_659;328_659;227_328
1436	603_660;308_660;308_603
1437	498_661;41_661;41_498
1438	468_662;69_662;69_468
1439	5_663;134_663;5_134
1440	264_328;66_264;66_328
1441	603_664;308_664;308_603
1442	122_665;534_665;122_534
1443	603_666;308_666;308_603
1444	199_667;136_667;136_199
1445	328_668;66_668;66_328
1446	74_669;610_669;74_610
1447	603_670;308_670;308_603
1448	328_671;66_671;66_328
1449	41_510;124_510;41_124
1450	136_364;83_364;83_136
1451	328_333;333_643;328_643
1452	146_534;146_613;534_613
1453	139_308;102_139;102_308
1454	204_672;534_672;204_534
1455	4_673;426_673;4_426
1456	189_674;467_674;189_467
1457	4_675;21_675;4_21
1458	205_676;534_676;205_534
1459	204_677;534_677;204_534
1460	136_616;83_616;83_136
1461	115_124;115_189;124_189
1462	18_610;1_18;1_610
1463	372_678;558_678;372_558
1464	643_679;66_679;66_643
1465	308_680;102_680;102_308
1466	613_681;5_681;5_613
1467	558_682;203_682;203_558
1468	383_683;225_683;225_383
1469	2_684;515_684;2_515
1470	102_685;558_685;102_558
1471	660_686;308_686;308_660
1472	74_497;1_497;1_74
1473	433_610;433_539;539_610
1474	178_226;226_512;178_512
1475	308_435;372_435;308_372
1476	160_669;160_610;610_669
1477	43_308;43_529;308_529
1478	629_687;603_687;603_629
1479	1_541;103_541;1_103
1480	0_375;375_410;0_410
1481	308_688;529_688;308_529
1482	308_689;372_689;308_372
1483	177_690;174_690;174_177
1484	529_691;558_691;529_558
1485	539_692;1_692;1_539
1486	558_693;203_693;203_558
1487	246_694;567_694;246_567
1488	174_695;516_695;174_516
1489	225_696;196_696;196_225
1490	316_582;567_582;316_567
1491	436_520;51_520;51_436
1492	170_436;51_170;51_436
1493	196_526;10_526;10_196
1494	10_496;396_496;10_396
1495	1_31;31_629;1_629
1496	405_524;312_524;312_405
1497	304_405;86_304;86_405
1498	312_545;383_545;312_383
1499	429_567;40_429;40_567
1500	150_383;150_225;225_383
1501	84_308;84_139;139_308
1502	281_308;139_281;139_308
1503	10_577;222_577;10_222
1504	225_413;413_696;225_696
1505	104_558;104_552;552_558
1506	139_378;102_378;102_139
1507	408_558;408_552;552_558
1508	386_552;214_386;214_552
1509	329_386;214_329;214_386
1510	157_284;16_284;16_157
1511	230_431;223_230;223_431
1512	0_377;377_511;0_511
1513	174_608;516_608;174_516
1514	311_488;213_311;213_488
1515	0_305;305_640;0_640
1516	410_563;406_563;406_410
1517	353_490;490_597;353_597
1518	5_517;134_517;5_134
1519	469_597;469_559;559_597
1520	439_531;439_597;531_597
1521	15_153;15_395;153_395
1522	576_597;415_576;415_597
1523	262_559;30_262;30_559
1524	108_515;108_387;387_515
1525	30_251;5_251;5_30
1526	346_441;441_599;346_599
1527	5_403;134_403;5_134
1528	346_528;441_528;346_441
1529	395_459;25_459;25_395
1530	185_446;446_580;185_580
1531	346_424;424_599;346_599
1532	1_331;331_603;1_603
1533	242_395;242_346;346_395
1534	180_599;93_180;93_599
1535	2_434;343_434;2_343
1536	1_209;209_541;1_541
1537	60_599;60_367;367_599
1538	387_593;356_593;356_387
1539	404_600;356_600;356_404
1540	461_603;461_666;603_666
1541	1_287;287_615;1_615
1542	1_530;530_603;1_603
1543	77_392;1_77;1_392
1544	267_541;103_267;103_541
1545	1_586;586_603;1_603
1546	548_615;548_603;603_615
1547	247_603;247_461;461_603
1548	492_558;408_492;408_558
1549	263_552;214_263;214_552
1550	587_617;201_587;201_617
1551	345_552;345_386;386_552
1552	552_579;214_579;214_552
1553	214_527;293_527;214_293
1554	310_504;337_504;310_337
1555	386_602;329_602;329_386
1556	286_423;0_286;0_423
1557	110_594;254_594;110_254
1558	309_348;309_327;327_348
1559	255_423;0_255;0_423
1560	327_384;12_384;12_327
1561	399_406;399_440;406_440
1562	0_163;163_341;0_341
1563	12_319;318_319;12_318
1564	244_327;12_244;12_327
1565	12_195;195_318;12_318
1566	12_81;81_423;12_423
1567	198_293;110_198;110_293
1568	8_12;8_423;12_423
1569	133_174;133_516;174_516
1570	318_476;476_557;318_557
1571	252_325;237_252;237_325
1572	344_465;325_465;325_344
1573	153_193;193_395;153_395
1574	22_237;22_177;177_237
1575	63_371;63_581;371_581
1576	0_118;118_640;0_640
1577	0_57;57_488;0_488
1578	0_601;601_652;0_652
1579	159_294;294_483;159_483
1580	361_395;346_361;346_395
1581	427_519;360_519;360_427
1582	93_478;258_478;93_258
1583	93_447;258_447;93_258
1584	64_394;32_394;32_64
1585	379_432;11_379;11_432
1586	11_149;149_243;11_243
1587	11_126;126_437;11_437
1588	11_71;71_299;11_299
1589	32_614;11_614;11_32
1590	232_401;235_401;232_235
1591	243_321;232_321;232_243
1592	11_184;184_299;11_299
1593	243_480;232_480;232_243
1594	232_450;235_450;232_235
1595	235_473;473_574;235_574
1596	235_419;419_574;235_574
1597	521_574;388_521;388_574
1598	73_574;73_388;388_574
1599	61_574;61_101;101_574
1600	235_282;282_574;235_574
1601	235_598;574_598;235_574
1602	235_280;280_574;235_574
1603	359_542;101_359;101_542
1604	250_574;250_388;388_574
1605	101_182;182_540;101_540
1606	2_92;92_515;2_515
1607	33_574;33_101;101_574
1608	454_574;388_454;388_574
1609	58_351;351_387;58_387
1610	2_324;324_515;2_515
1611	101_240;2_240;2_101
1612	143_228;67_143;67_228
1613	326_506;58_506;58_326
1614	307_388;101_307;101_388
1615	45_388;45_101;101_388
1616	39_388;39_101;101_388
1617	125_326;58_125;58_326
1618	101_186;182_186;101_182
1619	269_436;170_269;170_436
1620	127_228;67_127;67_228
1621	240_340;2_340;2_240
1622	387_430;356_430;356_387
1623	2_79;79_434;2_434
1624	67_290;2_290;2_67
1625	56_67;2_56;2_67
1626	58_482;387_482;58_387
1627	2_236;236_261;2_261
1628	158_515;108_158;108_515
1629	2_266;266_515;2_515
1630	387_525;404_525;387_404
1631	2_96;96_326;2_326
1632	2_94;94_326;2_326
1633	373_387;356_373;356_387
1634	261_418;58_418;58_261
1635	208_261;58_208;58_261
1636	187_343;171_187;171_343
1637	58_474;387_474;58_387
1638	58_358;351_358;58_351
1639	62_436;62_170;170_436
1640	381_387;95_381;95_387
1641	436_596;314_596;314_436
1642	51_422;52_422;51_52
1643	363_387;363_525;387_525
1644	152_436;152_269;269_436
1645	48_51;48_52;51_52
1646	95_536;436_536;95_436
1647	314_354;192_354;192_314
1648	347_566;165_566;165_347
1649	1_283;283_331;1_331
1650	1_271;103_271;1_103
1651	296_369;296_436;369_436
1652	51_216;216_422;51_422
1653	52_494;314_494;52_314
1654	192_380;347_380;192_347
1655	330_581;0_330;0_581
1656	374_581;0_374;0_581
1657	411_581;0_411;0_581
1658	320_406;320_399;399_406
1659	274_410;274_406;406_410
1660	148_410;148_406;406_410
1661	285_336;49_336;49_285
1662	325_575;237_575;237_325
1663	188_406;188_440;406_440
1664	122_207;207_534;122_534
1665	440_544;122_544;122_440
1666	362_425;425_605;362_605
1667	177_475;475_690;177_690
1668	174_573;516_573;174_516
1669	516_676;362_676;362_516
1670	351_397;387_397;351_387
1671	174_564;564_608;174_608
1672	477_690;174_477;174_690
1673	516_659;362_659;362_516
1674	657_695;516_657;516_695
1675	215_516;215_362;362_516
1676	362_686;425_686;362_425
1677	362_644;425_644;362_425
1678	362_421;421_595;362_595
1679	36_362;36_425;362_425
1680	425_656;605_656;425_605
1681	507_605;427_507;427_605
1682	206_605;206_493;493_605
1683	493_655;59_655;59_493
1684	64_484;32_484;32_64
1685	360_481;59_481;59_360
1686	101_168;67_168;67_101
1687	182_451;451_540;182_540
1688	46_432;11_46;11_432
1689	324_637;515_637;324_515
1690	2_313;313_515;2_515
1691	355_646;574_646;355_574
1692	356_679;436_679;356_436
1693	347_453;452_453;347_452
1694	347_634;165_634;165_347
1695	165_623;54_623;54_165
1696	229_452;54_229;54_452
1697	148_687;406_687;148_406
1698	331_490;490_603;331_603
1699	414_558;203_414;203_558
1700	16_531;107_531;16_107
1701	107_164;164_431;107_431
1702	128_169;0_128;0_169
1703	49_677;174_677;49_174
1704	174_662;608_662;174_608
1705	225_605;225_427;427_605
1706	145_493;59_145;59_493
1707	134_368;368_395;134_395
1708	59_590;11_590;11_59
1709	11_678;243_678;11_243
1710	232_629;401_629;232_401
1711	355_483;483_574;355_574
1712	355_548;548_574;355_574
1713	2_551;278_551;2_278
1714	542_602;101_602;101_542
1715	402_574;250_402;250_574
1716	1_372;372_606;1_606
1717	101_348;67_348;67_101
1718	28_67;28_56;56_67
1719	310_574;101_310;101_574
1720	20_101;2_20;2_101
1721	2_255;255_278;2_278
1722	171_289;34_289;34_171
1723	278_528;58_528;58_278
1724	2_357;278_357;2_278
1725	171_509;34_509;34_171
1726	289_571;34_571;34_289
1727	233_517;356_517;233_356
1728	34_138;1_138;1_34
1729	1_611;541_611;1_541
1730	1_568;80_568;1_80
1731	142_233;142_356;233_356
1732	1_82;82_606;1_606
1733	586_591;591_603;586_603
1734	339_436;62_339;62_436
1735	308_561;561_689;308_689
1736	170_423;51_423;51_170
1737	170_557;51_557;51_170
1738	62_342;170_342;62_170
1739	216_617;422_617;216_422
1740	170_340;51_340;51_170
1741	170_292;51_292;51_170
1742	318_557;51_318;51_557
1743	51_98;98_216;51_216
1744	12_170;12_557;170_557
1745	216_455;422_455;216_422
1746	314_418;418_549;314_549
1747	259_494;259_314;314_494
1748	347_435;435_634;347_634
1749	314_447;354_447;314_354
1750	192_367;347_367;192_347
1751	418_536;536_549;418_549
1752	527_549;347_527;347_549
1753	347_693;634_693;347_634
1754	347_588;588_634;347_634
1755	277_634;165_277;165_634
1756	345_452;54_345;54_452
1757	268_549;268_347;347_549
1758	68_634;68_165;165_634
1759	204_634;165_204;165_634
1760	478_634;165_478;165_634
1761	55_165;55_623;165_623
1762	165_448;448_623;165_623
1763	165_400;54_400;54_165
1764	394_623;54_394;54_623
1765	59_530;11_530;11_59
1766	59_598;443_598;59_443
1767	11_464;243_464;11_243
1768	2_653;171_653;2_171
1769	2_321;278_321;2_278
1770	20_450;2_450;2_20
1771	1_502;271_502;1_271
1772	101_508;20_508;20_101
1773	101_239;67_239;67_101
1774	385_434;343_385;343_434
1775	20_24;24_450;20_450
1776	1_118;118_502;1_502
1777	67_219;56_219;56_67
1778	2_416;278_416;2_278
1779	2_199;96_199;2_96
1780	397_653;171_397;171_653
1781	126_356;126_556;356_556
1782	51_474;216_474;51_216
1783	52_358;358_494;52_494
1784	52_102;102_314;52_314
1785	314_472;192_472;192_314
1786	465_494;314_465;314_494
1787	422_657;52_657;52_422
1788	381_422;52_381;52_422
1789	347_680;452_680;347_452
1790	461_621;5_461;5_621
1791	395_507;459_507;395_459
1792	395_430;346_430;346_395
1793	46_395;46_459;395_459
1794	644_646;425_646;425_644
1795	167_308;167_561;308_561
1796	104_308;104_561;308_561
1797	59_341;64_341;59_64
1798	422_688;52_688;52_422
1799	52_579;494_579;52_494
1800	1_480;480_547;1_547
1801	202_528;58_202;58_528
1802	51_385;48_385;48_51
1803	401_494;401_465;465_494
1804	425_464;464_656;425_656
1805	55_605;55_425;425_605
1806	434_605;425_434;425_605
1807	453_605;425_453;425_605
1808	414_605;55_414;55_605
1809	296_605;296_425;425_605
1810	400_605;55_400;55_605
1811	448_493;59_448;59_493
1812	59_268;64_268;59_64
1813	425_450;450_464;425_464
1814	55_586;425_586;55_425
1815	59_277;64_277;59_64
1816	24_341;24_64;64_341
1817	64_611;338_611;64_338
1818	64_568;338_568;64_338
1819	229_656;229_605;605_656
1820	425_517;517_656;425_656
1821	59_203;203_268;59_268
1822	425_508;464_508;425_464
1823	239_425;239_464;425_464
1824	569_656;569_605;605_656
1825	552_656;552_605;605_656
1826	338_404;32_404;32_338
1827	263_656;263_552;552_656
1828	574_594;310_594;310_574
1829	101_536;348_536;101_348
1830	2_27;27_96;2_96
1831	369_677;436_677;369_436
1832	369_531;436_531;369_436
1833	51_230;52_230;51_52
1834	52_646;494_646;52_494
1835	26_494;26_401;401_494
1836	107_465;107_314;314_465
1837	49_646;49_494;494_646
1838	314_507;192_507;192_314
1839	465_676;314_676;314_465
1840	401_659;465_659;401_465
1841	314_621;192_621;192_314
1842	465_608;314_608;314_465
1843	465_516;107_516;107_465
1844	167_314;167_472;314_472
1845	153_347;54_153;54_347
1846	104_192;104_347;192_347
1847	347_534;54_534;54_347
1848	276_644;54_644;54_276
1849	347_561;54_561;54_347
1850	165_689;623_689;165_623
1851	55_599;425_599;55_425
1852	435_605;425_435;425_605
1853	425_473;464_473;425_464
1854	331_605;331_493;493_605
1855	287_425;287_464;425_464
1856	118_656;118_569;569_656
1857	425_483;464_483;425_464
1858	283_605;55_283;55_605
1859	354_400;55_354;55_400
1860	359_400;55_359;55_400
1861	358_552;358_605;552_605
1862	129_605;129_435;435_605
1863	93_605;93_435;435_605
1864	346_605;55_346;55_605
1865	185_400;55_185;55_400
1866	425_680;464_680;425_464
1867	55_603;599_603;55_599
1868	308_656;308_552;552_656
1869	55_243;243_425;55_425
1870	259_656;259_605;605_656
1871	127_599;127_425;425_599
1872	55_455;455_599;55_599
1873	392_425;392_605;425_605
1874	425_688;517_688;425_517
1875	425_509;287_509;287_425
1876	258_605;258_425;425_605
1877	250_605;250_283;283_605
1878	381_435;381_425;425_435
1879	448_530;59_530;59_448
1880	464_670;656_670;464_656
1881	55_615;599_615;55_599
1882	425_580;483_580;425_483
1883	59_459;203_459;59_203
1884	101_617;348_617;101_348
1885	67_80;28_80;28_67
1886	2_99;99_357;2_357
1887	2_480;480_653;2_653
1888	2_103;103_653;2_653
1889	2_34;34_357;2_357
1890	357_418;278_418;278_357
1891	216_356;216_556;356_556
1892	494_606;401_606;401_494
1893	48_447;52_447;48_52
1894	26_405;401_405;26_401
1895	202_494;202_606;494_606
1896	347_502;452_502;347_452
1897	1_347;1_452;347_452
1898	588_606;401_588;401_606
1899	401_547;465_547;401_465
1900	82_452;54_82;54_452
1901	271_401;271_465;401_465
1902	228_465;107_228;107_465
1903	192_395;104_395;104_192
1904	347_529;452_529;347_452
1905	347_362;362_502;347_502
1906	0_104;0_347;104_347
1907	15_314;15_192;192_314
1908	104_223;223_347;104_347
1909	165_174;174_623;165_623
1910	104_169;169_347;104_347
1911	79_452;54_79;54_452
1912	25_104;25_347;104_347
1913	347_431;431_452;347_452
1914	133_347;133_452;347_452
1915	5_104;5_347;104_347
1916	347_515;452_515;347_452
1917	347_662;662_693;347_693
1918	410_452;54_410;54_452
1919	1_522;452_522;1_452
1920	104_324;324_347;104_347
1921	199_347;199_515;347_515
1922	46_452;46_82;82_452
1923	16_452;16_82;82_452
1924	452_657;82_657;82_452
1925	82_593;54_593;54_82
1926	82_474;54_474;54_82
1927	404_425;404_580;425_580
1928	422_605;331_422;331_605
1929	39_580;39_483;483_580
1930	430_493;59_430;59_493
1931	368_493;59_368;59_493
1932	336_493;59_336;59_493
1933	285_425;285_473;425_473
1934	59_204;204_341;59_341
1935	64_98;32_98;32_64
1936	32_134;11_134;11_32
1937	32_663;11_663;11_32
1938	64_644;32_644;32_64
1939	444_574;388_444;388_574
1940	101_531;20_531;20_101
1941	11_238;238_355;11_355
1942	461_542;101_461;101_542
1943	67_677;28_677;28_67
1944	254_574;254_542;542_574
1945	28_110;56_110;28_56
1946	2_232;232_653;2_653
1947	225_388;101_225;101_388
1948	56_558;2_558;2_56
1949	2_437;357_437;2_357
1950	2_432;432_653;2_653
1951	351_653;351_397;397_653
1952	465_611;314_611;314_465
1953	49_314;49_192;192_314
1954	314_536;536_549;314_549
1955	192_450;104_450;104_192
1956	425_527;287_527;287_425
1957	425_676;656_676;425_656
1958	605_608;258_608;258_605
1959	12_605;12_206;206_605
1960	96_435;96_425;425_435
1961	230_605;230_258;258_605
1962	152_605;152_206;206_605
1963	206_551;493_551;206_493
1964	493_614;59_614;59_493
1965	59_394;203_394;59_203
1966	104_354;347_354;104_347
1967	276_452;54_276;54_452
1968	171_569;289_569;171_289
1969	26_192;26_347;192_347
1970	347_530;530_534;347_534
1971	347_509;509_534;347_534
1972	480_534;54_480;54_534
1973	79_615;54_615;54_79
1974	243_347;243_509;347_509
1975	99_452;99_431;431_452
1976	58_507;387_507;58_387
1977	58_472;387_472;58_387
1978	356_662;216_662;216_356
1979	51_199;199_385;51_385
1980	167_465;107_167;107_465
1981	107_225;225_314;107_314
1982	107_502;314_502;107_314
1983	107_693;314_693;107_314
1984	314_657;192_657;192_314
1985	16_314;16_49;49_314
1986	347_400;133_400;133_347
1987	347_430;243_430;243_347
1988	347_531;430_531;347_430
1989	347_677;400_677;347_400
1990	347_551;529_551;347_529
1991	362_508;347_508;347_362
1992	331_431;331_452;431_452
1993	432_452;82_432;82_452
1994	343_534;343_480;480_534
1995	232_452;232_431;431_452
1996	347_558;133_558;133_347
1997	430_614;243_614;243_430
1998	473_534;54_473;54_534
1999	452_670;46_670;46_452
2000	12_192;12_104;104_192
2001	96_549;96_347;347_549
2002	104_611;324_611;104_324
2003	104_608;347_608;104_347
2004	347_493;400_493;347_400
2005	336_452;276_336;276_452
2006	169_347;169_531;347_531
2007	55_551;55_529;529_551
2008	529_676;452_676;452_529
2009	82_229;54_229;54_82
2010	206_432;82_206;82_432
2011	82_527;54_527;54_82
2012	82_435;54_435;54_82
2013	436_461;269_461;269_436
2014	436_663;269_663;269_436
2015	314_355;355_536;314_536
2016	51_341;341_385;51_385
2017	347_605;54_605;54_347
2018	51_552;385_552;51_385
2019	51_308;199_308;51_199
2020	347_568;430_568;347_430
2021	347_394;54_394;54_347
2022	314_542;16_542;16_314
2023	347_602;1_602;1_347
2024	314_574;536_574;314_536
2025	98_347;98_551;347_551
2026	64_192;64_347;192_347
2027	444_605;54_444;54_605
2028	347_388;388_394;347_394
2029	11_534;11_54;54_534
2030	347_656;98_656;98_347
2031	199_580;385_580;199_385
2032	385_404;48_404;48_385
2033	385_653;51_653;51_385
2034	199_623;51_623;51_199
2035	385_571;48_571;48_385
2036	48_289;52_289;48_52
2037	48_103;52_103;48_52
2038	52_689;494_689;52_494
2039	27_52;27_646;52_646
2040	52_171;171_494;52_494
2041	52_326;102_326;52_102
2042	107_397;314_397;107_314
2043	174_549;174_347;347_549
2044	314_617;536_617;314_536
2045	351_480;54_351;54_480
2046	314_569;536_569;314_536
2047	517_549;347_517;347_549
2048	531_615;430_615;430_531
2049	348_558;133_348;133_558
2050	134_362;134_508;362_508
2051	32_430;32_614;430_614
2052	351_437;54_437;54_351
2053	107_418;418_693;107_693
2054	254_430;243_254;243_430
2055	243_528;509_528;243_509
2056	276_678;54_678;54_276
2057	310_509;310_534;509_534
2058	338_534;338_480;480_534
2059	347_662;324_662;324_347
2060	268_509;268_534;509_534
2061	452_606;276_606;276_452
2062	165_452;46_165;46_452
2063	2_347;2_96;96_347
2064	357_452;357_432;432_452
2065	101_529;101_452;452_529
2066	290_432;82_290;82_432
2067	219_452;54_219;54_452
2068	67_452;67_165;165_452
2069	276_278;278_678;276_678
2070	82_179;179_435;82_435
2071	56_432;56_82;82_432
2072	203_435;54_203;54_435
2073	59_82;54_59;54_82
2074	58_347;58_531;347_531
2075	243_387;387_509;243_509
2076	509_579;310_579;310_509
2077	431_527;452_527;431_452
2078	232_552;431_552;232_431
2079	229_431;229_452;431_452
2080	571_657;192_571;192_657
2081	104_530;530_611;104_611
2082	289_347;289_452;347_452
2083	103_452;82_103;82_452
2084	49_431;49_452;431_452
2085	431_653;232_653;232_431
2086	431_568;232_568;232_431
2087	16_232;16_552;232_552
2088	32_568;32_232;232_568
2089	397_431;49_397;49_431
2090	431_614;614_653;431_653
2091	431_542;542_568;431_568
2092	16_569;552_569;16_552
2093	232_401;16_401;16_232
2094	16_502;502_552;16_552
2095	16_659;552_659;16_552
2096	452_493;431_493;431_452
2097	400_431;400_452;431_452
2098	452_646;232_646;232_452
2099	102_452;102_431;431_452
2100	431_656;232_656;232_431
2101	232_516;16_516;16_232
2102	232_348;348_552;232_552
2103	82_385;56_385;56_82
2104	51_232;51_552;232_552
2105	199_232;16_199;16_232
2106	82_528;56_528;56_82
2107	48_82;48_56;56_82
2108	82_447;56_447;56_82
2109	552_689;431_689;431_552
2110	206_431;206_568;431_568
2111	308_568;32_308;32_568
2112	452_621;431_621;431_452
2113	26_232;26_401;232_401
2114	326_552;326_431;431_552
2115	171_552;171_431;431_552
2116	27_357;27_432;357_432
2117	232_574;552_574;232_552
2118	16_450;450_569;16_569
2119	431_580;452_580;431_452
2120	404_431;232_404;232_431
2121	15_431;15_614;431_614
2122	16_444;444_569;16_569
2123	623_659;552_623;552_659
2124	515_552;431_515;431_552
2125	169_431;49_169;49_431
2126	79_400;79_452;400_452
2127	232_354;51_354;51_232
2128	232_341;341_401;232_401
2129	326_670;431_670;326_431
2130	431_508;452_508;431_452
2131	12_82;12_56;56_82
2132	436_552;436_515;515_552
2133	134_452;99_134;99_452
2134	659_677;623_677;623_659
2135	269_659;269_552;552_659
2136	431_615;400_615;400_431
2137	387_569;387_552;552_569
2138	326_662;662_670;326_670
2139	62_431;62_397;397_431
2140	343_397;49_343;49_397
2141	552_557;326_557;326_552
2142	55_444;55_569;444_569
2143	170_552;170_689;552_689
2144	16_98;98_450;16_450
2145	52_326;52_662;326_662
2146	326_356;356_670;326_670
2147	216_552;216_326;326_552
2148	552_663;431_663;431_552
2149	56_556;82_556;56_82
2150	99_461;431_461;99_431
2151	232_233;233_552;232_552
2152	452_507;232_507;232_452
2153	16_58;58_502;16_502
2154	11_16;11_659;16_659
2155	472_552;472_515;515_552
2156	465_568;308_465;308_568
2157	228_568;228_232;232_568
2158	16_418;418_444;16_444
2159	515_693;431_693;431_515
2160	16_571;450_571;16_450
2161	225_552;171_225;171_552
2162	107_431;107_568;431_568
2163	16_494;494_569;16_569
2164	326_608;608_670;326_670
2165	82_530;48_530;48_82
2166	101_431;101_580;431_580
2167	167_515;167_431;431_515
2168	326_443;443_662;326_662
2169	25_82;25_179;82_179
2170	82_380;380_447;82_447
2171	425_431;425_656;431_656
2172	204_662;204_670;662_670
2173	56_285;82_285;56_82
2174	287_662;287_670;662_670
2175	258_431;49_258;49_431
2176	369_431;101_369;101_431
2177	48_358;56_358;48_56
2178	232_611;348_611;232_348
2179	56_104;104_556;56_556
2180	28_343;28_49;49_343
2181	464_656;232_464;232_656
2182	368_452;99_368;99_452
2183	82_230;48_230;48_82
2184	82_152;56_152;56_82
2185	20_401;16_20;16_401
2186	552_657;657_663;552_663
2187	56_617;556_617;56_556
2188	263_447;56_263;56_447
2189	56_93;82_93;56_82
2190	82_238;56_238;56_82
2191	569_676;552_676;552_569
2192	56_355;82_355;56_82
2193	82_448;152_448;82_152
2194	24_232;16_24;16_232
2195	536_689;431_536;431_689
2196	179_314;314_435;179_435
2197	82_644;528_644;82_528
2198	557_594;326_594;326_557
2199	422_552;422_515;515_552
2200	552_680;326_680;326_552
2201	346_552;326_346;326_552
2202	296_552;296_689;552_689
2203	110_557;110_326;326_557
2204	367_552;216_367;216_552
2205	56_223;82_223;56_82
2206	5_447;5_56;56_447
2207	0_689;0_431;431_689
2208	56_483;104_483;56_104
2209	34_552;34_472;472_552
2210	39_552;39_557;552_557
2211	56_599;93_599;56_93
2212	80_552;80_515;515_552
2213	127_326;127_431;326_431
2214	547_693;431_547;431_693
2215	271_326;271_662;326_662
2216	202_569;202_552;552_569
2217	569_634;552_634;552_569
2218	104_459;459_556;104_556
2219	447_478;56_478;56_447
2220	431_593;169_593;169_431
2221	68_431;68_169;169_431
2222	517_552;170_517;170_552
2223	2_552;2_326;326_552
2224	104_602;556_602;104_556
2225	62_549;397_549;62_397
2226	395_431;49_395;49_431
2227	174_431;174_542;431_542
2228	24_96;16_96;16_24
2229	82_551;530_551;82_530
2230	56_474;285_474;56_285
2231	447_522;56_522;56_447
2232	283_447;56_283;56_447
2233	56_579;474_579;56_474
2234	56_534;534_579;56_579
2235	56_531;93_531;56_93
2236	82_351;12_351;12_82
2237	82_338;56_338;56_82
2238	82_324;324_380;82_380
2239	93_480;82_480;82_93
2240	192_530;48_192;48_530
2241	437_556;82_437;82_556
2242	82_605;25_605;25_82
2243	82_558;447_558;82_447
2244	93_133;82_133;82_93
2245	12_388;56_388;12_56
2246	48_347;56_347;48_56
2247	82_509;230_509;82_230
2248	56_473;473_579;56_579
2249	268_285;82_268;82_285
2250	103_474;103_285;285_474
2251	64_530;48_64;48_530
2252	435_529;203_529;203_435
2253	285_310;82_310;82_285
2254	48_243;243_347;48_347
2255	56_278;278_617;56_617
2256	56_394;82_394;56_82
2257	362_579;362_474;474_579
2258	56_289;289_474;56_474
2259	1_56;1_556;56_556
2260	82_430;12_430;12_82
2261	56_254;254_483;56_483
2262	250_474;250_285;285_474
2263	104_688;556_688;104_556
2264	474_588;285_588;285_474
2265	48_392;358_392;48_358
2266	48_239;56_239;48_56
2267	347_405;56_405;56_347
2268	56_381;254_381;56_254
2269	56_259;93_259;56_93
2270	129_556;129_437;437_556
2271	56_586;104_586;56_104
2272	179_453;314_453;179_314
2273	56_118;118_474;56_474
2274	455_483;104_455;104_483
2275	82_603;230_603;82_230
2276	82_359;338_359;82_338
2277	82_506;506_528;82_528
2278	82_185;185_238;82_238
2279	59_82;59_351;82_351
2280	56_561;473_561;56_473
2281	153_556;82_153;82_556
2282	56_416;355_416;56_355
2283	82_540;12_540;12_82
2284	82_434;434_603;82_603
2285	82_414;359_414;82_359
2286	277_285;277_310;285_310
2287	285_488;310_488;285_310
2288	12_321;321_388;12_388
2289	351_620;12_620;12_351
2290	82_598;551_598;82_551
2291	82_293;293_509;82_509
2292	284_388;56_284;56_388
2293	56_157;157_586;56_586
2294	12_214;214_388;12_388
2295	82_126;126_434;82_434
2296	138_556;129_138;129_556
2297	345_351;12_345;12_351
2298	56_629;355_629;56_355
2299	12_340;56_340;12_56
2300	48_292;292_347;48_347
2301	82_423;423_551;82_551
2302	255_347;255_405;347_405
2303	82_339;339_351;82_351
2304	129_242;242_437;129_437
2305	56_600;104_600;56_104
2306	541_556;82_541;82_556
2307	372_437;82_372;82_437
2308	299_455;104_299;104_455
2309	82_419;59_419;59_82
2310	82_235;179_235;82_179
2311	282_602;282_556;556_602
2312	82_402;402_447;82_447
2313	455_481;104_481;104_455
2314	82_427;427_448;82_448
2315	103_360;285_360;103_285
2316	82_142;142_152;82_152
2317	104_655;655_688;104_688
2318	483_590;104_590;104_483
2319	612_644;528_612;528_644
2320	82_609;338_609;82_338
2321	104_548;548_602;104_602
2322	145_556;129_145;129_556
2323	556_640;129_640;129_556
2324	556_595;129_595;129_556
2325	104_241;241_688;104_688
2326	447_686;478_686;447_478
2327	285_421;310_421;285_310
2328	104_146;146_688;104_688
2329	217_338;56_217;56_338
2330	82_318;318_551;82_551
2331	430_592;12_592;12_430
2332	56_695;104_695;56_104
2333	82_564;179_564;82_179
2334	82_325;325_551;82_551
2335	56_410;104_410;56_104
2336	163_602;163_556;556_602
2337	12_17;17_56;12_56
2338	342_602;342_556;556_602
2339	247_551;247_530;530_551
2340	56_619;289_619;56_289
2341	591_688;556_591;556_688
2342	56_666;600_666;56_600
2343	164_556;82_164;82_556
2344	56_566;254_566;56_254
2345	12_128;56_128;12_56
2346	104_678;678_688;104_688
2347	56_371;371_617;56_617
2348	56_684;289_684;56_289
2349	123_556;82_123;82_556
2350	104_584;556_584;104_556
2351	56_197;197_600;56_600
2352	556_563;437_563;437_556
2353	153_495;82_495;82_153
2354	56_543;474_543;56_474
2355	82_182;182_235;82_235
2356	82_148;148_551;82_551
2357	82_237;237_509;82_509
2358	82_177;12_177;12_82
2359	102_556;82_102;82_556
2360	470_530;48_470;48_530
2361	56_406;406_416;56_416
2362	230_320;48_320;48_230
2363	56_210;210_355;56_355
2364	56_113;113_254;56_254
2365	56_690;223_690;56_223
2366	477_644;477_528;528_644
2367	48_295;295_358;48_358
2368	22_56;22_254;56_254
2369	474_613;103_613;103_474
2370	474_490;103_490;103_474
2371	556_581;82_581;82_556
2372	313_556;164_313;164_556
2373	82_207;207_605;82_605
2374	82_440;402_440;82_402
2375	82_493;434_493;82_434
2376	82_274;274_430;82_430
2377	104_122;122_688;104_688
2378	276_342;276_556;342_556
2379	269_556;138_269;138_556
2380	82_475;475_644;82_644
2381	82_399;399_427;82_427
2382	4_82;4_644;82_644
2383	437_679;372_679;372_437
2384	59_252;252_351;59_351
2385	46_644;46_528;528_644
2386	194_644;194_528;528_644
2387	464_528;56_464;56_528
2388	82_677;152_677;82_152
2389	82_341;4_341;4_82
2390	285_623;82_623;82_285
2391	82_606;540_606;82_540
2392	79_82;79_324;82_324
2393	310_461;82_461;82_310
2394	82_547;54_547;54_82
2395	82_165;152_165;82_152
2396	82_206;206_605;82_605
2397	28_310;28_82;82_310
2398	82_549;402_549;82_402
2399	27_82;27_430;82_430
2400	287_435;287_529;435_529
2401	2_447;2_56;56_447
2402	204_529;203_204;203_529
2403	12_20;20_56;12_56
2404	179_376;376_435;179_435
2405	48_634;358_634;48_358
2406	48_517;358_517;48_358
2407	56_646;285_646;56_285
2408	82_228;152_228;82_152
2409	56_202;202_666;56_666
2410	56_343;343_473;56_473
2411	82_465;465_493;82_493
2412	55_285;55_82;82_285
2413	82_300;300_324;82_324
2414	56_168;93_168;56_93
2415	82_149;48_149;48_82
2416	56_514;289_514;56_289
2417	82_411;351_411;82_351
2418	63_380;63_447;380_447
2419	61_82;61_207;82_207
2420	366_556;129_366;129_556
2421	603_610;230_610;230_603
2422	483_539;455_539;455_483
2423	426_603;230_426;230_603
2424	56_669;289_669;56_289
2425	74_235;74_179;179_235
2426	82_585;293_585;82_293
2427	212_435;212_529;435_529
2428	66_355;66_82;82_355
2429	56_308;308_410;56_410
2430	48_167;167_358;48_358
2431	48_88;88_239;48_239
2432	48_361;243_361;48_243
2433	179_652;376_652;179_376
2434	517_601;358_601;358_517
2435	380_573;447_573;380_447
2436	104_290;290_655;104_655
2437	82_219;219_605;82_605
2438	15_82;15_237;82_237
2439	56_507;289_507;56_289
2440	96_478;56_96;56_478
2441	375_556;375_595;556_595
2442	306_556;153_306;153_556
2443	220_655;220_688;655_688
2444	437_594;372_594;372_437
2445	82_368;149_368;82_149
2446	134_474;134_490;474_490
2447	82_693;399_693;82_399
2448	56_615;285_615;56_285
2449	82_571;293_571;82_293
2450	82_611;435_611;82_435
2451	324_432;380_432;324_380
2452	82_356;79_356;79_82
2453	52_82;52_152;82_152
2454	82_676;325_676;82_325
2455	427_516;448_516;427_448
2456	56_336;336_483;56_483
2457	0_82;0_475;82_475
2458	402_662;447_662;402_447
2459	380_608;63_608;63_380
2460	56_536;473_536;56_473
2461	56_397;118_397;56_118
2462	99_695;99_104;104_695
2463	56_680;617_680;56_617
2464	93_621;133_621;93_133
2465	56_422;422_646;56_646
2466	56_367;367_599;56_599
2467	93_357;82_357;82_93
2468	56_346;285_346;56_285
2469	56_296;278_296;56_278
2470	24_56;24_202;56_202
2471	574_579;362_574;362_579
2472	82_593;385_593;82_385
2473	56_659;113_659;56_113
2474	56_452;452_473;56_473
2475	56_425;425_543;56_543
2476	153_258;82_258;82_153
2477	113_670;254_670;113_254
2478	56_354;22_354;22_56
2479	225_385;56_225;56_385
2480	56_663;371_663;56_371
2481	56_527;254_527;56_254
2482	254_472;472_483;254_483
2483	233_410;104_233;104_410
2484	93_401;133_401;93_133
2485	82_199;199_530;82_530
2486	82_171;171_356;82_356
2487	82_653;493_653;82_493
2488	557_688;557_591;591_688
2489	542_579;474_542;474_579
2490	474_689;285_689;285_474
2491	82_656;48_656;48_82
2492	556_614;306_614;306_556
2493	552_556;82_552;82_556
2494	82_568;430_568;82_430
2495	62_185;62_238;185_238
2496	88_580;239_580;88_239
2497	56_508;296_508;56_296
2498	82_326;326_440;82_440
2499	153_431;82_431;82_153
2500	232_372;82_232;82_372
2501	56_229;229_354;56_354
2502	49_372;49_82;82_372
2503	56_515;118_515;56_118
2504	56_400;400_619;56_619
2505	82_369;325_369;82_325
2506	56_436;406_436;56_406
2507	82_216;4_216;4_82
2508	82_170;170_435;82_435
2509	82_169;169_644;82_644
2510	82_107;107_325;82_325
2511	56_657;586_657;56_586
2512	82_502;149_502;82_149
2513	230_494;48_494;48_230
2514	348_355;82_348;82_355
2515	82_331;54_331;54_82
2516	16_437;16_82;82_437
2517	56_101;101_210;56_210
2518	98_129;98_242;129_242
2519	285_569;421_569;285_421
2520	129_444;437_444;129_437
2521	56_68;68_254;56_254
2522	82_450;450_475;82_475
2523	82_418;418_502;82_502
2524	58_356;58_79;79_356
2525	51_79;51_324;79_324
2526	26_82;26_293;82_293
2527	56_387;259_387;56_259
2528	56_67;67_452;56_452
2529	48_80;80_517;48_517
2530	39_56;39_278;56_278
2531	34_56;34_663;56_663
2532	11_259;11_93;93_259
2533	5_686;5_478;478_686
2534	82_443;235_443;82_235
2535	82_395;395_656;82_656
2536	56_271;168_271;56_168
2537	174_478;56_174;56_478
2538	127_474;127_490;474_490
2539	404_474;285_404;285_474
2540	48_110;110_295;48_295
2541	32_483;32_104;104_483
2542	306_344;153_344;153_306
2543	82_305;305_338;82_338
2544	16_288;82_288;16_82
2545	261_688;261_556;556_688
2546	643_688;591_643;591_688
2547	82_95;95_274;82_274
2548	36_556;36_437;437_556
2549	82_459;169_459;82_169
2550	82_687;185_687;82_185
2551	472_596;483_596;472_483
2552	263_688;263_556;556_688
2553	283_688;261_283;261_688
2554	537_655;220_537;220_655
2555	82_328;26_328;26_82
2556	438_688;438_557;557_688
2557	215_556;129_215;129_556
2558	129_607;444_607;129_444
2559	129_484;242_484;129_242
2560	112_287;112_529;287_529
2561	240_354;22_240;22_354
2562	92_529;92_203;203_529
2563	203_630;54_630;54_203
2564	108_586;104_108;104_586
2565	441_474;441_689;474_689
2566	188_310;188_461;310_461
2567	82_457;414_457;82_414
2568	147_461;82_147;82_461
2569	266_402;266_662;402_662
2570	82_236;236_339;82_339
2571	82_94;94_216;82_216
2572	169_525;525_644;169_644
2573	48_521;517_521;48_517
2574	56_374;157_374;56_157
2575	373_483;104_373;104_483
2576	104_330;290_330;104_290
2577	104_386;386_548;104_548
2578	575_678;575_688;678_688
2579	103_544;285_544;103_285
2580	104_482;290_482;104_290
2581	352_644;352_612;612_644
2582	57_82;57_293;82_293
2583	473_637;579_637;473_579
2584	73_490;73_103;103_490
2585	363_421;310_363;310_421
2586	186_579;186_474;474_579
2587	310_389;82_389;82_310
2588	474_682;134_682;134_474
2589	454_600;104_454;104_600
2590	362_451;451_474;362_474
2591	90_285;90_488;285_488
2592	33_474;33_490;474_490
2593	105_285;105_310;285_310
2594	56_618;308_618;56_308
2595	209_310;28_209;28_310
2596	184_285;184_421;285_421
2597	71_474;71_127;127_474
2598	56_213;213_483;56_483
2599	56_187;187_223;56_223
2600	103_159;159_544;103_544
2601	83_285;83_488;285_488
2602	82_364;364_603;82_603
2603	136_556;136_306;306_556
2604	528_667;464_667;464_528
2605	310_458;458_461;310_461
2606	104_491;122_491;104_122
2607	442_474;134_442;134_474
2608	379_474;379_490;474_490
2609	158_421;158_310;310_421
2610	135_474;135_689;474_689
2611	103_428;360_428;103_360
2612	134_143;143_490;134_490
2613	125_285;125_310;285_310
2614	285_519;488_519;285_488
2615	218_544;218_285;285_544
2616	90_280;280_488;90_488
2617	82_533;395_533;82_395
2618	82_329;329_687;82_687
2619	307_437;307_372;372_437
2620	45_310;45_461;310_461
2621	82_531;236_531;82_236
2622	56_453;93_453;56_93
2623	82_462;95_462;82_95
2624	456_483;104_456;104_483
2625	82_180;180_459;82_459
2626	82_132;132_182;82_182
2627	3_82;3_94;82_94
2628	82_390;4_390;4_82
2629	82_267;267_609;82_609
2630	25_200;179_200;25_179
2631	85_528;85_464;464_528
2632	43_528;43_56;56_528
2633	105_193;193_310;105_310
2634	137_287;137_529;287_529
2635	109_376;109_435;376_435
2636	82_208;208_568;82_568
2637	56_139;139_397;56_397
2638	47_56;47_483;56_483
2639	56_492;34_492;34_56
2640	56_377;377_436;56_436
2641	56_398;101_398;56_101
2642	287_532;112_532;112_287
2643	223_403;82_403;82_223
2644	201_435;201_287;287_435
2645	198_203;54_198;54_203
2646	64_82;64_171;82_171
2647	191_529;191_203;203_529
2648	118_424;424_474;118_474
2649	82_327;26_327;26_82
2650	338_481;56_481;56_338
2651	285_286;105_286;105_285
2652	56_60;60_197;56_197
2653	18_104;18_330;104_330
2654	173_630;54_173;54_630
2655	276_490;73_276;73_490
2656	103_337;285_337;103_285
2657	162_688;162_591;591_688
2658	383_591;383_556;556_591
2659	556_620;36_620;36_556
2660	345_556;306_345;306_556
2661	129_312;98_312;98_129
2662	437_524;372_524;372_437
2663	476_656;48_476;48_656
2664	56_592;168_592;56_168
2665	82_384;384_551;82_551
2666	82_319;319_656;82_656
2667	195_339;195_351;339_351
2668	252_344;153_252;153_344
2669	214_397;118_214;118_397
2670	118_217;217_474;118_474
2671	81_397;81_118;118_397
2672	72_474;72_127;127_474
2673	272_551;247_272;247_551
2674	56_211;211_646;56_646
2675	277_669;277_289;289_669
2676	56_294;294_400;56_400
2677	77_289;77_474;289_474
2678	75_285;75_421;285_421
2679	128_129;98_128;98_129
2680	31_73;31_103;73_103
2681	572_688;572_591;591_688
2682	372_587;82_587;82_372
2683	263_664;556_664;263_556
2684	196_556;196_306;306_556
2685	306_541;153_541;153_306
2686	82_225;225_528;82_528
2687	372_511;82_511;82_372
2688	82_408;408_528;82_528
2689	372_468;82_468;82_372
2690	82_309;309_603;82_603
2691	129_244;128_244;128_129
2692	99_495;82_99;82_495
2693	69_495;69_82;82_495
2694	8_444;8_437;437_444
2695	430_485;12_485;12_430
2696	309_670;603_670;309_603
2697	12_460;17_460;12_17
2698	309_683;603_683;309_603
2699	179_311;311_435;179_435
2700	281_603;281_426;426_603
2701	38_48;38_361;48_361
2702	104_563;563_678;104_678
2703	292_308;292_410;308_410
2704	23_358;23_56;56_358
2705	358_660;56_660;56_358
2706	56_102;102_157;56_157
2707	126_602;126_556;556_602
2708	46_56;46_47;47_56
2709	82_520;380_520;82_380
2710	474_487;285_487;285_474
2711	82_84;84_132;82_132
2712	104_654;482_654;104_482
2713	579_651;474_651;474_579
2714	74_474;33_74;33_474
2715	146_306;146_153;153_306
2716	504_556;138_504;138_556
2717	248_537;220_248;220_537
2718	86_556;86_620;556_620
2719	164_591;164_383;383_591
2720	30_82;30_79;79_82
2721	556_597;375_597;375_556
2722	317_688;317_556;556_688
2723	82_581;581_656;82_656
2724	82_142;142_605;82_605
2725	82_559;61_559;61_82
2726	415_634;358_415;358_634
2727	304_375;304_595;375_595
2728	11_358;11_56;56_358
2729	151_364;151_603;364_603
2730	273_310;82_273;82_310
2731	224_556;215_224;215_556
2732	181_361;181_243;243_361
2733	603_684;426_684;426_603
2734	25_318;200_318;25_200
2735	76_82;76_564;82_564
2736	129_378;378_607;129_607
2737	82_365;165_365;82_165
2738	285_353;268_353;268_285
2739	12_251;251_388;12_388
2740	62_437;62_679;437_679
2741	148_634;148_415;415_634
2742	5_351;5_12;12_351
2743	66_289;66_77;77_289
2744	56_432;432_483;56_483
2745	82_269;269_605;82_605
2746	10_82;10_300;82_300
2747	482_696;290_696;290_482
2748	251_535;388_535;251_388
2749	56_608;254_608;56_254
2750	56_204;204_618;56_618
2751	56_583;294_583;56_294
2752	290_469;469_655;290_655
2753	12_316;316_388;12_388
2754	104_250;18_250;18_104
2755	262_483;262_456;456_483
2756	246_483;246_456;456_483
2757	396_472;396_596;472_596
2758	334_483;334_539;483_539
2759	241_297;297_688;241_688
2760	104_623;602_623;104_602
2761	212_655;212_537;537_655
2762	63_655;63_537;537_655
2763	104_222;222_563;104_563
2764	104_685;290_685;104_290
2765	290_652;652_655;290_655
2766	399_537;220_399;220_537
2767	129_534;534_607;129_607
2768	437_489;489_679;437_679
2769	314_468;82_314;82_468
2770	58_98;58_242;98_242
2771	55_437;55_679;437_679
2772	82_97;97_339;82_339
2773	437_604;524_604;437_524
2774	437_545;16_545;16_437
2775	437_526;524_526;437_524
2776	242_446;437_446;242_437
2777	412_437;372_412;372_437
2778	141_437;141_372;372_437
2779	100_437;62_100;62_437
2780	82_562;169_562;82_169
2781	21_82;21_609;82_609
2782	16_576;82_576;16_82
2783	437_496;62_496;62_437
2784	128_322;98_322;98_128
2785	341_447;341_478;447_478
2786	200_401;179_401;179_200
2787	82_601;533_601;82_533
2788	351_547;12_547;12_351
2789	108_506;104_506;104_108
2790	287_419;112_419;112_287
2791	355_516;82_516;82_355
2792	12_394;388_394;12_388
2793	342_556;138_342;138_556
2794	163_556;138_163;138_556
2795	27_595;27_129;129_595
2796	129_228;128_228;128_129
2797	129_313;244_313;129_244
2798	129_227;227_607;129_607
2799	150_203;150_630;203_630
2800	56_567;483_567;56_483
2801	378_555;555_607;378_607
2802	129_439;128_439;128_129
2803	65_371;65_617;371_617
2804	40_444;8_40;8_444
2805	444_445;437_445;437_444
2806	98_413;242_413;98_242
2807	173_665;54_665;54_173
2808	254_577;483_577;254_483
2809	56_59;59_254;56_254
2810	372_486;486_587;372_587
2811	98_323;242_323;98_242
2812	556_585;585_597;556_597
2813	258_483;258_456;456_483
2814	177_483;177_456;456_483
2815	50_371;50_617;371_617
2816	98_538;413_538;98_413
2817	270_472;270_396;396_472
2818	409_483;104_409;104_483
2819	205_483;205_246;246_483
2820	437_584;307_584;307_437
2821	437_624;412_624;412_437
2822	2_556;2_345;345_556
2823	48_615;110_615;48_110
2824	138_368;129_368;129_138
2825	511_621;82_621;82_511
2826	56_693;663_693;56_663
2827	203_676;630_676;203_630
2828	203_422;198_422;198_203
2829	82_385;385_562;82_562
2830	367_630;173_367;173_630
2831	52_149;149_152;52_152
2832	56_593;508_593;56_508
2833	96_473;96_579;473_579
2834	56_113;101_113;56_101
2835	56_613;187_613;56_187
2836	56_232;232_483;56_483
2837	80_474;33_80;33_474
2838	321_362;321_451;362_451
2839	539_549;455_549;455_539
2840	539_543;455_543;455_539
2841	56_340;34_340;34_56
2842	73_686;103_686;73_103
2843	33_611;490_611;33_490
2844	285_695;268_695;268_285
2845	268_369;82_369;82_268
2846	339_629;351_629;339_351
2847	285_331;268_331;268_285
2848	266_285;266_695;285_695
2849	268_557;82_557;82_268
2850	56_403;403_592;56_592
2851	268_677;82_677;82_268
2852	268_599;369_599;268_369
2853	346_447;346_478;447_478
2854	39_56;39_59;56_59
2855	240_656;240_476;476_656
2856	56_515;232_515;56_232
2857	56_418;418_432;56_432
2858	12_280;280_394;12_394
2859	388_580;56_580;56_388
2860	271_388;271_284;284_388
2861	56_259;67_259;56_67
2862	56_387;387_608;56_608
2863	243_443;347_443;243_347
2864	56_366;101_366;56_101
2865	82_199;52_199;52_82
2866	56_653;118_653;56_118
2867	342_502;138_502;138_342
2868	82_542;542_559;82_559
2869	143_539;143_549;539_549
2870	1_306;1_541;306_541
2871	153_202;202_495;153_495
2872	56_170;59_170;56_59
2873	107_598;107_551;551_598
2874	448_663;371_448;371_663
2875	541_590;153_590;153_541
2876	25_690;179_690;25_179
2877	356_490;276_356;276_490
2878	52_465;152_465;52_152
2879	15_33;15_490;33_490
2880	278_338;278_481;338_481
2881	556_594;138_594;138_556
2882	33_484;484_611;33_611
2883	229_490;73_229;73_490
2884	138_218;129_218;129_138
2885	239_306;239_344;306_344
2886	188_541;153_188;153_541
2887	153_614;495_614;153_495
2888	0_82;0_475;82_475
2889	82_343;237_343;82_237
2890	153_571;82_571;82_153
2891	153_336;336_495;153_495
2892	82_174;174_475;82_475
2893	49_82;49_558;82_558
2894	325_495;82_325;82_495
2895	253_461;82_253;82_461
2896	82_89;89_475;82_475
2897	42_461;42_82;82_461
2898	82_691;380_691;82_380
2899	82_681;598_681;82_598
2900	230_503;48_503;48_230
2901	498_603;498_684;603_684
2902	194_426;194_230;230_426
2903	56_186;186_693;56_693
2904	56_234;234_663;56_663
2905	48_124;38_124;38_48
2906	189_528;56_189;56_528
2907	483_616;539_616;483_539
2908	205_382;246_382;205_246
2909	48_154;88_154;48_88
2910	371_589;589_617;371_617
2911	118_553;474_553;118_474
2912	467_543;455_467;455_543
2913	56_106;101_106;56_101
2914	35_196;35_306;196_306
2915	38_500;361_500;38_361
2916	56_433;433_669;56_669
2917	427_617;427_556;556_617
2918	288_474;288_689;474_689
2919	145_617;145_556;556_617
2920	56_393;393_483;56_483
2921	56_349;349_403;56_403
2922	183_617;183_556;556_617
2923	56_178;104_178;56_104
2924	29_528;29_56;56_528
2925	56_256;256_669;56_669
2926	82_161;161_319;82_319
2927	56_116;116_653;56_653
2928	41_556;41_224;224_556
2929	306_625;1_625;1_306
2930	497_617;497_556;556_617
2931	56_231;231_592;56_592
2932	358_647;23_647;23_358
2933	33_626;490_626;33_490
2934	65_632;617_632;65_617
2935	518_556;224_518;224_556
2936	56_466;232_466;56_232
2937	429_556;375_429;375_556
2938	78_375;78_595;375_595
2939	13_595;13_129;129_595
2940	611_650;490_650;490_611
2941	611_649;490_649;490_611
2942	490_628;356_628;356_490
2943	512_586;108_512;108_586
2944	153_315;315_431;153_431
2945	285_301;301_695;285_695
2946	77_561;474_561;77_474
2947	73_363;363_686;73_686
2948	187_675;223_675;187_223
2949	556_673;375_673;375_556
2950	344_550;153_550;153_344
2951	344_523;153_523;153_344
2952	501_556;375_501;375_556
2953	517_689;285_517;285_689
2954	45_82;45_52;52_82
2955	73_639;103_639;73_103
2956	127_505;490_505;127_490
2957	319_417;417_656;319_656
2958	158_694;310_694;158_310
2959	104_582;582_678;104_678
2960	121_474;33_121;33_474
2961	119_246;119_456;246_456
2962	33_692;490_692;33_490
2963	375_648;595_648;375_595
2964	310_645;461_645;310_461
2965	82_642;493_642;82_493
2966	310_546;461_546;310_461
2967	9_104;9_678;104_678
2968	104_671;290_671;104_290
2969	276_668;73_668;73_276
2970	490_631;229_631;229_490
2971	264_421;158_264;158_421
2972	290_627;469_627;290_469
2973	276_622;73_622;73_276
2974	360_659;285_659;285_360
2975	82_536;536_656;82_656
2976	73_521;103_521;73_103
2977	276_513;73_513;73_276
2978	333_575;333_688;575_688
2979	82_532;532_656;82_656
2980	82_303;303_656;82_656
2981	103_298;298_428;103_428
2982	82_260;260_385;82_385
2983	104_291;290_291;104_290
2984	230_638;48_638;48_230
2985	230_636;48_636;48_230
2986	103_424;424_428;103_428
2987	603_667;426_667;426_603
2988	428_477;360_477;360_428
2989	103_282;282_428;103_428
2990	191_290;191_469;290_469
2991	428_635;360_635;360_428
2992	14_428;14_360;360_428
2993	428_683;360_683;360_428
2994	360_670;285_670;285_360
2995	360_661;285_661;285_360
2996	426_674;230_674;230_426
2997	285_672;301_672;285_301
2998	426_658;230_658;230_426
2999	641_659;285_641;285_659
3000	201_285;201_301;285_301
3001	285_554;83_554;83_285
3002	421_499;158_499;158_421
3003	56_438;438_507;56_507
3004	420_421;158_420;158_421
3005	56_155;155_483;56_483
3006	48_115;38_115;38_48
3007	48_633;633_634;48_634
3008	158_682;310_682;158_310
3009	226_421;158_226;158_421
3010	71_220;71_688;220_688
3011	160_688;160_263;263_688
3012	82_114;114_343;82_343
3013	85_263;85_556;263_556
3014	556_588;585_588;556_585
3015	457_556;345_457;345_556
3016	519_556;519_585;556_585
3017	159_556;159_518;518_556
3018	125_556;125_504;504_556
3019	51_345;51_306;306_345
3020	370_375;370_595;375_595
3021	56_144;144_680;56_680
3022	140_597;140_375;375_597
3023	19_556;19_504;504_556
3024	510_585;510_597;585_597
3025	129_292;128_292;128_129
3026	306_491;344_491;306_344
3027	82_214;214_324;82_324
3028	104_337;337_678;104_678
3029	216_437;216_604;437_604
3030	193_372;193_511;372_511
3031	190_437;190_307;307_437
3032	82_120;120_542;82_542
3033	87_128;87_98;98_128
3034	6_128;6_98;98_128
3035	548_603;426_548;426_603
3036	98_332;242_332;98_242
3037	136_242;136_437;242_437
3038	82_464;267_464;82_267
3039	82_217;54_217;54_82
3040	82_213;213_300;82_300
3041	24_372;24_82;82_372
3042	372_657;511_657;372_511
3043	527_603;426_527;426_603
3044	82_233;233_364;82_364
3045	425_476;48_425;48_476
3046	37_524;37_372;372_524
3047	245_587;82_245;82_587
3048	372_373;373_468;372_468
3049	372_578;468_578;372_468
3050	372_565;82_565;82_372
3051	82_257;54_257;54_82
3052	56_560;436_560;56_436
3053	82_463;52_463;52_82
3054	449_644;449_528;528_644
3055	130_509;130_230;230_509
3056	104_131;131_290;104_290
3057	82_91;79_91;79_82
3058	7_305;7_338;305_338
3059	302_563;302_678;563_678
3060	176_434;176_603;434_603
3061	70_447;70_346;346_447
3062	290_570;469_570;290_469
3063	44_290;44_655;290_655
3064	56_329;259_329;56_259
3065	450_478;56_450;56_478
3066	263_352;352_556;263_556
3067	328_399;220_328;220_399
3068	462_663;448_462;448_663
3069	3_478;3_56;56_478
3070	126_478;56_126;56_478
3071	263_407;407_556;263_556
3072	56_492;492_613;56_613
3073	56_279;210_279;56_210
3074	398_688;398_591;591_688
3075	377_617;377_556;556_617
3076	208_483;205_208;205_483
3077	68_82;68_225;82_225
3078	327_342;138_327;138_342
3079	275_364;151_275;151_364
3080	249_556;138_249;138_556
3081	82_175;175_464;82_464
3082	123_224;123_215;215_224
3083	4_502;4_138;138_502
3084	60_129;60_242;129_242
3085	344_350;350_523;344_523
3086	128_354;98_354;98_128
3087	99_437;99_307;307_437
3088	69_242;69_437;242_437
3089	6_134;98_134;6_98
3090	242_265;136_265;136_242
3091	98_286;286_538;98_538
3092	242_252;69_252;69_242
3093	90_437;90_604;437_604
3094	111_437;111_216;216_437
3095	221_447;221_478;447_478
3096	136_479;437_479;136_437
3097	235_372;24_235;24_372
3098	53_656;53_476;476_656
3099	172_372;172_578;372_578
3100	82_156;49_156;49_82
3101	20_373;20_468;373_468
3102	468_572;82_572;82_468
3103	274_468;82_274;82_468
3104	82_471;365_471;82_365
3105	300_391;324_391;300_324
3106	243_261;261_347;243_347
3107	56_335;335_436;56_436
3108	117_522;56_117;56_522
3109	371_458;458_617;371_617
3110	56_270;270_436;56_436
3111	56_166;166_680;56_680
3112	56_273;231_273;56_231
3113	56_209;209_393;56_393
3114	440_617;183_440;183_617
3115	304_483;208_304;208_483
3116	82_148;148_471;82_471
3117	348_576;82_576;82_348
3118	427_487;487_556;427_556
3119	146_478;56_146;56_478
3120	460_478;56_460;56_478
3121	56_401;329_401;56_329
3122	220_396;396_688;220_688
3123	133_220;133_688;220_688
3124	637_655;537_637;537_655
3125	405_556;224_405;224_556
3126	248_596;220_596;220_248
3127	150_556;19_150;19_556
3128	105_688;105_263;263_688
3129	504_547;138_547;138_504
3130	138_520;129_520;129_138
3131	313_506;244_506;244_313
3132	197_313;197_244;244_313
3133	128_623;354_623;128_354
3134	242_581;265_581;242_265
3135	437_555;99_555;99_437
3136	265_533;136_533;136_265
3137	216_238;238_604;216_604
3138	470_644;470_528;528_644
3139	37_566;372_566;37_372
3140	416_472;355_472;355_416
3141	272_341;247_341;247_272
3142	48_351;351_633;48_633
3143	258_633;258_634;633_634
3144	307_409;372_409;307_372
3145	330_372;330_468;372_468
3146	23_489;56_489;23_56
3147	255_468;255_572;468_572
3148	273_308;231_308;231_273
3149	534_680;534_617;617_680
3150	472_531;355_531;355_472
3151	56_584;453_584;56_453
3152	355_580;82_580;82_355
3153	82_545;493_545;82_493
3154	82_293;293_528;82_528
3155	218_517;129_517;129_218
3156	215_394;129_394;129_215
3157	291_677;290_677;290_291
3158	528_618;56_618;56_528
3159	291_599;290_599;290_291
3160	56_567;453_567;56_453
3161	56_544;381_544;56_381
3162	437_690;307_690;307_437
3163	144_632;632_680;144_680
3164	191_388;388_469;191_469
3165	284_290;191_284;191_290
3166	241_290;241_627;290_627
3167	135_136;135_479;136_479
3168	2_604;2_524;524_604
3169	513_634;415_513;415_634
3170	437_696;555_696;437_555
3171	485_680;485_534;534_680
3172	98_452;332_452;98_332
3173	384_627;384_469;469_627
3174	56_620;144_620;56_144
3175	617_619;377_619;377_617
3176	216_505;505_604;216_604
3177	242_282;265_282;242_265
3178	316_617;183_316;183_617
3179	637_683;537_683;537_637
3180	98_251;251_452;98_452
3181	372_641;511_641;372_511
3182	182_307;182_372;307_372
3183	220_446;133_446;133_220
3184	144_561;561_680;144_680
3185	533_631;136_631;136_533
3186	136_325;325_437;136_437
3187	242_390;390_437;242_437
3188	468_668;572_668;468_572
3189	82_622;414_622;82_414
3190	224_226;215_226;215_224
3191	437_521;521_624;437_624
3192	160_266;263_266;160_263
3193	437_650;555_650;437_555
3194	688_692;263_692;263_688
3195	604_649;524_649;524_604
3196	504_670;138_670;138_504
3197	437_661;111_661;111_437
3198	129_424;60_424;60_129
3199	278_556;278_457;457_556
3200	240_556;240_640;556_640
3201	408_524;37_408;37_524
3202	556_635;125_635;125_556
3203	128_477;98_477;98_128
3204	372_443;330_443;330_372
3205	218_420;420_517;218_517
3206	12_279;12_210;210_279
3207	604_626;524_626;524_604
3208	604_611;2_611;2_604
3209	14_125;14_504;125_504
3210	296_524;37_296;37_524
3211	139_504;139_547;504_547
3212	298_524;298_372;372_524
3213	271_524;271_372;372_524
3214	157_524;157_372;372_524
3215	524_526;408_526;408_524
3216	322_524;322_408;408_524
3217	55_524;55_372;372_524
3218	16_524;16_372;372_524
3219	496_524;372_496;372_524
3220	486_524;37_486;37_524
3221	111_601;216_601;111_216
3222	280_372;280_468;372_468
3223	163_437;163_624;437_624
3224	185_372;172_185;172_372
3225	129_639;242_639;129_242
3226	372_593;468_593;372_468
3227	95_373;95_468;373_468
3228	129_675;60_675;60_129
3229	372_628;628_641;372_641
3230	468_682;82_682;82_468
3231	67_372;67_641;372_641
3232	372_499;373_499;372_373
3233	363_372;363_373;372_373
3234	203_572;82_203;82_572
3235	82_659;659_687;82_687
3236	113_468;113_668;468_668
3237	484_572;82_484;82_572
3238	242_602;437_602;242_437
3239	242_389;265_389;242_265
3240	15_572;15_82;82_572
3241	82_571;385_571;82_385
3242	336_572;203_336;203_572
3243	92_572;92_203;203_572
3244	82_227;199_227;82_199
3245	369_696;369_555;555_696
3246	555_686;99_686;99_555
3247	152_382;56_382;56_152
3248	152_356;56_356;56_152
3249	490_555;99_490;99_555
3250	372_550;67_550;67_372
3251	82_694;0_694;0_82
3252	82_543;49_543;49_82
3253	82_529;61_529;61_82
3254	315_644;315_612;612_644
3255	468_498;255_498;255_468
3256	82_302;302_493;82_493
3257	121_255;121_572;255_572
3258	152_158;56_158;56_152
3259	119_255;119_572;255_572
3260	301_476;48_301;48_476
3261	48_288;288_633;48_633
3262	130_656;53_130;53_656
3263	77_572;77_82;82_572
3264	428_528;428_618;528_618
3265	276_474;276_689;474_689
3266	38_253;253_361;38_361
3267	103_295;103_358;295_358
3268	161_672;319_672;161_319
3269	415_590;358_590;358_415
3270	82_554;463_554;82_463
3271	56_684;279_684;56_279
3272	56_78;78_101;56_101
3273	82_495;495_659;82_659
3274	39_528;39_618;528_618
3275	184_358;23_184;23_358
3276	21_480;21_82;82_480
3277	53_201;201_476;53_476
3278	73_476;48_73;48_476
3279	82_340;165_340;82_165
3280	82_239;239_687;82_687
3281	56_674;144_674;56_144
3282	82_557;557_687;82_687
3283	56_202;202_693;56_693
3284	42_82;42_414;82_414
3285	56_360;360_584;56_584
3286	152_264;264_356;152_356
3287	48_387;387_633;48_633
3288	48_229;229_351;48_351
3289	48_610;351_610;48_351
3290	48_589;110_589;48_110
3291	110_497;295_497;110_295
3292	48_379;110_379;48_110
3293	56_638;453_638;56_453
3294	414_594;359_594;359_414
3295	414_546;359_546;359_414
3296	170_358;23_170;23_358
3297	9_48;9_633;48_633
3298	268_358;268_660;358_660
3299	56_616;234_616;56_234
3300	327_358;327_660;358_660
3301	56_188;188_567;56_567
3302	23_107;56_107;23_56
3303	262_660;56_262;56_660
3304	57_110;57_295;110_295
3305	56_667;453_667;56_453
3306	56_491;436_491;56_436
3307	56_370;234_370;56_234
3308	647_674;144_647;144_674
3309	295_662;358_662;295_358
3310	97_453;93_97;93_453
3311	33_358;33_660;358_660
3312	32_680;32_617;617_680
3313	127_617;127_316;316_617
3314	108_489;56_108;56_489
3315	501_689;285_501;285_689
3316	406_609;416_609;406_416
3317	406_421;416_421;406_416
3318	104_691;582_691;104_582
3319	455_512;104_512;104_455
3320	290_418;191_418;191_290
3321	138_621;129_621;129_138
3322	82_636;495_636;82_495
3323	129_515;515_639;129_639
3324	87_688;87_591;591_688
3325	625_688;591_625;591_688
3326	541_655;541_637;637_655
3327	287_655;287_537;537_655
3328	419_556;419_640;556_640
3329	337_556;337_457;457_556
3330	138_613;129_613;129_138
3331	383_577;556_577;383_556
3332	556_573;573_635;556_635
3333	404_640;129_404;129_640
3334	125_374;14_374;14_125
3335	129_275;275_515;129_515
3336	129_695;312_695;129_312
3337	457_536;345_536;345_457
3338	457_503;345_503;345_457
3339	425_635;125_425;125_635
3340	504_588;547_588;504_547
3341	494_515;494_639;515_639
3342	138_449;368_449;138_368
3343	324_621;129_324;129_621
3344	376_639;242_376;242_639
3345	8_109;109_437;8_437
3346	260_275;260_515;275_515
3347	254_383;254_556;383_556
3348	112_515;112_639;515_639
3349	153_176;176_431;153_431
3350	435_515;435_639;515_639
3351	129_289;289_378;129_378
3352	508_547;138_508;138_547
3353	8_349;349_437;8_437
3354	14_115;115_504;14_504
3355	14_608;504_608;14_504
3356	433_444;8_433;8_444
3357	328_515;328_639;515_639
3358	259_556;259_635;556_635
3359	82_106;106_385;82_385
3360	129_502;502_515;129_515
3361	117_556;117_573;556_573
3362	391_437;90_391;90_437
3363	129_180;180_313;129_313
3364	40_65;8_65;8_40
3365	145_556;145_405;405_556
3366	82_614;305_614;82_305
3367	138_514;129_514;129_138
3368	411_640;404_411;404_640
3369	138_366;366_368;138_368
3370	109_245;245_437;109_437
3371	134_555;99_134;99_555
3372	29_138;29_613;138_613
3373	242_673;390_673;242_390
3374	242_596;389_596;242_389
3375	507_528;189_507;189_528
3376	331_437;331_624;437_624
3377	80_437;80_690;437_690
3378	4_639;4_242;242_639
3379	35_437;35_90;90_437
3380	98_467;452_467;98_452
3381	62_242;62_390;242_390
3382	138_283;218_283;138_218
3383	177_604;177_611;604_611
3384	138_339;339_449;138_449
3385	5_140;5_375;140_375
3386	50_639;50_242;242_639
3387	58_69;58_437;69_437
3388	27_372;27_628;372_628
3389	437_606;307_606;307_437
3390	129_473;60_473;60_129
3391	200_511;82_200;82_511
3392	179_624;179_412;412_624
3393	459_468;82_459;82_468
3394	437_510;510_555;437_555
3395	167_624;167_412;412_624
3396	129_629;60_629;60_129
3397	307_583;372_583;307_372
3398	100_624;100_412;412_624
3399	326_437;326_690;437_690
3400	269_437;269_391;391_437
3401	10_412;10_372;372_412
3402	48_320;110_320;48_110
3403	18_372;18_468;372_468
3404	163_236;236_624;163_624
3405	437_630;604_630;437_604
3406	437_564;216_564;216_437
3407	1_624;1_179;179_624
3408	99_451;307_451;99_307
3409	350_412;350_372;372_412
3410	362_624;362_412;412_624
3411	299_468;82_299;82_468
3412	76_412;76_372;372_412
3413	372_540;330_540;330_372
3414	307_516;409_516;307_409
3415	2_445;445_524;2_524
3416	22_372;22_511;372_511
3417	142_372;142_373;372_373
3418	412_685;10_685;10_412
3419	321_372;172_321;172_372
3420	222_524;222_298;298_524
3421	372_574;468_574;372_468
3422	198_372;198_468;372_468
3423	372_563;443_563;372_443
3424	307_651;583_651;307_583
3425	307_615;583_615;307_583
3426	468_538;82_538;82_468
3427	307_500;372_500;307_372
3428	82_482;233_482;82_233
3429	82_154;154_636;82_636
3430	106_196;196_385;106_385
3431	20_372;20_641;372_641
3432	82_598;598_614;82_614
3433	385_565;562_565;385_562
3434	151_579;579_603;151_603
3435	82_318;237_318;82_237
3436	250_385;250_562;385_562
3437	372_460;460_641;372_641
3438	413_528;413_428;428_528
3439	56_522;522_638;56_638
3440	169_450;450_525;169_525
3441	30_528;30_507;507_528
3442	213_436;213_406;406_436
3443	3_468;3_538;468_538
3444	82_343;343_385;82_385
3445	82_174;174_636;82_636
3446	314_527;314_426;426_527
3447	124_144;124_561;144_561
3448	309_416;309_355;355_416
3449	286_528;39_286;39_528
3450	277_663;277_371;371_663
3451	56_669;522_669;56_522
3452	189_257;56_257;56_189
3453	84_371;84_617;371_617
3454	371_652;617_652;371_617
3455	39_311;311_618;39_618
3456	219_689;219_501;501_689
3457	129_464;439_464;129_439
3458	56_551;234_551;56_234
3459	98_462;251_462;98_251
3460	329_348;82_329;82_348
3461	82_303;303_385;82_385
3462	128_519;354_519;128_354
3463	410_639;4_410;4_639
3464	82_403;403_642;82_642
3465	242_400;389_400;242_389
3466	242_341;341_673;242_673
3467	390_681;437_681;390_437
3468	272_603;272_426;426_603
3469	205_332;205_242;242_332
3470	274_603;274_281;281_603
3471	41_390;41_437;390_437
3472	175_242;175_390;242_390
3473	120_437;120_690;437_690
3474	6_437;6_604;437_604
3475	114_437;114_690;437_690
3476	440_641;440_511;511_641
3477	126_181;56_181;56_126
3478	429_638;429_453;453_638
3479	45_372;45_593;372_593
3480	304_372;304_468;372_468
3481	372_576;330_576;330_372
3482	333_372;333_563;372_563
3483	64_285;64_83;83_285
3484	13_371;13_617;371_617
3485	173_371;173_617;371_617
3486	82_402;402_482;82_482
3487	530_556;240_530;240_556
3488	82_267;91_267;82_91
3489	556_587;587_640;556_640
3490	85_525;85_644;525_644
3491	181_471;56_471;56_181
3492	56_214;214_270;56_270
3493	56_193;193_669;56_669
3494	56_171;171_436;56_436
3495	230_335;48_335;48_230
3496	124_648;561_648;124_561
3497	48_586;387_586;48_387
3498	492_559;61_492;61_559
3499	209_617;209_556;556_617
3500	204_639;204_376;376_639
3501	242_643;390_643;242_390
3502	34_634;34_358;358_634
3503	355_570;348_570;348_355
3504	395_472;355_395;355_472
3505	247_472;247_355;355_472
3506	192_355;192_348;348_355
3507	105_242;105_437;242_437
3508	91_223;79_223;79_91
3509	102_348;82_102;82_348
3510	137_348;82_137;82_348
3511	145_679;405_679;145_405
3512	86_329;82_86;82_329
3513	82_666;225_666;82_225
3514	145_294;294_405;145_405
3515	212_348;212_329;329_348
3516	63_530;63_240;240_530
3517	94_348;82_94;82_348
3518	357_358;23_357;23_358
3519	82_132;91_132;82_91
3520	82_238;238_644;82_644
3521	82_148;106_148;82_106
3522	56_96;96_432;56_432
3523	380_528;380_618;528_618
3524	202_300;300_693;202_693
3525	129_248;60_248;60_129
3526	228_644;228_470;470_644
3527	56_59;59_474;56_474
3528	365_617;127_365;127_617
3529	178_502;178_515;502_515
3530	75_617;75_556;556_617
3531	355_676;348_676;348_355
3532	535_618;56_535;56_618
3533	348_401;82_401;82_348
3534	422_528;422_618;528_618
3535	386_617;127_386;127_617
3536	195_329;86_195;86_329
3537	82_665;543_665;82_543
3538	82_569;569_644;82_644
3539	389_520;265_520;265_389
3540	72_639;4_72;4_639
3541	31_462;31_251;251_462
3542	43_242;43_437;242_437
3543	242_552;341_552;242_341
3544	82_353;174_353;82_174
3545	367_390;367_681;390_681
3546	82_654;132_654;82_132
3547	147_663;147_448;448_663
3548	101_122;122_210;101_210
3549	66_82;66_543;82_543
3550	28_405;28_224;224_405
3551	36_437;36_111;111_437
3552	430_448;371_430;371_448
3553	99_441;441_451;99_451
3554	355_392;348_392;348_355
3555	297_640;129_297;129_640
3556	206_482;206_233;233_482
3557	74_242;74_136;136_242
3558	47_56;47_684;56_684
3559	56_442;270_442;56_270
3560	17_348;17_82;82_348
3561	233_697;364_697;233_364
3562	348_698;137_698;137_348
3563	233_699;364_699;233_364
3564	348_700;94_700;94_348
3565	82_701;225_701;82_225
3566	56_702;693_702;56_693
3567	4_703;242_703;4_242
3568	214_518;270_518;214_270
3569	308_437;111_308;111_437
3570	81_478;81_126;126_478
3571	82_704;148_704;82_148
3572	242_705;400_705;242_400
3573	82_706;402_706;82_402
3574	91_707;79_707;79_91
3575	91_708;79_708;79_91
3576	437_709;163_709;163_437
3577	82_710;545_710;82_545
3578	82_711;666_711;82_666
3579	82_712;66_712;66_82
3580	56_208;208_600;56_600
3581	56_713;214_713;56_214
3582	528_714;39_714;39_528
3583	484_715;82_715;82_484
3584	528_716;428_716;428_528
3585	82_717;528_717;82_528
3586	528_718;413_718;413_528
3587	315_719;612_719;315_612
3588	562_720;169_720;169_562
3589	54_428;54_618;428_618
3590	82_721;303_721;82_303
3591	56_722;669_722;56_669
3592	603_723;527_723;527_603
3593	56_531;491_531;56_491
3594	82_724;49_724;49_82
3595	82_725;644_725;82_644
3596	82_726;545_726;82_545
3597	221_230;48_221;48_230
3598	644_727;528_727;528_644
3599	56_728;638_728;56_638
3600	48_729;88_729;48_88
3601	634_672;513_672;513_634
3602	428_730;618_730;428_618
3603	633_731;634_731;633_634
3604	56_732;531_732;56_531
3605	82_733;267_733;82_267
3606	329_734;86_734;86_329
3607	285_592;83_592;83_285
3608	534_618;56_534;56_618
3609	86_735;82_735;82_86
3610	279_736;210_736;210_279
3611	82_553;132_553;82_132
3612	82_487;106_487;82_106
3613	82_146;146_717;82_717
3614	23_381;381_489;23_489
3615	210_352;352_355;210_355
3616	210_420;355_420;210_355
3617	210_369;355_369;210_355
3618	284_426;194_284;194_426
3619	82_417;417_711;82_711
3620	392_485;348_485;348_392
3621	230_446;48_446;48_230
3622	82_388;388_414;82_414
3623	102_319;82_319;82_102
3624	528_560;56_560;56_528
3625	505_528;413_505;413_528
3626	82_458;458_712;82_712
3627	130_402;130_482;402_482
3628	12_82;12_545;82_545
3629	256_434;256_603;434_603
3630	82_135;89_135;82_89
3631	73_482;73_233;233_482
3632	201_434;201_603;434_603
3633	156_659;156_687;659_687
3634	49_737;558_737;49_558
3635	95_482;95_233;233_482
3636	603_738;274_738;274_603
3637	233_739;699_739;233_699
3638	233_740;364_740;233_364
3639	434_692;603_692;434_603
3640	274_325;281_325;274_281
3641	56_670;202_670;56_202
3642	364_509;151_509;151_364
3643	56_656;656_732;56_732
3644	301_478;126_301;126_478
3645	526_579;526_603;579_603
3646	603_623;272_623;272_603
3647	246_539;456_539;246_456
3648	274_549;281_549;274_281
3649	53_82;53_559;82_559
3650	426_512;194_512;194_426
3651	348_476;212_476;212_348
3652	82_211;89_211;82_89
3653	187_194;187_230;194_230
3654	121_212;121_329;212_329
3655	119_212;119_329;212_329
3656	348_486;137_486;137_348
3657	82_393;393_711;82_711
3658	212_287;121_287;121_212
3659	212_271;271_329;212_329
3660	157_704;148_157;148_704
3661	158_734;86_158;86_734
3662	55_195;55_86;86_195
3663	82_296;296_636;82_636
3664	143_148;106_143;106_148
3665	82_741;710_741;82_710
3666	82_683;559_683;82_559
3667	82_686;458_686;82_458
3668	86_682;82_682;82_86
3669	262_415;262_358;358_415
3670	155_385;155_562;385_562
3671	71_513;71_415;415_513
3672	82_278;278_545;82_545
3673	415_742;358_742;358_415
3674	358_594;184_594;184_358
3675	184_465;23_465;23_184
3676	82_743;403_743;82_403
3677	184_744;23_744;23_184
3678	450_677;525_677;450_525
3679	23_521;489_521;23_489
3680	77_420;77_355;355_420
3681	23_455;455_489;23_489
3682	23_264;264_489;23_489
3683	489_745;56_745;56_489
3684	525_746;644_746;525_644
3685	489_747;56_747;56_489
3686	85_748;644_748;85_644
3687	528_661;39_661;39_528
3688	56_599;599_620;56_620
3689	254_489;56_254;56_489
3690	355_749;392_749;355_392
3691	56_750;620_750;56_620
3692	644_751;727_751;644_727
3693	355_752;348_752;348_355
3694	644_753;528_753;528_644
3695	505_754;413_754;413_505
3696	541_618;56_541;56_618
3697	210_664;355_664;210_355
3698	56_266;266_656;56_656
3699	159_348;94_159;94_348
3700	210_755;355_755;210_355
3701	348_756;212_756;212_348
3702	210_757;352_757;210_352
3703	93_675;480_675;93_480
3704	428_758;618_758;428_618
3705	499_617;127_499;127_617
3706	363_483;246_363;246_483
3707	67_355;67_192;192_355
3708	369_759;355_759;355_369
3709	355_760;570_760;355_570
3710	436_761;213_761;213_436
3711	348_762;17_762;17_348
3712	75_763;556_763;75_556
3713	556_764;405_764;405_556
3714	618_765;56_765;56_618
3715	497_556;405_497;405_556
3716	406_407;407_416;406_416
3717	104_263;263_582;104_582
3718	56_190;190_656;56_656
3719	56_766;370_766;56_370
3720	348_767;102_767;102_348
3721	556_662;249_662;249_556
3722	56_768;732_768;56_732
3723	210_769;369_769;210_369
3724	456_770;104_770;104_456
3725	210_771;352_771;210_352
3726	127_668;316_668;127_316
3727	316_578;183_578;183_316
3728	183_245;245_556;183_556
3729	127_772;316_772;127_316
3730	582_773;678_773;582_678
3731	406_774;416_774;406_416
3732	123_775;215_775;123_215
3733	348_776;137_776;137_348
3734	556_777;249_777;249_556
3735	556_778;497_778;497_556
3736	329_779;195_779;195_329
3737	316_780;183_780;183_316
3738	82_577;577_654;82_654
3739	185_290;44_185;44_290
3740	113_764;113_405;405_764
3741	277_445;371_445;277_371
3742	46_183;46_556;183_556
3743	57_345;57_306;306_345
3744	355_781;192_781;192_355
3745	282_537;220_282;220_537
3746	212_782;121_782;121_212
3747	245_783;556_783;245_556
3748	556_784;764_784;556_764
3749	608_637;537_608;537_637
3750	550_556;117_550;117_556
3751	164_433;383_433;164_383
3752	97_662;97_249;249_662
3753	383_397;397_556;383_556
3754	383_568;556_568;383_556
3755	65_556;65_497;497_556
3756	591_785;164_785;164_591
3757	763_786;556_786;556_763
3758	138_787;613_787;138_613
3759	82_788;340_788;82_340
3760	138_789;613_789;138_613
3761	82_790;146_790;82_146
3762	383_791;556_791;383_556
3763	329_792;734_792;329_734
3764	273_591;164_273;164_591
3765	591_793;164_793;164_591
3766	329_794;86_794;86_329
3767	220_795;396_795;220_396
3768	556_796;337_796;337_556
3769	86_253;82_253;82_86
3770	688_797;398_797;398_688
3771	334_493;334_434;434_493
3772	191_249;138_191;138_249
3773	383_798;397_798;383_397
3774	306_799;344_799;306_344
3775	688_800;398_800;398_688
3776	268_398;268_591;398_591
3777	82_217;217_654;82_654
3778	103_115;103_504;115_504
3779	493_801;434_801;434_493
3780	791_802;556_802;556_791
3781	793_803;164_803;164_793
3782	82_804;686_804;82_686
3783	547_805;138_805;138_547
3784	138_806;339_806;138_339
3785	523_807;153_807;153_523
3786	556_808;337_808;337_556
3787	138_809;339_809;138_339
3788	397_810;556_810;397_556
3789	517_556;517_764;556_764
3790	349_523;153_349;153_523
3791	58_164;58_433;164_433
3792	138_811;339_811;138_339
3793	82_812;487_812;82_487
3794	82_610;610_686;82_686
3795	383_589;556_589;383_556
3796	361_383;361_397;383_397
3797	339_813;449_813;339_449
3798	138_814;613_814;138_613
3799	383_815;556_815;383_556
3800	33_129;33_695;129_695
3801	129_816;60_816;60_129
3802	129_817;502_817;129_502
3803	449_818;368_818;368_449
3804	129_571;502_571;129_502
3805	129_427;427_695;129_695
3806	418_686;418_458;458_686
3807	241_695;241_312;312_695
3808	129_819;502_819;129_502
3809	197_556;197_405;405_556
3810	56_108;96_108;56_96
3811	9_515;9_639;515_639
3812	556_820;249_820;249_556
3813	502_821;178_821;178_502
3814	618_822;56_822;56_618
3815	502_823;515_823;502_515
3816	613_824;129_824;129_613
3817	515_825;639_825;515_639
3818	241_532;312_532;241_312
3819	249_260;138_260;138_249
3820	210_826;420_826;210_420
3821	405_827;224_827;224_405
3822	129_694;694_817;129_817
3823	323_327;242_327;242_323
3824	11_339;11_449;339_449
3825	613_828;129_828;129_613
3826	242_529;390_529;242_390
3827	68_355;68_192;192_355
3828	231_265;136_231;136_265
3829	109_355;109_192;192_355
3830	436_829;213_829;213_436
3831	265_421;136_421;136_265
3832	480_830;21_830;21_480
3833	277_831;371_831;277_371
3834	82_463;135_463;82_135
3835	302_501;285_302;285_501
3836	82_832;642_832;82_642
3837	236_355;236_392;355_392
3838	82_833;741_833;82_741
3839	437_834;307_834;307_437
3840	617_835;619_835;617_619
3841	83_649;488_649;83_488
3842	488_554;310_554;310_488
3843	362_400;362_389;389_400
3844	360_488;310_360;310_488
3845	350_488;310_350;310_488
3846	310_506;506_645;310_645
3847	1_136;1_437;136_437
3848	691_758;618_691;618_758
3849	167_520;167_265;265_520
3850	580_758;580_618;618_758
3851	245_625;556_625;245_556
3852	26_461;26_82;82_461
3853	56_519;432_519;56_432
3854	461_466;82_466;82_461
3855	528_557;413_557;413_528
3856	428_667;667_758;428_758
3857	528_646;413_646;413_528
3858	584_635;125_584;125_635
3859	84_477;477_617;84_617
3860	603_671;548_671;548_603
3861	56_244;78_244;56_78
3862	183_566;556_566;183_556
3863	356_835;356_619;619_835
3864	222_434;222_603;434_603
3865	291_434;291_603;434_603
3866	128_434;128_603;434_603
3867	104_411;131_411;104_131
3868	138_611;339_611;138_339
3869	437_583;90_583;90_437
3870	298_449;298_368;368_449
3871	82_139;139_704;82_704
3872	230_292;292_335;230_335
3873	257_348;257_762;348_762
3874	100_335;48_100;48_335
3875	242_324;265_324;242_265
3876	242_322;322_400;242_400
3877	90_651;604_651;90_604
3878	538_717;528_538;528_717
3879	372_595;595_641;372_641
3880	439_626;439_524;524_626
3881	419_493;419_801;493_801
3882	514_797;398_514;398_797
3883	431_626;431_524;524_626
3884	366_524;366_372;372_524
3885	196_283;283_385;196_385
3886	556_615;615_778;556_778
3887	591_685;685_785;591_785
3888	601_641;511_601;511_641
3889	500_710;500_545;545_710
3890	172_641;172_511;511_641
3891	299_447;70_299;70_447
3892	289_641;289_440;440_641
3893	80_164;80_433;164_433
3894	40_591;40_164;164_591
3895	232_440;232_511;440_511
3896	383_408;408_791;383_791
3897	336_440;336_511;440_511
3898	168_545;168_493;493_545
3899	180_440;180_511;440_511
3900	37_511;37_82;82_511
3901	56_696;551_696;56_551
3902	493_647;434_647;434_493
3903	226_511;200_226;200_511
3904	200_510;82_510;82_200
3905	326_595;326_641;595_641
3906	631_641;289_631;289_641
3907	82_630;630_833;82_833
3908	321_801;321_434;434_801
3909	511_565;82_565;82_511
3910	511_564;200_564;200_511
3911	249_473;138_473;138_249
3912	82_259;259_741;82_741
3913	56_451;451_684;56_684
3914	5_603;5_723;603_723
3915	198_416;198_309;309_416
3916	440_679;511_679;440_511
3917	213_629;406_629;213_406
3918	123_593;215_593;123_215
3919	104_444;131_444;104_131
3920	218_339;218_813;339_813
3921	312_460;98_460;98_312
3922	294_406;294_774;406_774
3923	31_609;31_416;416_609
3924	511_657;37_657;37_511
3925	142_774;142_416;416_774
3926	8_98;8_251;98_251
3927	24_545;24_493;493_545
3928	56_375;375_451;56_451
3929	15_292;15_335;292_335
3930	416_508;198_508;198_416
3931	449_616;616_818;449_818
3932	177_348;159_177;159_348
3933	354_355;354_392;355_392
3934	176_419;176_801;419_801
3935	42_416;42_198;198_416
3936	472_496;395_496;395_472
3937	76_472;76_395;395_472
3938	16_198;16_309;198_309
3939	2_355;2_392;355_392
3940	348_836;159_836;159_348
3941	434_837;603_837;434_603
3942	434_838;692_838;434_692
3943	198_839;309_839;198_309
3944	355_840;192_840;192_355
3945	137_841;82_841;82_137
3946	179_575;179_688;575_688
3947	348_842;776_842;348_776
3948	309_843;355_843;309_355
3949	82_844;146_844;82_146
3950	82_648;318_648;82_318
3951	141_355;68_141;68_355
3952	69_688;69_398;398_688
3953	355_845;392_845;355_392
3954	355_846;67_846;67_355
3955	192_459;348_459;192_348
3956	392_597;485_597;392_485
3957	471_642;471_493;493_642
3958	250_493;250_647;493_647
3959	140_312;98_140;98_312
3960	149_801;149_434;434_801
3961	342_493;342_647;493_647
3962	240_428;240_758;428_758
3963	203_434;203_603;434_603
3964	56_847;406_847;56_406
3965	82_848;353_848;82_353
3966	321_849;434_849;321_434
3967	82_850;353_850;82_353
3968	63_196;63_385;196_385
3969	762_851;17_851;17_762
3970	242_852;400_852;242_400
3971	603_853;274_853;274_603
3972	603_854;738_854;603_738
3973	758_855;618_855;618_758
3974	603_856;548_856;548_603
3975	82_857;146_857;82_146
3976	647_858;434_858;434_647
3977	281_859;426_859;281_426
3978	603_860;527_860;527_603
3979	603_861;281_861;281_603
3980	603_862;274_862;274_603
3981	230_863;335_863;230_335
3982	286_603;5_286;5_603
3983	3_194;3_230;194_230
3984	603_864;5_864;5_603
3985	281_865;426_865;281_426
3986	426_866;658_866;426_658
3987	426_867;194_867;194_426
3988	325_868;281_868;281_325
3989	281_869;426_869;281_426
3990	281_870;426_870;281_426
3991	467_658;230_467;230_658
3992	134_658;134_230;230_658
3993	10_230;10_335;230_335
3994	230_871;335_871;230_335
3995	20_281;20_426;281_426
3996	658_872;230_872;230_658
3997	528_873;428_873;428_528
3998	658_874;230_874;230_658
3999	527_875;426_875;426_527
4000	230_876;335_876;230_335
4001	527_877;426_877;426_527
4002	230_490;292_490;230_292
4003	464_727;464_528;528_727
4004	230_878;863_878;230_863
4005	169_879;525_879;169_525
4006	230_880;292_880;230_292
4007	727_881;528_881;528_727
4008	528_882;39_882;39_528
4009	664_883;355_883;355_664
4010	658_884;230_884;230_658
4011	528_542;428_542;428_528
4012	230_441;441_863;230_863
4013	48_885;379_885;48_379
4014	528_886;39_886;39_528
4015	230_887;871_887;230_871
4016	39_576;576_618;39_618
4017	333_658;333_872;658_872
4018	304_618;304_765;618_765
4019	100_269;48_269;48_100
4020	45_658;45_467;467_658
4021	48_588;379_588;48_379
4022	18_428;18_758;428_758
4023	110_888;295_888;110_295
4024	134_889;230_889;134_230
4025	100_890;48_890;48_100
4026	618_891;765_891;618_765
4027	379_602;110_602;110_379
4028	48_581;379_581;48_379
4029	48_331;331_379;48_379
4030	154_541;56_154;56_541
4031	313_358;170_313;170_358
4032	295_297;297_358;295_358
4033	114_618;114_541;541_618
4034	13_230;13_292;230_292
4035	358_892;23_892;23_358
4036	110_893;888_893;110_888
4037	56_715;670_715;56_670
4038	255_454;104_255;104_454
4039	216_358;184_216;184_358
4040	92_114;92_541;114_541
4041	38_358;38_184;184_358
4042	184_484;465_484;184_465
4043	199_276;199_689;276_689
4044	343_465;23_343;23_465
4045	23_247;247_381;23_381
4046	23_235;235_381;23_381
4047	489_540;56_540;56_489
4048	23_404;381_404;23_381
4049	330_501;285_330;285_501
4050	367_575;367_688;575_688
4051	124_348;124_137;137_348
4052	56_204;204_766;56_766
4053	34_285;34_64;64_285
4054	285_894;592_894;285_592
4055	489_895;747_895;489_747
4056	617_896;75_896;75_617
4057	285_897;64_897;64_285
4058	51_653;51_118;118_653
4059	127_898;316_898;127_316
4060	591_899;685_899;591_685
4061	499_900;127_900;127_499
4062	127_572;572_668;127_668
4063	82_498;498_850;82_850
4064	503_556;497_503;497_556
4065	494_556;494_778;556_778
4066	355_901;192_901;192_355
4067	130_348;130_756;348_756
4068	29_348;29_94;94_348
4069	485_902;348_902;348_485
4070	663_903;371_903;371_663
4071	245_904;556_904;245_556
4072	348_905;329_905;329_348
4073	46_906;556_906;46_556
4074	147_707;448_707;147_448
4075	95_137;82_95;82_137
4076	50_566;50_556;556_566
4077	137_907;82_907;82_137
4078	556_908;503_908;503_556
4079	556_909;778_909;556_778
4080	462_573;462_635;573_635
4081	239_348;239_762;348_762
4082	138_910;809_910;138_809
4083	371_911;84_911;84_371
4084	94_912;82_912;82_94
4085	550_913;117_913;117_550
4086	72_260;72_138;138_260
4087	117_914;573_914;117_573
4088	138_915;613_915;138_613
4089	123_916;215_916;123_215
4090	138_917;613_917;138_613
4091	82_586;586_741;82_741
4092	371_918;84_918;84_371
4093	82_919;495_919;82_495
4094	497_920;405_920;405_497
4095	249_921;473_921;249_473
4096	405_922;224_922;224_405
4097	613_703;129_703;129_613
4098	339_621;621_813;339_813
4099	84_923;617_923;84_617
4100	525_924;746_924;525_746
4101	82_925;146_925;82_146
4102	82_926;259_926;82_259
4103	224_533;123_533;123_224
4104	228_927;470_927;228_470
4105	339_928;813_928;339_813
4106	635_929;584_929;584_635
4107	146_526;526_717;146_717
4108	437_930;583_930;437_583
4109	73_437;73_834;437_834
4110	215_587;394_587;215_394
4111	215_518;394_518;215_394
4112	347_394;129_347;129_394
4113	410_618;410_765;618_765
4114	206_312;206_460;312_460
4115	111_778;111_497;497_778
4116	261_413;261_428;413_428
4117	405_931;224_931;224_405
4118	39_932;618_932;39_618
4119	385_933;562_933;385_562
4120	413_934;428_934;413_428
4121	138_935;449_935;138_449
4122	556_936;550_936;550_556
4123	129_606;242_606;129_242
4124	437_563;563_583;437_583
4125	107_515;9_107;9_515
4126	36_136;1_36;1_136
4127	618_937;535_937;535_618
4128	280_372;280_595;372_595
4129	41_372;41_595;372_595
4130	389_938;265_938;265_389
4131	437_939;583_939;437_583
4132	758_940;618_940;618_758
4133	389_941;265_941;265_389
4134	389_942;265_942;265_389
4135	114_943;92_943;92_114
4136	265_482;136_482;136_265
4137	618_944;765_944;618_765
4138	639_945;4_945;4_639
4139	123_946;916_946;123_916
4140	389_947;520_947;389_520
4141	307_948;182_948;182_307
4142	618_949;114_949;114_618
4143	56_950;715_950;56_715
4144	98_951;323_951;98_323
4145	224_622;533_622;224_533
4146	365_595;365_641;595_641
4147	224_952;123_952;123_224
4148	224_953;123_953;123_224
4149	224_954;123_954;123_224
4150	56_955;210_955;56_210
4151	242_956;322_956;242_322
4152	520_957;167_957;167_520
4153	242_958;324_958;242_324
4154	670_959;202_959;202_670
4155	242_960;673_960;242_673
4156	242_961;400_961;242_400
4157	242_962;852_962;242_852
4158	265_660;136_660;136_265
4159	123_624;215_624;123_215
4160	56_509;208_509;56_208
4161	765_963;56_963;56_765
4162	90_964;604_964;90_604
4163	362_965;389_965;362_389
4164	765_966;56_966;56_765
4165	641_967;440_967;440_641
4166	90_968;604_968;90_604
4167	323_742;242_742;242_323
4168	136_429;1_429;1_136
4169	129_969;275_969;129_275
4170	322_970;400_970;322_400
4171	437_971;583_971;437_583
4172	56_972;190_972;56_190
4173	173_563;173_583;563_583
4174	242_973;322_973;242_322
4175	136_974;1_974;1_136
4176	400_975;389_975;389_400
4177	670_976;202_976;202_670
4178	275_977;515_977;275_515
4179	400_978;389_978;389_400
4180	265_979;421_979;265_421
4181	56_980;519_980;56_519
4182	215_981;394_981;215_394
4183	71_265;71_136;136_265
4184	1_982;437_982;1_437
4185	663_983;448_983;448_663
4186	265_984;421_984;265_421
4187	511_985;82_985;82_511
4188	437_986;834_986;437_834
4189	437_987;307_987;307_437
4190	355_988;749_988;355_749
4191	258_437;258_939;437_939
4192	209_563;209_583;563_583
4193	62_437;62_583;437_583
4194	394_989;347_989;347_394
4195	421_990;136_990;136_421
4196	511_991;200_991;200_511
4197	720_930;583_720;583_930
4198	596_604;596_626;604_626
4199	437_552;552_939;437_939
4200	378_437;378_583;437_583
4201	1_373;373_437;1_437
4202	328_520;265_328;265_520
4203	112_437;112_930;437_930
4204	43_482;43_136;136_482
4205	136_992;974_992;136_974
4206	437_993;307_993;307_437
4207	82_994;848_994;82_848
4208	437_995;412_995;412_437
4209	371_740;84_740;84_371
4210	182_739;372_739;182_372
4211	443_531;443_491;491_531
4212	22_73;22_834;73_834
4213	437_681;681_930;437_930
4214	493_574;574_801;493_801
4215	307_422;182_422;182_307
4216	252_583;90_252;90_583
4217	27_437;27_583;437_583
4218	437_996;834_996;437_834
4219	652_997;617_997;617_652
4220	412_998;372_998;372_412
4221	641_999;440_999;440_641
4222	437_1000;412_1000;412_437
4223	437_1001;939_1001;437_939
4224	437_643;412_643;412_437
4225	511_567;567_985;511_985
4226	84_1002;617_1002;84_617
4227	583_1003;90_1003;90_583
4228	84_1004;617_1004;84_617
4229	437_1005;73_1005;73_437
4230	265_1006;421_1006;265_421
4231	964_1007;604_1007;604_964
4232	245_1008;556_1008;245_556
4233	73_1009;834_1009;73_834
4234	437_1010;307_1010;307_437
4235	82_1011;586_1011;82_586
4236	583_1012;90_1012;90_583
4237	437_1013;986_1013;437_986
4238	524_1014;372_1014;372_524
4239	731_930;583_731;583_930
4240	166_372;166_641;372_641
4241	225_1015;528_1015;225_528
4242	741_1016;710_1016;710_741
4243	604_1017;626_1017;604_626
4244	834_1018;307_1018;307_834
4245	307_1019;182_1019;182_307
4246	127_1020;316_1020;127_316
4247	421_1021;136_1021;136_421
4248	307_1022;182_1022;182_307
4249	372_1023;595_1023;372_595
4250	428_1024;618_1024;428_618
4251	524_1025;372_1025;372_524
4252	421_1026;136_1026;136_421
4253	801_1027;434_1027;434_801
4254	1_262;262_437;1_437
4255	227_316;183_227;183_316
4256	626_1028;431_1028;431_626
4257	372_1029;41_1029;41_372
4258	183_1030;245_1030;183_245
4259	421_1031;136_1031;136_421
4260	372_1032;641_1032;372_641
4261	595_1033;641_1033;595_641
4262	528_1034;560_1034;528_560
4263	136_1035;974_1035;136_974
4264	127_1036;772_1036;127_772
4265	528_633;633_882;528_882
4266	372_1037;641_1037;372_641
4267	365_1038;641_1038;365_641
4268	136_1039;429_1039;136_429
4269	136_1040;437_1040;136_437
4270	641_1041;511_1041;511_641
4271	136_1042;974_1042;136_974
4272	36_1043;1_1043;1_36
4273	365_1044;641_1044;365_641
4274	528_1045;39_1045;39_528
4275	245_1046;904_1046;245_904
4276	372_705;280_705;280_372
4277	6_136;6_974;136_974
4278	372_1047;41_1047;41_372
4279	556_1048;909_1048;556_909
4280	595_1049;641_1049;595_641
4281	136_1050;36_1050;36_136
4282	556_1051;936_1051;556_936
4283	641_1052;511_1052;511_641
4284	136_1053;36_1053;36_136
4285	680_741;680_1016;741_1016
4286	308_595;308_641;595_641
4287	405_1054;28_1054;28_405
4288	372_1055;1029_1055;372_1029
4289	280_1056;595_1056;280_595
4290	433_699;383_699;383_433
4291	541_690;154_690;154_541
4292	511_674;226_674;226_511
4293	409_556;409_640;556_640
4294	82_341;341_475;82_475
4295	301_462;301_635;462_635
4296	152_758;152_855;758_855
4297	82_120;120_654;82_654
4298	618_709;709_937;618_937
4299	154_672;56_672;56_154
4300	382_511;82_382;82_511
4301	1_54;54_437;1_437
4302	493_634;634_801;493_801
4303	513_641;513_1041;641_1041
4304	82_632;632_832;82_832
4305	590_909;590_778;778_909
4306	56_585;585_766;56_766
4307	82_561;414_561;82_414
4308	114_415;92_415;92_114
4309	556_628;628_909;556_909
4310	215_516;394_516;215_394
4311	729_778;497_729;497_778
4312	650_954;123_650;123_954
4313	702_732;531_702;531_732
4314	194_665;230_665;194_230
4315	267_528;267_718;528_718
4316	47_123;47_946;123_946
4317	413_714;428_714;413_428
4318	618_716;716_944;618_944
4319	214_242;214_322;242_322
4320	59_766;59_370;370_766
4321	82_116;116_919;82_919
4322	100_163;163_890;100_890
4323	77_746;77_644;644_746
4324	56_314;314_600;56_600
4325	145_355;145_840;355_840
4326	81_426;81_230;230_426
4327	539_882;39_539;39_882
4328	52_428;52_240;240_428
4329	428_579;579_758;428_758
4330	355_402;68_402;68_355
4331	39_175;175_618;39_618
4332	555_658;134_555;134_658
4333	288_528;288_380;380_528
4334	19_528;19_380;380_528
4335	88_325;88_281;281_325
4336	99_528;30_99;30_528
4337	110_479;295_479;110_295
4338	110_205;205_295;110_295
4339	55_348;55_698;348_698
4340	32_618;32_114;114_618
4341	114_165;92_165;92_114
4342	295_1057;358_1057;295_358
4343	758_1058;855_1058;758_855
4344	758_1059;940_1059;758_940
4345	335_1060;100_1060;100_335
4346	618_1061;891_1061;618_891
4347	92_1062;541_1062;92_541
4348	618_1063;410_1063;410_618
4349	56_770;210_770;56_210
4350	121_541;121_154;154_541
4351	56_1064;972_1064;56_972
4352	541_748;690_748;541_690
4353	534_582;534_773;582_773
4354	154_1065;56_1065;56_154
4355	56_1066;972_1066;56_972
4356	82_803;726_803;82_726
4357	56_721;638_721;56_638
4358	154_549;549_672;154_672
4359	82_1067;994_1067;82_994
4360	56_1068;101_1068;56_101
4361	363_766;363_370;370_766
4362	56_1069;715_1069;56_715
4363	728_1065;56_728;56_1065
4364	56_724;270_724;56_270
4365	56_187;187_375;56_375
4366	210_1070;355_1070;210_355
4367	89_1071;475_1071;89_475
4368	638_802;453_802;453_638
4369	144_277;144_371;277_371
4370	56_1072;950_1072;56_950
4371	715_1073;670_1073;670_715
4372	56_1074;585_1074;56_585
4373	591_830;164_830;164_591
4374	522_1075;638_1075;522_638
4375	317_1076;556_1076;317_556
4376	428_782;730_782;428_730
4377	223_591;40_223;40_591
4378	256_493;256_647;493_647
4379	348_1077;842_1077;348_842
4380	493_1078;647_1078;493_647
4381	618_682;541_682;541_618
4382	287_785;164_287;164_785
4383	119_329;119_792;329_792
4384	785_1079;164_1079;164_785
4385	663_1080;147_1080;147_663
4386	497_733;405_733;405_497
4387	164_1081;80_1081;80_164
4388	303_433;303_383;383_433
4389	238_603;238_738;603_738
4390	80_1082;433_1082;80_433
4391	433_1083;383_1083;383_433
4392	371_807;652_807;371_652
4393	433_712;383_712;383_433
4394	603_1084;281_1084;281_603
4395	383_1085;408_1085;383_408
4396	658_1086;45_1086;45_658
4397	497_623;623_920;497_920
4398	778_799;497_799;497_778
4399	418_920;405_418;405_920
4400	115_351;103_351;103_115
4401	332_556;332_635;556_635
4402	243_497;243_920;497_920
4403	547_786;138_786;138_547
4404	405_745;745_922;405_922
4405	113_547;113_805;547_805
4406	246_504;246_547;504_547
4407	103_1087;504_1087;103_504
4408	512_805;138_512;138_805
4409	125_272;272_504;125_504
4410	504_1088;547_1088;504_547
4411	123_1089;215_1089;123_215
4412	547_779;138_779;138_547
4413	339_706;218_706;218_339
4414	138_553;553_806;138_806
4415	387_504;387_547;504_547
4416	547_1090;113_1090;113_547
4417	14_1091;115_1091;14_115
4418	138_594;594_809;138_809
4419	284_805;138_284;138_805
4420	805_1092;138_1092;138_805
4421	547_1093;138_1093;138_547
4422	611_1094;339_1094;339_611
4423	693_1095;663_1095;663_693
4424	138_469;469_611;138_611
4425	138_446;446_811;138_811
4426	221_339;218_221;218_339
4427	151_449;151_368;368_449
4428	12_806;12_339;339_806
4429	663_1096;147_1096;147_663
4430	129_794;248_794;129_248
4431	455_813;449_455;449_813
4432	813_1097;449_1097;449_813
4433	751_813;449_751;449_813
4434	339_713;713_813;339_813
4435	449_1098;818_1098;449_818
4436	813_1099;449_1099;449_813
4437	449_1100;151_1100;151_449
4438	129_1101;819_1101;129_819
4439	206_1102;460_1102;206_460
4440	60_1103;242_1103;60_242
4441	9_1104;639_1104;9_639
4442	60_1105;242_1105;60_242
4443	129_1106;515_1106;129_515
4444	129_1107;312_1107;129_312
4445	502_1108;178_1108;178_502
4446	320_813;320_455;455_813
4447	449_1109;368_1109;368_449
4448	449_1110;368_1110;368_449
4449	129_1111;819_1111;129_819
4450	368_1112;129_1112;129_368
4451	253_449;253_818;449_818
4452	206_1113;1102_1113;206_1102
4453	206_1114;1102_1114;206_1102
4454	129_1115;1101_1115;129_1101
4455	449_1116;368_1116;368_449
4456	515_608;608_825;515_825
4457	1099_1117;449_1117;449_1099
4458	242_1118;960_1118;242_960
4459	129_1119;248_1119;129_248
4460	129_1120;424_1120;129_424
4461	9_1121;639_1121;9_639
4462	460_1122;98_1122;98_460
4463	129_1123;817_1123;129_817
4464	4_229;229_242;4_242
4465	817_1124;502_1124;502_817
4466	556_1125;628_1125;556_628
4467	639_771;4_771;4_639
4468	8_478;251_478;8_251
4469	635_655;655_929;635_929
4470	390_578;437_578;390_437
4471	242_697;214_697;214_242
4472	90_637;637_651;90_651
4473	28_364;224_364;28_224
4474	195_960;195_673;673_960
4475	224_466;466_533;224_533
4476	26_583;26_90;90_583
4477	53_922;53_224;224_922
4478	136_181;1_181;1_136
4479	136_352;352_429;136_429
4480	224_423;423_533;224_533
4481	123_296;296_1089;123_1089
4482	90_282;282_651;90_651
4483	1_126;126_982;1_982
4484	533_775;123_775;123_533
4485	760_1089;215_760;215_1089
4486	123_798;798_946;123_946
4487	215_360;360_516;215_516
4488	350_626;350_439;439_626
4489	129_374;374_607;129_607
4490	511_800;226_800;226_511
4491	442_626;442_524;524_626
4492	567_826;826_985;567_985
4493	511_768;567_768;511_567
4494	299_511;299_985;511_985
4495	186_495;186_659;495_659
4496	620_985;82_620;82_985
4497	401_511;401_800;511_800
4498	150_567;150_985;567_985
4499	737_849;558_849;558_737
4500	211_558;211_447;447_558
4501	56_57;57_108;56_108
4502	507_827;189_827;189_507
4503	189_824;56_824;56_189
4504	21_544;82_544;21_82
4505	717_883;528_883;528_717
4506	169_897;879_897;169_879
4507	371_829;617_829;371_617
4508	506_556;506_550;550_556
4509	568_1008;556_568;556_1008
4510	557_644;228_557;228_644
4511	31_644;31_727;644_727
4512	617_744;744_835;617_835
4513	245_330;330_556;245_556
4514	267_444;444_718;267_718
4515	302_528;302_873;528_873
4516	556_793;628_793;556_628
4517	332_704;635_704;332_635
4518	189_679;56_679;56_189
4519	628_649;649_909;628_909
4520	189_540;56_540;56_189
4521	501_522;501_1075;522_1075
4522	339_645;645_706;339_706
4523	368_870;129_870;129_368
4524	129_865;816_865;129_816
4525	60_893;242_893;60_242
4526	515_884;9_884;9_515
4527	368_846;129_846;129_368
4528	242_616;400_616;242_400
4529	242_881;852_881;242_852
4530	305_324;265_305;265_324
4531	242_843;843_852;242_852
4532	474_825;474_639;639_825
4533	639_871;242_871;242_639
4534	887_961;400_887;400_961
4535	324_536;305_536;305_324
4536	476_961;400_476;400_961
4537	79_242;79_961;242_961
4538	400_465;362_465;362_400
4539	264_400;264_362;362_400
4540	362_874;389_874;362_389
4541	390_609;437_609;390_437
4542	1_328;126_328;1_126
4543	170_389;170_265;265_389
4544	389_708;265_708;265_389
4545	400_532;362_532;362_400
4546	389_878;265_878;265_389
4547	265_998;984_998;265_984
4548	511_913;800_913;511_800
4549	136_572;429_572;136_429
4550	511_723;723_800;511_800
4551	421_612;612_990;421_990
4552	136_457;36_457;36_136
4553	337_511;337_800;511_800
4554	36_912;1_912;1_36
4555	421_828;828_990;421_990
4556	421_667;667_1031;421_1031
4557	970_1031;136_970;136_1031
4558	367_421;367_1031;421_1031
4559	345_389;170_345;170_389
4560	62_648;583_648;62_583
4561	136_500;36_500;36_136
4562	1_489;126_489;1_126
4563	95_604;95_626;604_626
4564	921_990;136_921;136_990
4565	136_523;36_523;36_136
4566	344_834;307_344;307_834
4567	136_306;36_306;36_136
4568	1031_1044;136_1044;136_1031
4569	265_1038;136_1038;136_265
4570	1009_1031;136_1009;136_1031
4571	136_283;36_283;36_136
4572	233_265;233_421;265_421
4573	161_265;161_984;265_984
4574	307_900;422_900;307_422
4575	1_91;91_437;1_437
4576	10_834;10_307;307_834
4577	445_974;1_445;1_974
4578	136_876;876_992;136_992
4579	524_788;366_788;366_524
4580	1_331;262_331;1_262
4581	1_271;262_271;1_262
4582	1_1015;982_1015;1_982
4583	847_984;421_847;421_984
4584	1_349;126_349;1_126
4585	227_437;227_834;437_834
4586	437_857;834_857;437_834
4587	176_437;176_986;437_986
4588	148_437;148_986;437_986
4589	244_372;244_1023;372_1023
4590	262_671;437_671;262_437
4591	166_907;641_907;166_641
4592	437_664;664_986;437_986
4593	36_486;1_486;1_36
4594	22_1055;22_1029;1029_1055
4595	437_564;62_564;62_437
4596	583_1036;252_1036;252_583
4597	318_986;318_834;834_986
4598	51_834;51_1018;834_1018
4599	321_1023;321_595;595_1023
4600	126_838;838_982;126_982
4601	88_437;88_986;437_986
4602	834_1020;1018_1020;834_1018
4603	440_904;232_904;232_440
4604	702_1037;641_702;641_1037
4605	232_933;511_933;232_511
4606	511_833;226_833;226_511
4607	772_834;307_772;307_834
4608	372_1057;244_1057;244_372
4609	307_901;901_1019;307_1019
4610	10_888;307_888;10_307
4611	491_800;226_491;226_800
4612	407_800;226_407;226_800
4613	153_800;153_226;226_800
4614	226_840;200_840;200_226
4615	226_505;200_505;200_226
4616	225_226;200_225;200_226
4617	226_1056;200_1056;200_226
4618	200_892;82_892;82_200
4619	200_898;82_898;82_200
4620	82_851;293_851;82_293
4621	149_1033;434_1033;149_434
4622	169_1114;897_1114;169_897
4623	31_760;727_760;31_727
4624	288_1070;380_1070;288_380
4625	539_647;39_647;39_539
4626	377_882;377_539;539_882
4627	56_715;600_715;56_600
4628	618_1102;114_1102;114_618
4629	114_214;165_214;114_165
4630	165_412;92_412;92_165
4631	618_950;114_950;114_618
4632	466_618;114_466;114_618
4633	356_618;114_356;114_618
4634	210_327;327_755;210_755
4635	541_1096;154_1096;154_541
4636	323_755;323_355;355_755
4637	541_903;56_903;56_541
4638	351_955;210_351;210_955
4639	210_1034;755_1034;210_755
4640	56_1097;715_1097;56_715
4641	755_1067;355_1067;355_755
4642	56_803;721_803;56_721
4643	56_989;766_989;56_766
4644	663_1099;983_1099;663_983
4645	652_1110;617_1110;617_652
4646	556_946;628_946;556_628
4647	573_722;635_722;573_635
4648	635_717;717_929;635_929
4649	538_635;125_538;125_635
4650	578_929;578_584;584_929
4651	277_504;277_547;504_547
4652	547_973;973_1093;547_1093
4653	1093_1118;138_1118;138_1093
4654	695_1093;138_695;138_1093
4655	138_1103;339_1103;138_339
4656	339_956;11_956;11_339
4657	129_697;60_697;60_129
4658	218_566;566_813;218_813
4659	368_517;129_517;129_368
4660	249_449;249_368;368_449
4661	196_339;196_706;339_706
4662	620_706;218_620;218_706
4663	455_1025;449_1025;449_455
4664	544_566;544_813;566_813
4665	566_777;777_813;566_813
4666	449_704;368_704;368_449
4667	449_1006;818_1006;449_818
4668	368_968;870_968;368_870
4669	28_449;28_368;368_449
4670	74_449;74_249;249_449
4671	818_910;368_910;368_818
4672	368_629;517_629;368_517
4673	406_817;406_1124;817_1124
4674	213_517;129_213;129_517
4675	129_705;60_705;60_129
4676	129_352;352_794;129_794
4677	181_248;60_181;60_248
4678	350_1112;129_350;129_1112
4679	60_73;73_1105;60_1105
4680	282_794;248_282;248_794
4681	129_275;275_1123;129_1123
4682	817_1012;1012_1124;817_1124
4683	621_1105;242_621;242_1105
4684	992_1021;974_1021;974_992
4685	265_996;136_996;136_265
4686	806_992;806_974;974_992
4687	934_974;1_934;1_974
4688	400_764;532_764;400_532
4689	136_558;558_876;136_876
4690	1_417;417_437;1_437
4691	262_392;392_671;262_671
4692	284_834;51_284;51_834
4693	71_834;51_71;51_834
4694	948_992;948_974;974_992
4695	824_852;400_824;400_852
4696	802_992;802_974;974_992
4697	252_577;90_577;90_252
4698	369_437;369_583;437_583
4699	400_444;362_444;362_400
4700	413_486;1_413;1_486
4701	761_992;761_1021;992_1021
4702	307_919;182_919;182_307
4703	489_769;126_769;126_489
4704	299_437;299_834;437_834
4705	91_150;150_437;91_437
4706	362_1069;874_1069;362_874
4707	437_819;664_819;437_664
4708	483_583;252_483;252_583
4709	501_583;252_501;252_583
4710	437_660;660_834;437_834
4711	437_649;649_834;437_834
4712	374_934;1_374;1_934
4713	437_529;62_529;62_437
4714	151_437;151_583;437_583
4715	595_1048;641_1048;595_641
4716	312_834;51_312;51_834
4717	106_664;106_986;664_986
4718	252_1080;90_1080;90_252
4719	834_931;51_931;51_834
4720	113_372;113_1023;372_1023
4721	252_771;90_771;90_252
4722	563_834;51_563;51_834
4723	307_921;182_921;182_307
4724	108_1023;108_595;595_1023
4725	172_829;511_829;172_511
4726	307_718;182_718;182_307
4727	641_669;172_669;172_641
4728	172_1121;829_1121;172_829
4729	641_847;440_847;440_641
4730	641_871;172_871;172_641
4731	172_474;474_829;172_829
4732	744_904;232_744;232_904
4733	567_1125;826_1125;567_826
4734	528_793;380_793;380_528
4735	39_1044;618_1044;39_618
4736	315_511;226_315;226_511
4737	39_1009;618_1009;39_618
4738	82_887;385_887;82_385
4739	476_567;476_826;567_826
4740	111_511;111_567;511_567
4741	4_226;4_1056;226_1056
4742	92_243;243_541;92_541
4743	805_1056;200_805;200_1056
4744	56_850;101_850;56_101
4745	146_169;146_897;169_897
4746	541_1075;1075_1096;541_1096
4747	541_679;679_1096;541_1096
4748	57_541;56_57;56_541
4749	385_1104;155_1104;155_385
4750	92_536;536_541;92_541
4751	114_491;92_491;92_114
4752	210_367;327_367;210_327
4753	92_666;541_666;92_541
4754	879_970;525_970;525_879
4755	879_907;525_907;525_879
4756	525_645;645_746;525_746
4757	210_884;884_1034;210_1034
4758	770_828;210_828;210_770
4759	667_770;210_667;210_770
4760	107_323;107_355;323_355
4761	644_827;753_827;644_753
4762	644_784;753_784;644_753
4763	475_541;154_475;154_541
4764	612_1096;154_612;154_1096
4765	594_644;594_753;644_753
4766	469_1096;154_469;154_1096
4767	332_1034;332_755;755_1034
4768	153_154;56_153;56_154
4769	210_1108;367_1108;210_367
4770	178_470;178_528;470_528
4771	202_930;300_930;202_300
4772	56_359;359_653;56_653
4773	210_888;327_888;210_327
4774	380_481;481_618;380_618
4775	210_1088;327_1088;210_327
4776	338_355;338_348;348_355
4777	22_367;22_327;327_367
4778	210_407;407_884;210_884
4779	305_755;305_355;355_755
4780	540_755;323_540;323_755
4781	41_323;41_355;323_355
4782	380_487;487_618;380_618
4783	135_332;135_755;332_755
4784	330_618;330_1102;618_1102
4785	378_618;356_378;356_618
4786	114_280;165_280;114_165
4787	66_355;66_988;355_988
4788	719_755;323_719;323_755
4789	165_990;412_990;165_412
4790	355_1031;348_1031;348_355
4791	465_562;169_465;169_562
4792	924_979;746_979;746_924
4793	644_1038;784_1038;644_784
4794	56_901;359_901;56_359
4795	56_1042;850_1042;56_850
4796	56_1057;202_1057;56_202
4797	884_984;984_1034;884_1034
4798	772_850;101_772;101_850
4799	359_844;653_844;359_653
4800	675_755;355_675;355_755
4801	348_1055;905_1055;348_905
4802	355_906;145_906;145_355
4803	154_1011;1011_1065;154_1065
4804	136_761;761_876;136_876
4805	876_1025;992_1025;876_992
4806	318_1097;834_1097;318_834
4807	637_1067;651_1067;637_651
4808	604_968;596_968;596_604
4809	366_956;372_956;366_372
4810	366_955;372_955;366_372
4811	1037_1098;641_1098;641_1037
4812	641_764;764_967;641_967
4813	172_566;511_566;172_511
4814	444_511;111_444;111_511
4815	111_921;567_921;111_567
4816	881_1056;805_881;805_1056
4817	226_353;4_353;4_226
4818	111_852;567_852;111_567
4819	77_771;644_771;77_644
4820	784_1080;753_1080;753_784
4821	307_784;307_753;753_784
4822	528_660;30_660;30_528
4823	649_793;380_649;380_793
4824	299_753;299_528;528_753
4825	380_838;618_838;380_618
4826	10_528;10_30;30_528
4827	182_189;56_182;56_189
4828	114_711;92_711;92_114
4829	369_1062;369_541;541_1062
4830	71_618;71_114;114_618
4831	451_618;451_541;541_618
4832	56_1048;101_1048;56_101
4833	114_577;92_577;92_114
4834	56_417;202_417;56_202
4835	36_56;36_715;56_715
4836	457_541;457_475;475_541
4837	56_108;108_653;56_653
4838	92_520;520_1062;92_1062
4839	165_312;312_990;165_990
4840	56_1019;770_1019;56_770
4841	56_931;202_931;56_202
4842	439_1062;439_541;541_1062
4843	92_344;344_1062;92_1062
4844	22_715;22_600;600_715
4845	56_563;563_653;56_653
4846	501_1062;501_541;541_1062
4847	51_154;51_1011;154_1011
4848	345_1062;345_541;541_1062
4849	715_1112;600_1112;600_715
4850	210_422;407_422;210_407
4851	900_1062;541_900;541_1062
4852	475_1018;154_1018;154_475
4853	794_1011;794_1065;1011_1065
4854	56_802;101_802;56_101
4855	541_960;690_960;541_690
4856	517_884;517_1034;884_1034
4857	210_324;324_407;210_407
4858	541_919;919_1096;541_1096
4859	154_170;56_170;56_154
4860	153_702;56_702;56_153
4861	154_174;56_174;56_154
4862	455_1011;455_1065;1011_1065
4863	154_744;153_744;153_154
4864	150_1096;150_612;612_1096
4865	486_1096;486_612;612_1096
4866	210_392;392_407;210_407
4867	36_825;715_825;36_715
4868	474_755;474_540;540_755
4869	183_715;183_600;600_715
4870	56_697;202_697;56_202
4871	705_1011;705_1065;1011_1065
4872	56_704;600_704;56_600
4873	56_352;352_715;56_715
4874	154_766;766_1065;154_1065
4875	407_629;629_884;407_884
4876	28_1011;28_794;794_1011
4877	323_687;355_687;323_355
4878	323_669;355_669;323_355
4879	1012_1065;56_1012;56_1065
4880	355_871;145_871;145_355
4881	355_847;145_847;145_355
4882	718_1065;56_718;56_1065
4883	56_248;248_1048;56_1048
4884	196_355;196_348;348_355
4885	56_73;73_202;56_202
4886	113_202;113_300;202_300
4887	202_621;300_621;202_300
4888	407_442;442_884;407_884
4889	659_884;659_1034;884_1034
4890	536_746;77_536;77_746
4891	470_491;491_528;470_528
4892	30_844;507_844;30_507
4893	428_772;758_772;428_758
4894	487_882;487_539;539_882
4895	30_666;507_666;30_507
4896	873_940;618_873;618_940
4897	507_828;189_828;189_507
4898	189_667;182_667;182_189
4899	114_414;414_541;114_541
4900	56_1070;101_1070;56_101
4901	56_1054;1048_1054;56_1048
4902	210_679;324_679;210_324
4903	101_405;210_405;101_210
4904	612_848;154_848;154_612
4905	407_1104;884_1104;407_884
4906	989_1062;541_989;541_1062
4907	210_803;407_803;210_407
4908	210_908;407_908;210_407
4909	407_620;620_884;407_884
4910	407_432;432_884;407_884
4911	341_1065;56_341;56_1065
4912	541_910;910_1075;541_1075
4913	181_770;181_210;210_770
4914	106_1065;56_106;56_1065
4915	154_1074;744_1074;154_744
4916	884_950;659_950;659_884
4917	466_755;305_466;305_755
4918	31_210;31_407;210_407
4919	672_1075;672_1096;1075_1096
4920	769_1075;769_1096;1075_1096
4921	56_413;413_1042;56_1042
4922	56_277;73_277;56_73
4923	464_1096;464_612;612_1096
4924	243_457;243_475;457_475
4925	973_1065;341_973;341_1065
4926	824_1096;612_824;612_1096
4927	56_371;108_371;56_108
4928	202_558;300_558;202_300
4929	202_544;544_930;202_930
4930	202_374;374_621;202_621
4931	213_475;154_213;154_475
4932	202_609;609_621;202_621
4933	407_1069;620_1069;407_620
4934	486_807;612_807;486_612
4935	56_135;135_1019;56_1019
4936	56_946;946_1070;56_1070
4937	56_673;73_673;56_73
4938	355_390;390_871;355_871
4939	101_267;210_267;101_210
4940	210_970;803_970;210_803
4941	930_1118;300_1118;300_930
4942	210_695;695_908;210_908
4943	280_659;280_1034;659_1034
4944	350_770;210_350;210_770
4945	282_305;282_355;305_355
4946	210_777;407_777;210_407
4947	56_557;557_1054;56_1054
4948	56_275;275_802;56_802
4949	522_908;407_522;407_908
4950	407_462;442_462;407_442
4951	245_884;245_517;517_884
4952	407_573;442_573;407_442
4953	46_407;46_884;407_884
4954	378_884;378_659;659_884
4955	330_950;330_659;659_950
4956	652_755;305_652;305_755
4957	214_659;214_1034;659_1034
4958	280_503;503_1034;280_1034
4959	377_1034;377_755;755_1034
4960	84_355;84_988;355_988
4961	755_776;305_776;305_755
4962	745_1034;745_755;755_1034
4963	997_1034;755_997;755_1034
4964	224_1034;224_755;755_1034
4965	538_1034;538_755;755_1034
4966	305_1031;355_1031;305_355
4967	305_835;355_835;305_355
4968	497_755;323_497;323_755
4969	638_755;540_638;540_755
4970	355_623;623_988;355_988
4971	390_1091;871_1091;390_871
4972	305_635;355_635;305_355
4973	84_115;115_988;84_988
4974	355_1093;390_1093;355_390
4975	355_929;847_929;355_847
4976	348_813;813_1055;348_1055
4977	813_1103;1055_1103;813_1055
4978	617_1055;617_905;905_1055
4979	138_1091;138_871;871_1091
4980	611_1055;611_905;905_1055
4981	525_1006;924_1006;525_924
4982	77_532;532_771;77_771
4983	77_1123;644_1123;77_644
4984	407_992;992_1069;407_1069
4985	884_948;659_948;659_884
4986	884_906;245_906;245_884
4987	265_884;265_659;659_884
4988	305_934;355_934;305_355
4989	323_876;669_876;323_669
4990	669_901;355_901;355_669
4991	834_871;145_834;145_871
4992	871_956;145_956;145_871
4993	56_1098;802_1098;56_802
4994	202_1067;930_1067;202_930
4995	566_621;300_566;300_621
4996	355_967;390_967;355_390
4997	172_871;172_834;834_871
4998	4_834;4_145;145_834
4999	755_887;305_887;305_755
5000	155_355;155_967;355_967
5001	898_1091;138_898;138_1091
5002	827_884;827_984;884_984
5003	245_1018;517_1018;245_517
5004	666_948;659_666;659_948
5005	280_1112;1034_1112;280_1034
5006	491_1034;491_997;997_1034
5007	705_1034;377_705;377_1034
5008	520_1034;377_520;377_1034
5009	838_1034;838_997;997_1034
5010	825_1034;745_825;745_1034
5011	312_1034;312_997;997_1034
5012	487_755;487_497;497_755
5013	501_755;497_501;497_755
5014	200_540;200_323;323_540
5015	497_1056;323_1056;323_497
5016	323_844;844_876;323_876
5017	305_805;355_805;305_355
5018	305_511;355_511;305_355
5019	355_647;390_647;355_390
5020	315_669;315_355;355_669
5021	226_355;145_226;145_355
5022	355_769;155_769;155_355
5023	355_672;196_672;196_355
5024	355_455;196_455;196_355
5025	178_355;178_390;355_390
5026	22_847;22_145;145_847
5027	111_669;111_355;355_669
5028	669_881;355_881;355_669
5029	567_623;567_988;623_988
5030	444_871;172_444;172_871
5031	390_990;871_990;390_871
5032	348_1037;698_1037;348_698
5033	390_641;641_871;390_871
5034	372_871;172_372;172_871
5035	355_1125;1093_1125;355_1093
5036	355_1121;84_1121;84_355
5037	345_871;345_956;871_956
5038	871_921;834_921;834_871
5039	4_960;145_960;4_145
5040	172_772;772_834;172_834
5041	172_412;412_834;172_834
5042	850_997;755_850;755_997
5043	755_824;487_824;487_755
5044	495_755;495_776;755_776
5045	293_355;84_293;84_355
5046	330_355;330_871;355_871
5047	196_660;348_660;196_348
5048	669_973;315_973;315_669
5049	350_355;226_350;226_355
5050	30_355;30_647;355_647
5051	355_910;196_910;196_355
5052	4_414;145_414;4_145
5053	390_465;465_990;390_990
5054	871_1114;834_1114;834_871
5055	921_1075;834_1075;834_921
5056	432_940;884_940;432_884
5057	407_758;432_758;407_432
5058	884_1080;265_1080;265_884
5059	979_1034;538_979;538_1034
5060	659_1104;1034_1104;659_1034
5061	245_577;517_577;245_517
5062	645_997;645_850;850_997
5063	525_1034;525_997;997_1034
5064	979_1096;538_1096;538_979
5065	776_1070;305_1070;305_776
5066	305_793;282_793;282_305
5067	497_727;323_727;323_497
5068	466_557;305_557;305_466
5069	31_355;31_226;226_355
5070	355_784;784_967;355_967
5071	753_835;355_753;355_835
5072	115_967;115_390;390_967
5073	84_828;828_988;84_988
5074	390_704;704_871;390_871
5075	422_990;422_871;871_990
5076	172_611;611_772;172_772
5077	56_300;300_1019;56_1019
5078	245_341;341_517;245_517
5079	1012_1034;997_1012;997_1034
5080	106_755;106_652;652_755
5081	324_755;324_474;474_755
5082	327_828;327_988;828_988
5083	84_558;558_828;84_828
5084	573_871;573_921;871_921
5085	641_1067;871_1067;641_871
5086	245_803;341_803;245_341
5087	108_517;108_1034;517_1034
5088	659_715;280_715;280_659
5089	405_659;280_405;280_659
5090	135_659;135_280;280_659
5091	280_1065;1034_1065;280_1034
5092	802_997;802_850;850_997
5093	997_1098;850_1098;850_997
5094	755_1054;487_1054;487_755
5095	850_931;755_931;755_850
5096	850_901;755_901;755_850
5097	600_755;474_600;474_755
5098	101_1034;101_825;825_1034
5099	275_1034;275_838;838_1034
5100	367_850;367_931;850_931
5101	267_838;267_997;838_997
5102	305_609;609_635;305_635
5103	374_755;106_374;106_755
5104	540_950;323_950;323_540
5105	182_755;182_466;466_755
5106	323_930;687_930;323_687
5107	355_566;566_871;355_871
5108	106_183;183_652;106_652
5109	355_1069;145_1069;145_355
5110	224_540;224_323;323_540
5111	667_669;667_973;669_973
5112	189_487;189_497;487_497
5113	507_669;111_507;111_669
5114	323_644;644_844;323_844
5115	540_1042;323_1042;323_540
5116	323_697;687_697;323_687
5117	355_503;503_647;355_647
5118	46_355;46_84;84_355
5119	36_315;36_355;315_355
5120	355_1057;647_1057;355_647
5121	323_771;669_771;323_669
5122	84_528;528_988;84_988
5123	77_834;4_77;4_834
5124	39_355;39_871;355_871
5125	355_679;155_679;155_355
5126	618_871;372_618;372_871
5127	71_687;71_355;355_687
5128	746_844;746_876;844_876
5129	536_647;390_536;390_647
5130	390_428;428_465;390_465
5131	114_871;114_1114;871_1114
5132	465_946;946_990;465_990
5133	196_673;660_673;196_660
5134	541_834;4_541;4_834
5135	451_1114;451_834;834_1114
5136	371_990;371_871;871_990
5137	299_834;145_299;145_834
5138	248_348;248_813;348_813
5139	228_372;172_228;172_372
5140	348_457;457_905;348_905
5141	638_1114;638_834;834_1114
5142	77_85;4_85;4_77
5143	77_924;4_924;4_77
5144	4_777;414_777;4_414
5145	649_1037;649_698;698_1037
5146	834_1048;77_1048;77_834
5147	413_1103;413_1055;1055_1103
5148	277_617;277_905;617_905
5149	414_970;145_970;145_414
5150	73_1067;73_871;871_1067
5151	380_451;380_834;451_834
5152	307_834;77_307;77_834
5153	834_1011;145_1011;145_834
5154	407_501;392_501;392_407
5155	407_412;392_412;392_407
5156	407_705;462_705;407_462
5157	312_392;210_312;210_392
5158	181_392;181_210;210_392
5159	305_612;612_835;305_835
5160	355_444;46_444;46_355
5161	652_984;305_984;305_652
5162	305_1108;835_1108;305_835
5163	769_1031;355_769;355_1031
5164	828_1074;988_1074;828_988
5165	834_848;848_1048;834_1048
5166	30_172;30_834;172_834
5167	172_1112;834_1112;172_834
5168	422_834;422_1011;834_1011
5169	824_834;541_824;541_834
5170	4_511;511_960;4_960
5171	4_1019;145_1019;4_145
5172	84_1093;558_1093;84_558
5173	834_1096;299_1096;299_834
5174	355_432;84_432;84_355
5175	908_1103;407_1103;407_908
5176	312_802;210_802;210_312
5177	210_697;407_697;210_407
5178	210_525;525_908;210_908
5179	407_644;462_644;407_462
5180	228_1080;228_265;265_1080
5181	528_1034;528_979;979_1034
5182	538_635;635_755;538_755
5183	538_930;755_930;538_755
5184	638_755;540_638;540_755
5185	355_1091;784_1091;355_784
5186	538_704;704_755;538_755
5187	182_755;182_305;305_755
5188	305_380;380_1031;305_1031
5189	374_967;374_390;390_967
5190	355_973;784_973;355_784
5191	946_1011;145_946;145_1011
5192	871_931;145_931;145_871
5193	355_1069;84_1069;84_355
5194	609_834;422_609;422_834
5195	834_1057;422_1057;422_834
5196	4_497;497_777;4_777
5197	698_960;145_698;145_960
5198	641_967;390_641;390_967
5199	248_871;172_248;172_871
5200	293_1114;293_451;451_1114
5201	834_910;4_910;4_834
5202	178_834;178_299;299_834
5203	834_844;844_1011;834_1011
5204	946_984;145_984;145_946
5205	181_540;181_950;540_950
5206	367_540;367_1042;540_1042
5207	267_323;267_687;323_687
5208	307_355;307_348;348_355
5209	355_901;901_1091;355_1091
5210	85_111;85_355;111_355
5211	108_1091;108_784;784_1091
5212	355_566;155_566;155_355
5213	457_967;390_457;390_967
5214	330_871;330_931;871_931
5215	355_1054;432_1054;355_432
5216	828_1108;988_1108;828_988
5217	451_1112;834_1112;451_834
5218	405_990;371_405;371_990
5219	503_871;330_503;330_871
5220	377_871;114_377;114_871
5221	66_871;66_248;248_871
5222	465_956;956_990;465_990
5223	371_495;495_871;371_871
5224	248_719;172_719;172_248
5225	106_777;106_414;414_777
5226	777_802;414_802;414_777
5227	414_697;145_697;145_414
